dataset,split,sample_id,true_label_multiclass,y_known,nonconformity_s,threshold_q,decision
UNSW-NB15,test,0,Fuzzers,1,0.29535,0.38338,KNOWN
UNSW-NB15,test,1,Exploits,1,0.16714,0.38338,KNOWN
UNSW-NB15,test,2,Normal,1,0.254193,0.38338,KNOWN
UNSW-NB15,test,3,Normal,1,0.09035,0.38338,KNOWN
UNSW-NB15,test,4,Normal,1,0.296378,0.38338,KNOWN
UNSW-NB15,test,5,Exploits,1,0.375066,0.38338,KNOWN
UNSW-NB15,test,6,Fuzzers,1,0.184721,0.38338,KNOWN
UNSW-NB15,test,7,Fuzzers,1,0.09231,0.38338,KNOWN
UNSW-NB15,test,8,Normal,1,0.134332,0.38338,KNOWN
UNSW-NB15,test,9,Exploits,1,0.154455,0.38338,KNOWN
UNSW-NB15,test,10,Normal,1,0.217303,0.38338,KNOWN
UNSW-NB15,test,11,Reconnaissance,1,0.111201,0.38338,KNOWN
UNSW-NB15,test,12,Fuzzers,1,0.069168,0.38338,KNOWN
UNSW-NB15,test,13,Normal,1,0.096821,0.38338,KNOWN
UNSW-NB15,test,14,Normal,1,0.140166,0.38338,KNOWN
UNSW-NB15,test,15,Exploits,1,0.39435,0.38338,ZERO_DAY
UNSW-NB15,test,16,Reconnaissance,1,0.112734,0.38338,KNOWN
UNSW-NB15,test,17,Fuzzers,1,0.092027,0.38338,KNOWN
UNSW-NB15,test,18,Normal,1,0.145364,0.38338,KNOWN
UNSW-NB15,test,19,Exploits,1,0.323777,0.38338,KNOWN
UNSW-NB15,test,20,Normal,1,0.166,0.38338,KNOWN
UNSW-NB15,test,21,Exploits,1,0.162218,0.38338,KNOWN
UNSW-NB15,test,22,Exploits,1,0.039555,0.38338,KNOWN
UNSW-NB15,test,23,Normal,1,0.038977,0.38338,KNOWN
UNSW-NB15,test,24,Fuzzers,1,0.085786,0.38338,KNOWN
UNSW-NB15,test,25,Normal,1,0.176958,0.38338,KNOWN
UNSW-NB15,test,26,Normal,1,0.192968,0.38338,KNOWN
UNSW-NB15,test,27,Normal,1,0.101636,0.38338,KNOWN
UNSW-NB15,test,28,Normal,1,0.200441,0.38338,KNOWN
UNSW-NB15,test,29,Normal,1,0.182118,0.38338,KNOWN
UNSW-NB15,test,30,Normal,1,0.145052,0.38338,KNOWN
UNSW-NB15,test,31,Normal,1,0.157961,0.38338,KNOWN
UNSW-NB15,test,32,Normal,1,0.257348,0.38338,KNOWN
UNSW-NB15,test,33,Normal,1,0.08757,0.38338,KNOWN
UNSW-NB15,test,34,Normal,1,0.254289,0.38338,KNOWN
UNSW-NB15,test,35,Reconnaissance,1,0.171003,0.38338,KNOWN
UNSW-NB15,test,36,Normal,1,0.096139,0.38338,KNOWN
UNSW-NB15,test,37,DoS,1,0.247552,0.38338,KNOWN
UNSW-NB15,test,38,Normal,1,0.257753,0.38338,KNOWN
UNSW-NB15,test,39,Reconnaissance,1,0.023385,0.38338,KNOWN
UNSW-NB15,test,40,Normal,1,0.171301,0.38338,KNOWN
UNSW-NB15,test,41,Exploits,1,0.188612,0.38338,KNOWN
UNSW-NB15,test,42,Normal,1,0.146751,0.38338,KNOWN
UNSW-NB15,test,43,DoS,1,0.07567,0.38338,KNOWN
UNSW-NB15,test,44,Fuzzers,1,0.161832,0.38338,KNOWN
UNSW-NB15,test,45,Fuzzers,1,0.031833,0.38338,KNOWN
UNSW-NB15,test,46,Normal,1,0.250886,0.38338,KNOWN
UNSW-NB15,test,47,Normal,1,0.070567,0.38338,KNOWN
UNSW-NB15,test,48,Normal,1,0.119562,0.38338,KNOWN
UNSW-NB15,test,49,Normal,1,0.314946,0.38338,KNOWN
UNSW-NB15,test,50,Normal,1,0.428063,0.38338,ZERO_DAY
UNSW-NB15,test,51,Exploits,1,0.13455,0.38338,KNOWN
UNSW-NB15,test,52,Normal,1,0.325123,0.38338,KNOWN
UNSW-NB15,test,53,Exploits,1,0.011203,0.38338,KNOWN
UNSW-NB15,test,54,Normal,1,0.423663,0.38338,ZERO_DAY
UNSW-NB15,test,55,Exploits,1,0.286546,0.38338,KNOWN
UNSW-NB15,test,56,Exploits,1,0.218799,0.38338,KNOWN
UNSW-NB15,test,57,Reconnaissance,1,0.005167,0.38338,KNOWN
UNSW-NB15,test,58,Reconnaissance,1,0.313594,0.38338,KNOWN
UNSW-NB15,test,59,Normal,1,0.087747,0.38338,KNOWN
UNSW-NB15,test,60,Normal,1,0.040251,0.38338,KNOWN
UNSW-NB15,test,61,Exploits,1,0.361748,0.38338,KNOWN
UNSW-NB15,test,62,Normal,1,0.130493,0.38338,KNOWN
UNSW-NB15,test,63,Normal,1,0.18794,0.38338,KNOWN
UNSW-NB15,test,64,Normal,1,0.072504,0.38338,KNOWN
UNSW-NB15,test,65,Normal,1,0.384747,0.38338,ZERO_DAY
UNSW-NB15,test,66,Exploits,1,0.167509,0.38338,KNOWN
UNSW-NB15,test,67,Normal,1,0.219499,0.38338,KNOWN
UNSW-NB15,test,68,Normal,1,0.218219,0.38338,KNOWN
UNSW-NB15,test,69,Normal,1,0.091576,0.38338,KNOWN
UNSW-NB15,test,70,Normal,1,0.232025,0.38338,KNOWN
UNSW-NB15,test,71,Fuzzers,1,0.046108,0.38338,KNOWN
UNSW-NB15,test,72,Normal,1,0.061572,0.38338,KNOWN
UNSW-NB15,test,73,Normal,1,0.261503,0.38338,KNOWN
UNSW-NB15,test,74,Normal,1,0.177415,0.38338,KNOWN
UNSW-NB15,test,75,DoS,1,0.153595,0.38338,KNOWN
UNSW-NB15,test,76,Normal,1,0.301295,0.38338,KNOWN
UNSW-NB15,test,77,Normal,1,0.116534,0.38338,KNOWN
UNSW-NB15,test,78,Normal,1,0.149314,0.38338,KNOWN
UNSW-NB15,test,79,Generic,1,0.148695,0.38338,KNOWN
UNSW-NB15,test,80,Normal,1,0.158808,0.38338,KNOWN
UNSW-NB15,test,81,Exploits,1,0.114226,0.38338,KNOWN
UNSW-NB15,test,82,Fuzzers,1,0.143899,0.38338,KNOWN
UNSW-NB15,test,83,Normal,1,0.23529,0.38338,KNOWN
UNSW-NB15,test,84,Exploits,1,0.253432,0.38338,KNOWN
UNSW-NB15,test,85,Fuzzers,1,0.095477,0.38338,KNOWN
UNSW-NB15,test,86,Normal,1,0.280095,0.38338,KNOWN
UNSW-NB15,test,87,Normal,1,0.126302,0.38338,KNOWN
UNSW-NB15,test,88,Normal,1,0.123474,0.38338,KNOWN
UNSW-NB15,test,89,Normal,1,0.158477,0.38338,KNOWN
UNSW-NB15,test,90,Fuzzers,1,0.07789,0.38338,KNOWN
UNSW-NB15,test,91,Normal,1,0.154958,0.38338,KNOWN
UNSW-NB15,test,92,Fuzzers,1,0.257605,0.38338,KNOWN
UNSW-NB15,test,93,Exploits,1,0.074315,0.38338,KNOWN
UNSW-NB15,test,94,Normal,1,0.167271,0.38338,KNOWN
UNSW-NB15,test,95,Normal,1,0.082023,0.38338,KNOWN
UNSW-NB15,test,96,Normal,1,0.154684,0.38338,KNOWN
UNSW-NB15,test,97,Fuzzers,1,0.276403,0.38338,KNOWN
UNSW-NB15,test,98,Fuzzers,1,0.4308,0.38338,ZERO_DAY
UNSW-NB15,test,99,Normal,1,0.200978,0.38338,KNOWN
UNSW-NB15,test,100,Fuzzers,1,0.326211,0.38338,KNOWN
UNSW-NB15,test,101,Normal,1,0.04767,0.38338,KNOWN
UNSW-NB15,test,102,Fuzzers,1,0.078586,0.38338,KNOWN
UNSW-NB15,test,103,Generic,1,0.252219,0.38338,KNOWN
UNSW-NB15,test,104,Exploits,1,0.228145,0.38338,KNOWN
UNSW-NB15,test,105,Normal,1,0.563877,0.38338,ZERO_DAY
UNSW-NB15,test,106,Fuzzers,1,0.080091,0.38338,KNOWN
UNSW-NB15,test,107,Normal,1,0.073743,0.38338,KNOWN
UNSW-NB15,test,108,Fuzzers,1,0.334527,0.38338,KNOWN
UNSW-NB15,test,109,Normal,1,0.142604,0.38338,KNOWN
UNSW-NB15,test,110,Normal,1,0.204817,0.38338,KNOWN
UNSW-NB15,test,111,Normal,1,0.251914,0.38338,KNOWN
UNSW-NB15,test,112,Fuzzers,1,0.094252,0.38338,KNOWN
UNSW-NB15,test,113,Normal,1,0.219775,0.38338,KNOWN
UNSW-NB15,test,114,DoS,1,0.15691,0.38338,KNOWN
UNSW-NB15,test,115,Exploits,1,0.107882,0.38338,KNOWN
UNSW-NB15,test,116,Exploits,1,0.275587,0.38338,KNOWN
UNSW-NB15,test,117,Normal,1,0.194103,0.38338,KNOWN
UNSW-NB15,test,118,Exploits,1,0.056616,0.38338,KNOWN
UNSW-NB15,test,119,Normal,1,0.268072,0.38338,KNOWN
UNSW-NB15,test,120,Exploits,1,0.13605,0.38338,KNOWN
UNSW-NB15,test,121,DoS,1,0.208494,0.38338,KNOWN
UNSW-NB15,test,122,Normal,1,0.179888,0.38338,KNOWN
UNSW-NB15,test,123,Reconnaissance,1,0.270683,0.38338,KNOWN
UNSW-NB15,test,124,Normal,1,0.049301,0.38338,KNOWN
UNSW-NB15,test,125,Normal,1,0.139431,0.38338,KNOWN
UNSW-NB15,test,126,Normal,1,0.021861,0.38338,KNOWN
UNSW-NB15,test,127,Normal,1,0.094978,0.38338,KNOWN
UNSW-NB15,test,128,Exploits,1,0.017372,0.38338,KNOWN
UNSW-NB15,test,129,Exploits,1,0.095336,0.38338,KNOWN
UNSW-NB15,test,130,Normal,1,0.082868,0.38338,KNOWN
UNSW-NB15,test,131,Normal,1,0.177707,0.38338,KNOWN
UNSW-NB15,test,132,Exploits,1,0.137986,0.38338,KNOWN
UNSW-NB15,test,133,Normal,1,0.484625,0.38338,ZERO_DAY
UNSW-NB15,test,134,Generic,1,0.318613,0.38338,KNOWN
UNSW-NB15,test,135,Exploits,1,0.204324,0.38338,KNOWN
UNSW-NB15,test,136,Normal,1,0.095241,0.38338,KNOWN
UNSW-NB15,test,137,Exploits,1,0.286368,0.38338,KNOWN
UNSW-NB15,test,138,Exploits,1,0.072936,0.38338,KNOWN
UNSW-NB15,test,139,Normal,1,0.251843,0.38338,KNOWN
UNSW-NB15,test,140,DoS,1,0.154551,0.38338,KNOWN
UNSW-NB15,test,141,Normal,1,0.097214,0.38338,KNOWN
UNSW-NB15,test,142,Exploits,1,0.194954,0.38338,KNOWN
UNSW-NB15,test,143,Normal,1,0.175615,0.38338,KNOWN
UNSW-NB15,test,144,Normal,1,0.076794,0.38338,KNOWN
UNSW-NB15,test,145,DoS,1,0.021966,0.38338,KNOWN
UNSW-NB15,test,146,Exploits,1,0.152317,0.38338,KNOWN
UNSW-NB15,test,147,DoS,1,0.033616,0.38338,KNOWN
UNSW-NB15,test,148,Normal,1,0.060803,0.38338,KNOWN
UNSW-NB15,test,149,Backdoor,1,0.02159,0.38338,KNOWN
UNSW-NB15,test,150,Normal,1,0.29597,0.38338,KNOWN
UNSW-NB15,test,151,Exploits,1,0.246921,0.38338,KNOWN
UNSW-NB15,test,152,Normal,1,0.138593,0.38338,KNOWN
UNSW-NB15,test,153,Normal,1,0.188952,0.38338,KNOWN
UNSW-NB15,test,154,Fuzzers,1,0.091102,0.38338,KNOWN
UNSW-NB15,test,155,Fuzzers,1,0.260478,0.38338,KNOWN
UNSW-NB15,test,156,DoS,1,0.183452,0.38338,KNOWN
UNSW-NB15,test,157,Normal,1,0.027064,0.38338,KNOWN
UNSW-NB15,test,158,Exploits,1,0.130372,0.38338,KNOWN
UNSW-NB15,test,159,Exploits,1,0.303719,0.38338,KNOWN
UNSW-NB15,test,160,Normal,1,0.084729,0.38338,KNOWN
UNSW-NB15,test,161,Fuzzers,1,0.220309,0.38338,KNOWN
UNSW-NB15,test,162,Normal,1,0.140377,0.38338,KNOWN
UNSW-NB15,test,163,Normal,1,0.04566,0.38338,KNOWN
UNSW-NB15,test,164,DoS,1,0.161469,0.38338,KNOWN
UNSW-NB15,test,165,Normal,1,0.060156,0.38338,KNOWN
UNSW-NB15,test,166,Exploits,1,0.071965,0.38338,KNOWN
UNSW-NB15,test,167,Normal,1,0.174837,0.38338,KNOWN
UNSW-NB15,test,168,Exploits,1,0.248115,0.38338,KNOWN
UNSW-NB15,test,169,Normal,1,0.117614,0.38338,KNOWN
UNSW-NB15,test,170,Normal,1,0.208306,0.38338,KNOWN
UNSW-NB15,test,171,Fuzzers,1,0.112537,0.38338,KNOWN
UNSW-NB15,test,172,Normal,1,0.215987,0.38338,KNOWN
UNSW-NB15,test,173,Exploits,1,0.376228,0.38338,KNOWN
UNSW-NB15,test,174,Fuzzers,1,0.317379,0.38338,KNOWN
UNSW-NB15,test,175,Normal,1,0.129894,0.38338,KNOWN
UNSW-NB15,test,176,Fuzzers,1,0.188638,0.38338,KNOWN
UNSW-NB15,test,177,Normal,1,0.396199,0.38338,ZERO_DAY
UNSW-NB15,test,178,Normal,1,0.107205,0.38338,KNOWN
UNSW-NB15,test,179,Normal,1,0.132296,0.38338,KNOWN
UNSW-NB15,test,180,Normal,1,0.182221,0.38338,KNOWN
UNSW-NB15,test,181,DoS,1,0.106205,0.38338,KNOWN
UNSW-NB15,test,182,Normal,1,0.405237,0.38338,ZERO_DAY
UNSW-NB15,test,183,Normal,1,0.14336,0.38338,KNOWN
UNSW-NB15,test,184,Fuzzers,1,0.166134,0.38338,KNOWN
UNSW-NB15,test,185,Generic,1,0.2994,0.38338,KNOWN
UNSW-NB15,test,186,Normal,1,0.121867,0.38338,KNOWN
UNSW-NB15,test,187,Exploits,1,0.182518,0.38338,KNOWN
UNSW-NB15,test,188,Normal,1,0.299162,0.38338,KNOWN
UNSW-NB15,test,189,Normal,1,0.216836,0.38338,KNOWN
UNSW-NB15,test,190,Normal,1,0.19087,0.38338,KNOWN
UNSW-NB15,test,191,Normal,1,0.434784,0.38338,ZERO_DAY
UNSW-NB15,test,192,Normal,1,0.259377,0.38338,KNOWN
UNSW-NB15,test,193,Fuzzers,1,0.202442,0.38338,KNOWN
UNSW-NB15,test,194,Fuzzers,1,0.221833,0.38338,KNOWN
UNSW-NB15,test,195,Exploits,1,0.116122,0.38338,KNOWN
UNSW-NB15,test,196,Fuzzers,1,0.173258,0.38338,KNOWN
UNSW-NB15,test,197,Exploits,1,0.181453,0.38338,KNOWN
UNSW-NB15,test,198,Analysis,1,0.061284,0.38338,KNOWN
UNSW-NB15,test,199,Normal,1,0.227455,0.38338,KNOWN
UNSW-NB15,test,200,Exploits,1,0.183273,0.38338,KNOWN
UNSW-NB15,test,201,Normal,1,0.205021,0.38338,KNOWN
UNSW-NB15,test,202,Normal,1,0.348927,0.38338,KNOWN
UNSW-NB15,test,203,Normal,1,0.249695,0.38338,KNOWN
UNSW-NB15,test,204,Normal,1,0.110299,0.38338,KNOWN
UNSW-NB15,test,205,Exploits,1,0.276739,0.38338,KNOWN
UNSW-NB15,test,206,Normal,1,0.015238,0.38338,KNOWN
UNSW-NB15,test,207,Exploits,1,0.17122,0.38338,KNOWN
UNSW-NB15,test,208,Normal,1,0.011422,0.38338,KNOWN
UNSW-NB15,test,209,Fuzzers,1,0.175015,0.38338,KNOWN
UNSW-NB15,test,210,Normal,1,0.15303,0.38338,KNOWN
UNSW-NB15,test,211,Normal,1,0.343949,0.38338,KNOWN
UNSW-NB15,test,212,Normal,1,0.146976,0.38338,KNOWN
UNSW-NB15,test,213,Normal,1,0.157526,0.38338,KNOWN
UNSW-NB15,test,214,Normal,1,0.106139,0.38338,KNOWN
UNSW-NB15,test,215,Normal,1,0.088788,0.38338,KNOWN
UNSW-NB15,test,216,Exploits,1,0.040976,0.38338,KNOWN
UNSW-NB15,test,217,Normal,1,0.045674,0.38338,KNOWN
UNSW-NB15,test,218,Normal,1,0.160262,0.38338,KNOWN
UNSW-NB15,test,219,Normal,1,0.106574,0.38338,KNOWN
UNSW-NB15,test,220,Exploits,1,0.082612,0.38338,KNOWN
UNSW-NB15,test,221,Exploits,1,0.224632,0.38338,KNOWN
UNSW-NB15,test,222,Normal,1,0.38108,0.38338,KNOWN
UNSW-NB15,test,223,Normal,1,0.222755,0.38338,KNOWN
UNSW-NB15,test,224,Normal,1,0.129758,0.38338,KNOWN
UNSW-NB15,test,225,Normal,1,0.181004,0.38338,KNOWN
UNSW-NB15,test,226,DoS,1,0.293367,0.38338,KNOWN
UNSW-NB15,test,227,Exploits,1,0.160102,0.38338,KNOWN
UNSW-NB15,test,228,Normal,1,0.489172,0.38338,ZERO_DAY
UNSW-NB15,test,229,Normal,1,0.275473,0.38338,KNOWN
UNSW-NB15,test,230,Fuzzers,1,0.256445,0.38338,KNOWN
UNSW-NB15,test,231,Normal,1,0.091463,0.38338,KNOWN
UNSW-NB15,test,232,Normal,1,0.150518,0.38338,KNOWN
UNSW-NB15,test,233,Reconnaissance,1,0.314247,0.38338,KNOWN
UNSW-NB15,test,234,Normal,1,0.236274,0.38338,KNOWN
UNSW-NB15,test,235,Normal,1,0.250007,0.38338,KNOWN
UNSW-NB15,test,236,Exploits,1,0.223373,0.38338,KNOWN
UNSW-NB15,test,237,Normal,1,0.101795,0.38338,KNOWN
UNSW-NB15,test,238,Fuzzers,1,0.300025,0.38338,KNOWN
UNSW-NB15,test,239,Exploits,1,0.228221,0.38338,KNOWN
UNSW-NB15,test,240,Normal,1,0.224173,0.38338,KNOWN
UNSW-NB15,test,241,Normal,1,0.278762,0.38338,KNOWN
UNSW-NB15,test,242,Normal,1,0.093513,0.38338,KNOWN
UNSW-NB15,test,243,Normal,1,0.22191,0.38338,KNOWN
UNSW-NB15,test,244,Normal,1,0.164611,0.38338,KNOWN
UNSW-NB15,test,245,Normal,1,0.094891,0.38338,KNOWN
UNSW-NB15,test,246,Normal,1,0.325551,0.38338,KNOWN
UNSW-NB15,test,247,Normal,1,0.127954,0.38338,KNOWN
UNSW-NB15,test,248,Normal,1,0.08414,0.38338,KNOWN
UNSW-NB15,test,249,Normal,1,0.184482,0.38338,KNOWN
UNSW-NB15,test,250,Normal,1,0.043698,0.38338,KNOWN
UNSW-NB15,test,251,Normal,1,0.170816,0.38338,KNOWN
UNSW-NB15,test,252,Normal,1,0.05793,0.38338,KNOWN
UNSW-NB15,test,253,Exploits,1,0.055912,0.38338,KNOWN
UNSW-NB15,test,254,Exploits,1,0.083577,0.38338,KNOWN
UNSW-NB15,test,255,Normal,1,0.472524,0.38338,ZERO_DAY
UNSW-NB15,test,256,Exploits,1,0.038206,0.38338,KNOWN
UNSW-NB15,test,257,Fuzzers,1,0.322816,0.38338,KNOWN
UNSW-NB15,test,258,Normal,1,0.276444,0.38338,KNOWN
UNSW-NB15,test,259,Exploits,1,0.305841,0.38338,KNOWN
UNSW-NB15,test,260,Normal,1,0.106349,0.38338,KNOWN
UNSW-NB15,test,261,Reconnaissance,1,0.267716,0.38338,KNOWN
UNSW-NB15,test,262,Exploits,1,0.220428,0.38338,KNOWN
UNSW-NB15,test,263,Normal,1,0.082824,0.38338,KNOWN
UNSW-NB15,test,264,Normal,1,0.355686,0.38338,KNOWN
UNSW-NB15,test,265,Normal,1,0.219053,0.38338,KNOWN
UNSW-NB15,test,266,DoS,1,0.17016,0.38338,KNOWN
UNSW-NB15,test,267,Normal,1,0.191265,0.38338,KNOWN
UNSW-NB15,test,268,Normal,1,0.136351,0.38338,KNOWN
UNSW-NB15,test,269,DoS,1,0.144721,0.38338,KNOWN
UNSW-NB15,test,270,Fuzzers,1,0.195133,0.38338,KNOWN
UNSW-NB15,test,271,Normal,1,0.108684,0.38338,KNOWN
UNSW-NB15,test,272,Normal,1,0.167273,0.38338,KNOWN
UNSW-NB15,test,273,Normal,1,0.147304,0.38338,KNOWN
UNSW-NB15,test,274,Exploits,1,0.136524,0.38338,KNOWN
UNSW-NB15,test,275,Exploits,1,0.443248,0.38338,ZERO_DAY
UNSW-NB15,test,276,DoS,1,0.171383,0.38338,KNOWN
UNSW-NB15,test,277,Exploits,1,0.045331,0.38338,KNOWN
UNSW-NB15,test,278,Exploits,1,0.042309,0.38338,KNOWN
UNSW-NB15,test,279,Normal,1,0.252195,0.38338,KNOWN
UNSW-NB15,test,280,Exploits,1,0.106254,0.38338,KNOWN
UNSW-NB15,test,281,Normal,1,0.124643,0.38338,KNOWN
UNSW-NB15,test,282,Normal,1,0.04431,0.38338,KNOWN
UNSW-NB15,test,283,Normal,1,0.052438,0.38338,KNOWN
UNSW-NB15,test,284,DoS,1,0.154541,0.38338,KNOWN
UNSW-NB15,test,285,Normal,1,0.057104,0.38338,KNOWN
UNSW-NB15,test,286,Normal,1,0.258468,0.38338,KNOWN
UNSW-NB15,test,287,Normal,1,0.151081,0.38338,KNOWN
UNSW-NB15,test,288,DoS,1,0.17005,0.38338,KNOWN
UNSW-NB15,test,289,Normal,1,0.186664,0.38338,KNOWN
UNSW-NB15,test,290,Normal,1,0.133914,0.38338,KNOWN
UNSW-NB15,test,291,Normal,1,0.116916,0.38338,KNOWN
UNSW-NB15,test,292,Fuzzers,1,0.153186,0.38338,KNOWN
UNSW-NB15,test,293,Normal,1,0.047239,0.38338,KNOWN
UNSW-NB15,test,294,DoS,1,0.178231,0.38338,KNOWN
UNSW-NB15,test,295,Normal,1,0.284123,0.38338,KNOWN
UNSW-NB15,test,296,Exploits,1,0.122126,0.38338,KNOWN
UNSW-NB15,test,297,Fuzzers,1,0.077125,0.38338,KNOWN
UNSW-NB15,test,298,Normal,1,0.061942,0.38338,KNOWN
UNSW-NB15,test,299,Exploits,1,0.058548,0.38338,KNOWN
UNSW-NB15,test,300,Exploits,1,0.207917,0.38338,KNOWN
UNSW-NB15,test,301,Normal,1,0.276941,0.38338,KNOWN
UNSW-NB15,test,302,Normal,1,0.129192,0.38338,KNOWN
UNSW-NB15,test,303,DoS,1,0.240515,0.38338,KNOWN
UNSW-NB15,test,304,Fuzzers,1,0.120269,0.38338,KNOWN
UNSW-NB15,test,305,Reconnaissance,1,0.092409,0.38338,KNOWN
UNSW-NB15,test,306,Reconnaissance,1,0.392417,0.38338,ZERO_DAY
UNSW-NB15,test,307,Fuzzers,1,0.152873,0.38338,KNOWN
UNSW-NB15,test,308,Normal,1,0.158489,0.38338,KNOWN
UNSW-NB15,test,309,Fuzzers,1,0.096679,0.38338,KNOWN
UNSW-NB15,test,310,Reconnaissance,1,0.222156,0.38338,KNOWN
UNSW-NB15,test,311,Normal,1,0.147784,0.38338,KNOWN
UNSW-NB15,test,312,Normal,1,0.335402,0.38338,KNOWN
UNSW-NB15,test,313,Exploits,1,0.34675,0.38338,KNOWN
UNSW-NB15,test,314,Normal,1,0.0279,0.38338,KNOWN
UNSW-NB15,test,315,Normal,1,0.21327,0.38338,KNOWN
UNSW-NB15,test,316,Normal,1,0.022873,0.38338,KNOWN
UNSW-NB15,test,317,Normal,1,0.159481,0.38338,KNOWN
UNSW-NB15,test,318,Normal,1,0.150727,0.38338,KNOWN
UNSW-NB15,test,319,Normal,1,0.258851,0.38338,KNOWN
UNSW-NB15,test,320,DoS,1,0.073499,0.38338,KNOWN
UNSW-NB15,test,321,Exploits,1,0.069461,0.38338,KNOWN
UNSW-NB15,test,322,Normal,1,0.214551,0.38338,KNOWN
UNSW-NB15,test,323,Reconnaissance,1,0.049783,0.38338,KNOWN
UNSW-NB15,test,324,Normal,1,0.333104,0.38338,KNOWN
UNSW-NB15,test,325,Exploits,1,0.236115,0.38338,KNOWN
UNSW-NB15,test,326,Normal,1,0.104168,0.38338,KNOWN
UNSW-NB15,test,327,Normal,1,0.454509,0.38338,ZERO_DAY
UNSW-NB15,test,328,Normal,1,0.085078,0.38338,KNOWN
UNSW-NB15,test,329,Exploits,1,0.269137,0.38338,KNOWN
UNSW-NB15,test,330,Fuzzers,1,0.23691,0.38338,KNOWN
UNSW-NB15,test,331,Normal,1,0.161779,0.38338,KNOWN
UNSW-NB15,test,332,Exploits,1,0.214631,0.38338,KNOWN
UNSW-NB15,test,333,Normal,1,0.082897,0.38338,KNOWN
UNSW-NB15,test,334,Normal,1,0.338353,0.38338,KNOWN
UNSW-NB15,test,335,Exploits,1,0.55746,0.38338,ZERO_DAY
UNSW-NB15,test,336,Normal,1,0.550632,0.38338,ZERO_DAY
UNSW-NB15,test,337,Exploits,1,0.086896,0.38338,KNOWN
UNSW-NB15,test,338,Normal,1,0.328972,0.38338,KNOWN
UNSW-NB15,test,339,Exploits,1,0.05327,0.38338,KNOWN
UNSW-NB15,test,340,Reconnaissance,1,0.239097,0.38338,KNOWN
UNSW-NB15,test,341,Fuzzers,1,0.142069,0.38338,KNOWN
UNSW-NB15,test,342,Normal,1,0.143083,0.38338,KNOWN
UNSW-NB15,test,343,Normal,1,0.064306,0.38338,KNOWN
UNSW-NB15,test,344,Reconnaissance,1,0.242958,0.38338,KNOWN
UNSW-NB15,test,345,Exploits,1,0.311084,0.38338,KNOWN
UNSW-NB15,test,346,Normal,1,0.118615,0.38338,KNOWN
UNSW-NB15,test,347,Normal,1,0.264724,0.38338,KNOWN
UNSW-NB15,test,348,Normal,1,0.347077,0.38338,KNOWN
UNSW-NB15,test,349,Normal,1,0.480652,0.38338,ZERO_DAY
UNSW-NB15,test,350,Exploits,1,0.124784,0.38338,KNOWN
UNSW-NB15,test,351,Normal,1,0.244964,0.38338,KNOWN
UNSW-NB15,test,352,Exploits,1,0.160814,0.38338,KNOWN
UNSW-NB15,test,353,Normal,1,0.40969,0.38338,ZERO_DAY
UNSW-NB15,test,354,Exploits,1,0.173393,0.38338,KNOWN
UNSW-NB15,test,355,Exploits,1,0.304329,0.38338,KNOWN
UNSW-NB15,test,356,Reconnaissance,1,0.119919,0.38338,KNOWN
UNSW-NB15,test,357,Normal,1,0.060385,0.38338,KNOWN
UNSW-NB15,test,358,Normal,1,0.198169,0.38338,KNOWN
UNSW-NB15,test,359,Exploits,1,0.233657,0.38338,KNOWN
UNSW-NB15,test,360,Exploits,1,0.009554,0.38338,KNOWN
UNSW-NB15,test,361,Fuzzers,1,0.171613,0.38338,KNOWN
UNSW-NB15,test,362,Exploits,1,0.045641,0.38338,KNOWN
UNSW-NB15,test,363,Normal,1,0.109799,0.38338,KNOWN
UNSW-NB15,test,364,Fuzzers,1,0.334244,0.38338,KNOWN
UNSW-NB15,test,365,Exploits,1,0.250465,0.38338,KNOWN
UNSW-NB15,test,366,Normal,1,0.164026,0.38338,KNOWN
UNSW-NB15,test,367,Exploits,1,0.103479,0.38338,KNOWN
UNSW-NB15,test,368,Exploits,1,0.2602,0.38338,KNOWN
UNSW-NB15,test,369,Normal,1,0.187365,0.38338,KNOWN
UNSW-NB15,test,370,Fuzzers,1,0.239757,0.38338,KNOWN
UNSW-NB15,test,371,Normal,1,0.371496,0.38338,KNOWN
UNSW-NB15,test,372,Exploits,1,0.207578,0.38338,KNOWN
UNSW-NB15,test,373,Exploits,1,0.274416,0.38338,KNOWN
UNSW-NB15,test,374,Normal,1,0.212063,0.38338,KNOWN
UNSW-NB15,test,375,Fuzzers,1,0.296176,0.38338,KNOWN
UNSW-NB15,test,376,Normal,1,0.231098,0.38338,KNOWN
UNSW-NB15,test,377,Exploits,1,0.104063,0.38338,KNOWN
UNSW-NB15,test,378,Normal,1,0.117961,0.38338,KNOWN
UNSW-NB15,test,379,Normal,1,0.052143,0.38338,KNOWN
UNSW-NB15,test,380,Fuzzers,1,0.165053,0.38338,KNOWN
UNSW-NB15,test,381,Normal,1,0.283414,0.38338,KNOWN
UNSW-NB15,test,382,DoS,1,0.116115,0.38338,KNOWN
UNSW-NB15,test,383,Normal,1,0.217665,0.38338,KNOWN
UNSW-NB15,test,384,Reconnaissance,1,0.135598,0.38338,KNOWN
UNSW-NB15,test,385,Normal,1,0.335187,0.38338,KNOWN
UNSW-NB15,test,386,Normal,1,0.116019,0.38338,KNOWN
UNSW-NB15,test,387,Normal,1,0.446488,0.38338,ZERO_DAY
UNSW-NB15,test,388,Normal,1,0.141545,0.38338,KNOWN
UNSW-NB15,test,389,Fuzzers,1,0.316742,0.38338,KNOWN
UNSW-NB15,test,390,Fuzzers,1,0.078535,0.38338,KNOWN
UNSW-NB15,test,391,Normal,1,0.216908,0.38338,KNOWN
UNSW-NB15,test,392,Normal,1,0.050324,0.38338,KNOWN
UNSW-NB15,test,393,Normal,1,0.110538,0.38338,KNOWN
UNSW-NB15,test,394,Normal,1,0.251104,0.38338,KNOWN
UNSW-NB15,test,395,Normal,1,0.308571,0.38338,KNOWN
UNSW-NB15,test,396,Normal,1,0.174152,0.38338,KNOWN
UNSW-NB15,test,397,Normal,1,0.117056,0.38338,KNOWN
UNSW-NB15,test,398,Normal,1,0.101617,0.38338,KNOWN
UNSW-NB15,test,399,Exploits,1,0.203909,0.38338,KNOWN
UNSW-NB15,test,400,Reconnaissance,1,0.412063,0.38338,ZERO_DAY
UNSW-NB15,test,401,Normal,1,0.143335,0.38338,KNOWN
UNSW-NB15,test,402,Fuzzers,1,0.051699,0.38338,KNOWN
UNSW-NB15,test,403,Normal,1,0.074106,0.38338,KNOWN
UNSW-NB15,test,404,Normal,1,0.21532,0.38338,KNOWN
UNSW-NB15,test,405,Normal,1,0.086007,0.38338,KNOWN
UNSW-NB15,test,406,Normal,1,0.19091,0.38338,KNOWN
UNSW-NB15,test,407,Normal,1,0.146557,0.38338,KNOWN
UNSW-NB15,test,408,Reconnaissance,1,0.136116,0.38338,KNOWN
UNSW-NB15,test,409,Normal,1,0.205242,0.38338,KNOWN
UNSW-NB15,test,410,Normal,1,0.138849,0.38338,KNOWN
UNSW-NB15,test,411,Analysis,1,0.227797,0.38338,KNOWN
UNSW-NB15,test,412,Reconnaissance,1,0.107819,0.38338,KNOWN
UNSW-NB15,test,413,Fuzzers,1,0.452251,0.38338,ZERO_DAY
UNSW-NB15,test,414,Normal,1,0.119445,0.38338,KNOWN
UNSW-NB15,test,415,Normal,1,0.357086,0.38338,KNOWN
UNSW-NB15,test,416,DoS,1,0.041364,0.38338,KNOWN
UNSW-NB15,test,417,Exploits,1,0.209449,0.38338,KNOWN
UNSW-NB15,test,418,Exploits,1,0.084545,0.38338,KNOWN
UNSW-NB15,test,419,DoS,1,0.073509,0.38338,KNOWN
UNSW-NB15,test,420,Normal,1,0.12391,0.38338,KNOWN
UNSW-NB15,test,421,DoS,1,0.034669,0.38338,KNOWN
UNSW-NB15,test,422,Normal,1,0.261251,0.38338,KNOWN
UNSW-NB15,test,423,Normal,1,0.131353,0.38338,KNOWN
UNSW-NB15,test,424,Normal,1,0.227448,0.38338,KNOWN
UNSW-NB15,test,425,Normal,1,0.244693,0.38338,KNOWN
UNSW-NB15,test,426,Normal,1,0.187946,0.38338,KNOWN
UNSW-NB15,test,427,Normal,1,0.01703,0.38338,KNOWN
UNSW-NB15,test,428,Normal,1,0.162978,0.38338,KNOWN
UNSW-NB15,test,429,Normal,1,0.083073,0.38338,KNOWN
UNSW-NB15,test,430,Fuzzers,1,0.189833,0.38338,KNOWN
UNSW-NB15,test,431,Normal,1,0.067651,0.38338,KNOWN
UNSW-NB15,test,432,Reconnaissance,1,0.073174,0.38338,KNOWN
UNSW-NB15,test,433,Normal,1,0.115617,0.38338,KNOWN
UNSW-NB15,test,434,Normal,1,0.250092,0.38338,KNOWN
UNSW-NB15,test,435,Fuzzers,1,0.163202,0.38338,KNOWN
UNSW-NB15,test,436,DoS,1,0.092713,0.38338,KNOWN
UNSW-NB15,test,437,Normal,1,0.045264,0.38338,KNOWN
UNSW-NB15,test,438,Normal,1,0.398101,0.38338,ZERO_DAY
UNSW-NB15,test,439,Exploits,1,0.16288,0.38338,KNOWN
UNSW-NB15,test,440,Normal,1,0.214069,0.38338,KNOWN
UNSW-NB15,test,441,Fuzzers,1,0.112227,0.38338,KNOWN
UNSW-NB15,test,442,Exploits,1,0.507852,0.38338,ZERO_DAY
UNSW-NB15,test,443,Reconnaissance,1,0.153751,0.38338,KNOWN
UNSW-NB15,test,444,Reconnaissance,1,0.127973,0.38338,KNOWN
UNSW-NB15,test,445,Normal,1,0.166669,0.38338,KNOWN
UNSW-NB15,test,446,Exploits,1,0.037321,0.38338,KNOWN
UNSW-NB15,test,447,Exploits,1,0.240728,0.38338,KNOWN
UNSW-NB15,test,448,Normal,1,0.224215,0.38338,KNOWN
UNSW-NB15,test,449,Normal,1,0.064655,0.38338,KNOWN
UNSW-NB15,test,450,Normal,1,0.250884,0.38338,KNOWN
UNSW-NB15,test,451,Exploits,1,0.285513,0.38338,KNOWN
UNSW-NB15,test,452,Normal,1,0.126062,0.38338,KNOWN
UNSW-NB15,test,453,Normal,1,0.103983,0.38338,KNOWN
UNSW-NB15,test,454,Normal,1,0.086235,0.38338,KNOWN
UNSW-NB15,test,455,Exploits,1,0.151222,0.38338,KNOWN
UNSW-NB15,test,456,Normal,1,0.151276,0.38338,KNOWN
UNSW-NB15,test,457,Normal,1,0.207687,0.38338,KNOWN
UNSW-NB15,test,458,Normal,1,0.048186,0.38338,KNOWN
UNSW-NB15,test,459,Normal,1,0.120251,0.38338,KNOWN
UNSW-NB15,test,460,Normal,1,0.09847,0.38338,KNOWN
UNSW-NB15,test,461,Normal,1,0.11706,0.38338,KNOWN
UNSW-NB15,test,462,Normal,1,0.226883,0.38338,KNOWN
UNSW-NB15,test,463,Normal,1,0.394262,0.38338,ZERO_DAY
UNSW-NB15,test,464,Fuzzers,1,0.251151,0.38338,KNOWN
UNSW-NB15,test,465,Normal,1,0.12181,0.38338,KNOWN
UNSW-NB15,test,466,Fuzzers,1,0.136744,0.38338,KNOWN
UNSW-NB15,test,467,Normal,1,0.285123,0.38338,KNOWN
UNSW-NB15,test,468,Exploits,1,0.303922,0.38338,KNOWN
UNSW-NB15,test,469,Fuzzers,1,0.181082,0.38338,KNOWN
UNSW-NB15,test,470,Fuzzers,1,0.150448,0.38338,KNOWN
UNSW-NB15,test,471,Exploits,1,0.337864,0.38338,KNOWN
UNSW-NB15,test,472,Normal,1,0.174795,0.38338,KNOWN
UNSW-NB15,test,473,Normal,1,0.067613,0.38338,KNOWN
UNSW-NB15,test,474,Normal,1,0.153266,0.38338,KNOWN
UNSW-NB15,test,475,Normal,1,0.164254,0.38338,KNOWN
UNSW-NB15,test,476,Normal,1,0.14067,0.38338,KNOWN
UNSW-NB15,test,477,Normal,1,0.112846,0.38338,KNOWN
UNSW-NB15,test,478,Fuzzers,1,0.113905,0.38338,KNOWN
UNSW-NB15,test,479,Normal,1,0.192931,0.38338,KNOWN
UNSW-NB15,test,480,Exploits,1,0.18231,0.38338,KNOWN
UNSW-NB15,test,481,Normal,1,0.133779,0.38338,KNOWN
UNSW-NB15,test,482,Normal,1,0.253784,0.38338,KNOWN
UNSW-NB15,test,483,Fuzzers,1,0.270486,0.38338,KNOWN
UNSW-NB15,test,484,Fuzzers,1,0.113728,0.38338,KNOWN
UNSW-NB15,test,485,Exploits,1,0.116517,0.38338,KNOWN
UNSW-NB15,test,486,Exploits,1,0.366353,0.38338,KNOWN
UNSW-NB15,test,487,Exploits,1,0.09197,0.38338,KNOWN
UNSW-NB15,test,488,Normal,1,0.240179,0.38338,KNOWN
UNSW-NB15,test,489,Fuzzers,1,0.023857,0.38338,KNOWN
UNSW-NB15,test,490,Reconnaissance,1,0.114319,0.38338,KNOWN
UNSW-NB15,test,491,Exploits,1,0.29091,0.38338,KNOWN
UNSW-NB15,test,492,Normal,1,0.067565,0.38338,KNOWN
UNSW-NB15,test,493,Exploits,1,0.005305,0.38338,KNOWN
UNSW-NB15,test,494,Normal,1,0.169337,0.38338,KNOWN
UNSW-NB15,test,495,Normal,1,0.233543,0.38338,KNOWN
UNSW-NB15,test,496,Normal,1,0.102866,0.38338,KNOWN
UNSW-NB15,test,497,Normal,1,0.21081,0.38338,KNOWN
UNSW-NB15,test,498,Normal,1,0.05234,0.38338,KNOWN
UNSW-NB15,test,499,Normal,1,0.17803,0.38338,KNOWN
UNSW-NB15,test,500,Normal,1,0.157268,0.38338,KNOWN
UNSW-NB15,test,501,Fuzzers,1,0.334538,0.38338,KNOWN
UNSW-NB15,test,502,Normal,1,0.295576,0.38338,KNOWN
UNSW-NB15,test,503,Exploits,1,0.260194,0.38338,KNOWN
UNSW-NB15,test,504,Normal,1,0.131651,0.38338,KNOWN
UNSW-NB15,test,505,Generic,1,0.371173,0.38338,KNOWN
UNSW-NB15,test,506,Exploits,1,0.424325,0.38338,ZERO_DAY
UNSW-NB15,test,507,Normal,1,0.119435,0.38338,KNOWN
UNSW-NB15,test,508,Normal,1,0.0666,0.38338,KNOWN
UNSW-NB15,test,509,Normal,1,0.137932,0.38338,KNOWN
UNSW-NB15,test,510,Normal,1,0.248866,0.38338,KNOWN
UNSW-NB15,test,511,Exploits,1,0.173975,0.38338,KNOWN
UNSW-NB15,test,512,Normal,1,0.409427,0.38338,ZERO_DAY
UNSW-NB15,test,513,Normal,1,0.113385,0.38338,KNOWN
UNSW-NB15,test,514,Normal,1,0.231745,0.38338,KNOWN
UNSW-NB15,test,515,Reconnaissance,1,0.124191,0.38338,KNOWN
UNSW-NB15,test,516,Fuzzers,1,0.288978,0.38338,KNOWN
UNSW-NB15,test,517,Fuzzers,1,0.206243,0.38338,KNOWN
UNSW-NB15,test,518,Reconnaissance,1,0.126597,0.38338,KNOWN
UNSW-NB15,test,519,DoS,1,0.416667,0.38338,ZERO_DAY
UNSW-NB15,test,520,Normal,1,0.275967,0.38338,KNOWN
UNSW-NB15,test,521,Normal,1,0.009303,0.38338,KNOWN
UNSW-NB15,test,522,Normal,1,0.228897,0.38338,KNOWN
UNSW-NB15,test,523,Normal,1,0.317925,0.38338,KNOWN
UNSW-NB15,test,524,Normal,1,0.399907,0.38338,ZERO_DAY
UNSW-NB15,test,525,Exploits,1,0.314192,0.38338,KNOWN
UNSW-NB15,test,526,Exploits,1,0.169257,0.38338,KNOWN
UNSW-NB15,test,527,DoS,1,0.044026,0.38338,KNOWN
UNSW-NB15,test,528,Exploits,1,0.167276,0.38338,KNOWN
UNSW-NB15,test,529,Normal,1,0.08606,0.38338,KNOWN
UNSW-NB15,test,530,Generic,1,0.361097,0.38338,KNOWN
UNSW-NB15,test,531,Normal,1,0.190378,0.38338,KNOWN
UNSW-NB15,test,532,Normal,1,0.066409,0.38338,KNOWN
UNSW-NB15,test,533,Normal,1,0.091339,0.38338,KNOWN
UNSW-NB15,test,534,Exploits,1,0.35936,0.38338,KNOWN
UNSW-NB15,test,535,Fuzzers,1,0.109962,0.38338,KNOWN
UNSW-NB15,test,536,Normal,1,0.283012,0.38338,KNOWN
UNSW-NB15,test,537,Normal,1,0.24432,0.38338,KNOWN
UNSW-NB15,test,538,Normal,1,0.194988,0.38338,KNOWN
UNSW-NB15,test,539,Normal,1,0.132834,0.38338,KNOWN
UNSW-NB15,test,540,DoS,1,0.320118,0.38338,KNOWN
UNSW-NB15,test,541,Exploits,1,0.046369,0.38338,KNOWN
UNSW-NB15,test,542,Normal,1,0.141184,0.38338,KNOWN
UNSW-NB15,test,543,Exploits,1,0.189906,0.38338,KNOWN
UNSW-NB15,test,544,Exploits,1,0.185093,0.38338,KNOWN
UNSW-NB15,test,545,Normal,1,0.239547,0.38338,KNOWN
UNSW-NB15,test,546,Fuzzers,1,0.017932,0.38338,KNOWN
UNSW-NB15,test,547,Normal,1,0.263479,0.38338,KNOWN
UNSW-NB15,test,548,Normal,1,0.387985,0.38338,ZERO_DAY
UNSW-NB15,test,549,DoS,1,0.151653,0.38338,KNOWN
UNSW-NB15,test,550,Normal,1,0.363299,0.38338,KNOWN
UNSW-NB15,test,551,Exploits,1,0.294742,0.38338,KNOWN
UNSW-NB15,test,552,Fuzzers,1,0.426396,0.38338,ZERO_DAY
UNSW-NB15,test,553,Reconnaissance,1,0.360209,0.38338,KNOWN
UNSW-NB15,test,554,Normal,1,0.214165,0.38338,KNOWN
UNSW-NB15,test,555,Fuzzers,1,0.116421,0.38338,KNOWN
UNSW-NB15,test,556,Normal,1,0.253224,0.38338,KNOWN
UNSW-NB15,test,557,Normal,1,0.161966,0.38338,KNOWN
UNSW-NB15,test,558,Normal,1,0.418462,0.38338,ZERO_DAY
UNSW-NB15,test,559,Normal,1,0.154909,0.38338,KNOWN
UNSW-NB15,test,560,Backdoor,1,0.464394,0.38338,ZERO_DAY
UNSW-NB15,test,561,Fuzzers,1,0.078498,0.38338,KNOWN
UNSW-NB15,test,562,Fuzzers,1,0.090713,0.38338,KNOWN
UNSW-NB15,test,563,Reconnaissance,1,0.091328,0.38338,KNOWN
UNSW-NB15,test,564,Normal,1,0.068669,0.38338,KNOWN
UNSW-NB15,test,565,Normal,1,0.215285,0.38338,KNOWN
UNSW-NB15,test,566,Normal,1,0.050114,0.38338,KNOWN
UNSW-NB15,test,567,Fuzzers,1,0.232556,0.38338,KNOWN
UNSW-NB15,test,568,Normal,1,0.152227,0.38338,KNOWN
UNSW-NB15,test,569,Normal,1,0.310271,0.38338,KNOWN
UNSW-NB15,test,570,Normal,1,0.096872,0.38338,KNOWN
UNSW-NB15,test,571,Normal,1,0.086784,0.38338,KNOWN
UNSW-NB15,test,572,Normal,1,0.127769,0.38338,KNOWN
UNSW-NB15,test,573,Reconnaissance,1,0.668812,0.38338,ZERO_DAY
UNSW-NB15,test,574,Exploits,1,0.228119,0.38338,KNOWN
UNSW-NB15,test,575,Fuzzers,1,0.131454,0.38338,KNOWN
UNSW-NB15,test,576,Reconnaissance,1,0.041634,0.38338,KNOWN
UNSW-NB15,test,577,Normal,1,0.093482,0.38338,KNOWN
UNSW-NB15,test,578,Exploits,1,0.065551,0.38338,KNOWN
UNSW-NB15,test,579,Fuzzers,1,0.316438,0.38338,KNOWN
UNSW-NB15,test,580,Exploits,1,0.379655,0.38338,KNOWN
UNSW-NB15,test,581,Normal,1,0.074609,0.38338,KNOWN
UNSW-NB15,test,582,Normal,1,0.133558,0.38338,KNOWN
UNSW-NB15,test,583,Normal,1,0.098901,0.38338,KNOWN
UNSW-NB15,test,584,Normal,1,0.162754,0.38338,KNOWN
UNSW-NB15,test,585,Normal,1,0.190833,0.38338,KNOWN
UNSW-NB15,test,586,Exploits,1,0.045564,0.38338,KNOWN
UNSW-NB15,test,587,Normal,1,0.037456,0.38338,KNOWN
UNSW-NB15,test,588,Normal,1,0.159467,0.38338,KNOWN
UNSW-NB15,test,589,Fuzzers,1,0.046535,0.38338,KNOWN
UNSW-NB15,test,590,Normal,1,0.216577,0.38338,KNOWN
UNSW-NB15,test,591,Fuzzers,1,0.098306,0.38338,KNOWN
UNSW-NB15,test,592,Normal,1,0.183077,0.38338,KNOWN
UNSW-NB15,test,593,Fuzzers,1,0.064961,0.38338,KNOWN
UNSW-NB15,test,594,Normal,1,0.052813,0.38338,KNOWN
UNSW-NB15,test,595,Exploits,1,0.123268,0.38338,KNOWN
UNSW-NB15,test,596,Exploits,1,0.058813,0.38338,KNOWN
UNSW-NB15,test,597,Normal,1,0.322682,0.38338,KNOWN
UNSW-NB15,test,598,DoS,1,0.148691,0.38338,KNOWN
UNSW-NB15,test,599,Fuzzers,1,0.195613,0.38338,KNOWN
UNSW-NB15,test,600,Fuzzers,1,0.19113,0.38338,KNOWN
UNSW-NB15,test,601,Reconnaissance,1,0.069134,0.38338,KNOWN
UNSW-NB15,test,602,Fuzzers,1,0.241049,0.38338,KNOWN
UNSW-NB15,test,603,Exploits,1,0.13281,0.38338,KNOWN
UNSW-NB15,test,604,Normal,1,0.236064,0.38338,KNOWN
UNSW-NB15,test,605,Fuzzers,1,0.237262,0.38338,KNOWN
UNSW-NB15,test,606,Fuzzers,1,0.246375,0.38338,KNOWN
UNSW-NB15,test,607,Normal,1,0.270961,0.38338,KNOWN
UNSW-NB15,test,608,Fuzzers,1,0.073877,0.38338,KNOWN
UNSW-NB15,test,609,Exploits,1,0.17314,0.38338,KNOWN
UNSW-NB15,test,610,Normal,1,0.197312,0.38338,KNOWN
UNSW-NB15,test,611,Exploits,1,0.080888,0.38338,KNOWN
UNSW-NB15,test,612,Normal,1,0.106947,0.38338,KNOWN
UNSW-NB15,test,613,Normal,1,0.063342,0.38338,KNOWN
UNSW-NB15,test,614,Normal,1,0.054213,0.38338,KNOWN
UNSW-NB15,test,615,Normal,1,0.144553,0.38338,KNOWN
UNSW-NB15,test,616,Normal,1,0.102526,0.38338,KNOWN
UNSW-NB15,test,617,Exploits,1,0.052295,0.38338,KNOWN
UNSW-NB15,test,618,Exploits,1,0.215516,0.38338,KNOWN
UNSW-NB15,test,619,Normal,1,0.32648,0.38338,KNOWN
UNSW-NB15,test,620,Normal,1,0.183693,0.38338,KNOWN
UNSW-NB15,test,621,Exploits,1,0.33355,0.38338,KNOWN
UNSW-NB15,test,622,Normal,1,0.107423,0.38338,KNOWN
UNSW-NB15,test,623,Reconnaissance,1,0.08068,0.38338,KNOWN
UNSW-NB15,test,624,Exploits,1,0.070608,0.38338,KNOWN
UNSW-NB15,test,625,Normal,1,0.20824,0.38338,KNOWN
UNSW-NB15,test,626,Exploits,1,0.225822,0.38338,KNOWN
UNSW-NB15,test,627,Normal,1,0.081104,0.38338,KNOWN
UNSW-NB15,test,628,Exploits,1,0.104812,0.38338,KNOWN
UNSW-NB15,test,629,Normal,1,0.353588,0.38338,KNOWN
UNSW-NB15,test,630,Normal,1,0.41315,0.38338,ZERO_DAY
UNSW-NB15,test,631,Exploits,1,0.106132,0.38338,KNOWN
UNSW-NB15,test,632,Normal,1,0.098961,0.38338,KNOWN
UNSW-NB15,test,633,Exploits,1,0.070631,0.38338,KNOWN
UNSW-NB15,test,634,Normal,1,0.128447,0.38338,KNOWN
UNSW-NB15,test,635,Exploits,1,0.537903,0.38338,ZERO_DAY
UNSW-NB15,test,636,Reconnaissance,1,0.152752,0.38338,KNOWN
UNSW-NB15,test,637,DoS,1,0.185281,0.38338,KNOWN
UNSW-NB15,test,638,Normal,1,0.084307,0.38338,KNOWN
UNSW-NB15,test,639,Normal,1,0.175938,0.38338,KNOWN
UNSW-NB15,test,640,Normal,1,0.219131,0.38338,KNOWN
UNSW-NB15,test,641,Normal,1,0.195488,0.38338,KNOWN
UNSW-NB15,test,642,Normal,1,0.170518,0.38338,KNOWN
UNSW-NB15,test,643,Exploits,1,0.092389,0.38338,KNOWN
UNSW-NB15,test,644,Normal,1,0.269715,0.38338,KNOWN
UNSW-NB15,test,645,Normal,1,0.318622,0.38338,KNOWN
UNSW-NB15,test,646,Fuzzers,1,0.050945,0.38338,KNOWN
UNSW-NB15,test,647,Normal,1,0.089982,0.38338,KNOWN
UNSW-NB15,test,648,Normal,1,0.167743,0.38338,KNOWN
UNSW-NB15,test,649,Normal,1,0.127253,0.38338,KNOWN
UNSW-NB15,test,650,Exploits,1,0.299154,0.38338,KNOWN
UNSW-NB15,test,651,Normal,1,0.075729,0.38338,KNOWN
UNSW-NB15,test,652,Normal,1,0.212114,0.38338,KNOWN
UNSW-NB15,test,653,Normal,1,0.123645,0.38338,KNOWN
UNSW-NB15,test,654,Normal,1,0.187063,0.38338,KNOWN
UNSW-NB15,test,655,Normal,1,0.449652,0.38338,ZERO_DAY
UNSW-NB15,test,656,Exploits,1,0.080157,0.38338,KNOWN
UNSW-NB15,test,657,Normal,1,0.154782,0.38338,KNOWN
UNSW-NB15,test,658,Normal,1,0.311417,0.38338,KNOWN
UNSW-NB15,test,659,Normal,1,0.198158,0.38338,KNOWN
UNSW-NB15,test,660,Fuzzers,1,0.16639,0.38338,KNOWN
UNSW-NB15,test,661,Normal,1,0.044328,0.38338,KNOWN
UNSW-NB15,test,662,Fuzzers,1,0.038691,0.38338,KNOWN
UNSW-NB15,test,663,Fuzzers,1,0.138459,0.38338,KNOWN
UNSW-NB15,test,664,Normal,1,0.16607,0.38338,KNOWN
UNSW-NB15,test,665,Normal,1,0.073442,0.38338,KNOWN
UNSW-NB15,test,666,Exploits,1,0.042262,0.38338,KNOWN
UNSW-NB15,test,667,DoS,1,0.062436,0.38338,KNOWN
UNSW-NB15,test,668,Reconnaissance,1,0.241375,0.38338,KNOWN
UNSW-NB15,test,669,Normal,1,0.147139,0.38338,KNOWN
UNSW-NB15,test,670,Normal,1,0.059848,0.38338,KNOWN
UNSW-NB15,test,671,Normal,1,0.113029,0.38338,KNOWN
UNSW-NB15,test,672,Fuzzers,1,0.274437,0.38338,KNOWN
UNSW-NB15,test,673,Exploits,1,0.218035,0.38338,KNOWN
UNSW-NB15,test,674,Normal,1,0.282835,0.38338,KNOWN
UNSW-NB15,test,675,Normal,1,0.065277,0.38338,KNOWN
UNSW-NB15,test,676,Exploits,1,0.141051,0.38338,KNOWN
UNSW-NB15,test,677,Normal,1,0.0823,0.38338,KNOWN
UNSW-NB15,test,678,Exploits,1,0.086413,0.38338,KNOWN
UNSW-NB15,test,679,Normal,1,0.067508,0.38338,KNOWN
UNSW-NB15,test,680,Fuzzers,1,0.229779,0.38338,KNOWN
UNSW-NB15,test,681,Normal,1,0.128598,0.38338,KNOWN
UNSW-NB15,test,682,Fuzzers,1,0.186669,0.38338,KNOWN
UNSW-NB15,test,683,Normal,1,0.357431,0.38338,KNOWN
UNSW-NB15,test,684,Normal,1,0.248037,0.38338,KNOWN
UNSW-NB15,test,685,Exploits,1,0.10131,0.38338,KNOWN
UNSW-NB15,test,686,Normal,1,0.109388,0.38338,KNOWN
UNSW-NB15,test,687,Normal,1,0.243079,0.38338,KNOWN
UNSW-NB15,test,688,Normal,1,0.068552,0.38338,KNOWN
UNSW-NB15,test,689,Fuzzers,1,0.126733,0.38338,KNOWN
UNSW-NB15,test,690,Exploits,1,0.193058,0.38338,KNOWN
UNSW-NB15,test,691,Normal,1,0.356983,0.38338,KNOWN
UNSW-NB15,test,692,Exploits,1,0.08304,0.38338,KNOWN
UNSW-NB15,test,693,Exploits,1,0.023143,0.38338,KNOWN
UNSW-NB15,test,694,Normal,1,0.187557,0.38338,KNOWN
UNSW-NB15,test,695,Normal,1,0.113611,0.38338,KNOWN
UNSW-NB15,test,696,Exploits,1,0.307342,0.38338,KNOWN
UNSW-NB15,test,697,Normal,1,0.174259,0.38338,KNOWN
UNSW-NB15,test,698,Normal,1,0.264447,0.38338,KNOWN
UNSW-NB15,test,699,Normal,1,0.224067,0.38338,KNOWN
UNSW-NB15,test,700,Exploits,1,0.176997,0.38338,KNOWN
UNSW-NB15,test,701,Normal,1,0.1124,0.38338,KNOWN
UNSW-NB15,test,702,Normal,1,0.325109,0.38338,KNOWN
UNSW-NB15,test,703,Exploits,1,0.131465,0.38338,KNOWN
UNSW-NB15,test,704,Fuzzers,1,0.078751,0.38338,KNOWN
UNSW-NB15,test,705,Exploits,1,0.229828,0.38338,KNOWN
UNSW-NB15,test,706,Fuzzers,1,0.043417,0.38338,KNOWN
UNSW-NB15,test,707,Fuzzers,1,0.214066,0.38338,KNOWN
UNSW-NB15,test,708,Exploits,1,0.164436,0.38338,KNOWN
UNSW-NB15,test,709,Normal,1,0.13172,0.38338,KNOWN
UNSW-NB15,test,710,Normal,1,0.04708,0.38338,KNOWN
UNSW-NB15,test,711,Exploits,1,0.119263,0.38338,KNOWN
UNSW-NB15,test,712,Normal,1,0.195294,0.38338,KNOWN
UNSW-NB15,test,713,Reconnaissance,1,0.062786,0.38338,KNOWN
UNSW-NB15,test,714,Exploits,1,0.155688,0.38338,KNOWN
UNSW-NB15,test,715,Normal,1,0.246988,0.38338,KNOWN
UNSW-NB15,test,716,Normal,1,0.097553,0.38338,KNOWN
UNSW-NB15,test,717,Normal,1,0.230552,0.38338,KNOWN
UNSW-NB15,test,718,Exploits,1,0.201102,0.38338,KNOWN
UNSW-NB15,test,719,Reconnaissance,1,0.151626,0.38338,KNOWN
UNSW-NB15,test,720,Normal,1,0.096744,0.38338,KNOWN
UNSW-NB15,test,721,Normal,1,0.113784,0.38338,KNOWN
UNSW-NB15,test,722,Fuzzers,1,0.015652,0.38338,KNOWN
UNSW-NB15,test,723,Normal,1,0.244622,0.38338,KNOWN
UNSW-NB15,test,724,Exploits,1,0.322177,0.38338,KNOWN
UNSW-NB15,test,725,DoS,1,0.195668,0.38338,KNOWN
UNSW-NB15,test,726,Fuzzers,1,0.06769,0.38338,KNOWN
UNSW-NB15,test,727,DoS,1,0.303945,0.38338,KNOWN
UNSW-NB15,test,728,Reconnaissance,1,0.046219,0.38338,KNOWN
UNSW-NB15,test,729,Normal,1,0.228213,0.38338,KNOWN
UNSW-NB15,test,730,Normal,1,0.201756,0.38338,KNOWN
UNSW-NB15,test,731,Normal,1,0.305268,0.38338,KNOWN
UNSW-NB15,test,732,Exploits,1,0.106522,0.38338,KNOWN
UNSW-NB15,test,733,Exploits,1,0.182329,0.38338,KNOWN
UNSW-NB15,test,734,Exploits,1,0.239255,0.38338,KNOWN
UNSW-NB15,test,735,Normal,1,0.030489,0.38338,KNOWN
UNSW-NB15,test,736,Normal,1,0.195959,0.38338,KNOWN
UNSW-NB15,test,737,Normal,1,0.027347,0.38338,KNOWN
UNSW-NB15,test,738,Normal,1,0.320178,0.38338,KNOWN
UNSW-NB15,test,739,Normal,1,0.348595,0.38338,KNOWN
UNSW-NB15,test,740,Normal,1,0.055249,0.38338,KNOWN
UNSW-NB15,test,741,Exploits,1,0.078213,0.38338,KNOWN
UNSW-NB15,test,742,Normal,1,0.088809,0.38338,KNOWN
UNSW-NB15,test,743,Normal,1,0.111866,0.38338,KNOWN
UNSW-NB15,test,744,Normal,1,0.036601,0.38338,KNOWN
UNSW-NB15,test,745,Exploits,1,0.126957,0.38338,KNOWN
UNSW-NB15,test,746,Normal,1,0.466793,0.38338,ZERO_DAY
UNSW-NB15,test,747,DoS,1,0.18137,0.38338,KNOWN
UNSW-NB15,test,748,Normal,1,0.15072,0.38338,KNOWN
UNSW-NB15,test,749,Exploits,1,0.253664,0.38338,KNOWN
UNSW-NB15,test,750,Normal,1,0.084662,0.38338,KNOWN
UNSW-NB15,test,751,Reconnaissance,1,0.282911,0.38338,KNOWN
UNSW-NB15,test,752,Fuzzers,1,0.361346,0.38338,KNOWN
UNSW-NB15,test,753,Normal,1,0.043629,0.38338,KNOWN
UNSW-NB15,test,754,Normal,1,0.178064,0.38338,KNOWN
UNSW-NB15,test,755,Exploits,1,0.191935,0.38338,KNOWN
UNSW-NB15,test,756,Reconnaissance,1,0.330914,0.38338,KNOWN
UNSW-NB15,test,757,Normal,1,0.055496,0.38338,KNOWN
UNSW-NB15,test,758,Fuzzers,1,0.320457,0.38338,KNOWN
UNSW-NB15,test,759,Normal,1,0.086774,0.38338,KNOWN
UNSW-NB15,test,760,Normal,1,0.235232,0.38338,KNOWN
UNSW-NB15,test,761,Exploits,1,0.177387,0.38338,KNOWN
UNSW-NB15,test,762,Exploits,1,0.085794,0.38338,KNOWN
UNSW-NB15,test,763,Exploits,1,0.26593,0.38338,KNOWN
UNSW-NB15,test,764,Normal,1,0.155981,0.38338,KNOWN
UNSW-NB15,test,765,Normal,1,0.16344,0.38338,KNOWN
UNSW-NB15,test,766,Fuzzers,1,0.085363,0.38338,KNOWN
UNSW-NB15,test,767,Exploits,1,0.507554,0.38338,ZERO_DAY
UNSW-NB15,test,768,Normal,1,0.176225,0.38338,KNOWN
UNSW-NB15,test,769,Normal,1,0.220552,0.38338,KNOWN
UNSW-NB15,test,770,Exploits,1,0.128197,0.38338,KNOWN
UNSW-NB15,test,771,Normal,1,0.182662,0.38338,KNOWN
UNSW-NB15,test,772,Normal,1,0.199934,0.38338,KNOWN
UNSW-NB15,test,773,Normal,1,0.329501,0.38338,KNOWN
UNSW-NB15,test,774,Normal,1,0.219212,0.38338,KNOWN
UNSW-NB15,test,775,Normal,1,0.11635,0.38338,KNOWN
UNSW-NB15,test,776,Exploits,1,0.190195,0.38338,KNOWN
UNSW-NB15,test,777,Normal,1,0.093842,0.38338,KNOWN
UNSW-NB15,test,778,Exploits,1,0.264276,0.38338,KNOWN
UNSW-NB15,test,779,DoS,1,0.059268,0.38338,KNOWN
UNSW-NB15,test,780,Exploits,1,0.255432,0.38338,KNOWN
UNSW-NB15,test,781,DoS,1,0.355554,0.38338,KNOWN
UNSW-NB15,test,782,Exploits,1,0.045267,0.38338,KNOWN
UNSW-NB15,test,783,Reconnaissance,1,0.315506,0.38338,KNOWN
UNSW-NB15,test,784,Normal,1,0.105292,0.38338,KNOWN
UNSW-NB15,test,785,Exploits,1,0.147222,0.38338,KNOWN
UNSW-NB15,test,786,Exploits,1,0.221378,0.38338,KNOWN
UNSW-NB15,test,787,Normal,1,0.062841,0.38338,KNOWN
UNSW-NB15,test,788,Exploits,1,0.438692,0.38338,ZERO_DAY
UNSW-NB15,test,789,Exploits,1,0.055865,0.38338,KNOWN
UNSW-NB15,test,790,Fuzzers,1,0.416479,0.38338,ZERO_DAY
UNSW-NB15,test,791,Normal,1,0.119431,0.38338,KNOWN
UNSW-NB15,test,792,Analysis,1,0.02628,0.38338,KNOWN
UNSW-NB15,test,793,Normal,1,0.184845,0.38338,KNOWN
UNSW-NB15,test,794,Exploits,1,0.081713,0.38338,KNOWN
UNSW-NB15,test,795,Normal,1,0.449695,0.38338,ZERO_DAY
UNSW-NB15,test,796,Normal,1,0.216844,0.38338,KNOWN
UNSW-NB15,test,797,Normal,1,0.4175,0.38338,ZERO_DAY
UNSW-NB15,test,798,Exploits,1,0.197972,0.38338,KNOWN
UNSW-NB15,test,799,Exploits,1,0.182732,0.38338,KNOWN
UNSW-NB15,test,800,Normal,1,0.039862,0.38338,KNOWN
UNSW-NB15,test,801,Fuzzers,1,0.201791,0.38338,KNOWN
UNSW-NB15,test,802,Normal,1,0.057021,0.38338,KNOWN
UNSW-NB15,test,803,Normal,1,0.242741,0.38338,KNOWN
UNSW-NB15,test,804,Normal,1,0.055826,0.38338,KNOWN
UNSW-NB15,test,805,Fuzzers,1,0.098962,0.38338,KNOWN
UNSW-NB15,test,806,Normal,1,0.273922,0.38338,KNOWN
UNSW-NB15,test,807,Fuzzers,1,0.042245,0.38338,KNOWN
UNSW-NB15,test,808,Normal,1,0.127693,0.38338,KNOWN
UNSW-NB15,test,809,Exploits,1,0.106339,0.38338,KNOWN
UNSW-NB15,test,810,Exploits,1,0.333634,0.38338,KNOWN
UNSW-NB15,test,811,Fuzzers,1,0.067321,0.38338,KNOWN
UNSW-NB15,test,812,Normal,1,0.096191,0.38338,KNOWN
UNSW-NB15,test,813,Normal,1,0.162043,0.38338,KNOWN
UNSW-NB15,test,814,Fuzzers,1,0.144336,0.38338,KNOWN
UNSW-NB15,test,815,Normal,1,0.293842,0.38338,KNOWN
UNSW-NB15,test,816,Reconnaissance,1,0.091573,0.38338,KNOWN
UNSW-NB15,test,817,Normal,1,0.137228,0.38338,KNOWN
UNSW-NB15,test,818,Normal,1,0.233379,0.38338,KNOWN
UNSW-NB15,test,819,Normal,1,0.178806,0.38338,KNOWN
UNSW-NB15,test,820,Normal,1,0.218684,0.38338,KNOWN
UNSW-NB15,test,821,Normal,1,0.029172,0.38338,KNOWN
UNSW-NB15,test,822,Exploits,1,0.207495,0.38338,KNOWN
UNSW-NB15,test,823,Normal,1,0.149655,0.38338,KNOWN
UNSW-NB15,test,824,DoS,1,0.085424,0.38338,KNOWN
UNSW-NB15,test,825,Normal,1,0.158427,0.38338,KNOWN
UNSW-NB15,test,826,Normal,1,0.23892,0.38338,KNOWN
UNSW-NB15,test,827,Exploits,1,0.279041,0.38338,KNOWN
UNSW-NB15,test,828,Normal,1,0.312959,0.38338,KNOWN
UNSW-NB15,test,829,Normal,1,0.158102,0.38338,KNOWN
UNSW-NB15,test,830,Normal,1,0.083124,0.38338,KNOWN
UNSW-NB15,test,831,Normal,1,0.15133,0.38338,KNOWN
UNSW-NB15,test,832,Reconnaissance,1,0.46074,0.38338,ZERO_DAY
UNSW-NB15,test,833,Normal,1,0.160785,0.38338,KNOWN
UNSW-NB15,test,834,Normal,1,0.334238,0.38338,KNOWN
UNSW-NB15,test,835,Normal,1,0.202587,0.38338,KNOWN
UNSW-NB15,test,836,Exploits,1,0.232841,0.38338,KNOWN
UNSW-NB15,test,837,Exploits,1,0.267464,0.38338,KNOWN
UNSW-NB15,test,838,DoS,1,0.013485,0.38338,KNOWN
UNSW-NB15,test,839,Fuzzers,1,0.096497,0.38338,KNOWN
UNSW-NB15,test,840,Normal,1,0.261021,0.38338,KNOWN
UNSW-NB15,test,841,Normal,1,0.263376,0.38338,KNOWN
UNSW-NB15,test,842,Normal,1,0.12021,0.38338,KNOWN
UNSW-NB15,test,843,Normal,1,0.168631,0.38338,KNOWN
UNSW-NB15,test,844,Normal,1,0.178032,0.38338,KNOWN
UNSW-NB15,test,845,Exploits,1,0.255689,0.38338,KNOWN
UNSW-NB15,test,846,Normal,1,0.078144,0.38338,KNOWN
UNSW-NB15,test,847,Normal,1,0.259988,0.38338,KNOWN
UNSW-NB15,test,848,Normal,1,0.155185,0.38338,KNOWN
UNSW-NB15,test,849,Fuzzers,1,0.235791,0.38338,KNOWN
UNSW-NB15,test,850,Exploits,1,0.1384,0.38338,KNOWN
UNSW-NB15,test,851,Normal,1,0.207039,0.38338,KNOWN
UNSW-NB15,test,852,Normal,1,0.251705,0.38338,KNOWN
UNSW-NB15,test,853,Exploits,1,0.10729,0.38338,KNOWN
UNSW-NB15,test,854,Normal,1,0.151235,0.38338,KNOWN
UNSW-NB15,test,855,Normal,1,0.232975,0.38338,KNOWN
UNSW-NB15,test,856,Fuzzers,1,0.125954,0.38338,KNOWN
UNSW-NB15,test,857,DoS,1,0.206769,0.38338,KNOWN
UNSW-NB15,test,858,Normal,1,0.053002,0.38338,KNOWN
UNSW-NB15,test,859,Exploits,1,0.116169,0.38338,KNOWN
UNSW-NB15,test,860,Exploits,1,0.495122,0.38338,ZERO_DAY
UNSW-NB15,test,861,Exploits,1,0.101201,0.38338,KNOWN
UNSW-NB15,test,862,Exploits,1,0.222877,0.38338,KNOWN
UNSW-NB15,test,863,Exploits,1,0.184105,0.38338,KNOWN
UNSW-NB15,test,864,Normal,1,0.317963,0.38338,KNOWN
UNSW-NB15,test,865,Exploits,1,0.328696,0.38338,KNOWN
UNSW-NB15,test,866,Normal,1,0.171011,0.38338,KNOWN
UNSW-NB15,test,867,Exploits,1,0.086118,0.38338,KNOWN
UNSW-NB15,test,868,Exploits,1,0.262904,0.38338,KNOWN
UNSW-NB15,test,869,Normal,1,0.075335,0.38338,KNOWN
UNSW-NB15,test,870,Exploits,1,0.132704,0.38338,KNOWN
UNSW-NB15,test,871,Normal,1,0.172096,0.38338,KNOWN
UNSW-NB15,test,872,Normal,1,0.125329,0.38338,KNOWN
UNSW-NB15,test,873,Normal,1,0.186906,0.38338,KNOWN
UNSW-NB15,test,874,DoS,1,0.052727,0.38338,KNOWN
UNSW-NB15,test,875,Normal,1,0.052539,0.38338,KNOWN
UNSW-NB15,test,876,Fuzzers,1,0.08695,0.38338,KNOWN
UNSW-NB15,test,877,Normal,1,0.048092,0.38338,KNOWN
UNSW-NB15,test,878,Normal,1,0.286748,0.38338,KNOWN
UNSW-NB15,test,879,Exploits,1,0.190705,0.38338,KNOWN
UNSW-NB15,test,880,Normal,1,0.157254,0.38338,KNOWN
UNSW-NB15,test,881,Normal,1,0.138018,0.38338,KNOWN
UNSW-NB15,test,882,Exploits,1,0.084068,0.38338,KNOWN
UNSW-NB15,test,883,Normal,1,0.100981,0.38338,KNOWN
UNSW-NB15,test,884,Fuzzers,1,0.206064,0.38338,KNOWN
UNSW-NB15,test,885,Normal,1,0.16243,0.38338,KNOWN
UNSW-NB15,test,886,Normal,1,0.178484,0.38338,KNOWN
UNSW-NB15,test,887,Normal,1,0.065853,0.38338,KNOWN
UNSW-NB15,test,888,Fuzzers,1,0.27006,0.38338,KNOWN
UNSW-NB15,test,889,Normal,1,0.120251,0.38338,KNOWN
UNSW-NB15,test,890,Normal,1,0.171024,0.38338,KNOWN
UNSW-NB15,test,891,Normal,1,0.100029,0.38338,KNOWN
UNSW-NB15,test,892,DoS,1,0.087697,0.38338,KNOWN
UNSW-NB15,test,893,Normal,1,0.188894,0.38338,KNOWN
UNSW-NB15,test,894,Normal,1,0.020843,0.38338,KNOWN
UNSW-NB15,test,895,Normal,1,0.092862,0.38338,KNOWN
UNSW-NB15,test,896,Normal,1,0.260804,0.38338,KNOWN
UNSW-NB15,test,897,Normal,1,0.082118,0.38338,KNOWN
UNSW-NB15,test,898,Normal,1,0.25167,0.38338,KNOWN
UNSW-NB15,test,899,Exploits,1,0.073191,0.38338,KNOWN
UNSW-NB15,test,900,Exploits,1,0.042509,0.38338,KNOWN
UNSW-NB15,test,901,Normal,1,0.140006,0.38338,KNOWN
UNSW-NB15,test,902,Reconnaissance,1,0.326688,0.38338,KNOWN
UNSW-NB15,test,903,Normal,1,0.127473,0.38338,KNOWN
UNSW-NB15,test,904,Normal,1,0.06181,0.38338,KNOWN
UNSW-NB15,test,905,Normal,1,0.249922,0.38338,KNOWN
UNSW-NB15,test,906,Exploits,1,0.15256,0.38338,KNOWN
UNSW-NB15,test,907,Normal,1,0.147769,0.38338,KNOWN
UNSW-NB15,test,908,Reconnaissance,1,0.170997,0.38338,KNOWN
UNSW-NB15,test,909,Normal,1,0.174173,0.38338,KNOWN
UNSW-NB15,test,910,Normal,1,0.058318,0.38338,KNOWN
UNSW-NB15,test,911,Normal,1,0.240063,0.38338,KNOWN
UNSW-NB15,test,912,Fuzzers,1,0.20165,0.38338,KNOWN
UNSW-NB15,test,913,Normal,1,0.061179,0.38338,KNOWN
UNSW-NB15,test,914,Normal,1,0.231,0.38338,KNOWN
UNSW-NB15,test,915,Analysis,1,0.144712,0.38338,KNOWN
UNSW-NB15,test,916,Exploits,1,0.584005,0.38338,ZERO_DAY
UNSW-NB15,test,917,Normal,1,0.178554,0.38338,KNOWN
UNSW-NB15,test,918,Normal,1,0.2232,0.38338,KNOWN
UNSW-NB15,test,919,Normal,1,0.275328,0.38338,KNOWN
UNSW-NB15,test,920,Normal,1,0.051698,0.38338,KNOWN
UNSW-NB15,test,921,Normal,1,0.420135,0.38338,ZERO_DAY
UNSW-NB15,test,922,Exploits,1,0.093238,0.38338,KNOWN
UNSW-NB15,test,923,Normal,1,0.132886,0.38338,KNOWN
UNSW-NB15,test,924,Fuzzers,1,0.017444,0.38338,KNOWN
UNSW-NB15,test,925,Normal,1,0.205475,0.38338,KNOWN
UNSW-NB15,test,926,Normal,1,0.25566,0.38338,KNOWN
UNSW-NB15,test,927,Normal,1,0.343771,0.38338,KNOWN
UNSW-NB15,test,928,Normal,1,0.148013,0.38338,KNOWN
UNSW-NB15,test,929,Exploits,1,0.139234,0.38338,KNOWN
UNSW-NB15,test,930,Normal,1,0.025307,0.38338,KNOWN
UNSW-NB15,test,931,Exploits,1,0.148767,0.38338,KNOWN
UNSW-NB15,test,932,Fuzzers,1,0.152164,0.38338,KNOWN
UNSW-NB15,test,933,Normal,1,0.124602,0.38338,KNOWN
UNSW-NB15,test,934,Exploits,1,0.117612,0.38338,KNOWN
UNSW-NB15,test,935,DoS,1,0.267714,0.38338,KNOWN
UNSW-NB15,test,936,Normal,1,0.103301,0.38338,KNOWN
UNSW-NB15,test,937,Normal,1,0.11479,0.38338,KNOWN
UNSW-NB15,test,938,Reconnaissance,1,0.191847,0.38338,KNOWN
UNSW-NB15,test,939,Normal,1,0.137212,0.38338,KNOWN
UNSW-NB15,test,940,Normal,1,0.15217,0.38338,KNOWN
UNSW-NB15,test,941,Normal,1,0.057328,0.38338,KNOWN
UNSW-NB15,test,942,Normal,1,0.251382,0.38338,KNOWN
UNSW-NB15,test,943,Normal,1,0.154876,0.38338,KNOWN
UNSW-NB15,test,944,Normal,1,0.049091,0.38338,KNOWN
UNSW-NB15,test,945,DoS,1,0.13211,0.38338,KNOWN
UNSW-NB15,test,946,Normal,1,0.04233,0.38338,KNOWN
UNSW-NB15,test,947,Exploits,1,0.080549,0.38338,KNOWN
UNSW-NB15,test,948,Normal,1,0.198444,0.38338,KNOWN
UNSW-NB15,test,949,Exploits,1,0.256777,0.38338,KNOWN
UNSW-NB15,test,950,Exploits,1,0.043867,0.38338,KNOWN
UNSW-NB15,test,951,Exploits,1,0.133299,0.38338,KNOWN
UNSW-NB15,test,952,Normal,1,0.121676,0.38338,KNOWN
UNSW-NB15,test,953,Normal,1,0.170119,0.38338,KNOWN
UNSW-NB15,test,954,Normal,1,0.057959,0.38338,KNOWN
UNSW-NB15,test,955,Normal,1,0.232408,0.38338,KNOWN
UNSW-NB15,test,956,Normal,1,0.102911,0.38338,KNOWN
UNSW-NB15,test,957,Normal,1,0.009206,0.38338,KNOWN
UNSW-NB15,test,958,Exploits,1,0.241732,0.38338,KNOWN
UNSW-NB15,test,959,Normal,1,0.025253,0.38338,KNOWN
UNSW-NB15,test,960,Normal,1,0.108692,0.38338,KNOWN
UNSW-NB15,test,961,Normal,1,0.084645,0.38338,KNOWN
UNSW-NB15,test,962,Normal,1,0.120318,0.38338,KNOWN
UNSW-NB15,test,963,Exploits,1,0.228722,0.38338,KNOWN
UNSW-NB15,test,964,Normal,1,0.245536,0.38338,KNOWN
UNSW-NB15,test,965,Fuzzers,1,0.094107,0.38338,KNOWN
UNSW-NB15,test,966,Normal,1,0.088041,0.38338,KNOWN
UNSW-NB15,test,967,Fuzzers,1,0.225699,0.38338,KNOWN
UNSW-NB15,test,968,Normal,1,0.372881,0.38338,KNOWN
UNSW-NB15,test,969,Fuzzers,1,0.149935,0.38338,KNOWN
UNSW-NB15,test,970,Exploits,1,0.255838,0.38338,KNOWN
UNSW-NB15,test,971,Exploits,1,0.131602,0.38338,KNOWN
UNSW-NB15,test,972,Exploits,1,0.183704,0.38338,KNOWN
UNSW-NB15,test,973,Exploits,1,0.172697,0.38338,KNOWN
UNSW-NB15,test,974,Normal,1,0.212185,0.38338,KNOWN
UNSW-NB15,test,975,Normal,1,0.143007,0.38338,KNOWN
UNSW-NB15,test,976,Normal,1,0.053528,0.38338,KNOWN
UNSW-NB15,test,977,Fuzzers,1,0.255373,0.38338,KNOWN
UNSW-NB15,test,978,Exploits,1,0.180524,0.38338,KNOWN
UNSW-NB15,test,979,Fuzzers,1,0.125834,0.38338,KNOWN
UNSW-NB15,test,980,Fuzzers,1,0.243435,0.38338,KNOWN
UNSW-NB15,test,981,Normal,1,0.138436,0.38338,KNOWN
UNSW-NB15,test,982,Normal,1,0.04313,0.38338,KNOWN
UNSW-NB15,test,983,Fuzzers,1,0.097797,0.38338,KNOWN
UNSW-NB15,test,984,Normal,1,0.150721,0.38338,KNOWN
UNSW-NB15,test,985,Normal,1,0.008881,0.38338,KNOWN
UNSW-NB15,test,986,Exploits,1,0.1293,0.38338,KNOWN
UNSW-NB15,test,987,Analysis,1,0.111037,0.38338,KNOWN
UNSW-NB15,test,988,Normal,1,0.176523,0.38338,KNOWN
UNSW-NB15,test,989,Fuzzers,1,0.196635,0.38338,KNOWN
UNSW-NB15,test,990,Fuzzers,1,0.08979,0.38338,KNOWN
UNSW-NB15,test,991,Normal,1,0.191885,0.38338,KNOWN
UNSW-NB15,test,992,Fuzzers,1,0.320231,0.38338,KNOWN
UNSW-NB15,test,993,Exploits,1,0.040128,0.38338,KNOWN
UNSW-NB15,test,994,Normal,1,0.239575,0.38338,KNOWN
UNSW-NB15,test,995,Normal,1,0.264832,0.38338,KNOWN
UNSW-NB15,test,996,Normal,1,0.239815,0.38338,KNOWN
UNSW-NB15,test,997,Fuzzers,1,0.156782,0.38338,KNOWN
UNSW-NB15,test,998,Normal,1,0.225947,0.38338,KNOWN
UNSW-NB15,test,999,Fuzzers,1,0.200621,0.38338,KNOWN
UNSW-NB15,test,1000,Normal,1,0.274421,0.38338,KNOWN
UNSW-NB15,test,1001,Normal,1,0.152039,0.38338,KNOWN
UNSW-NB15,test,1002,Normal,1,0.117101,0.38338,KNOWN
UNSW-NB15,test,1003,Normal,1,0.066794,0.38338,KNOWN
UNSW-NB15,test,1004,Normal,1,0.084503,0.38338,KNOWN
UNSW-NB15,test,1005,Normal,1,0.360451,0.38338,KNOWN
UNSW-NB15,test,1006,Normal,1,0.190353,0.38338,KNOWN
UNSW-NB15,test,1007,Normal,1,0.140348,0.38338,KNOWN
UNSW-NB15,test,1008,Normal,1,0.214387,0.38338,KNOWN
UNSW-NB15,test,1009,Exploits,1,0.280035,0.38338,KNOWN
UNSW-NB15,test,1010,Normal,1,0.170657,0.38338,KNOWN
UNSW-NB15,test,1011,Exploits,1,0.185462,0.38338,KNOWN
UNSW-NB15,test,1012,Normal,1,0.049712,0.38338,KNOWN
UNSW-NB15,test,1013,Exploits,1,0.084979,0.38338,KNOWN
UNSW-NB15,test,1014,Normal,1,0.12374,0.38338,KNOWN
UNSW-NB15,test,1015,Exploits,1,0.144848,0.38338,KNOWN
UNSW-NB15,test,1016,Fuzzers,1,0.194356,0.38338,KNOWN
UNSW-NB15,test,1017,Reconnaissance,1,0.295505,0.38338,KNOWN
UNSW-NB15,test,1018,Normal,1,0.130919,0.38338,KNOWN
UNSW-NB15,test,1019,Normal,1,0.228015,0.38338,KNOWN
UNSW-NB15,test,1020,Fuzzers,1,0.078349,0.38338,KNOWN
UNSW-NB15,test,1021,Exploits,1,0.181178,0.38338,KNOWN
UNSW-NB15,test,1022,Normal,1,0.088487,0.38338,KNOWN
UNSW-NB15,test,1023,Normal,1,0.251545,0.38338,KNOWN
UNSW-NB15,test,1024,Exploits,1,0.157318,0.38338,KNOWN
UNSW-NB15,test,1025,Normal,1,0.057832,0.38338,KNOWN
UNSW-NB15,test,1026,Normal,1,0.201454,0.38338,KNOWN
UNSW-NB15,test,1027,Fuzzers,1,0.073735,0.38338,KNOWN
UNSW-NB15,test,1028,Normal,1,0.200899,0.38338,KNOWN
UNSW-NB15,test,1029,Normal,1,0.112812,0.38338,KNOWN
UNSW-NB15,test,1030,Normal,1,0.191266,0.38338,KNOWN
UNSW-NB15,test,1031,Normal,1,0.031355,0.38338,KNOWN
UNSW-NB15,test,1032,Normal,1,0.079019,0.38338,KNOWN
UNSW-NB15,test,1033,Normal,1,0.297185,0.38338,KNOWN
UNSW-NB15,test,1034,Normal,1,0.212599,0.38338,KNOWN
UNSW-NB15,test,1035,Exploits,1,0.308685,0.38338,KNOWN
UNSW-NB15,test,1036,Normal,1,0.198843,0.38338,KNOWN
UNSW-NB15,test,1037,Normal,1,0.034781,0.38338,KNOWN
UNSW-NB15,test,1038,Analysis,1,0.278985,0.38338,KNOWN
UNSW-NB15,test,1039,Normal,1,0.34643,0.38338,KNOWN
UNSW-NB15,test,1040,Normal,1,0.046968,0.38338,KNOWN
UNSW-NB15,test,1041,Normal,1,0.249044,0.38338,KNOWN
UNSW-NB15,test,1042,Normal,1,0.195924,0.38338,KNOWN
UNSW-NB15,test,1043,Normal,1,0.151033,0.38338,KNOWN
UNSW-NB15,test,1044,Exploits,1,0.259994,0.38338,KNOWN
UNSW-NB15,test,1045,Normal,1,0.052704,0.38338,KNOWN
UNSW-NB15,test,1046,Normal,1,0.145984,0.38338,KNOWN
UNSW-NB15,test,1047,Fuzzers,1,0.238377,0.38338,KNOWN
UNSW-NB15,test,1048,Normal,1,0.183677,0.38338,KNOWN
UNSW-NB15,test,1049,Reconnaissance,1,0.01009,0.38338,KNOWN
UNSW-NB15,test,1050,Exploits,1,0.312265,0.38338,KNOWN
UNSW-NB15,test,1051,Fuzzers,1,0.320882,0.38338,KNOWN
UNSW-NB15,test,1052,Reconnaissance,1,0.286388,0.38338,KNOWN
UNSW-NB15,test,1053,Reconnaissance,1,0.230618,0.38338,KNOWN
UNSW-NB15,test,1054,Normal,1,0.12947,0.38338,KNOWN
UNSW-NB15,test,1055,Reconnaissance,1,0.159037,0.38338,KNOWN
UNSW-NB15,test,1056,Normal,1,0.085209,0.38338,KNOWN
UNSW-NB15,test,1057,Normal,1,0.181045,0.38338,KNOWN
UNSW-NB15,test,1058,Normal,1,0.042603,0.38338,KNOWN
UNSW-NB15,test,1059,Normal,1,0.195027,0.38338,KNOWN
UNSW-NB15,test,1060,Reconnaissance,1,0.230719,0.38338,KNOWN
UNSW-NB15,test,1061,Backdoor,1,0.061788,0.38338,KNOWN
UNSW-NB15,test,1062,DoS,1,0.204469,0.38338,KNOWN
UNSW-NB15,test,1063,Exploits,1,0.227028,0.38338,KNOWN
UNSW-NB15,test,1064,Normal,1,0.263518,0.38338,KNOWN
UNSW-NB15,test,1065,Reconnaissance,1,0.262684,0.38338,KNOWN
UNSW-NB15,test,1066,Normal,1,0.142183,0.38338,KNOWN
UNSW-NB15,test,1067,DoS,1,0.135284,0.38338,KNOWN
UNSW-NB15,test,1068,Exploits,1,0.040519,0.38338,KNOWN
UNSW-NB15,test,1069,Fuzzers,1,0.174076,0.38338,KNOWN
UNSW-NB15,test,1070,Reconnaissance,1,0.273554,0.38338,KNOWN
UNSW-NB15,test,1071,Exploits,1,0.174537,0.38338,KNOWN
UNSW-NB15,test,1072,Generic,1,0.08645,0.38338,KNOWN
UNSW-NB15,test,1073,Exploits,1,0.034968,0.38338,KNOWN
UNSW-NB15,test,1074,Normal,1,0.283332,0.38338,KNOWN
UNSW-NB15,test,1075,Normal,1,0.230913,0.38338,KNOWN
UNSW-NB15,test,1076,Normal,1,0.10885,0.38338,KNOWN
UNSW-NB15,test,1077,Normal,1,0.26127,0.38338,KNOWN
UNSW-NB15,test,1078,Normal,1,0.112125,0.38338,KNOWN
UNSW-NB15,test,1079,Exploits,1,0.075654,0.38338,KNOWN
UNSW-NB15,test,1080,Normal,1,0.07887,0.38338,KNOWN
UNSW-NB15,test,1081,Normal,1,0.095628,0.38338,KNOWN
UNSW-NB15,test,1082,Normal,1,0.295202,0.38338,KNOWN
UNSW-NB15,test,1083,Fuzzers,1,0.181603,0.38338,KNOWN
UNSW-NB15,test,1084,Normal,1,0.09674,0.38338,KNOWN
UNSW-NB15,test,1085,Normal,1,0.045642,0.38338,KNOWN
UNSW-NB15,test,1086,Normal,1,0.139542,0.38338,KNOWN
UNSW-NB15,test,1087,Exploits,1,0.108157,0.38338,KNOWN
UNSW-NB15,test,1088,Normal,1,0.1505,0.38338,KNOWN
UNSW-NB15,test,1089,Exploits,1,0.101429,0.38338,KNOWN
UNSW-NB15,test,1090,Generic,1,0.248905,0.38338,KNOWN
UNSW-NB15,test,1091,Normal,1,0.007511,0.38338,KNOWN
UNSW-NB15,test,1092,Normal,1,0.117283,0.38338,KNOWN
UNSW-NB15,test,1093,Normal,1,0.114418,0.38338,KNOWN
UNSW-NB15,test,1094,Exploits,1,0.112292,0.38338,KNOWN
UNSW-NB15,test,1095,Reconnaissance,1,0.25761,0.38338,KNOWN
UNSW-NB15,test,1096,Normal,1,0.054562,0.38338,KNOWN
UNSW-NB15,test,1097,Fuzzers,1,0.415147,0.38338,ZERO_DAY
UNSW-NB15,test,1098,Exploits,1,0.181297,0.38338,KNOWN
UNSW-NB15,test,1099,Normal,1,0.229936,0.38338,KNOWN
UNSW-NB15,test,1100,Normal,1,0.077207,0.38338,KNOWN
UNSW-NB15,test,1101,Exploits,1,0.190155,0.38338,KNOWN
UNSW-NB15,test,1102,Reconnaissance,1,0.077251,0.38338,KNOWN
UNSW-NB15,test,1103,Fuzzers,1,0.111689,0.38338,KNOWN
UNSW-NB15,test,1104,DoS,1,0.164656,0.38338,KNOWN
UNSW-NB15,test,1105,Normal,1,0.204427,0.38338,KNOWN
UNSW-NB15,test,1106,Normal,1,0.136395,0.38338,KNOWN
UNSW-NB15,test,1107,Normal,1,0.157344,0.38338,KNOWN
UNSW-NB15,test,1108,Exploits,1,0.130418,0.38338,KNOWN
UNSW-NB15,test,1109,Normal,1,0.143991,0.38338,KNOWN
UNSW-NB15,test,1110,Normal,1,0.244575,0.38338,KNOWN
UNSW-NB15,test,1111,Fuzzers,1,0.061393,0.38338,KNOWN
UNSW-NB15,test,1112,Normal,1,0.255225,0.38338,KNOWN
UNSW-NB15,test,1113,Normal,1,0.07558,0.38338,KNOWN
UNSW-NB15,test,1114,Fuzzers,1,0.087801,0.38338,KNOWN
UNSW-NB15,test,1115,Exploits,1,0.098789,0.38338,KNOWN
UNSW-NB15,test,1116,Normal,1,0.279978,0.38338,KNOWN
UNSW-NB15,test,1117,Normal,1,0.052336,0.38338,KNOWN
UNSW-NB15,test,1118,Normal,1,0.264024,0.38338,KNOWN
UNSW-NB15,test,1119,Normal,1,0.262467,0.38338,KNOWN
UNSW-NB15,test,1120,Fuzzers,1,0.17435,0.38338,KNOWN
UNSW-NB15,test,1121,Normal,1,0.266653,0.38338,KNOWN
UNSW-NB15,test,1122,Normal,1,0.145565,0.38338,KNOWN
UNSW-NB15,test,1123,Normal,1,0.136178,0.38338,KNOWN
UNSW-NB15,test,1124,Normal,1,0.277708,0.38338,KNOWN
UNSW-NB15,test,1125,Fuzzers,1,0.276521,0.38338,KNOWN
UNSW-NB15,test,1126,Normal,1,0.296846,0.38338,KNOWN
UNSW-NB15,test,1127,DoS,1,0.206608,0.38338,KNOWN
UNSW-NB15,test,1128,Normal,1,0.143819,0.38338,KNOWN
UNSW-NB15,test,1129,Normal,1,0.070543,0.38338,KNOWN
UNSW-NB15,test,1130,Normal,1,0.219552,0.38338,KNOWN
UNSW-NB15,test,1131,Fuzzers,1,0.068882,0.38338,KNOWN
UNSW-NB15,test,1132,Exploits,1,0.07144,0.38338,KNOWN
UNSW-NB15,test,1133,Normal,1,0.213296,0.38338,KNOWN
UNSW-NB15,test,1134,Normal,1,0.203015,0.38338,KNOWN
UNSW-NB15,test,1135,Normal,1,0.170305,0.38338,KNOWN
UNSW-NB15,test,1136,Normal,1,0.134673,0.38338,KNOWN
UNSW-NB15,test,1137,Exploits,1,0.214498,0.38338,KNOWN
UNSW-NB15,test,1138,Normal,1,0.082387,0.38338,KNOWN
UNSW-NB15,test,1139,Normal,1,0.08581,0.38338,KNOWN
UNSW-NB15,test,1140,Normal,1,0.214726,0.38338,KNOWN
UNSW-NB15,test,1141,Normal,1,0.154607,0.38338,KNOWN
UNSW-NB15,test,1142,Normal,1,0.161605,0.38338,KNOWN
UNSW-NB15,test,1143,Fuzzers,1,0.271433,0.38338,KNOWN
UNSW-NB15,test,1144,Normal,1,0.07941,0.38338,KNOWN
UNSW-NB15,test,1145,Fuzzers,1,0.144424,0.38338,KNOWN
UNSW-NB15,test,1146,Normal,1,0.259147,0.38338,KNOWN
UNSW-NB15,test,1147,Normal,1,0.168174,0.38338,KNOWN
UNSW-NB15,test,1148,Generic,1,0.195783,0.38338,KNOWN
UNSW-NB15,test,1149,Normal,1,0.228047,0.38338,KNOWN
UNSW-NB15,test,1150,Normal,1,0.291264,0.38338,KNOWN
UNSW-NB15,test,1151,Normal,1,0.12947,0.38338,KNOWN
UNSW-NB15,test,1152,Exploits,1,0.123605,0.38338,KNOWN
UNSW-NB15,test,1153,Normal,1,0.007034,0.38338,KNOWN
UNSW-NB15,test,1154,DoS,1,0.146723,0.38338,KNOWN
UNSW-NB15,test,1155,Normal,1,0.164617,0.38338,KNOWN
UNSW-NB15,test,1156,Fuzzers,1,0.147227,0.38338,KNOWN
UNSW-NB15,test,1157,Normal,1,0.050114,0.38338,KNOWN
UNSW-NB15,test,1158,Normal,1,0.107951,0.38338,KNOWN
UNSW-NB15,test,1159,Fuzzers,1,0.128932,0.38338,KNOWN
UNSW-NB15,test,1160,Normal,1,0.225102,0.38338,KNOWN
UNSW-NB15,test,1161,Exploits,1,0.232428,0.38338,KNOWN
UNSW-NB15,test,1162,Reconnaissance,1,0.06201,0.38338,KNOWN
UNSW-NB15,test,1163,Reconnaissance,1,0.164275,0.38338,KNOWN
UNSW-NB15,test,1164,Normal,1,0.230607,0.38338,KNOWN
UNSW-NB15,test,1165,Normal,1,0.255487,0.38338,KNOWN
UNSW-NB15,test,1166,Normal,1,0.082005,0.38338,KNOWN
UNSW-NB15,test,1167,Normal,1,0.202992,0.38338,KNOWN
UNSW-NB15,test,1168,Normal,1,0.164928,0.38338,KNOWN
UNSW-NB15,test,1169,Fuzzers,1,0.248214,0.38338,KNOWN
UNSW-NB15,test,1170,Fuzzers,1,0.070086,0.38338,KNOWN
UNSW-NB15,test,1171,Exploits,1,0.384707,0.38338,ZERO_DAY
UNSW-NB15,test,1172,Normal,1,0.24505,0.38338,KNOWN
UNSW-NB15,test,1173,Exploits,1,0.067467,0.38338,KNOWN
UNSW-NB15,test,1174,Normal,1,0.132795,0.38338,KNOWN
UNSW-NB15,test,1175,Exploits,1,0.481613,0.38338,ZERO_DAY
UNSW-NB15,test,1176,Normal,1,0.367438,0.38338,KNOWN
UNSW-NB15,test,1177,Exploits,1,0.194533,0.38338,KNOWN
UNSW-NB15,test,1178,Normal,1,0.135325,0.38338,KNOWN
UNSW-NB15,test,1179,Reconnaissance,1,0.114273,0.38338,KNOWN
UNSW-NB15,test,1180,Exploits,1,0.432231,0.38338,ZERO_DAY
UNSW-NB15,test,1181,Normal,1,0.128878,0.38338,KNOWN
UNSW-NB15,test,1182,Normal,1,0.258019,0.38338,KNOWN
UNSW-NB15,test,1183,Exploits,1,0.080386,0.38338,KNOWN
UNSW-NB15,test,1184,Fuzzers,1,0.009689,0.38338,KNOWN
UNSW-NB15,test,1185,Normal,1,0.09187,0.38338,KNOWN
UNSW-NB15,test,1186,Exploits,1,0.182715,0.38338,KNOWN
UNSW-NB15,test,1187,Exploits,1,0.237123,0.38338,KNOWN
UNSW-NB15,test,1188,Fuzzers,1,0.149634,0.38338,KNOWN
UNSW-NB15,test,1189,Normal,1,0.080544,0.38338,KNOWN
UNSW-NB15,test,1190,Exploits,1,0.337895,0.38338,KNOWN
UNSW-NB15,test,1191,Normal,1,0.281614,0.38338,KNOWN
UNSW-NB15,test,1192,Exploits,1,0.089652,0.38338,KNOWN
UNSW-NB15,test,1193,Normal,1,0.495075,0.38338,ZERO_DAY
UNSW-NB15,test,1194,Reconnaissance,1,0.200362,0.38338,KNOWN
UNSW-NB15,test,1195,Reconnaissance,1,0.031125,0.38338,KNOWN
UNSW-NB15,test,1196,Normal,1,0.154851,0.38338,KNOWN
UNSW-NB15,test,1197,Exploits,1,0.018868,0.38338,KNOWN
UNSW-NB15,test,1198,Fuzzers,1,0.265728,0.38338,KNOWN
UNSW-NB15,test,1199,Normal,1,0.15344,0.38338,KNOWN
UNSW-NB15,test,1200,Normal,1,0.151964,0.38338,KNOWN
UNSW-NB15,test,1201,Normal,1,0.140666,0.38338,KNOWN
UNSW-NB15,test,1202,Normal,1,0.041892,0.38338,KNOWN
UNSW-NB15,test,1203,Normal,1,0.388433,0.38338,ZERO_DAY
UNSW-NB15,test,1204,Normal,1,0.121255,0.38338,KNOWN
UNSW-NB15,test,1205,Normal,1,0.221208,0.38338,KNOWN
UNSW-NB15,test,1206,Normal,1,0.183294,0.38338,KNOWN
UNSW-NB15,test,1207,Normal,1,0.172305,0.38338,KNOWN
UNSW-NB15,test,1208,Fuzzers,1,0.12359,0.38338,KNOWN
UNSW-NB15,test,1209,Normal,1,0.207678,0.38338,KNOWN
UNSW-NB15,test,1210,Normal,1,0.140802,0.38338,KNOWN
UNSW-NB15,test,1211,Normal,1,0.258809,0.38338,KNOWN
UNSW-NB15,test,1212,Normal,1,0.499418,0.38338,ZERO_DAY
UNSW-NB15,test,1213,Normal,1,0.042013,0.38338,KNOWN
UNSW-NB15,test,1214,Exploits,1,0.323691,0.38338,KNOWN
UNSW-NB15,test,1215,Fuzzers,1,0.23838,0.38338,KNOWN
UNSW-NB15,test,1216,Normal,1,0.158078,0.38338,KNOWN
UNSW-NB15,test,1217,Normal,1,0.284515,0.38338,KNOWN
UNSW-NB15,test,1218,Exploits,1,0.126101,0.38338,KNOWN
UNSW-NB15,test,1219,DoS,1,0.186998,0.38338,KNOWN
UNSW-NB15,test,1220,Exploits,1,0.390599,0.38338,ZERO_DAY
UNSW-NB15,test,1221,Reconnaissance,1,0.099963,0.38338,KNOWN
UNSW-NB15,test,1222,Fuzzers,1,0.381622,0.38338,KNOWN
UNSW-NB15,test,1223,Reconnaissance,1,0.190448,0.38338,KNOWN
UNSW-NB15,test,1224,Normal,1,0.109105,0.38338,KNOWN
UNSW-NB15,test,1225,Normal,1,0.258412,0.38338,KNOWN
UNSW-NB15,test,1226,Normal,1,0.253955,0.38338,KNOWN
UNSW-NB15,test,1227,Exploits,1,0.087565,0.38338,KNOWN
UNSW-NB15,test,1228,Normal,1,0.079377,0.38338,KNOWN
UNSW-NB15,test,1229,Fuzzers,1,0.068629,0.38338,KNOWN
UNSW-NB15,test,1230,Normal,1,0.069672,0.38338,KNOWN
UNSW-NB15,test,1231,Normal,1,0.157479,0.38338,KNOWN
UNSW-NB15,test,1232,Normal,1,0.045506,0.38338,KNOWN
UNSW-NB15,test,1233,Normal,1,0.075485,0.38338,KNOWN
UNSW-NB15,test,1234,Reconnaissance,1,0.245465,0.38338,KNOWN
UNSW-NB15,test,1235,Fuzzers,1,0.057392,0.38338,KNOWN
UNSW-NB15,test,1236,Exploits,1,0.222975,0.38338,KNOWN
UNSW-NB15,test,1237,Normal,1,0.101365,0.38338,KNOWN
UNSW-NB15,test,1238,Exploits,1,0.05561,0.38338,KNOWN
UNSW-NB15,test,1239,Normal,1,0.20151,0.38338,KNOWN
UNSW-NB15,test,1240,Normal,1,0.06964,0.38338,KNOWN
UNSW-NB15,test,1241,Normal,1,0.125752,0.38338,KNOWN
UNSW-NB15,test,1242,Exploits,1,0.074079,0.38338,KNOWN
UNSW-NB15,test,1243,Reconnaissance,1,0.102812,0.38338,KNOWN
UNSW-NB15,test,1244,Normal,1,0.148317,0.38338,KNOWN
UNSW-NB15,test,1245,Fuzzers,1,0.049304,0.38338,KNOWN
UNSW-NB15,test,1246,Normal,1,0.163274,0.38338,KNOWN
UNSW-NB15,test,1247,Exploits,1,0.280593,0.38338,KNOWN
UNSW-NB15,test,1248,Normal,1,0.151871,0.38338,KNOWN
UNSW-NB15,test,1249,Normal,1,0.172695,0.38338,KNOWN
UNSW-NB15,test,1250,Normal,1,0.054687,0.38338,KNOWN
UNSW-NB15,test,1251,Normal,1,0.335028,0.38338,KNOWN
UNSW-NB15,test,1252,Analysis,1,0.066719,0.38338,KNOWN
UNSW-NB15,test,1253,Normal,1,0.097804,0.38338,KNOWN
UNSW-NB15,test,1254,Fuzzers,1,0.19909,0.38338,KNOWN
UNSW-NB15,test,1255,Generic,1,0.079634,0.38338,KNOWN
UNSW-NB15,test,1256,Normal,1,0.314827,0.38338,KNOWN
UNSW-NB15,test,1257,Normal,1,0.134869,0.38338,KNOWN
UNSW-NB15,test,1258,Normal,1,0.106248,0.38338,KNOWN
UNSW-NB15,test,1259,Exploits,1,0.074553,0.38338,KNOWN
UNSW-NB15,test,1260,Normal,1,0.082933,0.38338,KNOWN
UNSW-NB15,test,1261,Normal,1,0.304204,0.38338,KNOWN
UNSW-NB15,test,1262,Normal,1,0.231953,0.38338,KNOWN
UNSW-NB15,test,1263,Normal,1,0.294866,0.38338,KNOWN
UNSW-NB15,test,1264,Normal,1,0.254332,0.38338,KNOWN
UNSW-NB15,test,1265,Exploits,1,0.087991,0.38338,KNOWN
UNSW-NB15,test,1266,Fuzzers,1,0.274118,0.38338,KNOWN
UNSW-NB15,test,1267,DoS,1,0.456946,0.38338,ZERO_DAY
UNSW-NB15,test,1268,Normal,1,0.162871,0.38338,KNOWN
UNSW-NB15,test,1269,Normal,1,0.242704,0.38338,KNOWN
UNSW-NB15,test,1270,Exploits,1,0.289094,0.38338,KNOWN
UNSW-NB15,test,1271,Normal,1,0.234768,0.38338,KNOWN
UNSW-NB15,test,1272,Normal,1,0.096103,0.38338,KNOWN
UNSW-NB15,test,1273,Exploits,1,0.202095,0.38338,KNOWN
UNSW-NB15,test,1274,Fuzzers,1,0.067151,0.38338,KNOWN
UNSW-NB15,test,1275,Normal,1,0.382705,0.38338,KNOWN
UNSW-NB15,test,1276,Normal,1,0.273325,0.38338,KNOWN
UNSW-NB15,test,1277,Exploits,1,0.364138,0.38338,KNOWN
UNSW-NB15,test,1278,Normal,1,0.246197,0.38338,KNOWN
UNSW-NB15,test,1279,Generic,1,0.4033,0.38338,ZERO_DAY
UNSW-NB15,test,1280,Exploits,1,0.315288,0.38338,KNOWN
UNSW-NB15,test,1281,Normal,1,0.053705,0.38338,KNOWN
UNSW-NB15,test,1282,Exploits,1,0.234089,0.38338,KNOWN
UNSW-NB15,test,1283,Normal,1,0.147168,0.38338,KNOWN
UNSW-NB15,test,1284,Normal,1,0.091094,0.38338,KNOWN
UNSW-NB15,test,1285,Generic,1,0.100189,0.38338,KNOWN
UNSW-NB15,test,1286,Normal,1,0.160144,0.38338,KNOWN
UNSW-NB15,test,1287,Normal,1,0.242108,0.38338,KNOWN
UNSW-NB15,test,1288,Exploits,1,0.147791,0.38338,KNOWN
UNSW-NB15,test,1289,Fuzzers,1,0.059281,0.38338,KNOWN
UNSW-NB15,test,1290,Normal,1,0.183425,0.38338,KNOWN
UNSW-NB15,test,1291,Fuzzers,1,0.191938,0.38338,KNOWN
UNSW-NB15,test,1292,Exploits,1,0.155959,0.38338,KNOWN
UNSW-NB15,test,1293,Normal,1,0.418692,0.38338,ZERO_DAY
UNSW-NB15,test,1294,Normal,1,0.107303,0.38338,KNOWN
UNSW-NB15,test,1295,Exploits,1,0.301225,0.38338,KNOWN
UNSW-NB15,test,1296,Reconnaissance,1,0.369013,0.38338,KNOWN
UNSW-NB15,test,1297,Normal,1,0.344566,0.38338,KNOWN
UNSW-NB15,test,1298,Exploits,1,0.109012,0.38338,KNOWN
UNSW-NB15,test,1299,Normal,1,0.132754,0.38338,KNOWN
UNSW-NB15,test,1300,Fuzzers,1,0.233674,0.38338,KNOWN
UNSW-NB15,test,1301,Exploits,1,0.266909,0.38338,KNOWN
UNSW-NB15,test,1302,Normal,1,0.213163,0.38338,KNOWN
UNSW-NB15,test,1303,Exploits,1,0.075889,0.38338,KNOWN
UNSW-NB15,test,1304,Exploits,1,0.304631,0.38338,KNOWN
UNSW-NB15,test,1305,Normal,1,0.206222,0.38338,KNOWN
UNSW-NB15,test,1306,Exploits,1,0.136611,0.38338,KNOWN
UNSW-NB15,test,1307,DoS,1,0.224503,0.38338,KNOWN
UNSW-NB15,test,1308,Normal,1,0.215568,0.38338,KNOWN
UNSW-NB15,test,1309,Reconnaissance,1,0.009301,0.38338,KNOWN
UNSW-NB15,test,1310,Fuzzers,1,0.23761,0.38338,KNOWN
UNSW-NB15,test,1311,Normal,1,0.293253,0.38338,KNOWN
UNSW-NB15,test,1312,Normal,1,0.027293,0.38338,KNOWN
UNSW-NB15,test,1313,Fuzzers,1,0.088239,0.38338,KNOWN
UNSW-NB15,test,1314,Normal,1,0.212461,0.38338,KNOWN
UNSW-NB15,test,1315,Normal,1,0.120142,0.38338,KNOWN
UNSW-NB15,test,1316,Normal,1,0.100348,0.38338,KNOWN
UNSW-NB15,test,1317,Exploits,1,0.408329,0.38338,ZERO_DAY
UNSW-NB15,test,1318,Normal,1,0.183447,0.38338,KNOWN
UNSW-NB15,test,1319,Exploits,1,0.184663,0.38338,KNOWN
UNSW-NB15,test,1320,Normal,1,0.04265,0.38338,KNOWN
UNSW-NB15,test,1321,Fuzzers,1,0.11111,0.38338,KNOWN
UNSW-NB15,test,1322,Reconnaissance,1,0.26745,0.38338,KNOWN
UNSW-NB15,test,1323,Exploits,1,0.103535,0.38338,KNOWN
UNSW-NB15,test,1324,Normal,1,0.215354,0.38338,KNOWN
UNSW-NB15,test,1325,Normal,1,0.201605,0.38338,KNOWN
UNSW-NB15,test,1326,Normal,1,0.107308,0.38338,KNOWN
UNSW-NB15,test,1327,Normal,1,0.469555,0.38338,ZERO_DAY
UNSW-NB15,test,1328,DoS,1,0.204183,0.38338,KNOWN
UNSW-NB15,test,1329,Normal,1,0.114004,0.38338,KNOWN
UNSW-NB15,test,1330,Normal,1,0.440501,0.38338,ZERO_DAY
UNSW-NB15,test,1331,Exploits,1,0.172635,0.38338,KNOWN
UNSW-NB15,test,1332,Fuzzers,1,0.135015,0.38338,KNOWN
UNSW-NB15,test,1333,Exploits,1,0.110829,0.38338,KNOWN
UNSW-NB15,test,1334,Normal,1,0.239889,0.38338,KNOWN
UNSW-NB15,test,1335,Normal,1,0.184031,0.38338,KNOWN
UNSW-NB15,test,1336,Exploits,1,0.098822,0.38338,KNOWN
UNSW-NB15,test,1337,Exploits,1,0.215622,0.38338,KNOWN
UNSW-NB15,test,1338,Fuzzers,1,0.080173,0.38338,KNOWN
UNSW-NB15,test,1339,Normal,1,0.42478,0.38338,ZERO_DAY
UNSW-NB15,test,1340,DoS,1,0.060737,0.38338,KNOWN
UNSW-NB15,test,1341,Normal,1,0.201711,0.38338,KNOWN
UNSW-NB15,test,1342,Normal,1,0.114569,0.38338,KNOWN
UNSW-NB15,test,1343,Exploits,1,0.035069,0.38338,KNOWN
UNSW-NB15,test,1344,Normal,1,0.059507,0.38338,KNOWN
UNSW-NB15,test,1345,Normal,1,0.377302,0.38338,KNOWN
UNSW-NB15,test,1346,Normal,1,0.284006,0.38338,KNOWN
UNSW-NB15,test,1347,Normal,1,0.162352,0.38338,KNOWN
UNSW-NB15,test,1348,Normal,1,0.3196,0.38338,KNOWN
UNSW-NB15,test,1349,Normal,1,0.299939,0.38338,KNOWN
UNSW-NB15,test,1350,Normal,1,0.14249,0.38338,KNOWN
UNSW-NB15,test,1351,Normal,1,0.055623,0.38338,KNOWN
UNSW-NB15,test,1352,Normal,1,0.287684,0.38338,KNOWN
UNSW-NB15,test,1353,Fuzzers,1,0.036127,0.38338,KNOWN
UNSW-NB15,test,1354,Exploits,1,0.052501,0.38338,KNOWN
UNSW-NB15,test,1355,Fuzzers,1,0.293709,0.38338,KNOWN
UNSW-NB15,test,1356,Normal,1,0.375804,0.38338,KNOWN
UNSW-NB15,test,1357,Normal,1,0.074809,0.38338,KNOWN
UNSW-NB15,test,1358,Fuzzers,1,0.201415,0.38338,KNOWN
UNSW-NB15,test,1359,Normal,1,0.065843,0.38338,KNOWN
UNSW-NB15,test,1360,Exploits,1,0.202624,0.38338,KNOWN
UNSW-NB15,test,1361,Normal,1,0.152634,0.38338,KNOWN
UNSW-NB15,test,1362,Fuzzers,1,0.192746,0.38338,KNOWN
UNSW-NB15,test,1363,Fuzzers,1,0.316408,0.38338,KNOWN
UNSW-NB15,test,1364,Normal,1,0.198451,0.38338,KNOWN
UNSW-NB15,test,1365,Fuzzers,1,0.071439,0.38338,KNOWN
UNSW-NB15,test,1366,Normal,1,0.269288,0.38338,KNOWN
UNSW-NB15,test,1367,Normal,1,0.15098,0.38338,KNOWN
UNSW-NB15,test,1368,Fuzzers,1,0.248021,0.38338,KNOWN
UNSW-NB15,test,1369,Normal,1,0.371583,0.38338,KNOWN
UNSW-NB15,test,1370,Normal,1,0.113637,0.38338,KNOWN
UNSW-NB15,test,1371,Normal,1,0.104354,0.38338,KNOWN
UNSW-NB15,test,1372,Normal,1,0.007848,0.38338,KNOWN
UNSW-NB15,test,1373,Fuzzers,1,0.266158,0.38338,KNOWN
UNSW-NB15,test,1374,Normal,1,0.236371,0.38338,KNOWN
UNSW-NB15,test,1375,DoS,1,0.069589,0.38338,KNOWN
UNSW-NB15,test,1376,Fuzzers,1,0.160068,0.38338,KNOWN
UNSW-NB15,test,1377,Reconnaissance,1,0.073531,0.38338,KNOWN
UNSW-NB15,test,1378,Normal,1,0.122856,0.38338,KNOWN
UNSW-NB15,test,1379,Backdoor,1,0.105863,0.38338,KNOWN
UNSW-NB15,test,1380,Normal,1,0.378803,0.38338,KNOWN
UNSW-NB15,test,1381,Generic,1,0.344156,0.38338,KNOWN
UNSW-NB15,test,1382,Fuzzers,1,0.012538,0.38338,KNOWN
UNSW-NB15,test,1383,Normal,1,0.117378,0.38338,KNOWN
UNSW-NB15,test,1384,Exploits,1,0.180863,0.38338,KNOWN
UNSW-NB15,test,1385,Exploits,1,0.114915,0.38338,KNOWN
UNSW-NB15,test,1386,Normal,1,0.250045,0.38338,KNOWN
UNSW-NB15,test,1387,Normal,1,0.165174,0.38338,KNOWN
UNSW-NB15,test,1388,Exploits,1,0.101137,0.38338,KNOWN
UNSW-NB15,test,1389,Normal,1,0.087091,0.38338,KNOWN
UNSW-NB15,test,1390,Exploits,1,0.240369,0.38338,KNOWN
UNSW-NB15,test,1391,Normal,1,0.233542,0.38338,KNOWN
UNSW-NB15,test,1392,DoS,1,0.328121,0.38338,KNOWN
UNSW-NB15,test,1393,Exploits,1,0.261631,0.38338,KNOWN
UNSW-NB15,test,1394,Exploits,1,0.119708,0.38338,KNOWN
UNSW-NB15,test,1395,Exploits,1,0.114322,0.38338,KNOWN
UNSW-NB15,test,1396,Normal,1,0.274213,0.38338,KNOWN
UNSW-NB15,test,1397,Normal,1,0.123886,0.38338,KNOWN
UNSW-NB15,test,1398,Exploits,1,0.055423,0.38338,KNOWN
UNSW-NB15,test,1399,Normal,1,0.034845,0.38338,KNOWN
UNSW-NB15,test,1400,Exploits,1,0.360773,0.38338,KNOWN
UNSW-NB15,test,1401,Normal,1,0.051029,0.38338,KNOWN
UNSW-NB15,test,1402,Reconnaissance,1,0.050555,0.38338,KNOWN
UNSW-NB15,test,1403,Normal,1,0.271628,0.38338,KNOWN
UNSW-NB15,test,1404,Normal,1,0.1434,0.38338,KNOWN
UNSW-NB15,test,1405,Normal,1,0.346521,0.38338,KNOWN
UNSW-NB15,test,1406,Fuzzers,1,0.390419,0.38338,ZERO_DAY
UNSW-NB15,test,1407,Normal,1,0.115868,0.38338,KNOWN
UNSW-NB15,test,1408,Normal,1,0.08303,0.38338,KNOWN
UNSW-NB15,test,1409,Exploits,1,0.273949,0.38338,KNOWN
UNSW-NB15,test,1410,Fuzzers,1,0.248051,0.38338,KNOWN
UNSW-NB15,test,1411,Normal,1,0.063593,0.38338,KNOWN
UNSW-NB15,test,1412,Fuzzers,1,0.268115,0.38338,KNOWN
UNSW-NB15,test,1413,Normal,1,0.060031,0.38338,KNOWN
UNSW-NB15,test,1414,Exploits,1,0.034799,0.38338,KNOWN
UNSW-NB15,test,1415,Reconnaissance,1,0.116571,0.38338,KNOWN
UNSW-NB15,test,1416,Normal,1,0.341219,0.38338,KNOWN
UNSW-NB15,test,1417,Exploits,1,0.190366,0.38338,KNOWN
UNSW-NB15,test,1418,Exploits,1,0.214574,0.38338,KNOWN
UNSW-NB15,test,1419,Normal,1,0.071107,0.38338,KNOWN
UNSW-NB15,test,1420,Normal,1,0.250994,0.38338,KNOWN
UNSW-NB15,test,1421,Normal,1,0.152054,0.38338,KNOWN
UNSW-NB15,test,1422,Normal,1,0.382618,0.38338,KNOWN
UNSW-NB15,test,1423,Reconnaissance,1,0.039669,0.38338,KNOWN
UNSW-NB15,test,1424,Normal,1,0.261552,0.38338,KNOWN
UNSW-NB15,test,1425,Normal,1,0.197704,0.38338,KNOWN
UNSW-NB15,test,1426,Exploits,1,0.151818,0.38338,KNOWN
UNSW-NB15,test,1427,Normal,1,0.093061,0.38338,KNOWN
UNSW-NB15,test,1428,Normal,1,0.155815,0.38338,KNOWN
UNSW-NB15,test,1429,Exploits,1,0.067894,0.38338,KNOWN
UNSW-NB15,test,1430,Normal,1,0.188306,0.38338,KNOWN
UNSW-NB15,test,1431,Reconnaissance,1,0.310216,0.38338,KNOWN
UNSW-NB15,test,1432,Normal,1,0.204907,0.38338,KNOWN
UNSW-NB15,test,1433,Normal,1,0.32908,0.38338,KNOWN
UNSW-NB15,test,1434,Normal,1,0.361038,0.38338,KNOWN
UNSW-NB15,test,1435,Normal,1,0.286344,0.38338,KNOWN
UNSW-NB15,test,1436,Normal,1,0.440527,0.38338,ZERO_DAY
UNSW-NB15,test,1437,Normal,1,0.262043,0.38338,KNOWN
UNSW-NB15,test,1438,Exploits,1,0.218105,0.38338,KNOWN
UNSW-NB15,test,1439,Normal,1,0.239096,0.38338,KNOWN
UNSW-NB15,test,1440,Exploits,1,0.123809,0.38338,KNOWN
UNSW-NB15,test,1441,Backdoor,1,0.209701,0.38338,KNOWN
UNSW-NB15,test,1442,Exploits,1,0.283884,0.38338,KNOWN
UNSW-NB15,test,1443,Normal,1,0.139814,0.38338,KNOWN
UNSW-NB15,test,1444,Normal,1,0.05229,0.38338,KNOWN
UNSW-NB15,test,1445,Exploits,1,0.24391,0.38338,KNOWN
UNSW-NB15,test,1446,Exploits,1,0.046175,0.38338,KNOWN
UNSW-NB15,test,1447,Normal,1,0.18166,0.38338,KNOWN
UNSW-NB15,test,1448,Normal,1,0.116186,0.38338,KNOWN
UNSW-NB15,test,1449,Normal,1,0.245567,0.38338,KNOWN
UNSW-NB15,test,1450,Exploits,1,0.01998,0.38338,KNOWN
UNSW-NB15,test,1451,Exploits,1,0.027729,0.38338,KNOWN
UNSW-NB15,test,1452,Normal,1,0.099487,0.38338,KNOWN
UNSW-NB15,test,1453,Normal,1,0.07356,0.38338,KNOWN
UNSW-NB15,test,1454,Exploits,1,0.377977,0.38338,KNOWN
UNSW-NB15,test,1455,Normal,1,0.04197,0.38338,KNOWN
UNSW-NB15,test,1456,Normal,1,0.272322,0.38338,KNOWN
UNSW-NB15,test,1457,Fuzzers,1,0.095393,0.38338,KNOWN
UNSW-NB15,test,1458,Normal,1,0.040618,0.38338,KNOWN
UNSW-NB15,test,1459,Exploits,1,0.210045,0.38338,KNOWN
UNSW-NB15,test,1460,Normal,1,0.363685,0.38338,KNOWN
UNSW-NB15,test,1461,Exploits,1,0.150497,0.38338,KNOWN
UNSW-NB15,test,1462,Fuzzers,1,0.178728,0.38338,KNOWN
UNSW-NB15,test,1463,Reconnaissance,1,0.10069,0.38338,KNOWN
UNSW-NB15,test,1464,Fuzzers,1,0.114536,0.38338,KNOWN
UNSW-NB15,test,1465,DoS,1,0.121178,0.38338,KNOWN
UNSW-NB15,test,1466,Normal,1,0.221479,0.38338,KNOWN
UNSW-NB15,test,1467,Exploits,1,0.049609,0.38338,KNOWN
UNSW-NB15,test,1468,Normal,1,0.259963,0.38338,KNOWN
UNSW-NB15,test,1469,Fuzzers,1,0.118196,0.38338,KNOWN
UNSW-NB15,test,1470,Normal,1,0.375444,0.38338,KNOWN
UNSW-NB15,test,1471,Exploits,1,0.092176,0.38338,KNOWN
UNSW-NB15,test,1472,Normal,1,0.371978,0.38338,KNOWN
UNSW-NB15,test,1473,Normal,1,0.003043,0.38338,KNOWN
UNSW-NB15,test,1474,Normal,1,0.249774,0.38338,KNOWN
UNSW-NB15,test,1475,Fuzzers,1,0.053725,0.38338,KNOWN
UNSW-NB15,test,1476,Exploits,1,0.114592,0.38338,KNOWN
UNSW-NB15,test,1477,Normal,1,0.127869,0.38338,KNOWN
UNSW-NB15,test,1478,Exploits,1,0.124643,0.38338,KNOWN
UNSW-NB15,test,1479,Normal,1,0.027358,0.38338,KNOWN
UNSW-NB15,test,1480,Fuzzers,1,0.429748,0.38338,ZERO_DAY
UNSW-NB15,test,1481,Fuzzers,1,0.026105,0.38338,KNOWN
UNSW-NB15,test,1482,Normal,1,0.189393,0.38338,KNOWN
UNSW-NB15,test,1483,Normal,1,0.175906,0.38338,KNOWN
UNSW-NB15,test,1484,Normal,1,0.116226,0.38338,KNOWN
UNSW-NB15,test,1485,Normal,1,0.045813,0.38338,KNOWN
UNSW-NB15,test,1486,Normal,1,0.05339,0.38338,KNOWN
UNSW-NB15,test,1487,Exploits,1,0.126959,0.38338,KNOWN
UNSW-NB15,test,1488,Normal,1,0.011043,0.38338,KNOWN
UNSW-NB15,test,1489,Exploits,1,0.265392,0.38338,KNOWN
UNSW-NB15,test,1490,Normal,1,0.063464,0.38338,KNOWN
UNSW-NB15,test,1491,Exploits,1,0.238102,0.38338,KNOWN
UNSW-NB15,test,1492,Normal,1,0.021765,0.38338,KNOWN
UNSW-NB15,test,1493,Reconnaissance,1,0.319386,0.38338,KNOWN
UNSW-NB15,test,1494,Reconnaissance,1,0.19913,0.38338,KNOWN
UNSW-NB15,test,1495,Normal,1,0.047512,0.38338,KNOWN
UNSW-NB15,test,1496,Normal,1,0.186038,0.38338,KNOWN
UNSW-NB15,test,1497,Fuzzers,1,0.36333,0.38338,KNOWN
UNSW-NB15,test,1498,Exploits,1,0.054853,0.38338,KNOWN
UNSW-NB15,test,1499,Fuzzers,1,0.134975,0.38338,KNOWN
UNSW-NB15,test,1500,Normal,1,0.080476,0.38338,KNOWN
UNSW-NB15,test,1501,Exploits,1,0.167996,0.38338,KNOWN
UNSW-NB15,test,1502,Normal,1,0.10302,0.38338,KNOWN
UNSW-NB15,test,1503,Normal,1,0.123724,0.38338,KNOWN
UNSW-NB15,test,1504,Normal,1,0.207407,0.38338,KNOWN
UNSW-NB15,test,1505,Normal,1,0.366288,0.38338,KNOWN
UNSW-NB15,test,1506,Exploits,1,0.027153,0.38338,KNOWN
UNSW-NB15,test,1507,Normal,1,0.191583,0.38338,KNOWN
UNSW-NB15,test,1508,DoS,1,0.153499,0.38338,KNOWN
UNSW-NB15,test,1509,Normal,1,0.169386,0.38338,KNOWN
UNSW-NB15,test,1510,Exploits,1,0.241433,0.38338,KNOWN
UNSW-NB15,test,1511,Normal,1,0.163865,0.38338,KNOWN
UNSW-NB15,test,1512,Reconnaissance,1,0.07867,0.38338,KNOWN
UNSW-NB15,test,1513,Exploits,1,0.164589,0.38338,KNOWN
UNSW-NB15,test,1514,Backdoor,1,0.092138,0.38338,KNOWN
UNSW-NB15,test,1515,Exploits,1,0.231513,0.38338,KNOWN
UNSW-NB15,test,1516,Exploits,1,0.161576,0.38338,KNOWN
UNSW-NB15,test,1517,Normal,1,0.196075,0.38338,KNOWN
UNSW-NB15,test,1518,Normal,1,0.064487,0.38338,KNOWN
UNSW-NB15,test,1519,Normal,1,0.109954,0.38338,KNOWN
UNSW-NB15,test,1520,Normal,1,0.055195,0.38338,KNOWN
UNSW-NB15,test,1521,Fuzzers,1,0.147945,0.38338,KNOWN
UNSW-NB15,test,1522,Fuzzers,1,0.216214,0.38338,KNOWN
UNSW-NB15,test,1523,Generic,1,0.319044,0.38338,KNOWN
UNSW-NB15,test,1524,Normal,1,0.180442,0.38338,KNOWN
UNSW-NB15,test,1525,Exploits,1,0.174631,0.38338,KNOWN
UNSW-NB15,test,1526,Exploits,1,0.059012,0.38338,KNOWN
UNSW-NB15,test,1527,Normal,1,0.119887,0.38338,KNOWN
UNSW-NB15,test,1528,Normal,1,0.224972,0.38338,KNOWN
UNSW-NB15,test,1529,Exploits,1,0.102418,0.38338,KNOWN
UNSW-NB15,test,1530,Exploits,1,0.323864,0.38338,KNOWN
UNSW-NB15,test,1531,Normal,1,0.173936,0.38338,KNOWN
UNSW-NB15,test,1532,Normal,1,0.169717,0.38338,KNOWN
UNSW-NB15,test,1533,Reconnaissance,1,0.343229,0.38338,KNOWN
UNSW-NB15,test,1534,Normal,1,0.127091,0.38338,KNOWN
UNSW-NB15,test,1535,Normal,1,0.247618,0.38338,KNOWN
UNSW-NB15,test,1536,Normal,1,0.540485,0.38338,ZERO_DAY
UNSW-NB15,test,1537,Exploits,1,0.149031,0.38338,KNOWN
UNSW-NB15,test,1538,Normal,1,0.248079,0.38338,KNOWN
UNSW-NB15,test,1539,Reconnaissance,1,0.128857,0.38338,KNOWN
UNSW-NB15,test,1540,Exploits,1,0.124169,0.38338,KNOWN
UNSW-NB15,test,1541,Normal,1,0.163762,0.38338,KNOWN
UNSW-NB15,test,1542,Normal,1,0.215363,0.38338,KNOWN
UNSW-NB15,test,1543,Normal,1,0.19337,0.38338,KNOWN
UNSW-NB15,test,1544,Exploits,1,0.322932,0.38338,KNOWN
UNSW-NB15,test,1545,DoS,1,0.123211,0.38338,KNOWN
UNSW-NB15,test,1546,Fuzzers,1,0.320944,0.38338,KNOWN
UNSW-NB15,test,1547,Exploits,1,0.127816,0.38338,KNOWN
UNSW-NB15,test,1548,Normal,1,0.077443,0.38338,KNOWN
UNSW-NB15,test,1549,Normal,1,0.188263,0.38338,KNOWN
UNSW-NB15,test,1550,Exploits,1,0.110618,0.38338,KNOWN
UNSW-NB15,test,1551,Normal,1,0.159192,0.38338,KNOWN
UNSW-NB15,test,1552,Reconnaissance,1,0.319424,0.38338,KNOWN
UNSW-NB15,test,1553,Exploits,1,0.188653,0.38338,KNOWN
UNSW-NB15,test,1554,Reconnaissance,1,0.095049,0.38338,KNOWN
UNSW-NB15,test,1555,Normal,1,0.372513,0.38338,KNOWN
UNSW-NB15,test,1556,Exploits,1,0.196465,0.38338,KNOWN
UNSW-NB15,test,1557,Fuzzers,1,0.031515,0.38338,KNOWN
UNSW-NB15,test,1558,Normal,1,0.106384,0.38338,KNOWN
UNSW-NB15,test,1559,Normal,1,0.109851,0.38338,KNOWN
UNSW-NB15,test,1560,Fuzzers,1,0.511389,0.38338,ZERO_DAY
UNSW-NB15,test,1561,Exploits,1,0.599912,0.38338,ZERO_DAY
UNSW-NB15,test,1562,Normal,1,0.497977,0.38338,ZERO_DAY
UNSW-NB15,test,1563,Normal,1,0.14845,0.38338,KNOWN
UNSW-NB15,test,1564,Normal,1,0.229027,0.38338,KNOWN
UNSW-NB15,test,1565,Normal,1,0.25185,0.38338,KNOWN
UNSW-NB15,test,1566,DoS,1,0.052995,0.38338,KNOWN
UNSW-NB15,test,1567,Fuzzers,1,0.052277,0.38338,KNOWN
UNSW-NB15,test,1568,Fuzzers,1,0.190483,0.38338,KNOWN
UNSW-NB15,test,1569,Normal,1,0.178977,0.38338,KNOWN
UNSW-NB15,test,1570,Exploits,1,0.128989,0.38338,KNOWN
UNSW-NB15,test,1571,Normal,1,0.11279,0.38338,KNOWN
UNSW-NB15,test,1572,Normal,1,0.094281,0.38338,KNOWN
UNSW-NB15,test,1573,Normal,1,0.106314,0.38338,KNOWN
UNSW-NB15,test,1574,Exploits,1,0.370163,0.38338,KNOWN
UNSW-NB15,test,1575,Normal,1,0.18304,0.38338,KNOWN
UNSW-NB15,test,1576,Normal,1,0.528842,0.38338,ZERO_DAY
UNSW-NB15,test,1577,Exploits,1,0.09646,0.38338,KNOWN
UNSW-NB15,test,1578,Normal,1,0.090257,0.38338,KNOWN
UNSW-NB15,test,1579,Normal,1,0.120616,0.38338,KNOWN
UNSW-NB15,test,1580,Backdoor,1,0.221981,0.38338,KNOWN
UNSW-NB15,test,1581,Normal,1,0.178973,0.38338,KNOWN
UNSW-NB15,test,1582,Fuzzers,1,0.320969,0.38338,KNOWN
UNSW-NB15,test,1583,Normal,1,0.152565,0.38338,KNOWN
UNSW-NB15,test,1584,Normal,1,0.287436,0.38338,KNOWN
UNSW-NB15,test,1585,Normal,1,0.181819,0.38338,KNOWN
UNSW-NB15,test,1586,Fuzzers,1,0.301263,0.38338,KNOWN
UNSW-NB15,test,1587,Analysis,1,0.154337,0.38338,KNOWN
UNSW-NB15,test,1588,Normal,1,0.19014,0.38338,KNOWN
UNSW-NB15,test,1589,Fuzzers,1,0.160888,0.38338,KNOWN
UNSW-NB15,test,1590,Exploits,1,0.247496,0.38338,KNOWN
UNSW-NB15,test,1591,Exploits,1,0.464505,0.38338,ZERO_DAY
UNSW-NB15,test,1592,Normal,1,0.219973,0.38338,KNOWN
UNSW-NB15,test,1593,Normal,1,0.111448,0.38338,KNOWN
UNSW-NB15,test,1594,DoS,1,0.17758,0.38338,KNOWN
UNSW-NB15,test,1595,Exploits,1,0.137229,0.38338,KNOWN
UNSW-NB15,test,1596,Reconnaissance,1,0.019077,0.38338,KNOWN
UNSW-NB15,test,1597,Normal,1,0.08368,0.38338,KNOWN
UNSW-NB15,test,1598,Normal,1,0.410269,0.38338,ZERO_DAY
UNSW-NB15,test,1599,Normal,1,0.188868,0.38338,KNOWN
UNSW-NB15,test,1600,Normal,1,0.14222,0.38338,KNOWN
UNSW-NB15,test,1601,Exploits,1,0.171492,0.38338,KNOWN
UNSW-NB15,test,1602,Fuzzers,1,0.036955,0.38338,KNOWN
UNSW-NB15,test,1603,Exploits,1,0.169143,0.38338,KNOWN
UNSW-NB15,test,1604,Generic,1,0.119875,0.38338,KNOWN
UNSW-NB15,test,1605,Exploits,1,0.369378,0.38338,KNOWN
UNSW-NB15,test,1606,Backdoor,1,0.281285,0.38338,KNOWN
UNSW-NB15,test,1607,Reconnaissance,1,0.121894,0.38338,KNOWN
UNSW-NB15,test,1608,Normal,1,0.315983,0.38338,KNOWN
UNSW-NB15,test,1609,Normal,1,0.180266,0.38338,KNOWN
UNSW-NB15,test,1610,Fuzzers,1,0.220431,0.38338,KNOWN
UNSW-NB15,test,1611,Exploits,1,0.243983,0.38338,KNOWN
UNSW-NB15,test,1612,Generic,1,0.076149,0.38338,KNOWN
UNSW-NB15,test,1613,Normal,1,0.157856,0.38338,KNOWN
UNSW-NB15,test,1614,Fuzzers,1,0.198406,0.38338,KNOWN
UNSW-NB15,test,1615,Normal,1,0.151329,0.38338,KNOWN
UNSW-NB15,test,1616,Exploits,1,0.322124,0.38338,KNOWN
UNSW-NB15,test,1617,Fuzzers,1,0.359065,0.38338,KNOWN
UNSW-NB15,test,1618,Fuzzers,1,0.045164,0.38338,KNOWN
UNSW-NB15,test,1619,Fuzzers,1,0.125819,0.38338,KNOWN
UNSW-NB15,test,1620,Normal,1,0.302266,0.38338,KNOWN
UNSW-NB15,test,1621,Exploits,1,0.215247,0.38338,KNOWN
UNSW-NB15,test,1622,Fuzzers,1,0.336769,0.38338,KNOWN
UNSW-NB15,test,1623,Normal,1,0.025258,0.38338,KNOWN
UNSW-NB15,test,1624,Normal,1,0.108316,0.38338,KNOWN
UNSW-NB15,test,1625,Normal,1,0.142371,0.38338,KNOWN
UNSW-NB15,test,1626,Exploits,1,0.183815,0.38338,KNOWN
UNSW-NB15,test,1627,Normal,1,0.028854,0.38338,KNOWN
UNSW-NB15,test,1628,Normal,1,0.373559,0.38338,KNOWN
UNSW-NB15,test,1629,Fuzzers,1,0.178495,0.38338,KNOWN
UNSW-NB15,test,1630,Fuzzers,1,0.183604,0.38338,KNOWN
UNSW-NB15,test,1631,Reconnaissance,1,0.19777,0.38338,KNOWN
UNSW-NB15,test,1632,Normal,1,0.28726,0.38338,KNOWN
UNSW-NB15,test,1633,Normal,1,0.232008,0.38338,KNOWN
UNSW-NB15,test,1634,Normal,1,0.204831,0.38338,KNOWN
UNSW-NB15,test,1635,Normal,1,0.190847,0.38338,KNOWN
UNSW-NB15,test,1636,Fuzzers,1,0.175784,0.38338,KNOWN
UNSW-NB15,test,1637,Fuzzers,1,0.150171,0.38338,KNOWN
UNSW-NB15,test,1638,Exploits,1,0.355198,0.38338,KNOWN
UNSW-NB15,test,1639,Exploits,1,0.241792,0.38338,KNOWN
UNSW-NB15,test,1640,Exploits,1,0.08739,0.38338,KNOWN
UNSW-NB15,test,1641,Normal,1,0.256714,0.38338,KNOWN
UNSW-NB15,test,1642,Normal,1,0.19416,0.38338,KNOWN
UNSW-NB15,test,1643,Normal,1,0.242323,0.38338,KNOWN
UNSW-NB15,test,1644,Exploits,1,0.157286,0.38338,KNOWN
UNSW-NB15,test,1645,Fuzzers,1,0.310766,0.38338,KNOWN
UNSW-NB15,test,1646,Fuzzers,1,0.181144,0.38338,KNOWN
UNSW-NB15,test,1647,Exploits,1,0.19747,0.38338,KNOWN
UNSW-NB15,test,1648,Normal,1,0.308849,0.38338,KNOWN
UNSW-NB15,test,1649,Normal,1,0.160562,0.38338,KNOWN
UNSW-NB15,test,1650,Fuzzers,1,0.033787,0.38338,KNOWN
UNSW-NB15,test,1651,Normal,1,0.210541,0.38338,KNOWN
UNSW-NB15,test,1652,Normal,1,0.183087,0.38338,KNOWN
UNSW-NB15,test,1653,Normal,1,0.136585,0.38338,KNOWN
UNSW-NB15,test,1654,Normal,1,0.05081,0.38338,KNOWN
UNSW-NB15,test,1655,Normal,1,0.111508,0.38338,KNOWN
UNSW-NB15,test,1656,Normal,1,0.050985,0.38338,KNOWN
UNSW-NB15,test,1657,Normal,1,0.080552,0.38338,KNOWN
UNSW-NB15,test,1658,Fuzzers,1,0.070697,0.38338,KNOWN
UNSW-NB15,test,1659,Normal,1,0.177195,0.38338,KNOWN
UNSW-NB15,test,1660,Fuzzers,1,0.145979,0.38338,KNOWN
UNSW-NB15,test,1661,Fuzzers,1,0.111011,0.38338,KNOWN
UNSW-NB15,test,1662,Normal,1,0.193989,0.38338,KNOWN
UNSW-NB15,test,1663,Normal,1,0.060254,0.38338,KNOWN
UNSW-NB15,test,1664,Exploits,1,0.047221,0.38338,KNOWN
UNSW-NB15,test,1665,Normal,1,0.126056,0.38338,KNOWN
UNSW-NB15,test,1666,DoS,1,0.279079,0.38338,KNOWN
UNSW-NB15,test,1667,DoS,1,0.224995,0.38338,KNOWN
UNSW-NB15,test,1668,Fuzzers,1,0.010349,0.38338,KNOWN
UNSW-NB15,test,1669,Normal,1,0.255487,0.38338,KNOWN
UNSW-NB15,test,1670,Normal,1,0.128673,0.38338,KNOWN
UNSW-NB15,test,1671,Normal,1,0.297153,0.38338,KNOWN
UNSW-NB15,test,1672,Normal,1,0.122621,0.38338,KNOWN
UNSW-NB15,test,1673,Normal,1,0.144923,0.38338,KNOWN
UNSW-NB15,test,1674,Normal,1,0.163677,0.38338,KNOWN
UNSW-NB15,test,1675,Exploits,1,0.03468,0.38338,KNOWN
UNSW-NB15,test,1676,Fuzzers,1,0.141805,0.38338,KNOWN
UNSW-NB15,test,1677,Normal,1,0.391629,0.38338,ZERO_DAY
UNSW-NB15,test,1678,Normal,1,0.055048,0.38338,KNOWN
UNSW-NB15,test,1679,Fuzzers,1,0.031959,0.38338,KNOWN
UNSW-NB15,test,1680,Normal,1,0.124617,0.38338,KNOWN
UNSW-NB15,test,1681,DoS,1,0.417352,0.38338,ZERO_DAY
UNSW-NB15,test,1682,Exploits,1,0.122062,0.38338,KNOWN
UNSW-NB15,test,1683,Normal,1,0.115709,0.38338,KNOWN
UNSW-NB15,test,1684,Fuzzers,1,0.169619,0.38338,KNOWN
UNSW-NB15,test,1685,Normal,1,0.122903,0.38338,KNOWN
UNSW-NB15,test,1686,Generic,1,0.292319,0.38338,KNOWN
UNSW-NB15,test,1687,Exploits,1,0.070863,0.38338,KNOWN
UNSW-NB15,test,1688,Normal,1,0.099537,0.38338,KNOWN
UNSW-NB15,test,1689,Normal,1,0.213026,0.38338,KNOWN
UNSW-NB15,test,1690,Fuzzers,1,0.049795,0.38338,KNOWN
UNSW-NB15,test,1691,Exploits,1,0.029898,0.38338,KNOWN
UNSW-NB15,test,1692,Normal,1,0.190694,0.38338,KNOWN
UNSW-NB15,test,1693,Normal,1,0.164862,0.38338,KNOWN
UNSW-NB15,test,1694,Normal,1,0.186386,0.38338,KNOWN
UNSW-NB15,test,1695,Fuzzers,1,0.033415,0.38338,KNOWN
UNSW-NB15,test,1696,Normal,1,0.132314,0.38338,KNOWN
UNSW-NB15,test,1697,Normal,1,0.027934,0.38338,KNOWN
UNSW-NB15,test,1698,Generic,1,0.132217,0.38338,KNOWN
UNSW-NB15,test,1699,Fuzzers,1,0.164095,0.38338,KNOWN
UNSW-NB15,test,1700,Normal,1,0.122386,0.38338,KNOWN
UNSW-NB15,test,1701,Normal,1,0.435234,0.38338,ZERO_DAY
UNSW-NB15,test,1702,Normal,1,0.020729,0.38338,KNOWN
UNSW-NB15,test,1703,Exploits,1,0.038717,0.38338,KNOWN
UNSW-NB15,test,1704,Fuzzers,1,0.218973,0.38338,KNOWN
UNSW-NB15,test,1705,Exploits,1,0.083458,0.38338,KNOWN
UNSW-NB15,test,1706,Fuzzers,1,0.16275,0.38338,KNOWN
UNSW-NB15,test,1707,DoS,1,0.292659,0.38338,KNOWN
UNSW-NB15,test,1708,Fuzzers,1,0.47206,0.38338,ZERO_DAY
UNSW-NB15,test,1709,Fuzzers,1,0.144445,0.38338,KNOWN
UNSW-NB15,test,1710,Exploits,1,0.071945,0.38338,KNOWN
UNSW-NB15,test,1711,Normal,1,0.133638,0.38338,KNOWN
UNSW-NB15,test,1712,Normal,1,0.337181,0.38338,KNOWN
UNSW-NB15,test,1713,Normal,1,0.13774,0.38338,KNOWN
UNSW-NB15,test,1714,Exploits,1,0.053151,0.38338,KNOWN
UNSW-NB15,test,1715,Normal,1,0.111005,0.38338,KNOWN
UNSW-NB15,test,1716,Exploits,1,0.049803,0.38338,KNOWN
UNSW-NB15,test,1717,Normal,1,0.165082,0.38338,KNOWN
UNSW-NB15,test,1718,Reconnaissance,1,0.330368,0.38338,KNOWN
UNSW-NB15,test,1719,Normal,1,0.132062,0.38338,KNOWN
UNSW-NB15,test,1720,Fuzzers,1,0.053434,0.38338,KNOWN
UNSW-NB15,test,1721,Normal,1,0.060146,0.38338,KNOWN
UNSW-NB15,test,1722,Normal,1,0.342982,0.38338,KNOWN
UNSW-NB15,test,1723,Exploits,1,0.345557,0.38338,KNOWN
UNSW-NB15,test,1724,Fuzzers,1,0.18255,0.38338,KNOWN
UNSW-NB15,test,1725,Normal,1,0.147692,0.38338,KNOWN
UNSW-NB15,test,1726,Normal,1,0.030055,0.38338,KNOWN
UNSW-NB15,test,1727,Normal,1,0.246257,0.38338,KNOWN
UNSW-NB15,test,1728,Normal,1,0.027731,0.38338,KNOWN
UNSW-NB15,test,1729,Normal,1,0.238526,0.38338,KNOWN
UNSW-NB15,test,1730,Exploits,1,0.038211,0.38338,KNOWN
UNSW-NB15,test,1731,Exploits,1,0.0935,0.38338,KNOWN
UNSW-NB15,test,1732,Normal,1,0.166337,0.38338,KNOWN
UNSW-NB15,test,1733,Normal,1,0.233993,0.38338,KNOWN
UNSW-NB15,test,1734,Exploits,1,0.097521,0.38338,KNOWN
UNSW-NB15,test,1735,Normal,1,0.276013,0.38338,KNOWN
UNSW-NB15,test,1736,Exploits,1,0.165036,0.38338,KNOWN
UNSW-NB15,test,1737,Normal,1,0.177903,0.38338,KNOWN
UNSW-NB15,test,1738,Normal,1,0.254372,0.38338,KNOWN
UNSW-NB15,test,1739,Normal,1,0.336719,0.38338,KNOWN
UNSW-NB15,test,1740,Fuzzers,1,0.295465,0.38338,KNOWN
UNSW-NB15,test,1741,Normal,1,0.024322,0.38338,KNOWN
UNSW-NB15,test,1742,Exploits,1,0.162186,0.38338,KNOWN
UNSW-NB15,test,1743,Fuzzers,1,0.083845,0.38338,KNOWN
UNSW-NB15,test,1744,Normal,1,0.132091,0.38338,KNOWN
UNSW-NB15,test,1745,Reconnaissance,1,0.197304,0.38338,KNOWN
UNSW-NB15,test,1746,Normal,1,0.159706,0.38338,KNOWN
UNSW-NB15,test,1747,Exploits,1,0.316767,0.38338,KNOWN
UNSW-NB15,test,1748,Normal,1,0.026245,0.38338,KNOWN
UNSW-NB15,test,1749,Normal,1,0.212523,0.38338,KNOWN
UNSW-NB15,test,1750,Normal,1,0.292013,0.38338,KNOWN
UNSW-NB15,test,1751,Normal,1,0.156178,0.38338,KNOWN
UNSW-NB15,test,1752,Normal,1,0.083165,0.38338,KNOWN
UNSW-NB15,test,1753,Normal,1,0.156033,0.38338,KNOWN
UNSW-NB15,test,1754,Normal,1,0.303015,0.38338,KNOWN
UNSW-NB15,test,1755,Normal,1,0.02106,0.38338,KNOWN
UNSW-NB15,test,1756,Fuzzers,1,0.051767,0.38338,KNOWN
UNSW-NB15,test,1757,Normal,1,0.247404,0.38338,KNOWN
UNSW-NB15,test,1758,Normal,1,0.059302,0.38338,KNOWN
UNSW-NB15,test,1759,Normal,1,0.213239,0.38338,KNOWN
UNSW-NB15,test,1760,Reconnaissance,1,0.334918,0.38338,KNOWN
UNSW-NB15,test,1761,Normal,1,0.098841,0.38338,KNOWN
UNSW-NB15,test,1762,Fuzzers,1,0.093066,0.38338,KNOWN
UNSW-NB15,test,1763,Normal,1,0.142836,0.38338,KNOWN
UNSW-NB15,test,1764,Normal,1,0.23287,0.38338,KNOWN
UNSW-NB15,test,1765,Fuzzers,1,0.33542,0.38338,KNOWN
UNSW-NB15,test,1766,Exploits,1,0.220178,0.38338,KNOWN
UNSW-NB15,test,1767,Normal,1,0.155399,0.38338,KNOWN
UNSW-NB15,test,1768,Fuzzers,1,0.033818,0.38338,KNOWN
UNSW-NB15,test,1769,Normal,1,0.14038,0.38338,KNOWN
UNSW-NB15,test,1770,Normal,1,0.115656,0.38338,KNOWN
UNSW-NB15,test,1771,Normal,1,0.469596,0.38338,ZERO_DAY
UNSW-NB15,test,1772,Reconnaissance,1,0.157725,0.38338,KNOWN
UNSW-NB15,test,1773,Normal,1,0.136419,0.38338,KNOWN
UNSW-NB15,test,1774,Normal,1,0.267425,0.38338,KNOWN
UNSW-NB15,test,1775,Normal,1,0.210162,0.38338,KNOWN
UNSW-NB15,test,1776,Fuzzers,1,0.163348,0.38338,KNOWN
UNSW-NB15,test,1777,Fuzzers,1,0.319505,0.38338,KNOWN
UNSW-NB15,test,1778,Fuzzers,1,0.089417,0.38338,KNOWN
UNSW-NB15,test,1779,Normal,1,0.144913,0.38338,KNOWN
UNSW-NB15,test,1780,Exploits,1,0.065961,0.38338,KNOWN
UNSW-NB15,test,1781,Normal,1,0.342847,0.38338,KNOWN
UNSW-NB15,test,1782,Fuzzers,1,0.110803,0.38338,KNOWN
UNSW-NB15,test,1783,Normal,1,0.017757,0.38338,KNOWN
UNSW-NB15,test,1784,Normal,1,0.144535,0.38338,KNOWN
UNSW-NB15,test,1785,Normal,1,0.209586,0.38338,KNOWN
UNSW-NB15,test,1786,Normal,1,0.206454,0.38338,KNOWN
UNSW-NB15,test,1787,Normal,1,0.322231,0.38338,KNOWN
UNSW-NB15,test,1788,Exploits,1,0.295712,0.38338,KNOWN
UNSW-NB15,test,1789,Normal,1,0.09886,0.38338,KNOWN
UNSW-NB15,test,1790,Normal,1,0.105367,0.38338,KNOWN
UNSW-NB15,test,1791,Exploits,1,0.149003,0.38338,KNOWN
UNSW-NB15,test,1792,Exploits,1,0.105379,0.38338,KNOWN
UNSW-NB15,test,1793,Exploits,1,0.028619,0.38338,KNOWN
UNSW-NB15,test,1794,Normal,1,0.369593,0.38338,KNOWN
UNSW-NB15,test,1795,Normal,1,0.239346,0.38338,KNOWN
UNSW-NB15,test,1796,Normal,1,0.052831,0.38338,KNOWN
UNSW-NB15,test,1797,Exploits,1,0.04343,0.38338,KNOWN
UNSW-NB15,test,1798,Exploits,1,0.193597,0.38338,KNOWN
UNSW-NB15,test,1799,Reconnaissance,1,0.067698,0.38338,KNOWN
UNSW-NB15,test,1800,Normal,1,0.104341,0.38338,KNOWN
UNSW-NB15,test,1801,Normal,1,0.071334,0.38338,KNOWN
UNSW-NB15,test,1802,Normal,1,0.340744,0.38338,KNOWN
UNSW-NB15,test,1803,Fuzzers,1,0.148438,0.38338,KNOWN
UNSW-NB15,test,1804,Normal,1,0.211686,0.38338,KNOWN
UNSW-NB15,test,1805,Exploits,1,0.062659,0.38338,KNOWN
UNSW-NB15,test,1806,Normal,1,0.092602,0.38338,KNOWN
UNSW-NB15,test,1807,Normal,1,0.070107,0.38338,KNOWN
UNSW-NB15,test,1808,Exploits,1,0.02752,0.38338,KNOWN
UNSW-NB15,test,1809,Normal,1,0.156902,0.38338,KNOWN
UNSW-NB15,test,1810,Fuzzers,1,0.09995,0.38338,KNOWN
UNSW-NB15,test,1811,Normal,1,0.057462,0.38338,KNOWN
UNSW-NB15,test,1812,Exploits,1,0.18958,0.38338,KNOWN
UNSW-NB15,test,1813,Normal,1,0.089989,0.38338,KNOWN
UNSW-NB15,test,1814,Normal,1,0.187015,0.38338,KNOWN
UNSW-NB15,test,1815,Normal,1,0.150246,0.38338,KNOWN
UNSW-NB15,test,1816,Fuzzers,1,0.158329,0.38338,KNOWN
UNSW-NB15,test,1817,Normal,1,0.372897,0.38338,KNOWN
UNSW-NB15,test,1818,Exploits,1,0.183498,0.38338,KNOWN
UNSW-NB15,test,1819,Normal,1,0.100267,0.38338,KNOWN
UNSW-NB15,test,1820,Normal,1,0.327762,0.38338,KNOWN
UNSW-NB15,test,1821,Generic,1,0.258558,0.38338,KNOWN
UNSW-NB15,test,1822,Normal,1,0.079317,0.38338,KNOWN
UNSW-NB15,test,1823,Normal,1,0.317573,0.38338,KNOWN
UNSW-NB15,test,1824,Normal,1,0.177919,0.38338,KNOWN
UNSW-NB15,test,1825,Normal,1,0.378769,0.38338,KNOWN
UNSW-NB15,test,1826,Exploits,1,0.014132,0.38338,KNOWN
UNSW-NB15,test,1827,Exploits,1,0.262844,0.38338,KNOWN
UNSW-NB15,test,1828,Exploits,1,0.031757,0.38338,KNOWN
UNSW-NB15,test,1829,Normal,1,0.226059,0.38338,KNOWN
UNSW-NB15,test,1830,Normal,1,0.106195,0.38338,KNOWN
UNSW-NB15,test,1831,Normal,1,0.231893,0.38338,KNOWN
UNSW-NB15,test,1832,Exploits,1,0.199203,0.38338,KNOWN
UNSW-NB15,test,1833,Normal,1,0.251753,0.38338,KNOWN
UNSW-NB15,test,1834,Fuzzers,1,0.041474,0.38338,KNOWN
UNSW-NB15,test,1835,Reconnaissance,1,0.34403,0.38338,KNOWN
UNSW-NB15,test,1836,Fuzzers,1,0.063885,0.38338,KNOWN
UNSW-NB15,test,1837,Normal,1,0.033366,0.38338,KNOWN
UNSW-NB15,test,1838,Normal,1,0.234888,0.38338,KNOWN
UNSW-NB15,test,1839,Normal,1,0.184031,0.38338,KNOWN
UNSW-NB15,test,1840,Normal,1,0.286581,0.38338,KNOWN
UNSW-NB15,test,1841,Normal,1,0.094661,0.38338,KNOWN
UNSW-NB15,test,1842,Normal,1,0.159126,0.38338,KNOWN
UNSW-NB15,test,1843,Normal,1,0.269927,0.38338,KNOWN
UNSW-NB15,test,1844,Normal,1,0.151906,0.38338,KNOWN
UNSW-NB15,test,1845,Normal,1,0.162874,0.38338,KNOWN
UNSW-NB15,test,1846,Normal,1,0.370436,0.38338,KNOWN
UNSW-NB15,test,1847,Normal,1,0.461267,0.38338,ZERO_DAY
UNSW-NB15,test,1848,Reconnaissance,1,0.131094,0.38338,KNOWN
UNSW-NB15,test,1849,Exploits,1,0.187416,0.38338,KNOWN
UNSW-NB15,test,1850,Exploits,1,0.277744,0.38338,KNOWN
UNSW-NB15,test,1851,Normal,1,0.035723,0.38338,KNOWN
UNSW-NB15,test,1852,Normal,1,0.145972,0.38338,KNOWN
UNSW-NB15,test,1853,Exploits,1,0.097774,0.38338,KNOWN
UNSW-NB15,test,1854,Normal,1,0.28479,0.38338,KNOWN
UNSW-NB15,test,1855,Normal,1,0.188168,0.38338,KNOWN
UNSW-NB15,test,1856,Fuzzers,1,0.161221,0.38338,KNOWN
UNSW-NB15,test,1857,Exploits,1,0.021243,0.38338,KNOWN
UNSW-NB15,test,1858,Normal,1,0.049698,0.38338,KNOWN
UNSW-NB15,test,1859,Fuzzers,1,0.043326,0.38338,KNOWN
UNSW-NB15,test,1860,Normal,1,0.270854,0.38338,KNOWN
UNSW-NB15,test,1861,Normal,1,0.287986,0.38338,KNOWN
UNSW-NB15,test,1862,Exploits,1,0.040121,0.38338,KNOWN
UNSW-NB15,test,1863,Exploits,1,0.069537,0.38338,KNOWN
UNSW-NB15,test,1864,Reconnaissance,1,0.105528,0.38338,KNOWN
UNSW-NB15,test,1865,Normal,1,0.144757,0.38338,KNOWN
UNSW-NB15,test,1866,DoS,1,0.146302,0.38338,KNOWN
UNSW-NB15,test,1867,Reconnaissance,1,0.201809,0.38338,KNOWN
UNSW-NB15,test,1868,Normal,1,0.072051,0.38338,KNOWN
UNSW-NB15,test,1869,Fuzzers,1,0.214638,0.38338,KNOWN
UNSW-NB15,test,1870,Fuzzers,1,0.054178,0.38338,KNOWN
UNSW-NB15,test,1871,Exploits,1,0.059726,0.38338,KNOWN
UNSW-NB15,test,1872,Normal,1,0.26839,0.38338,KNOWN
UNSW-NB15,test,1873,DoS,1,0.306335,0.38338,KNOWN
UNSW-NB15,test,1874,Normal,1,0.216173,0.38338,KNOWN
UNSW-NB15,test,1875,Reconnaissance,1,0.2708,0.38338,KNOWN
UNSW-NB15,test,1876,Normal,1,0.075124,0.38338,KNOWN
UNSW-NB15,test,1877,Normal,1,0.49969,0.38338,ZERO_DAY
UNSW-NB15,test,1878,Exploits,1,0.111397,0.38338,KNOWN
UNSW-NB15,test,1879,Normal,1,0.161337,0.38338,KNOWN
UNSW-NB15,test,1880,Normal,1,0.180484,0.38338,KNOWN
UNSW-NB15,test,1881,Normal,1,0.272134,0.38338,KNOWN
UNSW-NB15,test,1882,Exploits,1,0.182388,0.38338,KNOWN
UNSW-NB15,test,1883,Normal,1,0.316258,0.38338,KNOWN
UNSW-NB15,test,1884,Normal,1,0.205352,0.38338,KNOWN
UNSW-NB15,test,1885,Normal,1,0.035555,0.38338,KNOWN
UNSW-NB15,test,1886,Fuzzers,1,0.089152,0.38338,KNOWN
UNSW-NB15,test,1887,Normal,1,0.038256,0.38338,KNOWN
UNSW-NB15,test,1888,Exploits,1,0.266496,0.38338,KNOWN
UNSW-NB15,test,1889,Fuzzers,1,0.144015,0.38338,KNOWN
UNSW-NB15,test,1890,Normal,1,0.079313,0.38338,KNOWN
UNSW-NB15,test,1891,Normal,1,0.319812,0.38338,KNOWN
UNSW-NB15,test,1892,Normal,1,0.042409,0.38338,KNOWN
UNSW-NB15,test,1893,Exploits,1,0.112777,0.38338,KNOWN
UNSW-NB15,test,1894,Normal,1,0.133371,0.38338,KNOWN
UNSW-NB15,test,1895,Normal,1,0.198522,0.38338,KNOWN
UNSW-NB15,test,1896,Exploits,1,0.063649,0.38338,KNOWN
UNSW-NB15,test,1897,Normal,1,0.285524,0.38338,KNOWN
UNSW-NB15,test,1898,Exploits,1,0.131391,0.38338,KNOWN
UNSW-NB15,test,1899,Normal,1,0.182632,0.38338,KNOWN
UNSW-NB15,test,1900,Exploits,1,0.06547,0.38338,KNOWN
UNSW-NB15,test,1901,Fuzzers,1,0.136407,0.38338,KNOWN
UNSW-NB15,test,1902,Normal,1,0.096539,0.38338,KNOWN
UNSW-NB15,test,1903,Normal,1,0.224349,0.38338,KNOWN
UNSW-NB15,test,1904,Normal,1,0.380457,0.38338,KNOWN
UNSW-NB15,test,1905,Normal,1,0.02514,0.38338,KNOWN
UNSW-NB15,test,1906,Normal,1,0.193086,0.38338,KNOWN
UNSW-NB15,test,1907,Normal,1,0.286524,0.38338,KNOWN
UNSW-NB15,test,1908,Exploits,1,0.275851,0.38338,KNOWN
UNSW-NB15,test,1909,Normal,1,0.071495,0.38338,KNOWN
UNSW-NB15,test,1910,Normal,1,0.385835,0.38338,ZERO_DAY
UNSW-NB15,test,1911,Exploits,1,0.27277,0.38338,KNOWN
UNSW-NB15,test,1912,Exploits,1,0.081108,0.38338,KNOWN
UNSW-NB15,test,1913,Reconnaissance,1,0.116476,0.38338,KNOWN
UNSW-NB15,test,1914,Normal,1,0.123104,0.38338,KNOWN
UNSW-NB15,test,1915,Exploits,1,0.179834,0.38338,KNOWN
UNSW-NB15,test,1916,Normal,1,0.065011,0.38338,KNOWN
UNSW-NB15,test,1917,Normal,1,0.117857,0.38338,KNOWN
UNSW-NB15,test,1918,Normal,1,0.147186,0.38338,KNOWN
UNSW-NB15,test,1919,Exploits,1,0.046068,0.38338,KNOWN
UNSW-NB15,test,1920,Exploits,1,0.302512,0.38338,KNOWN
UNSW-NB15,test,1921,Reconnaissance,1,0.2384,0.38338,KNOWN
UNSW-NB15,test,1922,Normal,1,0.202286,0.38338,KNOWN
UNSW-NB15,test,1923,Normal,1,0.533336,0.38338,ZERO_DAY
UNSW-NB15,test,1924,Normal,1,0.135393,0.38338,KNOWN
UNSW-NB15,test,1925,Normal,1,0.290426,0.38338,KNOWN
UNSW-NB15,test,1926,Exploits,1,0.231992,0.38338,KNOWN
UNSW-NB15,test,1927,Exploits,1,0.230839,0.38338,KNOWN
UNSW-NB15,test,1928,Reconnaissance,1,0.075823,0.38338,KNOWN
UNSW-NB15,test,1929,Exploits,1,0.348133,0.38338,KNOWN
UNSW-NB15,test,1930,Normal,1,0.052889,0.38338,KNOWN
UNSW-NB15,test,1931,Normal,1,0.272602,0.38338,KNOWN
UNSW-NB15,test,1932,Normal,1,0.362067,0.38338,KNOWN
UNSW-NB15,test,1933,Normal,1,0.285556,0.38338,KNOWN
UNSW-NB15,test,1934,Normal,1,0.499852,0.38338,ZERO_DAY
UNSW-NB15,test,1935,Normal,1,0.045591,0.38338,KNOWN
UNSW-NB15,test,1936,Exploits,1,0.288147,0.38338,KNOWN
UNSW-NB15,test,1937,Normal,1,0.305055,0.38338,KNOWN
UNSW-NB15,test,1938,Exploits,1,0.169407,0.38338,KNOWN
UNSW-NB15,test,1939,Backdoor,1,0.125332,0.38338,KNOWN
UNSW-NB15,test,1940,Normal,1,0.093549,0.38338,KNOWN
UNSW-NB15,test,1941,Normal,1,0.29245,0.38338,KNOWN
UNSW-NB15,test,1942,Exploits,1,0.100708,0.38338,KNOWN
UNSW-NB15,test,1943,Normal,1,0.317803,0.38338,KNOWN
UNSW-NB15,test,1944,Normal,1,0.104633,0.38338,KNOWN
UNSW-NB15,test,1945,Exploits,1,0.376674,0.38338,KNOWN
UNSW-NB15,test,1946,Normal,1,0.243627,0.38338,KNOWN
UNSW-NB15,test,1947,Normal,1,0.214047,0.38338,KNOWN
UNSW-NB15,test,1948,Normal,1,0.179217,0.38338,KNOWN
UNSW-NB15,test,1949,Normal,1,0.295657,0.38338,KNOWN
UNSW-NB15,test,1950,DoS,1,0.212809,0.38338,KNOWN
UNSW-NB15,test,1951,Normal,1,0.18189,0.38338,KNOWN
UNSW-NB15,test,1952,Normal,1,0.043151,0.38338,KNOWN
UNSW-NB15,test,1953,Normal,1,0.343446,0.38338,KNOWN
UNSW-NB15,test,1954,Normal,1,0.113539,0.38338,KNOWN
UNSW-NB15,test,1955,Normal,1,0.13535,0.38338,KNOWN
UNSW-NB15,test,1956,Normal,1,0.057678,0.38338,KNOWN
UNSW-NB15,test,1957,Normal,1,0.47904,0.38338,ZERO_DAY
UNSW-NB15,test,1958,Exploits,1,0.249147,0.38338,KNOWN
UNSW-NB15,test,1959,Fuzzers,1,0.132208,0.38338,KNOWN
UNSW-NB15,test,1960,Normal,1,0.170365,0.38338,KNOWN
UNSW-NB15,test,1961,Exploits,1,0.235093,0.38338,KNOWN
UNSW-NB15,test,1962,Normal,1,0.044704,0.38338,KNOWN
UNSW-NB15,test,1963,Normal,1,0.429674,0.38338,ZERO_DAY
UNSW-NB15,test,1964,Fuzzers,1,0.142929,0.38338,KNOWN
UNSW-NB15,test,1965,Normal,1,0.053167,0.38338,KNOWN
UNSW-NB15,test,1966,Exploits,1,0.230064,0.38338,KNOWN
UNSW-NB15,test,1967,Normal,1,0.089132,0.38338,KNOWN
UNSW-NB15,test,1968,Normal,1,0.040849,0.38338,KNOWN
UNSW-NB15,test,1969,Normal,1,0.180304,0.38338,KNOWN
UNSW-NB15,test,1970,Normal,1,0.14549,0.38338,KNOWN
UNSW-NB15,test,1971,Reconnaissance,1,0.129534,0.38338,KNOWN
UNSW-NB15,test,1972,Normal,1,0.033966,0.38338,KNOWN
UNSW-NB15,test,1973,Normal,1,0.004899,0.38338,KNOWN
UNSW-NB15,test,1974,Normal,1,0.246033,0.38338,KNOWN
UNSW-NB15,test,1975,Exploits,1,0.108691,0.38338,KNOWN
UNSW-NB15,test,1976,Exploits,1,0.071126,0.38338,KNOWN
UNSW-NB15,test,1977,Fuzzers,1,0.078256,0.38338,KNOWN
UNSW-NB15,test,1978,Normal,1,0.096452,0.38338,KNOWN
UNSW-NB15,test,1979,Normal,1,0.218318,0.38338,KNOWN
UNSW-NB15,test,1980,DoS,1,0.031753,0.38338,KNOWN
UNSW-NB15,test,1981,Normal,1,0.357919,0.38338,KNOWN
UNSW-NB15,test,1982,Normal,1,0.209539,0.38338,KNOWN
UNSW-NB15,test,1983,Normal,1,0.104905,0.38338,KNOWN
UNSW-NB15,test,1984,Exploits,1,0.124387,0.38338,KNOWN
UNSW-NB15,test,1985,Normal,1,0.171071,0.38338,KNOWN
UNSW-NB15,test,1986,Exploits,1,0.171924,0.38338,KNOWN
UNSW-NB15,test,1987,Fuzzers,1,0.338774,0.38338,KNOWN
UNSW-NB15,test,1988,Normal,1,0.098938,0.38338,KNOWN
UNSW-NB15,test,1989,Normal,1,0.212815,0.38338,KNOWN
UNSW-NB15,test,1990,Normal,1,0.130397,0.38338,KNOWN
UNSW-NB15,test,1991,Exploits,1,0.152348,0.38338,KNOWN
UNSW-NB15,test,1992,Normal,1,0.113847,0.38338,KNOWN
UNSW-NB15,test,1993,Normal,1,0.24414,0.38338,KNOWN
UNSW-NB15,test,1994,Fuzzers,1,0.091291,0.38338,KNOWN
UNSW-NB15,test,1995,Fuzzers,1,0.081216,0.38338,KNOWN
UNSW-NB15,test,1996,Exploits,1,0.039144,0.38338,KNOWN
UNSW-NB15,test,1997,Normal,1,0.167301,0.38338,KNOWN
UNSW-NB15,test,1998,DoS,1,0.298121,0.38338,KNOWN
UNSW-NB15,test,1999,Normal,1,0.104907,0.38338,KNOWN
UNSW-NB15,test,2000,Reconnaissance,1,0.134826,0.38338,KNOWN
UNSW-NB15,test,2001,Exploits,1,0.338484,0.38338,KNOWN
UNSW-NB15,test,2002,Exploits,1,0.108057,0.38338,KNOWN
UNSW-NB15,test,2003,Normal,1,0.538728,0.38338,ZERO_DAY
UNSW-NB15,test,2004,Exploits,1,0.175342,0.38338,KNOWN
UNSW-NB15,test,2005,Exploits,1,0.153555,0.38338,KNOWN
UNSW-NB15,test,2006,Normal,1,0.113847,0.38338,KNOWN
UNSW-NB15,test,2007,Reconnaissance,1,0.019897,0.38338,KNOWN
UNSW-NB15,test,2008,Normal,1,0.045781,0.38338,KNOWN
UNSW-NB15,test,2009,Normal,1,0.128717,0.38338,KNOWN
UNSW-NB15,test,2010,Normal,1,0.322033,0.38338,KNOWN
UNSW-NB15,test,2011,Normal,1,0.109261,0.38338,KNOWN
UNSW-NB15,test,2012,Normal,1,0.023187,0.38338,KNOWN
UNSW-NB15,test,2013,Normal,1,0.302609,0.38338,KNOWN
UNSW-NB15,test,2014,Normal,1,0.254443,0.38338,KNOWN
UNSW-NB15,test,2015,Exploits,1,0.276775,0.38338,KNOWN
UNSW-NB15,test,2016,Exploits,1,0.179215,0.38338,KNOWN
UNSW-NB15,test,2017,Normal,1,0.5464,0.38338,ZERO_DAY
UNSW-NB15,test,2018,Normal,1,0.485281,0.38338,ZERO_DAY
UNSW-NB15,test,2019,Exploits,1,0.272658,0.38338,KNOWN
UNSW-NB15,test,2020,Normal,1,0.40956,0.38338,ZERO_DAY
UNSW-NB15,test,2021,Normal,1,0.054062,0.38338,KNOWN
UNSW-NB15,test,2022,Normal,1,0.105792,0.38338,KNOWN
UNSW-NB15,test,2023,Normal,1,0.368084,0.38338,KNOWN
UNSW-NB15,test,2024,Exploits,1,0.085828,0.38338,KNOWN
UNSW-NB15,test,2025,Normal,1,0.327484,0.38338,KNOWN
UNSW-NB15,test,2026,Reconnaissance,1,0.23843,0.38338,KNOWN
UNSW-NB15,test,2027,Normal,1,0.222514,0.38338,KNOWN
UNSW-NB15,test,2028,Normal,1,0.069257,0.38338,KNOWN
UNSW-NB15,test,2029,Exploits,1,0.149475,0.38338,KNOWN
UNSW-NB15,test,2030,Exploits,1,0.083896,0.38338,KNOWN
UNSW-NB15,test,2031,Reconnaissance,1,0.150965,0.38338,KNOWN
UNSW-NB15,test,2032,Reconnaissance,1,0.091164,0.38338,KNOWN
UNSW-NB15,test,2033,Normal,1,0.270398,0.38338,KNOWN
UNSW-NB15,test,2034,Analysis,1,0.041808,0.38338,KNOWN
UNSW-NB15,test,2035,Fuzzers,1,0.085449,0.38338,KNOWN
UNSW-NB15,test,2036,Normal,1,0.069112,0.38338,KNOWN
UNSW-NB15,test,2037,Normal,1,0.123198,0.38338,KNOWN
UNSW-NB15,test,2038,Normal,1,0.061163,0.38338,KNOWN
UNSW-NB15,test,2039,Normal,1,0.085167,0.38338,KNOWN
UNSW-NB15,test,2040,Exploits,1,0.126521,0.38338,KNOWN
UNSW-NB15,test,2041,Normal,1,0.334082,0.38338,KNOWN
UNSW-NB15,test,2042,Normal,1,0.073736,0.38338,KNOWN
UNSW-NB15,test,2043,Exploits,1,0.154815,0.38338,KNOWN
UNSW-NB15,test,2044,Reconnaissance,1,0.125004,0.38338,KNOWN
UNSW-NB15,test,2045,Fuzzers,1,0.25447,0.38338,KNOWN
UNSW-NB15,test,2046,Normal,1,0.0865,0.38338,KNOWN
UNSW-NB15,test,2047,Normal,1,0.199146,0.38338,KNOWN
UNSW-NB15,test,2048,Normal,1,0.140424,0.38338,KNOWN
UNSW-NB15,test,2049,Normal,1,0.0957,0.38338,KNOWN
UNSW-NB15,test,2050,Normal,1,0.08854,0.38338,KNOWN
UNSW-NB15,test,2051,Fuzzers,1,0.246276,0.38338,KNOWN
UNSW-NB15,test,2052,Exploits,1,0.216357,0.38338,KNOWN
UNSW-NB15,test,2053,Analysis,1,0.037282,0.38338,KNOWN
UNSW-NB15,test,2054,Exploits,1,0.401799,0.38338,ZERO_DAY
UNSW-NB15,test,2055,Exploits,1,0.152999,0.38338,KNOWN
UNSW-NB15,test,2056,Normal,1,0.479924,0.38338,ZERO_DAY
UNSW-NB15,test,2057,Normal,1,0.266692,0.38338,KNOWN
UNSW-NB15,test,2058,Exploits,1,0.243287,0.38338,KNOWN
UNSW-NB15,test,2059,Exploits,1,0.123435,0.38338,KNOWN
UNSW-NB15,test,2060,Normal,1,0.082378,0.38338,KNOWN
UNSW-NB15,test,2061,Normal,1,0.095482,0.38338,KNOWN
UNSW-NB15,test,2062,Normal,1,0.040554,0.38338,KNOWN
UNSW-NB15,test,2063,Exploits,1,0.19885,0.38338,KNOWN
UNSW-NB15,test,2064,DoS,1,0.192615,0.38338,KNOWN
UNSW-NB15,test,2065,Normal,1,0.163177,0.38338,KNOWN
UNSW-NB15,test,2066,Exploits,1,0.44366,0.38338,ZERO_DAY
UNSW-NB15,test,2067,Exploits,1,0.10468,0.38338,KNOWN
UNSW-NB15,test,2068,Reconnaissance,1,0.144404,0.38338,KNOWN
UNSW-NB15,test,2069,DoS,1,0.164124,0.38338,KNOWN
UNSW-NB15,test,2070,Normal,1,0.158038,0.38338,KNOWN
UNSW-NB15,test,2071,Normal,1,0.257074,0.38338,KNOWN
UNSW-NB15,test,2072,DoS,1,0.187279,0.38338,KNOWN
UNSW-NB15,test,2073,Normal,1,0.120608,0.38338,KNOWN
UNSW-NB15,test,2074,Fuzzers,1,0.134353,0.38338,KNOWN
UNSW-NB15,test,2075,Reconnaissance,1,0.031425,0.38338,KNOWN
UNSW-NB15,test,2076,Generic,1,0.171403,0.38338,KNOWN
UNSW-NB15,test,2077,Normal,1,0.108573,0.38338,KNOWN
UNSW-NB15,test,2078,Normal,1,0.419845,0.38338,ZERO_DAY
UNSW-NB15,test,2079,Normal,1,0.199167,0.38338,KNOWN
UNSW-NB15,test,2080,Normal,1,0.07218,0.38338,KNOWN
UNSW-NB15,test,2081,DoS,1,0.299489,0.38338,KNOWN
UNSW-NB15,test,2082,Normal,1,0.235561,0.38338,KNOWN
UNSW-NB15,test,2083,Normal,1,0.284388,0.38338,KNOWN
UNSW-NB15,test,2084,Normal,1,0.10421,0.38338,KNOWN
UNSW-NB15,test,2085,Normal,1,0.288299,0.38338,KNOWN
UNSW-NB15,test,2086,Normal,1,0.361716,0.38338,KNOWN
UNSW-NB15,test,2087,Normal,1,0.111271,0.38338,KNOWN
UNSW-NB15,test,2088,Normal,1,0.279221,0.38338,KNOWN
UNSW-NB15,test,2089,DoS,1,0.223045,0.38338,KNOWN
UNSW-NB15,test,2090,Normal,1,0.224808,0.38338,KNOWN
UNSW-NB15,test,2091,DoS,1,0.145379,0.38338,KNOWN
UNSW-NB15,test,2092,Normal,1,0.222682,0.38338,KNOWN
UNSW-NB15,test,2093,Normal,1,0.166508,0.38338,KNOWN
UNSW-NB15,test,2094,Normal,1,0.41522,0.38338,ZERO_DAY
UNSW-NB15,test,2095,DoS,1,0.178513,0.38338,KNOWN
UNSW-NB15,test,2096,Normal,1,0.08016,0.38338,KNOWN
UNSW-NB15,test,2097,Exploits,1,0.152581,0.38338,KNOWN
UNSW-NB15,test,2098,Generic,1,0.053096,0.38338,KNOWN
UNSW-NB15,test,2099,Normal,1,0.116706,0.38338,KNOWN
UNSW-NB15,test,2100,Fuzzers,1,0.125115,0.38338,KNOWN
UNSW-NB15,test,2101,Fuzzers,1,0.330461,0.38338,KNOWN
UNSW-NB15,test,2102,Normal,1,0.280255,0.38338,KNOWN
UNSW-NB15,test,2103,Exploits,1,0.066364,0.38338,KNOWN
UNSW-NB15,test,2104,Normal,1,0.238664,0.38338,KNOWN
UNSW-NB15,test,2105,Fuzzers,1,0.036903,0.38338,KNOWN
UNSW-NB15,test,2106,Analysis,1,0.08445,0.38338,KNOWN
UNSW-NB15,test,2107,Normal,1,0.12255,0.38338,KNOWN
UNSW-NB15,test,2108,Exploits,1,0.203062,0.38338,KNOWN
UNSW-NB15,test,2109,Normal,1,0.088114,0.38338,KNOWN
UNSW-NB15,test,2110,Normal,1,0.230516,0.38338,KNOWN
UNSW-NB15,test,2111,Normal,1,0.132582,0.38338,KNOWN
UNSW-NB15,test,2112,Exploits,1,0.382104,0.38338,KNOWN
UNSW-NB15,test,2113,Normal,1,0.084023,0.38338,KNOWN
UNSW-NB15,test,2114,Normal,1,0.154277,0.38338,KNOWN
UNSW-NB15,test,2115,Normal,1,0.203039,0.38338,KNOWN
UNSW-NB15,test,2116,Reconnaissance,1,0.278451,0.38338,KNOWN
UNSW-NB15,test,2117,Normal,1,0.199115,0.38338,KNOWN
UNSW-NB15,test,2118,Exploits,1,0.092512,0.38338,KNOWN
UNSW-NB15,test,2119,Normal,1,0.162026,0.38338,KNOWN
UNSW-NB15,test,2120,Exploits,1,0.089932,0.38338,KNOWN
UNSW-NB15,test,2121,Normal,1,0.089585,0.38338,KNOWN
UNSW-NB15,test,2122,Normal,1,0.055229,0.38338,KNOWN
UNSW-NB15,test,2123,Exploits,1,0.117139,0.38338,KNOWN
UNSW-NB15,test,2124,Fuzzers,1,0.205715,0.38338,KNOWN
UNSW-NB15,test,2125,Exploits,1,0.203596,0.38338,KNOWN
UNSW-NB15,test,2126,Normal,1,0.199185,0.38338,KNOWN
UNSW-NB15,test,2127,Exploits,1,0.15067,0.38338,KNOWN
UNSW-NB15,test,2128,Normal,1,0.298031,0.38338,KNOWN
UNSW-NB15,test,2129,Generic,1,0.251802,0.38338,KNOWN
UNSW-NB15,test,2130,Normal,1,0.140464,0.38338,KNOWN
UNSW-NB15,test,2131,Normal,1,0.272111,0.38338,KNOWN
UNSW-NB15,test,2132,Normal,1,0.353218,0.38338,KNOWN
UNSW-NB15,test,2133,Normal,1,0.115471,0.38338,KNOWN
UNSW-NB15,test,2134,Fuzzers,1,0.192488,0.38338,KNOWN
UNSW-NB15,test,2135,Normal,1,0.127498,0.38338,KNOWN
UNSW-NB15,test,2136,Exploits,1,0.394058,0.38338,ZERO_DAY
UNSW-NB15,test,2137,Normal,1,0.246909,0.38338,KNOWN
UNSW-NB15,test,2138,Reconnaissance,1,0.253906,0.38338,KNOWN
UNSW-NB15,test,2139,Normal,1,0.149779,0.38338,KNOWN
UNSW-NB15,test,2140,Normal,1,0.165605,0.38338,KNOWN
UNSW-NB15,test,2141,Normal,1,0.048216,0.38338,KNOWN
UNSW-NB15,test,2142,Exploits,1,0.172409,0.38338,KNOWN
UNSW-NB15,test,2143,Normal,1,0.160325,0.38338,KNOWN
UNSW-NB15,test,2144,Exploits,1,0.208979,0.38338,KNOWN
UNSW-NB15,test,2145,Normal,1,0.289897,0.38338,KNOWN
UNSW-NB15,test,2146,Normal,1,0.119085,0.38338,KNOWN
UNSW-NB15,test,2147,Normal,1,0.140721,0.38338,KNOWN
UNSW-NB15,test,2148,Normal,1,0.369992,0.38338,KNOWN
UNSW-NB15,test,2149,Reconnaissance,1,0.100135,0.38338,KNOWN
UNSW-NB15,test,2150,Normal,1,0.230077,0.38338,KNOWN
UNSW-NB15,test,2151,Exploits,1,0.023222,0.38338,KNOWN
UNSW-NB15,test,2152,Normal,1,0.402444,0.38338,ZERO_DAY
UNSW-NB15,test,2153,Normal,1,0.321271,0.38338,KNOWN
UNSW-NB15,test,2154,Generic,1,0.331104,0.38338,KNOWN
UNSW-NB15,test,2155,Normal,1,0.36365,0.38338,KNOWN
UNSW-NB15,test,2156,Normal,1,0.160174,0.38338,KNOWN
UNSW-NB15,test,2157,Normal,1,0.108239,0.38338,KNOWN
UNSW-NB15,test,2158,Normal,1,0.044975,0.38338,KNOWN
UNSW-NB15,test,2159,Exploits,1,0.054561,0.38338,KNOWN
UNSW-NB15,test,2160,Reconnaissance,1,0.095324,0.38338,KNOWN
UNSW-NB15,test,2161,Normal,1,0.064972,0.38338,KNOWN
UNSW-NB15,test,2162,Analysis,1,0.075856,0.38338,KNOWN
UNSW-NB15,test,2163,Fuzzers,1,0.051617,0.38338,KNOWN
UNSW-NB15,test,2164,Normal,1,0.459876,0.38338,ZERO_DAY
UNSW-NB15,test,2165,Exploits,1,0.034075,0.38338,KNOWN
UNSW-NB15,test,2166,Normal,1,0.282589,0.38338,KNOWN
UNSW-NB15,test,2167,Normal,1,0.047261,0.38338,KNOWN
UNSW-NB15,test,2168,Exploits,1,0.04488,0.38338,KNOWN
UNSW-NB15,test,2169,Normal,1,0.237235,0.38338,KNOWN
UNSW-NB15,test,2170,Exploits,1,0.051236,0.38338,KNOWN
UNSW-NB15,test,2171,Normal,1,0.203603,0.38338,KNOWN
UNSW-NB15,test,2172,Normal,1,0.062299,0.38338,KNOWN
UNSW-NB15,test,2173,Normal,1,0.239047,0.38338,KNOWN
UNSW-NB15,test,2174,Exploits,1,0.101854,0.38338,KNOWN
UNSW-NB15,test,2175,Exploits,1,0.586571,0.38338,ZERO_DAY
UNSW-NB15,test,2176,Exploits,1,0.145235,0.38338,KNOWN
UNSW-NB15,test,2177,Normal,1,0.301919,0.38338,KNOWN
UNSW-NB15,test,2178,Normal,1,0.114913,0.38338,KNOWN
UNSW-NB15,test,2179,Normal,1,0.187301,0.38338,KNOWN
UNSW-NB15,test,2180,Exploits,1,0.112045,0.38338,KNOWN
UNSW-NB15,test,2181,Exploits,1,0.18925,0.38338,KNOWN
UNSW-NB15,test,2182,Normal,1,0.112025,0.38338,KNOWN
UNSW-NB15,test,2183,Normal,1,0.098957,0.38338,KNOWN
UNSW-NB15,test,2184,Exploits,1,0.091827,0.38338,KNOWN
UNSW-NB15,test,2185,Normal,1,0.443143,0.38338,ZERO_DAY
UNSW-NB15,test,2186,Fuzzers,1,0.236351,0.38338,KNOWN
UNSW-NB15,test,2187,Normal,1,0.140305,0.38338,KNOWN
UNSW-NB15,test,2188,Normal,1,0.306592,0.38338,KNOWN
UNSW-NB15,test,2189,Normal,1,0.078484,0.38338,KNOWN
UNSW-NB15,test,2190,Fuzzers,1,0.247139,0.38338,KNOWN
UNSW-NB15,test,2191,Exploits,1,0.354313,0.38338,KNOWN
UNSW-NB15,test,2192,Normal,1,0.078043,0.38338,KNOWN
UNSW-NB15,test,2193,Normal,1,0.181705,0.38338,KNOWN
UNSW-NB15,test,2194,Fuzzers,1,0.187971,0.38338,KNOWN
UNSW-NB15,test,2195,Normal,1,0.225062,0.38338,KNOWN
UNSW-NB15,test,2196,Normal,1,0.131347,0.38338,KNOWN
UNSW-NB15,test,2197,Normal,1,0.163724,0.38338,KNOWN
UNSW-NB15,test,2198,Exploits,1,0.222688,0.38338,KNOWN
UNSW-NB15,test,2199,Exploits,1,0.214602,0.38338,KNOWN
UNSW-NB15,test,2200,Normal,1,0.12683,0.38338,KNOWN
UNSW-NB15,test,2201,Normal,1,0.495084,0.38338,ZERO_DAY
UNSW-NB15,test,2202,Normal,1,0.156331,0.38338,KNOWN
UNSW-NB15,test,2203,Normal,1,0.090758,0.38338,KNOWN
UNSW-NB15,test,2204,Normal,1,0.191842,0.38338,KNOWN
UNSW-NB15,test,2205,Normal,1,0.076721,0.38338,KNOWN
UNSW-NB15,test,2206,Normal,1,0.14516,0.38338,KNOWN
UNSW-NB15,test,2207,Exploits,1,0.183229,0.38338,KNOWN
UNSW-NB15,test,2208,Exploits,1,0.077196,0.38338,KNOWN
UNSW-NB15,test,2209,Normal,1,0.109513,0.38338,KNOWN
UNSW-NB15,test,2210,Exploits,1,0.118656,0.38338,KNOWN
UNSW-NB15,test,2211,Reconnaissance,1,0.120542,0.38338,KNOWN
UNSW-NB15,test,2212,Normal,1,0.146462,0.38338,KNOWN
UNSW-NB15,test,2213,Exploits,1,0.257113,0.38338,KNOWN
UNSW-NB15,test,2214,Exploits,1,0.100393,0.38338,KNOWN
UNSW-NB15,test,2215,Fuzzers,1,0.069814,0.38338,KNOWN
UNSW-NB15,test,2216,Normal,1,0.268279,0.38338,KNOWN
UNSW-NB15,test,2217,Exploits,1,0.214793,0.38338,KNOWN
UNSW-NB15,test,2218,Exploits,1,0.163943,0.38338,KNOWN
UNSW-NB15,test,2219,Exploits,1,0.0802,0.38338,KNOWN
UNSW-NB15,test,2220,Normal,1,0.138292,0.38338,KNOWN
UNSW-NB15,test,2221,Normal,1,0.212688,0.38338,KNOWN
UNSW-NB15,test,2222,Normal,1,0.071578,0.38338,KNOWN
UNSW-NB15,test,2223,Fuzzers,1,0.086733,0.38338,KNOWN
UNSW-NB15,test,2224,Normal,1,0.26791,0.38338,KNOWN
UNSW-NB15,test,2225,Fuzzers,1,0.216825,0.38338,KNOWN
UNSW-NB15,test,2226,Reconnaissance,1,0.191099,0.38338,KNOWN
UNSW-NB15,test,2227,Reconnaissance,1,0.233063,0.38338,KNOWN
UNSW-NB15,test,2228,Normal,1,0.288593,0.38338,KNOWN
UNSW-NB15,test,2229,Normal,1,0.070921,0.38338,KNOWN
UNSW-NB15,test,2230,Exploits,1,0.231205,0.38338,KNOWN
UNSW-NB15,test,2231,Reconnaissance,1,0.08006,0.38338,KNOWN
UNSW-NB15,test,2232,Normal,1,0.193074,0.38338,KNOWN
UNSW-NB15,test,2233,Normal,1,0.104192,0.38338,KNOWN
UNSW-NB15,test,2234,Normal,1,0.150327,0.38338,KNOWN
UNSW-NB15,test,2235,Exploits,1,0.112542,0.38338,KNOWN
UNSW-NB15,test,2236,Normal,1,0.223671,0.38338,KNOWN
UNSW-NB15,test,2237,Fuzzers,1,0.11361,0.38338,KNOWN
UNSW-NB15,test,2238,Normal,1,0.17231,0.38338,KNOWN
UNSW-NB15,test,2239,Normal,1,0.360906,0.38338,KNOWN
UNSW-NB15,test,2240,Normal,1,0.134412,0.38338,KNOWN
UNSW-NB15,test,2241,Exploits,1,0.396272,0.38338,ZERO_DAY
UNSW-NB15,test,2242,Normal,1,0.211612,0.38338,KNOWN
UNSW-NB15,test,2243,Exploits,1,0.108133,0.38338,KNOWN
UNSW-NB15,test,2244,Normal,1,0.087315,0.38338,KNOWN
UNSW-NB15,test,2245,Normal,1,0.187644,0.38338,KNOWN
UNSW-NB15,test,2246,Exploits,1,0.207577,0.38338,KNOWN
UNSW-NB15,test,2247,Exploits,1,0.260284,0.38338,KNOWN
UNSW-NB15,test,2248,Fuzzers,1,0.056412,0.38338,KNOWN
UNSW-NB15,test,2249,Reconnaissance,1,0.297534,0.38338,KNOWN
UNSW-NB15,test,2250,Normal,1,0.106001,0.38338,KNOWN
UNSW-NB15,test,2251,Fuzzers,1,0.120468,0.38338,KNOWN
UNSW-NB15,test,2252,Normal,1,0.303057,0.38338,KNOWN
UNSW-NB15,test,2253,Normal,1,0.07753,0.38338,KNOWN
UNSW-NB15,test,2254,Exploits,1,0.326442,0.38338,KNOWN
UNSW-NB15,test,2255,Reconnaissance,1,0.073822,0.38338,KNOWN
UNSW-NB15,test,2256,Fuzzers,1,0.258959,0.38338,KNOWN
UNSW-NB15,test,2257,Fuzzers,1,0.280418,0.38338,KNOWN
UNSW-NB15,test,2258,Exploits,1,0.091673,0.38338,KNOWN
UNSW-NB15,test,2259,Exploits,1,0.072011,0.38338,KNOWN
UNSW-NB15,test,2260,Normal,1,0.085233,0.38338,KNOWN
UNSW-NB15,test,2261,Normal,1,0.056134,0.38338,KNOWN
UNSW-NB15,test,2262,Exploits,1,0.173684,0.38338,KNOWN
UNSW-NB15,test,2263,Normal,1,0.238003,0.38338,KNOWN
UNSW-NB15,test,2264,Normal,1,0.29246,0.38338,KNOWN
UNSW-NB15,test,2265,Fuzzers,1,0.232333,0.38338,KNOWN
UNSW-NB15,test,2266,Normal,1,0.189796,0.38338,KNOWN
UNSW-NB15,test,2267,Reconnaissance,1,0.148071,0.38338,KNOWN
UNSW-NB15,test,2268,Exploits,1,0.108421,0.38338,KNOWN
UNSW-NB15,test,2269,Normal,1,0.072008,0.38338,KNOWN
UNSW-NB15,test,2270,Exploits,1,0.13904,0.38338,KNOWN
UNSW-NB15,test,2271,Normal,1,0.275365,0.38338,KNOWN
UNSW-NB15,test,2272,Exploits,1,0.337563,0.38338,KNOWN
UNSW-NB15,test,2273,Normal,1,0.020271,0.38338,KNOWN
UNSW-NB15,test,2274,Normal,1,0.264656,0.38338,KNOWN
UNSW-NB15,test,2275,Normal,1,0.185743,0.38338,KNOWN
UNSW-NB15,test,2276,Normal,1,0.288977,0.38338,KNOWN
UNSW-NB15,test,2277,Fuzzers,1,0.07533,0.38338,KNOWN
UNSW-NB15,test,2278,Normal,1,0.045199,0.38338,KNOWN
UNSW-NB15,test,2279,Exploits,1,0.106734,0.38338,KNOWN
UNSW-NB15,test,2280,Exploits,1,0.172532,0.38338,KNOWN
UNSW-NB15,test,2281,Exploits,1,0.119115,0.38338,KNOWN
UNSW-NB15,test,2282,Normal,1,0.21588,0.38338,KNOWN
UNSW-NB15,test,2283,Exploits,1,0.065996,0.38338,KNOWN
UNSW-NB15,test,2284,Normal,1,0.053709,0.38338,KNOWN
UNSW-NB15,test,2285,Normal,1,0.060142,0.38338,KNOWN
UNSW-NB15,test,2286,Reconnaissance,1,0.418058,0.38338,ZERO_DAY
UNSW-NB15,test,2287,Exploits,1,0.153742,0.38338,KNOWN
UNSW-NB15,test,2288,Normal,1,0.176635,0.38338,KNOWN
UNSW-NB15,test,2289,Normal,1,0.135806,0.38338,KNOWN
UNSW-NB15,test,2290,Exploits,1,0.338385,0.38338,KNOWN
UNSW-NB15,test,2291,DoS,1,0.408198,0.38338,ZERO_DAY
UNSW-NB15,test,2292,Exploits,1,0.141971,0.38338,KNOWN
UNSW-NB15,test,2293,Exploits,1,0.174298,0.38338,KNOWN
UNSW-NB15,test,2294,Fuzzers,1,0.243515,0.38338,KNOWN
UNSW-NB15,test,2295,Normal,1,0.067192,0.38338,KNOWN
UNSW-NB15,test,2296,Exploits,1,0.2712,0.38338,KNOWN
UNSW-NB15,test,2297,Fuzzers,1,0.220273,0.38338,KNOWN
UNSW-NB15,test,2298,Normal,1,0.086573,0.38338,KNOWN
UNSW-NB15,test,2299,Normal,1,0.070868,0.38338,KNOWN
UNSW-NB15,test,2300,Normal,1,0.198496,0.38338,KNOWN
UNSW-NB15,test,2301,Normal,1,0.275733,0.38338,KNOWN
UNSW-NB15,test,2302,Fuzzers,1,0.1725,0.38338,KNOWN
UNSW-NB15,test,2303,Fuzzers,1,0.267224,0.38338,KNOWN
UNSW-NB15,test,2304,Reconnaissance,1,0.220947,0.38338,KNOWN
UNSW-NB15,test,2305,Reconnaissance,1,0.052612,0.38338,KNOWN
UNSW-NB15,test,2306,Normal,1,0.100618,0.38338,KNOWN
UNSW-NB15,test,2307,Normal,1,0.035298,0.38338,KNOWN
UNSW-NB15,test,2308,Normal,1,0.049937,0.38338,KNOWN
UNSW-NB15,test,2309,Normal,1,0.029991,0.38338,KNOWN
UNSW-NB15,test,2310,DoS,1,0.131715,0.38338,KNOWN
UNSW-NB15,test,2311,Normal,1,0.177831,0.38338,KNOWN
UNSW-NB15,test,2312,Normal,1,0.229777,0.38338,KNOWN
UNSW-NB15,test,2313,Normal,1,0.337106,0.38338,KNOWN
UNSW-NB15,test,2314,Normal,1,0.355734,0.38338,KNOWN
UNSW-NB15,test,2315,Normal,1,0.196834,0.38338,KNOWN
UNSW-NB15,test,2316,Exploits,1,0.405206,0.38338,ZERO_DAY
UNSW-NB15,test,2317,Normal,1,0.071523,0.38338,KNOWN
UNSW-NB15,test,2318,DoS,1,0.133924,0.38338,KNOWN
UNSW-NB15,test,2319,Normal,1,0.108524,0.38338,KNOWN
UNSW-NB15,test,2320,Normal,1,0.063482,0.38338,KNOWN
UNSW-NB15,test,2321,Exploits,1,0.121949,0.38338,KNOWN
UNSW-NB15,test,2322,Normal,1,0.166644,0.38338,KNOWN
UNSW-NB15,test,2323,Normal,1,0.100173,0.38338,KNOWN
UNSW-NB15,test,2324,Generic,1,0.174019,0.38338,KNOWN
UNSW-NB15,test,2325,DoS,1,0.23967,0.38338,KNOWN
UNSW-NB15,test,2326,Reconnaissance,1,0.114778,0.38338,KNOWN
UNSW-NB15,test,2327,Fuzzers,1,0.114972,0.38338,KNOWN
UNSW-NB15,test,2328,Normal,1,0.062162,0.38338,KNOWN
UNSW-NB15,test,2329,Normal,1,0.124872,0.38338,KNOWN
UNSW-NB15,test,2330,Normal,1,0.27405,0.38338,KNOWN
UNSW-NB15,test,2331,Normal,1,0.194789,0.38338,KNOWN
UNSW-NB15,test,2332,Exploits,1,0.24984,0.38338,KNOWN
UNSW-NB15,test,2333,Normal,1,0.118521,0.38338,KNOWN
UNSW-NB15,test,2334,Exploits,1,0.180306,0.38338,KNOWN
UNSW-NB15,test,2335,Normal,1,0.256999,0.38338,KNOWN
UNSW-NB15,test,2336,Normal,1,0.124294,0.38338,KNOWN
UNSW-NB15,test,2337,Fuzzers,1,0.061094,0.38338,KNOWN
UNSW-NB15,test,2338,Normal,1,0.154372,0.38338,KNOWN
UNSW-NB15,test,2339,Normal,1,0.228533,0.38338,KNOWN
UNSW-NB15,test,2340,Normal,1,0.192411,0.38338,KNOWN
UNSW-NB15,test,2341,DoS,1,0.092297,0.38338,KNOWN
UNSW-NB15,test,2342,Normal,1,0.170636,0.38338,KNOWN
UNSW-NB15,test,2343,Exploits,1,0.171974,0.38338,KNOWN
UNSW-NB15,test,2344,Fuzzers,1,0.082363,0.38338,KNOWN
UNSW-NB15,test,2345,Normal,1,0.28304,0.38338,KNOWN
UNSW-NB15,test,2346,Fuzzers,1,0.161758,0.38338,KNOWN
UNSW-NB15,test,2347,Fuzzers,1,0.222482,0.38338,KNOWN
UNSW-NB15,test,2348,Normal,1,0.082341,0.38338,KNOWN
UNSW-NB15,test,2349,Exploits,1,0.083323,0.38338,KNOWN
UNSW-NB15,test,2350,Normal,1,0.14081,0.38338,KNOWN
UNSW-NB15,test,2351,Normal,1,0.205059,0.38338,KNOWN
UNSW-NB15,test,2352,Normal,1,0.122949,0.38338,KNOWN
UNSW-NB15,test,2353,Fuzzers,1,0.058342,0.38338,KNOWN
UNSW-NB15,test,2354,Exploits,1,0.168344,0.38338,KNOWN
UNSW-NB15,test,2355,Normal,1,0.119858,0.38338,KNOWN
UNSW-NB15,test,2356,Reconnaissance,1,0.044581,0.38338,KNOWN
UNSW-NB15,test,2357,Exploits,1,0.093116,0.38338,KNOWN
UNSW-NB15,test,2358,Normal,1,0.144366,0.38338,KNOWN
UNSW-NB15,test,2359,Normal,1,0.268836,0.38338,KNOWN
UNSW-NB15,test,2360,Normal,1,0.228221,0.38338,KNOWN
UNSW-NB15,test,2361,Exploits,1,0.226127,0.38338,KNOWN
UNSW-NB15,test,2362,Normal,1,0.11198,0.38338,KNOWN
UNSW-NB15,test,2363,Exploits,1,0.138073,0.38338,KNOWN
UNSW-NB15,test,2364,Normal,1,0.172221,0.38338,KNOWN
UNSW-NB15,test,2365,DoS,1,0.208363,0.38338,KNOWN
UNSW-NB15,test,2366,Normal,1,0.120465,0.38338,KNOWN
UNSW-NB15,test,2367,Exploits,1,0.136315,0.38338,KNOWN
UNSW-NB15,test,2368,Exploits,1,0.324824,0.38338,KNOWN
UNSW-NB15,test,2369,Exploits,1,0.033378,0.38338,KNOWN
UNSW-NB15,test,2370,Exploits,1,0.230129,0.38338,KNOWN
UNSW-NB15,test,2371,Normal,1,0.23215,0.38338,KNOWN
UNSW-NB15,test,2372,Normal,1,0.125982,0.38338,KNOWN
UNSW-NB15,test,2373,Normal,1,0.105572,0.38338,KNOWN
UNSW-NB15,test,2374,Normal,1,0.278817,0.38338,KNOWN
UNSW-NB15,test,2375,Normal,1,0.150496,0.38338,KNOWN
UNSW-NB15,test,2376,Reconnaissance,1,0.183114,0.38338,KNOWN
UNSW-NB15,test,2377,Normal,1,0.218288,0.38338,KNOWN
UNSW-NB15,test,2378,Normal,1,0.128369,0.38338,KNOWN
UNSW-NB15,test,2379,Fuzzers,1,0.041656,0.38338,KNOWN
UNSW-NB15,test,2380,Normal,1,0.240598,0.38338,KNOWN
UNSW-NB15,test,2381,Generic,1,0.147311,0.38338,KNOWN
UNSW-NB15,test,2382,Normal,1,0.234662,0.38338,KNOWN
UNSW-NB15,test,2383,Normal,1,0.11804,0.38338,KNOWN
UNSW-NB15,test,2384,Normal,1,0.060064,0.38338,KNOWN
UNSW-NB15,test,2385,Backdoor,1,0.237316,0.38338,KNOWN
UNSW-NB15,test,2386,Normal,1,0.102815,0.38338,KNOWN
UNSW-NB15,test,2387,Normal,1,0.303107,0.38338,KNOWN
UNSW-NB15,test,2388,Normal,1,0.121543,0.38338,KNOWN
UNSW-NB15,test,2389,Normal,1,0.264747,0.38338,KNOWN
UNSW-NB15,test,2390,Normal,1,0.321321,0.38338,KNOWN
UNSW-NB15,test,2391,Normal,1,0.44122,0.38338,ZERO_DAY
UNSW-NB15,test,2392,DoS,1,0.114666,0.38338,KNOWN
UNSW-NB15,test,2393,Normal,1,0.099498,0.38338,KNOWN
UNSW-NB15,test,2394,Normal,1,0.098934,0.38338,KNOWN
UNSW-NB15,test,2395,Normal,1,0.034648,0.38338,KNOWN
UNSW-NB15,test,2396,Normal,1,0.113422,0.38338,KNOWN
UNSW-NB15,test,2397,Fuzzers,1,0.153185,0.38338,KNOWN
UNSW-NB15,test,2398,Normal,1,0.443589,0.38338,ZERO_DAY
UNSW-NB15,test,2399,Normal,1,0.061621,0.38338,KNOWN
UNSW-NB15,test,2400,Normal,1,0.163591,0.38338,KNOWN
UNSW-NB15,test,2401,Fuzzers,1,0.304717,0.38338,KNOWN
UNSW-NB15,test,2402,Exploits,1,0.20448,0.38338,KNOWN
UNSW-NB15,test,2403,Exploits,1,0.020434,0.38338,KNOWN
UNSW-NB15,test,2404,Normal,1,0.199057,0.38338,KNOWN
UNSW-NB15,test,2405,Exploits,1,0.128606,0.38338,KNOWN
UNSW-NB15,test,2406,Normal,1,0.297748,0.38338,KNOWN
UNSW-NB15,test,2407,Reconnaissance,1,0.374436,0.38338,KNOWN
UNSW-NB15,test,2408,Normal,1,0.095668,0.38338,KNOWN
UNSW-NB15,test,2409,Normal,1,0.224298,0.38338,KNOWN
UNSW-NB15,test,2410,Normal,1,0.301845,0.38338,KNOWN
UNSW-NB15,test,2411,DoS,1,0.261086,0.38338,KNOWN
UNSW-NB15,test,2412,Normal,1,0.232696,0.38338,KNOWN
UNSW-NB15,test,2413,Normal,1,0.144665,0.38338,KNOWN
UNSW-NB15,test,2414,Fuzzers,1,0.391155,0.38338,ZERO_DAY
UNSW-NB15,test,2415,Normal,1,0.395135,0.38338,ZERO_DAY
UNSW-NB15,test,2416,Fuzzers,1,0.049833,0.38338,KNOWN
UNSW-NB15,test,2417,Normal,1,0.290617,0.38338,KNOWN
UNSW-NB15,test,2418,Exploits,1,0.179343,0.38338,KNOWN
UNSW-NB15,test,2419,Exploits,1,0.093684,0.38338,KNOWN
UNSW-NB15,test,2420,Normal,1,0.061811,0.38338,KNOWN
UNSW-NB15,test,2421,Generic,1,0.121758,0.38338,KNOWN
UNSW-NB15,test,2422,Normal,1,0.08023,0.38338,KNOWN
UNSW-NB15,test,2423,Normal,1,0.116346,0.38338,KNOWN
UNSW-NB15,test,2424,Normal,1,0.372329,0.38338,KNOWN
UNSW-NB15,test,2425,Normal,1,0.187869,0.38338,KNOWN
UNSW-NB15,test,2426,Exploits,1,0.050045,0.38338,KNOWN
UNSW-NB15,test,2427,Normal,1,0.09137,0.38338,KNOWN
UNSW-NB15,test,2428,Normal,1,0.264284,0.38338,KNOWN
UNSW-NB15,test,2429,Normal,1,0.270828,0.38338,KNOWN
UNSW-NB15,test,2430,DoS,1,0.096622,0.38338,KNOWN
UNSW-NB15,test,2431,Normal,1,0.234754,0.38338,KNOWN
UNSW-NB15,test,2432,Normal,1,0.191974,0.38338,KNOWN
UNSW-NB15,test,2433,Exploits,1,0.24656,0.38338,KNOWN
UNSW-NB15,test,2434,Normal,1,0.158288,0.38338,KNOWN
UNSW-NB15,test,2435,Normal,1,0.069115,0.38338,KNOWN
UNSW-NB15,test,2436,Normal,1,0.135023,0.38338,KNOWN
UNSW-NB15,test,2437,Normal,1,0.420824,0.38338,ZERO_DAY
UNSW-NB15,test,2438,Exploits,1,0.35577,0.38338,KNOWN
UNSW-NB15,test,2439,Normal,1,0.311418,0.38338,KNOWN
UNSW-NB15,test,2440,Reconnaissance,1,0.250869,0.38338,KNOWN
UNSW-NB15,test,2441,Reconnaissance,1,0.055904,0.38338,KNOWN
UNSW-NB15,test,2442,Exploits,1,0.086881,0.38338,KNOWN
UNSW-NB15,test,2443,Exploits,1,0.046979,0.38338,KNOWN
UNSW-NB15,test,2444,Exploits,1,0.216376,0.38338,KNOWN
UNSW-NB15,test,2445,Normal,1,0.031222,0.38338,KNOWN
UNSW-NB15,test,2446,Normal,1,0.424494,0.38338,ZERO_DAY
UNSW-NB15,test,2447,Fuzzers,1,0.222002,0.38338,KNOWN
UNSW-NB15,test,2448,Normal,1,0.125565,0.38338,KNOWN
UNSW-NB15,test,2449,DoS,1,0.188513,0.38338,KNOWN
UNSW-NB15,test,2450,DoS,1,0.064795,0.38338,KNOWN
UNSW-NB15,test,2451,Normal,1,0.025631,0.38338,KNOWN
UNSW-NB15,test,2452,DoS,1,0.14591,0.38338,KNOWN
UNSW-NB15,test,2453,Normal,1,0.035067,0.38338,KNOWN
UNSW-NB15,test,2454,Normal,1,0.156733,0.38338,KNOWN
UNSW-NB15,test,2455,Exploits,1,0.162393,0.38338,KNOWN
UNSW-NB15,test,2456,Fuzzers,1,0.119678,0.38338,KNOWN
UNSW-NB15,test,2457,Reconnaissance,1,0.216607,0.38338,KNOWN
UNSW-NB15,test,2458,Exploits,1,0.109029,0.38338,KNOWN
UNSW-NB15,test,2459,Reconnaissance,1,0.194999,0.38338,KNOWN
UNSW-NB15,test,2460,Normal,1,0.320466,0.38338,KNOWN
UNSW-NB15,test,2461,Normal,1,0.086311,0.38338,KNOWN
UNSW-NB15,test,2462,DoS,1,0.08791,0.38338,KNOWN
UNSW-NB15,test,2463,Normal,1,0.078866,0.38338,KNOWN
UNSW-NB15,test,2464,Normal,1,0.028764,0.38338,KNOWN
UNSW-NB15,test,2465,Generic,1,0.335052,0.38338,KNOWN
UNSW-NB15,test,2466,Exploits,1,0.37018,0.38338,KNOWN
UNSW-NB15,test,2467,Exploits,1,0.1233,0.38338,KNOWN
UNSW-NB15,test,2468,Fuzzers,1,0.287452,0.38338,KNOWN
UNSW-NB15,test,2469,Exploits,1,0.060881,0.38338,KNOWN
UNSW-NB15,test,2470,Exploits,1,0.251753,0.38338,KNOWN
UNSW-NB15,test,2471,Exploits,1,0.034472,0.38338,KNOWN
UNSW-NB15,test,2472,Reconnaissance,1,0.287953,0.38338,KNOWN
UNSW-NB15,test,2473,Normal,1,0.252507,0.38338,KNOWN
UNSW-NB15,test,2474,Reconnaissance,1,0.336093,0.38338,KNOWN
UNSW-NB15,test,2475,Exploits,1,0.340138,0.38338,KNOWN
UNSW-NB15,test,2476,Normal,1,0.092366,0.38338,KNOWN
UNSW-NB15,test,2477,Normal,1,0.090224,0.38338,KNOWN
UNSW-NB15,test,2478,Fuzzers,1,0.084496,0.38338,KNOWN
UNSW-NB15,test,2479,Normal,1,0.404652,0.38338,ZERO_DAY
UNSW-NB15,test,2480,Normal,1,0.040142,0.38338,KNOWN
UNSW-NB15,test,2481,Normal,1,0.137489,0.38338,KNOWN
UNSW-NB15,test,2482,Normal,1,0.044157,0.38338,KNOWN
UNSW-NB15,test,2483,Normal,1,0.218068,0.38338,KNOWN
UNSW-NB15,test,2484,Normal,1,0.055606,0.38338,KNOWN
UNSW-NB15,test,2485,Fuzzers,1,0.167756,0.38338,KNOWN
UNSW-NB15,test,2486,Normal,1,0.254997,0.38338,KNOWN
UNSW-NB15,test,2487,Fuzzers,1,0.040584,0.38338,KNOWN
UNSW-NB15,test,2488,Exploits,1,0.097506,0.38338,KNOWN
UNSW-NB15,test,2489,Fuzzers,1,0.061887,0.38338,KNOWN
UNSW-NB15,test,2490,Exploits,1,0.101282,0.38338,KNOWN
UNSW-NB15,test,2491,Normal,1,0.193131,0.38338,KNOWN
UNSW-NB15,test,2492,Normal,1,0.160726,0.38338,KNOWN
UNSW-NB15,test,2493,Normal,1,0.238609,0.38338,KNOWN
UNSW-NB15,test,2494,Fuzzers,1,0.035753,0.38338,KNOWN
UNSW-NB15,test,2495,Normal,1,0.240317,0.38338,KNOWN
UNSW-NB15,test,2496,Normal,1,0.130019,0.38338,KNOWN
UNSW-NB15,test,2497,Reconnaissance,1,0.058423,0.38338,KNOWN
UNSW-NB15,test,2498,Normal,1,0.203497,0.38338,KNOWN
UNSW-NB15,test,2499,Normal,1,0.037264,0.38338,KNOWN
UNSW-NB15,test,2500,Normal,1,0.127546,0.38338,KNOWN
UNSW-NB15,test,2501,Normal,1,0.112058,0.38338,KNOWN
UNSW-NB15,test,2502,Fuzzers,1,0.103888,0.38338,KNOWN
UNSW-NB15,test,2503,Normal,1,0.313796,0.38338,KNOWN
UNSW-NB15,test,2504,Normal,1,0.100342,0.38338,KNOWN
UNSW-NB15,test,2505,Exploits,1,0.096568,0.38338,KNOWN
UNSW-NB15,test,2506,Fuzzers,1,0.354701,0.38338,KNOWN
UNSW-NB15,test,2507,Exploits,1,0.20794,0.38338,KNOWN
UNSW-NB15,test,2508,Fuzzers,1,0.166172,0.38338,KNOWN
UNSW-NB15,test,2509,Fuzzers,1,0.279079,0.38338,KNOWN
UNSW-NB15,test,2510,Exploits,1,0.105736,0.38338,KNOWN
UNSW-NB15,test,2511,Normal,1,0.058033,0.38338,KNOWN
UNSW-NB15,test,2512,Exploits,1,0.159974,0.38338,KNOWN
UNSW-NB15,test,2513,Fuzzers,1,0.123104,0.38338,KNOWN
UNSW-NB15,test,2514,Normal,1,0.141232,0.38338,KNOWN
UNSW-NB15,test,2515,Normal,1,0.035072,0.38338,KNOWN
UNSW-NB15,test,2516,Normal,1,0.031374,0.38338,KNOWN
UNSW-NB15,test,2517,Exploits,1,0.110955,0.38338,KNOWN
UNSW-NB15,test,2518,Normal,1,0.102111,0.38338,KNOWN
UNSW-NB15,test,2519,Normal,1,0.040563,0.38338,KNOWN
UNSW-NB15,test,2520,Exploits,1,0.097448,0.38338,KNOWN
UNSW-NB15,test,2521,Normal,1,0.248014,0.38338,KNOWN
UNSW-NB15,test,2522,Normal,1,0.12759,0.38338,KNOWN
UNSW-NB15,test,2523,Normal,1,0.105743,0.38338,KNOWN
UNSW-NB15,test,2524,Normal,1,0.066889,0.38338,KNOWN
UNSW-NB15,test,2525,Exploits,1,0.300202,0.38338,KNOWN
UNSW-NB15,test,2526,Generic,1,0.081077,0.38338,KNOWN
UNSW-NB15,test,2527,Fuzzers,1,0.182137,0.38338,KNOWN
UNSW-NB15,test,2528,Reconnaissance,1,0.195441,0.38338,KNOWN
UNSW-NB15,test,2529,Normal,1,0.069011,0.38338,KNOWN
UNSW-NB15,test,2530,Generic,1,0.349327,0.38338,KNOWN
UNSW-NB15,test,2531,Normal,1,0.036974,0.38338,KNOWN
UNSW-NB15,test,2532,Fuzzers,1,0.097243,0.38338,KNOWN
UNSW-NB15,test,2533,Normal,1,0.168669,0.38338,KNOWN
UNSW-NB15,test,2534,Exploits,1,0.096159,0.38338,KNOWN
UNSW-NB15,test,2535,Normal,1,0.075451,0.38338,KNOWN
UNSW-NB15,test,2536,Normal,1,0.205317,0.38338,KNOWN
UNSW-NB15,test,2537,Normal,1,0.075376,0.38338,KNOWN
UNSW-NB15,test,2538,Fuzzers,1,0.122882,0.38338,KNOWN
UNSW-NB15,test,2539,Normal,1,0.217644,0.38338,KNOWN
UNSW-NB15,test,2540,Exploits,1,0.161484,0.38338,KNOWN
UNSW-NB15,test,2541,Normal,1,0.057028,0.38338,KNOWN
UNSW-NB15,test,2542,Normal,1,0.014511,0.38338,KNOWN
UNSW-NB15,test,2543,Normal,1,0.15715,0.38338,KNOWN
UNSW-NB15,test,2544,Normal,1,0.058859,0.38338,KNOWN
UNSW-NB15,test,2545,Fuzzers,1,0.43822,0.38338,ZERO_DAY
UNSW-NB15,test,2546,Normal,1,0.253696,0.38338,KNOWN
UNSW-NB15,test,2547,Exploits,1,0.141048,0.38338,KNOWN
UNSW-NB15,test,2548,Normal,1,0.196605,0.38338,KNOWN
UNSW-NB15,test,2549,Exploits,1,0.089384,0.38338,KNOWN
UNSW-NB15,test,2550,Exploits,1,0.177828,0.38338,KNOWN
UNSW-NB15,test,2551,Normal,1,0.230333,0.38338,KNOWN
UNSW-NB15,test,2552,Reconnaissance,1,0.058902,0.38338,KNOWN
UNSW-NB15,test,2553,Normal,1,0.385134,0.38338,ZERO_DAY
UNSW-NB15,test,2554,Normal,1,0.126685,0.38338,KNOWN
UNSW-NB15,test,2555,Normal,1,0.425054,0.38338,ZERO_DAY
UNSW-NB15,test,2556,Exploits,1,0.198958,0.38338,KNOWN
UNSW-NB15,test,2557,Exploits,1,0.408419,0.38338,ZERO_DAY
UNSW-NB15,test,2558,Normal,1,0.124304,0.38338,KNOWN
UNSW-NB15,test,2559,Reconnaissance,1,0.293909,0.38338,KNOWN
UNSW-NB15,test,2560,Normal,1,0.258106,0.38338,KNOWN
UNSW-NB15,test,2561,Normal,1,0.177289,0.38338,KNOWN
UNSW-NB15,test,2562,Normal,1,0.082401,0.38338,KNOWN
UNSW-NB15,test,2563,Exploits,1,0.113727,0.38338,KNOWN
UNSW-NB15,test,2564,Exploits,1,0.153688,0.38338,KNOWN
UNSW-NB15,test,2565,Normal,1,0.182004,0.38338,KNOWN
UNSW-NB15,test,2566,Normal,1,0.156129,0.38338,KNOWN
UNSW-NB15,test,2567,Exploits,1,0.20625,0.38338,KNOWN
UNSW-NB15,test,2568,Fuzzers,1,0.044778,0.38338,KNOWN
UNSW-NB15,test,2569,Exploits,1,0.133544,0.38338,KNOWN
UNSW-NB15,test,2570,Fuzzers,1,0.252786,0.38338,KNOWN
UNSW-NB15,test,2571,DoS,1,0.189622,0.38338,KNOWN
UNSW-NB15,test,2572,Normal,1,0.123054,0.38338,KNOWN
UNSW-NB15,test,2573,Normal,1,0.171671,0.38338,KNOWN
UNSW-NB15,test,2574,Normal,1,0.069357,0.38338,KNOWN
UNSW-NB15,test,2575,Exploits,1,0.034404,0.38338,KNOWN
UNSW-NB15,test,2576,Fuzzers,1,0.208253,0.38338,KNOWN
UNSW-NB15,test,2577,Normal,1,0.041897,0.38338,KNOWN
UNSW-NB15,test,2578,Normal,1,0.054455,0.38338,KNOWN
UNSW-NB15,test,2579,Fuzzers,1,0.152506,0.38338,KNOWN
UNSW-NB15,test,2580,Analysis,1,0.128409,0.38338,KNOWN
UNSW-NB15,test,2581,Exploits,1,0.147878,0.38338,KNOWN
UNSW-NB15,test,2582,Normal,1,0.184486,0.38338,KNOWN
UNSW-NB15,test,2583,Exploits,1,0.278851,0.38338,KNOWN
UNSW-NB15,test,2584,Normal,1,0.03495,0.38338,KNOWN
UNSW-NB15,test,2585,Normal,1,0.140575,0.38338,KNOWN
UNSW-NB15,test,2586,Normal,1,0.253239,0.38338,KNOWN
UNSW-NB15,test,2587,Normal,1,0.121602,0.38338,KNOWN
UNSW-NB15,test,2588,Exploits,1,0.200795,0.38338,KNOWN
UNSW-NB15,test,2589,Fuzzers,1,0.229932,0.38338,KNOWN
UNSW-NB15,test,2590,Fuzzers,1,0.262587,0.38338,KNOWN
UNSW-NB15,test,2591,Normal,1,0.100707,0.38338,KNOWN
UNSW-NB15,test,2592,Reconnaissance,1,0.148099,0.38338,KNOWN
UNSW-NB15,test,2593,Normal,1,0.318387,0.38338,KNOWN
UNSW-NB15,test,2594,Exploits,1,0.206296,0.38338,KNOWN
UNSW-NB15,test,2595,Normal,1,0.149801,0.38338,KNOWN
UNSW-NB15,test,2596,Normal,1,0.295068,0.38338,KNOWN
UNSW-NB15,test,2597,Exploits,1,0.292007,0.38338,KNOWN
UNSW-NB15,test,2598,Exploits,1,0.382347,0.38338,KNOWN
UNSW-NB15,test,2599,Exploits,1,0.247381,0.38338,KNOWN
UNSW-NB15,test,2600,Fuzzers,1,0.087083,0.38338,KNOWN
UNSW-NB15,test,2601,Normal,1,0.18893,0.38338,KNOWN
UNSW-NB15,test,2602,Exploits,1,0.355339,0.38338,KNOWN
UNSW-NB15,test,2603,Fuzzers,1,0.380828,0.38338,KNOWN
UNSW-NB15,test,2604,Normal,1,0.10387,0.38338,KNOWN
UNSW-NB15,test,2605,Normal,1,0.153415,0.38338,KNOWN
UNSW-NB15,test,2606,Normal,1,0.113179,0.38338,KNOWN
UNSW-NB15,test,2607,DoS,1,0.163895,0.38338,KNOWN
UNSW-NB15,test,2608,Normal,1,0.099336,0.38338,KNOWN
UNSW-NB15,test,2609,Normal,1,0.394057,0.38338,ZERO_DAY
UNSW-NB15,test,2610,Normal,1,0.234134,0.38338,KNOWN
UNSW-NB15,test,2611,Fuzzers,1,0.069907,0.38338,KNOWN
UNSW-NB15,test,2612,Exploits,1,0.014507,0.38338,KNOWN
UNSW-NB15,test,2613,Fuzzers,1,0.135377,0.38338,KNOWN
UNSW-NB15,test,2614,Normal,1,0.089624,0.38338,KNOWN
UNSW-NB15,test,2615,Exploits,1,0.178555,0.38338,KNOWN
UNSW-NB15,test,2616,Normal,1,0.081281,0.38338,KNOWN
UNSW-NB15,test,2617,Normal,1,0.06932,0.38338,KNOWN
UNSW-NB15,test,2618,Normal,1,0.052081,0.38338,KNOWN
UNSW-NB15,test,2619,Normal,1,0.141669,0.38338,KNOWN
UNSW-NB15,test,2620,Normal,1,0.339715,0.38338,KNOWN
UNSW-NB15,test,2621,Normal,1,0.264279,0.38338,KNOWN
UNSW-NB15,test,2622,Normal,1,0.079075,0.38338,KNOWN
UNSW-NB15,test,2623,Fuzzers,1,0.531888,0.38338,ZERO_DAY
UNSW-NB15,test,2624,Normal,1,0.135325,0.38338,KNOWN
UNSW-NB15,test,2625,Fuzzers,1,0.096689,0.38338,KNOWN
UNSW-NB15,test,2626,Exploits,1,0.010545,0.38338,KNOWN
UNSW-NB15,test,2627,Exploits,1,0.017988,0.38338,KNOWN
UNSW-NB15,test,2628,Normal,1,0.082536,0.38338,KNOWN
UNSW-NB15,test,2629,Normal,1,0.022833,0.38338,KNOWN
UNSW-NB15,test,2630,Fuzzers,1,0.11189,0.38338,KNOWN
UNSW-NB15,test,2631,Normal,1,0.150079,0.38338,KNOWN
UNSW-NB15,test,2632,Normal,1,0.08938,0.38338,KNOWN
UNSW-NB15,test,2633,Analysis,1,0.199125,0.38338,KNOWN
UNSW-NB15,test,2634,Normal,1,0.105894,0.38338,KNOWN
UNSW-NB15,test,2635,Exploits,1,0.17074,0.38338,KNOWN
UNSW-NB15,test,2636,Normal,1,0.160112,0.38338,KNOWN
UNSW-NB15,test,2637,Exploits,1,0.201223,0.38338,KNOWN
UNSW-NB15,test,2638,DoS,1,0.21601,0.38338,KNOWN
UNSW-NB15,test,2639,Normal,1,0.231634,0.38338,KNOWN
UNSW-NB15,test,2640,Exploits,1,0.185761,0.38338,KNOWN
UNSW-NB15,test,2641,Normal,1,0.046297,0.38338,KNOWN
UNSW-NB15,test,2642,Normal,1,0.022911,0.38338,KNOWN
UNSW-NB15,test,2643,Exploits,1,0.059049,0.38338,KNOWN
UNSW-NB15,test,2644,Normal,1,0.136116,0.38338,KNOWN
UNSW-NB15,test,2645,Normal,1,0.178658,0.38338,KNOWN
UNSW-NB15,test,2646,Normal,1,0.043479,0.38338,KNOWN
UNSW-NB15,test,2647,Exploits,1,0.117518,0.38338,KNOWN
UNSW-NB15,test,2648,Exploits,1,0.096362,0.38338,KNOWN
UNSW-NB15,test,2649,Normal,1,0.189866,0.38338,KNOWN
UNSW-NB15,test,2650,DoS,1,0.175401,0.38338,KNOWN
UNSW-NB15,test,2651,Exploits,1,0.217006,0.38338,KNOWN
UNSW-NB15,test,2652,Reconnaissance,1,0.071828,0.38338,KNOWN
UNSW-NB15,test,2653,Normal,1,0.097815,0.38338,KNOWN
UNSW-NB15,test,2654,Normal,1,0.113668,0.38338,KNOWN
UNSW-NB15,test,2655,Normal,1,0.203833,0.38338,KNOWN
UNSW-NB15,test,2656,Generic,1,0.235248,0.38338,KNOWN
UNSW-NB15,test,2657,Exploits,1,0.069638,0.38338,KNOWN
UNSW-NB15,test,2658,Exploits,1,0.062379,0.38338,KNOWN
UNSW-NB15,test,2659,Exploits,1,0.144304,0.38338,KNOWN
UNSW-NB15,test,2660,Normal,1,0.112624,0.38338,KNOWN
UNSW-NB15,test,2661,Normal,1,0.107572,0.38338,KNOWN
UNSW-NB15,test,2662,Exploits,1,0.132747,0.38338,KNOWN
UNSW-NB15,test,2663,Exploits,1,0.127345,0.38338,KNOWN
UNSW-NB15,test,2664,Normal,1,0.112093,0.38338,KNOWN
UNSW-NB15,test,2665,Normal,1,0.243237,0.38338,KNOWN
UNSW-NB15,test,2666,Normal,1,0.140203,0.38338,KNOWN
UNSW-NB15,test,2667,Normal,1,0.13138,0.38338,KNOWN
UNSW-NB15,test,2668,Generic,1,0.290412,0.38338,KNOWN
UNSW-NB15,test,2669,Fuzzers,1,0.163525,0.38338,KNOWN
UNSW-NB15,test,2670,Normal,1,0.127162,0.38338,KNOWN
UNSW-NB15,test,2671,Normal,1,0.119113,0.38338,KNOWN
UNSW-NB15,test,2672,Normal,1,0.194099,0.38338,KNOWN
UNSW-NB15,test,2673,Normal,1,0.218526,0.38338,KNOWN
UNSW-NB15,test,2674,DoS,1,0.157815,0.38338,KNOWN
UNSW-NB15,test,2675,Normal,1,0.19787,0.38338,KNOWN
UNSW-NB15,test,2676,Exploits,1,0.290688,0.38338,KNOWN
UNSW-NB15,test,2677,Fuzzers,1,0.158175,0.38338,KNOWN
UNSW-NB15,test,2678,Reconnaissance,1,0.044558,0.38338,KNOWN
UNSW-NB15,test,2679,Normal,1,0.181006,0.38338,KNOWN
UNSW-NB15,test,2680,Normal,1,0.157247,0.38338,KNOWN
UNSW-NB15,test,2681,DoS,1,0.073742,0.38338,KNOWN
UNSW-NB15,test,2682,Exploits,1,0.104685,0.38338,KNOWN
UNSW-NB15,test,2683,Normal,1,0.088224,0.38338,KNOWN
UNSW-NB15,test,2684,Reconnaissance,1,0.226951,0.38338,KNOWN
UNSW-NB15,test,2685,Generic,1,0.125291,0.38338,KNOWN
UNSW-NB15,test,2686,Normal,1,0.169712,0.38338,KNOWN
UNSW-NB15,test,2687,Exploits,1,0.385768,0.38338,ZERO_DAY
UNSW-NB15,test,2688,DoS,1,0.097163,0.38338,KNOWN
UNSW-NB15,test,2689,Fuzzers,1,0.105752,0.38338,KNOWN
UNSW-NB15,test,2690,DoS,1,0.255909,0.38338,KNOWN
UNSW-NB15,test,2691,Normal,1,0.146883,0.38338,KNOWN
UNSW-NB15,test,2692,Normal,1,0.46387,0.38338,ZERO_DAY
UNSW-NB15,test,2693,Normal,1,0.107215,0.38338,KNOWN
UNSW-NB15,test,2694,Exploits,1,0.052318,0.38338,KNOWN
UNSW-NB15,test,2695,Normal,1,0.136322,0.38338,KNOWN
UNSW-NB15,test,2696,Normal,1,0.085422,0.38338,KNOWN
UNSW-NB15,test,2697,Reconnaissance,1,0.04187,0.38338,KNOWN
UNSW-NB15,test,2698,Exploits,1,0.0158,0.38338,KNOWN
UNSW-NB15,test,2699,Normal,1,0.216845,0.38338,KNOWN
UNSW-NB15,test,2700,Normal,1,0.300617,0.38338,KNOWN
UNSW-NB15,test,2701,Fuzzers,1,0.123604,0.38338,KNOWN
UNSW-NB15,test,2702,Fuzzers,1,0.302963,0.38338,KNOWN
UNSW-NB15,test,2703,Normal,1,0.236646,0.38338,KNOWN
UNSW-NB15,test,2704,Normal,1,0.419774,0.38338,ZERO_DAY
UNSW-NB15,test,2705,Normal,1,0.064582,0.38338,KNOWN
UNSW-NB15,test,2706,Fuzzers,1,0.157532,0.38338,KNOWN
UNSW-NB15,test,2707,Normal,1,0.083384,0.38338,KNOWN
UNSW-NB15,test,2708,Exploits,1,0.131753,0.38338,KNOWN
UNSW-NB15,test,2709,Normal,1,0.028822,0.38338,KNOWN
UNSW-NB15,test,2710,Normal,1,0.238535,0.38338,KNOWN
UNSW-NB15,test,2711,Normal,1,0.172608,0.38338,KNOWN
UNSW-NB15,test,2712,Normal,1,0.368021,0.38338,KNOWN
UNSW-NB15,test,2713,DoS,1,0.12157,0.38338,KNOWN
UNSW-NB15,test,2714,Fuzzers,1,0.211548,0.38338,KNOWN
UNSW-NB15,test,2715,Fuzzers,1,0.116857,0.38338,KNOWN
UNSW-NB15,test,2716,Normal,1,0.179073,0.38338,KNOWN
UNSW-NB15,test,2717,Exploits,1,0.196248,0.38338,KNOWN
UNSW-NB15,test,2718,Exploits,1,0.103692,0.38338,KNOWN
UNSW-NB15,test,2719,Normal,1,0.162641,0.38338,KNOWN
UNSW-NB15,test,2720,Normal,1,0.231968,0.38338,KNOWN
UNSW-NB15,test,2721,Exploits,1,0.032315,0.38338,KNOWN
UNSW-NB15,test,2722,Normal,1,0.194768,0.38338,KNOWN
UNSW-NB15,test,2723,Normal,1,0.298914,0.38338,KNOWN
UNSW-NB15,test,2724,Exploits,1,0.179764,0.38338,KNOWN
UNSW-NB15,test,2725,Fuzzers,1,0.162695,0.38338,KNOWN
UNSW-NB15,test,2726,DoS,1,0.185129,0.38338,KNOWN
UNSW-NB15,test,2727,Exploits,1,0.093086,0.38338,KNOWN
UNSW-NB15,test,2728,Normal,1,0.016051,0.38338,KNOWN
UNSW-NB15,test,2729,Normal,1,0.118268,0.38338,KNOWN
UNSW-NB15,test,2730,Normal,1,0.186089,0.38338,KNOWN
UNSW-NB15,test,2731,Normal,1,0.048495,0.38338,KNOWN
UNSW-NB15,test,2732,Exploits,1,0.019782,0.38338,KNOWN
UNSW-NB15,test,2733,Fuzzers,1,0.128486,0.38338,KNOWN
UNSW-NB15,test,2734,Exploits,1,0.140133,0.38338,KNOWN
UNSW-NB15,test,2735,Normal,1,0.386301,0.38338,ZERO_DAY
UNSW-NB15,test,2736,Exploits,1,0.049152,0.38338,KNOWN
UNSW-NB15,test,2737,Normal,1,0.253332,0.38338,KNOWN
UNSW-NB15,test,2738,Exploits,1,0.03078,0.38338,KNOWN
UNSW-NB15,test,2739,Fuzzers,1,0.263086,0.38338,KNOWN
UNSW-NB15,test,2740,Exploits,1,0.080032,0.38338,KNOWN
UNSW-NB15,test,2741,Fuzzers,1,0.05172,0.38338,KNOWN
UNSW-NB15,test,2742,Normal,1,0.134334,0.38338,KNOWN
UNSW-NB15,test,2743,Normal,1,0.303274,0.38338,KNOWN
UNSW-NB15,test,2744,Reconnaissance,1,0.190363,0.38338,KNOWN
UNSW-NB15,test,2745,Normal,1,0.196177,0.38338,KNOWN
UNSW-NB15,test,2746,Normal,1,0.215017,0.38338,KNOWN
UNSW-NB15,test,2747,Normal,1,0.104774,0.38338,KNOWN
UNSW-NB15,test,2748,Normal,1,0.039231,0.38338,KNOWN
UNSW-NB15,test,2749,Normal,1,0.163544,0.38338,KNOWN
UNSW-NB15,test,2750,Fuzzers,1,0.141195,0.38338,KNOWN
UNSW-NB15,test,2751,Fuzzers,1,0.097191,0.38338,KNOWN
UNSW-NB15,test,2752,Normal,1,0.026148,0.38338,KNOWN
UNSW-NB15,test,2753,Analysis,1,0.094042,0.38338,KNOWN
UNSW-NB15,test,2754,Exploits,1,0.136059,0.38338,KNOWN
UNSW-NB15,test,2755,Fuzzers,1,0.134377,0.38338,KNOWN
UNSW-NB15,test,2756,Fuzzers,1,0.051613,0.38338,KNOWN
UNSW-NB15,test,2757,Reconnaissance,1,0.21147,0.38338,KNOWN
UNSW-NB15,test,2758,Normal,1,0.081301,0.38338,KNOWN
UNSW-NB15,test,2759,Exploits,1,0.168657,0.38338,KNOWN
UNSW-NB15,test,2760,Normal,1,0.262954,0.38338,KNOWN
UNSW-NB15,test,2761,Exploits,1,0.097872,0.38338,KNOWN
UNSW-NB15,test,2762,Exploits,1,0.370507,0.38338,KNOWN
UNSW-NB15,test,2763,Normal,1,0.141898,0.38338,KNOWN
UNSW-NB15,test,2764,Normal,1,0.07733,0.38338,KNOWN
UNSW-NB15,test,2765,Normal,1,0.300071,0.38338,KNOWN
UNSW-NB15,test,2766,Normal,1,0.170051,0.38338,KNOWN
UNSW-NB15,test,2767,Normal,1,0.1095,0.38338,KNOWN
UNSW-NB15,test,2768,Exploits,1,0.193855,0.38338,KNOWN
UNSW-NB15,test,2769,Normal,1,0.364216,0.38338,KNOWN
UNSW-NB15,test,2770,Exploits,1,0.308237,0.38338,KNOWN
UNSW-NB15,test,2771,Normal,1,0.214096,0.38338,KNOWN
UNSW-NB15,test,2772,Normal,1,0.078364,0.38338,KNOWN
UNSW-NB15,test,2773,Normal,1,0.212862,0.38338,KNOWN
UNSW-NB15,test,2774,Fuzzers,1,0.140106,0.38338,KNOWN
UNSW-NB15,test,2775,Normal,1,0.338029,0.38338,KNOWN
UNSW-NB15,test,2776,Exploits,1,0.230031,0.38338,KNOWN
UNSW-NB15,test,2777,Normal,1,0.185837,0.38338,KNOWN
UNSW-NB15,test,2778,Normal,1,0.043733,0.38338,KNOWN
UNSW-NB15,test,2779,Fuzzers,1,0.143787,0.38338,KNOWN
UNSW-NB15,test,2780,Fuzzers,1,0.28358,0.38338,KNOWN
UNSW-NB15,test,2781,Normal,1,0.387974,0.38338,ZERO_DAY
UNSW-NB15,test,2782,Normal,1,0.14458,0.38338,KNOWN
UNSW-NB15,test,2783,Normal,1,0.076615,0.38338,KNOWN
UNSW-NB15,test,2784,Normal,1,0.33461,0.38338,KNOWN
UNSW-NB15,test,2785,Normal,1,0.130041,0.38338,KNOWN
UNSW-NB15,test,2786,Reconnaissance,1,0.058752,0.38338,KNOWN
UNSW-NB15,test,2787,Exploits,1,0.463371,0.38338,ZERO_DAY
UNSW-NB15,test,2788,Exploits,1,0.2592,0.38338,KNOWN
UNSW-NB15,test,2789,Normal,1,0.25901,0.38338,KNOWN
UNSW-NB15,test,2790,Analysis,1,0.177714,0.38338,KNOWN
UNSW-NB15,test,2791,Fuzzers,1,0.093557,0.38338,KNOWN
UNSW-NB15,test,2792,Exploits,1,0.132279,0.38338,KNOWN
UNSW-NB15,test,2793,Normal,1,0.07362,0.38338,KNOWN
UNSW-NB15,test,2794,Fuzzers,1,0.176578,0.38338,KNOWN
UNSW-NB15,test,2795,Reconnaissance,1,0.193421,0.38338,KNOWN
UNSW-NB15,test,2796,Normal,1,0.186103,0.38338,KNOWN
UNSW-NB15,test,2797,Exploits,1,0.157599,0.38338,KNOWN
UNSW-NB15,test,2798,Exploits,1,0.090078,0.38338,KNOWN
UNSW-NB15,test,2799,Normal,1,0.028143,0.38338,KNOWN
UNSW-NB15,test,2800,Exploits,1,0.044065,0.38338,KNOWN
UNSW-NB15,test,2801,Normal,1,0.184892,0.38338,KNOWN
UNSW-NB15,test,2802,Normal,1,0.246948,0.38338,KNOWN
UNSW-NB15,test,2803,Normal,1,0.197937,0.38338,KNOWN
UNSW-NB15,test,2804,Exploits,1,0.045519,0.38338,KNOWN
UNSW-NB15,test,2805,Normal,1,0.437981,0.38338,ZERO_DAY
UNSW-NB15,test,2806,Normal,1,0.040698,0.38338,KNOWN
UNSW-NB15,test,2807,Normal,1,0.11175,0.38338,KNOWN
UNSW-NB15,test,2808,Exploits,1,0.081311,0.38338,KNOWN
UNSW-NB15,test,2809,Normal,1,0.137351,0.38338,KNOWN
UNSW-NB15,test,2810,Fuzzers,1,0.094016,0.38338,KNOWN
UNSW-NB15,test,2811,Normal,1,0.062135,0.38338,KNOWN
UNSW-NB15,test,2812,Fuzzers,1,0.1047,0.38338,KNOWN
UNSW-NB15,test,2813,Normal,1,0.055573,0.38338,KNOWN
UNSW-NB15,test,2814,Generic,1,0.357694,0.38338,KNOWN
UNSW-NB15,test,2815,Normal,1,0.177978,0.38338,KNOWN
UNSW-NB15,test,2816,Normal,1,0.167111,0.38338,KNOWN
UNSW-NB15,test,2817,Fuzzers,1,0.119607,0.38338,KNOWN
UNSW-NB15,test,2818,Exploits,1,0.161617,0.38338,KNOWN
UNSW-NB15,test,2819,Normal,1,0.226171,0.38338,KNOWN
UNSW-NB15,test,2820,Normal,1,0.172208,0.38338,KNOWN
UNSW-NB15,test,2821,Fuzzers,1,0.07481,0.38338,KNOWN
UNSW-NB15,test,2822,Normal,1,0.201326,0.38338,KNOWN
UNSW-NB15,test,2823,Normal,1,0.212629,0.38338,KNOWN
UNSW-NB15,test,2824,Normal,1,0.13167,0.38338,KNOWN
UNSW-NB15,test,2825,Normal,1,0.21552,0.38338,KNOWN
UNSW-NB15,test,2826,Normal,1,0.088653,0.38338,KNOWN
UNSW-NB15,test,2827,Reconnaissance,1,0.106067,0.38338,KNOWN
UNSW-NB15,test,2828,Fuzzers,1,0.364748,0.38338,KNOWN
UNSW-NB15,test,2829,Normal,1,0.051711,0.38338,KNOWN
UNSW-NB15,test,2830,Exploits,1,0.121186,0.38338,KNOWN
UNSW-NB15,test,2831,Normal,1,0.33056,0.38338,KNOWN
UNSW-NB15,test,2832,Fuzzers,1,0.051929,0.38338,KNOWN
UNSW-NB15,test,2833,Exploits,1,0.438353,0.38338,ZERO_DAY
UNSW-NB15,test,2834,Reconnaissance,1,0.134172,0.38338,KNOWN
UNSW-NB15,test,2835,Normal,1,0.149178,0.38338,KNOWN
UNSW-NB15,test,2836,Exploits,1,0.090698,0.38338,KNOWN
UNSW-NB15,test,2837,Normal,1,0.132427,0.38338,KNOWN
UNSW-NB15,test,2838,Normal,1,0.333207,0.38338,KNOWN
UNSW-NB15,test,2839,Normal,1,0.087294,0.38338,KNOWN
UNSW-NB15,test,2840,Exploits,1,0.308034,0.38338,KNOWN
UNSW-NB15,test,2841,Normal,1,0.314162,0.38338,KNOWN
UNSW-NB15,test,2842,Normal,1,0.021235,0.38338,KNOWN
UNSW-NB15,test,2843,Normal,1,0.067743,0.38338,KNOWN
UNSW-NB15,test,2844,Normal,1,0.069929,0.38338,KNOWN
UNSW-NB15,test,2845,Normal,1,0.105627,0.38338,KNOWN
UNSW-NB15,test,2846,Normal,1,0.19349,0.38338,KNOWN
UNSW-NB15,test,2847,Normal,1,0.255669,0.38338,KNOWN
UNSW-NB15,test,2848,Exploits,1,0.148981,0.38338,KNOWN
UNSW-NB15,test,2849,Normal,1,0.232341,0.38338,KNOWN
UNSW-NB15,test,2850,Fuzzers,1,0.224918,0.38338,KNOWN
UNSW-NB15,test,2851,Normal,1,0.051826,0.38338,KNOWN
UNSW-NB15,test,2852,Normal,1,0.168761,0.38338,KNOWN
UNSW-NB15,test,2853,Reconnaissance,1,0.331597,0.38338,KNOWN
UNSW-NB15,test,2854,Fuzzers,1,0.364653,0.38338,KNOWN
UNSW-NB15,test,2855,Normal,1,0.113376,0.38338,KNOWN
UNSW-NB15,test,2856,Fuzzers,1,0.111452,0.38338,KNOWN
UNSW-NB15,test,2857,Normal,1,0.087063,0.38338,KNOWN
UNSW-NB15,test,2858,Generic,1,0.2222,0.38338,KNOWN
UNSW-NB15,test,2859,Generic,1,0.101229,0.38338,KNOWN
UNSW-NB15,test,2860,Normal,1,0.134556,0.38338,KNOWN
UNSW-NB15,test,2861,Exploits,1,0.060415,0.38338,KNOWN
UNSW-NB15,test,2862,Exploits,1,0.123523,0.38338,KNOWN
UNSW-NB15,test,2863,Normal,1,0.062697,0.38338,KNOWN
UNSW-NB15,test,2864,Normal,1,0.126587,0.38338,KNOWN
UNSW-NB15,test,2865,Normal,1,0.236618,0.38338,KNOWN
UNSW-NB15,test,2866,Reconnaissance,1,0.244366,0.38338,KNOWN
UNSW-NB15,test,2867,Normal,1,0.252714,0.38338,KNOWN
UNSW-NB15,test,2868,Normal,1,0.200613,0.38338,KNOWN
UNSW-NB15,test,2869,Normal,1,0.271804,0.38338,KNOWN
UNSW-NB15,test,2870,Normal,1,0.171018,0.38338,KNOWN
UNSW-NB15,test,2871,Exploits,1,0.157412,0.38338,KNOWN
UNSW-NB15,test,2872,Normal,1,0.21305,0.38338,KNOWN
UNSW-NB15,test,2873,Exploits,1,0.085228,0.38338,KNOWN
UNSW-NB15,test,2874,Fuzzers,1,0.224127,0.38338,KNOWN
UNSW-NB15,test,2875,Normal,1,0.071072,0.38338,KNOWN
UNSW-NB15,test,2876,Normal,1,0.281582,0.38338,KNOWN
UNSW-NB15,test,2877,Normal,1,0.076532,0.38338,KNOWN
UNSW-NB15,test,2878,Normal,1,0.11448,0.38338,KNOWN
UNSW-NB15,test,2879,Exploits,1,0.188196,0.38338,KNOWN
UNSW-NB15,test,2880,Normal,1,0.117626,0.38338,KNOWN
UNSW-NB15,test,2881,Normal,1,0.090101,0.38338,KNOWN
UNSW-NB15,test,2882,Normal,1,0.149054,0.38338,KNOWN
UNSW-NB15,test,2883,Fuzzers,1,0.126262,0.38338,KNOWN
UNSW-NB15,test,2884,Normal,1,0.390629,0.38338,ZERO_DAY
UNSW-NB15,test,2885,Normal,1,0.283306,0.38338,KNOWN
UNSW-NB15,test,2886,Exploits,1,0.200684,0.38338,KNOWN
UNSW-NB15,test,2887,Normal,1,0.063042,0.38338,KNOWN
UNSW-NB15,test,2888,Normal,1,0.020598,0.38338,KNOWN
UNSW-NB15,test,2889,Normal,1,0.16777,0.38338,KNOWN
UNSW-NB15,test,2890,Fuzzers,1,0.320772,0.38338,KNOWN
UNSW-NB15,test,2891,Generic,1,0.142511,0.38338,KNOWN
UNSW-NB15,test,2892,Normal,1,0.127909,0.38338,KNOWN
UNSW-NB15,test,2893,Normal,1,0.066618,0.38338,KNOWN
UNSW-NB15,test,2894,Normal,1,0.096542,0.38338,KNOWN
UNSW-NB15,test,2895,Analysis,1,0.105444,0.38338,KNOWN
UNSW-NB15,test,2896,Exploits,1,0.149899,0.38338,KNOWN
UNSW-NB15,test,2897,Fuzzers,1,0.052566,0.38338,KNOWN
UNSW-NB15,test,2898,Normal,1,0.199622,0.38338,KNOWN
UNSW-NB15,test,2899,Normal,1,0.109079,0.38338,KNOWN
UNSW-NB15,test,2900,DoS,1,0.049766,0.38338,KNOWN
UNSW-NB15,test,2901,Normal,1,0.081589,0.38338,KNOWN
UNSW-NB15,test,2902,Normal,1,0.024133,0.38338,KNOWN
UNSW-NB15,test,2903,Fuzzers,1,0.290416,0.38338,KNOWN
UNSW-NB15,test,2904,Normal,1,0.035487,0.38338,KNOWN
UNSW-NB15,test,2905,Reconnaissance,1,0.168992,0.38338,KNOWN
UNSW-NB15,test,2906,Normal,1,0.429302,0.38338,ZERO_DAY
UNSW-NB15,test,2907,Normal,1,0.10931,0.38338,KNOWN
UNSW-NB15,test,2908,Normal,1,0.15381,0.38338,KNOWN
UNSW-NB15,test,2909,Exploits,1,0.120237,0.38338,KNOWN
UNSW-NB15,test,2910,Normal,1,0.447071,0.38338,ZERO_DAY
UNSW-NB15,test,2911,Normal,1,0.08416,0.38338,KNOWN
UNSW-NB15,test,2912,Normal,1,0.18639,0.38338,KNOWN
UNSW-NB15,test,2913,Exploits,1,0.253493,0.38338,KNOWN
UNSW-NB15,test,2914,Normal,1,0.187322,0.38338,KNOWN
UNSW-NB15,test,2915,Exploits,1,0.387941,0.38338,ZERO_DAY
UNSW-NB15,test,2916,Normal,1,0.325757,0.38338,KNOWN
UNSW-NB15,test,2917,Normal,1,0.296071,0.38338,KNOWN
UNSW-NB15,test,2918,Reconnaissance,1,0.287797,0.38338,KNOWN
UNSW-NB15,test,2919,Exploits,1,0.08537,0.38338,KNOWN
UNSW-NB15,test,2920,Normal,1,0.348523,0.38338,KNOWN
UNSW-NB15,test,2921,Normal,1,0.049875,0.38338,KNOWN
UNSW-NB15,test,2922,Fuzzers,1,0.253994,0.38338,KNOWN
UNSW-NB15,test,2923,Normal,1,0.165519,0.38338,KNOWN
UNSW-NB15,test,2924,Normal,1,0.241066,0.38338,KNOWN
UNSW-NB15,test,2925,Exploits,1,0.020716,0.38338,KNOWN
UNSW-NB15,test,2926,Normal,1,0.173559,0.38338,KNOWN
UNSW-NB15,test,2927,Normal,1,0.311357,0.38338,KNOWN
UNSW-NB15,test,2928,Exploits,1,0.060973,0.38338,KNOWN
UNSW-NB15,test,2929,Fuzzers,1,0.155518,0.38338,KNOWN
UNSW-NB15,test,2930,Exploits,1,0.313918,0.38338,KNOWN
UNSW-NB15,test,2931,Exploits,1,0.291644,0.38338,KNOWN
UNSW-NB15,test,2932,Normal,1,0.433313,0.38338,ZERO_DAY
UNSW-NB15,test,2933,Normal,1,0.298546,0.38338,KNOWN
UNSW-NB15,test,2934,Normal,1,0.131339,0.38338,KNOWN
UNSW-NB15,test,2935,Exploits,1,0.306494,0.38338,KNOWN
UNSW-NB15,test,2936,Normal,1,0.142472,0.38338,KNOWN
UNSW-NB15,test,2937,Analysis,1,0.08459,0.38338,KNOWN
UNSW-NB15,test,2938,Fuzzers,1,0.221698,0.38338,KNOWN
UNSW-NB15,test,2939,Normal,1,0.172063,0.38338,KNOWN
UNSW-NB15,test,2940,Fuzzers,1,0.148222,0.38338,KNOWN
UNSW-NB15,test,2941,Normal,1,0.254511,0.38338,KNOWN
UNSW-NB15,test,2942,Normal,1,0.117197,0.38338,KNOWN
UNSW-NB15,test,2943,Normal,1,0.336973,0.38338,KNOWN
UNSW-NB15,test,2944,Normal,1,0.306006,0.38338,KNOWN
UNSW-NB15,test,2945,Normal,1,0.280164,0.38338,KNOWN
UNSW-NB15,test,2946,Normal,1,0.453953,0.38338,ZERO_DAY
UNSW-NB15,test,2947,Normal,1,0.348927,0.38338,KNOWN
UNSW-NB15,test,2948,Normal,1,0.374934,0.38338,KNOWN
UNSW-NB15,test,2949,Exploits,1,0.218624,0.38338,KNOWN
UNSW-NB15,test,2950,Normal,1,0.059172,0.38338,KNOWN
UNSW-NB15,test,2951,Normal,1,0.07735,0.38338,KNOWN
UNSW-NB15,test,2952,Normal,1,0.202315,0.38338,KNOWN
UNSW-NB15,test,2953,Exploits,1,0.303614,0.38338,KNOWN
UNSW-NB15,test,2954,Fuzzers,1,0.292722,0.38338,KNOWN
UNSW-NB15,test,2955,Normal,1,0.473641,0.38338,ZERO_DAY
UNSW-NB15,test,2956,Normal,1,0.036922,0.38338,KNOWN
UNSW-NB15,test,2957,Normal,1,0.055002,0.38338,KNOWN
UNSW-NB15,test,2958,Normal,1,0.166496,0.38338,KNOWN
UNSW-NB15,test,2959,Normal,1,0.41603,0.38338,ZERO_DAY
UNSW-NB15,test,2960,Normal,1,0.295184,0.38338,KNOWN
UNSW-NB15,test,2961,Fuzzers,1,0.077588,0.38338,KNOWN
UNSW-NB15,test,2962,Fuzzers,1,0.325505,0.38338,KNOWN
UNSW-NB15,test,2963,Fuzzers,1,0.112378,0.38338,KNOWN
UNSW-NB15,test,2964,Normal,1,0.299834,0.38338,KNOWN
UNSW-NB15,test,2965,Normal,1,0.130362,0.38338,KNOWN
UNSW-NB15,test,2966,Fuzzers,1,0.061921,0.38338,KNOWN
UNSW-NB15,test,2967,Normal,1,0.136605,0.38338,KNOWN
UNSW-NB15,test,2968,Exploits,1,0.359181,0.38338,KNOWN
UNSW-NB15,test,2969,Fuzzers,1,0.185305,0.38338,KNOWN
UNSW-NB15,test,2970,Normal,1,0.13935,0.38338,KNOWN
UNSW-NB15,test,2971,Fuzzers,1,0.172472,0.38338,KNOWN
UNSW-NB15,test,2972,Reconnaissance,1,0.249155,0.38338,KNOWN
UNSW-NB15,test,2973,Normal,1,0.336174,0.38338,KNOWN
UNSW-NB15,test,2974,Fuzzers,1,0.078403,0.38338,KNOWN
UNSW-NB15,test,2975,Normal,1,0.140585,0.38338,KNOWN
UNSW-NB15,test,2976,Normal,1,0.05004,0.38338,KNOWN
UNSW-NB15,test,2977,Normal,1,0.109886,0.38338,KNOWN
UNSW-NB15,test,2978,Normal,1,0.161409,0.38338,KNOWN
UNSW-NB15,test,2979,Normal,1,0.107865,0.38338,KNOWN
UNSW-NB15,test,2980,Reconnaissance,1,0.132963,0.38338,KNOWN
UNSW-NB15,test,2981,Normal,1,0.287553,0.38338,KNOWN
UNSW-NB15,test,2982,Fuzzers,1,0.213922,0.38338,KNOWN
UNSW-NB15,test,2983,Reconnaissance,1,0.128528,0.38338,KNOWN
UNSW-NB15,test,2984,Normal,1,0.180959,0.38338,KNOWN
UNSW-NB15,test,2985,Exploits,1,0.253569,0.38338,KNOWN
UNSW-NB15,test,2986,Normal,1,0.131177,0.38338,KNOWN
UNSW-NB15,test,2987,Exploits,1,0.054489,0.38338,KNOWN
UNSW-NB15,test,2988,Normal,1,0.120959,0.38338,KNOWN
UNSW-NB15,test,2989,Exploits,1,0.294033,0.38338,KNOWN
UNSW-NB15,test,2990,Normal,1,0.070877,0.38338,KNOWN
UNSW-NB15,test,2991,Exploits,1,0.141229,0.38338,KNOWN
UNSW-NB15,test,2992,Normal,1,0.117221,0.38338,KNOWN
UNSW-NB15,test,2993,Normal,1,0.241449,0.38338,KNOWN
UNSW-NB15,test,2994,Exploits,1,0.496582,0.38338,ZERO_DAY
UNSW-NB15,test,2995,Normal,1,0.194214,0.38338,KNOWN
UNSW-NB15,test,2996,Fuzzers,1,0.093948,0.38338,KNOWN
UNSW-NB15,test,2997,Normal,1,0.166532,0.38338,KNOWN
UNSW-NB15,test,2998,Normal,1,0.124644,0.38338,KNOWN
UNSW-NB15,test,2999,Exploits,1,0.329523,0.38338,KNOWN
UNSW-NB15,test,3000,Normal,1,0.252927,0.38338,KNOWN
UNSW-NB15,test,3001,Normal,1,0.184046,0.38338,KNOWN
UNSW-NB15,test,3002,Normal,1,0.143274,0.38338,KNOWN
UNSW-NB15,test,3003,Exploits,1,0.26157,0.38338,KNOWN
UNSW-NB15,test,3004,Normal,1,0.212729,0.38338,KNOWN
UNSW-NB15,test,3005,Reconnaissance,1,0.09616,0.38338,KNOWN
UNSW-NB15,test,3006,Normal,1,0.206598,0.38338,KNOWN
UNSW-NB15,test,3007,Fuzzers,1,0.461998,0.38338,ZERO_DAY
UNSW-NB15,test,3008,Normal,1,0.127975,0.38338,KNOWN
UNSW-NB15,test,3009,Normal,1,0.309269,0.38338,KNOWN
UNSW-NB15,test,3010,Analysis,1,0.128728,0.38338,KNOWN
UNSW-NB15,test,3011,Fuzzers,1,0.068486,0.38338,KNOWN
UNSW-NB15,test,3012,Exploits,1,0.203236,0.38338,KNOWN
UNSW-NB15,test,3013,Normal,1,0.142721,0.38338,KNOWN
UNSW-NB15,test,3014,Normal,1,0.092563,0.38338,KNOWN
UNSW-NB15,test,3015,Exploits,1,0.072622,0.38338,KNOWN
UNSW-NB15,test,3016,Normal,1,0.207645,0.38338,KNOWN
UNSW-NB15,test,3017,Normal,1,0.099686,0.38338,KNOWN
UNSW-NB15,test,3018,Normal,1,0.218613,0.38338,KNOWN
UNSW-NB15,test,3019,Exploits,1,0.188813,0.38338,KNOWN
UNSW-NB15,test,3020,Reconnaissance,1,0.141204,0.38338,KNOWN
UNSW-NB15,test,3021,Exploits,1,0.052332,0.38338,KNOWN
UNSW-NB15,test,3022,Exploits,1,0.262408,0.38338,KNOWN
UNSW-NB15,test,3023,Normal,1,0.243592,0.38338,KNOWN
UNSW-NB15,test,3024,Generic,1,0.645872,0.38338,ZERO_DAY
UNSW-NB15,test,3025,Exploits,1,0.227742,0.38338,KNOWN
UNSW-NB15,test,3026,Exploits,1,0.093137,0.38338,KNOWN
UNSW-NB15,test,3027,Normal,1,0.182978,0.38338,KNOWN
UNSW-NB15,test,3028,Normal,1,0.135695,0.38338,KNOWN
UNSW-NB15,test,3029,Normal,1,0.12533,0.38338,KNOWN
UNSW-NB15,test,3030,Exploits,1,0.344677,0.38338,KNOWN
UNSW-NB15,test,3031,Reconnaissance,1,0.337179,0.38338,KNOWN
UNSW-NB15,test,3032,Normal,1,0.309423,0.38338,KNOWN
UNSW-NB15,test,3033,Exploits,1,0.213682,0.38338,KNOWN
UNSW-NB15,test,3034,Normal,1,0.097243,0.38338,KNOWN
UNSW-NB15,test,3035,Normal,1,0.051675,0.38338,KNOWN
UNSW-NB15,test,3036,Normal,1,0.185598,0.38338,KNOWN
UNSW-NB15,test,3037,Normal,1,0.050274,0.38338,KNOWN
UNSW-NB15,test,3038,Exploits,1,0.056231,0.38338,KNOWN
UNSW-NB15,test,3039,Normal,1,0.089983,0.38338,KNOWN
UNSW-NB15,test,3040,Fuzzers,1,0.119094,0.38338,KNOWN
UNSW-NB15,test,3041,Fuzzers,1,0.117983,0.38338,KNOWN
UNSW-NB15,test,3042,Exploits,1,0.197662,0.38338,KNOWN
UNSW-NB15,test,3043,Exploits,1,0.034395,0.38338,KNOWN
UNSW-NB15,test,3044,Fuzzers,1,0.252074,0.38338,KNOWN
UNSW-NB15,test,3045,Normal,1,0.135593,0.38338,KNOWN
UNSW-NB15,test,3046,Reconnaissance,1,0.071984,0.38338,KNOWN
UNSW-NB15,test,3047,Normal,1,0.086996,0.38338,KNOWN
UNSW-NB15,test,3048,Fuzzers,1,0.165854,0.38338,KNOWN
UNSW-NB15,test,3049,DoS,1,0.257304,0.38338,KNOWN
UNSW-NB15,test,3050,Fuzzers,1,0.110346,0.38338,KNOWN
UNSW-NB15,test,3051,Normal,1,0.170678,0.38338,KNOWN
UNSW-NB15,test,3052,Normal,1,0.171026,0.38338,KNOWN
UNSW-NB15,test,3053,Fuzzers,1,0.227745,0.38338,KNOWN
UNSW-NB15,test,3054,Fuzzers,1,0.210881,0.38338,KNOWN
UNSW-NB15,test,3055,Normal,1,0.052564,0.38338,KNOWN
UNSW-NB15,test,3056,Normal,1,0.473009,0.38338,ZERO_DAY
UNSW-NB15,test,3057,Normal,1,0.160693,0.38338,KNOWN
UNSW-NB15,test,3058,Normal,1,0.248006,0.38338,KNOWN
UNSW-NB15,test,3059,DoS,1,0.07808,0.38338,KNOWN
UNSW-NB15,test,3060,Normal,1,0.09969,0.38338,KNOWN
UNSW-NB15,test,3061,Exploits,1,0.358814,0.38338,KNOWN
UNSW-NB15,test,3062,Normal,1,0.456312,0.38338,ZERO_DAY
UNSW-NB15,test,3063,Normal,1,0.214439,0.38338,KNOWN
UNSW-NB15,test,3064,Normal,1,0.175525,0.38338,KNOWN
UNSW-NB15,test,3065,Normal,1,0.0981,0.38338,KNOWN
UNSW-NB15,test,3066,Reconnaissance,1,0.059313,0.38338,KNOWN
UNSW-NB15,test,3067,Normal,1,0.051748,0.38338,KNOWN
UNSW-NB15,test,3068,Normal,1,0.132566,0.38338,KNOWN
UNSW-NB15,test,3069,Fuzzers,1,0.074684,0.38338,KNOWN
UNSW-NB15,test,3070,Exploits,1,0.144425,0.38338,KNOWN
UNSW-NB15,test,3071,Exploits,1,0.030484,0.38338,KNOWN
UNSW-NB15,test,3072,Normal,1,0.218581,0.38338,KNOWN
UNSW-NB15,test,3073,Normal,1,0.143136,0.38338,KNOWN
UNSW-NB15,test,3074,Normal,1,0.227361,0.38338,KNOWN
UNSW-NB15,test,3075,Normal,1,0.139859,0.38338,KNOWN
UNSW-NB15,test,3076,DoS,1,0.473347,0.38338,ZERO_DAY
UNSW-NB15,test,3077,Exploits,1,0.076128,0.38338,KNOWN
UNSW-NB15,test,3078,Normal,1,0.07616,0.38338,KNOWN
UNSW-NB15,test,3079,Normal,1,0.215018,0.38338,KNOWN
UNSW-NB15,test,3080,Normal,1,0.096471,0.38338,KNOWN
UNSW-NB15,test,3081,Normal,1,0.132475,0.38338,KNOWN
UNSW-NB15,test,3082,Exploits,1,0.234534,0.38338,KNOWN
UNSW-NB15,test,3083,Normal,1,0.170512,0.38338,KNOWN
UNSW-NB15,test,3084,Normal,1,0.160693,0.38338,KNOWN
UNSW-NB15,test,3085,Exploits,1,0.085623,0.38338,KNOWN
UNSW-NB15,test,3086,Normal,1,0.097703,0.38338,KNOWN
UNSW-NB15,test,3087,Normal,1,0.158734,0.38338,KNOWN
UNSW-NB15,test,3088,Normal,1,0.137129,0.38338,KNOWN
UNSW-NB15,test,3089,DoS,1,0.307969,0.38338,KNOWN
UNSW-NB15,test,3090,Normal,1,0.24546,0.38338,KNOWN
UNSW-NB15,test,3091,Normal,1,0.122929,0.38338,KNOWN
UNSW-NB15,test,3092,Normal,1,0.195006,0.38338,KNOWN
UNSW-NB15,test,3093,Normal,1,0.018898,0.38338,KNOWN
UNSW-NB15,test,3094,Normal,1,0.246971,0.38338,KNOWN
UNSW-NB15,test,3095,Generic,1,0.148451,0.38338,KNOWN
UNSW-NB15,test,3096,Normal,1,0.286099,0.38338,KNOWN
UNSW-NB15,test,3097,Fuzzers,1,0.066935,0.38338,KNOWN
UNSW-NB15,test,3098,Normal,1,0.203119,0.38338,KNOWN
UNSW-NB15,test,3099,Reconnaissance,1,0.464903,0.38338,ZERO_DAY
UNSW-NB15,test,3100,Normal,1,0.239338,0.38338,KNOWN
UNSW-NB15,test,3101,Normal,1,0.067898,0.38338,KNOWN
UNSW-NB15,test,3102,Normal,1,0.097091,0.38338,KNOWN
UNSW-NB15,test,3103,Normal,1,0.291616,0.38338,KNOWN
UNSW-NB15,test,3104,Normal,1,0.327156,0.38338,KNOWN
UNSW-NB15,test,3105,Normal,1,0.132292,0.38338,KNOWN
UNSW-NB15,test,3106,Exploits,1,0.343976,0.38338,KNOWN
UNSW-NB15,test,3107,Normal,1,0.292563,0.38338,KNOWN
UNSW-NB15,test,3108,Fuzzers,1,0.188144,0.38338,KNOWN
UNSW-NB15,test,3109,Reconnaissance,1,0.371887,0.38338,KNOWN
UNSW-NB15,test,3110,Normal,1,0.128026,0.38338,KNOWN
UNSW-NB15,test,3111,Normal,1,0.267505,0.38338,KNOWN
UNSW-NB15,test,3112,Fuzzers,1,0.089243,0.38338,KNOWN
UNSW-NB15,test,3113,Exploits,1,0.378683,0.38338,KNOWN
UNSW-NB15,test,3114,Reconnaissance,1,0.121541,0.38338,KNOWN
UNSW-NB15,test,3115,Reconnaissance,1,0.252715,0.38338,KNOWN
UNSW-NB15,test,3116,Exploits,1,0.135289,0.38338,KNOWN
UNSW-NB15,test,3117,Exploits,1,0.139531,0.38338,KNOWN
UNSW-NB15,test,3118,Normal,1,0.112723,0.38338,KNOWN
UNSW-NB15,test,3119,Fuzzers,1,0.139729,0.38338,KNOWN
UNSW-NB15,test,3120,Fuzzers,1,0.080209,0.38338,KNOWN
UNSW-NB15,test,3121,Fuzzers,1,0.143326,0.38338,KNOWN
UNSW-NB15,test,3122,Normal,1,0.208075,0.38338,KNOWN
UNSW-NB15,test,3123,Normal,1,0.037775,0.38338,KNOWN
UNSW-NB15,test,3124,Normal,1,0.233237,0.38338,KNOWN
UNSW-NB15,test,3125,Exploits,1,0.147199,0.38338,KNOWN
UNSW-NB15,test,3126,Normal,1,0.273522,0.38338,KNOWN
UNSW-NB15,test,3127,DoS,1,0.14457,0.38338,KNOWN
UNSW-NB15,test,3128,Fuzzers,1,0.051808,0.38338,KNOWN
UNSW-NB15,test,3129,Analysis,1,0.021819,0.38338,KNOWN
UNSW-NB15,test,3130,Normal,1,0.259553,0.38338,KNOWN
UNSW-NB15,test,3131,Normal,1,0.136396,0.38338,KNOWN
UNSW-NB15,test,3132,Normal,1,0.187529,0.38338,KNOWN
UNSW-NB15,test,3133,Normal,1,0.232806,0.38338,KNOWN
UNSW-NB15,test,3134,Normal,1,0.066545,0.38338,KNOWN
UNSW-NB15,test,3135,Exploits,1,0.186742,0.38338,KNOWN
UNSW-NB15,test,3136,Normal,1,0.022255,0.38338,KNOWN
UNSW-NB15,test,3137,Fuzzers,1,0.248346,0.38338,KNOWN
UNSW-NB15,test,3138,Fuzzers,1,0.211015,0.38338,KNOWN
UNSW-NB15,test,3139,DoS,1,0.083672,0.38338,KNOWN
UNSW-NB15,test,3140,Normal,1,0.266593,0.38338,KNOWN
UNSW-NB15,test,3141,Fuzzers,1,0.323936,0.38338,KNOWN
UNSW-NB15,test,3142,Normal,1,0.229506,0.38338,KNOWN
UNSW-NB15,test,3143,Fuzzers,1,0.028852,0.38338,KNOWN
UNSW-NB15,test,3144,Normal,1,0.136719,0.38338,KNOWN
UNSW-NB15,test,3145,Exploits,1,0.056789,0.38338,KNOWN
UNSW-NB15,test,3146,Fuzzers,1,0.100366,0.38338,KNOWN
UNSW-NB15,test,3147,Exploits,1,0.099436,0.38338,KNOWN
UNSW-NB15,test,3148,Normal,1,0.036964,0.38338,KNOWN
UNSW-NB15,test,3149,Fuzzers,1,0.081822,0.38338,KNOWN
UNSW-NB15,test,3150,Exploits,1,0.176805,0.38338,KNOWN
UNSW-NB15,test,3151,Normal,1,0.310078,0.38338,KNOWN
UNSW-NB15,test,3152,Exploits,1,0.201739,0.38338,KNOWN
UNSW-NB15,test,3153,Normal,1,0.180692,0.38338,KNOWN
UNSW-NB15,test,3154,Normal,1,0.206516,0.38338,KNOWN
UNSW-NB15,test,3155,Reconnaissance,1,0.170008,0.38338,KNOWN
UNSW-NB15,test,3156,Normal,1,0.264508,0.38338,KNOWN
UNSW-NB15,test,3157,Normal,1,0.116571,0.38338,KNOWN
UNSW-NB15,test,3158,Normal,1,0.389984,0.38338,ZERO_DAY
UNSW-NB15,test,3159,Normal,1,0.174048,0.38338,KNOWN
UNSW-NB15,test,3160,Normal,1,0.228859,0.38338,KNOWN
UNSW-NB15,test,3161,Fuzzers,1,0.061649,0.38338,KNOWN
UNSW-NB15,test,3162,Exploits,1,0.202109,0.38338,KNOWN
UNSW-NB15,test,3163,Normal,1,0.082257,0.38338,KNOWN
UNSW-NB15,test,3164,Exploits,1,0.097188,0.38338,KNOWN
UNSW-NB15,test,3165,Normal,1,0.338947,0.38338,KNOWN
UNSW-NB15,test,3166,Exploits,1,0.132571,0.38338,KNOWN
UNSW-NB15,test,3167,Fuzzers,1,0.244216,0.38338,KNOWN
UNSW-NB15,test,3168,DoS,1,0.140851,0.38338,KNOWN
UNSW-NB15,test,3169,DoS,1,0.162998,0.38338,KNOWN
UNSW-NB15,test,3170,Normal,1,0.234581,0.38338,KNOWN
UNSW-NB15,test,3171,Fuzzers,1,0.285853,0.38338,KNOWN
UNSW-NB15,test,3172,Backdoor,1,0.100851,0.38338,KNOWN
UNSW-NB15,test,3173,Normal,1,0.151851,0.38338,KNOWN
UNSW-NB15,test,3174,Exploits,1,0.1246,0.38338,KNOWN
UNSW-NB15,test,3175,Normal,1,0.082349,0.38338,KNOWN
UNSW-NB15,test,3176,Normal,1,0.313086,0.38338,KNOWN
UNSW-NB15,test,3177,Exploits,1,0.110857,0.38338,KNOWN
UNSW-NB15,test,3178,Normal,1,0.443406,0.38338,ZERO_DAY
UNSW-NB15,test,3179,Normal,1,0.095207,0.38338,KNOWN
UNSW-NB15,test,3180,Normal,1,0.519914,0.38338,ZERO_DAY
UNSW-NB15,test,3181,Normal,1,0.089861,0.38338,KNOWN
UNSW-NB15,test,3182,Normal,1,0.136727,0.38338,KNOWN
UNSW-NB15,test,3183,Normal,1,0.161771,0.38338,KNOWN
UNSW-NB15,test,3184,Exploits,1,0.460726,0.38338,ZERO_DAY
UNSW-NB15,test,3185,Exploits,1,0.215739,0.38338,KNOWN
UNSW-NB15,test,3186,Exploits,1,0.077149,0.38338,KNOWN
UNSW-NB15,test,3187,Reconnaissance,1,0.151452,0.38338,KNOWN
UNSW-NB15,test,3188,Reconnaissance,1,0.089043,0.38338,KNOWN
UNSW-NB15,test,3189,Normal,1,0.166811,0.38338,KNOWN
UNSW-NB15,test,3190,Normal,1,0.060663,0.38338,KNOWN
UNSW-NB15,test,3191,Normal,1,0.129018,0.38338,KNOWN
UNSW-NB15,test,3192,Normal,1,0.308999,0.38338,KNOWN
UNSW-NB15,test,3193,Exploits,1,0.079946,0.38338,KNOWN
UNSW-NB15,test,3194,Fuzzers,1,0.146901,0.38338,KNOWN
UNSW-NB15,test,3195,Normal,1,0.240227,0.38338,KNOWN
UNSW-NB15,test,3196,Normal,1,0.25025,0.38338,KNOWN
UNSW-NB15,test,3197,Normal,1,0.097736,0.38338,KNOWN
UNSW-NB15,test,3198,Normal,1,0.109071,0.38338,KNOWN
UNSW-NB15,test,3199,Normal,1,0.088547,0.38338,KNOWN
UNSW-NB15,test,3200,Exploits,1,0.345966,0.38338,KNOWN
UNSW-NB15,test,3201,Normal,1,0.159933,0.38338,KNOWN
UNSW-NB15,test,3202,Fuzzers,1,0.07533,0.38338,KNOWN
UNSW-NB15,test,3203,Normal,1,0.140555,0.38338,KNOWN
UNSW-NB15,test,3204,Exploits,1,0.095269,0.38338,KNOWN
UNSW-NB15,test,3205,Generic,1,0.2076,0.38338,KNOWN
UNSW-NB15,test,3206,Normal,1,0.087243,0.38338,KNOWN
UNSW-NB15,test,3207,Normal,1,0.138204,0.38338,KNOWN
UNSW-NB15,test,3208,Normal,1,0.345035,0.38338,KNOWN
UNSW-NB15,test,3209,Fuzzers,1,0.034171,0.38338,KNOWN
UNSW-NB15,test,3210,DoS,1,0.047504,0.38338,KNOWN
UNSW-NB15,test,3211,Exploits,1,0.160066,0.38338,KNOWN
UNSW-NB15,test,3212,Exploits,1,0.285246,0.38338,KNOWN
UNSW-NB15,test,3213,Normal,1,0.131473,0.38338,KNOWN
UNSW-NB15,test,3214,Normal,1,0.2046,0.38338,KNOWN
UNSW-NB15,test,3215,Normal,1,0.09753,0.38338,KNOWN
UNSW-NB15,test,3216,Normal,1,0.133978,0.38338,KNOWN
UNSW-NB15,test,3217,Normal,1,0.36066,0.38338,KNOWN
UNSW-NB15,test,3218,Normal,1,0.199881,0.38338,KNOWN
UNSW-NB15,test,3219,Exploits,1,0.223667,0.38338,KNOWN
UNSW-NB15,test,3220,Normal,1,0.240292,0.38338,KNOWN
UNSW-NB15,test,3221,Normal,1,0.320823,0.38338,KNOWN
UNSW-NB15,test,3222,Normal,1,0.212085,0.38338,KNOWN
UNSW-NB15,test,3223,Normal,1,0.103882,0.38338,KNOWN
UNSW-NB15,test,3224,Exploits,1,0.320318,0.38338,KNOWN
UNSW-NB15,test,3225,Exploits,1,0.18498,0.38338,KNOWN
UNSW-NB15,test,3226,Reconnaissance,1,0.303835,0.38338,KNOWN
UNSW-NB15,test,3227,Fuzzers,1,0.338401,0.38338,KNOWN
UNSW-NB15,test,3228,Generic,1,0.069254,0.38338,KNOWN
UNSW-NB15,test,3229,Backdoor,1,0.086328,0.38338,KNOWN
UNSW-NB15,test,3230,Normal,1,0.430559,0.38338,ZERO_DAY
UNSW-NB15,test,3231,Normal,1,0.096874,0.38338,KNOWN
UNSW-NB15,test,3232,Normal,1,0.156223,0.38338,KNOWN
UNSW-NB15,test,3233,Normal,1,0.287723,0.38338,KNOWN
UNSW-NB15,test,3234,Normal,1,0.051216,0.38338,KNOWN
UNSW-NB15,test,3235,Exploits,1,0.033716,0.38338,KNOWN
UNSW-NB15,test,3236,Normal,1,0.063514,0.38338,KNOWN
UNSW-NB15,test,3237,Normal,1,0.237379,0.38338,KNOWN
UNSW-NB15,test,3238,Fuzzers,1,0.240087,0.38338,KNOWN
UNSW-NB15,test,3239,Normal,1,0.308177,0.38338,KNOWN
UNSW-NB15,test,3240,DoS,1,0.04703,0.38338,KNOWN
UNSW-NB15,test,3241,Normal,1,0.093835,0.38338,KNOWN
UNSW-NB15,test,3242,Fuzzers,1,0.029487,0.38338,KNOWN
UNSW-NB15,test,3243,Normal,1,0.073148,0.38338,KNOWN
UNSW-NB15,test,3244,Normal,1,0.137448,0.38338,KNOWN
UNSW-NB15,test,3245,Normal,1,0.22277,0.38338,KNOWN
UNSW-NB15,test,3246,Fuzzers,1,0.143159,0.38338,KNOWN
UNSW-NB15,test,3247,Exploits,1,0.089466,0.38338,KNOWN
UNSW-NB15,test,3248,Normal,1,0.16337,0.38338,KNOWN
UNSW-NB15,test,3249,Normal,1,0.105995,0.38338,KNOWN
UNSW-NB15,test,3250,Exploits,1,0.158681,0.38338,KNOWN
UNSW-NB15,test,3251,Normal,1,0.184189,0.38338,KNOWN
UNSW-NB15,test,3252,Normal,1,0.148844,0.38338,KNOWN
UNSW-NB15,test,3253,Normal,1,0.141493,0.38338,KNOWN
UNSW-NB15,test,3254,Normal,1,0.040406,0.38338,KNOWN
UNSW-NB15,test,3255,Fuzzers,1,0.043598,0.38338,KNOWN
UNSW-NB15,test,3256,Fuzzers,1,0.117288,0.38338,KNOWN
UNSW-NB15,test,3257,Normal,1,0.284328,0.38338,KNOWN
UNSW-NB15,test,3258,Exploits,1,0.079841,0.38338,KNOWN
UNSW-NB15,test,3259,Exploits,1,0.255594,0.38338,KNOWN
UNSW-NB15,test,3260,Normal,1,0.222836,0.38338,KNOWN
UNSW-NB15,test,3261,Reconnaissance,1,0.079035,0.38338,KNOWN
UNSW-NB15,test,3262,Exploits,1,0.074561,0.38338,KNOWN
UNSW-NB15,test,3263,Normal,1,0.112828,0.38338,KNOWN
UNSW-NB15,test,3264,Reconnaissance,1,0.101443,0.38338,KNOWN
UNSW-NB15,test,3265,Normal,1,0.237592,0.38338,KNOWN
UNSW-NB15,test,3266,Exploits,1,0.159758,0.38338,KNOWN
UNSW-NB15,test,3267,Normal,1,0.165303,0.38338,KNOWN
UNSW-NB15,test,3268,Normal,1,0.215115,0.38338,KNOWN
UNSW-NB15,test,3269,Normal,1,0.406189,0.38338,ZERO_DAY
UNSW-NB15,test,3270,Normal,1,0.466052,0.38338,ZERO_DAY
UNSW-NB15,test,3271,Exploits,1,0.043275,0.38338,KNOWN
UNSW-NB15,test,3272,Fuzzers,1,0.161867,0.38338,KNOWN
UNSW-NB15,test,3273,Exploits,1,0.200282,0.38338,KNOWN
UNSW-NB15,test,3274,Normal,1,0.26567,0.38338,KNOWN
UNSW-NB15,test,3275,Fuzzers,1,0.065893,0.38338,KNOWN
UNSW-NB15,test,3276,Normal,1,0.095382,0.38338,KNOWN
UNSW-NB15,test,3277,Exploits,1,0.086057,0.38338,KNOWN
UNSW-NB15,test,3278,Reconnaissance,1,0.134416,0.38338,KNOWN
UNSW-NB15,test,3279,Normal,1,0.303099,0.38338,KNOWN
UNSW-NB15,test,3280,DoS,1,0.247539,0.38338,KNOWN
UNSW-NB15,test,3281,Normal,1,0.292363,0.38338,KNOWN
UNSW-NB15,test,3282,Fuzzers,1,0.221314,0.38338,KNOWN
UNSW-NB15,test,3283,Exploits,1,0.064874,0.38338,KNOWN
UNSW-NB15,test,3284,Normal,1,0.217667,0.38338,KNOWN
UNSW-NB15,test,3285,Exploits,1,0.361014,0.38338,KNOWN
UNSW-NB15,test,3286,Normal,1,0.126261,0.38338,KNOWN
UNSW-NB15,test,3287,Normal,1,0.158891,0.38338,KNOWN
UNSW-NB15,test,3288,Normal,1,0.227032,0.38338,KNOWN
UNSW-NB15,test,3289,Normal,1,0.228169,0.38338,KNOWN
UNSW-NB15,test,3290,Exploits,1,0.049566,0.38338,KNOWN
UNSW-NB15,test,3291,Normal,1,0.046207,0.38338,KNOWN
UNSW-NB15,test,3292,Exploits,1,0.341843,0.38338,KNOWN
UNSW-NB15,test,3293,Reconnaissance,1,0.146541,0.38338,KNOWN
UNSW-NB15,test,3294,Normal,1,0.248925,0.38338,KNOWN
UNSW-NB15,test,3295,Exploits,1,0.342781,0.38338,KNOWN
UNSW-NB15,test,3296,Normal,1,0.415208,0.38338,ZERO_DAY
UNSW-NB15,test,3297,Normal,1,0.130141,0.38338,KNOWN
UNSW-NB15,test,3298,Fuzzers,1,0.124423,0.38338,KNOWN
UNSW-NB15,test,3299,Normal,1,0.115599,0.38338,KNOWN
UNSW-NB15,test,3300,Normal,1,0.145233,0.38338,KNOWN
UNSW-NB15,test,3301,Normal,1,0.10395,0.38338,KNOWN
UNSW-NB15,test,3302,Fuzzers,1,0.14712,0.38338,KNOWN
UNSW-NB15,test,3303,Exploits,1,0.083273,0.38338,KNOWN
UNSW-NB15,test,3304,DoS,1,0.216629,0.38338,KNOWN
UNSW-NB15,test,3305,Normal,1,0.119232,0.38338,KNOWN
UNSW-NB15,test,3306,Normal,1,0.066285,0.38338,KNOWN
UNSW-NB15,test,3307,Normal,1,0.143099,0.38338,KNOWN
UNSW-NB15,test,3308,Normal,1,0.047204,0.38338,KNOWN
UNSW-NB15,test,3309,Normal,1,0.19971,0.38338,KNOWN
UNSW-NB15,test,3310,Exploits,1,0.095612,0.38338,KNOWN
UNSW-NB15,test,3311,Exploits,1,0.421368,0.38338,ZERO_DAY
UNSW-NB15,test,3312,Fuzzers,1,0.248437,0.38338,KNOWN
UNSW-NB15,test,3313,DoS,1,0.151887,0.38338,KNOWN
UNSW-NB15,test,3314,Normal,1,0.40164,0.38338,ZERO_DAY
UNSW-NB15,test,3315,Normal,1,0.135167,0.38338,KNOWN
UNSW-NB15,test,3316,Exploits,1,0.094258,0.38338,KNOWN
UNSW-NB15,test,3317,Normal,1,0.279306,0.38338,KNOWN
UNSW-NB15,test,3318,Normal,1,0.169299,0.38338,KNOWN
UNSW-NB15,test,3319,Reconnaissance,1,0.087394,0.38338,KNOWN
UNSW-NB15,test,3320,Normal,1,0.205726,0.38338,KNOWN
UNSW-NB15,test,3321,Exploits,1,0.293081,0.38338,KNOWN
UNSW-NB15,test,3322,Normal,1,0.110643,0.38338,KNOWN
UNSW-NB15,test,3323,DoS,1,0.359317,0.38338,KNOWN
UNSW-NB15,test,3324,Normal,1,0.153805,0.38338,KNOWN
UNSW-NB15,test,3325,Normal,1,0.145471,0.38338,KNOWN
UNSW-NB15,test,3326,DoS,1,0.080293,0.38338,KNOWN
UNSW-NB15,test,3327,Normal,1,0.084024,0.38338,KNOWN
UNSW-NB15,test,3328,Fuzzers,1,0.56709,0.38338,ZERO_DAY
UNSW-NB15,test,3329,Exploits,1,0.081592,0.38338,KNOWN
UNSW-NB15,test,3330,Normal,1,0.076449,0.38338,KNOWN
UNSW-NB15,test,3331,Normal,1,0.121744,0.38338,KNOWN
UNSW-NB15,test,3332,Reconnaissance,1,0.161097,0.38338,KNOWN
UNSW-NB15,test,3333,Normal,1,0.196231,0.38338,KNOWN
UNSW-NB15,test,3334,Normal,1,0.22609,0.38338,KNOWN
UNSW-NB15,test,3335,Normal,1,0.181959,0.38338,KNOWN
UNSW-NB15,test,3336,Normal,1,0.103434,0.38338,KNOWN
UNSW-NB15,test,3337,Fuzzers,1,0.039104,0.38338,KNOWN
UNSW-NB15,test,3338,Exploits,1,0.111887,0.38338,KNOWN
UNSW-NB15,test,3339,Normal,1,0.209637,0.38338,KNOWN
UNSW-NB15,test,3340,Normal,1,0.171995,0.38338,KNOWN
UNSW-NB15,test,3341,Normal,1,0.131603,0.38338,KNOWN
UNSW-NB15,test,3342,Normal,1,0.152995,0.38338,KNOWN
UNSW-NB15,test,3343,Fuzzers,1,0.316724,0.38338,KNOWN
UNSW-NB15,test,3344,Exploits,1,0.285499,0.38338,KNOWN
UNSW-NB15,test,3345,Normal,1,0.34709,0.38338,KNOWN
UNSW-NB15,test,3346,Normal,1,0.181124,0.38338,KNOWN
UNSW-NB15,test,3347,Normal,1,0.157387,0.38338,KNOWN
UNSW-NB15,test,3348,Reconnaissance,1,0.375661,0.38338,KNOWN
UNSW-NB15,test,3349,Normal,1,0.307915,0.38338,KNOWN
UNSW-NB15,test,3350,Normal,1,0.194541,0.38338,KNOWN
UNSW-NB15,test,3351,Normal,1,0.053114,0.38338,KNOWN
UNSW-NB15,test,3352,Normal,1,0.10036,0.38338,KNOWN
UNSW-NB15,test,3353,Exploits,1,0.284912,0.38338,KNOWN
UNSW-NB15,test,3354,Normal,1,0.17816,0.38338,KNOWN
UNSW-NB15,test,3355,Normal,1,0.201688,0.38338,KNOWN
UNSW-NB15,test,3356,Fuzzers,1,0.287394,0.38338,KNOWN
UNSW-NB15,test,3357,Fuzzers,1,0.346441,0.38338,KNOWN
UNSW-NB15,test,3358,Fuzzers,1,0.122498,0.38338,KNOWN
UNSW-NB15,test,3359,Normal,1,0.180586,0.38338,KNOWN
UNSW-NB15,test,3360,Fuzzers,1,0.10619,0.38338,KNOWN
UNSW-NB15,test,3361,Normal,1,0.224236,0.38338,KNOWN
UNSW-NB15,test,3362,DoS,1,0.090164,0.38338,KNOWN
UNSW-NB15,test,3363,Normal,1,0.087305,0.38338,KNOWN
UNSW-NB15,test,3364,Normal,1,0.071796,0.38338,KNOWN
UNSW-NB15,test,3365,Normal,1,0.035147,0.38338,KNOWN
UNSW-NB15,test,3366,Exploits,1,0.229465,0.38338,KNOWN
UNSW-NB15,test,3367,Normal,1,0.284712,0.38338,KNOWN
UNSW-NB15,test,3368,Normal,1,0.224258,0.38338,KNOWN
UNSW-NB15,test,3369,Normal,1,0.160623,0.38338,KNOWN
UNSW-NB15,test,3370,Fuzzers,1,0.379026,0.38338,KNOWN
UNSW-NB15,test,3371,Normal,1,0.329363,0.38338,KNOWN
UNSW-NB15,test,3372,Exploits,1,0.24237,0.38338,KNOWN
UNSW-NB15,test,3373,Normal,1,0.100325,0.38338,KNOWN
UNSW-NB15,test,3374,Fuzzers,1,0.086956,0.38338,KNOWN
UNSW-NB15,test,3375,Exploits,1,0.178704,0.38338,KNOWN
UNSW-NB15,test,3376,Normal,1,0.147817,0.38338,KNOWN
UNSW-NB15,test,3377,Normal,1,0.043664,0.38338,KNOWN
UNSW-NB15,test,3378,Exploits,1,0.070854,0.38338,KNOWN
UNSW-NB15,test,3379,Fuzzers,1,0.128931,0.38338,KNOWN
UNSW-NB15,test,3380,Normal,1,0.172288,0.38338,KNOWN
UNSW-NB15,test,3381,Exploits,1,0.278523,0.38338,KNOWN
UNSW-NB15,test,3382,Exploits,1,0.107964,0.38338,KNOWN
UNSW-NB15,test,3383,Normal,1,0.307712,0.38338,KNOWN
UNSW-NB15,test,3384,Normal,1,0.265886,0.38338,KNOWN
UNSW-NB15,test,3385,Fuzzers,1,0.042839,0.38338,KNOWN
UNSW-NB15,test,3386,Normal,1,0.116685,0.38338,KNOWN
UNSW-NB15,test,3387,Exploits,1,0.067159,0.38338,KNOWN
UNSW-NB15,test,3388,Normal,1,0.200761,0.38338,KNOWN
UNSW-NB15,test,3389,Normal,1,0.082003,0.38338,KNOWN
UNSW-NB15,test,3390,Normal,1,0.132999,0.38338,KNOWN
UNSW-NB15,test,3391,Fuzzers,1,0.262992,0.38338,KNOWN
UNSW-NB15,test,3392,Fuzzers,1,0.205825,0.38338,KNOWN
UNSW-NB15,test,3393,Normal,1,0.179742,0.38338,KNOWN
UNSW-NB15,test,3394,Reconnaissance,1,0.089055,0.38338,KNOWN
UNSW-NB15,test,3395,Fuzzers,1,0.134323,0.38338,KNOWN
UNSW-NB15,test,3396,Exploits,1,0.036065,0.38338,KNOWN
UNSW-NB15,test,3397,Normal,1,0.166327,0.38338,KNOWN
UNSW-NB15,test,3398,Normal,1,0.264649,0.38338,KNOWN
UNSW-NB15,test,3399,Normal,1,0.155216,0.38338,KNOWN
UNSW-NB15,test,3400,Normal,1,0.127119,0.38338,KNOWN
UNSW-NB15,test,3401,Normal,1,0.205645,0.38338,KNOWN
UNSW-NB15,test,3402,Normal,1,0.077022,0.38338,KNOWN
UNSW-NB15,test,3403,Exploits,1,0.122723,0.38338,KNOWN
UNSW-NB15,test,3404,Normal,1,0.100449,0.38338,KNOWN
UNSW-NB15,test,3405,Normal,1,0.013932,0.38338,KNOWN
UNSW-NB15,test,3406,Exploits,1,0.097133,0.38338,KNOWN
UNSW-NB15,test,3407,Reconnaissance,1,0.277373,0.38338,KNOWN
UNSW-NB15,test,3408,Normal,1,0.18894,0.38338,KNOWN
UNSW-NB15,test,3409,Exploits,1,0.037993,0.38338,KNOWN
UNSW-NB15,test,3410,Normal,1,0.2976,0.38338,KNOWN
UNSW-NB15,test,3411,Normal,1,0.179412,0.38338,KNOWN
UNSW-NB15,test,3412,Reconnaissance,1,0.057285,0.38338,KNOWN
UNSW-NB15,test,3413,Exploits,1,0.165089,0.38338,KNOWN
UNSW-NB15,test,3414,Normal,1,0.208788,0.38338,KNOWN
UNSW-NB15,test,3415,Exploits,1,0.15903,0.38338,KNOWN
UNSW-NB15,test,3416,Normal,1,0.080531,0.38338,KNOWN
UNSW-NB15,test,3417,Normal,1,0.22513,0.38338,KNOWN
UNSW-NB15,test,3418,Normal,1,0.062058,0.38338,KNOWN
UNSW-NB15,test,3419,DoS,1,0.219345,0.38338,KNOWN
UNSW-NB15,test,3420,Normal,1,0.194435,0.38338,KNOWN
UNSW-NB15,test,3421,Normal,1,0.371401,0.38338,KNOWN
UNSW-NB15,test,3422,Exploits,1,0.220244,0.38338,KNOWN
UNSW-NB15,test,3423,Fuzzers,1,0.326637,0.38338,KNOWN
UNSW-NB15,test,3424,Normal,1,0.283734,0.38338,KNOWN
UNSW-NB15,test,3425,Normal,1,0.049843,0.38338,KNOWN
UNSW-NB15,test,3426,Fuzzers,1,0.198365,0.38338,KNOWN
UNSW-NB15,test,3427,Exploits,1,0.381031,0.38338,KNOWN
UNSW-NB15,test,3428,Analysis,1,0.072358,0.38338,KNOWN
UNSW-NB15,test,3429,Normal,1,0.52645,0.38338,ZERO_DAY
UNSW-NB15,test,3430,Exploits,1,0.160461,0.38338,KNOWN
UNSW-NB15,test,3431,Normal,1,0.214409,0.38338,KNOWN
UNSW-NB15,test,3432,Exploits,1,0.193124,0.38338,KNOWN
UNSW-NB15,test,3433,Fuzzers,1,0.364507,0.38338,KNOWN
UNSW-NB15,test,3434,Normal,1,0.281764,0.38338,KNOWN
UNSW-NB15,test,3435,Normal,1,0.02074,0.38338,KNOWN
UNSW-NB15,test,3436,Fuzzers,1,0.269378,0.38338,KNOWN
UNSW-NB15,test,3437,Normal,1,0.089307,0.38338,KNOWN
UNSW-NB15,test,3438,Normal,1,0.152604,0.38338,KNOWN
UNSW-NB15,test,3439,Normal,1,0.20054,0.38338,KNOWN
UNSW-NB15,test,3440,Normal,1,0.116785,0.38338,KNOWN
UNSW-NB15,test,3441,Normal,1,0.13393,0.38338,KNOWN
UNSW-NB15,test,3442,Normal,1,0.264502,0.38338,KNOWN
UNSW-NB15,test,3443,Normal,1,0.364541,0.38338,KNOWN
UNSW-NB15,test,3444,Normal,1,0.23918,0.38338,KNOWN
UNSW-NB15,test,3445,Normal,1,0.237312,0.38338,KNOWN
UNSW-NB15,test,3446,Normal,1,0.153835,0.38338,KNOWN
UNSW-NB15,test,3447,Normal,1,0.345432,0.38338,KNOWN
UNSW-NB15,test,3448,Reconnaissance,1,0.2594,0.38338,KNOWN
UNSW-NB15,test,3449,Exploits,1,0.382534,0.38338,KNOWN
UNSW-NB15,test,3450,Normal,1,0.328028,0.38338,KNOWN
UNSW-NB15,test,3451,Normal,1,0.106647,0.38338,KNOWN
UNSW-NB15,test,3452,Normal,1,0.185465,0.38338,KNOWN
UNSW-NB15,test,3453,Exploits,1,0.091584,0.38338,KNOWN
UNSW-NB15,test,3454,Reconnaissance,1,0.091662,0.38338,KNOWN
UNSW-NB15,test,3455,Exploits,1,0.200584,0.38338,KNOWN
UNSW-NB15,test,3456,Fuzzers,1,0.385045,0.38338,ZERO_DAY
UNSW-NB15,test,3457,Normal,1,0.325346,0.38338,KNOWN
UNSW-NB15,test,3458,DoS,1,0.149632,0.38338,KNOWN
UNSW-NB15,test,3459,Normal,1,0.111411,0.38338,KNOWN
UNSW-NB15,test,3460,Generic,1,0.059516,0.38338,KNOWN
UNSW-NB15,test,3461,Normal,1,0.22401,0.38338,KNOWN
UNSW-NB15,test,3462,Normal,1,0.210211,0.38338,KNOWN
UNSW-NB15,test,3463,Fuzzers,1,0.130122,0.38338,KNOWN
UNSW-NB15,test,3464,Exploits,1,0.319021,0.38338,KNOWN
UNSW-NB15,test,3465,Normal,1,0.119383,0.38338,KNOWN
UNSW-NB15,test,3466,Reconnaissance,1,0.296431,0.38338,KNOWN
UNSW-NB15,test,3467,Normal,1,0.518578,0.38338,ZERO_DAY
UNSW-NB15,test,3468,Exploits,1,0.358976,0.38338,KNOWN
UNSW-NB15,test,3469,Normal,1,0.148314,0.38338,KNOWN
UNSW-NB15,test,3470,Fuzzers,1,0.068332,0.38338,KNOWN
UNSW-NB15,test,3471,Normal,1,0.218165,0.38338,KNOWN
UNSW-NB15,test,3472,Exploits,1,0.161969,0.38338,KNOWN
UNSW-NB15,test,3473,Normal,1,0.10983,0.38338,KNOWN
UNSW-NB15,test,3474,Fuzzers,1,0.210439,0.38338,KNOWN
UNSW-NB15,test,3475,Normal,1,0.180432,0.38338,KNOWN
UNSW-NB15,test,3476,Normal,1,0.362158,0.38338,KNOWN
UNSW-NB15,test,3477,Fuzzers,1,0.05824,0.38338,KNOWN
UNSW-NB15,test,3478,Fuzzers,1,0.221534,0.38338,KNOWN
UNSW-NB15,test,3479,Normal,1,0.147788,0.38338,KNOWN
UNSW-NB15,test,3480,Generic,1,0.349694,0.38338,KNOWN
UNSW-NB15,test,3481,Normal,1,0.314271,0.38338,KNOWN
UNSW-NB15,test,3482,Exploits,1,0.059943,0.38338,KNOWN
UNSW-NB15,test,3483,Exploits,1,0.251686,0.38338,KNOWN
UNSW-NB15,test,3484,Normal,1,0.102653,0.38338,KNOWN
UNSW-NB15,test,3485,Normal,1,0.150409,0.38338,KNOWN
UNSW-NB15,test,3486,Normal,1,0.057869,0.38338,KNOWN
UNSW-NB15,test,3487,Normal,1,0.077315,0.38338,KNOWN
UNSW-NB15,test,3488,Normal,1,0.157532,0.38338,KNOWN
UNSW-NB15,test,3489,Normal,1,0.092324,0.38338,KNOWN
UNSW-NB15,test,3490,Normal,1,0.173888,0.38338,KNOWN
UNSW-NB15,test,3491,Normal,1,0.097346,0.38338,KNOWN
UNSW-NB15,test,3492,Normal,1,0.264297,0.38338,KNOWN
UNSW-NB15,test,3493,Fuzzers,1,0.09834,0.38338,KNOWN
UNSW-NB15,test,3494,Normal,1,0.170334,0.38338,KNOWN
UNSW-NB15,test,3495,Normal,1,0.10226,0.38338,KNOWN
UNSW-NB15,test,3496,Fuzzers,1,0.341558,0.38338,KNOWN
UNSW-NB15,test,3497,Normal,1,0.120624,0.38338,KNOWN
UNSW-NB15,test,3498,Normal,1,0.292384,0.38338,KNOWN
UNSW-NB15,test,3499,Exploits,1,0.262559,0.38338,KNOWN
UNSW-NB15,test,3500,Normal,1,0.118553,0.38338,KNOWN
UNSW-NB15,test,3501,Normal,1,0.13811,0.38338,KNOWN
UNSW-NB15,test,3502,Fuzzers,1,0.052553,0.38338,KNOWN
UNSW-NB15,test,3503,Normal,1,0.401164,0.38338,ZERO_DAY
UNSW-NB15,test,3504,Normal,1,0.152569,0.38338,KNOWN
UNSW-NB15,test,3505,Normal,1,0.134963,0.38338,KNOWN
UNSW-NB15,test,3506,Fuzzers,1,0.227453,0.38338,KNOWN
UNSW-NB15,test,3507,Normal,1,0.242861,0.38338,KNOWN
UNSW-NB15,test,3508,Exploits,1,0.381453,0.38338,KNOWN
UNSW-NB15,test,3509,Normal,1,0.088241,0.38338,KNOWN
UNSW-NB15,test,3510,Exploits,1,0.162357,0.38338,KNOWN
UNSW-NB15,test,3511,Normal,1,0.278387,0.38338,KNOWN
UNSW-NB15,test,3512,Normal,1,0.120617,0.38338,KNOWN
UNSW-NB15,test,3513,Normal,1,0.120013,0.38338,KNOWN
UNSW-NB15,test,3514,Normal,1,0.115554,0.38338,KNOWN
UNSW-NB15,test,3515,Normal,1,0.056047,0.38338,KNOWN
UNSW-NB15,test,3516,Normal,1,0.159097,0.38338,KNOWN
UNSW-NB15,test,3517,Reconnaissance,1,0.247944,0.38338,KNOWN
UNSW-NB15,test,3518,Normal,1,0.143009,0.38338,KNOWN
UNSW-NB15,test,3519,Normal,1,0.114532,0.38338,KNOWN
UNSW-NB15,test,3520,Fuzzers,1,0.222705,0.38338,KNOWN
UNSW-NB15,test,3521,Normal,1,0.0716,0.38338,KNOWN
UNSW-NB15,test,3522,Normal,1,0.089592,0.38338,KNOWN
UNSW-NB15,test,3523,Normal,1,0.278161,0.38338,KNOWN
UNSW-NB15,test,3524,Normal,1,0.159558,0.38338,KNOWN
UNSW-NB15,test,3525,Exploits,1,0.262125,0.38338,KNOWN
UNSW-NB15,test,3526,Normal,1,0.164941,0.38338,KNOWN
UNSW-NB15,test,3527,Exploits,1,0.152043,0.38338,KNOWN
UNSW-NB15,test,3528,DoS,1,0.101399,0.38338,KNOWN
UNSW-NB15,test,3529,Normal,1,0.218426,0.38338,KNOWN
UNSW-NB15,test,3530,Normal,1,0.352772,0.38338,KNOWN
UNSW-NB15,test,3531,Normal,1,0.161741,0.38338,KNOWN
UNSW-NB15,test,3532,Reconnaissance,1,0.237726,0.38338,KNOWN
UNSW-NB15,test,3533,Fuzzers,1,0.149328,0.38338,KNOWN
UNSW-NB15,test,3534,Normal,1,0.090541,0.38338,KNOWN
UNSW-NB15,test,3535,Normal,1,0.098684,0.38338,KNOWN
UNSW-NB15,test,3536,Normal,1,0.235772,0.38338,KNOWN
UNSW-NB15,test,3537,Normal,1,0.137599,0.38338,KNOWN
UNSW-NB15,test,3538,Normal,1,0.194164,0.38338,KNOWN
UNSW-NB15,test,3539,Exploits,1,0.067044,0.38338,KNOWN
UNSW-NB15,test,3540,Exploits,1,0.278239,0.38338,KNOWN
UNSW-NB15,test,3541,Normal,1,0.077899,0.38338,KNOWN
UNSW-NB15,test,3542,Normal,1,0.065105,0.38338,KNOWN
UNSW-NB15,test,3543,Normal,1,0.059376,0.38338,KNOWN
UNSW-NB15,test,3544,Exploits,1,0.072691,0.38338,KNOWN
UNSW-NB15,test,3545,Exploits,1,0.174411,0.38338,KNOWN
UNSW-NB15,test,3546,Fuzzers,1,0.035663,0.38338,KNOWN
UNSW-NB15,test,3547,Normal,1,0.059593,0.38338,KNOWN
UNSW-NB15,test,3548,Normal,1,0.251651,0.38338,KNOWN
UNSW-NB15,test,3549,Normal,1,0.306481,0.38338,KNOWN
UNSW-NB15,test,3550,Exploits,1,0.189002,0.38338,KNOWN
UNSW-NB15,test,3551,Fuzzers,1,0.294114,0.38338,KNOWN
UNSW-NB15,test,3552,Normal,1,0.41584,0.38338,ZERO_DAY
UNSW-NB15,test,3553,Normal,1,0.139771,0.38338,KNOWN
UNSW-NB15,test,3554,Normal,1,0.147351,0.38338,KNOWN
UNSW-NB15,test,3555,Exploits,1,0.207355,0.38338,KNOWN
UNSW-NB15,test,3556,Exploits,1,0.312418,0.38338,KNOWN
UNSW-NB15,test,3557,Fuzzers,1,0.248671,0.38338,KNOWN
UNSW-NB15,test,3558,Exploits,1,0.216652,0.38338,KNOWN
UNSW-NB15,test,3559,Normal,1,0.257793,0.38338,KNOWN
UNSW-NB15,test,3560,Normal,1,0.186215,0.38338,KNOWN
UNSW-NB15,test,3561,Normal,1,0.269978,0.38338,KNOWN
UNSW-NB15,test,3562,Normal,1,0.336069,0.38338,KNOWN
UNSW-NB15,test,3563,Fuzzers,1,0.344035,0.38338,KNOWN
UNSW-NB15,test,3564,Normal,1,0.103761,0.38338,KNOWN
UNSW-NB15,test,3565,DoS,1,0.350094,0.38338,KNOWN
UNSW-NB15,test,3566,Normal,1,0.013408,0.38338,KNOWN
UNSW-NB15,test,3567,Normal,1,0.240027,0.38338,KNOWN
UNSW-NB15,test,3568,Normal,1,0.036902,0.38338,KNOWN
UNSW-NB15,test,3569,Fuzzers,1,0.353376,0.38338,KNOWN
UNSW-NB15,test,3570,Exploits,1,0.213076,0.38338,KNOWN
UNSW-NB15,test,3571,Normal,1,0.061192,0.38338,KNOWN
UNSW-NB15,test,3572,Normal,1,0.204407,0.38338,KNOWN
UNSW-NB15,test,3573,Fuzzers,1,0.098152,0.38338,KNOWN
UNSW-NB15,test,3574,Normal,1,0.275083,0.38338,KNOWN
UNSW-NB15,test,3575,Normal,1,0.150161,0.38338,KNOWN
UNSW-NB15,test,3576,Generic,1,0.271874,0.38338,KNOWN
UNSW-NB15,test,3577,Normal,1,0.119272,0.38338,KNOWN
UNSW-NB15,test,3578,Normal,1,0.147838,0.38338,KNOWN
UNSW-NB15,test,3579,Exploits,1,0.130257,0.38338,KNOWN
UNSW-NB15,test,3580,Normal,1,0.213324,0.38338,KNOWN
UNSW-NB15,test,3581,Normal,1,0.041417,0.38338,KNOWN
UNSW-NB15,test,3582,Normal,1,0.187561,0.38338,KNOWN
UNSW-NB15,test,3583,Fuzzers,1,0.019775,0.38338,KNOWN
UNSW-NB15,test,3584,Normal,1,0.153229,0.38338,KNOWN
UNSW-NB15,test,3585,Normal,1,0.077001,0.38338,KNOWN
UNSW-NB15,test,3586,Normal,1,0.050198,0.38338,KNOWN
UNSW-NB15,test,3587,Normal,1,0.054594,0.38338,KNOWN
UNSW-NB15,test,3588,Normal,1,0.10997,0.38338,KNOWN
UNSW-NB15,test,3589,Exploits,1,0.349405,0.38338,KNOWN
UNSW-NB15,test,3590,Normal,1,0.129422,0.38338,KNOWN
UNSW-NB15,test,3591,Normal,1,0.161851,0.38338,KNOWN
UNSW-NB15,test,3592,Normal,1,0.14466,0.38338,KNOWN
UNSW-NB15,test,3593,Normal,1,0.184917,0.38338,KNOWN
UNSW-NB15,test,3594,Normal,1,0.075016,0.38338,KNOWN
UNSW-NB15,test,3595,Exploits,1,0.273706,0.38338,KNOWN
UNSW-NB15,test,3596,Normal,1,0.102373,0.38338,KNOWN
UNSW-NB15,test,3597,Fuzzers,1,0.332906,0.38338,KNOWN
UNSW-NB15,test,3598,Normal,1,0.339882,0.38338,KNOWN
UNSW-NB15,test,3599,Normal,1,0.138637,0.38338,KNOWN
UNSW-NB15,test,3600,Normal,1,0.142689,0.38338,KNOWN
UNSW-NB15,test,3601,Normal,1,0.325538,0.38338,KNOWN
UNSW-NB15,test,3602,Normal,1,0.134889,0.38338,KNOWN
UNSW-NB15,test,3603,Normal,1,0.070896,0.38338,KNOWN
UNSW-NB15,test,3604,Fuzzers,1,0.085252,0.38338,KNOWN
UNSW-NB15,test,3605,Normal,1,0.054468,0.38338,KNOWN
UNSW-NB15,test,3606,Normal,1,0.127268,0.38338,KNOWN
UNSW-NB15,test,3607,Exploits,1,0.254908,0.38338,KNOWN
UNSW-NB15,test,3608,Normal,1,0.272034,0.38338,KNOWN
UNSW-NB15,test,3609,Normal,1,0.352194,0.38338,KNOWN
UNSW-NB15,test,3610,Normal,1,0.368485,0.38338,KNOWN
UNSW-NB15,test,3611,Normal,1,0.120543,0.38338,KNOWN
UNSW-NB15,test,3612,Normal,1,0.058448,0.38338,KNOWN
UNSW-NB15,test,3613,Fuzzers,1,0.019225,0.38338,KNOWN
UNSW-NB15,test,3614,Normal,1,0.186862,0.38338,KNOWN
UNSW-NB15,test,3615,Normal,1,0.075331,0.38338,KNOWN
UNSW-NB15,test,3616,Normal,1,0.122607,0.38338,KNOWN
UNSW-NB15,test,3617,Normal,1,0.124255,0.38338,KNOWN
UNSW-NB15,test,3618,Fuzzers,1,0.047595,0.38338,KNOWN
UNSW-NB15,test,3619,Reconnaissance,1,0.129898,0.38338,KNOWN
UNSW-NB15,test,3620,Normal,1,0.155226,0.38338,KNOWN
UNSW-NB15,test,3621,Normal,1,0.093828,0.38338,KNOWN
UNSW-NB15,test,3622,Normal,1,0.114401,0.38338,KNOWN
UNSW-NB15,test,3623,Fuzzers,1,0.273956,0.38338,KNOWN
UNSW-NB15,test,3624,Generic,1,0.16651,0.38338,KNOWN
UNSW-NB15,test,3625,Exploits,1,0.058397,0.38338,KNOWN
UNSW-NB15,test,3626,Exploits,1,0.1321,0.38338,KNOWN
UNSW-NB15,test,3627,Fuzzers,1,0.057065,0.38338,KNOWN
UNSW-NB15,test,3628,Normal,1,0.148616,0.38338,KNOWN
UNSW-NB15,test,3629,Normal,1,0.208553,0.38338,KNOWN
UNSW-NB15,test,3630,Normal,1,0.171738,0.38338,KNOWN
UNSW-NB15,test,3631,Normal,1,0.088038,0.38338,KNOWN
UNSW-NB15,test,3632,Normal,1,0.059846,0.38338,KNOWN
UNSW-NB15,test,3633,Normal,1,0.101641,0.38338,KNOWN
UNSW-NB15,test,3634,Fuzzers,1,0.178622,0.38338,KNOWN
UNSW-NB15,test,3635,Fuzzers,1,0.155083,0.38338,KNOWN
UNSW-NB15,test,3636,Normal,1,0.170198,0.38338,KNOWN
UNSW-NB15,test,3637,Normal,1,0.155909,0.38338,KNOWN
UNSW-NB15,test,3638,Normal,1,0.077248,0.38338,KNOWN
UNSW-NB15,test,3639,Normal,1,0.162451,0.38338,KNOWN
UNSW-NB15,test,3640,Normal,1,0.078908,0.38338,KNOWN
UNSW-NB15,test,3641,Normal,1,0.038318,0.38338,KNOWN
UNSW-NB15,test,3642,DoS,1,0.026749,0.38338,KNOWN
UNSW-NB15,test,3643,Fuzzers,1,0.19498,0.38338,KNOWN
UNSW-NB15,test,3644,Exploits,1,0.258738,0.38338,KNOWN
UNSW-NB15,test,3645,Normal,1,0.087049,0.38338,KNOWN
UNSW-NB15,test,3646,Reconnaissance,1,0.070398,0.38338,KNOWN
UNSW-NB15,test,3647,Exploits,1,0.218726,0.38338,KNOWN
UNSW-NB15,test,3648,Normal,1,0.113114,0.38338,KNOWN
UNSW-NB15,test,3649,Exploits,1,0.3766,0.38338,KNOWN
UNSW-NB15,test,3650,Normal,1,0.169906,0.38338,KNOWN
UNSW-NB15,test,3651,Normal,1,0.040105,0.38338,KNOWN
UNSW-NB15,test,3652,Normal,1,0.078287,0.38338,KNOWN
UNSW-NB15,test,3653,Normal,1,0.393643,0.38338,ZERO_DAY
UNSW-NB15,test,3654,Normal,1,0.171499,0.38338,KNOWN
UNSW-NB15,test,3655,Normal,1,0.050975,0.38338,KNOWN
UNSW-NB15,test,3656,Reconnaissance,1,0.034278,0.38338,KNOWN
UNSW-NB15,test,3657,Normal,1,0.171944,0.38338,KNOWN
UNSW-NB15,test,3658,Normal,1,0.226014,0.38338,KNOWN
UNSW-NB15,test,3659,Normal,1,0.107374,0.38338,KNOWN
UNSW-NB15,test,3660,Fuzzers,1,0.013883,0.38338,KNOWN
UNSW-NB15,test,3661,Normal,1,0.126489,0.38338,KNOWN
UNSW-NB15,test,3662,Fuzzers,1,0.208817,0.38338,KNOWN
UNSW-NB15,test,3663,DoS,1,0.168991,0.38338,KNOWN
UNSW-NB15,test,3664,Normal,1,0.231322,0.38338,KNOWN
UNSW-NB15,test,3665,Exploits,1,0.212111,0.38338,KNOWN
UNSW-NB15,test,3666,Normal,1,0.154437,0.38338,KNOWN
UNSW-NB15,test,3667,Normal,1,0.109968,0.38338,KNOWN
UNSW-NB15,test,3668,Normal,1,0.34651,0.38338,KNOWN
UNSW-NB15,test,3669,Normal,1,0.059197,0.38338,KNOWN
UNSW-NB15,test,3670,Reconnaissance,1,0.184591,0.38338,KNOWN
UNSW-NB15,test,3671,Exploits,1,0.290415,0.38338,KNOWN
UNSW-NB15,test,3672,Exploits,1,0.140031,0.38338,KNOWN
UNSW-NB15,test,3673,Normal,1,0.289717,0.38338,KNOWN
UNSW-NB15,test,3674,Normal,1,0.140153,0.38338,KNOWN
UNSW-NB15,test,3675,Normal,1,0.248159,0.38338,KNOWN
UNSW-NB15,test,3676,Normal,1,0.208072,0.38338,KNOWN
UNSW-NB15,test,3677,Normal,1,0.491131,0.38338,ZERO_DAY
UNSW-NB15,test,3678,Normal,1,0.204603,0.38338,KNOWN
UNSW-NB15,test,3679,Normal,1,0.236055,0.38338,KNOWN
UNSW-NB15,test,3680,Normal,1,0.103905,0.38338,KNOWN
UNSW-NB15,test,3681,Reconnaissance,1,0.11378,0.38338,KNOWN
UNSW-NB15,test,3682,Normal,1,0.021901,0.38338,KNOWN
UNSW-NB15,test,3683,Normal,1,0.130421,0.38338,KNOWN
UNSW-NB15,test,3684,Normal,1,0.195052,0.38338,KNOWN
UNSW-NB15,test,3685,Fuzzers,1,0.121016,0.38338,KNOWN
UNSW-NB15,test,3686,Normal,1,0.279468,0.38338,KNOWN
UNSW-NB15,test,3687,Fuzzers,1,0.030521,0.38338,KNOWN
UNSW-NB15,test,3688,Normal,1,0.349238,0.38338,KNOWN
UNSW-NB15,test,3689,Normal,1,0.038742,0.38338,KNOWN
UNSW-NB15,test,3690,Exploits,1,0.16674,0.38338,KNOWN
UNSW-NB15,test,3691,Normal,1,0.146046,0.38338,KNOWN
UNSW-NB15,test,3692,Normal,1,0.111953,0.38338,KNOWN
UNSW-NB15,test,3693,Exploits,1,0.198752,0.38338,KNOWN
UNSW-NB15,test,3694,Reconnaissance,1,0.246116,0.38338,KNOWN
UNSW-NB15,test,3695,Exploits,1,0.108552,0.38338,KNOWN
UNSW-NB15,test,3696,Exploits,1,0.070406,0.38338,KNOWN
UNSW-NB15,test,3697,Normal,1,0.14376,0.38338,KNOWN
UNSW-NB15,test,3698,Normal,1,0.556711,0.38338,ZERO_DAY
UNSW-NB15,test,3699,Normal,1,0.267356,0.38338,KNOWN
UNSW-NB15,test,3700,Normal,1,0.134136,0.38338,KNOWN
UNSW-NB15,test,3701,Fuzzers,1,0.059669,0.38338,KNOWN
UNSW-NB15,test,3702,Normal,1,0.386701,0.38338,ZERO_DAY
UNSW-NB15,test,3703,Exploits,1,0.075973,0.38338,KNOWN
UNSW-NB15,test,3704,Fuzzers,1,0.094331,0.38338,KNOWN
UNSW-NB15,test,3705,Exploits,1,0.02347,0.38338,KNOWN
UNSW-NB15,test,3706,Exploits,1,0.361331,0.38338,KNOWN
UNSW-NB15,test,3707,Normal,1,0.538447,0.38338,ZERO_DAY
UNSW-NB15,test,3708,Normal,1,0.223583,0.38338,KNOWN
UNSW-NB15,test,3709,Exploits,1,0.270106,0.38338,KNOWN
UNSW-NB15,test,3710,Exploits,1,0.026583,0.38338,KNOWN
UNSW-NB15,test,3711,Fuzzers,1,0.103258,0.38338,KNOWN
UNSW-NB15,test,3712,Fuzzers,1,0.415163,0.38338,ZERO_DAY
UNSW-NB15,test,3713,Normal,1,0.004887,0.38338,KNOWN
UNSW-NB15,test,3714,Exploits,1,0.210883,0.38338,KNOWN
UNSW-NB15,test,3715,Exploits,1,0.173995,0.38338,KNOWN
UNSW-NB15,test,3716,Exploits,1,0.102041,0.38338,KNOWN
UNSW-NB15,test,3717,Exploits,1,0.055744,0.38338,KNOWN
UNSW-NB15,test,3718,Normal,1,0.057866,0.38338,KNOWN
UNSW-NB15,test,3719,Exploits,1,0.282744,0.38338,KNOWN
UNSW-NB15,test,3720,Normal,1,0.468111,0.38338,ZERO_DAY
UNSW-NB15,test,3721,Exploits,1,0.009517,0.38338,KNOWN
UNSW-NB15,test,3722,Normal,1,0.062832,0.38338,KNOWN
UNSW-NB15,test,3723,Normal,1,0.036209,0.38338,KNOWN
UNSW-NB15,test,3724,Normal,1,0.105511,0.38338,KNOWN
UNSW-NB15,test,3725,Normal,1,0.068652,0.38338,KNOWN
UNSW-NB15,test,3726,Normal,1,0.150595,0.38338,KNOWN
UNSW-NB15,test,3727,Normal,1,0.073517,0.38338,KNOWN
UNSW-NB15,test,3728,Normal,1,0.296084,0.38338,KNOWN
UNSW-NB15,test,3729,Normal,1,0.280662,0.38338,KNOWN
UNSW-NB15,test,3730,Normal,1,0.242415,0.38338,KNOWN
UNSW-NB15,test,3731,Normal,1,0.275559,0.38338,KNOWN
UNSW-NB15,test,3732,Normal,1,0.344256,0.38338,KNOWN
UNSW-NB15,test,3733,Normal,1,0.103831,0.38338,KNOWN
UNSW-NB15,test,3734,Generic,1,0.339209,0.38338,KNOWN
UNSW-NB15,test,3735,Exploits,1,0.207222,0.38338,KNOWN
UNSW-NB15,test,3736,Normal,1,0.385242,0.38338,ZERO_DAY
UNSW-NB15,test,3737,Exploits,1,0.234594,0.38338,KNOWN
UNSW-NB15,test,3738,Fuzzers,1,0.151528,0.38338,KNOWN
UNSW-NB15,test,3739,Fuzzers,1,0.103465,0.38338,KNOWN
UNSW-NB15,test,3740,Normal,1,0.445104,0.38338,ZERO_DAY
UNSW-NB15,test,3741,Normal,1,0.117759,0.38338,KNOWN
UNSW-NB15,test,3742,Fuzzers,1,0.150769,0.38338,KNOWN
UNSW-NB15,test,3743,Normal,1,0.18719,0.38338,KNOWN
UNSW-NB15,test,3744,Reconnaissance,1,0.030699,0.38338,KNOWN
UNSW-NB15,test,3745,Normal,1,0.122987,0.38338,KNOWN
UNSW-NB15,test,3746,Normal,1,0.04487,0.38338,KNOWN
UNSW-NB15,test,3747,Normal,1,0.068533,0.38338,KNOWN
UNSW-NB15,test,3748,Normal,1,0.365793,0.38338,KNOWN
UNSW-NB15,test,3749,Fuzzers,1,0.123852,0.38338,KNOWN
UNSW-NB15,test,3750,Normal,1,0.210385,0.38338,KNOWN
UNSW-NB15,test,3751,Normal,1,0.243406,0.38338,KNOWN
UNSW-NB15,test,3752,Normal,1,0.118081,0.38338,KNOWN
UNSW-NB15,test,3753,Normal,1,0.055755,0.38338,KNOWN
UNSW-NB15,test,3754,Fuzzers,1,0.331123,0.38338,KNOWN
UNSW-NB15,test,3755,Normal,1,0.138291,0.38338,KNOWN
UNSW-NB15,test,3756,Normal,1,0.299813,0.38338,KNOWN
UNSW-NB15,test,3757,Fuzzers,1,0.19073,0.38338,KNOWN
UNSW-NB15,test,3758,Normal,1,0.072108,0.38338,KNOWN
UNSW-NB15,test,3759,Normal,1,0.177072,0.38338,KNOWN
UNSW-NB15,test,3760,Fuzzers,1,0.164892,0.38338,KNOWN
UNSW-NB15,test,3761,Exploits,1,0.143677,0.38338,KNOWN
UNSW-NB15,test,3762,Fuzzers,1,0.086262,0.38338,KNOWN
UNSW-NB15,test,3763,Fuzzers,1,0.05851,0.38338,KNOWN
UNSW-NB15,test,3764,Normal,1,0.076294,0.38338,KNOWN
UNSW-NB15,test,3765,Normal,1,0.069168,0.38338,KNOWN
UNSW-NB15,test,3766,Fuzzers,1,0.051293,0.38338,KNOWN
UNSW-NB15,test,3767,Normal,1,0.074602,0.38338,KNOWN
UNSW-NB15,test,3768,DoS,1,0.044745,0.38338,KNOWN
UNSW-NB15,test,3769,Reconnaissance,1,0.130056,0.38338,KNOWN
UNSW-NB15,test,3770,Reconnaissance,1,0.047167,0.38338,KNOWN
UNSW-NB15,test,3771,Normal,1,0.162931,0.38338,KNOWN
UNSW-NB15,test,3772,Normal,1,0.092859,0.38338,KNOWN
UNSW-NB15,test,3773,Exploits,1,0.184432,0.38338,KNOWN
UNSW-NB15,test,3774,DoS,1,0.06357,0.38338,KNOWN
UNSW-NB15,test,3775,Reconnaissance,1,0.144326,0.38338,KNOWN
UNSW-NB15,test,3776,Normal,1,0.257166,0.38338,KNOWN
UNSW-NB15,test,3777,Exploits,1,0.171161,0.38338,KNOWN
UNSW-NB15,test,3778,Normal,1,0.325529,0.38338,KNOWN
UNSW-NB15,test,3779,Normal,1,0.022111,0.38338,KNOWN
UNSW-NB15,test,3780,Fuzzers,1,0.120134,0.38338,KNOWN
UNSW-NB15,test,3781,Normal,1,0.202177,0.38338,KNOWN
UNSW-NB15,test,3782,Fuzzers,1,0.095123,0.38338,KNOWN
UNSW-NB15,test,3783,Normal,1,0.040539,0.38338,KNOWN
UNSW-NB15,test,3784,Normal,1,0.203997,0.38338,KNOWN
UNSW-NB15,test,3785,Reconnaissance,1,0.08534,0.38338,KNOWN
UNSW-NB15,test,3786,Normal,1,0.144831,0.38338,KNOWN
UNSW-NB15,test,3787,Exploits,1,0.107117,0.38338,KNOWN
UNSW-NB15,test,3788,Normal,1,0.172936,0.38338,KNOWN
UNSW-NB15,test,3789,Normal,1,0.219739,0.38338,KNOWN
UNSW-NB15,test,3790,Fuzzers,1,0.141905,0.38338,KNOWN
UNSW-NB15,test,3791,Normal,1,0.111732,0.38338,KNOWN
UNSW-NB15,test,3792,Exploits,1,0.064409,0.38338,KNOWN
UNSW-NB15,test,3793,Normal,1,0.325483,0.38338,KNOWN
UNSW-NB15,test,3794,Exploits,1,0.243128,0.38338,KNOWN
UNSW-NB15,test,3795,Normal,1,0.225836,0.38338,KNOWN
UNSW-NB15,test,3796,Normal,1,0.149714,0.38338,KNOWN
UNSW-NB15,test,3797,Normal,1,0.059532,0.38338,KNOWN
UNSW-NB15,test,3798,Normal,1,0.275458,0.38338,KNOWN
UNSW-NB15,test,3799,DoS,1,0.15581,0.38338,KNOWN
UNSW-NB15,test,3800,Exploits,1,0.098119,0.38338,KNOWN
UNSW-NB15,test,3801,Fuzzers,1,0.316148,0.38338,KNOWN
UNSW-NB15,test,3802,Fuzzers,1,0.082964,0.38338,KNOWN
UNSW-NB15,test,3803,Normal,1,0.356441,0.38338,KNOWN
UNSW-NB15,test,3804,Reconnaissance,1,0.166299,0.38338,KNOWN
UNSW-NB15,test,3805,Normal,1,0.27714,0.38338,KNOWN
UNSW-NB15,test,3806,Normal,1,0.091246,0.38338,KNOWN
UNSW-NB15,test,3807,Normal,1,0.203071,0.38338,KNOWN
UNSW-NB15,test,3808,Normal,1,0.408086,0.38338,ZERO_DAY
UNSW-NB15,test,3809,Generic,1,0.196692,0.38338,KNOWN
UNSW-NB15,test,3810,Normal,1,0.395338,0.38338,ZERO_DAY
UNSW-NB15,test,3811,Normal,1,0.296176,0.38338,KNOWN
UNSW-NB15,test,3812,Normal,1,0.220801,0.38338,KNOWN
UNSW-NB15,test,3813,Fuzzers,1,0.065831,0.38338,KNOWN
UNSW-NB15,test,3814,Fuzzers,1,0.087598,0.38338,KNOWN
UNSW-NB15,test,3815,Normal,1,0.283211,0.38338,KNOWN
UNSW-NB15,test,3816,Fuzzers,1,0.132752,0.38338,KNOWN
UNSW-NB15,test,3817,Normal,1,0.342242,0.38338,KNOWN
UNSW-NB15,test,3818,Exploits,1,0.218606,0.38338,KNOWN
UNSW-NB15,test,3819,Normal,1,0.183767,0.38338,KNOWN
UNSW-NB15,test,3820,Normal,1,0.090853,0.38338,KNOWN
UNSW-NB15,test,3821,Generic,1,0.112183,0.38338,KNOWN
UNSW-NB15,test,3822,DoS,1,0.099084,0.38338,KNOWN
UNSW-NB15,test,3823,Exploits,1,0.053513,0.38338,KNOWN
UNSW-NB15,test,3824,Exploits,1,0.115542,0.38338,KNOWN
UNSW-NB15,test,3825,Normal,1,0.088859,0.38338,KNOWN
UNSW-NB15,test,3826,Normal,1,0.355612,0.38338,KNOWN
UNSW-NB15,test,3827,Normal,1,0.223692,0.38338,KNOWN
UNSW-NB15,test,3828,Normal,1,0.151189,0.38338,KNOWN
UNSW-NB15,test,3829,Fuzzers,1,0.169961,0.38338,KNOWN
UNSW-NB15,test,3830,Normal,1,0.113751,0.38338,KNOWN
UNSW-NB15,test,3831,Reconnaissance,1,0.244975,0.38338,KNOWN
UNSW-NB15,test,3832,Fuzzers,1,0.045339,0.38338,KNOWN
UNSW-NB15,test,3833,Exploits,1,0.040128,0.38338,KNOWN
UNSW-NB15,test,3834,Normal,1,0.284598,0.38338,KNOWN
UNSW-NB15,test,3835,Normal,1,0.115031,0.38338,KNOWN
UNSW-NB15,test,3836,Fuzzers,1,0.11161,0.38338,KNOWN
UNSW-NB15,test,3837,Normal,1,0.165826,0.38338,KNOWN
UNSW-NB15,test,3838,Normal,1,0.08576,0.38338,KNOWN
UNSW-NB15,test,3839,Fuzzers,1,0.065015,0.38338,KNOWN
UNSW-NB15,test,3840,Normal,1,0.111076,0.38338,KNOWN
UNSW-NB15,test,3841,Normal,1,0.566358,0.38338,ZERO_DAY
UNSW-NB15,test,3842,Normal,1,0.199404,0.38338,KNOWN
UNSW-NB15,test,3843,Normal,1,0.101923,0.38338,KNOWN
UNSW-NB15,test,3844,Normal,1,0.130348,0.38338,KNOWN
UNSW-NB15,test,3845,Normal,1,0.467807,0.38338,ZERO_DAY
UNSW-NB15,test,3846,Normal,1,0.268187,0.38338,KNOWN
UNSW-NB15,test,3847,Normal,1,0.255918,0.38338,KNOWN
UNSW-NB15,test,3848,Fuzzers,1,0.09412,0.38338,KNOWN
UNSW-NB15,test,3849,Normal,1,0.165783,0.38338,KNOWN
UNSW-NB15,test,3850,Exploits,1,0.308393,0.38338,KNOWN
UNSW-NB15,test,3851,Exploits,1,0.252365,0.38338,KNOWN
UNSW-NB15,test,3852,Normal,1,0.317697,0.38338,KNOWN
UNSW-NB15,test,3853,Fuzzers,1,0.178881,0.38338,KNOWN
UNSW-NB15,test,3854,Exploits,1,0.318424,0.38338,KNOWN
UNSW-NB15,test,3855,Normal,1,0.106501,0.38338,KNOWN
UNSW-NB15,test,3856,Reconnaissance,1,0.522675,0.38338,ZERO_DAY
UNSW-NB15,test,3857,Normal,1,0.38011,0.38338,KNOWN
UNSW-NB15,test,3858,DoS,1,0.222024,0.38338,KNOWN
UNSW-NB15,test,3859,Fuzzers,1,0.211019,0.38338,KNOWN
UNSW-NB15,test,3860,Fuzzers,1,0.152458,0.38338,KNOWN
UNSW-NB15,test,3861,Fuzzers,1,0.142927,0.38338,KNOWN
UNSW-NB15,test,3862,Generic,1,0.243959,0.38338,KNOWN
UNSW-NB15,test,3863,Exploits,1,0.089596,0.38338,KNOWN
UNSW-NB15,test,3864,Normal,1,0.07073,0.38338,KNOWN
UNSW-NB15,test,3865,Exploits,1,0.323497,0.38338,KNOWN
UNSW-NB15,test,3866,Normal,1,0.074596,0.38338,KNOWN
UNSW-NB15,test,3867,Fuzzers,1,0.102338,0.38338,KNOWN
UNSW-NB15,test,3868,Normal,1,0.523494,0.38338,ZERO_DAY
UNSW-NB15,test,3869,Normal,1,0.223227,0.38338,KNOWN
UNSW-NB15,test,3870,Normal,1,0.048258,0.38338,KNOWN
UNSW-NB15,test,3871,Normal,1,0.186612,0.38338,KNOWN
UNSW-NB15,test,3872,Fuzzers,1,0.212099,0.38338,KNOWN
UNSW-NB15,test,3873,Normal,1,0.24233,0.38338,KNOWN
UNSW-NB15,test,3874,DoS,1,0.100817,0.38338,KNOWN
UNSW-NB15,test,3875,Exploits,1,0.087534,0.38338,KNOWN
UNSW-NB15,test,3876,Normal,1,0.077809,0.38338,KNOWN
UNSW-NB15,test,3877,DoS,1,0.241159,0.38338,KNOWN
UNSW-NB15,test,3878,Normal,1,0.047013,0.38338,KNOWN
UNSW-NB15,test,3879,Normal,1,0.237332,0.38338,KNOWN
UNSW-NB15,test,3880,Normal,1,0.081335,0.38338,KNOWN
UNSW-NB15,test,3881,Normal,1,0.060806,0.38338,KNOWN
UNSW-NB15,test,3882,Normal,1,0.103458,0.38338,KNOWN
UNSW-NB15,test,3883,Exploits,1,0.036105,0.38338,KNOWN
UNSW-NB15,test,3884,Normal,1,0.212136,0.38338,KNOWN
UNSW-NB15,test,3885,Exploits,1,0.097483,0.38338,KNOWN
UNSW-NB15,test,3886,Normal,1,0.501615,0.38338,ZERO_DAY
UNSW-NB15,test,3887,Fuzzers,1,0.149929,0.38338,KNOWN
UNSW-NB15,test,3888,Reconnaissance,1,0.299585,0.38338,KNOWN
UNSW-NB15,test,3889,Exploits,1,0.226584,0.38338,KNOWN
UNSW-NB15,test,3890,Exploits,1,0.153166,0.38338,KNOWN
UNSW-NB15,test,3891,Normal,1,0.140401,0.38338,KNOWN
UNSW-NB15,test,3892,Fuzzers,1,0.233652,0.38338,KNOWN
UNSW-NB15,test,3893,Normal,1,0.278316,0.38338,KNOWN
UNSW-NB15,test,3894,Exploits,1,0.13486,0.38338,KNOWN
UNSW-NB15,test,3895,Exploits,1,0.051819,0.38338,KNOWN
UNSW-NB15,test,3896,DoS,1,0.282519,0.38338,KNOWN
UNSW-NB15,test,3897,Fuzzers,1,0.133882,0.38338,KNOWN
UNSW-NB15,test,3898,Normal,1,0.28333,0.38338,KNOWN
UNSW-NB15,test,3899,Normal,1,0.114896,0.38338,KNOWN
UNSW-NB15,test,3900,Normal,1,0.088719,0.38338,KNOWN
UNSW-NB15,test,3901,Normal,1,0.195078,0.38338,KNOWN
UNSW-NB15,test,3902,Reconnaissance,1,0.056546,0.38338,KNOWN
UNSW-NB15,test,3903,Normal,1,0.128452,0.38338,KNOWN
UNSW-NB15,test,3904,Fuzzers,1,0.194421,0.38338,KNOWN
UNSW-NB15,test,3905,Fuzzers,1,0.245505,0.38338,KNOWN
UNSW-NB15,test,3906,Normal,1,0.068985,0.38338,KNOWN
UNSW-NB15,test,3907,Exploits,1,0.037971,0.38338,KNOWN
UNSW-NB15,test,3908,Fuzzers,1,0.097519,0.38338,KNOWN
UNSW-NB15,test,3909,Normal,1,0.309576,0.38338,KNOWN
UNSW-NB15,test,3910,Normal,1,0.114554,0.38338,KNOWN
UNSW-NB15,test,3911,Normal,1,0.196408,0.38338,KNOWN
UNSW-NB15,test,3912,Normal,1,0.157242,0.38338,KNOWN
UNSW-NB15,test,3913,Normal,1,0.082956,0.38338,KNOWN
UNSW-NB15,test,3914,DoS,1,0.461187,0.38338,ZERO_DAY
UNSW-NB15,test,3915,Fuzzers,1,0.216512,0.38338,KNOWN
UNSW-NB15,test,3916,Normal,1,0.102388,0.38338,KNOWN
UNSW-NB15,test,3917,Normal,1,0.19664,0.38338,KNOWN
UNSW-NB15,test,3918,Exploits,1,0.04905,0.38338,KNOWN
UNSW-NB15,test,3919,Normal,1,0.152536,0.38338,KNOWN
UNSW-NB15,test,3920,Exploits,1,0.038547,0.38338,KNOWN
UNSW-NB15,test,3921,Normal,1,0.376076,0.38338,KNOWN
UNSW-NB15,test,3922,Exploits,1,0.079059,0.38338,KNOWN
UNSW-NB15,test,3923,Normal,1,0.227913,0.38338,KNOWN
UNSW-NB15,test,3924,Exploits,1,0.254349,0.38338,KNOWN
UNSW-NB15,test,3925,Normal,1,0.497384,0.38338,ZERO_DAY
UNSW-NB15,test,3926,Normal,1,0.237367,0.38338,KNOWN
UNSW-NB15,test,3927,Generic,1,0.097687,0.38338,KNOWN
UNSW-NB15,test,3928,Fuzzers,1,0.108391,0.38338,KNOWN
UNSW-NB15,test,3929,Fuzzers,1,0.534907,0.38338,ZERO_DAY
UNSW-NB15,test,3930,Normal,1,0.190121,0.38338,KNOWN
UNSW-NB15,test,3931,Normal,1,0.193499,0.38338,KNOWN
UNSW-NB15,test,3932,Exploits,1,0.195309,0.38338,KNOWN
UNSW-NB15,test,3933,Normal,1,0.187626,0.38338,KNOWN
UNSW-NB15,test,3934,Normal,1,0.476342,0.38338,ZERO_DAY
UNSW-NB15,test,3935,Normal,1,0.193047,0.38338,KNOWN
UNSW-NB15,test,3936,Normal,1,0.253587,0.38338,KNOWN
UNSW-NB15,test,3937,Exploits,1,0.150996,0.38338,KNOWN
UNSW-NB15,test,3938,Normal,1,0.061804,0.38338,KNOWN
UNSW-NB15,test,3939,Normal,1,0.368063,0.38338,KNOWN
UNSW-NB15,test,3940,Fuzzers,1,0.106097,0.38338,KNOWN
UNSW-NB15,test,3941,Exploits,1,0.088248,0.38338,KNOWN
UNSW-NB15,test,3942,Exploits,1,0.123725,0.38338,KNOWN
UNSW-NB15,test,3943,Analysis,1,0.40052,0.38338,ZERO_DAY
UNSW-NB15,test,3944,Generic,1,0.227244,0.38338,KNOWN
UNSW-NB15,test,3945,Normal,1,0.029253,0.38338,KNOWN
UNSW-NB15,test,3946,Normal,1,0.176345,0.38338,KNOWN
UNSW-NB15,test,3947,Exploits,1,0.082379,0.38338,KNOWN
UNSW-NB15,test,3948,Normal,1,0.086514,0.38338,KNOWN
UNSW-NB15,test,3949,Normal,1,0.032739,0.38338,KNOWN
UNSW-NB15,test,3950,Normal,1,0.337012,0.38338,KNOWN
UNSW-NB15,test,3951,Normal,1,0.220912,0.38338,KNOWN
UNSW-NB15,test,3952,Exploits,1,0.077288,0.38338,KNOWN
UNSW-NB15,test,3953,Normal,1,0.202764,0.38338,KNOWN
UNSW-NB15,test,3954,Exploits,1,0.158627,0.38338,KNOWN
UNSW-NB15,test,3955,Normal,1,0.179396,0.38338,KNOWN
UNSW-NB15,test,3956,Normal,1,0.352767,0.38338,KNOWN
UNSW-NB15,test,3957,Exploits,1,0.181768,0.38338,KNOWN
UNSW-NB15,test,3958,Normal,1,0.040044,0.38338,KNOWN
UNSW-NB15,test,3959,Exploits,1,0.059284,0.38338,KNOWN
UNSW-NB15,test,3960,Exploits,1,0.228129,0.38338,KNOWN
UNSW-NB15,test,3961,Normal,1,0.045502,0.38338,KNOWN
UNSW-NB15,test,3962,Exploits,1,0.228724,0.38338,KNOWN
UNSW-NB15,test,3963,Normal,1,0.19387,0.38338,KNOWN
UNSW-NB15,test,3964,Fuzzers,1,0.045904,0.38338,KNOWN
UNSW-NB15,test,3965,Exploits,1,0.121093,0.38338,KNOWN
UNSW-NB15,test,3966,Fuzzers,1,0.072619,0.38338,KNOWN
UNSW-NB15,test,3967,Exploits,1,0.184507,0.38338,KNOWN
UNSW-NB15,test,3968,Exploits,1,0.24922,0.38338,KNOWN
UNSW-NB15,test,3969,Fuzzers,1,0.457467,0.38338,ZERO_DAY
UNSW-NB15,test,3970,Reconnaissance,1,0.242924,0.38338,KNOWN
UNSW-NB15,test,3971,Reconnaissance,1,0.115474,0.38338,KNOWN
UNSW-NB15,test,3972,Exploits,1,0.16305,0.38338,KNOWN
UNSW-NB15,test,3973,Normal,1,0.174188,0.38338,KNOWN
UNSW-NB15,test,3974,Exploits,1,0.156807,0.38338,KNOWN
UNSW-NB15,test,3975,Reconnaissance,1,0.14554,0.38338,KNOWN
UNSW-NB15,test,3976,Normal,1,0.112792,0.38338,KNOWN
UNSW-NB15,test,3977,Exploits,1,0.094383,0.38338,KNOWN
UNSW-NB15,test,3978,Normal,1,0.388606,0.38338,ZERO_DAY
UNSW-NB15,test,3979,Normal,1,0.152102,0.38338,KNOWN
UNSW-NB15,test,3980,Exploits,1,0.362498,0.38338,KNOWN
UNSW-NB15,test,3981,Normal,1,0.347769,0.38338,KNOWN
UNSW-NB15,test,3982,Normal,1,0.093414,0.38338,KNOWN
UNSW-NB15,test,3983,Fuzzers,1,0.119595,0.38338,KNOWN
UNSW-NB15,test,3984,Reconnaissance,1,0.071191,0.38338,KNOWN
UNSW-NB15,test,3985,Exploits,1,0.24327,0.38338,KNOWN
UNSW-NB15,test,3986,Exploits,1,0.012584,0.38338,KNOWN
UNSW-NB15,test,3987,Fuzzers,1,0.277259,0.38338,KNOWN
UNSW-NB15,test,3988,Normal,1,0.167987,0.38338,KNOWN
UNSW-NB15,test,3989,Exploits,1,0.135905,0.38338,KNOWN
UNSW-NB15,test,3990,Exploits,1,0.049876,0.38338,KNOWN
UNSW-NB15,test,3991,Exploits,1,0.153133,0.38338,KNOWN
UNSW-NB15,test,3992,Normal,1,0.114318,0.38338,KNOWN
UNSW-NB15,test,3993,Fuzzers,1,0.250681,0.38338,KNOWN
UNSW-NB15,test,3994,Exploits,1,0.066789,0.38338,KNOWN
UNSW-NB15,test,3995,Normal,1,0.179533,0.38338,KNOWN
UNSW-NB15,test,3996,Normal,1,0.165657,0.38338,KNOWN
UNSW-NB15,test,3997,Normal,1,0.199154,0.38338,KNOWN
UNSW-NB15,test,3998,Exploits,1,0.099375,0.38338,KNOWN
UNSW-NB15,test,3999,Fuzzers,1,0.075448,0.38338,KNOWN
UNSW-NB15,test,4000,Normal,1,0.065984,0.38338,KNOWN
UNSW-NB15,test,4001,Normal,1,0.25315,0.38338,KNOWN
UNSW-NB15,test,4002,Normal,1,0.053729,0.38338,KNOWN
UNSW-NB15,test,4003,Exploits,1,0.194278,0.38338,KNOWN
UNSW-NB15,test,4004,Normal,1,0.102813,0.38338,KNOWN
UNSW-NB15,test,4005,Normal,1,0.103669,0.38338,KNOWN
UNSW-NB15,test,4006,Fuzzers,1,0.110012,0.38338,KNOWN
UNSW-NB15,test,4007,Normal,1,0.294021,0.38338,KNOWN
UNSW-NB15,test,4008,Normal,1,0.067176,0.38338,KNOWN
UNSW-NB15,test,4009,Exploits,1,0.176451,0.38338,KNOWN
UNSW-NB15,test,4010,Normal,1,0.126557,0.38338,KNOWN
UNSW-NB15,test,4011,Exploits,1,0.342715,0.38338,KNOWN
UNSW-NB15,test,4012,Normal,1,0.366945,0.38338,KNOWN
UNSW-NB15,test,4013,Exploits,1,0.133735,0.38338,KNOWN
UNSW-NB15,test,4014,Normal,1,0.154118,0.38338,KNOWN
UNSW-NB15,test,4015,Normal,1,0.383251,0.38338,KNOWN
UNSW-NB15,test,4016,Normal,1,0.10725,0.38338,KNOWN
UNSW-NB15,test,4017,Fuzzers,1,0.100376,0.38338,KNOWN
UNSW-NB15,test,4018,Normal,1,0.205542,0.38338,KNOWN
UNSW-NB15,test,4019,Normal,1,0.105227,0.38338,KNOWN
UNSW-NB15,test,4020,Normal,1,0.044333,0.38338,KNOWN
UNSW-NB15,test,4021,Normal,1,0.097127,0.38338,KNOWN
UNSW-NB15,test,4022,Normal,1,0.117321,0.38338,KNOWN
UNSW-NB15,test,4023,Normal,1,0.166551,0.38338,KNOWN
UNSW-NB15,test,4024,Normal,1,0.293509,0.38338,KNOWN
UNSW-NB15,test,4025,Normal,1,0.261628,0.38338,KNOWN
UNSW-NB15,test,4026,Fuzzers,1,0.340182,0.38338,KNOWN
UNSW-NB15,test,4027,Normal,1,0.047729,0.38338,KNOWN
UNSW-NB15,test,4028,Fuzzers,1,0.296049,0.38338,KNOWN
UNSW-NB15,test,4029,Normal,1,0.302188,0.38338,KNOWN
UNSW-NB15,test,4030,Normal,1,0.196045,0.38338,KNOWN
UNSW-NB15,test,4031,Normal,1,0.172076,0.38338,KNOWN
UNSW-NB15,test,4032,Normal,1,0.207457,0.38338,KNOWN
UNSW-NB15,test,4033,Normal,1,0.018012,0.38338,KNOWN
UNSW-NB15,test,4034,Reconnaissance,1,0.17357,0.38338,KNOWN
UNSW-NB15,test,4035,Normal,1,0.026345,0.38338,KNOWN
UNSW-NB15,test,4036,Exploits,1,0.053177,0.38338,KNOWN
UNSW-NB15,test,4037,Normal,1,0.205303,0.38338,KNOWN
UNSW-NB15,test,4038,Normal,1,0.026383,0.38338,KNOWN
UNSW-NB15,test,4039,Normal,1,0.264727,0.38338,KNOWN
UNSW-NB15,test,4040,Normal,1,0.129571,0.38338,KNOWN
UNSW-NB15,test,4041,Normal,1,0.271337,0.38338,KNOWN
UNSW-NB15,test,4042,Normal,1,0.039739,0.38338,KNOWN
UNSW-NB15,test,4043,Normal,1,0.268426,0.38338,KNOWN
UNSW-NB15,test,4044,Normal,1,0.147509,0.38338,KNOWN
UNSW-NB15,test,4045,Normal,1,0.058239,0.38338,KNOWN
UNSW-NB15,test,4046,Reconnaissance,1,0.180131,0.38338,KNOWN
UNSW-NB15,test,4047,Exploits,1,0.207929,0.38338,KNOWN
UNSW-NB15,test,4048,Normal,1,0.058256,0.38338,KNOWN
UNSW-NB15,test,4049,Normal,1,0.284791,0.38338,KNOWN
UNSW-NB15,test,4050,Normal,1,0.109135,0.38338,KNOWN
UNSW-NB15,test,4051,Exploits,1,0.118573,0.38338,KNOWN
UNSW-NB15,test,4052,Normal,1,0.239885,0.38338,KNOWN
UNSW-NB15,test,4053,Fuzzers,1,0.050014,0.38338,KNOWN
UNSW-NB15,test,4054,Reconnaissance,1,0.147728,0.38338,KNOWN
UNSW-NB15,test,4055,Reconnaissance,1,0.142834,0.38338,KNOWN
UNSW-NB15,test,4056,Normal,1,0.213733,0.38338,KNOWN
UNSW-NB15,test,4057,Exploits,1,0.334447,0.38338,KNOWN
UNSW-NB15,test,4058,Normal,1,0.134819,0.38338,KNOWN
UNSW-NB15,test,4059,Reconnaissance,1,0.260596,0.38338,KNOWN
UNSW-NB15,test,4060,Normal,1,0.203884,0.38338,KNOWN
UNSW-NB15,test,4061,Normal,1,0.032626,0.38338,KNOWN
UNSW-NB15,test,4062,Exploits,1,0.185561,0.38338,KNOWN
UNSW-NB15,test,4063,Exploits,1,0.265751,0.38338,KNOWN
UNSW-NB15,test,4064,Normal,1,0.159166,0.38338,KNOWN
UNSW-NB15,test,4065,Normal,1,0.110024,0.38338,KNOWN
UNSW-NB15,test,4066,Exploits,1,0.169534,0.38338,KNOWN
UNSW-NB15,test,4067,Normal,1,0.153519,0.38338,KNOWN
UNSW-NB15,test,4068,Normal,1,0.244157,0.38338,KNOWN
UNSW-NB15,test,4069,Reconnaissance,1,0.135662,0.38338,KNOWN
UNSW-NB15,test,4070,Exploits,1,0.287395,0.38338,KNOWN
UNSW-NB15,test,4071,Normal,1,0.110088,0.38338,KNOWN
UNSW-NB15,test,4072,Normal,1,0.198078,0.38338,KNOWN
UNSW-NB15,test,4073,Normal,1,0.241239,0.38338,KNOWN
UNSW-NB15,test,4074,Reconnaissance,1,0.091727,0.38338,KNOWN
UNSW-NB15,test,4075,Reconnaissance,1,0.157645,0.38338,KNOWN
UNSW-NB15,test,4076,Normal,1,0.112462,0.38338,KNOWN
UNSW-NB15,test,4077,Normal,1,0.053622,0.38338,KNOWN
UNSW-NB15,test,4078,Reconnaissance,1,0.106576,0.38338,KNOWN
UNSW-NB15,test,4079,Normal,1,0.130588,0.38338,KNOWN
UNSW-NB15,test,4080,Exploits,1,0.092112,0.38338,KNOWN
UNSW-NB15,test,4081,Fuzzers,1,0.023383,0.38338,KNOWN
UNSW-NB15,test,4082,Normal,1,0.044966,0.38338,KNOWN
UNSW-NB15,test,4083,Normal,1,0.270058,0.38338,KNOWN
UNSW-NB15,test,4084,Normal,1,0.06736,0.38338,KNOWN
UNSW-NB15,test,4085,Fuzzers,1,0.279982,0.38338,KNOWN
UNSW-NB15,test,4086,Normal,1,0.089827,0.38338,KNOWN
UNSW-NB15,test,4087,Normal,1,0.116837,0.38338,KNOWN
UNSW-NB15,test,4088,Reconnaissance,1,0.205619,0.38338,KNOWN
UNSW-NB15,test,4089,Normal,1,0.099586,0.38338,KNOWN
UNSW-NB15,test,4090,Normal,1,0.150467,0.38338,KNOWN
UNSW-NB15,test,4091,Fuzzers,1,0.187714,0.38338,KNOWN
UNSW-NB15,test,4092,Normal,1,0.303378,0.38338,KNOWN
UNSW-NB15,test,4093,Exploits,1,0.03255,0.38338,KNOWN
UNSW-NB15,test,4094,Generic,1,0.141821,0.38338,KNOWN
UNSW-NB15,test,4095,Normal,1,0.185884,0.38338,KNOWN
UNSW-NB15,test,4096,Normal,1,0.13973,0.38338,KNOWN
UNSW-NB15,test,4097,Normal,1,0.055664,0.38338,KNOWN
UNSW-NB15,test,4098,Exploits,1,0.156558,0.38338,KNOWN
UNSW-NB15,test,4099,Normal,1,0.186832,0.38338,KNOWN
UNSW-NB15,test,4100,Exploits,1,0.185266,0.38338,KNOWN
UNSW-NB15,test,4101,Exploits,1,0.200765,0.38338,KNOWN
UNSW-NB15,test,4102,Exploits,1,0.166078,0.38338,KNOWN
UNSW-NB15,test,4103,Generic,1,0.120476,0.38338,KNOWN
UNSW-NB15,test,4104,Normal,1,0.146518,0.38338,KNOWN
UNSW-NB15,test,4105,Normal,1,0.262368,0.38338,KNOWN
UNSW-NB15,test,4106,Normal,1,0.107567,0.38338,KNOWN
UNSW-NB15,test,4107,Normal,1,0.239999,0.38338,KNOWN
UNSW-NB15,test,4108,Normal,1,0.279411,0.38338,KNOWN
UNSW-NB15,test,4109,DoS,1,0.195865,0.38338,KNOWN
UNSW-NB15,test,4110,Exploits,1,0.073498,0.38338,KNOWN
UNSW-NB15,test,4111,Normal,1,0.248571,0.38338,KNOWN
UNSW-NB15,test,4112,Normal,1,0.321,0.38338,KNOWN
UNSW-NB15,test,4113,Normal,1,0.362301,0.38338,KNOWN
UNSW-NB15,test,4114,Normal,1,0.156486,0.38338,KNOWN
UNSW-NB15,test,4115,Exploits,1,0.175034,0.38338,KNOWN
UNSW-NB15,test,4116,Normal,1,0.170162,0.38338,KNOWN
UNSW-NB15,test,4117,Normal,1,0.100972,0.38338,KNOWN
UNSW-NB15,test,4118,Exploits,1,0.079223,0.38338,KNOWN
UNSW-NB15,test,4119,Normal,1,0.374844,0.38338,KNOWN
UNSW-NB15,test,4120,Exploits,1,0.206805,0.38338,KNOWN
UNSW-NB15,test,4121,Exploits,1,0.43299,0.38338,ZERO_DAY
UNSW-NB15,test,4122,Normal,1,0.260275,0.38338,KNOWN
UNSW-NB15,test,4123,Normal,1,0.120523,0.38338,KNOWN
UNSW-NB15,test,4124,Normal,1,0.151397,0.38338,KNOWN
UNSW-NB15,test,4125,Normal,1,0.104271,0.38338,KNOWN
UNSW-NB15,test,4126,Normal,1,0.020224,0.38338,KNOWN
UNSW-NB15,test,4127,Normal,1,0.261538,0.38338,KNOWN
UNSW-NB15,test,4128,Exploits,1,0.039317,0.38338,KNOWN
UNSW-NB15,test,4129,Exploits,1,0.170029,0.38338,KNOWN
UNSW-NB15,test,4130,Fuzzers,1,0.331657,0.38338,KNOWN
UNSW-NB15,test,4131,Normal,1,0.140506,0.38338,KNOWN
UNSW-NB15,test,4132,Normal,1,0.525741,0.38338,ZERO_DAY
UNSW-NB15,test,4133,DoS,1,0.080584,0.38338,KNOWN
UNSW-NB15,test,4134,Exploits,1,0.182195,0.38338,KNOWN
UNSW-NB15,test,4135,Fuzzers,1,0.20553,0.38338,KNOWN
UNSW-NB15,test,4136,Normal,1,0.100577,0.38338,KNOWN
UNSW-NB15,test,4137,Normal,1,0.062341,0.38338,KNOWN
UNSW-NB15,test,4138,Normal,1,0.090167,0.38338,KNOWN
UNSW-NB15,test,4139,Normal,1,0.169448,0.38338,KNOWN
UNSW-NB15,test,4140,Normal,1,0.334323,0.38338,KNOWN
UNSW-NB15,test,4141,Normal,1,0.090569,0.38338,KNOWN
UNSW-NB15,test,4142,Fuzzers,1,0.108047,0.38338,KNOWN
UNSW-NB15,test,4143,Normal,1,0.245403,0.38338,KNOWN
UNSW-NB15,test,4144,Normal,1,0.129051,0.38338,KNOWN
UNSW-NB15,test,4145,Normal,1,0.167797,0.38338,KNOWN
UNSW-NB15,test,4146,Normal,1,0.201047,0.38338,KNOWN
UNSW-NB15,test,4147,Normal,1,0.074088,0.38338,KNOWN
UNSW-NB15,test,4148,Normal,1,0.151004,0.38338,KNOWN
UNSW-NB15,test,4149,Normal,1,0.030605,0.38338,KNOWN
UNSW-NB15,test,4150,Fuzzers,1,0.099162,0.38338,KNOWN
UNSW-NB15,test,4151,Normal,1,0.130924,0.38338,KNOWN
UNSW-NB15,test,4152,Normal,1,0.084011,0.38338,KNOWN
UNSW-NB15,test,4153,Normal,1,0.203189,0.38338,KNOWN
UNSW-NB15,test,4154,DoS,1,0.11412,0.38338,KNOWN
UNSW-NB15,test,4155,Fuzzers,1,0.200709,0.38338,KNOWN
UNSW-NB15,test,4156,Normal,1,0.036577,0.38338,KNOWN
UNSW-NB15,test,4157,Normal,1,0.075115,0.38338,KNOWN
UNSW-NB15,test,4158,Normal,1,0.056296,0.38338,KNOWN
UNSW-NB15,test,4159,DoS,1,0.078816,0.38338,KNOWN
UNSW-NB15,test,4160,Normal,1,0.147987,0.38338,KNOWN
UNSW-NB15,test,4161,Normal,1,0.078078,0.38338,KNOWN
UNSW-NB15,test,4162,Exploits,1,0.045676,0.38338,KNOWN
UNSW-NB15,test,4163,Reconnaissance,1,0.039604,0.38338,KNOWN
UNSW-NB15,test,4164,Normal,1,0.141225,0.38338,KNOWN
UNSW-NB15,test,4165,Normal,1,0.474474,0.38338,ZERO_DAY
UNSW-NB15,test,4166,Normal,1,0.091454,0.38338,KNOWN
UNSW-NB15,test,4167,Normal,1,0.129784,0.38338,KNOWN
UNSW-NB15,test,4168,Normal,1,0.11899,0.38338,KNOWN
UNSW-NB15,test,4169,Exploits,1,0.07758,0.38338,KNOWN
UNSW-NB15,test,4170,Normal,1,0.232231,0.38338,KNOWN
UNSW-NB15,test,4171,Normal,1,0.123914,0.38338,KNOWN
UNSW-NB15,test,4172,Normal,1,0.153369,0.38338,KNOWN
UNSW-NB15,test,4173,Normal,1,0.139481,0.38338,KNOWN
UNSW-NB15,test,4174,Normal,1,0.385406,0.38338,ZERO_DAY
UNSW-NB15,test,4175,Normal,1,0.135198,0.38338,KNOWN
UNSW-NB15,test,4176,Normal,1,0.017234,0.38338,KNOWN
UNSW-NB15,test,4177,Normal,1,0.154485,0.38338,KNOWN
UNSW-NB15,test,4178,Normal,1,0.122554,0.38338,KNOWN
UNSW-NB15,test,4179,Normal,1,0.109723,0.38338,KNOWN
UNSW-NB15,test,4180,DoS,1,0.094841,0.38338,KNOWN
UNSW-NB15,test,4181,Normal,1,0.136097,0.38338,KNOWN
UNSW-NB15,test,4182,Exploits,1,0.150494,0.38338,KNOWN
UNSW-NB15,test,4183,Fuzzers,1,0.312679,0.38338,KNOWN
UNSW-NB15,test,4184,Exploits,1,0.056963,0.38338,KNOWN
UNSW-NB15,test,4185,Exploits,1,0.227128,0.38338,KNOWN
UNSW-NB15,test,4186,Normal,1,0.254143,0.38338,KNOWN
UNSW-NB15,test,4187,Exploits,1,0.12374,0.38338,KNOWN
UNSW-NB15,test,4188,Normal,1,0.090864,0.38338,KNOWN
UNSW-NB15,test,4189,Normal,1,0.120336,0.38338,KNOWN
UNSW-NB15,test,4190,Reconnaissance,1,0.126431,0.38338,KNOWN
UNSW-NB15,test,4191,Fuzzers,1,0.215241,0.38338,KNOWN
UNSW-NB15,test,4192,Fuzzers,1,0.057409,0.38338,KNOWN
UNSW-NB15,test,4193,Fuzzers,1,0.12715,0.38338,KNOWN
UNSW-NB15,test,4194,Normal,1,0.271756,0.38338,KNOWN
UNSW-NB15,test,4195,Normal,1,0.300228,0.38338,KNOWN
UNSW-NB15,test,4196,Normal,1,0.321573,0.38338,KNOWN
UNSW-NB15,test,4197,Backdoor,1,0.162392,0.38338,KNOWN
UNSW-NB15,test,4198,Normal,1,0.227721,0.38338,KNOWN
UNSW-NB15,test,4199,Normal,1,0.418153,0.38338,ZERO_DAY
UNSW-NB15,test,4200,Exploits,1,0.12302,0.38338,KNOWN
UNSW-NB15,test,4201,Normal,1,0.266139,0.38338,KNOWN
UNSW-NB15,test,4202,Normal,1,0.289318,0.38338,KNOWN
UNSW-NB15,test,4203,Normal,1,0.318027,0.38338,KNOWN
UNSW-NB15,test,4204,Normal,1,0.116145,0.38338,KNOWN
UNSW-NB15,test,4205,Exploits,1,0.236403,0.38338,KNOWN
UNSW-NB15,test,4206,Normal,1,0.137962,0.38338,KNOWN
UNSW-NB15,test,4207,Reconnaissance,1,0.160313,0.38338,KNOWN
UNSW-NB15,test,4208,DoS,1,0.360246,0.38338,KNOWN
UNSW-NB15,test,4209,Normal,1,0.046587,0.38338,KNOWN
UNSW-NB15,test,4210,Normal,1,0.417462,0.38338,ZERO_DAY
UNSW-NB15,test,4211,Normal,1,0.411017,0.38338,ZERO_DAY
UNSW-NB15,test,4212,Normal,1,0.054119,0.38338,KNOWN
UNSW-NB15,test,4213,Normal,1,0.253976,0.38338,KNOWN
UNSW-NB15,test,4214,Exploits,1,0.186481,0.38338,KNOWN
UNSW-NB15,test,4215,Exploits,1,0.238116,0.38338,KNOWN
UNSW-NB15,test,4216,Normal,1,0.03588,0.38338,KNOWN
UNSW-NB15,test,4217,Exploits,1,0.182769,0.38338,KNOWN
UNSW-NB15,test,4218,Normal,1,0.071662,0.38338,KNOWN
UNSW-NB15,test,4219,Reconnaissance,1,0.041965,0.38338,KNOWN
UNSW-NB15,test,4220,Normal,1,0.223551,0.38338,KNOWN
UNSW-NB15,test,4221,Normal,1,0.397763,0.38338,ZERO_DAY
UNSW-NB15,test,4222,Fuzzers,1,0.054959,0.38338,KNOWN
UNSW-NB15,test,4223,Exploits,1,0.029777,0.38338,KNOWN
UNSW-NB15,test,4224,Exploits,1,0.059436,0.38338,KNOWN
UNSW-NB15,test,4225,Normal,1,0.247593,0.38338,KNOWN
UNSW-NB15,test,4226,Normal,1,0.148049,0.38338,KNOWN
UNSW-NB15,test,4227,Normal,1,0.263513,0.38338,KNOWN
UNSW-NB15,test,4228,Normal,1,0.110873,0.38338,KNOWN
UNSW-NB15,test,4229,Normal,1,0.41973,0.38338,ZERO_DAY
UNSW-NB15,test,4230,Normal,1,0.137089,0.38338,KNOWN
UNSW-NB15,test,4231,Exploits,1,0.267497,0.38338,KNOWN
UNSW-NB15,test,4232,Fuzzers,1,0.257995,0.38338,KNOWN
UNSW-NB15,test,4233,Normal,1,0.02533,0.38338,KNOWN
UNSW-NB15,test,4234,Exploits,1,0.148098,0.38338,KNOWN
UNSW-NB15,test,4235,Normal,1,0.153628,0.38338,KNOWN
UNSW-NB15,test,4236,Normal,1,0.08145,0.38338,KNOWN
UNSW-NB15,test,4237,Exploits,1,0.199225,0.38338,KNOWN
UNSW-NB15,test,4238,Normal,1,0.151145,0.38338,KNOWN
UNSW-NB15,test,4239,Normal,1,0.195352,0.38338,KNOWN
UNSW-NB15,test,4240,Normal,1,0.097048,0.38338,KNOWN
UNSW-NB15,test,4241,Normal,1,0.405751,0.38338,ZERO_DAY
UNSW-NB15,test,4242,Normal,1,0.081771,0.38338,KNOWN
UNSW-NB15,test,4243,Exploits,1,0.120325,0.38338,KNOWN
UNSW-NB15,test,4244,Reconnaissance,1,0.167196,0.38338,KNOWN
UNSW-NB15,test,4245,Normal,1,0.153623,0.38338,KNOWN
UNSW-NB15,test,4246,Normal,1,0.097902,0.38338,KNOWN
UNSW-NB15,test,4247,Normal,1,0.067045,0.38338,KNOWN
UNSW-NB15,test,4248,Normal,1,0.478179,0.38338,ZERO_DAY
UNSW-NB15,test,4249,Normal,1,0.058434,0.38338,KNOWN
UNSW-NB15,test,4250,Normal,1,0.120795,0.38338,KNOWN
UNSW-NB15,test,4251,Reconnaissance,1,0.354052,0.38338,KNOWN
UNSW-NB15,test,4252,DoS,1,0.354736,0.38338,KNOWN
UNSW-NB15,test,4253,Normal,1,0.218091,0.38338,KNOWN
UNSW-NB15,test,4254,Exploits,1,0.322117,0.38338,KNOWN
UNSW-NB15,test,4255,Fuzzers,1,0.185705,0.38338,KNOWN
UNSW-NB15,test,4256,Normal,1,0.299442,0.38338,KNOWN
UNSW-NB15,test,4257,Fuzzers,1,0.043806,0.38338,KNOWN
UNSW-NB15,test,4258,Exploits,1,0.169679,0.38338,KNOWN
UNSW-NB15,test,4259,Normal,1,0.176281,0.38338,KNOWN
UNSW-NB15,test,4260,Exploits,1,0.089558,0.38338,KNOWN
UNSW-NB15,test,4261,Normal,1,0.132843,0.38338,KNOWN
UNSW-NB15,test,4262,Exploits,1,0.122922,0.38338,KNOWN
UNSW-NB15,test,4263,Normal,1,0.158937,0.38338,KNOWN
UNSW-NB15,test,4264,Exploits,1,0.167754,0.38338,KNOWN
UNSW-NB15,test,4265,Normal,1,0.079138,0.38338,KNOWN
UNSW-NB15,test,4266,Normal,1,0.146146,0.38338,KNOWN
UNSW-NB15,test,4267,Reconnaissance,1,0.149117,0.38338,KNOWN
UNSW-NB15,test,4268,Normal,1,0.079278,0.38338,KNOWN
UNSW-NB15,test,4269,Normal,1,0.136396,0.38338,KNOWN
UNSW-NB15,test,4270,Normal,1,0.151166,0.38338,KNOWN
UNSW-NB15,test,4271,Exploits,1,0.088311,0.38338,KNOWN
UNSW-NB15,test,4272,Normal,1,0.194447,0.38338,KNOWN
UNSW-NB15,test,4273,Normal,1,0.30697,0.38338,KNOWN
UNSW-NB15,test,4274,Normal,1,0.043574,0.38338,KNOWN
UNSW-NB15,test,4275,Normal,1,0.109938,0.38338,KNOWN
UNSW-NB15,test,4276,Exploits,1,0.265669,0.38338,KNOWN
UNSW-NB15,test,4277,Normal,1,0.218013,0.38338,KNOWN
UNSW-NB15,test,4278,Normal,1,0.11782,0.38338,KNOWN
UNSW-NB15,test,4279,Normal,1,0.201896,0.38338,KNOWN
UNSW-NB15,test,4280,Exploits,1,0.125245,0.38338,KNOWN
UNSW-NB15,test,4281,Normal,1,0.152923,0.38338,KNOWN
UNSW-NB15,test,4282,Exploits,1,0.05102,0.38338,KNOWN
UNSW-NB15,test,4283,Normal,1,0.157604,0.38338,KNOWN
UNSW-NB15,test,4284,Normal,1,0.189011,0.38338,KNOWN
UNSW-NB15,test,4285,Normal,1,0.197084,0.38338,KNOWN
UNSW-NB15,test,4286,Normal,1,0.205206,0.38338,KNOWN
UNSW-NB15,test,4287,Normal,1,0.078629,0.38338,KNOWN
UNSW-NB15,test,4288,Normal,1,0.062954,0.38338,KNOWN
UNSW-NB15,test,4289,Normal,1,0.284515,0.38338,KNOWN
UNSW-NB15,test,4290,Reconnaissance,1,0.074279,0.38338,KNOWN
UNSW-NB15,test,4291,Normal,1,0.139088,0.38338,KNOWN
UNSW-NB15,test,4292,DoS,1,0.404571,0.38338,ZERO_DAY
UNSW-NB15,test,4293,Reconnaissance,1,0.162494,0.38338,KNOWN
UNSW-NB15,test,4294,Exploits,1,0.277794,0.38338,KNOWN
UNSW-NB15,test,4295,Normal,1,0.134924,0.38338,KNOWN
UNSW-NB15,test,4296,Fuzzers,1,0.120786,0.38338,KNOWN
UNSW-NB15,test,4297,Exploits,1,0.042886,0.38338,KNOWN
UNSW-NB15,test,4298,Fuzzers,1,0.067085,0.38338,KNOWN
UNSW-NB15,test,4299,Reconnaissance,1,0.366496,0.38338,KNOWN
UNSW-NB15,test,4300,Normal,1,0.410472,0.38338,ZERO_DAY
UNSW-NB15,test,4301,Fuzzers,1,0.188974,0.38338,KNOWN
UNSW-NB15,test,4302,Fuzzers,1,0.033658,0.38338,KNOWN
UNSW-NB15,test,4303,Normal,1,0.153526,0.38338,KNOWN
UNSW-NB15,test,4304,Normal,1,0.104533,0.38338,KNOWN
UNSW-NB15,test,4305,Reconnaissance,1,0.144835,0.38338,KNOWN
UNSW-NB15,test,4306,Normal,1,0.019094,0.38338,KNOWN
UNSW-NB15,test,4307,Exploits,1,0.091776,0.38338,KNOWN
UNSW-NB15,test,4308,Normal,1,0.188708,0.38338,KNOWN
UNSW-NB15,test,4309,Fuzzers,1,0.226686,0.38338,KNOWN
UNSW-NB15,test,4310,Normal,1,0.183373,0.38338,KNOWN
UNSW-NB15,test,4311,Normal,1,0.242688,0.38338,KNOWN
UNSW-NB15,test,4312,Fuzzers,1,0.13192,0.38338,KNOWN
UNSW-NB15,test,4313,Normal,1,0.081413,0.38338,KNOWN
UNSW-NB15,test,4314,Fuzzers,1,0.146062,0.38338,KNOWN
UNSW-NB15,test,4315,Normal,1,0.129162,0.38338,KNOWN
UNSW-NB15,test,4316,Exploits,1,0.20848,0.38338,KNOWN
UNSW-NB15,test,4317,Exploits,1,0.060052,0.38338,KNOWN
UNSW-NB15,test,4318,Normal,1,0.295488,0.38338,KNOWN
UNSW-NB15,test,4319,Normal,1,0.137996,0.38338,KNOWN
UNSW-NB15,test,4320,Normal,1,0.283371,0.38338,KNOWN
UNSW-NB15,test,4321,Fuzzers,1,0.197984,0.38338,KNOWN
UNSW-NB15,test,4322,Normal,1,0.057268,0.38338,KNOWN
UNSW-NB15,test,4323,Normal,1,0.21634,0.38338,KNOWN
UNSW-NB15,test,4324,Normal,1,0.127597,0.38338,KNOWN
UNSW-NB15,test,4325,DoS,1,0.087866,0.38338,KNOWN
UNSW-NB15,test,4326,Exploits,1,0.28391,0.38338,KNOWN
UNSW-NB15,test,4327,Exploits,1,0.06665,0.38338,KNOWN
UNSW-NB15,test,4328,Exploits,1,0.304897,0.38338,KNOWN
UNSW-NB15,test,4329,Normal,1,0.055299,0.38338,KNOWN
UNSW-NB15,test,4330,Normal,1,0.037054,0.38338,KNOWN
UNSW-NB15,test,4331,Fuzzers,1,0.336994,0.38338,KNOWN
UNSW-NB15,test,4332,Normal,1,0.01711,0.38338,KNOWN
UNSW-NB15,test,4333,Reconnaissance,1,0.126513,0.38338,KNOWN
UNSW-NB15,test,4334,Normal,1,0.244137,0.38338,KNOWN
UNSW-NB15,test,4335,Fuzzers,1,0.507575,0.38338,ZERO_DAY
UNSW-NB15,test,4336,Normal,1,0.114844,0.38338,KNOWN
UNSW-NB15,test,4337,Normal,1,0.099356,0.38338,KNOWN
UNSW-NB15,test,4338,Normal,1,0.108472,0.38338,KNOWN
UNSW-NB15,test,4339,Exploits,1,0.314226,0.38338,KNOWN
UNSW-NB15,test,4340,Normal,1,0.217605,0.38338,KNOWN
UNSW-NB15,test,4341,Exploits,1,0.274614,0.38338,KNOWN
UNSW-NB15,test,4342,Fuzzers,1,0.00884,0.38338,KNOWN
UNSW-NB15,test,4343,Reconnaissance,1,0.011963,0.38338,KNOWN
UNSW-NB15,test,4344,Fuzzers,1,0.439834,0.38338,ZERO_DAY
UNSW-NB15,test,4345,Fuzzers,1,0.283445,0.38338,KNOWN
UNSW-NB15,test,4346,Fuzzers,1,0.283756,0.38338,KNOWN
UNSW-NB15,test,4347,Normal,1,0.201483,0.38338,KNOWN
UNSW-NB15,test,4348,Reconnaissance,1,0.120902,0.38338,KNOWN
UNSW-NB15,test,4349,Normal,1,0.247137,0.38338,KNOWN
UNSW-NB15,test,4350,Exploits,1,0.160658,0.38338,KNOWN
UNSW-NB15,test,4351,Exploits,1,0.339868,0.38338,KNOWN
UNSW-NB15,test,4352,Normal,1,0.090885,0.38338,KNOWN
UNSW-NB15,test,4353,Fuzzers,1,0.021045,0.38338,KNOWN
UNSW-NB15,test,4354,Exploits,1,0.060904,0.38338,KNOWN
UNSW-NB15,test,4355,Normal,1,0.169148,0.38338,KNOWN
UNSW-NB15,test,4356,Exploits,1,0.038944,0.38338,KNOWN
UNSW-NB15,test,4357,Fuzzers,1,0.250434,0.38338,KNOWN
UNSW-NB15,test,4358,Fuzzers,1,0.394107,0.38338,ZERO_DAY
UNSW-NB15,test,4359,Normal,1,0.070556,0.38338,KNOWN
UNSW-NB15,test,4360,Normal,1,0.015439,0.38338,KNOWN
UNSW-NB15,test,4361,Fuzzers,1,0.428078,0.38338,ZERO_DAY
UNSW-NB15,test,4362,Exploits,1,0.076528,0.38338,KNOWN
UNSW-NB15,test,4363,Normal,1,0.083193,0.38338,KNOWN
UNSW-NB15,test,4364,DoS,1,0.172229,0.38338,KNOWN
UNSW-NB15,test,4365,Normal,1,0.094633,0.38338,KNOWN
UNSW-NB15,test,4366,Normal,1,0.229061,0.38338,KNOWN
UNSW-NB15,test,4367,Normal,1,0.054189,0.38338,KNOWN
UNSW-NB15,test,4368,Fuzzers,1,0.136702,0.38338,KNOWN
UNSW-NB15,test,4369,Exploits,1,0.169336,0.38338,KNOWN
UNSW-NB15,test,4370,Exploits,1,0.197404,0.38338,KNOWN
UNSW-NB15,test,4371,Normal,1,0.367986,0.38338,KNOWN
UNSW-NB15,test,4372,Fuzzers,1,0.136652,0.38338,KNOWN
UNSW-NB15,test,4373,Normal,1,0.091762,0.38338,KNOWN
UNSW-NB15,test,4374,Normal,1,0.263916,0.38338,KNOWN
UNSW-NB15,test,4375,Fuzzers,1,0.163328,0.38338,KNOWN
UNSW-NB15,test,4376,Normal,1,0.101903,0.38338,KNOWN
UNSW-NB15,test,4377,Normal,1,0.180584,0.38338,KNOWN
UNSW-NB15,test,4378,Normal,1,0.251653,0.38338,KNOWN
UNSW-NB15,test,4379,Normal,1,0.164904,0.38338,KNOWN
UNSW-NB15,test,4380,Fuzzers,1,0.054454,0.38338,KNOWN
UNSW-NB15,test,4381,Normal,1,0.213928,0.38338,KNOWN
UNSW-NB15,test,4382,Fuzzers,1,0.09813,0.38338,KNOWN
UNSW-NB15,test,4383,Normal,1,0.078616,0.38338,KNOWN
UNSW-NB15,test,4384,Exploits,1,0.167566,0.38338,KNOWN
UNSW-NB15,test,4385,Normal,1,0.127961,0.38338,KNOWN
UNSW-NB15,test,4386,Normal,1,0.164375,0.38338,KNOWN
UNSW-NB15,test,4387,Normal,1,0.026983,0.38338,KNOWN
UNSW-NB15,test,4388,Exploits,1,0.105054,0.38338,KNOWN
UNSW-NB15,test,4389,Reconnaissance,1,0.078174,0.38338,KNOWN
UNSW-NB15,test,4390,Normal,1,0.133271,0.38338,KNOWN
UNSW-NB15,test,4391,Normal,1,0.1507,0.38338,KNOWN
UNSW-NB15,test,4392,Reconnaissance,1,0.227969,0.38338,KNOWN
UNSW-NB15,test,4393,Reconnaissance,1,0.059867,0.38338,KNOWN
UNSW-NB15,test,4394,Fuzzers,1,0.110292,0.38338,KNOWN
UNSW-NB15,test,4395,Normal,1,0.295327,0.38338,KNOWN
UNSW-NB15,test,4396,Normal,1,0.110725,0.38338,KNOWN
UNSW-NB15,test,4397,Fuzzers,1,0.256493,0.38338,KNOWN
UNSW-NB15,test,4398,Exploits,1,0.216067,0.38338,KNOWN
UNSW-NB15,test,4399,Normal,1,0.21484,0.38338,KNOWN
UNSW-NB15,test,4400,Reconnaissance,1,0.184054,0.38338,KNOWN
UNSW-NB15,test,4401,Normal,1,0.305926,0.38338,KNOWN
UNSW-NB15,test,4402,Normal,1,0.105485,0.38338,KNOWN
UNSW-NB15,test,4403,Normal,1,0.218188,0.38338,KNOWN
UNSW-NB15,test,4404,Normal,1,0.106572,0.38338,KNOWN
UNSW-NB15,test,4405,Normal,1,0.293556,0.38338,KNOWN
UNSW-NB15,test,4406,Normal,1,0.280471,0.38338,KNOWN
UNSW-NB15,test,4407,Normal,1,0.315427,0.38338,KNOWN
UNSW-NB15,test,4408,Normal,1,0.289742,0.38338,KNOWN
UNSW-NB15,test,4409,Normal,1,0.066646,0.38338,KNOWN
UNSW-NB15,test,4410,Normal,1,0.074509,0.38338,KNOWN
UNSW-NB15,test,4411,Normal,1,0.105474,0.38338,KNOWN
UNSW-NB15,test,4412,Exploits,1,0.177492,0.38338,KNOWN
UNSW-NB15,test,4413,DoS,1,0.574086,0.38338,ZERO_DAY
UNSW-NB15,test,4414,Normal,1,0.3312,0.38338,KNOWN
UNSW-NB15,test,4415,Normal,1,0.139674,0.38338,KNOWN
UNSW-NB15,test,4416,Normal,1,0.199925,0.38338,KNOWN
UNSW-NB15,test,4417,Exploits,1,0.257434,0.38338,KNOWN
UNSW-NB15,test,4418,Normal,1,0.093455,0.38338,KNOWN
UNSW-NB15,test,4419,Normal,1,0.150701,0.38338,KNOWN
UNSW-NB15,test,4420,Normal,1,0.123516,0.38338,KNOWN
UNSW-NB15,test,4421,Normal,1,0.09507,0.38338,KNOWN
UNSW-NB15,test,4422,Normal,1,0.381439,0.38338,KNOWN
UNSW-NB15,test,4423,Fuzzers,1,0.049787,0.38338,KNOWN
UNSW-NB15,test,4424,Normal,1,0.131473,0.38338,KNOWN
UNSW-NB15,test,4425,Normal,1,0.102153,0.38338,KNOWN
UNSW-NB15,test,4426,Normal,1,0.279991,0.38338,KNOWN
UNSW-NB15,test,4427,Exploits,1,0.112561,0.38338,KNOWN
UNSW-NB15,test,4428,Normal,1,0.155983,0.38338,KNOWN
UNSW-NB15,test,4429,Normal,1,0.219023,0.38338,KNOWN
UNSW-NB15,test,4430,Exploits,1,0.122681,0.38338,KNOWN
UNSW-NB15,test,4431,Exploits,1,0.283839,0.38338,KNOWN
UNSW-NB15,test,4432,Normal,1,0.277914,0.38338,KNOWN
UNSW-NB15,test,4433,Normal,1,0.191945,0.38338,KNOWN
UNSW-NB15,test,4434,Fuzzers,1,0.155516,0.38338,KNOWN
UNSW-NB15,test,4435,Normal,1,0.046652,0.38338,KNOWN
UNSW-NB15,test,4436,Normal,1,0.168934,0.38338,KNOWN
UNSW-NB15,test,4437,Fuzzers,1,0.189977,0.38338,KNOWN
UNSW-NB15,test,4438,Exploits,1,0.012022,0.38338,KNOWN
UNSW-NB15,test,4439,Normal,1,0.180564,0.38338,KNOWN
UNSW-NB15,test,4440,Normal,1,0.218406,0.38338,KNOWN
UNSW-NB15,test,4441,Fuzzers,1,0.118147,0.38338,KNOWN
UNSW-NB15,test,4442,Normal,1,0.128113,0.38338,KNOWN
UNSW-NB15,test,4443,Normal,1,0.033118,0.38338,KNOWN
UNSW-NB15,test,4444,Exploits,1,0.016565,0.38338,KNOWN
UNSW-NB15,test,4445,Exploits,1,0.118178,0.38338,KNOWN
UNSW-NB15,test,4446,Normal,1,0.135665,0.38338,KNOWN
UNSW-NB15,test,4447,Fuzzers,1,0.156234,0.38338,KNOWN
UNSW-NB15,test,4448,Normal,1,0.324395,0.38338,KNOWN
UNSW-NB15,test,4449,Normal,1,0.117175,0.38338,KNOWN
UNSW-NB15,test,4450,Exploits,1,0.312699,0.38338,KNOWN
UNSW-NB15,test,4451,Normal,1,0.451858,0.38338,ZERO_DAY
UNSW-NB15,test,4452,Normal,1,0.394261,0.38338,ZERO_DAY
UNSW-NB15,test,4453,Normal,1,0.31811,0.38338,KNOWN
UNSW-NB15,test,4454,Normal,1,0.065111,0.38338,KNOWN
UNSW-NB15,test,4455,Normal,1,0.293283,0.38338,KNOWN
UNSW-NB15,test,4456,Normal,1,0.340827,0.38338,KNOWN
UNSW-NB15,test,4457,Exploits,1,0.026912,0.38338,KNOWN
UNSW-NB15,test,4458,Normal,1,0.177629,0.38338,KNOWN
UNSW-NB15,test,4459,DoS,1,0.120952,0.38338,KNOWN
UNSW-NB15,test,4460,Normal,1,0.105207,0.38338,KNOWN
UNSW-NB15,test,4461,Normal,1,0.120706,0.38338,KNOWN
UNSW-NB15,test,4462,Reconnaissance,1,0.187614,0.38338,KNOWN
UNSW-NB15,test,4463,Exploits,1,0.304462,0.38338,KNOWN
UNSW-NB15,test,4464,Normal,1,0.217041,0.38338,KNOWN
UNSW-NB15,test,4465,Fuzzers,1,0.094537,0.38338,KNOWN
UNSW-NB15,test,4466,Normal,1,0.144938,0.38338,KNOWN
UNSW-NB15,test,4467,Normal,1,0.246928,0.38338,KNOWN
UNSW-NB15,test,4468,Exploits,1,0.18142,0.38338,KNOWN
UNSW-NB15,test,4469,Normal,1,0.156758,0.38338,KNOWN
UNSW-NB15,test,4470,Normal,1,0.251965,0.38338,KNOWN
UNSW-NB15,test,4471,Exploits,1,0.027359,0.38338,KNOWN
UNSW-NB15,test,4472,Reconnaissance,1,0.140052,0.38338,KNOWN
UNSW-NB15,test,4473,Fuzzers,1,0.19321,0.38338,KNOWN
UNSW-NB15,test,4474,Normal,1,0.047202,0.38338,KNOWN
UNSW-NB15,test,4475,Fuzzers,1,0.129399,0.38338,KNOWN
UNSW-NB15,test,4476,Normal,1,0.183674,0.38338,KNOWN
UNSW-NB15,test,4477,Exploits,1,0.136519,0.38338,KNOWN
UNSW-NB15,test,4478,Normal,1,0.030254,0.38338,KNOWN
UNSW-NB15,test,4479,Normal,1,0.059982,0.38338,KNOWN
UNSW-NB15,test,4480,Normal,1,0.078607,0.38338,KNOWN
UNSW-NB15,test,4481,Normal,1,0.13904,0.38338,KNOWN
UNSW-NB15,test,4482,Normal,1,0.307646,0.38338,KNOWN
UNSW-NB15,test,4483,Fuzzers,1,0.202558,0.38338,KNOWN
UNSW-NB15,test,4484,Normal,1,0.184021,0.38338,KNOWN
UNSW-NB15,test,4485,DoS,1,0.211499,0.38338,KNOWN
UNSW-NB15,test,4486,Fuzzers,1,0.177776,0.38338,KNOWN
UNSW-NB15,test,4487,Normal,1,0.165377,0.38338,KNOWN
UNSW-NB15,test,4488,Fuzzers,1,0.054248,0.38338,KNOWN
UNSW-NB15,test,4489,Normal,1,0.066878,0.38338,KNOWN
UNSW-NB15,test,4490,Exploits,1,0.246365,0.38338,KNOWN
UNSW-NB15,test,4491,Exploits,1,0.257757,0.38338,KNOWN
UNSW-NB15,test,4492,Exploits,1,0.080132,0.38338,KNOWN
UNSW-NB15,test,4493,Normal,1,0.162071,0.38338,KNOWN
UNSW-NB15,test,4494,Normal,1,0.212036,0.38338,KNOWN
UNSW-NB15,test,4495,Normal,1,0.104022,0.38338,KNOWN
UNSW-NB15,test,4496,Normal,1,0.109364,0.38338,KNOWN
UNSW-NB15,test,4497,Normal,1,0.241403,0.38338,KNOWN
UNSW-NB15,test,4498,Exploits,1,0.121826,0.38338,KNOWN
UNSW-NB15,test,4499,Normal,1,0.018254,0.38338,KNOWN
UNSW-NB15,test,4500,Normal,1,0.11692,0.38338,KNOWN
UNSW-NB15,test,4501,Fuzzers,1,0.139632,0.38338,KNOWN
UNSW-NB15,test,4502,Exploits,1,0.037412,0.38338,KNOWN
UNSW-NB15,test,4503,Exploits,1,0.183798,0.38338,KNOWN
UNSW-NB15,test,4504,Normal,1,0.199043,0.38338,KNOWN
UNSW-NB15,test,4505,Normal,1,0.291866,0.38338,KNOWN
UNSW-NB15,test,4506,Normal,1,0.097833,0.38338,KNOWN
UNSW-NB15,test,4507,Exploits,1,0.233574,0.38338,KNOWN
UNSW-NB15,test,4508,Normal,1,0.065256,0.38338,KNOWN
UNSW-NB15,test,4509,Fuzzers,1,0.135981,0.38338,KNOWN
UNSW-NB15,test,4510,Exploits,1,0.172031,0.38338,KNOWN
UNSW-NB15,test,4511,Normal,1,0.02331,0.38338,KNOWN
UNSW-NB15,test,4512,Normal,1,0.17624,0.38338,KNOWN
UNSW-NB15,test,4513,Normal,1,0.086246,0.38338,KNOWN
UNSW-NB15,test,4514,DoS,1,0.049469,0.38338,KNOWN
UNSW-NB15,test,4515,Fuzzers,1,0.212591,0.38338,KNOWN
UNSW-NB15,test,4516,DoS,1,0.409884,0.38338,ZERO_DAY
UNSW-NB15,test,4517,Exploits,1,0.099697,0.38338,KNOWN
UNSW-NB15,test,4518,Exploits,1,0.055849,0.38338,KNOWN
UNSW-NB15,test,4519,Exploits,1,0.227051,0.38338,KNOWN
UNSW-NB15,test,4520,Normal,1,0.118213,0.38338,KNOWN
UNSW-NB15,test,4521,Exploits,1,0.09467,0.38338,KNOWN
UNSW-NB15,test,4522,Fuzzers,1,0.115443,0.38338,KNOWN
UNSW-NB15,test,4523,Normal,1,0.447024,0.38338,ZERO_DAY
UNSW-NB15,test,4524,Normal,1,0.447794,0.38338,ZERO_DAY
UNSW-NB15,test,4525,Backdoor,1,0.348485,0.38338,KNOWN
UNSW-NB15,test,4526,Exploits,1,0.094512,0.38338,KNOWN
UNSW-NB15,test,4527,Normal,1,0.202506,0.38338,KNOWN
UNSW-NB15,test,4528,Normal,1,0.086443,0.38338,KNOWN
UNSW-NB15,test,4529,Fuzzers,1,0.388103,0.38338,ZERO_DAY
UNSW-NB15,test,4530,Normal,1,0.280218,0.38338,KNOWN
UNSW-NB15,test,4531,Normal,1,0.168287,0.38338,KNOWN
UNSW-NB15,test,4532,Normal,1,0.149178,0.38338,KNOWN
UNSW-NB15,test,4533,Normal,1,0.088274,0.38338,KNOWN
UNSW-NB15,test,4534,Normal,1,0.291794,0.38338,KNOWN
UNSW-NB15,test,4535,Fuzzers,1,0.108954,0.38338,KNOWN
UNSW-NB15,test,4536,Normal,1,0.201238,0.38338,KNOWN
UNSW-NB15,test,4537,Normal,1,0.199084,0.38338,KNOWN
UNSW-NB15,test,4538,Exploits,1,0.158423,0.38338,KNOWN
UNSW-NB15,test,4539,Exploits,1,0.206398,0.38338,KNOWN
UNSW-NB15,test,4540,Exploits,1,0.103726,0.38338,KNOWN
UNSW-NB15,test,4541,Normal,1,0.240409,0.38338,KNOWN
UNSW-NB15,test,4542,Normal,1,0.26935,0.38338,KNOWN
UNSW-NB15,test,4543,Normal,1,0.256712,0.38338,KNOWN
UNSW-NB15,test,4544,Exploits,1,0.129825,0.38338,KNOWN
UNSW-NB15,test,4545,Fuzzers,1,0.357543,0.38338,KNOWN
UNSW-NB15,test,4546,Fuzzers,1,0.347676,0.38338,KNOWN
UNSW-NB15,test,4547,Normal,1,0.225028,0.38338,KNOWN
UNSW-NB15,test,4548,Normal,1,0.08273,0.38338,KNOWN
UNSW-NB15,test,4549,Fuzzers,1,0.290642,0.38338,KNOWN
UNSW-NB15,test,4550,Normal,1,0.178961,0.38338,KNOWN
UNSW-NB15,test,4551,Fuzzers,1,0.088784,0.38338,KNOWN
UNSW-NB15,test,4552,Fuzzers,1,0.165456,0.38338,KNOWN
UNSW-NB15,test,4553,Normal,1,0.091977,0.38338,KNOWN
UNSW-NB15,test,4554,DoS,1,0.141583,0.38338,KNOWN
UNSW-NB15,test,4555,Normal,1,0.349346,0.38338,KNOWN
UNSW-NB15,test,4556,Normal,1,0.099478,0.38338,KNOWN
UNSW-NB15,test,4557,Exploits,1,0.412772,0.38338,ZERO_DAY
UNSW-NB15,test,4558,Normal,1,0.308294,0.38338,KNOWN
UNSW-NB15,test,4559,Normal,1,0.405242,0.38338,ZERO_DAY
UNSW-NB15,test,4560,Normal,1,0.172377,0.38338,KNOWN
UNSW-NB15,test,4561,Normal,1,0.266735,0.38338,KNOWN
UNSW-NB15,test,4562,Normal,1,0.251693,0.38338,KNOWN
UNSW-NB15,test,4563,Normal,1,0.157999,0.38338,KNOWN
UNSW-NB15,test,4564,Exploits,1,0.142728,0.38338,KNOWN
UNSW-NB15,test,4565,Normal,1,0.187466,0.38338,KNOWN
UNSW-NB15,test,4566,Exploits,1,0.08837,0.38338,KNOWN
UNSW-NB15,test,4567,Fuzzers,1,0.230833,0.38338,KNOWN
UNSW-NB15,test,4568,Normal,1,0.200941,0.38338,KNOWN
UNSW-NB15,test,4569,Fuzzers,1,0.332214,0.38338,KNOWN
UNSW-NB15,test,4570,Normal,1,0.325668,0.38338,KNOWN
UNSW-NB15,test,4571,Exploits,1,0.132863,0.38338,KNOWN
UNSW-NB15,test,4572,Fuzzers,1,0.042434,0.38338,KNOWN
UNSW-NB15,test,4573,Normal,1,0.05017,0.38338,KNOWN
UNSW-NB15,test,4574,Exploits,1,0.063516,0.38338,KNOWN
UNSW-NB15,test,4575,Normal,1,0.11112,0.38338,KNOWN
UNSW-NB15,test,4576,Normal,1,0.031062,0.38338,KNOWN
UNSW-NB15,test,4577,Normal,1,0.083539,0.38338,KNOWN
UNSW-NB15,test,4578,Generic,1,0.178299,0.38338,KNOWN
UNSW-NB15,test,4579,Normal,1,0.292701,0.38338,KNOWN
UNSW-NB15,test,4580,Reconnaissance,1,0.090394,0.38338,KNOWN
UNSW-NB15,test,4581,Normal,1,0.171173,0.38338,KNOWN
UNSW-NB15,test,4582,Normal,1,0.041981,0.38338,KNOWN
UNSW-NB15,test,4583,Normal,1,0.234505,0.38338,KNOWN
UNSW-NB15,test,4584,Normal,1,0.359095,0.38338,KNOWN
UNSW-NB15,test,4585,Normal,1,0.155957,0.38338,KNOWN
UNSW-NB15,test,4586,Normal,1,0.113676,0.38338,KNOWN
UNSW-NB15,test,4587,Normal,1,0.200264,0.38338,KNOWN
UNSW-NB15,test,4588,Fuzzers,1,0.220704,0.38338,KNOWN
UNSW-NB15,test,4589,Normal,1,0.062737,0.38338,KNOWN
UNSW-NB15,test,4590,Normal,1,0.119991,0.38338,KNOWN
UNSW-NB15,test,4591,Exploits,1,0.086045,0.38338,KNOWN
UNSW-NB15,test,4592,Normal,1,0.324987,0.38338,KNOWN
UNSW-NB15,test,4593,Normal,1,0.40327,0.38338,ZERO_DAY
UNSW-NB15,test,4594,Fuzzers,1,0.216761,0.38338,KNOWN
UNSW-NB15,test,4595,Exploits,1,0.455078,0.38338,ZERO_DAY
UNSW-NB15,test,4596,Exploits,1,0.041211,0.38338,KNOWN
UNSW-NB15,test,4597,Normal,1,0.326017,0.38338,KNOWN
UNSW-NB15,test,4598,Exploits,1,0.331108,0.38338,KNOWN
UNSW-NB15,test,4599,Exploits,1,0.377037,0.38338,KNOWN
UNSW-NB15,test,4600,Normal,1,0.098536,0.38338,KNOWN
UNSW-NB15,test,4601,Normal,1,0.439409,0.38338,ZERO_DAY
UNSW-NB15,test,4602,Normal,1,0.223163,0.38338,KNOWN
UNSW-NB15,test,4603,Normal,1,0.099767,0.38338,KNOWN
UNSW-NB15,test,4604,Normal,1,0.153615,0.38338,KNOWN
UNSW-NB15,test,4605,Reconnaissance,1,0.356028,0.38338,KNOWN
UNSW-NB15,test,4606,Normal,1,0.107318,0.38338,KNOWN
UNSW-NB15,test,4607,Normal,1,0.260112,0.38338,KNOWN
UNSW-NB15,test,4608,Normal,1,0.195756,0.38338,KNOWN
UNSW-NB15,test,4609,Normal,1,0.104803,0.38338,KNOWN
UNSW-NB15,test,4610,Normal,1,0.314523,0.38338,KNOWN
UNSW-NB15,test,4611,Normal,1,0.329801,0.38338,KNOWN
UNSW-NB15,test,4612,Exploits,1,0.202527,0.38338,KNOWN
UNSW-NB15,test,4613,Normal,1,0.021558,0.38338,KNOWN
UNSW-NB15,test,4614,Normal,1,0.079061,0.38338,KNOWN
UNSW-NB15,test,4615,Normal,1,0.216985,0.38338,KNOWN
UNSW-NB15,test,4616,Normal,1,0.050582,0.38338,KNOWN
UNSW-NB15,test,4617,Normal,1,0.017169,0.38338,KNOWN
UNSW-NB15,test,4618,Exploits,1,0.267548,0.38338,KNOWN
UNSW-NB15,test,4619,Fuzzers,1,0.033789,0.38338,KNOWN
UNSW-NB15,test,4620,Exploits,1,0.191561,0.38338,KNOWN
UNSW-NB15,test,4621,Exploits,1,0.30662,0.38338,KNOWN
UNSW-NB15,test,4622,Normal,1,0.035893,0.38338,KNOWN
UNSW-NB15,test,4623,Normal,1,0.247702,0.38338,KNOWN
UNSW-NB15,test,4624,Reconnaissance,1,0.273363,0.38338,KNOWN
UNSW-NB15,test,4625,Normal,1,0.1242,0.38338,KNOWN
UNSW-NB15,test,4626,Normal,1,0.201844,0.38338,KNOWN
UNSW-NB15,test,4627,Normal,1,0.1726,0.38338,KNOWN
UNSW-NB15,test,4628,Normal,1,0.228298,0.38338,KNOWN
UNSW-NB15,test,4629,Normal,1,0.347769,0.38338,KNOWN
UNSW-NB15,test,4630,Normal,1,0.353809,0.38338,KNOWN
UNSW-NB15,test,4631,Normal,1,0.215499,0.38338,KNOWN
UNSW-NB15,test,4632,Exploits,1,0.416072,0.38338,ZERO_DAY
UNSW-NB15,test,4633,Exploits,1,0.031971,0.38338,KNOWN
UNSW-NB15,test,4634,Normal,1,0.035825,0.38338,KNOWN
UNSW-NB15,test,4635,Normal,1,0.128277,0.38338,KNOWN
UNSW-NB15,test,4636,Normal,1,0.177203,0.38338,KNOWN
UNSW-NB15,test,4637,Normal,1,0.503361,0.38338,ZERO_DAY
UNSW-NB15,test,4638,Exploits,1,0.128263,0.38338,KNOWN
UNSW-NB15,test,4639,Normal,1,0.259326,0.38338,KNOWN
UNSW-NB15,test,4640,Normal,1,0.196537,0.38338,KNOWN
UNSW-NB15,test,4641,Normal,1,0.185404,0.38338,KNOWN
UNSW-NB15,test,4642,Normal,1,0.016046,0.38338,KNOWN
UNSW-NB15,test,4643,Normal,1,0.241904,0.38338,KNOWN
UNSW-NB15,test,4644,Exploits,1,0.162058,0.38338,KNOWN
UNSW-NB15,test,4645,Exploits,1,0.275758,0.38338,KNOWN
UNSW-NB15,test,4646,Exploits,1,0.131141,0.38338,KNOWN
UNSW-NB15,test,4647,Reconnaissance,1,0.264085,0.38338,KNOWN
UNSW-NB15,test,4648,Reconnaissance,1,0.068454,0.38338,KNOWN
UNSW-NB15,test,4649,Normal,1,0.16114,0.38338,KNOWN
UNSW-NB15,test,4650,Reconnaissance,1,0.107588,0.38338,KNOWN
UNSW-NB15,test,4651,Exploits,1,0.175697,0.38338,KNOWN
UNSW-NB15,test,4652,Reconnaissance,1,0.209496,0.38338,KNOWN
UNSW-NB15,test,4653,Normal,1,0.259701,0.38338,KNOWN
UNSW-NB15,test,4654,Normal,1,0.355483,0.38338,KNOWN
UNSW-NB15,test,4655,Fuzzers,1,0.091788,0.38338,KNOWN
UNSW-NB15,test,4656,Exploits,1,0.055841,0.38338,KNOWN
UNSW-NB15,test,4657,DoS,1,0.217328,0.38338,KNOWN
UNSW-NB15,test,4658,Normal,1,0.289154,0.38338,KNOWN
UNSW-NB15,test,4659,Exploits,1,0.291857,0.38338,KNOWN
UNSW-NB15,test,4660,Exploits,1,0.217578,0.38338,KNOWN
UNSW-NB15,test,4661,Normal,1,0.076415,0.38338,KNOWN
UNSW-NB15,test,4662,Exploits,1,0.153455,0.38338,KNOWN
UNSW-NB15,test,4663,Exploits,1,0.078508,0.38338,KNOWN
UNSW-NB15,test,4664,Fuzzers,1,0.34477,0.38338,KNOWN
UNSW-NB15,test,4665,Normal,1,0.276247,0.38338,KNOWN
UNSW-NB15,test,4666,Normal,1,0.270563,0.38338,KNOWN
UNSW-NB15,test,4667,Normal,1,0.087467,0.38338,KNOWN
UNSW-NB15,test,4668,Normal,1,0.297431,0.38338,KNOWN
UNSW-NB15,test,4669,Normal,1,0.054807,0.38338,KNOWN
UNSW-NB15,test,4670,Fuzzers,1,0.067126,0.38338,KNOWN
UNSW-NB15,test,4671,Normal,1,0.146959,0.38338,KNOWN
UNSW-NB15,test,4672,Normal,1,0.057898,0.38338,KNOWN
UNSW-NB15,test,4673,Exploits,1,0.088383,0.38338,KNOWN
UNSW-NB15,test,4674,Normal,1,0.214155,0.38338,KNOWN
UNSW-NB15,test,4675,Exploits,1,0.306902,0.38338,KNOWN
UNSW-NB15,test,4676,Exploits,1,0.036474,0.38338,KNOWN
UNSW-NB15,test,4677,Normal,1,0.15802,0.38338,KNOWN
UNSW-NB15,test,4678,Reconnaissance,1,0.082156,0.38338,KNOWN
UNSW-NB15,test,4679,Normal,1,0.360198,0.38338,KNOWN
UNSW-NB15,test,4680,Normal,1,0.304044,0.38338,KNOWN
UNSW-NB15,test,4681,Normal,1,0.172172,0.38338,KNOWN
UNSW-NB15,test,4682,Analysis,1,0.084554,0.38338,KNOWN
UNSW-NB15,test,4683,Normal,1,0.112173,0.38338,KNOWN
UNSW-NB15,test,4684,Normal,1,0.1557,0.38338,KNOWN
UNSW-NB15,test,4685,Fuzzers,1,0.240084,0.38338,KNOWN
UNSW-NB15,test,4686,Normal,1,0.081796,0.38338,KNOWN
UNSW-NB15,test,4687,Exploits,1,0.199906,0.38338,KNOWN
UNSW-NB15,test,4688,Reconnaissance,1,0.327005,0.38338,KNOWN
UNSW-NB15,test,4689,Normal,1,0.341022,0.38338,KNOWN
UNSW-NB15,test,4690,Normal,1,0.035765,0.38338,KNOWN
UNSW-NB15,test,4691,Exploits,1,0.158761,0.38338,KNOWN
UNSW-NB15,test,4692,Fuzzers,1,0.090016,0.38338,KNOWN
UNSW-NB15,test,4693,Normal,1,0.104289,0.38338,KNOWN
UNSW-NB15,test,4694,Normal,1,0.226958,0.38338,KNOWN
UNSW-NB15,test,4695,Normal,1,0.106901,0.38338,KNOWN
UNSW-NB15,test,4696,Normal,1,0.085603,0.38338,KNOWN
UNSW-NB15,test,4697,Normal,1,0.232052,0.38338,KNOWN
UNSW-NB15,test,4698,Exploits,1,0.176889,0.38338,KNOWN
UNSW-NB15,test,4699,Normal,1,0.010012,0.38338,KNOWN
UNSW-NB15,test,4700,Normal,1,0.328055,0.38338,KNOWN
UNSW-NB15,test,4701,Normal,1,0.288664,0.38338,KNOWN
UNSW-NB15,test,4702,Exploits,1,0.126756,0.38338,KNOWN
UNSW-NB15,test,4703,Fuzzers,1,0.176476,0.38338,KNOWN
UNSW-NB15,test,4704,Normal,1,0.059439,0.38338,KNOWN
UNSW-NB15,test,4705,Normal,1,0.043782,0.38338,KNOWN
UNSW-NB15,test,4706,Fuzzers,1,0.17864,0.38338,KNOWN
UNSW-NB15,test,4707,Normal,1,0.30929,0.38338,KNOWN
UNSW-NB15,test,4708,Reconnaissance,1,0.14282,0.38338,KNOWN
UNSW-NB15,test,4709,Fuzzers,1,0.072222,0.38338,KNOWN
UNSW-NB15,test,4710,Normal,1,0.26472,0.38338,KNOWN
UNSW-NB15,test,4711,Normal,1,0.36515,0.38338,KNOWN
UNSW-NB15,test,4712,Exploits,1,0.163211,0.38338,KNOWN
UNSW-NB15,test,4713,Normal,1,0.084958,0.38338,KNOWN
UNSW-NB15,test,4714,Normal,1,0.122928,0.38338,KNOWN
UNSW-NB15,test,4715,Reconnaissance,1,0.223842,0.38338,KNOWN
UNSW-NB15,test,4716,Normal,1,0.309566,0.38338,KNOWN
UNSW-NB15,test,4717,Exploits,1,0.299106,0.38338,KNOWN
UNSW-NB15,test,4718,Normal,1,0.259202,0.38338,KNOWN
UNSW-NB15,test,4719,Fuzzers,1,0.096022,0.38338,KNOWN
UNSW-NB15,test,4720,Normal,1,0.167703,0.38338,KNOWN
UNSW-NB15,test,4721,Normal,1,0.15967,0.38338,KNOWN
UNSW-NB15,test,4722,Exploits,1,0.264932,0.38338,KNOWN
UNSW-NB15,test,4723,Exploits,1,0.105778,0.38338,KNOWN
UNSW-NB15,test,4724,Normal,1,0.225195,0.38338,KNOWN
UNSW-NB15,test,4725,Normal,1,0.24807,0.38338,KNOWN
UNSW-NB15,test,4726,Normal,1,0.235738,0.38338,KNOWN
UNSW-NB15,test,4727,Normal,1,0.151082,0.38338,KNOWN
UNSW-NB15,test,4728,Normal,1,0.073712,0.38338,KNOWN
UNSW-NB15,test,4729,Normal,1,0.146042,0.38338,KNOWN
UNSW-NB15,test,4730,Fuzzers,1,0.157352,0.38338,KNOWN
UNSW-NB15,test,4731,Reconnaissance,1,0.257365,0.38338,KNOWN
UNSW-NB15,test,4732,Reconnaissance,1,0.473775,0.38338,ZERO_DAY
UNSW-NB15,test,4733,Normal,1,0.060714,0.38338,KNOWN
UNSW-NB15,test,4734,Normal,1,0.16296,0.38338,KNOWN
UNSW-NB15,test,4735,Normal,1,0.135059,0.38338,KNOWN
UNSW-NB15,test,4736,Fuzzers,1,0.290318,0.38338,KNOWN
UNSW-NB15,test,4737,Normal,1,0.049519,0.38338,KNOWN
UNSW-NB15,test,4738,Normal,1,0.202643,0.38338,KNOWN
UNSW-NB15,test,4739,Reconnaissance,1,0.224792,0.38338,KNOWN
UNSW-NB15,test,4740,Normal,1,0.186389,0.38338,KNOWN
UNSW-NB15,test,4741,Exploits,1,0.186849,0.38338,KNOWN
UNSW-NB15,test,4742,Normal,1,0.16162,0.38338,KNOWN
UNSW-NB15,test,4743,Normal,1,0.100577,0.38338,KNOWN
UNSW-NB15,test,4744,Normal,1,0.207472,0.38338,KNOWN
UNSW-NB15,test,4745,Normal,1,0.063496,0.38338,KNOWN
UNSW-NB15,test,4746,Normal,1,0.179062,0.38338,KNOWN
UNSW-NB15,test,4747,Fuzzers,1,0.090539,0.38338,KNOWN
UNSW-NB15,test,4748,Normal,1,0.0324,0.38338,KNOWN
UNSW-NB15,test,4749,Normal,1,0.178806,0.38338,KNOWN
UNSW-NB15,test,4750,DoS,1,0.045147,0.38338,KNOWN
UNSW-NB15,test,4751,Normal,1,0.315707,0.38338,KNOWN
UNSW-NB15,test,4752,Reconnaissance,1,0.318481,0.38338,KNOWN
UNSW-NB15,test,4753,Normal,1,0.082853,0.38338,KNOWN
UNSW-NB15,test,4754,Normal,1,0.203652,0.38338,KNOWN
UNSW-NB15,test,4755,Exploits,1,0.085236,0.38338,KNOWN
UNSW-NB15,test,4756,Normal,1,0.108211,0.38338,KNOWN
UNSW-NB15,test,4757,Normal,1,0.320348,0.38338,KNOWN
UNSW-NB15,test,4758,Normal,1,0.146506,0.38338,KNOWN
UNSW-NB15,test,4759,Normal,1,0.107015,0.38338,KNOWN
UNSW-NB15,test,4760,Normal,1,0.234492,0.38338,KNOWN
UNSW-NB15,test,4761,Exploits,1,0.32545,0.38338,KNOWN
UNSW-NB15,test,4762,Exploits,1,0.107675,0.38338,KNOWN
UNSW-NB15,test,4763,Normal,1,0.153013,0.38338,KNOWN
UNSW-NB15,test,4764,Normal,1,0.29435,0.38338,KNOWN
UNSW-NB15,test,4765,Reconnaissance,1,0.087521,0.38338,KNOWN
UNSW-NB15,test,4766,Reconnaissance,1,0.099704,0.38338,KNOWN
UNSW-NB15,test,4767,Fuzzers,1,0.221221,0.38338,KNOWN
UNSW-NB15,test,4768,Normal,1,0.421265,0.38338,ZERO_DAY
UNSW-NB15,test,4769,Normal,1,0.257739,0.38338,KNOWN
UNSW-NB15,test,4770,Exploits,1,0.167377,0.38338,KNOWN
UNSW-NB15,test,4771,Normal,1,0.112085,0.38338,KNOWN
UNSW-NB15,test,4772,Normal,1,0.270764,0.38338,KNOWN
UNSW-NB15,test,4773,Exploits,1,0.202914,0.38338,KNOWN
UNSW-NB15,test,4774,Normal,1,0.113684,0.38338,KNOWN
UNSW-NB15,test,4775,Normal,1,0.11999,0.38338,KNOWN
UNSW-NB15,test,4776,Reconnaissance,1,0.108075,0.38338,KNOWN
UNSW-NB15,test,4777,Exploits,1,0.385453,0.38338,ZERO_DAY
UNSW-NB15,test,4778,Exploits,1,0.260053,0.38338,KNOWN
UNSW-NB15,test,4779,Normal,1,0.186998,0.38338,KNOWN
UNSW-NB15,test,4780,Normal,1,0.238812,0.38338,KNOWN
UNSW-NB15,test,4781,Exploits,1,0.119296,0.38338,KNOWN
UNSW-NB15,test,4782,Fuzzers,1,0.184271,0.38338,KNOWN
UNSW-NB15,test,4783,Normal,1,0.054614,0.38338,KNOWN
UNSW-NB15,test,4784,Exploits,1,0.172758,0.38338,KNOWN
UNSW-NB15,test,4785,Fuzzers,1,0.314488,0.38338,KNOWN
UNSW-NB15,test,4786,Exploits,1,0.175977,0.38338,KNOWN
UNSW-NB15,test,4787,Normal,1,0.251236,0.38338,KNOWN
UNSW-NB15,test,4788,Normal,1,0.149681,0.38338,KNOWN
UNSW-NB15,test,4789,Normal,1,0.213152,0.38338,KNOWN
UNSW-NB15,test,4790,Normal,1,0.223059,0.38338,KNOWN
UNSW-NB15,test,4791,Normal,1,0.199415,0.38338,KNOWN
UNSW-NB15,test,4792,Normal,1,0.207034,0.38338,KNOWN
UNSW-NB15,test,4793,Normal,1,0.138881,0.38338,KNOWN
UNSW-NB15,test,4794,Exploits,1,0.167585,0.38338,KNOWN
UNSW-NB15,test,4795,Generic,1,0.101994,0.38338,KNOWN
UNSW-NB15,test,4796,Normal,1,0.308867,0.38338,KNOWN
UNSW-NB15,test,4797,Normal,1,0.22415,0.38338,KNOWN
UNSW-NB15,test,4798,Fuzzers,1,0.076926,0.38338,KNOWN
UNSW-NB15,test,4799,Normal,1,0.281978,0.38338,KNOWN
UNSW-NB15,test,4800,Exploits,1,0.141075,0.38338,KNOWN
UNSW-NB15,test,4801,Normal,1,0.400919,0.38338,ZERO_DAY
UNSW-NB15,test,4802,Exploits,1,0.144889,0.38338,KNOWN
UNSW-NB15,test,4803,Normal,1,0.216894,0.38338,KNOWN
UNSW-NB15,test,4804,Exploits,1,0.130804,0.38338,KNOWN
UNSW-NB15,test,4805,Normal,1,0.14908,0.38338,KNOWN
UNSW-NB15,test,4806,Fuzzers,1,0.336763,0.38338,KNOWN
UNSW-NB15,test,4807,Exploits,1,0.065257,0.38338,KNOWN
UNSW-NB15,test,4808,DoS,1,0.146754,0.38338,KNOWN
UNSW-NB15,test,4809,Fuzzers,1,0.266078,0.38338,KNOWN
UNSW-NB15,test,4810,Reconnaissance,1,0.179326,0.38338,KNOWN
UNSW-NB15,test,4811,Normal,1,0.26565,0.38338,KNOWN
UNSW-NB15,test,4812,Normal,1,0.159516,0.38338,KNOWN
UNSW-NB15,test,4813,Normal,1,0.164655,0.38338,KNOWN
UNSW-NB15,test,4814,Exploits,1,0.436126,0.38338,ZERO_DAY
UNSW-NB15,test,4815,Normal,1,0.078242,0.38338,KNOWN
UNSW-NB15,test,4816,Normal,1,0.158346,0.38338,KNOWN
UNSW-NB15,test,4817,Normal,1,0.009792,0.38338,KNOWN
UNSW-NB15,test,4818,Normal,1,0.211595,0.38338,KNOWN
UNSW-NB15,test,4819,Normal,1,0.188891,0.38338,KNOWN
UNSW-NB15,test,4820,Exploits,1,0.109881,0.38338,KNOWN
UNSW-NB15,test,4821,Fuzzers,1,0.203442,0.38338,KNOWN
UNSW-NB15,test,4822,Normal,1,0.210411,0.38338,KNOWN
UNSW-NB15,test,4823,Exploits,1,0.289177,0.38338,KNOWN
UNSW-NB15,test,4824,Normal,1,0.413923,0.38338,ZERO_DAY
UNSW-NB15,test,4825,Exploits,1,0.066897,0.38338,KNOWN
UNSW-NB15,test,4826,Reconnaissance,1,0.226028,0.38338,KNOWN
UNSW-NB15,test,4827,Normal,1,0.257583,0.38338,KNOWN
UNSW-NB15,test,4828,Fuzzers,1,0.425669,0.38338,ZERO_DAY
UNSW-NB15,test,4829,Exploits,1,0.352039,0.38338,KNOWN
UNSW-NB15,test,4830,Normal,1,0.168059,0.38338,KNOWN
UNSW-NB15,test,4831,Fuzzers,1,0.326864,0.38338,KNOWN
UNSW-NB15,test,4832,Normal,1,0.046288,0.38338,KNOWN
UNSW-NB15,test,4833,Normal,1,0.250305,0.38338,KNOWN
UNSW-NB15,test,4834,Exploits,1,0.209007,0.38338,KNOWN
UNSW-NB15,test,4835,Fuzzers,1,0.094224,0.38338,KNOWN
UNSW-NB15,test,4836,Reconnaissance,1,0.030207,0.38338,KNOWN
UNSW-NB15,test,4837,Normal,1,0.200818,0.38338,KNOWN
UNSW-NB15,test,4838,Normal,1,0.098539,0.38338,KNOWN
UNSW-NB15,test,4839,DoS,1,0.235091,0.38338,KNOWN
UNSW-NB15,test,4840,Normal,1,0.280827,0.38338,KNOWN
UNSW-NB15,test,4841,DoS,1,0.425229,0.38338,ZERO_DAY
UNSW-NB15,test,4842,Normal,1,0.20614,0.38338,KNOWN
UNSW-NB15,test,4843,Normal,1,0.143992,0.38338,KNOWN
UNSW-NB15,test,4844,Exploits,1,0.217845,0.38338,KNOWN
UNSW-NB15,test,4845,Normal,1,0.050432,0.38338,KNOWN
UNSW-NB15,test,4846,Normal,1,0.034689,0.38338,KNOWN
UNSW-NB15,test,4847,Normal,1,0.171999,0.38338,KNOWN
UNSW-NB15,test,4848,Normal,1,0.207988,0.38338,KNOWN
UNSW-NB15,test,4849,Reconnaissance,1,0.21762,0.38338,KNOWN
UNSW-NB15,test,4850,Normal,1,0.040214,0.38338,KNOWN
UNSW-NB15,test,4851,Exploits,1,0.142462,0.38338,KNOWN
UNSW-NB15,test,4852,Normal,1,0.249026,0.38338,KNOWN
UNSW-NB15,test,4853,Reconnaissance,1,0.097798,0.38338,KNOWN
UNSW-NB15,test,4854,Normal,1,0.066961,0.38338,KNOWN
UNSW-NB15,test,4855,DoS,1,0.387936,0.38338,ZERO_DAY
UNSW-NB15,test,4856,Exploits,1,0.21155,0.38338,KNOWN
UNSW-NB15,test,4857,Normal,1,0.165591,0.38338,KNOWN
UNSW-NB15,test,4858,Exploits,1,0.116945,0.38338,KNOWN
UNSW-NB15,test,4859,Normal,1,0.03659,0.38338,KNOWN
UNSW-NB15,test,4860,Normal,1,0.23714,0.38338,KNOWN
UNSW-NB15,test,4861,Exploits,1,0.243728,0.38338,KNOWN
UNSW-NB15,test,4862,DoS,1,0.144281,0.38338,KNOWN
UNSW-NB15,test,4863,Exploits,1,0.047026,0.38338,KNOWN
UNSW-NB15,test,4864,Normal,1,0.196111,0.38338,KNOWN
UNSW-NB15,test,4865,Normal,1,0.044571,0.38338,KNOWN
UNSW-NB15,test,4866,Normal,1,0.218042,0.38338,KNOWN
UNSW-NB15,test,4867,Normal,1,0.286886,0.38338,KNOWN
UNSW-NB15,test,4868,Reconnaissance,1,0.105384,0.38338,KNOWN
UNSW-NB15,test,4869,Normal,1,0.222014,0.38338,KNOWN
UNSW-NB15,test,4870,Fuzzers,1,0.078621,0.38338,KNOWN
UNSW-NB15,test,4871,Normal,1,0.118324,0.38338,KNOWN
UNSW-NB15,test,4872,Normal,1,0.104034,0.38338,KNOWN
UNSW-NB15,test,4873,Fuzzers,1,0.018591,0.38338,KNOWN
UNSW-NB15,test,4874,Normal,1,0.30186,0.38338,KNOWN
UNSW-NB15,test,4875,Normal,1,0.234723,0.38338,KNOWN
UNSW-NB15,test,4876,Fuzzers,1,0.258218,0.38338,KNOWN
UNSW-NB15,test,4877,Normal,1,0.165319,0.38338,KNOWN
UNSW-NB15,test,4878,Normal,1,0.234259,0.38338,KNOWN
UNSW-NB15,test,4879,Normal,1,0.294561,0.38338,KNOWN
UNSW-NB15,test,4880,Normal,1,0.131547,0.38338,KNOWN
UNSW-NB15,test,4881,Fuzzers,1,0.355949,0.38338,KNOWN
UNSW-NB15,test,4882,Normal,1,0.136869,0.38338,KNOWN
UNSW-NB15,test,4883,Normal,1,0.120751,0.38338,KNOWN
UNSW-NB15,test,4884,Normal,1,0.118431,0.38338,KNOWN
UNSW-NB15,test,4885,Normal,1,0.114959,0.38338,KNOWN
UNSW-NB15,test,4886,Normal,1,0.17775,0.38338,KNOWN
UNSW-NB15,test,4887,Fuzzers,1,0.058735,0.38338,KNOWN
UNSW-NB15,test,4888,Normal,1,0.397625,0.38338,ZERO_DAY
UNSW-NB15,test,4889,Normal,1,0.571627,0.38338,ZERO_DAY
UNSW-NB15,test,4890,Exploits,1,0.074586,0.38338,KNOWN
UNSW-NB15,test,4891,Normal,1,0.099084,0.38338,KNOWN
UNSW-NB15,test,4892,Normal,1,0.063469,0.38338,KNOWN
UNSW-NB15,test,4893,Normal,1,0.012655,0.38338,KNOWN
UNSW-NB15,test,4894,Fuzzers,1,0.043198,0.38338,KNOWN
UNSW-NB15,test,4895,Normal,1,0.041844,0.38338,KNOWN
UNSW-NB15,test,4896,Fuzzers,1,0.158206,0.38338,KNOWN
UNSW-NB15,test,4897,Reconnaissance,1,0.117628,0.38338,KNOWN
UNSW-NB15,test,4898,Normal,1,0.09346,0.38338,KNOWN
UNSW-NB15,test,4899,Exploits,1,0.336117,0.38338,KNOWN
UNSW-NB15,test,4900,Fuzzers,1,0.119336,0.38338,KNOWN
UNSW-NB15,test,4901,Exploits,1,0.212825,0.38338,KNOWN
UNSW-NB15,test,4902,Fuzzers,1,0.125411,0.38338,KNOWN
UNSW-NB15,test,4903,Normal,1,0.131812,0.38338,KNOWN
UNSW-NB15,test,4904,Normal,1,0.012859,0.38338,KNOWN
UNSW-NB15,test,4905,Normal,1,0.24462,0.38338,KNOWN
UNSW-NB15,test,4906,Fuzzers,1,0.123595,0.38338,KNOWN
UNSW-NB15,test,4907,Normal,1,0.09102,0.38338,KNOWN
UNSW-NB15,test,4908,Normal,1,0.181169,0.38338,KNOWN
UNSW-NB15,test,4909,Exploits,1,0.256819,0.38338,KNOWN
UNSW-NB15,test,4910,Normal,1,0.193608,0.38338,KNOWN
UNSW-NB15,test,4911,Generic,1,0.422033,0.38338,ZERO_DAY
UNSW-NB15,test,4912,Normal,1,0.202823,0.38338,KNOWN
UNSW-NB15,test,4913,Exploits,1,0.324693,0.38338,KNOWN
UNSW-NB15,test,4914,Normal,1,0.057172,0.38338,KNOWN
UNSW-NB15,test,4915,Exploits,1,0.327116,0.38338,KNOWN
UNSW-NB15,test,4916,Normal,1,0.070107,0.38338,KNOWN
UNSW-NB15,test,4917,Fuzzers,1,0.110287,0.38338,KNOWN
UNSW-NB15,test,4918,Normal,1,0.204313,0.38338,KNOWN
UNSW-NB15,test,4919,Normal,1,0.088061,0.38338,KNOWN
UNSW-NB15,test,4920,Normal,1,0.10801,0.38338,KNOWN
UNSW-NB15,test,4921,Normal,1,0.217513,0.38338,KNOWN
UNSW-NB15,test,4922,Normal,1,0.21332,0.38338,KNOWN
UNSW-NB15,test,4923,Fuzzers,1,0.138377,0.38338,KNOWN
UNSW-NB15,test,4924,Exploits,1,0.120796,0.38338,KNOWN
UNSW-NB15,test,4925,Normal,1,0.12534,0.38338,KNOWN
UNSW-NB15,test,4926,Fuzzers,1,0.162977,0.38338,KNOWN
UNSW-NB15,test,4927,Normal,1,0.410035,0.38338,ZERO_DAY
UNSW-NB15,test,4928,Normal,1,0.092088,0.38338,KNOWN
UNSW-NB15,test,4929,Normal,1,0.108965,0.38338,KNOWN
UNSW-NB15,test,4930,Exploits,1,0.384217,0.38338,ZERO_DAY
UNSW-NB15,test,4931,Normal,1,0.064142,0.38338,KNOWN
UNSW-NB15,test,4932,Normal,1,0.353046,0.38338,KNOWN
UNSW-NB15,test,4933,Exploits,1,0.243404,0.38338,KNOWN
UNSW-NB15,test,4934,Normal,1,0.312168,0.38338,KNOWN
UNSW-NB15,test,4935,Normal,1,0.343854,0.38338,KNOWN
UNSW-NB15,test,4936,Reconnaissance,1,0.115466,0.38338,KNOWN
UNSW-NB15,test,4937,Fuzzers,1,0.047494,0.38338,KNOWN
UNSW-NB15,test,4938,Fuzzers,1,0.304221,0.38338,KNOWN
UNSW-NB15,test,4939,DoS,1,0.209695,0.38338,KNOWN
UNSW-NB15,test,4940,Fuzzers,1,0.146609,0.38338,KNOWN
UNSW-NB15,test,4941,Exploits,1,0.208954,0.38338,KNOWN
UNSW-NB15,test,4942,Reconnaissance,1,0.031045,0.38338,KNOWN
UNSW-NB15,test,4943,Normal,1,0.049249,0.38338,KNOWN
UNSW-NB15,test,4944,Fuzzers,1,0.338942,0.38338,KNOWN
UNSW-NB15,test,4945,Exploits,1,0.200692,0.38338,KNOWN
UNSW-NB15,test,4946,Normal,1,0.126217,0.38338,KNOWN
UNSW-NB15,test,4947,Fuzzers,1,0.177147,0.38338,KNOWN
UNSW-NB15,test,4948,Normal,1,0.08229,0.38338,KNOWN
UNSW-NB15,test,4949,Exploits,1,0.140783,0.38338,KNOWN
UNSW-NB15,test,4950,Exploits,1,0.144149,0.38338,KNOWN
UNSW-NB15,test,4951,Exploits,1,0.179478,0.38338,KNOWN
UNSW-NB15,test,4952,Exploits,1,0.055502,0.38338,KNOWN
UNSW-NB15,test,4953,Fuzzers,1,0.212917,0.38338,KNOWN
UNSW-NB15,test,4954,Exploits,1,0.281258,0.38338,KNOWN
UNSW-NB15,test,4955,Normal,1,0.077097,0.38338,KNOWN
UNSW-NB15,test,4956,Normal,1,0.180987,0.38338,KNOWN
UNSW-NB15,test,4957,Exploits,1,0.13028,0.38338,KNOWN
UNSW-NB15,test,4958,Exploits,1,0.164225,0.38338,KNOWN
UNSW-NB15,test,4959,Normal,1,0.150206,0.38338,KNOWN
UNSW-NB15,test,4960,Fuzzers,1,0.141767,0.38338,KNOWN
UNSW-NB15,test,4961,Normal,1,0.071722,0.38338,KNOWN
UNSW-NB15,test,4962,Exploits,1,0.218832,0.38338,KNOWN
UNSW-NB15,test,4963,Normal,1,0.050422,0.38338,KNOWN
UNSW-NB15,test,4964,Normal,1,0.429682,0.38338,ZERO_DAY
UNSW-NB15,test,4965,Normal,1,0.080649,0.38338,KNOWN
UNSW-NB15,test,4966,Normal,1,0.344919,0.38338,KNOWN
UNSW-NB15,test,4967,Fuzzers,1,0.149266,0.38338,KNOWN
UNSW-NB15,test,4968,DoS,1,0.136859,0.38338,KNOWN
UNSW-NB15,test,4969,Normal,1,0.260309,0.38338,KNOWN
UNSW-NB15,test,4970,Normal,1,0.020627,0.38338,KNOWN
UNSW-NB15,test,4971,Normal,1,0.310697,0.38338,KNOWN
UNSW-NB15,test,4972,Normal,1,0.157848,0.38338,KNOWN
UNSW-NB15,test,4973,Normal,1,0.135015,0.38338,KNOWN
UNSW-NB15,test,4974,Fuzzers,1,0.476085,0.38338,ZERO_DAY
UNSW-NB15,test,4975,DoS,1,0.476604,0.38338,ZERO_DAY
UNSW-NB15,test,4976,Normal,1,0.080012,0.38338,KNOWN
UNSW-NB15,test,4977,Exploits,1,0.151421,0.38338,KNOWN
UNSW-NB15,test,4978,Normal,1,0.134929,0.38338,KNOWN
UNSW-NB15,test,4979,Normal,1,0.250707,0.38338,KNOWN
UNSW-NB15,test,4980,Normal,1,0.511128,0.38338,ZERO_DAY
UNSW-NB15,test,4981,DoS,1,0.095012,0.38338,KNOWN
UNSW-NB15,test,4982,Normal,1,0.16555,0.38338,KNOWN
UNSW-NB15,test,4983,Normal,1,0.195261,0.38338,KNOWN
UNSW-NB15,test,4984,DoS,1,0.076529,0.38338,KNOWN
UNSW-NB15,test,4985,Normal,1,0.312908,0.38338,KNOWN
UNSW-NB15,test,4986,Normal,1,0.087817,0.38338,KNOWN
UNSW-NB15,test,4987,Fuzzers,1,0.151093,0.38338,KNOWN
UNSW-NB15,test,4988,Exploits,1,0.242443,0.38338,KNOWN
UNSW-NB15,test,4989,Exploits,1,0.118395,0.38338,KNOWN
UNSW-NB15,test,4990,Fuzzers,1,0.042953,0.38338,KNOWN
UNSW-NB15,test,4991,Normal,1,0.150093,0.38338,KNOWN
UNSW-NB15,test,4992,Exploits,1,0.296048,0.38338,KNOWN
UNSW-NB15,test,4993,Reconnaissance,1,0.195846,0.38338,KNOWN
UNSW-NB15,test,4994,Normal,1,0.057867,0.38338,KNOWN
UNSW-NB15,test,4995,Normal,1,0.276423,0.38338,KNOWN
UNSW-NB15,test,4996,Normal,1,0.30327,0.38338,KNOWN
UNSW-NB15,test,4997,Normal,1,0.308803,0.38338,KNOWN
UNSW-NB15,test,4998,Normal,1,0.109816,0.38338,KNOWN
UNSW-NB15,test,4999,Exploits,1,0.168386,0.38338,KNOWN
UNSW-NB15,test,5000,Normal,1,0.550278,0.38338,ZERO_DAY
UNSW-NB15,test,5001,Normal,1,0.028056,0.38338,KNOWN
UNSW-NB15,test,5002,Fuzzers,1,0.163305,0.38338,KNOWN
UNSW-NB15,test,5003,Fuzzers,1,0.210971,0.38338,KNOWN
UNSW-NB15,test,5004,Normal,1,0.289095,0.38338,KNOWN
UNSW-NB15,test,5005,Fuzzers,1,0.29751,0.38338,KNOWN
UNSW-NB15,test,5006,Normal,1,0.101289,0.38338,KNOWN
UNSW-NB15,test,5007,Fuzzers,1,0.326985,0.38338,KNOWN
UNSW-NB15,test,5008,Reconnaissance,1,0.170747,0.38338,KNOWN
UNSW-NB15,test,5009,Reconnaissance,1,0.086512,0.38338,KNOWN
UNSW-NB15,test,5010,Exploits,1,0.112605,0.38338,KNOWN
UNSW-NB15,test,5011,Normal,1,0.242929,0.38338,KNOWN
UNSW-NB15,test,5012,Reconnaissance,1,0.032068,0.38338,KNOWN
UNSW-NB15,test,5013,Reconnaissance,1,0.167572,0.38338,KNOWN
UNSW-NB15,test,5014,Exploits,1,0.112764,0.38338,KNOWN
UNSW-NB15,test,5015,Normal,1,0.224535,0.38338,KNOWN
UNSW-NB15,test,5016,Fuzzers,1,0.261205,0.38338,KNOWN
UNSW-NB15,test,5017,Exploits,1,0.091211,0.38338,KNOWN
UNSW-NB15,test,5018,Exploits,1,0.278513,0.38338,KNOWN
UNSW-NB15,test,5019,Normal,1,0.333556,0.38338,KNOWN
UNSW-NB15,test,5020,Exploits,1,0.192948,0.38338,KNOWN
UNSW-NB15,test,5021,Fuzzers,1,0.094581,0.38338,KNOWN
UNSW-NB15,test,5022,Normal,1,0.168693,0.38338,KNOWN
UNSW-NB15,test,5023,Fuzzers,1,0.034296,0.38338,KNOWN
UNSW-NB15,test,5024,Normal,1,0.322242,0.38338,KNOWN
UNSW-NB15,test,5025,Normal,1,0.40706,0.38338,ZERO_DAY
UNSW-NB15,test,5026,Normal,1,0.288063,0.38338,KNOWN
UNSW-NB15,test,5027,Normal,1,0.296525,0.38338,KNOWN
UNSW-NB15,test,5028,Exploits,1,0.095957,0.38338,KNOWN
UNSW-NB15,test,5029,Normal,1,0.424137,0.38338,ZERO_DAY
UNSW-NB15,test,5030,Normal,1,0.150861,0.38338,KNOWN
UNSW-NB15,test,5031,Fuzzers,1,0.106647,0.38338,KNOWN
UNSW-NB15,test,5032,DoS,1,0.189557,0.38338,KNOWN
UNSW-NB15,test,5033,Exploits,1,0.206062,0.38338,KNOWN
UNSW-NB15,test,5034,Reconnaissance,1,0.272308,0.38338,KNOWN
UNSW-NB15,test,5035,Fuzzers,1,0.108857,0.38338,KNOWN
UNSW-NB15,test,5036,Fuzzers,1,0.233413,0.38338,KNOWN
UNSW-NB15,test,5037,Normal,1,0.199543,0.38338,KNOWN
UNSW-NB15,test,5038,Reconnaissance,1,0.11593,0.38338,KNOWN
UNSW-NB15,test,5039,Normal,1,0.035589,0.38338,KNOWN
UNSW-NB15,test,5040,Normal,1,0.07524,0.38338,KNOWN
UNSW-NB15,test,5041,Normal,1,0.025997,0.38338,KNOWN
UNSW-NB15,test,5042,Normal,1,0.204393,0.38338,KNOWN
UNSW-NB15,test,5043,Normal,1,0.122959,0.38338,KNOWN
UNSW-NB15,test,5044,Normal,1,0.09901,0.38338,KNOWN
UNSW-NB15,test,5045,Normal,1,0.089535,0.38338,KNOWN
UNSW-NB15,test,5046,Backdoor,1,0.032846,0.38338,KNOWN
UNSW-NB15,test,5047,Fuzzers,1,0.196331,0.38338,KNOWN
UNSW-NB15,test,5048,Normal,1,0.381194,0.38338,KNOWN
UNSW-NB15,test,5049,Normal,1,0.378289,0.38338,KNOWN
UNSW-NB15,test,5050,Normal,1,0.214961,0.38338,KNOWN
UNSW-NB15,test,5051,Normal,1,0.350584,0.38338,KNOWN
UNSW-NB15,test,5052,Exploits,1,0.245957,0.38338,KNOWN
UNSW-NB15,test,5053,Normal,1,0.24412,0.38338,KNOWN
UNSW-NB15,test,5054,Normal,1,0.31421,0.38338,KNOWN
UNSW-NB15,test,5055,Reconnaissance,1,0.18101,0.38338,KNOWN
UNSW-NB15,test,5056,Normal,1,0.136089,0.38338,KNOWN
UNSW-NB15,test,5057,Fuzzers,1,0.271481,0.38338,KNOWN
UNSW-NB15,test,5058,Fuzzers,1,0.218618,0.38338,KNOWN
UNSW-NB15,test,5059,Normal,1,0.163072,0.38338,KNOWN
UNSW-NB15,test,5060,Normal,1,0.16282,0.38338,KNOWN
UNSW-NB15,test,5061,Normal,1,0.109737,0.38338,KNOWN
UNSW-NB15,test,5062,Reconnaissance,1,0.235274,0.38338,KNOWN
UNSW-NB15,test,5063,Normal,1,0.172987,0.38338,KNOWN
UNSW-NB15,test,5064,Normal,1,0.225878,0.38338,KNOWN
UNSW-NB15,test,5065,Reconnaissance,1,0.179035,0.38338,KNOWN
UNSW-NB15,test,5066,Normal,1,0.030801,0.38338,KNOWN
UNSW-NB15,test,5067,Exploits,1,0.070504,0.38338,KNOWN
UNSW-NB15,test,5068,Normal,1,0.375513,0.38338,KNOWN
UNSW-NB15,test,5069,Normal,1,0.345444,0.38338,KNOWN
UNSW-NB15,test,5070,Normal,1,0.281191,0.38338,KNOWN
UNSW-NB15,test,5071,Exploits,1,0.282482,0.38338,KNOWN
UNSW-NB15,test,5072,Normal,1,0.180756,0.38338,KNOWN
UNSW-NB15,test,5073,Normal,1,0.115687,0.38338,KNOWN
UNSW-NB15,test,5074,Normal,1,0.261851,0.38338,KNOWN
UNSW-NB15,test,5075,Normal,1,0.234671,0.38338,KNOWN
UNSW-NB15,test,5076,Exploits,1,0.036998,0.38338,KNOWN
UNSW-NB15,test,5077,Normal,1,0.137944,0.38338,KNOWN
UNSW-NB15,test,5078,Normal,1,0.219358,0.38338,KNOWN
UNSW-NB15,test,5079,DoS,1,0.170722,0.38338,KNOWN
UNSW-NB15,test,5080,Fuzzers,1,0.186904,0.38338,KNOWN
UNSW-NB15,test,5081,Backdoor,1,0.085237,0.38338,KNOWN
UNSW-NB15,test,5082,Exploits,1,0.091221,0.38338,KNOWN
UNSW-NB15,test,5083,Normal,1,0.135429,0.38338,KNOWN
UNSW-NB15,test,5084,Normal,1,0.124287,0.38338,KNOWN
UNSW-NB15,test,5085,Normal,1,0.099098,0.38338,KNOWN
UNSW-NB15,test,5086,Fuzzers,1,0.302247,0.38338,KNOWN
UNSW-NB15,test,5087,Normal,1,0.056787,0.38338,KNOWN
UNSW-NB15,test,5088,Normal,1,0.109996,0.38338,KNOWN
UNSW-NB15,test,5089,Normal,1,0.405223,0.38338,ZERO_DAY
UNSW-NB15,test,5090,Fuzzers,1,0.303267,0.38338,KNOWN
UNSW-NB15,test,5091,Exploits,1,0.123625,0.38338,KNOWN
UNSW-NB15,test,5092,Reconnaissance,1,0.058002,0.38338,KNOWN
UNSW-NB15,test,5093,Normal,1,0.100779,0.38338,KNOWN
UNSW-NB15,test,5094,Fuzzers,1,0.223348,0.38338,KNOWN
UNSW-NB15,test,5095,Normal,1,0.115204,0.38338,KNOWN
UNSW-NB15,test,5096,Fuzzers,1,0.218728,0.38338,KNOWN
UNSW-NB15,test,5097,Normal,1,0.199353,0.38338,KNOWN
UNSW-NB15,test,5098,Exploits,1,0.154252,0.38338,KNOWN
UNSW-NB15,test,5099,Exploits,1,0.217448,0.38338,KNOWN
UNSW-NB15,test,5100,Exploits,1,0.009646,0.38338,KNOWN
UNSW-NB15,test,5101,Fuzzers,1,0.306562,0.38338,KNOWN
UNSW-NB15,test,5102,Normal,1,0.0198,0.38338,KNOWN
UNSW-NB15,test,5103,Normal,1,0.261134,0.38338,KNOWN
UNSW-NB15,test,5104,Reconnaissance,1,0.201946,0.38338,KNOWN
UNSW-NB15,test,5105,Exploits,1,0.110418,0.38338,KNOWN
UNSW-NB15,test,5106,Normal,1,0.526165,0.38338,ZERO_DAY
UNSW-NB15,test,5107,Normal,1,0.28357,0.38338,KNOWN
UNSW-NB15,test,5108,Exploits,1,0.048065,0.38338,KNOWN
UNSW-NB15,test,5109,Normal,1,0.044741,0.38338,KNOWN
UNSW-NB15,test,5110,Fuzzers,1,0.229761,0.38338,KNOWN
UNSW-NB15,test,5111,Normal,1,0.317552,0.38338,KNOWN
UNSW-NB15,test,5112,Normal,1,0.166657,0.38338,KNOWN
UNSW-NB15,test,5113,Exploits,1,0.027424,0.38338,KNOWN
UNSW-NB15,test,5114,Normal,1,0.003596,0.38338,KNOWN
UNSW-NB15,test,5115,Normal,1,0.281038,0.38338,KNOWN
UNSW-NB15,test,5116,Reconnaissance,1,0.085947,0.38338,KNOWN
UNSW-NB15,test,5117,Exploits,1,0.046689,0.38338,KNOWN
UNSW-NB15,test,5118,Exploits,1,0.094323,0.38338,KNOWN
UNSW-NB15,test,5119,Normal,1,0.117121,0.38338,KNOWN
UNSW-NB15,test,5120,Exploits,1,0.085535,0.38338,KNOWN
UNSW-NB15,test,5121,Normal,1,0.08887,0.38338,KNOWN
UNSW-NB15,test,5122,Normal,1,0.191194,0.38338,KNOWN
UNSW-NB15,test,5123,Fuzzers,1,0.230851,0.38338,KNOWN
UNSW-NB15,test,5124,Normal,1,0.167032,0.38338,KNOWN
UNSW-NB15,test,5125,Fuzzers,1,0.31568,0.38338,KNOWN
UNSW-NB15,test,5126,Normal,1,0.090734,0.38338,KNOWN
UNSW-NB15,test,5127,Fuzzers,1,0.103392,0.38338,KNOWN
UNSW-NB15,test,5128,Normal,1,0.088862,0.38338,KNOWN
UNSW-NB15,test,5129,Exploits,1,0.273046,0.38338,KNOWN
UNSW-NB15,test,5130,Fuzzers,1,0.112167,0.38338,KNOWN
UNSW-NB15,test,5131,Normal,1,0.16936,0.38338,KNOWN
UNSW-NB15,test,5132,Normal,1,0.227289,0.38338,KNOWN
UNSW-NB15,test,5133,Normal,1,0.029678,0.38338,KNOWN
UNSW-NB15,test,5134,Normal,1,0.102509,0.38338,KNOWN
UNSW-NB15,test,5135,Exploits,1,0.089333,0.38338,KNOWN
UNSW-NB15,test,5136,Normal,1,0.446432,0.38338,ZERO_DAY
UNSW-NB15,test,5137,Normal,1,0.510368,0.38338,ZERO_DAY
UNSW-NB15,test,5138,Normal,1,0.090496,0.38338,KNOWN
UNSW-NB15,test,5139,Reconnaissance,1,0.132677,0.38338,KNOWN
UNSW-NB15,test,5140,Normal,1,0.088064,0.38338,KNOWN
UNSW-NB15,test,5141,Normal,1,0.300756,0.38338,KNOWN
UNSW-NB15,test,5142,Exploits,1,0.143862,0.38338,KNOWN
UNSW-NB15,test,5143,Normal,1,0.154554,0.38338,KNOWN
UNSW-NB15,test,5144,Fuzzers,1,0.097806,0.38338,KNOWN
UNSW-NB15,test,5145,Normal,1,0.078289,0.38338,KNOWN
UNSW-NB15,test,5146,Exploits,1,0.067791,0.38338,KNOWN
UNSW-NB15,test,5147,Exploits,1,0.463765,0.38338,ZERO_DAY
UNSW-NB15,test,5148,Normal,1,0.254112,0.38338,KNOWN
UNSW-NB15,test,5149,Reconnaissance,1,0.035149,0.38338,KNOWN
UNSW-NB15,test,5150,Normal,1,0.179468,0.38338,KNOWN
UNSW-NB15,test,5151,Normal,1,0.144733,0.38338,KNOWN
UNSW-NB15,test,5152,Normal,1,0.346344,0.38338,KNOWN
UNSW-NB15,test,5153,Exploits,1,0.040287,0.38338,KNOWN
UNSW-NB15,test,5154,DoS,1,0.301417,0.38338,KNOWN
UNSW-NB15,test,5155,Normal,1,0.162907,0.38338,KNOWN
UNSW-NB15,test,5156,Normal,1,0.121155,0.38338,KNOWN
UNSW-NB15,test,5157,Normal,1,0.025057,0.38338,KNOWN
UNSW-NB15,test,5158,Normal,1,0.105654,0.38338,KNOWN
UNSW-NB15,test,5159,Normal,1,0.042569,0.38338,KNOWN
UNSW-NB15,test,5160,Normal,1,0.166946,0.38338,KNOWN
UNSW-NB15,test,5161,Normal,1,0.346,0.38338,KNOWN
UNSW-NB15,test,5162,Normal,1,0.224921,0.38338,KNOWN
UNSW-NB15,test,5163,Normal,1,0.196896,0.38338,KNOWN
UNSW-NB15,test,5164,Fuzzers,1,0.129303,0.38338,KNOWN
UNSW-NB15,test,5165,Normal,1,0.14579,0.38338,KNOWN
UNSW-NB15,test,5166,Fuzzers,1,0.484005,0.38338,ZERO_DAY
UNSW-NB15,test,5167,Exploits,1,0.072725,0.38338,KNOWN
UNSW-NB15,test,5168,Fuzzers,1,0.064783,0.38338,KNOWN
UNSW-NB15,test,5169,Normal,1,0.215485,0.38338,KNOWN
UNSW-NB15,test,5170,Normal,1,0.246223,0.38338,KNOWN
UNSW-NB15,test,5171,Exploits,1,0.241142,0.38338,KNOWN
UNSW-NB15,test,5172,Fuzzers,1,0.206353,0.38338,KNOWN
UNSW-NB15,test,5173,Normal,1,0.199595,0.38338,KNOWN
UNSW-NB15,test,5174,Normal,1,0.072181,0.38338,KNOWN
UNSW-NB15,test,5175,Normal,1,0.170972,0.38338,KNOWN
UNSW-NB15,test,5176,Normal,1,0.214707,0.38338,KNOWN
UNSW-NB15,test,5177,Normal,1,0.165023,0.38338,KNOWN
UNSW-NB15,test,5178,Normal,1,0.123115,0.38338,KNOWN
UNSW-NB15,test,5179,Reconnaissance,1,0.102602,0.38338,KNOWN
UNSW-NB15,test,5180,DoS,1,0.066256,0.38338,KNOWN
UNSW-NB15,test,5181,Exploits,1,0.179605,0.38338,KNOWN
UNSW-NB15,test,5182,Normal,1,0.260631,0.38338,KNOWN
UNSW-NB15,test,5183,Normal,1,0.112411,0.38338,KNOWN
UNSW-NB15,test,5184,Normal,1,0.199232,0.38338,KNOWN
UNSW-NB15,test,5185,Normal,1,0.138316,0.38338,KNOWN
UNSW-NB15,test,5186,Normal,1,0.133131,0.38338,KNOWN
UNSW-NB15,test,5187,Normal,1,0.089848,0.38338,KNOWN
UNSW-NB15,test,5188,Normal,1,0.026686,0.38338,KNOWN
UNSW-NB15,test,5189,Normal,1,0.077911,0.38338,KNOWN
UNSW-NB15,test,5190,Normal,1,0.150392,0.38338,KNOWN
UNSW-NB15,test,5191,Normal,1,0.259189,0.38338,KNOWN
UNSW-NB15,test,5192,Fuzzers,1,0.151968,0.38338,KNOWN
UNSW-NB15,test,5193,Normal,1,0.050733,0.38338,KNOWN
UNSW-NB15,test,5194,Exploits,1,0.086071,0.38338,KNOWN
UNSW-NB15,test,5195,Normal,1,0.138701,0.38338,KNOWN
UNSW-NB15,test,5196,Exploits,1,0.05861,0.38338,KNOWN
UNSW-NB15,test,5197,Normal,1,0.19778,0.38338,KNOWN
UNSW-NB15,test,5198,Normal,1,0.446072,0.38338,ZERO_DAY
UNSW-NB15,test,5199,Normal,1,0.106558,0.38338,KNOWN
UNSW-NB15,test,5200,Fuzzers,1,0.242176,0.38338,KNOWN
UNSW-NB15,test,5201,Exploits,1,0.047718,0.38338,KNOWN
UNSW-NB15,test,5202,Analysis,1,0.106939,0.38338,KNOWN
UNSW-NB15,test,5203,Reconnaissance,1,0.043065,0.38338,KNOWN
UNSW-NB15,test,5204,Normal,1,0.193711,0.38338,KNOWN
UNSW-NB15,test,5205,Normal,1,0.104668,0.38338,KNOWN
UNSW-NB15,test,5206,Exploits,1,0.143714,0.38338,KNOWN
UNSW-NB15,test,5207,Normal,1,0.055495,0.38338,KNOWN
UNSW-NB15,test,5208,Normal,1,0.112542,0.38338,KNOWN
UNSW-NB15,test,5209,Exploits,1,0.182418,0.38338,KNOWN
UNSW-NB15,test,5210,Normal,1,0.481411,0.38338,ZERO_DAY
UNSW-NB15,test,5211,Exploits,1,0.258855,0.38338,KNOWN
UNSW-NB15,test,5212,Normal,1,0.210304,0.38338,KNOWN
UNSW-NB15,test,5213,Normal,1,0.338062,0.38338,KNOWN
UNSW-NB15,test,5214,Exploits,1,0.17219,0.38338,KNOWN
UNSW-NB15,test,5215,Normal,1,0.192099,0.38338,KNOWN
UNSW-NB15,test,5216,Reconnaissance,1,0.249191,0.38338,KNOWN
UNSW-NB15,test,5217,Normal,1,0.092456,0.38338,KNOWN
UNSW-NB15,test,5218,Normal,1,0.110416,0.38338,KNOWN
UNSW-NB15,test,5219,Normal,1,0.110088,0.38338,KNOWN
UNSW-NB15,test,5220,Exploits,1,0.134279,0.38338,KNOWN
UNSW-NB15,test,5221,Fuzzers,1,0.176385,0.38338,KNOWN
UNSW-NB15,test,5222,Normal,1,0.138204,0.38338,KNOWN
UNSW-NB15,test,5223,Normal,1,0.262717,0.38338,KNOWN
UNSW-NB15,test,5224,Normal,1,0.153528,0.38338,KNOWN
UNSW-NB15,test,5225,DoS,1,0.206798,0.38338,KNOWN
UNSW-NB15,test,5226,Normal,1,0.094767,0.38338,KNOWN
UNSW-NB15,test,5227,Exploits,1,0.147079,0.38338,KNOWN
UNSW-NB15,test,5228,Exploits,1,0.302101,0.38338,KNOWN
UNSW-NB15,test,5229,Reconnaissance,1,0.298739,0.38338,KNOWN
UNSW-NB15,test,5230,Exploits,1,0.181051,0.38338,KNOWN
UNSW-NB15,test,5231,Fuzzers,1,0.186753,0.38338,KNOWN
UNSW-NB15,test,5232,Normal,1,0.100012,0.38338,KNOWN
UNSW-NB15,test,5233,Exploits,1,0.172379,0.38338,KNOWN
UNSW-NB15,test,5234,Fuzzers,1,0.192683,0.38338,KNOWN
UNSW-NB15,test,5235,Normal,1,0.106185,0.38338,KNOWN
UNSW-NB15,test,5236,Exploits,1,0.070383,0.38338,KNOWN
UNSW-NB15,test,5237,Fuzzers,1,0.199508,0.38338,KNOWN
UNSW-NB15,test,5238,Normal,1,0.190623,0.38338,KNOWN
UNSW-NB15,test,5239,Fuzzers,1,0.067706,0.38338,KNOWN
UNSW-NB15,test,5240,Normal,1,0.236187,0.38338,KNOWN
UNSW-NB15,test,5241,Exploits,1,0.061068,0.38338,KNOWN
UNSW-NB15,test,5242,Exploits,1,0.107175,0.38338,KNOWN
UNSW-NB15,test,5243,Normal,1,0.128762,0.38338,KNOWN
UNSW-NB15,test,5244,Normal,1,0.148475,0.38338,KNOWN
UNSW-NB15,test,5245,Exploits,1,0.14028,0.38338,KNOWN
UNSW-NB15,test,5246,Normal,1,0.03354,0.38338,KNOWN
UNSW-NB15,test,5247,Normal,1,0.06222,0.38338,KNOWN
UNSW-NB15,test,5248,Exploits,1,0.140552,0.38338,KNOWN
UNSW-NB15,test,5249,Fuzzers,1,0.190347,0.38338,KNOWN
UNSW-NB15,test,5250,Fuzzers,1,0.350635,0.38338,KNOWN
UNSW-NB15,test,5251,Normal,1,0.129701,0.38338,KNOWN
UNSW-NB15,test,5252,Fuzzers,1,0.060951,0.38338,KNOWN
UNSW-NB15,test,5253,Normal,1,0.177026,0.38338,KNOWN
UNSW-NB15,test,5254,Normal,1,0.038197,0.38338,KNOWN
UNSW-NB15,test,5255,Normal,1,0.158927,0.38338,KNOWN
UNSW-NB15,test,5256,Fuzzers,1,0.385446,0.38338,ZERO_DAY
UNSW-NB15,test,5257,Fuzzers,1,0.382822,0.38338,KNOWN
UNSW-NB15,test,5258,Fuzzers,1,0.171941,0.38338,KNOWN
UNSW-NB15,test,5259,Normal,1,0.130149,0.38338,KNOWN
UNSW-NB15,test,5260,Normal,1,0.369635,0.38338,KNOWN
UNSW-NB15,test,5261,Exploits,1,0.31835,0.38338,KNOWN
UNSW-NB15,test,5262,Fuzzers,1,0.146212,0.38338,KNOWN
UNSW-NB15,test,5263,Normal,1,0.176362,0.38338,KNOWN
UNSW-NB15,test,5264,Normal,1,0.105122,0.38338,KNOWN
UNSW-NB15,test,5265,Normal,1,0.116661,0.38338,KNOWN
UNSW-NB15,test,5266,Fuzzers,1,0.278573,0.38338,KNOWN
UNSW-NB15,test,5267,Reconnaissance,1,0.331445,0.38338,KNOWN
UNSW-NB15,test,5268,Exploits,1,0.154117,0.38338,KNOWN
UNSW-NB15,test,5269,Exploits,1,0.135093,0.38338,KNOWN
UNSW-NB15,test,5270,Fuzzers,1,0.230238,0.38338,KNOWN
UNSW-NB15,test,5271,DoS,1,0.117345,0.38338,KNOWN
UNSW-NB15,test,5272,Normal,1,0.264359,0.38338,KNOWN
UNSW-NB15,test,5273,Normal,1,0.210315,0.38338,KNOWN
UNSW-NB15,test,5274,Normal,1,0.156182,0.38338,KNOWN
UNSW-NB15,test,5275,Normal,1,0.271411,0.38338,KNOWN
UNSW-NB15,test,5276,Normal,1,0.11315,0.38338,KNOWN
UNSW-NB15,test,5277,Normal,1,0.270864,0.38338,KNOWN
UNSW-NB15,test,5278,Fuzzers,1,0.112777,0.38338,KNOWN
UNSW-NB15,test,5279,Exploits,1,0.039404,0.38338,KNOWN
UNSW-NB15,test,5280,Normal,1,0.096954,0.38338,KNOWN
UNSW-NB15,test,5281,Fuzzers,1,0.342586,0.38338,KNOWN
UNSW-NB15,test,5282,Exploits,1,0.273112,0.38338,KNOWN
UNSW-NB15,test,5283,Exploits,1,0.021217,0.38338,KNOWN
UNSW-NB15,test,5284,Exploits,1,0.192804,0.38338,KNOWN
UNSW-NB15,test,5285,Exploits,1,0.236238,0.38338,KNOWN
UNSW-NB15,test,5286,Normal,1,0.133804,0.38338,KNOWN
UNSW-NB15,test,5287,Fuzzers,1,0.013042,0.38338,KNOWN
UNSW-NB15,test,5288,Normal,1,0.137843,0.38338,KNOWN
UNSW-NB15,test,5289,Normal,1,0.150853,0.38338,KNOWN
UNSW-NB15,test,5290,Normal,1,0.466926,0.38338,ZERO_DAY
UNSW-NB15,test,5291,Normal,1,0.108976,0.38338,KNOWN
UNSW-NB15,test,5292,Normal,1,0.12957,0.38338,KNOWN
UNSW-NB15,test,5293,Normal,1,0.198771,0.38338,KNOWN
UNSW-NB15,test,5294,Fuzzers,1,0.14616,0.38338,KNOWN
UNSW-NB15,test,5295,Normal,1,0.39539,0.38338,ZERO_DAY
UNSW-NB15,test,5296,Reconnaissance,1,0.162045,0.38338,KNOWN
UNSW-NB15,test,5297,Exploits,1,0.19101,0.38338,KNOWN
UNSW-NB15,test,5298,Normal,1,0.12955,0.38338,KNOWN
UNSW-NB15,test,5299,Normal,1,0.161957,0.38338,KNOWN
UNSW-NB15,test,5300,Exploits,1,0.236559,0.38338,KNOWN
UNSW-NB15,test,5301,Normal,1,0.272445,0.38338,KNOWN
UNSW-NB15,test,5302,Normal,1,0.381807,0.38338,KNOWN
UNSW-NB15,test,5303,Normal,1,0.268565,0.38338,KNOWN
UNSW-NB15,test,5304,Fuzzers,1,0.298063,0.38338,KNOWN
UNSW-NB15,test,5305,Normal,1,0.098275,0.38338,KNOWN
UNSW-NB15,test,5306,Exploits,1,0.291364,0.38338,KNOWN
UNSW-NB15,test,5307,Fuzzers,1,0.241584,0.38338,KNOWN
UNSW-NB15,test,5308,Fuzzers,1,0.276331,0.38338,KNOWN
UNSW-NB15,test,5309,Fuzzers,1,0.219922,0.38338,KNOWN
UNSW-NB15,test,5310,Normal,1,0.239233,0.38338,KNOWN
UNSW-NB15,test,5311,Normal,1,0.072958,0.38338,KNOWN
UNSW-NB15,test,5312,Normal,1,0.108034,0.38338,KNOWN
UNSW-NB15,test,5313,Fuzzers,1,0.083375,0.38338,KNOWN
UNSW-NB15,test,5314,Reconnaissance,1,0.113436,0.38338,KNOWN
UNSW-NB15,test,5315,Normal,1,0.341013,0.38338,KNOWN
UNSW-NB15,test,5316,Exploits,1,0.133122,0.38338,KNOWN
UNSW-NB15,test,5317,Normal,1,0.210894,0.38338,KNOWN
UNSW-NB15,test,5318,Normal,1,0.063132,0.38338,KNOWN
UNSW-NB15,test,5319,Exploits,1,0.227994,0.38338,KNOWN
UNSW-NB15,test,5320,Normal,1,0.129844,0.38338,KNOWN
UNSW-NB15,test,5321,Normal,1,0.132959,0.38338,KNOWN
UNSW-NB15,test,5322,Normal,1,0.287007,0.38338,KNOWN
UNSW-NB15,test,5323,Fuzzers,1,0.140385,0.38338,KNOWN
UNSW-NB15,test,5324,Normal,1,0.228239,0.38338,KNOWN
UNSW-NB15,test,5325,Exploits,1,0.200471,0.38338,KNOWN
UNSW-NB15,test,5326,Normal,1,0.112909,0.38338,KNOWN
UNSW-NB15,test,5327,Normal,1,0.252527,0.38338,KNOWN
UNSW-NB15,test,5328,Normal,1,0.2761,0.38338,KNOWN
UNSW-NB15,test,5329,Normal,1,0.1125,0.38338,KNOWN
UNSW-NB15,test,5330,Normal,1,0.067131,0.38338,KNOWN
UNSW-NB15,test,5331,Exploits,1,0.253809,0.38338,KNOWN
UNSW-NB15,test,5332,Normal,1,0.503749,0.38338,ZERO_DAY
UNSW-NB15,test,5333,Normal,1,0.222428,0.38338,KNOWN
UNSW-NB15,test,5334,Normal,1,0.301818,0.38338,KNOWN
UNSW-NB15,test,5335,Exploits,1,0.135012,0.38338,KNOWN
UNSW-NB15,test,5336,Normal,1,0.2953,0.38338,KNOWN
UNSW-NB15,test,5337,Normal,1,0.350055,0.38338,KNOWN
UNSW-NB15,test,5338,Fuzzers,1,0.200967,0.38338,KNOWN
UNSW-NB15,test,5339,Normal,1,0.14933,0.38338,KNOWN
UNSW-NB15,test,5340,Exploits,1,0.089994,0.38338,KNOWN
UNSW-NB15,test,5341,Normal,1,0.081944,0.38338,KNOWN
UNSW-NB15,test,5342,Normal,1,0.194241,0.38338,KNOWN
UNSW-NB15,test,5343,Normal,1,0.303565,0.38338,KNOWN
UNSW-NB15,test,5344,Normal,1,0.348307,0.38338,KNOWN
UNSW-NB15,test,5345,Exploits,1,0.397577,0.38338,ZERO_DAY
UNSW-NB15,test,5346,Normal,1,0.066142,0.38338,KNOWN
UNSW-NB15,test,5347,Normal,1,0.289186,0.38338,KNOWN
UNSW-NB15,test,5348,Normal,1,0.148995,0.38338,KNOWN
UNSW-NB15,test,5349,Normal,1,0.063601,0.38338,KNOWN
UNSW-NB15,test,5350,DoS,1,0.113752,0.38338,KNOWN
UNSW-NB15,test,5351,Normal,1,0.167614,0.38338,KNOWN
UNSW-NB15,test,5352,Normal,1,0.464561,0.38338,ZERO_DAY
UNSW-NB15,test,5353,Normal,1,0.146222,0.38338,KNOWN
UNSW-NB15,test,5354,Exploits,1,0.099487,0.38338,KNOWN
UNSW-NB15,test,5355,Exploits,1,0.215528,0.38338,KNOWN
UNSW-NB15,test,5356,Exploits,1,0.262155,0.38338,KNOWN
UNSW-NB15,test,5357,Normal,1,0.171404,0.38338,KNOWN
UNSW-NB15,test,5358,Normal,1,0.414249,0.38338,ZERO_DAY
UNSW-NB15,test,5359,Normal,1,0.196056,0.38338,KNOWN
UNSW-NB15,test,5360,Reconnaissance,1,0.189339,0.38338,KNOWN
UNSW-NB15,test,5361,Normal,1,0.136758,0.38338,KNOWN
UNSW-NB15,test,5362,Fuzzers,1,0.197277,0.38338,KNOWN
UNSW-NB15,test,5363,Normal,1,0.087751,0.38338,KNOWN
UNSW-NB15,test,5364,Normal,1,0.046028,0.38338,KNOWN
UNSW-NB15,test,5365,Normal,1,0.325736,0.38338,KNOWN
UNSW-NB15,test,5366,Exploits,1,0.106966,0.38338,KNOWN
UNSW-NB15,test,5367,Normal,1,0.126216,0.38338,KNOWN
UNSW-NB15,test,5368,Fuzzers,1,0.174918,0.38338,KNOWN
UNSW-NB15,test,5369,Fuzzers,1,0.103494,0.38338,KNOWN
UNSW-NB15,test,5370,Normal,1,0.472776,0.38338,ZERO_DAY
UNSW-NB15,test,5371,Normal,1,0.160059,0.38338,KNOWN
UNSW-NB15,test,5372,Normal,1,0.137881,0.38338,KNOWN
UNSW-NB15,test,5373,Normal,1,0.282804,0.38338,KNOWN
UNSW-NB15,test,5374,Fuzzers,1,0.119648,0.38338,KNOWN
UNSW-NB15,test,5375,Normal,1,0.167005,0.38338,KNOWN
UNSW-NB15,test,5376,Reconnaissance,1,0.042226,0.38338,KNOWN
UNSW-NB15,test,5377,Normal,1,0.038489,0.38338,KNOWN
UNSW-NB15,test,5378,Exploits,1,0.139667,0.38338,KNOWN
UNSW-NB15,test,5379,Normal,1,0.392952,0.38338,ZERO_DAY
UNSW-NB15,test,5380,Exploits,1,0.084724,0.38338,KNOWN
UNSW-NB15,test,5381,Exploits,1,0.082165,0.38338,KNOWN
UNSW-NB15,test,5382,Exploits,1,0.137585,0.38338,KNOWN
UNSW-NB15,test,5383,Normal,1,0.294803,0.38338,KNOWN
UNSW-NB15,test,5384,Normal,1,0.166942,0.38338,KNOWN
UNSW-NB15,test,5385,Normal,1,0.358325,0.38338,KNOWN
UNSW-NB15,test,5386,Normal,1,0.084268,0.38338,KNOWN
UNSW-NB15,test,5387,Normal,1,0.138007,0.38338,KNOWN
UNSW-NB15,test,5388,Normal,1,0.154899,0.38338,KNOWN
UNSW-NB15,test,5389,Fuzzers,1,0.020137,0.38338,KNOWN
UNSW-NB15,test,5390,Normal,1,0.303804,0.38338,KNOWN
UNSW-NB15,test,5391,Exploits,1,0.032845,0.38338,KNOWN
UNSW-NB15,test,5392,Normal,1,0.062688,0.38338,KNOWN
UNSW-NB15,test,5393,Normal,1,0.170765,0.38338,KNOWN
UNSW-NB15,test,5394,Normal,1,0.155463,0.38338,KNOWN
UNSW-NB15,test,5395,Normal,1,0.270188,0.38338,KNOWN
UNSW-NB15,test,5396,Normal,1,0.123018,0.38338,KNOWN
UNSW-NB15,test,5397,Normal,1,0.159665,0.38338,KNOWN
UNSW-NB15,test,5398,DoS,1,0.17795,0.38338,KNOWN
UNSW-NB15,test,5399,Exploits,1,0.23115,0.38338,KNOWN
UNSW-NB15,test,5400,Normal,1,0.11851,0.38338,KNOWN
UNSW-NB15,test,5401,Fuzzers,1,0.197508,0.38338,KNOWN
UNSW-NB15,test,5402,Normal,1,0.092347,0.38338,KNOWN
UNSW-NB15,test,5403,Normal,1,0.233886,0.38338,KNOWN
UNSW-NB15,test,5404,Normal,1,0.30665,0.38338,KNOWN
UNSW-NB15,test,5405,Normal,1,0.294612,0.38338,KNOWN
UNSW-NB15,test,5406,Normal,1,0.302687,0.38338,KNOWN
UNSW-NB15,test,5407,Exploits,1,0.29202,0.38338,KNOWN
UNSW-NB15,test,5408,Normal,1,0.028373,0.38338,KNOWN
UNSW-NB15,test,5409,Exploits,1,0.192219,0.38338,KNOWN
UNSW-NB15,test,5410,Fuzzers,1,0.150904,0.38338,KNOWN
UNSW-NB15,test,5411,Exploits,1,0.074232,0.38338,KNOWN
UNSW-NB15,test,5412,Exploits,1,0.089891,0.38338,KNOWN
UNSW-NB15,test,5413,Exploits,1,0.108693,0.38338,KNOWN
UNSW-NB15,test,5414,Normal,1,0.061235,0.38338,KNOWN
UNSW-NB15,test,5415,Normal,1,0.197375,0.38338,KNOWN
UNSW-NB15,test,5416,Reconnaissance,1,0.167885,0.38338,KNOWN
UNSW-NB15,test,5417,Normal,1,0.27572,0.38338,KNOWN
UNSW-NB15,test,5418,Normal,1,0.337278,0.38338,KNOWN
UNSW-NB15,test,5419,Normal,1,0.051627,0.38338,KNOWN
UNSW-NB15,test,5420,Normal,1,0.078378,0.38338,KNOWN
UNSW-NB15,test,5421,Fuzzers,1,0.283475,0.38338,KNOWN
UNSW-NB15,test,5422,Exploits,1,0.148676,0.38338,KNOWN
UNSW-NB15,test,5423,Exploits,1,0.164965,0.38338,KNOWN
UNSW-NB15,test,5424,Normal,1,0.210835,0.38338,KNOWN
UNSW-NB15,test,5425,Normal,1,0.42734,0.38338,ZERO_DAY
UNSW-NB15,test,5426,Normal,1,0.107601,0.38338,KNOWN
UNSW-NB15,test,5427,Normal,1,0.237599,0.38338,KNOWN
UNSW-NB15,test,5428,Normal,1,0.188078,0.38338,KNOWN
UNSW-NB15,test,5429,Normal,1,0.118546,0.38338,KNOWN
UNSW-NB15,test,5430,Normal,1,0.440812,0.38338,ZERO_DAY
UNSW-NB15,test,5431,Normal,1,0.062964,0.38338,KNOWN
UNSW-NB15,test,5432,Exploits,1,0.125319,0.38338,KNOWN
UNSW-NB15,test,5433,Exploits,1,0.115931,0.38338,KNOWN
UNSW-NB15,test,5434,Normal,1,0.215361,0.38338,KNOWN
UNSW-NB15,test,5435,Normal,1,0.106225,0.38338,KNOWN
UNSW-NB15,test,5436,Normal,1,0.105119,0.38338,KNOWN
UNSW-NB15,test,5437,Exploits,1,0.103514,0.38338,KNOWN
UNSW-NB15,test,5438,Normal,1,0.208126,0.38338,KNOWN
UNSW-NB15,test,5439,Normal,1,0.254337,0.38338,KNOWN
UNSW-NB15,test,5440,Normal,1,0.058156,0.38338,KNOWN
UNSW-NB15,test,5441,Normal,1,0.063265,0.38338,KNOWN
UNSW-NB15,test,5442,Reconnaissance,1,0.344877,0.38338,KNOWN
UNSW-NB15,test,5443,Normal,1,0.137794,0.38338,KNOWN
UNSW-NB15,test,5444,Normal,1,0.163651,0.38338,KNOWN
UNSW-NB15,test,5445,Normal,1,0.172076,0.38338,KNOWN
UNSW-NB15,test,5446,Exploits,1,0.091584,0.38338,KNOWN
UNSW-NB15,test,5447,Normal,1,0.182706,0.38338,KNOWN
UNSW-NB15,test,5448,Fuzzers,1,0.085658,0.38338,KNOWN
UNSW-NB15,test,5449,Exploits,1,0.089187,0.38338,KNOWN
UNSW-NB15,test,5450,Exploits,1,0.184174,0.38338,KNOWN
UNSW-NB15,test,5451,Fuzzers,1,0.31802,0.38338,KNOWN
UNSW-NB15,test,5452,Exploits,1,0.09155,0.38338,KNOWN
UNSW-NB15,test,5453,Exploits,1,0.10275,0.38338,KNOWN
UNSW-NB15,test,5454,Exploits,1,0.20568,0.38338,KNOWN
UNSW-NB15,test,5455,Normal,1,0.247526,0.38338,KNOWN
UNSW-NB15,test,5456,Exploits,1,0.321996,0.38338,KNOWN
UNSW-NB15,test,5457,Exploits,1,0.121439,0.38338,KNOWN
UNSW-NB15,test,5458,Exploits,1,0.115071,0.38338,KNOWN
UNSW-NB15,test,5459,Normal,1,0.191815,0.38338,KNOWN
UNSW-NB15,test,5460,Exploits,1,0.094675,0.38338,KNOWN
UNSW-NB15,test,5461,Normal,1,0.251295,0.38338,KNOWN
UNSW-NB15,test,5462,Normal,1,0.048182,0.38338,KNOWN
UNSW-NB15,test,5463,Normal,1,0.235011,0.38338,KNOWN
UNSW-NB15,test,5464,Exploits,1,0.253887,0.38338,KNOWN
UNSW-NB15,test,5465,Fuzzers,1,0.154361,0.38338,KNOWN
UNSW-NB15,test,5466,Fuzzers,1,0.065585,0.38338,KNOWN
UNSW-NB15,test,5467,Normal,1,0.270985,0.38338,KNOWN
UNSW-NB15,test,5468,Reconnaissance,1,0.06319,0.38338,KNOWN
UNSW-NB15,test,5469,Normal,1,0.264097,0.38338,KNOWN
UNSW-NB15,test,5470,Normal,1,0.213197,0.38338,KNOWN
UNSW-NB15,test,5471,Exploits,1,0.20418,0.38338,KNOWN
UNSW-NB15,test,5472,Normal,1,0.420124,0.38338,ZERO_DAY
UNSW-NB15,test,5473,Normal,1,0.086882,0.38338,KNOWN
UNSW-NB15,test,5474,Fuzzers,1,0.070252,0.38338,KNOWN
UNSW-NB15,test,5475,Normal,1,0.352416,0.38338,KNOWN
UNSW-NB15,test,5476,Normal,1,0.176913,0.38338,KNOWN
UNSW-NB15,test,5477,Exploits,1,0.102622,0.38338,KNOWN
UNSW-NB15,test,5478,Exploits,1,0.247492,0.38338,KNOWN
UNSW-NB15,test,5479,Normal,1,0.192913,0.38338,KNOWN
UNSW-NB15,test,5480,Fuzzers,1,0.239927,0.38338,KNOWN
UNSW-NB15,test,5481,Normal,1,0.455714,0.38338,ZERO_DAY
UNSW-NB15,test,5482,Normal,1,0.502793,0.38338,ZERO_DAY
UNSW-NB15,test,5483,Normal,1,0.446838,0.38338,ZERO_DAY
UNSW-NB15,test,5484,Normal,1,0.14186,0.38338,KNOWN
UNSW-NB15,test,5485,Exploits,1,0.331299,0.38338,KNOWN
UNSW-NB15,test,5486,Normal,1,0.283698,0.38338,KNOWN
UNSW-NB15,test,5487,Normal,1,0.101299,0.38338,KNOWN
UNSW-NB15,test,5488,Normal,1,0.050907,0.38338,KNOWN
UNSW-NB15,test,5489,Normal,1,0.140743,0.38338,KNOWN
UNSW-NB15,test,5490,Fuzzers,1,0.189315,0.38338,KNOWN
UNSW-NB15,test,5491,Normal,1,0.272048,0.38338,KNOWN
UNSW-NB15,test,5492,Normal,1,0.120308,0.38338,KNOWN
UNSW-NB15,test,5493,Exploits,1,0.165516,0.38338,KNOWN
UNSW-NB15,test,5494,Normal,1,0.407878,0.38338,ZERO_DAY
UNSW-NB15,test,5495,Normal,1,0.220749,0.38338,KNOWN
UNSW-NB15,test,5496,Normal,1,0.136801,0.38338,KNOWN
UNSW-NB15,test,5497,Fuzzers,1,0.154473,0.38338,KNOWN
UNSW-NB15,test,5498,Normal,1,0.039503,0.38338,KNOWN
UNSW-NB15,test,5499,Exploits,1,0.085439,0.38338,KNOWN
UNSW-NB15,test,5500,Normal,1,0.076947,0.38338,KNOWN
UNSW-NB15,test,5501,Fuzzers,1,0.084919,0.38338,KNOWN
UNSW-NB15,test,5502,Normal,1,0.146904,0.38338,KNOWN
UNSW-NB15,test,5503,Exploits,1,0.146662,0.38338,KNOWN
UNSW-NB15,test,5504,Normal,1,0.262837,0.38338,KNOWN
UNSW-NB15,test,5505,Normal,1,0.233758,0.38338,KNOWN
UNSW-NB15,test,5506,Normal,1,0.068072,0.38338,KNOWN
UNSW-NB15,test,5507,Normal,1,0.175537,0.38338,KNOWN
UNSW-NB15,test,5508,Normal,1,0.343872,0.38338,KNOWN
UNSW-NB15,test,5509,Normal,1,0.172541,0.38338,KNOWN
UNSW-NB15,test,5510,Normal,1,0.144654,0.38338,KNOWN
UNSW-NB15,test,5511,Normal,1,0.169188,0.38338,KNOWN
UNSW-NB15,test,5512,Fuzzers,1,0.127074,0.38338,KNOWN
UNSW-NB15,test,5513,Exploits,1,0.151316,0.38338,KNOWN
UNSW-NB15,test,5514,Normal,1,0.365576,0.38338,KNOWN
UNSW-NB15,test,5515,Normal,1,0.183278,0.38338,KNOWN
UNSW-NB15,test,5516,Normal,1,0.178509,0.38338,KNOWN
UNSW-NB15,test,5517,Reconnaissance,1,0.284824,0.38338,KNOWN
UNSW-NB15,test,5518,Exploits,1,0.089323,0.38338,KNOWN
UNSW-NB15,test,5519,Normal,1,0.084696,0.38338,KNOWN
UNSW-NB15,test,5520,Normal,1,0.270727,0.38338,KNOWN
UNSW-NB15,test,5521,Normal,1,0.286553,0.38338,KNOWN
UNSW-NB15,test,5522,Normal,1,0.121178,0.38338,KNOWN
UNSW-NB15,test,5523,Exploits,1,0.146569,0.38338,KNOWN
UNSW-NB15,test,5524,Normal,1,0.187974,0.38338,KNOWN
UNSW-NB15,test,5525,Normal,1,0.210942,0.38338,KNOWN
UNSW-NB15,test,5526,DoS,1,0.11433,0.38338,KNOWN
UNSW-NB15,test,5527,Normal,1,0.273287,0.38338,KNOWN
UNSW-NB15,test,5528,Normal,1,0.177937,0.38338,KNOWN
UNSW-NB15,test,5529,Normal,1,0.128988,0.38338,KNOWN
UNSW-NB15,test,5530,Fuzzers,1,0.130021,0.38338,KNOWN
UNSW-NB15,test,5531,Fuzzers,1,0.172318,0.38338,KNOWN
UNSW-NB15,test,5532,Normal,1,0.139397,0.38338,KNOWN
UNSW-NB15,test,5533,Normal,1,0.135059,0.38338,KNOWN
UNSW-NB15,test,5534,Normal,1,0.173405,0.38338,KNOWN
UNSW-NB15,test,5535,Normal,1,0.174489,0.38338,KNOWN
UNSW-NB15,test,5536,Normal,1,0.401326,0.38338,ZERO_DAY
UNSW-NB15,test,5537,Exploits,1,0.065801,0.38338,KNOWN
UNSW-NB15,test,5538,Normal,1,0.219213,0.38338,KNOWN
UNSW-NB15,test,5539,Fuzzers,1,0.166214,0.38338,KNOWN
UNSW-NB15,test,5540,Normal,1,0.157472,0.38338,KNOWN
UNSW-NB15,test,5541,Normal,1,0.357066,0.38338,KNOWN
UNSW-NB15,test,5542,Normal,1,0.340388,0.38338,KNOWN
UNSW-NB15,test,5543,Normal,1,0.126573,0.38338,KNOWN
UNSW-NB15,test,5544,Exploits,1,0.14735,0.38338,KNOWN
UNSW-NB15,test,5545,Fuzzers,1,0.188463,0.38338,KNOWN
UNSW-NB15,test,5546,Normal,1,0.132863,0.38338,KNOWN
UNSW-NB15,test,5547,Normal,1,0.278843,0.38338,KNOWN
UNSW-NB15,test,5548,Fuzzers,1,0.15571,0.38338,KNOWN
UNSW-NB15,test,5549,Normal,1,0.220935,0.38338,KNOWN
UNSW-NB15,test,5550,Normal,1,0.108722,0.38338,KNOWN
UNSW-NB15,test,5551,Exploits,1,0.174812,0.38338,KNOWN
UNSW-NB15,test,5552,Normal,1,0.081336,0.38338,KNOWN
UNSW-NB15,test,5553,Exploits,1,0.205281,0.38338,KNOWN
UNSW-NB15,test,5554,Normal,1,0.305698,0.38338,KNOWN
UNSW-NB15,test,5555,Normal,1,0.185152,0.38338,KNOWN
UNSW-NB15,test,5556,Normal,1,0.10766,0.38338,KNOWN
UNSW-NB15,test,5557,Normal,1,0.205977,0.38338,KNOWN
UNSW-NB15,test,5558,Normal,1,0.118025,0.38338,KNOWN
UNSW-NB15,test,5559,Normal,1,0.259233,0.38338,KNOWN
UNSW-NB15,test,5560,Normal,1,0.026071,0.38338,KNOWN
UNSW-NB15,test,5561,Normal,1,0.138075,0.38338,KNOWN
UNSW-NB15,test,5562,Exploits,1,0.13793,0.38338,KNOWN
UNSW-NB15,test,5563,Exploits,1,0.144282,0.38338,KNOWN
UNSW-NB15,test,5564,Generic,1,0.068915,0.38338,KNOWN
UNSW-NB15,test,5565,Normal,1,0.144979,0.38338,KNOWN
UNSW-NB15,test,5566,Exploits,1,0.178401,0.38338,KNOWN
UNSW-NB15,test,5567,Exploits,1,0.210874,0.38338,KNOWN
UNSW-NB15,test,5568,Normal,1,0.145444,0.38338,KNOWN
UNSW-NB15,test,5569,Exploits,1,0.049374,0.38338,KNOWN
UNSW-NB15,test,5570,Exploits,1,0.09496,0.38338,KNOWN
UNSW-NB15,test,5571,Exploits,1,0.158158,0.38338,KNOWN
UNSW-NB15,test,5572,Fuzzers,1,0.072072,0.38338,KNOWN
UNSW-NB15,test,5573,Exploits,1,0.071025,0.38338,KNOWN
UNSW-NB15,test,5574,Exploits,1,0.106315,0.38338,KNOWN
UNSW-NB15,test,5575,Normal,1,0.116544,0.38338,KNOWN
UNSW-NB15,test,5576,Normal,1,0.109582,0.38338,KNOWN
UNSW-NB15,test,5577,Normal,1,0.087315,0.38338,KNOWN
UNSW-NB15,test,5578,Fuzzers,1,0.065846,0.38338,KNOWN
UNSW-NB15,test,5579,Backdoor,1,0.162433,0.38338,KNOWN
UNSW-NB15,test,5580,Normal,1,0.157926,0.38338,KNOWN
UNSW-NB15,test,5581,Generic,1,0.20652,0.38338,KNOWN
UNSW-NB15,test,5582,Normal,1,0.391797,0.38338,ZERO_DAY
UNSW-NB15,test,5583,Normal,1,0.040903,0.38338,KNOWN
UNSW-NB15,test,5584,Normal,1,0.052554,0.38338,KNOWN
UNSW-NB15,test,5585,Normal,1,0.309427,0.38338,KNOWN
UNSW-NB15,test,5586,Exploits,1,0.167367,0.38338,KNOWN
UNSW-NB15,test,5587,Fuzzers,1,0.133295,0.38338,KNOWN
UNSW-NB15,test,5588,DoS,1,0.053752,0.38338,KNOWN
UNSW-NB15,test,5589,Normal,1,0.168186,0.38338,KNOWN
UNSW-NB15,test,5590,Normal,1,0.25234,0.38338,KNOWN
UNSW-NB15,test,5591,Normal,1,0.06616,0.38338,KNOWN
UNSW-NB15,test,5592,Reconnaissance,1,0.38312,0.38338,KNOWN
UNSW-NB15,test,5593,Normal,1,0.106956,0.38338,KNOWN
UNSW-NB15,test,5594,Fuzzers,1,0.172704,0.38338,KNOWN
UNSW-NB15,test,5595,Normal,1,0.115643,0.38338,KNOWN
UNSW-NB15,test,5596,Normal,1,0.124045,0.38338,KNOWN
UNSW-NB15,test,5597,Normal,1,0.086967,0.38338,KNOWN
UNSW-NB15,test,5598,Normal,1,0.119115,0.38338,KNOWN
UNSW-NB15,test,5599,Reconnaissance,1,0.176575,0.38338,KNOWN
UNSW-NB15,test,5600,Normal,1,0.15069,0.38338,KNOWN
UNSW-NB15,test,5601,Normal,1,0.082474,0.38338,KNOWN
UNSW-NB15,test,5602,Normal,1,0.292603,0.38338,KNOWN
UNSW-NB15,test,5603,Fuzzers,1,0.070805,0.38338,KNOWN
UNSW-NB15,test,5604,Normal,1,0.308178,0.38338,KNOWN
UNSW-NB15,test,5605,Normal,1,0.034546,0.38338,KNOWN
UNSW-NB15,test,5606,Normal,1,0.063574,0.38338,KNOWN
UNSW-NB15,test,5607,Exploits,1,0.098101,0.38338,KNOWN
UNSW-NB15,test,5608,Normal,1,0.064455,0.38338,KNOWN
UNSW-NB15,test,5609,Normal,1,0.238095,0.38338,KNOWN
UNSW-NB15,test,5610,Fuzzers,1,0.117123,0.38338,KNOWN
UNSW-NB15,test,5611,Normal,1,0.119583,0.38338,KNOWN
UNSW-NB15,test,5612,Normal,1,0.148846,0.38338,KNOWN
UNSW-NB15,test,5613,Normal,1,0.099239,0.38338,KNOWN
UNSW-NB15,test,5614,Normal,1,0.158984,0.38338,KNOWN
UNSW-NB15,test,5615,Exploits,1,0.21476,0.38338,KNOWN
UNSW-NB15,test,5616,Normal,1,0.373699,0.38338,KNOWN
UNSW-NB15,test,5617,Normal,1,0.327862,0.38338,KNOWN
UNSW-NB15,test,5618,Normal,1,0.171726,0.38338,KNOWN
UNSW-NB15,test,5619,Exploits,1,0.103391,0.38338,KNOWN
UNSW-NB15,test,5620,Fuzzers,1,0.187493,0.38338,KNOWN
UNSW-NB15,test,5621,DoS,1,0.3294,0.38338,KNOWN
UNSW-NB15,test,5622,Normal,1,0.125793,0.38338,KNOWN
UNSW-NB15,test,5623,Reconnaissance,1,0.221826,0.38338,KNOWN
UNSW-NB15,test,5624,Normal,1,0.261651,0.38338,KNOWN
UNSW-NB15,test,5625,Normal,1,0.218838,0.38338,KNOWN
UNSW-NB15,test,5626,Normal,1,0.03898,0.38338,KNOWN
UNSW-NB15,test,5627,Reconnaissance,1,0.290502,0.38338,KNOWN
UNSW-NB15,test,5628,Fuzzers,1,0.312384,0.38338,KNOWN
UNSW-NB15,test,5629,Normal,1,0.098965,0.38338,KNOWN
UNSW-NB15,test,5630,Exploits,1,0.048168,0.38338,KNOWN
UNSW-NB15,test,5631,Normal,1,0.326614,0.38338,KNOWN
UNSW-NB15,test,5632,Exploits,1,0.163184,0.38338,KNOWN
UNSW-NB15,test,5633,Fuzzers,1,0.090069,0.38338,KNOWN
UNSW-NB15,test,5634,Normal,1,0.104426,0.38338,KNOWN
UNSW-NB15,test,5635,Normal,1,0.255722,0.38338,KNOWN
UNSW-NB15,test,5636,Normal,1,0.512351,0.38338,ZERO_DAY
UNSW-NB15,test,5637,Normal,1,0.135162,0.38338,KNOWN
UNSW-NB15,test,5638,Normal,1,0.103808,0.38338,KNOWN
UNSW-NB15,test,5639,Normal,1,0.098717,0.38338,KNOWN
UNSW-NB15,test,5640,Exploits,1,0.181508,0.38338,KNOWN
UNSW-NB15,test,5641,Normal,1,0.083132,0.38338,KNOWN
UNSW-NB15,test,5642,Fuzzers,1,0.246758,0.38338,KNOWN
UNSW-NB15,test,5643,Reconnaissance,1,0.36712,0.38338,KNOWN
UNSW-NB15,test,5644,Fuzzers,1,0.123262,0.38338,KNOWN
UNSW-NB15,test,5645,Normal,1,0.335438,0.38338,KNOWN
UNSW-NB15,test,5646,Exploits,1,0.103155,0.38338,KNOWN
UNSW-NB15,test,5647,Reconnaissance,1,0.157744,0.38338,KNOWN
UNSW-NB15,test,5648,Normal,1,0.16887,0.38338,KNOWN
UNSW-NB15,test,5649,Reconnaissance,1,0.058344,0.38338,KNOWN
UNSW-NB15,test,5650,Reconnaissance,1,0.138837,0.38338,KNOWN
UNSW-NB15,test,5651,Normal,1,0.252666,0.38338,KNOWN
UNSW-NB15,test,5652,Normal,1,0.194258,0.38338,KNOWN
UNSW-NB15,test,5653,Exploits,1,0.03683,0.38338,KNOWN
UNSW-NB15,test,5654,Fuzzers,1,0.075646,0.38338,KNOWN
UNSW-NB15,test,5655,Normal,1,0.273391,0.38338,KNOWN
UNSW-NB15,test,5656,Exploits,1,0.092375,0.38338,KNOWN
UNSW-NB15,test,5657,Normal,1,0.20346,0.38338,KNOWN
UNSW-NB15,test,5658,Fuzzers,1,0.194146,0.38338,KNOWN
UNSW-NB15,test,5659,Normal,1,0.102359,0.38338,KNOWN
UNSW-NB15,test,5660,Fuzzers,1,0.045481,0.38338,KNOWN
UNSW-NB15,test,5661,Normal,1,0.065236,0.38338,KNOWN
UNSW-NB15,test,5662,Normal,1,0.104548,0.38338,KNOWN
UNSW-NB15,test,5663,Exploits,1,0.221516,0.38338,KNOWN
UNSW-NB15,test,5664,Normal,1,0.131159,0.38338,KNOWN
UNSW-NB15,test,5665,Reconnaissance,1,0.242526,0.38338,KNOWN
UNSW-NB15,test,5666,Normal,1,0.130189,0.38338,KNOWN
UNSW-NB15,test,5667,Exploits,1,0.355432,0.38338,KNOWN
UNSW-NB15,test,5668,Fuzzers,1,0.035655,0.38338,KNOWN
UNSW-NB15,test,5669,Normal,1,0.133538,0.38338,KNOWN
UNSW-NB15,test,5670,Fuzzers,1,0.067016,0.38338,KNOWN
UNSW-NB15,test,5671,Normal,1,0.222576,0.38338,KNOWN
UNSW-NB15,test,5672,Normal,1,0.201239,0.38338,KNOWN
UNSW-NB15,test,5673,Exploits,1,0.078996,0.38338,KNOWN
UNSW-NB15,test,5674,Exploits,1,0.360401,0.38338,KNOWN
UNSW-NB15,test,5675,Exploits,1,0.072531,0.38338,KNOWN
UNSW-NB15,test,5676,Fuzzers,1,0.139704,0.38338,KNOWN
UNSW-NB15,test,5677,Reconnaissance,1,0.232435,0.38338,KNOWN
UNSW-NB15,test,5678,Fuzzers,1,0.086676,0.38338,KNOWN
UNSW-NB15,test,5679,Fuzzers,1,0.170804,0.38338,KNOWN
UNSW-NB15,test,5680,Normal,1,0.249426,0.38338,KNOWN
UNSW-NB15,test,5681,Normal,1,0.157273,0.38338,KNOWN
UNSW-NB15,test,5682,Normal,1,0.144965,0.38338,KNOWN
UNSW-NB15,test,5683,Exploits,1,0.071094,0.38338,KNOWN
UNSW-NB15,test,5684,Normal,1,0.068596,0.38338,KNOWN
UNSW-NB15,test,5685,Exploits,1,0.069232,0.38338,KNOWN
UNSW-NB15,test,5686,Normal,1,0.139405,0.38338,KNOWN
UNSW-NB15,test,5687,Fuzzers,1,0.245081,0.38338,KNOWN
UNSW-NB15,test,5688,Normal,1,0.066811,0.38338,KNOWN
UNSW-NB15,test,5689,Normal,1,0.193329,0.38338,KNOWN
UNSW-NB15,test,5690,Normal,1,0.26859,0.38338,KNOWN
UNSW-NB15,test,5691,Normal,1,0.307263,0.38338,KNOWN
UNSW-NB15,test,5692,Normal,1,0.1504,0.38338,KNOWN
UNSW-NB15,test,5693,Normal,1,0.085309,0.38338,KNOWN
UNSW-NB15,test,5694,Normal,1,0.093072,0.38338,KNOWN
UNSW-NB15,test,5695,Normal,1,0.091931,0.38338,KNOWN
UNSW-NB15,test,5696,Exploits,1,0.065142,0.38338,KNOWN
UNSW-NB15,test,5697,Normal,1,0.121874,0.38338,KNOWN
UNSW-NB15,test,5698,Exploits,1,0.168532,0.38338,KNOWN
UNSW-NB15,test,5699,Normal,1,0.023532,0.38338,KNOWN
UNSW-NB15,test,5700,Normal,1,0.11783,0.38338,KNOWN
UNSW-NB15,test,5701,Exploits,1,0.089523,0.38338,KNOWN
UNSW-NB15,test,5702,Normal,1,0.343149,0.38338,KNOWN
UNSW-NB15,test,5703,Normal,1,0.06647,0.38338,KNOWN
UNSW-NB15,test,5704,Normal,1,0.119218,0.38338,KNOWN
UNSW-NB15,test,5705,Normal,1,0.21972,0.38338,KNOWN
UNSW-NB15,test,5706,Normal,1,0.198202,0.38338,KNOWN
UNSW-NB15,test,5707,Normal,1,0.169944,0.38338,KNOWN
UNSW-NB15,test,5708,Exploits,1,0.270597,0.38338,KNOWN
UNSW-NB15,test,5709,Normal,1,0.146253,0.38338,KNOWN
UNSW-NB15,test,5710,Normal,1,0.175707,0.38338,KNOWN
UNSW-NB15,test,5711,Normal,1,0.29011,0.38338,KNOWN
UNSW-NB15,test,5712,Normal,1,0.310395,0.38338,KNOWN
UNSW-NB15,test,5713,Normal,1,0.182095,0.38338,KNOWN
UNSW-NB15,test,5714,Normal,1,0.297628,0.38338,KNOWN
UNSW-NB15,test,5715,Reconnaissance,1,0.159345,0.38338,KNOWN
UNSW-NB15,test,5716,Normal,1,0.230201,0.38338,KNOWN
UNSW-NB15,test,5717,Normal,1,0.059673,0.38338,KNOWN
UNSW-NB15,test,5718,Normal,1,0.234942,0.38338,KNOWN
UNSW-NB15,test,5719,Fuzzers,1,0.123887,0.38338,KNOWN
UNSW-NB15,test,5720,Normal,1,0.250404,0.38338,KNOWN
UNSW-NB15,test,5721,Exploits,1,0.063537,0.38338,KNOWN
UNSW-NB15,test,5722,Normal,1,0.047931,0.38338,KNOWN
UNSW-NB15,test,5723,Reconnaissance,1,0.299876,0.38338,KNOWN
UNSW-NB15,test,5724,Exploits,1,0.073707,0.38338,KNOWN
UNSW-NB15,test,5725,Normal,1,0.143657,0.38338,KNOWN
UNSW-NB15,test,5726,Normal,1,0.239176,0.38338,KNOWN
UNSW-NB15,test,5727,Normal,1,0.118426,0.38338,KNOWN
UNSW-NB15,test,5728,Normal,1,0.147133,0.38338,KNOWN
UNSW-NB15,test,5729,Normal,1,0.122515,0.38338,KNOWN
UNSW-NB15,test,5730,Normal,1,0.071743,0.38338,KNOWN
UNSW-NB15,test,5731,Normal,1,0.036396,0.38338,KNOWN
UNSW-NB15,test,5732,Normal,1,0.214743,0.38338,KNOWN
UNSW-NB15,test,5733,Normal,1,0.093203,0.38338,KNOWN
UNSW-NB15,test,5734,Normal,1,0.235601,0.38338,KNOWN
UNSW-NB15,test,5735,Normal,1,0.175413,0.38338,KNOWN
UNSW-NB15,test,5736,Exploits,1,0.165402,0.38338,KNOWN
UNSW-NB15,test,5737,Fuzzers,1,0.239924,0.38338,KNOWN
UNSW-NB15,test,5738,Normal,1,0.172777,0.38338,KNOWN
UNSW-NB15,test,5739,Reconnaissance,1,0.1925,0.38338,KNOWN
UNSW-NB15,test,5740,Normal,1,0.11727,0.38338,KNOWN
UNSW-NB15,test,5741,Normal,1,0.339687,0.38338,KNOWN
UNSW-NB15,test,5742,Normal,1,0.018066,0.38338,KNOWN
UNSW-NB15,test,5743,Normal,1,0.187907,0.38338,KNOWN
UNSW-NB15,test,5744,Normal,1,0.464554,0.38338,ZERO_DAY
UNSW-NB15,test,5745,Exploits,1,0.13334,0.38338,KNOWN
UNSW-NB15,test,5746,Normal,1,0.158259,0.38338,KNOWN
UNSW-NB15,test,5747,Fuzzers,1,0.196399,0.38338,KNOWN
UNSW-NB15,test,5748,Exploits,1,0.335389,0.38338,KNOWN
UNSW-NB15,test,5749,Exploits,1,0.458807,0.38338,ZERO_DAY
UNSW-NB15,test,5750,Exploits,1,0.269427,0.38338,KNOWN
UNSW-NB15,test,5751,Reconnaissance,1,0.049145,0.38338,KNOWN
UNSW-NB15,test,5752,Normal,1,0.131681,0.38338,KNOWN
UNSW-NB15,test,5753,Exploits,1,0.16095,0.38338,KNOWN
UNSW-NB15,test,5754,Exploits,1,0.049117,0.38338,KNOWN
UNSW-NB15,test,5755,Fuzzers,1,0.277002,0.38338,KNOWN
UNSW-NB15,test,5756,Exploits,1,0.061757,0.38338,KNOWN
UNSW-NB15,test,5757,Normal,1,0.185799,0.38338,KNOWN
UNSW-NB15,test,5758,Normal,1,0.399476,0.38338,ZERO_DAY
UNSW-NB15,test,5759,Normal,1,0.144645,0.38338,KNOWN
UNSW-NB15,test,5760,Normal,1,0.071256,0.38338,KNOWN
UNSW-NB15,test,5761,Normal,1,0.074278,0.38338,KNOWN
UNSW-NB15,test,5762,Normal,1,0.237419,0.38338,KNOWN
UNSW-NB15,test,5763,Normal,1,0.262114,0.38338,KNOWN
UNSW-NB15,test,5764,Exploits,1,0.174602,0.38338,KNOWN
UNSW-NB15,test,5765,Exploits,1,0.025049,0.38338,KNOWN
UNSW-NB15,test,5766,Normal,1,0.078473,0.38338,KNOWN
UNSW-NB15,test,5767,Exploits,1,0.144753,0.38338,KNOWN
UNSW-NB15,test,5768,Normal,1,0.135729,0.38338,KNOWN
UNSW-NB15,test,5769,Exploits,1,0.170811,0.38338,KNOWN
UNSW-NB15,test,5770,Fuzzers,1,0.110969,0.38338,KNOWN
UNSW-NB15,test,5771,Normal,1,0.447094,0.38338,ZERO_DAY
UNSW-NB15,test,5772,Exploits,1,0.111538,0.38338,KNOWN
UNSW-NB15,test,5773,Fuzzers,1,0.153391,0.38338,KNOWN
UNSW-NB15,test,5774,Normal,1,0.171451,0.38338,KNOWN
UNSW-NB15,test,5775,DoS,1,0.335388,0.38338,KNOWN
UNSW-NB15,test,5776,Fuzzers,1,0.155884,0.38338,KNOWN
UNSW-NB15,test,5777,Exploits,1,0.097881,0.38338,KNOWN
UNSW-NB15,test,5778,Normal,1,0.292677,0.38338,KNOWN
UNSW-NB15,test,5779,Exploits,1,0.244863,0.38338,KNOWN
UNSW-NB15,test,5780,Exploits,1,0.093578,0.38338,KNOWN
UNSW-NB15,test,5781,Normal,1,0.077215,0.38338,KNOWN
UNSW-NB15,test,5782,Normal,1,0.074064,0.38338,KNOWN
UNSW-NB15,test,5783,Fuzzers,1,0.044959,0.38338,KNOWN
UNSW-NB15,test,5784,Normal,1,0.032107,0.38338,KNOWN
UNSW-NB15,test,5785,Exploits,1,0.100624,0.38338,KNOWN
UNSW-NB15,test,5786,Exploits,1,0.244756,0.38338,KNOWN
UNSW-NB15,test,5787,Reconnaissance,1,0.126046,0.38338,KNOWN
UNSW-NB15,test,5788,Exploits,1,0.086823,0.38338,KNOWN
UNSW-NB15,test,5789,Fuzzers,1,0.045581,0.38338,KNOWN
UNSW-NB15,test,5790,Reconnaissance,1,0.077344,0.38338,KNOWN
UNSW-NB15,test,5791,Exploits,1,0.271155,0.38338,KNOWN
UNSW-NB15,test,5792,Normal,1,0.129339,0.38338,KNOWN
UNSW-NB15,test,5793,Reconnaissance,1,0.151337,0.38338,KNOWN
UNSW-NB15,test,5794,Fuzzers,1,0.231678,0.38338,KNOWN
UNSW-NB15,test,5795,Normal,1,0.210634,0.38338,KNOWN
UNSW-NB15,test,5796,Normal,1,0.269396,0.38338,KNOWN
UNSW-NB15,test,5797,Normal,1,0.254166,0.38338,KNOWN
UNSW-NB15,test,5798,Normal,1,0.146739,0.38338,KNOWN
UNSW-NB15,test,5799,Normal,1,0.018523,0.38338,KNOWN
UNSW-NB15,test,5800,Normal,1,0.20785,0.38338,KNOWN
UNSW-NB15,test,5801,Exploits,1,0.211731,0.38338,KNOWN
UNSW-NB15,test,5802,Exploits,1,0.290693,0.38338,KNOWN
UNSW-NB15,test,5803,Normal,1,0.073705,0.38338,KNOWN
UNSW-NB15,test,5804,Exploits,1,0.155132,0.38338,KNOWN
UNSW-NB15,test,5805,Exploits,1,0.096431,0.38338,KNOWN
UNSW-NB15,test,5806,Fuzzers,1,0.062288,0.38338,KNOWN
UNSW-NB15,test,5807,Normal,1,0.07828,0.38338,KNOWN
UNSW-NB15,test,5808,Fuzzers,1,0.103382,0.38338,KNOWN
UNSW-NB15,test,5809,Normal,1,0.200102,0.38338,KNOWN
UNSW-NB15,test,5810,Fuzzers,1,0.128286,0.38338,KNOWN
UNSW-NB15,test,5811,Normal,1,0.330496,0.38338,KNOWN
UNSW-NB15,test,5812,DoS,1,0.024157,0.38338,KNOWN
UNSW-NB15,test,5813,Normal,1,0.097102,0.38338,KNOWN
UNSW-NB15,test,5814,Exploits,1,0.027596,0.38338,KNOWN
UNSW-NB15,test,5815,Normal,1,0.08855,0.38338,KNOWN
UNSW-NB15,test,5816,Exploits,1,0.084563,0.38338,KNOWN
UNSW-NB15,test,5817,Normal,1,0.088849,0.38338,KNOWN
UNSW-NB15,test,5818,Normal,1,0.321151,0.38338,KNOWN
UNSW-NB15,test,5819,Exploits,1,0.095886,0.38338,KNOWN
UNSW-NB15,test,5820,Normal,1,0.340414,0.38338,KNOWN
UNSW-NB15,test,5821,Normal,1,0.22488,0.38338,KNOWN
UNSW-NB15,test,5822,Normal,1,0.111854,0.38338,KNOWN
UNSW-NB15,test,5823,Normal,1,0.35732,0.38338,KNOWN
UNSW-NB15,test,5824,Exploits,1,0.020106,0.38338,KNOWN
UNSW-NB15,test,5825,Exploits,1,0.097534,0.38338,KNOWN
UNSW-NB15,test,5826,Normal,1,0.09616,0.38338,KNOWN
UNSW-NB15,test,5827,Normal,1,0.079553,0.38338,KNOWN
UNSW-NB15,test,5828,Fuzzers,1,0.026114,0.38338,KNOWN
UNSW-NB15,test,5829,Normal,1,0.093354,0.38338,KNOWN
UNSW-NB15,test,5830,Normal,1,0.103585,0.38338,KNOWN
UNSW-NB15,test,5831,Exploits,1,0.104873,0.38338,KNOWN
UNSW-NB15,test,5832,Reconnaissance,1,0.047718,0.38338,KNOWN
UNSW-NB15,test,5833,Normal,1,0.152428,0.38338,KNOWN
UNSW-NB15,test,5834,Normal,1,0.233211,0.38338,KNOWN
UNSW-NB15,test,5835,Normal,1,0.406935,0.38338,ZERO_DAY
UNSW-NB15,test,5836,Exploits,1,0.119254,0.38338,KNOWN
UNSW-NB15,test,5837,DoS,1,0.173202,0.38338,KNOWN
UNSW-NB15,test,5838,Normal,1,0.321885,0.38338,KNOWN
UNSW-NB15,test,5839,Normal,1,0.357745,0.38338,KNOWN
UNSW-NB15,test,5840,Normal,1,0.173082,0.38338,KNOWN
UNSW-NB15,test,5841,Exploits,1,0.129774,0.38338,KNOWN
UNSW-NB15,test,5842,Exploits,1,0.066597,0.38338,KNOWN
UNSW-NB15,test,5843,Normal,1,0.353383,0.38338,KNOWN
UNSW-NB15,test,5844,Normal,1,0.137727,0.38338,KNOWN
UNSW-NB15,test,5845,Exploits,1,0.257907,0.38338,KNOWN
UNSW-NB15,test,5846,Exploits,1,0.081331,0.38338,KNOWN
UNSW-NB15,test,5847,Normal,1,0.067879,0.38338,KNOWN
UNSW-NB15,test,5848,Normal,1,0.087659,0.38338,KNOWN
UNSW-NB15,test,5849,DoS,1,0.193089,0.38338,KNOWN
UNSW-NB15,test,5850,Fuzzers,1,0.2676,0.38338,KNOWN
UNSW-NB15,test,5851,Normal,1,0.042011,0.38338,KNOWN
UNSW-NB15,test,5852,Normal,1,0.172099,0.38338,KNOWN
UNSW-NB15,test,5853,Exploits,1,0.048271,0.38338,KNOWN
UNSW-NB15,test,5854,Fuzzers,1,0.295624,0.38338,KNOWN
UNSW-NB15,test,5855,Reconnaissance,1,0.107689,0.38338,KNOWN
UNSW-NB15,test,5856,Normal,1,0.201757,0.38338,KNOWN
UNSW-NB15,test,5857,Normal,1,0.199496,0.38338,KNOWN
UNSW-NB15,test,5858,Normal,1,0.140532,0.38338,KNOWN
UNSW-NB15,test,5859,Normal,1,0.116919,0.38338,KNOWN
UNSW-NB15,test,5860,Normal,1,0.117006,0.38338,KNOWN
UNSW-NB15,test,5861,Exploits,1,0.131034,0.38338,KNOWN
UNSW-NB15,test,5862,Exploits,1,0.193447,0.38338,KNOWN
UNSW-NB15,test,5863,Exploits,1,0.109433,0.38338,KNOWN
UNSW-NB15,test,5864,Fuzzers,1,0.144314,0.38338,KNOWN
UNSW-NB15,test,5865,Reconnaissance,1,0.258573,0.38338,KNOWN
UNSW-NB15,test,5866,Exploits,1,0.14522,0.38338,KNOWN
UNSW-NB15,test,5867,Normal,1,0.133056,0.38338,KNOWN
UNSW-NB15,test,5868,Exploits,1,0.284012,0.38338,KNOWN
UNSW-NB15,test,5869,Normal,1,0.103831,0.38338,KNOWN
UNSW-NB15,test,5870,Fuzzers,1,0.224862,0.38338,KNOWN
UNSW-NB15,test,5871,Exploits,1,0.136622,0.38338,KNOWN
UNSW-NB15,test,5872,Normal,1,0.100867,0.38338,KNOWN
UNSW-NB15,test,5873,Normal,1,0.311651,0.38338,KNOWN
UNSW-NB15,test,5874,Normal,1,0.202277,0.38338,KNOWN
UNSW-NB15,test,5875,Fuzzers,1,0.058827,0.38338,KNOWN
UNSW-NB15,test,5876,Normal,1,0.117051,0.38338,KNOWN
UNSW-NB15,test,5877,Normal,1,0.11172,0.38338,KNOWN
UNSW-NB15,test,5878,Normal,1,0.129997,0.38338,KNOWN
UNSW-NB15,test,5879,Exploits,1,0.251061,0.38338,KNOWN
UNSW-NB15,test,5880,Normal,1,0.087245,0.38338,KNOWN
UNSW-NB15,test,5881,Exploits,1,0.295613,0.38338,KNOWN
UNSW-NB15,test,5882,Normal,1,0.127364,0.38338,KNOWN
UNSW-NB15,test,5883,Normal,1,0.124731,0.38338,KNOWN
UNSW-NB15,test,5884,Normal,1,0.135759,0.38338,KNOWN
UNSW-NB15,test,5885,Normal,1,0.160365,0.38338,KNOWN
UNSW-NB15,test,5886,Normal,1,0.164084,0.38338,KNOWN
UNSW-NB15,test,5887,Normal,1,0.074067,0.38338,KNOWN
UNSW-NB15,test,5888,Exploits,1,0.237108,0.38338,KNOWN
UNSW-NB15,test,5889,Normal,1,0.30802,0.38338,KNOWN
UNSW-NB15,test,5890,Normal,1,0.367364,0.38338,KNOWN
UNSW-NB15,test,5891,Exploits,1,0.437641,0.38338,ZERO_DAY
UNSW-NB15,test,5892,Normal,1,0.210587,0.38338,KNOWN
UNSW-NB15,test,5893,Fuzzers,1,0.268662,0.38338,KNOWN
UNSW-NB15,test,5894,Reconnaissance,1,0.059542,0.38338,KNOWN
UNSW-NB15,test,5895,Fuzzers,1,0.026194,0.38338,KNOWN
UNSW-NB15,test,5896,Normal,1,0.150368,0.38338,KNOWN
UNSW-NB15,test,5897,Normal,1,0.165099,0.38338,KNOWN
UNSW-NB15,test,5898,Normal,1,0.045852,0.38338,KNOWN
UNSW-NB15,test,5899,Reconnaissance,1,0.254438,0.38338,KNOWN
UNSW-NB15,test,5900,Exploits,1,0.259415,0.38338,KNOWN
UNSW-NB15,test,5901,Reconnaissance,1,0.268223,0.38338,KNOWN
UNSW-NB15,test,5902,Reconnaissance,1,0.098089,0.38338,KNOWN
UNSW-NB15,test,5903,Fuzzers,1,0.159514,0.38338,KNOWN
UNSW-NB15,test,5904,Exploits,1,0.241261,0.38338,KNOWN
UNSW-NB15,test,5905,Normal,1,0.587404,0.38338,ZERO_DAY
UNSW-NB15,test,5906,Exploits,1,0.153056,0.38338,KNOWN
UNSW-NB15,test,5907,Fuzzers,1,0.148265,0.38338,KNOWN
UNSW-NB15,test,5908,Exploits,1,0.119563,0.38338,KNOWN
UNSW-NB15,test,5909,Fuzzers,1,0.305479,0.38338,KNOWN
UNSW-NB15,test,5910,Fuzzers,1,0.079663,0.38338,KNOWN
UNSW-NB15,test,5911,Normal,1,0.236608,0.38338,KNOWN
UNSW-NB15,test,5912,Normal,1,0.292269,0.38338,KNOWN
UNSW-NB15,test,5913,Normal,1,0.197419,0.38338,KNOWN
UNSW-NB15,test,5914,Normal,1,0.104069,0.38338,KNOWN
UNSW-NB15,test,5915,Normal,1,0.183425,0.38338,KNOWN
UNSW-NB15,test,5916,Exploits,1,0.05046,0.38338,KNOWN
UNSW-NB15,test,5917,Exploits,1,0.10054,0.38338,KNOWN
UNSW-NB15,test,5918,Exploits,1,0.100111,0.38338,KNOWN
UNSW-NB15,test,5919,Normal,1,0.039474,0.38338,KNOWN
UNSW-NB15,test,5920,Normal,1,0.104685,0.38338,KNOWN
UNSW-NB15,test,5921,Fuzzers,1,0.162103,0.38338,KNOWN
UNSW-NB15,test,5922,Exploits,1,0.154879,0.38338,KNOWN
UNSW-NB15,test,5923,Exploits,1,0.249221,0.38338,KNOWN
UNSW-NB15,test,5924,Normal,1,0.362124,0.38338,KNOWN
UNSW-NB15,test,5925,Reconnaissance,1,0.057501,0.38338,KNOWN
UNSW-NB15,test,5926,Exploits,1,0.100917,0.38338,KNOWN
UNSW-NB15,test,5927,Normal,1,0.180462,0.38338,KNOWN
UNSW-NB15,test,5928,Normal,1,0.029523,0.38338,KNOWN
UNSW-NB15,test,5929,Fuzzers,1,0.084982,0.38338,KNOWN
UNSW-NB15,test,5930,Exploits,1,0.196615,0.38338,KNOWN
UNSW-NB15,test,5931,Fuzzers,1,0.01601,0.38338,KNOWN
UNSW-NB15,test,5932,Normal,1,0.318196,0.38338,KNOWN
UNSW-NB15,test,5933,DoS,1,0.117545,0.38338,KNOWN
UNSW-NB15,test,5934,Exploits,1,0.087931,0.38338,KNOWN
UNSW-NB15,test,5935,Exploits,1,0.262062,0.38338,KNOWN
UNSW-NB15,test,5936,Exploits,1,0.090349,0.38338,KNOWN
UNSW-NB15,test,5937,Normal,1,0.225087,0.38338,KNOWN
UNSW-NB15,test,5938,Normal,1,0.244399,0.38338,KNOWN
UNSW-NB15,test,5939,Exploits,1,0.242481,0.38338,KNOWN
UNSW-NB15,test,5940,Exploits,1,0.058257,0.38338,KNOWN
UNSW-NB15,test,5941,Normal,1,0.346099,0.38338,KNOWN
UNSW-NB15,test,5942,Exploits,1,0.244849,0.38338,KNOWN
UNSW-NB15,test,5943,Reconnaissance,1,0.128605,0.38338,KNOWN
UNSW-NB15,test,5944,Fuzzers,1,0.274268,0.38338,KNOWN
UNSW-NB15,test,5945,Normal,1,0.100382,0.38338,KNOWN
UNSW-NB15,test,5946,Exploits,1,0.402098,0.38338,ZERO_DAY
UNSW-NB15,test,5947,Normal,1,0.216679,0.38338,KNOWN
UNSW-NB15,test,5948,Normal,1,0.338321,0.38338,KNOWN
UNSW-NB15,test,5949,Normal,1,0.254555,0.38338,KNOWN
UNSW-NB15,test,5950,Exploits,1,0.209037,0.38338,KNOWN
UNSW-NB15,test,5951,Normal,1,0.329269,0.38338,KNOWN
UNSW-NB15,test,5952,Normal,1,0.095022,0.38338,KNOWN
UNSW-NB15,test,5953,Normal,1,0.150529,0.38338,KNOWN
UNSW-NB15,test,5954,Normal,1,0.128288,0.38338,KNOWN
UNSW-NB15,test,5955,Normal,1,0.25603,0.38338,KNOWN
UNSW-NB15,test,5956,Normal,1,0.096195,0.38338,KNOWN
UNSW-NB15,test,5957,Fuzzers,1,0.25565,0.38338,KNOWN
UNSW-NB15,test,5958,Exploits,1,0.154515,0.38338,KNOWN
UNSW-NB15,test,5959,Normal,1,0.371174,0.38338,KNOWN
UNSW-NB15,test,5960,Normal,1,0.28466,0.38338,KNOWN
UNSW-NB15,test,5961,Normal,1,0.331155,0.38338,KNOWN
UNSW-NB15,test,5962,Normal,1,0.168928,0.38338,KNOWN
UNSW-NB15,test,5963,Fuzzers,1,0.259174,0.38338,KNOWN
UNSW-NB15,test,5964,Normal,1,0.120368,0.38338,KNOWN
UNSW-NB15,test,5965,Normal,1,0.455452,0.38338,ZERO_DAY
UNSW-NB15,test,5966,Normal,1,0.18536,0.38338,KNOWN
UNSW-NB15,test,5967,Fuzzers,1,0.182662,0.38338,KNOWN
UNSW-NB15,test,5968,Normal,1,0.085519,0.38338,KNOWN
UNSW-NB15,test,5969,Normal,1,0.253356,0.38338,KNOWN
UNSW-NB15,test,5970,Reconnaissance,1,0.12412,0.38338,KNOWN
UNSW-NB15,test,5971,Fuzzers,1,0.136917,0.38338,KNOWN
UNSW-NB15,test,5972,Normal,1,0.069174,0.38338,KNOWN
UNSW-NB15,test,5973,Fuzzers,1,0.110032,0.38338,KNOWN
UNSW-NB15,test,5974,Normal,1,0.194517,0.38338,KNOWN
UNSW-NB15,test,5975,Exploits,1,0.038361,0.38338,KNOWN
UNSW-NB15,test,5976,Normal,1,0.207065,0.38338,KNOWN
UNSW-NB15,test,5977,Normal,1,0.031676,0.38338,KNOWN
UNSW-NB15,test,5978,Exploits,1,0.469989,0.38338,ZERO_DAY
UNSW-NB15,test,5979,Normal,1,0.224219,0.38338,KNOWN
UNSW-NB15,test,5980,Fuzzers,1,0.68518,0.38338,ZERO_DAY
UNSW-NB15,test,5981,Exploits,1,0.037022,0.38338,KNOWN
UNSW-NB15,test,5982,Normal,1,0.256965,0.38338,KNOWN
UNSW-NB15,test,5983,Normal,1,0.076229,0.38338,KNOWN
UNSW-NB15,test,5984,Normal,1,0.210404,0.38338,KNOWN
UNSW-NB15,test,5985,Normal,1,0.161526,0.38338,KNOWN
UNSW-NB15,test,5986,Exploits,1,0.285976,0.38338,KNOWN
UNSW-NB15,test,5987,Fuzzers,1,0.160582,0.38338,KNOWN
UNSW-NB15,test,5988,Normal,1,0.341401,0.38338,KNOWN
UNSW-NB15,test,5989,Fuzzers,1,0.211285,0.38338,KNOWN
UNSW-NB15,test,5990,Normal,1,0.010768,0.38338,KNOWN
UNSW-NB15,test,5991,Normal,1,0.107533,0.38338,KNOWN
UNSW-NB15,test,5992,Normal,1,0.141433,0.38338,KNOWN
UNSW-NB15,test,5993,Exploits,1,0.046111,0.38338,KNOWN
UNSW-NB15,test,5994,Normal,1,0.382373,0.38338,KNOWN
UNSW-NB15,test,5995,Exploits,1,0.035705,0.38338,KNOWN
UNSW-NB15,test,5996,Normal,1,0.114288,0.38338,KNOWN
UNSW-NB15,test,5997,Fuzzers,1,0.291475,0.38338,KNOWN
UNSW-NB15,test,5998,Normal,1,0.309416,0.38338,KNOWN
UNSW-NB15,test,5999,Normal,1,0.356122,0.38338,KNOWN
UNSW-NB15,test,6000,Exploits,1,0.243083,0.38338,KNOWN
UNSW-NB15,test,6001,Normal,1,0.084869,0.38338,KNOWN
UNSW-NB15,test,6002,Normal,1,0.302628,0.38338,KNOWN
UNSW-NB15,test,6003,Normal,1,0.273154,0.38338,KNOWN
UNSW-NB15,test,6004,Normal,1,0.199367,0.38338,KNOWN
UNSW-NB15,test,6005,Normal,1,0.246897,0.38338,KNOWN
UNSW-NB15,test,6006,Normal,1,0.352151,0.38338,KNOWN
UNSW-NB15,test,6007,Fuzzers,1,0.364605,0.38338,KNOWN
UNSW-NB15,test,6008,Fuzzers,1,0.349149,0.38338,KNOWN
UNSW-NB15,test,6009,Reconnaissance,1,0.253218,0.38338,KNOWN
UNSW-NB15,test,6010,Normal,1,0.199307,0.38338,KNOWN
UNSW-NB15,test,6011,Normal,1,0.167829,0.38338,KNOWN
UNSW-NB15,test,6012,Exploits,1,0.159841,0.38338,KNOWN
UNSW-NB15,test,6013,Normal,1,0.049454,0.38338,KNOWN
UNSW-NB15,test,6014,Fuzzers,1,0.050176,0.38338,KNOWN
UNSW-NB15,test,6015,Normal,1,0.108292,0.38338,KNOWN
UNSW-NB15,test,6016,DoS,1,0.073767,0.38338,KNOWN
UNSW-NB15,test,6017,Normal,1,0.330471,0.38338,KNOWN
UNSW-NB15,test,6018,Generic,1,0.153077,0.38338,KNOWN
UNSW-NB15,test,6019,Exploits,1,0.324949,0.38338,KNOWN
UNSW-NB15,test,6020,Normal,1,0.255865,0.38338,KNOWN
UNSW-NB15,test,6021,Reconnaissance,1,0.343435,0.38338,KNOWN
UNSW-NB15,test,6022,Normal,1,0.124353,0.38338,KNOWN
UNSW-NB15,test,6023,Fuzzers,1,0.228987,0.38338,KNOWN
UNSW-NB15,test,6024,Fuzzers,1,0.23754,0.38338,KNOWN
UNSW-NB15,test,6025,Normal,1,0.178842,0.38338,KNOWN
UNSW-NB15,test,6026,Exploits,1,0.028513,0.38338,KNOWN
UNSW-NB15,test,6027,Normal,1,0.350896,0.38338,KNOWN
UNSW-NB15,test,6028,Normal,1,0.103064,0.38338,KNOWN
UNSW-NB15,test,6029,Fuzzers,1,0.211079,0.38338,KNOWN
UNSW-NB15,test,6030,Fuzzers,1,0.22167,0.38338,KNOWN
UNSW-NB15,test,6031,Exploits,1,0.398059,0.38338,ZERO_DAY
UNSW-NB15,test,6032,Exploits,1,0.07215,0.38338,KNOWN
UNSW-NB15,test,6033,Normal,1,0.170344,0.38338,KNOWN
UNSW-NB15,test,6034,Normal,1,0.319904,0.38338,KNOWN
UNSW-NB15,test,6035,Exploits,1,0.344872,0.38338,KNOWN
UNSW-NB15,test,6036,Normal,1,0.089053,0.38338,KNOWN
UNSW-NB15,test,6037,Fuzzers,1,0.204887,0.38338,KNOWN
UNSW-NB15,test,6038,Normal,1,0.219023,0.38338,KNOWN
UNSW-NB15,test,6039,Fuzzers,1,0.200471,0.38338,KNOWN
UNSW-NB15,test,6040,Normal,1,0.067768,0.38338,KNOWN
UNSW-NB15,test,6041,Exploits,1,0.170674,0.38338,KNOWN
UNSW-NB15,test,6042,Reconnaissance,1,0.046868,0.38338,KNOWN
UNSW-NB15,test,6043,Fuzzers,1,0.025852,0.38338,KNOWN
UNSW-NB15,test,6044,Normal,1,0.101998,0.38338,KNOWN
UNSW-NB15,test,6045,Reconnaissance,1,0.357372,0.38338,KNOWN
UNSW-NB15,test,6046,DoS,1,0.191861,0.38338,KNOWN
UNSW-NB15,test,6047,Normal,1,0.209018,0.38338,KNOWN
UNSW-NB15,test,6048,Normal,1,0.127132,0.38338,KNOWN
UNSW-NB15,test,6049,Normal,1,0.162375,0.38338,KNOWN
UNSW-NB15,test,6050,Normal,1,0.20869,0.38338,KNOWN
UNSW-NB15,test,6051,Normal,1,0.309712,0.38338,KNOWN
UNSW-NB15,test,6052,Exploits,1,0.123115,0.38338,KNOWN
UNSW-NB15,test,6053,Exploits,1,0.223181,0.38338,KNOWN
UNSW-NB15,test,6054,Normal,1,0.376922,0.38338,KNOWN
UNSW-NB15,test,6055,Analysis,1,0.075789,0.38338,KNOWN
UNSW-NB15,test,6056,Normal,1,0.132742,0.38338,KNOWN
UNSW-NB15,test,6057,Fuzzers,1,0.180617,0.38338,KNOWN
UNSW-NB15,test,6058,Normal,1,0.365476,0.38338,KNOWN
UNSW-NB15,test,6059,Normal,1,0.094316,0.38338,KNOWN
UNSW-NB15,test,6060,Exploits,1,0.101665,0.38338,KNOWN
UNSW-NB15,test,6061,Exploits,1,0.351404,0.38338,KNOWN
UNSW-NB15,test,6062,Fuzzers,1,0.027191,0.38338,KNOWN
UNSW-NB15,test,6063,Exploits,1,0.110255,0.38338,KNOWN
UNSW-NB15,test,6064,Exploits,1,0.122858,0.38338,KNOWN
UNSW-NB15,test,6065,Normal,1,0.280117,0.38338,KNOWN
UNSW-NB15,test,6066,Normal,1,0.353744,0.38338,KNOWN
UNSW-NB15,test,6067,Normal,1,0.310911,0.38338,KNOWN
UNSW-NB15,test,6068,Normal,1,0.033318,0.38338,KNOWN
UNSW-NB15,test,6069,Normal,1,0.242249,0.38338,KNOWN
UNSW-NB15,test,6070,Normal,1,0.134982,0.38338,KNOWN
UNSW-NB15,test,6071,Normal,1,0.18432,0.38338,KNOWN
UNSW-NB15,test,6072,Normal,1,0.188466,0.38338,KNOWN
UNSW-NB15,test,6073,Reconnaissance,1,0.402765,0.38338,ZERO_DAY
UNSW-NB15,test,6074,Fuzzers,1,0.296792,0.38338,KNOWN
UNSW-NB15,test,6075,Normal,1,0.014032,0.38338,KNOWN
UNSW-NB15,test,6076,Exploits,1,0.165161,0.38338,KNOWN
UNSW-NB15,test,6077,Normal,1,0.107219,0.38338,KNOWN
UNSW-NB15,test,6078,Normal,1,0.158904,0.38338,KNOWN
UNSW-NB15,test,6079,Normal,1,0.303698,0.38338,KNOWN
UNSW-NB15,test,6080,Normal,1,0.339277,0.38338,KNOWN
UNSW-NB15,test,6081,Normal,1,0.181049,0.38338,KNOWN
UNSW-NB15,test,6082,Normal,1,0.084286,0.38338,KNOWN
UNSW-NB15,test,6083,Exploits,1,0.241518,0.38338,KNOWN
UNSW-NB15,test,6084,Normal,1,0.196534,0.38338,KNOWN
UNSW-NB15,test,6085,Exploits,1,0.343769,0.38338,KNOWN
UNSW-NB15,test,6086,Normal,1,0.177561,0.38338,KNOWN
UNSW-NB15,test,6087,Normal,1,0.301254,0.38338,KNOWN
UNSW-NB15,test,6088,Exploits,1,0.066361,0.38338,KNOWN
UNSW-NB15,test,6089,Reconnaissance,1,0.168837,0.38338,KNOWN
UNSW-NB15,test,6090,Normal,1,0.219507,0.38338,KNOWN
UNSW-NB15,test,6091,Normal,1,0.087669,0.38338,KNOWN
UNSW-NB15,test,6092,Normal,1,0.079986,0.38338,KNOWN
UNSW-NB15,test,6093,Normal,1,0.254461,0.38338,KNOWN
UNSW-NB15,test,6094,Normal,1,0.249333,0.38338,KNOWN
UNSW-NB15,test,6095,DoS,1,0.126106,0.38338,KNOWN
UNSW-NB15,test,6096,Backdoor,1,0.378542,0.38338,KNOWN
UNSW-NB15,test,6097,Normal,1,0.06215,0.38338,KNOWN
UNSW-NB15,test,6098,Exploits,1,0.019033,0.38338,KNOWN
UNSW-NB15,test,6099,Exploits,1,0.156907,0.38338,KNOWN
UNSW-NB15,test,6100,Exploits,1,0.082692,0.38338,KNOWN
UNSW-NB15,test,6101,Fuzzers,1,0.158896,0.38338,KNOWN
UNSW-NB15,test,6102,Fuzzers,1,0.342022,0.38338,KNOWN
UNSW-NB15,test,6103,Normal,1,0.219785,0.38338,KNOWN
UNSW-NB15,test,6104,Exploits,1,0.303875,0.38338,KNOWN
UNSW-NB15,test,6105,Exploits,1,0.129491,0.38338,KNOWN
UNSW-NB15,test,6106,Exploits,1,0.489259,0.38338,ZERO_DAY
UNSW-NB15,test,6107,Reconnaissance,1,0.14943,0.38338,KNOWN
UNSW-NB15,test,6108,Exploits,1,0.061462,0.38338,KNOWN
UNSW-NB15,test,6109,Normal,1,0.227986,0.38338,KNOWN
UNSW-NB15,test,6110,Normal,1,0.169763,0.38338,KNOWN
UNSW-NB15,test,6111,Normal,1,0.184188,0.38338,KNOWN
UNSW-NB15,test,6112,DoS,1,0.452069,0.38338,ZERO_DAY
UNSW-NB15,test,6113,Exploits,1,0.239092,0.38338,KNOWN
UNSW-NB15,test,6114,Normal,1,0.176609,0.38338,KNOWN
UNSW-NB15,test,6115,Exploits,1,0.171774,0.38338,KNOWN
UNSW-NB15,test,6116,Normal,1,0.028769,0.38338,KNOWN
UNSW-NB15,test,6117,Reconnaissance,1,0.3789,0.38338,KNOWN
UNSW-NB15,test,6118,Normal,1,0.284332,0.38338,KNOWN
UNSW-NB15,test,6119,Reconnaissance,1,0.032431,0.38338,KNOWN
UNSW-NB15,test,6120,Reconnaissance,1,0.061912,0.38338,KNOWN
UNSW-NB15,test,6121,Fuzzers,1,0.112005,0.38338,KNOWN
UNSW-NB15,test,6122,Fuzzers,1,0.16508,0.38338,KNOWN
UNSW-NB15,test,6123,Normal,1,0.145675,0.38338,KNOWN
UNSW-NB15,test,6124,Normal,1,0.244936,0.38338,KNOWN
UNSW-NB15,test,6125,Normal,1,0.13508,0.38338,KNOWN
UNSW-NB15,test,6126,Normal,1,0.076867,0.38338,KNOWN
UNSW-NB15,test,6127,Exploits,1,0.184825,0.38338,KNOWN
UNSW-NB15,test,6128,Normal,1,0.212182,0.38338,KNOWN
UNSW-NB15,test,6129,Normal,1,0.077225,0.38338,KNOWN
UNSW-NB15,test,6130,Normal,1,0.215653,0.38338,KNOWN
UNSW-NB15,test,6131,Normal,1,0.246125,0.38338,KNOWN
UNSW-NB15,test,6132,Normal,1,0.240646,0.38338,KNOWN
UNSW-NB15,test,6133,Normal,1,0.097261,0.38338,KNOWN
UNSW-NB15,test,6134,Fuzzers,1,0.040677,0.38338,KNOWN
UNSW-NB15,test,6135,Normal,1,0.211773,0.38338,KNOWN
UNSW-NB15,test,6136,Exploits,1,0.250373,0.38338,KNOWN
UNSW-NB15,test,6137,Normal,1,0.066654,0.38338,KNOWN
UNSW-NB15,test,6138,Normal,1,0.151731,0.38338,KNOWN
UNSW-NB15,test,6139,Normal,1,0.089739,0.38338,KNOWN
UNSW-NB15,test,6140,Normal,1,0.246455,0.38338,KNOWN
UNSW-NB15,test,6141,Normal,1,0.237538,0.38338,KNOWN
UNSW-NB15,test,6142,Normal,1,0.082702,0.38338,KNOWN
UNSW-NB15,test,6143,Normal,1,0.131556,0.38338,KNOWN
UNSW-NB15,test,6144,Normal,1,0.281967,0.38338,KNOWN
UNSW-NB15,test,6145,Normal,1,0.142643,0.38338,KNOWN
UNSW-NB15,test,6146,Normal,1,0.204117,0.38338,KNOWN
UNSW-NB15,test,6147,Normal,1,0.186219,0.38338,KNOWN
UNSW-NB15,test,6148,Normal,1,0.176726,0.38338,KNOWN
UNSW-NB15,test,6149,Normal,1,0.277184,0.38338,KNOWN
UNSW-NB15,test,6150,Normal,1,0.106979,0.38338,KNOWN
UNSW-NB15,test,6151,Reconnaissance,1,0.137966,0.38338,KNOWN
UNSW-NB15,test,6152,Normal,1,0.275402,0.38338,KNOWN
UNSW-NB15,test,6153,Normal,1,0.175511,0.38338,KNOWN
UNSW-NB15,test,6154,Reconnaissance,1,0.119365,0.38338,KNOWN
UNSW-NB15,test,6155,Normal,1,0.085589,0.38338,KNOWN
UNSW-NB15,test,6156,Normal,1,0.253851,0.38338,KNOWN
UNSW-NB15,test,6157,Exploits,1,0.329336,0.38338,KNOWN
UNSW-NB15,test,6158,Normal,1,0.091406,0.38338,KNOWN
UNSW-NB15,test,6159,Fuzzers,1,0.314424,0.38338,KNOWN
UNSW-NB15,test,6160,Normal,1,0.208233,0.38338,KNOWN
UNSW-NB15,test,6161,Normal,1,0.049078,0.38338,KNOWN
UNSW-NB15,test,6162,Normal,1,0.122618,0.38338,KNOWN
UNSW-NB15,test,6163,Normal,1,0.20854,0.38338,KNOWN
UNSW-NB15,test,6164,Normal,1,0.201969,0.38338,KNOWN
UNSW-NB15,test,6165,Normal,1,0.08949,0.38338,KNOWN
UNSW-NB15,test,6166,Fuzzers,1,0.108165,0.38338,KNOWN
UNSW-NB15,test,6167,Fuzzers,1,0.138664,0.38338,KNOWN
UNSW-NB15,test,6168,Normal,1,0.004494,0.38338,KNOWN
UNSW-NB15,test,6169,Fuzzers,1,0.085825,0.38338,KNOWN
UNSW-NB15,test,6170,Normal,1,0.30653,0.38338,KNOWN
UNSW-NB15,test,6171,Normal,1,0.094666,0.38338,KNOWN
UNSW-NB15,test,6172,Fuzzers,1,0.116629,0.38338,KNOWN
UNSW-NB15,test,6173,DoS,1,0.03606,0.38338,KNOWN
UNSW-NB15,test,6174,Normal,1,0.164104,0.38338,KNOWN
UNSW-NB15,test,6175,DoS,1,0.137034,0.38338,KNOWN
UNSW-NB15,test,6176,Reconnaissance,1,0.163189,0.38338,KNOWN
UNSW-NB15,test,6177,Normal,1,0.192526,0.38338,KNOWN
UNSW-NB15,test,6178,Normal,1,0.278688,0.38338,KNOWN
UNSW-NB15,test,6179,DoS,1,0.281635,0.38338,KNOWN
UNSW-NB15,test,6180,Normal,1,0.24134,0.38338,KNOWN
UNSW-NB15,test,6181,Normal,1,0.315275,0.38338,KNOWN
UNSW-NB15,test,6182,Normal,1,0.082817,0.38338,KNOWN
UNSW-NB15,test,6183,Normal,1,0.218721,0.38338,KNOWN
UNSW-NB15,test,6184,Exploits,1,0.045362,0.38338,KNOWN
UNSW-NB15,test,6185,Normal,1,0.205543,0.38338,KNOWN
UNSW-NB15,test,6186,Exploits,1,0.451025,0.38338,ZERO_DAY
UNSW-NB15,test,6187,Fuzzers,1,0.202336,0.38338,KNOWN
UNSW-NB15,test,6188,DoS,1,0.013497,0.38338,KNOWN
UNSW-NB15,test,6189,Fuzzers,1,0.079469,0.38338,KNOWN
UNSW-NB15,test,6190,Normal,1,0.159608,0.38338,KNOWN
UNSW-NB15,test,6191,Fuzzers,1,0.202039,0.38338,KNOWN
UNSW-NB15,test,6192,Normal,1,0.101281,0.38338,KNOWN
UNSW-NB15,test,6193,Normal,1,0.061185,0.38338,KNOWN
UNSW-NB15,test,6194,Normal,1,0.126646,0.38338,KNOWN
UNSW-NB15,test,6195,Normal,1,0.081971,0.38338,KNOWN
UNSW-NB15,test,6196,Normal,1,0.067646,0.38338,KNOWN
UNSW-NB15,test,6197,Normal,1,0.212261,0.38338,KNOWN
UNSW-NB15,test,6198,Exploits,1,0.088308,0.38338,KNOWN
UNSW-NB15,test,6199,Normal,1,0.080143,0.38338,KNOWN
UNSW-NB15,test,6200,Normal,1,0.158542,0.38338,KNOWN
UNSW-NB15,test,6201,Exploits,1,0.325542,0.38338,KNOWN
UNSW-NB15,test,6202,Normal,1,0.23397,0.38338,KNOWN
UNSW-NB15,test,6203,Analysis,1,0.357227,0.38338,KNOWN
UNSW-NB15,test,6204,Normal,1,0.255461,0.38338,KNOWN
UNSW-NB15,test,6205,Normal,1,0.178209,0.38338,KNOWN
UNSW-NB15,test,6206,Exploits,1,0.215434,0.38338,KNOWN
UNSW-NB15,test,6207,Exploits,1,0.246742,0.38338,KNOWN
UNSW-NB15,test,6208,Normal,1,0.133922,0.38338,KNOWN
UNSW-NB15,test,6209,Normal,1,0.149065,0.38338,KNOWN
UNSW-NB15,test,6210,Normal,1,0.334083,0.38338,KNOWN
UNSW-NB15,test,6211,Fuzzers,1,0.273178,0.38338,KNOWN
UNSW-NB15,test,6212,Fuzzers,1,0.175897,0.38338,KNOWN
UNSW-NB15,test,6213,Normal,1,0.119656,0.38338,KNOWN
UNSW-NB15,test,6214,Normal,1,0.030876,0.38338,KNOWN
UNSW-NB15,test,6215,Normal,1,0.317041,0.38338,KNOWN
UNSW-NB15,test,6216,Normal,1,0.110805,0.38338,KNOWN
UNSW-NB15,test,6217,Normal,1,0.097897,0.38338,KNOWN
UNSW-NB15,test,6218,Normal,1,0.151099,0.38338,KNOWN
UNSW-NB15,test,6219,Normal,1,0.289057,0.38338,KNOWN
UNSW-NB15,test,6220,Normal,1,0.236219,0.38338,KNOWN
UNSW-NB15,test,6221,Normal,1,0.25946,0.38338,KNOWN
UNSW-NB15,test,6222,Fuzzers,1,0.296881,0.38338,KNOWN
UNSW-NB15,test,6223,Exploits,1,0.14215,0.38338,KNOWN
UNSW-NB15,test,6224,Normal,1,0.174618,0.38338,KNOWN
UNSW-NB15,test,6225,Exploits,1,0.680615,0.38338,ZERO_DAY
UNSW-NB15,test,6226,Normal,1,0.238854,0.38338,KNOWN
UNSW-NB15,test,6227,Normal,1,0.137901,0.38338,KNOWN
UNSW-NB15,test,6228,Normal,1,0.28488,0.38338,KNOWN
UNSW-NB15,test,6229,Normal,1,0.20155,0.38338,KNOWN
UNSW-NB15,test,6230,Normal,1,0.326305,0.38338,KNOWN
UNSW-NB15,test,6231,Normal,1,0.037296,0.38338,KNOWN
UNSW-NB15,test,6232,Normal,1,0.297278,0.38338,KNOWN
UNSW-NB15,test,6233,Normal,1,0.118905,0.38338,KNOWN
UNSW-NB15,test,6234,Normal,1,0.036758,0.38338,KNOWN
UNSW-NB15,test,6235,Normal,1,0.125218,0.38338,KNOWN
UNSW-NB15,test,6236,Normal,1,0.038098,0.38338,KNOWN
UNSW-NB15,test,6237,Normal,1,0.421559,0.38338,ZERO_DAY
UNSW-NB15,test,6238,Normal,1,0.074716,0.38338,KNOWN
UNSW-NB15,test,6239,Normal,1,0.262703,0.38338,KNOWN
UNSW-NB15,test,6240,Exploits,1,0.125545,0.38338,KNOWN
UNSW-NB15,test,6241,DoS,1,0.059454,0.38338,KNOWN
UNSW-NB15,test,6242,Exploits,1,0.064746,0.38338,KNOWN
UNSW-NB15,test,6243,Normal,1,0.281749,0.38338,KNOWN
UNSW-NB15,test,6244,Exploits,1,0.149283,0.38338,KNOWN
UNSW-NB15,test,6245,Normal,1,0.044888,0.38338,KNOWN
UNSW-NB15,test,6246,Fuzzers,1,0.162213,0.38338,KNOWN
UNSW-NB15,test,6247,Normal,1,0.0408,0.38338,KNOWN
UNSW-NB15,test,6248,Normal,1,0.105858,0.38338,KNOWN
UNSW-NB15,test,6249,Normal,1,0.241855,0.38338,KNOWN
UNSW-NB15,test,6250,Exploits,1,0.202318,0.38338,KNOWN
UNSW-NB15,test,6251,Reconnaissance,1,0.173455,0.38338,KNOWN
UNSW-NB15,test,6252,Normal,1,0.074152,0.38338,KNOWN
UNSW-NB15,test,6253,Normal,1,0.371203,0.38338,KNOWN
UNSW-NB15,test,6254,Normal,1,0.075476,0.38338,KNOWN
UNSW-NB15,test,6255,Fuzzers,1,0.06623,0.38338,KNOWN
UNSW-NB15,test,6256,Normal,1,0.074774,0.38338,KNOWN
UNSW-NB15,test,6257,Normal,1,0.065425,0.38338,KNOWN
UNSW-NB15,test,6258,Normal,1,0.289299,0.38338,KNOWN
UNSW-NB15,test,6259,Normal,1,0.119438,0.38338,KNOWN
UNSW-NB15,test,6260,Reconnaissance,1,0.262849,0.38338,KNOWN
UNSW-NB15,test,6261,Normal,1,0.096142,0.38338,KNOWN
UNSW-NB15,test,6262,Normal,1,0.134109,0.38338,KNOWN
UNSW-NB15,test,6263,Normal,1,0.133989,0.38338,KNOWN
UNSW-NB15,test,6264,Fuzzers,1,0.079703,0.38338,KNOWN
UNSW-NB15,test,6265,Normal,1,0.088829,0.38338,KNOWN
UNSW-NB15,test,6266,Normal,1,0.212898,0.38338,KNOWN
UNSW-NB15,test,6267,Normal,1,0.201916,0.38338,KNOWN
UNSW-NB15,test,6268,Normal,1,0.155309,0.38338,KNOWN
UNSW-NB15,test,6269,Normal,1,0.177607,0.38338,KNOWN
UNSW-NB15,test,6270,Normal,1,0.027073,0.38338,KNOWN
UNSW-NB15,test,6271,Normal,1,0.13768,0.38338,KNOWN
UNSW-NB15,test,6272,Normal,1,0.117143,0.38338,KNOWN
UNSW-NB15,test,6273,Normal,1,0.199217,0.38338,KNOWN
UNSW-NB15,test,6274,Normal,1,0.309464,0.38338,KNOWN
UNSW-NB15,test,6275,Normal,1,0.192857,0.38338,KNOWN
UNSW-NB15,test,6276,Exploits,1,0.244823,0.38338,KNOWN
UNSW-NB15,test,6277,Normal,1,0.26236,0.38338,KNOWN
UNSW-NB15,test,6278,Normal,1,0.11082,0.38338,KNOWN
UNSW-NB15,test,6279,Normal,1,0.187315,0.38338,KNOWN
UNSW-NB15,test,6280,Normal,1,0.136278,0.38338,KNOWN
UNSW-NB15,test,6281,Normal,1,0.054187,0.38338,KNOWN
UNSW-NB15,test,6282,DoS,1,0.391909,0.38338,ZERO_DAY
UNSW-NB15,test,6283,Normal,1,0.221902,0.38338,KNOWN
UNSW-NB15,test,6284,Exploits,1,0.091756,0.38338,KNOWN
UNSW-NB15,test,6285,Normal,1,0.316186,0.38338,KNOWN
UNSW-NB15,test,6286,DoS,1,0.108529,0.38338,KNOWN
UNSW-NB15,test,6287,Normal,1,0.101697,0.38338,KNOWN
UNSW-NB15,test,6288,Normal,1,0.108678,0.38338,KNOWN
UNSW-NB15,test,6289,Reconnaissance,1,0.166746,0.38338,KNOWN
UNSW-NB15,test,6290,DoS,1,0.241985,0.38338,KNOWN
UNSW-NB15,test,6291,DoS,1,0.147857,0.38338,KNOWN
UNSW-NB15,test,6292,Normal,1,0.49732,0.38338,ZERO_DAY
UNSW-NB15,test,6293,Normal,1,0.348238,0.38338,KNOWN
UNSW-NB15,test,6294,Normal,1,0.087624,0.38338,KNOWN
UNSW-NB15,test,6295,Normal,1,0.270185,0.38338,KNOWN
UNSW-NB15,test,6296,Exploits,1,0.154682,0.38338,KNOWN
UNSW-NB15,test,6297,Normal,1,0.030955,0.38338,KNOWN
UNSW-NB15,test,6298,Normal,1,0.128708,0.38338,KNOWN
UNSW-NB15,test,6299,Fuzzers,1,0.10679,0.38338,KNOWN
UNSW-NB15,test,6300,Normal,1,0.088977,0.38338,KNOWN
UNSW-NB15,test,6301,Exploits,1,0.294931,0.38338,KNOWN
UNSW-NB15,test,6302,Normal,1,0.134958,0.38338,KNOWN
UNSW-NB15,test,6303,Fuzzers,1,0.094151,0.38338,KNOWN
UNSW-NB15,test,6304,Normal,1,0.136636,0.38338,KNOWN
UNSW-NB15,test,6305,Normal,1,0.13833,0.38338,KNOWN
UNSW-NB15,test,6306,DoS,1,0.132584,0.38338,KNOWN
UNSW-NB15,test,6307,Normal,1,0.180689,0.38338,KNOWN
UNSW-NB15,test,6308,Normal,1,0.064195,0.38338,KNOWN
UNSW-NB15,test,6309,Normal,1,0.020696,0.38338,KNOWN
UNSW-NB15,test,6310,Fuzzers,1,0.317032,0.38338,KNOWN
UNSW-NB15,test,6311,Exploits,1,0.150701,0.38338,KNOWN
UNSW-NB15,test,6312,Normal,1,0.352316,0.38338,KNOWN
UNSW-NB15,test,6313,Exploits,1,0.090045,0.38338,KNOWN
UNSW-NB15,test,6314,Normal,1,0.188684,0.38338,KNOWN
UNSW-NB15,test,6315,Reconnaissance,1,0.348544,0.38338,KNOWN
UNSW-NB15,test,6316,Normal,1,0.053057,0.38338,KNOWN
UNSW-NB15,test,6317,Fuzzers,1,0.008905,0.38338,KNOWN
UNSW-NB15,test,6318,Exploits,1,0.204165,0.38338,KNOWN
UNSW-NB15,test,6319,Reconnaissance,1,0.267492,0.38338,KNOWN
UNSW-NB15,test,6320,Normal,1,0.459983,0.38338,ZERO_DAY
UNSW-NB15,test,6321,Exploits,1,0.182055,0.38338,KNOWN
UNSW-NB15,test,6322,Fuzzers,1,0.214346,0.38338,KNOWN
UNSW-NB15,test,6323,Normal,1,0.120166,0.38338,KNOWN
UNSW-NB15,test,6324,Normal,1,0.070324,0.38338,KNOWN
UNSW-NB15,test,6325,Exploits,1,0.185715,0.38338,KNOWN
UNSW-NB15,test,6326,Normal,1,0.156856,0.38338,KNOWN
UNSW-NB15,test,6327,Exploits,1,0.162661,0.38338,KNOWN
UNSW-NB15,test,6328,Normal,1,0.156638,0.38338,KNOWN
UNSW-NB15,test,6329,Normal,1,0.159446,0.38338,KNOWN
UNSW-NB15,test,6330,Exploits,1,0.178846,0.38338,KNOWN
UNSW-NB15,test,6331,Fuzzers,1,0.037883,0.38338,KNOWN
UNSW-NB15,test,6332,Normal,1,0.162778,0.38338,KNOWN
UNSW-NB15,test,6333,Normal,1,0.20829,0.38338,KNOWN
UNSW-NB15,test,6334,Normal,1,0.288953,0.38338,KNOWN
UNSW-NB15,test,6335,Normal,1,0.119524,0.38338,KNOWN
UNSW-NB15,test,6336,Exploits,1,0.179031,0.38338,KNOWN
UNSW-NB15,test,6337,Normal,1,0.095624,0.38338,KNOWN
UNSW-NB15,test,6338,Exploits,1,0.091844,0.38338,KNOWN
UNSW-NB15,test,6339,Fuzzers,1,0.125638,0.38338,KNOWN
UNSW-NB15,test,6340,Normal,1,0.032617,0.38338,KNOWN
UNSW-NB15,test,6341,Normal,1,0.136489,0.38338,KNOWN
UNSW-NB15,test,6342,Normal,1,0.092065,0.38338,KNOWN
UNSW-NB15,test,6343,Exploits,1,0.08116,0.38338,KNOWN
UNSW-NB15,test,6344,Normal,1,0.317663,0.38338,KNOWN
UNSW-NB15,test,6345,Reconnaissance,1,0.19878,0.38338,KNOWN
UNSW-NB15,test,6346,Exploits,1,0.124853,0.38338,KNOWN
UNSW-NB15,test,6347,Reconnaissance,1,0.038772,0.38338,KNOWN
UNSW-NB15,test,6348,Exploits,1,0.172259,0.38338,KNOWN
UNSW-NB15,test,6349,Normal,1,0.356683,0.38338,KNOWN
UNSW-NB15,test,6350,Normal,1,0.319822,0.38338,KNOWN
UNSW-NB15,test,6351,Generic,1,0.359376,0.38338,KNOWN
UNSW-NB15,test,6352,Normal,1,0.207469,0.38338,KNOWN
UNSW-NB15,test,6353,Normal,1,0.096534,0.38338,KNOWN
UNSW-NB15,test,6354,Normal,1,0.207708,0.38338,KNOWN
UNSW-NB15,test,6355,Backdoor,1,0.334752,0.38338,KNOWN
UNSW-NB15,test,6356,Exploits,1,0.21147,0.38338,KNOWN
UNSW-NB15,test,6357,Normal,1,0.291636,0.38338,KNOWN
UNSW-NB15,test,6358,Exploits,1,0.108912,0.38338,KNOWN
UNSW-NB15,test,6359,Normal,1,0.239815,0.38338,KNOWN
UNSW-NB15,test,6360,Normal,1,0.033822,0.38338,KNOWN
UNSW-NB15,test,6361,Exploits,1,0.226264,0.38338,KNOWN
UNSW-NB15,test,6362,Normal,1,0.364294,0.38338,KNOWN
UNSW-NB15,test,6363,Fuzzers,1,0.102828,0.38338,KNOWN
UNSW-NB15,test,6364,Fuzzers,1,0.189564,0.38338,KNOWN
UNSW-NB15,test,6365,Normal,1,0.221978,0.38338,KNOWN
UNSW-NB15,test,6366,Normal,1,0.396374,0.38338,ZERO_DAY
UNSW-NB15,test,6367,Normal,1,0.061803,0.38338,KNOWN
UNSW-NB15,test,6368,Exploits,1,0.052044,0.38338,KNOWN
UNSW-NB15,test,6369,Normal,1,0.074506,0.38338,KNOWN
UNSW-NB15,test,6370,Normal,1,0.190595,0.38338,KNOWN
UNSW-NB15,test,6371,Normal,1,0.340477,0.38338,KNOWN
UNSW-NB15,test,6372,DoS,1,0.035015,0.38338,KNOWN
UNSW-NB15,test,6373,Normal,1,0.104802,0.38338,KNOWN
UNSW-NB15,test,6374,Fuzzers,1,0.297484,0.38338,KNOWN
UNSW-NB15,test,6375,Exploits,1,0.066358,0.38338,KNOWN
UNSW-NB15,test,6376,Normal,1,0.092158,0.38338,KNOWN
UNSW-NB15,test,6377,Normal,1,0.052673,0.38338,KNOWN
UNSW-NB15,test,6378,Reconnaissance,1,0.235471,0.38338,KNOWN
UNSW-NB15,test,6379,Fuzzers,1,0.173561,0.38338,KNOWN
UNSW-NB15,test,6380,Normal,1,0.017489,0.38338,KNOWN
UNSW-NB15,test,6381,Normal,1,0.360407,0.38338,KNOWN
UNSW-NB15,test,6382,Exploits,1,0.230159,0.38338,KNOWN
UNSW-NB15,test,6383,Normal,1,0.467503,0.38338,ZERO_DAY
UNSW-NB15,test,6384,Normal,1,0.129677,0.38338,KNOWN
UNSW-NB15,test,6385,Normal,1,0.197793,0.38338,KNOWN
UNSW-NB15,test,6386,Exploits,1,0.132496,0.38338,KNOWN
UNSW-NB15,test,6387,Normal,1,0.165851,0.38338,KNOWN
UNSW-NB15,test,6388,Normal,1,0.12014,0.38338,KNOWN
UNSW-NB15,test,6389,Fuzzers,1,0.169017,0.38338,KNOWN
UNSW-NB15,test,6390,Exploits,1,0.228118,0.38338,KNOWN
UNSW-NB15,test,6391,Fuzzers,1,0.037433,0.38338,KNOWN
UNSW-NB15,test,6392,Normal,1,0.141056,0.38338,KNOWN
UNSW-NB15,test,6393,Fuzzers,1,0.124243,0.38338,KNOWN
UNSW-NB15,test,6394,Exploits,1,0.105859,0.38338,KNOWN
UNSW-NB15,test,6395,Normal,1,0.196332,0.38338,KNOWN
UNSW-NB15,test,6396,Normal,1,0.168829,0.38338,KNOWN
UNSW-NB15,test,6397,Fuzzers,1,0.360703,0.38338,KNOWN
UNSW-NB15,test,6398,Exploits,1,0.233024,0.38338,KNOWN
UNSW-NB15,test,6399,Normal,1,0.109972,0.38338,KNOWN
UNSW-NB15,test,6400,Normal,1,0.09936,0.38338,KNOWN
UNSW-NB15,test,6401,Fuzzers,1,0.173252,0.38338,KNOWN
UNSW-NB15,test,6402,Fuzzers,1,0.142756,0.38338,KNOWN
UNSW-NB15,test,6403,Exploits,1,0.113287,0.38338,KNOWN
UNSW-NB15,test,6404,Normal,1,0.066974,0.38338,KNOWN
UNSW-NB15,test,6405,Reconnaissance,1,0.150032,0.38338,KNOWN
UNSW-NB15,test,6406,Normal,1,0.16435,0.38338,KNOWN
UNSW-NB15,test,6407,Exploits,1,0.251128,0.38338,KNOWN
UNSW-NB15,test,6408,Fuzzers,1,0.064853,0.38338,KNOWN
UNSW-NB15,test,6409,Fuzzers,1,0.246563,0.38338,KNOWN
UNSW-NB15,test,6410,Exploits,1,0.15401,0.38338,KNOWN
UNSW-NB15,test,6411,Exploits,1,0.197559,0.38338,KNOWN
UNSW-NB15,test,6412,Normal,1,0.059318,0.38338,KNOWN
UNSW-NB15,test,6413,Normal,1,0.241657,0.38338,KNOWN
UNSW-NB15,test,6414,Exploits,1,0.201366,0.38338,KNOWN
UNSW-NB15,test,6415,Normal,1,0.137692,0.38338,KNOWN
UNSW-NB15,test,6416,Analysis,1,0.099824,0.38338,KNOWN
UNSW-NB15,test,6417,Reconnaissance,1,0.324358,0.38338,KNOWN
UNSW-NB15,test,6418,Normal,1,0.129382,0.38338,KNOWN
UNSW-NB15,test,6419,Normal,1,0.103814,0.38338,KNOWN
UNSW-NB15,test,6420,Exploits,1,0.026995,0.38338,KNOWN
UNSW-NB15,test,6421,Normal,1,0.149037,0.38338,KNOWN
UNSW-NB15,test,6422,Normal,1,0.256863,0.38338,KNOWN
UNSW-NB15,test,6423,Normal,1,0.109771,0.38338,KNOWN
UNSW-NB15,test,6424,Normal,1,0.140153,0.38338,KNOWN
UNSW-NB15,test,6425,Normal,1,0.02037,0.38338,KNOWN
UNSW-NB15,test,6426,Normal,1,0.162934,0.38338,KNOWN
UNSW-NB15,test,6427,Normal,1,0.061423,0.38338,KNOWN
UNSW-NB15,test,6428,Normal,1,0.285494,0.38338,KNOWN
UNSW-NB15,test,6429,Exploits,1,0.188341,0.38338,KNOWN
UNSW-NB15,test,6430,Normal,1,0.341833,0.38338,KNOWN
UNSW-NB15,test,6431,Normal,1,0.151169,0.38338,KNOWN
UNSW-NB15,test,6432,Reconnaissance,1,0.045127,0.38338,KNOWN
UNSW-NB15,test,6433,Normal,1,0.247,0.38338,KNOWN
UNSW-NB15,test,6434,Normal,1,0.292553,0.38338,KNOWN
UNSW-NB15,test,6435,Fuzzers,1,0.294112,0.38338,KNOWN
UNSW-NB15,test,6436,Reconnaissance,1,0.322803,0.38338,KNOWN
UNSW-NB15,test,6437,Exploits,1,0.068804,0.38338,KNOWN
UNSW-NB15,test,6438,Fuzzers,1,0.151107,0.38338,KNOWN
UNSW-NB15,test,6439,Normal,1,0.110766,0.38338,KNOWN
UNSW-NB15,test,6440,Normal,1,0.205801,0.38338,KNOWN
UNSW-NB15,test,6441,Exploits,1,0.037359,0.38338,KNOWN
UNSW-NB15,test,6442,Fuzzers,1,0.084555,0.38338,KNOWN
UNSW-NB15,test,6443,Reconnaissance,1,0.059516,0.38338,KNOWN
UNSW-NB15,test,6444,Fuzzers,1,0.054242,0.38338,KNOWN
UNSW-NB15,test,6445,Normal,1,0.170972,0.38338,KNOWN
UNSW-NB15,test,6446,Exploits,1,0.257139,0.38338,KNOWN
UNSW-NB15,test,6447,Normal,1,0.340357,0.38338,KNOWN
UNSW-NB15,test,6448,Normal,1,0.15268,0.38338,KNOWN
UNSW-NB15,test,6449,Normal,1,0.142979,0.38338,KNOWN
UNSW-NB15,test,6450,Exploits,1,0.220754,0.38338,KNOWN
UNSW-NB15,test,6451,Normal,1,0.067706,0.38338,KNOWN
UNSW-NB15,test,6452,Normal,1,0.167008,0.38338,KNOWN
UNSW-NB15,test,6453,Normal,1,0.051106,0.38338,KNOWN
UNSW-NB15,test,6454,Normal,1,0.033321,0.38338,KNOWN
UNSW-NB15,test,6455,Fuzzers,1,0.279599,0.38338,KNOWN
UNSW-NB15,test,6456,Reconnaissance,1,0.3162,0.38338,KNOWN
UNSW-NB15,test,6457,Normal,1,0.131735,0.38338,KNOWN
UNSW-NB15,test,6458,Normal,1,0.294639,0.38338,KNOWN
UNSW-NB15,test,6459,Exploits,1,0.074975,0.38338,KNOWN
UNSW-NB15,test,6460,Exploits,1,0.109307,0.38338,KNOWN
UNSW-NB15,test,6461,Normal,1,0.505687,0.38338,ZERO_DAY
UNSW-NB15,test,6462,Normal,1,0.074261,0.38338,KNOWN
UNSW-NB15,test,6463,Normal,1,0.272877,0.38338,KNOWN
UNSW-NB15,test,6464,Normal,1,0.273258,0.38338,KNOWN
UNSW-NB15,test,6465,Reconnaissance,1,0.159398,0.38338,KNOWN
UNSW-NB15,test,6466,Exploits,1,0.286274,0.38338,KNOWN
UNSW-NB15,test,6467,Normal,1,0.210454,0.38338,KNOWN
UNSW-NB15,test,6468,DoS,1,0.171252,0.38338,KNOWN
UNSW-NB15,test,6469,Normal,1,0.264091,0.38338,KNOWN
UNSW-NB15,test,6470,Normal,1,0.146672,0.38338,KNOWN
UNSW-NB15,test,6471,Exploits,1,0.457674,0.38338,ZERO_DAY
UNSW-NB15,test,6472,Normal,1,0.160111,0.38338,KNOWN
UNSW-NB15,test,6473,Exploits,1,0.100095,0.38338,KNOWN
UNSW-NB15,test,6474,Normal,1,0.114055,0.38338,KNOWN
UNSW-NB15,test,6475,Normal,1,0.013252,0.38338,KNOWN
UNSW-NB15,test,6476,Normal,1,0.220012,0.38338,KNOWN
UNSW-NB15,test,6477,Reconnaissance,1,0.048769,0.38338,KNOWN
UNSW-NB15,test,6478,Reconnaissance,1,0.176129,0.38338,KNOWN
UNSW-NB15,test,6479,Fuzzers,1,0.196786,0.38338,KNOWN
UNSW-NB15,test,6480,Normal,1,0.116195,0.38338,KNOWN
UNSW-NB15,test,6481,Normal,1,0.238656,0.38338,KNOWN
UNSW-NB15,test,6482,Exploits,1,0.19522,0.38338,KNOWN
UNSW-NB15,test,6483,Normal,1,0.303488,0.38338,KNOWN
UNSW-NB15,test,6484,Fuzzers,1,0.548271,0.38338,ZERO_DAY
UNSW-NB15,test,6485,Normal,1,0.124184,0.38338,KNOWN
UNSW-NB15,test,6486,Exploits,1,0.477759,0.38338,ZERO_DAY
UNSW-NB15,test,6487,Fuzzers,1,0.470959,0.38338,ZERO_DAY
UNSW-NB15,test,6488,Normal,1,0.153638,0.38338,KNOWN
UNSW-NB15,test,6489,Exploits,1,0.275266,0.38338,KNOWN
UNSW-NB15,test,6490,DoS,1,0.106385,0.38338,KNOWN
UNSW-NB15,test,6491,Fuzzers,1,0.048541,0.38338,KNOWN
UNSW-NB15,test,6492,Normal,1,0.1337,0.38338,KNOWN
UNSW-NB15,test,6493,Normal,1,0.312641,0.38338,KNOWN
UNSW-NB15,test,6494,Normal,1,0.419016,0.38338,ZERO_DAY
UNSW-NB15,test,6495,Normal,1,0.124598,0.38338,KNOWN
UNSW-NB15,test,6496,Normal,1,0.207524,0.38338,KNOWN
UNSW-NB15,test,6497,Normal,1,0.292006,0.38338,KNOWN
UNSW-NB15,test,6498,Normal,1,0.202755,0.38338,KNOWN
UNSW-NB15,test,6499,Normal,1,0.097289,0.38338,KNOWN
UNSW-NB15,test,6500,Fuzzers,1,0.293228,0.38338,KNOWN
UNSW-NB15,test,6501,Exploits,1,0.235176,0.38338,KNOWN
UNSW-NB15,test,6502,Reconnaissance,1,0.009306,0.38338,KNOWN
UNSW-NB15,test,6503,Normal,1,0.27678,0.38338,KNOWN
UNSW-NB15,test,6504,Fuzzers,1,0.118372,0.38338,KNOWN
UNSW-NB15,test,6505,Normal,1,0.184416,0.38338,KNOWN
UNSW-NB15,test,6506,Normal,1,0.076831,0.38338,KNOWN
UNSW-NB15,test,6507,Fuzzers,1,0.218604,0.38338,KNOWN
UNSW-NB15,test,6508,Normal,1,0.065729,0.38338,KNOWN
UNSW-NB15,test,6509,Exploits,1,0.18889,0.38338,KNOWN
UNSW-NB15,test,6510,Normal,1,0.041168,0.38338,KNOWN
UNSW-NB15,test,6511,Exploits,1,0.042796,0.38338,KNOWN
UNSW-NB15,test,6512,Normal,1,0.01782,0.38338,KNOWN
UNSW-NB15,test,6513,Exploits,1,0.256877,0.38338,KNOWN
UNSW-NB15,test,6514,Reconnaissance,1,0.094957,0.38338,KNOWN
UNSW-NB15,test,6515,Normal,1,0.112987,0.38338,KNOWN
UNSW-NB15,test,6516,Normal,1,0.143746,0.38338,KNOWN
UNSW-NB15,test,6517,Exploits,1,0.240954,0.38338,KNOWN
UNSW-NB15,test,6518,Normal,1,0.215544,0.38338,KNOWN
UNSW-NB15,test,6519,Normal,1,0.200358,0.38338,KNOWN
UNSW-NB15,test,6520,Normal,1,0.103962,0.38338,KNOWN
UNSW-NB15,test,6521,DoS,1,0.017956,0.38338,KNOWN
UNSW-NB15,test,6522,Exploits,1,0.084453,0.38338,KNOWN
UNSW-NB15,test,6523,Exploits,1,0.08687,0.38338,KNOWN
UNSW-NB15,test,6524,Fuzzers,1,0.074495,0.38338,KNOWN
UNSW-NB15,test,6525,Normal,1,0.334953,0.38338,KNOWN
UNSW-NB15,test,6526,Fuzzers,1,0.155943,0.38338,KNOWN
UNSW-NB15,test,6527,Exploits,1,0.287672,0.38338,KNOWN
UNSW-NB15,test,6528,Fuzzers,1,0.081519,0.38338,KNOWN
UNSW-NB15,test,6529,Normal,1,0.041235,0.38338,KNOWN
UNSW-NB15,test,6530,Exploits,1,0.152583,0.38338,KNOWN
UNSW-NB15,test,6531,Fuzzers,1,0.112831,0.38338,KNOWN
UNSW-NB15,test,6532,Exploits,1,0.143114,0.38338,KNOWN
UNSW-NB15,test,6533,Normal,1,0.039056,0.38338,KNOWN
UNSW-NB15,test,6534,Normal,1,0.281749,0.38338,KNOWN
UNSW-NB15,test,6535,Backdoor,1,0.149453,0.38338,KNOWN
UNSW-NB15,test,6536,Exploits,1,0.184357,0.38338,KNOWN
UNSW-NB15,test,6537,Normal,1,0.272433,0.38338,KNOWN
UNSW-NB15,test,6538,Exploits,1,0.1269,0.38338,KNOWN
UNSW-NB15,test,6539,Exploits,1,0.362953,0.38338,KNOWN
UNSW-NB15,test,6540,Normal,1,0.39423,0.38338,ZERO_DAY
UNSW-NB15,test,6541,Normal,1,0.162108,0.38338,KNOWN
UNSW-NB15,test,6542,Normal,1,0.198318,0.38338,KNOWN
UNSW-NB15,test,6543,Normal,1,0.154268,0.38338,KNOWN
UNSW-NB15,test,6544,Fuzzers,1,0.049353,0.38338,KNOWN
UNSW-NB15,test,6545,Exploits,1,0.264072,0.38338,KNOWN
UNSW-NB15,test,6546,Normal,1,0.217536,0.38338,KNOWN
UNSW-NB15,test,6547,Normal,1,0.185414,0.38338,KNOWN
UNSW-NB15,test,6548,Exploits,1,0.278763,0.38338,KNOWN
UNSW-NB15,test,6549,Normal,1,0.147958,0.38338,KNOWN
UNSW-NB15,test,6550,Normal,1,0.1809,0.38338,KNOWN
UNSW-NB15,test,6551,Normal,1,0.366883,0.38338,KNOWN
UNSW-NB15,test,6552,Normal,1,0.268889,0.38338,KNOWN
UNSW-NB15,test,6553,Fuzzers,1,0.454191,0.38338,ZERO_DAY
UNSW-NB15,test,6554,Exploits,1,0.38252,0.38338,KNOWN
UNSW-NB15,test,6555,Normal,1,0.132906,0.38338,KNOWN
UNSW-NB15,test,6556,Normal,1,0.449052,0.38338,ZERO_DAY
UNSW-NB15,test,6557,Normal,1,0.057926,0.38338,KNOWN
UNSW-NB15,test,6558,Reconnaissance,1,0.190995,0.38338,KNOWN
UNSW-NB15,test,6559,Generic,1,0.309064,0.38338,KNOWN
UNSW-NB15,test,6560,Normal,1,0.172776,0.38338,KNOWN
UNSW-NB15,test,6561,Normal,1,0.086022,0.38338,KNOWN
UNSW-NB15,test,6562,Exploits,1,0.335866,0.38338,KNOWN
UNSW-NB15,test,6563,Normal,1,0.178249,0.38338,KNOWN
UNSW-NB15,test,6564,Normal,1,0.180009,0.38338,KNOWN
UNSW-NB15,test,6565,Fuzzers,1,0.238221,0.38338,KNOWN
UNSW-NB15,test,6566,Normal,1,0.081567,0.38338,KNOWN
UNSW-NB15,test,6567,Normal,1,0.294829,0.38338,KNOWN
UNSW-NB15,test,6568,DoS,1,0.274527,0.38338,KNOWN
UNSW-NB15,test,6569,Normal,1,0.177792,0.38338,KNOWN
UNSW-NB15,test,6570,Normal,1,0.050551,0.38338,KNOWN
UNSW-NB15,test,6571,Normal,1,0.378511,0.38338,KNOWN
UNSW-NB15,test,6572,Reconnaissance,1,0.211676,0.38338,KNOWN
UNSW-NB15,test,6573,Normal,1,0.133562,0.38338,KNOWN
UNSW-NB15,test,6574,Normal,1,0.125719,0.38338,KNOWN
UNSW-NB15,test,6575,Normal,1,0.198816,0.38338,KNOWN
UNSW-NB15,test,6576,Exploits,1,0.35091,0.38338,KNOWN
UNSW-NB15,test,6577,Normal,1,0.235606,0.38338,KNOWN
UNSW-NB15,test,6578,Fuzzers,1,0.281224,0.38338,KNOWN
UNSW-NB15,test,6579,Normal,1,0.254114,0.38338,KNOWN
UNSW-NB15,test,6580,Normal,1,0.337124,0.38338,KNOWN
UNSW-NB15,test,6581,Normal,1,0.289144,0.38338,KNOWN
UNSW-NB15,test,6582,Normal,1,0.288971,0.38338,KNOWN
UNSW-NB15,test,6583,Fuzzers,1,0.049886,0.38338,KNOWN
UNSW-NB15,test,6584,Normal,1,0.177016,0.38338,KNOWN
UNSW-NB15,test,6585,Normal,1,0.285068,0.38338,KNOWN
UNSW-NB15,test,6586,Fuzzers,1,0.242455,0.38338,KNOWN
UNSW-NB15,test,6587,Reconnaissance,1,0.292767,0.38338,KNOWN
UNSW-NB15,test,6588,Reconnaissance,1,0.034992,0.38338,KNOWN
UNSW-NB15,test,6589,Normal,1,0.236126,0.38338,KNOWN
UNSW-NB15,test,6590,Normal,1,0.018139,0.38338,KNOWN
UNSW-NB15,test,6591,Exploits,1,0.214637,0.38338,KNOWN
UNSW-NB15,test,6592,Exploits,1,0.200279,0.38338,KNOWN
UNSW-NB15,test,6593,Fuzzers,1,0.312734,0.38338,KNOWN
UNSW-NB15,test,6594,Exploits,1,0.355645,0.38338,KNOWN
UNSW-NB15,test,6595,Normal,1,0.228548,0.38338,KNOWN
UNSW-NB15,test,6596,Normal,1,0.117089,0.38338,KNOWN
UNSW-NB15,test,6597,Normal,1,0.121147,0.38338,KNOWN
UNSW-NB15,test,6598,Normal,1,0.116366,0.38338,KNOWN
UNSW-NB15,test,6599,Normal,1,0.196666,0.38338,KNOWN
UNSW-NB15,test,6600,Normal,1,0.062558,0.38338,KNOWN
UNSW-NB15,test,6601,Exploits,1,0.116511,0.38338,KNOWN
UNSW-NB15,test,6602,Reconnaissance,1,0.244177,0.38338,KNOWN
UNSW-NB15,test,6603,Normal,1,0.470432,0.38338,ZERO_DAY
UNSW-NB15,test,6604,Normal,1,0.244454,0.38338,KNOWN
UNSW-NB15,test,6605,Fuzzers,1,0.262155,0.38338,KNOWN
UNSW-NB15,test,6606,Backdoor,1,0.165272,0.38338,KNOWN
UNSW-NB15,test,6607,Exploits,1,0.064235,0.38338,KNOWN
UNSW-NB15,test,6608,Exploits,1,0.202166,0.38338,KNOWN
UNSW-NB15,test,6609,Normal,1,0.048029,0.38338,KNOWN
UNSW-NB15,test,6610,Normal,1,0.046438,0.38338,KNOWN
UNSW-NB15,test,6611,Exploits,1,0.10582,0.38338,KNOWN
UNSW-NB15,test,6612,Normal,1,0.328697,0.38338,KNOWN
UNSW-NB15,test,6613,Normal,1,0.16853,0.38338,KNOWN
UNSW-NB15,test,6614,Normal,1,0.04677,0.38338,KNOWN
UNSW-NB15,test,6615,Exploits,1,0.157991,0.38338,KNOWN
UNSW-NB15,test,6616,Fuzzers,1,0.199758,0.38338,KNOWN
UNSW-NB15,test,6617,Normal,1,0.093336,0.38338,KNOWN
UNSW-NB15,test,6618,Fuzzers,1,0.150857,0.38338,KNOWN
UNSW-NB15,test,6619,Normal,1,0.092213,0.38338,KNOWN
UNSW-NB15,test,6620,Normal,1,0.280036,0.38338,KNOWN
UNSW-NB15,test,6621,Normal,1,0.043466,0.38338,KNOWN
UNSW-NB15,test,6622,Normal,1,0.184864,0.38338,KNOWN
UNSW-NB15,test,6623,Normal,1,0.058117,0.38338,KNOWN
UNSW-NB15,test,6624,Fuzzers,1,0.076413,0.38338,KNOWN
UNSW-NB15,test,6625,Normal,1,0.202723,0.38338,KNOWN
UNSW-NB15,test,6626,Exploits,1,0.126358,0.38338,KNOWN
UNSW-NB15,test,6627,Fuzzers,1,0.451298,0.38338,ZERO_DAY
UNSW-NB15,test,6628,Normal,1,0.252744,0.38338,KNOWN
UNSW-NB15,test,6629,Normal,1,0.138199,0.38338,KNOWN
UNSW-NB15,test,6630,Normal,1,0.298179,0.38338,KNOWN
UNSW-NB15,test,6631,Backdoor,1,0.09105,0.38338,KNOWN
UNSW-NB15,test,6632,Fuzzers,1,0.148027,0.38338,KNOWN
UNSW-NB15,test,6633,Normal,1,0.368642,0.38338,KNOWN
UNSW-NB15,test,6634,Normal,1,0.271174,0.38338,KNOWN
UNSW-NB15,test,6635,Normal,1,0.143214,0.38338,KNOWN
UNSW-NB15,test,6636,Reconnaissance,1,0.040754,0.38338,KNOWN
UNSW-NB15,test,6637,Normal,1,0.182351,0.38338,KNOWN
UNSW-NB15,test,6638,Normal,1,0.265634,0.38338,KNOWN
UNSW-NB15,test,6639,Fuzzers,1,0.071309,0.38338,KNOWN
UNSW-NB15,test,6640,Normal,1,0.077638,0.38338,KNOWN
UNSW-NB15,test,6641,Normal,1,0.258206,0.38338,KNOWN
UNSW-NB15,test,6642,Normal,1,0.181237,0.38338,KNOWN
UNSW-NB15,test,6643,Normal,1,0.12856,0.38338,KNOWN
UNSW-NB15,test,6644,Normal,1,0.076318,0.38338,KNOWN
UNSW-NB15,test,6645,Normal,1,0.062012,0.38338,KNOWN
UNSW-NB15,test,6646,Fuzzers,1,0.076298,0.38338,KNOWN
UNSW-NB15,test,6647,Exploits,1,0.121188,0.38338,KNOWN
UNSW-NB15,test,6648,Normal,1,0.17357,0.38338,KNOWN
UNSW-NB15,test,6649,Normal,1,0.198722,0.38338,KNOWN
UNSW-NB15,test,6650,Exploits,1,0.067256,0.38338,KNOWN
UNSW-NB15,test,6651,Normal,1,0.097371,0.38338,KNOWN
UNSW-NB15,test,6652,Fuzzers,1,0.264883,0.38338,KNOWN
UNSW-NB15,test,6653,Normal,1,0.231014,0.38338,KNOWN
UNSW-NB15,test,6654,Normal,1,0.20499,0.38338,KNOWN
UNSW-NB15,test,6655,Normal,1,0.08346,0.38338,KNOWN
UNSW-NB15,test,6656,Generic,1,0.248777,0.38338,KNOWN
UNSW-NB15,test,6657,Normal,1,0.171554,0.38338,KNOWN
UNSW-NB15,test,6658,Normal,1,0.213648,0.38338,KNOWN
UNSW-NB15,test,6659,Normal,1,0.211013,0.38338,KNOWN
UNSW-NB15,test,6660,Normal,1,0.1191,0.38338,KNOWN
UNSW-NB15,test,6661,Normal,1,0.077145,0.38338,KNOWN
UNSW-NB15,test,6662,Normal,1,0.257375,0.38338,KNOWN
UNSW-NB15,test,6663,Reconnaissance,1,0.14142,0.38338,KNOWN
UNSW-NB15,test,6664,Fuzzers,1,0.207083,0.38338,KNOWN
UNSW-NB15,test,6665,Normal,1,0.116188,0.38338,KNOWN
UNSW-NB15,test,6666,Normal,1,0.251139,0.38338,KNOWN
UNSW-NB15,test,6667,Exploits,1,0.424259,0.38338,ZERO_DAY
UNSW-NB15,test,6668,Reconnaissance,1,0.076659,0.38338,KNOWN
UNSW-NB15,test,6669,Normal,1,0.449033,0.38338,ZERO_DAY
UNSW-NB15,test,6670,Normal,1,0.091339,0.38338,KNOWN
UNSW-NB15,test,6671,Normal,1,0.2116,0.38338,KNOWN
UNSW-NB15,test,6672,Fuzzers,1,0.255859,0.38338,KNOWN
UNSW-NB15,test,6673,Exploits,1,0.035285,0.38338,KNOWN
UNSW-NB15,test,6674,Fuzzers,1,0.200793,0.38338,KNOWN
UNSW-NB15,test,6675,DoS,1,0.127709,0.38338,KNOWN
UNSW-NB15,test,6676,Normal,1,0.309675,0.38338,KNOWN
UNSW-NB15,test,6677,Normal,1,0.167356,0.38338,KNOWN
UNSW-NB15,test,6678,Exploits,1,0.118712,0.38338,KNOWN
UNSW-NB15,test,6679,Normal,1,0.107657,0.38338,KNOWN
UNSW-NB15,test,6680,DoS,1,0.151621,0.38338,KNOWN
UNSW-NB15,test,6681,Fuzzers,1,0.148228,0.38338,KNOWN
UNSW-NB15,test,6682,Normal,1,0.169729,0.38338,KNOWN
UNSW-NB15,test,6683,Exploits,1,0.308519,0.38338,KNOWN
UNSW-NB15,test,6684,Normal,1,0.09911,0.38338,KNOWN
UNSW-NB15,test,6685,DoS,1,0.109682,0.38338,KNOWN
UNSW-NB15,test,6686,Exploits,1,0.107347,0.38338,KNOWN
UNSW-NB15,test,6687,Normal,1,0.023994,0.38338,KNOWN
UNSW-NB15,test,6688,Normal,1,0.252381,0.38338,KNOWN
UNSW-NB15,test,6689,Normal,1,0.125135,0.38338,KNOWN
UNSW-NB15,test,6690,Normal,1,0.272518,0.38338,KNOWN
UNSW-NB15,test,6691,Normal,1,0.300656,0.38338,KNOWN
UNSW-NB15,test,6692,Exploits,1,0.476949,0.38338,ZERO_DAY
UNSW-NB15,test,6693,Exploits,1,0.105618,0.38338,KNOWN
UNSW-NB15,test,6694,Normal,1,0.12775,0.38338,KNOWN
UNSW-NB15,test,6695,Fuzzers,1,0.261927,0.38338,KNOWN
UNSW-NB15,test,6696,Normal,1,0.209279,0.38338,KNOWN
UNSW-NB15,test,6697,Normal,1,0.185087,0.38338,KNOWN
UNSW-NB15,test,6698,Normal,1,0.087148,0.38338,KNOWN
UNSW-NB15,test,6699,DoS,1,0.137148,0.38338,KNOWN
UNSW-NB15,test,6700,Reconnaissance,1,0.471332,0.38338,ZERO_DAY
UNSW-NB15,test,6701,Exploits,1,0.173263,0.38338,KNOWN
UNSW-NB15,test,6702,Normal,1,0.266786,0.38338,KNOWN
UNSW-NB15,test,6703,Reconnaissance,1,0.048236,0.38338,KNOWN
UNSW-NB15,test,6704,Fuzzers,1,0.368998,0.38338,KNOWN
UNSW-NB15,test,6705,Normal,1,0.146758,0.38338,KNOWN
UNSW-NB15,test,6706,Exploits,1,0.072891,0.38338,KNOWN
UNSW-NB15,test,6707,Normal,1,0.135579,0.38338,KNOWN
UNSW-NB15,test,6708,Exploits,1,0.221479,0.38338,KNOWN
UNSW-NB15,test,6709,Fuzzers,1,0.198675,0.38338,KNOWN
UNSW-NB15,test,6710,Normal,1,0.158172,0.38338,KNOWN
UNSW-NB15,test,6711,Reconnaissance,1,0.057302,0.38338,KNOWN
UNSW-NB15,test,6712,Fuzzers,1,0.172472,0.38338,KNOWN
UNSW-NB15,test,6713,Reconnaissance,1,0.175384,0.38338,KNOWN
UNSW-NB15,test,6714,Normal,1,0.237183,0.38338,KNOWN
UNSW-NB15,test,6715,Normal,1,0.079238,0.38338,KNOWN
UNSW-NB15,test,6716,Normal,1,0.175677,0.38338,KNOWN
UNSW-NB15,test,6717,Normal,1,0.064529,0.38338,KNOWN
UNSW-NB15,test,6718,Normal,1,0.083044,0.38338,KNOWN
UNSW-NB15,test,6719,Normal,1,0.23882,0.38338,KNOWN
UNSW-NB15,test,6720,Normal,1,0.165503,0.38338,KNOWN
UNSW-NB15,test,6721,Fuzzers,1,0.191666,0.38338,KNOWN
UNSW-NB15,test,6722,Exploits,1,0.112183,0.38338,KNOWN
UNSW-NB15,test,6723,Normal,1,0.23142,0.38338,KNOWN
UNSW-NB15,test,6724,Normal,1,0.177606,0.38338,KNOWN
UNSW-NB15,test,6725,Normal,1,0.2846,0.38338,KNOWN
UNSW-NB15,test,6726,Normal,1,0.155221,0.38338,KNOWN
UNSW-NB15,test,6727,Normal,1,0.066933,0.38338,KNOWN
UNSW-NB15,test,6728,Exploits,1,0.177748,0.38338,KNOWN
UNSW-NB15,test,6729,Exploits,1,0.515312,0.38338,ZERO_DAY
UNSW-NB15,test,6730,Exploits,1,0.055619,0.38338,KNOWN
UNSW-NB15,test,6731,Exploits,1,0.376155,0.38338,KNOWN
UNSW-NB15,test,6732,Normal,1,0.414475,0.38338,ZERO_DAY
UNSW-NB15,test,6733,Normal,1,0.104874,0.38338,KNOWN
UNSW-NB15,test,6734,Normal,1,0.267549,0.38338,KNOWN
UNSW-NB15,test,6735,Normal,1,0.166922,0.38338,KNOWN
UNSW-NB15,test,6736,Normal,1,0.38618,0.38338,ZERO_DAY
UNSW-NB15,test,6737,Normal,1,0.128376,0.38338,KNOWN
UNSW-NB15,test,6738,Normal,1,0.344753,0.38338,KNOWN
UNSW-NB15,test,6739,Exploits,1,0.366585,0.38338,KNOWN
UNSW-NB15,test,6740,Exploits,1,0.019713,0.38338,KNOWN
UNSW-NB15,test,6741,Normal,1,0.275169,0.38338,KNOWN
UNSW-NB15,test,6742,Exploits,1,0.093093,0.38338,KNOWN
UNSW-NB15,test,6743,Normal,1,0.327406,0.38338,KNOWN
UNSW-NB15,test,6744,Normal,1,0.270755,0.38338,KNOWN
UNSW-NB15,test,6745,Normal,1,0.292392,0.38338,KNOWN
UNSW-NB15,test,6746,Reconnaissance,1,0.16481,0.38338,KNOWN
UNSW-NB15,test,6747,Normal,1,0.099252,0.38338,KNOWN
UNSW-NB15,test,6748,Exploits,1,0.355721,0.38338,KNOWN
UNSW-NB15,test,6749,Normal,1,0.315771,0.38338,KNOWN
UNSW-NB15,test,6750,Normal,1,0.108006,0.38338,KNOWN
UNSW-NB15,test,6751,Fuzzers,1,0.134906,0.38338,KNOWN
UNSW-NB15,test,6752,Normal,1,0.11849,0.38338,KNOWN
UNSW-NB15,test,6753,Normal,1,0.209719,0.38338,KNOWN
UNSW-NB15,test,6754,Normal,1,0.198041,0.38338,KNOWN
UNSW-NB15,test,6755,Normal,1,0.163644,0.38338,KNOWN
UNSW-NB15,test,6756,Normal,1,0.490011,0.38338,ZERO_DAY
UNSW-NB15,test,6757,Exploits,1,0.114449,0.38338,KNOWN
UNSW-NB15,test,6758,Exploits,1,0.395421,0.38338,ZERO_DAY
UNSW-NB15,test,6759,Exploits,1,0.101027,0.38338,KNOWN
UNSW-NB15,test,6760,Normal,1,0.228758,0.38338,KNOWN
UNSW-NB15,test,6761,Normal,1,0.158152,0.38338,KNOWN
UNSW-NB15,test,6762,Exploits,1,0.100234,0.38338,KNOWN
UNSW-NB15,test,6763,Normal,1,0.249922,0.38338,KNOWN
UNSW-NB15,test,6764,Normal,1,0.01945,0.38338,KNOWN
UNSW-NB15,test,6765,Exploits,1,0.22379,0.38338,KNOWN
UNSW-NB15,test,6766,Normal,1,0.125975,0.38338,KNOWN
UNSW-NB15,test,6767,Fuzzers,1,0.222172,0.38338,KNOWN
UNSW-NB15,test,6768,Exploits,1,0.475246,0.38338,ZERO_DAY
UNSW-NB15,test,6769,Exploits,1,0.066646,0.38338,KNOWN
UNSW-NB15,test,6770,Normal,1,0.014178,0.38338,KNOWN
UNSW-NB15,test,6771,Normal,1,0.24617,0.38338,KNOWN
UNSW-NB15,test,6772,Exploits,1,0.106358,0.38338,KNOWN
UNSW-NB15,test,6773,Normal,1,0.207122,0.38338,KNOWN
UNSW-NB15,test,6774,Exploits,1,0.119577,0.38338,KNOWN
UNSW-NB15,test,6775,Fuzzers,1,0.223937,0.38338,KNOWN
UNSW-NB15,test,6776,Fuzzers,1,0.187435,0.38338,KNOWN
UNSW-NB15,test,6777,Normal,1,0.028363,0.38338,KNOWN
UNSW-NB15,test,6778,Normal,1,0.090096,0.38338,KNOWN
UNSW-NB15,test,6779,Exploits,1,0.349537,0.38338,KNOWN
UNSW-NB15,test,6780,Normal,1,0.235465,0.38338,KNOWN
UNSW-NB15,test,6781,Exploits,1,0.114043,0.38338,KNOWN
UNSW-NB15,test,6782,Exploits,1,0.193132,0.38338,KNOWN
UNSW-NB15,test,6783,Normal,1,0.113665,0.38338,KNOWN
UNSW-NB15,test,6784,Fuzzers,1,0.30019,0.38338,KNOWN
UNSW-NB15,test,6785,Normal,1,0.270711,0.38338,KNOWN
UNSW-NB15,test,6786,Normal,1,0.046039,0.38338,KNOWN
UNSW-NB15,test,6787,Normal,1,0.232604,0.38338,KNOWN
UNSW-NB15,test,6788,Normal,1,0.155305,0.38338,KNOWN
UNSW-NB15,test,6789,Fuzzers,1,0.070285,0.38338,KNOWN
UNSW-NB15,test,6790,Backdoor,1,0.154516,0.38338,KNOWN
UNSW-NB15,test,6791,Reconnaissance,1,0.161934,0.38338,KNOWN
UNSW-NB15,test,6792,Fuzzers,1,0.251567,0.38338,KNOWN
UNSW-NB15,test,6793,Normal,1,0.053047,0.38338,KNOWN
UNSW-NB15,test,6794,Exploits,1,0.051391,0.38338,KNOWN
UNSW-NB15,test,6795,Normal,1,0.115828,0.38338,KNOWN
UNSW-NB15,test,6796,Normal,1,0.157748,0.38338,KNOWN
UNSW-NB15,test,6797,Normal,1,0.232661,0.38338,KNOWN
UNSW-NB15,test,6798,Fuzzers,1,0.248747,0.38338,KNOWN
UNSW-NB15,test,6799,DoS,1,0.36132,0.38338,KNOWN
UNSW-NB15,test,6800,Fuzzers,1,0.064388,0.38338,KNOWN
UNSW-NB15,test,6801,Normal,1,0.18682,0.38338,KNOWN
UNSW-NB15,test,6802,Fuzzers,1,0.256229,0.38338,KNOWN
UNSW-NB15,test,6803,Normal,1,0.173904,0.38338,KNOWN
UNSW-NB15,test,6804,Normal,1,0.118109,0.38338,KNOWN
UNSW-NB15,test,6805,Normal,1,0.165901,0.38338,KNOWN
UNSW-NB15,test,6806,Reconnaissance,1,0.045721,0.38338,KNOWN
UNSW-NB15,test,6807,Exploits,1,0.115181,0.38338,KNOWN
UNSW-NB15,test,6808,Fuzzers,1,0.303066,0.38338,KNOWN
UNSW-NB15,test,6809,Exploits,1,0.104087,0.38338,KNOWN
UNSW-NB15,test,6810,Normal,1,0.008219,0.38338,KNOWN
UNSW-NB15,test,6811,Exploits,1,0.036487,0.38338,KNOWN
UNSW-NB15,test,6812,Reconnaissance,1,0.203821,0.38338,KNOWN
UNSW-NB15,test,6813,Exploits,1,0.107026,0.38338,KNOWN
UNSW-NB15,test,6814,Exploits,1,0.164031,0.38338,KNOWN
UNSW-NB15,test,6815,Exploits,1,0.024489,0.38338,KNOWN
UNSW-NB15,test,6816,Exploits,1,0.57605,0.38338,ZERO_DAY
UNSW-NB15,test,6817,Fuzzers,1,0.292304,0.38338,KNOWN
UNSW-NB15,test,6818,Normal,1,0.136976,0.38338,KNOWN
UNSW-NB15,test,6819,Normal,1,0.114811,0.38338,KNOWN
UNSW-NB15,test,6820,Exploits,1,0.42942,0.38338,ZERO_DAY
UNSW-NB15,test,6821,Normal,1,0.208074,0.38338,KNOWN
UNSW-NB15,test,6822,Exploits,1,0.235319,0.38338,KNOWN
UNSW-NB15,test,6823,Reconnaissance,1,0.245696,0.38338,KNOWN
UNSW-NB15,test,6824,Exploits,1,0.271446,0.38338,KNOWN
UNSW-NB15,test,6825,Fuzzers,1,0.086987,0.38338,KNOWN
UNSW-NB15,test,6826,Normal,1,0.228506,0.38338,KNOWN
UNSW-NB15,test,6827,Reconnaissance,1,0.295133,0.38338,KNOWN
UNSW-NB15,test,6828,Normal,1,0.116621,0.38338,KNOWN
UNSW-NB15,test,6829,Fuzzers,1,0.240111,0.38338,KNOWN
UNSW-NB15,test,6830,Normal,1,0.156646,0.38338,KNOWN
UNSW-NB15,test,6831,Fuzzers,1,0.32335,0.38338,KNOWN
UNSW-NB15,test,6832,Normal,1,0.028574,0.38338,KNOWN
UNSW-NB15,test,6833,Normal,1,0.178883,0.38338,KNOWN
UNSW-NB15,test,6834,Normal,1,0.308447,0.38338,KNOWN
UNSW-NB15,test,6835,Normal,1,0.167405,0.38338,KNOWN
UNSW-NB15,test,6836,Normal,1,0.138963,0.38338,KNOWN
UNSW-NB15,test,6837,Normal,1,0.244168,0.38338,KNOWN
UNSW-NB15,test,6838,Reconnaissance,1,0.202852,0.38338,KNOWN
UNSW-NB15,test,6839,Normal,1,0.206214,0.38338,KNOWN
UNSW-NB15,test,6840,Backdoor,1,0.424758,0.38338,ZERO_DAY
UNSW-NB15,test,6841,Normal,1,0.160983,0.38338,KNOWN
UNSW-NB15,test,6842,Normal,1,0.112424,0.38338,KNOWN
UNSW-NB15,test,6843,Exploits,1,0.392582,0.38338,ZERO_DAY
UNSW-NB15,test,6844,Normal,1,0.345827,0.38338,KNOWN
UNSW-NB15,test,6845,Exploits,1,0.261729,0.38338,KNOWN
UNSW-NB15,test,6846,Exploits,1,0.219505,0.38338,KNOWN
UNSW-NB15,test,6847,Normal,1,0.178259,0.38338,KNOWN
UNSW-NB15,test,6848,Normal,1,0.122456,0.38338,KNOWN
UNSW-NB15,test,6849,Exploits,1,0.075239,0.38338,KNOWN
UNSW-NB15,test,6850,Normal,1,0.29577,0.38338,KNOWN
UNSW-NB15,test,6851,Normal,1,0.28848,0.38338,KNOWN
UNSW-NB15,test,6852,Exploits,1,0.13049,0.38338,KNOWN
UNSW-NB15,test,6853,Normal,1,0.094335,0.38338,KNOWN
UNSW-NB15,test,6854,Exploits,1,0.540238,0.38338,ZERO_DAY
UNSW-NB15,test,6855,Normal,1,0.216833,0.38338,KNOWN
UNSW-NB15,test,6856,Normal,1,0.139974,0.38338,KNOWN
UNSW-NB15,test,6857,Normal,1,0.306924,0.38338,KNOWN
UNSW-NB15,test,6858,Normal,1,0.050632,0.38338,KNOWN
UNSW-NB15,test,6859,Normal,1,0.12818,0.38338,KNOWN
UNSW-NB15,test,6860,Reconnaissance,1,0.350803,0.38338,KNOWN
UNSW-NB15,test,6861,Fuzzers,1,0.338399,0.38338,KNOWN
UNSW-NB15,test,6862,Fuzzers,1,0.099697,0.38338,KNOWN
UNSW-NB15,test,6863,Normal,1,0.181854,0.38338,KNOWN
UNSW-NB15,test,6864,Normal,1,0.401708,0.38338,ZERO_DAY
UNSW-NB15,test,6865,Fuzzers,1,0.081702,0.38338,KNOWN
UNSW-NB15,test,6866,Normal,1,0.128147,0.38338,KNOWN
UNSW-NB15,test,6867,Normal,1,0.447847,0.38338,ZERO_DAY
UNSW-NB15,test,6868,Normal,1,0.223476,0.38338,KNOWN
UNSW-NB15,test,6869,Normal,1,0.184494,0.38338,KNOWN
UNSW-NB15,test,6870,Normal,1,0.146901,0.38338,KNOWN
UNSW-NB15,test,6871,Normal,1,0.223404,0.38338,KNOWN
UNSW-NB15,test,6872,Normal,1,0.304967,0.38338,KNOWN
UNSW-NB15,test,6873,Normal,1,0.223504,0.38338,KNOWN
UNSW-NB15,test,6874,Normal,1,0.180685,0.38338,KNOWN
UNSW-NB15,test,6875,Normal,1,0.130333,0.38338,KNOWN
UNSW-NB15,test,6876,Normal,1,0.088417,0.38338,KNOWN
UNSW-NB15,test,6877,Exploits,1,0.038882,0.38338,KNOWN
UNSW-NB15,test,6878,Fuzzers,1,0.23205,0.38338,KNOWN
UNSW-NB15,test,6879,Normal,1,0.20603,0.38338,KNOWN
UNSW-NB15,test,6880,DoS,1,0.220607,0.38338,KNOWN
UNSW-NB15,test,6881,Fuzzers,1,0.152966,0.38338,KNOWN
UNSW-NB15,test,6882,Normal,1,0.173189,0.38338,KNOWN
UNSW-NB15,test,6883,Generic,1,0.105334,0.38338,KNOWN
UNSW-NB15,test,6884,Normal,1,0.13164,0.38338,KNOWN
UNSW-NB15,test,6885,Normal,1,0.278002,0.38338,KNOWN
UNSW-NB15,test,6886,DoS,1,0.113569,0.38338,KNOWN
UNSW-NB15,test,6887,Normal,1,0.075407,0.38338,KNOWN
UNSW-NB15,test,6888,Fuzzers,1,0.263807,0.38338,KNOWN
UNSW-NB15,test,6889,Normal,1,0.159168,0.38338,KNOWN
UNSW-NB15,test,6890,Normal,1,0.043333,0.38338,KNOWN
UNSW-NB15,test,6891,Fuzzers,1,0.090398,0.38338,KNOWN
UNSW-NB15,test,6892,Normal,1,0.250441,0.38338,KNOWN
UNSW-NB15,test,6893,Normal,1,0.149806,0.38338,KNOWN
UNSW-NB15,test,6894,Reconnaissance,1,0.079259,0.38338,KNOWN
UNSW-NB15,test,6895,Normal,1,0.434865,0.38338,ZERO_DAY
UNSW-NB15,test,6896,Normal,1,0.266285,0.38338,KNOWN
UNSW-NB15,test,6897,Normal,1,0.171045,0.38338,KNOWN
UNSW-NB15,test,6898,Normal,1,0.113258,0.38338,KNOWN
UNSW-NB15,test,6899,Normal,1,0.203334,0.38338,KNOWN
UNSW-NB15,test,6900,Exploits,1,0.308639,0.38338,KNOWN
UNSW-NB15,test,6901,Fuzzers,1,0.207049,0.38338,KNOWN
UNSW-NB15,test,6902,Fuzzers,1,0.102427,0.38338,KNOWN
UNSW-NB15,test,6903,Normal,1,0.232234,0.38338,KNOWN
UNSW-NB15,test,6904,Fuzzers,1,0.218664,0.38338,KNOWN
UNSW-NB15,test,6905,Normal,1,0.137469,0.38338,KNOWN
UNSW-NB15,test,6906,Normal,1,0.10605,0.38338,KNOWN
UNSW-NB15,test,6907,Reconnaissance,1,0.214119,0.38338,KNOWN
UNSW-NB15,test,6908,Normal,1,0.16141,0.38338,KNOWN
UNSW-NB15,test,6909,Normal,1,0.198576,0.38338,KNOWN
UNSW-NB15,test,6910,Normal,1,0.287077,0.38338,KNOWN
UNSW-NB15,test,6911,Exploits,1,0.114146,0.38338,KNOWN
UNSW-NB15,test,6912,Normal,1,0.050395,0.38338,KNOWN
UNSW-NB15,test,6913,Normal,1,0.312243,0.38338,KNOWN
UNSW-NB15,test,6914,Normal,1,0.185371,0.38338,KNOWN
UNSW-NB15,test,6915,Fuzzers,1,0.177746,0.38338,KNOWN
UNSW-NB15,test,6916,Fuzzers,1,0.068071,0.38338,KNOWN
UNSW-NB15,test,6917,Normal,1,0.076201,0.38338,KNOWN
UNSW-NB15,test,6918,Normal,1,0.046043,0.38338,KNOWN
UNSW-NB15,test,6919,Exploits,1,0.135683,0.38338,KNOWN
UNSW-NB15,test,6920,Exploits,1,0.180949,0.38338,KNOWN
UNSW-NB15,test,6921,DoS,1,0.096804,0.38338,KNOWN
UNSW-NB15,test,6922,Normal,1,0.105521,0.38338,KNOWN
UNSW-NB15,test,6923,Normal,1,0.140687,0.38338,KNOWN
UNSW-NB15,test,6924,Normal,1,0.384092,0.38338,ZERO_DAY
UNSW-NB15,test,6925,Normal,1,0.248609,0.38338,KNOWN
UNSW-NB15,test,6926,Normal,1,0.112275,0.38338,KNOWN
UNSW-NB15,test,6927,Fuzzers,1,0.248407,0.38338,KNOWN
UNSW-NB15,test,6928,Normal,1,0.143031,0.38338,KNOWN
UNSW-NB15,test,6929,Exploits,1,0.13663,0.38338,KNOWN
UNSW-NB15,test,6930,Normal,1,0.083475,0.38338,KNOWN
UNSW-NB15,test,6931,Normal,1,0.402684,0.38338,ZERO_DAY
UNSW-NB15,test,6932,Normal,1,0.009463,0.38338,KNOWN
UNSW-NB15,test,6933,Fuzzers,1,0.138556,0.38338,KNOWN
UNSW-NB15,test,6934,Exploits,1,0.091085,0.38338,KNOWN
UNSW-NB15,test,6935,Normal,1,0.229433,0.38338,KNOWN
UNSW-NB15,test,6936,Fuzzers,1,0.200145,0.38338,KNOWN
UNSW-NB15,test,6937,Fuzzers,1,0.12049,0.38338,KNOWN
UNSW-NB15,test,6938,Generic,1,0.043398,0.38338,KNOWN
UNSW-NB15,test,6939,Normal,1,0.081232,0.38338,KNOWN
UNSW-NB15,test,6940,DoS,1,0.130539,0.38338,KNOWN
UNSW-NB15,test,6941,Normal,1,0.111047,0.38338,KNOWN
UNSW-NB15,test,6942,Normal,1,0.445013,0.38338,ZERO_DAY
UNSW-NB15,test,6943,Fuzzers,1,0.125665,0.38338,KNOWN
UNSW-NB15,test,6944,Normal,1,0.11658,0.38338,KNOWN
UNSW-NB15,test,6945,Reconnaissance,1,0.11678,0.38338,KNOWN
UNSW-NB15,test,6946,Normal,1,0.171316,0.38338,KNOWN
UNSW-NB15,test,6947,Normal,1,0.046657,0.38338,KNOWN
UNSW-NB15,test,6948,Exploits,1,0.127219,0.38338,KNOWN
UNSW-NB15,test,6949,Exploits,1,0.346712,0.38338,KNOWN
UNSW-NB15,test,6950,Normal,1,0.288317,0.38338,KNOWN
UNSW-NB15,test,6951,Normal,1,0.558515,0.38338,ZERO_DAY
UNSW-NB15,test,6952,Normal,1,0.318333,0.38338,KNOWN
UNSW-NB15,test,6953,Normal,1,0.421185,0.38338,ZERO_DAY
UNSW-NB15,test,6954,Fuzzers,1,0.249916,0.38338,KNOWN
UNSW-NB15,test,6955,Normal,1,0.205051,0.38338,KNOWN
UNSW-NB15,test,6956,Normal,1,0.339493,0.38338,KNOWN
UNSW-NB15,test,6957,Reconnaissance,1,0.228162,0.38338,KNOWN
UNSW-NB15,test,6958,Normal,1,0.006391,0.38338,KNOWN
UNSW-NB15,test,6959,Normal,1,0.052226,0.38338,KNOWN
UNSW-NB15,test,6960,Normal,1,0.07463,0.38338,KNOWN
UNSW-NB15,test,6961,Normal,1,0.180165,0.38338,KNOWN
UNSW-NB15,test,6962,Normal,1,0.120768,0.38338,KNOWN
UNSW-NB15,test,6963,Normal,1,0.125754,0.38338,KNOWN
UNSW-NB15,test,6964,Normal,1,0.18614,0.38338,KNOWN
UNSW-NB15,test,6965,Normal,1,0.335605,0.38338,KNOWN
UNSW-NB15,test,6966,Fuzzers,1,0.182287,0.38338,KNOWN
UNSW-NB15,test,6967,Exploits,1,0.077322,0.38338,KNOWN
UNSW-NB15,test,6968,Exploits,1,0.183712,0.38338,KNOWN
UNSW-NB15,test,6969,Fuzzers,1,0.257322,0.38338,KNOWN
UNSW-NB15,test,6970,Exploits,1,0.499979,0.38338,ZERO_DAY
UNSW-NB15,test,6971,Normal,1,0.032049,0.38338,KNOWN
UNSW-NB15,test,6972,Normal,1,0.173766,0.38338,KNOWN
UNSW-NB15,test,6973,Normal,1,0.127532,0.38338,KNOWN
UNSW-NB15,test,6974,Normal,1,0.112918,0.38338,KNOWN
UNSW-NB15,test,6975,DoS,1,0.286994,0.38338,KNOWN
UNSW-NB15,test,6976,Normal,1,0.179707,0.38338,KNOWN
UNSW-NB15,test,6977,Normal,1,0.228854,0.38338,KNOWN
UNSW-NB15,test,6978,Normal,1,0.106913,0.38338,KNOWN
UNSW-NB15,test,6979,Normal,1,0.532313,0.38338,ZERO_DAY
UNSW-NB15,test,6980,Normal,1,0.293662,0.38338,KNOWN
UNSW-NB15,test,6981,Exploits,1,0.371005,0.38338,KNOWN
UNSW-NB15,test,6982,Normal,1,0.24389,0.38338,KNOWN
UNSW-NB15,test,6983,Normal,1,0.137313,0.38338,KNOWN
UNSW-NB15,test,6984,Exploits,1,0.146741,0.38338,KNOWN
UNSW-NB15,test,6985,Reconnaissance,1,0.355143,0.38338,KNOWN
UNSW-NB15,test,6986,Normal,1,0.096586,0.38338,KNOWN
UNSW-NB15,test,6987,Exploits,1,0.04934,0.38338,KNOWN
UNSW-NB15,test,6988,Normal,1,0.097409,0.38338,KNOWN
UNSW-NB15,test,6989,Exploits,1,0.246707,0.38338,KNOWN
UNSW-NB15,test,6990,Fuzzers,1,0.170824,0.38338,KNOWN
UNSW-NB15,test,6991,Normal,1,0.056295,0.38338,KNOWN
UNSW-NB15,test,6992,Fuzzers,1,0.382226,0.38338,KNOWN
UNSW-NB15,test,6993,Normal,1,0.248435,0.38338,KNOWN
UNSW-NB15,test,6994,Generic,1,0.273942,0.38338,KNOWN
UNSW-NB15,test,6995,Normal,1,0.176364,0.38338,KNOWN
UNSW-NB15,test,6996,Exploits,1,0.065371,0.38338,KNOWN
UNSW-NB15,test,6997,Normal,1,0.266481,0.38338,KNOWN
UNSW-NB15,test,6998,DoS,1,0.276781,0.38338,KNOWN
UNSW-NB15,test,6999,Fuzzers,1,0.058116,0.38338,KNOWN
UNSW-NB15,test,7000,Normal,1,0.162747,0.38338,KNOWN
UNSW-NB15,test,7001,Exploits,1,0.062017,0.38338,KNOWN
UNSW-NB15,test,7002,Fuzzers,1,0.147426,0.38338,KNOWN
UNSW-NB15,test,7003,Fuzzers,1,0.217794,0.38338,KNOWN
UNSW-NB15,test,7004,Exploits,1,0.104308,0.38338,KNOWN
UNSW-NB15,test,7005,Normal,1,0.109365,0.38338,KNOWN
UNSW-NB15,test,7006,Normal,1,0.207381,0.38338,KNOWN
UNSW-NB15,test,7007,Fuzzers,1,0.158012,0.38338,KNOWN
UNSW-NB15,test,7008,Normal,1,0.207556,0.38338,KNOWN
UNSW-NB15,test,7009,Reconnaissance,1,0.188184,0.38338,KNOWN
UNSW-NB15,test,7010,Exploits,1,0.183679,0.38338,KNOWN
UNSW-NB15,test,7011,Normal,1,0.179149,0.38338,KNOWN
UNSW-NB15,test,7012,Normal,1,0.234428,0.38338,KNOWN
UNSW-NB15,test,7013,Normal,1,0.110856,0.38338,KNOWN
UNSW-NB15,test,7014,Normal,1,0.146657,0.38338,KNOWN
UNSW-NB15,test,7015,Fuzzers,1,0.385058,0.38338,ZERO_DAY
UNSW-NB15,test,7016,Normal,1,0.159228,0.38338,KNOWN
UNSW-NB15,test,7017,Normal,1,0.024516,0.38338,KNOWN
UNSW-NB15,test,7018,Fuzzers,1,0.181074,0.38338,KNOWN
UNSW-NB15,test,7019,Generic,1,0.087538,0.38338,KNOWN
UNSW-NB15,test,7020,Exploits,1,0.223477,0.38338,KNOWN
UNSW-NB15,test,7021,Normal,1,0.059642,0.38338,KNOWN
UNSW-NB15,test,7022,Normal,1,0.075564,0.38338,KNOWN
UNSW-NB15,test,7023,Exploits,1,0.292138,0.38338,KNOWN
UNSW-NB15,test,7024,Normal,1,0.179094,0.38338,KNOWN
UNSW-NB15,test,7025,Reconnaissance,1,0.06781,0.38338,KNOWN
UNSW-NB15,test,7026,Exploits,1,0.358052,0.38338,KNOWN
UNSW-NB15,test,7027,Normal,1,0.15066,0.38338,KNOWN
UNSW-NB15,test,7028,Normal,1,0.066448,0.38338,KNOWN
UNSW-NB15,test,7029,Normal,1,0.170298,0.38338,KNOWN
UNSW-NB15,test,7030,Normal,1,0.316162,0.38338,KNOWN
UNSW-NB15,test,7031,Exploits,1,0.102116,0.38338,KNOWN
UNSW-NB15,test,7032,Normal,1,0.12428,0.38338,KNOWN
UNSW-NB15,test,7033,Normal,1,0.132175,0.38338,KNOWN
UNSW-NB15,test,7034,Normal,1,0.011396,0.38338,KNOWN
UNSW-NB15,test,7035,Normal,1,0.204742,0.38338,KNOWN
UNSW-NB15,test,7036,DoS,1,0.070487,0.38338,KNOWN
UNSW-NB15,test,7037,Fuzzers,1,0.143477,0.38338,KNOWN
UNSW-NB15,test,7038,Normal,1,0.156605,0.38338,KNOWN
UNSW-NB15,test,7039,Exploits,1,0.137725,0.38338,KNOWN
UNSW-NB15,test,7040,Fuzzers,1,0.337253,0.38338,KNOWN
UNSW-NB15,test,7041,Exploits,1,0.104714,0.38338,KNOWN
UNSW-NB15,test,7042,DoS,1,0.116282,0.38338,KNOWN
UNSW-NB15,test,7043,Exploits,1,0.257256,0.38338,KNOWN
UNSW-NB15,test,7044,Normal,1,0.178289,0.38338,KNOWN
UNSW-NB15,test,7045,Normal,1,0.188288,0.38338,KNOWN
UNSW-NB15,test,7046,Normal,1,0.226834,0.38338,KNOWN
UNSW-NB15,test,7047,Exploits,1,0.079804,0.38338,KNOWN
UNSW-NB15,test,7048,Normal,1,0.17677,0.38338,KNOWN
UNSW-NB15,test,7049,Fuzzers,1,0.296616,0.38338,KNOWN
UNSW-NB15,test,7050,Reconnaissance,1,0.04952,0.38338,KNOWN
UNSW-NB15,test,7051,Exploits,1,0.175141,0.38338,KNOWN
UNSW-NB15,test,7052,Normal,1,0.306337,0.38338,KNOWN
UNSW-NB15,test,7053,Normal,1,0.237964,0.38338,KNOWN
UNSW-NB15,test,7054,Normal,1,0.115985,0.38338,KNOWN
UNSW-NB15,test,7055,Normal,1,0.322993,0.38338,KNOWN
UNSW-NB15,test,7056,Normal,1,0.125847,0.38338,KNOWN
UNSW-NB15,test,7057,Exploits,1,0.394213,0.38338,ZERO_DAY
UNSW-NB15,test,7058,Fuzzers,1,0.047265,0.38338,KNOWN
UNSW-NB15,test,7059,Normal,1,0.10934,0.38338,KNOWN
UNSW-NB15,test,7060,Exploits,1,0.335227,0.38338,KNOWN
UNSW-NB15,test,7061,Reconnaissance,1,0.263375,0.38338,KNOWN
UNSW-NB15,test,7062,Exploits,1,0.169984,0.38338,KNOWN
UNSW-NB15,test,7063,Normal,1,0.125587,0.38338,KNOWN
UNSW-NB15,test,7064,Normal,1,0.090335,0.38338,KNOWN
UNSW-NB15,test,7065,Normal,1,0.201832,0.38338,KNOWN
UNSW-NB15,test,7066,Exploits,1,0.180932,0.38338,KNOWN
UNSW-NB15,test,7067,Normal,1,0.081262,0.38338,KNOWN
UNSW-NB15,test,7068,Normal,1,0.208796,0.38338,KNOWN
UNSW-NB15,test,7069,Normal,1,0.168909,0.38338,KNOWN
UNSW-NB15,test,7070,Normal,1,0.260739,0.38338,KNOWN
UNSW-NB15,test,7071,Exploits,1,0.079204,0.38338,KNOWN
UNSW-NB15,test,7072,Normal,1,0.066498,0.38338,KNOWN
UNSW-NB15,test,7073,Exploits,1,0.116268,0.38338,KNOWN
UNSW-NB15,test,7074,Normal,1,0.393052,0.38338,ZERO_DAY
UNSW-NB15,test,7075,Exploits,1,0.101789,0.38338,KNOWN
UNSW-NB15,test,7076,Normal,1,0.301413,0.38338,KNOWN
UNSW-NB15,test,7077,Exploits,1,0.417657,0.38338,ZERO_DAY
UNSW-NB15,test,7078,Normal,1,0.447595,0.38338,ZERO_DAY
UNSW-NB15,test,7079,Exploits,1,0.086335,0.38338,KNOWN
UNSW-NB15,test,7080,Fuzzers,1,0.199288,0.38338,KNOWN
UNSW-NB15,test,7081,Normal,1,0.247246,0.38338,KNOWN
UNSW-NB15,test,7082,Exploits,1,0.216459,0.38338,KNOWN
UNSW-NB15,test,7083,Normal,1,0.227258,0.38338,KNOWN
UNSW-NB15,test,7084,Normal,1,0.224111,0.38338,KNOWN
UNSW-NB15,test,7085,Fuzzers,1,0.307586,0.38338,KNOWN
UNSW-NB15,test,7086,Normal,1,0.19697,0.38338,KNOWN
UNSW-NB15,test,7087,DoS,1,0.131399,0.38338,KNOWN
UNSW-NB15,test,7088,Normal,1,0.191014,0.38338,KNOWN
UNSW-NB15,test,7089,Exploits,1,0.124106,0.38338,KNOWN
UNSW-NB15,test,7090,Reconnaissance,1,0.082277,0.38338,KNOWN
UNSW-NB15,test,7091,Normal,1,0.191334,0.38338,KNOWN
UNSW-NB15,test,7092,Normal,1,0.328682,0.38338,KNOWN
UNSW-NB15,test,7093,Normal,1,0.222625,0.38338,KNOWN
UNSW-NB15,test,7094,Normal,1,0.313054,0.38338,KNOWN
UNSW-NB15,test,7095,Normal,1,0.065431,0.38338,KNOWN
UNSW-NB15,test,7096,Normal,1,0.292746,0.38338,KNOWN
UNSW-NB15,test,7097,Normal,1,0.081354,0.38338,KNOWN
UNSW-NB15,test,7098,Exploits,1,0.097302,0.38338,KNOWN
UNSW-NB15,test,7099,Normal,1,0.15152,0.38338,KNOWN
UNSW-NB15,test,7100,Normal,1,0.403523,0.38338,ZERO_DAY
UNSW-NB15,test,7101,Normal,1,0.128607,0.38338,KNOWN
UNSW-NB15,test,7102,Normal,1,0.074137,0.38338,KNOWN
UNSW-NB15,test,7103,Normal,1,0.185636,0.38338,KNOWN
UNSW-NB15,test,7104,Fuzzers,1,0.070771,0.38338,KNOWN
UNSW-NB15,test,7105,Normal,1,0.329668,0.38338,KNOWN
UNSW-NB15,test,7106,Fuzzers,1,0.144227,0.38338,KNOWN
UNSW-NB15,test,7107,Exploits,1,0.12673,0.38338,KNOWN
UNSW-NB15,test,7108,Normal,1,0.064858,0.38338,KNOWN
UNSW-NB15,test,7109,Backdoor,1,0.133413,0.38338,KNOWN
UNSW-NB15,test,7110,Normal,1,0.084662,0.38338,KNOWN
UNSW-NB15,test,7111,Normal,1,0.191396,0.38338,KNOWN
UNSW-NB15,test,7112,Normal,1,0.099067,0.38338,KNOWN
UNSW-NB15,test,7113,Normal,1,0.020607,0.38338,KNOWN
UNSW-NB15,test,7114,Generic,1,0.350733,0.38338,KNOWN
UNSW-NB15,test,7115,Exploits,1,0.152059,0.38338,KNOWN
UNSW-NB15,test,7116,Exploits,1,0.185854,0.38338,KNOWN
UNSW-NB15,test,7117,Exploits,1,0.119953,0.38338,KNOWN
UNSW-NB15,test,7118,Normal,1,0.100826,0.38338,KNOWN
UNSW-NB15,test,7119,Exploits,1,0.321954,0.38338,KNOWN
UNSW-NB15,test,7120,Exploits,1,0.143921,0.38338,KNOWN
UNSW-NB15,test,7121,Normal,1,0.088812,0.38338,KNOWN
UNSW-NB15,test,7122,Reconnaissance,1,0.301713,0.38338,KNOWN
UNSW-NB15,test,7123,Normal,1,0.154064,0.38338,KNOWN
UNSW-NB15,test,7124,Normal,1,0.216349,0.38338,KNOWN
UNSW-NB15,test,7125,Normal,1,0.04665,0.38338,KNOWN
UNSW-NB15,test,7126,Normal,1,0.39158,0.38338,ZERO_DAY
UNSW-NB15,test,7127,Normal,1,0.256734,0.38338,KNOWN
UNSW-NB15,test,7128,Normal,1,0.249714,0.38338,KNOWN
UNSW-NB15,test,7129,Reconnaissance,1,0.077978,0.38338,KNOWN
UNSW-NB15,test,7130,Normal,1,0.246657,0.38338,KNOWN
UNSW-NB15,test,7131,Normal,1,0.224259,0.38338,KNOWN
UNSW-NB15,test,7132,Normal,1,0.083661,0.38338,KNOWN
UNSW-NB15,test,7133,Exploits,1,0.198317,0.38338,KNOWN
UNSW-NB15,test,7134,Exploits,1,0.192353,0.38338,KNOWN
UNSW-NB15,test,7135,Exploits,1,0.198354,0.38338,KNOWN
UNSW-NB15,test,7136,Reconnaissance,1,0.293671,0.38338,KNOWN
UNSW-NB15,test,7137,Fuzzers,1,0.183019,0.38338,KNOWN
UNSW-NB15,test,7138,Normal,1,0.181195,0.38338,KNOWN
UNSW-NB15,test,7139,Normal,1,0.059484,0.38338,KNOWN
UNSW-NB15,test,7140,Exploits,1,0.323628,0.38338,KNOWN
UNSW-NB15,test,7141,Exploits,1,0.12858,0.38338,KNOWN
UNSW-NB15,test,7142,Fuzzers,1,0.102972,0.38338,KNOWN
UNSW-NB15,test,7143,Exploits,1,0.102573,0.38338,KNOWN
UNSW-NB15,test,7144,Normal,1,0.280211,0.38338,KNOWN
UNSW-NB15,test,7145,Normal,1,0.193289,0.38338,KNOWN
UNSW-NB15,test,7146,Exploits,1,0.106248,0.38338,KNOWN
UNSW-NB15,test,7147,Normal,1,0.264013,0.38338,KNOWN
UNSW-NB15,test,7148,Exploits,1,0.265553,0.38338,KNOWN
UNSW-NB15,test,7149,Normal,1,0.065492,0.38338,KNOWN
UNSW-NB15,test,7150,Normal,1,0.14141,0.38338,KNOWN
UNSW-NB15,test,7151,Fuzzers,1,0.25752,0.38338,KNOWN
UNSW-NB15,test,7152,Normal,1,0.070128,0.38338,KNOWN
UNSW-NB15,test,7153,Reconnaissance,1,0.093053,0.38338,KNOWN
UNSW-NB15,test,7154,Exploits,1,0.106806,0.38338,KNOWN
UNSW-NB15,test,7155,Normal,1,0.099278,0.38338,KNOWN
UNSW-NB15,test,7156,Normal,1,0.273165,0.38338,KNOWN
UNSW-NB15,test,7157,Exploits,1,0.197828,0.38338,KNOWN
UNSW-NB15,test,7158,Fuzzers,1,0.071719,0.38338,KNOWN
UNSW-NB15,test,7159,Exploits,1,0.126953,0.38338,KNOWN
UNSW-NB15,test,7160,Exploits,1,0.07686,0.38338,KNOWN
UNSW-NB15,test,7161,Fuzzers,1,0.090464,0.38338,KNOWN
UNSW-NB15,test,7162,Exploits,1,0.067144,0.38338,KNOWN
UNSW-NB15,test,7163,Fuzzers,1,0.103188,0.38338,KNOWN
UNSW-NB15,test,7164,Normal,1,0.190606,0.38338,KNOWN
UNSW-NB15,test,7165,Reconnaissance,1,0.131384,0.38338,KNOWN
UNSW-NB15,test,7166,Normal,1,0.21905,0.38338,KNOWN
UNSW-NB15,test,7167,Exploits,1,0.007931,0.38338,KNOWN
UNSW-NB15,test,7168,Normal,1,0.152518,0.38338,KNOWN
UNSW-NB15,test,7169,DoS,1,0.263607,0.38338,KNOWN
UNSW-NB15,test,7170,Reconnaissance,1,0.118271,0.38338,KNOWN
UNSW-NB15,test,7171,Normal,1,0.186644,0.38338,KNOWN
UNSW-NB15,test,7172,Exploits,1,0.2183,0.38338,KNOWN
UNSW-NB15,test,7173,Normal,1,0.253296,0.38338,KNOWN
UNSW-NB15,test,7174,Fuzzers,1,0.22739,0.38338,KNOWN
UNSW-NB15,test,7175,Normal,1,0.278314,0.38338,KNOWN
UNSW-NB15,test,7176,Normal,1,0.026351,0.38338,KNOWN
UNSW-NB15,test,7177,Reconnaissance,1,0.089617,0.38338,KNOWN
UNSW-NB15,test,7178,Normal,1,0.294312,0.38338,KNOWN
UNSW-NB15,test,7179,Fuzzers,1,0.532334,0.38338,ZERO_DAY
UNSW-NB15,test,7180,Normal,1,0.354703,0.38338,KNOWN
UNSW-NB15,test,7181,Normal,1,0.042385,0.38338,KNOWN
UNSW-NB15,test,7182,Reconnaissance,1,0.126192,0.38338,KNOWN
UNSW-NB15,test,7183,Normal,1,0.132527,0.38338,KNOWN
UNSW-NB15,test,7184,Normal,1,0.138391,0.38338,KNOWN
UNSW-NB15,test,7185,Normal,1,0.158427,0.38338,KNOWN
UNSW-NB15,test,7186,Normal,1,0.285199,0.38338,KNOWN
UNSW-NB15,test,7187,Exploits,1,0.31227,0.38338,KNOWN
UNSW-NB15,test,7188,Normal,1,0.347205,0.38338,KNOWN
UNSW-NB15,test,7189,Reconnaissance,1,0.236531,0.38338,KNOWN
UNSW-NB15,test,7190,Normal,1,0.068879,0.38338,KNOWN
UNSW-NB15,test,7191,Exploits,1,0.187966,0.38338,KNOWN
UNSW-NB15,test,7192,Normal,1,0.377281,0.38338,KNOWN
UNSW-NB15,test,7193,DoS,1,0.149462,0.38338,KNOWN
UNSW-NB15,test,7194,Normal,1,0.208772,0.38338,KNOWN
UNSW-NB15,test,7195,Normal,1,0.102026,0.38338,KNOWN
UNSW-NB15,test,7196,Normal,1,0.258817,0.38338,KNOWN
UNSW-NB15,test,7197,Analysis,1,0.157611,0.38338,KNOWN
UNSW-NB15,test,7198,Fuzzers,1,0.235637,0.38338,KNOWN
UNSW-NB15,test,7199,Normal,1,0.074977,0.38338,KNOWN
UNSW-NB15,test,7200,Normal,1,0.213881,0.38338,KNOWN
UNSW-NB15,test,7201,Exploits,1,0.23234,0.38338,KNOWN
UNSW-NB15,test,7202,Exploits,1,0.309681,0.38338,KNOWN
UNSW-NB15,test,7203,Normal,1,0.071336,0.38338,KNOWN
UNSW-NB15,test,7204,Fuzzers,1,0.304469,0.38338,KNOWN
UNSW-NB15,test,7205,Fuzzers,1,0.423471,0.38338,ZERO_DAY
UNSW-NB15,test,7206,Exploits,1,0.10253,0.38338,KNOWN
UNSW-NB15,test,7207,Exploits,1,0.303157,0.38338,KNOWN
UNSW-NB15,test,7208,Normal,1,0.100133,0.38338,KNOWN
UNSW-NB15,test,7209,Normal,1,0.27081,0.38338,KNOWN
UNSW-NB15,test,7210,Exploits,1,0.164007,0.38338,KNOWN
UNSW-NB15,test,7211,Normal,1,0.196745,0.38338,KNOWN
UNSW-NB15,test,7212,Normal,1,0.228452,0.38338,KNOWN
UNSW-NB15,test,7213,Exploits,1,0.091517,0.38338,KNOWN
UNSW-NB15,test,7214,Fuzzers,1,0.252984,0.38338,KNOWN
UNSW-NB15,test,7215,Normal,1,0.471921,0.38338,ZERO_DAY
UNSW-NB15,test,7216,Normal,1,0.094995,0.38338,KNOWN
UNSW-NB15,test,7217,Normal,1,0.234252,0.38338,KNOWN
UNSW-NB15,test,7218,Normal,1,0.331843,0.38338,KNOWN
UNSW-NB15,test,7219,Normal,1,0.059266,0.38338,KNOWN
UNSW-NB15,test,7220,Exploits,1,0.183117,0.38338,KNOWN
UNSW-NB15,test,7221,Exploits,1,0.125739,0.38338,KNOWN
UNSW-NB15,test,7222,Exploits,1,0.073989,0.38338,KNOWN
UNSW-NB15,test,7223,Exploits,1,0.15655,0.38338,KNOWN
UNSW-NB15,test,7224,Normal,1,0.189114,0.38338,KNOWN
UNSW-NB15,test,7225,Fuzzers,1,0.097127,0.38338,KNOWN
UNSW-NB15,test,7226,Normal,1,0.089783,0.38338,KNOWN
UNSW-NB15,test,7227,Normal,1,0.106076,0.38338,KNOWN
UNSW-NB15,test,7228,Normal,1,0.134275,0.38338,KNOWN
UNSW-NB15,test,7229,Exploits,1,0.309389,0.38338,KNOWN
UNSW-NB15,test,7230,Exploits,1,0.139973,0.38338,KNOWN
UNSW-NB15,test,7231,Exploits,1,0.243255,0.38338,KNOWN
UNSW-NB15,test,7232,Normal,1,0.095421,0.38338,KNOWN
UNSW-NB15,test,7233,Exploits,1,0.36476,0.38338,KNOWN
UNSW-NB15,test,7234,Normal,1,0.406416,0.38338,ZERO_DAY
UNSW-NB15,test,7235,Normal,1,0.300415,0.38338,KNOWN
UNSW-NB15,test,7236,Normal,1,0.079462,0.38338,KNOWN
UNSW-NB15,test,7237,Reconnaissance,1,0.083629,0.38338,KNOWN
UNSW-NB15,test,7238,Normal,1,0.099801,0.38338,KNOWN
UNSW-NB15,test,7239,Normal,1,0.135843,0.38338,KNOWN
UNSW-NB15,test,7240,Normal,1,0.11961,0.38338,KNOWN
UNSW-NB15,test,7241,Normal,1,0.031421,0.38338,KNOWN
UNSW-NB15,test,7242,Exploits,1,0.253633,0.38338,KNOWN
UNSW-NB15,test,7243,Normal,1,0.102114,0.38338,KNOWN
UNSW-NB15,test,7244,Normal,1,0.181299,0.38338,KNOWN
UNSW-NB15,test,7245,Normal,1,0.093741,0.38338,KNOWN
UNSW-NB15,test,7246,Normal,1,0.260031,0.38338,KNOWN
UNSW-NB15,test,7247,Normal,1,0.114203,0.38338,KNOWN
UNSW-NB15,test,7248,Exploits,1,0.255346,0.38338,KNOWN
UNSW-NB15,test,7249,Fuzzers,1,0.06572,0.38338,KNOWN
UNSW-NB15,test,7250,Fuzzers,1,0.317514,0.38338,KNOWN
UNSW-NB15,test,7251,Normal,1,0.169804,0.38338,KNOWN
UNSW-NB15,test,7252,Fuzzers,1,0.197939,0.38338,KNOWN
UNSW-NB15,test,7253,Normal,1,0.222522,0.38338,KNOWN
UNSW-NB15,test,7254,Normal,1,0.085365,0.38338,KNOWN
UNSW-NB15,test,7255,Normal,1,0.164695,0.38338,KNOWN
UNSW-NB15,test,7256,Normal,1,0.129545,0.38338,KNOWN
UNSW-NB15,test,7257,Normal,1,0.066304,0.38338,KNOWN
UNSW-NB15,test,7258,Normal,1,0.277483,0.38338,KNOWN
UNSW-NB15,test,7259,Normal,1,0.321476,0.38338,KNOWN
UNSW-NB15,test,7260,Normal,1,0.239816,0.38338,KNOWN
UNSW-NB15,test,7261,Normal,1,0.0425,0.38338,KNOWN
UNSW-NB15,test,7262,Generic,1,0.232738,0.38338,KNOWN
UNSW-NB15,test,7263,Normal,1,0.069471,0.38338,KNOWN
UNSW-NB15,test,7264,Fuzzers,1,0.124867,0.38338,KNOWN
UNSW-NB15,test,7265,Normal,1,0.097801,0.38338,KNOWN
UNSW-NB15,test,7266,DoS,1,0.167763,0.38338,KNOWN
UNSW-NB15,test,7267,Normal,1,0.071142,0.38338,KNOWN
UNSW-NB15,test,7268,Fuzzers,1,0.137159,0.38338,KNOWN
UNSW-NB15,test,7269,Normal,1,0.342847,0.38338,KNOWN
UNSW-NB15,test,7270,Normal,1,0.194918,0.38338,KNOWN
UNSW-NB15,test,7271,DoS,1,0.066171,0.38338,KNOWN
UNSW-NB15,test,7272,Exploits,1,0.083333,0.38338,KNOWN
UNSW-NB15,test,7273,Normal,1,0.276891,0.38338,KNOWN
UNSW-NB15,test,7274,Reconnaissance,1,0.163856,0.38338,KNOWN
UNSW-NB15,test,7275,Reconnaissance,1,0.160104,0.38338,KNOWN
UNSW-NB15,test,7276,Normal,1,0.046402,0.38338,KNOWN
UNSW-NB15,test,7277,Fuzzers,1,0.124794,0.38338,KNOWN
UNSW-NB15,test,7278,Exploits,1,0.126101,0.38338,KNOWN
UNSW-NB15,test,7279,Normal,1,0.262762,0.38338,KNOWN
UNSW-NB15,test,7280,Normal,1,0.328471,0.38338,KNOWN
UNSW-NB15,test,7281,Exploits,1,0.173961,0.38338,KNOWN
UNSW-NB15,test,7282,Fuzzers,1,0.112798,0.38338,KNOWN
UNSW-NB15,test,7283,DoS,1,0.161522,0.38338,KNOWN
UNSW-NB15,test,7284,Normal,1,0.539547,0.38338,ZERO_DAY
UNSW-NB15,test,7285,Normal,1,0.158532,0.38338,KNOWN
UNSW-NB15,test,7286,Normal,1,0.158345,0.38338,KNOWN
UNSW-NB15,test,7287,Generic,1,0.104635,0.38338,KNOWN
UNSW-NB15,test,7288,Exploits,1,0.095103,0.38338,KNOWN
UNSW-NB15,test,7289,Normal,1,0.202708,0.38338,KNOWN
UNSW-NB15,test,7290,Reconnaissance,1,0.159761,0.38338,KNOWN
UNSW-NB15,test,7291,Fuzzers,1,0.119701,0.38338,KNOWN
UNSW-NB15,test,7292,Normal,1,0.183518,0.38338,KNOWN
UNSW-NB15,test,7293,Normal,1,0.237225,0.38338,KNOWN
UNSW-NB15,test,7294,Exploits,1,0.140809,0.38338,KNOWN
UNSW-NB15,test,7295,Normal,1,0.399868,0.38338,ZERO_DAY
UNSW-NB15,test,7296,Normal,1,0.256701,0.38338,KNOWN
UNSW-NB15,test,7297,Exploits,1,0.270695,0.38338,KNOWN
UNSW-NB15,test,7298,Normal,1,0.060317,0.38338,KNOWN
UNSW-NB15,test,7299,Fuzzers,1,0.157891,0.38338,KNOWN
UNSW-NB15,test,7300,Fuzzers,1,0.03075,0.38338,KNOWN
UNSW-NB15,test,7301,Normal,1,0.096738,0.38338,KNOWN
UNSW-NB15,test,7302,Reconnaissance,1,0.141471,0.38338,KNOWN
UNSW-NB15,test,7303,Exploits,1,0.193369,0.38338,KNOWN
UNSW-NB15,test,7304,Reconnaissance,1,0.11559,0.38338,KNOWN
UNSW-NB15,test,7305,Reconnaissance,1,0.167466,0.38338,KNOWN
UNSW-NB15,test,7306,Normal,1,0.376483,0.38338,KNOWN
UNSW-NB15,test,7307,Normal,1,0.228358,0.38338,KNOWN
UNSW-NB15,test,7308,Normal,1,0.171406,0.38338,KNOWN
UNSW-NB15,test,7309,Exploits,1,0.198587,0.38338,KNOWN
UNSW-NB15,test,7310,Normal,1,0.311152,0.38338,KNOWN
UNSW-NB15,test,7311,Exploits,1,0.249804,0.38338,KNOWN
UNSW-NB15,test,7312,Exploits,1,0.135899,0.38338,KNOWN
UNSW-NB15,test,7313,Exploits,1,0.048098,0.38338,KNOWN
UNSW-NB15,test,7314,Normal,1,0.152849,0.38338,KNOWN
UNSW-NB15,test,7315,Normal,1,0.240967,0.38338,KNOWN
UNSW-NB15,test,7316,Exploits,1,0.324164,0.38338,KNOWN
UNSW-NB15,test,7317,Fuzzers,1,0.190006,0.38338,KNOWN
UNSW-NB15,test,7318,Normal,1,0.175982,0.38338,KNOWN
UNSW-NB15,test,7319,Normal,1,0.092146,0.38338,KNOWN
UNSW-NB15,test,7320,Normal,1,0.268037,0.38338,KNOWN
UNSW-NB15,test,7321,Reconnaissance,1,0.22185,0.38338,KNOWN
UNSW-NB15,test,7322,Exploits,1,0.126421,0.38338,KNOWN
UNSW-NB15,test,7323,Normal,1,0.167908,0.38338,KNOWN
UNSW-NB15,test,7324,Fuzzers,1,0.193763,0.38338,KNOWN
UNSW-NB15,test,7325,Normal,1,0.14941,0.38338,KNOWN
UNSW-NB15,test,7326,Normal,1,0.202824,0.38338,KNOWN
UNSW-NB15,test,7327,Normal,1,0.179994,0.38338,KNOWN
UNSW-NB15,test,7328,Normal,1,0.115746,0.38338,KNOWN
UNSW-NB15,test,7329,Fuzzers,1,0.506488,0.38338,ZERO_DAY
UNSW-NB15,test,7330,Normal,1,0.106359,0.38338,KNOWN
UNSW-NB15,test,7331,Normal,1,0.302364,0.38338,KNOWN
UNSW-NB15,test,7332,Reconnaissance,1,0.144159,0.38338,KNOWN
UNSW-NB15,test,7333,Normal,1,0.225429,0.38338,KNOWN
UNSW-NB15,test,7334,DoS,1,0.15606,0.38338,KNOWN
UNSW-NB15,test,7335,Fuzzers,1,0.337475,0.38338,KNOWN
UNSW-NB15,test,7336,Exploits,1,0.134116,0.38338,KNOWN
UNSW-NB15,test,7337,Normal,1,0.251074,0.38338,KNOWN
UNSW-NB15,test,7338,Normal,1,0.237819,0.38338,KNOWN
UNSW-NB15,test,7339,Normal,1,0.053526,0.38338,KNOWN
UNSW-NB15,test,7340,Fuzzers,1,0.070292,0.38338,KNOWN
UNSW-NB15,test,7341,Exploits,1,0.064433,0.38338,KNOWN
UNSW-NB15,test,7342,Exploits,1,0.177711,0.38338,KNOWN
UNSW-NB15,test,7343,Normal,1,0.308982,0.38338,KNOWN
UNSW-NB15,test,7344,Normal,1,0.045334,0.38338,KNOWN
UNSW-NB15,test,7345,Normal,1,0.205537,0.38338,KNOWN
UNSW-NB15,test,7346,Normal,1,0.186129,0.38338,KNOWN
UNSW-NB15,test,7347,Normal,1,0.378452,0.38338,KNOWN
UNSW-NB15,test,7348,Exploits,1,0.057759,0.38338,KNOWN
UNSW-NB15,test,7349,Fuzzers,1,0.162878,0.38338,KNOWN
UNSW-NB15,test,7350,Normal,1,0.238508,0.38338,KNOWN
UNSW-NB15,test,7351,Exploits,1,0.135389,0.38338,KNOWN
UNSW-NB15,test,7352,Reconnaissance,1,0.264615,0.38338,KNOWN
UNSW-NB15,test,7353,DoS,1,0.253351,0.38338,KNOWN
UNSW-NB15,test,7354,Normal,1,0.080255,0.38338,KNOWN
UNSW-NB15,test,7355,Reconnaissance,1,0.10786,0.38338,KNOWN
UNSW-NB15,test,7356,Normal,1,0.095192,0.38338,KNOWN
UNSW-NB15,test,7357,Normal,1,0.128347,0.38338,KNOWN
UNSW-NB15,test,7358,Normal,1,0.122623,0.38338,KNOWN
UNSW-NB15,test,7359,Normal,1,0.382802,0.38338,KNOWN
UNSW-NB15,test,7360,Fuzzers,1,0.058544,0.38338,KNOWN
UNSW-NB15,test,7361,Normal,1,0.169957,0.38338,KNOWN
UNSW-NB15,test,7362,Normal,1,0.188445,0.38338,KNOWN
UNSW-NB15,test,7363,Exploits,1,0.056669,0.38338,KNOWN
UNSW-NB15,test,7364,Normal,1,0.084406,0.38338,KNOWN
UNSW-NB15,test,7365,Normal,1,0.231378,0.38338,KNOWN
UNSW-NB15,test,7366,Normal,1,0.114674,0.38338,KNOWN
UNSW-NB15,test,7367,Fuzzers,1,0.045742,0.38338,KNOWN
UNSW-NB15,test,7368,Fuzzers,1,0.163509,0.38338,KNOWN
UNSW-NB15,test,7369,Normal,1,0.041861,0.38338,KNOWN
UNSW-NB15,test,7370,Normal,1,0.328953,0.38338,KNOWN
UNSW-NB15,test,7371,Normal,1,0.234378,0.38338,KNOWN
UNSW-NB15,test,7372,Exploits,1,0.138178,0.38338,KNOWN
UNSW-NB15,test,7373,Normal,1,0.176016,0.38338,KNOWN
UNSW-NB15,test,7374,Fuzzers,1,0.259882,0.38338,KNOWN
UNSW-NB15,test,7375,Normal,1,0.043484,0.38338,KNOWN
UNSW-NB15,test,7376,Fuzzers,1,0.066933,0.38338,KNOWN
UNSW-NB15,test,7377,Fuzzers,1,0.190262,0.38338,KNOWN
UNSW-NB15,test,7378,Normal,1,0.346544,0.38338,KNOWN
UNSW-NB15,test,7379,Normal,1,0.109542,0.38338,KNOWN
UNSW-NB15,test,7380,Normal,1,0.05265,0.38338,KNOWN
UNSW-NB15,test,7381,Normal,1,0.286133,0.38338,KNOWN
UNSW-NB15,test,7382,Normal,1,0.144395,0.38338,KNOWN
UNSW-NB15,test,7383,Normal,1,0.201377,0.38338,KNOWN
UNSW-NB15,test,7384,Fuzzers,1,0.170999,0.38338,KNOWN
UNSW-NB15,test,7385,Normal,1,0.179016,0.38338,KNOWN
UNSW-NB15,test,7386,Normal,1,0.28075,0.38338,KNOWN
UNSW-NB15,test,7387,Normal,1,0.061163,0.38338,KNOWN
UNSW-NB15,test,7388,Normal,1,0.039525,0.38338,KNOWN
UNSW-NB15,test,7389,Exploits,1,0.101895,0.38338,KNOWN
UNSW-NB15,test,7390,Normal,1,0.124394,0.38338,KNOWN
UNSW-NB15,test,7391,DoS,1,0.121242,0.38338,KNOWN
UNSW-NB15,test,7392,Exploits,1,0.482179,0.38338,ZERO_DAY
UNSW-NB15,test,7393,Normal,1,0.094243,0.38338,KNOWN
UNSW-NB15,test,7394,Normal,1,0.104642,0.38338,KNOWN
UNSW-NB15,test,7395,Normal,1,0.148447,0.38338,KNOWN
UNSW-NB15,test,7396,Normal,1,0.128622,0.38338,KNOWN
UNSW-NB15,test,7397,Normal,1,0.074522,0.38338,KNOWN
UNSW-NB15,test,7398,Exploits,1,0.202752,0.38338,KNOWN
UNSW-NB15,test,7399,Normal,1,0.019535,0.38338,KNOWN
UNSW-NB15,test,7400,Fuzzers,1,0.117277,0.38338,KNOWN
UNSW-NB15,test,7401,Normal,1,0.23881,0.38338,KNOWN
UNSW-NB15,test,7402,Fuzzers,1,0.144546,0.38338,KNOWN
UNSW-NB15,test,7403,Normal,1,0.184996,0.38338,KNOWN
UNSW-NB15,test,7404,Normal,1,0.027707,0.38338,KNOWN
UNSW-NB15,test,7405,Normal,1,0.099102,0.38338,KNOWN
UNSW-NB15,test,7406,Normal,1,0.116078,0.38338,KNOWN
UNSW-NB15,test,7407,Normal,1,0.154767,0.38338,KNOWN
UNSW-NB15,test,7408,Exploits,1,0.061301,0.38338,KNOWN
UNSW-NB15,test,7409,Normal,1,0.072776,0.38338,KNOWN
UNSW-NB15,test,7410,Normal,1,0.035524,0.38338,KNOWN
UNSW-NB15,test,7411,Normal,1,0.202572,0.38338,KNOWN
UNSW-NB15,test,7412,Normal,1,0.17215,0.38338,KNOWN
UNSW-NB15,test,7413,Normal,1,0.149337,0.38338,KNOWN
UNSW-NB15,test,7414,Normal,1,0.146027,0.38338,KNOWN
UNSW-NB15,test,7415,Exploits,1,0.141108,0.38338,KNOWN
UNSW-NB15,test,7416,DoS,1,0.16027,0.38338,KNOWN
UNSW-NB15,test,7417,Normal,1,0.205443,0.38338,KNOWN
UNSW-NB15,test,7418,Normal,1,0.251738,0.38338,KNOWN
UNSW-NB15,test,7419,Normal,1,0.280186,0.38338,KNOWN
UNSW-NB15,test,7420,Normal,1,0.21143,0.38338,KNOWN
UNSW-NB15,test,7421,Normal,1,0.504646,0.38338,ZERO_DAY
UNSW-NB15,test,7422,Reconnaissance,1,0.408017,0.38338,ZERO_DAY
UNSW-NB15,test,7423,Exploits,1,0.069495,0.38338,KNOWN
UNSW-NB15,test,7424,Normal,1,0.169372,0.38338,KNOWN
UNSW-NB15,test,7425,Normal,1,0.10183,0.38338,KNOWN
UNSW-NB15,test,7426,Normal,1,0.176379,0.38338,KNOWN
UNSW-NB15,test,7427,Exploits,1,0.111933,0.38338,KNOWN
UNSW-NB15,test,7428,Normal,1,0.233443,0.38338,KNOWN
UNSW-NB15,test,7429,Exploits,1,0.216029,0.38338,KNOWN
UNSW-NB15,test,7430,Fuzzers,1,0.267138,0.38338,KNOWN
UNSW-NB15,test,7431,Exploits,1,0.1059,0.38338,KNOWN
UNSW-NB15,test,7432,Normal,1,0.175803,0.38338,KNOWN
UNSW-NB15,test,7433,Normal,1,0.311885,0.38338,KNOWN
UNSW-NB15,test,7434,Normal,1,0.346502,0.38338,KNOWN
UNSW-NB15,test,7435,Normal,1,0.212165,0.38338,KNOWN
UNSW-NB15,test,7436,Normal,1,0.053339,0.38338,KNOWN
UNSW-NB15,test,7437,Normal,1,0.102932,0.38338,KNOWN
UNSW-NB15,test,7438,Fuzzers,1,0.293959,0.38338,KNOWN
UNSW-NB15,test,7439,Normal,1,0.2273,0.38338,KNOWN
UNSW-NB15,test,7440,Reconnaissance,1,0.138807,0.38338,KNOWN
UNSW-NB15,test,7441,Exploits,1,0.09662,0.38338,KNOWN
UNSW-NB15,test,7442,Reconnaissance,1,0.335568,0.38338,KNOWN
UNSW-NB15,test,7443,Exploits,1,0.30659,0.38338,KNOWN
UNSW-NB15,test,7444,Exploits,1,0.24767,0.38338,KNOWN
UNSW-NB15,test,7445,Normal,1,0.052693,0.38338,KNOWN
UNSW-NB15,test,7446,Exploits,1,0.162121,0.38338,KNOWN
UNSW-NB15,test,7447,Normal,1,0.149441,0.38338,KNOWN
UNSW-NB15,test,7448,Fuzzers,1,0.154453,0.38338,KNOWN
UNSW-NB15,test,7449,Normal,1,0.189689,0.38338,KNOWN
UNSW-NB15,test,7450,Normal,1,0.174784,0.38338,KNOWN
UNSW-NB15,test,7451,Exploits,1,0.456748,0.38338,ZERO_DAY
UNSW-NB15,test,7452,Reconnaissance,1,0.172153,0.38338,KNOWN
UNSW-NB15,test,7453,Fuzzers,1,0.230467,0.38338,KNOWN
UNSW-NB15,test,7454,Normal,1,0.162126,0.38338,KNOWN
UNSW-NB15,test,7455,Normal,1,0.071572,0.38338,KNOWN
UNSW-NB15,test,7456,Normal,1,0.033634,0.38338,KNOWN
UNSW-NB15,test,7457,Fuzzers,1,0.133903,0.38338,KNOWN
UNSW-NB15,test,7458,Normal,1,0.046058,0.38338,KNOWN
UNSW-NB15,test,7459,Normal,1,0.057093,0.38338,KNOWN
UNSW-NB15,test,7460,Normal,1,0.022727,0.38338,KNOWN
UNSW-NB15,test,7461,Exploits,1,0.235198,0.38338,KNOWN
UNSW-NB15,test,7462,Normal,1,0.20295,0.38338,KNOWN
UNSW-NB15,test,7463,Exploits,1,0.173485,0.38338,KNOWN
UNSW-NB15,test,7464,Normal,1,0.088514,0.38338,KNOWN
UNSW-NB15,test,7465,Exploits,1,0.181096,0.38338,KNOWN
UNSW-NB15,test,7466,Normal,1,0.042492,0.38338,KNOWN
UNSW-NB15,test,7467,Normal,1,0.278232,0.38338,KNOWN
UNSW-NB15,test,7468,Exploits,1,0.212137,0.38338,KNOWN
UNSW-NB15,test,7469,Reconnaissance,1,0.048785,0.38338,KNOWN
UNSW-NB15,test,7470,Normal,1,0.128702,0.38338,KNOWN
UNSW-NB15,test,7471,Reconnaissance,1,0.300341,0.38338,KNOWN
UNSW-NB15,test,7472,Exploits,1,0.09946,0.38338,KNOWN
UNSW-NB15,test,7473,Normal,1,0.027504,0.38338,KNOWN
UNSW-NB15,test,7474,Fuzzers,1,0.233449,0.38338,KNOWN
UNSW-NB15,test,7475,Reconnaissance,1,0.037755,0.38338,KNOWN
UNSW-NB15,test,7476,Exploits,1,0.317809,0.38338,KNOWN
UNSW-NB15,test,7477,Normal,1,0.124973,0.38338,KNOWN
UNSW-NB15,test,7478,Normal,1,0.145968,0.38338,KNOWN
UNSW-NB15,test,7479,Exploits,1,0.326389,0.38338,KNOWN
UNSW-NB15,test,7480,Normal,1,0.010528,0.38338,KNOWN
UNSW-NB15,test,7481,Exploits,1,0.137164,0.38338,KNOWN
UNSW-NB15,test,7482,Normal,1,0.208859,0.38338,KNOWN
UNSW-NB15,test,7483,Fuzzers,1,0.230911,0.38338,KNOWN
UNSW-NB15,test,7484,Fuzzers,1,0.16016,0.38338,KNOWN
UNSW-NB15,test,7485,Fuzzers,1,0.272395,0.38338,KNOWN
UNSW-NB15,test,7486,Exploits,1,0.10031,0.38338,KNOWN
UNSW-NB15,test,7487,Normal,1,0.11776,0.38338,KNOWN
UNSW-NB15,test,7488,Normal,1,0.209316,0.38338,KNOWN
UNSW-NB15,test,7489,Exploits,1,0.052787,0.38338,KNOWN
UNSW-NB15,test,7490,Normal,1,0.141399,0.38338,KNOWN
UNSW-NB15,test,7491,Exploits,1,0.307027,0.38338,KNOWN
UNSW-NB15,test,7492,Exploits,1,0.108199,0.38338,KNOWN
UNSW-NB15,test,7493,Normal,1,0.350166,0.38338,KNOWN
UNSW-NB15,test,7494,Fuzzers,1,0.118492,0.38338,KNOWN
UNSW-NB15,test,7495,Normal,1,0.11766,0.38338,KNOWN
UNSW-NB15,test,7496,Normal,1,0.378168,0.38338,KNOWN
UNSW-NB15,test,7497,Generic,1,0.066504,0.38338,KNOWN
UNSW-NB15,test,7498,Normal,1,0.044871,0.38338,KNOWN
UNSW-NB15,test,7499,Normal,1,0.264356,0.38338,KNOWN
UNSW-NB15,test,7500,Fuzzers,1,0.173712,0.38338,KNOWN
UNSW-NB15,test,7501,Exploits,1,0.372037,0.38338,KNOWN
UNSW-NB15,test,7502,Normal,1,0.095397,0.38338,KNOWN
UNSW-NB15,test,7503,Reconnaissance,1,0.182834,0.38338,KNOWN
UNSW-NB15,test,7504,Exploits,1,0.145844,0.38338,KNOWN
UNSW-NB15,test,7505,Fuzzers,1,0.176834,0.38338,KNOWN
UNSW-NB15,test,7506,Normal,1,0.133079,0.38338,KNOWN
UNSW-NB15,test,7507,Normal,1,0.064086,0.38338,KNOWN
UNSW-NB15,test,7508,Normal,1,0.365041,0.38338,KNOWN
UNSW-NB15,test,7509,Normal,1,0.616665,0.38338,ZERO_DAY
UNSW-NB15,test,7510,Exploits,1,0.267711,0.38338,KNOWN
UNSW-NB15,test,7511,Normal,1,0.125542,0.38338,KNOWN
UNSW-NB15,test,7512,Normal,1,0.087638,0.38338,KNOWN
UNSW-NB15,test,7513,Fuzzers,1,0.352658,0.38338,KNOWN
UNSW-NB15,test,7514,Normal,1,0.147222,0.38338,KNOWN
UNSW-NB15,test,7515,Fuzzers,1,0.12009,0.38338,KNOWN
UNSW-NB15,test,7516,Normal,1,0.066233,0.38338,KNOWN
UNSW-NB15,test,7517,Normal,1,0.200496,0.38338,KNOWN
UNSW-NB15,test,7518,Exploits,1,0.449859,0.38338,ZERO_DAY
UNSW-NB15,test,7519,Exploits,1,0.290125,0.38338,KNOWN
UNSW-NB15,test,7520,Exploits,1,0.122291,0.38338,KNOWN
UNSW-NB15,test,7521,Normal,1,0.189228,0.38338,KNOWN
UNSW-NB15,test,7522,Normal,1,0.086533,0.38338,KNOWN
UNSW-NB15,test,7523,Normal,1,0.197644,0.38338,KNOWN
UNSW-NB15,test,7524,Normal,1,0.137747,0.38338,KNOWN
UNSW-NB15,test,7525,Exploits,1,0.24322,0.38338,KNOWN
UNSW-NB15,test,7526,Normal,1,0.207215,0.38338,KNOWN
UNSW-NB15,test,7527,Exploits,1,0.112456,0.38338,KNOWN
UNSW-NB15,test,7528,Normal,1,0.104008,0.38338,KNOWN
UNSW-NB15,test,7529,Normal,1,0.143441,0.38338,KNOWN
UNSW-NB15,test,7530,Fuzzers,1,0.172755,0.38338,KNOWN
UNSW-NB15,test,7531,Fuzzers,1,0.376567,0.38338,KNOWN
UNSW-NB15,test,7532,Exploits,1,0.246213,0.38338,KNOWN
UNSW-NB15,test,7533,Normal,1,0.074672,0.38338,KNOWN
UNSW-NB15,test,7534,Normal,1,0.307625,0.38338,KNOWN
UNSW-NB15,test,7535,Exploits,1,0.034631,0.38338,KNOWN
UNSW-NB15,test,7536,Fuzzers,1,0.129605,0.38338,KNOWN
UNSW-NB15,test,7537,Exploits,1,0.174342,0.38338,KNOWN
UNSW-NB15,test,7538,Normal,1,0.148256,0.38338,KNOWN
UNSW-NB15,test,7539,Normal,1,0.150131,0.38338,KNOWN
UNSW-NB15,test,7540,Fuzzers,1,0.060958,0.38338,KNOWN
UNSW-NB15,test,7541,Fuzzers,1,0.095589,0.38338,KNOWN
UNSW-NB15,test,7542,DoS,1,0.019301,0.38338,KNOWN
UNSW-NB15,test,7543,Normal,1,0.038737,0.38338,KNOWN
UNSW-NB15,test,7544,Reconnaissance,1,0.115871,0.38338,KNOWN
UNSW-NB15,test,7545,Exploits,1,0.015916,0.38338,KNOWN
UNSW-NB15,test,7546,Normal,1,0.183324,0.38338,KNOWN
UNSW-NB15,test,7547,Normal,1,0.502364,0.38338,ZERO_DAY
UNSW-NB15,test,7548,Normal,1,0.179293,0.38338,KNOWN
UNSW-NB15,test,7549,Reconnaissance,1,0.171546,0.38338,KNOWN
UNSW-NB15,test,7550,Reconnaissance,1,0.148769,0.38338,KNOWN
UNSW-NB15,test,7551,Normal,1,0.295386,0.38338,KNOWN
UNSW-NB15,test,7552,Exploits,1,0.390505,0.38338,ZERO_DAY
UNSW-NB15,test,7553,Normal,1,0.15728,0.38338,KNOWN
UNSW-NB15,test,7554,Normal,1,0.190593,0.38338,KNOWN
UNSW-NB15,test,7555,Normal,1,0.204842,0.38338,KNOWN
UNSW-NB15,test,7556,Exploits,1,0.14731,0.38338,KNOWN
UNSW-NB15,test,7557,Fuzzers,1,0.16058,0.38338,KNOWN
UNSW-NB15,test,7558,Exploits,1,0.2204,0.38338,KNOWN
UNSW-NB15,test,7559,Exploits,1,0.295682,0.38338,KNOWN
UNSW-NB15,test,7560,Normal,1,0.305716,0.38338,KNOWN
UNSW-NB15,test,7561,Normal,1,0.296173,0.38338,KNOWN
UNSW-NB15,test,7562,Normal,1,0.249823,0.38338,KNOWN
UNSW-NB15,test,7563,Normal,1,0.244923,0.38338,KNOWN
UNSW-NB15,test,7564,Normal,1,0.215209,0.38338,KNOWN
UNSW-NB15,test,7565,Reconnaissance,1,0.138861,0.38338,KNOWN
UNSW-NB15,test,7566,Normal,1,0.142493,0.38338,KNOWN
UNSW-NB15,test,7567,Reconnaissance,1,0.188346,0.38338,KNOWN
UNSW-NB15,test,7568,Exploits,1,0.13914,0.38338,KNOWN
UNSW-NB15,test,7569,Normal,1,0.146279,0.38338,KNOWN
UNSW-NB15,test,7570,Exploits,1,0.159995,0.38338,KNOWN
UNSW-NB15,test,7571,Normal,1,0.222354,0.38338,KNOWN
UNSW-NB15,test,7572,Normal,1,0.03997,0.38338,KNOWN
UNSW-NB15,test,7573,Normal,1,0.085482,0.38338,KNOWN
UNSW-NB15,test,7574,Exploits,1,0.041721,0.38338,KNOWN
UNSW-NB15,test,7575,Normal,1,0.2291,0.38338,KNOWN
UNSW-NB15,test,7576,Normal,1,0.203311,0.38338,KNOWN
UNSW-NB15,test,7577,Fuzzers,1,0.280466,0.38338,KNOWN
UNSW-NB15,test,7578,Normal,1,0.2828,0.38338,KNOWN
UNSW-NB15,test,7579,Normal,1,0.171237,0.38338,KNOWN
UNSW-NB15,test,7580,Fuzzers,1,0.100049,0.38338,KNOWN
UNSW-NB15,test,7581,Exploits,1,0.125175,0.38338,KNOWN
UNSW-NB15,test,7582,Normal,1,0.211394,0.38338,KNOWN
UNSW-NB15,test,7583,Fuzzers,1,0.215214,0.38338,KNOWN
UNSW-NB15,test,7584,Normal,1,0.216444,0.38338,KNOWN
UNSW-NB15,test,7585,Normal,1,0.219562,0.38338,KNOWN
UNSW-NB15,test,7586,Normal,1,0.242918,0.38338,KNOWN
UNSW-NB15,test,7587,Normal,1,0.114554,0.38338,KNOWN
UNSW-NB15,test,7588,Exploits,1,0.100231,0.38338,KNOWN
UNSW-NB15,test,7589,Exploits,1,0.042431,0.38338,KNOWN
UNSW-NB15,test,7590,Normal,1,0.125998,0.38338,KNOWN
UNSW-NB15,test,7591,Normal,1,0.343587,0.38338,KNOWN
UNSW-NB15,test,7592,Normal,1,0.323046,0.38338,KNOWN
UNSW-NB15,test,7593,Exploits,1,0.095179,0.38338,KNOWN
UNSW-NB15,test,7594,Normal,1,0.302273,0.38338,KNOWN
UNSW-NB15,test,7595,Normal,1,0.134578,0.38338,KNOWN
UNSW-NB15,test,7596,Normal,1,0.132743,0.38338,KNOWN
UNSW-NB15,test,7597,Fuzzers,1,0.213939,0.38338,KNOWN
UNSW-NB15,test,7598,Normal,1,0.129197,0.38338,KNOWN
UNSW-NB15,test,7599,Normal,1,0.058881,0.38338,KNOWN
UNSW-NB15,test,7600,Reconnaissance,1,0.187517,0.38338,KNOWN
UNSW-NB15,test,7601,Normal,1,0.062193,0.38338,KNOWN
UNSW-NB15,test,7602,Reconnaissance,1,0.178138,0.38338,KNOWN
UNSW-NB15,test,7603,Normal,1,0.257577,0.38338,KNOWN
UNSW-NB15,test,7604,Normal,1,0.4283,0.38338,ZERO_DAY
UNSW-NB15,test,7605,Normal,1,0.362747,0.38338,KNOWN
UNSW-NB15,test,7606,Normal,1,0.345564,0.38338,KNOWN
UNSW-NB15,test,7607,Normal,1,0.378227,0.38338,KNOWN
UNSW-NB15,test,7608,Normal,1,0.166466,0.38338,KNOWN
UNSW-NB15,test,7609,Normal,1,0.006738,0.38338,KNOWN
UNSW-NB15,test,7610,Normal,1,0.401692,0.38338,ZERO_DAY
UNSW-NB15,test,7611,Normal,1,0.090634,0.38338,KNOWN
UNSW-NB15,test,7612,Normal,1,0.218529,0.38338,KNOWN
UNSW-NB15,test,7613,Reconnaissance,1,0.089857,0.38338,KNOWN
UNSW-NB15,test,7614,Normal,1,0.195588,0.38338,KNOWN
UNSW-NB15,test,7615,Generic,1,0.403581,0.38338,ZERO_DAY
UNSW-NB15,test,7616,Normal,1,0.31166,0.38338,KNOWN
UNSW-NB15,test,7617,Normal,1,0.004561,0.38338,KNOWN
UNSW-NB15,test,7618,DoS,1,0.166031,0.38338,KNOWN
UNSW-NB15,test,7619,Exploits,1,0.166801,0.38338,KNOWN
UNSW-NB15,test,7620,Normal,1,0.188694,0.38338,KNOWN
UNSW-NB15,test,7621,Fuzzers,1,0.146487,0.38338,KNOWN
UNSW-NB15,test,7622,Normal,1,0.124633,0.38338,KNOWN
UNSW-NB15,test,7623,Normal,1,0.086008,0.38338,KNOWN
UNSW-NB15,test,7624,Normal,1,0.151826,0.38338,KNOWN
UNSW-NB15,test,7625,Fuzzers,1,0.178988,0.38338,KNOWN
UNSW-NB15,test,7626,Normal,1,0.158141,0.38338,KNOWN
UNSW-NB15,test,7627,Reconnaissance,1,0.404622,0.38338,ZERO_DAY
UNSW-NB15,test,7628,Reconnaissance,1,0.030686,0.38338,KNOWN
UNSW-NB15,test,7629,Normal,1,0.051674,0.38338,KNOWN
UNSW-NB15,test,7630,Normal,1,0.152148,0.38338,KNOWN
UNSW-NB15,test,7631,Normal,1,0.11882,0.38338,KNOWN
UNSW-NB15,test,7632,Normal,1,0.103087,0.38338,KNOWN
UNSW-NB15,test,7633,Normal,1,0.413859,0.38338,ZERO_DAY
UNSW-NB15,test,7634,Normal,1,0.186286,0.38338,KNOWN
UNSW-NB15,test,7635,Normal,1,0.36727,0.38338,KNOWN
UNSW-NB15,test,7636,Normal,1,0.300892,0.38338,KNOWN
UNSW-NB15,test,7637,Normal,1,0.19424,0.38338,KNOWN
UNSW-NB15,test,7638,Normal,1,0.060725,0.38338,KNOWN
UNSW-NB15,test,7639,Normal,1,0.128237,0.38338,KNOWN
UNSW-NB15,test,7640,DoS,1,0.038486,0.38338,KNOWN
UNSW-NB15,test,7641,Normal,1,0.345584,0.38338,KNOWN
UNSW-NB15,test,7642,Fuzzers,1,0.197409,0.38338,KNOWN
UNSW-NB15,test,7643,Normal,1,0.474684,0.38338,ZERO_DAY
UNSW-NB15,test,7644,Normal,1,0.160552,0.38338,KNOWN
UNSW-NB15,test,7645,Normal,1,0.337727,0.38338,KNOWN
UNSW-NB15,test,7646,Normal,1,0.08465,0.38338,KNOWN
UNSW-NB15,test,7647,Normal,1,0.212555,0.38338,KNOWN
UNSW-NB15,test,7648,Normal,1,0.172411,0.38338,KNOWN
UNSW-NB15,test,7649,Normal,1,0.142259,0.38338,KNOWN
UNSW-NB15,test,7650,Normal,1,0.330442,0.38338,KNOWN
UNSW-NB15,test,7651,Normal,1,0.199522,0.38338,KNOWN
UNSW-NB15,test,7652,Fuzzers,1,0.096302,0.38338,KNOWN
UNSW-NB15,test,7653,Normal,1,0.182421,0.38338,KNOWN
UNSW-NB15,test,7654,Normal,1,0.28332,0.38338,KNOWN
UNSW-NB15,test,7655,Normal,1,0.159778,0.38338,KNOWN
UNSW-NB15,test,7656,Normal,1,0.133588,0.38338,KNOWN
UNSW-NB15,test,7657,Normal,1,0.122159,0.38338,KNOWN
UNSW-NB15,test,7658,Normal,1,0.325814,0.38338,KNOWN
UNSW-NB15,test,7659,Normal,1,0.114983,0.38338,KNOWN
UNSW-NB15,test,7660,Normal,1,0.226493,0.38338,KNOWN
UNSW-NB15,test,7661,Normal,1,0.094447,0.38338,KNOWN
UNSW-NB15,test,7662,Normal,1,0.307583,0.38338,KNOWN
UNSW-NB15,test,7663,Fuzzers,1,0.12527,0.38338,KNOWN
UNSW-NB15,test,7664,Fuzzers,1,0.085292,0.38338,KNOWN
UNSW-NB15,test,7665,Exploits,1,0.251177,0.38338,KNOWN
UNSW-NB15,test,7666,Exploits,1,0.087007,0.38338,KNOWN
UNSW-NB15,test,7667,Normal,1,0.064701,0.38338,KNOWN
UNSW-NB15,test,7668,Normal,1,0.14921,0.38338,KNOWN
UNSW-NB15,test,7669,Exploits,1,0.074881,0.38338,KNOWN
UNSW-NB15,test,7670,Normal,1,0.089385,0.38338,KNOWN
UNSW-NB15,test,7671,Exploits,1,0.031622,0.38338,KNOWN
UNSW-NB15,test,7672,Normal,1,0.158682,0.38338,KNOWN
UNSW-NB15,test,7673,Normal,1,0.104267,0.38338,KNOWN
UNSW-NB15,test,7674,Normal,1,0.150037,0.38338,KNOWN
UNSW-NB15,test,7675,Exploits,1,0.374162,0.38338,KNOWN
UNSW-NB15,test,7676,Fuzzers,1,0.317601,0.38338,KNOWN
UNSW-NB15,test,7677,Normal,1,0.129409,0.38338,KNOWN
UNSW-NB15,test,7678,Normal,1,0.131484,0.38338,KNOWN
UNSW-NB15,test,7679,Normal,1,0.089808,0.38338,KNOWN
UNSW-NB15,test,7680,Normal,1,0.20591,0.38338,KNOWN
UNSW-NB15,test,7681,Exploits,1,0.002712,0.38338,KNOWN
UNSW-NB15,test,7682,Normal,1,0.024608,0.38338,KNOWN
UNSW-NB15,test,7683,Reconnaissance,1,0.111994,0.38338,KNOWN
UNSW-NB15,test,7684,Normal,1,0.100835,0.38338,KNOWN
UNSW-NB15,test,7685,Normal,1,0.197123,0.38338,KNOWN
UNSW-NB15,test,7686,Exploits,1,0.00286,0.38338,KNOWN
UNSW-NB15,test,7687,DoS,1,0.137043,0.38338,KNOWN
UNSW-NB15,test,7688,Fuzzers,1,0.087083,0.38338,KNOWN
UNSW-NB15,test,7689,Normal,1,0.142982,0.38338,KNOWN
UNSW-NB15,test,7690,Exploits,1,0.32521,0.38338,KNOWN
UNSW-NB15,test,7691,Reconnaissance,1,0.169181,0.38338,KNOWN
UNSW-NB15,test,7692,Normal,1,0.268045,0.38338,KNOWN
UNSW-NB15,test,7693,Normal,1,0.177919,0.38338,KNOWN
UNSW-NB15,test,7694,Normal,1,0.04526,0.38338,KNOWN
UNSW-NB15,test,7695,Fuzzers,1,0.166605,0.38338,KNOWN
UNSW-NB15,test,7696,Normal,1,0.29267,0.38338,KNOWN
UNSW-NB15,test,7697,Normal,1,0.393455,0.38338,ZERO_DAY
UNSW-NB15,test,7698,Normal,1,0.21261,0.38338,KNOWN
UNSW-NB15,test,7699,Normal,1,0.153792,0.38338,KNOWN
UNSW-NB15,test,7700,Fuzzers,1,0.181368,0.38338,KNOWN
UNSW-NB15,test,7701,Normal,1,0.225015,0.38338,KNOWN
UNSW-NB15,test,7702,Normal,1,0.243604,0.38338,KNOWN
UNSW-NB15,test,7703,Normal,1,0.067139,0.38338,KNOWN
UNSW-NB15,test,7704,Normal,1,0.28918,0.38338,KNOWN
UNSW-NB15,test,7705,Normal,1,0.025928,0.38338,KNOWN
UNSW-NB15,test,7706,Normal,1,0.136952,0.38338,KNOWN
UNSW-NB15,test,7707,Fuzzers,1,0.145089,0.38338,KNOWN
UNSW-NB15,test,7708,Normal,1,0.110621,0.38338,KNOWN
UNSW-NB15,test,7709,Normal,1,0.085253,0.38338,KNOWN
UNSW-NB15,test,7710,Exploits,1,0.194848,0.38338,KNOWN
UNSW-NB15,test,7711,Normal,1,0.046289,0.38338,KNOWN
UNSW-NB15,test,7712,Fuzzers,1,0.201641,0.38338,KNOWN
UNSW-NB15,test,7713,Exploits,1,0.233863,0.38338,KNOWN
UNSW-NB15,test,7714,Normal,1,0.261128,0.38338,KNOWN
UNSW-NB15,test,7715,Normal,1,0.22144,0.38338,KNOWN
UNSW-NB15,test,7716,Fuzzers,1,0.496299,0.38338,ZERO_DAY
UNSW-NB15,test,7717,Fuzzers,1,0.214663,0.38338,KNOWN
UNSW-NB15,test,7718,Normal,1,0.015858,0.38338,KNOWN
UNSW-NB15,test,7719,Normal,1,0.158601,0.38338,KNOWN
UNSW-NB15,test,7720,Normal,1,0.179213,0.38338,KNOWN
UNSW-NB15,test,7721,Normal,1,0.323136,0.38338,KNOWN
UNSW-NB15,test,7722,Fuzzers,1,0.010072,0.38338,KNOWN
UNSW-NB15,test,7723,Fuzzers,1,0.044283,0.38338,KNOWN
UNSW-NB15,test,7724,Exploits,1,0.277001,0.38338,KNOWN
UNSW-NB15,test,7725,Exploits,1,0.226583,0.38338,KNOWN
UNSW-NB15,test,7726,Fuzzers,1,0.132777,0.38338,KNOWN
UNSW-NB15,test,7727,Normal,1,0.169898,0.38338,KNOWN
UNSW-NB15,test,7728,Fuzzers,1,0.115055,0.38338,KNOWN
UNSW-NB15,test,7729,Normal,1,0.200917,0.38338,KNOWN
UNSW-NB15,test,7730,Normal,1,0.250235,0.38338,KNOWN
UNSW-NB15,test,7731,Normal,1,0.093787,0.38338,KNOWN
UNSW-NB15,test,7732,Normal,1,0.090187,0.38338,KNOWN
UNSW-NB15,test,7733,Exploits,1,0.123708,0.38338,KNOWN
UNSW-NB15,test,7734,Normal,1,0.274936,0.38338,KNOWN
UNSW-NB15,test,7735,Normal,1,0.321394,0.38338,KNOWN
UNSW-NB15,test,7736,Reconnaissance,1,0.340684,0.38338,KNOWN
UNSW-NB15,test,7737,Exploits,1,0.674604,0.38338,ZERO_DAY
UNSW-NB15,test,7738,Normal,1,0.107817,0.38338,KNOWN
UNSW-NB15,test,7739,Normal,1,0.08091,0.38338,KNOWN
UNSW-NB15,test,7740,Exploits,1,0.253979,0.38338,KNOWN
UNSW-NB15,test,7741,Exploits,1,0.122682,0.38338,KNOWN
UNSW-NB15,test,7742,Normal,1,0.126144,0.38338,KNOWN
UNSW-NB15,test,7743,Normal,1,0.061563,0.38338,KNOWN
UNSW-NB15,test,7744,Normal,1,0.278288,0.38338,KNOWN
UNSW-NB15,test,7745,Normal,1,0.093165,0.38338,KNOWN
UNSW-NB15,test,7746,Normal,1,0.216347,0.38338,KNOWN
UNSW-NB15,test,7747,Normal,1,0.103177,0.38338,KNOWN
UNSW-NB15,test,7748,Normal,1,0.007369,0.38338,KNOWN
UNSW-NB15,test,7749,Exploits,1,0.193275,0.38338,KNOWN
UNSW-NB15,test,7750,DoS,1,0.086659,0.38338,KNOWN
UNSW-NB15,test,7751,Fuzzers,1,0.159808,0.38338,KNOWN
UNSW-NB15,test,7752,Normal,1,0.137686,0.38338,KNOWN
UNSW-NB15,test,7753,Normal,1,0.210473,0.38338,KNOWN
UNSW-NB15,test,7754,Exploits,1,0.167029,0.38338,KNOWN
UNSW-NB15,test,7755,Normal,1,0.15065,0.38338,KNOWN
UNSW-NB15,test,7756,Normal,1,0.464583,0.38338,ZERO_DAY
UNSW-NB15,test,7757,Reconnaissance,1,0.194984,0.38338,KNOWN
UNSW-NB15,test,7758,Normal,1,0.097496,0.38338,KNOWN
UNSW-NB15,test,7759,Exploits,1,0.196726,0.38338,KNOWN
UNSW-NB15,test,7760,Normal,1,0.071204,0.38338,KNOWN
UNSW-NB15,test,7761,Normal,1,0.132139,0.38338,KNOWN
UNSW-NB15,test,7762,Exploits,1,0.197051,0.38338,KNOWN
UNSW-NB15,test,7763,Fuzzers,1,0.158997,0.38338,KNOWN
UNSW-NB15,test,7764,Normal,1,0.199667,0.38338,KNOWN
UNSW-NB15,test,7765,Normal,1,0.187645,0.38338,KNOWN
UNSW-NB15,test,7766,Normal,1,0.351138,0.38338,KNOWN
UNSW-NB15,test,7767,Normal,1,0.17688,0.38338,KNOWN
UNSW-NB15,test,7768,Normal,1,0.057513,0.38338,KNOWN
UNSW-NB15,test,7769,Normal,1,0.181649,0.38338,KNOWN
UNSW-NB15,test,7770,Exploits,1,0.320218,0.38338,KNOWN
UNSW-NB15,test,7771,Normal,1,0.036152,0.38338,KNOWN
UNSW-NB15,test,7772,Normal,1,0.089001,0.38338,KNOWN
UNSW-NB15,test,7773,Fuzzers,1,0.078978,0.38338,KNOWN
UNSW-NB15,test,7774,Exploits,1,0.365791,0.38338,KNOWN
UNSW-NB15,test,7775,Exploits,1,0.199844,0.38338,KNOWN
UNSW-NB15,test,7776,Normal,1,0.409726,0.38338,ZERO_DAY
UNSW-NB15,test,7777,Normal,1,0.00725,0.38338,KNOWN
UNSW-NB15,test,7778,Normal,1,0.086604,0.38338,KNOWN
UNSW-NB15,test,7779,Exploits,1,0.104295,0.38338,KNOWN
UNSW-NB15,test,7780,Exploits,1,0.204273,0.38338,KNOWN
UNSW-NB15,test,7781,Exploits,1,0.090708,0.38338,KNOWN
UNSW-NB15,test,7782,Normal,1,0.251384,0.38338,KNOWN
UNSW-NB15,test,7783,Normal,1,0.22988,0.38338,KNOWN
UNSW-NB15,test,7784,Exploits,1,0.117158,0.38338,KNOWN
UNSW-NB15,test,7785,Exploits,1,0.120722,0.38338,KNOWN
UNSW-NB15,test,7786,Normal,1,0.277208,0.38338,KNOWN
UNSW-NB15,test,7787,Generic,1,0.2195,0.38338,KNOWN
UNSW-NB15,test,7788,Fuzzers,1,0.106887,0.38338,KNOWN
UNSW-NB15,test,7789,Normal,1,0.056097,0.38338,KNOWN
UNSW-NB15,test,7790,Fuzzers,1,0.040165,0.38338,KNOWN
UNSW-NB15,test,7791,Normal,1,0.061518,0.38338,KNOWN
UNSW-NB15,test,7792,Fuzzers,1,0.12373,0.38338,KNOWN
UNSW-NB15,test,7793,Exploits,1,0.157095,0.38338,KNOWN
UNSW-NB15,test,7794,Normal,1,0.08833,0.38338,KNOWN
UNSW-NB15,test,7795,Normal,1,0.23234,0.38338,KNOWN
UNSW-NB15,test,7796,Fuzzers,1,0.284063,0.38338,KNOWN
UNSW-NB15,test,7797,Normal,1,0.174758,0.38338,KNOWN
UNSW-NB15,test,7798,Exploits,1,0.073427,0.38338,KNOWN
UNSW-NB15,test,7799,Normal,1,0.094893,0.38338,KNOWN
UNSW-NB15,test,7800,Normal,1,0.185826,0.38338,KNOWN
UNSW-NB15,test,7801,Normal,1,0.611983,0.38338,ZERO_DAY
UNSW-NB15,test,7802,Normal,1,0.324526,0.38338,KNOWN
UNSW-NB15,test,7803,Normal,1,0.039472,0.38338,KNOWN
UNSW-NB15,test,7804,Normal,1,0.217867,0.38338,KNOWN
UNSW-NB15,test,7805,Normal,1,0.204104,0.38338,KNOWN
UNSW-NB15,test,7806,Fuzzers,1,0.212045,0.38338,KNOWN
UNSW-NB15,test,7807,Normal,1,0.217313,0.38338,KNOWN
UNSW-NB15,test,7808,Normal,1,0.118389,0.38338,KNOWN
UNSW-NB15,test,7809,Reconnaissance,1,0.301359,0.38338,KNOWN
UNSW-NB15,test,7810,Normal,1,0.223579,0.38338,KNOWN
UNSW-NB15,test,7811,Normal,1,0.366198,0.38338,KNOWN
UNSW-NB15,test,7812,Exploits,1,0.182401,0.38338,KNOWN
UNSW-NB15,test,7813,Normal,1,0.118278,0.38338,KNOWN
UNSW-NB15,test,7814,Fuzzers,1,0.39017,0.38338,ZERO_DAY
UNSW-NB15,test,7815,Normal,1,0.188613,0.38338,KNOWN
UNSW-NB15,test,7816,Normal,1,0.161176,0.38338,KNOWN
UNSW-NB15,test,7817,Normal,1,0.315452,0.38338,KNOWN
UNSW-NB15,test,7818,Normal,1,0.199027,0.38338,KNOWN
UNSW-NB15,test,7819,Normal,1,0.05841,0.38338,KNOWN
UNSW-NB15,test,7820,Generic,1,0.057885,0.38338,KNOWN
UNSW-NB15,test,7821,Normal,1,0.258171,0.38338,KNOWN
UNSW-NB15,test,7822,Normal,1,0.102534,0.38338,KNOWN
UNSW-NB15,test,7823,Exploits,1,0.106295,0.38338,KNOWN
UNSW-NB15,test,7824,Exploits,1,0.190461,0.38338,KNOWN
UNSW-NB15,test,7825,Fuzzers,1,0.158852,0.38338,KNOWN
UNSW-NB15,test,7826,Fuzzers,1,0.349586,0.38338,KNOWN
UNSW-NB15,test,7827,Fuzzers,1,0.070922,0.38338,KNOWN
UNSW-NB15,test,7828,Normal,1,0.265011,0.38338,KNOWN
UNSW-NB15,test,7829,Reconnaissance,1,0.148104,0.38338,KNOWN
UNSW-NB15,test,7830,Normal,1,0.086259,0.38338,KNOWN
UNSW-NB15,test,7831,Normal,1,0.027074,0.38338,KNOWN
UNSW-NB15,test,7832,Normal,1,0.218443,0.38338,KNOWN
UNSW-NB15,test,7833,Exploits,1,0.50596,0.38338,ZERO_DAY
UNSW-NB15,test,7834,Reconnaissance,1,0.223244,0.38338,KNOWN
UNSW-NB15,test,7835,Exploits,1,0.017695,0.38338,KNOWN
UNSW-NB15,test,7836,Normal,1,0.128344,0.38338,KNOWN
UNSW-NB15,test,7837,Normal,1,0.020957,0.38338,KNOWN
UNSW-NB15,test,7838,Generic,1,0.088939,0.38338,KNOWN
UNSW-NB15,test,7839,Exploits,1,0.024464,0.38338,KNOWN
UNSW-NB15,test,7840,Normal,1,0.296878,0.38338,KNOWN
UNSW-NB15,test,7841,Fuzzers,1,0.049967,0.38338,KNOWN
UNSW-NB15,test,7842,Exploits,1,0.159365,0.38338,KNOWN
UNSW-NB15,test,7843,Generic,1,0.170269,0.38338,KNOWN
UNSW-NB15,test,7844,Normal,1,0.109833,0.38338,KNOWN
UNSW-NB15,test,7845,Exploits,1,0.294541,0.38338,KNOWN
UNSW-NB15,test,7846,Exploits,1,0.083594,0.38338,KNOWN
UNSW-NB15,test,7847,Fuzzers,1,0.103387,0.38338,KNOWN
UNSW-NB15,test,7848,Fuzzers,1,0.458563,0.38338,ZERO_DAY
UNSW-NB15,test,7849,Normal,1,0.102813,0.38338,KNOWN
UNSW-NB15,test,7850,Normal,1,0.058498,0.38338,KNOWN
UNSW-NB15,test,7851,Exploits,1,0.113252,0.38338,KNOWN
UNSW-NB15,test,7852,Normal,1,0.057762,0.38338,KNOWN
UNSW-NB15,test,7853,Normal,1,0.402058,0.38338,ZERO_DAY
UNSW-NB15,test,7854,Fuzzers,1,0.090818,0.38338,KNOWN
UNSW-NB15,test,7855,Normal,1,0.123697,0.38338,KNOWN
UNSW-NB15,test,7856,Normal,1,0.024976,0.38338,KNOWN
UNSW-NB15,test,7857,Normal,1,0.137413,0.38338,KNOWN
UNSW-NB15,test,7858,Fuzzers,1,0.217576,0.38338,KNOWN
UNSW-NB15,test,7859,Reconnaissance,1,0.025528,0.38338,KNOWN
UNSW-NB15,test,7860,Normal,1,0.076664,0.38338,KNOWN
UNSW-NB15,test,7861,Normal,1,0.136457,0.38338,KNOWN
UNSW-NB15,test,7862,Normal,1,0.116924,0.38338,KNOWN
UNSW-NB15,test,7863,Reconnaissance,1,0.156111,0.38338,KNOWN
UNSW-NB15,test,7864,Exploits,1,0.072433,0.38338,KNOWN
UNSW-NB15,test,7865,Normal,1,0.069853,0.38338,KNOWN
UNSW-NB15,test,7866,Normal,1,0.261778,0.38338,KNOWN
UNSW-NB15,test,7867,Normal,1,0.10657,0.38338,KNOWN
UNSW-NB15,test,7868,Normal,1,0.073471,0.38338,KNOWN
UNSW-NB15,test,7869,Normal,1,0.192941,0.38338,KNOWN
UNSW-NB15,test,7870,Normal,1,0.091922,0.38338,KNOWN
UNSW-NB15,test,7871,Exploits,1,0.169904,0.38338,KNOWN
UNSW-NB15,test,7872,Normal,1,0.352715,0.38338,KNOWN
UNSW-NB15,test,7873,Normal,1,0.075355,0.38338,KNOWN
UNSW-NB15,test,7874,Fuzzers,1,0.099333,0.38338,KNOWN
UNSW-NB15,test,7875,Exploits,1,0.039963,0.38338,KNOWN
UNSW-NB15,test,7876,Normal,1,0.259788,0.38338,KNOWN
UNSW-NB15,test,7877,Normal,1,0.162723,0.38338,KNOWN
UNSW-NB15,test,7878,Normal,1,0.05943,0.38338,KNOWN
UNSW-NB15,test,7879,Normal,1,0.281945,0.38338,KNOWN
UNSW-NB15,test,7880,Normal,1,0.154558,0.38338,KNOWN
UNSW-NB15,test,7881,Normal,1,0.188403,0.38338,KNOWN
UNSW-NB15,test,7882,Normal,1,0.436741,0.38338,ZERO_DAY
UNSW-NB15,test,7883,Normal,1,0.05012,0.38338,KNOWN
UNSW-NB15,test,7884,Normal,1,0.054457,0.38338,KNOWN
UNSW-NB15,test,7885,Normal,1,0.421819,0.38338,ZERO_DAY
UNSW-NB15,test,7886,Normal,1,0.240204,0.38338,KNOWN
UNSW-NB15,test,7887,Normal,1,0.097518,0.38338,KNOWN
UNSW-NB15,test,7888,Exploits,1,0.08571,0.38338,KNOWN
UNSW-NB15,test,7889,Normal,1,0.18439,0.38338,KNOWN
UNSW-NB15,test,7890,Normal,1,0.108623,0.38338,KNOWN
UNSW-NB15,test,7891,Normal,1,0.199896,0.38338,KNOWN
UNSW-NB15,test,7892,Exploits,1,0.421614,0.38338,ZERO_DAY
UNSW-NB15,test,7893,Normal,1,0.404054,0.38338,ZERO_DAY
UNSW-NB15,test,7894,Normal,1,0.190313,0.38338,KNOWN
UNSW-NB15,test,7895,Normal,1,0.138806,0.38338,KNOWN
UNSW-NB15,test,7896,Normal,1,0.197214,0.38338,KNOWN
UNSW-NB15,test,7897,Normal,1,0.263418,0.38338,KNOWN
UNSW-NB15,test,7898,Normal,1,0.052539,0.38338,KNOWN
UNSW-NB15,test,7899,Normal,1,0.100411,0.38338,KNOWN
UNSW-NB15,test,7900,Normal,1,0.393542,0.38338,ZERO_DAY
UNSW-NB15,test,7901,Normal,1,0.391193,0.38338,ZERO_DAY
UNSW-NB15,test,7902,Normal,1,0.207643,0.38338,KNOWN
UNSW-NB15,test,7903,Exploits,1,0.112762,0.38338,KNOWN
UNSW-NB15,test,7904,Exploits,1,0.095093,0.38338,KNOWN
UNSW-NB15,test,7905,Normal,1,0.058074,0.38338,KNOWN
UNSW-NB15,test,7906,Normal,1,0.423901,0.38338,ZERO_DAY
UNSW-NB15,test,7907,Fuzzers,1,0.039013,0.38338,KNOWN
UNSW-NB15,test,7908,Fuzzers,1,0.212161,0.38338,KNOWN
UNSW-NB15,test,7909,Normal,1,0.195046,0.38338,KNOWN
UNSW-NB15,test,7910,Normal,1,0.147048,0.38338,KNOWN
UNSW-NB15,test,7911,Reconnaissance,1,0.345205,0.38338,KNOWN
UNSW-NB15,test,7912,Normal,1,0.293116,0.38338,KNOWN
UNSW-NB15,test,7913,Normal,1,0.251078,0.38338,KNOWN
UNSW-NB15,test,7914,Exploits,1,0.272577,0.38338,KNOWN
UNSW-NB15,test,7915,Normal,1,0.104071,0.38338,KNOWN
UNSW-NB15,test,7916,Normal,1,0.234587,0.38338,KNOWN
UNSW-NB15,test,7917,Normal,1,0.335366,0.38338,KNOWN
UNSW-NB15,test,7918,Normal,1,0.209301,0.38338,KNOWN
UNSW-NB15,test,7919,Reconnaissance,1,0.225965,0.38338,KNOWN
UNSW-NB15,test,7920,Normal,1,0.020352,0.38338,KNOWN
UNSW-NB15,test,7921,Reconnaissance,1,0.088476,0.38338,KNOWN
UNSW-NB15,test,7922,Normal,1,0.138193,0.38338,KNOWN
UNSW-NB15,test,7923,Exploits,1,0.176666,0.38338,KNOWN
UNSW-NB15,test,7924,Fuzzers,1,0.143857,0.38338,KNOWN
UNSW-NB15,test,7925,Normal,1,0.232483,0.38338,KNOWN
UNSW-NB15,test,7926,Normal,1,0.213421,0.38338,KNOWN
UNSW-NB15,test,7927,Fuzzers,1,0.142309,0.38338,KNOWN
UNSW-NB15,test,7928,Normal,1,0.139898,0.38338,KNOWN
UNSW-NB15,test,7929,Exploits,1,0.035528,0.38338,KNOWN
UNSW-NB15,test,7930,Exploits,1,0.056474,0.38338,KNOWN
UNSW-NB15,test,7931,Exploits,1,0.067632,0.38338,KNOWN
UNSW-NB15,test,7932,Normal,1,0.150335,0.38338,KNOWN
UNSW-NB15,test,7933,Normal,1,0.367189,0.38338,KNOWN
UNSW-NB15,test,7934,Normal,1,0.085269,0.38338,KNOWN
UNSW-NB15,test,7935,Fuzzers,1,0.279445,0.38338,KNOWN
UNSW-NB15,test,7936,Fuzzers,1,0.135195,0.38338,KNOWN
UNSW-NB15,test,7937,Exploits,1,0.292002,0.38338,KNOWN
UNSW-NB15,test,7938,Normal,1,0.109558,0.38338,KNOWN
UNSW-NB15,test,7939,Normal,1,0.315028,0.38338,KNOWN
UNSW-NB15,test,7940,Normal,1,0.110984,0.38338,KNOWN
UNSW-NB15,test,7941,Normal,1,0.028091,0.38338,KNOWN
UNSW-NB15,test,7942,DoS,1,0.274234,0.38338,KNOWN
UNSW-NB15,test,7943,Fuzzers,1,0.079771,0.38338,KNOWN
UNSW-NB15,test,7944,Normal,1,0.057351,0.38338,KNOWN
UNSW-NB15,test,7945,Normal,1,0.349092,0.38338,KNOWN
UNSW-NB15,test,7946,Reconnaissance,1,0.155802,0.38338,KNOWN
UNSW-NB15,test,7947,Exploits,1,0.172727,0.38338,KNOWN
UNSW-NB15,test,7948,Reconnaissance,1,0.109854,0.38338,KNOWN
UNSW-NB15,test,7949,Exploits,1,0.184376,0.38338,KNOWN
UNSW-NB15,test,7950,Fuzzers,1,0.067089,0.38338,KNOWN
UNSW-NB15,test,7951,Normal,1,0.131687,0.38338,KNOWN
UNSW-NB15,test,7952,Exploits,1,0.364218,0.38338,KNOWN
UNSW-NB15,test,7953,Normal,1,0.292984,0.38338,KNOWN
UNSW-NB15,test,7954,Normal,1,0.101286,0.38338,KNOWN
UNSW-NB15,test,7955,Normal,1,0.297986,0.38338,KNOWN
UNSW-NB15,test,7956,Normal,1,0.083293,0.38338,KNOWN
UNSW-NB15,test,7957,Exploits,1,0.480787,0.38338,ZERO_DAY
UNSW-NB15,test,7958,Normal,1,0.270588,0.38338,KNOWN
UNSW-NB15,test,7959,Normal,1,0.182193,0.38338,KNOWN
UNSW-NB15,test,7960,Normal,1,0.053411,0.38338,KNOWN
UNSW-NB15,test,7961,Exploits,1,0.105852,0.38338,KNOWN
UNSW-NB15,test,7962,Normal,1,0.135491,0.38338,KNOWN
UNSW-NB15,test,7963,Normal,1,0.337198,0.38338,KNOWN
UNSW-NB15,test,7964,Normal,1,0.0257,0.38338,KNOWN
UNSW-NB15,test,7965,Normal,1,0.032383,0.38338,KNOWN
UNSW-NB15,test,7966,Normal,1,0.135664,0.38338,KNOWN
UNSW-NB15,test,7967,Reconnaissance,1,0.141283,0.38338,KNOWN
UNSW-NB15,test,7968,Exploits,1,0.120725,0.38338,KNOWN
UNSW-NB15,test,7969,Generic,1,0.144857,0.38338,KNOWN
UNSW-NB15,test,7970,Reconnaissance,1,0.149905,0.38338,KNOWN
UNSW-NB15,test,7971,Normal,1,0.089709,0.38338,KNOWN
UNSW-NB15,test,7972,Normal,1,0.176996,0.38338,KNOWN
UNSW-NB15,test,7973,Normal,1,0.180098,0.38338,KNOWN
UNSW-NB15,test,7974,Fuzzers,1,0.198368,0.38338,KNOWN
UNSW-NB15,test,7975,Normal,1,0.192939,0.38338,KNOWN
UNSW-NB15,test,7976,Exploits,1,0.090702,0.38338,KNOWN
UNSW-NB15,test,7977,Exploits,1,0.145004,0.38338,KNOWN
UNSW-NB15,test,7978,Normal,1,0.203656,0.38338,KNOWN
UNSW-NB15,test,7979,Backdoor,1,0.075373,0.38338,KNOWN
UNSW-NB15,test,7980,Exploits,1,0.145989,0.38338,KNOWN
UNSW-NB15,test,7981,Fuzzers,1,0.266124,0.38338,KNOWN
UNSW-NB15,test,7982,Normal,1,0.184508,0.38338,KNOWN
UNSW-NB15,test,7983,Exploits,1,0.200964,0.38338,KNOWN
UNSW-NB15,test,7984,Fuzzers,1,0.311,0.38338,KNOWN
UNSW-NB15,test,7985,Fuzzers,1,0.20545,0.38338,KNOWN
UNSW-NB15,test,7986,Normal,1,0.145672,0.38338,KNOWN
UNSW-NB15,test,7987,Normal,1,0.157657,0.38338,KNOWN
UNSW-NB15,test,7988,Normal,1,0.202575,0.38338,KNOWN
UNSW-NB15,test,7989,Normal,1,0.290585,0.38338,KNOWN
UNSW-NB15,test,7990,Normal,1,0.066852,0.38338,KNOWN
UNSW-NB15,test,7991,Fuzzers,1,0.144443,0.38338,KNOWN
UNSW-NB15,test,7992,Normal,1,0.234626,0.38338,KNOWN
UNSW-NB15,test,7993,Normal,1,0.288272,0.38338,KNOWN
UNSW-NB15,test,7994,Normal,1,0.203569,0.38338,KNOWN
UNSW-NB15,test,7995,Normal,1,0.307515,0.38338,KNOWN
UNSW-NB15,test,7996,Fuzzers,1,0.365803,0.38338,KNOWN
UNSW-NB15,test,7997,Normal,1,0.044189,0.38338,KNOWN
UNSW-NB15,test,7998,Exploits,1,0.230048,0.38338,KNOWN
UNSW-NB15,test,7999,Generic,1,0.234073,0.38338,KNOWN
UNSW-NB15,test,8000,Exploits,1,0.244187,0.38338,KNOWN
UNSW-NB15,test,8001,Normal,1,0.128048,0.38338,KNOWN
UNSW-NB15,test,8002,Fuzzers,1,0.42788,0.38338,ZERO_DAY
UNSW-NB15,test,8003,Normal,1,0.185358,0.38338,KNOWN
UNSW-NB15,test,8004,Normal,1,0.034573,0.38338,KNOWN
UNSW-NB15,test,8005,Normal,1,0.256515,0.38338,KNOWN
UNSW-NB15,test,8006,Generic,1,0.07926,0.38338,KNOWN
UNSW-NB15,test,8007,Normal,1,0.295766,0.38338,KNOWN
UNSW-NB15,test,8008,Normal,1,0.077035,0.38338,KNOWN
UNSW-NB15,test,8009,Normal,1,0.124752,0.38338,KNOWN
UNSW-NB15,test,8010,Normal,1,0.467671,0.38338,ZERO_DAY
UNSW-NB15,test,8011,Normal,1,0.247761,0.38338,KNOWN
UNSW-NB15,test,8012,Exploits,1,0.147537,0.38338,KNOWN
UNSW-NB15,test,8013,Normal,1,0.091812,0.38338,KNOWN
UNSW-NB15,test,8014,Exploits,1,0.312169,0.38338,KNOWN
UNSW-NB15,test,8015,Exploits,1,0.163638,0.38338,KNOWN
UNSW-NB15,test,8016,Reconnaissance,1,0.157753,0.38338,KNOWN
UNSW-NB15,test,8017,Normal,1,0.224087,0.38338,KNOWN
UNSW-NB15,test,8018,DoS,1,0.056515,0.38338,KNOWN
UNSW-NB15,test,8019,DoS,1,0.228319,0.38338,KNOWN
UNSW-NB15,test,8020,Normal,1,0.051029,0.38338,KNOWN
UNSW-NB15,test,8021,Normal,1,0.114021,0.38338,KNOWN
UNSW-NB15,test,8022,Normal,1,0.266186,0.38338,KNOWN
UNSW-NB15,test,8023,Normal,1,0.159379,0.38338,KNOWN
UNSW-NB15,test,8024,Fuzzers,1,0.309086,0.38338,KNOWN
UNSW-NB15,test,8025,Fuzzers,1,0.255849,0.38338,KNOWN
UNSW-NB15,test,8026,Fuzzers,1,0.218258,0.38338,KNOWN
UNSW-NB15,test,8027,Normal,1,0.105148,0.38338,KNOWN
UNSW-NB15,test,8028,Fuzzers,1,0.048249,0.38338,KNOWN
UNSW-NB15,test,8029,Exploits,1,0.337092,0.38338,KNOWN
UNSW-NB15,test,8030,Normal,1,0.138902,0.38338,KNOWN
UNSW-NB15,test,8031,Normal,1,0.15701,0.38338,KNOWN
UNSW-NB15,test,8032,Exploits,1,0.12661,0.38338,KNOWN
UNSW-NB15,test,8033,Reconnaissance,1,0.232203,0.38338,KNOWN
UNSW-NB15,test,8034,Normal,1,0.351531,0.38338,KNOWN
UNSW-NB15,test,8035,Normal,1,0.104265,0.38338,KNOWN
UNSW-NB15,test,8036,Fuzzers,1,0.339697,0.38338,KNOWN
UNSW-NB15,test,8037,Normal,1,0.043139,0.38338,KNOWN
UNSW-NB15,test,8038,Normal,1,0.100256,0.38338,KNOWN
UNSW-NB15,test,8039,Normal,1,0.213656,0.38338,KNOWN
UNSW-NB15,test,8040,Normal,1,0.188214,0.38338,KNOWN
UNSW-NB15,test,8041,Normal,1,0.176015,0.38338,KNOWN
UNSW-NB15,test,8042,Fuzzers,1,0.061033,0.38338,KNOWN
UNSW-NB15,test,8043,Normal,1,0.188617,0.38338,KNOWN
UNSW-NB15,test,8044,Normal,1,0.145889,0.38338,KNOWN
UNSW-NB15,test,8045,Normal,1,0.192986,0.38338,KNOWN
UNSW-NB15,test,8046,Normal,1,0.35803,0.38338,KNOWN
UNSW-NB15,test,8047,Normal,1,0.37846,0.38338,KNOWN
UNSW-NB15,test,8048,Normal,1,0.526542,0.38338,ZERO_DAY
UNSW-NB15,test,8049,Normal,1,0.381938,0.38338,KNOWN
UNSW-NB15,test,8050,Exploits,1,0.385208,0.38338,ZERO_DAY
UNSW-NB15,test,8051,Normal,1,0.095257,0.38338,KNOWN
UNSW-NB15,test,8052,Fuzzers,1,0.057926,0.38338,KNOWN
UNSW-NB15,test,8053,Exploits,1,0.14026,0.38338,KNOWN
UNSW-NB15,test,8054,Normal,1,0.039839,0.38338,KNOWN
UNSW-NB15,test,8055,Exploits,1,0.310639,0.38338,KNOWN
UNSW-NB15,test,8056,Normal,1,0.132796,0.38338,KNOWN
UNSW-NB15,test,8057,Exploits,1,0.081777,0.38338,KNOWN
UNSW-NB15,test,8058,Exploits,1,0.069812,0.38338,KNOWN
UNSW-NB15,test,8059,DoS,1,0.172439,0.38338,KNOWN
UNSW-NB15,test,8060,Normal,1,0.142794,0.38338,KNOWN
UNSW-NB15,test,8061,Normal,1,0.228802,0.38338,KNOWN
UNSW-NB15,test,8062,Exploits,1,0.470056,0.38338,ZERO_DAY
UNSW-NB15,test,8063,Normal,1,0.072448,0.38338,KNOWN
UNSW-NB15,test,8064,Exploits,1,0.252865,0.38338,KNOWN
UNSW-NB15,test,8065,DoS,1,0.066208,0.38338,KNOWN
UNSW-NB15,test,8066,Fuzzers,1,0.100953,0.38338,KNOWN
UNSW-NB15,test,8067,Normal,1,0.044926,0.38338,KNOWN
UNSW-NB15,test,8068,Normal,1,0.134593,0.38338,KNOWN
UNSW-NB15,test,8069,Exploits,1,0.201671,0.38338,KNOWN
UNSW-NB15,test,8070,Exploits,1,0.206559,0.38338,KNOWN
UNSW-NB15,test,8071,Normal,1,0.08289,0.38338,KNOWN
UNSW-NB15,test,8072,Normal,1,0.274925,0.38338,KNOWN
UNSW-NB15,test,8073,Normal,1,0.276803,0.38338,KNOWN
UNSW-NB15,test,8074,Normal,1,0.100064,0.38338,KNOWN
UNSW-NB15,test,8075,Normal,1,0.037227,0.38338,KNOWN
UNSW-NB15,test,8076,Fuzzers,1,0.070903,0.38338,KNOWN
UNSW-NB15,test,8077,Normal,1,0.297278,0.38338,KNOWN
UNSW-NB15,test,8078,Exploits,1,0.052278,0.38338,KNOWN
UNSW-NB15,test,8079,Fuzzers,1,0.243166,0.38338,KNOWN
UNSW-NB15,test,8080,Exploits,1,0.29195,0.38338,KNOWN
UNSW-NB15,test,8081,Reconnaissance,1,0.098491,0.38338,KNOWN
UNSW-NB15,test,8082,Exploits,1,0.095652,0.38338,KNOWN
UNSW-NB15,test,8083,Normal,1,0.093434,0.38338,KNOWN
UNSW-NB15,test,8084,Exploits,1,0.091654,0.38338,KNOWN
UNSW-NB15,test,8085,Exploits,1,0.156813,0.38338,KNOWN
UNSW-NB15,test,8086,Normal,1,0.123846,0.38338,KNOWN
UNSW-NB15,test,8087,Normal,1,0.239084,0.38338,KNOWN
UNSW-NB15,test,8088,Exploits,1,0.149723,0.38338,KNOWN
UNSW-NB15,test,8089,Normal,1,0.325463,0.38338,KNOWN
UNSW-NB15,test,8090,Reconnaissance,1,0.274651,0.38338,KNOWN
UNSW-NB15,test,8091,DoS,1,0.112985,0.38338,KNOWN
UNSW-NB15,test,8092,Exploits,1,0.111188,0.38338,KNOWN
UNSW-NB15,test,8093,Analysis,1,0.084714,0.38338,KNOWN
UNSW-NB15,test,8094,Fuzzers,1,0.109587,0.38338,KNOWN
UNSW-NB15,test,8095,Normal,1,0.378591,0.38338,KNOWN
UNSW-NB15,test,8096,Exploits,1,0.297966,0.38338,KNOWN
UNSW-NB15,test,8097,Fuzzers,1,0.149993,0.38338,KNOWN
UNSW-NB15,test,8098,Normal,1,0.111808,0.38338,KNOWN
UNSW-NB15,test,8099,Exploits,1,0.07668,0.38338,KNOWN
UNSW-NB15,test,8100,Normal,1,0.087909,0.38338,KNOWN
UNSW-NB15,test,8101,Normal,1,0.05898,0.38338,KNOWN
UNSW-NB15,test,8102,Normal,1,0.244008,0.38338,KNOWN
UNSW-NB15,test,8103,Normal,1,0.060915,0.38338,KNOWN
UNSW-NB15,test,8104,DoS,1,0.087955,0.38338,KNOWN
UNSW-NB15,test,8105,Normal,1,0.070151,0.38338,KNOWN
UNSW-NB15,test,8106,Normal,1,0.231536,0.38338,KNOWN
UNSW-NB15,test,8107,Normal,1,0.081023,0.38338,KNOWN
UNSW-NB15,test,8108,DoS,1,0.069041,0.38338,KNOWN
UNSW-NB15,test,8109,Normal,1,0.172793,0.38338,KNOWN
UNSW-NB15,test,8110,Normal,1,0.199133,0.38338,KNOWN
UNSW-NB15,test,8111,Normal,1,0.043039,0.38338,KNOWN
UNSW-NB15,test,8112,Exploits,1,0.111318,0.38338,KNOWN
UNSW-NB15,test,8113,Normal,1,0.278898,0.38338,KNOWN
UNSW-NB15,test,8114,Normal,1,0.265198,0.38338,KNOWN
UNSW-NB15,test,8115,Fuzzers,1,0.022456,0.38338,KNOWN
UNSW-NB15,test,8116,Fuzzers,1,0.195323,0.38338,KNOWN
UNSW-NB15,test,8117,Normal,1,0.282662,0.38338,KNOWN
UNSW-NB15,test,8118,Normal,1,0.101699,0.38338,KNOWN
UNSW-NB15,test,8119,DoS,1,0.070346,0.38338,KNOWN
UNSW-NB15,test,8120,Fuzzers,1,0.14544,0.38338,KNOWN
UNSW-NB15,test,8121,Normal,1,0.064312,0.38338,KNOWN
UNSW-NB15,test,8122,Normal,1,0.16317,0.38338,KNOWN
UNSW-NB15,test,8123,Normal,1,0.246429,0.38338,KNOWN
UNSW-NB15,test,8124,Reconnaissance,1,0.137325,0.38338,KNOWN
UNSW-NB15,test,8125,Normal,1,0.096306,0.38338,KNOWN
UNSW-NB15,test,8126,Exploits,1,0.292025,0.38338,KNOWN
UNSW-NB15,test,8127,Normal,1,0.361344,0.38338,KNOWN
UNSW-NB15,test,8128,Normal,1,0.110302,0.38338,KNOWN
UNSW-NB15,test,8129,Normal,1,0.486398,0.38338,ZERO_DAY
UNSW-NB15,test,8130,Normal,1,0.251573,0.38338,KNOWN
UNSW-NB15,test,8131,Normal,1,0.229607,0.38338,KNOWN
UNSW-NB15,test,8132,Exploits,1,0.141482,0.38338,KNOWN
UNSW-NB15,test,8133,Normal,1,0.229202,0.38338,KNOWN
UNSW-NB15,test,8134,Fuzzers,1,0.139928,0.38338,KNOWN
UNSW-NB15,test,8135,Exploits,1,0.31266,0.38338,KNOWN
UNSW-NB15,test,8136,Fuzzers,1,0.161766,0.38338,KNOWN
UNSW-NB15,test,8137,Normal,1,0.151126,0.38338,KNOWN
UNSW-NB15,test,8138,Exploits,1,0.099904,0.38338,KNOWN
UNSW-NB15,test,8139,Fuzzers,1,0.007005,0.38338,KNOWN
UNSW-NB15,test,8140,Fuzzers,1,0.279684,0.38338,KNOWN
UNSW-NB15,test,8141,Normal,1,0.404196,0.38338,ZERO_DAY
UNSW-NB15,test,8142,Normal,1,0.075649,0.38338,KNOWN
UNSW-NB15,test,8143,Normal,1,0.109719,0.38338,KNOWN
UNSW-NB15,test,8144,Normal,1,0.081154,0.38338,KNOWN
UNSW-NB15,test,8145,Normal,1,0.114295,0.38338,KNOWN
UNSW-NB15,test,8146,Normal,1,0.301141,0.38338,KNOWN
UNSW-NB15,test,8147,Exploits,1,0.157806,0.38338,KNOWN
UNSW-NB15,test,8148,Normal,1,0.091567,0.38338,KNOWN
UNSW-NB15,test,8149,Normal,1,0.307414,0.38338,KNOWN
UNSW-NB15,test,8150,Normal,1,0.137177,0.38338,KNOWN
UNSW-NB15,test,8151,Exploits,1,0.241699,0.38338,KNOWN
UNSW-NB15,test,8152,Normal,1,0.214877,0.38338,KNOWN
UNSW-NB15,test,8153,Normal,1,0.1474,0.38338,KNOWN
UNSW-NB15,test,8154,Exploits,1,0.152893,0.38338,KNOWN
UNSW-NB15,test,8155,Exploits,1,0.289953,0.38338,KNOWN
UNSW-NB15,test,8156,Fuzzers,1,0.075647,0.38338,KNOWN
UNSW-NB15,test,8157,Normal,1,0.285141,0.38338,KNOWN
UNSW-NB15,test,8158,Normal,1,0.219534,0.38338,KNOWN
UNSW-NB15,test,8159,Normal,1,0.197425,0.38338,KNOWN
UNSW-NB15,test,8160,Normal,1,0.241276,0.38338,KNOWN
UNSW-NB15,test,8161,Normal,1,0.339497,0.38338,KNOWN
UNSW-NB15,test,8162,Normal,1,0.324542,0.38338,KNOWN
UNSW-NB15,test,8163,Normal,1,0.015171,0.38338,KNOWN
UNSW-NB15,test,8164,Reconnaissance,1,0.110355,0.38338,KNOWN
UNSW-NB15,test,8165,Exploits,1,0.289786,0.38338,KNOWN
UNSW-NB15,test,8166,DoS,1,0.061473,0.38338,KNOWN
UNSW-NB15,test,8167,Exploits,1,0.204413,0.38338,KNOWN
UNSW-NB15,test,8168,Normal,1,0.306578,0.38338,KNOWN
UNSW-NB15,test,8169,Normal,1,0.205646,0.38338,KNOWN
UNSW-NB15,test,8170,Normal,1,0.461873,0.38338,ZERO_DAY
UNSW-NB15,test,8171,Normal,1,0.129032,0.38338,KNOWN
UNSW-NB15,test,8172,Exploits,1,0.055872,0.38338,KNOWN
UNSW-NB15,test,8173,Fuzzers,1,0.148049,0.38338,KNOWN
UNSW-NB15,test,8174,Normal,1,0.166982,0.38338,KNOWN
UNSW-NB15,test,8175,Normal,1,0.030934,0.38338,KNOWN
UNSW-NB15,test,8176,Generic,1,0.37325,0.38338,KNOWN
UNSW-NB15,test,8177,Normal,1,0.183688,0.38338,KNOWN
UNSW-NB15,test,8178,Normal,1,0.148903,0.38338,KNOWN
UNSW-NB15,test,8179,Exploits,1,0.109506,0.38338,KNOWN
UNSW-NB15,test,8180,Normal,1,0.093817,0.38338,KNOWN
UNSW-NB15,test,8181,Reconnaissance,1,0.213282,0.38338,KNOWN
UNSW-NB15,test,8182,Normal,1,0.234113,0.38338,KNOWN
UNSW-NB15,test,8183,Normal,1,0.058186,0.38338,KNOWN
UNSW-NB15,test,8184,Normal,1,0.153001,0.38338,KNOWN
UNSW-NB15,test,8185,Exploits,1,0.337728,0.38338,KNOWN
UNSW-NB15,test,8186,Normal,1,0.109224,0.38338,KNOWN
UNSW-NB15,test,8187,Fuzzers,1,0.329392,0.38338,KNOWN
UNSW-NB15,test,8188,Fuzzers,1,0.050498,0.38338,KNOWN
UNSW-NB15,test,8189,Normal,1,0.150402,0.38338,KNOWN
UNSW-NB15,test,8190,Exploits,1,0.048726,0.38338,KNOWN
UNSW-NB15,test,8191,Reconnaissance,1,0.076287,0.38338,KNOWN
UNSW-NB15,test,8192,Normal,1,0.126981,0.38338,KNOWN
UNSW-NB15,test,8193,Exploits,1,0.11994,0.38338,KNOWN
UNSW-NB15,test,8194,Normal,1,0.292754,0.38338,KNOWN
UNSW-NB15,test,8195,Reconnaissance,1,0.114398,0.38338,KNOWN
UNSW-NB15,test,8196,Normal,1,0.269896,0.38338,KNOWN
UNSW-NB15,test,8197,Normal,1,0.138663,0.38338,KNOWN
UNSW-NB15,test,8198,DoS,1,0.16965,0.38338,KNOWN
UNSW-NB15,test,8199,Normal,1,0.071625,0.38338,KNOWN
UNSW-NB15,test,8200,Normal,1,0.121843,0.38338,KNOWN
UNSW-NB15,test,8201,Fuzzers,1,0.113674,0.38338,KNOWN
UNSW-NB15,test,8202,Normal,1,0.314797,0.38338,KNOWN
UNSW-NB15,test,8203,Exploits,1,0.063062,0.38338,KNOWN
UNSW-NB15,test,8204,Normal,1,0.127625,0.38338,KNOWN
UNSW-NB15,test,8205,Normal,1,0.188857,0.38338,KNOWN
UNSW-NB15,test,8206,Normal,1,0.065641,0.38338,KNOWN
UNSW-NB15,test,8207,Fuzzers,1,0.094847,0.38338,KNOWN
UNSW-NB15,test,8208,Normal,1,0.218785,0.38338,KNOWN
UNSW-NB15,test,8209,Normal,1,0.124245,0.38338,KNOWN
UNSW-NB15,test,8210,Normal,1,0.174158,0.38338,KNOWN
UNSW-NB15,test,8211,Exploits,1,0.217171,0.38338,KNOWN
UNSW-NB15,test,8212,Normal,1,0.228335,0.38338,KNOWN
UNSW-NB15,test,8213,Normal,1,0.108908,0.38338,KNOWN
UNSW-NB15,test,8214,Exploits,1,0.245749,0.38338,KNOWN
UNSW-NB15,test,8215,Normal,1,0.066108,0.38338,KNOWN
UNSW-NB15,test,8216,Reconnaissance,1,0.159227,0.38338,KNOWN
UNSW-NB15,test,8217,Exploits,1,0.075834,0.38338,KNOWN
UNSW-NB15,test,8218,Normal,1,0.074918,0.38338,KNOWN
UNSW-NB15,test,8219,Exploits,1,0.079057,0.38338,KNOWN
UNSW-NB15,test,8220,Normal,1,0.214919,0.38338,KNOWN
UNSW-NB15,test,8221,Normal,1,0.149145,0.38338,KNOWN
UNSW-NB15,test,8222,Normal,1,0.473251,0.38338,ZERO_DAY
UNSW-NB15,test,8223,Normal,1,0.116275,0.38338,KNOWN
UNSW-NB15,test,8224,Normal,1,0.093754,0.38338,KNOWN
UNSW-NB15,test,8225,Exploits,1,0.156564,0.38338,KNOWN
UNSW-NB15,test,8226,Reconnaissance,1,0.043875,0.38338,KNOWN
UNSW-NB15,test,8227,Fuzzers,1,0.089752,0.38338,KNOWN
UNSW-NB15,test,8228,Normal,1,0.314893,0.38338,KNOWN
UNSW-NB15,test,8229,Normal,1,0.094499,0.38338,KNOWN
UNSW-NB15,test,8230,Normal,1,0.143992,0.38338,KNOWN
UNSW-NB15,test,8231,Fuzzers,1,0.102611,0.38338,KNOWN
UNSW-NB15,test,8232,Fuzzers,1,0.255715,0.38338,KNOWN
UNSW-NB15,test,8233,Reconnaissance,1,0.102176,0.38338,KNOWN
UNSW-NB15,test,8234,Normal,1,0.105976,0.38338,KNOWN
UNSW-NB15,test,8235,Normal,1,0.027324,0.38338,KNOWN
UNSW-NB15,test,8236,Normal,1,0.07198,0.38338,KNOWN
UNSW-NB15,test,8237,Fuzzers,1,0.122289,0.38338,KNOWN
UNSW-NB15,test,8238,Normal,1,0.250079,0.38338,KNOWN
UNSW-NB15,test,8239,Fuzzers,1,0.059598,0.38338,KNOWN
UNSW-NB15,test,8240,Exploits,1,0.159554,0.38338,KNOWN
UNSW-NB15,test,8241,Reconnaissance,1,0.10269,0.38338,KNOWN
UNSW-NB15,test,8242,Fuzzers,1,0.150733,0.38338,KNOWN
UNSW-NB15,test,8243,Normal,1,0.556455,0.38338,ZERO_DAY
UNSW-NB15,test,8244,DoS,1,0.128165,0.38338,KNOWN
UNSW-NB15,test,8245,Normal,1,0.115363,0.38338,KNOWN
UNSW-NB15,test,8246,Normal,1,0.325668,0.38338,KNOWN
UNSW-NB15,test,8247,Normal,1,0.078258,0.38338,KNOWN
UNSW-NB15,test,8248,Fuzzers,1,0.106079,0.38338,KNOWN
UNSW-NB15,test,8249,Exploits,1,0.274684,0.38338,KNOWN
UNSW-NB15,test,8250,Fuzzers,1,0.106329,0.38338,KNOWN
UNSW-NB15,test,8251,Normal,1,0.222336,0.38338,KNOWN
UNSW-NB15,test,8252,Normal,1,0.219307,0.38338,KNOWN
UNSW-NB15,test,8253,Normal,1,0.082044,0.38338,KNOWN
UNSW-NB15,test,8254,Normal,1,0.333683,0.38338,KNOWN
UNSW-NB15,test,8255,Normal,1,0.244249,0.38338,KNOWN
UNSW-NB15,test,8256,Reconnaissance,1,0.179148,0.38338,KNOWN
UNSW-NB15,test,8257,Normal,1,0.135301,0.38338,KNOWN
UNSW-NB15,test,8258,Normal,1,0.239033,0.38338,KNOWN
UNSW-NB15,test,8259,Exploits,1,0.335449,0.38338,KNOWN
UNSW-NB15,test,8260,Fuzzers,1,0.078031,0.38338,KNOWN
UNSW-NB15,test,8261,Normal,1,0.161477,0.38338,KNOWN
UNSW-NB15,test,8262,Exploits,1,0.147795,0.38338,KNOWN
UNSW-NB15,test,8263,Normal,1,0.38363,0.38338,ZERO_DAY
UNSW-NB15,test,8264,Reconnaissance,1,0.208626,0.38338,KNOWN
UNSW-NB15,test,8265,Exploits,1,0.13401,0.38338,KNOWN
UNSW-NB15,test,8266,Normal,1,0.122798,0.38338,KNOWN
UNSW-NB15,test,8267,Normal,1,0.302823,0.38338,KNOWN
UNSW-NB15,test,8268,Normal,1,0.530313,0.38338,ZERO_DAY
UNSW-NB15,test,8269,Normal,1,0.203885,0.38338,KNOWN
UNSW-NB15,test,8270,Normal,1,0.228978,0.38338,KNOWN
UNSW-NB15,test,8271,Normal,1,0.289317,0.38338,KNOWN
UNSW-NB15,test,8272,Exploits,1,0.248412,0.38338,KNOWN
UNSW-NB15,test,8273,Normal,1,0.163475,0.38338,KNOWN
UNSW-NB15,test,8274,Normal,1,0.174566,0.38338,KNOWN
UNSW-NB15,test,8275,Normal,1,0.42188,0.38338,ZERO_DAY
UNSW-NB15,test,8276,Normal,1,0.138608,0.38338,KNOWN
UNSW-NB15,test,8277,Normal,1,0.127488,0.38338,KNOWN
UNSW-NB15,test,8278,Normal,1,0.464804,0.38338,ZERO_DAY
UNSW-NB15,test,8279,Exploits,1,0.099382,0.38338,KNOWN
UNSW-NB15,test,8280,Exploits,1,0.084234,0.38338,KNOWN
UNSW-NB15,test,8281,Normal,1,0.080303,0.38338,KNOWN
UNSW-NB15,test,8282,Normal,1,0.173527,0.38338,KNOWN
UNSW-NB15,test,8283,Normal,1,0.153049,0.38338,KNOWN
UNSW-NB15,test,8284,Normal,1,0.040901,0.38338,KNOWN
UNSW-NB15,test,8285,Normal,1,0.151738,0.38338,KNOWN
UNSW-NB15,test,8286,Generic,1,0.389211,0.38338,ZERO_DAY
UNSW-NB15,test,8287,Normal,1,0.154768,0.38338,KNOWN
UNSW-NB15,test,8288,Normal,1,0.36151,0.38338,KNOWN
UNSW-NB15,test,8289,Normal,1,0.053185,0.38338,KNOWN
UNSW-NB15,test,8290,Normal,1,0.1894,0.38338,KNOWN
UNSW-NB15,test,8291,Normal,1,0.216602,0.38338,KNOWN
UNSW-NB15,test,8292,Fuzzers,1,0.062779,0.38338,KNOWN
UNSW-NB15,test,8293,Fuzzers,1,0.262136,0.38338,KNOWN
UNSW-NB15,test,8294,DoS,1,0.084395,0.38338,KNOWN
UNSW-NB15,test,8295,Exploits,1,0.27891,0.38338,KNOWN
UNSW-NB15,test,8296,Generic,1,0.031914,0.38338,KNOWN
UNSW-NB15,test,8297,Normal,1,0.168482,0.38338,KNOWN
UNSW-NB15,test,8298,Exploits,1,0.049897,0.38338,KNOWN
UNSW-NB15,test,8299,Exploits,1,0.194992,0.38338,KNOWN
UNSW-NB15,test,8300,Exploits,1,0.279693,0.38338,KNOWN
UNSW-NB15,test,8301,Fuzzers,1,0.12703,0.38338,KNOWN
UNSW-NB15,test,8302,Normal,1,0.175293,0.38338,KNOWN
UNSW-NB15,test,8303,Normal,1,0.405985,0.38338,ZERO_DAY
UNSW-NB15,test,8304,Normal,1,0.158135,0.38338,KNOWN
UNSW-NB15,test,8305,Exploits,1,0.138972,0.38338,KNOWN
UNSW-NB15,test,8306,Normal,1,0.157446,0.38338,KNOWN
UNSW-NB15,test,8307,Exploits,1,0.12849,0.38338,KNOWN
UNSW-NB15,test,8308,Fuzzers,1,0.392401,0.38338,ZERO_DAY
UNSW-NB15,test,8309,Normal,1,0.1191,0.38338,KNOWN
UNSW-NB15,test,8310,Normal,1,0.204478,0.38338,KNOWN
UNSW-NB15,test,8311,Normal,1,0.111075,0.38338,KNOWN
UNSW-NB15,test,8312,Fuzzers,1,0.144675,0.38338,KNOWN
UNSW-NB15,test,8313,Normal,1,0.142436,0.38338,KNOWN
UNSW-NB15,test,8314,Normal,1,0.161684,0.38338,KNOWN
UNSW-NB15,test,8315,Fuzzers,1,0.222434,0.38338,KNOWN
UNSW-NB15,test,8316,Normal,1,0.043184,0.38338,KNOWN
UNSW-NB15,test,8317,Exploits,1,0.093414,0.38338,KNOWN
UNSW-NB15,test,8318,Exploits,1,0.136199,0.38338,KNOWN
UNSW-NB15,test,8319,Normal,1,0.188745,0.38338,KNOWN
UNSW-NB15,test,8320,Fuzzers,1,0.08718,0.38338,KNOWN
UNSW-NB15,test,8321,Exploits,1,0.12137,0.38338,KNOWN
UNSW-NB15,test,8322,Normal,1,0.169629,0.38338,KNOWN
UNSW-NB15,test,8323,Normal,1,0.134192,0.38338,KNOWN
UNSW-NB15,test,8324,DoS,1,0.334673,0.38338,KNOWN
UNSW-NB15,test,8325,Normal,1,0.158683,0.38338,KNOWN
UNSW-NB15,test,8326,Fuzzers,1,0.13886,0.38338,KNOWN
UNSW-NB15,test,8327,Exploits,1,0.109967,0.38338,KNOWN
UNSW-NB15,test,8328,Normal,1,0.322625,0.38338,KNOWN
UNSW-NB15,test,8329,Normal,1,0.191504,0.38338,KNOWN
UNSW-NB15,test,8330,Normal,1,0.213488,0.38338,KNOWN
UNSW-NB15,test,8331,Exploits,1,0.057009,0.38338,KNOWN
UNSW-NB15,test,8332,Normal,1,0.285419,0.38338,KNOWN
UNSW-NB15,test,8333,Normal,1,0.073476,0.38338,KNOWN
UNSW-NB15,test,8334,Normal,1,0.299426,0.38338,KNOWN
UNSW-NB15,test,8335,Normal,1,0.133624,0.38338,KNOWN
UNSW-NB15,test,8336,Normal,1,0.167601,0.38338,KNOWN
UNSW-NB15,test,8337,Normal,1,0.351929,0.38338,KNOWN
UNSW-NB15,test,8338,Normal,1,0.062555,0.38338,KNOWN
UNSW-NB15,test,8339,Reconnaissance,1,0.125846,0.38338,KNOWN
UNSW-NB15,test,8340,Fuzzers,1,0.076604,0.38338,KNOWN
UNSW-NB15,test,8341,Normal,1,0.082874,0.38338,KNOWN
UNSW-NB15,test,8342,Reconnaissance,1,0.07147,0.38338,KNOWN
UNSW-NB15,test,8343,Exploits,1,0.228057,0.38338,KNOWN
UNSW-NB15,test,8344,Normal,1,0.103974,0.38338,KNOWN
UNSW-NB15,test,8345,Normal,1,0.113977,0.38338,KNOWN
UNSW-NB15,test,8346,Reconnaissance,1,0.319625,0.38338,KNOWN
UNSW-NB15,test,8347,Exploits,1,0.384261,0.38338,ZERO_DAY
UNSW-NB15,test,8348,Normal,1,0.033543,0.38338,KNOWN
UNSW-NB15,test,8349,Fuzzers,1,0.348755,0.38338,KNOWN
UNSW-NB15,test,8350,Normal,1,0.081249,0.38338,KNOWN
UNSW-NB15,test,8351,Normal,1,0.198674,0.38338,KNOWN
UNSW-NB15,test,8352,Normal,1,0.282504,0.38338,KNOWN
UNSW-NB15,test,8353,Exploits,1,0.072138,0.38338,KNOWN
UNSW-NB15,test,8354,Normal,1,0.364886,0.38338,KNOWN
UNSW-NB15,test,8355,Normal,1,0.088979,0.38338,KNOWN
UNSW-NB15,test,8356,Normal,1,0.086813,0.38338,KNOWN
UNSW-NB15,test,8357,Normal,1,0.069525,0.38338,KNOWN
UNSW-NB15,test,8358,Normal,1,0.123903,0.38338,KNOWN
UNSW-NB15,test,8359,Normal,1,0.169073,0.38338,KNOWN
UNSW-NB15,test,8360,Normal,1,0.054983,0.38338,KNOWN
UNSW-NB15,test,8361,Normal,1,0.140623,0.38338,KNOWN
UNSW-NB15,test,8362,Normal,1,0.085405,0.38338,KNOWN
UNSW-NB15,test,8363,Exploits,1,0.073369,0.38338,KNOWN
UNSW-NB15,test,8364,Normal,1,0.409717,0.38338,ZERO_DAY
UNSW-NB15,test,8365,Exploits,1,0.058373,0.38338,KNOWN
UNSW-NB15,test,8366,Fuzzers,1,0.296916,0.38338,KNOWN
UNSW-NB15,test,8367,Reconnaissance,1,0.161133,0.38338,KNOWN
UNSW-NB15,test,8368,Normal,1,0.117916,0.38338,KNOWN
UNSW-NB15,test,8369,Normal,1,0.244493,0.38338,KNOWN
UNSW-NB15,test,8370,Normal,1,0.297442,0.38338,KNOWN
UNSW-NB15,test,8371,Exploits,1,0.232483,0.38338,KNOWN
UNSW-NB15,test,8372,Normal,1,0.122381,0.38338,KNOWN
UNSW-NB15,test,8373,Normal,1,0.214165,0.38338,KNOWN
UNSW-NB15,test,8374,Normal,1,0.203191,0.38338,KNOWN
UNSW-NB15,test,8375,Normal,1,0.324959,0.38338,KNOWN
UNSW-NB15,test,8376,Reconnaissance,1,0.14873,0.38338,KNOWN
UNSW-NB15,test,8377,Normal,1,0.233702,0.38338,KNOWN
UNSW-NB15,test,8378,Normal,1,0.137622,0.38338,KNOWN
UNSW-NB15,test,8379,Exploits,1,0.060614,0.38338,KNOWN
UNSW-NB15,test,8380,DoS,1,0.045782,0.38338,KNOWN
UNSW-NB15,test,8381,Exploits,1,0.023665,0.38338,KNOWN
UNSW-NB15,test,8382,Normal,1,0.113634,0.38338,KNOWN
UNSW-NB15,test,8383,Normal,1,0.249868,0.38338,KNOWN
UNSW-NB15,test,8384,Normal,1,0.156964,0.38338,KNOWN
UNSW-NB15,test,8385,Normal,1,0.216083,0.38338,KNOWN
UNSW-NB15,test,8386,Exploits,1,0.061664,0.38338,KNOWN
UNSW-NB15,test,8387,Normal,1,0.023691,0.38338,KNOWN
UNSW-NB15,test,8388,Fuzzers,1,0.149822,0.38338,KNOWN
UNSW-NB15,test,8389,Normal,1,0.076573,0.38338,KNOWN
UNSW-NB15,test,8390,Normal,1,0.274201,0.38338,KNOWN
UNSW-NB15,test,8391,Exploits,1,0.2012,0.38338,KNOWN
UNSW-NB15,test,8392,Normal,1,0.118691,0.38338,KNOWN
UNSW-NB15,test,8393,Normal,1,0.3,0.38338,KNOWN
UNSW-NB15,test,8394,Normal,1,0.161907,0.38338,KNOWN
UNSW-NB15,test,8395,Exploits,1,0.010928,0.38338,KNOWN
UNSW-NB15,test,8396,Fuzzers,1,0.217116,0.38338,KNOWN
UNSW-NB15,test,8397,Exploits,1,0.281153,0.38338,KNOWN
UNSW-NB15,test,8398,Normal,1,0.083896,0.38338,KNOWN
UNSW-NB15,test,8399,Normal,1,0.308794,0.38338,KNOWN
UNSW-NB15,test,8400,Exploits,1,0.068014,0.38338,KNOWN
UNSW-NB15,test,8401,Normal,1,0.335616,0.38338,KNOWN
UNSW-NB15,test,8402,Normal,1,0.290434,0.38338,KNOWN
UNSW-NB15,test,8403,Normal,1,0.018885,0.38338,KNOWN
UNSW-NB15,test,8404,Normal,1,0.185255,0.38338,KNOWN
UNSW-NB15,test,8405,Normal,1,0.213647,0.38338,KNOWN
UNSW-NB15,test,8406,Normal,1,0.216118,0.38338,KNOWN
UNSW-NB15,test,8407,Normal,1,0.297517,0.38338,KNOWN
UNSW-NB15,test,8408,Exploits,1,0.340425,0.38338,KNOWN
UNSW-NB15,test,8409,Exploits,1,0.17365,0.38338,KNOWN
UNSW-NB15,test,8410,Normal,1,0.049178,0.38338,KNOWN
UNSW-NB15,test,8411,Normal,1,0.130163,0.38338,KNOWN
UNSW-NB15,test,8412,Normal,1,0.175397,0.38338,KNOWN
UNSW-NB15,test,8413,Normal,1,0.277475,0.38338,KNOWN
UNSW-NB15,test,8414,Fuzzers,1,0.137423,0.38338,KNOWN
UNSW-NB15,test,8415,Normal,1,0.050704,0.38338,KNOWN
UNSW-NB15,test,8416,Normal,1,0.199036,0.38338,KNOWN
UNSW-NB15,test,8417,Normal,1,0.233946,0.38338,KNOWN
UNSW-NB15,test,8418,Normal,1,0.114909,0.38338,KNOWN
UNSW-NB15,test,8419,Exploits,1,0.166992,0.38338,KNOWN
UNSW-NB15,test,8420,Normal,1,0.168536,0.38338,KNOWN
UNSW-NB15,test,8421,Exploits,1,0.172519,0.38338,KNOWN
UNSW-NB15,test,8422,Fuzzers,1,0.144397,0.38338,KNOWN
UNSW-NB15,test,8423,Normal,1,0.161606,0.38338,KNOWN
UNSW-NB15,test,8424,Normal,1,0.146287,0.38338,KNOWN
UNSW-NB15,test,8425,Exploits,1,0.369625,0.38338,KNOWN
UNSW-NB15,test,8426,Exploits,1,0.097679,0.38338,KNOWN
UNSW-NB15,test,8427,Exploits,1,0.052427,0.38338,KNOWN
UNSW-NB15,test,8428,Reconnaissance,1,0.140345,0.38338,KNOWN
UNSW-NB15,test,8429,Normal,1,0.103041,0.38338,KNOWN
UNSW-NB15,test,8430,Normal,1,0.171014,0.38338,KNOWN
UNSW-NB15,test,8431,Generic,1,0.567378,0.38338,ZERO_DAY
UNSW-NB15,test,8432,Normal,1,0.179745,0.38338,KNOWN
UNSW-NB15,test,8433,Normal,1,0.043777,0.38338,KNOWN
UNSW-NB15,test,8434,Exploits,1,0.050088,0.38338,KNOWN
UNSW-NB15,test,8435,Normal,1,0.146442,0.38338,KNOWN
UNSW-NB15,test,8436,Exploits,1,0.113551,0.38338,KNOWN
UNSW-NB15,test,8437,Exploits,1,0.12747,0.38338,KNOWN
UNSW-NB15,test,8438,Normal,1,0.095542,0.38338,KNOWN
UNSW-NB15,test,8439,Normal,1,0.190018,0.38338,KNOWN
UNSW-NB15,test,8440,DoS,1,0.175176,0.38338,KNOWN
UNSW-NB15,test,8441,Exploits,1,0.25111,0.38338,KNOWN
UNSW-NB15,test,8442,Exploits,1,0.375192,0.38338,KNOWN
UNSW-NB15,test,8443,Exploits,1,0.069558,0.38338,KNOWN
UNSW-NB15,test,8444,Fuzzers,1,0.367867,0.38338,KNOWN
UNSW-NB15,test,8445,Normal,1,0.060054,0.38338,KNOWN
UNSW-NB15,test,8446,Normal,1,0.142435,0.38338,KNOWN
UNSW-NB15,test,8447,Fuzzers,1,0.33605,0.38338,KNOWN
UNSW-NB15,test,8448,Normal,1,0.146356,0.38338,KNOWN
UNSW-NB15,test,8449,Normal,1,0.001297,0.38338,KNOWN
UNSW-NB15,test,8450,Fuzzers,1,0.080944,0.38338,KNOWN
UNSW-NB15,test,8451,Normal,1,0.146838,0.38338,KNOWN
UNSW-NB15,test,8452,Normal,1,0.303525,0.38338,KNOWN
UNSW-NB15,test,8453,Normal,1,0.271528,0.38338,KNOWN
UNSW-NB15,test,8454,Exploits,1,0.039116,0.38338,KNOWN
UNSW-NB15,test,8455,Reconnaissance,1,0.086604,0.38338,KNOWN
UNSW-NB15,test,8456,Normal,1,0.079755,0.38338,KNOWN
UNSW-NB15,test,8457,Normal,1,0.434121,0.38338,ZERO_DAY
UNSW-NB15,test,8458,Reconnaissance,1,0.172667,0.38338,KNOWN
UNSW-NB15,test,8459,Exploits,1,0.131286,0.38338,KNOWN
UNSW-NB15,test,8460,Normal,1,0.058965,0.38338,KNOWN
UNSW-NB15,test,8461,Exploits,1,0.062846,0.38338,KNOWN
UNSW-NB15,test,8462,DoS,1,0.169784,0.38338,KNOWN
UNSW-NB15,test,8463,Normal,1,0.304708,0.38338,KNOWN
UNSW-NB15,test,8464,Normal,1,0.141252,0.38338,KNOWN
UNSW-NB15,test,8465,Generic,1,0.106624,0.38338,KNOWN
UNSW-NB15,test,8466,Normal,1,0.048164,0.38338,KNOWN
UNSW-NB15,test,8467,Backdoor,1,0.440461,0.38338,ZERO_DAY
UNSW-NB15,test,8468,Reconnaissance,1,0.198387,0.38338,KNOWN
UNSW-NB15,test,8469,Normal,1,0.28164,0.38338,KNOWN
UNSW-NB15,test,8470,Normal,1,0.191638,0.38338,KNOWN
UNSW-NB15,test,8471,Normal,1,0.111745,0.38338,KNOWN
UNSW-NB15,test,8472,Normal,1,0.294967,0.38338,KNOWN
UNSW-NB15,test,8473,Normal,1,0.457622,0.38338,ZERO_DAY
UNSW-NB15,test,8474,Reconnaissance,1,0.176161,0.38338,KNOWN
UNSW-NB15,test,8475,Normal,1,0.36803,0.38338,KNOWN
UNSW-NB15,test,8476,Generic,1,0.394101,0.38338,ZERO_DAY
UNSW-NB15,test,8477,Exploits,1,0.20372,0.38338,KNOWN
UNSW-NB15,test,8478,Normal,1,0.178737,0.38338,KNOWN
UNSW-NB15,test,8479,Normal,1,0.249842,0.38338,KNOWN
UNSW-NB15,test,8480,Exploits,1,0.097436,0.38338,KNOWN
UNSW-NB15,test,8481,Normal,1,0.054457,0.38338,KNOWN
UNSW-NB15,test,8482,Normal,1,0.091137,0.38338,KNOWN
UNSW-NB15,test,8483,Fuzzers,1,0.1838,0.38338,KNOWN
UNSW-NB15,test,8484,Normal,1,0.072447,0.38338,KNOWN
UNSW-NB15,test,8485,Normal,1,0.139341,0.38338,KNOWN
UNSW-NB15,test,8486,Normal,1,0.073198,0.38338,KNOWN
UNSW-NB15,test,8487,Normal,1,0.193415,0.38338,KNOWN
UNSW-NB15,test,8488,Reconnaissance,1,0.251886,0.38338,KNOWN
UNSW-NB15,test,8489,Reconnaissance,1,0.034715,0.38338,KNOWN
UNSW-NB15,test,8490,Normal,1,0.139514,0.38338,KNOWN
UNSW-NB15,test,8491,DoS,1,0.212972,0.38338,KNOWN
UNSW-NB15,test,8492,Normal,1,0.110056,0.38338,KNOWN
UNSW-NB15,test,8493,Normal,1,0.240159,0.38338,KNOWN
UNSW-NB15,test,8494,Exploits,1,0.157758,0.38338,KNOWN
UNSW-NB15,test,8495,Exploits,1,0.286814,0.38338,KNOWN
UNSW-NB15,test,8496,Normal,1,0.105045,0.38338,KNOWN
UNSW-NB15,test,8497,Normal,1,0.038559,0.38338,KNOWN
UNSW-NB15,test,8498,Exploits,1,0.251986,0.38338,KNOWN
UNSW-NB15,test,8499,Exploits,1,0.053142,0.38338,KNOWN
UNSW-NB15,test,8500,Fuzzers,1,0.090545,0.38338,KNOWN
UNSW-NB15,test,8501,Normal,1,0.175928,0.38338,KNOWN
UNSW-NB15,test,8502,Reconnaissance,1,0.270348,0.38338,KNOWN
UNSW-NB15,test,8503,Normal,1,0.094108,0.38338,KNOWN
UNSW-NB15,test,8504,Normal,1,0.213433,0.38338,KNOWN
UNSW-NB15,test,8505,Fuzzers,1,0.203129,0.38338,KNOWN
UNSW-NB15,test,8506,Normal,1,0.073596,0.38338,KNOWN
UNSW-NB15,test,8507,Normal,1,0.030242,0.38338,KNOWN
UNSW-NB15,test,8508,Normal,1,0.066063,0.38338,KNOWN
UNSW-NB15,test,8509,Fuzzers,1,0.115407,0.38338,KNOWN
UNSW-NB15,test,8510,Normal,1,0.147043,0.38338,KNOWN
UNSW-NB15,test,8511,Normal,1,0.052507,0.38338,KNOWN
UNSW-NB15,test,8512,Normal,1,0.046907,0.38338,KNOWN
UNSW-NB15,test,8513,Fuzzers,1,0.349633,0.38338,KNOWN
UNSW-NB15,test,8514,Normal,1,0.182996,0.38338,KNOWN
UNSW-NB15,test,8515,Normal,1,0.289846,0.38338,KNOWN
UNSW-NB15,test,8516,Normal,1,0.49307,0.38338,ZERO_DAY
UNSW-NB15,test,8517,Normal,1,0.349697,0.38338,KNOWN
UNSW-NB15,test,8518,Reconnaissance,1,0.195119,0.38338,KNOWN
UNSW-NB15,test,8519,Exploits,1,0.103801,0.38338,KNOWN
UNSW-NB15,test,8520,Normal,1,0.169101,0.38338,KNOWN
UNSW-NB15,test,8521,Normal,1,0.063373,0.38338,KNOWN
UNSW-NB15,test,8522,Exploits,1,0.034158,0.38338,KNOWN
UNSW-NB15,test,8523,Normal,1,0.132054,0.38338,KNOWN
UNSW-NB15,test,8524,Normal,1,0.069067,0.38338,KNOWN
UNSW-NB15,test,8525,Normal,1,0.009342,0.38338,KNOWN
UNSW-NB15,test,8526,Exploits,1,0.084022,0.38338,KNOWN
UNSW-NB15,test,8527,Exploits,1,0.006926,0.38338,KNOWN
UNSW-NB15,test,8528,Normal,1,0.152675,0.38338,KNOWN
UNSW-NB15,test,8529,Normal,1,0.165874,0.38338,KNOWN
UNSW-NB15,test,8530,Normal,1,0.251337,0.38338,KNOWN
UNSW-NB15,test,8531,Normal,1,0.270199,0.38338,KNOWN
UNSW-NB15,test,8532,Exploits,1,0.288937,0.38338,KNOWN
UNSW-NB15,test,8533,Fuzzers,1,0.171113,0.38338,KNOWN
UNSW-NB15,test,8534,Normal,1,0.304195,0.38338,KNOWN
UNSW-NB15,test,8535,Normal,1,0.105143,0.38338,KNOWN
UNSW-NB15,test,8536,Exploits,1,0.085364,0.38338,KNOWN
UNSW-NB15,test,8537,Normal,1,0.121152,0.38338,KNOWN
UNSW-NB15,test,8538,Normal,1,0.13879,0.38338,KNOWN
UNSW-NB15,test,8539,Fuzzers,1,0.212765,0.38338,KNOWN
UNSW-NB15,test,8540,Exploits,1,0.22873,0.38338,KNOWN
UNSW-NB15,test,8541,Normal,1,0.216111,0.38338,KNOWN
UNSW-NB15,test,8542,Exploits,1,0.362334,0.38338,KNOWN
UNSW-NB15,test,8543,Exploits,1,0.253004,0.38338,KNOWN
UNSW-NB15,test,8544,Normal,1,0.316505,0.38338,KNOWN
UNSW-NB15,test,8545,DoS,1,0.087265,0.38338,KNOWN
UNSW-NB15,test,8546,Exploits,1,0.141654,0.38338,KNOWN
UNSW-NB15,test,8547,Normal,1,0.167494,0.38338,KNOWN
UNSW-NB15,test,8548,Exploits,1,0.212128,0.38338,KNOWN
UNSW-NB15,test,8549,Normal,1,0.094263,0.38338,KNOWN
UNSW-NB15,test,8550,Fuzzers,1,0.318967,0.38338,KNOWN
UNSW-NB15,test,8551,Normal,1,0.392056,0.38338,ZERO_DAY
UNSW-NB15,test,8552,Normal,1,0.116369,0.38338,KNOWN
UNSW-NB15,test,8553,Normal,1,0.103661,0.38338,KNOWN
UNSW-NB15,test,8554,Normal,1,0.104995,0.38338,KNOWN
UNSW-NB15,test,8555,Normal,1,0.150318,0.38338,KNOWN
UNSW-NB15,test,8556,Normal,1,0.335469,0.38338,KNOWN
UNSW-NB15,test,8557,Normal,1,0.191402,0.38338,KNOWN
UNSW-NB15,test,8558,DoS,1,0.077724,0.38338,KNOWN
UNSW-NB15,test,8559,Normal,1,0.079062,0.38338,KNOWN
UNSW-NB15,test,8560,Normal,1,0.135736,0.38338,KNOWN
UNSW-NB15,test,8561,Normal,1,0.041134,0.38338,KNOWN
UNSW-NB15,test,8562,Fuzzers,1,0.064197,0.38338,KNOWN
UNSW-NB15,test,8563,Normal,1,0.367751,0.38338,KNOWN
UNSW-NB15,test,8564,Exploits,1,0.24988,0.38338,KNOWN
UNSW-NB15,test,8565,Fuzzers,1,0.105029,0.38338,KNOWN
UNSW-NB15,test,8566,Fuzzers,1,0.313874,0.38338,KNOWN
UNSW-NB15,test,8567,Normal,1,0.380929,0.38338,KNOWN
UNSW-NB15,test,8568,Exploits,1,0.343909,0.38338,KNOWN
UNSW-NB15,test,8569,Exploits,1,0.184943,0.38338,KNOWN
UNSW-NB15,test,8570,Normal,1,0.176256,0.38338,KNOWN
UNSW-NB15,test,8571,Normal,1,0.188037,0.38338,KNOWN
UNSW-NB15,test,8572,Exploits,1,0.044285,0.38338,KNOWN
UNSW-NB15,test,8573,Exploits,1,0.157594,0.38338,KNOWN
UNSW-NB15,test,8574,Normal,1,0.217379,0.38338,KNOWN
UNSW-NB15,test,8575,Normal,1,0.130521,0.38338,KNOWN
UNSW-NB15,test,8576,Exploits,1,0.169329,0.38338,KNOWN
UNSW-NB15,test,8577,Normal,1,0.115397,0.38338,KNOWN
UNSW-NB15,test,8578,Normal,1,0.123913,0.38338,KNOWN
UNSW-NB15,test,8579,Exploits,1,0.280553,0.38338,KNOWN
UNSW-NB15,test,8580,Reconnaissance,1,0.148099,0.38338,KNOWN
UNSW-NB15,test,8581,Normal,1,0.138566,0.38338,KNOWN
UNSW-NB15,test,8582,Exploits,1,0.230071,0.38338,KNOWN
UNSW-NB15,test,8583,Exploits,1,0.046576,0.38338,KNOWN
UNSW-NB15,test,8584,Normal,1,0.012878,0.38338,KNOWN
UNSW-NB15,test,8585,Reconnaissance,1,0.083875,0.38338,KNOWN
UNSW-NB15,test,8586,Exploits,1,0.21466,0.38338,KNOWN
UNSW-NB15,test,8587,Normal,1,0.221588,0.38338,KNOWN
UNSW-NB15,test,8588,Normal,1,0.461914,0.38338,ZERO_DAY
UNSW-NB15,test,8589,Normal,1,0.020712,0.38338,KNOWN
UNSW-NB15,test,8590,Normal,1,0.203289,0.38338,KNOWN
UNSW-NB15,test,8591,Normal,1,0.03711,0.38338,KNOWN
UNSW-NB15,test,8592,Reconnaissance,1,0.063109,0.38338,KNOWN
UNSW-NB15,test,8593,Fuzzers,1,0.146113,0.38338,KNOWN
UNSW-NB15,test,8594,DoS,1,0.048731,0.38338,KNOWN
UNSW-NB15,test,8595,DoS,1,0.273786,0.38338,KNOWN
UNSW-NB15,test,8596,Normal,1,0.365068,0.38338,KNOWN
UNSW-NB15,test,8597,Normal,1,0.233379,0.38338,KNOWN
UNSW-NB15,test,8598,Normal,1,0.230439,0.38338,KNOWN
UNSW-NB15,test,8599,Normal,1,0.143002,0.38338,KNOWN
UNSW-NB15,test,8600,Exploits,1,0.031467,0.38338,KNOWN
UNSW-NB15,test,8601,Normal,1,0.042854,0.38338,KNOWN
UNSW-NB15,test,8602,Exploits,1,0.250565,0.38338,KNOWN
UNSW-NB15,test,8603,Normal,1,0.068742,0.38338,KNOWN
UNSW-NB15,test,8604,Normal,1,0.195279,0.38338,KNOWN
UNSW-NB15,test,8605,Exploits,1,0.353996,0.38338,KNOWN
UNSW-NB15,test,8606,Normal,1,0.128905,0.38338,KNOWN
UNSW-NB15,test,8607,Normal,1,0.004753,0.38338,KNOWN
UNSW-NB15,test,8608,Normal,1,0.195265,0.38338,KNOWN
UNSW-NB15,test,8609,Normal,1,0.037203,0.38338,KNOWN
UNSW-NB15,test,8610,Normal,1,0.276088,0.38338,KNOWN
UNSW-NB15,test,8611,Fuzzers,1,0.144715,0.38338,KNOWN
UNSW-NB15,test,8612,Normal,1,0.028965,0.38338,KNOWN
UNSW-NB15,test,8613,Normal,1,0.13286,0.38338,KNOWN
UNSW-NB15,test,8614,Normal,1,0.123519,0.38338,KNOWN
UNSW-NB15,test,8615,Normal,1,0.342801,0.38338,KNOWN
UNSW-NB15,test,8616,Reconnaissance,1,0.135183,0.38338,KNOWN
UNSW-NB15,test,8617,Exploits,1,0.267448,0.38338,KNOWN
UNSW-NB15,test,8618,Normal,1,0.12263,0.38338,KNOWN
UNSW-NB15,test,8619,Reconnaissance,1,0.107923,0.38338,KNOWN
UNSW-NB15,test,8620,Normal,1,0.200905,0.38338,KNOWN
UNSW-NB15,test,8621,Exploits,1,0.241174,0.38338,KNOWN
UNSW-NB15,test,8622,Fuzzers,1,0.038578,0.38338,KNOWN
UNSW-NB15,test,8623,Reconnaissance,1,0.298578,0.38338,KNOWN
UNSW-NB15,test,8624,Exploits,1,0.084543,0.38338,KNOWN
UNSW-NB15,test,8625,Normal,1,0.205233,0.38338,KNOWN
UNSW-NB15,test,8626,Normal,1,0.205373,0.38338,KNOWN
UNSW-NB15,test,8627,Normal,1,0.200208,0.38338,KNOWN
UNSW-NB15,test,8628,Normal,1,0.087979,0.38338,KNOWN
UNSW-NB15,test,8629,Normal,1,0.094198,0.38338,KNOWN
UNSW-NB15,test,8630,Normal,1,0.054372,0.38338,KNOWN
UNSW-NB15,test,8631,Fuzzers,1,0.150208,0.38338,KNOWN
UNSW-NB15,test,8632,Normal,1,0.225666,0.38338,KNOWN
UNSW-NB15,test,8633,Normal,1,0.488567,0.38338,ZERO_DAY
UNSW-NB15,test,8634,Exploits,1,0.156192,0.38338,KNOWN
UNSW-NB15,test,8635,Normal,1,0.269006,0.38338,KNOWN
UNSW-NB15,test,8636,Normal,1,0.091724,0.38338,KNOWN
UNSW-NB15,test,8637,Normal,1,0.089334,0.38338,KNOWN
UNSW-NB15,test,8638,Normal,1,0.141572,0.38338,KNOWN
UNSW-NB15,test,8639,Reconnaissance,1,0.288173,0.38338,KNOWN
UNSW-NB15,test,8640,Fuzzers,1,0.25057,0.38338,KNOWN
UNSW-NB15,test,8641,Normal,1,0.236743,0.38338,KNOWN
UNSW-NB15,test,8642,Exploits,1,0.091857,0.38338,KNOWN
UNSW-NB15,test,8643,Normal,1,0.198153,0.38338,KNOWN
UNSW-NB15,test,8644,Normal,1,0.326585,0.38338,KNOWN
UNSW-NB15,test,8645,Normal,1,0.118162,0.38338,KNOWN
UNSW-NB15,test,8646,Exploits,1,0.047644,0.38338,KNOWN
UNSW-NB15,test,8647,DoS,1,0.085351,0.38338,KNOWN
UNSW-NB15,test,8648,Normal,1,0.233054,0.38338,KNOWN
UNSW-NB15,test,8649,Normal,1,0.30489,0.38338,KNOWN
UNSW-NB15,test,8650,Normal,1,0.18688,0.38338,KNOWN
UNSW-NB15,test,8651,Fuzzers,1,0.200719,0.38338,KNOWN
UNSW-NB15,test,8652,Normal,1,0.211736,0.38338,KNOWN
UNSW-NB15,test,8653,Normal,1,0.093558,0.38338,KNOWN
UNSW-NB15,test,8654,Normal,1,0.112906,0.38338,KNOWN
UNSW-NB15,test,8655,Exploits,1,0.045045,0.38338,KNOWN
UNSW-NB15,test,8656,Reconnaissance,1,0.270828,0.38338,KNOWN
UNSW-NB15,test,8657,Normal,1,0.063733,0.38338,KNOWN
UNSW-NB15,test,8658,Fuzzers,1,0.181567,0.38338,KNOWN
UNSW-NB15,test,8659,Normal,1,0.246857,0.38338,KNOWN
UNSW-NB15,test,8660,Normal,1,0.485232,0.38338,ZERO_DAY
UNSW-NB15,test,8661,Normal,1,0.13509,0.38338,KNOWN
UNSW-NB15,test,8662,Normal,1,0.325658,0.38338,KNOWN
UNSW-NB15,test,8663,Normal,1,0.237593,0.38338,KNOWN
UNSW-NB15,test,8664,Fuzzers,1,0.397054,0.38338,ZERO_DAY
UNSW-NB15,test,8665,Reconnaissance,1,0.504891,0.38338,ZERO_DAY
UNSW-NB15,test,8666,Normal,1,0.165518,0.38338,KNOWN
UNSW-NB15,test,8667,Normal,1,0.193475,0.38338,KNOWN
UNSW-NB15,test,8668,Fuzzers,1,0.221404,0.38338,KNOWN
UNSW-NB15,test,8669,Normal,1,0.16522,0.38338,KNOWN
UNSW-NB15,test,8670,Normal,1,0.074534,0.38338,KNOWN
UNSW-NB15,test,8671,Exploits,1,0.070381,0.38338,KNOWN
UNSW-NB15,test,8672,Fuzzers,1,0.03413,0.38338,KNOWN
UNSW-NB15,test,8673,Normal,1,0.0956,0.38338,KNOWN
UNSW-NB15,test,8674,Exploits,1,0.187604,0.38338,KNOWN
UNSW-NB15,test,8675,Normal,1,0.102505,0.38338,KNOWN
UNSW-NB15,test,8676,Normal,1,0.316388,0.38338,KNOWN
UNSW-NB15,test,8677,Exploits,1,0.092039,0.38338,KNOWN
UNSW-NB15,test,8678,Normal,1,0.126116,0.38338,KNOWN
UNSW-NB15,test,8679,Normal,1,0.094654,0.38338,KNOWN
UNSW-NB15,test,8680,Normal,1,0.146575,0.38338,KNOWN
UNSW-NB15,test,8681,Fuzzers,1,0.156658,0.38338,KNOWN
UNSW-NB15,test,8682,Fuzzers,1,0.330982,0.38338,KNOWN
UNSW-NB15,test,8683,Normal,1,0.053305,0.38338,KNOWN
UNSW-NB15,test,8684,Fuzzers,1,0.112793,0.38338,KNOWN
UNSW-NB15,test,8685,Exploits,1,0.377705,0.38338,KNOWN
UNSW-NB15,test,8686,Normal,1,0.058471,0.38338,KNOWN
UNSW-NB15,test,8687,Normal,1,0.170303,0.38338,KNOWN
UNSW-NB15,test,8688,Exploits,1,0.532846,0.38338,ZERO_DAY
UNSW-NB15,test,8689,Normal,1,0.265619,0.38338,KNOWN
UNSW-NB15,test,8690,Normal,1,0.343419,0.38338,KNOWN
UNSW-NB15,test,8691,Normal,1,0.081984,0.38338,KNOWN
UNSW-NB15,test,8692,Normal,1,0.314598,0.38338,KNOWN
UNSW-NB15,test,8693,Normal,1,0.151171,0.38338,KNOWN
UNSW-NB15,test,8694,DoS,1,0.123273,0.38338,KNOWN
UNSW-NB15,test,8695,Normal,1,0.361206,0.38338,KNOWN
UNSW-NB15,test,8696,Fuzzers,1,0.317498,0.38338,KNOWN
UNSW-NB15,test,8697,Normal,1,0.174239,0.38338,KNOWN
UNSW-NB15,test,8698,Normal,1,0.339433,0.38338,KNOWN
UNSW-NB15,test,8699,Normal,1,0.262786,0.38338,KNOWN
UNSW-NB15,test,8700,Exploits,1,0.137508,0.38338,KNOWN
UNSW-NB15,test,8701,Normal,1,0.127536,0.38338,KNOWN
UNSW-NB15,test,8702,Fuzzers,1,0.479425,0.38338,ZERO_DAY
UNSW-NB15,test,8703,Fuzzers,1,0.077656,0.38338,KNOWN
UNSW-NB15,test,8704,Normal,1,0.260774,0.38338,KNOWN
UNSW-NB15,test,8705,Normal,1,0.026638,0.38338,KNOWN
UNSW-NB15,test,8706,Normal,1,0.224157,0.38338,KNOWN
UNSW-NB15,test,8707,Normal,1,0.164705,0.38338,KNOWN
UNSW-NB15,test,8708,Reconnaissance,1,0.231592,0.38338,KNOWN
UNSW-NB15,test,8709,Reconnaissance,1,0.408935,0.38338,ZERO_DAY
UNSW-NB15,test,8710,Normal,1,0.121753,0.38338,KNOWN
UNSW-NB15,test,8711,DoS,1,0.100131,0.38338,KNOWN
UNSW-NB15,test,8712,Normal,1,0.173994,0.38338,KNOWN
UNSW-NB15,test,8713,Exploits,1,0.192763,0.38338,KNOWN
UNSW-NB15,test,8714,Exploits,1,0.223634,0.38338,KNOWN
UNSW-NB15,test,8715,Normal,1,0.092312,0.38338,KNOWN
UNSW-NB15,test,8716,Normal,1,0.114505,0.38338,KNOWN
UNSW-NB15,test,8717,Normal,1,0.102344,0.38338,KNOWN
UNSW-NB15,test,8718,Normal,1,0.020707,0.38338,KNOWN
UNSW-NB15,test,8719,Reconnaissance,1,0.206141,0.38338,KNOWN
UNSW-NB15,test,8720,Fuzzers,1,0.258895,0.38338,KNOWN
UNSW-NB15,test,8721,Normal,1,0.201325,0.38338,KNOWN
UNSW-NB15,test,8722,Exploits,1,0.049358,0.38338,KNOWN
UNSW-NB15,test,8723,Reconnaissance,1,0.116844,0.38338,KNOWN
UNSW-NB15,test,8724,Exploits,1,0.291644,0.38338,KNOWN
UNSW-NB15,test,8725,Fuzzers,1,0.046813,0.38338,KNOWN
UNSW-NB15,test,8726,Normal,1,0.194021,0.38338,KNOWN
UNSW-NB15,test,8727,Exploits,1,0.205697,0.38338,KNOWN
UNSW-NB15,test,8728,Fuzzers,1,0.237083,0.38338,KNOWN
UNSW-NB15,test,8729,Fuzzers,1,0.192295,0.38338,KNOWN
UNSW-NB15,test,8730,Exploits,1,0.163669,0.38338,KNOWN
UNSW-NB15,test,8731,Normal,1,0.209858,0.38338,KNOWN
UNSW-NB15,test,8732,Analysis,1,0.020254,0.38338,KNOWN
UNSW-NB15,test,8733,Normal,1,0.164344,0.38338,KNOWN
UNSW-NB15,test,8734,Exploits,1,0.034787,0.38338,KNOWN
UNSW-NB15,test,8735,Normal,1,0.130576,0.38338,KNOWN
UNSW-NB15,test,8736,Exploits,1,0.079753,0.38338,KNOWN
UNSW-NB15,test,8737,Normal,1,0.041214,0.38338,KNOWN
UNSW-NB15,test,8738,Exploits,1,0.295345,0.38338,KNOWN
UNSW-NB15,test,8739,Normal,1,0.128364,0.38338,KNOWN
UNSW-NB15,test,8740,Normal,1,0.072129,0.38338,KNOWN
UNSW-NB15,test,8741,Reconnaissance,1,0.013944,0.38338,KNOWN
UNSW-NB15,test,8742,Exploits,1,0.137082,0.38338,KNOWN
UNSW-NB15,test,8743,Normal,1,0.062039,0.38338,KNOWN
UNSW-NB15,test,8744,Normal,1,0.146273,0.38338,KNOWN
UNSW-NB15,test,8745,Normal,1,0.324803,0.38338,KNOWN
UNSW-NB15,test,8746,Exploits,1,0.266446,0.38338,KNOWN
UNSW-NB15,test,8747,Normal,1,0.305416,0.38338,KNOWN
UNSW-NB15,test,8748,Normal,1,0.227946,0.38338,KNOWN
UNSW-NB15,test,8749,Normal,1,0.36621,0.38338,KNOWN
UNSW-NB15,test,8750,Exploits,1,0.241097,0.38338,KNOWN
UNSW-NB15,test,8751,Fuzzers,1,0.119494,0.38338,KNOWN
UNSW-NB15,test,8752,Reconnaissance,1,0.142921,0.38338,KNOWN
UNSW-NB15,test,8753,Normal,1,0.2288,0.38338,KNOWN
UNSW-NB15,test,8754,Exploits,1,0.129507,0.38338,KNOWN
UNSW-NB15,test,8755,Normal,1,0.065075,0.38338,KNOWN
UNSW-NB15,test,8756,Normal,1,0.062341,0.38338,KNOWN
UNSW-NB15,test,8757,Reconnaissance,1,0.076092,0.38338,KNOWN
UNSW-NB15,test,8758,Normal,1,0.150791,0.38338,KNOWN
UNSW-NB15,test,8759,Normal,1,0.276945,0.38338,KNOWN
UNSW-NB15,test,8760,DoS,1,0.231628,0.38338,KNOWN
UNSW-NB15,test,8761,Normal,1,0.210556,0.38338,KNOWN
UNSW-NB15,test,8762,Normal,1,0.092889,0.38338,KNOWN
UNSW-NB15,test,8763,Exploits,1,0.123857,0.38338,KNOWN
UNSW-NB15,test,8764,Fuzzers,1,0.088816,0.38338,KNOWN
UNSW-NB15,test,8765,Normal,1,0.194443,0.38338,KNOWN
UNSW-NB15,test,8766,Normal,1,0.085664,0.38338,KNOWN
UNSW-NB15,test,8767,Fuzzers,1,0.209636,0.38338,KNOWN
UNSW-NB15,test,8768,Normal,1,0.017459,0.38338,KNOWN
UNSW-NB15,test,8769,Reconnaissance,1,0.171516,0.38338,KNOWN
UNSW-NB15,test,8770,DoS,1,0.353967,0.38338,KNOWN
UNSW-NB15,test,8771,Normal,1,0.064495,0.38338,KNOWN
UNSW-NB15,test,8772,Fuzzers,1,0.177366,0.38338,KNOWN
UNSW-NB15,test,8773,Normal,1,0.086071,0.38338,KNOWN
UNSW-NB15,test,8774,Exploits,1,0.095197,0.38338,KNOWN
UNSW-NB15,test,8775,Normal,1,0.138069,0.38338,KNOWN
UNSW-NB15,test,8776,Reconnaissance,1,0.109828,0.38338,KNOWN
UNSW-NB15,test,8777,Fuzzers,1,0.091285,0.38338,KNOWN
UNSW-NB15,test,8778,Normal,1,0.118498,0.38338,KNOWN
UNSW-NB15,test,8779,Normal,1,0.098186,0.38338,KNOWN
UNSW-NB15,test,8780,Fuzzers,1,0.293393,0.38338,KNOWN
UNSW-NB15,test,8781,Reconnaissance,1,0.031142,0.38338,KNOWN
UNSW-NB15,test,8782,Exploits,1,0.293962,0.38338,KNOWN
UNSW-NB15,test,8783,Normal,1,0.075501,0.38338,KNOWN
UNSW-NB15,test,8784,Normal,1,0.383633,0.38338,ZERO_DAY
UNSW-NB15,test,8785,Exploits,1,0.162029,0.38338,KNOWN
UNSW-NB15,test,8786,Normal,1,0.262368,0.38338,KNOWN
UNSW-NB15,test,8787,Normal,1,0.099298,0.38338,KNOWN
UNSW-NB15,test,8788,Normal,1,0.189127,0.38338,KNOWN
UNSW-NB15,test,8789,Fuzzers,1,0.294542,0.38338,KNOWN
UNSW-NB15,test,8790,Reconnaissance,1,0.156554,0.38338,KNOWN
UNSW-NB15,test,8791,Normal,1,0.19979,0.38338,KNOWN
UNSW-NB15,test,8792,Exploits,1,0.300014,0.38338,KNOWN
UNSW-NB15,test,8793,Exploits,1,0.043611,0.38338,KNOWN
UNSW-NB15,test,8794,Fuzzers,1,0.262203,0.38338,KNOWN
UNSW-NB15,test,8795,Normal,1,0.03387,0.38338,KNOWN
UNSW-NB15,test,8796,Fuzzers,1,0.349001,0.38338,KNOWN
UNSW-NB15,test,8797,Normal,1,0.159888,0.38338,KNOWN
UNSW-NB15,test,8798,Normal,1,0.216724,0.38338,KNOWN
UNSW-NB15,test,8799,Normal,1,0.241869,0.38338,KNOWN
UNSW-NB15,test,8800,Fuzzers,1,0.072681,0.38338,KNOWN
UNSW-NB15,test,8801,Normal,1,0.184945,0.38338,KNOWN
UNSW-NB15,test,8802,Normal,1,0.186036,0.38338,KNOWN
UNSW-NB15,test,8803,Fuzzers,1,0.034554,0.38338,KNOWN
UNSW-NB15,test,8804,Normal,1,0.212791,0.38338,KNOWN
UNSW-NB15,test,8805,Normal,1,0.26694,0.38338,KNOWN
UNSW-NB15,test,8806,Normal,1,0.268135,0.38338,KNOWN
UNSW-NB15,test,8807,Normal,1,0.370983,0.38338,KNOWN
UNSW-NB15,test,8808,Normal,1,0.498992,0.38338,ZERO_DAY
UNSW-NB15,test,8809,Normal,1,0.232146,0.38338,KNOWN
UNSW-NB15,test,8810,Exploits,1,0.255754,0.38338,KNOWN
UNSW-NB15,test,8811,Normal,1,0.159451,0.38338,KNOWN
UNSW-NB15,test,8812,Normal,1,0.054524,0.38338,KNOWN
UNSW-NB15,test,8813,Exploits,1,0.273349,0.38338,KNOWN
UNSW-NB15,test,8814,Reconnaissance,1,0.100977,0.38338,KNOWN
UNSW-NB15,test,8815,Exploits,1,0.209744,0.38338,KNOWN
UNSW-NB15,test,8816,Normal,1,0.125806,0.38338,KNOWN
UNSW-NB15,test,8817,Normal,1,0.396873,0.38338,ZERO_DAY
UNSW-NB15,test,8818,Normal,1,0.078762,0.38338,KNOWN
UNSW-NB15,test,8819,Fuzzers,1,0.177821,0.38338,KNOWN
UNSW-NB15,test,8820,Normal,1,0.157123,0.38338,KNOWN
UNSW-NB15,test,8821,Exploits,1,0.144033,0.38338,KNOWN
UNSW-NB15,test,8822,Normal,1,0.019989,0.38338,KNOWN
UNSW-NB15,test,8823,Normal,1,0.192863,0.38338,KNOWN
UNSW-NB15,test,8824,Normal,1,0.15091,0.38338,KNOWN
UNSW-NB15,test,8825,Normal,1,0.147376,0.38338,KNOWN
UNSW-NB15,test,8826,Exploits,1,0.415534,0.38338,ZERO_DAY
UNSW-NB15,test,8827,Normal,1,0.345027,0.38338,KNOWN
UNSW-NB15,test,8828,Exploits,1,0.066123,0.38338,KNOWN
UNSW-NB15,test,8829,Fuzzers,1,0.029714,0.38338,KNOWN
UNSW-NB15,test,8830,Normal,1,0.246235,0.38338,KNOWN
UNSW-NB15,test,8831,Exploits,1,0.136806,0.38338,KNOWN
UNSW-NB15,test,8832,Normal,1,0.050617,0.38338,KNOWN
UNSW-NB15,test,8833,Reconnaissance,1,0.349966,0.38338,KNOWN
UNSW-NB15,test,8834,Normal,1,0.09087,0.38338,KNOWN
UNSW-NB15,test,8835,Exploits,1,0.084849,0.38338,KNOWN
UNSW-NB15,test,8836,Normal,1,0.45867,0.38338,ZERO_DAY
UNSW-NB15,test,8837,Normal,1,0.085936,0.38338,KNOWN
UNSW-NB15,test,8838,Normal,1,0.107629,0.38338,KNOWN
UNSW-NB15,test,8839,Normal,1,0.228112,0.38338,KNOWN
UNSW-NB15,test,8840,Normal,1,0.073708,0.38338,KNOWN
UNSW-NB15,test,8841,Normal,1,0.079074,0.38338,KNOWN
UNSW-NB15,test,8842,Normal,1,0.163737,0.38338,KNOWN
UNSW-NB15,test,8843,Normal,1,0.278021,0.38338,KNOWN
UNSW-NB15,test,8844,Normal,1,0.094618,0.38338,KNOWN
UNSW-NB15,test,8845,Exploits,1,0.258441,0.38338,KNOWN
UNSW-NB15,test,8846,Normal,1,0.327439,0.38338,KNOWN
UNSW-NB15,test,8847,Reconnaissance,1,0.078549,0.38338,KNOWN
UNSW-NB15,test,8848,Normal,1,0.260974,0.38338,KNOWN
UNSW-NB15,test,8849,Exploits,1,0.266144,0.38338,KNOWN
UNSW-NB15,test,8850,Normal,1,0.252579,0.38338,KNOWN
UNSW-NB15,test,8851,Normal,1,0.263982,0.38338,KNOWN
UNSW-NB15,test,8852,Normal,1,0.293379,0.38338,KNOWN
UNSW-NB15,test,8853,Exploits,1,0.23652,0.38338,KNOWN
UNSW-NB15,test,8854,Normal,1,0.108968,0.38338,KNOWN
UNSW-NB15,test,8855,Reconnaissance,1,0.270792,0.38338,KNOWN
UNSW-NB15,test,8856,Fuzzers,1,0.12217,0.38338,KNOWN
UNSW-NB15,test,8857,Normal,1,0.217593,0.38338,KNOWN
UNSW-NB15,test,8858,DoS,1,0.08234,0.38338,KNOWN
UNSW-NB15,test,8859,Exploits,1,0.035295,0.38338,KNOWN
UNSW-NB15,test,8860,Normal,1,0.254458,0.38338,KNOWN
UNSW-NB15,test,8861,Normal,1,0.236032,0.38338,KNOWN
UNSW-NB15,test,8862,Fuzzers,1,0.1925,0.38338,KNOWN
UNSW-NB15,test,8863,Normal,1,0.207692,0.38338,KNOWN
UNSW-NB15,test,8864,Normal,1,0.473964,0.38338,ZERO_DAY
UNSW-NB15,test,8865,Exploits,1,0.499637,0.38338,ZERO_DAY
UNSW-NB15,test,8866,Exploits,1,0.237418,0.38338,KNOWN
UNSW-NB15,test,8867,Reconnaissance,1,0.25671,0.38338,KNOWN
UNSW-NB15,test,8868,Normal,1,0.179943,0.38338,KNOWN
UNSW-NB15,test,8869,Exploits,1,0.187899,0.38338,KNOWN
UNSW-NB15,test,8870,Generic,1,0.088474,0.38338,KNOWN
UNSW-NB15,test,8871,Exploits,1,0.150422,0.38338,KNOWN
UNSW-NB15,test,8872,Fuzzers,1,0.223669,0.38338,KNOWN
UNSW-NB15,test,8873,Normal,1,0.105557,0.38338,KNOWN
UNSW-NB15,test,8874,Exploits,1,0.179405,0.38338,KNOWN
UNSW-NB15,test,8875,Reconnaissance,1,0.226636,0.38338,KNOWN
UNSW-NB15,test,8876,Exploits,1,0.306576,0.38338,KNOWN
UNSW-NB15,test,8877,Fuzzers,1,0.093725,0.38338,KNOWN
UNSW-NB15,test,8878,Normal,1,0.120652,0.38338,KNOWN
UNSW-NB15,test,8879,Exploits,1,0.12235,0.38338,KNOWN
UNSW-NB15,test,8880,Fuzzers,1,0.28332,0.38338,KNOWN
UNSW-NB15,test,8881,Normal,1,0.101935,0.38338,KNOWN
UNSW-NB15,test,8882,Fuzzers,1,0.17262,0.38338,KNOWN
UNSW-NB15,test,8883,Exploits,1,0.215711,0.38338,KNOWN
UNSW-NB15,test,8884,Normal,1,0.0586,0.38338,KNOWN
UNSW-NB15,test,8885,Fuzzers,1,0.127881,0.38338,KNOWN
UNSW-NB15,test,8886,Normal,1,0.176607,0.38338,KNOWN
UNSW-NB15,test,8887,Exploits,1,0.126572,0.38338,KNOWN
UNSW-NB15,test,8888,Normal,1,0.232336,0.38338,KNOWN
UNSW-NB15,test,8889,Generic,1,0.357668,0.38338,KNOWN
UNSW-NB15,test,8890,Exploits,1,0.268881,0.38338,KNOWN
UNSW-NB15,test,8891,Exploits,1,0.06622,0.38338,KNOWN
UNSW-NB15,test,8892,Exploits,1,0.073912,0.38338,KNOWN
UNSW-NB15,test,8893,Exploits,1,0.195874,0.38338,KNOWN
UNSW-NB15,test,8894,Normal,1,0.188355,0.38338,KNOWN
UNSW-NB15,test,8895,Fuzzers,1,0.064504,0.38338,KNOWN
UNSW-NB15,test,8896,Normal,1,0.050242,0.38338,KNOWN
UNSW-NB15,test,8897,Normal,1,0.019176,0.38338,KNOWN
UNSW-NB15,test,8898,Exploits,1,0.038268,0.38338,KNOWN
UNSW-NB15,test,8899,Exploits,1,0.372273,0.38338,KNOWN
UNSW-NB15,test,8900,Exploits,1,0.186136,0.38338,KNOWN
UNSW-NB15,test,8901,Generic,1,0.078075,0.38338,KNOWN
UNSW-NB15,test,8902,Normal,1,0.230792,0.38338,KNOWN
UNSW-NB15,test,8903,Normal,1,0.229137,0.38338,KNOWN
UNSW-NB15,test,8904,Normal,1,0.230718,0.38338,KNOWN
UNSW-NB15,test,8905,Normal,1,0.337052,0.38338,KNOWN
UNSW-NB15,test,8906,Fuzzers,1,0.119135,0.38338,KNOWN
UNSW-NB15,test,8907,Exploits,1,0.024595,0.38338,KNOWN
UNSW-NB15,test,8908,Normal,1,0.094991,0.38338,KNOWN
UNSW-NB15,test,8909,Exploits,1,0.299397,0.38338,KNOWN
UNSW-NB15,test,8910,Exploits,1,0.170001,0.38338,KNOWN
UNSW-NB15,test,8911,Normal,1,0.122683,0.38338,KNOWN
UNSW-NB15,test,8912,Normal,1,0.255861,0.38338,KNOWN
UNSW-NB15,test,8913,Normal,1,0.218771,0.38338,KNOWN
UNSW-NB15,test,8914,Normal,1,0.222255,0.38338,KNOWN
UNSW-NB15,test,8915,Normal,1,0.318839,0.38338,KNOWN
UNSW-NB15,test,8916,Normal,1,0.074443,0.38338,KNOWN
UNSW-NB15,test,8917,Normal,1,0.132649,0.38338,KNOWN
UNSW-NB15,test,8918,Reconnaissance,1,0.068505,0.38338,KNOWN
UNSW-NB15,test,8919,Normal,1,0.133146,0.38338,KNOWN
UNSW-NB15,test,8920,Normal,1,0.687112,0.38338,ZERO_DAY
UNSW-NB15,test,8921,Reconnaissance,1,0.303638,0.38338,KNOWN
UNSW-NB15,test,8922,Normal,1,0.096299,0.38338,KNOWN
UNSW-NB15,test,8923,Normal,1,0.125676,0.38338,KNOWN
UNSW-NB15,test,8924,Normal,1,0.100181,0.38338,KNOWN
UNSW-NB15,test,8925,Normal,1,0.167788,0.38338,KNOWN
UNSW-NB15,test,8926,Exploits,1,0.169209,0.38338,KNOWN
UNSW-NB15,test,8927,Fuzzers,1,0.422156,0.38338,ZERO_DAY
UNSW-NB15,test,8928,Exploits,1,0.203701,0.38338,KNOWN
UNSW-NB15,test,8929,Normal,1,0.097654,0.38338,KNOWN
UNSW-NB15,test,8930,Fuzzers,1,0.227142,0.38338,KNOWN
UNSW-NB15,test,8931,Fuzzers,1,0.165996,0.38338,KNOWN
UNSW-NB15,test,8932,Analysis,1,0.464532,0.38338,ZERO_DAY
UNSW-NB15,test,8933,Exploits,1,0.106111,0.38338,KNOWN
UNSW-NB15,test,8934,Normal,1,0.186734,0.38338,KNOWN
UNSW-NB15,test,8935,Exploits,1,0.164799,0.38338,KNOWN
UNSW-NB15,test,8936,Exploits,1,0.073051,0.38338,KNOWN
UNSW-NB15,test,8937,Normal,1,0.230909,0.38338,KNOWN
UNSW-NB15,test,8938,Normal,1,0.34277,0.38338,KNOWN
UNSW-NB15,test,8939,Normal,1,0.332497,0.38338,KNOWN
UNSW-NB15,test,8940,Normal,1,0.062294,0.38338,KNOWN
UNSW-NB15,test,8941,Exploits,1,0.040257,0.38338,KNOWN
UNSW-NB15,test,8942,Normal,1,0.142686,0.38338,KNOWN
UNSW-NB15,test,8943,Normal,1,0.164727,0.38338,KNOWN
UNSW-NB15,test,8944,Normal,1,0.154119,0.38338,KNOWN
UNSW-NB15,test,8945,Normal,1,0.306227,0.38338,KNOWN
UNSW-NB15,test,8946,Normal,1,0.128181,0.38338,KNOWN
UNSW-NB15,test,8947,Exploits,1,0.252665,0.38338,KNOWN
UNSW-NB15,test,8948,Normal,1,0.121896,0.38338,KNOWN
UNSW-NB15,test,8949,Normal,1,0.17169,0.38338,KNOWN
UNSW-NB15,test,8950,Normal,1,0.230698,0.38338,KNOWN
UNSW-NB15,test,8951,Normal,1,0.271084,0.38338,KNOWN
UNSW-NB15,test,8952,Normal,1,0.071435,0.38338,KNOWN
UNSW-NB15,test,8953,Normal,1,0.30216,0.38338,KNOWN
UNSW-NB15,test,8954,Normal,1,0.338559,0.38338,KNOWN
UNSW-NB15,test,8955,Exploits,1,0.088136,0.38338,KNOWN
UNSW-NB15,test,8956,Normal,1,0.202187,0.38338,KNOWN
UNSW-NB15,test,8957,Normal,1,0.594312,0.38338,ZERO_DAY
UNSW-NB15,test,8958,Normal,1,0.227786,0.38338,KNOWN
UNSW-NB15,test,8959,Normal,1,0.1313,0.38338,KNOWN
UNSW-NB15,test,8960,Normal,1,0.12658,0.38338,KNOWN
UNSW-NB15,test,8961,Normal,1,0.047052,0.38338,KNOWN
UNSW-NB15,test,8962,Normal,1,0.056422,0.38338,KNOWN
UNSW-NB15,test,8963,Normal,1,0.318136,0.38338,KNOWN
UNSW-NB15,test,8964,Normal,1,0.384424,0.38338,ZERO_DAY
UNSW-NB15,test,8965,Normal,1,0.447765,0.38338,ZERO_DAY
UNSW-NB15,test,8966,Normal,1,0.150703,0.38338,KNOWN
UNSW-NB15,test,8967,Normal,1,0.044747,0.38338,KNOWN
UNSW-NB15,test,8968,Normal,1,0.143746,0.38338,KNOWN
UNSW-NB15,test,8969,Fuzzers,1,0.315153,0.38338,KNOWN
UNSW-NB15,test,8970,Normal,1,0.12552,0.38338,KNOWN
UNSW-NB15,test,8971,Exploits,1,0.304848,0.38338,KNOWN
UNSW-NB15,test,8972,Fuzzers,1,0.099453,0.38338,KNOWN
UNSW-NB15,test,8973,Normal,1,0.131718,0.38338,KNOWN
UNSW-NB15,test,8974,Normal,1,0.148528,0.38338,KNOWN
UNSW-NB15,test,8975,Fuzzers,1,0.099417,0.38338,KNOWN
UNSW-NB15,test,8976,Normal,1,0.099491,0.38338,KNOWN
UNSW-NB15,test,8977,Normal,1,0.165062,0.38338,KNOWN
UNSW-NB15,test,8978,Normal,1,0.046479,0.38338,KNOWN
UNSW-NB15,test,8979,Normal,1,0.201896,0.38338,KNOWN
UNSW-NB15,test,8980,Normal,1,0.223499,0.38338,KNOWN
UNSW-NB15,test,8981,Normal,1,0.070501,0.38338,KNOWN
UNSW-NB15,test,8982,Normal,1,0.280915,0.38338,KNOWN
UNSW-NB15,test,8983,Exploits,1,0.10501,0.38338,KNOWN
UNSW-NB15,test,8984,Normal,1,0.165541,0.38338,KNOWN
UNSW-NB15,test,8985,Normal,1,0.14529,0.38338,KNOWN
UNSW-NB15,test,8986,Normal,1,0.108785,0.38338,KNOWN
UNSW-NB15,test,8987,Normal,1,0.147915,0.38338,KNOWN
UNSW-NB15,test,8988,Normal,1,0.450277,0.38338,ZERO_DAY
UNSW-NB15,test,8989,Normal,1,0.179666,0.38338,KNOWN
UNSW-NB15,test,8990,Normal,1,0.241484,0.38338,KNOWN
UNSW-NB15,test,8991,Normal,1,0.265245,0.38338,KNOWN
UNSW-NB15,test,8992,Normal,1,0.095356,0.38338,KNOWN
UNSW-NB15,test,8993,Normal,1,0.058697,0.38338,KNOWN
UNSW-NB15,test,8994,Exploits,1,0.013464,0.38338,KNOWN
UNSW-NB15,test,8995,Exploits,1,0.388442,0.38338,ZERO_DAY
UNSW-NB15,test,8996,Fuzzers,1,0.176571,0.38338,KNOWN
UNSW-NB15,test,8997,Normal,1,0.103321,0.38338,KNOWN
UNSW-NB15,test,8998,Reconnaissance,1,0.123414,0.38338,KNOWN
UNSW-NB15,test,8999,DoS,1,0.114006,0.38338,KNOWN
UNSW-NB15,test,9000,Normal,1,0.081297,0.38338,KNOWN
UNSW-NB15,test,9001,Normal,1,0.265749,0.38338,KNOWN
UNSW-NB15,test,9002,Normal,1,0.149808,0.38338,KNOWN
UNSW-NB15,test,9003,Normal,1,0.317459,0.38338,KNOWN
UNSW-NB15,test,9004,Normal,1,0.042246,0.38338,KNOWN
UNSW-NB15,test,9005,Normal,1,0.201192,0.38338,KNOWN
UNSW-NB15,test,9006,Normal,1,0.100703,0.38338,KNOWN
UNSW-NB15,test,9007,Normal,1,0.261785,0.38338,KNOWN
UNSW-NB15,test,9008,Normal,1,0.202121,0.38338,KNOWN
UNSW-NB15,test,9009,Fuzzers,1,0.154909,0.38338,KNOWN
UNSW-NB15,test,9010,Exploits,1,0.454267,0.38338,ZERO_DAY
UNSW-NB15,test,9011,Exploits,1,0.171713,0.38338,KNOWN
UNSW-NB15,test,9012,Exploits,1,0.392287,0.38338,ZERO_DAY
UNSW-NB15,test,9013,Normal,1,0.043542,0.38338,KNOWN
UNSW-NB15,test,9014,Fuzzers,1,0.180324,0.38338,KNOWN
UNSW-NB15,test,9015,Exploits,1,0.267986,0.38338,KNOWN
UNSW-NB15,test,9016,Normal,1,0.170714,0.38338,KNOWN
UNSW-NB15,test,9017,Reconnaissance,1,0.152157,0.38338,KNOWN
UNSW-NB15,test,9018,Normal,1,0.081667,0.38338,KNOWN
UNSW-NB15,test,9019,Fuzzers,1,0.22692,0.38338,KNOWN
UNSW-NB15,test,9020,Normal,1,0.542035,0.38338,ZERO_DAY
UNSW-NB15,test,9021,Normal,1,0.03591,0.38338,KNOWN
UNSW-NB15,test,9022,DoS,1,0.314074,0.38338,KNOWN
UNSW-NB15,test,9023,Exploits,1,0.116364,0.38338,KNOWN
UNSW-NB15,test,9024,Exploits,1,0.317487,0.38338,KNOWN
UNSW-NB15,test,9025,Reconnaissance,1,0.105593,0.38338,KNOWN
UNSW-NB15,test,9026,DoS,1,0.300962,0.38338,KNOWN
UNSW-NB15,test,9027,Exploits,1,0.139012,0.38338,KNOWN
UNSW-NB15,test,9028,Normal,1,0.210245,0.38338,KNOWN
UNSW-NB15,test,9029,Normal,1,0.171006,0.38338,KNOWN
UNSW-NB15,test,9030,Exploits,1,0.142298,0.38338,KNOWN
UNSW-NB15,test,9031,Exploits,1,0.413847,0.38338,ZERO_DAY
UNSW-NB15,test,9032,Reconnaissance,1,0.073201,0.38338,KNOWN
UNSW-NB15,test,9033,Normal,1,0.115907,0.38338,KNOWN
UNSW-NB15,test,9034,Normal,1,0.058899,0.38338,KNOWN
UNSW-NB15,test,9035,Fuzzers,1,0.255261,0.38338,KNOWN
UNSW-NB15,test,9036,Normal,1,0.202608,0.38338,KNOWN
UNSW-NB15,test,9037,Fuzzers,1,0.282465,0.38338,KNOWN
UNSW-NB15,test,9038,Normal,1,0.01372,0.38338,KNOWN
UNSW-NB15,test,9039,Normal,1,0.062995,0.38338,KNOWN
UNSW-NB15,test,9040,Normal,1,0.083197,0.38338,KNOWN
UNSW-NB15,test,9041,Fuzzers,1,0.191693,0.38338,KNOWN
UNSW-NB15,test,9042,Fuzzers,1,0.072333,0.38338,KNOWN
UNSW-NB15,test,9043,Fuzzers,1,0.042747,0.38338,KNOWN
UNSW-NB15,test,9044,Normal,1,0.076337,0.38338,KNOWN
UNSW-NB15,test,9045,Exploits,1,0.291746,0.38338,KNOWN
UNSW-NB15,test,9046,Exploits,1,0.136937,0.38338,KNOWN
UNSW-NB15,test,9047,Normal,1,0.105392,0.38338,KNOWN
UNSW-NB15,test,9048,Normal,1,0.019621,0.38338,KNOWN
UNSW-NB15,test,9049,Exploits,1,0.115565,0.38338,KNOWN
UNSW-NB15,test,9050,Normal,1,0.051479,0.38338,KNOWN
UNSW-NB15,test,9051,Normal,1,0.229804,0.38338,KNOWN
UNSW-NB15,test,9052,Exploits,1,0.260406,0.38338,KNOWN
UNSW-NB15,test,9053,DoS,1,0.190068,0.38338,KNOWN
UNSW-NB15,test,9054,Fuzzers,1,0.165395,0.38338,KNOWN
UNSW-NB15,test,9055,Generic,1,0.202248,0.38338,KNOWN
UNSW-NB15,test,9056,DoS,1,0.097059,0.38338,KNOWN
UNSW-NB15,test,9057,Exploits,1,0.166365,0.38338,KNOWN
UNSW-NB15,test,9058,Normal,1,0.022405,0.38338,KNOWN
UNSW-NB15,test,9059,Exploits,1,0.056169,0.38338,KNOWN
UNSW-NB15,test,9060,Exploits,1,0.135554,0.38338,KNOWN
UNSW-NB15,test,9061,DoS,1,0.170376,0.38338,KNOWN
UNSW-NB15,test,9062,Normal,1,0.080267,0.38338,KNOWN
UNSW-NB15,test,9063,Normal,1,0.188185,0.38338,KNOWN
UNSW-NB15,test,9064,Normal,1,0.294687,0.38338,KNOWN
UNSW-NB15,test,9065,Exploits,1,0.239787,0.38338,KNOWN
UNSW-NB15,test,9066,Normal,1,0.195581,0.38338,KNOWN
UNSW-NB15,test,9067,Normal,1,0.196423,0.38338,KNOWN
UNSW-NB15,test,9068,Normal,1,0.106211,0.38338,KNOWN
UNSW-NB15,test,9069,Normal,1,0.304178,0.38338,KNOWN
UNSW-NB15,test,9070,Normal,1,0.145502,0.38338,KNOWN
UNSW-NB15,test,9071,Normal,1,0.192947,0.38338,KNOWN
UNSW-NB15,test,9072,Fuzzers,1,0.212468,0.38338,KNOWN
UNSW-NB15,test,9073,Exploits,1,0.126496,0.38338,KNOWN
UNSW-NB15,test,9074,Reconnaissance,1,0.093285,0.38338,KNOWN
UNSW-NB15,test,9075,Fuzzers,1,0.298476,0.38338,KNOWN
UNSW-NB15,test,9076,Normal,1,0.114244,0.38338,KNOWN
UNSW-NB15,test,9077,Normal,1,0.182044,0.38338,KNOWN
UNSW-NB15,test,9078,Normal,1,0.084733,0.38338,KNOWN
UNSW-NB15,test,9079,Exploits,1,0.128933,0.38338,KNOWN
UNSW-NB15,test,9080,Normal,1,0.360598,0.38338,KNOWN
UNSW-NB15,test,9081,Fuzzers,1,0.080997,0.38338,KNOWN
UNSW-NB15,test,9082,Exploits,1,0.270678,0.38338,KNOWN
UNSW-NB15,test,9083,Normal,1,0.244918,0.38338,KNOWN
UNSW-NB15,test,9084,Normal,1,0.16777,0.38338,KNOWN
UNSW-NB15,test,9085,Normal,1,0.218096,0.38338,KNOWN
UNSW-NB15,test,9086,Normal,1,0.091744,0.38338,KNOWN
UNSW-NB15,test,9087,Normal,1,0.159487,0.38338,KNOWN
UNSW-NB15,test,9088,Exploits,1,0.442172,0.38338,ZERO_DAY
UNSW-NB15,test,9089,Exploits,1,0.127228,0.38338,KNOWN
UNSW-NB15,test,9090,Normal,1,0.37993,0.38338,KNOWN
UNSW-NB15,test,9091,Normal,1,0.052979,0.38338,KNOWN
UNSW-NB15,test,9092,Normal,1,0.116389,0.38338,KNOWN
UNSW-NB15,test,9093,Normal,1,0.156417,0.38338,KNOWN
UNSW-NB15,test,9094,Normal,1,0.180165,0.38338,KNOWN
UNSW-NB15,test,9095,Fuzzers,1,0.207923,0.38338,KNOWN
UNSW-NB15,test,9096,Normal,1,0.400328,0.38338,ZERO_DAY
UNSW-NB15,test,9097,Normal,1,0.159076,0.38338,KNOWN
UNSW-NB15,test,9098,Exploits,1,0.151083,0.38338,KNOWN
UNSW-NB15,test,9099,Generic,1,0.274399,0.38338,KNOWN
UNSW-NB15,test,9100,Normal,1,0.277243,0.38338,KNOWN
UNSW-NB15,test,9101,Normal,1,0.351839,0.38338,KNOWN
UNSW-NB15,test,9102,Normal,1,0.210641,0.38338,KNOWN
UNSW-NB15,test,9103,Normal,1,0.239123,0.38338,KNOWN
UNSW-NB15,test,9104,Normal,1,0.131249,0.38338,KNOWN
UNSW-NB15,test,9105,Normal,1,0.242268,0.38338,KNOWN
UNSW-NB15,test,9106,Exploits,1,0.087321,0.38338,KNOWN
UNSW-NB15,test,9107,Exploits,1,0.270389,0.38338,KNOWN
UNSW-NB15,test,9108,Exploits,1,0.07642,0.38338,KNOWN
UNSW-NB15,test,9109,Exploits,1,0.254408,0.38338,KNOWN
UNSW-NB15,test,9110,Fuzzers,1,0.083962,0.38338,KNOWN
UNSW-NB15,test,9111,Exploits,1,0.156538,0.38338,KNOWN
UNSW-NB15,test,9112,Normal,1,0.166929,0.38338,KNOWN
UNSW-NB15,test,9113,Exploits,1,0.457708,0.38338,ZERO_DAY
UNSW-NB15,test,9114,Exploits,1,0.445609,0.38338,ZERO_DAY
UNSW-NB15,test,9115,Normal,1,0.304729,0.38338,KNOWN
UNSW-NB15,test,9116,Normal,1,0.249805,0.38338,KNOWN
UNSW-NB15,test,9117,Normal,1,0.142025,0.38338,KNOWN
UNSW-NB15,test,9118,Fuzzers,1,0.044972,0.38338,KNOWN
UNSW-NB15,test,9119,Normal,1,0.19489,0.38338,KNOWN
UNSW-NB15,test,9120,Normal,1,0.154909,0.38338,KNOWN
UNSW-NB15,test,9121,Exploits,1,0.039481,0.38338,KNOWN
UNSW-NB15,test,9122,Reconnaissance,1,0.160559,0.38338,KNOWN
UNSW-NB15,test,9123,Normal,1,0.354334,0.38338,KNOWN
UNSW-NB15,test,9124,Normal,1,0.101881,0.38338,KNOWN
UNSW-NB15,test,9125,Exploits,1,0.100001,0.38338,KNOWN
UNSW-NB15,test,9126,Exploits,1,0.042954,0.38338,KNOWN
UNSW-NB15,test,9127,Normal,1,0.450281,0.38338,ZERO_DAY
UNSW-NB15,test,9128,Exploits,1,0.18636,0.38338,KNOWN
UNSW-NB15,test,9129,Fuzzers,1,0.256609,0.38338,KNOWN
UNSW-NB15,test,9130,Normal,1,0.277826,0.38338,KNOWN
UNSW-NB15,test,9131,Normal,1,0.079168,0.38338,KNOWN
UNSW-NB15,test,9132,Exploits,1,0.288297,0.38338,KNOWN
UNSW-NB15,test,9133,Normal,1,0.017912,0.38338,KNOWN
UNSW-NB15,test,9134,Normal,1,0.167102,0.38338,KNOWN
UNSW-NB15,test,9135,Exploits,1,0.175898,0.38338,KNOWN
UNSW-NB15,test,9136,Normal,1,0.214493,0.38338,KNOWN
UNSW-NB15,test,9137,Normal,1,0.143373,0.38338,KNOWN
UNSW-NB15,test,9138,Normal,1,0.144851,0.38338,KNOWN
UNSW-NB15,test,9139,Fuzzers,1,0.240272,0.38338,KNOWN
UNSW-NB15,test,9140,Fuzzers,1,0.301283,0.38338,KNOWN
UNSW-NB15,test,9141,DoS,1,0.067186,0.38338,KNOWN
UNSW-NB15,test,9142,Exploits,1,0.228657,0.38338,KNOWN
UNSW-NB15,test,9143,Normal,1,0.367002,0.38338,KNOWN
UNSW-NB15,test,9144,Fuzzers,1,0.411443,0.38338,ZERO_DAY
UNSW-NB15,test,9145,Normal,1,0.093063,0.38338,KNOWN
UNSW-NB15,test,9146,Normal,1,0.202055,0.38338,KNOWN
UNSW-NB15,test,9147,Normal,1,0.142933,0.38338,KNOWN
UNSW-NB15,test,9148,Normal,1,0.219363,0.38338,KNOWN
UNSW-NB15,test,9149,Normal,1,0.368509,0.38338,KNOWN
UNSW-NB15,test,9150,Normal,1,0.034948,0.38338,KNOWN
UNSW-NB15,test,9151,Normal,1,0.306192,0.38338,KNOWN
UNSW-NB15,test,9152,Normal,1,0.217194,0.38338,KNOWN
UNSW-NB15,test,9153,Normal,1,0.155422,0.38338,KNOWN
UNSW-NB15,test,9154,Normal,1,0.017119,0.38338,KNOWN
UNSW-NB15,test,9155,Normal,1,0.259992,0.38338,KNOWN
UNSW-NB15,test,9156,Normal,1,0.143108,0.38338,KNOWN
UNSW-NB15,test,9157,Fuzzers,1,0.124117,0.38338,KNOWN
UNSW-NB15,test,9158,Normal,1,0.311001,0.38338,KNOWN
UNSW-NB15,test,9159,Exploits,1,0.073136,0.38338,KNOWN
UNSW-NB15,test,9160,Exploits,1,0.063037,0.38338,KNOWN
UNSW-NB15,test,9161,Exploits,1,0.213028,0.38338,KNOWN
UNSW-NB15,test,9162,Exploits,1,0.13209,0.38338,KNOWN
UNSW-NB15,test,9163,Normal,1,0.443136,0.38338,ZERO_DAY
UNSW-NB15,test,9164,Normal,1,0.244579,0.38338,KNOWN
UNSW-NB15,test,9165,Normal,1,0.410991,0.38338,ZERO_DAY
UNSW-NB15,test,9166,Fuzzers,1,0.097,0.38338,KNOWN
UNSW-NB15,test,9167,Exploits,1,0.248089,0.38338,KNOWN
UNSW-NB15,test,9168,Normal,1,0.442031,0.38338,ZERO_DAY
UNSW-NB15,test,9169,Fuzzers,1,0.338086,0.38338,KNOWN
UNSW-NB15,test,9170,Exploits,1,0.111266,0.38338,KNOWN
UNSW-NB15,test,9171,Normal,1,0.17,0.38338,KNOWN
UNSW-NB15,test,9172,Normal,1,0.13035,0.38338,KNOWN
UNSW-NB15,test,9173,Normal,1,0.196848,0.38338,KNOWN
UNSW-NB15,test,9174,Normal,1,0.297459,0.38338,KNOWN
UNSW-NB15,test,9175,Normal,1,0.117037,0.38338,KNOWN
UNSW-NB15,test,9176,Normal,1,0.1734,0.38338,KNOWN
UNSW-NB15,test,9177,Reconnaissance,1,0.025937,0.38338,KNOWN
UNSW-NB15,test,9178,Exploits,1,0.16453,0.38338,KNOWN
UNSW-NB15,test,9179,Exploits,1,0.107703,0.38338,KNOWN
UNSW-NB15,test,9180,Normal,1,0.038138,0.38338,KNOWN
UNSW-NB15,test,9181,Exploits,1,0.05125,0.38338,KNOWN
UNSW-NB15,test,9182,Normal,1,0.185694,0.38338,KNOWN
UNSW-NB15,test,9183,Normal,1,0.353219,0.38338,KNOWN
UNSW-NB15,test,9184,Exploits,1,0.118097,0.38338,KNOWN
UNSW-NB15,test,9185,Normal,1,0.260443,0.38338,KNOWN
UNSW-NB15,test,9186,Reconnaissance,1,0.121498,0.38338,KNOWN
UNSW-NB15,test,9187,Exploits,1,0.37689,0.38338,KNOWN
UNSW-NB15,test,9188,Normal,1,0.434759,0.38338,ZERO_DAY
UNSW-NB15,test,9189,Normal,1,0.080868,0.38338,KNOWN
UNSW-NB15,test,9190,Exploits,1,0.206861,0.38338,KNOWN
UNSW-NB15,test,9191,Exploits,1,0.2523,0.38338,KNOWN
UNSW-NB15,test,9192,Normal,1,0.151684,0.38338,KNOWN
UNSW-NB15,test,9193,Normal,1,0.106173,0.38338,KNOWN
UNSW-NB15,test,9194,Normal,1,0.194625,0.38338,KNOWN
UNSW-NB15,test,9195,Exploits,1,0.369681,0.38338,KNOWN
UNSW-NB15,test,9196,Exploits,1,0.134018,0.38338,KNOWN
UNSW-NB15,test,9197,Fuzzers,1,0.035463,0.38338,KNOWN
UNSW-NB15,test,9198,Normal,1,0.055216,0.38338,KNOWN
UNSW-NB15,test,9199,Normal,1,0.201349,0.38338,KNOWN
UNSW-NB15,test,9200,DoS,1,0.102762,0.38338,KNOWN
UNSW-NB15,test,9201,Reconnaissance,1,0.176628,0.38338,KNOWN
UNSW-NB15,test,9202,Normal,1,0.224631,0.38338,KNOWN
UNSW-NB15,test,9203,Normal,1,0.222281,0.38338,KNOWN
UNSW-NB15,test,9204,Normal,1,0.108705,0.38338,KNOWN
UNSW-NB15,test,9205,DoS,1,0.111835,0.38338,KNOWN
UNSW-NB15,test,9206,Exploits,1,0.276786,0.38338,KNOWN
UNSW-NB15,test,9207,Exploits,1,0.168855,0.38338,KNOWN
UNSW-NB15,test,9208,Normal,1,0.2304,0.38338,KNOWN
UNSW-NB15,test,9209,DoS,1,0.035643,0.38338,KNOWN
UNSW-NB15,test,9210,Normal,1,0.320603,0.38338,KNOWN
UNSW-NB15,test,9211,Normal,1,0.390308,0.38338,ZERO_DAY
UNSW-NB15,test,9212,Normal,1,0.245762,0.38338,KNOWN
UNSW-NB15,test,9213,Reconnaissance,1,0.059686,0.38338,KNOWN
UNSW-NB15,test,9214,Normal,1,0.045004,0.38338,KNOWN
UNSW-NB15,test,9215,Normal,1,0.109361,0.38338,KNOWN
UNSW-NB15,test,9216,Fuzzers,1,0.131564,0.38338,KNOWN
UNSW-NB15,test,9217,Fuzzers,1,0.027078,0.38338,KNOWN
UNSW-NB15,test,9218,Normal,1,0.080414,0.38338,KNOWN
UNSW-NB15,test,9219,Normal,1,0.040223,0.38338,KNOWN
UNSW-NB15,test,9220,Normal,1,0.152862,0.38338,KNOWN
UNSW-NB15,test,9221,Normal,1,0.090179,0.38338,KNOWN
UNSW-NB15,test,9222,Exploits,1,0.180998,0.38338,KNOWN
UNSW-NB15,test,9223,Exploits,1,0.076279,0.38338,KNOWN
UNSW-NB15,test,9224,Normal,1,0.029468,0.38338,KNOWN
UNSW-NB15,test,9225,Normal,1,0.192361,0.38338,KNOWN
UNSW-NB15,test,9226,Normal,1,0.083381,0.38338,KNOWN
UNSW-NB15,test,9227,Exploits,1,0.161123,0.38338,KNOWN
UNSW-NB15,test,9228,Normal,1,0.035631,0.38338,KNOWN
UNSW-NB15,test,9229,Exploits,1,0.331765,0.38338,KNOWN
UNSW-NB15,test,9230,Normal,1,0.171732,0.38338,KNOWN
UNSW-NB15,test,9231,Exploits,1,0.082806,0.38338,KNOWN
UNSW-NB15,test,9232,Normal,1,0.181219,0.38338,KNOWN
UNSW-NB15,test,9233,Normal,1,0.153479,0.38338,KNOWN
UNSW-NB15,test,9234,Normal,1,0.061174,0.38338,KNOWN
UNSW-NB15,test,9235,DoS,1,0.183443,0.38338,KNOWN
UNSW-NB15,test,9236,Normal,1,0.22391,0.38338,KNOWN
UNSW-NB15,test,9237,Normal,1,0.09635,0.38338,KNOWN
UNSW-NB15,test,9238,Exploits,1,0.058919,0.38338,KNOWN
UNSW-NB15,test,9239,Exploits,1,0.18908,0.38338,KNOWN
UNSW-NB15,test,9240,Normal,1,0.148767,0.38338,KNOWN
UNSW-NB15,test,9241,Normal,1,0.288882,0.38338,KNOWN
UNSW-NB15,test,9242,Normal,1,0.070664,0.38338,KNOWN
UNSW-NB15,test,9243,DoS,1,0.240411,0.38338,KNOWN
UNSW-NB15,test,9244,Normal,1,0.034961,0.38338,KNOWN
UNSW-NB15,test,9245,Exploits,1,0.180784,0.38338,KNOWN
UNSW-NB15,test,9246,Normal,1,0.114242,0.38338,KNOWN
UNSW-NB15,test,9247,Fuzzers,1,0.264273,0.38338,KNOWN
UNSW-NB15,test,9248,Normal,1,0.109029,0.38338,KNOWN
UNSW-NB15,test,9249,Normal,1,0.141904,0.38338,KNOWN
UNSW-NB15,test,9250,Fuzzers,1,0.310052,0.38338,KNOWN
UNSW-NB15,test,9251,Normal,1,0.149717,0.38338,KNOWN
UNSW-NB15,test,9252,Exploits,1,0.216444,0.38338,KNOWN
UNSW-NB15,test,9253,Reconnaissance,1,0.078947,0.38338,KNOWN
UNSW-NB15,test,9254,Normal,1,0.311871,0.38338,KNOWN
UNSW-NB15,test,9255,Exploits,1,0.150933,0.38338,KNOWN
UNSW-NB15,test,9256,Normal,1,0.071332,0.38338,KNOWN
UNSW-NB15,test,9257,Fuzzers,1,0.51068,0.38338,ZERO_DAY
UNSW-NB15,test,9258,Normal,1,0.160516,0.38338,KNOWN
UNSW-NB15,test,9259,Normal,1,0.199433,0.38338,KNOWN
UNSW-NB15,test,9260,Exploits,1,0.150268,0.38338,KNOWN
UNSW-NB15,test,9261,Normal,1,0.067932,0.38338,KNOWN
UNSW-NB15,test,9262,Exploits,1,0.144082,0.38338,KNOWN
UNSW-NB15,test,9263,Fuzzers,1,0.118723,0.38338,KNOWN
UNSW-NB15,test,9264,Normal,1,0.122475,0.38338,KNOWN
UNSW-NB15,test,9265,Normal,1,0.140014,0.38338,KNOWN
UNSW-NB15,test,9266,Normal,1,0.101098,0.38338,KNOWN
UNSW-NB15,test,9267,Normal,1,0.024364,0.38338,KNOWN
UNSW-NB15,test,9268,DoS,1,0.174893,0.38338,KNOWN
UNSW-NB15,test,9269,Reconnaissance,1,0.130333,0.38338,KNOWN
UNSW-NB15,test,9270,Exploits,1,0.156533,0.38338,KNOWN
UNSW-NB15,test,9271,Normal,1,0.151992,0.38338,KNOWN
UNSW-NB15,test,9272,Exploits,1,0.221836,0.38338,KNOWN
UNSW-NB15,test,9273,Fuzzers,1,0.272186,0.38338,KNOWN
UNSW-NB15,test,9274,Exploits,1,0.114027,0.38338,KNOWN
UNSW-NB15,test,9275,Normal,1,0.31971,0.38338,KNOWN
UNSW-NB15,test,9276,Normal,1,0.051846,0.38338,KNOWN
UNSW-NB15,test,9277,Normal,1,0.165111,0.38338,KNOWN
UNSW-NB15,test,9278,Reconnaissance,1,0.225709,0.38338,KNOWN
UNSW-NB15,test,9279,Exploits,1,0.093859,0.38338,KNOWN
UNSW-NB15,test,9280,Normal,1,0.160379,0.38338,KNOWN
UNSW-NB15,test,9281,Reconnaissance,1,0.275086,0.38338,KNOWN
UNSW-NB15,test,9282,Fuzzers,1,0.177204,0.38338,KNOWN
UNSW-NB15,test,9283,Normal,1,0.056474,0.38338,KNOWN
UNSW-NB15,test,9284,DoS,1,0.4704,0.38338,ZERO_DAY
UNSW-NB15,test,9285,Reconnaissance,1,0.033792,0.38338,KNOWN
UNSW-NB15,test,9286,Normal,1,0.026453,0.38338,KNOWN
UNSW-NB15,test,9287,Normal,1,0.281189,0.38338,KNOWN
UNSW-NB15,test,9288,Fuzzers,1,0.227131,0.38338,KNOWN
UNSW-NB15,test,9289,Normal,1,0.103765,0.38338,KNOWN
UNSW-NB15,test,9290,Normal,1,0.065448,0.38338,KNOWN
UNSW-NB15,test,9291,Normal,1,0.139283,0.38338,KNOWN
UNSW-NB15,test,9292,Normal,1,0.08933,0.38338,KNOWN
UNSW-NB15,test,9293,Normal,1,0.073059,0.38338,KNOWN
UNSW-NB15,test,9294,Fuzzers,1,0.031091,0.38338,KNOWN
UNSW-NB15,test,9295,Normal,1,0.132813,0.38338,KNOWN
UNSW-NB15,test,9296,Normal,1,0.081723,0.38338,KNOWN
UNSW-NB15,test,9297,Normal,1,0.184793,0.38338,KNOWN
UNSW-NB15,test,9298,Normal,1,0.202261,0.38338,KNOWN
UNSW-NB15,test,9299,Normal,1,0.095405,0.38338,KNOWN
UNSW-NB15,test,9300,Fuzzers,1,0.299804,0.38338,KNOWN
UNSW-NB15,test,9301,Normal,1,0.118383,0.38338,KNOWN
UNSW-NB15,test,9302,Normal,1,0.327931,0.38338,KNOWN
UNSW-NB15,test,9303,Normal,1,0.218224,0.38338,KNOWN
UNSW-NB15,test,9304,Normal,1,0.143371,0.38338,KNOWN
UNSW-NB15,test,9305,Backdoor,1,0.216823,0.38338,KNOWN
UNSW-NB15,test,9306,Normal,1,0.144806,0.38338,KNOWN
UNSW-NB15,test,9307,Normal,1,0.308849,0.38338,KNOWN
UNSW-NB15,test,9308,Normal,1,0.160582,0.38338,KNOWN
UNSW-NB15,test,9309,Normal,1,0.407971,0.38338,ZERO_DAY
UNSW-NB15,test,9310,Normal,1,0.142605,0.38338,KNOWN
UNSW-NB15,test,9311,Reconnaissance,1,0.538697,0.38338,ZERO_DAY
UNSW-NB15,test,9312,Exploits,1,0.089034,0.38338,KNOWN
UNSW-NB15,test,9313,Exploits,1,0.104186,0.38338,KNOWN
UNSW-NB15,test,9314,Normal,1,0.125917,0.38338,KNOWN
UNSW-NB15,test,9315,Exploits,1,0.151942,0.38338,KNOWN
UNSW-NB15,test,9316,Normal,1,0.083737,0.38338,KNOWN
UNSW-NB15,test,9317,Exploits,1,0.069853,0.38338,KNOWN
UNSW-NB15,test,9318,Exploits,1,0.266021,0.38338,KNOWN
UNSW-NB15,test,9319,Normal,1,0.169799,0.38338,KNOWN
UNSW-NB15,test,9320,Normal,1,0.125979,0.38338,KNOWN
UNSW-NB15,test,9321,Normal,1,0.086907,0.38338,KNOWN
UNSW-NB15,test,9322,Normal,1,0.349558,0.38338,KNOWN
UNSW-NB15,test,9323,Exploits,1,0.149221,0.38338,KNOWN
UNSW-NB15,test,9324,Analysis,1,0.100311,0.38338,KNOWN
UNSW-NB15,test,9325,Normal,1,0.299032,0.38338,KNOWN
UNSW-NB15,test,9326,Exploits,1,0.057299,0.38338,KNOWN
UNSW-NB15,test,9327,Exploits,1,0.336697,0.38338,KNOWN
UNSW-NB15,test,9328,Fuzzers,1,0.138541,0.38338,KNOWN
UNSW-NB15,test,9329,Normal,1,0.127085,0.38338,KNOWN
UNSW-NB15,test,9330,Normal,1,0.110216,0.38338,KNOWN
UNSW-NB15,test,9331,Exploits,1,0.412251,0.38338,ZERO_DAY
UNSW-NB15,test,9332,Normal,1,0.25036,0.38338,KNOWN
UNSW-NB15,test,9333,Exploits,1,0.276809,0.38338,KNOWN
UNSW-NB15,test,9334,Normal,1,0.292251,0.38338,KNOWN
UNSW-NB15,test,9335,Exploits,1,0.119616,0.38338,KNOWN
UNSW-NB15,test,9336,DoS,1,0.068639,0.38338,KNOWN
UNSW-NB15,test,9337,Normal,1,0.311547,0.38338,KNOWN
UNSW-NB15,test,9338,Normal,1,0.031373,0.38338,KNOWN
UNSW-NB15,test,9339,Normal,1,0.379543,0.38338,KNOWN
UNSW-NB15,test,9340,Normal,1,0.492824,0.38338,ZERO_DAY
UNSW-NB15,test,9341,Normal,1,0.055394,0.38338,KNOWN
UNSW-NB15,test,9342,Exploits,1,0.146127,0.38338,KNOWN
UNSW-NB15,test,9343,Normal,1,0.119861,0.38338,KNOWN
UNSW-NB15,test,9344,Normal,1,0.204841,0.38338,KNOWN
UNSW-NB15,test,9345,Exploits,1,0.235799,0.38338,KNOWN
UNSW-NB15,test,9346,Normal,1,0.135025,0.38338,KNOWN
UNSW-NB15,test,9347,Normal,1,0.373933,0.38338,KNOWN
UNSW-NB15,test,9348,Exploits,1,0.279288,0.38338,KNOWN
UNSW-NB15,test,9349,Exploits,1,0.297894,0.38338,KNOWN
UNSW-NB15,test,9350,Normal,1,0.215049,0.38338,KNOWN
UNSW-NB15,test,9351,Exploits,1,0.338783,0.38338,KNOWN
UNSW-NB15,test,9352,Exploits,1,0.04523,0.38338,KNOWN
UNSW-NB15,test,9353,Normal,1,0.118095,0.38338,KNOWN
UNSW-NB15,test,9354,Exploits,1,0.247111,0.38338,KNOWN
UNSW-NB15,test,9355,Normal,1,0.140447,0.38338,KNOWN
UNSW-NB15,test,9356,Normal,1,0.086375,0.38338,KNOWN
UNSW-NB15,test,9357,Normal,1,0.290784,0.38338,KNOWN
UNSW-NB15,test,9358,Normal,1,0.19742,0.38338,KNOWN
UNSW-NB15,test,9359,Normal,1,0.12395,0.38338,KNOWN
UNSW-NB15,test,9360,Exploits,1,0.255642,0.38338,KNOWN
UNSW-NB15,test,9361,Fuzzers,1,0.192822,0.38338,KNOWN
UNSW-NB15,test,9362,Normal,1,0.098668,0.38338,KNOWN
UNSW-NB15,test,9363,Fuzzers,1,0.116524,0.38338,KNOWN
UNSW-NB15,test,9364,Normal,1,0.176472,0.38338,KNOWN
UNSW-NB15,test,9365,Normal,1,0.083681,0.38338,KNOWN
UNSW-NB15,test,9366,Normal,1,0.204577,0.38338,KNOWN
UNSW-NB15,test,9367,Exploits,1,0.114901,0.38338,KNOWN
UNSW-NB15,test,9368,Normal,1,0.099914,0.38338,KNOWN
UNSW-NB15,test,9369,DoS,1,0.057459,0.38338,KNOWN
UNSW-NB15,test,9370,Normal,1,0.152615,0.38338,KNOWN
UNSW-NB15,test,9371,Fuzzers,1,0.211202,0.38338,KNOWN
UNSW-NB15,test,9372,Exploits,1,0.112779,0.38338,KNOWN
UNSW-NB15,test,9373,Normal,1,0.192303,0.38338,KNOWN
UNSW-NB15,test,9374,Normal,1,0.131332,0.38338,KNOWN
UNSW-NB15,test,9375,Normal,1,0.156045,0.38338,KNOWN
UNSW-NB15,test,9376,Normal,1,0.078589,0.38338,KNOWN
UNSW-NB15,test,9377,Normal,1,0.271125,0.38338,KNOWN
UNSW-NB15,test,9378,Normal,1,0.139708,0.38338,KNOWN
UNSW-NB15,test,9379,Normal,1,0.218836,0.38338,KNOWN
UNSW-NB15,test,9380,Normal,1,0.149239,0.38338,KNOWN
UNSW-NB15,test,9381,Reconnaissance,1,0.060978,0.38338,KNOWN
UNSW-NB15,test,9382,Normal,1,0.150122,0.38338,KNOWN
UNSW-NB15,test,9383,Fuzzers,1,0.166713,0.38338,KNOWN
UNSW-NB15,test,9384,Normal,1,0.060121,0.38338,KNOWN
UNSW-NB15,test,9385,Reconnaissance,1,0.074648,0.38338,KNOWN
UNSW-NB15,test,9386,Normal,1,0.170464,0.38338,KNOWN
UNSW-NB15,test,9387,Normal,1,0.213417,0.38338,KNOWN
UNSW-NB15,test,9388,Exploits,1,0.119294,0.38338,KNOWN
UNSW-NB15,test,9389,Normal,1,0.466195,0.38338,ZERO_DAY
UNSW-NB15,test,9390,Normal,1,0.173328,0.38338,KNOWN
UNSW-NB15,test,9391,Exploits,1,0.024466,0.38338,KNOWN
UNSW-NB15,test,9392,Normal,1,0.100537,0.38338,KNOWN
UNSW-NB15,test,9393,Reconnaissance,1,0.151477,0.38338,KNOWN
UNSW-NB15,test,9394,Normal,1,0.402558,0.38338,ZERO_DAY
UNSW-NB15,test,9395,Exploits,1,0.187812,0.38338,KNOWN
UNSW-NB15,test,9396,Normal,1,0.241921,0.38338,KNOWN
UNSW-NB15,test,9397,Fuzzers,1,0.146433,0.38338,KNOWN
UNSW-NB15,test,9398,Exploits,1,0.288183,0.38338,KNOWN
UNSW-NB15,test,9399,Normal,1,0.357412,0.38338,KNOWN
UNSW-NB15,test,9400,Normal,1,0.080903,0.38338,KNOWN
UNSW-NB15,test,9401,Exploits,1,0.237418,0.38338,KNOWN
UNSW-NB15,test,9402,Exploits,1,0.136334,0.38338,KNOWN
UNSW-NB15,test,9403,Normal,1,0.269811,0.38338,KNOWN
UNSW-NB15,test,9404,Normal,1,0.202995,0.38338,KNOWN
UNSW-NB15,test,9405,Exploits,1,0.227229,0.38338,KNOWN
UNSW-NB15,test,9406,Exploits,1,0.054387,0.38338,KNOWN
UNSW-NB15,test,9407,Normal,1,0.039703,0.38338,KNOWN
UNSW-NB15,test,9408,Normal,1,0.417041,0.38338,ZERO_DAY
UNSW-NB15,test,9409,Normal,1,0.153694,0.38338,KNOWN
UNSW-NB15,test,9410,Exploits,1,0.256454,0.38338,KNOWN
UNSW-NB15,test,9411,Normal,1,0.077709,0.38338,KNOWN
UNSW-NB15,test,9412,DoS,1,0.228328,0.38338,KNOWN
UNSW-NB15,test,9413,Normal,1,0.091398,0.38338,KNOWN
UNSW-NB15,test,9414,Normal,1,0.134178,0.38338,KNOWN
UNSW-NB15,test,9415,Normal,1,0.115561,0.38338,KNOWN
UNSW-NB15,test,9416,Exploits,1,0.116622,0.38338,KNOWN
UNSW-NB15,test,9417,Fuzzers,1,0.099278,0.38338,KNOWN
UNSW-NB15,test,9418,Analysis,1,0.181227,0.38338,KNOWN
UNSW-NB15,test,9419,Fuzzers,1,0.286498,0.38338,KNOWN
UNSW-NB15,test,9420,Normal,1,0.161395,0.38338,KNOWN
UNSW-NB15,test,9421,Normal,1,0.208279,0.38338,KNOWN
UNSW-NB15,test,9422,Normal,1,0.02525,0.38338,KNOWN
UNSW-NB15,test,9423,Normal,1,0.060404,0.38338,KNOWN
UNSW-NB15,test,9424,Normal,1,0.163335,0.38338,KNOWN
UNSW-NB15,test,9425,Exploits,1,0.181648,0.38338,KNOWN
UNSW-NB15,test,9426,DoS,1,0.146003,0.38338,KNOWN
UNSW-NB15,test,9427,Exploits,1,0.1562,0.38338,KNOWN
UNSW-NB15,test,9428,Fuzzers,1,0.330203,0.38338,KNOWN
UNSW-NB15,test,9429,Normal,1,0.126919,0.38338,KNOWN
UNSW-NB15,test,9430,Normal,1,0.09985,0.38338,KNOWN
UNSW-NB15,test,9431,Normal,1,0.184891,0.38338,KNOWN
UNSW-NB15,test,9432,Exploits,1,0.563558,0.38338,ZERO_DAY
UNSW-NB15,test,9433,Normal,1,0.073065,0.38338,KNOWN
UNSW-NB15,test,9434,Normal,1,0.063671,0.38338,KNOWN
UNSW-NB15,test,9435,Exploits,1,0.153551,0.38338,KNOWN
UNSW-NB15,test,9436,Normal,1,0.127503,0.38338,KNOWN
UNSW-NB15,test,9437,Fuzzers,1,0.074484,0.38338,KNOWN
UNSW-NB15,test,9438,Exploits,1,0.363057,0.38338,KNOWN
UNSW-NB15,test,9439,Fuzzers,1,0.168355,0.38338,KNOWN
UNSW-NB15,test,9440,Normal,1,0.049779,0.38338,KNOWN
UNSW-NB15,test,9441,Exploits,1,0.176183,0.38338,KNOWN
UNSW-NB15,test,9442,Normal,1,0.094969,0.38338,KNOWN
UNSW-NB15,test,9443,Normal,1,0.132628,0.38338,KNOWN
UNSW-NB15,test,9444,Normal,1,0.27324,0.38338,KNOWN
UNSW-NB15,test,9445,Exploits,1,0.060776,0.38338,KNOWN
UNSW-NB15,test,9446,Normal,1,0.158592,0.38338,KNOWN
UNSW-NB15,test,9447,Normal,1,0.022551,0.38338,KNOWN
UNSW-NB15,test,9448,Exploits,1,0.147456,0.38338,KNOWN
UNSW-NB15,test,9449,Normal,1,0.08309,0.38338,KNOWN
UNSW-NB15,test,9450,Exploits,1,0.280025,0.38338,KNOWN
UNSW-NB15,test,9451,Normal,1,0.216414,0.38338,KNOWN
UNSW-NB15,test,9452,Normal,1,0.099247,0.38338,KNOWN
UNSW-NB15,test,9453,Normal,1,0.17438,0.38338,KNOWN
UNSW-NB15,test,9454,Normal,1,0.081085,0.38338,KNOWN
UNSW-NB15,test,9455,Normal,1,0.289172,0.38338,KNOWN
UNSW-NB15,test,9456,Normal,1,0.167885,0.38338,KNOWN
UNSW-NB15,test,9457,Fuzzers,1,0.138741,0.38338,KNOWN
UNSW-NB15,test,9458,Exploits,1,0.101182,0.38338,KNOWN
UNSW-NB15,test,9459,Normal,1,0.192565,0.38338,KNOWN
UNSW-NB15,test,9460,Normal,1,0.188172,0.38338,KNOWN
UNSW-NB15,test,9461,Normal,1,0.11249,0.38338,KNOWN
UNSW-NB15,test,9462,Normal,1,0.562332,0.38338,ZERO_DAY
UNSW-NB15,test,9463,Normal,1,0.076714,0.38338,KNOWN
UNSW-NB15,test,9464,Exploits,1,0.09569,0.38338,KNOWN
UNSW-NB15,test,9465,Normal,1,0.145694,0.38338,KNOWN
UNSW-NB15,test,9466,Fuzzers,1,0.18172,0.38338,KNOWN
UNSW-NB15,test,9467,Normal,1,0.307233,0.38338,KNOWN
UNSW-NB15,test,9468,Normal,1,0.386365,0.38338,ZERO_DAY
UNSW-NB15,test,9469,Reconnaissance,1,0.075396,0.38338,KNOWN
UNSW-NB15,test,9470,Normal,1,0.232171,0.38338,KNOWN
UNSW-NB15,test,9471,Normal,1,0.17678,0.38338,KNOWN
UNSW-NB15,test,9472,Exploits,1,0.224826,0.38338,KNOWN
UNSW-NB15,test,9473,Normal,1,0.05584,0.38338,KNOWN
UNSW-NB15,test,9474,Normal,1,0.306221,0.38338,KNOWN
UNSW-NB15,test,9475,Normal,1,0.202849,0.38338,KNOWN
UNSW-NB15,test,9476,Fuzzers,1,0.311554,0.38338,KNOWN
UNSW-NB15,test,9477,Exploits,1,0.341554,0.38338,KNOWN
UNSW-NB15,test,9478,Normal,1,0.119883,0.38338,KNOWN
UNSW-NB15,test,9479,Normal,1,0.202106,0.38338,KNOWN
UNSW-NB15,test,9480,Normal,1,0.057012,0.38338,KNOWN
UNSW-NB15,test,9481,Normal,1,0.197886,0.38338,KNOWN
UNSW-NB15,test,9482,Normal,1,0.391023,0.38338,ZERO_DAY
UNSW-NB15,test,9483,Exploits,1,0.058242,0.38338,KNOWN
UNSW-NB15,test,9484,Exploits,1,0.043717,0.38338,KNOWN
UNSW-NB15,test,9485,Fuzzers,1,0.312979,0.38338,KNOWN
UNSW-NB15,test,9486,Fuzzers,1,0.174459,0.38338,KNOWN
UNSW-NB15,test,9487,Normal,1,0.099927,0.38338,KNOWN
UNSW-NB15,test,9488,Normal,1,0.115162,0.38338,KNOWN
UNSW-NB15,test,9489,Exploits,1,0.04848,0.38338,KNOWN
UNSW-NB15,test,9490,Normal,1,0.035837,0.38338,KNOWN
UNSW-NB15,test,9491,Exploits,1,0.205895,0.38338,KNOWN
UNSW-NB15,test,9492,Fuzzers,1,0.062788,0.38338,KNOWN
UNSW-NB15,test,9493,Exploits,1,0.120549,0.38338,KNOWN
UNSW-NB15,test,9494,Exploits,1,0.177388,0.38338,KNOWN
UNSW-NB15,test,9495,Exploits,1,0.124898,0.38338,KNOWN
UNSW-NB15,test,9496,Exploits,1,0.207373,0.38338,KNOWN
UNSW-NB15,test,9497,Normal,1,0.041044,0.38338,KNOWN
UNSW-NB15,test,9498,Normal,1,0.230457,0.38338,KNOWN
UNSW-NB15,test,9499,Normal,1,0.180129,0.38338,KNOWN
UNSW-NB15,test,9500,Exploits,1,0.369999,0.38338,KNOWN
UNSW-NB15,test,9501,Normal,1,0.144954,0.38338,KNOWN
UNSW-NB15,test,9502,Fuzzers,1,0.192419,0.38338,KNOWN
UNSW-NB15,test,9503,Normal,1,0.158686,0.38338,KNOWN
UNSW-NB15,test,9504,Normal,1,0.182858,0.38338,KNOWN
UNSW-NB15,test,9505,Normal,1,0.082401,0.38338,KNOWN
UNSW-NB15,test,9506,Normal,1,0.102412,0.38338,KNOWN
UNSW-NB15,test,9507,Normal,1,0.267131,0.38338,KNOWN
UNSW-NB15,test,9508,Normal,1,0.285073,0.38338,KNOWN
UNSW-NB15,test,9509,Normal,1,0.246453,0.38338,KNOWN
UNSW-NB15,test,9510,Normal,1,0.17197,0.38338,KNOWN
UNSW-NB15,test,9511,Normal,1,0.064452,0.38338,KNOWN
UNSW-NB15,test,9512,Normal,1,0.060632,0.38338,KNOWN
UNSW-NB15,test,9513,Normal,1,0.071601,0.38338,KNOWN
UNSW-NB15,test,9514,Normal,1,0.434911,0.38338,ZERO_DAY
UNSW-NB15,test,9515,Normal,1,0.159799,0.38338,KNOWN
UNSW-NB15,test,9516,Normal,1,0.149029,0.38338,KNOWN
UNSW-NB15,test,9517,DoS,1,0.382667,0.38338,KNOWN
UNSW-NB15,test,9518,Normal,1,0.139481,0.38338,KNOWN
UNSW-NB15,test,9519,Exploits,1,0.071464,0.38338,KNOWN
UNSW-NB15,test,9520,Normal,1,0.078939,0.38338,KNOWN
UNSW-NB15,test,9521,Normal,1,0.18805,0.38338,KNOWN
UNSW-NB15,test,9522,Normal,1,0.155452,0.38338,KNOWN
UNSW-NB15,test,9523,Normal,1,0.120496,0.38338,KNOWN
UNSW-NB15,test,9524,Normal,1,0.300787,0.38338,KNOWN
UNSW-NB15,test,9525,Normal,1,0.212733,0.38338,KNOWN
UNSW-NB15,test,9526,Normal,1,0.230957,0.38338,KNOWN
UNSW-NB15,test,9527,Normal,1,0.099349,0.38338,KNOWN
UNSW-NB15,test,9528,Normal,1,0.258193,0.38338,KNOWN
UNSW-NB15,test,9529,Fuzzers,1,0.327191,0.38338,KNOWN
UNSW-NB15,test,9530,Normal,1,0.032282,0.38338,KNOWN
UNSW-NB15,test,9531,Normal,1,0.101738,0.38338,KNOWN
UNSW-NB15,test,9532,Reconnaissance,1,0.4042,0.38338,ZERO_DAY
UNSW-NB15,test,9533,Exploits,1,0.314048,0.38338,KNOWN
UNSW-NB15,test,9534,Normal,1,0.073644,0.38338,KNOWN
UNSW-NB15,test,9535,Normal,1,0.119159,0.38338,KNOWN
UNSW-NB15,test,9536,Normal,1,0.118738,0.38338,KNOWN
UNSW-NB15,test,9537,Normal,1,0.05736,0.38338,KNOWN
UNSW-NB15,test,9538,Normal,1,0.320427,0.38338,KNOWN
UNSW-NB15,test,9539,Normal,1,0.411721,0.38338,ZERO_DAY
UNSW-NB15,test,9540,Fuzzers,1,0.289535,0.38338,KNOWN
UNSW-NB15,test,9541,Normal,1,0.130195,0.38338,KNOWN
UNSW-NB15,test,9542,Exploits,1,0.37687,0.38338,KNOWN
UNSW-NB15,test,9543,Normal,1,0.244053,0.38338,KNOWN
UNSW-NB15,test,9544,Exploits,1,0.086993,0.38338,KNOWN
UNSW-NB15,test,9545,Normal,1,0.150842,0.38338,KNOWN
UNSW-NB15,test,9546,Normal,1,0.02497,0.38338,KNOWN
UNSW-NB15,test,9547,Normal,1,0.099639,0.38338,KNOWN
UNSW-NB15,test,9548,Normal,1,0.285107,0.38338,KNOWN
UNSW-NB15,test,9549,Normal,1,0.186965,0.38338,KNOWN
UNSW-NB15,test,9550,Normal,1,0.073271,0.38338,KNOWN
UNSW-NB15,test,9551,Normal,1,0.38189,0.38338,KNOWN
UNSW-NB15,test,9552,Normal,1,0.350205,0.38338,KNOWN
UNSW-NB15,test,9553,Normal,1,0.230413,0.38338,KNOWN
UNSW-NB15,test,9554,Normal,1,0.202712,0.38338,KNOWN
UNSW-NB15,test,9555,Normal,1,0.232509,0.38338,KNOWN
UNSW-NB15,test,9556,Normal,1,0.028659,0.38338,KNOWN
UNSW-NB15,test,9557,Normal,1,0.267109,0.38338,KNOWN
UNSW-NB15,test,9558,Exploits,1,0.479916,0.38338,ZERO_DAY
UNSW-NB15,test,9559,Exploits,1,0.382945,0.38338,KNOWN
UNSW-NB15,test,9560,Normal,1,0.121939,0.38338,KNOWN
UNSW-NB15,test,9561,Normal,1,0.252745,0.38338,KNOWN
UNSW-NB15,test,9562,Normal,1,0.053897,0.38338,KNOWN
UNSW-NB15,test,9563,Normal,1,0.073658,0.38338,KNOWN
UNSW-NB15,test,9564,Normal,1,0.016023,0.38338,KNOWN
UNSW-NB15,test,9565,Normal,1,0.052547,0.38338,KNOWN
UNSW-NB15,test,9566,Normal,1,0.271014,0.38338,KNOWN
UNSW-NB15,test,9567,Exploits,1,0.240676,0.38338,KNOWN
UNSW-NB15,test,9568,Fuzzers,1,0.108845,0.38338,KNOWN
UNSW-NB15,test,9569,Fuzzers,1,0.268843,0.38338,KNOWN
UNSW-NB15,test,9570,Normal,1,0.42281,0.38338,ZERO_DAY
UNSW-NB15,test,9571,Reconnaissance,1,0.0196,0.38338,KNOWN
UNSW-NB15,test,9572,Fuzzers,1,0.029035,0.38338,KNOWN
UNSW-NB15,test,9573,Exploits,1,0.15919,0.38338,KNOWN
UNSW-NB15,test,9574,Normal,1,0.202936,0.38338,KNOWN
UNSW-NB15,test,9575,Normal,1,0.05865,0.38338,KNOWN
UNSW-NB15,test,9576,Normal,1,0.058165,0.38338,KNOWN
UNSW-NB15,test,9577,Normal,1,0.225461,0.38338,KNOWN
UNSW-NB15,test,9578,DoS,1,0.099249,0.38338,KNOWN
UNSW-NB15,test,9579,Normal,1,0.238635,0.38338,KNOWN
UNSW-NB15,test,9580,Exploits,1,0.079124,0.38338,KNOWN
UNSW-NB15,test,9581,Normal,1,0.168438,0.38338,KNOWN
UNSW-NB15,test,9582,Fuzzers,1,0.130227,0.38338,KNOWN
UNSW-NB15,test,9583,Fuzzers,1,0.090126,0.38338,KNOWN
UNSW-NB15,test,9584,Exploits,1,0.262601,0.38338,KNOWN
UNSW-NB15,test,9585,Normal,1,0.04908,0.38338,KNOWN
UNSW-NB15,test,9586,Analysis,1,0.229799,0.38338,KNOWN
UNSW-NB15,test,9587,Fuzzers,1,0.220949,0.38338,KNOWN
UNSW-NB15,test,9588,Normal,1,0.106958,0.38338,KNOWN
UNSW-NB15,test,9589,Reconnaissance,1,0.233746,0.38338,KNOWN
UNSW-NB15,test,9590,Fuzzers,1,0.014661,0.38338,KNOWN
UNSW-NB15,test,9591,Fuzzers,1,0.023815,0.38338,KNOWN
UNSW-NB15,test,9592,Normal,1,0.089902,0.38338,KNOWN
UNSW-NB15,test,9593,Fuzzers,1,0.089246,0.38338,KNOWN
UNSW-NB15,test,9594,Normal,1,0.174738,0.38338,KNOWN
UNSW-NB15,test,9595,Normal,1,0.069056,0.38338,KNOWN
UNSW-NB15,test,9596,Normal,1,0.479838,0.38338,ZERO_DAY
UNSW-NB15,test,9597,Exploits,1,0.034042,0.38338,KNOWN
UNSW-NB15,test,9598,Exploits,1,0.123027,0.38338,KNOWN
UNSW-NB15,test,9599,Exploits,1,0.21427,0.38338,KNOWN
UNSW-NB15,test,9600,Normal,1,0.415936,0.38338,ZERO_DAY
UNSW-NB15,test,9601,Normal,1,0.035093,0.38338,KNOWN
UNSW-NB15,test,9602,Exploits,1,0.242174,0.38338,KNOWN
UNSW-NB15,test,9603,Exploits,1,0.159399,0.38338,KNOWN
UNSW-NB15,test,9604,Exploits,1,0.160064,0.38338,KNOWN
UNSW-NB15,test,9605,DoS,1,0.240956,0.38338,KNOWN
UNSW-NB15,test,9606,Normal,1,0.087937,0.38338,KNOWN
UNSW-NB15,test,9607,Normal,1,0.03879,0.38338,KNOWN
UNSW-NB15,test,9608,Normal,1,0.243253,0.38338,KNOWN
UNSW-NB15,test,9609,Exploits,1,0.199666,0.38338,KNOWN
UNSW-NB15,test,9610,Normal,1,0.132785,0.38338,KNOWN
UNSW-NB15,test,9611,Normal,1,0.027302,0.38338,KNOWN
UNSW-NB15,test,9612,Exploits,1,0.311659,0.38338,KNOWN
UNSW-NB15,test,9613,Normal,1,0.176084,0.38338,KNOWN
UNSW-NB15,test,9614,Normal,1,0.43848,0.38338,ZERO_DAY
UNSW-NB15,test,9615,Normal,1,0.116396,0.38338,KNOWN
UNSW-NB15,test,9616,Normal,1,0.167029,0.38338,KNOWN
UNSW-NB15,test,9617,Normal,1,0.161385,0.38338,KNOWN
UNSW-NB15,test,9618,Reconnaissance,1,0.273216,0.38338,KNOWN
UNSW-NB15,test,9619,Normal,1,0.225205,0.38338,KNOWN
UNSW-NB15,test,9620,Normal,1,0.189186,0.38338,KNOWN
UNSW-NB15,test,9621,Normal,1,0.21547,0.38338,KNOWN
UNSW-NB15,test,9622,Normal,1,0.271835,0.38338,KNOWN
UNSW-NB15,test,9623,Reconnaissance,1,0.114858,0.38338,KNOWN
UNSW-NB15,test,9624,Exploits,1,0.180812,0.38338,KNOWN
UNSW-NB15,test,9625,Normal,1,0.103174,0.38338,KNOWN
UNSW-NB15,test,9626,Reconnaissance,1,0.061844,0.38338,KNOWN
UNSW-NB15,test,9627,Normal,1,0.259909,0.38338,KNOWN
UNSW-NB15,test,9628,Normal,1,0.054563,0.38338,KNOWN
UNSW-NB15,test,9629,Exploits,1,0.136036,0.38338,KNOWN
UNSW-NB15,test,9630,Exploits,1,0.041601,0.38338,KNOWN
UNSW-NB15,test,9631,Normal,1,0.104174,0.38338,KNOWN
UNSW-NB15,test,9632,DoS,1,0.088008,0.38338,KNOWN
UNSW-NB15,test,9633,Normal,1,0.207501,0.38338,KNOWN
UNSW-NB15,test,9634,Normal,1,0.039782,0.38338,KNOWN
UNSW-NB15,test,9635,Fuzzers,1,0.183191,0.38338,KNOWN
UNSW-NB15,test,9636,Exploits,1,0.176614,0.38338,KNOWN
UNSW-NB15,test,9637,Exploits,1,0.523637,0.38338,ZERO_DAY
UNSW-NB15,test,9638,Normal,1,0.294529,0.38338,KNOWN
UNSW-NB15,test,9639,Exploits,1,0.161687,0.38338,KNOWN
UNSW-NB15,test,9640,Normal,1,0.01194,0.38338,KNOWN
UNSW-NB15,test,9641,Normal,1,0.080799,0.38338,KNOWN
UNSW-NB15,test,9642,Normal,1,0.13235,0.38338,KNOWN
UNSW-NB15,test,9643,Normal,1,0.090841,0.38338,KNOWN
UNSW-NB15,test,9644,Exploits,1,0.281721,0.38338,KNOWN
UNSW-NB15,test,9645,Normal,1,0.406734,0.38338,ZERO_DAY
UNSW-NB15,test,9646,Normal,1,0.167988,0.38338,KNOWN
UNSW-NB15,test,9647,Exploits,1,0.065242,0.38338,KNOWN
UNSW-NB15,test,9648,Exploits,1,0.21668,0.38338,KNOWN
UNSW-NB15,test,9649,Normal,1,0.133439,0.38338,KNOWN
UNSW-NB15,test,9650,Normal,1,0.244145,0.38338,KNOWN
UNSW-NB15,test,9651,Exploits,1,0.124856,0.38338,KNOWN
UNSW-NB15,test,9652,Normal,1,0.006146,0.38338,KNOWN
UNSW-NB15,test,9653,Exploits,1,0.323846,0.38338,KNOWN
UNSW-NB15,test,9654,Normal,1,0.17061,0.38338,KNOWN
UNSW-NB15,test,9655,Reconnaissance,1,0.302665,0.38338,KNOWN
UNSW-NB15,test,9656,Normal,1,0.19994,0.38338,KNOWN
UNSW-NB15,test,9657,Normal,1,0.163056,0.38338,KNOWN
UNSW-NB15,test,9658,Normal,1,0.243288,0.38338,KNOWN
UNSW-NB15,test,9659,Exploits,1,0.177406,0.38338,KNOWN
UNSW-NB15,test,9660,Exploits,1,0.29547,0.38338,KNOWN
UNSW-NB15,test,9661,Normal,1,0.195176,0.38338,KNOWN
UNSW-NB15,test,9662,Normal,1,0.193216,0.38338,KNOWN
UNSW-NB15,test,9663,Exploits,1,0.073514,0.38338,KNOWN
UNSW-NB15,test,9664,Normal,1,0.112959,0.38338,KNOWN
UNSW-NB15,test,9665,Normal,1,0.274169,0.38338,KNOWN
UNSW-NB15,test,9666,Exploits,1,0.148019,0.38338,KNOWN
UNSW-NB15,test,9667,Normal,1,0.493242,0.38338,ZERO_DAY
UNSW-NB15,test,9668,Normal,1,0.11166,0.38338,KNOWN
UNSW-NB15,test,9669,Normal,1,0.197543,0.38338,KNOWN
UNSW-NB15,test,9670,Fuzzers,1,0.132461,0.38338,KNOWN
UNSW-NB15,test,9671,Exploits,1,0.144075,0.38338,KNOWN
UNSW-NB15,test,9672,Fuzzers,1,0.293624,0.38338,KNOWN
UNSW-NB15,test,9673,Normal,1,0.106492,0.38338,KNOWN
UNSW-NB15,test,9674,Normal,1,0.185948,0.38338,KNOWN
UNSW-NB15,test,9675,Normal,1,0.254557,0.38338,KNOWN
UNSW-NB15,test,9676,Reconnaissance,1,0.304034,0.38338,KNOWN
UNSW-NB15,test,9677,Normal,1,0.054604,0.38338,KNOWN
UNSW-NB15,test,9678,Normal,1,0.170394,0.38338,KNOWN
UNSW-NB15,test,9679,Exploits,1,0.123578,0.38338,KNOWN
UNSW-NB15,test,9680,Normal,1,0.07818,0.38338,KNOWN
UNSW-NB15,test,9681,Normal,1,0.134562,0.38338,KNOWN
UNSW-NB15,test,9682,Normal,1,0.149965,0.38338,KNOWN
UNSW-NB15,test,9683,Exploits,1,0.259393,0.38338,KNOWN
UNSW-NB15,test,9684,Normal,1,0.222347,0.38338,KNOWN
UNSW-NB15,test,9685,Normal,1,0.251071,0.38338,KNOWN
UNSW-NB15,test,9686,Exploits,1,0.291238,0.38338,KNOWN
UNSW-NB15,test,9687,Exploits,1,0.433565,0.38338,ZERO_DAY
UNSW-NB15,test,9688,Exploits,1,0.426326,0.38338,ZERO_DAY
UNSW-NB15,test,9689,Normal,1,0.162833,0.38338,KNOWN
UNSW-NB15,test,9690,Normal,1,0.188655,0.38338,KNOWN
UNSW-NB15,test,9691,Normal,1,0.209957,0.38338,KNOWN
UNSW-NB15,test,9692,Normal,1,0.176267,0.38338,KNOWN
UNSW-NB15,test,9693,Fuzzers,1,0.441557,0.38338,ZERO_DAY
UNSW-NB15,test,9694,Normal,1,0.24491,0.38338,KNOWN
UNSW-NB15,test,9695,Reconnaissance,1,0.043573,0.38338,KNOWN
UNSW-NB15,test,9696,Normal,1,0.181725,0.38338,KNOWN
UNSW-NB15,test,9697,Reconnaissance,1,0.092281,0.38338,KNOWN
UNSW-NB15,test,9698,Fuzzers,1,0.159743,0.38338,KNOWN
UNSW-NB15,test,9699,Fuzzers,1,0.053199,0.38338,KNOWN
UNSW-NB15,test,9700,Normal,1,0.367867,0.38338,KNOWN
UNSW-NB15,test,9701,Normal,1,0.165436,0.38338,KNOWN
UNSW-NB15,test,9702,Normal,1,0.272932,0.38338,KNOWN
UNSW-NB15,test,9703,Normal,1,0.337621,0.38338,KNOWN
UNSW-NB15,test,9704,Fuzzers,1,0.099147,0.38338,KNOWN
UNSW-NB15,test,9705,Normal,1,0.025839,0.38338,KNOWN
UNSW-NB15,test,9706,Reconnaissance,1,0.164951,0.38338,KNOWN
UNSW-NB15,test,9707,Normal,1,0.155157,0.38338,KNOWN
UNSW-NB15,test,9708,Normal,1,0.163157,0.38338,KNOWN
UNSW-NB15,test,9709,Normal,1,0.309823,0.38338,KNOWN
UNSW-NB15,test,9710,Normal,1,0.038881,0.38338,KNOWN
UNSW-NB15,test,9711,Normal,1,0.299329,0.38338,KNOWN
UNSW-NB15,test,9712,Normal,1,0.104912,0.38338,KNOWN
UNSW-NB15,test,9713,Normal,1,0.147458,0.38338,KNOWN
UNSW-NB15,test,9714,Normal,1,0.286436,0.38338,KNOWN
UNSW-NB15,test,9715,Normal,1,0.074159,0.38338,KNOWN
UNSW-NB15,test,9716,Normal,1,0.26834,0.38338,KNOWN
UNSW-NB15,test,9717,Exploits,1,0.163937,0.38338,KNOWN
UNSW-NB15,test,9718,Normal,1,0.047177,0.38338,KNOWN
UNSW-NB15,test,9719,DoS,1,0.138969,0.38338,KNOWN
UNSW-NB15,test,9720,Normal,1,0.26641,0.38338,KNOWN
UNSW-NB15,test,9721,Normal,1,0.208517,0.38338,KNOWN
UNSW-NB15,test,9722,Normal,1,0.050057,0.38338,KNOWN
UNSW-NB15,test,9723,Normal,1,0.105607,0.38338,KNOWN
UNSW-NB15,test,9724,Normal,1,0.243143,0.38338,KNOWN
UNSW-NB15,test,9725,Normal,1,0.31176,0.38338,KNOWN
UNSW-NB15,test,9726,Reconnaissance,1,0.132809,0.38338,KNOWN
UNSW-NB15,test,9727,Normal,1,0.17151,0.38338,KNOWN
UNSW-NB15,test,9728,Normal,1,0.113634,0.38338,KNOWN
UNSW-NB15,test,9729,Exploits,1,0.179266,0.38338,KNOWN
UNSW-NB15,test,9730,Reconnaissance,1,0.064954,0.38338,KNOWN
UNSW-NB15,test,9731,Normal,1,0.111241,0.38338,KNOWN
UNSW-NB15,test,9732,Fuzzers,1,0.095676,0.38338,KNOWN
UNSW-NB15,test,9733,Normal,1,0.078589,0.38338,KNOWN
UNSW-NB15,test,9734,DoS,1,0.198253,0.38338,KNOWN
UNSW-NB15,test,9735,Normal,1,0.344792,0.38338,KNOWN
UNSW-NB15,test,9736,Exploits,1,0.095299,0.38338,KNOWN
UNSW-NB15,test,9737,Exploits,1,0.255426,0.38338,KNOWN
UNSW-NB15,test,9738,Normal,1,0.246695,0.38338,KNOWN
UNSW-NB15,test,9739,Normal,1,0.109572,0.38338,KNOWN
UNSW-NB15,test,9740,Normal,1,0.00503,0.38338,KNOWN
UNSW-NB15,test,9741,DoS,1,0.17607,0.38338,KNOWN
UNSW-NB15,test,9742,Normal,1,0.333593,0.38338,KNOWN
UNSW-NB15,test,9743,Normal,1,0.308806,0.38338,KNOWN
UNSW-NB15,test,9744,Reconnaissance,1,0.15413,0.38338,KNOWN
UNSW-NB15,test,9745,Fuzzers,1,0.171606,0.38338,KNOWN
UNSW-NB15,test,9746,Normal,1,0.168918,0.38338,KNOWN
UNSW-NB15,test,9747,Normal,1,0.12561,0.38338,KNOWN
UNSW-NB15,test,9748,DoS,1,0.316622,0.38338,KNOWN
UNSW-NB15,test,9749,Fuzzers,1,0.064594,0.38338,KNOWN
UNSW-NB15,test,9750,Reconnaissance,1,0.118847,0.38338,KNOWN
UNSW-NB15,test,9751,Normal,1,0.026711,0.38338,KNOWN
UNSW-NB15,test,9752,Reconnaissance,1,0.032032,0.38338,KNOWN
UNSW-NB15,test,9753,Normal,1,0.068851,0.38338,KNOWN
UNSW-NB15,test,9754,DoS,1,0.061974,0.38338,KNOWN
UNSW-NB15,test,9755,Fuzzers,1,0.108863,0.38338,KNOWN
UNSW-NB15,test,9756,Normal,1,0.233134,0.38338,KNOWN
UNSW-NB15,test,9757,Normal,1,0.044451,0.38338,KNOWN
UNSW-NB15,test,9758,Normal,1,0.331664,0.38338,KNOWN
UNSW-NB15,test,9759,Fuzzers,1,0.262204,0.38338,KNOWN
UNSW-NB15,test,9760,Exploits,1,0.096445,0.38338,KNOWN
UNSW-NB15,test,9761,Exploits,1,0.075851,0.38338,KNOWN
UNSW-NB15,test,9762,Exploits,1,0.078806,0.38338,KNOWN
UNSW-NB15,test,9763,Normal,1,0.226037,0.38338,KNOWN
UNSW-NB15,test,9764,Normal,1,0.24401,0.38338,KNOWN
UNSW-NB15,test,9765,Fuzzers,1,0.284638,0.38338,KNOWN
UNSW-NB15,test,9766,Reconnaissance,1,0.077015,0.38338,KNOWN
UNSW-NB15,test,9767,Normal,1,0.31031,0.38338,KNOWN
UNSW-NB15,test,9768,Normal,1,0.154198,0.38338,KNOWN
UNSW-NB15,test,9769,Normal,1,0.043296,0.38338,KNOWN
UNSW-NB15,test,9770,Fuzzers,1,0.363289,0.38338,KNOWN
UNSW-NB15,test,9771,Exploits,1,0.132895,0.38338,KNOWN
UNSW-NB15,test,9772,Exploits,1,0.326588,0.38338,KNOWN
UNSW-NB15,test,9773,Normal,1,0.129862,0.38338,KNOWN
UNSW-NB15,test,9774,Normal,1,0.209344,0.38338,KNOWN
UNSW-NB15,test,9775,Normal,1,0.210215,0.38338,KNOWN
UNSW-NB15,test,9776,Normal,1,0.102899,0.38338,KNOWN
UNSW-NB15,test,9777,Exploits,1,0.228016,0.38338,KNOWN
UNSW-NB15,test,9778,Fuzzers,1,0.110321,0.38338,KNOWN
UNSW-NB15,test,9779,Normal,1,0.070758,0.38338,KNOWN
UNSW-NB15,test,9780,Normal,1,0.121277,0.38338,KNOWN
UNSW-NB15,test,9781,Backdoor,1,0.144729,0.38338,KNOWN
UNSW-NB15,test,9782,Exploits,1,0.156068,0.38338,KNOWN
UNSW-NB15,test,9783,Normal,1,0.261767,0.38338,KNOWN
UNSW-NB15,test,9784,Normal,1,0.116475,0.38338,KNOWN
UNSW-NB15,test,9785,Exploits,1,0.128272,0.38338,KNOWN
UNSW-NB15,test,9786,Fuzzers,1,0.16917,0.38338,KNOWN
UNSW-NB15,test,9787,Exploits,1,0.298869,0.38338,KNOWN
UNSW-NB15,test,9788,Normal,1,0.220586,0.38338,KNOWN
UNSW-NB15,test,9789,Reconnaissance,1,0.192076,0.38338,KNOWN
UNSW-NB15,test,9790,Normal,1,0.078965,0.38338,KNOWN
UNSW-NB15,test,9791,Normal,1,0.141746,0.38338,KNOWN
UNSW-NB15,test,9792,Normal,1,0.200722,0.38338,KNOWN
UNSW-NB15,test,9793,Normal,1,0.098559,0.38338,KNOWN
UNSW-NB15,test,9794,Normal,1,0.048583,0.38338,KNOWN
UNSW-NB15,test,9795,Normal,1,0.333775,0.38338,KNOWN
UNSW-NB15,test,9796,Exploits,1,0.128514,0.38338,KNOWN
UNSW-NB15,test,9797,Normal,1,0.162286,0.38338,KNOWN
UNSW-NB15,test,9798,Normal,1,0.121444,0.38338,KNOWN
UNSW-NB15,test,9799,Normal,1,0.329085,0.38338,KNOWN
UNSW-NB15,test,9800,Normal,1,0.190841,0.38338,KNOWN
UNSW-NB15,test,9801,Normal,1,0.079007,0.38338,KNOWN
UNSW-NB15,test,9802,Reconnaissance,1,0.182894,0.38338,KNOWN
UNSW-NB15,test,9803,Fuzzers,1,0.208355,0.38338,KNOWN
UNSW-NB15,test,9804,Normal,1,0.16489,0.38338,KNOWN
UNSW-NB15,test,9805,Normal,1,0.208084,0.38338,KNOWN
UNSW-NB15,test,9806,Normal,1,0.159036,0.38338,KNOWN
UNSW-NB15,test,9807,Reconnaissance,1,0.319221,0.38338,KNOWN
UNSW-NB15,test,9808,Normal,1,0.188716,0.38338,KNOWN
UNSW-NB15,test,9809,DoS,1,0.086249,0.38338,KNOWN
UNSW-NB15,test,9810,Fuzzers,1,0.020755,0.38338,KNOWN
UNSW-NB15,test,9811,Exploits,1,0.151659,0.38338,KNOWN
UNSW-NB15,test,9812,Normal,1,0.118987,0.38338,KNOWN
UNSW-NB15,test,9813,Fuzzers,1,0.228568,0.38338,KNOWN
UNSW-NB15,test,9814,Fuzzers,1,0.263078,0.38338,KNOWN
UNSW-NB15,test,9815,Exploits,1,0.128792,0.38338,KNOWN
UNSW-NB15,test,9816,Normal,1,0.042265,0.38338,KNOWN
UNSW-NB15,test,9817,Normal,1,0.174653,0.38338,KNOWN
UNSW-NB15,test,9818,Normal,1,0.424493,0.38338,ZERO_DAY
UNSW-NB15,test,9819,Fuzzers,1,0.228731,0.38338,KNOWN
UNSW-NB15,test,9820,Normal,1,0.046876,0.38338,KNOWN
UNSW-NB15,test,9821,Normal,1,0.020514,0.38338,KNOWN
UNSW-NB15,test,9822,Normal,1,0.148337,0.38338,KNOWN
UNSW-NB15,test,9823,Reconnaissance,1,0.245065,0.38338,KNOWN
UNSW-NB15,test,9824,Normal,1,0.232912,0.38338,KNOWN
UNSW-NB15,test,9825,Normal,1,0.131477,0.38338,KNOWN
UNSW-NB15,test,9826,Normal,1,0.040725,0.38338,KNOWN
UNSW-NB15,test,9827,Normal,1,0.376886,0.38338,KNOWN
UNSW-NB15,test,9828,Normal,1,0.190372,0.38338,KNOWN
UNSW-NB15,test,9829,Normal,1,0.316222,0.38338,KNOWN
UNSW-NB15,test,9830,Normal,1,0.136845,0.38338,KNOWN
UNSW-NB15,test,9831,Normal,1,0.333422,0.38338,KNOWN
UNSW-NB15,test,9832,Normal,1,0.189687,0.38338,KNOWN
UNSW-NB15,test,9833,Normal,1,0.296263,0.38338,KNOWN
UNSW-NB15,test,9834,Fuzzers,1,0.309268,0.38338,KNOWN
UNSW-NB15,test,9835,Normal,1,0.12187,0.38338,KNOWN
UNSW-NB15,test,9836,Normal,1,0.030709,0.38338,KNOWN
UNSW-NB15,test,9837,DoS,1,0.203683,0.38338,KNOWN
UNSW-NB15,test,9838,Exploits,1,0.116054,0.38338,KNOWN
UNSW-NB15,test,9839,Normal,1,0.511967,0.38338,ZERO_DAY
UNSW-NB15,test,9840,Normal,1,0.080852,0.38338,KNOWN
UNSW-NB15,test,9841,Normal,1,0.316549,0.38338,KNOWN
UNSW-NB15,test,9842,DoS,1,0.19832,0.38338,KNOWN
UNSW-NB15,test,9843,DoS,1,0.160377,0.38338,KNOWN
UNSW-NB15,test,9844,Normal,1,0.062358,0.38338,KNOWN
UNSW-NB15,test,9845,Fuzzers,1,0.280324,0.38338,KNOWN
UNSW-NB15,test,9846,Normal,1,0.158311,0.38338,KNOWN
UNSW-NB15,test,9847,Normal,1,0.326142,0.38338,KNOWN
UNSW-NB15,test,9848,Generic,1,0.184205,0.38338,KNOWN
UNSW-NB15,test,9849,Normal,1,0.015422,0.38338,KNOWN
UNSW-NB15,test,9850,Exploits,1,0.112427,0.38338,KNOWN
UNSW-NB15,test,9851,Reconnaissance,1,0.038993,0.38338,KNOWN
UNSW-NB15,test,9852,Exploits,1,0.173678,0.38338,KNOWN
UNSW-NB15,test,9853,Normal,1,0.228824,0.38338,KNOWN
UNSW-NB15,test,9854,Normal,1,0.031063,0.38338,KNOWN
UNSW-NB15,test,9855,Normal,1,0.092241,0.38338,KNOWN
UNSW-NB15,test,9856,Normal,1,0.371272,0.38338,KNOWN
UNSW-NB15,test,9857,Normal,1,0.073673,0.38338,KNOWN
UNSW-NB15,test,9858,Exploits,1,0.202883,0.38338,KNOWN
UNSW-NB15,test,9859,Fuzzers,1,0.236381,0.38338,KNOWN
UNSW-NB15,test,9860,DoS,1,0.328998,0.38338,KNOWN
UNSW-NB15,test,9861,Reconnaissance,1,0.144099,0.38338,KNOWN
UNSW-NB15,test,9862,Normal,1,0.373805,0.38338,KNOWN
UNSW-NB15,test,9863,DoS,1,0.1236,0.38338,KNOWN
UNSW-NB15,test,9864,Normal,1,0.228044,0.38338,KNOWN
UNSW-NB15,test,9865,Normal,1,0.178101,0.38338,KNOWN
UNSW-NB15,test,9866,Normal,1,0.148646,0.38338,KNOWN
UNSW-NB15,test,9867,Normal,1,0.084313,0.38338,KNOWN
UNSW-NB15,test,9868,Reconnaissance,1,0.250127,0.38338,KNOWN
UNSW-NB15,test,9869,Normal,1,0.354108,0.38338,KNOWN
UNSW-NB15,test,9870,Normal,1,0.277036,0.38338,KNOWN
UNSW-NB15,test,9871,Normal,1,0.209403,0.38338,KNOWN
UNSW-NB15,test,9872,Fuzzers,1,0.069343,0.38338,KNOWN
UNSW-NB15,test,9873,Exploits,1,0.086285,0.38338,KNOWN
UNSW-NB15,test,9874,Normal,1,0.210993,0.38338,KNOWN
UNSW-NB15,test,9875,Reconnaissance,1,0.194884,0.38338,KNOWN
UNSW-NB15,test,9876,Normal,1,0.12372,0.38338,KNOWN
UNSW-NB15,test,9877,Normal,1,0.089544,0.38338,KNOWN
UNSW-NB15,test,9878,Normal,1,0.144459,0.38338,KNOWN
UNSW-NB15,test,9879,Exploits,1,0.334649,0.38338,KNOWN
UNSW-NB15,test,9880,Analysis,1,0.181587,0.38338,KNOWN
UNSW-NB15,test,9881,Normal,1,0.281975,0.38338,KNOWN
UNSW-NB15,test,9882,Fuzzers,1,0.137835,0.38338,KNOWN
UNSW-NB15,test,9883,Exploits,1,0.097209,0.38338,KNOWN
UNSW-NB15,test,9884,Reconnaissance,1,0.240418,0.38338,KNOWN
UNSW-NB15,test,9885,Exploits,1,0.345419,0.38338,KNOWN
UNSW-NB15,test,9886,Normal,1,0.237273,0.38338,KNOWN
UNSW-NB15,test,9887,Normal,1,0.350125,0.38338,KNOWN
UNSW-NB15,test,9888,Normal,1,0.023065,0.38338,KNOWN
UNSW-NB15,test,9889,Normal,1,0.094306,0.38338,KNOWN
UNSW-NB15,test,9890,Normal,1,0.253462,0.38338,KNOWN
UNSW-NB15,test,9891,Fuzzers,1,0.053331,0.38338,KNOWN
UNSW-NB15,test,9892,Normal,1,0.138067,0.38338,KNOWN
UNSW-NB15,test,9893,Normal,1,0.2867,0.38338,KNOWN
UNSW-NB15,test,9894,Exploits,1,0.399908,0.38338,ZERO_DAY
UNSW-NB15,test,9895,Exploits,1,0.235521,0.38338,KNOWN
UNSW-NB15,test,9896,Normal,1,0.101498,0.38338,KNOWN
UNSW-NB15,test,9897,Exploits,1,0.200352,0.38338,KNOWN
UNSW-NB15,test,9898,Fuzzers,1,0.306722,0.38338,KNOWN
UNSW-NB15,test,9899,Exploits,1,0.093234,0.38338,KNOWN
UNSW-NB15,test,9900,Normal,1,0.206439,0.38338,KNOWN
UNSW-NB15,test,9901,Normal,1,0.072257,0.38338,KNOWN
UNSW-NB15,test,9902,Normal,1,0.148041,0.38338,KNOWN
UNSW-NB15,test,9903,Exploits,1,0.206289,0.38338,KNOWN
UNSW-NB15,test,9904,Normal,1,0.299082,0.38338,KNOWN
UNSW-NB15,test,9905,Fuzzers,1,0.408624,0.38338,ZERO_DAY
UNSW-NB15,test,9906,Normal,1,0.188652,0.38338,KNOWN
UNSW-NB15,test,9907,Normal,1,0.152402,0.38338,KNOWN
UNSW-NB15,test,9908,Normal,1,0.385685,0.38338,ZERO_DAY
UNSW-NB15,test,9909,Normal,1,0.14659,0.38338,KNOWN
UNSW-NB15,test,9910,Exploits,1,0.289875,0.38338,KNOWN
UNSW-NB15,test,9911,Normal,1,0.195913,0.38338,KNOWN
UNSW-NB15,test,9912,Exploits,1,0.016346,0.38338,KNOWN
UNSW-NB15,test,9913,Normal,1,0.185656,0.38338,KNOWN
UNSW-NB15,test,9914,Reconnaissance,1,0.094656,0.38338,KNOWN
UNSW-NB15,test,9915,Normal,1,0.031499,0.38338,KNOWN
UNSW-NB15,test,9916,Fuzzers,1,0.108504,0.38338,KNOWN
UNSW-NB15,test,9917,Fuzzers,1,0.134693,0.38338,KNOWN
UNSW-NB15,test,9918,Fuzzers,1,0.124939,0.38338,KNOWN
UNSW-NB15,test,9919,Exploits,1,0.112287,0.38338,KNOWN
UNSW-NB15,test,9920,Fuzzers,1,0.026941,0.38338,KNOWN
UNSW-NB15,test,9921,Reconnaissance,1,0.2122,0.38338,KNOWN
UNSW-NB15,test,9922,Normal,1,0.466113,0.38338,ZERO_DAY
UNSW-NB15,test,9923,Exploits,1,0.199366,0.38338,KNOWN
UNSW-NB15,test,9924,Normal,1,0.364036,0.38338,KNOWN
UNSW-NB15,test,9925,Normal,1,0.405982,0.38338,ZERO_DAY
UNSW-NB15,test,9926,Normal,1,0.243929,0.38338,KNOWN
UNSW-NB15,test,9927,Generic,1,0.063872,0.38338,KNOWN
UNSW-NB15,test,9928,Normal,1,0.150615,0.38338,KNOWN
UNSW-NB15,test,9929,Fuzzers,1,0.137466,0.38338,KNOWN
UNSW-NB15,test,9930,Normal,1,0.124668,0.38338,KNOWN
UNSW-NB15,test,9931,Normal,1,0.144289,0.38338,KNOWN
UNSW-NB15,test,9932,Generic,1,0.261349,0.38338,KNOWN
UNSW-NB15,test,9933,Normal,1,0.336339,0.38338,KNOWN
UNSW-NB15,test,9934,Fuzzers,1,0.198113,0.38338,KNOWN
UNSW-NB15,test,9935,Normal,1,0.024661,0.38338,KNOWN
UNSW-NB15,test,9936,Normal,1,0.059201,0.38338,KNOWN
UNSW-NB15,test,9937,DoS,1,0.229896,0.38338,KNOWN
UNSW-NB15,test,9938,Normal,1,0.215301,0.38338,KNOWN
UNSW-NB15,test,9939,Exploits,1,0.098302,0.38338,KNOWN
UNSW-NB15,test,9940,Fuzzers,1,0.131843,0.38338,KNOWN
UNSW-NB15,test,9941,Normal,1,0.176116,0.38338,KNOWN
UNSW-NB15,test,9942,Fuzzers,1,0.19093,0.38338,KNOWN
UNSW-NB15,test,9943,Normal,1,0.282816,0.38338,KNOWN
UNSW-NB15,test,9944,Normal,1,0.061531,0.38338,KNOWN
UNSW-NB15,test,9945,Normal,1,0.109733,0.38338,KNOWN
UNSW-NB15,test,9946,Normal,1,0.089968,0.38338,KNOWN
UNSW-NB15,test,9947,Normal,1,0.200869,0.38338,KNOWN
UNSW-NB15,test,9948,Fuzzers,1,0.112099,0.38338,KNOWN
UNSW-NB15,test,9949,Normal,1,0.343034,0.38338,KNOWN
UNSW-NB15,test,9950,Reconnaissance,1,0.107459,0.38338,KNOWN
UNSW-NB15,test,9951,Normal,1,0.074916,0.38338,KNOWN
UNSW-NB15,test,9952,Normal,1,0.345614,0.38338,KNOWN
UNSW-NB15,test,9953,Normal,1,0.051872,0.38338,KNOWN
UNSW-NB15,test,9954,Normal,1,0.043967,0.38338,KNOWN
UNSW-NB15,test,9955,Exploits,1,0.111437,0.38338,KNOWN
UNSW-NB15,test,9956,Normal,1,0.222857,0.38338,KNOWN
UNSW-NB15,test,9957,Normal,1,0.190391,0.38338,KNOWN
UNSW-NB15,test,9958,Fuzzers,1,0.235545,0.38338,KNOWN
UNSW-NB15,test,9959,Exploits,1,0.220343,0.38338,KNOWN
UNSW-NB15,test,9960,Normal,1,0.066427,0.38338,KNOWN
UNSW-NB15,test,9961,Normal,1,0.216161,0.38338,KNOWN
UNSW-NB15,test,9962,DoS,1,0.044274,0.38338,KNOWN
UNSW-NB15,test,9963,Fuzzers,1,0.071698,0.38338,KNOWN
UNSW-NB15,test,9964,Normal,1,0.204591,0.38338,KNOWN
UNSW-NB15,test,9965,Normal,1,0.216758,0.38338,KNOWN
UNSW-NB15,test,9966,Normal,1,0.242072,0.38338,KNOWN
UNSW-NB15,test,9967,Normal,1,0.397636,0.38338,ZERO_DAY
UNSW-NB15,test,9968,Fuzzers,1,0.038783,0.38338,KNOWN
UNSW-NB15,test,9969,Normal,1,0.257312,0.38338,KNOWN
UNSW-NB15,test,9970,Normal,1,0.074666,0.38338,KNOWN
UNSW-NB15,test,9971,Exploits,1,0.094835,0.38338,KNOWN
UNSW-NB15,test,9972,Fuzzers,1,0.109327,0.38338,KNOWN
UNSW-NB15,test,9973,Normal,1,0.076459,0.38338,KNOWN
UNSW-NB15,test,9974,Normal,1,0.243933,0.38338,KNOWN
UNSW-NB15,test,9975,Normal,1,0.319443,0.38338,KNOWN
UNSW-NB15,test,9976,Normal,1,0.465496,0.38338,ZERO_DAY
UNSW-NB15,test,9977,Normal,1,0.174094,0.38338,KNOWN
UNSW-NB15,test,9978,Exploits,1,0.100181,0.38338,KNOWN
UNSW-NB15,test,9979,Fuzzers,1,0.229735,0.38338,KNOWN
UNSW-NB15,test,9980,Normal,1,0.040898,0.38338,KNOWN
UNSW-NB15,test,9981,Normal,1,0.206363,0.38338,KNOWN
UNSW-NB15,test,9982,Exploits,1,0.063342,0.38338,KNOWN
UNSW-NB15,test,9983,Normal,1,0.178447,0.38338,KNOWN
UNSW-NB15,test,9984,Exploits,1,0.130961,0.38338,KNOWN
UNSW-NB15,test,9985,Normal,1,0.505479,0.38338,ZERO_DAY
UNSW-NB15,test,9986,Fuzzers,1,0.166351,0.38338,KNOWN
UNSW-NB15,test,9987,Reconnaissance,1,0.318393,0.38338,KNOWN
UNSW-NB15,test,9988,Normal,1,0.109051,0.38338,KNOWN
UNSW-NB15,test,9989,Fuzzers,1,0.381154,0.38338,KNOWN
UNSW-NB15,test,9990,Exploits,1,0.048075,0.38338,KNOWN
UNSW-NB15,test,9991,Normal,1,0.2468,0.38338,KNOWN
UNSW-NB15,test,9992,Normal,1,0.08656,0.38338,KNOWN
UNSW-NB15,test,9993,Normal,1,0.112585,0.38338,KNOWN
UNSW-NB15,test,9994,Normal,1,0.151494,0.38338,KNOWN
UNSW-NB15,test,9995,Normal,1,0.030269,0.38338,KNOWN
UNSW-NB15,test,9996,Normal,1,0.245594,0.38338,KNOWN
UNSW-NB15,test,9997,Normal,1,0.109802,0.38338,KNOWN
UNSW-NB15,test,9998,Reconnaissance,1,0.030863,0.38338,KNOWN
UNSW-NB15,test,9999,Normal,1,0.24243,0.38338,KNOWN
UNSW-NB15,test,10000,Fuzzers,1,0.046679,0.38338,KNOWN
UNSW-NB15,test,10001,Normal,1,0.160922,0.38338,KNOWN
UNSW-NB15,test,10002,Exploits,1,0.157279,0.38338,KNOWN
UNSW-NB15,test,10003,Normal,1,0.259372,0.38338,KNOWN
UNSW-NB15,test,10004,Normal,1,0.393008,0.38338,ZERO_DAY
UNSW-NB15,test,10005,Normal,1,0.034239,0.38338,KNOWN
UNSW-NB15,test,10006,Fuzzers,1,0.107699,0.38338,KNOWN
UNSW-NB15,test,10007,Reconnaissance,1,0.215238,0.38338,KNOWN
UNSW-NB15,test,10008,Normal,1,0.054423,0.38338,KNOWN
UNSW-NB15,test,10009,Normal,1,0.276631,0.38338,KNOWN
UNSW-NB15,test,10010,Reconnaissance,1,0.1627,0.38338,KNOWN
UNSW-NB15,test,10011,Exploits,1,0.252639,0.38338,KNOWN
UNSW-NB15,test,10012,Normal,1,0.391273,0.38338,ZERO_DAY
UNSW-NB15,test,10013,Reconnaissance,1,0.017435,0.38338,KNOWN
UNSW-NB15,test,10014,Normal,1,0.143011,0.38338,KNOWN
UNSW-NB15,test,10015,Fuzzers,1,0.248576,0.38338,KNOWN
UNSW-NB15,test,10016,Normal,1,0.053142,0.38338,KNOWN
UNSW-NB15,test,10017,Normal,1,0.167673,0.38338,KNOWN
UNSW-NB15,test,10018,Fuzzers,1,0.141389,0.38338,KNOWN
UNSW-NB15,test,10019,Normal,1,0.147283,0.38338,KNOWN
UNSW-NB15,test,10020,Normal,1,0.167023,0.38338,KNOWN
UNSW-NB15,test,10021,Normal,1,0.129758,0.38338,KNOWN
UNSW-NB15,test,10022,Normal,1,0.252106,0.38338,KNOWN
UNSW-NB15,test,10023,Normal,1,0.123094,0.38338,KNOWN
UNSW-NB15,test,10024,Normal,1,0.184357,0.38338,KNOWN
UNSW-NB15,test,10025,Fuzzers,1,0.071391,0.38338,KNOWN
UNSW-NB15,test,10026,Exploits,1,0.100735,0.38338,KNOWN
UNSW-NB15,test,10027,Normal,1,0.457126,0.38338,ZERO_DAY
UNSW-NB15,test,10028,Exploits,1,0.145692,0.38338,KNOWN
UNSW-NB15,test,10029,Normal,1,0.165205,0.38338,KNOWN
UNSW-NB15,test,10030,Normal,1,0.300885,0.38338,KNOWN
UNSW-NB15,test,10031,Fuzzers,1,0.192276,0.38338,KNOWN
UNSW-NB15,test,10032,Normal,1,0.188361,0.38338,KNOWN
UNSW-NB15,test,10033,Normal,1,0.072479,0.38338,KNOWN
UNSW-NB15,test,10034,Normal,1,0.081687,0.38338,KNOWN
UNSW-NB15,test,10035,Normal,1,0.25534,0.38338,KNOWN
UNSW-NB15,test,10036,Exploits,1,0.257678,0.38338,KNOWN
UNSW-NB15,test,10037,Normal,1,0.195812,0.38338,KNOWN
UNSW-NB15,test,10038,Normal,1,0.324843,0.38338,KNOWN
UNSW-NB15,test,10039,Reconnaissance,1,0.078884,0.38338,KNOWN
UNSW-NB15,test,10040,Exploits,1,0.27251,0.38338,KNOWN
UNSW-NB15,test,10041,Normal,1,0.079519,0.38338,KNOWN
UNSW-NB15,test,10042,Fuzzers,1,0.121232,0.38338,KNOWN
UNSW-NB15,test,10043,Fuzzers,1,0.096396,0.38338,KNOWN
UNSW-NB15,test,10044,Normal,1,0.206495,0.38338,KNOWN
UNSW-NB15,test,10045,Exploits,1,0.228477,0.38338,KNOWN
UNSW-NB15,test,10046,Normal,1,0.171282,0.38338,KNOWN
UNSW-NB15,test,10047,Normal,1,0.212993,0.38338,KNOWN
UNSW-NB15,test,10048,Normal,1,0.435595,0.38338,ZERO_DAY
UNSW-NB15,test,10049,Normal,1,0.037693,0.38338,KNOWN
UNSW-NB15,test,10050,Exploits,1,0.242698,0.38338,KNOWN
UNSW-NB15,test,10051,Normal,1,0.205839,0.38338,KNOWN
UNSW-NB15,test,10052,Exploits,1,0.280641,0.38338,KNOWN
UNSW-NB15,test,10053,Normal,1,0.29071,0.38338,KNOWN
UNSW-NB15,test,10054,Normal,1,0.205373,0.38338,KNOWN
UNSW-NB15,test,10055,Normal,1,0.23583,0.38338,KNOWN
UNSW-NB15,test,10056,Normal,1,0.047714,0.38338,KNOWN
UNSW-NB15,test,10057,Normal,1,0.124514,0.38338,KNOWN
UNSW-NB15,test,10058,Exploits,1,0.106658,0.38338,KNOWN
UNSW-NB15,test,10059,Normal,1,0.069707,0.38338,KNOWN
UNSW-NB15,test,10060,Exploits,1,0.203239,0.38338,KNOWN
UNSW-NB15,test,10061,Fuzzers,1,0.348695,0.38338,KNOWN
UNSW-NB15,test,10062,Fuzzers,1,0.192135,0.38338,KNOWN
UNSW-NB15,test,10063,Normal,1,0.162156,0.38338,KNOWN
UNSW-NB15,test,10064,Normal,1,0.232391,0.38338,KNOWN
UNSW-NB15,test,10065,Normal,1,0.093821,0.38338,KNOWN
UNSW-NB15,test,10066,Reconnaissance,1,0.163199,0.38338,KNOWN
UNSW-NB15,test,10067,DoS,1,0.19335,0.38338,KNOWN
UNSW-NB15,test,10068,Fuzzers,1,0.338199,0.38338,KNOWN
UNSW-NB15,test,10069,Fuzzers,1,0.268472,0.38338,KNOWN
UNSW-NB15,test,10070,Normal,1,0.115485,0.38338,KNOWN
UNSW-NB15,test,10071,Normal,1,0.237958,0.38338,KNOWN
UNSW-NB15,test,10072,Analysis,1,0.078469,0.38338,KNOWN
UNSW-NB15,test,10073,Exploits,1,0.235734,0.38338,KNOWN
UNSW-NB15,test,10074,Normal,1,0.064312,0.38338,KNOWN
UNSW-NB15,test,10075,Normal,1,0.00902,0.38338,KNOWN
UNSW-NB15,test,10076,Fuzzers,1,0.035598,0.38338,KNOWN
UNSW-NB15,test,10077,Normal,1,0.049741,0.38338,KNOWN
UNSW-NB15,test,10078,Reconnaissance,1,0.33918,0.38338,KNOWN
UNSW-NB15,test,10079,Exploits,1,0.290658,0.38338,KNOWN
UNSW-NB15,test,10080,Exploits,1,0.290099,0.38338,KNOWN
UNSW-NB15,test,10081,Normal,1,0.185417,0.38338,KNOWN
UNSW-NB15,test,10082,Reconnaissance,1,0.155833,0.38338,KNOWN
UNSW-NB15,test,10083,Normal,1,0.003582,0.38338,KNOWN
UNSW-NB15,test,10084,Normal,1,0.141538,0.38338,KNOWN
UNSW-NB15,test,10085,Normal,1,0.254942,0.38338,KNOWN
UNSW-NB15,zeroday,0,Shellcode,0,0.1843,0.38338,KNOWN
UNSW-NB15,zeroday,1,Shellcode,0,0.387631,0.38338,ZERO_DAY
UNSW-NB15,zeroday,2,Shellcode,0,0.256791,0.38338,KNOWN
UNSW-NB15,zeroday,3,Shellcode,0,0.188263,0.38338,KNOWN
UNSW-NB15,zeroday,4,Shellcode,0,0.40934,0.38338,ZERO_DAY
UNSW-NB15,zeroday,5,Shellcode,0,0.249775,0.38338,KNOWN
UNSW-NB15,zeroday,6,Shellcode,0,0.177557,0.38338,KNOWN
UNSW-NB15,zeroday,7,Shellcode,0,0.301972,0.38338,KNOWN
UNSW-NB15,zeroday,8,Shellcode,0,0.432392,0.38338,ZERO_DAY
UNSW-NB15,zeroday,9,Shellcode,0,0.364293,0.38338,KNOWN
UNSW-NB15,zeroday,10,Shellcode,0,0.229128,0.38338,KNOWN
UNSW-NB15,zeroday,11,Shellcode,0,0.244711,0.38338,KNOWN
UNSW-NB15,zeroday,12,Shellcode,0,0.445751,0.38338,ZERO_DAY
UNSW-NB15,zeroday,13,Shellcode,0,0.197221,0.38338,KNOWN
UNSW-NB15,zeroday,14,Shellcode,0,0.569493,0.38338,ZERO_DAY
UNSW-NB15,zeroday,15,Shellcode,0,0.293828,0.38338,KNOWN
UNSW-NB15,zeroday,16,Shellcode,0,0.348364,0.38338,KNOWN
UNSW-NB15,zeroday,17,Shellcode,0,0.12077,0.38338,KNOWN
UNSW-NB15,zeroday,18,Shellcode,0,0.386243,0.38338,ZERO_DAY
UNSW-NB15,zeroday,19,Shellcode,0,0.386154,0.38338,ZERO_DAY
UNSW-NB15,zeroday,20,Shellcode,0,0.382863,0.38338,KNOWN
UNSW-NB15,zeroday,21,Shellcode,0,0.43737,0.38338,ZERO_DAY
UNSW-NB15,zeroday,22,Shellcode,0,0.476741,0.38338,ZERO_DAY
UNSW-NB15,zeroday,23,Shellcode,0,0.442967,0.38338,ZERO_DAY
UNSW-NB15,zeroday,24,Worms,0,0.552176,0.38338,ZERO_DAY
UNSW-NB15,zeroday,25,Shellcode,0,0.30497,0.38338,KNOWN
UNSW-NB15,zeroday,26,Shellcode,0,0.209054,0.38338,KNOWN
UNSW-NB15,zeroday,27,Shellcode,0,0.637963,0.38338,ZERO_DAY
UNSW-NB15,zeroday,28,Shellcode,0,0.282927,0.38338,KNOWN
UNSW-NB15,zeroday,29,Shellcode,0,0.197869,0.38338,KNOWN
UNSW-NB15,zeroday,30,Shellcode,0,0.368285,0.38338,KNOWN
UNSW-NB15,zeroday,31,Shellcode,0,0.299689,0.38338,KNOWN
UNSW-NB15,zeroday,32,Shellcode,0,0.222701,0.38338,KNOWN
UNSW-NB15,zeroday,33,Shellcode,0,0.309967,0.38338,KNOWN
UNSW-NB15,zeroday,34,Shellcode,0,0.584104,0.38338,ZERO_DAY
UNSW-NB15,zeroday,35,Shellcode,0,0.151075,0.38338,KNOWN
UNSW-NB15,zeroday,36,Shellcode,0,0.300137,0.38338,KNOWN
UNSW-NB15,zeroday,37,Shellcode,0,0.220714,0.38338,KNOWN
UNSW-NB15,zeroday,38,Shellcode,0,0.445757,0.38338,ZERO_DAY
UNSW-NB15,zeroday,39,Worms,0,0.289057,0.38338,KNOWN
UNSW-NB15,zeroday,40,Worms,0,0.558358,0.38338,ZERO_DAY
UNSW-NB15,zeroday,41,Worms,0,0.349251,0.38338,KNOWN
UNSW-NB15,zeroday,42,Shellcode,0,0.489819,0.38338,ZERO_DAY
UNSW-NB15,zeroday,43,Shellcode,0,0.313051,0.38338,KNOWN
UNSW-NB15,zeroday,44,Shellcode,0,0.305801,0.38338,KNOWN
UNSW-NB15,zeroday,45,Shellcode,0,0.372193,0.38338,KNOWN
UNSW-NB15,zeroday,46,Shellcode,0,0.610719,0.38338,ZERO_DAY
UNSW-NB15,zeroday,47,Shellcode,0,0.212065,0.38338,KNOWN
UNSW-NB15,zeroday,48,Shellcode,0,0.24223,0.38338,KNOWN
UNSW-NB15,zeroday,49,Shellcode,0,0.239944,0.38338,KNOWN
UNSW-NB15,zeroday,50,Shellcode,0,0.469024,0.38338,ZERO_DAY
UNSW-NB15,zeroday,51,Worms,0,0.482239,0.38338,ZERO_DAY
UNSW-NB15,zeroday,52,Shellcode,0,0.431556,0.38338,ZERO_DAY
UNSW-NB15,zeroday,53,Shellcode,0,0.157365,0.38338,KNOWN
UNSW-NB15,zeroday,54,Worms,0,0.398267,0.38338,ZERO_DAY
UNSW-NB15,zeroday,55,Shellcode,0,0.214445,0.38338,KNOWN
UNSW-NB15,zeroday,56,Shellcode,0,0.212829,0.38338,KNOWN
UNSW-NB15,zeroday,57,Shellcode,0,0.345572,0.38338,KNOWN
UNSW-NB15,zeroday,58,Shellcode,0,0.238151,0.38338,KNOWN
UNSW-NB15,zeroday,59,Shellcode,0,0.302172,0.38338,KNOWN
UNSW-NB15,zeroday,60,Shellcode,0,0.452418,0.38338,ZERO_DAY
UNSW-NB15,zeroday,61,Shellcode,0,0.161588,0.38338,KNOWN
UNSW-NB15,zeroday,62,Shellcode,0,0.317427,0.38338,KNOWN
UNSW-NB15,zeroday,63,Shellcode,0,0.41542,0.38338,ZERO_DAY
UNSW-NB15,zeroday,64,Shellcode,0,0.503968,0.38338,ZERO_DAY
UNSW-NB15,zeroday,65,Shellcode,0,0.194154,0.38338,KNOWN
UNSW-NB15,zeroday,66,Shellcode,0,0.427265,0.38338,ZERO_DAY
UNSW-NB15,zeroday,67,Shellcode,0,0.397463,0.38338,ZERO_DAY
UNSW-NB15,zeroday,68,Shellcode,0,0.620825,0.38338,ZERO_DAY
UNSW-NB15,zeroday,69,Worms,0,0.222314,0.38338,KNOWN
UNSW-NB15,zeroday,70,Shellcode,0,0.441485,0.38338,ZERO_DAY
UNSW-NB15,zeroday,71,Shellcode,0,0.501133,0.38338,ZERO_DAY
UNSW-NB15,zeroday,72,Worms,0,0.188102,0.38338,KNOWN
UNSW-NB15,zeroday,73,Shellcode,0,0.636114,0.38338,ZERO_DAY
UNSW-NB15,zeroday,74,Shellcode,0,0.436061,0.38338,ZERO_DAY
UNSW-NB15,zeroday,75,Shellcode,0,0.202749,0.38338,KNOWN
UNSW-NB15,zeroday,76,Shellcode,0,0.411921,0.38338,ZERO_DAY
UNSW-NB15,zeroday,77,Shellcode,0,0.345174,0.38338,KNOWN
UNSW-NB15,zeroday,78,Shellcode,0,0.37317,0.38338,KNOWN
UNSW-NB15,zeroday,79,Shellcode,0,0.148548,0.38338,KNOWN
UNSW-NB15,zeroday,80,Shellcode,0,0.169998,0.38338,KNOWN
UNSW-NB15,zeroday,81,Shellcode,0,0.428001,0.38338,ZERO_DAY
UNSW-NB15,zeroday,82,Shellcode,0,0.42754,0.38338,ZERO_DAY
UNSW-NB15,zeroday,83,Shellcode,0,0.19754,0.38338,KNOWN
UNSW-NB15,zeroday,84,Shellcode,0,0.280246,0.38338,KNOWN
UNSW-NB15,zeroday,85,Shellcode,0,0.220915,0.38338,KNOWN
UNSW-NB15,zeroday,86,Shellcode,0,0.304563,0.38338,KNOWN
UNSW-NB15,zeroday,87,Shellcode,0,0.458877,0.38338,ZERO_DAY
UNSW-NB15,zeroday,88,Shellcode,0,0.413864,0.38338,ZERO_DAY
UNSW-NB15,zeroday,89,Shellcode,0,0.202443,0.38338,KNOWN
UNSW-NB15,zeroday,90,Worms,0,0.455792,0.38338,ZERO_DAY
UNSW-NB15,zeroday,91,Shellcode,0,0.528808,0.38338,ZERO_DAY
UNSW-NB15,zeroday,92,Shellcode,0,0.3778,0.38338,KNOWN
UNSW-NB15,zeroday,93,Shellcode,0,0.345189,0.38338,KNOWN
UNSW-NB15,zeroday,94,Shellcode,0,0.418373,0.38338,ZERO_DAY
UNSW-NB15,zeroday,95,Shellcode,0,0.267345,0.38338,KNOWN
UNSW-NB15,zeroday,96,Shellcode,0,0.210299,0.38338,KNOWN
UNSW-NB15,zeroday,97,Worms,0,0.363197,0.38338,KNOWN
UNSW-NB15,zeroday,98,Shellcode,0,0.528571,0.38338,ZERO_DAY
UNSW-NB15,zeroday,99,Shellcode,0,0.219868,0.38338,KNOWN
UNSW-NB15,zeroday,100,Shellcode,0,0.440104,0.38338,ZERO_DAY
UNSW-NB15,zeroday,101,Shellcode,0,0.289982,0.38338,KNOWN
UNSW-NB15,zeroday,102,Shellcode,0,0.649893,0.38338,ZERO_DAY
UNSW-NB15,zeroday,103,Shellcode,0,0.379399,0.38338,KNOWN
UNSW-NB15,zeroday,104,Shellcode,0,0.463204,0.38338,ZERO_DAY
UNSW-NB15,zeroday,105,Worms,0,0.426995,0.38338,ZERO_DAY
UNSW-NB15,zeroday,106,Shellcode,0,0.35166,0.38338,KNOWN
UNSW-NB15,zeroday,107,Shellcode,0,0.191783,0.38338,KNOWN
UNSW-NB15,zeroday,108,Shellcode,0,0.443757,0.38338,ZERO_DAY
UNSW-NB15,zeroday,109,Shellcode,0,0.547143,0.38338,ZERO_DAY
UNSW-NB15,zeroday,110,Worms,0,0.249169,0.38338,KNOWN
UNSW-NB15,zeroday,111,Shellcode,0,0.531247,0.38338,ZERO_DAY
UNSW-NB15,zeroday,112,Shellcode,0,0.468584,0.38338,ZERO_DAY
UNSW-NB15,zeroday,113,Shellcode,0,0.467698,0.38338,ZERO_DAY
UNSW-NB15,zeroday,114,Shellcode,0,0.549165,0.38338,ZERO_DAY
UNSW-NB15,zeroday,115,Shellcode,0,0.207916,0.38338,KNOWN
UNSW-NB15,zeroday,116,Shellcode,0,0.242345,0.38338,KNOWN
UNSW-NB15,zeroday,117,Shellcode,0,0.34355,0.38338,KNOWN
UNSW-NB15,zeroday,118,Shellcode,0,0.22829,0.38338,KNOWN
UNSW-NB15,zeroday,119,Shellcode,0,0.44725,0.38338,ZERO_DAY
UNSW-NB15,zeroday,120,Shellcode,0,0.340741,0.38338,KNOWN
UNSW-NB15,zeroday,121,Shellcode,0,0.323267,0.38338,KNOWN
UNSW-NB15,zeroday,122,Shellcode,0,0.27614,0.38338,KNOWN
UNSW-NB15,zeroday,123,Shellcode,0,0.406684,0.38338,ZERO_DAY
UNSW-NB15,zeroday,124,Shellcode,0,0.383857,0.38338,ZERO_DAY
UNSW-NB15,zeroday,125,Shellcode,0,0.394044,0.38338,ZERO_DAY
UNSW-NB15,zeroday,126,Shellcode,0,0.183321,0.38338,KNOWN
UNSW-NB15,zeroday,127,Shellcode,0,0.308679,0.38338,KNOWN
UNSW-NB15,zeroday,128,Shellcode,0,0.272867,0.38338,KNOWN
UNSW-NB15,zeroday,129,Shellcode,0,0.359635,0.38338,KNOWN
UNSW-NB15,zeroday,130,Shellcode,0,0.486483,0.38338,ZERO_DAY
UNSW-NB15,zeroday,131,Shellcode,0,0.291043,0.38338,KNOWN
UNSW-NB15,zeroday,132,Shellcode,0,0.521839,0.38338,ZERO_DAY
UNSW-NB15,zeroday,133,Shellcode,0,0.33202,0.38338,KNOWN
UNSW-NB15,zeroday,134,Shellcode,0,0.281825,0.38338,KNOWN
UNSW-NB15,zeroday,135,Shellcode,0,0.255742,0.38338,KNOWN
UNSW-NB15,zeroday,136,Shellcode,0,0.478965,0.38338,ZERO_DAY
UNSW-NB15,zeroday,137,Shellcode,0,0.48359,0.38338,ZERO_DAY
UNSW-NB15,zeroday,138,Shellcode,0,0.31997,0.38338,KNOWN
UNSW-NB15,zeroday,139,Shellcode,0,0.481322,0.38338,ZERO_DAY
UNSW-NB15,zeroday,140,Shellcode,0,0.26679,0.38338,KNOWN
UNSW-NB15,zeroday,141,Worms,0,0.535397,0.38338,ZERO_DAY
UNSW-NB15,zeroday,142,Worms,0,0.418148,0.38338,ZERO_DAY
UNSW-NB15,zeroday,143,Shellcode,0,0.169013,0.38338,KNOWN
UNSW-NB15,zeroday,144,Shellcode,0,0.719216,0.38338,ZERO_DAY
UNSW-NB15,zeroday,145,Shellcode,0,0.163124,0.38338,KNOWN
UNSW-NB15,zeroday,146,Worms,0,0.190762,0.38338,KNOWN
UNSW-NB15,zeroday,147,Worms,0,0.295499,0.38338,KNOWN
UNSW-NB15,zeroday,148,Shellcode,0,0.426618,0.38338,ZERO_DAY
UNSW-NB15,zeroday,149,Shellcode,0,0.16906,0.38338,KNOWN
UNSW-NB15,zeroday,150,Shellcode,0,0.448979,0.38338,ZERO_DAY
UNSW-NB15,zeroday,151,Worms,0,0.651884,0.38338,ZERO_DAY
UNSW-NB15,zeroday,152,Shellcode,0,0.321563,0.38338,KNOWN
UNSW-NB15,zeroday,153,Worms,0,0.200493,0.38338,KNOWN
UNSW-NB15,zeroday,154,Shellcode,0,0.279141,0.38338,KNOWN
UNSW-NB15,zeroday,155,Shellcode,0,0.244983,0.38338,KNOWN
UNSW-NB15,zeroday,156,Shellcode,0,0.280098,0.38338,KNOWN
UNSW-NB15,zeroday,157,Shellcode,0,0.572046,0.38338,ZERO_DAY
UNSW-NB15,zeroday,158,Shellcode,0,0.185264,0.38338,KNOWN
UNSW-NB15,zeroday,159,Shellcode,0,0.070503,0.38338,KNOWN
UNSW-NB15,zeroday,160,Shellcode,0,0.28989,0.38338,KNOWN
UNSW-NB15,zeroday,161,Shellcode,0,0.283658,0.38338,KNOWN
UNSW-NB15,zeroday,162,Shellcode,0,0.266159,0.38338,KNOWN
UNSW-NB15,zeroday,163,Shellcode,0,0.401131,0.38338,ZERO_DAY
UNSW-NB15,zeroday,164,Shellcode,0,0.254762,0.38338,KNOWN
UNSW-NB15,zeroday,165,Shellcode,0,0.342269,0.38338,KNOWN
UNSW-NB15,zeroday,166,Shellcode,0,0.238444,0.38338,KNOWN
UNSW-NB15,zeroday,167,Shellcode,0,0.120471,0.38338,KNOWN
UNSW-NB15,zeroday,168,Worms,0,0.276481,0.38338,KNOWN
UNSW-NB15,zeroday,169,Shellcode,0,0.518535,0.38338,ZERO_DAY
UNSW-NB15,zeroday,170,Shellcode,0,0.262119,0.38338,KNOWN
UNSW-NB15,zeroday,171,Shellcode,0,0.252458,0.38338,KNOWN
UNSW-NB15,zeroday,172,Shellcode,0,0.261873,0.38338,KNOWN
UNSW-NB15,zeroday,173,Worms,0,0.30197,0.38338,KNOWN
UNSW-NB15,zeroday,174,Shellcode,0,0.263909,0.38338,KNOWN
UNSW-NB15,zeroday,175,Worms,0,0.364245,0.38338,KNOWN
UNSW-NB15,zeroday,176,Shellcode,0,0.205065,0.38338,KNOWN
UNSW-NB15,zeroday,177,Shellcode,0,0.408015,0.38338,ZERO_DAY
UNSW-NB15,zeroday,178,Worms,0,0.33279,0.38338,KNOWN
UNSW-NB15,zeroday,179,Shellcode,0,0.367116,0.38338,KNOWN
UNSW-NB15,zeroday,180,Shellcode,0,0.625671,0.38338,ZERO_DAY
UNSW-NB15,zeroday,181,Shellcode,0,0.142403,0.38338,KNOWN
UNSW-NB15,zeroday,182,Worms,0,0.318331,0.38338,KNOWN
UNSW-NB15,zeroday,183,Worms,0,0.300851,0.38338,KNOWN
UNSW-NB15,zeroday,184,Shellcode,0,0.53633,0.38338,ZERO_DAY
UNSW-NB15,zeroday,185,Shellcode,0,0.411816,0.38338,ZERO_DAY
UNSW-NB15,zeroday,186,Shellcode,0,0.175891,0.38338,KNOWN
UNSW-NB15,zeroday,187,Shellcode,0,0.474473,0.38338,ZERO_DAY
UNSW-NB15,zeroday,188,Shellcode,0,0.289176,0.38338,KNOWN
UNSW-NB15,zeroday,189,Shellcode,0,0.424443,0.38338,ZERO_DAY
UNSW-NB15,zeroday,190,Shellcode,0,0.572839,0.38338,ZERO_DAY
UNSW-NB15,zeroday,191,Shellcode,0,0.313042,0.38338,KNOWN
UNSW-NB15,zeroday,192,Worms,0,0.648097,0.38338,ZERO_DAY
UNSW-NB15,zeroday,193,Shellcode,0,0.195886,0.38338,KNOWN
UNSW-NB15,zeroday,194,Shellcode,0,0.224724,0.38338,KNOWN
UNSW-NB15,zeroday,195,Worms,0,0.362303,0.38338,KNOWN
UNSW-NB15,zeroday,196,Shellcode,0,0.315918,0.38338,KNOWN
UNSW-NB15,zeroday,197,Shellcode,0,0.26578,0.38338,KNOWN
UNSW-NB15,zeroday,198,Worms,0,0.383378,0.38338,KNOWN
UNSW-NB15,zeroday,199,Worms,0,0.502877,0.38338,ZERO_DAY
UNSW-NB15,zeroday,200,Shellcode,0,0.290404,0.38338,KNOWN
UNSW-NB15,zeroday,201,Shellcode,0,0.290495,0.38338,KNOWN
UNSW-NB15,zeroday,202,Shellcode,0,0.347798,0.38338,KNOWN
UNSW-NB15,zeroday,203,Shellcode,0,0.430928,0.38338,ZERO_DAY
UNSW-NB15,zeroday,204,Shellcode,0,0.146744,0.38338,KNOWN
UNSW-NB15,zeroday,205,Shellcode,0,0.396134,0.38338,ZERO_DAY
UNSW-NB15,zeroday,206,Shellcode,0,0.483947,0.38338,ZERO_DAY
UNSW-NB15,zeroday,207,Shellcode,0,0.425372,0.38338,ZERO_DAY
UNSW-NB15,zeroday,208,Shellcode,0,0.326244,0.38338,KNOWN
UNSW-NB15,zeroday,209,Shellcode,0,0.170437,0.38338,KNOWN
UNSW-NB15,zeroday,210,Worms,0,0.442533,0.38338,ZERO_DAY
UNSW-NB15,zeroday,211,Shellcode,0,0.339654,0.38338,KNOWN
UNSW-NB15,zeroday,212,Worms,0,0.44255,0.38338,ZERO_DAY
UNSW-NB15,zeroday,213,Worms,0,0.297448,0.38338,KNOWN
UNSW-NB15,zeroday,214,Shellcode,0,0.422711,0.38338,ZERO_DAY
UNSW-NB15,zeroday,215,Shellcode,0,0.409457,0.38338,ZERO_DAY
UNSW-NB15,zeroday,216,Shellcode,0,0.421719,0.38338,ZERO_DAY
UNSW-NB15,zeroday,217,Shellcode,0,0.290536,0.38338,KNOWN
UNSW-NB15,zeroday,218,Shellcode,0,0.284151,0.38338,KNOWN
UNSW-NB15,zeroday,219,Worms,0,0.592444,0.38338,ZERO_DAY
UNSW-NB15,zeroday,220,Worms,0,0.47237,0.38338,ZERO_DAY
UNSW-NB15,zeroday,221,Shellcode,0,0.619594,0.38338,ZERO_DAY
UNSW-NB15,zeroday,222,Worms,0,0.333054,0.38338,KNOWN
UNSW-NB15,zeroday,223,Shellcode,0,0.365794,0.38338,KNOWN
UNSW-NB15,zeroday,224,Shellcode,0,0.32615,0.38338,KNOWN
UNSW-NB15,zeroday,225,Shellcode,0,0.488308,0.38338,ZERO_DAY
UNSW-NB15,zeroday,226,Shellcode,0,0.365979,0.38338,KNOWN
UNSW-NB15,zeroday,227,Shellcode,0,0.528704,0.38338,ZERO_DAY
UNSW-NB15,zeroday,228,Worms,0,0.437532,0.38338,ZERO_DAY
UNSW-NB15,zeroday,229,Worms,0,0.33801,0.38338,KNOWN
UNSW-NB15,zeroday,230,Shellcode,0,0.556542,0.38338,ZERO_DAY
UNSW-NB15,zeroday,231,Shellcode,0,0.213522,0.38338,KNOWN
UNSW-NB15,zeroday,232,Shellcode,0,0.352771,0.38338,KNOWN
UNSW-NB15,zeroday,233,Shellcode,0,0.13344,0.38338,KNOWN
UNSW-NB15,zeroday,234,Shellcode,0,0.271388,0.38338,KNOWN
UNSW-NB15,zeroday,235,Shellcode,0,0.266964,0.38338,KNOWN
UNSW-NB15,zeroday,236,Shellcode,0,0.434028,0.38338,ZERO_DAY
UNSW-NB15,zeroday,237,Shellcode,0,0.291306,0.38338,KNOWN
UNSW-NB15,zeroday,238,Shellcode,0,0.473591,0.38338,ZERO_DAY
UNSW-NB15,zeroday,239,Shellcode,0,0.267875,0.38338,KNOWN
UNSW-NB15,zeroday,240,Shellcode,0,0.484647,0.38338,ZERO_DAY
UNSW-NB15,zeroday,241,Shellcode,0,0.197411,0.38338,KNOWN
UNSW-NB15,zeroday,242,Shellcode,0,0.342416,0.38338,KNOWN
UNSW-NB15,zeroday,243,Shellcode,0,0.269971,0.38338,KNOWN
UNSW-NB15,zeroday,244,Worms,0,0.381432,0.38338,KNOWN
UNSW-NB15,zeroday,245,Shellcode,0,0.177956,0.38338,KNOWN
UNSW-NB15,zeroday,246,Worms,0,0.257523,0.38338,KNOWN
UNSW-NB15,zeroday,247,Worms,0,0.372268,0.38338,KNOWN
UNSW-NB15,zeroday,248,Shellcode,0,0.253823,0.38338,KNOWN
UNSW-NB15,zeroday,249,Shellcode,0,0.308486,0.38338,KNOWN
UNSW-NB15,zeroday,250,Shellcode,0,0.54731,0.38338,ZERO_DAY
UNSW-NB15,zeroday,251,Shellcode,0,0.336106,0.38338,KNOWN
UNSW-NB15,zeroday,252,Shellcode,0,0.26796,0.38338,KNOWN
UNSW-NB15,zeroday,253,Shellcode,0,0.264938,0.38338,KNOWN
UNSW-NB15,zeroday,254,Shellcode,0,0.291789,0.38338,KNOWN
UNSW-NB15,zeroday,255,Shellcode,0,0.479237,0.38338,ZERO_DAY
UNSW-NB15,zeroday,256,Shellcode,0,0.579801,0.38338,ZERO_DAY
UNSW-NB15,zeroday,257,Shellcode,0,0.62568,0.38338,ZERO_DAY
UNSW-NB15,zeroday,258,Shellcode,0,0.317321,0.38338,KNOWN
UNSW-NB15,zeroday,259,Shellcode,0,0.196903,0.38338,KNOWN
UNSW-NB15,zeroday,260,Worms,0,0.179912,0.38338,KNOWN
UNSW-NB15,zeroday,261,Shellcode,0,0.496843,0.38338,ZERO_DAY
UNSW-NB15,zeroday,262,Worms,0,0.219576,0.38338,KNOWN
UNSW-NB15,zeroday,263,Shellcode,0,0.293555,0.38338,KNOWN
UNSW-NB15,zeroday,264,Shellcode,0,0.626659,0.38338,ZERO_DAY
UNSW-NB15,zeroday,265,Worms,0,0.392362,0.38338,ZERO_DAY
UNSW-NB15,zeroday,266,Shellcode,0,0.158651,0.38338,KNOWN
UNSW-NB15,zeroday,267,Shellcode,0,0.314077,0.38338,KNOWN
UNSW-NB15,zeroday,268,Shellcode,0,0.335415,0.38338,KNOWN
UNSW-NB15,zeroday,269,Shellcode,0,0.454883,0.38338,ZERO_DAY
UNSW-NB15,zeroday,270,Shellcode,0,0.255157,0.38338,KNOWN
UNSW-NB15,zeroday,271,Shellcode,0,0.248852,0.38338,KNOWN
UNSW-NB15,zeroday,272,Shellcode,0,0.077536,0.38338,KNOWN
UNSW-NB15,zeroday,273,Worms,0,0.416467,0.38338,ZERO_DAY
UNSW-NB15,zeroday,274,Worms,0,0.314992,0.38338,KNOWN
UNSW-NB15,zeroday,275,Shellcode,0,0.187841,0.38338,KNOWN
UNSW-NB15,zeroday,276,Shellcode,0,0.234679,0.38338,KNOWN
UNSW-NB15,zeroday,277,Shellcode,0,0.421733,0.38338,ZERO_DAY
UNSW-NB15,zeroday,278,Worms,0,0.281513,0.38338,KNOWN
UNSW-NB15,zeroday,279,Shellcode,0,0.266055,0.38338,KNOWN
UNSW-NB15,zeroday,280,Shellcode,0,0.125555,0.38338,KNOWN
UNSW-NB15,zeroday,281,Shellcode,0,0.294994,0.38338,KNOWN
UNSW-NB15,zeroday,282,Shellcode,0,0.306572,0.38338,KNOWN
UNSW-NB15,zeroday,283,Shellcode,0,0.472443,0.38338,ZERO_DAY
UNSW-NB15,zeroday,284,Shellcode,0,0.588931,0.38338,ZERO_DAY
UNSW-NB15,zeroday,285,Shellcode,0,0.081891,0.38338,KNOWN
UNSW-NB15,zeroday,286,Shellcode,0,0.498325,0.38338,ZERO_DAY
UNSW-NB15,zeroday,287,Shellcode,0,0.230068,0.38338,KNOWN
UNSW-NB15,zeroday,288,Shellcode,0,0.369403,0.38338,KNOWN
UNSW-NB15,zeroday,289,Shellcode,0,0.462386,0.38338,ZERO_DAY
UNSW-NB15,zeroday,290,Shellcode,0,0.20847,0.38338,KNOWN
UNSW-NB15,zeroday,291,Shellcode,0,0.214322,0.38338,KNOWN
UNSW-NB15,zeroday,292,Shellcode,0,0.614383,0.38338,ZERO_DAY
UNSW-NB15,zeroday,293,Shellcode,0,0.165991,0.38338,KNOWN
UNSW-NB15,zeroday,294,Shellcode,0,0.30762,0.38338,KNOWN
UNSW-NB15,zeroday,295,Worms,0,0.423901,0.38338,ZERO_DAY
UNSW-NB15,zeroday,296,Shellcode,0,0.227573,0.38338,KNOWN
UNSW-NB15,zeroday,297,Shellcode,0,0.200962,0.38338,KNOWN
UNSW-NB15,zeroday,298,Shellcode,0,0.268703,0.38338,KNOWN
UNSW-NB15,zeroday,299,Shellcode,0,0.293748,0.38338,KNOWN
UNSW-NB15,zeroday,300,Shellcode,0,0.109635,0.38338,KNOWN
UNSW-NB15,zeroday,301,Shellcode,0,0.451614,0.38338,ZERO_DAY
UNSW-NB15,zeroday,302,Shellcode,0,0.451852,0.38338,ZERO_DAY
UNSW-NB15,zeroday,303,Shellcode,0,0.431426,0.38338,ZERO_DAY
UNSW-NB15,zeroday,304,Worms,0,0.330517,0.38338,KNOWN
UNSW-NB15,zeroday,305,Shellcode,0,0.16647,0.38338,KNOWN
UNSW-NB15,zeroday,306,Shellcode,0,0.627639,0.38338,ZERO_DAY
UNSW-NB15,zeroday,307,Shellcode,0,0.188714,0.38338,KNOWN
UNSW-NB15,zeroday,308,Shellcode,0,0.140703,0.38338,KNOWN
UNSW-NB15,zeroday,309,Shellcode,0,0.450992,0.38338,ZERO_DAY
UNSW-NB15,zeroday,310,Shellcode,0,0.350962,0.38338,KNOWN
UNSW-NB15,zeroday,311,Worms,0,0.215523,0.38338,KNOWN
UNSW-NB15,zeroday,312,Shellcode,0,0.513543,0.38338,ZERO_DAY
UNSW-NB15,zeroday,313,Shellcode,0,0.472747,0.38338,ZERO_DAY
UNSW-NB15,zeroday,314,Shellcode,0,0.433593,0.38338,ZERO_DAY
UNSW-NB15,zeroday,315,Shellcode,0,0.323297,0.38338,KNOWN
UNSW-NB15,zeroday,316,Shellcode,0,0.364717,0.38338,KNOWN
UNSW-NB15,zeroday,317,Shellcode,0,0.497404,0.38338,ZERO_DAY
UNSW-NB15,zeroday,318,Shellcode,0,0.473361,0.38338,ZERO_DAY
UNSW-NB15,zeroday,319,Shellcode,0,0.23255,0.38338,KNOWN
UNSW-NB15,zeroday,320,Shellcode,0,0.349081,0.38338,KNOWN
UNSW-NB15,zeroday,321,Worms,0,0.314841,0.38338,KNOWN
UNSW-NB15,zeroday,322,Shellcode,0,0.197198,0.38338,KNOWN
UNSW-NB15,zeroday,323,Shellcode,0,0.222425,0.38338,KNOWN
UNSW-NB15,zeroday,324,Shellcode,0,0.613371,0.38338,ZERO_DAY
UNSW-NB15,zeroday,325,Worms,0,0.374369,0.38338,KNOWN
UNSW-NB15,zeroday,326,Worms,0,0.515345,0.38338,ZERO_DAY
UNSW-NB15,zeroday,327,Shellcode,0,0.328578,0.38338,KNOWN
UNSW-NB15,zeroday,328,Shellcode,0,0.546812,0.38338,ZERO_DAY
UNSW-NB15,zeroday,329,Shellcode,0,0.391306,0.38338,ZERO_DAY
UNSW-NB15,zeroday,330,Shellcode,0,0.326627,0.38338,KNOWN
UNSW-NB15,zeroday,331,Shellcode,0,0.326006,0.38338,KNOWN
UNSW-NB15,zeroday,332,Shellcode,0,0.489604,0.38338,ZERO_DAY
UNSW-NB15,zeroday,333,Shellcode,0,0.703146,0.38338,ZERO_DAY
UNSW-NB15,zeroday,334,Shellcode,0,0.195632,0.38338,KNOWN
UNSW-NB15,zeroday,335,Worms,0,0.126977,0.38338,KNOWN
UNSW-NB15,zeroday,336,Shellcode,0,0.481503,0.38338,ZERO_DAY
UNSW-NB15,zeroday,337,Shellcode,0,0.503962,0.38338,ZERO_DAY
UNSW-NB15,zeroday,338,Worms,0,0.415672,0.38338,ZERO_DAY
UNSW-NB15,zeroday,339,Shellcode,0,0.248889,0.38338,KNOWN
UNSW-NB15,zeroday,340,Shellcode,0,0.230999,0.38338,KNOWN
UNSW-NB15,zeroday,341,Shellcode,0,0.254889,0.38338,KNOWN
UNSW-NB15,zeroday,342,Shellcode,0,0.258912,0.38338,KNOWN
UNSW-NB15,zeroday,343,Shellcode,0,0.300476,0.38338,KNOWN
UNSW-NB15,zeroday,344,Shellcode,0,0.288266,0.38338,KNOWN
UNSW-NB15,zeroday,345,Shellcode,0,0.220898,0.38338,KNOWN
UNSW-NB15,zeroday,346,Shellcode,0,0.102279,0.38338,KNOWN
UNSW-NB15,zeroday,347,Shellcode,0,0.484242,0.38338,ZERO_DAY
UNSW-NB15,zeroday,348,Shellcode,0,0.402358,0.38338,ZERO_DAY
UNSW-NB15,zeroday,349,Shellcode,0,0.310475,0.38338,KNOWN
UNSW-NB15,zeroday,350,Worms,0,0.474463,0.38338,ZERO_DAY
UNSW-NB15,zeroday,351,Shellcode,0,0.391974,0.38338,ZERO_DAY
UNSW-NB15,zeroday,352,Shellcode,0,0.515192,0.38338,ZERO_DAY
UNSW-NB15,zeroday,353,Shellcode,0,0.399894,0.38338,ZERO_DAY
UNSW-NB15,zeroday,354,Shellcode,0,0.293448,0.38338,KNOWN
UNSW-NB15,zeroday,355,Shellcode,0,0.581589,0.38338,ZERO_DAY
UNSW-NB15,zeroday,356,Shellcode,0,0.06388,0.38338,KNOWN
UNSW-NB15,zeroday,357,Shellcode,0,0.308365,0.38338,KNOWN
UNSW-NB15,zeroday,358,Shellcode,0,0.208696,0.38338,KNOWN
UNSW-NB15,zeroday,359,Shellcode,0,0.241384,0.38338,KNOWN
UNSW-NB15,zeroday,360,Shellcode,0,0.243621,0.38338,KNOWN
UNSW-NB15,zeroday,361,Shellcode,0,0.303115,0.38338,KNOWN
UNSW-NB15,zeroday,362,Shellcode,0,0.248565,0.38338,KNOWN
UNSW-NB15,zeroday,363,Shellcode,0,0.4132,0.38338,ZERO_DAY
UNSW-NB15,zeroday,364,Worms,0,0.172862,0.38338,KNOWN
UNSW-NB15,zeroday,365,Worms,0,0.381592,0.38338,KNOWN
UNSW-NB15,zeroday,366,Shellcode,0,0.396149,0.38338,ZERO_DAY
UNSW-NB15,zeroday,367,Shellcode,0,0.413377,0.38338,ZERO_DAY
UNSW-NB15,zeroday,368,Shellcode,0,0.674086,0.38338,ZERO_DAY
UNSW-NB15,zeroday,369,Shellcode,0,0.340595,0.38338,KNOWN
UNSW-NB15,zeroday,370,Shellcode,0,0.320263,0.38338,KNOWN
UNSW-NB15,zeroday,371,Shellcode,0,0.317901,0.38338,KNOWN
UNSW-NB15,zeroday,372,Shellcode,0,0.276899,0.38338,KNOWN
UNSW-NB15,zeroday,373,Shellcode,0,0.435221,0.38338,ZERO_DAY
UNSW-NB15,zeroday,374,Worms,0,0.209473,0.38338,KNOWN
UNSW-NB15,zeroday,375,Shellcode,0,0.137311,0.38338,KNOWN
UNSW-NB15,zeroday,376,Shellcode,0,0.209065,0.38338,KNOWN
UNSW-NB15,zeroday,377,Shellcode,0,0.303107,0.38338,KNOWN
UNSW-NB15,zeroday,378,Shellcode,0,0.365211,0.38338,KNOWN
UNSW-NB15,zeroday,379,Shellcode,0,0.475286,0.38338,ZERO_DAY
UNSW-NB15,zeroday,380,Shellcode,0,0.388073,0.38338,ZERO_DAY
UNSW-NB15,zeroday,381,Shellcode,0,0.499299,0.38338,ZERO_DAY
UNSW-NB15,zeroday,382,Shellcode,0,0.393932,0.38338,ZERO_DAY
UNSW-NB15,zeroday,383,Shellcode,0,0.170676,0.38338,KNOWN
UNSW-NB15,zeroday,384,Shellcode,0,0.313295,0.38338,KNOWN
UNSW-NB15,zeroday,385,Shellcode,0,0.189747,0.38338,KNOWN
UNSW-NB15,zeroday,386,Shellcode,0,0.287471,0.38338,KNOWN
UNSW-NB15,zeroday,387,Shellcode,0,0.373018,0.38338,KNOWN
UNSW-NB15,zeroday,388,Shellcode,0,0.368168,0.38338,KNOWN
UNSW-NB15,zeroday,389,Shellcode,0,0.212874,0.38338,KNOWN
UNSW-NB15,zeroday,390,Shellcode,0,0.189441,0.38338,KNOWN
UNSW-NB15,zeroday,391,Shellcode,0,0.496073,0.38338,ZERO_DAY
UNSW-NB15,zeroday,392,Shellcode,0,0.284357,0.38338,KNOWN
UNSW-NB15,zeroday,393,Shellcode,0,0.367632,0.38338,KNOWN
UNSW-NB15,zeroday,394,Shellcode,0,0.588071,0.38338,ZERO_DAY
UNSW-NB15,zeroday,395,Shellcode,0,0.255372,0.38338,KNOWN
UNSW-NB15,zeroday,396,Shellcode,0,0.462415,0.38338,ZERO_DAY
UNSW-NB15,zeroday,397,Shellcode,0,0.234444,0.38338,KNOWN
UNSW-NB15,zeroday,398,Shellcode,0,0.253666,0.38338,KNOWN
UNSW-NB15,zeroday,399,Shellcode,0,0.262016,0.38338,KNOWN
UNSW-NB15,zeroday,400,Shellcode,0,0.199863,0.38338,KNOWN
UNSW-NB15,zeroday,401,Shellcode,0,0.393272,0.38338,ZERO_DAY
UNSW-NB15,zeroday,402,Shellcode,0,0.35922,0.38338,KNOWN
UNSW-NB15,zeroday,403,Shellcode,0,0.284591,0.38338,KNOWN
UNSW-NB15,zeroday,404,Shellcode,0,0.1526,0.38338,KNOWN
UNSW-NB15,zeroday,405,Shellcode,0,0.309766,0.38338,KNOWN
UNSW-NB15,zeroday,406,Worms,0,0.314048,0.38338,KNOWN
UNSW-NB15,zeroday,407,Shellcode,0,0.255727,0.38338,KNOWN
UNSW-NB15,zeroday,408,Shellcode,0,0.20493,0.38338,KNOWN
UNSW-NB15,zeroday,409,Worms,0,0.597246,0.38338,ZERO_DAY
UNSW-NB15,zeroday,410,Shellcode,0,0.182037,0.38338,KNOWN
UNSW-NB15,zeroday,411,Shellcode,0,0.317497,0.38338,KNOWN
UNSW-NB15,zeroday,412,Shellcode,0,0.331673,0.38338,KNOWN
UNSW-NB15,zeroday,413,Shellcode,0,0.315063,0.38338,KNOWN
UNSW-NB15,zeroday,414,Shellcode,0,0.407377,0.38338,ZERO_DAY
UNSW-NB15,zeroday,415,Shellcode,0,0.265154,0.38338,KNOWN
UNSW-NB15,zeroday,416,Shellcode,0,0.464245,0.38338,ZERO_DAY
UNSW-NB15,zeroday,417,Shellcode,0,0.266509,0.38338,KNOWN
UNSW-NB15,zeroday,418,Shellcode,0,0.505639,0.38338,ZERO_DAY
UNSW-NB15,zeroday,419,Shellcode,0,0.340326,0.38338,KNOWN
UNSW-NB15,zeroday,420,Shellcode,0,0.635194,0.38338,ZERO_DAY
UNSW-NB15,zeroday,421,Shellcode,0,0.827212,0.38338,ZERO_DAY
UNSW-NB15,zeroday,422,Shellcode,0,0.413431,0.38338,ZERO_DAY
UNSW-NB15,zeroday,423,Shellcode,0,0.644026,0.38338,ZERO_DAY
UNSW-NB15,zeroday,424,Shellcode,0,0.392977,0.38338,ZERO_DAY
UNSW-NB15,zeroday,425,Shellcode,0,0.289458,0.38338,KNOWN
UNSW-NB15,zeroday,426,Worms,0,0.390263,0.38338,ZERO_DAY
UNSW-NB15,zeroday,427,Worms,0,0.385007,0.38338,ZERO_DAY
UNSW-NB15,zeroday,428,Shellcode,0,0.510565,0.38338,ZERO_DAY
UNSW-NB15,zeroday,429,Shellcode,0,0.544116,0.38338,ZERO_DAY
UNSW-NB15,zeroday,430,Shellcode,0,0.379573,0.38338,KNOWN
UNSW-NB15,zeroday,431,Shellcode,0,0.42172,0.38338,ZERO_DAY
UNSW-NB15,zeroday,432,Shellcode,0,0.262514,0.38338,KNOWN
UNSW-NB15,zeroday,433,Shellcode,0,0.498319,0.38338,ZERO_DAY
UNSW-NB15,zeroday,434,Shellcode,0,0.247543,0.38338,KNOWN
UNSW-NB15,zeroday,435,Shellcode,0,0.503157,0.38338,ZERO_DAY
UNSW-NB15,zeroday,436,Shellcode,0,0.591348,0.38338,ZERO_DAY
UNSW-NB15,zeroday,437,Worms,0,0.264265,0.38338,KNOWN
UNSW-NB15,zeroday,438,Shellcode,0,0.33409,0.38338,KNOWN
UNSW-NB15,zeroday,439,Worms,0,0.443434,0.38338,ZERO_DAY
UNSW-NB15,zeroday,440,Worms,0,0.38489,0.38338,ZERO_DAY
UNSW-NB15,zeroday,441,Shellcode,0,0.365615,0.38338,KNOWN
UNSW-NB15,zeroday,442,Shellcode,0,0.493115,0.38338,ZERO_DAY
UNSW-NB15,zeroday,443,Shellcode,0,0.277481,0.38338,KNOWN
UNSW-NB15,zeroday,444,Shellcode,0,0.37201,0.38338,KNOWN
UNSW-NB15,zeroday,445,Shellcode,0,0.258095,0.38338,KNOWN
UNSW-NB15,zeroday,446,Shellcode,0,0.412621,0.38338,ZERO_DAY
UNSW-NB15,zeroday,447,Shellcode,0,0.155476,0.38338,KNOWN
UNSW-NB15,zeroday,448,Shellcode,0,0.382864,0.38338,KNOWN
UNSW-NB15,zeroday,449,Shellcode,0,0.533105,0.38338,ZERO_DAY
UNSW-NB15,zeroday,450,Worms,0,0.414028,0.38338,ZERO_DAY
UNSW-NB15,zeroday,451,Worms,0,0.287627,0.38338,KNOWN
UNSW-NB15,zeroday,452,Shellcode,0,0.339345,0.38338,KNOWN
UNSW-NB15,zeroday,453,Shellcode,0,0.325079,0.38338,KNOWN
UNSW-NB15,zeroday,454,Worms,0,0.095335,0.38338,KNOWN
UNSW-NB15,zeroday,455,Shellcode,0,0.279423,0.38338,KNOWN
UNSW-NB15,zeroday,456,Shellcode,0,0.184473,0.38338,KNOWN
UNSW-NB15,zeroday,457,Shellcode,0,0.448492,0.38338,ZERO_DAY
UNSW-NB15,zeroday,458,Shellcode,0,0.305266,0.38338,KNOWN
UNSW-NB15,zeroday,459,Shellcode,0,0.248202,0.38338,KNOWN
UNSW-NB15,zeroday,460,Shellcode,0,0.329513,0.38338,KNOWN
UNSW-NB15,zeroday,461,Shellcode,0,0.277962,0.38338,KNOWN
UNSW-NB15,zeroday,462,Shellcode,0,0.477205,0.38338,ZERO_DAY
UNSW-NB15,zeroday,463,Shellcode,0,0.217974,0.38338,KNOWN
UNSW-NB15,zeroday,464,Shellcode,0,0.274057,0.38338,KNOWN
UNSW-NB15,zeroday,465,Shellcode,0,0.510875,0.38338,ZERO_DAY
UNSW-NB15,zeroday,466,Shellcode,0,0.379153,0.38338,KNOWN
UNSW-NB15,zeroday,467,Shellcode,0,0.218183,0.38338,KNOWN
UNSW-NB15,zeroday,468,Shellcode,0,0.254933,0.38338,KNOWN
UNSW-NB15,zeroday,469,Worms,0,0.263795,0.38338,KNOWN
UNSW-NB15,zeroday,470,Shellcode,0,0.242722,0.38338,KNOWN
UNSW-NB15,zeroday,471,Worms,0,0.371393,0.38338,KNOWN
UNSW-NB15,zeroday,472,Shellcode,0,0.41694,0.38338,ZERO_DAY
UNSW-NB15,zeroday,473,Shellcode,0,0.282603,0.38338,KNOWN
UNSW-NB15,zeroday,474,Shellcode,0,0.288052,0.38338,KNOWN
UNSW-NB15,zeroday,475,Shellcode,0,0.563257,0.38338,ZERO_DAY
UNSW-NB15,zeroday,476,Shellcode,0,0.230166,0.38338,KNOWN
UNSW-NB15,zeroday,477,Shellcode,0,0.321535,0.38338,KNOWN
UNSW-NB15,zeroday,478,Shellcode,0,0.660993,0.38338,ZERO_DAY
UNSW-NB15,zeroday,479,Shellcode,0,0.158492,0.38338,KNOWN
UNSW-NB15,zeroday,480,Shellcode,0,0.533995,0.38338,ZERO_DAY
UNSW-NB15,zeroday,481,Shellcode,0,0.607771,0.38338,ZERO_DAY
UNSW-NB15,zeroday,482,Shellcode,0,0.455776,0.38338,ZERO_DAY
UNSW-NB15,zeroday,483,Shellcode,0,0.272503,0.38338,KNOWN
UNSW-NB15,zeroday,484,Worms,0,0.558852,0.38338,ZERO_DAY
UNSW-NB15,zeroday,485,Worms,0,0.405251,0.38338,ZERO_DAY
UNSW-NB15,zeroday,486,Shellcode,0,0.173419,0.38338,KNOWN
UNSW-NB15,zeroday,487,Shellcode,0,0.544829,0.38338,ZERO_DAY
UNSW-NB15,zeroday,488,Shellcode,0,0.243464,0.38338,KNOWN
UNSW-NB15,zeroday,489,Shellcode,0,0.459938,0.38338,ZERO_DAY
UNSW-NB15,zeroday,490,Shellcode,0,0.329057,0.38338,KNOWN
UNSW-NB15,zeroday,491,Worms,0,0.320352,0.38338,KNOWN
UNSW-NB15,zeroday,492,Shellcode,0,0.298076,0.38338,KNOWN
UNSW-NB15,zeroday,493,Shellcode,0,0.404822,0.38338,ZERO_DAY
UNSW-NB15,zeroday,494,Shellcode,0,0.428333,0.38338,ZERO_DAY
UNSW-NB15,zeroday,495,Shellcode,0,0.506597,0.38338,ZERO_DAY
UNSW-NB15,zeroday,496,Shellcode,0,0.268193,0.38338,KNOWN
UNSW-NB15,zeroday,497,Shellcode,0,0.23628,0.38338,KNOWN
UNSW-NB15,zeroday,498,Worms,0,0.288086,0.38338,KNOWN
UNSW-NB15,zeroday,499,Shellcode,0,0.407171,0.38338,ZERO_DAY
UNSW-NB15,zeroday,500,Shellcode,0,0.18648,0.38338,KNOWN
UNSW-NB15,zeroday,501,Shellcode,0,0.29889,0.38338,KNOWN
UNSW-NB15,zeroday,502,Shellcode,0,0.29635,0.38338,KNOWN
UNSW-NB15,zeroday,503,Shellcode,0,0.403263,0.38338,ZERO_DAY
UNSW-NB15,zeroday,504,Shellcode,0,0.431803,0.38338,ZERO_DAY
UNSW-NB15,zeroday,505,Shellcode,0,0.333646,0.38338,KNOWN
UNSW-NB15,zeroday,506,Shellcode,0,0.393445,0.38338,ZERO_DAY
UNSW-NB15,zeroday,507,Shellcode,0,0.460297,0.38338,ZERO_DAY
UNSW-NB15,zeroday,508,Shellcode,0,0.585632,0.38338,ZERO_DAY
UNSW-NB15,zeroday,509,Shellcode,0,0.199639,0.38338,KNOWN
UNSW-NB15,zeroday,510,Shellcode,0,0.260433,0.38338,KNOWN
UNSW-NB15,zeroday,511,Shellcode,0,0.604275,0.38338,ZERO_DAY
UNSW-NB15,zeroday,512,Shellcode,0,0.403428,0.38338,ZERO_DAY
UNSW-NB15,zeroday,513,Shellcode,0,0.426248,0.38338,ZERO_DAY
UNSW-NB15,zeroday,514,Shellcode,0,0.2883,0.38338,KNOWN
UNSW-NB15,zeroday,515,Shellcode,0,0.21238,0.38338,KNOWN
UNSW-NB15,zeroday,516,Worms,0,0.24542,0.38338,KNOWN
UNSW-NB15,zeroday,517,Shellcode,0,0.436483,0.38338,ZERO_DAY
UNSW-NB15,zeroday,518,Shellcode,0,0.299832,0.38338,KNOWN
UNSW-NB15,zeroday,519,Shellcode,0,0.63402,0.38338,ZERO_DAY
UNSW-NB15,zeroday,520,Shellcode,0,0.495419,0.38338,ZERO_DAY
UNSW-NB15,zeroday,521,Shellcode,0,0.312072,0.38338,KNOWN
UNSW-NB15,zeroday,522,Worms,0,0.401406,0.38338,ZERO_DAY
UNSW-NB15,zeroday,523,Shellcode,0,0.127272,0.38338,KNOWN
UNSW-NB15,zeroday,524,Shellcode,0,0.221055,0.38338,KNOWN
UNSW-NB15,zeroday,525,Shellcode,0,0.419515,0.38338,ZERO_DAY
UNSW-NB15,zeroday,526,Shellcode,0,0.241087,0.38338,KNOWN
UNSW-NB15,zeroday,527,Shellcode,0,0.442818,0.38338,ZERO_DAY
UNSW-NB15,zeroday,528,Shellcode,0,0.393124,0.38338,ZERO_DAY
UNSW-NB15,zeroday,529,Shellcode,0,0.344707,0.38338,KNOWN
UNSW-NB15,zeroday,530,Shellcode,0,0.233453,0.38338,KNOWN
UNSW-NB15,zeroday,531,Shellcode,0,0.388762,0.38338,ZERO_DAY
UNSW-NB15,zeroday,532,Shellcode,0,0.245361,0.38338,KNOWN
UNSW-NB15,zeroday,533,Shellcode,0,0.262434,0.38338,KNOWN
UNSW-NB15,zeroday,534,Shellcode,0,0.178716,0.38338,KNOWN
UNSW-NB15,zeroday,535,Shellcode,0,0.375714,0.38338,KNOWN
UNSW-NB15,zeroday,536,Shellcode,0,0.423016,0.38338,ZERO_DAY
UNSW-NB15,zeroday,537,Shellcode,0,0.235182,0.38338,KNOWN
UNSW-NB15,zeroday,538,Shellcode,0,0.229999,0.38338,KNOWN
UNSW-NB15,zeroday,539,Shellcode,0,0.494967,0.38338,ZERO_DAY
UNSW-NB15,zeroday,540,Shellcode,0,0.494136,0.38338,ZERO_DAY
UNSW-NB15,zeroday,541,Shellcode,0,0.339604,0.38338,KNOWN
UNSW-NB15,zeroday,542,Shellcode,0,0.370326,0.38338,KNOWN
UNSW-NB15,zeroday,543,Shellcode,0,0.429719,0.38338,ZERO_DAY
UNSW-NB15,zeroday,544,Shellcode,0,0.235039,0.38338,KNOWN
UNSW-NB15,zeroday,545,Shellcode,0,0.250494,0.38338,KNOWN
UNSW-NB15,zeroday,546,Worms,0,0.406075,0.38338,ZERO_DAY
UNSW-NB15,zeroday,547,Shellcode,0,0.569513,0.38338,ZERO_DAY
UNSW-NB15,zeroday,548,Shellcode,0,0.270531,0.38338,KNOWN
UNSW-NB15,zeroday,549,Shellcode,0,0.416601,0.38338,ZERO_DAY
UNSW-NB15,zeroday,550,Shellcode,0,0.341248,0.38338,KNOWN
UNSW-NB15,zeroday,551,Shellcode,0,0.496081,0.38338,ZERO_DAY
UNSW-NB15,zeroday,552,Shellcode,0,0.570857,0.38338,ZERO_DAY
UNSW-NB15,zeroday,553,Shellcode,0,0.321076,0.38338,KNOWN
UNSW-NB15,zeroday,554,Shellcode,0,0.386181,0.38338,ZERO_DAY
UNSW-NB15,zeroday,555,Shellcode,0,0.202765,0.38338,KNOWN
UNSW-NB15,zeroday,556,Worms,0,0.141773,0.38338,KNOWN
UNSW-NB15,zeroday,557,Shellcode,0,0.223496,0.38338,KNOWN
UNSW-NB15,zeroday,558,Shellcode,0,0.405663,0.38338,ZERO_DAY
UNSW-NB15,zeroday,559,Shellcode,0,0.214291,0.38338,KNOWN
UNSW-NB15,zeroday,560,Shellcode,0,0.354787,0.38338,KNOWN
UNSW-NB15,zeroday,561,Shellcode,0,0.24104,0.38338,KNOWN
UNSW-NB15,zeroday,562,Shellcode,0,0.284227,0.38338,KNOWN
UNSW-NB15,zeroday,563,Shellcode,0,0.381331,0.38338,KNOWN
UNSW-NB15,zeroday,564,Shellcode,0,0.50252,0.38338,ZERO_DAY
UNSW-NB15,zeroday,565,Shellcode,0,0.376514,0.38338,KNOWN
UNSW-NB15,zeroday,566,Shellcode,0,0.502594,0.38338,ZERO_DAY
UNSW-NB15,zeroday,567,Shellcode,0,0.377808,0.38338,KNOWN
UNSW-NB15,zeroday,568,Shellcode,0,0.186255,0.38338,KNOWN
UNSW-NB15,zeroday,569,Shellcode,0,0.316818,0.38338,KNOWN
UNSW-NB15,zeroday,570,Shellcode,0,0.123195,0.38338,KNOWN
UNSW-NB15,zeroday,571,Shellcode,0,0.255596,0.38338,KNOWN
UNSW-NB15,zeroday,572,Shellcode,0,0.311848,0.38338,KNOWN
UNSW-NB15,zeroday,573,Shellcode,0,0.328654,0.38338,KNOWN
UNSW-NB15,zeroday,574,Shellcode,0,0.352727,0.38338,KNOWN
UNSW-NB15,zeroday,575,Shellcode,0,0.399833,0.38338,ZERO_DAY
UNSW-NB15,zeroday,576,Shellcode,0,0.270491,0.38338,KNOWN
UNSW-NB15,zeroday,577,Shellcode,0,0.342778,0.38338,KNOWN
UNSW-NB15,zeroday,578,Worms,0,0.470335,0.38338,ZERO_DAY
UNSW-NB15,zeroday,579,Shellcode,0,0.206979,0.38338,KNOWN
UNSW-NB15,zeroday,580,Shellcode,0,0.472192,0.38338,ZERO_DAY
UNSW-NB15,zeroday,581,Shellcode,0,0.317698,0.38338,KNOWN
UNSW-NB15,zeroday,582,Shellcode,0,0.330353,0.38338,KNOWN
UNSW-NB15,zeroday,583,Shellcode,0,0.416559,0.38338,ZERO_DAY
UNSW-NB15,zeroday,584,Shellcode,0,0.537568,0.38338,ZERO_DAY
UNSW-NB15,zeroday,585,Shellcode,0,0.515579,0.38338,ZERO_DAY
UNSW-NB15,zeroday,586,Shellcode,0,0.220187,0.38338,KNOWN
UNSW-NB15,zeroday,587,Shellcode,0,0.157442,0.38338,KNOWN
UNSW-NB15,zeroday,588,Shellcode,0,0.359474,0.38338,KNOWN
UNSW-NB15,zeroday,589,Shellcode,0,0.326694,0.38338,KNOWN
UNSW-NB15,zeroday,590,Shellcode,0,0.389206,0.38338,ZERO_DAY
UNSW-NB15,zeroday,591,Shellcode,0,0.267535,0.38338,KNOWN
UNSW-NB15,zeroday,592,Shellcode,0,0.327933,0.38338,KNOWN
UNSW-NB15,zeroday,593,Worms,0,0.597032,0.38338,ZERO_DAY
UNSW-NB15,zeroday,594,Shellcode,0,0.109603,0.38338,KNOWN
UNSW-NB15,zeroday,595,Shellcode,0,0.09324,0.38338,KNOWN
UNSW-NB15,zeroday,596,Worms,0,0.365203,0.38338,KNOWN
UNSW-NB15,zeroday,597,Shellcode,0,0.265493,0.38338,KNOWN
UNSW-NB15,zeroday,598,Shellcode,0,0.721899,0.38338,ZERO_DAY
UNSW-NB15,zeroday,599,Shellcode,0,0.458357,0.38338,ZERO_DAY
UNSW-NB15,zeroday,600,Shellcode,0,0.228182,0.38338,KNOWN
UNSW-NB15,zeroday,601,Shellcode,0,0.433423,0.38338,ZERO_DAY
UNSW-NB15,zeroday,602,Shellcode,0,0.26535,0.38338,KNOWN
UNSW-NB15,zeroday,603,Shellcode,0,0.129374,0.38338,KNOWN
UNSW-NB15,zeroday,604,Shellcode,0,0.143872,0.38338,KNOWN
UNSW-NB15,zeroday,605,Shellcode,0,0.453135,0.38338,ZERO_DAY
UNSW-NB15,zeroday,606,Worms,0,0.291923,0.38338,KNOWN
UNSW-NB15,zeroday,607,Shellcode,0,0.240787,0.38338,KNOWN
UNSW-NB15,zeroday,608,Shellcode,0,0.304507,0.38338,KNOWN
UNSW-NB15,zeroday,609,Shellcode,0,0.409072,0.38338,ZERO_DAY
UNSW-NB15,zeroday,610,Shellcode,0,0.308558,0.38338,KNOWN
UNSW-NB15,zeroday,611,Shellcode,0,0.144433,0.38338,KNOWN
UNSW-NB15,zeroday,612,Shellcode,0,0.318081,0.38338,KNOWN
UNSW-NB15,zeroday,613,Shellcode,0,0.296263,0.38338,KNOWN
UNSW-NB15,zeroday,614,Shellcode,0,0.551636,0.38338,ZERO_DAY
UNSW-NB15,zeroday,615,Shellcode,0,0.258405,0.38338,KNOWN
UNSW-NB15,zeroday,616,Shellcode,0,0.136377,0.38338,KNOWN
UNSW-NB15,zeroday,617,Shellcode,0,0.200871,0.38338,KNOWN
UNSW-NB15,zeroday,618,Shellcode,0,0.225292,0.38338,KNOWN
UNSW-NB15,zeroday,619,Shellcode,0,0.304137,0.38338,KNOWN
UNSW-NB15,zeroday,620,Shellcode,0,0.389524,0.38338,ZERO_DAY
UNSW-NB15,zeroday,621,Shellcode,0,0.385248,0.38338,ZERO_DAY
UNSW-NB15,zeroday,622,Shellcode,0,0.088132,0.38338,KNOWN
UNSW-NB15,zeroday,623,Shellcode,0,0.129472,0.38338,KNOWN
UNSW-NB15,zeroday,624,Shellcode,0,0.434008,0.38338,ZERO_DAY
UNSW-NB15,zeroday,625,Shellcode,0,0.437364,0.38338,ZERO_DAY
UNSW-NB15,zeroday,626,Shellcode,0,0.262522,0.38338,KNOWN
UNSW-NB15,zeroday,627,Shellcode,0,0.136434,0.38338,KNOWN
UNSW-NB15,zeroday,628,Shellcode,0,0.239586,0.38338,KNOWN
UNSW-NB15,zeroday,629,Worms,0,0.209405,0.38338,KNOWN
UNSW-NB15,zeroday,630,Shellcode,0,0.421261,0.38338,ZERO_DAY
UNSW-NB15,zeroday,631,Shellcode,0,0.15674,0.38338,KNOWN
UNSW-NB15,zeroday,632,Shellcode,0,0.192908,0.38338,KNOWN
UNSW-NB15,zeroday,633,Shellcode,0,0.230876,0.38338,KNOWN
UNSW-NB15,zeroday,634,Shellcode,0,0.362605,0.38338,KNOWN
UNSW-NB15,zeroday,635,Worms,0,0.20771,0.38338,KNOWN
UNSW-NB15,zeroday,636,Shellcode,0,0.299963,0.38338,KNOWN
UNSW-NB15,zeroday,637,Shellcode,0,0.169301,0.38338,KNOWN
UNSW-NB15,zeroday,638,Shellcode,0,0.331572,0.38338,KNOWN
UNSW-NB15,zeroday,639,Shellcode,0,0.175582,0.38338,KNOWN
UNSW-NB15,zeroday,640,Shellcode,0,0.518641,0.38338,ZERO_DAY
UNSW-NB15,zeroday,641,Shellcode,0,0.508347,0.38338,ZERO_DAY
UNSW-NB15,zeroday,642,Shellcode,0,0.467913,0.38338,ZERO_DAY
UNSW-NB15,zeroday,643,Shellcode,0,0.162198,0.38338,KNOWN
UNSW-NB15,zeroday,644,Shellcode,0,0.586169,0.38338,ZERO_DAY
UNSW-NB15,zeroday,645,Shellcode,0,0.246466,0.38338,KNOWN
UNSW-NB15,zeroday,646,Shellcode,0,0.171394,0.38338,KNOWN
UNSW-NB15,zeroday,647,Shellcode,0,0.597989,0.38338,ZERO_DAY
UNSW-NB15,zeroday,648,Shellcode,0,0.338143,0.38338,KNOWN
UNSW-NB15,zeroday,649,Shellcode,0,0.289846,0.38338,KNOWN
UNSW-NB15,zeroday,650,Shellcode,0,0.098868,0.38338,KNOWN
UNSW-NB15,zeroday,651,Shellcode,0,0.21926,0.38338,KNOWN
UNSW-NB15,zeroday,652,Shellcode,0,0.202963,0.38338,KNOWN
UNSW-NB15,zeroday,653,Shellcode,0,0.231567,0.38338,KNOWN
UNSW-NB15,zeroday,654,Shellcode,0,0.210621,0.38338,KNOWN
UNSW-NB15,zeroday,655,Shellcode,0,0.210326,0.38338,KNOWN
UNSW-NB15,zeroday,656,Shellcode,0,0.271411,0.38338,KNOWN
UNSW-NB15,zeroday,657,Shellcode,0,0.414615,0.38338,ZERO_DAY
UNSW-NB15,zeroday,658,Shellcode,0,0.390425,0.38338,ZERO_DAY
UNSW-NB15,zeroday,659,Shellcode,0,0.612414,0.38338,ZERO_DAY
UNSW-NB15,zeroday,660,Shellcode,0,0.412849,0.38338,ZERO_DAY
UNSW-NB15,zeroday,661,Shellcode,0,0.437306,0.38338,ZERO_DAY
UNSW-NB15,zeroday,662,Shellcode,0,0.240535,0.38338,KNOWN
UNSW-NB15,zeroday,663,Shellcode,0,0.224771,0.38338,KNOWN
UNSW-NB15,zeroday,664,Shellcode,0,0.338938,0.38338,KNOWN
UNSW-NB15,zeroday,665,Shellcode,0,0.381484,0.38338,KNOWN
UNSW-NB15,zeroday,666,Shellcode,0,0.3185,0.38338,KNOWN
UNSW-NB15,zeroday,667,Shellcode,0,0.270513,0.38338,KNOWN
UNSW-NB15,zeroday,668,Shellcode,0,0.645487,0.38338,ZERO_DAY
UNSW-NB15,zeroday,669,Shellcode,0,0.129517,0.38338,KNOWN
UNSW-NB15,zeroday,670,Shellcode,0,0.224204,0.38338,KNOWN
UNSW-NB15,zeroday,671,Shellcode,0,0.639076,0.38338,ZERO_DAY
UNSW-NB15,zeroday,672,Shellcode,0,0.238072,0.38338,KNOWN
UNSW-NB15,zeroday,673,Shellcode,0,0.226397,0.38338,KNOWN
UNSW-NB15,zeroday,674,Shellcode,0,0.574421,0.38338,ZERO_DAY
UNSW-NB15,zeroday,675,Shellcode,0,0.349447,0.38338,KNOWN
UNSW-NB15,zeroday,676,Shellcode,0,0.307036,0.38338,KNOWN
UNSW-NB15,zeroday,677,Shellcode,0,0.225228,0.38338,KNOWN
UNSW-NB15,zeroday,678,Shellcode,0,0.565524,0.38338,ZERO_DAY
UNSW-NB15,zeroday,679,Shellcode,0,0.211594,0.38338,KNOWN
UNSW-NB15,zeroday,680,Shellcode,0,0.373052,0.38338,KNOWN
UNSW-NB15,zeroday,681,Worms,0,0.321467,0.38338,KNOWN
UNSW-NB15,zeroday,682,Shellcode,0,0.192872,0.38338,KNOWN
UNSW-NB15,zeroday,683,Shellcode,0,0.331874,0.38338,KNOWN
UNSW-NB15,zeroday,684,Shellcode,0,0.251042,0.38338,KNOWN
UNSW-NB15,zeroday,685,Shellcode,0,0.297746,0.38338,KNOWN
UNSW-NB15,zeroday,686,Worms,0,0.246146,0.38338,KNOWN
UNSW-NB15,zeroday,687,Shellcode,0,0.480121,0.38338,ZERO_DAY
UNSW-NB15,zeroday,688,Shellcode,0,0.067517,0.38338,KNOWN
UNSW-NB15,zeroday,689,Worms,0,0.541424,0.38338,ZERO_DAY
UNSW-NB15,zeroday,690,Shellcode,0,0.359277,0.38338,KNOWN
UNSW-NB15,zeroday,691,Shellcode,0,0.590272,0.38338,ZERO_DAY
UNSW-NB15,zeroday,692,Shellcode,0,0.345376,0.38338,KNOWN
UNSW-NB15,zeroday,693,Shellcode,0,0.527838,0.38338,ZERO_DAY
UNSW-NB15,zeroday,694,Shellcode,0,0.701653,0.38338,ZERO_DAY
UNSW-NB15,zeroday,695,Shellcode,0,0.396623,0.38338,ZERO_DAY
UNSW-NB15,zeroday,696,Shellcode,0,0.116138,0.38338,KNOWN
UNSW-NB15,zeroday,697,Shellcode,0,0.228877,0.38338,KNOWN
UNSW-NB15,zeroday,698,Shellcode,0,0.275534,0.38338,KNOWN
UNSW-NB15,zeroday,699,Shellcode,0,0.826738,0.38338,ZERO_DAY
UNSW-NB15,zeroday,700,Shellcode,0,0.366012,0.38338,KNOWN
UNSW-NB15,zeroday,701,Shellcode,0,0.528657,0.38338,ZERO_DAY
UNSW-NB15,zeroday,702,Shellcode,0,0.241242,0.38338,KNOWN
UNSW-NB15,zeroday,703,Shellcode,0,0.418842,0.38338,ZERO_DAY
UNSW-NB15,zeroday,704,Shellcode,0,0.283238,0.38338,KNOWN
UNSW-NB15,zeroday,705,Shellcode,0,0.142017,0.38338,KNOWN
UNSW-NB15,zeroday,706,Shellcode,0,0.395194,0.38338,ZERO_DAY
UNSW-NB15,zeroday,707,Shellcode,0,0.340954,0.38338,KNOWN
UNSW-NB15,zeroday,708,Shellcode,0,0.527663,0.38338,ZERO_DAY
UNSW-NB15,zeroday,709,Shellcode,0,0.420424,0.38338,ZERO_DAY
UNSW-NB15,zeroday,710,Shellcode,0,0.282343,0.38338,KNOWN
UNSW-NB15,zeroday,711,Worms,0,0.313987,0.38338,KNOWN
UNSW-NB15,zeroday,712,Shellcode,0,0.366929,0.38338,KNOWN
UNSW-NB15,zeroday,713,Shellcode,0,0.260009,0.38338,KNOWN
UNSW-NB15,zeroday,714,Shellcode,0,0.32168,0.38338,KNOWN
UNSW-NB15,zeroday,715,Shellcode,0,0.516082,0.38338,ZERO_DAY
UNSW-NB15,zeroday,716,Worms,0,0.315456,0.38338,KNOWN
UNSW-NB15,zeroday,717,Shellcode,0,0.366133,0.38338,KNOWN
UNSW-NB15,zeroday,718,Shellcode,0,0.228963,0.38338,KNOWN
UNSW-NB15,zeroday,719,Worms,0,0.382736,0.38338,KNOWN
UNSW-NB15,zeroday,720,Worms,0,0.239501,0.38338,KNOWN
UNSW-NB15,zeroday,721,Worms,0,0.293206,0.38338,KNOWN
UNSW-NB15,zeroday,722,Shellcode,0,0.264114,0.38338,KNOWN
UNSW-NB15,zeroday,723,Worms,0,0.455382,0.38338,ZERO_DAY
UNSW-NB15,zeroday,724,Shellcode,0,0.13107,0.38338,KNOWN
UNSW-NB15,zeroday,725,Shellcode,0,0.136868,0.38338,KNOWN
UNSW-NB15,zeroday,726,Shellcode,0,0.390134,0.38338,ZERO_DAY
UNSW-NB15,zeroday,727,Shellcode,0,0.469142,0.38338,ZERO_DAY
UNSW-NB15,zeroday,728,Shellcode,0,0.412689,0.38338,ZERO_DAY
UNSW-NB15,zeroday,729,Shellcode,0,0.426444,0.38338,ZERO_DAY
UNSW-NB15,zeroday,730,Shellcode,0,0.194366,0.38338,KNOWN
UNSW-NB15,zeroday,731,Shellcode,0,0.464469,0.38338,ZERO_DAY
UNSW-NB15,zeroday,732,Worms,0,0.26429,0.38338,KNOWN
UNSW-NB15,zeroday,733,Shellcode,0,0.462894,0.38338,ZERO_DAY
UNSW-NB15,zeroday,734,Shellcode,0,0.555895,0.38338,ZERO_DAY
UNSW-NB15,zeroday,735,Shellcode,0,0.120316,0.38338,KNOWN
UNSW-NB15,zeroday,736,Shellcode,0,0.141606,0.38338,KNOWN
UNSW-NB15,zeroday,737,Worms,0,0.250204,0.38338,KNOWN
UNSW-NB15,zeroday,738,Shellcode,0,0.256387,0.38338,KNOWN
UNSW-NB15,zeroday,739,Shellcode,0,0.277514,0.38338,KNOWN
UNSW-NB15,zeroday,740,Shellcode,0,0.499389,0.38338,ZERO_DAY
UNSW-NB15,zeroday,741,Shellcode,0,0.456041,0.38338,ZERO_DAY
UNSW-NB15,zeroday,742,Shellcode,0,0.417678,0.38338,ZERO_DAY
UNSW-NB15,zeroday,743,Shellcode,0,0.588991,0.38338,ZERO_DAY
UNSW-NB15,zeroday,744,Shellcode,0,0.464505,0.38338,ZERO_DAY
UNSW-NB15,zeroday,745,Shellcode,0,0.185201,0.38338,KNOWN
UNSW-NB15,zeroday,746,Worms,0,0.30518,0.38338,KNOWN
UNSW-NB15,zeroday,747,Shellcode,0,0.280742,0.38338,KNOWN
UNSW-NB15,zeroday,748,Shellcode,0,0.484395,0.38338,ZERO_DAY
UNSW-NB15,zeroday,749,Shellcode,0,0.404941,0.38338,ZERO_DAY
UNSW-NB15,zeroday,750,Shellcode,0,0.371421,0.38338,KNOWN
UNSW-NB15,zeroday,751,Worms,0,0.383909,0.38338,ZERO_DAY
UNSW-NB15,zeroday,752,Shellcode,0,0.5132,0.38338,ZERO_DAY
UNSW-NB15,zeroday,753,Shellcode,0,0.46457,0.38338,ZERO_DAY
UNSW-NB15,zeroday,754,Shellcode,0,0.234313,0.38338,KNOWN
UNSW-NB15,zeroday,755,Shellcode,0,0.624275,0.38338,ZERO_DAY
UNSW-NB15,zeroday,756,Shellcode,0,0.584364,0.38338,ZERO_DAY
UNSW-NB15,zeroday,757,Shellcode,0,0.450293,0.38338,ZERO_DAY
UNSW-NB15,zeroday,758,Shellcode,0,0.400791,0.38338,ZERO_DAY
UNSW-NB15,zeroday,759,Shellcode,0,0.414949,0.38338,ZERO_DAY
UNSW-NB15,zeroday,760,Worms,0,0.206805,0.38338,KNOWN
UNSW-NB15,zeroday,761,Shellcode,0,0.204391,0.38338,KNOWN
UNSW-NB15,zeroday,762,Shellcode,0,0.240035,0.38338,KNOWN
UNSW-NB15,zeroday,763,Shellcode,0,0.468857,0.38338,ZERO_DAY
UNSW-NB15,zeroday,764,Shellcode,0,0.308066,0.38338,KNOWN
UNSW-NB15,zeroday,765,Shellcode,0,0.218635,0.38338,KNOWN
UNSW-NB15,zeroday,766,Shellcode,0,0.377082,0.38338,KNOWN
UNSW-NB15,zeroday,767,Shellcode,0,0.342466,0.38338,KNOWN
UNSW-NB15,zeroday,768,Shellcode,0,0.299186,0.38338,KNOWN
UNSW-NB15,zeroday,769,Shellcode,0,0.319679,0.38338,KNOWN
UNSW-NB15,zeroday,770,Shellcode,0,0.257981,0.38338,KNOWN
UNSW-NB15,zeroday,771,Worms,0,0.433054,0.38338,ZERO_DAY
UNSW-NB15,zeroday,772,Shellcode,0,0.304145,0.38338,KNOWN
UNSW-NB15,zeroday,773,Shellcode,0,0.208052,0.38338,KNOWN
UNSW-NB15,zeroday,774,Shellcode,0,0.081431,0.38338,KNOWN
UNSW-NB15,zeroday,775,Shellcode,0,0.138373,0.38338,KNOWN
UNSW-NB15,zeroday,776,Worms,0,0.630843,0.38338,ZERO_DAY
UNSW-NB15,zeroday,777,Shellcode,0,0.161065,0.38338,KNOWN
UNSW-NB15,zeroday,778,Shellcode,0,0.298814,0.38338,KNOWN
UNSW-NB15,zeroday,779,Shellcode,0,0.384116,0.38338,ZERO_DAY
UNSW-NB15,zeroday,780,Shellcode,0,0.160141,0.38338,KNOWN
UNSW-NB15,zeroday,781,Shellcode,0,0.285559,0.38338,KNOWN
UNSW-NB15,zeroday,782,Shellcode,0,0.599623,0.38338,ZERO_DAY
UNSW-NB15,zeroday,783,Shellcode,0,0.436982,0.38338,ZERO_DAY
UNSW-NB15,zeroday,784,Shellcode,0,0.582266,0.38338,ZERO_DAY
UNSW-NB15,zeroday,785,Shellcode,0,0.358898,0.38338,KNOWN
UNSW-NB15,zeroday,786,Shellcode,0,0.419406,0.38338,ZERO_DAY
UNSW-NB15,zeroday,787,Shellcode,0,0.258135,0.38338,KNOWN
UNSW-NB15,zeroday,788,Shellcode,0,0.643315,0.38338,ZERO_DAY
UNSW-NB15,zeroday,789,Shellcode,0,0.12449,0.38338,KNOWN
UNSW-NB15,zeroday,790,Worms,0,0.454912,0.38338,ZERO_DAY
UNSW-NB15,zeroday,791,Shellcode,0,0.327212,0.38338,KNOWN
UNSW-NB15,zeroday,792,Shellcode,0,0.391239,0.38338,ZERO_DAY
UNSW-NB15,zeroday,793,Shellcode,0,0.518156,0.38338,ZERO_DAY
UNSW-NB15,zeroday,794,Shellcode,0,0.574801,0.38338,ZERO_DAY
UNSW-NB15,zeroday,795,Shellcode,0,0.374526,0.38338,KNOWN
UNSW-NB15,zeroday,796,Shellcode,0,0.156742,0.38338,KNOWN
UNSW-NB15,zeroday,797,Shellcode,0,0.204047,0.38338,KNOWN
UNSW-NB15,zeroday,798,Shellcode,0,0.466745,0.38338,ZERO_DAY
UNSW-NB15,zeroday,799,Shellcode,0,0.527802,0.38338,ZERO_DAY
UNSW-NB15,zeroday,800,Shellcode,0,0.280802,0.38338,KNOWN
UNSW-NB15,zeroday,801,Worms,0,0.202802,0.38338,KNOWN
UNSW-NB15,zeroday,802,Shellcode,0,0.475361,0.38338,ZERO_DAY
UNSW-NB15,zeroday,803,Shellcode,0,0.365997,0.38338,KNOWN
UNSW-NB15,zeroday,804,Shellcode,0,0.498977,0.38338,ZERO_DAY
UNSW-NB15,zeroday,805,Shellcode,0,0.207961,0.38338,KNOWN
UNSW-NB15,zeroday,806,Shellcode,0,0.382969,0.38338,KNOWN
UNSW-NB15,zeroday,807,Worms,0,0.313423,0.38338,KNOWN
UNSW-NB15,zeroday,808,Shellcode,0,0.404277,0.38338,ZERO_DAY
UNSW-NB15,zeroday,809,Shellcode,0,0.44248,0.38338,ZERO_DAY
UNSW-NB15,zeroday,810,Worms,0,0.299278,0.38338,KNOWN
UNSW-NB15,zeroday,811,Shellcode,0,0.184659,0.38338,KNOWN
UNSW-NB15,zeroday,812,Shellcode,0,0.326507,0.38338,KNOWN
UNSW-NB15,zeroday,813,Shellcode,0,0.348129,0.38338,KNOWN
UNSW-NB15,zeroday,814,Shellcode,0,0.572327,0.38338,ZERO_DAY
UNSW-NB15,zeroday,815,Shellcode,0,0.323787,0.38338,KNOWN
UNSW-NB15,zeroday,816,Shellcode,0,0.415375,0.38338,ZERO_DAY
UNSW-NB15,zeroday,817,Worms,0,0.339605,0.38338,KNOWN
UNSW-NB15,zeroday,818,Shellcode,0,0.251199,0.38338,KNOWN
UNSW-NB15,zeroday,819,Worms,0,0.524032,0.38338,ZERO_DAY
UNSW-NB15,zeroday,820,Shellcode,0,0.479079,0.38338,ZERO_DAY
UNSW-NB15,zeroday,821,Worms,0,0.175944,0.38338,KNOWN
UNSW-NB15,zeroday,822,Shellcode,0,0.328411,0.38338,KNOWN
UNSW-NB15,zeroday,823,Shellcode,0,0.632243,0.38338,ZERO_DAY
UNSW-NB15,zeroday,824,Shellcode,0,0.471774,0.38338,ZERO_DAY
UNSW-NB15,zeroday,825,Shellcode,0,0.361493,0.38338,KNOWN
UNSW-NB15,zeroday,826,Shellcode,0,0.395549,0.38338,ZERO_DAY
UNSW-NB15,zeroday,827,Shellcode,0,0.334292,0.38338,KNOWN
UNSW-NB15,zeroday,828,Shellcode,0,0.221776,0.38338,KNOWN
UNSW-NB15,zeroday,829,Shellcode,0,0.554496,0.38338,ZERO_DAY
UNSW-NB15,zeroday,830,Shellcode,0,0.330249,0.38338,KNOWN
UNSW-NB15,zeroday,831,Worms,0,0.427673,0.38338,ZERO_DAY
UNSW-NB15,zeroday,832,Shellcode,0,0.428173,0.38338,ZERO_DAY
UNSW-NB15,zeroday,833,Shellcode,0,0.240695,0.38338,KNOWN
UNSW-NB15,zeroday,834,Worms,0,0.439771,0.38338,ZERO_DAY
UNSW-NB15,zeroday,835,Shellcode,0,0.348983,0.38338,KNOWN
UNSW-NB15,zeroday,836,Shellcode,0,0.248671,0.38338,KNOWN
UNSW-NB15,zeroday,837,Shellcode,0,0.176672,0.38338,KNOWN
UNSW-NB15,zeroday,838,Shellcode,0,0.28314,0.38338,KNOWN
UNSW-NB15,zeroday,839,Shellcode,0,0.275853,0.38338,KNOWN
UNSW-NB15,zeroday,840,Shellcode,0,0.200881,0.38338,KNOWN
UNSW-NB15,zeroday,841,Shellcode,0,0.264685,0.38338,KNOWN
UNSW-NB15,zeroday,842,Shellcode,0,0.350878,0.38338,KNOWN
UNSW-NB15,zeroday,843,Shellcode,0,0.452894,0.38338,ZERO_DAY
UNSW-NB15,zeroday,844,Shellcode,0,0.239515,0.38338,KNOWN
UNSW-NB15,zeroday,845,Shellcode,0,0.207051,0.38338,KNOWN
UNSW-NB15,zeroday,846,Shellcode,0,0.536575,0.38338,ZERO_DAY
UNSW-NB15,zeroday,847,Shellcode,0,0.188121,0.38338,KNOWN
UNSW-NB15,zeroday,848,Shellcode,0,0.100578,0.38338,KNOWN
UNSW-NB15,zeroday,849,Shellcode,0,0.488039,0.38338,ZERO_DAY
UNSW-NB15,zeroday,850,Shellcode,0,0.318227,0.38338,KNOWN
UNSW-NB15,zeroday,851,Shellcode,0,0.243865,0.38338,KNOWN
UNSW-NB15,zeroday,852,Shellcode,0,0.423391,0.38338,ZERO_DAY
UNSW-NB15,zeroday,853,Shellcode,0,0.329364,0.38338,KNOWN
UNSW-NB15,zeroday,854,Shellcode,0,0.347937,0.38338,KNOWN
UNSW-NB15,zeroday,855,Shellcode,0,0.403034,0.38338,ZERO_DAY
UNSW-NB15,zeroday,856,Shellcode,0,0.329181,0.38338,KNOWN
UNSW-NB15,zeroday,857,Shellcode,0,0.357155,0.38338,KNOWN
UNSW-NB15,zeroday,858,Shellcode,0,0.280217,0.38338,KNOWN
UNSW-NB15,zeroday,859,Worms,0,0.591715,0.38338,ZERO_DAY
UNSW-NB15,zeroday,860,Shellcode,0,0.42772,0.38338,ZERO_DAY
UNSW-NB15,zeroday,861,Worms,0,0.346392,0.38338,KNOWN
UNSW-NB15,zeroday,862,Shellcode,0,0.28253,0.38338,KNOWN
UNSW-NB15,zeroday,863,Shellcode,0,0.303413,0.38338,KNOWN
UNSW-NB15,zeroday,864,Shellcode,0,0.234277,0.38338,KNOWN
UNSW-NB15,zeroday,865,Shellcode,0,0.444332,0.38338,ZERO_DAY
UNSW-NB15,zeroday,866,Shellcode,0,0.374532,0.38338,KNOWN
UNSW-NB15,zeroday,867,Shellcode,0,0.193833,0.38338,KNOWN
UNSW-NB15,zeroday,868,Shellcode,0,0.188742,0.38338,KNOWN
UNSW-NB15,zeroday,869,Shellcode,0,0.102711,0.38338,KNOWN
UNSW-NB15,zeroday,870,Shellcode,0,0.51056,0.38338,ZERO_DAY
UNSW-NB15,zeroday,871,Worms,0,0.386057,0.38338,ZERO_DAY
UNSW-NB15,zeroday,872,Shellcode,0,0.249683,0.38338,KNOWN
UNSW-NB15,zeroday,873,Shellcode,0,0.365965,0.38338,KNOWN
UNSW-NB15,zeroday,874,Shellcode,0,0.555251,0.38338,ZERO_DAY
UNSW-NB15,zeroday,875,Shellcode,0,0.289601,0.38338,KNOWN
UNSW-NB15,zeroday,876,Worms,0,0.362805,0.38338,KNOWN
UNSW-NB15,zeroday,877,Shellcode,0,0.38754,0.38338,ZERO_DAY
UNSW-NB15,zeroday,878,Shellcode,0,0.238034,0.38338,KNOWN
UNSW-NB15,zeroday,879,Shellcode,0,0.19119,0.38338,KNOWN
UNSW-NB15,zeroday,880,Shellcode,0,0.229686,0.38338,KNOWN
UNSW-NB15,zeroday,881,Worms,0,0.327561,0.38338,KNOWN
UNSW-NB15,zeroday,882,Shellcode,0,0.464499,0.38338,ZERO_DAY
UNSW-NB15,zeroday,883,Worms,0,0.262144,0.38338,KNOWN
UNSW-NB15,zeroday,884,Shellcode,0,0.508834,0.38338,ZERO_DAY
UNSW-NB15,zeroday,885,Shellcode,0,0.453379,0.38338,ZERO_DAY
UNSW-NB15,zeroday,886,Shellcode,0,0.366879,0.38338,KNOWN
UNSW-NB15,zeroday,887,Shellcode,0,0.581637,0.38338,ZERO_DAY
UNSW-NB15,zeroday,888,Shellcode,0,0.316259,0.38338,KNOWN
UNSW-NB15,zeroday,889,Shellcode,0,0.105095,0.38338,KNOWN
UNSW-NB15,zeroday,890,Worms,0,0.297798,0.38338,KNOWN
UNSW-NB15,zeroday,891,Shellcode,0,0.664338,0.38338,ZERO_DAY
UNSW-NB15,zeroday,892,Shellcode,0,0.470279,0.38338,ZERO_DAY
UNSW-NB15,zeroday,893,Shellcode,0,0.343884,0.38338,KNOWN
UNSW-NB15,zeroday,894,Shellcode,0,0.595425,0.38338,ZERO_DAY
UNSW-NB15,zeroday,895,Shellcode,0,0.309047,0.38338,KNOWN
UNSW-NB15,zeroday,896,Shellcode,0,0.295444,0.38338,KNOWN
UNSW-NB15,zeroday,897,Shellcode,0,0.582357,0.38338,ZERO_DAY
UNSW-NB15,zeroday,898,Shellcode,0,0.240374,0.38338,KNOWN
UNSW-NB15,zeroday,899,Shellcode,0,0.338183,0.38338,KNOWN
UNSW-NB15,zeroday,900,Shellcode,0,0.497916,0.38338,ZERO_DAY
UNSW-NB15,zeroday,901,Shellcode,0,0.288491,0.38338,KNOWN
UNSW-NB15,zeroday,902,Shellcode,0,0.48201,0.38338,ZERO_DAY
UNSW-NB15,zeroday,903,Shellcode,0,0.33322,0.38338,KNOWN
UNSW-NB15,zeroday,904,Shellcode,0,0.353005,0.38338,KNOWN
UNSW-NB15,zeroday,905,Shellcode,0,0.278295,0.38338,KNOWN
UNSW-NB15,zeroday,906,Shellcode,0,0.421942,0.38338,ZERO_DAY
UNSW-NB15,zeroday,907,Shellcode,0,0.64443,0.38338,ZERO_DAY
UNSW-NB15,zeroday,908,Shellcode,0,0.453878,0.38338,ZERO_DAY
UNSW-NB15,zeroday,909,Shellcode,0,0.212945,0.38338,KNOWN
UNSW-NB15,zeroday,910,Shellcode,0,0.465416,0.38338,ZERO_DAY
UNSW-NB15,zeroday,911,Shellcode,0,0.230619,0.38338,KNOWN
UNSW-NB15,zeroday,912,Shellcode,0,0.509743,0.38338,ZERO_DAY
UNSW-NB15,zeroday,913,Worms,0,0.313066,0.38338,KNOWN
UNSW-NB15,zeroday,914,Shellcode,0,0.433415,0.38338,ZERO_DAY
UNSW-NB15,zeroday,915,Shellcode,0,0.238933,0.38338,KNOWN
UNSW-NB15,zeroday,916,Worms,0,0.38685,0.38338,ZERO_DAY
UNSW-NB15,zeroday,917,Shellcode,0,0.441051,0.38338,ZERO_DAY
UNSW-NB15,zeroday,918,Shellcode,0,0.175738,0.38338,KNOWN
UNSW-NB15,zeroday,919,Shellcode,0,0.474669,0.38338,ZERO_DAY
UNSW-NB15,zeroday,920,Worms,0,0.432931,0.38338,ZERO_DAY
UNSW-NB15,zeroday,921,Shellcode,0,0.249078,0.38338,KNOWN
UNSW-NB15,zeroday,922,Shellcode,0,0.171716,0.38338,KNOWN
UNSW-NB15,zeroday,923,Shellcode,0,0.135293,0.38338,KNOWN
UNSW-NB15,zeroday,924,Shellcode,0,0.336704,0.38338,KNOWN
UNSW-NB15,zeroday,925,Shellcode,0,0.441185,0.38338,ZERO_DAY
UNSW-NB15,zeroday,926,Shellcode,0,0.357096,0.38338,KNOWN
UNSW-NB15,zeroday,927,Shellcode,0,0.336058,0.38338,KNOWN
UNSW-NB15,zeroday,928,Shellcode,0,0.197488,0.38338,KNOWN
UNSW-NB15,zeroday,929,Shellcode,0,0.187188,0.38338,KNOWN
UNSW-NB15,zeroday,930,Shellcode,0,0.523102,0.38338,ZERO_DAY
UNSW-NB15,zeroday,931,Shellcode,0,0.325685,0.38338,KNOWN
UNSW-NB15,zeroday,932,Shellcode,0,0.504065,0.38338,ZERO_DAY
UNSW-NB15,zeroday,933,Shellcode,0,0.205264,0.38338,KNOWN
UNSW-NB15,zeroday,934,Shellcode,0,0.660703,0.38338,ZERO_DAY
UNSW-NB15,zeroday,935,Shellcode,0,0.183052,0.38338,KNOWN
UNSW-NB15,zeroday,936,Shellcode,0,0.454103,0.38338,ZERO_DAY
UNSW-NB15,zeroday,937,Shellcode,0,0.247055,0.38338,KNOWN
UNSW-NB15,zeroday,938,Worms,0,0.244637,0.38338,KNOWN
UNSW-NB15,zeroday,939,Shellcode,0,0.49025,0.38338,ZERO_DAY
UNSW-NB15,zeroday,940,Shellcode,0,0.229843,0.38338,KNOWN
UNSW-NB15,zeroday,941,Shellcode,0,0.127462,0.38338,KNOWN
UNSW-NB15,zeroday,942,Shellcode,0,0.636099,0.38338,ZERO_DAY
UNSW-NB15,zeroday,943,Shellcode,0,0.36789,0.38338,KNOWN
UNSW-NB15,zeroday,944,Shellcode,0,0.175295,0.38338,KNOWN
UNSW-NB15,zeroday,945,Shellcode,0,0.544936,0.38338,ZERO_DAY
UNSW-NB15,zeroday,946,Shellcode,0,0.125874,0.38338,KNOWN
UNSW-NB15,zeroday,947,Worms,0,0.397277,0.38338,ZERO_DAY
UNSW-NB15,zeroday,948,Shellcode,0,0.57293,0.38338,ZERO_DAY
UNSW-NB15,zeroday,949,Shellcode,0,0.587268,0.38338,ZERO_DAY
UNSW-NB15,zeroday,950,Shellcode,0,0.523675,0.38338,ZERO_DAY
UNSW-NB15,zeroday,951,Shellcode,0,0.611954,0.38338,ZERO_DAY
UNSW-NB15,zeroday,952,Shellcode,0,0.415901,0.38338,ZERO_DAY
UNSW-NB15,zeroday,953,Shellcode,0,0.359045,0.38338,KNOWN
UNSW-NB15,zeroday,954,Shellcode,0,0.612206,0.38338,ZERO_DAY
UNSW-NB15,zeroday,955,Shellcode,0,0.380986,0.38338,KNOWN
UNSW-NB15,zeroday,956,Shellcode,0,0.262118,0.38338,KNOWN
UNSW-NB15,zeroday,957,Shellcode,0,0.537882,0.38338,ZERO_DAY
UNSW-NB15,zeroday,958,Shellcode,0,0.314109,0.38338,KNOWN
UNSW-NB15,zeroday,959,Shellcode,0,0.265432,0.38338,KNOWN
UNSW-NB15,zeroday,960,Shellcode,0,0.449763,0.38338,ZERO_DAY
UNSW-NB15,zeroday,961,Shellcode,0,0.207295,0.38338,KNOWN
UNSW-NB15,zeroday,962,Shellcode,0,0.625686,0.38338,ZERO_DAY
UNSW-NB15,zeroday,963,Shellcode,0,0.357139,0.38338,KNOWN
UNSW-NB15,zeroday,964,Shellcode,0,0.304269,0.38338,KNOWN
UNSW-NB15,zeroday,965,Shellcode,0,0.126452,0.38338,KNOWN
UNSW-NB15,zeroday,966,Shellcode,0,0.546607,0.38338,ZERO_DAY
UNSW-NB15,zeroday,967,Shellcode,0,0.327981,0.38338,KNOWN
UNSW-NB15,zeroday,968,Shellcode,0,0.469662,0.38338,ZERO_DAY
UNSW-NB15,zeroday,969,Shellcode,0,0.243668,0.38338,KNOWN
UNSW-NB15,zeroday,970,Shellcode,0,0.395268,0.38338,ZERO_DAY
UNSW-NB15,zeroday,971,Worms,0,0.343396,0.38338,KNOWN
UNSW-NB15,zeroday,972,Shellcode,0,0.612074,0.38338,ZERO_DAY
UNSW-NB15,zeroday,973,Shellcode,0,0.432513,0.38338,ZERO_DAY
UNSW-NB15,zeroday,974,Worms,0,0.291952,0.38338,KNOWN
UNSW-NB15,zeroday,975,Shellcode,0,0.405931,0.38338,ZERO_DAY
UNSW-NB15,zeroday,976,Worms,0,0.170677,0.38338,KNOWN
UNSW-NB15,zeroday,977,Shellcode,0,0.267088,0.38338,KNOWN
UNSW-NB15,zeroday,978,Shellcode,0,0.30029,0.38338,KNOWN
UNSW-NB15,zeroday,979,Shellcode,0,0.480923,0.38338,ZERO_DAY
UNSW-NB15,zeroday,980,Shellcode,0,0.26254,0.38338,KNOWN
UNSW-NB15,zeroday,981,Shellcode,0,0.443807,0.38338,ZERO_DAY
UNSW-NB15,zeroday,982,Shellcode,0,0.248975,0.38338,KNOWN
UNSW-NB15,zeroday,983,Shellcode,0,0.174819,0.38338,KNOWN
UNSW-NB15,zeroday,984,Shellcode,0,0.318853,0.38338,KNOWN
UNSW-NB15,zeroday,985,Shellcode,0,0.371549,0.38338,KNOWN
UNSW-NB15,zeroday,986,Shellcode,0,0.439824,0.38338,ZERO_DAY
UNSW-NB15,zeroday,987,Worms,0,0.264308,0.38338,KNOWN
UNSW-NB15,zeroday,988,Shellcode,0,0.13481,0.38338,KNOWN
UNSW-NB15,zeroday,989,Shellcode,0,0.15594,0.38338,KNOWN
UNSW-NB15,zeroday,990,Shellcode,0,0.402959,0.38338,ZERO_DAY
UNSW-NB15,zeroday,991,Worms,0,0.243538,0.38338,KNOWN
UNSW-NB15,zeroday,992,Shellcode,0,0.501261,0.38338,ZERO_DAY
UNSW-NB15,zeroday,993,Shellcode,0,0.54151,0.38338,ZERO_DAY
UNSW-NB15,zeroday,994,Shellcode,0,0.217819,0.38338,KNOWN
UNSW-NB15,zeroday,995,Shellcode,0,0.504805,0.38338,ZERO_DAY
UNSW-NB15,zeroday,996,Shellcode,0,0.351619,0.38338,KNOWN
UNSW-NB15,zeroday,997,Shellcode,0,0.240447,0.38338,KNOWN
UNSW-NB15,zeroday,998,Shellcode,0,0.614726,0.38338,ZERO_DAY
UNSW-NB15,zeroday,999,Worms,0,0.286488,0.38338,KNOWN
UNSW-NB15,zeroday,1000,Shellcode,0,0.369268,0.38338,KNOWN
UNSW-NB15,zeroday,1001,Shellcode,0,0.22303,0.38338,KNOWN
UNSW-NB15,zeroday,1002,Shellcode,0,0.377648,0.38338,KNOWN
UNSW-NB15,zeroday,1003,Shellcode,0,0.210748,0.38338,KNOWN
UNSW-NB15,zeroday,1004,Shellcode,0,0.338852,0.38338,KNOWN
UNSW-NB15,zeroday,1005,Shellcode,0,0.585115,0.38338,ZERO_DAY
UNSW-NB15,zeroday,1006,Shellcode,0,0.451584,0.38338,ZERO_DAY
UNSW-NB15,zeroday,1007,Shellcode,0,0.472675,0.38338,ZERO_DAY
UNSW-NB15,zeroday,1008,Shellcode,0,0.127747,0.38338,KNOWN
UNSW-NB15,zeroday,1009,Shellcode,0,0.696557,0.38338,ZERO_DAY
UNSW-NB15,zeroday,1010,Shellcode,0,0.172724,0.38338,KNOWN
UNSW-NB15,zeroday,1011,Shellcode,0,0.500094,0.38338,ZERO_DAY
UNSW-NB15,zeroday,1012,Worms,0,0.394661,0.38338,ZERO_DAY
UNSW-NB15,zeroday,1013,Shellcode,0,0.31561,0.38338,KNOWN
UNSW-NB15,zeroday,1014,Shellcode,0,0.183724,0.38338,KNOWN
UNSW-NB15,zeroday,1015,Shellcode,0,0.244609,0.38338,KNOWN
UNSW-NB15,zeroday,1016,Worms,0,0.109787,0.38338,KNOWN
UNSW-NB15,zeroday,1017,Worms,0,0.181688,0.38338,KNOWN
UNSW-NB15,zeroday,1018,Shellcode,0,0.196466,0.38338,KNOWN
UNSW-NB15,zeroday,1019,Shellcode,0,0.351167,0.38338,KNOWN
UNSW-NB15,zeroday,1020,Shellcode,0,0.365285,0.38338,KNOWN
UNSW-NB15,zeroday,1021,Shellcode,0,0.433662,0.38338,ZERO_DAY
UNSW-NB15,zeroday,1022,Worms,0,0.455304,0.38338,ZERO_DAY
UNSW-NB15,zeroday,1023,Shellcode,0,0.363527,0.38338,KNOWN
UNSW-NB15,zeroday,1024,Shellcode,0,0.202281,0.38338,KNOWN
UNSW-NB15,zeroday,1025,Shellcode,0,0.358621,0.38338,KNOWN
UNSW-NB15,zeroday,1026,Shellcode,0,0.523955,0.38338,ZERO_DAY
UNSW-NB15,zeroday,1027,Shellcode,0,0.379744,0.38338,KNOWN
UNSW-NB15,zeroday,1028,Worms,0,0.494901,0.38338,ZERO_DAY
UNSW-NB15,zeroday,1029,Shellcode,0,0.40031,0.38338,ZERO_DAY
UNSW-NB15,zeroday,1030,Worms,0,0.281635,0.38338,KNOWN
UNSW-NB15,zeroday,1031,Worms,0,0.260788,0.38338,KNOWN
UNSW-NB15,zeroday,1032,Worms,0,0.501172,0.38338,ZERO_DAY
UNSW-NB15,zeroday,1033,Shellcode,0,0.086069,0.38338,KNOWN
UNSW-NB15,zeroday,1034,Shellcode,0,0.438962,0.38338,ZERO_DAY
UNSW-NB15,zeroday,1035,Shellcode,0,0.501751,0.38338,ZERO_DAY
UNSW-NB15,zeroday,1036,Shellcode,0,0.365353,0.38338,KNOWN
UNSW-NB15,zeroday,1037,Shellcode,0,0.471963,0.38338,ZERO_DAY
UNSW-NB15,zeroday,1038,Shellcode,0,0.431044,0.38338,ZERO_DAY
UNSW-NB15,zeroday,1039,Worms,0,0.158743,0.38338,KNOWN
UNSW-NB15,zeroday,1040,Shellcode,0,0.511203,0.38338,ZERO_DAY
UNSW-NB15,zeroday,1041,Worms,0,0.212688,0.38338,KNOWN
UNSW-NB15,zeroday,1042,Shellcode,0,0.551223,0.38338,ZERO_DAY
UNSW-NB15,zeroday,1043,Shellcode,0,0.306506,0.38338,KNOWN
UNSW-NB15,zeroday,1044,Shellcode,0,0.621985,0.38338,ZERO_DAY
UNSW-NB15,zeroday,1045,Shellcode,0,0.524184,0.38338,ZERO_DAY
UNSW-NB15,zeroday,1046,Shellcode,0,0.485574,0.38338,ZERO_DAY
UNSW-NB15,zeroday,1047,Shellcode,0,0.390443,0.38338,ZERO_DAY
UNSW-NB15,zeroday,1048,Shellcode,0,0.444522,0.38338,ZERO_DAY
UNSW-NB15,zeroday,1049,Worms,0,0.642151,0.38338,ZERO_DAY
UNSW-NB15,zeroday,1050,Shellcode,0,0.343209,0.38338,KNOWN
UNSW-NB15,zeroday,1051,Shellcode,0,0.501924,0.38338,ZERO_DAY
UNSW-NB15,zeroday,1052,Shellcode,0,0.052443,0.38338,KNOWN
UNSW-NB15,zeroday,1053,Shellcode,0,0.541277,0.38338,ZERO_DAY
UNSW-NB15,zeroday,1054,Shellcode,0,0.291686,0.38338,KNOWN
UNSW-NB15,zeroday,1055,Shellcode,0,0.679427,0.38338,ZERO_DAY
UNSW-NB15,zeroday,1056,Worms,0,0.27136,0.38338,KNOWN
UNSW-NB15,zeroday,1057,Shellcode,0,0.475202,0.38338,ZERO_DAY
UNSW-NB15,zeroday,1058,Shellcode,0,0.322871,0.38338,KNOWN
UNSW-NB15,zeroday,1059,Shellcode,0,0.178696,0.38338,KNOWN
UNSW-NB15,zeroday,1060,Shellcode,0,0.252015,0.38338,KNOWN
UNSW-NB15,zeroday,1061,Shellcode,0,0.486378,0.38338,ZERO_DAY
UNSW-NB15,zeroday,1062,Shellcode,0,0.667319,0.38338,ZERO_DAY
UNSW-NB15,zeroday,1063,Shellcode,0,0.370152,0.38338,KNOWN
UNSW-NB15,zeroday,1064,Shellcode,0,0.164926,0.38338,KNOWN
UNSW-NB15,zeroday,1065,Shellcode,0,0.365823,0.38338,KNOWN
UNSW-NB15,zeroday,1066,Shellcode,0,0.267857,0.38338,KNOWN
UNSW-NB15,zeroday,1067,Shellcode,0,0.221334,0.38338,KNOWN
UNSW-NB15,zeroday,1068,Shellcode,0,0.151235,0.38338,KNOWN
UNSW-NB15,zeroday,1069,Shellcode,0,0.455127,0.38338,ZERO_DAY
UNSW-NB15,zeroday,1070,Shellcode,0,0.210865,0.38338,KNOWN
UNSW-NB15,zeroday,1071,Shellcode,0,0.342658,0.38338,KNOWN
UNSW-NB15,zeroday,1072,Shellcode,0,0.158384,0.38338,KNOWN
UNSW-NB15,zeroday,1073,Worms,0,0.393416,0.38338,ZERO_DAY
UNSW-NB15,zeroday,1074,Shellcode,0,0.232609,0.38338,KNOWN
UNSW-NB15,zeroday,1075,Shellcode,0,0.331492,0.38338,KNOWN
UNSW-NB15,zeroday,1076,Shellcode,0,0.100344,0.38338,KNOWN
UNSW-NB15,zeroday,1077,Shellcode,0,0.441647,0.38338,ZERO_DAY
UNSW-NB15,zeroday,1078,Shellcode,0,0.286663,0.38338,KNOWN
UNSW-NB15,zeroday,1079,Shellcode,0,0.396605,0.38338,ZERO_DAY
UNSW-NB15,zeroday,1080,Shellcode,0,0.287902,0.38338,KNOWN
UNSW-NB15,zeroday,1081,Shellcode,0,0.384425,0.38338,ZERO_DAY
UNSW-NB15,zeroday,1082,Shellcode,0,0.533784,0.38338,ZERO_DAY
UNSW-NB15,zeroday,1083,Shellcode,0,0.402086,0.38338,ZERO_DAY
UNSW-NB15,zeroday,1084,Shellcode,0,0.531794,0.38338,ZERO_DAY
UNSW-NB15,zeroday,1085,Shellcode,0,0.273507,0.38338,KNOWN
UNSW-NB15,zeroday,1086,Shellcode,0,0.30411,0.38338,KNOWN
UNSW-NB15,zeroday,1087,Shellcode,0,0.424083,0.38338,ZERO_DAY
UNSW-NB15,zeroday,1088,Shellcode,0,0.384592,0.38338,ZERO_DAY
UNSW-NB15,zeroday,1089,Shellcode,0,0.596442,0.38338,ZERO_DAY
UNSW-NB15,zeroday,1090,Shellcode,0,0.406735,0.38338,ZERO_DAY
UNSW-NB15,zeroday,1091,Shellcode,0,0.194633,0.38338,KNOWN
UNSW-NB15,zeroday,1092,Shellcode,0,0.35159,0.38338,KNOWN
UNSW-NB15,zeroday,1093,Worms,0,0.443535,0.38338,ZERO_DAY
UNSW-NB15,zeroday,1094,Shellcode,0,0.33901,0.38338,KNOWN
UNSW-NB15,zeroday,1095,Shellcode,0,0.410521,0.38338,ZERO_DAY
UNSW-NB15,zeroday,1096,Shellcode,0,0.441969,0.38338,ZERO_DAY
UNSW-NB15,zeroday,1097,Shellcode,0,0.327769,0.38338,KNOWN
UNSW-NB15,zeroday,1098,Worms,0,0.392285,0.38338,ZERO_DAY
UNSW-NB15,zeroday,1099,Shellcode,0,0.118948,0.38338,KNOWN
UNSW-NB15,zeroday,1100,Shellcode,0,0.51392,0.38338,ZERO_DAY
UNSW-NB15,zeroday,1101,Shellcode,0,0.598318,0.38338,ZERO_DAY
UNSW-NB15,zeroday,1102,Shellcode,0,0.221579,0.38338,KNOWN
UNSW-NB15,zeroday,1103,Shellcode,0,0.146364,0.38338,KNOWN
UNSW-NB15,zeroday,1104,Shellcode,0,0.234791,0.38338,KNOWN
UNSW-NB15,zeroday,1105,Shellcode,0,0.402638,0.38338,ZERO_DAY
UNSW-NB15,zeroday,1106,Shellcode,0,0.283458,0.38338,KNOWN
UNSW-NB15,zeroday,1107,Shellcode,0,0.62508,0.38338,ZERO_DAY
UNSW-NB15,zeroday,1108,Shellcode,0,0.327387,0.38338,KNOWN
UNSW-NB15,zeroday,1109,Shellcode,0,0.392369,0.38338,ZERO_DAY
UNSW-NB15,zeroday,1110,Shellcode,0,0.244426,0.38338,KNOWN
UNSW-NB15,zeroday,1111,Shellcode,0,0.4766,0.38338,ZERO_DAY
UNSW-NB15,zeroday,1112,Shellcode,0,0.482673,0.38338,ZERO_DAY
UNSW-NB15,zeroday,1113,Shellcode,0,0.34596,0.38338,KNOWN
UNSW-NB15,zeroday,1114,Shellcode,0,0.251178,0.38338,KNOWN
UNSW-NB15,zeroday,1115,Shellcode,0,0.45715,0.38338,ZERO_DAY
UNSW-NB15,zeroday,1116,Shellcode,0,0.237405,0.38338,KNOWN
UNSW-NB15,zeroday,1117,Shellcode,0,0.455543,0.38338,ZERO_DAY
UNSW-NB15,zeroday,1118,Worms,0,0.450703,0.38338,ZERO_DAY
UNSW-NB15,zeroday,1119,Shellcode,0,0.303498,0.38338,KNOWN
UNSW-NB15,zeroday,1120,Shellcode,0,0.287352,0.38338,KNOWN
UNSW-NB15,zeroday,1121,Shellcode,0,0.359741,0.38338,KNOWN
UNSW-NB15,zeroday,1122,Shellcode,0,0.454434,0.38338,ZERO_DAY
UNSW-NB15,zeroday,1123,Shellcode,0,0.218534,0.38338,KNOWN
UNSW-NB15,zeroday,1124,Shellcode,0,0.489437,0.38338,ZERO_DAY
UNSW-NB15,zeroday,1125,Shellcode,0,0.142445,0.38338,KNOWN
UNSW-NB15,zeroday,1126,Worms,0,0.185399,0.38338,KNOWN
UNSW-NB15,zeroday,1127,Shellcode,0,0.247771,0.38338,KNOWN
UNSW-NB15,zeroday,1128,Shellcode,0,0.186589,0.38338,KNOWN
UNSW-NB15,zeroday,1129,Shellcode,0,0.358909,0.38338,KNOWN
UNSW-NB15,zeroday,1130,Shellcode,0,0.395001,0.38338,ZERO_DAY
UNSW-NB15,zeroday,1131,Shellcode,0,0.134892,0.38338,KNOWN
UNSW-NB15,zeroday,1132,Shellcode,0,0.455031,0.38338,ZERO_DAY
UNSW-NB15,zeroday,1133,Shellcode,0,0.29254,0.38338,KNOWN
UNSW-NB15,zeroday,1134,Shellcode,0,0.355055,0.38338,KNOWN
UNSW-NB15,zeroday,1135,Shellcode,0,0.353553,0.38338,KNOWN
UNSW-NB15,zeroday,1136,Shellcode,0,0.310268,0.38338,KNOWN
UNSW-NB15,zeroday,1137,Shellcode,0,0.20311,0.38338,KNOWN
UNSW-NB15,zeroday,1138,Shellcode,0,0.392586,0.38338,ZERO_DAY
UNSW-NB15,zeroday,1139,Shellcode,0,0.290266,0.38338,KNOWN
UNSW-NB15,zeroday,1140,Worms,0,0.332959,0.38338,KNOWN
UNSW-NB15,zeroday,1141,Shellcode,0,0.379682,0.38338,KNOWN
UNSW-NB15,zeroday,1142,Shellcode,0,0.476889,0.38338,ZERO_DAY
UNSW-NB15,zeroday,1143,Shellcode,0,0.392541,0.38338,ZERO_DAY
UNSW-NB15,zeroday,1144,Shellcode,0,0.293342,0.38338,KNOWN
UNSW-NB15,zeroday,1145,Shellcode,0,0.084986,0.38338,KNOWN
UNSW-NB15,zeroday,1146,Shellcode,0,0.22529,0.38338,KNOWN
UNSW-NB15,zeroday,1147,Shellcode,0,0.24967,0.38338,KNOWN
UNSW-NB15,zeroday,1148,Shellcode,0,0.494627,0.38338,ZERO_DAY
UNSW-NB15,zeroday,1149,Worms,0,0.194454,0.38338,KNOWN
UNSW-NB15,zeroday,1150,Shellcode,0,0.23798,0.38338,KNOWN
UNSW-NB15,zeroday,1151,Shellcode,0,0.321933,0.38338,KNOWN
UNSW-NB15,zeroday,1152,Shellcode,0,0.374337,0.38338,KNOWN
UNSW-NB15,zeroday,1153,Shellcode,0,0.212834,0.38338,KNOWN
UNSW-NB15,zeroday,1154,Shellcode,0,0.2717,0.38338,KNOWN
UNSW-NB15,zeroday,1155,Worms,0,0.270206,0.38338,KNOWN
UNSW-NB15,zeroday,1156,Shellcode,0,0.440948,0.38338,ZERO_DAY
UNSW-NB15,zeroday,1157,Shellcode,0,0.383716,0.38338,ZERO_DAY
UNSW-NB15,zeroday,1158,Shellcode,0,0.147965,0.38338,KNOWN
UNSW-NB15,zeroday,1159,Shellcode,0,0.214168,0.38338,KNOWN
UNSW-NB15,zeroday,1160,Shellcode,0,0.257023,0.38338,KNOWN
UNSW-NB15,zeroday,1161,Shellcode,0,0.41972,0.38338,ZERO_DAY
UNSW-NB15,zeroday,1162,Shellcode,0,0.460849,0.38338,ZERO_DAY
UNSW-NB15,zeroday,1163,Shellcode,0,0.314707,0.38338,KNOWN
UNSW-NB15,zeroday,1164,Shellcode,0,0.350641,0.38338,KNOWN
UNSW-NB15,zeroday,1165,Shellcode,0,0.338378,0.38338,KNOWN
UNSW-NB15,zeroday,1166,Shellcode,0,0.374092,0.38338,KNOWN
UNSW-NB15,zeroday,1167,Shellcode,0,0.282096,0.38338,KNOWN
UNSW-NB15,zeroday,1168,Shellcode,0,0.201204,0.38338,KNOWN
UNSW-NB15,zeroday,1169,Shellcode,0,0.412498,0.38338,ZERO_DAY
UNSW-NB15,zeroday,1170,Shellcode,0,0.476265,0.38338,ZERO_DAY
UNSW-NB15,zeroday,1171,Worms,0,0.343516,0.38338,KNOWN
UNSW-NB15,zeroday,1172,Shellcode,0,0.32862,0.38338,KNOWN
UNSW-NB15,zeroday,1173,Shellcode,0,0.349296,0.38338,KNOWN
UNSW-NB15,zeroday,1174,Worms,0,0.398613,0.38338,ZERO_DAY
UNSW-NB15,zeroday,1175,Shellcode,0,0.314131,0.38338,KNOWN
UNSW-NB15,zeroday,1176,Shellcode,0,0.458463,0.38338,ZERO_DAY
UNSW-NB15,zeroday,1177,Shellcode,0,0.599829,0.38338,ZERO_DAY
UNSW-NB15,zeroday,1178,Shellcode,0,0.28715,0.38338,KNOWN
UNSW-NB15,zeroday,1179,Worms,0,0.378624,0.38338,KNOWN
UNSW-NB15,zeroday,1180,Shellcode,0,0.336028,0.38338,KNOWN
UNSW-NB15,zeroday,1181,Shellcode,0,0.34766,0.38338,KNOWN
UNSW-NB15,zeroday,1182,Shellcode,0,0.134528,0.38338,KNOWN
UNSW-NB15,zeroday,1183,Shellcode,0,0.616551,0.38338,ZERO_DAY
UNSW-NB15,zeroday,1184,Shellcode,0,0.305857,0.38338,KNOWN
UNSW-NB15,zeroday,1185,Shellcode,0,0.332564,0.38338,KNOWN
UNSW-NB15,zeroday,1186,Shellcode,0,0.681968,0.38338,ZERO_DAY
UNSW-NB15,zeroday,1187,Shellcode,0,0.121971,0.38338,KNOWN
UNSW-NB15,zeroday,1188,Shellcode,0,0.605947,0.38338,ZERO_DAY
UNSW-NB15,zeroday,1189,Shellcode,0,0.304738,0.38338,KNOWN
UNSW-NB15,zeroday,1190,Worms,0,0.341647,0.38338,KNOWN
UNSW-NB15,zeroday,1191,Shellcode,0,0.209268,0.38338,KNOWN
UNSW-NB15,zeroday,1192,Worms,0,0.16598,0.38338,KNOWN
UNSW-NB15,zeroday,1193,Shellcode,0,0.354863,0.38338,KNOWN
UNSW-NB15,zeroday,1194,Shellcode,0,0.546524,0.38338,ZERO_DAY
UNSW-NB15,zeroday,1195,Shellcode,0,0.35483,0.38338,KNOWN
UNSW-NB15,zeroday,1196,Shellcode,0,0.290631,0.38338,KNOWN
UNSW-NB15,zeroday,1197,Shellcode,0,0.334801,0.38338,KNOWN
UNSW-NB15,zeroday,1198,Shellcode,0,0.50871,0.38338,ZERO_DAY
UNSW-NB15,zeroday,1199,Shellcode,0,0.344248,0.38338,KNOWN
UNSW-NB15,zeroday,1200,Shellcode,0,0.46339,0.38338,ZERO_DAY
UNSW-NB15,zeroday,1201,Worms,0,0.198638,0.38338,KNOWN
UNSW-NB15,zeroday,1202,Shellcode,0,0.544071,0.38338,ZERO_DAY
UNSW-NB15,zeroday,1203,Shellcode,0,0.630065,0.38338,ZERO_DAY
UNSW-NB15,zeroday,1204,Shellcode,0,0.467031,0.38338,ZERO_DAY
UNSW-NB15,zeroday,1205,Shellcode,0,0.363202,0.38338,KNOWN
UNSW-NB15,zeroday,1206,Shellcode,0,0.189097,0.38338,KNOWN
UNSW-NB15,zeroday,1207,Shellcode,0,0.221178,0.38338,KNOWN
UNSW-NB15,zeroday,1208,Shellcode,0,0.385463,0.38338,ZERO_DAY
UNSW-NB15,zeroday,1209,Shellcode,0,0.358824,0.38338,KNOWN
UNSW-NB15,zeroday,1210,Shellcode,0,0.207477,0.38338,KNOWN
UNSW-NB15,zeroday,1211,Shellcode,0,0.613044,0.38338,ZERO_DAY
UNSW-NB15,zeroday,1212,Worms,0,0.396903,0.38338,ZERO_DAY
UNSW-NB15,zeroday,1213,Worms,0,0.412143,0.38338,ZERO_DAY
UNSW-NB15,zeroday,1214,Shellcode,0,0.147891,0.38338,KNOWN
UNSW-NB15,zeroday,1215,Shellcode,0,0.298293,0.38338,KNOWN
