dataset,split,sample_id,true_label_multiclass,y_known,nonconformity_s,threshold_q,decision
BoT-IoT,test,0,DoS,1,0.112233,0.262934,KNOWN
BoT-IoT,test,1,DoS,1,0.108908,0.262934,KNOWN
BoT-IoT,test,2,DoS,1,0.041894,0.262934,KNOWN
BoT-IoT,test,3,DoS,1,0.22739,0.262934,KNOWN
BoT-IoT,test,4,DDoS,1,0.008724,0.262934,KNOWN
BoT-IoT,test,5,DDoS,1,0.062539,0.262934,KNOWN
BoT-IoT,test,6,DDoS,1,0.095109,0.262934,KNOWN
BoT-IoT,test,7,DoS,1,0.135903,0.262934,KNOWN
BoT-IoT,test,8,DDoS,1,0.004886,0.262934,KNOWN
BoT-IoT,test,9,DoS,1,0.177749,0.262934,KNOWN
BoT-IoT,test,10,DoS,1,0.076981,0.262934,KNOWN
BoT-IoT,test,11,DoS,1,0.039033,0.262934,KNOWN
BoT-IoT,test,12,DDoS,1,0.105868,0.262934,KNOWN
BoT-IoT,test,13,DDoS,1,0.03864,0.262934,KNOWN
BoT-IoT,test,14,DDoS,1,0.064541,0.262934,KNOWN
BoT-IoT,test,15,DDoS,1,0.167874,0.262934,KNOWN
BoT-IoT,test,16,DoS,1,0.005757,0.262934,KNOWN
BoT-IoT,test,17,DDoS,1,0.27029,0.262934,ZERO_DAY
BoT-IoT,test,18,DDoS,1,0.147176,0.262934,KNOWN
BoT-IoT,test,19,DDoS,1,0.084088,0.262934,KNOWN
BoT-IoT,test,20,DoS,1,0.323972,0.262934,ZERO_DAY
BoT-IoT,test,21,DoS,1,0.149953,0.262934,KNOWN
BoT-IoT,test,22,DoS,1,0.113186,0.262934,KNOWN
BoT-IoT,test,23,DoS,1,0.115579,0.262934,KNOWN
BoT-IoT,test,24,DoS,1,0.25868,0.262934,KNOWN
BoT-IoT,test,25,Normal,1,0.026755,0.262934,KNOWN
BoT-IoT,test,26,DDoS,1,0.012648,0.262934,KNOWN
BoT-IoT,test,27,DDoS,1,0.050363,0.262934,KNOWN
BoT-IoT,test,28,DDoS,1,0.037012,0.262934,KNOWN
BoT-IoT,test,29,DoS,1,0.107386,0.262934,KNOWN
BoT-IoT,test,30,DDoS,1,0.102037,0.262934,KNOWN
BoT-IoT,test,31,DoS,1,0.050408,0.262934,KNOWN
BoT-IoT,test,32,Reconnaissance,1,0.155343,0.262934,KNOWN
BoT-IoT,test,33,DoS,1,0.167987,0.262934,KNOWN
BoT-IoT,test,34,DDoS,1,0.302089,0.262934,ZERO_DAY
BoT-IoT,test,35,Normal,1,0.093249,0.262934,KNOWN
BoT-IoT,test,36,DDoS,1,0.068895,0.262934,KNOWN
BoT-IoT,test,37,DoS,1,0.065339,0.262934,KNOWN
BoT-IoT,test,38,DoS,1,0.019018,0.262934,KNOWN
BoT-IoT,test,39,DDoS,1,0.114285,0.262934,KNOWN
BoT-IoT,test,40,DDoS,1,0.059045,0.262934,KNOWN
BoT-IoT,test,41,DDoS,1,0.067536,0.262934,KNOWN
BoT-IoT,test,42,DDoS,1,0.006577,0.262934,KNOWN
BoT-IoT,test,43,DoS,1,0.067302,0.262934,KNOWN
BoT-IoT,test,44,DoS,1,0.03043,0.262934,KNOWN
BoT-IoT,test,45,DDoS,1,0.058072,0.262934,KNOWN
BoT-IoT,test,46,DoS,1,0.262827,0.262934,KNOWN
BoT-IoT,test,47,Normal,1,0.038838,0.262934,KNOWN
BoT-IoT,test,48,DoS,1,0.149899,0.262934,KNOWN
BoT-IoT,test,49,DDoS,1,0.13459,0.262934,KNOWN
BoT-IoT,test,50,DDoS,1,0.232528,0.262934,KNOWN
BoT-IoT,test,51,DDoS,1,0.066465,0.262934,KNOWN
BoT-IoT,test,52,DoS,1,0.002887,0.262934,KNOWN
BoT-IoT,test,53,DoS,1,0.124581,0.262934,KNOWN
BoT-IoT,test,54,DDoS,1,0.00061,0.262934,KNOWN
BoT-IoT,test,55,DoS,1,0.038278,0.262934,KNOWN
BoT-IoT,test,56,DDoS,1,0.028592,0.262934,KNOWN
BoT-IoT,test,57,DoS,1,0.067538,0.262934,KNOWN
BoT-IoT,test,58,DoS,1,0.149391,0.262934,KNOWN
BoT-IoT,test,59,DDoS,1,0.022045,0.262934,KNOWN
BoT-IoT,test,60,DDoS,1,0.024884,0.262934,KNOWN
BoT-IoT,test,61,Reconnaissance,1,0.063115,0.262934,KNOWN
BoT-IoT,test,62,DoS,1,0.041279,0.262934,KNOWN
BoT-IoT,test,63,DDoS,1,0.042841,0.262934,KNOWN
BoT-IoT,test,64,DDoS,1,0.243073,0.262934,KNOWN
BoT-IoT,test,65,DoS,1,0.124358,0.262934,KNOWN
BoT-IoT,test,66,DDoS,1,0.001877,0.262934,KNOWN
BoT-IoT,test,67,DoS,1,0.016409,0.262934,KNOWN
BoT-IoT,test,68,Normal,1,0.124618,0.262934,KNOWN
BoT-IoT,test,69,DDoS,1,0.037702,0.262934,KNOWN
BoT-IoT,test,70,DDoS,1,0.033217,0.262934,KNOWN
BoT-IoT,test,71,DDoS,1,0.030804,0.262934,KNOWN
BoT-IoT,test,72,DoS,1,0.00981,0.262934,KNOWN
BoT-IoT,test,73,DDoS,1,0.096951,0.262934,KNOWN
BoT-IoT,test,74,DoS,1,0.095358,0.262934,KNOWN
BoT-IoT,test,75,DoS,1,0.076569,0.262934,KNOWN
BoT-IoT,test,76,DDoS,1,0.103108,0.262934,KNOWN
BoT-IoT,test,77,Normal,1,0.063483,0.262934,KNOWN
BoT-IoT,test,78,DDoS,1,0.019755,0.262934,KNOWN
BoT-IoT,test,79,DoS,1,0.282303,0.262934,ZERO_DAY
BoT-IoT,test,80,DDoS,1,0.077946,0.262934,KNOWN
BoT-IoT,test,81,DoS,1,0.218669,0.262934,KNOWN
BoT-IoT,test,82,Normal,1,0.140205,0.262934,KNOWN
BoT-IoT,test,83,DDoS,1,0.08579,0.262934,KNOWN
BoT-IoT,test,84,DDoS,1,0.304448,0.262934,ZERO_DAY
BoT-IoT,test,85,DDoS,1,0.106362,0.262934,KNOWN
BoT-IoT,test,86,DDoS,1,0.022501,0.262934,KNOWN
BoT-IoT,test,87,DoS,1,0.052221,0.262934,KNOWN
BoT-IoT,test,88,DDoS,1,0.28942,0.262934,ZERO_DAY
BoT-IoT,test,89,DoS,1,0.051127,0.262934,KNOWN
BoT-IoT,test,90,DoS,1,0.132285,0.262934,KNOWN
BoT-IoT,test,91,DDoS,1,0.110361,0.262934,KNOWN
BoT-IoT,test,92,DoS,1,0.163166,0.262934,KNOWN
BoT-IoT,test,93,DDoS,1,0.094747,0.262934,KNOWN
BoT-IoT,test,94,DDoS,1,0.049584,0.262934,KNOWN
BoT-IoT,test,95,DoS,1,0.13418,0.262934,KNOWN
BoT-IoT,test,96,DoS,1,0.359751,0.262934,ZERO_DAY
BoT-IoT,test,97,DoS,1,0.073348,0.262934,KNOWN
BoT-IoT,test,98,Reconnaissance,1,0.027139,0.262934,KNOWN
BoT-IoT,test,99,Reconnaissance,1,0.176394,0.262934,KNOWN
BoT-IoT,test,100,Normal,1,0.11372,0.262934,KNOWN
BoT-IoT,test,101,DDoS,1,0.082281,0.262934,KNOWN
BoT-IoT,test,102,DoS,1,0.165587,0.262934,KNOWN
BoT-IoT,test,103,Normal,1,0.038574,0.262934,KNOWN
BoT-IoT,test,104,DDoS,1,0.177732,0.262934,KNOWN
BoT-IoT,test,105,DoS,1,0.11616,0.262934,KNOWN
BoT-IoT,test,106,DDoS,1,0.386296,0.262934,ZERO_DAY
BoT-IoT,test,107,DDoS,1,0.240201,0.262934,KNOWN
BoT-IoT,test,108,Normal,1,0.09811,0.262934,KNOWN
BoT-IoT,test,109,DoS,1,0.010349,0.262934,KNOWN
BoT-IoT,test,110,DDoS,1,0.07412,0.262934,KNOWN
BoT-IoT,test,111,DoS,1,0.255511,0.262934,KNOWN
BoT-IoT,test,112,DDoS,1,0.057491,0.262934,KNOWN
BoT-IoT,test,113,DoS,1,0.096255,0.262934,KNOWN
BoT-IoT,test,114,DDoS,1,0.026875,0.262934,KNOWN
BoT-IoT,test,115,DDoS,1,0.029539,0.262934,KNOWN
BoT-IoT,test,116,DDoS,1,0.048328,0.262934,KNOWN
BoT-IoT,test,117,DDoS,1,0.057297,0.262934,KNOWN
BoT-IoT,test,118,DDoS,1,0.144575,0.262934,KNOWN
BoT-IoT,test,119,DoS,1,0.065977,0.262934,KNOWN
BoT-IoT,test,120,DDoS,1,0.026803,0.262934,KNOWN
BoT-IoT,test,121,DoS,1,0.051283,0.262934,KNOWN
BoT-IoT,test,122,DoS,1,0.074693,0.262934,KNOWN
BoT-IoT,test,123,DDoS,1,0.073794,0.262934,KNOWN
BoT-IoT,test,124,DDoS,1,0.032868,0.262934,KNOWN
BoT-IoT,test,125,DDoS,1,0.039483,0.262934,KNOWN
BoT-IoT,test,126,DoS,1,0.019911,0.262934,KNOWN
BoT-IoT,test,127,DDoS,1,0.260998,0.262934,KNOWN
BoT-IoT,test,128,DDoS,1,0.399108,0.262934,ZERO_DAY
BoT-IoT,test,129,DDoS,1,0.050569,0.262934,KNOWN
BoT-IoT,test,130,DDoS,1,0.176585,0.262934,KNOWN
BoT-IoT,test,131,DDoS,1,0.063036,0.262934,KNOWN
BoT-IoT,test,132,DoS,1,0.383803,0.262934,ZERO_DAY
BoT-IoT,test,133,DoS,1,0.176379,0.262934,KNOWN
BoT-IoT,test,134,Reconnaissance,1,0.048013,0.262934,KNOWN
BoT-IoT,test,135,DDoS,1,0.023157,0.262934,KNOWN
BoT-IoT,test,136,DDoS,1,0.03306,0.262934,KNOWN
BoT-IoT,test,137,DDoS,1,0.016289,0.262934,KNOWN
BoT-IoT,test,138,DoS,1,0.369581,0.262934,ZERO_DAY
BoT-IoT,test,139,DDoS,1,0.047428,0.262934,KNOWN
BoT-IoT,test,140,DDoS,1,0.093668,0.262934,KNOWN
BoT-IoT,test,141,DoS,1,0.018427,0.262934,KNOWN
BoT-IoT,test,142,DDoS,1,0.033169,0.262934,KNOWN
BoT-IoT,test,143,DDoS,1,0.102416,0.262934,KNOWN
BoT-IoT,test,144,Reconnaissance,1,0.025314,0.262934,KNOWN
BoT-IoT,test,145,DDoS,1,0.079173,0.262934,KNOWN
BoT-IoT,test,146,DDoS,1,0.004859,0.262934,KNOWN
BoT-IoT,test,147,DoS,1,0.171406,0.262934,KNOWN
BoT-IoT,test,148,DoS,1,0.046766,0.262934,KNOWN
BoT-IoT,test,149,DDoS,1,0.092136,0.262934,KNOWN
BoT-IoT,test,150,DoS,1,0.108217,0.262934,KNOWN
BoT-IoT,test,151,DoS,1,0.097829,0.262934,KNOWN
BoT-IoT,test,152,DoS,1,0.168383,0.262934,KNOWN
BoT-IoT,test,153,DoS,1,0.080614,0.262934,KNOWN
BoT-IoT,test,154,DDoS,1,0.161079,0.262934,KNOWN
BoT-IoT,test,155,DoS,1,0.068238,0.262934,KNOWN
BoT-IoT,test,156,DDoS,1,0.079316,0.262934,KNOWN
BoT-IoT,test,157,DoS,1,0.182407,0.262934,KNOWN
BoT-IoT,test,158,DoS,1,0.030727,0.262934,KNOWN
BoT-IoT,test,159,DoS,1,0.094529,0.262934,KNOWN
BoT-IoT,test,160,DDoS,1,0.023526,0.262934,KNOWN
BoT-IoT,test,161,DoS,1,0.071098,0.262934,KNOWN
BoT-IoT,test,162,DoS,1,0.035556,0.262934,KNOWN
BoT-IoT,test,163,Normal,1,0.18798,0.262934,KNOWN
BoT-IoT,test,164,DoS,1,0.158148,0.262934,KNOWN
BoT-IoT,test,165,DoS,1,0.110455,0.262934,KNOWN
BoT-IoT,test,166,Normal,1,0.050628,0.262934,KNOWN
BoT-IoT,test,167,DoS,1,0.180558,0.262934,KNOWN
BoT-IoT,test,168,DDoS,1,0.205295,0.262934,KNOWN
BoT-IoT,test,169,Reconnaissance,1,0.107107,0.262934,KNOWN
BoT-IoT,test,170,DoS,1,0.094953,0.262934,KNOWN
BoT-IoT,test,171,DDoS,1,0.142325,0.262934,KNOWN
BoT-IoT,test,172,Reconnaissance,1,0.043898,0.262934,KNOWN
BoT-IoT,test,173,DoS,1,0.101314,0.262934,KNOWN
BoT-IoT,test,174,DoS,1,0.110578,0.262934,KNOWN
BoT-IoT,test,175,DDoS,1,0.13631,0.262934,KNOWN
BoT-IoT,test,176,DDoS,1,0.124543,0.262934,KNOWN
BoT-IoT,test,177,DDoS,1,0.265909,0.262934,ZERO_DAY
BoT-IoT,test,178,DoS,1,0.12761,0.262934,KNOWN
BoT-IoT,test,179,DDoS,1,0.053255,0.262934,KNOWN
BoT-IoT,test,180,DDoS,1,0.040696,0.262934,KNOWN
BoT-IoT,test,181,DoS,1,0.004726,0.262934,KNOWN
BoT-IoT,test,182,DoS,1,0.103931,0.262934,KNOWN
BoT-IoT,test,183,DDoS,1,0.33289,0.262934,ZERO_DAY
BoT-IoT,test,184,DDoS,1,0.066586,0.262934,KNOWN
BoT-IoT,test,185,DoS,1,0.142779,0.262934,KNOWN
BoT-IoT,test,186,Normal,1,0.147575,0.262934,KNOWN
BoT-IoT,test,187,DDoS,1,0.167301,0.262934,KNOWN
BoT-IoT,test,188,DDoS,1,0.102151,0.262934,KNOWN
BoT-IoT,test,189,DDoS,1,0.165763,0.262934,KNOWN
BoT-IoT,test,190,DDoS,1,0.012774,0.262934,KNOWN
BoT-IoT,test,191,DDoS,1,0.016658,0.262934,KNOWN
BoT-IoT,test,192,DoS,1,0.151721,0.262934,KNOWN
BoT-IoT,test,193,DDoS,1,0.003502,0.262934,KNOWN
BoT-IoT,test,194,DoS,1,0.157949,0.262934,KNOWN
BoT-IoT,test,195,DDoS,1,0.067225,0.262934,KNOWN
BoT-IoT,test,196,DoS,1,0.180322,0.262934,KNOWN
BoT-IoT,test,197,DDoS,1,0.204131,0.262934,KNOWN
BoT-IoT,test,198,DoS,1,0.028993,0.262934,KNOWN
BoT-IoT,test,199,DDoS,1,0.07505,0.262934,KNOWN
BoT-IoT,test,200,DDoS,1,0.187211,0.262934,KNOWN
BoT-IoT,test,201,DDoS,1,0.016759,0.262934,KNOWN
BoT-IoT,test,202,Normal,1,0.096349,0.262934,KNOWN
BoT-IoT,test,203,DDoS,1,0.012991,0.262934,KNOWN
BoT-IoT,test,204,DDoS,1,0.075551,0.262934,KNOWN
BoT-IoT,test,205,DDoS,1,0.102277,0.262934,KNOWN
BoT-IoT,test,206,DoS,1,0.042939,0.262934,KNOWN
BoT-IoT,test,207,DoS,1,0.059924,0.262934,KNOWN
BoT-IoT,test,208,DoS,1,0.107802,0.262934,KNOWN
BoT-IoT,test,209,DoS,1,0.066121,0.262934,KNOWN
BoT-IoT,test,210,DDoS,1,0.029353,0.262934,KNOWN
BoT-IoT,test,211,DoS,1,0.011412,0.262934,KNOWN
BoT-IoT,test,212,DDoS,1,0.02752,0.262934,KNOWN
BoT-IoT,test,213,DDoS,1,0.120904,0.262934,KNOWN
BoT-IoT,test,214,DoS,1,0.124151,0.262934,KNOWN
BoT-IoT,test,215,DoS,1,0.098383,0.262934,KNOWN
BoT-IoT,test,216,DoS,1,0.009452,0.262934,KNOWN
BoT-IoT,test,217,DDoS,1,0.076952,0.262934,KNOWN
BoT-IoT,test,218,DoS,1,0.186145,0.262934,KNOWN
BoT-IoT,test,219,Reconnaissance,1,0.170377,0.262934,KNOWN
BoT-IoT,test,220,DoS,1,0.116372,0.262934,KNOWN
BoT-IoT,test,221,DDoS,1,0.270137,0.262934,ZERO_DAY
BoT-IoT,test,222,DDoS,1,0.017313,0.262934,KNOWN
BoT-IoT,test,223,DoS,1,0.052612,0.262934,KNOWN
BoT-IoT,test,224,DDoS,1,0.115078,0.262934,KNOWN
BoT-IoT,test,225,DoS,1,0.155088,0.262934,KNOWN
BoT-IoT,test,226,DoS,1,0.013895,0.262934,KNOWN
BoT-IoT,test,227,DDoS,1,0.015413,0.262934,KNOWN
BoT-IoT,test,228,DDoS,1,0.041836,0.262934,KNOWN
BoT-IoT,test,229,DoS,1,0.043646,0.262934,KNOWN
BoT-IoT,test,230,DoS,1,0.15958,0.262934,KNOWN
BoT-IoT,test,231,DDoS,1,0.207856,0.262934,KNOWN
BoT-IoT,test,232,DDoS,1,0.034367,0.262934,KNOWN
BoT-IoT,test,233,DDoS,1,0.102193,0.262934,KNOWN
BoT-IoT,test,234,DoS,1,0.030386,0.262934,KNOWN
BoT-IoT,test,235,DoS,1,0.095679,0.262934,KNOWN
BoT-IoT,test,236,DoS,1,0.0769,0.262934,KNOWN
BoT-IoT,test,237,DDoS,1,0.084091,0.262934,KNOWN
BoT-IoT,test,238,DoS,1,0.089047,0.262934,KNOWN
BoT-IoT,test,239,Normal,1,0.066872,0.262934,KNOWN
BoT-IoT,test,240,DoS,1,0.131733,0.262934,KNOWN
BoT-IoT,test,241,DoS,1,0.006559,0.262934,KNOWN
BoT-IoT,test,242,DoS,1,0.033182,0.262934,KNOWN
BoT-IoT,test,243,DDoS,1,0.059195,0.262934,KNOWN
BoT-IoT,test,244,DoS,1,0.106287,0.262934,KNOWN
BoT-IoT,test,245,DDoS,1,0.042484,0.262934,KNOWN
BoT-IoT,test,246,DDoS,1,0.161094,0.262934,KNOWN
BoT-IoT,test,247,DoS,1,0.002286,0.262934,KNOWN
BoT-IoT,test,248,DoS,1,0.036056,0.262934,KNOWN
BoT-IoT,test,249,DDoS,1,0.120539,0.262934,KNOWN
BoT-IoT,test,250,DoS,1,0.049932,0.262934,KNOWN
BoT-IoT,test,251,DDoS,1,0.064519,0.262934,KNOWN
BoT-IoT,test,252,DDoS,1,0.055478,0.262934,KNOWN
BoT-IoT,test,253,DoS,1,0.113054,0.262934,KNOWN
BoT-IoT,test,254,DDoS,1,0.116631,0.262934,KNOWN
BoT-IoT,test,255,DDoS,1,0.112126,0.262934,KNOWN
BoT-IoT,test,256,DDoS,1,0.058496,0.262934,KNOWN
BoT-IoT,test,257,DDoS,1,0.000329,0.262934,KNOWN
BoT-IoT,test,258,DDoS,1,0.129056,0.262934,KNOWN
BoT-IoT,test,259,DDoS,1,0.137302,0.262934,KNOWN
BoT-IoT,test,260,DoS,1,0.020122,0.262934,KNOWN
BoT-IoT,test,261,DoS,1,0.021283,0.262934,KNOWN
BoT-IoT,test,262,DoS,1,0.248592,0.262934,KNOWN
BoT-IoT,test,263,DoS,1,0.053984,0.262934,KNOWN
BoT-IoT,test,264,DoS,1,0.024408,0.262934,KNOWN
BoT-IoT,test,265,DDoS,1,0.078814,0.262934,KNOWN
BoT-IoT,test,266,DoS,1,0.008134,0.262934,KNOWN
BoT-IoT,test,267,DoS,1,0.043729,0.262934,KNOWN
BoT-IoT,test,268,DDoS,1,0.282015,0.262934,ZERO_DAY
BoT-IoT,test,269,DDoS,1,0.023807,0.262934,KNOWN
BoT-IoT,test,270,DDoS,1,0.063845,0.262934,KNOWN
BoT-IoT,test,271,DDoS,1,0.16427,0.262934,KNOWN
BoT-IoT,test,272,DDoS,1,0.006164,0.262934,KNOWN
BoT-IoT,test,273,Reconnaissance,1,0.137597,0.262934,KNOWN
BoT-IoT,test,274,DoS,1,0.155676,0.262934,KNOWN
BoT-IoT,test,275,DDoS,1,0.019012,0.262934,KNOWN
BoT-IoT,test,276,DoS,1,0.173835,0.262934,KNOWN
BoT-IoT,test,277,Reconnaissance,1,0.096254,0.262934,KNOWN
BoT-IoT,test,278,Normal,1,0.00975,0.262934,KNOWN
BoT-IoT,test,279,DDoS,1,0.328022,0.262934,ZERO_DAY
BoT-IoT,test,280,DoS,1,0.032852,0.262934,KNOWN
BoT-IoT,test,281,Normal,1,0.059761,0.262934,KNOWN
BoT-IoT,test,282,DoS,1,0.038591,0.262934,KNOWN
BoT-IoT,test,283,Normal,1,0.060672,0.262934,KNOWN
BoT-IoT,test,284,DoS,1,0.090156,0.262934,KNOWN
BoT-IoT,test,285,Normal,1,0.042419,0.262934,KNOWN
BoT-IoT,test,286,Normal,1,0.142764,0.262934,KNOWN
BoT-IoT,test,287,Normal,1,0.329573,0.262934,ZERO_DAY
BoT-IoT,test,288,DDoS,1,0.094154,0.262934,KNOWN
BoT-IoT,test,289,DDoS,1,0.160601,0.262934,KNOWN
BoT-IoT,test,290,DDoS,1,0.062331,0.262934,KNOWN
BoT-IoT,test,291,DoS,1,0.061837,0.262934,KNOWN
BoT-IoT,test,292,DoS,1,0.29235,0.262934,ZERO_DAY
BoT-IoT,test,293,DDoS,1,0.031311,0.262934,KNOWN
BoT-IoT,test,294,DoS,1,0.0252,0.262934,KNOWN
BoT-IoT,test,295,DoS,1,0.103293,0.262934,KNOWN
BoT-IoT,test,296,DoS,1,0.101725,0.262934,KNOWN
BoT-IoT,test,297,DoS,1,0.093788,0.262934,KNOWN
BoT-IoT,test,298,DoS,1,0.130718,0.262934,KNOWN
BoT-IoT,test,299,DDoS,1,0.140978,0.262934,KNOWN
BoT-IoT,test,300,DDoS,1,0.177088,0.262934,KNOWN
BoT-IoT,test,301,DDoS,1,0.035687,0.262934,KNOWN
BoT-IoT,test,302,DDoS,1,0.193203,0.262934,KNOWN
BoT-IoT,test,303,DoS,1,0.041137,0.262934,KNOWN
BoT-IoT,test,304,DDoS,1,0.096251,0.262934,KNOWN
BoT-IoT,test,305,DoS,1,0.064753,0.262934,KNOWN
BoT-IoT,test,306,DDoS,1,0.220571,0.262934,KNOWN
BoT-IoT,test,307,DoS,1,0.088968,0.262934,KNOWN
BoT-IoT,test,308,DDoS,1,0.068122,0.262934,KNOWN
BoT-IoT,test,309,DoS,1,0.138925,0.262934,KNOWN
BoT-IoT,test,310,DDoS,1,0.064686,0.262934,KNOWN
BoT-IoT,test,311,DoS,1,0.098406,0.262934,KNOWN
BoT-IoT,test,312,DoS,1,0.048658,0.262934,KNOWN
BoT-IoT,test,313,DoS,1,0.213825,0.262934,KNOWN
BoT-IoT,test,314,DoS,1,0.090112,0.262934,KNOWN
BoT-IoT,test,315,DoS,1,0.069518,0.262934,KNOWN
BoT-IoT,test,316,DDoS,1,0.041336,0.262934,KNOWN
BoT-IoT,test,317,DDoS,1,0.09936,0.262934,KNOWN
BoT-IoT,test,318,DoS,1,0.085038,0.262934,KNOWN
BoT-IoT,test,319,DDoS,1,0.018184,0.262934,KNOWN
BoT-IoT,test,320,DDoS,1,0.200556,0.262934,KNOWN
BoT-IoT,test,321,DoS,1,0.005997,0.262934,KNOWN
BoT-IoT,test,322,DoS,1,0.029811,0.262934,KNOWN
BoT-IoT,test,323,DDoS,1,0.149188,0.262934,KNOWN
BoT-IoT,test,324,DDoS,1,0.074891,0.262934,KNOWN
BoT-IoT,test,325,DDoS,1,0.014505,0.262934,KNOWN
BoT-IoT,test,326,DoS,1,0.124374,0.262934,KNOWN
BoT-IoT,test,327,DDoS,1,0.043875,0.262934,KNOWN
BoT-IoT,test,328,DoS,1,0.007249,0.262934,KNOWN
BoT-IoT,test,329,DDoS,1,0.063704,0.262934,KNOWN
BoT-IoT,test,330,DDoS,1,0.026069,0.262934,KNOWN
BoT-IoT,test,331,Normal,1,0.146573,0.262934,KNOWN
BoT-IoT,test,332,DDoS,1,0.021029,0.262934,KNOWN
BoT-IoT,test,333,DoS,1,0.079054,0.262934,KNOWN
BoT-IoT,test,334,DoS,1,0.295252,0.262934,ZERO_DAY
BoT-IoT,test,335,DoS,1,0.013106,0.262934,KNOWN
BoT-IoT,test,336,DDoS,1,0.098181,0.262934,KNOWN
BoT-IoT,test,337,DoS,1,0.28512,0.262934,ZERO_DAY
BoT-IoT,test,338,DoS,1,0.053635,0.262934,KNOWN
BoT-IoT,test,339,DDoS,1,0.017786,0.262934,KNOWN
BoT-IoT,test,340,DoS,1,0.086755,0.262934,KNOWN
BoT-IoT,test,341,DoS,1,0.03353,0.262934,KNOWN
BoT-IoT,test,342,DoS,1,0.079167,0.262934,KNOWN
BoT-IoT,test,343,DDoS,1,0.096068,0.262934,KNOWN
BoT-IoT,test,344,DDoS,1,0.057739,0.262934,KNOWN
BoT-IoT,test,345,DDoS,1,0.157047,0.262934,KNOWN
BoT-IoT,test,346,DDoS,1,0.018679,0.262934,KNOWN
BoT-IoT,test,347,DoS,1,0.146677,0.262934,KNOWN
BoT-IoT,test,348,DoS,1,0.169222,0.262934,KNOWN
BoT-IoT,test,349,DoS,1,0.025787,0.262934,KNOWN
BoT-IoT,test,350,DoS,1,0.030737,0.262934,KNOWN
BoT-IoT,test,351,DoS,1,0.053217,0.262934,KNOWN
BoT-IoT,test,352,DoS,1,0.101165,0.262934,KNOWN
BoT-IoT,test,353,DoS,1,0.023021,0.262934,KNOWN
BoT-IoT,test,354,DDoS,1,0.04186,0.262934,KNOWN
BoT-IoT,test,355,DoS,1,0.138003,0.262934,KNOWN
BoT-IoT,test,356,DDoS,1,0.054622,0.262934,KNOWN
BoT-IoT,test,357,DDoS,1,0.027842,0.262934,KNOWN
BoT-IoT,test,358,DDoS,1,0.003564,0.262934,KNOWN
BoT-IoT,test,359,Normal,1,0.18596,0.262934,KNOWN
BoT-IoT,test,360,DoS,1,0.12756,0.262934,KNOWN
BoT-IoT,test,361,DDoS,1,0.030557,0.262934,KNOWN
BoT-IoT,test,362,DoS,1,0.032672,0.262934,KNOWN
BoT-IoT,test,363,DDoS,1,0.100333,0.262934,KNOWN
BoT-IoT,test,364,DDoS,1,0.101409,0.262934,KNOWN
BoT-IoT,test,365,DDoS,1,0.12117,0.262934,KNOWN
BoT-IoT,test,366,DoS,1,0.080352,0.262934,KNOWN
BoT-IoT,test,367,DDoS,1,0.254953,0.262934,KNOWN
BoT-IoT,test,368,DoS,1,0.13484,0.262934,KNOWN
BoT-IoT,test,369,DDoS,1,0.012009,0.262934,KNOWN
BoT-IoT,test,370,DDoS,1,0.101601,0.262934,KNOWN
BoT-IoT,test,371,DoS,1,0.05954,0.262934,KNOWN
BoT-IoT,test,372,DoS,1,0.087384,0.262934,KNOWN
BoT-IoT,test,373,DoS,1,0.001201,0.262934,KNOWN
BoT-IoT,test,374,DDoS,1,0.234839,0.262934,KNOWN
BoT-IoT,test,375,DoS,1,0.161077,0.262934,KNOWN
BoT-IoT,test,376,DoS,1,0.190382,0.262934,KNOWN
BoT-IoT,test,377,DDoS,1,0.184116,0.262934,KNOWN
BoT-IoT,test,378,DoS,1,0.057783,0.262934,KNOWN
BoT-IoT,test,379,Normal,1,0.092781,0.262934,KNOWN
BoT-IoT,test,380,DoS,1,0.164905,0.262934,KNOWN
BoT-IoT,test,381,DDoS,1,0.027235,0.262934,KNOWN
BoT-IoT,test,382,DoS,1,0.060839,0.262934,KNOWN
BoT-IoT,test,383,DDoS,1,0.124193,0.262934,KNOWN
BoT-IoT,test,384,DoS,1,0.055551,0.262934,KNOWN
BoT-IoT,test,385,DoS,1,0.088515,0.262934,KNOWN
BoT-IoT,test,386,DoS,1,0.074809,0.262934,KNOWN
BoT-IoT,test,387,DDoS,1,0.166287,0.262934,KNOWN
BoT-IoT,test,388,DDoS,1,0.138123,0.262934,KNOWN
BoT-IoT,test,389,DoS,1,0.048096,0.262934,KNOWN
BoT-IoT,test,390,DDoS,1,0.017827,0.262934,KNOWN
BoT-IoT,test,391,Normal,1,0.241266,0.262934,KNOWN
BoT-IoT,test,392,DDoS,1,0.172112,0.262934,KNOWN
BoT-IoT,test,393,DDoS,1,0.321767,0.262934,ZERO_DAY
BoT-IoT,test,394,DoS,1,0.102211,0.262934,KNOWN
BoT-IoT,test,395,Reconnaissance,1,0.107598,0.262934,KNOWN
BoT-IoT,test,396,DDoS,1,0.122371,0.262934,KNOWN
BoT-IoT,test,397,DoS,1,0.022774,0.262934,KNOWN
BoT-IoT,test,398,DoS,1,0.010658,0.262934,KNOWN
BoT-IoT,test,399,DoS,1,0.123674,0.262934,KNOWN
BoT-IoT,test,400,DoS,1,0.099902,0.262934,KNOWN
BoT-IoT,test,401,Normal,1,0.095059,0.262934,KNOWN
BoT-IoT,test,402,DDoS,1,0.037633,0.262934,KNOWN
BoT-IoT,test,403,DDoS,1,0.064957,0.262934,KNOWN
BoT-IoT,test,404,DoS,1,0.016095,0.262934,KNOWN
BoT-IoT,test,405,DoS,1,0.06449,0.262934,KNOWN
BoT-IoT,test,406,DoS,1,0.185985,0.262934,KNOWN
BoT-IoT,test,407,DoS,1,0.137168,0.262934,KNOWN
BoT-IoT,test,408,DoS,1,0.033876,0.262934,KNOWN
BoT-IoT,test,409,DDoS,1,0.187034,0.262934,KNOWN
BoT-IoT,test,410,DDoS,1,0.062332,0.262934,KNOWN
BoT-IoT,test,411,DDoS,1,0.249178,0.262934,KNOWN
BoT-IoT,test,412,DDoS,1,0.060148,0.262934,KNOWN
BoT-IoT,test,413,DoS,1,0.126262,0.262934,KNOWN
BoT-IoT,test,414,DDoS,1,0.03229,0.262934,KNOWN
BoT-IoT,test,415,DoS,1,0.009942,0.262934,KNOWN
BoT-IoT,test,416,DoS,1,0.116627,0.262934,KNOWN
BoT-IoT,test,417,DoS,1,0.088564,0.262934,KNOWN
BoT-IoT,test,418,DDoS,1,0.187427,0.262934,KNOWN
BoT-IoT,test,419,DDoS,1,0.040083,0.262934,KNOWN
BoT-IoT,test,420,DoS,1,0.052154,0.262934,KNOWN
BoT-IoT,test,421,DDoS,1,0.116912,0.262934,KNOWN
BoT-IoT,test,422,DDoS,1,0.042128,0.262934,KNOWN
BoT-IoT,test,423,DoS,1,0.215736,0.262934,KNOWN
BoT-IoT,test,424,DDoS,1,0.18146,0.262934,KNOWN
BoT-IoT,test,425,DoS,1,0.179745,0.262934,KNOWN
BoT-IoT,test,426,DDoS,1,0.008275,0.262934,KNOWN
BoT-IoT,test,427,DDoS,1,0.068693,0.262934,KNOWN
BoT-IoT,test,428,DoS,1,0.022549,0.262934,KNOWN
BoT-IoT,test,429,Normal,1,0.076706,0.262934,KNOWN
BoT-IoT,test,430,DoS,1,0.105568,0.262934,KNOWN
BoT-IoT,test,431,DoS,1,0.035045,0.262934,KNOWN
BoT-IoT,test,432,DoS,1,0.190835,0.262934,KNOWN
BoT-IoT,test,433,DDoS,1,0.08387,0.262934,KNOWN
BoT-IoT,test,434,DDoS,1,0.474626,0.262934,ZERO_DAY
BoT-IoT,test,435,DoS,1,0.097738,0.262934,KNOWN
BoT-IoT,test,436,DDoS,1,0.225384,0.262934,KNOWN
BoT-IoT,test,437,Normal,1,0.086356,0.262934,KNOWN
BoT-IoT,test,438,Reconnaissance,1,0.208594,0.262934,KNOWN
BoT-IoT,test,439,DDoS,1,0.104927,0.262934,KNOWN
BoT-IoT,test,440,DDoS,1,0.024049,0.262934,KNOWN
BoT-IoT,test,441,DDoS,1,0.038133,0.262934,KNOWN
BoT-IoT,test,442,DoS,1,0.043356,0.262934,KNOWN
BoT-IoT,test,443,DDoS,1,0.054508,0.262934,KNOWN
BoT-IoT,test,444,DDoS,1,0.054649,0.262934,KNOWN
BoT-IoT,test,445,Normal,1,0.10595,0.262934,KNOWN
BoT-IoT,test,446,Normal,1,0.01263,0.262934,KNOWN
BoT-IoT,test,447,DDoS,1,0.071562,0.262934,KNOWN
BoT-IoT,test,448,DDoS,1,0.182828,0.262934,KNOWN
BoT-IoT,test,449,DoS,1,0.043607,0.262934,KNOWN
BoT-IoT,test,450,DoS,1,0.020082,0.262934,KNOWN
BoT-IoT,test,451,DDoS,1,0.062343,0.262934,KNOWN
BoT-IoT,test,452,DoS,1,0.088032,0.262934,KNOWN
BoT-IoT,test,453,DDoS,1,0.114139,0.262934,KNOWN
BoT-IoT,test,454,DDoS,1,0.020672,0.262934,KNOWN
BoT-IoT,test,455,DoS,1,0.07056,0.262934,KNOWN
BoT-IoT,test,456,DoS,1,0.12632,0.262934,KNOWN
BoT-IoT,test,457,DDoS,1,0.064671,0.262934,KNOWN
BoT-IoT,test,458,DoS,1,0.269413,0.262934,ZERO_DAY
BoT-IoT,test,459,DDoS,1,0.004694,0.262934,KNOWN
BoT-IoT,test,460,DoS,1,0.006517,0.262934,KNOWN
BoT-IoT,test,461,DDoS,1,0.245466,0.262934,KNOWN
BoT-IoT,test,462,DoS,1,0.096497,0.262934,KNOWN
BoT-IoT,test,463,DoS,1,0.043505,0.262934,KNOWN
BoT-IoT,test,464,DoS,1,0.033461,0.262934,KNOWN
BoT-IoT,test,465,DoS,1,0.084559,0.262934,KNOWN
BoT-IoT,test,466,DoS,1,0.200165,0.262934,KNOWN
BoT-IoT,test,467,DDoS,1,0.114556,0.262934,KNOWN
BoT-IoT,test,468,DoS,1,0.016533,0.262934,KNOWN
BoT-IoT,test,469,DoS,1,0.070459,0.262934,KNOWN
BoT-IoT,test,470,DDoS,1,0.19137,0.262934,KNOWN
BoT-IoT,test,471,DDoS,1,0.213379,0.262934,KNOWN
BoT-IoT,test,472,DoS,1,0.225233,0.262934,KNOWN
BoT-IoT,test,473,Reconnaissance,1,0.098134,0.262934,KNOWN
BoT-IoT,test,474,DDoS,1,0.048287,0.262934,KNOWN
BoT-IoT,test,475,DDoS,1,0.087911,0.262934,KNOWN
BoT-IoT,test,476,DoS,1,0.032285,0.262934,KNOWN
BoT-IoT,test,477,DoS,1,0.042128,0.262934,KNOWN
BoT-IoT,test,478,DDoS,1,0.044553,0.262934,KNOWN
BoT-IoT,test,479,DDoS,1,0.036841,0.262934,KNOWN
BoT-IoT,test,480,DDoS,1,0.114019,0.262934,KNOWN
BoT-IoT,test,481,DDoS,1,0.271263,0.262934,ZERO_DAY
BoT-IoT,test,482,DoS,1,0.027473,0.262934,KNOWN
BoT-IoT,test,483,DDoS,1,0.200495,0.262934,KNOWN
BoT-IoT,test,484,DoS,1,0.080178,0.262934,KNOWN
BoT-IoT,test,485,DoS,1,0.168016,0.262934,KNOWN
BoT-IoT,test,486,DoS,1,0.071126,0.262934,KNOWN
BoT-IoT,test,487,DoS,1,0.006494,0.262934,KNOWN
BoT-IoT,test,488,DDoS,1,0.1483,0.262934,KNOWN
BoT-IoT,test,489,DoS,1,0.035397,0.262934,KNOWN
BoT-IoT,test,490,DoS,1,0.04941,0.262934,KNOWN
BoT-IoT,test,491,DoS,1,0.182765,0.262934,KNOWN
BoT-IoT,test,492,DoS,1,0.121636,0.262934,KNOWN
BoT-IoT,test,493,DoS,1,0.203216,0.262934,KNOWN
BoT-IoT,test,494,DoS,1,0.016337,0.262934,KNOWN
BoT-IoT,test,495,DDoS,1,0.021303,0.262934,KNOWN
BoT-IoT,test,496,DoS,1,0.03034,0.262934,KNOWN
BoT-IoT,test,497,DDoS,1,0.065078,0.262934,KNOWN
BoT-IoT,test,498,DDoS,1,0.204604,0.262934,KNOWN
BoT-IoT,test,499,DDoS,1,0.168581,0.262934,KNOWN
BoT-IoT,test,500,DoS,1,0.013489,0.262934,KNOWN
BoT-IoT,test,501,DDoS,1,0.067915,0.262934,KNOWN
BoT-IoT,test,502,DoS,1,0.012098,0.262934,KNOWN
BoT-IoT,test,503,DDoS,1,0.080442,0.262934,KNOWN
BoT-IoT,test,504,DoS,1,0.13498,0.262934,KNOWN
BoT-IoT,test,505,DoS,1,0.032547,0.262934,KNOWN
BoT-IoT,test,506,DoS,1,0.08204,0.262934,KNOWN
BoT-IoT,test,507,DoS,1,0.035807,0.262934,KNOWN
BoT-IoT,test,508,DDoS,1,0.016983,0.262934,KNOWN
BoT-IoT,test,509,DoS,1,0.08475,0.262934,KNOWN
BoT-IoT,test,510,DDoS,1,0.049874,0.262934,KNOWN
BoT-IoT,test,511,DDoS,1,0.027482,0.262934,KNOWN
BoT-IoT,test,512,DDoS,1,0.041128,0.262934,KNOWN
BoT-IoT,test,513,DoS,1,0.060546,0.262934,KNOWN
BoT-IoT,test,514,DoS,1,0.063958,0.262934,KNOWN
BoT-IoT,test,515,DoS,1,0.103875,0.262934,KNOWN
BoT-IoT,test,516,DoS,1,0.037054,0.262934,KNOWN
BoT-IoT,test,517,DDoS,1,0.136935,0.262934,KNOWN
BoT-IoT,test,518,DoS,1,0.033197,0.262934,KNOWN
BoT-IoT,test,519,DDoS,1,0.11585,0.262934,KNOWN
BoT-IoT,test,520,DDoS,1,0.015835,0.262934,KNOWN
BoT-IoT,test,521,DoS,1,0.335135,0.262934,ZERO_DAY
BoT-IoT,test,522,DDoS,1,0.016988,0.262934,KNOWN
BoT-IoT,test,523,DDoS,1,0.059832,0.262934,KNOWN
BoT-IoT,test,524,DDoS,1,0.048972,0.262934,KNOWN
BoT-IoT,test,525,DoS,1,0.082305,0.262934,KNOWN
BoT-IoT,test,526,DoS,1,0.109621,0.262934,KNOWN
BoT-IoT,test,527,DDoS,1,0.095265,0.262934,KNOWN
BoT-IoT,test,528,DDoS,1,0.004953,0.262934,KNOWN
BoT-IoT,test,529,DoS,1,0.130474,0.262934,KNOWN
BoT-IoT,test,530,DDoS,1,0.019096,0.262934,KNOWN
BoT-IoT,test,531,DoS,1,0.135505,0.262934,KNOWN
BoT-IoT,test,532,DDoS,1,0.341733,0.262934,ZERO_DAY
BoT-IoT,test,533,DoS,1,0.10277,0.262934,KNOWN
BoT-IoT,test,534,DoS,1,0.050118,0.262934,KNOWN
BoT-IoT,test,535,DDoS,1,0.128963,0.262934,KNOWN
BoT-IoT,test,536,DoS,1,0.066622,0.262934,KNOWN
BoT-IoT,test,537,DoS,1,0.083053,0.262934,KNOWN
BoT-IoT,test,538,DDoS,1,0.234866,0.262934,KNOWN
BoT-IoT,test,539,DDoS,1,0.028055,0.262934,KNOWN
BoT-IoT,test,540,DDoS,1,0.08444,0.262934,KNOWN
BoT-IoT,test,541,DoS,1,0.037674,0.262934,KNOWN
BoT-IoT,test,542,DDoS,1,0.02612,0.262934,KNOWN
BoT-IoT,test,543,DoS,1,0.048131,0.262934,KNOWN
BoT-IoT,test,544,DDoS,1,0.077234,0.262934,KNOWN
BoT-IoT,test,545,DDoS,1,0.033712,0.262934,KNOWN
BoT-IoT,test,546,DoS,1,0.052904,0.262934,KNOWN
BoT-IoT,test,547,DDoS,1,0.048823,0.262934,KNOWN
BoT-IoT,test,548,DDoS,1,0.206376,0.262934,KNOWN
BoT-IoT,test,549,DDoS,1,0.053624,0.262934,KNOWN
BoT-IoT,test,550,DoS,1,0.213958,0.262934,KNOWN
BoT-IoT,test,551,DoS,1,0.011685,0.262934,KNOWN
BoT-IoT,test,552,DoS,1,0.013373,0.262934,KNOWN
BoT-IoT,test,553,DDoS,1,0.107686,0.262934,KNOWN
BoT-IoT,test,554,DDoS,1,0.141515,0.262934,KNOWN
BoT-IoT,test,555,DDoS,1,0.095198,0.262934,KNOWN
BoT-IoT,test,556,DDoS,1,0.0425,0.262934,KNOWN
BoT-IoT,test,557,DDoS,1,0.130202,0.262934,KNOWN
BoT-IoT,test,558,DoS,1,0.069996,0.262934,KNOWN
BoT-IoT,test,559,DoS,1,0.156981,0.262934,KNOWN
BoT-IoT,test,560,DoS,1,0.048468,0.262934,KNOWN
BoT-IoT,test,561,DoS,1,0.033529,0.262934,KNOWN
BoT-IoT,test,562,Normal,1,0.080831,0.262934,KNOWN
BoT-IoT,test,563,DoS,1,0.092991,0.262934,KNOWN
BoT-IoT,test,564,DoS,1,0.055734,0.262934,KNOWN
BoT-IoT,test,565,DDoS,1,0.096152,0.262934,KNOWN
BoT-IoT,test,566,DoS,1,0.081841,0.262934,KNOWN
BoT-IoT,test,567,DDoS,1,0.132014,0.262934,KNOWN
BoT-IoT,test,568,DoS,1,0.073604,0.262934,KNOWN
BoT-IoT,test,569,DDoS,1,0.194177,0.262934,KNOWN
BoT-IoT,test,570,Reconnaissance,1,0.046125,0.262934,KNOWN
BoT-IoT,test,571,DDoS,1,0.041664,0.262934,KNOWN
BoT-IoT,test,572,DDoS,1,0.179721,0.262934,KNOWN
BoT-IoT,test,573,DDoS,1,0.089693,0.262934,KNOWN
BoT-IoT,test,574,DDoS,1,0.028672,0.262934,KNOWN
BoT-IoT,test,575,DDoS,1,0.150751,0.262934,KNOWN
BoT-IoT,test,576,DDoS,1,0.126638,0.262934,KNOWN
BoT-IoT,test,577,DDoS,1,0.151174,0.262934,KNOWN
BoT-IoT,test,578,DoS,1,0.052664,0.262934,KNOWN
BoT-IoT,test,579,DDoS,1,0.029915,0.262934,KNOWN
BoT-IoT,test,580,DoS,1,0.076098,0.262934,KNOWN
BoT-IoT,test,581,DDoS,1,0.07959,0.262934,KNOWN
BoT-IoT,test,582,DoS,1,0.12456,0.262934,KNOWN
BoT-IoT,test,583,DDoS,1,0.077648,0.262934,KNOWN
BoT-IoT,test,584,DDoS,1,0.072955,0.262934,KNOWN
BoT-IoT,test,585,DDoS,1,0.118617,0.262934,KNOWN
BoT-IoT,test,586,DoS,1,0.058497,0.262934,KNOWN
BoT-IoT,test,587,DoS,1,0.139506,0.262934,KNOWN
BoT-IoT,test,588,DDoS,1,0.168352,0.262934,KNOWN
BoT-IoT,test,589,Normal,1,0.021549,0.262934,KNOWN
BoT-IoT,test,590,DDoS,1,0.066047,0.262934,KNOWN
BoT-IoT,test,591,DDoS,1,0.488229,0.262934,ZERO_DAY
BoT-IoT,test,592,DDoS,1,0.03105,0.262934,KNOWN
BoT-IoT,test,593,DDoS,1,0.082386,0.262934,KNOWN
BoT-IoT,test,594,DDoS,1,0.062661,0.262934,KNOWN
BoT-IoT,test,595,DoS,1,0.02047,0.262934,KNOWN
BoT-IoT,test,596,DDoS,1,0.040609,0.262934,KNOWN
BoT-IoT,test,597,DoS,1,0.228116,0.262934,KNOWN
BoT-IoT,test,598,DDoS,1,0.123701,0.262934,KNOWN
BoT-IoT,test,599,DoS,1,0.066166,0.262934,KNOWN
BoT-IoT,test,600,DoS,1,0.160859,0.262934,KNOWN
BoT-IoT,test,601,DDoS,1,0.212232,0.262934,KNOWN
BoT-IoT,test,602,DoS,1,0.058948,0.262934,KNOWN
BoT-IoT,test,603,DoS,1,0.027561,0.262934,KNOWN
BoT-IoT,test,604,DDoS,1,0.051756,0.262934,KNOWN
BoT-IoT,test,605,DDoS,1,0.1522,0.262934,KNOWN
BoT-IoT,test,606,DDoS,1,0.181456,0.262934,KNOWN
BoT-IoT,test,607,DDoS,1,0.036761,0.262934,KNOWN
BoT-IoT,test,608,Reconnaissance,1,0.184246,0.262934,KNOWN
BoT-IoT,test,609,DoS,1,0.056392,0.262934,KNOWN
BoT-IoT,test,610,DDoS,1,0.050034,0.262934,KNOWN
BoT-IoT,test,611,DDoS,1,0.038007,0.262934,KNOWN
BoT-IoT,test,612,DoS,1,0.039287,0.262934,KNOWN
BoT-IoT,test,613,DDoS,1,0.288789,0.262934,ZERO_DAY
BoT-IoT,test,614,DDoS,1,0.315635,0.262934,ZERO_DAY
BoT-IoT,test,615,DoS,1,0.02989,0.262934,KNOWN
BoT-IoT,test,616,DDoS,1,0.157108,0.262934,KNOWN
BoT-IoT,test,617,DoS,1,0.062083,0.262934,KNOWN
BoT-IoT,test,618,DoS,1,0.064125,0.262934,KNOWN
BoT-IoT,test,619,DDoS,1,0.178754,0.262934,KNOWN
BoT-IoT,test,620,DDoS,1,0.136725,0.262934,KNOWN
BoT-IoT,test,621,DDoS,1,0.057549,0.262934,KNOWN
BoT-IoT,test,622,DDoS,1,0.135117,0.262934,KNOWN
BoT-IoT,test,623,DDoS,1,0.198552,0.262934,KNOWN
BoT-IoT,test,624,DoS,1,0.068392,0.262934,KNOWN
BoT-IoT,test,625,DoS,1,0.028217,0.262934,KNOWN
BoT-IoT,test,626,DoS,1,0.212937,0.262934,KNOWN
BoT-IoT,test,627,DDoS,1,0.133756,0.262934,KNOWN
BoT-IoT,test,628,DoS,1,0.087335,0.262934,KNOWN
BoT-IoT,test,629,DoS,1,0.139406,0.262934,KNOWN
BoT-IoT,test,630,DDoS,1,0.014377,0.262934,KNOWN
BoT-IoT,test,631,DDoS,1,0.088128,0.262934,KNOWN
BoT-IoT,test,632,DoS,1,0.060955,0.262934,KNOWN
BoT-IoT,test,633,DDoS,1,0.100315,0.262934,KNOWN
BoT-IoT,test,634,Normal,1,0.099962,0.262934,KNOWN
BoT-IoT,test,635,DDoS,1,0.046057,0.262934,KNOWN
BoT-IoT,test,636,DDoS,1,0.238323,0.262934,KNOWN
BoT-IoT,test,637,DDoS,1,0.077089,0.262934,KNOWN
BoT-IoT,test,638,DDoS,1,0.045211,0.262934,KNOWN
BoT-IoT,test,639,DoS,1,0.17892,0.262934,KNOWN
BoT-IoT,test,640,DoS,1,0.071788,0.262934,KNOWN
BoT-IoT,test,641,DDoS,1,0.031188,0.262934,KNOWN
BoT-IoT,test,642,DoS,1,0.136715,0.262934,KNOWN
BoT-IoT,test,643,DDoS,1,0.052382,0.262934,KNOWN
BoT-IoT,test,644,DoS,1,0.037955,0.262934,KNOWN
BoT-IoT,test,645,DDoS,1,0.064345,0.262934,KNOWN
BoT-IoT,test,646,DoS,1,0.184985,0.262934,KNOWN
BoT-IoT,test,647,DoS,1,0.202392,0.262934,KNOWN
BoT-IoT,test,648,DoS,1,0.115997,0.262934,KNOWN
BoT-IoT,test,649,DoS,1,0.195649,0.262934,KNOWN
BoT-IoT,test,650,DoS,1,0.199261,0.262934,KNOWN
BoT-IoT,test,651,DoS,1,0.07629,0.262934,KNOWN
BoT-IoT,test,652,DoS,1,0.169201,0.262934,KNOWN
BoT-IoT,test,653,DDoS,1,0.000551,0.262934,KNOWN
BoT-IoT,test,654,DoS,1,0.167437,0.262934,KNOWN
BoT-IoT,test,655,DoS,1,0.046629,0.262934,KNOWN
BoT-IoT,test,656,DDoS,1,0.111546,0.262934,KNOWN
BoT-IoT,test,657,DoS,1,0.242937,0.262934,KNOWN
BoT-IoT,test,658,DoS,1,0.00524,0.262934,KNOWN
BoT-IoT,test,659,DoS,1,0.028633,0.262934,KNOWN
BoT-IoT,test,660,DDoS,1,0.273757,0.262934,ZERO_DAY
BoT-IoT,test,661,DDoS,1,0.086413,0.262934,KNOWN
BoT-IoT,test,662,DDoS,1,0.0756,0.262934,KNOWN
BoT-IoT,test,663,Normal,1,0.043752,0.262934,KNOWN
BoT-IoT,test,664,DoS,1,0.058911,0.262934,KNOWN
BoT-IoT,test,665,DoS,1,0.008039,0.262934,KNOWN
BoT-IoT,test,666,DDoS,1,0.039099,0.262934,KNOWN
BoT-IoT,test,667,DoS,1,0.19288,0.262934,KNOWN
BoT-IoT,test,668,DoS,1,0.041537,0.262934,KNOWN
BoT-IoT,test,669,DoS,1,0.0358,0.262934,KNOWN
BoT-IoT,test,670,DDoS,1,0.139267,0.262934,KNOWN
BoT-IoT,test,671,DDoS,1,0.08805,0.262934,KNOWN
BoT-IoT,test,672,DDoS,1,0.02793,0.262934,KNOWN
BoT-IoT,test,673,DDoS,1,0.261965,0.262934,KNOWN
BoT-IoT,test,674,DoS,1,0.092252,0.262934,KNOWN
BoT-IoT,test,675,DoS,1,0.085833,0.262934,KNOWN
BoT-IoT,test,676,Normal,1,0.020375,0.262934,KNOWN
BoT-IoT,test,677,DDoS,1,0.439414,0.262934,ZERO_DAY
BoT-IoT,test,678,DDoS,1,0.276481,0.262934,ZERO_DAY
BoT-IoT,test,679,DDoS,1,0.086181,0.262934,KNOWN
BoT-IoT,test,680,DoS,1,0.08345,0.262934,KNOWN
BoT-IoT,test,681,DDoS,1,0.054526,0.262934,KNOWN
BoT-IoT,test,682,DDoS,1,0.041633,0.262934,KNOWN
BoT-IoT,test,683,DDoS,1,0.068301,0.262934,KNOWN
BoT-IoT,test,684,DDoS,1,0.024096,0.262934,KNOWN
BoT-IoT,test,685,Reconnaissance,1,0.00086,0.262934,KNOWN
BoT-IoT,test,686,DDoS,1,0.203499,0.262934,KNOWN
BoT-IoT,test,687,DoS,1,0.070043,0.262934,KNOWN
BoT-IoT,test,688,DoS,1,0.050477,0.262934,KNOWN
BoT-IoT,test,689,DoS,1,0.287416,0.262934,ZERO_DAY
BoT-IoT,test,690,DDoS,1,0.046602,0.262934,KNOWN
BoT-IoT,test,691,Reconnaissance,1,0.142918,0.262934,KNOWN
BoT-IoT,test,692,DDoS,1,0.011538,0.262934,KNOWN
BoT-IoT,test,693,DoS,1,0.065432,0.262934,KNOWN
BoT-IoT,test,694,DoS,1,0.009757,0.262934,KNOWN
BoT-IoT,test,695,DoS,1,0.115803,0.262934,KNOWN
BoT-IoT,test,696,DDoS,1,0.040462,0.262934,KNOWN
BoT-IoT,test,697,DoS,1,0.0257,0.262934,KNOWN
BoT-IoT,test,698,DoS,1,0.028873,0.262934,KNOWN
BoT-IoT,test,699,DDoS,1,0.225893,0.262934,KNOWN
BoT-IoT,test,700,Reconnaissance,1,0.033331,0.262934,KNOWN
BoT-IoT,test,701,DDoS,1,0.125176,0.262934,KNOWN
BoT-IoT,test,702,DDoS,1,0.172458,0.262934,KNOWN
BoT-IoT,test,703,DoS,1,0.147081,0.262934,KNOWN
BoT-IoT,test,704,DDoS,1,0.379264,0.262934,ZERO_DAY
BoT-IoT,test,705,Reconnaissance,1,0.057187,0.262934,KNOWN
BoT-IoT,test,706,DDoS,1,0.10799,0.262934,KNOWN
BoT-IoT,test,707,DDoS,1,0.011854,0.262934,KNOWN
BoT-IoT,test,708,DDoS,1,0.043008,0.262934,KNOWN
BoT-IoT,test,709,DoS,1,0.049612,0.262934,KNOWN
BoT-IoT,test,710,DDoS,1,0.126267,0.262934,KNOWN
BoT-IoT,test,711,DDoS,1,0.032453,0.262934,KNOWN
BoT-IoT,test,712,DDoS,1,0.043506,0.262934,KNOWN
BoT-IoT,test,713,DDoS,1,0.117921,0.262934,KNOWN
BoT-IoT,test,714,DDoS,1,0.172211,0.262934,KNOWN
BoT-IoT,test,715,DDoS,1,0.052367,0.262934,KNOWN
BoT-IoT,test,716,DoS,1,0.177782,0.262934,KNOWN
BoT-IoT,test,717,DoS,1,0.15803,0.262934,KNOWN
BoT-IoT,test,718,DoS,1,0.049106,0.262934,KNOWN
BoT-IoT,test,719,DDoS,1,0.164367,0.262934,KNOWN
BoT-IoT,test,720,DoS,1,0.049654,0.262934,KNOWN
BoT-IoT,test,721,DoS,1,0.073721,0.262934,KNOWN
BoT-IoT,test,722,DDoS,1,0.258924,0.262934,KNOWN
BoT-IoT,test,723,DDoS,1,0.258214,0.262934,KNOWN
BoT-IoT,test,724,DoS,1,0.025131,0.262934,KNOWN
BoT-IoT,test,725,DDoS,1,0.209307,0.262934,KNOWN
BoT-IoT,test,726,DDoS,1,0.281554,0.262934,ZERO_DAY
BoT-IoT,test,727,DoS,1,0.054422,0.262934,KNOWN
BoT-IoT,test,728,DoS,1,0.091036,0.262934,KNOWN
BoT-IoT,test,729,Normal,1,0.028194,0.262934,KNOWN
BoT-IoT,test,730,DDoS,1,0.102499,0.262934,KNOWN
BoT-IoT,test,731,DoS,1,0.054098,0.262934,KNOWN
BoT-IoT,test,732,DoS,1,0.070855,0.262934,KNOWN
BoT-IoT,test,733,DDoS,1,0.026437,0.262934,KNOWN
BoT-IoT,test,734,DoS,1,0.047472,0.262934,KNOWN
BoT-IoT,test,735,DDoS,1,0.003394,0.262934,KNOWN
BoT-IoT,test,736,DDoS,1,0.234846,0.262934,KNOWN
BoT-IoT,test,737,DDoS,1,0.065765,0.262934,KNOWN
BoT-IoT,test,738,DDoS,1,0.008538,0.262934,KNOWN
BoT-IoT,test,739,DoS,1,0.27936,0.262934,ZERO_DAY
BoT-IoT,test,740,DDoS,1,0.265195,0.262934,ZERO_DAY
BoT-IoT,test,741,DoS,1,0.14809,0.262934,KNOWN
BoT-IoT,test,742,DoS,1,0.251136,0.262934,KNOWN
BoT-IoT,test,743,DDoS,1,0.311845,0.262934,ZERO_DAY
BoT-IoT,test,744,DDoS,1,0.017722,0.262934,KNOWN
BoT-IoT,test,745,DoS,1,0.018742,0.262934,KNOWN
BoT-IoT,test,746,DDoS,1,0.029073,0.262934,KNOWN
BoT-IoT,test,747,DDoS,1,0.283479,0.262934,ZERO_DAY
BoT-IoT,test,748,DDoS,1,0.035159,0.262934,KNOWN
BoT-IoT,test,749,DDoS,1,0.01342,0.262934,KNOWN
BoT-IoT,test,750,DoS,1,0.047498,0.262934,KNOWN
BoT-IoT,test,751,DDoS,1,0.140369,0.262934,KNOWN
BoT-IoT,test,752,DDoS,1,0.106273,0.262934,KNOWN
BoT-IoT,test,753,DDoS,1,0.043774,0.262934,KNOWN
BoT-IoT,test,754,DDoS,1,0.088011,0.262934,KNOWN
BoT-IoT,test,755,DDoS,1,0.098281,0.262934,KNOWN
BoT-IoT,test,756,DDoS,1,0.108417,0.262934,KNOWN
BoT-IoT,test,757,DoS,1,0.093111,0.262934,KNOWN
BoT-IoT,test,758,DDoS,1,0.0307,0.262934,KNOWN
BoT-IoT,test,759,Reconnaissance,1,0.050763,0.262934,KNOWN
BoT-IoT,test,760,DoS,1,0.019716,0.262934,KNOWN
BoT-IoT,test,761,DDoS,1,0.296537,0.262934,ZERO_DAY
BoT-IoT,test,762,DDoS,1,0.104391,0.262934,KNOWN
BoT-IoT,test,763,DDoS,1,0.125932,0.262934,KNOWN
BoT-IoT,test,764,DoS,1,0.443333,0.262934,ZERO_DAY
BoT-IoT,test,765,DDoS,1,0.056429,0.262934,KNOWN
BoT-IoT,test,766,DoS,1,0.046756,0.262934,KNOWN
BoT-IoT,test,767,DDoS,1,0.202812,0.262934,KNOWN
BoT-IoT,test,768,DoS,1,0.075417,0.262934,KNOWN
BoT-IoT,test,769,DoS,1,0.164277,0.262934,KNOWN
BoT-IoT,test,770,DDoS,1,0.234908,0.262934,KNOWN
BoT-IoT,test,771,DDoS,1,0.084782,0.262934,KNOWN
BoT-IoT,test,772,DDoS,1,0.307374,0.262934,ZERO_DAY
BoT-IoT,test,773,DDoS,1,0.093884,0.262934,KNOWN
BoT-IoT,test,774,DDoS,1,0.042049,0.262934,KNOWN
BoT-IoT,test,775,DDoS,1,0.058054,0.262934,KNOWN
BoT-IoT,test,776,DDoS,1,0.053105,0.262934,KNOWN
BoT-IoT,test,777,DDoS,1,0.140476,0.262934,KNOWN
BoT-IoT,test,778,DDoS,1,0.088393,0.262934,KNOWN
BoT-IoT,test,779,DoS,1,0.112021,0.262934,KNOWN
BoT-IoT,test,780,DoS,1,0.057597,0.262934,KNOWN
BoT-IoT,test,781,Normal,1,0.039027,0.262934,KNOWN
BoT-IoT,test,782,DDoS,1,0.155279,0.262934,KNOWN
BoT-IoT,test,783,DoS,1,0.037473,0.262934,KNOWN
BoT-IoT,test,784,Reconnaissance,1,0.098282,0.262934,KNOWN
BoT-IoT,test,785,DoS,1,0.141396,0.262934,KNOWN
BoT-IoT,test,786,DDoS,1,0.294715,0.262934,ZERO_DAY
BoT-IoT,test,787,DDoS,1,0.092661,0.262934,KNOWN
BoT-IoT,test,788,DoS,1,0.023946,0.262934,KNOWN
BoT-IoT,test,789,DoS,1,0.183705,0.262934,KNOWN
BoT-IoT,test,790,DDoS,1,0.059217,0.262934,KNOWN
BoT-IoT,test,791,DDoS,1,0.257409,0.262934,KNOWN
BoT-IoT,test,792,DoS,1,0.121727,0.262934,KNOWN
BoT-IoT,test,793,DDoS,1,0.092527,0.262934,KNOWN
BoT-IoT,test,794,Normal,1,0.134359,0.262934,KNOWN
BoT-IoT,test,795,DDoS,1,0.216471,0.262934,KNOWN
BoT-IoT,test,796,DDoS,1,0.012131,0.262934,KNOWN
BoT-IoT,test,797,DDoS,1,0.338664,0.262934,ZERO_DAY
BoT-IoT,test,798,Normal,1,0.154243,0.262934,KNOWN
BoT-IoT,test,799,DDoS,1,0.118383,0.262934,KNOWN
BoT-IoT,test,800,DoS,1,0.007586,0.262934,KNOWN
BoT-IoT,test,801,DoS,1,0.149357,0.262934,KNOWN
BoT-IoT,test,802,DoS,1,0.172164,0.262934,KNOWN
BoT-IoT,test,803,DoS,1,0.087526,0.262934,KNOWN
BoT-IoT,test,804,Normal,1,0.026519,0.262934,KNOWN
BoT-IoT,test,805,DDoS,1,0.109785,0.262934,KNOWN
BoT-IoT,test,806,DDoS,1,0.239525,0.262934,KNOWN
BoT-IoT,test,807,DoS,1,0.073648,0.262934,KNOWN
BoT-IoT,test,808,DoS,1,0.005666,0.262934,KNOWN
BoT-IoT,test,809,DDoS,1,0.015559,0.262934,KNOWN
BoT-IoT,test,810,DDoS,1,0.024123,0.262934,KNOWN
BoT-IoT,test,811,DoS,1,0.17595,0.262934,KNOWN
BoT-IoT,test,812,DoS,1,0.154113,0.262934,KNOWN
BoT-IoT,test,813,DDoS,1,0.333451,0.262934,ZERO_DAY
BoT-IoT,test,814,DDoS,1,0.056518,0.262934,KNOWN
BoT-IoT,test,815,DDoS,1,0.036978,0.262934,KNOWN
BoT-IoT,test,816,DDoS,1,0.098821,0.262934,KNOWN
BoT-IoT,test,817,DoS,1,0.071291,0.262934,KNOWN
BoT-IoT,test,818,DDoS,1,0.447651,0.262934,ZERO_DAY
BoT-IoT,test,819,DDoS,1,0.115625,0.262934,KNOWN
BoT-IoT,test,820,DoS,1,0.04787,0.262934,KNOWN
BoT-IoT,test,821,DDoS,1,0.120553,0.262934,KNOWN
BoT-IoT,test,822,DoS,1,0.048822,0.262934,KNOWN
BoT-IoT,test,823,DDoS,1,0.014883,0.262934,KNOWN
BoT-IoT,test,824,DoS,1,0.010211,0.262934,KNOWN
BoT-IoT,test,825,DoS,1,0.000824,0.262934,KNOWN
BoT-IoT,test,826,DoS,1,0.125443,0.262934,KNOWN
BoT-IoT,test,827,DDoS,1,0.160571,0.262934,KNOWN
BoT-IoT,test,828,DoS,1,0.047618,0.262934,KNOWN
BoT-IoT,test,829,DDoS,1,0.170954,0.262934,KNOWN
BoT-IoT,test,830,Normal,1,0.046102,0.262934,KNOWN
BoT-IoT,test,831,DoS,1,0.213263,0.262934,KNOWN
BoT-IoT,test,832,DDoS,1,0.084598,0.262934,KNOWN
BoT-IoT,test,833,DoS,1,0.116979,0.262934,KNOWN
BoT-IoT,test,834,DoS,1,0.052636,0.262934,KNOWN
BoT-IoT,test,835,DDoS,1,0.004671,0.262934,KNOWN
BoT-IoT,test,836,DDoS,1,0.077225,0.262934,KNOWN
BoT-IoT,test,837,DDoS,1,0.085755,0.262934,KNOWN
BoT-IoT,test,838,DDoS,1,0.026932,0.262934,KNOWN
BoT-IoT,test,839,Normal,1,0.024267,0.262934,KNOWN
BoT-IoT,test,840,DoS,1,0.255252,0.262934,KNOWN
BoT-IoT,test,841,DoS,1,0.019245,0.262934,KNOWN
BoT-IoT,test,842,DDoS,1,0.073672,0.262934,KNOWN
BoT-IoT,test,843,DoS,1,0.262472,0.262934,KNOWN
BoT-IoT,test,844,DoS,1,0.096344,0.262934,KNOWN
BoT-IoT,test,845,DDoS,1,0.300849,0.262934,ZERO_DAY
BoT-IoT,test,846,DDoS,1,0.05987,0.262934,KNOWN
BoT-IoT,test,847,DoS,1,0.077717,0.262934,KNOWN
BoT-IoT,test,848,DoS,1,0.157618,0.262934,KNOWN
BoT-IoT,test,849,DoS,1,0.009343,0.262934,KNOWN
BoT-IoT,test,850,DDoS,1,0.017089,0.262934,KNOWN
BoT-IoT,test,851,DDoS,1,0.070894,0.262934,KNOWN
BoT-IoT,test,852,DoS,1,0.079837,0.262934,KNOWN
BoT-IoT,test,853,DoS,1,0.054332,0.262934,KNOWN
BoT-IoT,test,854,DDoS,1,0.049388,0.262934,KNOWN
BoT-IoT,test,855,DoS,1,0.034246,0.262934,KNOWN
BoT-IoT,test,856,DDoS,1,0.040756,0.262934,KNOWN
BoT-IoT,test,857,DoS,1,0.017727,0.262934,KNOWN
BoT-IoT,test,858,DoS,1,0.130284,0.262934,KNOWN
BoT-IoT,test,859,DoS,1,0.234973,0.262934,KNOWN
BoT-IoT,test,860,DDoS,1,0.163581,0.262934,KNOWN
BoT-IoT,test,861,DDoS,1,0.057129,0.262934,KNOWN
BoT-IoT,test,862,DDoS,1,0.303443,0.262934,ZERO_DAY
BoT-IoT,test,863,DoS,1,0.226421,0.262934,KNOWN
BoT-IoT,test,864,DoS,1,0.004012,0.262934,KNOWN
BoT-IoT,test,865,DDoS,1,0.005364,0.262934,KNOWN
BoT-IoT,test,866,Normal,1,0.01829,0.262934,KNOWN
BoT-IoT,test,867,DDoS,1,0.226818,0.262934,KNOWN
BoT-IoT,test,868,DDoS,1,0.042361,0.262934,KNOWN
BoT-IoT,test,869,DDoS,1,0.065423,0.262934,KNOWN
BoT-IoT,test,870,DDoS,1,0.03179,0.262934,KNOWN
BoT-IoT,test,871,DoS,1,0.013953,0.262934,KNOWN
BoT-IoT,test,872,DDoS,1,0.022789,0.262934,KNOWN
BoT-IoT,test,873,DDoS,1,0.140855,0.262934,KNOWN
BoT-IoT,test,874,DoS,1,0.151706,0.262934,KNOWN
BoT-IoT,test,875,DDoS,1,0.311182,0.262934,ZERO_DAY
BoT-IoT,test,876,DoS,1,0.067755,0.262934,KNOWN
BoT-IoT,test,877,DoS,1,0.231995,0.262934,KNOWN
BoT-IoT,test,878,DoS,1,0.148615,0.262934,KNOWN
BoT-IoT,test,879,DDoS,1,0.086805,0.262934,KNOWN
BoT-IoT,test,880,DDoS,1,0.012735,0.262934,KNOWN
BoT-IoT,test,881,DDoS,1,0.119892,0.262934,KNOWN
BoT-IoT,test,882,DDoS,1,0.071447,0.262934,KNOWN
BoT-IoT,test,883,DDoS,1,0.052916,0.262934,KNOWN
BoT-IoT,test,884,DoS,1,0.119436,0.262934,KNOWN
BoT-IoT,test,885,DoS,1,0.22749,0.262934,KNOWN
BoT-IoT,test,886,DDoS,1,0.10864,0.262934,KNOWN
BoT-IoT,test,887,DoS,1,0.193561,0.262934,KNOWN
BoT-IoT,test,888,DoS,1,0.03634,0.262934,KNOWN
BoT-IoT,test,889,DDoS,1,0.049927,0.262934,KNOWN
BoT-IoT,test,890,DDoS,1,0.026973,0.262934,KNOWN
BoT-IoT,test,891,DoS,1,0.146584,0.262934,KNOWN
BoT-IoT,test,892,DoS,1,0.001788,0.262934,KNOWN
BoT-IoT,test,893,DoS,1,0.284021,0.262934,ZERO_DAY
BoT-IoT,test,894,DoS,1,0.066509,0.262934,KNOWN
BoT-IoT,test,895,DoS,1,0.045632,0.262934,KNOWN
BoT-IoT,test,896,DoS,1,0.259558,0.262934,KNOWN
BoT-IoT,test,897,DoS,1,0.046702,0.262934,KNOWN
BoT-IoT,test,898,DDoS,1,0.13073,0.262934,KNOWN
BoT-IoT,test,899,DDoS,1,0.090017,0.262934,KNOWN
BoT-IoT,test,900,DDoS,1,0.259812,0.262934,KNOWN
BoT-IoT,test,901,DDoS,1,0.085953,0.262934,KNOWN
BoT-IoT,test,902,DoS,1,0.13006,0.262934,KNOWN
BoT-IoT,test,903,DoS,1,0.043177,0.262934,KNOWN
BoT-IoT,test,904,DDoS,1,0.155492,0.262934,KNOWN
BoT-IoT,test,905,Reconnaissance,1,0.011431,0.262934,KNOWN
BoT-IoT,test,906,DDoS,1,0.105981,0.262934,KNOWN
BoT-IoT,test,907,DDoS,1,0.027902,0.262934,KNOWN
BoT-IoT,test,908,DoS,1,0.068109,0.262934,KNOWN
BoT-IoT,test,909,DDoS,1,0.120074,0.262934,KNOWN
BoT-IoT,test,910,DDoS,1,0.247001,0.262934,KNOWN
BoT-IoT,test,911,DDoS,1,0.062004,0.262934,KNOWN
BoT-IoT,test,912,DDoS,1,0.051029,0.262934,KNOWN
BoT-IoT,test,913,DoS,1,0.129245,0.262934,KNOWN
BoT-IoT,test,914,DDoS,1,0.191362,0.262934,KNOWN
BoT-IoT,test,915,DDoS,1,0.155608,0.262934,KNOWN
BoT-IoT,test,916,DDoS,1,0.01717,0.262934,KNOWN
BoT-IoT,test,917,DDoS,1,0.408574,0.262934,ZERO_DAY
BoT-IoT,test,918,Normal,1,0.016689,0.262934,KNOWN
BoT-IoT,test,919,DDoS,1,0.083828,0.262934,KNOWN
BoT-IoT,test,920,DDoS,1,0.138309,0.262934,KNOWN
BoT-IoT,test,921,DDoS,1,0.020155,0.262934,KNOWN
BoT-IoT,test,922,Normal,1,0.098089,0.262934,KNOWN
BoT-IoT,test,923,DDoS,1,0.003042,0.262934,KNOWN
BoT-IoT,test,924,DDoS,1,0.010167,0.262934,KNOWN
BoT-IoT,test,925,DoS,1,0.107627,0.262934,KNOWN
BoT-IoT,test,926,DoS,1,0.045601,0.262934,KNOWN
BoT-IoT,test,927,DDoS,1,0.035488,0.262934,KNOWN
BoT-IoT,test,928,DDoS,1,0.004888,0.262934,KNOWN
BoT-IoT,test,929,DDoS,1,0.015798,0.262934,KNOWN
BoT-IoT,test,930,DDoS,1,0.021473,0.262934,KNOWN
BoT-IoT,test,931,Reconnaissance,1,0.118938,0.262934,KNOWN
BoT-IoT,test,932,DoS,1,0.014545,0.262934,KNOWN
BoT-IoT,test,933,DoS,1,0.004838,0.262934,KNOWN
BoT-IoT,test,934,DoS,1,0.087702,0.262934,KNOWN
BoT-IoT,test,935,DDoS,1,0.143968,0.262934,KNOWN
BoT-IoT,test,936,DDoS,1,0.034412,0.262934,KNOWN
BoT-IoT,test,937,DDoS,1,0.167877,0.262934,KNOWN
BoT-IoT,test,938,DDoS,1,0.09237,0.262934,KNOWN
BoT-IoT,test,939,DoS,1,0.155093,0.262934,KNOWN
BoT-IoT,test,940,DDoS,1,0.080996,0.262934,KNOWN
BoT-IoT,test,941,DDoS,1,0.022194,0.262934,KNOWN
BoT-IoT,test,942,Normal,1,0.208827,0.262934,KNOWN
BoT-IoT,test,943,DDoS,1,0.095681,0.262934,KNOWN
BoT-IoT,test,944,DoS,1,0.046596,0.262934,KNOWN
BoT-IoT,test,945,DoS,1,0.280371,0.262934,ZERO_DAY
BoT-IoT,test,946,DDoS,1,0.104709,0.262934,KNOWN
BoT-IoT,test,947,DDoS,1,0.003731,0.262934,KNOWN
BoT-IoT,test,948,DoS,1,0.05762,0.262934,KNOWN
BoT-IoT,test,949,DoS,1,0.178124,0.262934,KNOWN
BoT-IoT,test,950,DDoS,1,0.014842,0.262934,KNOWN
BoT-IoT,test,951,DoS,1,0.044811,0.262934,KNOWN
BoT-IoT,test,952,DoS,1,0.117739,0.262934,KNOWN
BoT-IoT,test,953,DoS,1,0.092885,0.262934,KNOWN
BoT-IoT,test,954,DDoS,1,0.033025,0.262934,KNOWN
BoT-IoT,test,955,DDoS,1,0.151953,0.262934,KNOWN
BoT-IoT,test,956,DDoS,1,0.009298,0.262934,KNOWN
BoT-IoT,test,957,DoS,1,0.036672,0.262934,KNOWN
BoT-IoT,test,958,Normal,1,0.044647,0.262934,KNOWN
BoT-IoT,test,959,DDoS,1,0.038608,0.262934,KNOWN
BoT-IoT,test,960,Reconnaissance,1,0.064403,0.262934,KNOWN
BoT-IoT,test,961,DDoS,1,0.054133,0.262934,KNOWN
BoT-IoT,test,962,DDoS,1,0.000487,0.262934,KNOWN
BoT-IoT,test,963,DoS,1,0.009837,0.262934,KNOWN
BoT-IoT,test,964,DDoS,1,0.220872,0.262934,KNOWN
BoT-IoT,test,965,DoS,1,0.069216,0.262934,KNOWN
BoT-IoT,test,966,DoS,1,0.129726,0.262934,KNOWN
BoT-IoT,test,967,DDoS,1,0.185339,0.262934,KNOWN
BoT-IoT,test,968,DDoS,1,0.094739,0.262934,KNOWN
BoT-IoT,test,969,DDoS,1,0.035211,0.262934,KNOWN
BoT-IoT,test,970,DDoS,1,0.228933,0.262934,KNOWN
BoT-IoT,test,971,DDoS,1,0.017066,0.262934,KNOWN
BoT-IoT,test,972,DDoS,1,0.010381,0.262934,KNOWN
BoT-IoT,test,973,DoS,1,0.043914,0.262934,KNOWN
BoT-IoT,test,974,DDoS,1,0.248737,0.262934,KNOWN
BoT-IoT,test,975,DoS,1,0.090797,0.262934,KNOWN
BoT-IoT,test,976,DDoS,1,0.233559,0.262934,KNOWN
BoT-IoT,test,977,DoS,1,0.034354,0.262934,KNOWN
BoT-IoT,test,978,DDoS,1,0.068444,0.262934,KNOWN
BoT-IoT,test,979,DDoS,1,0.149917,0.262934,KNOWN
BoT-IoT,test,980,DDoS,1,0.021838,0.262934,KNOWN
BoT-IoT,test,981,DoS,1,0.026897,0.262934,KNOWN
BoT-IoT,test,982,DDoS,1,0.069871,0.262934,KNOWN
BoT-IoT,test,983,DoS,1,0.012864,0.262934,KNOWN
BoT-IoT,test,984,DDoS,1,0.122025,0.262934,KNOWN
BoT-IoT,test,985,DoS,1,0.051737,0.262934,KNOWN
BoT-IoT,test,986,DDoS,1,0.25263,0.262934,KNOWN
BoT-IoT,test,987,DDoS,1,0.139552,0.262934,KNOWN
BoT-IoT,test,988,DDoS,1,0.06945,0.262934,KNOWN
BoT-IoT,test,989,DDoS,1,0.054768,0.262934,KNOWN
BoT-IoT,test,990,DoS,1,0.234413,0.262934,KNOWN
BoT-IoT,test,991,DoS,1,0.056114,0.262934,KNOWN
BoT-IoT,test,992,DoS,1,0.070435,0.262934,KNOWN
BoT-IoT,test,993,Normal,1,0.030823,0.262934,KNOWN
BoT-IoT,test,994,DDoS,1,0.095773,0.262934,KNOWN
BoT-IoT,test,995,DDoS,1,0.02271,0.262934,KNOWN
BoT-IoT,test,996,DoS,1,0.043385,0.262934,KNOWN
BoT-IoT,test,997,DDoS,1,0.203478,0.262934,KNOWN
BoT-IoT,test,998,DDoS,1,0.063912,0.262934,KNOWN
BoT-IoT,test,999,DoS,1,0.004258,0.262934,KNOWN
BoT-IoT,test,1000,Normal,1,0.049352,0.262934,KNOWN
BoT-IoT,test,1001,DDoS,1,0.1482,0.262934,KNOWN
BoT-IoT,test,1002,DDoS,1,0.104186,0.262934,KNOWN
BoT-IoT,test,1003,DDoS,1,0.046219,0.262934,KNOWN
BoT-IoT,test,1004,DoS,1,0.138553,0.262934,KNOWN
BoT-IoT,test,1005,DDoS,1,0.019801,0.262934,KNOWN
BoT-IoT,test,1006,DoS,1,0.331794,0.262934,ZERO_DAY
BoT-IoT,test,1007,DoS,1,0.045785,0.262934,KNOWN
BoT-IoT,test,1008,DoS,1,0.169051,0.262934,KNOWN
BoT-IoT,test,1009,DDoS,1,0.039795,0.262934,KNOWN
BoT-IoT,test,1010,DoS,1,0.036444,0.262934,KNOWN
BoT-IoT,test,1011,DoS,1,0.09198,0.262934,KNOWN
BoT-IoT,test,1012,DDoS,1,0.063729,0.262934,KNOWN
BoT-IoT,test,1013,DDoS,1,0.30565,0.262934,ZERO_DAY
BoT-IoT,test,1014,DoS,1,0.036728,0.262934,KNOWN
BoT-IoT,test,1015,DDoS,1,0.048571,0.262934,KNOWN
BoT-IoT,test,1016,DDoS,1,0.086969,0.262934,KNOWN
BoT-IoT,test,1017,DoS,1,0.050708,0.262934,KNOWN
BoT-IoT,test,1018,DDoS,1,0.385697,0.262934,ZERO_DAY
BoT-IoT,test,1019,DDoS,1,0.204619,0.262934,KNOWN
BoT-IoT,test,1020,DDoS,1,0.19911,0.262934,KNOWN
BoT-IoT,test,1021,DoS,1,0.038191,0.262934,KNOWN
BoT-IoT,test,1022,DoS,1,0.122261,0.262934,KNOWN
BoT-IoT,test,1023,DDoS,1,0.114912,0.262934,KNOWN
BoT-IoT,test,1024,Normal,1,0.015531,0.262934,KNOWN
BoT-IoT,test,1025,DDoS,1,0.107079,0.262934,KNOWN
BoT-IoT,test,1026,DDoS,1,0.144398,0.262934,KNOWN
BoT-IoT,test,1027,DDoS,1,0.083207,0.262934,KNOWN
BoT-IoT,test,1028,DDoS,1,0.145863,0.262934,KNOWN
BoT-IoT,test,1029,DDoS,1,0.031931,0.262934,KNOWN
BoT-IoT,test,1030,DoS,1,0.042884,0.262934,KNOWN
BoT-IoT,test,1031,DDoS,1,0.172452,0.262934,KNOWN
BoT-IoT,test,1032,DDoS,1,0.074285,0.262934,KNOWN
BoT-IoT,test,1033,DoS,1,0.025049,0.262934,KNOWN
BoT-IoT,test,1034,DoS,1,0.188972,0.262934,KNOWN
BoT-IoT,test,1035,DDoS,1,0.053594,0.262934,KNOWN
BoT-IoT,test,1036,DDoS,1,0.052984,0.262934,KNOWN
BoT-IoT,test,1037,DDoS,1,0.04194,0.262934,KNOWN
BoT-IoT,test,1038,DDoS,1,0.189551,0.262934,KNOWN
BoT-IoT,test,1039,Normal,1,0.100133,0.262934,KNOWN
BoT-IoT,test,1040,DoS,1,0.051959,0.262934,KNOWN
BoT-IoT,test,1041,DoS,1,0.073809,0.262934,KNOWN
BoT-IoT,test,1042,DDoS,1,0.15878,0.262934,KNOWN
BoT-IoT,test,1043,DoS,1,0.139205,0.262934,KNOWN
BoT-IoT,test,1044,DDoS,1,0.146483,0.262934,KNOWN
BoT-IoT,test,1045,DoS,1,0.053603,0.262934,KNOWN
BoT-IoT,test,1046,DDoS,1,0.166666,0.262934,KNOWN
BoT-IoT,test,1047,DDoS,1,0.079423,0.262934,KNOWN
BoT-IoT,test,1048,DoS,1,0.037296,0.262934,KNOWN
BoT-IoT,test,1049,DDoS,1,0.021025,0.262934,KNOWN
BoT-IoT,test,1050,DoS,1,0.256095,0.262934,KNOWN
BoT-IoT,test,1051,DoS,1,0.046926,0.262934,KNOWN
BoT-IoT,test,1052,DoS,1,0.177269,0.262934,KNOWN
BoT-IoT,test,1053,DDoS,1,0.088358,0.262934,KNOWN
BoT-IoT,test,1054,Reconnaissance,1,0.086714,0.262934,KNOWN
BoT-IoT,test,1055,DDoS,1,0.134443,0.262934,KNOWN
BoT-IoT,test,1056,DoS,1,0.155746,0.262934,KNOWN
BoT-IoT,test,1057,DDoS,1,0.056482,0.262934,KNOWN
BoT-IoT,test,1058,DoS,1,0.143899,0.262934,KNOWN
BoT-IoT,test,1059,DoS,1,0.072043,0.262934,KNOWN
BoT-IoT,test,1060,DoS,1,0.064643,0.262934,KNOWN
BoT-IoT,test,1061,DDoS,1,0.178114,0.262934,KNOWN
BoT-IoT,test,1062,DoS,1,0.015775,0.262934,KNOWN
BoT-IoT,test,1063,DDoS,1,0.189989,0.262934,KNOWN
BoT-IoT,test,1064,DDoS,1,0.164088,0.262934,KNOWN
BoT-IoT,test,1065,DDoS,1,0.249867,0.262934,KNOWN
BoT-IoT,test,1066,DDoS,1,0.252843,0.262934,KNOWN
BoT-IoT,test,1067,DDoS,1,0.132082,0.262934,KNOWN
BoT-IoT,test,1068,DDoS,1,0.278984,0.262934,ZERO_DAY
BoT-IoT,test,1069,DoS,1,0.101555,0.262934,KNOWN
BoT-IoT,test,1070,DoS,1,0.10359,0.262934,KNOWN
BoT-IoT,test,1071,DDoS,1,0.132353,0.262934,KNOWN
BoT-IoT,test,1072,DoS,1,0.027348,0.262934,KNOWN
BoT-IoT,test,1073,DDoS,1,0.168184,0.262934,KNOWN
BoT-IoT,test,1074,DDoS,1,0.231157,0.262934,KNOWN
BoT-IoT,test,1075,DDoS,1,0.059988,0.262934,KNOWN
BoT-IoT,test,1076,DoS,1,0.105428,0.262934,KNOWN
BoT-IoT,test,1077,DDoS,1,0.067665,0.262934,KNOWN
BoT-IoT,test,1078,DoS,1,0.037145,0.262934,KNOWN
BoT-IoT,test,1079,Normal,1,0.042644,0.262934,KNOWN
BoT-IoT,test,1080,DDoS,1,0.111507,0.262934,KNOWN
BoT-IoT,test,1081,DDoS,1,0.123027,0.262934,KNOWN
BoT-IoT,test,1082,DoS,1,0.117749,0.262934,KNOWN
BoT-IoT,test,1083,DoS,1,0.188402,0.262934,KNOWN
BoT-IoT,test,1084,DDoS,1,0.140897,0.262934,KNOWN
BoT-IoT,test,1085,DoS,1,0.003115,0.262934,KNOWN
BoT-IoT,test,1086,DoS,1,0.148901,0.262934,KNOWN
BoT-IoT,test,1087,DoS,1,0.45603,0.262934,ZERO_DAY
BoT-IoT,test,1088,DDoS,1,0.100529,0.262934,KNOWN
BoT-IoT,test,1089,DDoS,1,0.137634,0.262934,KNOWN
BoT-IoT,test,1090,DoS,1,0.088707,0.262934,KNOWN
BoT-IoT,test,1091,Reconnaissance,1,0.104599,0.262934,KNOWN
BoT-IoT,test,1092,DoS,1,0.146314,0.262934,KNOWN
BoT-IoT,test,1093,DDoS,1,0.057716,0.262934,KNOWN
BoT-IoT,test,1094,DoS,1,0.109817,0.262934,KNOWN
BoT-IoT,test,1095,DoS,1,0.024611,0.262934,KNOWN
BoT-IoT,test,1096,DoS,1,0.059242,0.262934,KNOWN
BoT-IoT,test,1097,DDoS,1,0.097143,0.262934,KNOWN
BoT-IoT,test,1098,DDoS,1,0.158176,0.262934,KNOWN
BoT-IoT,test,1099,DDoS,1,0.178741,0.262934,KNOWN
BoT-IoT,test,1100,DDoS,1,0.068145,0.262934,KNOWN
BoT-IoT,test,1101,DoS,1,0.013936,0.262934,KNOWN
BoT-IoT,test,1102,DDoS,1,0.01437,0.262934,KNOWN
BoT-IoT,test,1103,DoS,1,0.146665,0.262934,KNOWN
BoT-IoT,test,1104,DDoS,1,0.064455,0.262934,KNOWN
BoT-IoT,test,1105,DDoS,1,0.212818,0.262934,KNOWN
BoT-IoT,test,1106,DDoS,1,0.087712,0.262934,KNOWN
BoT-IoT,test,1107,DDoS,1,0.116809,0.262934,KNOWN
BoT-IoT,test,1108,DoS,1,0.181686,0.262934,KNOWN
BoT-IoT,test,1109,DoS,1,0.062069,0.262934,KNOWN
BoT-IoT,test,1110,DDoS,1,0.080993,0.262934,KNOWN
BoT-IoT,test,1111,DoS,1,0.172036,0.262934,KNOWN
BoT-IoT,test,1112,DDoS,1,0.256829,0.262934,KNOWN
BoT-IoT,test,1113,DoS,1,0.128633,0.262934,KNOWN
BoT-IoT,test,1114,DoS,1,0.174629,0.262934,KNOWN
BoT-IoT,test,1115,DDoS,1,0.037791,0.262934,KNOWN
BoT-IoT,test,1116,DDoS,1,0.155583,0.262934,KNOWN
BoT-IoT,test,1117,DDoS,1,0.032474,0.262934,KNOWN
BoT-IoT,test,1118,DDoS,1,0.065574,0.262934,KNOWN
BoT-IoT,test,1119,DDoS,1,0.113787,0.262934,KNOWN
BoT-IoT,test,1120,DDoS,1,0.02245,0.262934,KNOWN
BoT-IoT,test,1121,DDoS,1,0.128457,0.262934,KNOWN
BoT-IoT,test,1122,DDoS,1,0.095281,0.262934,KNOWN
BoT-IoT,test,1123,DoS,1,0.0924,0.262934,KNOWN
BoT-IoT,test,1124,DDoS,1,0.297493,0.262934,ZERO_DAY
BoT-IoT,test,1125,Normal,1,0.013113,0.262934,KNOWN
BoT-IoT,test,1126,DDoS,1,0.092334,0.262934,KNOWN
BoT-IoT,test,1127,Normal,1,0.009652,0.262934,KNOWN
BoT-IoT,test,1128,DDoS,1,0.17234,0.262934,KNOWN
BoT-IoT,test,1129,DDoS,1,0.095231,0.262934,KNOWN
BoT-IoT,test,1130,DDoS,1,0.018678,0.262934,KNOWN
BoT-IoT,test,1131,DoS,1,0.051691,0.262934,KNOWN
BoT-IoT,test,1132,DoS,1,0.025809,0.262934,KNOWN
BoT-IoT,test,1133,DDoS,1,0.0468,0.262934,KNOWN
BoT-IoT,test,1134,DDoS,1,0.108267,0.262934,KNOWN
BoT-IoT,test,1135,DoS,1,0.063726,0.262934,KNOWN
BoT-IoT,test,1136,DDoS,1,0.085046,0.262934,KNOWN
BoT-IoT,test,1137,DDoS,1,0.014994,0.262934,KNOWN
BoT-IoT,test,1138,DoS,1,0.153096,0.262934,KNOWN
BoT-IoT,test,1139,DDoS,1,0.126598,0.262934,KNOWN
BoT-IoT,test,1140,DDoS,1,0.121656,0.262934,KNOWN
BoT-IoT,test,1141,DoS,1,0.101108,0.262934,KNOWN
BoT-IoT,test,1142,DoS,1,0.063268,0.262934,KNOWN
BoT-IoT,test,1143,DoS,1,0.061787,0.262934,KNOWN
BoT-IoT,test,1144,DDoS,1,0.153407,0.262934,KNOWN
BoT-IoT,test,1145,DDoS,1,0.075926,0.262934,KNOWN
BoT-IoT,test,1146,DDoS,1,0.013634,0.262934,KNOWN
BoT-IoT,test,1147,DDoS,1,0.063795,0.262934,KNOWN
BoT-IoT,test,1148,DoS,1,0.086053,0.262934,KNOWN
BoT-IoT,test,1149,DoS,1,0.079531,0.262934,KNOWN
BoT-IoT,test,1150,DoS,1,0.21895,0.262934,KNOWN
BoT-IoT,test,1151,DDoS,1,0.036111,0.262934,KNOWN
BoT-IoT,test,1152,DoS,1,0.246143,0.262934,KNOWN
BoT-IoT,test,1153,DoS,1,0.176869,0.262934,KNOWN
BoT-IoT,test,1154,DoS,1,0.054049,0.262934,KNOWN
BoT-IoT,test,1155,DDoS,1,0.063968,0.262934,KNOWN
BoT-IoT,test,1156,DDoS,1,0.008183,0.262934,KNOWN
BoT-IoT,test,1157,DDoS,1,0.033589,0.262934,KNOWN
BoT-IoT,test,1158,DoS,1,0.179466,0.262934,KNOWN
BoT-IoT,test,1159,DDoS,1,0.019399,0.262934,KNOWN
BoT-IoT,test,1160,Normal,1,0.017659,0.262934,KNOWN
BoT-IoT,test,1161,DDoS,1,0.066632,0.262934,KNOWN
BoT-IoT,test,1162,DDoS,1,0.091184,0.262934,KNOWN
BoT-IoT,test,1163,DDoS,1,0.024379,0.262934,KNOWN
BoT-IoT,test,1164,DoS,1,0.117047,0.262934,KNOWN
BoT-IoT,test,1165,DDoS,1,0.091027,0.262934,KNOWN
BoT-IoT,test,1166,DDoS,1,0.118842,0.262934,KNOWN
BoT-IoT,test,1167,DoS,1,0.227478,0.262934,KNOWN
BoT-IoT,test,1168,DDoS,1,0.170293,0.262934,KNOWN
BoT-IoT,test,1169,DoS,1,0.098035,0.262934,KNOWN
BoT-IoT,test,1170,DDoS,1,0.128846,0.262934,KNOWN
BoT-IoT,test,1171,DDoS,1,0.102538,0.262934,KNOWN
BoT-IoT,test,1172,Normal,1,0.147375,0.262934,KNOWN
BoT-IoT,test,1173,DoS,1,0.012427,0.262934,KNOWN
BoT-IoT,test,1174,DoS,1,0.293322,0.262934,ZERO_DAY
BoT-IoT,test,1175,DDoS,1,0.201932,0.262934,KNOWN
BoT-IoT,test,1176,DDoS,1,0.066441,0.262934,KNOWN
BoT-IoT,test,1177,DoS,1,0.203496,0.262934,KNOWN
BoT-IoT,test,1178,DDoS,1,0.040015,0.262934,KNOWN
BoT-IoT,test,1179,DDoS,1,0.06714,0.262934,KNOWN
BoT-IoT,test,1180,DDoS,1,0.088752,0.262934,KNOWN
BoT-IoT,test,1181,DoS,1,0.122245,0.262934,KNOWN
BoT-IoT,test,1182,DDoS,1,0.320232,0.262934,ZERO_DAY
BoT-IoT,test,1183,DDoS,1,0.034409,0.262934,KNOWN
BoT-IoT,test,1184,DDoS,1,0.026582,0.262934,KNOWN
BoT-IoT,test,1185,DDoS,1,0.143029,0.262934,KNOWN
BoT-IoT,test,1186,DoS,1,0.073365,0.262934,KNOWN
BoT-IoT,test,1187,DoS,1,0.081458,0.262934,KNOWN
BoT-IoT,test,1188,DoS,1,0.146273,0.262934,KNOWN
BoT-IoT,test,1189,DoS,1,0.001227,0.262934,KNOWN
BoT-IoT,test,1190,DDoS,1,0.065812,0.262934,KNOWN
BoT-IoT,test,1191,DDoS,1,0.055662,0.262934,KNOWN
BoT-IoT,test,1192,DoS,1,0.051082,0.262934,KNOWN
BoT-IoT,test,1193,DoS,1,0.072582,0.262934,KNOWN
BoT-IoT,test,1194,DDoS,1,0.009412,0.262934,KNOWN
BoT-IoT,test,1195,DoS,1,0.203427,0.262934,KNOWN
BoT-IoT,test,1196,DoS,1,0.064661,0.262934,KNOWN
BoT-IoT,test,1197,DDoS,1,0.024155,0.262934,KNOWN
BoT-IoT,test,1198,DoS,1,0.201343,0.262934,KNOWN
BoT-IoT,test,1199,DDoS,1,0.016271,0.262934,KNOWN
BoT-IoT,test,1200,DDoS,1,0.04842,0.262934,KNOWN
BoT-IoT,test,1201,DoS,1,0.025519,0.262934,KNOWN
BoT-IoT,test,1202,DDoS,1,0.050348,0.262934,KNOWN
BoT-IoT,test,1203,DoS,1,0.26723,0.262934,ZERO_DAY
BoT-IoT,test,1204,DDoS,1,0.116191,0.262934,KNOWN
BoT-IoT,test,1205,DoS,1,0.035368,0.262934,KNOWN
BoT-IoT,test,1206,DoS,1,0.044902,0.262934,KNOWN
BoT-IoT,test,1207,DDoS,1,0.098088,0.262934,KNOWN
BoT-IoT,test,1208,DoS,1,0.095227,0.262934,KNOWN
BoT-IoT,test,1209,DDoS,1,0.156231,0.262934,KNOWN
BoT-IoT,test,1210,DDoS,1,0.0693,0.262934,KNOWN
BoT-IoT,test,1211,DoS,1,0.106122,0.262934,KNOWN
BoT-IoT,test,1212,DoS,1,0.092166,0.262934,KNOWN
BoT-IoT,test,1213,DoS,1,0.043358,0.262934,KNOWN
BoT-IoT,test,1214,DDoS,1,0.012181,0.262934,KNOWN
BoT-IoT,test,1215,DoS,1,0.002452,0.262934,KNOWN
BoT-IoT,test,1216,DDoS,1,0.143925,0.262934,KNOWN
BoT-IoT,test,1217,DDoS,1,0.092017,0.262934,KNOWN
BoT-IoT,test,1218,DoS,1,0.125519,0.262934,KNOWN
BoT-IoT,test,1219,DDoS,1,0.108835,0.262934,KNOWN
BoT-IoT,test,1220,DDoS,1,0.075227,0.262934,KNOWN
BoT-IoT,test,1221,DDoS,1,0.017344,0.262934,KNOWN
BoT-IoT,test,1222,DDoS,1,0.083694,0.262934,KNOWN
BoT-IoT,test,1223,Normal,1,0.05403,0.262934,KNOWN
BoT-IoT,test,1224,DoS,1,0.018649,0.262934,KNOWN
BoT-IoT,test,1225,DDoS,1,0.081302,0.262934,KNOWN
BoT-IoT,test,1226,DDoS,1,0.021507,0.262934,KNOWN
BoT-IoT,test,1227,DDoS,1,0.026626,0.262934,KNOWN
BoT-IoT,test,1228,Reconnaissance,1,0.131977,0.262934,KNOWN
BoT-IoT,test,1229,DDoS,1,0.07654,0.262934,KNOWN
BoT-IoT,test,1230,DDoS,1,0.067081,0.262934,KNOWN
BoT-IoT,test,1231,DDoS,1,0.259595,0.262934,KNOWN
BoT-IoT,test,1232,DoS,1,0.046949,0.262934,KNOWN
BoT-IoT,test,1233,DDoS,1,0.016871,0.262934,KNOWN
BoT-IoT,test,1234,DDoS,1,0.039257,0.262934,KNOWN
BoT-IoT,test,1235,DoS,1,0.07399,0.262934,KNOWN
BoT-IoT,test,1236,DDoS,1,0.01667,0.262934,KNOWN
BoT-IoT,test,1237,DDoS,1,0.082626,0.262934,KNOWN
BoT-IoT,test,1238,DoS,1,0.023243,0.262934,KNOWN
BoT-IoT,test,1239,DoS,1,0.206343,0.262934,KNOWN
BoT-IoT,test,1240,DoS,1,0.235368,0.262934,KNOWN
BoT-IoT,test,1241,DoS,1,0.103528,0.262934,KNOWN
BoT-IoT,test,1242,DoS,1,0.25913,0.262934,KNOWN
BoT-IoT,test,1243,DDoS,1,0.054391,0.262934,KNOWN
BoT-IoT,test,1244,DoS,1,0.172013,0.262934,KNOWN
BoT-IoT,test,1245,DDoS,1,0.142406,0.262934,KNOWN
BoT-IoT,test,1246,DoS,1,0.304084,0.262934,ZERO_DAY
BoT-IoT,test,1247,DDoS,1,0.055131,0.262934,KNOWN
BoT-IoT,test,1248,DDoS,1,0.088145,0.262934,KNOWN
BoT-IoT,test,1249,DDoS,1,0.068569,0.262934,KNOWN
BoT-IoT,test,1250,DoS,1,0.217532,0.262934,KNOWN
BoT-IoT,test,1251,DDoS,1,0.285048,0.262934,ZERO_DAY
BoT-IoT,test,1252,DoS,1,0.033385,0.262934,KNOWN
BoT-IoT,test,1253,DoS,1,0.123851,0.262934,KNOWN
BoT-IoT,test,1254,DDoS,1,0.036878,0.262934,KNOWN
BoT-IoT,test,1255,DoS,1,0.003835,0.262934,KNOWN
BoT-IoT,test,1256,DoS,1,0.027289,0.262934,KNOWN
BoT-IoT,test,1257,DDoS,1,0.105364,0.262934,KNOWN
BoT-IoT,test,1258,DDoS,1,0.073125,0.262934,KNOWN
BoT-IoT,test,1259,DDoS,1,0.083939,0.262934,KNOWN
BoT-IoT,test,1260,DoS,1,0.028522,0.262934,KNOWN
BoT-IoT,test,1261,DDoS,1,0.03301,0.262934,KNOWN
BoT-IoT,test,1262,DoS,1,0.025918,0.262934,KNOWN
BoT-IoT,test,1263,DDoS,1,0.121011,0.262934,KNOWN
BoT-IoT,test,1264,DDoS,1,0.01091,0.262934,KNOWN
BoT-IoT,test,1265,Reconnaissance,1,0.001417,0.262934,KNOWN
BoT-IoT,test,1266,DDoS,1,0.084791,0.262934,KNOWN
BoT-IoT,test,1267,Normal,1,0.019669,0.262934,KNOWN
BoT-IoT,test,1268,DoS,1,0.125431,0.262934,KNOWN
BoT-IoT,test,1269,DoS,1,0.035713,0.262934,KNOWN
BoT-IoT,test,1270,DDoS,1,0.215543,0.262934,KNOWN
BoT-IoT,test,1271,DDoS,1,0.096987,0.262934,KNOWN
BoT-IoT,test,1272,DoS,1,0.016936,0.262934,KNOWN
BoT-IoT,test,1273,DDoS,1,0.272708,0.262934,ZERO_DAY
BoT-IoT,test,1274,DoS,1,0.003767,0.262934,KNOWN
BoT-IoT,test,1275,DDoS,1,0.160386,0.262934,KNOWN
BoT-IoT,test,1276,DoS,1,0.125419,0.262934,KNOWN
BoT-IoT,test,1277,DoS,1,0.033174,0.262934,KNOWN
BoT-IoT,test,1278,DDoS,1,0.358631,0.262934,ZERO_DAY
BoT-IoT,test,1279,DoS,1,0.004018,0.262934,KNOWN
BoT-IoT,test,1280,DDoS,1,0.110099,0.262934,KNOWN
BoT-IoT,test,1281,DDoS,1,0.166701,0.262934,KNOWN
BoT-IoT,test,1282,DDoS,1,0.034615,0.262934,KNOWN
BoT-IoT,test,1283,DoS,1,0.022553,0.262934,KNOWN
BoT-IoT,test,1284,DDoS,1,0.01862,0.262934,KNOWN
BoT-IoT,test,1285,DDoS,1,0.046018,0.262934,KNOWN
BoT-IoT,test,1286,DoS,1,0.022078,0.262934,KNOWN
BoT-IoT,test,1287,DDoS,1,0.167013,0.262934,KNOWN
BoT-IoT,test,1288,DDoS,1,0.094138,0.262934,KNOWN
BoT-IoT,test,1289,DDoS,1,0.010431,0.262934,KNOWN
BoT-IoT,test,1290,DDoS,1,0.026501,0.262934,KNOWN
BoT-IoT,test,1291,DDoS,1,0.048105,0.262934,KNOWN
BoT-IoT,test,1292,DoS,1,0.170796,0.262934,KNOWN
BoT-IoT,test,1293,DoS,1,0.075443,0.262934,KNOWN
BoT-IoT,test,1294,DoS,1,0.076581,0.262934,KNOWN
BoT-IoT,test,1295,DoS,1,0.173623,0.262934,KNOWN
BoT-IoT,test,1296,DoS,1,0.026489,0.262934,KNOWN
BoT-IoT,test,1297,DDoS,1,0.071282,0.262934,KNOWN
BoT-IoT,test,1298,DoS,1,0.009804,0.262934,KNOWN
BoT-IoT,test,1299,DDoS,1,0.097928,0.262934,KNOWN
BoT-IoT,test,1300,DoS,1,0.458145,0.262934,ZERO_DAY
BoT-IoT,test,1301,DoS,1,0.111777,0.262934,KNOWN
BoT-IoT,test,1302,DoS,1,0.026602,0.262934,KNOWN
BoT-IoT,test,1303,DDoS,1,0.06799,0.262934,KNOWN
BoT-IoT,test,1304,DoS,1,0.05888,0.262934,KNOWN
BoT-IoT,test,1305,DoS,1,0.106784,0.262934,KNOWN
BoT-IoT,test,1306,DDoS,1,0.161951,0.262934,KNOWN
BoT-IoT,test,1307,DoS,1,0.027416,0.262934,KNOWN
BoT-IoT,test,1308,DoS,1,0.075132,0.262934,KNOWN
BoT-IoT,test,1309,DoS,1,0.011719,0.262934,KNOWN
BoT-IoT,test,1310,DoS,1,0.291932,0.262934,ZERO_DAY
BoT-IoT,test,1311,DoS,1,0.200098,0.262934,KNOWN
BoT-IoT,test,1312,DDoS,1,0.146863,0.262934,KNOWN
BoT-IoT,test,1313,DoS,1,0.067947,0.262934,KNOWN
BoT-IoT,test,1314,DoS,1,0.093292,0.262934,KNOWN
BoT-IoT,test,1315,DoS,1,0.050278,0.262934,KNOWN
BoT-IoT,test,1316,DoS,1,0.358557,0.262934,ZERO_DAY
BoT-IoT,test,1317,DoS,1,0.156468,0.262934,KNOWN
BoT-IoT,test,1318,DoS,1,0.067649,0.262934,KNOWN
BoT-IoT,test,1319,DDoS,1,0.184208,0.262934,KNOWN
BoT-IoT,test,1320,DoS,1,0.215825,0.262934,KNOWN
BoT-IoT,test,1321,Normal,1,0.013688,0.262934,KNOWN
BoT-IoT,test,1322,DoS,1,0.015209,0.262934,KNOWN
BoT-IoT,test,1323,DoS,1,0.044992,0.262934,KNOWN
BoT-IoT,test,1324,DDoS,1,0.032608,0.262934,KNOWN
BoT-IoT,test,1325,DoS,1,0.120467,0.262934,KNOWN
BoT-IoT,test,1326,DoS,1,0.12922,0.262934,KNOWN
BoT-IoT,test,1327,DDoS,1,0.549105,0.262934,ZERO_DAY
BoT-IoT,test,1328,DoS,1,0.105994,0.262934,KNOWN
BoT-IoT,test,1329,DoS,1,0.00421,0.262934,KNOWN
BoT-IoT,test,1330,DoS,1,0.08435,0.262934,KNOWN
BoT-IoT,test,1331,DoS,1,0.010978,0.262934,KNOWN
BoT-IoT,test,1332,DoS,1,0.10283,0.262934,KNOWN
BoT-IoT,test,1333,DoS,1,0.073971,0.262934,KNOWN
BoT-IoT,test,1334,DDoS,1,0.041634,0.262934,KNOWN
BoT-IoT,test,1335,DoS,1,0.014529,0.262934,KNOWN
BoT-IoT,test,1336,DDoS,1,0.045091,0.262934,KNOWN
BoT-IoT,test,1337,DoS,1,0.080723,0.262934,KNOWN
BoT-IoT,test,1338,DoS,1,0.104431,0.262934,KNOWN
BoT-IoT,test,1339,DoS,1,0.111386,0.262934,KNOWN
BoT-IoT,test,1340,DoS,1,0.134376,0.262934,KNOWN
BoT-IoT,test,1341,DDoS,1,0.08424,0.262934,KNOWN
BoT-IoT,test,1342,DDoS,1,0.100041,0.262934,KNOWN
BoT-IoT,test,1343,DoS,1,0.025481,0.262934,KNOWN
BoT-IoT,test,1344,DoS,1,0.045246,0.262934,KNOWN
BoT-IoT,test,1345,DDoS,1,0.020018,0.262934,KNOWN
BoT-IoT,test,1346,DoS,1,0.077055,0.262934,KNOWN
BoT-IoT,test,1347,DDoS,1,0.058622,0.262934,KNOWN
BoT-IoT,test,1348,DDoS,1,0.043774,0.262934,KNOWN
BoT-IoT,test,1349,DoS,1,0.097459,0.262934,KNOWN
BoT-IoT,test,1350,DDoS,1,0.135647,0.262934,KNOWN
BoT-IoT,test,1351,DDoS,1,0.002011,0.262934,KNOWN
BoT-IoT,test,1352,DoS,1,0.22698,0.262934,KNOWN
BoT-IoT,test,1353,DoS,1,0.364131,0.262934,ZERO_DAY
BoT-IoT,test,1354,DDoS,1,0.042243,0.262934,KNOWN
BoT-IoT,test,1355,DDoS,1,0.128493,0.262934,KNOWN
BoT-IoT,test,1356,DoS,1,0.029255,0.262934,KNOWN
BoT-IoT,test,1357,DDoS,1,0.026818,0.262934,KNOWN
BoT-IoT,test,1358,DoS,1,0.065406,0.262934,KNOWN
BoT-IoT,test,1359,DDoS,1,0.023436,0.262934,KNOWN
BoT-IoT,test,1360,DDoS,1,0.04986,0.262934,KNOWN
BoT-IoT,test,1361,DoS,1,0.091739,0.262934,KNOWN
BoT-IoT,test,1362,DDoS,1,0.174255,0.262934,KNOWN
BoT-IoT,test,1363,DDoS,1,0.202914,0.262934,KNOWN
BoT-IoT,test,1364,DDoS,1,0.130715,0.262934,KNOWN
BoT-IoT,test,1365,DoS,1,0.110122,0.262934,KNOWN
BoT-IoT,test,1366,DoS,1,0.072888,0.262934,KNOWN
BoT-IoT,test,1367,DoS,1,0.140565,0.262934,KNOWN
BoT-IoT,test,1368,DDoS,1,0.057946,0.262934,KNOWN
BoT-IoT,test,1369,DoS,1,0.086041,0.262934,KNOWN
BoT-IoT,test,1370,DDoS,1,0.01865,0.262934,KNOWN
BoT-IoT,test,1371,DDoS,1,0.124861,0.262934,KNOWN
BoT-IoT,test,1372,DoS,1,0.201058,0.262934,KNOWN
BoT-IoT,test,1373,DDoS,1,0.041399,0.262934,KNOWN
BoT-IoT,test,1374,DDoS,1,0.193559,0.262934,KNOWN
BoT-IoT,test,1375,DoS,1,0.251576,0.262934,KNOWN
BoT-IoT,test,1376,DoS,1,0.03344,0.262934,KNOWN
BoT-IoT,test,1377,DDoS,1,0.098491,0.262934,KNOWN
BoT-IoT,test,1378,DoS,1,0.024518,0.262934,KNOWN
BoT-IoT,test,1379,Normal,1,0.195014,0.262934,KNOWN
BoT-IoT,test,1380,DDoS,1,0.259219,0.262934,KNOWN
BoT-IoT,test,1381,DDoS,1,0.23819,0.262934,KNOWN
BoT-IoT,test,1382,DDoS,1,0.132707,0.262934,KNOWN
BoT-IoT,test,1383,DDoS,1,0.19382,0.262934,KNOWN
BoT-IoT,test,1384,DDoS,1,0.017253,0.262934,KNOWN
BoT-IoT,test,1385,DoS,1,0.158076,0.262934,KNOWN
BoT-IoT,test,1386,DoS,1,0.145008,0.262934,KNOWN
BoT-IoT,test,1387,DDoS,1,0.19033,0.262934,KNOWN
BoT-IoT,test,1388,DoS,1,0.08722,0.262934,KNOWN
BoT-IoT,test,1389,DDoS,1,0.187572,0.262934,KNOWN
BoT-IoT,test,1390,DoS,1,0.178842,0.262934,KNOWN
BoT-IoT,test,1391,DoS,1,0.103491,0.262934,KNOWN
BoT-IoT,test,1392,DDoS,1,0.002769,0.262934,KNOWN
BoT-IoT,test,1393,DoS,1,0.145304,0.262934,KNOWN
BoT-IoT,test,1394,DoS,1,0.176271,0.262934,KNOWN
BoT-IoT,test,1395,DoS,1,0.007669,0.262934,KNOWN
BoT-IoT,test,1396,DoS,1,0.073775,0.262934,KNOWN
BoT-IoT,test,1397,Normal,1,0.265833,0.262934,ZERO_DAY
BoT-IoT,test,1398,Reconnaissance,1,0.181892,0.262934,KNOWN
BoT-IoT,test,1399,DoS,1,0.00723,0.262934,KNOWN
BoT-IoT,test,1400,DoS,1,0.097031,0.262934,KNOWN
BoT-IoT,test,1401,DDoS,1,0.147019,0.262934,KNOWN
BoT-IoT,test,1402,DoS,1,0.011419,0.262934,KNOWN
BoT-IoT,test,1403,DoS,1,0.162655,0.262934,KNOWN
BoT-IoT,test,1404,DoS,1,0.027619,0.262934,KNOWN
BoT-IoT,test,1405,DoS,1,0.089431,0.262934,KNOWN
BoT-IoT,test,1406,DDoS,1,0.005908,0.262934,KNOWN
BoT-IoT,test,1407,DDoS,1,0.075269,0.262934,KNOWN
BoT-IoT,test,1408,DDoS,1,0.023318,0.262934,KNOWN
BoT-IoT,test,1409,DDoS,1,0.026929,0.262934,KNOWN
BoT-IoT,test,1410,DoS,1,0.011699,0.262934,KNOWN
BoT-IoT,test,1411,DDoS,1,0.005685,0.262934,KNOWN
BoT-IoT,test,1412,DDoS,1,0.019816,0.262934,KNOWN
BoT-IoT,test,1413,DDoS,1,0.083068,0.262934,KNOWN
BoT-IoT,test,1414,DoS,1,0.010562,0.262934,KNOWN
BoT-IoT,test,1415,DDoS,1,0.052715,0.262934,KNOWN
BoT-IoT,test,1416,DoS,1,0.04651,0.262934,KNOWN
BoT-IoT,test,1417,DDoS,1,0.061712,0.262934,KNOWN
BoT-IoT,test,1418,DDoS,1,0.009666,0.262934,KNOWN
BoT-IoT,test,1419,DDoS,1,0.04241,0.262934,KNOWN
BoT-IoT,test,1420,DoS,1,0.052467,0.262934,KNOWN
BoT-IoT,test,1421,DDoS,1,0.015462,0.262934,KNOWN
BoT-IoT,test,1422,DoS,1,0.10388,0.262934,KNOWN
BoT-IoT,test,1423,DoS,1,0.001504,0.262934,KNOWN
BoT-IoT,test,1424,DoS,1,0.106743,0.262934,KNOWN
BoT-IoT,test,1425,DDoS,1,0.057703,0.262934,KNOWN
BoT-IoT,test,1426,DoS,1,0.135038,0.262934,KNOWN
BoT-IoT,test,1427,DDoS,1,0.119865,0.262934,KNOWN
BoT-IoT,test,1428,DoS,1,0.034102,0.262934,KNOWN
BoT-IoT,test,1429,DDoS,1,0.079082,0.262934,KNOWN
BoT-IoT,test,1430,DoS,1,0.091762,0.262934,KNOWN
BoT-IoT,test,1431,Normal,1,0.02292,0.262934,KNOWN
BoT-IoT,test,1432,DDoS,1,0.215779,0.262934,KNOWN
BoT-IoT,test,1433,DDoS,1,0.124931,0.262934,KNOWN
BoT-IoT,test,1434,DoS,1,0.141756,0.262934,KNOWN
BoT-IoT,test,1435,DoS,1,0.142915,0.262934,KNOWN
BoT-IoT,test,1436,DoS,1,0.042124,0.262934,KNOWN
BoT-IoT,test,1437,DDoS,1,0.137473,0.262934,KNOWN
BoT-IoT,test,1438,DoS,1,0.228933,0.262934,KNOWN
BoT-IoT,test,1439,DDoS,1,0.134374,0.262934,KNOWN
BoT-IoT,test,1440,DDoS,1,0.140832,0.262934,KNOWN
BoT-IoT,test,1441,DoS,1,0.174588,0.262934,KNOWN
BoT-IoT,test,1442,DDoS,1,0.022042,0.262934,KNOWN
BoT-IoT,test,1443,DDoS,1,0.189652,0.262934,KNOWN
BoT-IoT,test,1444,DoS,1,0.130399,0.262934,KNOWN
BoT-IoT,test,1445,DDoS,1,0.045013,0.262934,KNOWN
BoT-IoT,test,1446,DDoS,1,0.10073,0.262934,KNOWN
BoT-IoT,test,1447,DDoS,1,0.008953,0.262934,KNOWN
BoT-IoT,test,1448,DoS,1,0.080736,0.262934,KNOWN
BoT-IoT,test,1449,DDoS,1,0.021931,0.262934,KNOWN
BoT-IoT,test,1450,DDoS,1,0.111911,0.262934,KNOWN
BoT-IoT,test,1451,DoS,1,0.047024,0.262934,KNOWN
BoT-IoT,test,1452,DDoS,1,0.004754,0.262934,KNOWN
BoT-IoT,test,1453,DDoS,1,0.137541,0.262934,KNOWN
BoT-IoT,test,1454,DDoS,1,0.219486,0.262934,KNOWN
BoT-IoT,test,1455,DoS,1,0.112347,0.262934,KNOWN
BoT-IoT,test,1456,DDoS,1,0.144476,0.262934,KNOWN
BoT-IoT,test,1457,DDoS,1,0.076716,0.262934,KNOWN
BoT-IoT,test,1458,DoS,1,0.008175,0.262934,KNOWN
BoT-IoT,test,1459,DDoS,1,0.151387,0.262934,KNOWN
BoT-IoT,test,1460,DDoS,1,0.080137,0.262934,KNOWN
BoT-IoT,test,1461,DDoS,1,0.216141,0.262934,KNOWN
BoT-IoT,test,1462,DoS,1,0.112941,0.262934,KNOWN
BoT-IoT,test,1463,DDoS,1,0.043695,0.262934,KNOWN
BoT-IoT,test,1464,DDoS,1,0.143014,0.262934,KNOWN
BoT-IoT,test,1465,DDoS,1,0.091764,0.262934,KNOWN
BoT-IoT,test,1466,DDoS,1,0.081279,0.262934,KNOWN
BoT-IoT,test,1467,DoS,1,0.110403,0.262934,KNOWN
BoT-IoT,test,1468,DoS,1,0.30066,0.262934,ZERO_DAY
BoT-IoT,test,1469,DDoS,1,0.027879,0.262934,KNOWN
BoT-IoT,test,1470,DDoS,1,0.301075,0.262934,ZERO_DAY
BoT-IoT,test,1471,DoS,1,0.041913,0.262934,KNOWN
BoT-IoT,test,1472,DoS,1,0.091832,0.262934,KNOWN
BoT-IoT,test,1473,DDoS,1,0.266275,0.262934,ZERO_DAY
BoT-IoT,test,1474,DoS,1,0.067223,0.262934,KNOWN
BoT-IoT,test,1475,DoS,1,0.012329,0.262934,KNOWN
BoT-IoT,test,1476,Reconnaissance,1,0.158569,0.262934,KNOWN
BoT-IoT,test,1477,DoS,1,0.046264,0.262934,KNOWN
BoT-IoT,test,1478,DDoS,1,0.171767,0.262934,KNOWN
BoT-IoT,test,1479,DDoS,1,0.052412,0.262934,KNOWN
BoT-IoT,test,1480,DoS,1,0.123268,0.262934,KNOWN
BoT-IoT,test,1481,DoS,1,0.113439,0.262934,KNOWN
BoT-IoT,test,1482,Normal,1,0.081082,0.262934,KNOWN
BoT-IoT,test,1483,DDoS,1,0.048492,0.262934,KNOWN
BoT-IoT,test,1484,DDoS,1,0.091803,0.262934,KNOWN
BoT-IoT,test,1485,DDoS,1,0.092113,0.262934,KNOWN
BoT-IoT,test,1486,DoS,1,0.143873,0.262934,KNOWN
BoT-IoT,test,1487,DDoS,1,0.105513,0.262934,KNOWN
BoT-IoT,test,1488,DoS,1,0.160432,0.262934,KNOWN
BoT-IoT,test,1489,DoS,1,0.102954,0.262934,KNOWN
BoT-IoT,test,1490,DDoS,1,0.107311,0.262934,KNOWN
BoT-IoT,test,1491,DoS,1,0.217011,0.262934,KNOWN
BoT-IoT,test,1492,DDoS,1,0.105719,0.262934,KNOWN
BoT-IoT,test,1493,Normal,1,0.04713,0.262934,KNOWN
BoT-IoT,test,1494,DDoS,1,0.159343,0.262934,KNOWN
BoT-IoT,test,1495,DDoS,1,0.051943,0.262934,KNOWN
BoT-IoT,test,1496,DoS,1,0.074525,0.262934,KNOWN
BoT-IoT,test,1497,DoS,1,0.15565,0.262934,KNOWN
BoT-IoT,test,1498,DDoS,1,0.000129,0.262934,KNOWN
BoT-IoT,test,1499,DDoS,1,0.18021,0.262934,KNOWN
BoT-IoT,test,1500,DoS,1,0.019014,0.262934,KNOWN
BoT-IoT,test,1501,DDoS,1,0.194297,0.262934,KNOWN
BoT-IoT,test,1502,DDoS,1,0.133593,0.262934,KNOWN
BoT-IoT,test,1503,DDoS,1,0.025966,0.262934,KNOWN
BoT-IoT,test,1504,DDoS,1,0.082765,0.262934,KNOWN
BoT-IoT,test,1505,DoS,1,0.025373,0.262934,KNOWN
BoT-IoT,test,1506,DoS,1,0.408068,0.262934,ZERO_DAY
BoT-IoT,test,1507,DDoS,1,0.178257,0.262934,KNOWN
BoT-IoT,test,1508,DDoS,1,0.038129,0.262934,KNOWN
BoT-IoT,test,1509,DDoS,1,0.246382,0.262934,KNOWN
BoT-IoT,test,1510,DDoS,1,0.234565,0.262934,KNOWN
BoT-IoT,test,1511,DDoS,1,0.030389,0.262934,KNOWN
BoT-IoT,test,1512,DoS,1,0.127338,0.262934,KNOWN
BoT-IoT,test,1513,DoS,1,0.204839,0.262934,KNOWN
BoT-IoT,test,1514,DDoS,1,0.075482,0.262934,KNOWN
BoT-IoT,test,1515,Normal,1,0.160757,0.262934,KNOWN
BoT-IoT,test,1516,DDoS,1,0.042948,0.262934,KNOWN
BoT-IoT,test,1517,Normal,1,0.035777,0.262934,KNOWN
BoT-IoT,test,1518,DDoS,1,0.046009,0.262934,KNOWN
BoT-IoT,test,1519,DoS,1,0.012306,0.262934,KNOWN
BoT-IoT,test,1520,DoS,1,0.228258,0.262934,KNOWN
BoT-IoT,test,1521,DoS,1,0.154289,0.262934,KNOWN
BoT-IoT,test,1522,DoS,1,0.147131,0.262934,KNOWN
BoT-IoT,test,1523,Normal,1,0.045361,0.262934,KNOWN
BoT-IoT,test,1524,Normal,1,0.016128,0.262934,KNOWN
BoT-IoT,test,1525,DDoS,1,0.048739,0.262934,KNOWN
BoT-IoT,test,1526,DoS,1,0.053888,0.262934,KNOWN
BoT-IoT,test,1527,DoS,1,0.079261,0.262934,KNOWN
BoT-IoT,test,1528,DDoS,1,0.03707,0.262934,KNOWN
BoT-IoT,test,1529,DDoS,1,0.007553,0.262934,KNOWN
BoT-IoT,test,1530,DoS,1,0.100812,0.262934,KNOWN
BoT-IoT,test,1531,DDoS,1,0.030895,0.262934,KNOWN
BoT-IoT,test,1532,DoS,1,0.094034,0.262934,KNOWN
BoT-IoT,test,1533,DDoS,1,0.002799,0.262934,KNOWN
BoT-IoT,test,1534,Normal,1,0.167974,0.262934,KNOWN
BoT-IoT,test,1535,DoS,1,0.242949,0.262934,KNOWN
BoT-IoT,test,1536,DoS,1,0.040555,0.262934,KNOWN
BoT-IoT,test,1537,DoS,1,0.048874,0.262934,KNOWN
BoT-IoT,test,1538,DDoS,1,0.234492,0.262934,KNOWN
BoT-IoT,test,1539,DDoS,1,0.189837,0.262934,KNOWN
BoT-IoT,test,1540,DoS,1,0.019228,0.262934,KNOWN
BoT-IoT,test,1541,DDoS,1,0.071131,0.262934,KNOWN
BoT-IoT,test,1542,DDoS,1,0.004162,0.262934,KNOWN
BoT-IoT,test,1543,DoS,1,0.195591,0.262934,KNOWN
BoT-IoT,test,1544,DoS,1,0.180116,0.262934,KNOWN
BoT-IoT,test,1545,DDoS,1,0.012645,0.262934,KNOWN
BoT-IoT,test,1546,DDoS,1,0.039271,0.262934,KNOWN
BoT-IoT,test,1547,DoS,1,0.344238,0.262934,ZERO_DAY
BoT-IoT,test,1548,DDoS,1,0.006556,0.262934,KNOWN
BoT-IoT,test,1549,DDoS,1,0.080772,0.262934,KNOWN
BoT-IoT,test,1550,DDoS,1,0.053025,0.262934,KNOWN
BoT-IoT,test,1551,DDoS,1,0.318641,0.262934,ZERO_DAY
BoT-IoT,test,1552,DoS,1,0.020379,0.262934,KNOWN
BoT-IoT,test,1553,Normal,1,0.251177,0.262934,KNOWN
BoT-IoT,test,1554,DoS,1,0.24003,0.262934,KNOWN
BoT-IoT,test,1555,DoS,1,0.161047,0.262934,KNOWN
BoT-IoT,test,1556,DDoS,1,0.119689,0.262934,KNOWN
BoT-IoT,test,1557,DDoS,1,0.024059,0.262934,KNOWN
BoT-IoT,test,1558,DoS,1,0.02029,0.262934,KNOWN
BoT-IoT,test,1559,DoS,1,0.060638,0.262934,KNOWN
BoT-IoT,test,1560,DoS,1,0.174249,0.262934,KNOWN
BoT-IoT,test,1561,DDoS,1,0.121147,0.262934,KNOWN
BoT-IoT,test,1562,DoS,1,0.051363,0.262934,KNOWN
BoT-IoT,test,1563,DDoS,1,0.053995,0.262934,KNOWN
BoT-IoT,test,1564,DoS,1,0.123512,0.262934,KNOWN
BoT-IoT,test,1565,DDoS,1,0.117426,0.262934,KNOWN
BoT-IoT,test,1566,DoS,1,0.012384,0.262934,KNOWN
BoT-IoT,test,1567,DDoS,1,0.09838,0.262934,KNOWN
BoT-IoT,test,1568,DDoS,1,0.006329,0.262934,KNOWN
BoT-IoT,test,1569,DoS,1,0.076405,0.262934,KNOWN
BoT-IoT,test,1570,DDoS,1,0.046481,0.262934,KNOWN
BoT-IoT,test,1571,DoS,1,0.039934,0.262934,KNOWN
BoT-IoT,test,1572,DoS,1,0.113305,0.262934,KNOWN
BoT-IoT,test,1573,DoS,1,0.157537,0.262934,KNOWN
BoT-IoT,test,1574,DDoS,1,0.041994,0.262934,KNOWN
BoT-IoT,test,1575,DDoS,1,0.095324,0.262934,KNOWN
BoT-IoT,test,1576,DDoS,1,0.00826,0.262934,KNOWN
BoT-IoT,test,1577,DDoS,1,0.013069,0.262934,KNOWN
BoT-IoT,test,1578,DoS,1,0.050759,0.262934,KNOWN
BoT-IoT,test,1579,DDoS,1,0.082551,0.262934,KNOWN
BoT-IoT,test,1580,DoS,1,0.063169,0.262934,KNOWN
BoT-IoT,test,1581,DoS,1,0.018829,0.262934,KNOWN
BoT-IoT,test,1582,DDoS,1,0.037104,0.262934,KNOWN
BoT-IoT,test,1583,DDoS,1,0.07751,0.262934,KNOWN
BoT-IoT,test,1584,DoS,1,0.141612,0.262934,KNOWN
BoT-IoT,test,1585,DoS,1,0.142307,0.262934,KNOWN
BoT-IoT,test,1586,DoS,1,0.007873,0.262934,KNOWN
BoT-IoT,test,1587,DoS,1,0.067038,0.262934,KNOWN
BoT-IoT,test,1588,DoS,1,0.157527,0.262934,KNOWN
BoT-IoT,test,1589,DDoS,1,0.070238,0.262934,KNOWN
BoT-IoT,test,1590,DoS,1,0.078946,0.262934,KNOWN
BoT-IoT,test,1591,DoS,1,0.08985,0.262934,KNOWN
BoT-IoT,test,1592,DoS,1,0.080102,0.262934,KNOWN
BoT-IoT,test,1593,DDoS,1,0.021331,0.262934,KNOWN
BoT-IoT,test,1594,DoS,1,0.218589,0.262934,KNOWN
BoT-IoT,test,1595,DoS,1,0.023683,0.262934,KNOWN
BoT-IoT,test,1596,Normal,1,0.069422,0.262934,KNOWN
BoT-IoT,test,1597,DoS,1,0.138399,0.262934,KNOWN
BoT-IoT,test,1598,DDoS,1,0.023063,0.262934,KNOWN
BoT-IoT,test,1599,DoS,1,0.048066,0.262934,KNOWN
BoT-IoT,test,1600,DoS,1,0.27441,0.262934,ZERO_DAY
BoT-IoT,test,1601,DoS,1,0.118684,0.262934,KNOWN
BoT-IoT,test,1602,DDoS,1,0.087362,0.262934,KNOWN
BoT-IoT,test,1603,Normal,1,0.046882,0.262934,KNOWN
BoT-IoT,test,1604,DoS,1,0.03394,0.262934,KNOWN
BoT-IoT,test,1605,DDoS,1,0.017354,0.262934,KNOWN
BoT-IoT,test,1606,DDoS,1,0.229876,0.262934,KNOWN
BoT-IoT,test,1607,Normal,1,0.048064,0.262934,KNOWN
BoT-IoT,test,1608,DoS,1,0.024676,0.262934,KNOWN
BoT-IoT,test,1609,Normal,1,0.06183,0.262934,KNOWN
BoT-IoT,test,1610,DoS,1,0.304237,0.262934,ZERO_DAY
BoT-IoT,test,1611,DDoS,1,0.043322,0.262934,KNOWN
BoT-IoT,test,1612,DDoS,1,0.003614,0.262934,KNOWN
BoT-IoT,test,1613,Normal,1,0.149714,0.262934,KNOWN
BoT-IoT,test,1614,DDoS,1,0.024522,0.262934,KNOWN
BoT-IoT,test,1615,DDoS,1,0.023348,0.262934,KNOWN
BoT-IoT,test,1616,DDoS,1,0.007408,0.262934,KNOWN
BoT-IoT,test,1617,DoS,1,0.162691,0.262934,KNOWN
BoT-IoT,test,1618,DoS,1,0.005933,0.262934,KNOWN
BoT-IoT,test,1619,DoS,1,0.053106,0.262934,KNOWN
BoT-IoT,test,1620,DoS,1,0.060806,0.262934,KNOWN
BoT-IoT,test,1621,DDoS,1,0.088804,0.262934,KNOWN
BoT-IoT,test,1622,DDoS,1,0.028163,0.262934,KNOWN
BoT-IoT,test,1623,DoS,1,0.01185,0.262934,KNOWN
BoT-IoT,test,1624,DoS,1,0.126575,0.262934,KNOWN
BoT-IoT,test,1625,DDoS,1,0.012495,0.262934,KNOWN
BoT-IoT,test,1626,DoS,1,0.093891,0.262934,KNOWN
BoT-IoT,test,1627,DoS,1,0.024118,0.262934,KNOWN
BoT-IoT,test,1628,DoS,1,0.162201,0.262934,KNOWN
BoT-IoT,test,1629,DoS,1,0.000537,0.262934,KNOWN
BoT-IoT,test,1630,DDoS,1,0.019536,0.262934,KNOWN
BoT-IoT,test,1631,DoS,1,0.226121,0.262934,KNOWN
BoT-IoT,test,1632,DDoS,1,0.005063,0.262934,KNOWN
BoT-IoT,test,1633,DoS,1,0.002809,0.262934,KNOWN
BoT-IoT,test,1634,DoS,1,0.040479,0.262934,KNOWN
BoT-IoT,test,1635,DDoS,1,0.012846,0.262934,KNOWN
BoT-IoT,test,1636,DoS,1,0.04539,0.262934,KNOWN
BoT-IoT,test,1637,DoS,1,0.001239,0.262934,KNOWN
BoT-IoT,test,1638,DoS,1,0.016829,0.262934,KNOWN
BoT-IoT,test,1639,DDoS,1,0.312507,0.262934,ZERO_DAY
BoT-IoT,test,1640,DoS,1,0.1233,0.262934,KNOWN
BoT-IoT,test,1641,DDoS,1,0.074611,0.262934,KNOWN
BoT-IoT,test,1642,DDoS,1,0.005775,0.262934,KNOWN
BoT-IoT,test,1643,DoS,1,0.028388,0.262934,KNOWN
BoT-IoT,test,1644,DoS,1,0.050957,0.262934,KNOWN
BoT-IoT,test,1645,DDoS,1,0.069978,0.262934,KNOWN
BoT-IoT,test,1646,DoS,1,0.021932,0.262934,KNOWN
BoT-IoT,test,1647,DDoS,1,0.081168,0.262934,KNOWN
BoT-IoT,test,1648,DDoS,1,0.00508,0.262934,KNOWN
BoT-IoT,test,1649,Reconnaissance,1,0.123698,0.262934,KNOWN
BoT-IoT,test,1650,Reconnaissance,1,0.129078,0.262934,KNOWN
BoT-IoT,test,1651,DDoS,1,0.074663,0.262934,KNOWN
BoT-IoT,test,1652,DoS,1,0.319857,0.262934,ZERO_DAY
BoT-IoT,test,1653,DDoS,1,0.103779,0.262934,KNOWN
BoT-IoT,test,1654,DDoS,1,0.088283,0.262934,KNOWN
BoT-IoT,test,1655,DoS,1,0.236675,0.262934,KNOWN
BoT-IoT,test,1656,DDoS,1,0.180463,0.262934,KNOWN
BoT-IoT,test,1657,DDoS,1,0.062978,0.262934,KNOWN
BoT-IoT,test,1658,DDoS,1,0.082068,0.262934,KNOWN
BoT-IoT,test,1659,DDoS,1,0.033024,0.262934,KNOWN
BoT-IoT,test,1660,DDoS,1,0.034925,0.262934,KNOWN
BoT-IoT,test,1661,DoS,1,0.050346,0.262934,KNOWN
BoT-IoT,test,1662,DoS,1,0.062463,0.262934,KNOWN
BoT-IoT,test,1663,DoS,1,0.391115,0.262934,ZERO_DAY
BoT-IoT,test,1664,DDoS,1,0.262298,0.262934,KNOWN
BoT-IoT,test,1665,DDoS,1,0.207993,0.262934,KNOWN
BoT-IoT,test,1666,DDoS,1,0.025398,0.262934,KNOWN
BoT-IoT,test,1667,DDoS,1,0.079189,0.262934,KNOWN
BoT-IoT,test,1668,DDoS,1,0.392956,0.262934,ZERO_DAY
BoT-IoT,test,1669,DDoS,1,0.048094,0.262934,KNOWN
BoT-IoT,test,1670,DDoS,1,0.233634,0.262934,KNOWN
BoT-IoT,test,1671,DDoS,1,0.109039,0.262934,KNOWN
BoT-IoT,test,1672,DDoS,1,0.170481,0.262934,KNOWN
BoT-IoT,test,1673,DDoS,1,0.019301,0.262934,KNOWN
BoT-IoT,test,1674,DDoS,1,0.00424,0.262934,KNOWN
BoT-IoT,test,1675,DDoS,1,0.121344,0.262934,KNOWN
BoT-IoT,test,1676,Reconnaissance,1,0.192151,0.262934,KNOWN
BoT-IoT,test,1677,DoS,1,0.064966,0.262934,KNOWN
BoT-IoT,test,1678,DDoS,1,0.076239,0.262934,KNOWN
BoT-IoT,test,1679,DoS,1,0.045722,0.262934,KNOWN
BoT-IoT,test,1680,DoS,1,0.083227,0.262934,KNOWN
BoT-IoT,test,1681,DDoS,1,0.125474,0.262934,KNOWN
BoT-IoT,test,1682,DDoS,1,0.168738,0.262934,KNOWN
BoT-IoT,test,1683,DDoS,1,0.006275,0.262934,KNOWN
BoT-IoT,test,1684,DDoS,1,0.032046,0.262934,KNOWN
BoT-IoT,test,1685,DDoS,1,0.19843,0.262934,KNOWN
BoT-IoT,test,1686,DDoS,1,0.069813,0.262934,KNOWN
BoT-IoT,test,1687,DDoS,1,0.107498,0.262934,KNOWN
BoT-IoT,test,1688,Normal,1,0.01048,0.262934,KNOWN
BoT-IoT,test,1689,DDoS,1,0.066663,0.262934,KNOWN
BoT-IoT,test,1690,DDoS,1,0.017818,0.262934,KNOWN
BoT-IoT,test,1691,DDoS,1,0.076213,0.262934,KNOWN
BoT-IoT,test,1692,DoS,1,0.090518,0.262934,KNOWN
BoT-IoT,test,1693,DDoS,1,0.040875,0.262934,KNOWN
BoT-IoT,test,1694,DoS,1,0.249846,0.262934,KNOWN
BoT-IoT,test,1695,DDoS,1,0.000363,0.262934,KNOWN
BoT-IoT,test,1696,DoS,1,0.292843,0.262934,ZERO_DAY
BoT-IoT,test,1697,DoS,1,0.127558,0.262934,KNOWN
BoT-IoT,test,1698,DoS,1,0.015544,0.262934,KNOWN
BoT-IoT,test,1699,DoS,1,0.056611,0.262934,KNOWN
BoT-IoT,test,1700,DoS,1,0.084103,0.262934,KNOWN
BoT-IoT,test,1701,DDoS,1,0.165794,0.262934,KNOWN
BoT-IoT,test,1702,Reconnaissance,1,0.014614,0.262934,KNOWN
BoT-IoT,test,1703,DDoS,1,0.015116,0.262934,KNOWN
BoT-IoT,test,1704,DDoS,1,0.016653,0.262934,KNOWN
BoT-IoT,test,1705,DDoS,1,0.101468,0.262934,KNOWN
BoT-IoT,test,1706,DoS,1,0.347149,0.262934,ZERO_DAY
BoT-IoT,test,1707,Normal,1,0.155175,0.262934,KNOWN
BoT-IoT,test,1708,DDoS,1,0.026409,0.262934,KNOWN
BoT-IoT,test,1709,DDoS,1,0.280441,0.262934,ZERO_DAY
BoT-IoT,test,1710,DoS,1,0.035539,0.262934,KNOWN
BoT-IoT,test,1711,DDoS,1,0.021192,0.262934,KNOWN
BoT-IoT,test,1712,DDoS,1,0.026779,0.262934,KNOWN
BoT-IoT,test,1713,DDoS,1,0.086123,0.262934,KNOWN
BoT-IoT,test,1714,DDoS,1,0.304254,0.262934,ZERO_DAY
BoT-IoT,test,1715,Reconnaissance,1,0.133778,0.262934,KNOWN
BoT-IoT,test,1716,DDoS,1,0.089887,0.262934,KNOWN
BoT-IoT,test,1717,DDoS,1,0.013998,0.262934,KNOWN
BoT-IoT,test,1718,Normal,1,0.134687,0.262934,KNOWN
BoT-IoT,test,1719,DoS,1,0.007401,0.262934,KNOWN
BoT-IoT,test,1720,Reconnaissance,1,0.235023,0.262934,KNOWN
BoT-IoT,test,1721,DDoS,1,0.089322,0.262934,KNOWN
BoT-IoT,test,1722,Normal,1,0.057796,0.262934,KNOWN
BoT-IoT,test,1723,DoS,1,0.017805,0.262934,KNOWN
BoT-IoT,test,1724,Reconnaissance,1,0.110924,0.262934,KNOWN
BoT-IoT,test,1725,DDoS,1,0.037081,0.262934,KNOWN
BoT-IoT,test,1726,DoS,1,0.108383,0.262934,KNOWN
BoT-IoT,test,1727,DDoS,1,0.005075,0.262934,KNOWN
BoT-IoT,test,1728,DDoS,1,0.051246,0.262934,KNOWN
BoT-IoT,test,1729,DDoS,1,0.078126,0.262934,KNOWN
BoT-IoT,test,1730,DoS,1,0.0201,0.262934,KNOWN
BoT-IoT,test,1731,DoS,1,0.040958,0.262934,KNOWN
BoT-IoT,test,1732,DDoS,1,0.074973,0.262934,KNOWN
BoT-IoT,test,1733,DoS,1,0.293899,0.262934,ZERO_DAY
BoT-IoT,test,1734,DDoS,1,0.050755,0.262934,KNOWN
BoT-IoT,test,1735,DoS,1,0.133555,0.262934,KNOWN
BoT-IoT,test,1736,DDoS,1,0.071881,0.262934,KNOWN
BoT-IoT,test,1737,DDoS,1,0.03132,0.262934,KNOWN
BoT-IoT,test,1738,DDoS,1,0.06347,0.262934,KNOWN
BoT-IoT,test,1739,DoS,1,0.047755,0.262934,KNOWN
BoT-IoT,test,1740,DDoS,1,0.203119,0.262934,KNOWN
BoT-IoT,test,1741,DDoS,1,0.094797,0.262934,KNOWN
BoT-IoT,test,1742,DoS,1,0.061914,0.262934,KNOWN
BoT-IoT,test,1743,DDoS,1,0.051549,0.262934,KNOWN
BoT-IoT,test,1744,DoS,1,0.099451,0.262934,KNOWN
BoT-IoT,test,1745,DoS,1,0.046207,0.262934,KNOWN
BoT-IoT,test,1746,DDoS,1,0.03653,0.262934,KNOWN
BoT-IoT,test,1747,DoS,1,0.044874,0.262934,KNOWN
BoT-IoT,test,1748,DoS,1,0.054178,0.262934,KNOWN
BoT-IoT,test,1749,DDoS,1,0.105902,0.262934,KNOWN
BoT-IoT,test,1750,DDoS,1,0.006219,0.262934,KNOWN
BoT-IoT,test,1751,DoS,1,0.031719,0.262934,KNOWN
BoT-IoT,test,1752,DoS,1,0.004816,0.262934,KNOWN
BoT-IoT,test,1753,DDoS,1,0.116285,0.262934,KNOWN
BoT-IoT,test,1754,DoS,1,0.062432,0.262934,KNOWN
BoT-IoT,test,1755,DDoS,1,0.133721,0.262934,KNOWN
BoT-IoT,test,1756,DDoS,1,0.085961,0.262934,KNOWN
BoT-IoT,test,1757,DDoS,1,0.021308,0.262934,KNOWN
BoT-IoT,test,1758,DDoS,1,0.061143,0.262934,KNOWN
BoT-IoT,test,1759,DDoS,1,0.025109,0.262934,KNOWN
BoT-IoT,test,1760,DoS,1,0.27862,0.262934,ZERO_DAY
BoT-IoT,test,1761,Normal,1,0.30952,0.262934,ZERO_DAY
BoT-IoT,test,1762,DDoS,1,0.058516,0.262934,KNOWN
BoT-IoT,test,1763,Normal,1,0.116369,0.262934,KNOWN
BoT-IoT,test,1764,DoS,1,0.187083,0.262934,KNOWN
BoT-IoT,test,1765,DoS,1,0.066302,0.262934,KNOWN
BoT-IoT,test,1766,DoS,1,0.136523,0.262934,KNOWN
BoT-IoT,test,1767,DoS,1,0.026194,0.262934,KNOWN
BoT-IoT,test,1768,DoS,1,0.176739,0.262934,KNOWN
BoT-IoT,test,1769,DDoS,1,0.085773,0.262934,KNOWN
BoT-IoT,test,1770,DDoS,1,0.224433,0.262934,KNOWN
BoT-IoT,test,1771,Reconnaissance,1,0.118252,0.262934,KNOWN
BoT-IoT,test,1772,DDoS,1,0.036897,0.262934,KNOWN
BoT-IoT,test,1773,DoS,1,0.112954,0.262934,KNOWN
BoT-IoT,test,1774,Normal,1,0.005058,0.262934,KNOWN
BoT-IoT,test,1775,DDoS,1,0.018275,0.262934,KNOWN
BoT-IoT,test,1776,DoS,1,0.161316,0.262934,KNOWN
BoT-IoT,test,1777,DoS,1,0.000602,0.262934,KNOWN
BoT-IoT,test,1778,DDoS,1,0.041437,0.262934,KNOWN
BoT-IoT,test,1779,DDoS,1,0.022511,0.262934,KNOWN
BoT-IoT,test,1780,DDoS,1,0.126108,0.262934,KNOWN
BoT-IoT,test,1781,DDoS,1,0.027182,0.262934,KNOWN
BoT-IoT,test,1782,DoS,1,0.069596,0.262934,KNOWN
BoT-IoT,test,1783,DoS,1,0.039655,0.262934,KNOWN
BoT-IoT,test,1784,DoS,1,0.012974,0.262934,KNOWN
BoT-IoT,test,1785,DoS,1,0.166947,0.262934,KNOWN
BoT-IoT,test,1786,DoS,1,0.131965,0.262934,KNOWN
BoT-IoT,test,1787,DDoS,1,0.007329,0.262934,KNOWN
BoT-IoT,test,1788,DDoS,1,0.146619,0.262934,KNOWN
BoT-IoT,test,1789,DDoS,1,0.02446,0.262934,KNOWN
BoT-IoT,test,1790,Normal,1,0.067951,0.262934,KNOWN
BoT-IoT,test,1791,DoS,1,0.044055,0.262934,KNOWN
BoT-IoT,test,1792,DDoS,1,0.006276,0.262934,KNOWN
BoT-IoT,test,1793,DDoS,1,0.154711,0.262934,KNOWN
BoT-IoT,test,1794,DoS,1,0.020155,0.262934,KNOWN
BoT-IoT,test,1795,DDoS,1,0.122115,0.262934,KNOWN
BoT-IoT,test,1796,DDoS,1,0.03748,0.262934,KNOWN
BoT-IoT,test,1797,DoS,1,0.287682,0.262934,ZERO_DAY
BoT-IoT,test,1798,DoS,1,0.16816,0.262934,KNOWN
BoT-IoT,test,1799,DDoS,1,0.237479,0.262934,KNOWN
BoT-IoT,test,1800,DoS,1,0.132659,0.262934,KNOWN
BoT-IoT,test,1801,DoS,1,0.067059,0.262934,KNOWN
BoT-IoT,test,1802,DDoS,1,0.020364,0.262934,KNOWN
BoT-IoT,test,1803,DoS,1,0.035085,0.262934,KNOWN
BoT-IoT,test,1804,DoS,1,0.142005,0.262934,KNOWN
BoT-IoT,test,1805,DDoS,1,0.024746,0.262934,KNOWN
BoT-IoT,test,1806,DDoS,1,0.311905,0.262934,ZERO_DAY
BoT-IoT,test,1807,DDoS,1,0.024741,0.262934,KNOWN
BoT-IoT,test,1808,DDoS,1,0.047064,0.262934,KNOWN
BoT-IoT,test,1809,DDoS,1,0.067315,0.262934,KNOWN
BoT-IoT,test,1810,Reconnaissance,1,0.035101,0.262934,KNOWN
BoT-IoT,test,1811,DDoS,1,0.021911,0.262934,KNOWN
BoT-IoT,test,1812,DoS,1,0.128481,0.262934,KNOWN
BoT-IoT,test,1813,DDoS,1,0.262371,0.262934,KNOWN
BoT-IoT,test,1814,DDoS,1,0.095636,0.262934,KNOWN
BoT-IoT,test,1815,DDoS,1,0.00975,0.262934,KNOWN
BoT-IoT,test,1816,DDoS,1,0.086201,0.262934,KNOWN
BoT-IoT,test,1817,DDoS,1,0.165296,0.262934,KNOWN
BoT-IoT,test,1818,DoS,1,0.156319,0.262934,KNOWN
BoT-IoT,test,1819,DoS,1,0.067924,0.262934,KNOWN
BoT-IoT,test,1820,DoS,1,0.169342,0.262934,KNOWN
BoT-IoT,test,1821,DoS,1,0.020284,0.262934,KNOWN
BoT-IoT,test,1822,DDoS,1,0.044898,0.262934,KNOWN
BoT-IoT,test,1823,DDoS,1,0.145791,0.262934,KNOWN
BoT-IoT,test,1824,DDoS,1,0.019443,0.262934,KNOWN
BoT-IoT,test,1825,DDoS,1,0.117366,0.262934,KNOWN
BoT-IoT,test,1826,DoS,1,0.091485,0.262934,KNOWN
BoT-IoT,test,1827,DDoS,1,0.054999,0.262934,KNOWN
BoT-IoT,test,1828,DoS,1,0.093524,0.262934,KNOWN
BoT-IoT,test,1829,DDoS,1,0.098915,0.262934,KNOWN
BoT-IoT,test,1830,DoS,1,0.03049,0.262934,KNOWN
BoT-IoT,test,1831,DoS,1,0.114772,0.262934,KNOWN
BoT-IoT,test,1832,DoS,1,0.116215,0.262934,KNOWN
BoT-IoT,test,1833,DoS,1,0.161115,0.262934,KNOWN
BoT-IoT,test,1834,DoS,1,0.062676,0.262934,KNOWN
BoT-IoT,test,1835,DDoS,1,0.069805,0.262934,KNOWN
BoT-IoT,test,1836,DoS,1,0.25144,0.262934,KNOWN
BoT-IoT,test,1837,DoS,1,0.251716,0.262934,KNOWN
BoT-IoT,test,1838,DDoS,1,0.007049,0.262934,KNOWN
BoT-IoT,test,1839,DDoS,1,0.006866,0.262934,KNOWN
BoT-IoT,test,1840,DoS,1,0.272964,0.262934,ZERO_DAY
BoT-IoT,test,1841,DDoS,1,0.116337,0.262934,KNOWN
BoT-IoT,test,1842,DDoS,1,0.224644,0.262934,KNOWN
BoT-IoT,test,1843,DDoS,1,0.03305,0.262934,KNOWN
BoT-IoT,test,1844,DoS,1,0.161725,0.262934,KNOWN
BoT-IoT,test,1845,DDoS,1,0.101073,0.262934,KNOWN
BoT-IoT,test,1846,DDoS,1,0.102574,0.262934,KNOWN
BoT-IoT,test,1847,DoS,1,0.021339,0.262934,KNOWN
BoT-IoT,test,1848,DoS,1,0.146424,0.262934,KNOWN
BoT-IoT,test,1849,DoS,1,0.01302,0.262934,KNOWN
BoT-IoT,test,1850,DDoS,1,0.101861,0.262934,KNOWN
BoT-IoT,test,1851,DDoS,1,0.09658,0.262934,KNOWN
BoT-IoT,test,1852,DDoS,1,0.116066,0.262934,KNOWN
BoT-IoT,test,1853,DDoS,1,0.000343,0.262934,KNOWN
BoT-IoT,test,1854,DDoS,1,0.031958,0.262934,KNOWN
BoT-IoT,test,1855,DDoS,1,0.154935,0.262934,KNOWN
BoT-IoT,test,1856,DDoS,1,0.144049,0.262934,KNOWN
BoT-IoT,test,1857,DoS,1,0.040511,0.262934,KNOWN
BoT-IoT,test,1858,DDoS,1,0.022218,0.262934,KNOWN
BoT-IoT,test,1859,DoS,1,0.121945,0.262934,KNOWN
BoT-IoT,test,1860,DDoS,1,0.042241,0.262934,KNOWN
BoT-IoT,test,1861,DDoS,1,0.19664,0.262934,KNOWN
BoT-IoT,test,1862,DoS,1,0.030903,0.262934,KNOWN
BoT-IoT,test,1863,DoS,1,0.068317,0.262934,KNOWN
BoT-IoT,test,1864,DoS,1,0.180361,0.262934,KNOWN
BoT-IoT,test,1865,DDoS,1,0.117901,0.262934,KNOWN
BoT-IoT,test,1866,DDoS,1,0.1535,0.262934,KNOWN
BoT-IoT,test,1867,DoS,1,0.018643,0.262934,KNOWN
BoT-IoT,test,1868,DDoS,1,0.085147,0.262934,KNOWN
BoT-IoT,test,1869,DDoS,1,0.13244,0.262934,KNOWN
BoT-IoT,test,1870,DDoS,1,0.185295,0.262934,KNOWN
BoT-IoT,test,1871,DDoS,1,0.220775,0.262934,KNOWN
BoT-IoT,test,1872,DoS,1,0.145045,0.262934,KNOWN
BoT-IoT,test,1873,DoS,1,0.09025,0.262934,KNOWN
BoT-IoT,test,1874,DoS,1,0.089857,0.262934,KNOWN
BoT-IoT,test,1875,DDoS,1,0.069103,0.262934,KNOWN
BoT-IoT,test,1876,DoS,1,0.098561,0.262934,KNOWN
BoT-IoT,test,1877,DDoS,1,0.184636,0.262934,KNOWN
BoT-IoT,test,1878,DoS,1,0.064719,0.262934,KNOWN
BoT-IoT,test,1879,DoS,1,0.096376,0.262934,KNOWN
BoT-IoT,test,1880,DoS,1,0.100278,0.262934,KNOWN
BoT-IoT,test,1881,Normal,1,0.083965,0.262934,KNOWN
BoT-IoT,test,1882,DDoS,1,0.08758,0.262934,KNOWN
BoT-IoT,test,1883,DDoS,1,0.032038,0.262934,KNOWN
BoT-IoT,test,1884,DoS,1,0.012461,0.262934,KNOWN
BoT-IoT,test,1885,DDoS,1,0.11753,0.262934,KNOWN
BoT-IoT,test,1886,DDoS,1,0.00708,0.262934,KNOWN
BoT-IoT,test,1887,DDoS,1,0.110973,0.262934,KNOWN
BoT-IoT,test,1888,DoS,1,0.06671,0.262934,KNOWN
BoT-IoT,test,1889,DDoS,1,0.065947,0.262934,KNOWN
BoT-IoT,test,1890,DDoS,1,0.147091,0.262934,KNOWN
BoT-IoT,test,1891,DDoS,1,0.018857,0.262934,KNOWN
BoT-IoT,test,1892,DDoS,1,0.186124,0.262934,KNOWN
BoT-IoT,test,1893,DDoS,1,0.135595,0.262934,KNOWN
BoT-IoT,test,1894,DDoS,1,0.019732,0.262934,KNOWN
BoT-IoT,test,1895,DDoS,1,0.050841,0.262934,KNOWN
BoT-IoT,test,1896,DoS,1,0.132612,0.262934,KNOWN
BoT-IoT,test,1897,DDoS,1,0.004435,0.262934,KNOWN
BoT-IoT,test,1898,DDoS,1,0.218314,0.262934,KNOWN
BoT-IoT,test,1899,DDoS,1,0.032818,0.262934,KNOWN
BoT-IoT,test,1900,DDoS,1,0.244853,0.262934,KNOWN
BoT-IoT,test,1901,Normal,1,0.018884,0.262934,KNOWN
BoT-IoT,test,1902,DoS,1,0.052458,0.262934,KNOWN
BoT-IoT,test,1903,DoS,1,0.079196,0.262934,KNOWN
BoT-IoT,test,1904,DDoS,1,0.083503,0.262934,KNOWN
BoT-IoT,test,1905,DoS,1,0.221967,0.262934,KNOWN
BoT-IoT,test,1906,DDoS,1,0.082107,0.262934,KNOWN
BoT-IoT,test,1907,DDoS,1,0.162195,0.262934,KNOWN
BoT-IoT,test,1908,DDoS,1,0.156338,0.262934,KNOWN
BoT-IoT,test,1909,DDoS,1,0.3323,0.262934,ZERO_DAY
BoT-IoT,test,1910,DDoS,1,0.051235,0.262934,KNOWN
BoT-IoT,test,1911,Normal,1,0.034184,0.262934,KNOWN
BoT-IoT,test,1912,DDoS,1,0.169781,0.262934,KNOWN
BoT-IoT,test,1913,DDoS,1,0.025463,0.262934,KNOWN
BoT-IoT,test,1914,DDoS,1,0.196674,0.262934,KNOWN
BoT-IoT,test,1915,DDoS,1,0.054152,0.262934,KNOWN
BoT-IoT,test,1916,DoS,1,0.277588,0.262934,ZERO_DAY
BoT-IoT,test,1917,DDoS,1,0.192258,0.262934,KNOWN
BoT-IoT,test,1918,DDoS,1,0.041484,0.262934,KNOWN
BoT-IoT,test,1919,DoS,1,0.084463,0.262934,KNOWN
BoT-IoT,test,1920,DDoS,1,0.138961,0.262934,KNOWN
BoT-IoT,test,1921,DoS,1,0.056186,0.262934,KNOWN
BoT-IoT,test,1922,DoS,1,0.02707,0.262934,KNOWN
BoT-IoT,test,1923,DoS,1,0.041155,0.262934,KNOWN
BoT-IoT,test,1924,DoS,1,0.154556,0.262934,KNOWN
BoT-IoT,test,1925,DDoS,1,0.024241,0.262934,KNOWN
BoT-IoT,test,1926,DoS,1,0.095735,0.262934,KNOWN
BoT-IoT,test,1927,DDoS,1,0.098407,0.262934,KNOWN
BoT-IoT,test,1928,Normal,1,0.033425,0.262934,KNOWN
BoT-IoT,test,1929,Normal,1,0.04872,0.262934,KNOWN
BoT-IoT,test,1930,DoS,1,0.059779,0.262934,KNOWN
BoT-IoT,test,1931,DDoS,1,0.14067,0.262934,KNOWN
BoT-IoT,test,1932,DDoS,1,0.019426,0.262934,KNOWN
BoT-IoT,test,1933,DoS,1,0.021945,0.262934,KNOWN
BoT-IoT,test,1934,DoS,1,0.216713,0.262934,KNOWN
BoT-IoT,test,1935,DDoS,1,0.112522,0.262934,KNOWN
BoT-IoT,test,1936,DoS,1,0.030915,0.262934,KNOWN
BoT-IoT,test,1937,DDoS,1,0.04906,0.262934,KNOWN
BoT-IoT,test,1938,DDoS,1,0.114661,0.262934,KNOWN
BoT-IoT,test,1939,DDoS,1,0.008898,0.262934,KNOWN
BoT-IoT,test,1940,DoS,1,0.027274,0.262934,KNOWN
BoT-IoT,test,1941,DoS,1,0.028575,0.262934,KNOWN
BoT-IoT,test,1942,DDoS,1,0.047848,0.262934,KNOWN
BoT-IoT,test,1943,DDoS,1,0.17979,0.262934,KNOWN
BoT-IoT,test,1944,DoS,1,0.036671,0.262934,KNOWN
BoT-IoT,test,1945,DDoS,1,0.011073,0.262934,KNOWN
BoT-IoT,test,1946,DoS,1,0.040682,0.262934,KNOWN
BoT-IoT,test,1947,DDoS,1,0.127091,0.262934,KNOWN
BoT-IoT,test,1948,DDoS,1,0.015286,0.262934,KNOWN
BoT-IoT,test,1949,DDoS,1,0.027594,0.262934,KNOWN
BoT-IoT,test,1950,DoS,1,0.193037,0.262934,KNOWN
BoT-IoT,test,1951,DoS,1,0.110432,0.262934,KNOWN
BoT-IoT,test,1952,DDoS,1,0.119996,0.262934,KNOWN
BoT-IoT,test,1953,DoS,1,0.017074,0.262934,KNOWN
BoT-IoT,test,1954,DDoS,1,0.118423,0.262934,KNOWN
BoT-IoT,test,1955,DDoS,1,0.27892,0.262934,ZERO_DAY
BoT-IoT,test,1956,DDoS,1,0.017781,0.262934,KNOWN
BoT-IoT,test,1957,DoS,1,0.106375,0.262934,KNOWN
BoT-IoT,test,1958,DDoS,1,0.019871,0.262934,KNOWN
BoT-IoT,test,1959,DoS,1,0.112749,0.262934,KNOWN
BoT-IoT,test,1960,DDoS,1,0.001988,0.262934,KNOWN
BoT-IoT,test,1961,DDoS,1,0.144361,0.262934,KNOWN
BoT-IoT,test,1962,DoS,1,0.036689,0.262934,KNOWN
BoT-IoT,test,1963,DDoS,1,0.071512,0.262934,KNOWN
BoT-IoT,test,1964,DDoS,1,0.061066,0.262934,KNOWN
BoT-IoT,test,1965,DDoS,1,0.054718,0.262934,KNOWN
BoT-IoT,test,1966,DoS,1,0.26273,0.262934,KNOWN
BoT-IoT,test,1967,DDoS,1,0.054912,0.262934,KNOWN
BoT-IoT,test,1968,DDoS,1,0.318291,0.262934,ZERO_DAY
BoT-IoT,test,1969,DoS,1,0.024159,0.262934,KNOWN
BoT-IoT,test,1970,DoS,1,0.073618,0.262934,KNOWN
BoT-IoT,test,1971,DoS,1,0.025605,0.262934,KNOWN
BoT-IoT,test,1972,DDoS,1,0.162829,0.262934,KNOWN
BoT-IoT,test,1973,DoS,1,0.015499,0.262934,KNOWN
BoT-IoT,test,1974,DoS,1,0.134647,0.262934,KNOWN
BoT-IoT,test,1975,DDoS,1,0.092569,0.262934,KNOWN
BoT-IoT,test,1976,DoS,1,0.037478,0.262934,KNOWN
BoT-IoT,test,1977,DoS,1,0.192632,0.262934,KNOWN
BoT-IoT,test,1978,DoS,1,0.24784,0.262934,KNOWN
BoT-IoT,test,1979,DoS,1,0.003968,0.262934,KNOWN
BoT-IoT,test,1980,DoS,1,0.107277,0.262934,KNOWN
BoT-IoT,test,1981,Reconnaissance,1,0.291985,0.262934,ZERO_DAY
BoT-IoT,test,1982,DoS,1,0.050699,0.262934,KNOWN
BoT-IoT,test,1983,DoS,1,0.061645,0.262934,KNOWN
BoT-IoT,test,1984,DDoS,1,0.006684,0.262934,KNOWN
BoT-IoT,test,1985,DoS,1,0.06553,0.262934,KNOWN
BoT-IoT,test,1986,DDoS,1,0.046478,0.262934,KNOWN
BoT-IoT,test,1987,DDoS,1,0.048731,0.262934,KNOWN
BoT-IoT,test,1988,DDoS,1,0.146263,0.262934,KNOWN
BoT-IoT,test,1989,DoS,1,0.020617,0.262934,KNOWN
BoT-IoT,test,1990,DoS,1,0.156903,0.262934,KNOWN
BoT-IoT,test,1991,DDoS,1,0.033596,0.262934,KNOWN
BoT-IoT,test,1992,DDoS,1,0.086059,0.262934,KNOWN
BoT-IoT,test,1993,DDoS,1,0.074834,0.262934,KNOWN
BoT-IoT,test,1994,DDoS,1,0.036991,0.262934,KNOWN
BoT-IoT,test,1995,DoS,1,0.054127,0.262934,KNOWN
BoT-IoT,test,1996,DoS,1,0.071188,0.262934,KNOWN
BoT-IoT,test,1997,DDoS,1,0.006198,0.262934,KNOWN
BoT-IoT,test,1998,Normal,1,0.074843,0.262934,KNOWN
BoT-IoT,test,1999,DDoS,1,0.045365,0.262934,KNOWN
BoT-IoT,test,2000,DDoS,1,0.107892,0.262934,KNOWN
BoT-IoT,test,2001,DoS,1,0.079758,0.262934,KNOWN
BoT-IoT,test,2002,DDoS,1,0.153723,0.262934,KNOWN
BoT-IoT,test,2003,DDoS,1,0.034172,0.262934,KNOWN
BoT-IoT,test,2004,DDoS,1,0.318891,0.262934,ZERO_DAY
BoT-IoT,test,2005,DoS,1,0.027147,0.262934,KNOWN
BoT-IoT,test,2006,DoS,1,0.037145,0.262934,KNOWN
BoT-IoT,test,2007,DoS,1,0.207601,0.262934,KNOWN
BoT-IoT,test,2008,DoS,1,0.067554,0.262934,KNOWN
BoT-IoT,test,2009,DoS,1,0.000786,0.262934,KNOWN
BoT-IoT,test,2010,DDoS,1,0.03148,0.262934,KNOWN
BoT-IoT,test,2011,Normal,1,0.1167,0.262934,KNOWN
BoT-IoT,test,2012,DDoS,1,0.062281,0.262934,KNOWN
BoT-IoT,test,2013,DoS,1,0.022445,0.262934,KNOWN
BoT-IoT,test,2014,DoS,1,0.002487,0.262934,KNOWN
BoT-IoT,test,2015,DoS,1,0.062827,0.262934,KNOWN
BoT-IoT,test,2016,DoS,1,0.092525,0.262934,KNOWN
BoT-IoT,test,2017,DDoS,1,0.199486,0.262934,KNOWN
BoT-IoT,test,2018,DDoS,1,0.267777,0.262934,ZERO_DAY
BoT-IoT,test,2019,Normal,1,0.375216,0.262934,ZERO_DAY
BoT-IoT,test,2020,DoS,1,0.138467,0.262934,KNOWN
BoT-IoT,test,2021,DoS,1,0.096791,0.262934,KNOWN
BoT-IoT,test,2022,DDoS,1,0.046748,0.262934,KNOWN
BoT-IoT,test,2023,Reconnaissance,1,0.017714,0.262934,KNOWN
BoT-IoT,test,2024,DDoS,1,0.095114,0.262934,KNOWN
BoT-IoT,test,2025,DoS,1,0.188252,0.262934,KNOWN
BoT-IoT,test,2026,DDoS,1,0.323891,0.262934,ZERO_DAY
BoT-IoT,test,2027,DoS,1,0.108848,0.262934,KNOWN
BoT-IoT,test,2028,DoS,1,0.542685,0.262934,ZERO_DAY
BoT-IoT,test,2029,DDoS,1,0.10349,0.262934,KNOWN
BoT-IoT,test,2030,DoS,1,0.153154,0.262934,KNOWN
BoT-IoT,test,2031,DDoS,1,0.045605,0.262934,KNOWN
BoT-IoT,test,2032,DDoS,1,0.024198,0.262934,KNOWN
BoT-IoT,test,2033,DDoS,1,0.056544,0.262934,KNOWN
BoT-IoT,test,2034,DDoS,1,0.004871,0.262934,KNOWN
BoT-IoT,test,2035,DDoS,1,0.107676,0.262934,KNOWN
BoT-IoT,test,2036,DDoS,1,0.036754,0.262934,KNOWN
BoT-IoT,test,2037,DDoS,1,0.066152,0.262934,KNOWN
BoT-IoT,test,2038,DoS,1,0.121176,0.262934,KNOWN
BoT-IoT,test,2039,DoS,1,0.039073,0.262934,KNOWN
BoT-IoT,test,2040,DoS,1,0.044772,0.262934,KNOWN
BoT-IoT,test,2041,DoS,1,0.026732,0.262934,KNOWN
BoT-IoT,test,2042,DoS,1,0.098356,0.262934,KNOWN
BoT-IoT,test,2043,DDoS,1,0.103041,0.262934,KNOWN
BoT-IoT,test,2044,DDoS,1,0.082625,0.262934,KNOWN
BoT-IoT,test,2045,DDoS,1,0.03844,0.262934,KNOWN
BoT-IoT,test,2046,DoS,1,0.053815,0.262934,KNOWN
BoT-IoT,test,2047,DDoS,1,0.028679,0.262934,KNOWN
BoT-IoT,test,2048,DDoS,1,0.277226,0.262934,ZERO_DAY
BoT-IoT,test,2049,DoS,1,0.050938,0.262934,KNOWN
BoT-IoT,test,2050,Normal,1,0.218004,0.262934,KNOWN
BoT-IoT,test,2051,DDoS,1,0.017752,0.262934,KNOWN
BoT-IoT,test,2052,DoS,1,0.045243,0.262934,KNOWN
BoT-IoT,test,2053,DDoS,1,0.018692,0.262934,KNOWN
BoT-IoT,test,2054,DoS,1,0.011816,0.262934,KNOWN
BoT-IoT,test,2055,DDoS,1,0.055613,0.262934,KNOWN
BoT-IoT,test,2056,DDoS,1,0.059028,0.262934,KNOWN
BoT-IoT,test,2057,DoS,1,0.027814,0.262934,KNOWN
BoT-IoT,test,2058,DDoS,1,0.054716,0.262934,KNOWN
BoT-IoT,test,2059,DoS,1,0.13396,0.262934,KNOWN
BoT-IoT,test,2060,DDoS,1,0.207451,0.262934,KNOWN
BoT-IoT,test,2061,DDoS,1,0.005648,0.262934,KNOWN
BoT-IoT,test,2062,DoS,1,0.001779,0.262934,KNOWN
BoT-IoT,test,2063,DoS,1,0.037065,0.262934,KNOWN
BoT-IoT,test,2064,DDoS,1,0.100605,0.262934,KNOWN
BoT-IoT,test,2065,DDoS,1,0.097778,0.262934,KNOWN
BoT-IoT,test,2066,DoS,1,0.061921,0.262934,KNOWN
BoT-IoT,test,2067,DDoS,1,0.029747,0.262934,KNOWN
BoT-IoT,test,2068,DoS,1,0.110427,0.262934,KNOWN
BoT-IoT,test,2069,DDoS,1,0.063702,0.262934,KNOWN
BoT-IoT,test,2070,DDoS,1,0.037809,0.262934,KNOWN
BoT-IoT,test,2071,DoS,1,0.247064,0.262934,KNOWN
BoT-IoT,test,2072,DoS,1,0.012662,0.262934,KNOWN
BoT-IoT,test,2073,DoS,1,0.123348,0.262934,KNOWN
BoT-IoT,test,2074,DDoS,1,0.019705,0.262934,KNOWN
BoT-IoT,test,2075,DoS,1,0.100515,0.262934,KNOWN
BoT-IoT,test,2076,DoS,1,0.019912,0.262934,KNOWN
BoT-IoT,test,2077,DDoS,1,0.172452,0.262934,KNOWN
BoT-IoT,test,2078,DoS,1,0.099863,0.262934,KNOWN
BoT-IoT,test,2079,DDoS,1,0.206014,0.262934,KNOWN
BoT-IoT,test,2080,DDoS,1,0.044259,0.262934,KNOWN
BoT-IoT,test,2081,DDoS,1,0.332705,0.262934,ZERO_DAY
BoT-IoT,test,2082,DoS,1,0.101293,0.262934,KNOWN
BoT-IoT,test,2083,Reconnaissance,1,0.003853,0.262934,KNOWN
BoT-IoT,test,2084,DoS,1,0.028091,0.262934,KNOWN
BoT-IoT,test,2085,DDoS,1,0.005241,0.262934,KNOWN
BoT-IoT,test,2086,DDoS,1,0.149946,0.262934,KNOWN
BoT-IoT,test,2087,DDoS,1,0.157832,0.262934,KNOWN
BoT-IoT,test,2088,DoS,1,0.043792,0.262934,KNOWN
BoT-IoT,test,2089,DoS,1,0.071601,0.262934,KNOWN
BoT-IoT,test,2090,DoS,1,0.189929,0.262934,KNOWN
BoT-IoT,test,2091,DDoS,1,0.033835,0.262934,KNOWN
BoT-IoT,test,2092,DDoS,1,0.104026,0.262934,KNOWN
BoT-IoT,test,2093,DDoS,1,0.155209,0.262934,KNOWN
BoT-IoT,test,2094,DDoS,1,0.027005,0.262934,KNOWN
BoT-IoT,test,2095,DDoS,1,0.094981,0.262934,KNOWN
BoT-IoT,test,2096,DDoS,1,0.005779,0.262934,KNOWN
BoT-IoT,test,2097,DDoS,1,0.164602,0.262934,KNOWN
BoT-IoT,test,2098,DoS,1,0.075278,0.262934,KNOWN
BoT-IoT,test,2099,DoS,1,0.018197,0.262934,KNOWN
BoT-IoT,test,2100,Normal,1,0.214776,0.262934,KNOWN
BoT-IoT,test,2101,DDoS,1,0.099042,0.262934,KNOWN
BoT-IoT,test,2102,DoS,1,0.113967,0.262934,KNOWN
BoT-IoT,test,2103,DoS,1,0.126712,0.262934,KNOWN
BoT-IoT,test,2104,DDoS,1,0.113294,0.262934,KNOWN
BoT-IoT,test,2105,DDoS,1,0.029208,0.262934,KNOWN
BoT-IoT,test,2106,DDoS,1,0.153398,0.262934,KNOWN
BoT-IoT,test,2107,DDoS,1,0.19419,0.262934,KNOWN
BoT-IoT,test,2108,DoS,1,0.154522,0.262934,KNOWN
BoT-IoT,test,2109,Normal,1,0.217593,0.262934,KNOWN
BoT-IoT,test,2110,DDoS,1,0.062092,0.262934,KNOWN
BoT-IoT,test,2111,DDoS,1,0.068131,0.262934,KNOWN
BoT-IoT,test,2112,DoS,1,0.206217,0.262934,KNOWN
BoT-IoT,test,2113,DDoS,1,0.005503,0.262934,KNOWN
BoT-IoT,test,2114,DDoS,1,0.035983,0.262934,KNOWN
BoT-IoT,test,2115,DDoS,1,0.191467,0.262934,KNOWN
BoT-IoT,test,2116,DoS,1,0.06336,0.262934,KNOWN
BoT-IoT,test,2117,DoS,1,0.045647,0.262934,KNOWN
BoT-IoT,test,2118,DDoS,1,0.0091,0.262934,KNOWN
BoT-IoT,test,2119,DDoS,1,0.03614,0.262934,KNOWN
BoT-IoT,test,2120,DDoS,1,0.078778,0.262934,KNOWN
BoT-IoT,test,2121,DoS,1,0.020367,0.262934,KNOWN
BoT-IoT,test,2122,DDoS,1,0.127283,0.262934,KNOWN
BoT-IoT,test,2123,DoS,1,0.108259,0.262934,KNOWN
BoT-IoT,test,2124,Normal,1,0.144321,0.262934,KNOWN
BoT-IoT,test,2125,DoS,1,0.046248,0.262934,KNOWN
BoT-IoT,test,2126,DoS,1,0.04097,0.262934,KNOWN
BoT-IoT,test,2127,DDoS,1,0.168228,0.262934,KNOWN
BoT-IoT,test,2128,DDoS,1,0.095671,0.262934,KNOWN
BoT-IoT,test,2129,DDoS,1,0.464548,0.262934,ZERO_DAY
BoT-IoT,test,2130,DoS,1,0.057547,0.262934,KNOWN
BoT-IoT,test,2131,DDoS,1,0.119846,0.262934,KNOWN
BoT-IoT,test,2132,DDoS,1,0.00175,0.262934,KNOWN
BoT-IoT,test,2133,DDoS,1,0.10704,0.262934,KNOWN
BoT-IoT,test,2134,DoS,1,0.080705,0.262934,KNOWN
BoT-IoT,test,2135,DoS,1,0.032138,0.262934,KNOWN
BoT-IoT,test,2136,DDoS,1,0.00128,0.262934,KNOWN
BoT-IoT,test,2137,DoS,1,0.00887,0.262934,KNOWN
BoT-IoT,test,2138,DDoS,1,0.069317,0.262934,KNOWN
BoT-IoT,test,2139,DDoS,1,0.158997,0.262934,KNOWN
BoT-IoT,test,2140,Reconnaissance,1,0.051083,0.262934,KNOWN
BoT-IoT,test,2141,DDoS,1,0.270298,0.262934,ZERO_DAY
BoT-IoT,test,2142,DDoS,1,0.015144,0.262934,KNOWN
BoT-IoT,test,2143,DoS,1,0.271059,0.262934,ZERO_DAY
BoT-IoT,test,2144,DDoS,1,0.099819,0.262934,KNOWN
BoT-IoT,test,2145,DDoS,1,0.012621,0.262934,KNOWN
BoT-IoT,test,2146,DoS,1,0.103767,0.262934,KNOWN
BoT-IoT,test,2147,DoS,1,0.082231,0.262934,KNOWN
BoT-IoT,test,2148,DoS,1,0.167349,0.262934,KNOWN
BoT-IoT,test,2149,DDoS,1,0.03697,0.262934,KNOWN
BoT-IoT,test,2150,DoS,1,0.004073,0.262934,KNOWN
BoT-IoT,test,2151,DoS,1,0.051809,0.262934,KNOWN
BoT-IoT,test,2152,DDoS,1,0.166834,0.262934,KNOWN
BoT-IoT,test,2153,DoS,1,0.030202,0.262934,KNOWN
BoT-IoT,test,2154,DoS,1,0.145213,0.262934,KNOWN
BoT-IoT,test,2155,DDoS,1,0.093416,0.262934,KNOWN
BoT-IoT,test,2156,DoS,1,0.281739,0.262934,ZERO_DAY
BoT-IoT,test,2157,DoS,1,0.02758,0.262934,KNOWN
BoT-IoT,test,2158,DDoS,1,0.096423,0.262934,KNOWN
BoT-IoT,test,2159,DoS,1,0.180569,0.262934,KNOWN
BoT-IoT,test,2160,DDoS,1,0.10232,0.262934,KNOWN
BoT-IoT,test,2161,DoS,1,0.218241,0.262934,KNOWN
BoT-IoT,test,2162,DDoS,1,0.17813,0.262934,KNOWN
BoT-IoT,test,2163,DDoS,1,0.032624,0.262934,KNOWN
BoT-IoT,test,2164,DoS,1,0.079319,0.262934,KNOWN
BoT-IoT,test,2165,DoS,1,0.071142,0.262934,KNOWN
BoT-IoT,test,2166,DDoS,1,0.039461,0.262934,KNOWN
BoT-IoT,test,2167,DDoS,1,0.011129,0.262934,KNOWN
BoT-IoT,test,2168,DoS,1,0.125302,0.262934,KNOWN
BoT-IoT,test,2169,DoS,1,0.030341,0.262934,KNOWN
BoT-IoT,test,2170,DDoS,1,0.078547,0.262934,KNOWN
BoT-IoT,test,2171,Normal,1,0.179881,0.262934,KNOWN
BoT-IoT,test,2172,DDoS,1,0.165272,0.262934,KNOWN
BoT-IoT,test,2173,DDoS,1,0.024031,0.262934,KNOWN
BoT-IoT,test,2174,DDoS,1,0.084967,0.262934,KNOWN
BoT-IoT,test,2175,DDoS,1,0.155786,0.262934,KNOWN
BoT-IoT,test,2176,DoS,1,0.06107,0.262934,KNOWN
BoT-IoT,test,2177,DDoS,1,0.176928,0.262934,KNOWN
BoT-IoT,test,2178,DDoS,1,0.177015,0.262934,KNOWN
BoT-IoT,test,2179,DoS,1,0.285921,0.262934,ZERO_DAY
BoT-IoT,test,2180,DDoS,1,0.287065,0.262934,ZERO_DAY
BoT-IoT,test,2181,DDoS,1,0.20235,0.262934,KNOWN
BoT-IoT,test,2182,DDoS,1,0.177797,0.262934,KNOWN
BoT-IoT,test,2183,DDoS,1,0.113552,0.262934,KNOWN
BoT-IoT,test,2184,DoS,1,0.133019,0.262934,KNOWN
BoT-IoT,test,2185,DoS,1,0.205251,0.262934,KNOWN
BoT-IoT,test,2186,DoS,1,0.038524,0.262934,KNOWN
BoT-IoT,test,2187,DoS,1,0.415811,0.262934,ZERO_DAY
BoT-IoT,test,2188,DDoS,1,0.161537,0.262934,KNOWN
BoT-IoT,test,2189,DDoS,1,0.18683,0.262934,KNOWN
BoT-IoT,test,2190,DDoS,1,0.072951,0.262934,KNOWN
BoT-IoT,test,2191,DoS,1,0.068545,0.262934,KNOWN
BoT-IoT,test,2192,DDoS,1,0.259266,0.262934,KNOWN
BoT-IoT,test,2193,DDoS,1,0.370688,0.262934,ZERO_DAY
BoT-IoT,test,2194,Normal,1,0.111478,0.262934,KNOWN
BoT-IoT,test,2195,DDoS,1,0.100725,0.262934,KNOWN
BoT-IoT,test,2196,DoS,1,0.019434,0.262934,KNOWN
BoT-IoT,test,2197,DDoS,1,0.219626,0.262934,KNOWN
BoT-IoT,test,2198,DoS,1,0.102291,0.262934,KNOWN
BoT-IoT,test,2199,DoS,1,0.025672,0.262934,KNOWN
BoT-IoT,test,2200,DDoS,1,0.402374,0.262934,ZERO_DAY
BoT-IoT,test,2201,DDoS,1,0.057085,0.262934,KNOWN
BoT-IoT,test,2202,DDoS,1,0.220325,0.262934,KNOWN
BoT-IoT,test,2203,DoS,1,0.027514,0.262934,KNOWN
BoT-IoT,test,2204,DoS,1,0.059966,0.262934,KNOWN
BoT-IoT,test,2205,DoS,1,0.122628,0.262934,KNOWN
BoT-IoT,test,2206,DDoS,1,0.048725,0.262934,KNOWN
BoT-IoT,test,2207,DoS,1,0.005153,0.262934,KNOWN
BoT-IoT,test,2208,DDoS,1,0.091941,0.262934,KNOWN
BoT-IoT,test,2209,DDoS,1,0.085261,0.262934,KNOWN
BoT-IoT,test,2210,DDoS,1,0.062056,0.262934,KNOWN
BoT-IoT,test,2211,DoS,1,0.052542,0.262934,KNOWN
BoT-IoT,test,2212,DoS,1,0.009136,0.262934,KNOWN
BoT-IoT,test,2213,DoS,1,0.215988,0.262934,KNOWN
BoT-IoT,test,2214,DDoS,1,0.06658,0.262934,KNOWN
BoT-IoT,test,2215,DDoS,1,0.021067,0.262934,KNOWN
BoT-IoT,test,2216,DoS,1,0.019694,0.262934,KNOWN
BoT-IoT,test,2217,Reconnaissance,1,0.294674,0.262934,ZERO_DAY
BoT-IoT,test,2218,DoS,1,0.190228,0.262934,KNOWN
BoT-IoT,test,2219,Reconnaissance,1,0.123597,0.262934,KNOWN
BoT-IoT,test,2220,DoS,1,0.010463,0.262934,KNOWN
BoT-IoT,test,2221,DDoS,1,0.140428,0.262934,KNOWN
BoT-IoT,test,2222,DoS,1,0.141647,0.262934,KNOWN
BoT-IoT,test,2223,DDoS,1,0.224312,0.262934,KNOWN
BoT-IoT,test,2224,DDoS,1,0.089626,0.262934,KNOWN
BoT-IoT,test,2225,DoS,1,0.048562,0.262934,KNOWN
BoT-IoT,test,2226,DoS,1,0.536627,0.262934,ZERO_DAY
BoT-IoT,test,2227,DoS,1,0.05154,0.262934,KNOWN
BoT-IoT,test,2228,DoS,1,0.038643,0.262934,KNOWN
BoT-IoT,test,2229,DoS,1,0.019532,0.262934,KNOWN
BoT-IoT,test,2230,DoS,1,0.330782,0.262934,ZERO_DAY
BoT-IoT,test,2231,DDoS,1,0.124645,0.262934,KNOWN
BoT-IoT,test,2232,DDoS,1,0.007824,0.262934,KNOWN
BoT-IoT,test,2233,DDoS,1,0.053337,0.262934,KNOWN
BoT-IoT,test,2234,DDoS,1,0.007594,0.262934,KNOWN
BoT-IoT,test,2235,DDoS,1,0.257502,0.262934,KNOWN
BoT-IoT,test,2236,DDoS,1,0.087377,0.262934,KNOWN
BoT-IoT,test,2237,DDoS,1,0.178419,0.262934,KNOWN
BoT-IoT,test,2238,DDoS,1,0.010292,0.262934,KNOWN
BoT-IoT,test,2239,DDoS,1,0.175955,0.262934,KNOWN
BoT-IoT,test,2240,DoS,1,0.141934,0.262934,KNOWN
BoT-IoT,test,2241,DDoS,1,0.018821,0.262934,KNOWN
BoT-IoT,test,2242,DDoS,1,0.111933,0.262934,KNOWN
BoT-IoT,test,2243,DoS,1,0.138307,0.262934,KNOWN
BoT-IoT,test,2244,DDoS,1,0.121812,0.262934,KNOWN
BoT-IoT,test,2245,DDoS,1,0.009857,0.262934,KNOWN
BoT-IoT,test,2246,DoS,1,0.076931,0.262934,KNOWN
BoT-IoT,test,2247,DoS,1,0.030152,0.262934,KNOWN
BoT-IoT,test,2248,DDoS,1,0.190864,0.262934,KNOWN
BoT-IoT,test,2249,DoS,1,0.247012,0.262934,KNOWN
BoT-IoT,test,2250,DDoS,1,0.025324,0.262934,KNOWN
BoT-IoT,test,2251,DDoS,1,0.01456,0.262934,KNOWN
BoT-IoT,test,2252,DDoS,1,0.174578,0.262934,KNOWN
BoT-IoT,test,2253,DoS,1,0.036556,0.262934,KNOWN
BoT-IoT,test,2254,DoS,1,0.021848,0.262934,KNOWN
BoT-IoT,test,2255,DDoS,1,0.318876,0.262934,ZERO_DAY
BoT-IoT,test,2256,Reconnaissance,1,0.153016,0.262934,KNOWN
BoT-IoT,test,2257,DDoS,1,0.117977,0.262934,KNOWN
BoT-IoT,test,2258,DDoS,1,0.12423,0.262934,KNOWN
BoT-IoT,test,2259,DDoS,1,0.114022,0.262934,KNOWN
BoT-IoT,test,2260,DoS,1,0.005789,0.262934,KNOWN
BoT-IoT,test,2261,DDoS,1,0.217127,0.262934,KNOWN
BoT-IoT,test,2262,DDoS,1,0.273252,0.262934,ZERO_DAY
BoT-IoT,test,2263,DDoS,1,0.103704,0.262934,KNOWN
BoT-IoT,test,2264,DDoS,1,0.183133,0.262934,KNOWN
BoT-IoT,test,2265,DDoS,1,0.17702,0.262934,KNOWN
BoT-IoT,test,2266,DDoS,1,0.021696,0.262934,KNOWN
BoT-IoT,test,2267,DDoS,1,0.215205,0.262934,KNOWN
BoT-IoT,test,2268,DoS,1,0.098606,0.262934,KNOWN
BoT-IoT,test,2269,DDoS,1,0.229664,0.262934,KNOWN
BoT-IoT,test,2270,DoS,1,0.054917,0.262934,KNOWN
BoT-IoT,test,2271,DoS,1,0.138815,0.262934,KNOWN
BoT-IoT,test,2272,DoS,1,0.041891,0.262934,KNOWN
BoT-IoT,test,2273,DDoS,1,0.112643,0.262934,KNOWN
BoT-IoT,test,2274,DoS,1,0.078907,0.262934,KNOWN
BoT-IoT,test,2275,DoS,1,0.02833,0.262934,KNOWN
BoT-IoT,test,2276,DDoS,1,0.042245,0.262934,KNOWN
BoT-IoT,test,2277,DoS,1,0.062696,0.262934,KNOWN
BoT-IoT,test,2278,DoS,1,0.026584,0.262934,KNOWN
BoT-IoT,test,2279,DDoS,1,0.061363,0.262934,KNOWN
BoT-IoT,test,2280,DoS,1,0.064872,0.262934,KNOWN
BoT-IoT,test,2281,DDoS,1,0.036915,0.262934,KNOWN
BoT-IoT,test,2282,DDoS,1,0.145757,0.262934,KNOWN
BoT-IoT,test,2283,DoS,1,0.139761,0.262934,KNOWN
BoT-IoT,test,2284,DoS,1,0.113055,0.262934,KNOWN
BoT-IoT,test,2285,DDoS,1,0.012402,0.262934,KNOWN
BoT-IoT,test,2286,DDoS,1,0.156328,0.262934,KNOWN
BoT-IoT,test,2287,DoS,1,0.06958,0.262934,KNOWN
BoT-IoT,test,2288,DDoS,1,0.033485,0.262934,KNOWN
BoT-IoT,test,2289,DoS,1,0.165972,0.262934,KNOWN
BoT-IoT,test,2290,DDoS,1,0.08548,0.262934,KNOWN
BoT-IoT,test,2291,DDoS,1,0.043112,0.262934,KNOWN
BoT-IoT,test,2292,DDoS,1,0.203802,0.262934,KNOWN
BoT-IoT,test,2293,DoS,1,0.100338,0.262934,KNOWN
BoT-IoT,test,2294,DoS,1,0.073855,0.262934,KNOWN
BoT-IoT,test,2295,DDoS,1,0.005691,0.262934,KNOWN
BoT-IoT,test,2296,DoS,1,0.013874,0.262934,KNOWN
BoT-IoT,test,2297,DDoS,1,0.124922,0.262934,KNOWN
BoT-IoT,test,2298,DoS,1,0.104608,0.262934,KNOWN
BoT-IoT,test,2299,Reconnaissance,1,0.066702,0.262934,KNOWN
BoT-IoT,test,2300,DDoS,1,0.042662,0.262934,KNOWN
BoT-IoT,test,2301,DDoS,1,0.110816,0.262934,KNOWN
BoT-IoT,test,2302,DoS,1,0.065005,0.262934,KNOWN
BoT-IoT,test,2303,DoS,1,0.102589,0.262934,KNOWN
BoT-IoT,test,2304,DoS,1,0.222212,0.262934,KNOWN
BoT-IoT,test,2305,DoS,1,0.152051,0.262934,KNOWN
BoT-IoT,test,2306,DoS,1,0.033591,0.262934,KNOWN
BoT-IoT,test,2307,DDoS,1,0.002089,0.262934,KNOWN
BoT-IoT,test,2308,DDoS,1,0.127719,0.262934,KNOWN
BoT-IoT,test,2309,DoS,1,0.193701,0.262934,KNOWN
BoT-IoT,test,2310,DDoS,1,0.074971,0.262934,KNOWN
BoT-IoT,test,2311,DoS,1,0.096916,0.262934,KNOWN
BoT-IoT,test,2312,DDoS,1,0.063556,0.262934,KNOWN
BoT-IoT,test,2313,DoS,1,0.188392,0.262934,KNOWN
BoT-IoT,test,2314,DDoS,1,0.190152,0.262934,KNOWN
BoT-IoT,test,2315,DoS,1,0.231421,0.262934,KNOWN
BoT-IoT,test,2316,DoS,1,0.106749,0.262934,KNOWN
BoT-IoT,test,2317,DDoS,1,0.172248,0.262934,KNOWN
BoT-IoT,test,2318,DDoS,1,0.015779,0.262934,KNOWN
BoT-IoT,test,2319,DoS,1,0.094528,0.262934,KNOWN
BoT-IoT,test,2320,DDoS,1,0.006287,0.262934,KNOWN
BoT-IoT,test,2321,DoS,1,0.028103,0.262934,KNOWN
BoT-IoT,test,2322,DDoS,1,0.322317,0.262934,ZERO_DAY
BoT-IoT,test,2323,DDoS,1,0.158396,0.262934,KNOWN
BoT-IoT,test,2324,DDoS,1,0.166138,0.262934,KNOWN
BoT-IoT,test,2325,DoS,1,0.017544,0.262934,KNOWN
BoT-IoT,test,2326,DDoS,1,0.019263,0.262934,KNOWN
BoT-IoT,test,2327,DoS,1,0.149344,0.262934,KNOWN
BoT-IoT,test,2328,DoS,1,0.026405,0.262934,KNOWN
BoT-IoT,test,2329,Reconnaissance,1,0.115951,0.262934,KNOWN
BoT-IoT,test,2330,DDoS,1,0.115505,0.262934,KNOWN
BoT-IoT,test,2331,Reconnaissance,1,0.124482,0.262934,KNOWN
BoT-IoT,test,2332,DoS,1,0.007739,0.262934,KNOWN
BoT-IoT,test,2333,DoS,1,0.056348,0.262934,KNOWN
BoT-IoT,test,2334,DDoS,1,0.252812,0.262934,KNOWN
BoT-IoT,test,2335,DoS,1,0.196813,0.262934,KNOWN
BoT-IoT,test,2336,DoS,1,0.03513,0.262934,KNOWN
BoT-IoT,test,2337,Reconnaissance,1,0.043777,0.262934,KNOWN
BoT-IoT,test,2338,DDoS,1,0.029458,0.262934,KNOWN
BoT-IoT,test,2339,DDoS,1,0.018584,0.262934,KNOWN
BoT-IoT,test,2340,DDoS,1,0.077298,0.262934,KNOWN
BoT-IoT,test,2341,DDoS,1,0.094826,0.262934,KNOWN
BoT-IoT,test,2342,DoS,1,0.153101,0.262934,KNOWN
BoT-IoT,test,2343,DDoS,1,0.010035,0.262934,KNOWN
BoT-IoT,test,2344,DDoS,1,0.144854,0.262934,KNOWN
BoT-IoT,test,2345,DoS,1,0.07434,0.262934,KNOWN
BoT-IoT,test,2346,DDoS,1,0.128215,0.262934,KNOWN
BoT-IoT,test,2347,DDoS,1,0.15699,0.262934,KNOWN
BoT-IoT,test,2348,DoS,1,0.018298,0.262934,KNOWN
BoT-IoT,test,2349,DDoS,1,0.127265,0.262934,KNOWN
BoT-IoT,test,2350,DoS,1,0.037022,0.262934,KNOWN
BoT-IoT,test,2351,DDoS,1,0.178628,0.262934,KNOWN
BoT-IoT,test,2352,DDoS,1,0.114681,0.262934,KNOWN
BoT-IoT,test,2353,DoS,1,0.066389,0.262934,KNOWN
BoT-IoT,test,2354,DoS,1,0.02893,0.262934,KNOWN
BoT-IoT,test,2355,DDoS,1,0.088173,0.262934,KNOWN
BoT-IoT,test,2356,Normal,1,0.171412,0.262934,KNOWN
BoT-IoT,test,2357,DDoS,1,0.064429,0.262934,KNOWN
BoT-IoT,test,2358,DDoS,1,0.102382,0.262934,KNOWN
BoT-IoT,test,2359,DoS,1,0.065442,0.262934,KNOWN
BoT-IoT,test,2360,DoS,1,0.216795,0.262934,KNOWN
BoT-IoT,test,2361,DDoS,1,0.059326,0.262934,KNOWN
BoT-IoT,test,2362,DDoS,1,0.009763,0.262934,KNOWN
BoT-IoT,test,2363,DoS,1,0.034297,0.262934,KNOWN
BoT-IoT,test,2364,DDoS,1,0.272085,0.262934,ZERO_DAY
BoT-IoT,test,2365,DoS,1,0.098964,0.262934,KNOWN
BoT-IoT,test,2366,DDoS,1,0.16855,0.262934,KNOWN
BoT-IoT,test,2367,DDoS,1,0.103516,0.262934,KNOWN
BoT-IoT,test,2368,DDoS,1,0.074925,0.262934,KNOWN
BoT-IoT,test,2369,DDoS,1,0.022202,0.262934,KNOWN
BoT-IoT,test,2370,DDoS,1,0.01785,0.262934,KNOWN
BoT-IoT,test,2371,DoS,1,0.069583,0.262934,KNOWN
BoT-IoT,test,2372,Reconnaissance,1,0.015835,0.262934,KNOWN
BoT-IoT,test,2373,DDoS,1,0.092501,0.262934,KNOWN
BoT-IoT,test,2374,DoS,1,0.036516,0.262934,KNOWN
BoT-IoT,test,2375,DDoS,1,0.108239,0.262934,KNOWN
BoT-IoT,test,2376,DDoS,1,0.006919,0.262934,KNOWN
BoT-IoT,test,2377,DDoS,1,0.087761,0.262934,KNOWN
BoT-IoT,test,2378,DoS,1,0.061874,0.262934,KNOWN
BoT-IoT,test,2379,DoS,1,0.019386,0.262934,KNOWN
BoT-IoT,test,2380,DoS,1,0.120349,0.262934,KNOWN
BoT-IoT,test,2381,DDoS,1,0.092185,0.262934,KNOWN
BoT-IoT,test,2382,DDoS,1,0.049006,0.262934,KNOWN
BoT-IoT,test,2383,Normal,1,0.010101,0.262934,KNOWN
BoT-IoT,test,2384,DDoS,1,0.129754,0.262934,KNOWN
BoT-IoT,test,2385,DDoS,1,0.074113,0.262934,KNOWN
BoT-IoT,test,2386,DDoS,1,0.052212,0.262934,KNOWN
BoT-IoT,test,2387,DoS,1,0.134489,0.262934,KNOWN
BoT-IoT,test,2388,DDoS,1,0.171616,0.262934,KNOWN
BoT-IoT,test,2389,DDoS,1,0.050132,0.262934,KNOWN
BoT-IoT,test,2390,DoS,1,0.126618,0.262934,KNOWN
BoT-IoT,test,2391,DDoS,1,0.016756,0.262934,KNOWN
BoT-IoT,test,2392,DDoS,1,0.276596,0.262934,ZERO_DAY
BoT-IoT,test,2393,DoS,1,0.185499,0.262934,KNOWN
BoT-IoT,test,2394,DoS,1,0.078008,0.262934,KNOWN
BoT-IoT,test,2395,DoS,1,0.061702,0.262934,KNOWN
BoT-IoT,test,2396,DoS,1,0.009532,0.262934,KNOWN
BoT-IoT,test,2397,DDoS,1,0.073697,0.262934,KNOWN
BoT-IoT,test,2398,DDoS,1,0.080744,0.262934,KNOWN
BoT-IoT,test,2399,DDoS,1,0.0304,0.262934,KNOWN
BoT-IoT,test,2400,DDoS,1,0.091669,0.262934,KNOWN
BoT-IoT,test,2401,DoS,1,0.085931,0.262934,KNOWN
BoT-IoT,test,2402,DDoS,1,0.01903,0.262934,KNOWN
BoT-IoT,test,2403,DoS,1,0.178928,0.262934,KNOWN
BoT-IoT,test,2404,DDoS,1,0.040217,0.262934,KNOWN
BoT-IoT,test,2405,DDoS,1,0.054619,0.262934,KNOWN
BoT-IoT,test,2406,DDoS,1,0.155869,0.262934,KNOWN
BoT-IoT,test,2407,DDoS,1,0.196523,0.262934,KNOWN
BoT-IoT,test,2408,DoS,1,0.015315,0.262934,KNOWN
BoT-IoT,test,2409,Normal,1,0.160848,0.262934,KNOWN
BoT-IoT,test,2410,DoS,1,0.219951,0.262934,KNOWN
BoT-IoT,test,2411,DDoS,1,0.065871,0.262934,KNOWN
BoT-IoT,test,2412,DDoS,1,0.254938,0.262934,KNOWN
BoT-IoT,test,2413,DoS,1,0.017008,0.262934,KNOWN
BoT-IoT,test,2414,DDoS,1,0.00923,0.262934,KNOWN
BoT-IoT,test,2415,DDoS,1,0.192878,0.262934,KNOWN
BoT-IoT,test,2416,DoS,1,0.220334,0.262934,KNOWN
BoT-IoT,test,2417,DoS,1,0.023765,0.262934,KNOWN
BoT-IoT,test,2418,DoS,1,0.088461,0.262934,KNOWN
BoT-IoT,test,2419,DDoS,1,0.149278,0.262934,KNOWN
BoT-IoT,test,2420,DoS,1,0.093904,0.262934,KNOWN
BoT-IoT,test,2421,DoS,1,0.070949,0.262934,KNOWN
BoT-IoT,test,2422,DoS,1,0.176527,0.262934,KNOWN
BoT-IoT,test,2423,DoS,1,0.127825,0.262934,KNOWN
BoT-IoT,test,2424,DDoS,1,0.044171,0.262934,KNOWN
BoT-IoT,test,2425,DDoS,1,0.099907,0.262934,KNOWN
BoT-IoT,test,2426,DDoS,1,0.265408,0.262934,ZERO_DAY
BoT-IoT,test,2427,DDoS,1,0.174554,0.262934,KNOWN
BoT-IoT,test,2428,DoS,1,0.112535,0.262934,KNOWN
BoT-IoT,test,2429,DDoS,1,0.211706,0.262934,KNOWN
BoT-IoT,test,2430,DDoS,1,0.035561,0.262934,KNOWN
BoT-IoT,test,2431,DDoS,1,0.275568,0.262934,ZERO_DAY
BoT-IoT,test,2432,Normal,1,0.026534,0.262934,KNOWN
BoT-IoT,test,2433,DDoS,1,0.037369,0.262934,KNOWN
BoT-IoT,test,2434,Normal,1,0.085049,0.262934,KNOWN
BoT-IoT,test,2435,DoS,1,0.129244,0.262934,KNOWN
BoT-IoT,test,2436,DDoS,1,0.056737,0.262934,KNOWN
BoT-IoT,test,2437,DDoS,1,0.312807,0.262934,ZERO_DAY
BoT-IoT,test,2438,DoS,1,0.004457,0.262934,KNOWN
BoT-IoT,test,2439,DDoS,1,0.145209,0.262934,KNOWN
BoT-IoT,test,2440,DoS,1,0.054243,0.262934,KNOWN
BoT-IoT,test,2441,DDoS,1,0.007768,0.262934,KNOWN
BoT-IoT,test,2442,DoS,1,0.127521,0.262934,KNOWN
BoT-IoT,test,2443,DoS,1,0.036743,0.262934,KNOWN
BoT-IoT,test,2444,DoS,1,0.060282,0.262934,KNOWN
BoT-IoT,test,2445,DoS,1,0.048664,0.262934,KNOWN
BoT-IoT,test,2446,DDoS,1,0.197357,0.262934,KNOWN
BoT-IoT,test,2447,DoS,1,0.027365,0.262934,KNOWN
BoT-IoT,test,2448,DDoS,1,0.106296,0.262934,KNOWN
BoT-IoT,test,2449,DDoS,1,0.024559,0.262934,KNOWN
BoT-IoT,test,2450,DDoS,1,0.072656,0.262934,KNOWN
BoT-IoT,test,2451,DDoS,1,0.165915,0.262934,KNOWN
BoT-IoT,test,2452,Reconnaissance,1,0.353104,0.262934,ZERO_DAY
BoT-IoT,test,2453,DoS,1,0.143784,0.262934,KNOWN
BoT-IoT,test,2454,DDoS,1,0.036043,0.262934,KNOWN
BoT-IoT,test,2455,DoS,1,0.205122,0.262934,KNOWN
BoT-IoT,test,2456,DoS,1,0.048897,0.262934,KNOWN
BoT-IoT,test,2457,DoS,1,0.138056,0.262934,KNOWN
BoT-IoT,test,2458,DoS,1,0.046281,0.262934,KNOWN
BoT-IoT,test,2459,Reconnaissance,1,0.080562,0.262934,KNOWN
BoT-IoT,test,2460,DoS,1,0.059962,0.262934,KNOWN
BoT-IoT,test,2461,DDoS,1,0.011999,0.262934,KNOWN
BoT-IoT,test,2462,DDoS,1,0.020305,0.262934,KNOWN
BoT-IoT,test,2463,DDoS,1,0.155603,0.262934,KNOWN
BoT-IoT,test,2464,DDoS,1,0.052057,0.262934,KNOWN
BoT-IoT,test,2465,Reconnaissance,1,0.214017,0.262934,KNOWN
BoT-IoT,test,2466,Reconnaissance,1,0.037756,0.262934,KNOWN
BoT-IoT,test,2467,DoS,1,0.200909,0.262934,KNOWN
BoT-IoT,test,2468,DDoS,1,0.036233,0.262934,KNOWN
BoT-IoT,test,2469,DoS,1,0.108741,0.262934,KNOWN
BoT-IoT,test,2470,DoS,1,0.039751,0.262934,KNOWN
BoT-IoT,test,2471,DDoS,1,0.006998,0.262934,KNOWN
BoT-IoT,test,2472,DDoS,1,0.052908,0.262934,KNOWN
BoT-IoT,test,2473,DDoS,1,0.1058,0.262934,KNOWN
BoT-IoT,test,2474,DDoS,1,0.05052,0.262934,KNOWN
BoT-IoT,test,2475,DDoS,1,0.12769,0.262934,KNOWN
BoT-IoT,test,2476,DDoS,1,0.227949,0.262934,KNOWN
BoT-IoT,test,2477,DoS,1,0.063468,0.262934,KNOWN
BoT-IoT,test,2478,DDoS,1,0.015812,0.262934,KNOWN
BoT-IoT,test,2479,DoS,1,0.133606,0.262934,KNOWN
BoT-IoT,test,2480,DoS,1,0.048538,0.262934,KNOWN
BoT-IoT,test,2481,DDoS,1,0.013704,0.262934,KNOWN
BoT-IoT,test,2482,DoS,1,0.052473,0.262934,KNOWN
BoT-IoT,test,2483,DDoS,1,0.149606,0.262934,KNOWN
BoT-IoT,test,2484,DDoS,1,0.039455,0.262934,KNOWN
BoT-IoT,test,2485,DoS,1,0.178602,0.262934,KNOWN
BoT-IoT,test,2486,DDoS,1,0.206528,0.262934,KNOWN
BoT-IoT,test,2487,DoS,1,0.165433,0.262934,KNOWN
BoT-IoT,test,2488,DoS,1,0.103596,0.262934,KNOWN
BoT-IoT,test,2489,DoS,1,0.132634,0.262934,KNOWN
BoT-IoT,test,2490,DDoS,1,0.427724,0.262934,ZERO_DAY
BoT-IoT,test,2491,DDoS,1,0.010575,0.262934,KNOWN
BoT-IoT,test,2492,DoS,1,0.164618,0.262934,KNOWN
BoT-IoT,test,2493,DoS,1,0.101519,0.262934,KNOWN
BoT-IoT,test,2494,DDoS,1,0.038605,0.262934,KNOWN
BoT-IoT,test,2495,DoS,1,0.113296,0.262934,KNOWN
BoT-IoT,test,2496,DDoS,1,0.012813,0.262934,KNOWN
BoT-IoT,test,2497,DoS,1,0.08348,0.262934,KNOWN
BoT-IoT,test,2498,DoS,1,0.041058,0.262934,KNOWN
BoT-IoT,test,2499,DoS,1,0.06199,0.262934,KNOWN
BoT-IoT,test,2500,DoS,1,0.269181,0.262934,ZERO_DAY
BoT-IoT,test,2501,DDoS,1,0.036987,0.262934,KNOWN
BoT-IoT,test,2502,DDoS,1,0.141417,0.262934,KNOWN
BoT-IoT,test,2503,DoS,1,0.070657,0.262934,KNOWN
BoT-IoT,test,2504,DDoS,1,0.07557,0.262934,KNOWN
BoT-IoT,test,2505,DDoS,1,0.105254,0.262934,KNOWN
BoT-IoT,test,2506,DDoS,1,0.067033,0.262934,KNOWN
BoT-IoT,test,2507,DDoS,1,0.142366,0.262934,KNOWN
BoT-IoT,test,2508,DDoS,1,0.071131,0.262934,KNOWN
BoT-IoT,test,2509,DoS,1,0.09152,0.262934,KNOWN
BoT-IoT,test,2510,DoS,1,0.022275,0.262934,KNOWN
BoT-IoT,test,2511,DDoS,1,0.04066,0.262934,KNOWN
BoT-IoT,test,2512,DDoS,1,0.134633,0.262934,KNOWN
BoT-IoT,test,2513,DoS,1,0.01493,0.262934,KNOWN
BoT-IoT,test,2514,DoS,1,0.156919,0.262934,KNOWN
BoT-IoT,test,2515,DDoS,1,0.139232,0.262934,KNOWN
BoT-IoT,test,2516,DoS,1,0.041577,0.262934,KNOWN
BoT-IoT,test,2517,DDoS,1,0.072646,0.262934,KNOWN
BoT-IoT,test,2518,DDoS,1,0.066855,0.262934,KNOWN
BoT-IoT,test,2519,DoS,1,0.041354,0.262934,KNOWN
BoT-IoT,test,2520,Normal,1,0.067473,0.262934,KNOWN
BoT-IoT,test,2521,DoS,1,0.155941,0.262934,KNOWN
BoT-IoT,test,2522,DDoS,1,0.029286,0.262934,KNOWN
BoT-IoT,test,2523,DDoS,1,0.068246,0.262934,KNOWN
BoT-IoT,test,2524,DDoS,1,0.075637,0.262934,KNOWN
BoT-IoT,test,2525,DDoS,1,0.008069,0.262934,KNOWN
BoT-IoT,test,2526,DoS,1,0.144969,0.262934,KNOWN
BoT-IoT,test,2527,DoS,1,0.063297,0.262934,KNOWN
BoT-IoT,test,2528,DoS,1,0.070836,0.262934,KNOWN
BoT-IoT,test,2529,DoS,1,0.166348,0.262934,KNOWN
BoT-IoT,test,2530,DoS,1,0.006281,0.262934,KNOWN
BoT-IoT,test,2531,DoS,1,0.041727,0.262934,KNOWN
BoT-IoT,test,2532,DoS,1,0.005902,0.262934,KNOWN
BoT-IoT,test,2533,DoS,1,0.101806,0.262934,KNOWN
BoT-IoT,test,2534,DoS,1,0.136225,0.262934,KNOWN
BoT-IoT,test,2535,DDoS,1,0.016945,0.262934,KNOWN
BoT-IoT,test,2536,DDoS,1,0.046284,0.262934,KNOWN
BoT-IoT,test,2537,Normal,1,0.043238,0.262934,KNOWN
BoT-IoT,test,2538,DDoS,1,0.050985,0.262934,KNOWN
BoT-IoT,test,2539,DDoS,1,0.002729,0.262934,KNOWN
BoT-IoT,test,2540,DoS,1,0.094294,0.262934,KNOWN
BoT-IoT,test,2541,DDoS,1,0.180224,0.262934,KNOWN
BoT-IoT,test,2542,DDoS,1,0.348594,0.262934,ZERO_DAY
BoT-IoT,test,2543,DoS,1,0.215902,0.262934,KNOWN
BoT-IoT,test,2544,DoS,1,0.007221,0.262934,KNOWN
BoT-IoT,test,2545,DoS,1,0.020579,0.262934,KNOWN
BoT-IoT,test,2546,DDoS,1,0.036828,0.262934,KNOWN
BoT-IoT,test,2547,DDoS,1,0.066254,0.262934,KNOWN
BoT-IoT,test,2548,DDoS,1,0.105001,0.262934,KNOWN
BoT-IoT,test,2549,DDoS,1,0.163382,0.262934,KNOWN
BoT-IoT,test,2550,DDoS,1,0.238653,0.262934,KNOWN
BoT-IoT,test,2551,DDoS,1,0.100768,0.262934,KNOWN
BoT-IoT,test,2552,DoS,1,0.186073,0.262934,KNOWN
BoT-IoT,test,2553,DoS,1,0.121798,0.262934,KNOWN
BoT-IoT,test,2554,DoS,1,0.150886,0.262934,KNOWN
BoT-IoT,test,2555,DoS,1,0.022097,0.262934,KNOWN
BoT-IoT,test,2556,DoS,1,0.111829,0.262934,KNOWN
BoT-IoT,test,2557,DoS,1,0.013044,0.262934,KNOWN
BoT-IoT,test,2558,DoS,1,0.087603,0.262934,KNOWN
BoT-IoT,test,2559,DoS,1,0.029226,0.262934,KNOWN
BoT-IoT,test,2560,DoS,1,0.013097,0.262934,KNOWN
BoT-IoT,test,2561,DDoS,1,0.164363,0.262934,KNOWN
BoT-IoT,test,2562,DoS,1,0.110529,0.262934,KNOWN
BoT-IoT,test,2563,DoS,1,0.096808,0.262934,KNOWN
BoT-IoT,test,2564,DDoS,1,0.048594,0.262934,KNOWN
BoT-IoT,test,2565,DDoS,1,0.216558,0.262934,KNOWN
BoT-IoT,test,2566,DDoS,1,0.075802,0.262934,KNOWN
BoT-IoT,test,2567,DoS,1,0.061515,0.262934,KNOWN
BoT-IoT,test,2568,DoS,1,0.243052,0.262934,KNOWN
BoT-IoT,test,2569,DDoS,1,0.210239,0.262934,KNOWN
BoT-IoT,test,2570,DoS,1,0.047172,0.262934,KNOWN
BoT-IoT,test,2571,DDoS,1,0.127412,0.262934,KNOWN
BoT-IoT,test,2572,DoS,1,0.029629,0.262934,KNOWN
BoT-IoT,test,2573,DoS,1,0.008072,0.262934,KNOWN
BoT-IoT,test,2574,DDoS,1,0.168768,0.262934,KNOWN
BoT-IoT,test,2575,DDoS,1,0.232408,0.262934,KNOWN
BoT-IoT,test,2576,Reconnaissance,1,0.058298,0.262934,KNOWN
BoT-IoT,test,2577,DDoS,1,0.059086,0.262934,KNOWN
BoT-IoT,test,2578,DoS,1,0.085737,0.262934,KNOWN
BoT-IoT,test,2579,DoS,1,0.060941,0.262934,KNOWN
BoT-IoT,test,2580,DDoS,1,0.281647,0.262934,ZERO_DAY
BoT-IoT,test,2581,DoS,1,0.150468,0.262934,KNOWN
BoT-IoT,test,2582,DDoS,1,0.137173,0.262934,KNOWN
BoT-IoT,test,2583,DDoS,1,0.00768,0.262934,KNOWN
BoT-IoT,test,2584,DoS,1,0.000974,0.262934,KNOWN
BoT-IoT,test,2585,DoS,1,0.150886,0.262934,KNOWN
BoT-IoT,test,2586,DDoS,1,0.057511,0.262934,KNOWN
BoT-IoT,test,2587,DDoS,1,0.11052,0.262934,KNOWN
BoT-IoT,test,2588,DDoS,1,0.055231,0.262934,KNOWN
BoT-IoT,test,2589,DDoS,1,0.213394,0.262934,KNOWN
BoT-IoT,test,2590,DoS,1,0.098631,0.262934,KNOWN
BoT-IoT,test,2591,DoS,1,0.024159,0.262934,KNOWN
BoT-IoT,test,2592,DDoS,1,0.081554,0.262934,KNOWN
BoT-IoT,test,2593,DoS,1,0.02289,0.262934,KNOWN
BoT-IoT,test,2594,DDoS,1,0.0177,0.262934,KNOWN
BoT-IoT,test,2595,DoS,1,0.19394,0.262934,KNOWN
BoT-IoT,test,2596,DDoS,1,0.067626,0.262934,KNOWN
BoT-IoT,test,2597,DDoS,1,0.15463,0.262934,KNOWN
BoT-IoT,test,2598,DoS,1,0.041034,0.262934,KNOWN
BoT-IoT,test,2599,DDoS,1,0.129685,0.262934,KNOWN
BoT-IoT,test,2600,DoS,1,0.096874,0.262934,KNOWN
BoT-IoT,test,2601,DDoS,1,0.10162,0.262934,KNOWN
BoT-IoT,test,2602,DoS,1,0.058127,0.262934,KNOWN
BoT-IoT,test,2603,DoS,1,0.120876,0.262934,KNOWN
BoT-IoT,test,2604,DoS,1,0.078555,0.262934,KNOWN
BoT-IoT,test,2605,DDoS,1,0.03019,0.262934,KNOWN
BoT-IoT,test,2606,DoS,1,0.019814,0.262934,KNOWN
BoT-IoT,test,2607,DoS,1,0.093292,0.262934,KNOWN
BoT-IoT,test,2608,DDoS,1,0.045893,0.262934,KNOWN
BoT-IoT,test,2609,DoS,1,0.16067,0.262934,KNOWN
BoT-IoT,test,2610,DoS,1,0.125763,0.262934,KNOWN
BoT-IoT,test,2611,DDoS,1,0.224508,0.262934,KNOWN
BoT-IoT,test,2612,DoS,1,0.046709,0.262934,KNOWN
BoT-IoT,test,2613,DDoS,1,0.156392,0.262934,KNOWN
BoT-IoT,test,2614,DoS,1,0.18735,0.262934,KNOWN
BoT-IoT,test,2615,DDoS,1,0.017087,0.262934,KNOWN
BoT-IoT,test,2616,DDoS,1,0.057609,0.262934,KNOWN
BoT-IoT,test,2617,DoS,1,0.089493,0.262934,KNOWN
BoT-IoT,test,2618,DoS,1,0.102956,0.262934,KNOWN
BoT-IoT,test,2619,DoS,1,0.29253,0.262934,ZERO_DAY
BoT-IoT,test,2620,Normal,1,0.041129,0.262934,KNOWN
BoT-IoT,test,2621,DDoS,1,0.003781,0.262934,KNOWN
BoT-IoT,test,2622,DoS,1,0.012723,0.262934,KNOWN
BoT-IoT,test,2623,DDoS,1,0.014275,0.262934,KNOWN
BoT-IoT,test,2624,DoS,1,0.204837,0.262934,KNOWN
BoT-IoT,test,2625,Normal,1,0.136332,0.262934,KNOWN
BoT-IoT,test,2626,DoS,1,0.016888,0.262934,KNOWN
BoT-IoT,test,2627,DDoS,1,0.007216,0.262934,KNOWN
BoT-IoT,test,2628,DoS,1,0.161858,0.262934,KNOWN
BoT-IoT,test,2629,DDoS,1,0.220532,0.262934,KNOWN
BoT-IoT,test,2630,DoS,1,0.166055,0.262934,KNOWN
BoT-IoT,test,2631,DoS,1,0.187439,0.262934,KNOWN
BoT-IoT,test,2632,DoS,1,0.143181,0.262934,KNOWN
BoT-IoT,test,2633,DoS,1,0.198513,0.262934,KNOWN
BoT-IoT,test,2634,DoS,1,0.079857,0.262934,KNOWN
BoT-IoT,test,2635,DDoS,1,0.029356,0.262934,KNOWN
BoT-IoT,test,2636,DDoS,1,0.206772,0.262934,KNOWN
BoT-IoT,test,2637,DoS,1,0.035172,0.262934,KNOWN
BoT-IoT,test,2638,DoS,1,0.088364,0.262934,KNOWN
BoT-IoT,test,2639,DoS,1,0.112722,0.262934,KNOWN
BoT-IoT,test,2640,DDoS,1,0.055102,0.262934,KNOWN
BoT-IoT,test,2641,DoS,1,0.125956,0.262934,KNOWN
BoT-IoT,test,2642,DDoS,1,0.239115,0.262934,KNOWN
BoT-IoT,test,2643,DoS,1,0.006646,0.262934,KNOWN
BoT-IoT,test,2644,DDoS,1,0.084799,0.262934,KNOWN
BoT-IoT,test,2645,DDoS,1,0.15258,0.262934,KNOWN
BoT-IoT,test,2646,DDoS,1,0.061254,0.262934,KNOWN
BoT-IoT,test,2647,DoS,1,0.07843,0.262934,KNOWN
BoT-IoT,test,2648,DDoS,1,0.121554,0.262934,KNOWN
BoT-IoT,test,2649,Normal,1,0.157415,0.262934,KNOWN
BoT-IoT,test,2650,Normal,1,0.244094,0.262934,KNOWN
BoT-IoT,test,2651,DDoS,1,0.07458,0.262934,KNOWN
BoT-IoT,test,2652,DDoS,1,0.127963,0.262934,KNOWN
BoT-IoT,test,2653,DoS,1,0.219611,0.262934,KNOWN
BoT-IoT,test,2654,DDoS,1,0.120601,0.262934,KNOWN
BoT-IoT,test,2655,DDoS,1,0.046086,0.262934,KNOWN
BoT-IoT,test,2656,DoS,1,0.09198,0.262934,KNOWN
BoT-IoT,test,2657,Reconnaissance,1,0.032383,0.262934,KNOWN
BoT-IoT,test,2658,DDoS,1,0.197668,0.262934,KNOWN
BoT-IoT,test,2659,DDoS,1,0.064072,0.262934,KNOWN
BoT-IoT,test,2660,DoS,1,0.091036,0.262934,KNOWN
BoT-IoT,test,2661,DDoS,1,0.108714,0.262934,KNOWN
BoT-IoT,test,2662,DoS,1,0.156845,0.262934,KNOWN
BoT-IoT,test,2663,DDoS,1,0.080352,0.262934,KNOWN
BoT-IoT,test,2664,DDoS,1,0.321549,0.262934,ZERO_DAY
BoT-IoT,test,2665,DoS,1,0.050037,0.262934,KNOWN
BoT-IoT,test,2666,DDoS,1,0.176468,0.262934,KNOWN
BoT-IoT,test,2667,DoS,1,0.146854,0.262934,KNOWN
BoT-IoT,test,2668,DoS,1,0.359622,0.262934,ZERO_DAY
BoT-IoT,test,2669,DDoS,1,0.176539,0.262934,KNOWN
BoT-IoT,test,2670,DoS,1,0.235133,0.262934,KNOWN
BoT-IoT,test,2671,DoS,1,0.179303,0.262934,KNOWN
BoT-IoT,test,2672,DoS,1,0.051752,0.262934,KNOWN
BoT-IoT,test,2673,DoS,1,0.032019,0.262934,KNOWN
BoT-IoT,test,2674,Reconnaissance,1,0.111616,0.262934,KNOWN
BoT-IoT,test,2675,DDoS,1,0.028732,0.262934,KNOWN
BoT-IoT,test,2676,DDoS,1,0.37293,0.262934,ZERO_DAY
BoT-IoT,test,2677,DDoS,1,0.055625,0.262934,KNOWN
BoT-IoT,test,2678,DDoS,1,0.049159,0.262934,KNOWN
BoT-IoT,test,2679,DoS,1,0.009019,0.262934,KNOWN
BoT-IoT,test,2680,DDoS,1,0.029778,0.262934,KNOWN
BoT-IoT,test,2681,DoS,1,0.060864,0.262934,KNOWN
BoT-IoT,test,2682,DoS,1,0.16807,0.262934,KNOWN
BoT-IoT,test,2683,DoS,1,0.041125,0.262934,KNOWN
BoT-IoT,test,2684,DDoS,1,0.171226,0.262934,KNOWN
BoT-IoT,test,2685,DDoS,1,0.307915,0.262934,ZERO_DAY
BoT-IoT,test,2686,DDoS,1,0.12335,0.262934,KNOWN
BoT-IoT,test,2687,DoS,1,0.211414,0.262934,KNOWN
BoT-IoT,test,2688,DoS,1,0.126554,0.262934,KNOWN
BoT-IoT,test,2689,DoS,1,0.152884,0.262934,KNOWN
BoT-IoT,test,2690,DDoS,1,0.158238,0.262934,KNOWN
BoT-IoT,test,2691,DDoS,1,0.118609,0.262934,KNOWN
BoT-IoT,test,2692,DDoS,1,0.092367,0.262934,KNOWN
BoT-IoT,test,2693,DDoS,1,0.358718,0.262934,ZERO_DAY
BoT-IoT,test,2694,DDoS,1,0.035958,0.262934,KNOWN
BoT-IoT,test,2695,DoS,1,0.126122,0.262934,KNOWN
BoT-IoT,test,2696,DDoS,1,0.002613,0.262934,KNOWN
BoT-IoT,test,2697,DoS,1,0.014196,0.262934,KNOWN
BoT-IoT,test,2698,DDoS,1,0.045055,0.262934,KNOWN
BoT-IoT,test,2699,DoS,1,0.220642,0.262934,KNOWN
BoT-IoT,test,2700,DDoS,1,0.072012,0.262934,KNOWN
BoT-IoT,test,2701,DoS,1,0.058422,0.262934,KNOWN
BoT-IoT,test,2702,DoS,1,0.089651,0.262934,KNOWN
BoT-IoT,test,2703,DDoS,1,0.038296,0.262934,KNOWN
BoT-IoT,test,2704,DDoS,1,0.58632,0.262934,ZERO_DAY
BoT-IoT,test,2705,DoS,1,0.078522,0.262934,KNOWN
BoT-IoT,test,2706,DoS,1,0.146208,0.262934,KNOWN
BoT-IoT,test,2707,DoS,1,0.089029,0.262934,KNOWN
BoT-IoT,test,2708,Reconnaissance,1,0.141402,0.262934,KNOWN
BoT-IoT,test,2709,DoS,1,0.055055,0.262934,KNOWN
BoT-IoT,test,2710,DoS,1,0.051822,0.262934,KNOWN
BoT-IoT,test,2711,DoS,1,0.032644,0.262934,KNOWN
BoT-IoT,test,2712,DDoS,1,0.089065,0.262934,KNOWN
BoT-IoT,test,2713,DDoS,1,0.060763,0.262934,KNOWN
BoT-IoT,test,2714,DDoS,1,0.165786,0.262934,KNOWN
BoT-IoT,test,2715,DoS,1,0.178666,0.262934,KNOWN
BoT-IoT,test,2716,DDoS,1,0.102337,0.262934,KNOWN
BoT-IoT,test,2717,DoS,1,0.014206,0.262934,KNOWN
BoT-IoT,test,2718,DDoS,1,0.009541,0.262934,KNOWN
BoT-IoT,test,2719,DoS,1,0.074677,0.262934,KNOWN
BoT-IoT,test,2720,DoS,1,0.024679,0.262934,KNOWN
BoT-IoT,test,2721,DDoS,1,0.049479,0.262934,KNOWN
BoT-IoT,test,2722,DDoS,1,0.155209,0.262934,KNOWN
BoT-IoT,test,2723,DoS,1,0.263474,0.262934,ZERO_DAY
BoT-IoT,test,2724,DoS,1,0.23896,0.262934,KNOWN
BoT-IoT,test,2725,DDoS,1,0.015517,0.262934,KNOWN
BoT-IoT,test,2726,DoS,1,0.211976,0.262934,KNOWN
BoT-IoT,test,2727,DDoS,1,0.28289,0.262934,ZERO_DAY
BoT-IoT,test,2728,DDoS,1,0.127383,0.262934,KNOWN
BoT-IoT,test,2729,DDoS,1,0.13631,0.262934,KNOWN
BoT-IoT,test,2730,DDoS,1,0.000571,0.262934,KNOWN
BoT-IoT,test,2731,DoS,1,0.068142,0.262934,KNOWN
BoT-IoT,test,2732,DDoS,1,0.035841,0.262934,KNOWN
BoT-IoT,test,2733,DDoS,1,0.021001,0.262934,KNOWN
BoT-IoT,test,2734,DDoS,1,0.020474,0.262934,KNOWN
BoT-IoT,test,2735,DDoS,1,0.169811,0.262934,KNOWN
BoT-IoT,test,2736,DDoS,1,0.093783,0.262934,KNOWN
BoT-IoT,test,2737,DDoS,1,0.037899,0.262934,KNOWN
BoT-IoT,test,2738,DoS,1,0.041435,0.262934,KNOWN
BoT-IoT,test,2739,DoS,1,0.024425,0.262934,KNOWN
BoT-IoT,test,2740,DDoS,1,0.013431,0.262934,KNOWN
BoT-IoT,test,2741,DDoS,1,0.110124,0.262934,KNOWN
BoT-IoT,test,2742,DoS,1,0.216335,0.262934,KNOWN
BoT-IoT,test,2743,DDoS,1,0.215071,0.262934,KNOWN
BoT-IoT,test,2744,DDoS,1,0.146313,0.262934,KNOWN
BoT-IoT,test,2745,DoS,1,0.150187,0.262934,KNOWN
BoT-IoT,test,2746,DoS,1,0.011284,0.262934,KNOWN
BoT-IoT,test,2747,DDoS,1,0.105031,0.262934,KNOWN
BoT-IoT,test,2748,DoS,1,0.119482,0.262934,KNOWN
BoT-IoT,test,2749,DoS,1,0.171842,0.262934,KNOWN
BoT-IoT,test,2750,DoS,1,0.029906,0.262934,KNOWN
BoT-IoT,test,2751,DDoS,1,0.035653,0.262934,KNOWN
BoT-IoT,test,2752,DDoS,1,0.007399,0.262934,KNOWN
BoT-IoT,test,2753,DoS,1,0.041039,0.262934,KNOWN
BoT-IoT,test,2754,DDoS,1,0.043802,0.262934,KNOWN
BoT-IoT,test,2755,DDoS,1,0.011118,0.262934,KNOWN
BoT-IoT,test,2756,DoS,1,0.15923,0.262934,KNOWN
BoT-IoT,test,2757,DDoS,1,0.062271,0.262934,KNOWN
BoT-IoT,test,2758,DoS,1,0.206482,0.262934,KNOWN
BoT-IoT,test,2759,DDoS,1,0.033549,0.262934,KNOWN
BoT-IoT,test,2760,DDoS,1,0.20124,0.262934,KNOWN
BoT-IoT,test,2761,DDoS,1,0.046575,0.262934,KNOWN
BoT-IoT,test,2762,DoS,1,0.180015,0.262934,KNOWN
BoT-IoT,test,2763,DoS,1,0.079479,0.262934,KNOWN
BoT-IoT,test,2764,DDoS,1,0.129412,0.262934,KNOWN
BoT-IoT,test,2765,DDoS,1,0.064542,0.262934,KNOWN
BoT-IoT,test,2766,Normal,1,0.055723,0.262934,KNOWN
BoT-IoT,test,2767,DoS,1,0.160659,0.262934,KNOWN
BoT-IoT,test,2768,DoS,1,0.003129,0.262934,KNOWN
BoT-IoT,test,2769,DoS,1,0.012939,0.262934,KNOWN
BoT-IoT,test,2770,DDoS,1,0.018143,0.262934,KNOWN
BoT-IoT,test,2771,DDoS,1,0.014287,0.262934,KNOWN
BoT-IoT,test,2772,DDoS,1,0.086587,0.262934,KNOWN
BoT-IoT,test,2773,DDoS,1,0.034803,0.262934,KNOWN
BoT-IoT,test,2774,DDoS,1,0.070503,0.262934,KNOWN
BoT-IoT,test,2775,DoS,1,0.092753,0.262934,KNOWN
BoT-IoT,test,2776,DDoS,1,0.103923,0.262934,KNOWN
BoT-IoT,test,2777,DDoS,1,0.017347,0.262934,KNOWN
BoT-IoT,test,2778,DoS,1,0.017576,0.262934,KNOWN
BoT-IoT,test,2779,DoS,1,0.004781,0.262934,KNOWN
BoT-IoT,test,2780,DoS,1,0.046931,0.262934,KNOWN
BoT-IoT,test,2781,DoS,1,0.157351,0.262934,KNOWN
BoT-IoT,test,2782,DoS,1,0.019358,0.262934,KNOWN
BoT-IoT,test,2783,DDoS,1,0.056263,0.262934,KNOWN
BoT-IoT,test,2784,DoS,1,0.163898,0.262934,KNOWN
BoT-IoT,test,2785,DDoS,1,0.045699,0.262934,KNOWN
BoT-IoT,test,2786,DoS,1,0.3099,0.262934,ZERO_DAY
BoT-IoT,test,2787,Reconnaissance,1,0.049289,0.262934,KNOWN
BoT-IoT,test,2788,DDoS,1,0.084629,0.262934,KNOWN
BoT-IoT,test,2789,DDoS,1,0.116709,0.262934,KNOWN
BoT-IoT,test,2790,DDoS,1,0.086907,0.262934,KNOWN
BoT-IoT,test,2791,DDoS,1,0.105706,0.262934,KNOWN
BoT-IoT,test,2792,DoS,1,0.022565,0.262934,KNOWN
BoT-IoT,test,2793,DDoS,1,0.070036,0.262934,KNOWN
BoT-IoT,test,2794,DoS,1,0.051936,0.262934,KNOWN
BoT-IoT,test,2795,DDoS,1,0.019,0.262934,KNOWN
BoT-IoT,test,2796,DoS,1,0.032373,0.262934,KNOWN
BoT-IoT,test,2797,DoS,1,0.085012,0.262934,KNOWN
BoT-IoT,test,2798,DDoS,1,0.076948,0.262934,KNOWN
BoT-IoT,test,2799,DDoS,1,0.047117,0.262934,KNOWN
BoT-IoT,test,2800,DoS,1,0.074334,0.262934,KNOWN
BoT-IoT,test,2801,DoS,1,0.090737,0.262934,KNOWN
BoT-IoT,test,2802,DDoS,1,0.043482,0.262934,KNOWN
BoT-IoT,test,2803,DDoS,1,0.184545,0.262934,KNOWN
BoT-IoT,test,2804,DDoS,1,0.255769,0.262934,KNOWN
BoT-IoT,test,2805,DDoS,1,0.00632,0.262934,KNOWN
BoT-IoT,test,2806,DoS,1,0.074081,0.262934,KNOWN
BoT-IoT,test,2807,DoS,1,0.049958,0.262934,KNOWN
BoT-IoT,test,2808,DDoS,1,0.32973,0.262934,ZERO_DAY
BoT-IoT,test,2809,DoS,1,0.030202,0.262934,KNOWN
BoT-IoT,test,2810,DDoS,1,0.035187,0.262934,KNOWN
BoT-IoT,test,2811,DoS,1,0.15705,0.262934,KNOWN
BoT-IoT,test,2812,DDoS,1,0.132176,0.262934,KNOWN
BoT-IoT,test,2813,DoS,1,0.049933,0.262934,KNOWN
BoT-IoT,test,2814,DDoS,1,0.09908,0.262934,KNOWN
BoT-IoT,test,2815,DoS,1,0.050713,0.262934,KNOWN
BoT-IoT,test,2816,DoS,1,0.13262,0.262934,KNOWN
BoT-IoT,test,2817,DDoS,1,0.010998,0.262934,KNOWN
BoT-IoT,test,2818,DoS,1,0.187826,0.262934,KNOWN
BoT-IoT,test,2819,DoS,1,0.11349,0.262934,KNOWN
BoT-IoT,test,2820,DoS,1,0.084443,0.262934,KNOWN
BoT-IoT,test,2821,DoS,1,0.064171,0.262934,KNOWN
BoT-IoT,test,2822,DDoS,1,0.295319,0.262934,ZERO_DAY
BoT-IoT,test,2823,DDoS,1,0.030649,0.262934,KNOWN
BoT-IoT,test,2824,DDoS,1,0.172438,0.262934,KNOWN
BoT-IoT,test,2825,DDoS,1,0.226759,0.262934,KNOWN
BoT-IoT,test,2826,DoS,1,0.034479,0.262934,KNOWN
BoT-IoT,test,2827,DDoS,1,0.341546,0.262934,ZERO_DAY
BoT-IoT,test,2828,DDoS,1,0.063971,0.262934,KNOWN
BoT-IoT,test,2829,DDoS,1,0.009411,0.262934,KNOWN
BoT-IoT,test,2830,DoS,1,0.033888,0.262934,KNOWN
BoT-IoT,test,2831,DoS,1,0.007802,0.262934,KNOWN
BoT-IoT,test,2832,Normal,1,0.046448,0.262934,KNOWN
BoT-IoT,test,2833,DDoS,1,0.254923,0.262934,KNOWN
BoT-IoT,test,2834,DoS,1,0.079211,0.262934,KNOWN
BoT-IoT,test,2835,DDoS,1,0.03366,0.262934,KNOWN
BoT-IoT,test,2836,DoS,1,0.008252,0.262934,KNOWN
BoT-IoT,test,2837,DDoS,1,0.202725,0.262934,KNOWN
BoT-IoT,test,2838,DoS,1,0.053482,0.262934,KNOWN
BoT-IoT,test,2839,DoS,1,0.025776,0.262934,KNOWN
BoT-IoT,test,2840,DDoS,1,0.043492,0.262934,KNOWN
BoT-IoT,test,2841,DoS,1,0.220718,0.262934,KNOWN
BoT-IoT,test,2842,DDoS,1,0.205208,0.262934,KNOWN
BoT-IoT,test,2843,DoS,1,0.046398,0.262934,KNOWN
BoT-IoT,test,2844,DDoS,1,0.032474,0.262934,KNOWN
BoT-IoT,test,2845,DDoS,1,0.079757,0.262934,KNOWN
BoT-IoT,test,2846,DoS,1,0.178227,0.262934,KNOWN
BoT-IoT,test,2847,Normal,1,0.248336,0.262934,KNOWN
BoT-IoT,test,2848,DDoS,1,0.123334,0.262934,KNOWN
BoT-IoT,test,2849,DoS,1,0.053855,0.262934,KNOWN
BoT-IoT,test,2850,DDoS,1,0.020463,0.262934,KNOWN
BoT-IoT,test,2851,DoS,1,0.08369,0.262934,KNOWN
BoT-IoT,test,2852,DoS,1,0.19454,0.262934,KNOWN
BoT-IoT,test,2853,DoS,1,0.055078,0.262934,KNOWN
BoT-IoT,test,2854,DoS,1,0.005196,0.262934,KNOWN
BoT-IoT,test,2855,DoS,1,0.017359,0.262934,KNOWN
BoT-IoT,test,2856,DoS,1,0.044935,0.262934,KNOWN
BoT-IoT,test,2857,DoS,1,0.041679,0.262934,KNOWN
BoT-IoT,test,2858,DoS,1,0.035611,0.262934,KNOWN
BoT-IoT,test,2859,DoS,1,0.090623,0.262934,KNOWN
BoT-IoT,test,2860,DoS,1,0.094321,0.262934,KNOWN
BoT-IoT,test,2861,DDoS,1,0.133503,0.262934,KNOWN
BoT-IoT,test,2862,DoS,1,0.110957,0.262934,KNOWN
BoT-IoT,test,2863,DDoS,1,0.076087,0.262934,KNOWN
BoT-IoT,test,2864,DDoS,1,0.014955,0.262934,KNOWN
BoT-IoT,test,2865,DoS,1,0.069887,0.262934,KNOWN
BoT-IoT,test,2866,DDoS,1,0.022533,0.262934,KNOWN
BoT-IoT,test,2867,DDoS,1,0.099413,0.262934,KNOWN
BoT-IoT,test,2868,DoS,1,0.026221,0.262934,KNOWN
BoT-IoT,test,2869,DoS,1,0.006405,0.262934,KNOWN
BoT-IoT,test,2870,DoS,1,0.033606,0.262934,KNOWN
BoT-IoT,test,2871,DoS,1,0.00964,0.262934,KNOWN
BoT-IoT,test,2872,DDoS,1,0.018055,0.262934,KNOWN
BoT-IoT,test,2873,DDoS,1,0.172956,0.262934,KNOWN
BoT-IoT,test,2874,DoS,1,0.112686,0.262934,KNOWN
BoT-IoT,test,2875,DDoS,1,0.212171,0.262934,KNOWN
BoT-IoT,test,2876,DoS,1,0.15814,0.262934,KNOWN
BoT-IoT,test,2877,DoS,1,0.060191,0.262934,KNOWN
BoT-IoT,test,2878,DoS,1,0.045194,0.262934,KNOWN
BoT-IoT,test,2879,DoS,1,0.002417,0.262934,KNOWN
BoT-IoT,test,2880,DDoS,1,0.148655,0.262934,KNOWN
BoT-IoT,test,2881,DoS,1,0.006356,0.262934,KNOWN
BoT-IoT,test,2882,DDoS,1,0.045471,0.262934,KNOWN
BoT-IoT,test,2883,DDoS,1,0.016893,0.262934,KNOWN
BoT-IoT,test,2884,DoS,1,0.128517,0.262934,KNOWN
BoT-IoT,test,2885,DoS,1,0.21925,0.262934,KNOWN
BoT-IoT,test,2886,DDoS,1,0.024871,0.262934,KNOWN
BoT-IoT,test,2887,DDoS,1,0.17404,0.262934,KNOWN
BoT-IoT,test,2888,DDoS,1,0.056558,0.262934,KNOWN
BoT-IoT,test,2889,DDoS,1,0.034654,0.262934,KNOWN
BoT-IoT,test,2890,DoS,1,0.158816,0.262934,KNOWN
BoT-IoT,test,2891,DDoS,1,0.033645,0.262934,KNOWN
BoT-IoT,test,2892,DDoS,1,0.074439,0.262934,KNOWN
BoT-IoT,test,2893,DDoS,1,0.032246,0.262934,KNOWN
BoT-IoT,test,2894,DoS,1,0.047398,0.262934,KNOWN
BoT-IoT,test,2895,DoS,1,0.107855,0.262934,KNOWN
BoT-IoT,test,2896,DDoS,1,0.005167,0.262934,KNOWN
BoT-IoT,test,2897,DoS,1,0.060051,0.262934,KNOWN
BoT-IoT,test,2898,DoS,1,0.126085,0.262934,KNOWN
BoT-IoT,test,2899,DDoS,1,0.092443,0.262934,KNOWN
BoT-IoT,test,2900,DoS,1,0.052133,0.262934,KNOWN
BoT-IoT,test,2901,DoS,1,0.318967,0.262934,ZERO_DAY
BoT-IoT,test,2902,DDoS,1,0.034827,0.262934,KNOWN
BoT-IoT,test,2903,DDoS,1,0.03441,0.262934,KNOWN
BoT-IoT,test,2904,DDoS,1,0.114515,0.262934,KNOWN
BoT-IoT,test,2905,DoS,1,0.192538,0.262934,KNOWN
BoT-IoT,test,2906,DDoS,1,0.199119,0.262934,KNOWN
BoT-IoT,test,2907,DoS,1,0.355912,0.262934,ZERO_DAY
BoT-IoT,test,2908,DDoS,1,0.085613,0.262934,KNOWN
BoT-IoT,test,2909,DoS,1,0.127582,0.262934,KNOWN
BoT-IoT,test,2910,DoS,1,0.001669,0.262934,KNOWN
BoT-IoT,test,2911,Normal,1,0.050665,0.262934,KNOWN
BoT-IoT,test,2912,DoS,1,0.199297,0.262934,KNOWN
BoT-IoT,test,2913,DoS,1,0.051584,0.262934,KNOWN
BoT-IoT,test,2914,DoS,1,0.033618,0.262934,KNOWN
BoT-IoT,test,2915,DDoS,1,0.031681,0.262934,KNOWN
BoT-IoT,test,2916,DoS,1,0.119778,0.262934,KNOWN
BoT-IoT,test,2917,DDoS,1,0.072951,0.262934,KNOWN
BoT-IoT,test,2918,DDoS,1,0.126322,0.262934,KNOWN
BoT-IoT,test,2919,DDoS,1,0.035868,0.262934,KNOWN
BoT-IoT,test,2920,DoS,1,0.029387,0.262934,KNOWN
BoT-IoT,test,2921,DoS,1,0.0445,0.262934,KNOWN
BoT-IoT,test,2922,DDoS,1,0.119942,0.262934,KNOWN
BoT-IoT,test,2923,DoS,1,0.231995,0.262934,KNOWN
BoT-IoT,test,2924,DDoS,1,0.085972,0.262934,KNOWN
BoT-IoT,test,2925,DDoS,1,0.333018,0.262934,ZERO_DAY
BoT-IoT,test,2926,DDoS,1,0.182619,0.262934,KNOWN
BoT-IoT,test,2927,Reconnaissance,1,0.02988,0.262934,KNOWN
BoT-IoT,test,2928,DDoS,1,0.039895,0.262934,KNOWN
BoT-IoT,test,2929,DoS,1,0.042802,0.262934,KNOWN
BoT-IoT,test,2930,DDoS,1,0.018836,0.262934,KNOWN
BoT-IoT,test,2931,DDoS,1,0.111561,0.262934,KNOWN
BoT-IoT,test,2932,DDoS,1,0.192233,0.262934,KNOWN
BoT-IoT,test,2933,DoS,1,0.009165,0.262934,KNOWN
BoT-IoT,test,2934,DDoS,1,0.031903,0.262934,KNOWN
BoT-IoT,test,2935,DDoS,1,0.126649,0.262934,KNOWN
BoT-IoT,test,2936,DoS,1,0.024297,0.262934,KNOWN
BoT-IoT,test,2937,DDoS,1,0.03488,0.262934,KNOWN
BoT-IoT,test,2938,DoS,1,0.05626,0.262934,KNOWN
BoT-IoT,test,2939,DoS,1,0.199025,0.262934,KNOWN
BoT-IoT,test,2940,DoS,1,0.114354,0.262934,KNOWN
BoT-IoT,test,2941,DDoS,1,0.025718,0.262934,KNOWN
BoT-IoT,test,2942,DoS,1,0.066061,0.262934,KNOWN
BoT-IoT,test,2943,DoS,1,0.10659,0.262934,KNOWN
BoT-IoT,test,2944,DoS,1,0.004678,0.262934,KNOWN
BoT-IoT,test,2945,DoS,1,0.47799,0.262934,ZERO_DAY
BoT-IoT,test,2946,DDoS,1,0.105277,0.262934,KNOWN
BoT-IoT,test,2947,DoS,1,0.179066,0.262934,KNOWN
BoT-IoT,test,2948,DDoS,1,0.067195,0.262934,KNOWN
BoT-IoT,test,2949,DDoS,1,0.059205,0.262934,KNOWN
BoT-IoT,test,2950,DDoS,1,0.029583,0.262934,KNOWN
BoT-IoT,test,2951,DoS,1,0.235017,0.262934,KNOWN
BoT-IoT,test,2952,DoS,1,0.170764,0.262934,KNOWN
BoT-IoT,test,2953,DDoS,1,0.056217,0.262934,KNOWN
BoT-IoT,test,2954,DoS,1,0.19118,0.262934,KNOWN
BoT-IoT,test,2955,DDoS,1,0.141547,0.262934,KNOWN
BoT-IoT,test,2956,Normal,1,0.125839,0.262934,KNOWN
BoT-IoT,test,2957,DoS,1,0.064841,0.262934,KNOWN
BoT-IoT,test,2958,DDoS,1,0.114081,0.262934,KNOWN
BoT-IoT,test,2959,DoS,1,0.195103,0.262934,KNOWN
BoT-IoT,test,2960,DoS,1,0.083122,0.262934,KNOWN
BoT-IoT,test,2961,DDoS,1,0.166796,0.262934,KNOWN
BoT-IoT,test,2962,DoS,1,0.226507,0.262934,KNOWN
BoT-IoT,test,2963,DDoS,1,0.006928,0.262934,KNOWN
BoT-IoT,test,2964,DoS,1,0.037212,0.262934,KNOWN
BoT-IoT,test,2965,DoS,1,0.324426,0.262934,ZERO_DAY
BoT-IoT,test,2966,DDoS,1,0.055552,0.262934,KNOWN
BoT-IoT,test,2967,DoS,1,0.136667,0.262934,KNOWN
BoT-IoT,test,2968,DDoS,1,0.163635,0.262934,KNOWN
BoT-IoT,test,2969,DDoS,1,0.170807,0.262934,KNOWN
BoT-IoT,test,2970,DDoS,1,0.035162,0.262934,KNOWN
BoT-IoT,test,2971,DDoS,1,0.1353,0.262934,KNOWN
BoT-IoT,test,2972,DDoS,1,0.068383,0.262934,KNOWN
BoT-IoT,test,2973,Normal,1,0.260947,0.262934,KNOWN
BoT-IoT,test,2974,DDoS,1,0.016198,0.262934,KNOWN
BoT-IoT,test,2975,Reconnaissance,1,0.112791,0.262934,KNOWN
BoT-IoT,test,2976,DDoS,1,0.016736,0.262934,KNOWN
BoT-IoT,test,2977,DDoS,1,0.149592,0.262934,KNOWN
BoT-IoT,test,2978,DoS,1,0.208042,0.262934,KNOWN
BoT-IoT,test,2979,DDoS,1,0.061245,0.262934,KNOWN
BoT-IoT,test,2980,DDoS,1,0.332709,0.262934,ZERO_DAY
BoT-IoT,test,2981,DoS,1,0.148419,0.262934,KNOWN
BoT-IoT,test,2982,DDoS,1,0.116713,0.262934,KNOWN
BoT-IoT,test,2983,DDoS,1,0.079256,0.262934,KNOWN
BoT-IoT,test,2984,DDoS,1,0.072183,0.262934,KNOWN
BoT-IoT,test,2985,DDoS,1,0.118246,0.262934,KNOWN
BoT-IoT,test,2986,DoS,1,0.142246,0.262934,KNOWN
BoT-IoT,test,2987,DDoS,1,0.194338,0.262934,KNOWN
BoT-IoT,test,2988,DDoS,1,0.310604,0.262934,ZERO_DAY
BoT-IoT,test,2989,DDoS,1,0.113657,0.262934,KNOWN
BoT-IoT,test,2990,DDoS,1,0.01929,0.262934,KNOWN
BoT-IoT,test,2991,DDoS,1,0.074804,0.262934,KNOWN
BoT-IoT,test,2992,DoS,1,0.084562,0.262934,KNOWN
BoT-IoT,test,2993,DoS,1,0.207772,0.262934,KNOWN
BoT-IoT,test,2994,DoS,1,0.032809,0.262934,KNOWN
BoT-IoT,test,2995,DDoS,1,0.140486,0.262934,KNOWN
BoT-IoT,test,2996,DoS,1,0.048585,0.262934,KNOWN
BoT-IoT,test,2997,DoS,1,0.175744,0.262934,KNOWN
BoT-IoT,test,2998,DDoS,1,0.040327,0.262934,KNOWN
BoT-IoT,test,2999,DDoS,1,0.015656,0.262934,KNOWN
BoT-IoT,test,3000,DDoS,1,0.120911,0.262934,KNOWN
BoT-IoT,test,3001,DDoS,1,0.113948,0.262934,KNOWN
BoT-IoT,test,3002,DoS,1,0.243357,0.262934,KNOWN
BoT-IoT,test,3003,Normal,1,0.006942,0.262934,KNOWN
BoT-IoT,test,3004,DoS,1,0.267351,0.262934,ZERO_DAY
BoT-IoT,test,3005,DDoS,1,0.054721,0.262934,KNOWN
BoT-IoT,test,3006,DoS,1,0.002757,0.262934,KNOWN
BoT-IoT,test,3007,DDoS,1,0.090438,0.262934,KNOWN
BoT-IoT,test,3008,DoS,1,0.124774,0.262934,KNOWN
BoT-IoT,test,3009,DoS,1,0.01629,0.262934,KNOWN
BoT-IoT,test,3010,DoS,1,0.061107,0.262934,KNOWN
BoT-IoT,test,3011,Reconnaissance,1,0.030269,0.262934,KNOWN
BoT-IoT,test,3012,DDoS,1,0.037489,0.262934,KNOWN
BoT-IoT,test,3013,DoS,1,0.028803,0.262934,KNOWN
BoT-IoT,test,3014,DDoS,1,0.213992,0.262934,KNOWN
BoT-IoT,test,3015,DoS,1,0.062446,0.262934,KNOWN
BoT-IoT,test,3016,DoS,1,0.073557,0.262934,KNOWN
BoT-IoT,test,3017,DDoS,1,0.375805,0.262934,ZERO_DAY
BoT-IoT,test,3018,DDoS,1,0.049602,0.262934,KNOWN
BoT-IoT,test,3019,DDoS,1,0.036126,0.262934,KNOWN
BoT-IoT,test,3020,DDoS,1,0.139695,0.262934,KNOWN
BoT-IoT,test,3021,DoS,1,0.006912,0.262934,KNOWN
BoT-IoT,test,3022,DDoS,1,0.11688,0.262934,KNOWN
BoT-IoT,test,3023,DDoS,1,0.038835,0.262934,KNOWN
BoT-IoT,test,3024,DDoS,1,0.099024,0.262934,KNOWN
BoT-IoT,test,3025,DoS,1,0.119555,0.262934,KNOWN
BoT-IoT,test,3026,DDoS,1,0.246752,0.262934,KNOWN
BoT-IoT,test,3027,DDoS,1,0.132682,0.262934,KNOWN
BoT-IoT,test,3028,DDoS,1,0.097673,0.262934,KNOWN
BoT-IoT,test,3029,DDoS,1,0.030183,0.262934,KNOWN
BoT-IoT,test,3030,DDoS,1,0.138024,0.262934,KNOWN
BoT-IoT,test,3031,DDoS,1,0.003968,0.262934,KNOWN
BoT-IoT,test,3032,DoS,1,0.013977,0.262934,KNOWN
BoT-IoT,test,3033,DoS,1,0.131668,0.262934,KNOWN
BoT-IoT,test,3034,DoS,1,0.007595,0.262934,KNOWN
BoT-IoT,test,3035,DDoS,1,0.072912,0.262934,KNOWN
BoT-IoT,test,3036,DDoS,1,0.058507,0.262934,KNOWN
BoT-IoT,test,3037,DDoS,1,0.186587,0.262934,KNOWN
BoT-IoT,test,3038,DDoS,1,0.180217,0.262934,KNOWN
BoT-IoT,test,3039,DDoS,1,0.055033,0.262934,KNOWN
BoT-IoT,test,3040,DDoS,1,0.039227,0.262934,KNOWN
BoT-IoT,test,3041,DDoS,1,0.120443,0.262934,KNOWN
BoT-IoT,test,3042,DDoS,1,0.350128,0.262934,ZERO_DAY
BoT-IoT,test,3043,DDoS,1,0.068401,0.262934,KNOWN
BoT-IoT,test,3044,DoS,1,0.20649,0.262934,KNOWN
BoT-IoT,test,3045,DDoS,1,0.174731,0.262934,KNOWN
BoT-IoT,test,3046,DoS,1,0.166179,0.262934,KNOWN
BoT-IoT,test,3047,DDoS,1,0.035416,0.262934,KNOWN
BoT-IoT,test,3048,DDoS,1,0.104162,0.262934,KNOWN
BoT-IoT,test,3049,DDoS,1,0.073611,0.262934,KNOWN
BoT-IoT,test,3050,DDoS,1,0.196769,0.262934,KNOWN
BoT-IoT,test,3051,DoS,1,0.142073,0.262934,KNOWN
BoT-IoT,test,3052,Normal,1,0.402847,0.262934,ZERO_DAY
BoT-IoT,test,3053,Normal,1,0.112432,0.262934,KNOWN
BoT-IoT,test,3054,Normal,1,0.035652,0.262934,KNOWN
BoT-IoT,test,3055,DoS,1,0.171113,0.262934,KNOWN
BoT-IoT,test,3056,DoS,1,0.164753,0.262934,KNOWN
BoT-IoT,test,3057,DoS,1,0.231487,0.262934,KNOWN
BoT-IoT,test,3058,DoS,1,0.221935,0.262934,KNOWN
BoT-IoT,test,3059,DoS,1,0.050416,0.262934,KNOWN
BoT-IoT,test,3060,DDoS,1,0.089919,0.262934,KNOWN
BoT-IoT,test,3061,DoS,1,0.049222,0.262934,KNOWN
BoT-IoT,test,3062,DDoS,1,0.033766,0.262934,KNOWN
BoT-IoT,test,3063,DoS,1,0.026612,0.262934,KNOWN
BoT-IoT,test,3064,DoS,1,0.083267,0.262934,KNOWN
BoT-IoT,test,3065,DDoS,1,0.04889,0.262934,KNOWN
BoT-IoT,test,3066,DDoS,1,0.050524,0.262934,KNOWN
BoT-IoT,test,3067,DDoS,1,0.142647,0.262934,KNOWN
BoT-IoT,test,3068,DDoS,1,0.00779,0.262934,KNOWN
BoT-IoT,test,3069,DoS,1,0.040717,0.262934,KNOWN
BoT-IoT,test,3070,DDoS,1,0.031301,0.262934,KNOWN
BoT-IoT,test,3071,DDoS,1,0.092008,0.262934,KNOWN
BoT-IoT,test,3072,DoS,1,0.020373,0.262934,KNOWN
BoT-IoT,test,3073,DDoS,1,0.168943,0.262934,KNOWN
BoT-IoT,test,3074,DoS,1,0.091894,0.262934,KNOWN
BoT-IoT,test,3075,Normal,1,0.190031,0.262934,KNOWN
BoT-IoT,test,3076,DoS,1,0.054737,0.262934,KNOWN
BoT-IoT,test,3077,DoS,1,0.094695,0.262934,KNOWN
BoT-IoT,test,3078,DoS,1,0.181782,0.262934,KNOWN
BoT-IoT,test,3079,DoS,1,0.133656,0.262934,KNOWN
BoT-IoT,test,3080,DoS,1,0.374474,0.262934,ZERO_DAY
BoT-IoT,test,3081,DDoS,1,0.135332,0.262934,KNOWN
BoT-IoT,test,3082,DoS,1,0.056593,0.262934,KNOWN
BoT-IoT,test,3083,DoS,1,0.019465,0.262934,KNOWN
BoT-IoT,test,3084,DDoS,1,0.023491,0.262934,KNOWN
BoT-IoT,test,3085,DoS,1,0.086909,0.262934,KNOWN
BoT-IoT,test,3086,DDoS,1,0.023774,0.262934,KNOWN
BoT-IoT,test,3087,DoS,1,0.039881,0.262934,KNOWN
BoT-IoT,test,3088,DoS,1,0.109035,0.262934,KNOWN
BoT-IoT,test,3089,DoS,1,0.110858,0.262934,KNOWN
BoT-IoT,test,3090,DDoS,1,0.040181,0.262934,KNOWN
BoT-IoT,test,3091,DDoS,1,0.00466,0.262934,KNOWN
BoT-IoT,test,3092,DoS,1,0.045558,0.262934,KNOWN
BoT-IoT,test,3093,DDoS,1,0.023985,0.262934,KNOWN
BoT-IoT,test,3094,DoS,1,0.191994,0.262934,KNOWN
BoT-IoT,test,3095,DoS,1,0.045531,0.262934,KNOWN
BoT-IoT,test,3096,DDoS,1,0.081593,0.262934,KNOWN
BoT-IoT,test,3097,DoS,1,0.044495,0.262934,KNOWN
BoT-IoT,test,3098,Normal,1,0.135421,0.262934,KNOWN
BoT-IoT,test,3099,Normal,1,0.029157,0.262934,KNOWN
BoT-IoT,test,3100,DDoS,1,0.072579,0.262934,KNOWN
BoT-IoT,test,3101,DDoS,1,0.050739,0.262934,KNOWN
BoT-IoT,test,3102,DoS,1,0.071971,0.262934,KNOWN
BoT-IoT,test,3103,DoS,1,0.031486,0.262934,KNOWN
BoT-IoT,test,3104,DDoS,1,0.072286,0.262934,KNOWN
BoT-IoT,test,3105,DoS,1,0.094956,0.262934,KNOWN
BoT-IoT,test,3106,DDoS,1,0.022177,0.262934,KNOWN
BoT-IoT,test,3107,DDoS,1,0.084949,0.262934,KNOWN
BoT-IoT,test,3108,DDoS,1,0.042698,0.262934,KNOWN
BoT-IoT,test,3109,DDoS,1,0.113739,0.262934,KNOWN
BoT-IoT,test,3110,DoS,1,0.11863,0.262934,KNOWN
BoT-IoT,test,3111,DDoS,1,0.017077,0.262934,KNOWN
BoT-IoT,test,3112,DDoS,1,0.186591,0.262934,KNOWN
BoT-IoT,test,3113,DoS,1,0.313029,0.262934,ZERO_DAY
BoT-IoT,test,3114,DDoS,1,0.200743,0.262934,KNOWN
BoT-IoT,test,3115,DDoS,1,0.07071,0.262934,KNOWN
BoT-IoT,test,3116,DDoS,1,0.040196,0.262934,KNOWN
BoT-IoT,test,3117,DoS,1,0.093688,0.262934,KNOWN
BoT-IoT,test,3118,Reconnaissance,1,0.190686,0.262934,KNOWN
BoT-IoT,test,3119,DDoS,1,0.095743,0.262934,KNOWN
BoT-IoT,test,3120,Normal,1,0.003692,0.262934,KNOWN
BoT-IoT,test,3121,DDoS,1,0.017798,0.262934,KNOWN
BoT-IoT,test,3122,DDoS,1,0.078915,0.262934,KNOWN
BoT-IoT,test,3123,DoS,1,0.062042,0.262934,KNOWN
BoT-IoT,test,3124,DoS,1,0.079601,0.262934,KNOWN
BoT-IoT,test,3125,DDoS,1,0.110167,0.262934,KNOWN
BoT-IoT,test,3126,Normal,1,0.14097,0.262934,KNOWN
BoT-IoT,test,3127,DDoS,1,0.069625,0.262934,KNOWN
BoT-IoT,test,3128,DoS,1,0.162218,0.262934,KNOWN
BoT-IoT,test,3129,DoS,1,0.034106,0.262934,KNOWN
BoT-IoT,test,3130,DDoS,1,0.041186,0.262934,KNOWN
BoT-IoT,test,3131,DDoS,1,0.089374,0.262934,KNOWN
BoT-IoT,test,3132,DoS,1,0.031721,0.262934,KNOWN
BoT-IoT,test,3133,Normal,1,0.232476,0.262934,KNOWN
BoT-IoT,test,3134,DDoS,1,0.058056,0.262934,KNOWN
BoT-IoT,test,3135,DDoS,1,0.05054,0.262934,KNOWN
BoT-IoT,test,3136,DDoS,1,0.145628,0.262934,KNOWN
BoT-IoT,test,3137,DoS,1,0.0001,0.262934,KNOWN
BoT-IoT,test,3138,Reconnaissance,1,0.012823,0.262934,KNOWN
BoT-IoT,test,3139,DDoS,1,0.011008,0.262934,KNOWN
BoT-IoT,test,3140,DDoS,1,0.335262,0.262934,ZERO_DAY
BoT-IoT,test,3141,DoS,1,0.036509,0.262934,KNOWN
BoT-IoT,test,3142,Normal,1,0.186146,0.262934,KNOWN
BoT-IoT,test,3143,DDoS,1,0.085976,0.262934,KNOWN
BoT-IoT,test,3144,DoS,1,0.066865,0.262934,KNOWN
BoT-IoT,test,3145,DDoS,1,0.0692,0.262934,KNOWN
BoT-IoT,test,3146,DDoS,1,0.207295,0.262934,KNOWN
BoT-IoT,test,3147,DDoS,1,0.078366,0.262934,KNOWN
BoT-IoT,test,3148,DDoS,1,0.269136,0.262934,ZERO_DAY
BoT-IoT,test,3149,DDoS,1,0.15945,0.262934,KNOWN
BoT-IoT,test,3150,DoS,1,0.027405,0.262934,KNOWN
BoT-IoT,test,3151,DDoS,1,0.104165,0.262934,KNOWN
BoT-IoT,test,3152,DoS,1,0.165771,0.262934,KNOWN
BoT-IoT,test,3153,DoS,1,0.089442,0.262934,KNOWN
BoT-IoT,test,3154,DDoS,1,0.085437,0.262934,KNOWN
BoT-IoT,test,3155,DoS,1,0.083554,0.262934,KNOWN
BoT-IoT,test,3156,DDoS,1,0.056382,0.262934,KNOWN
BoT-IoT,test,3157,DDoS,1,0.110338,0.262934,KNOWN
BoT-IoT,test,3158,DDoS,1,0.151977,0.262934,KNOWN
BoT-IoT,test,3159,DoS,1,0.053581,0.262934,KNOWN
BoT-IoT,test,3160,DoS,1,0.020355,0.262934,KNOWN
BoT-IoT,test,3161,DoS,1,0.136036,0.262934,KNOWN
BoT-IoT,test,3162,DoS,1,0.071091,0.262934,KNOWN
BoT-IoT,test,3163,DoS,1,0.032818,0.262934,KNOWN
BoT-IoT,test,3164,DDoS,1,0.046009,0.262934,KNOWN
BoT-IoT,test,3165,DoS,1,0.020989,0.262934,KNOWN
BoT-IoT,test,3166,DDoS,1,0.058238,0.262934,KNOWN
BoT-IoT,test,3167,DDoS,1,0.134128,0.262934,KNOWN
BoT-IoT,test,3168,DDoS,1,0.022554,0.262934,KNOWN
BoT-IoT,test,3169,Normal,1,0.088854,0.262934,KNOWN
BoT-IoT,test,3170,DoS,1,0.016402,0.262934,KNOWN
BoT-IoT,test,3171,DDoS,1,0.116742,0.262934,KNOWN
BoT-IoT,test,3172,DDoS,1,0.010081,0.262934,KNOWN
BoT-IoT,test,3173,DDoS,1,0.101334,0.262934,KNOWN
BoT-IoT,test,3174,DDoS,1,0.104038,0.262934,KNOWN
BoT-IoT,test,3175,DoS,1,0.151442,0.262934,KNOWN
BoT-IoT,test,3176,DDoS,1,0.153676,0.262934,KNOWN
BoT-IoT,test,3177,DDoS,1,0.065863,0.262934,KNOWN
BoT-IoT,test,3178,DoS,1,0.099474,0.262934,KNOWN
BoT-IoT,test,3179,DDoS,1,0.047293,0.262934,KNOWN
BoT-IoT,test,3180,DDoS,1,0.219506,0.262934,KNOWN
BoT-IoT,test,3181,DDoS,1,0.010781,0.262934,KNOWN
BoT-IoT,test,3182,DDoS,1,0.107023,0.262934,KNOWN
BoT-IoT,test,3183,DDoS,1,0.232519,0.262934,KNOWN
BoT-IoT,test,3184,DDoS,1,0.009863,0.262934,KNOWN
BoT-IoT,test,3185,Reconnaissance,1,0.203532,0.262934,KNOWN
BoT-IoT,test,3186,Reconnaissance,1,0.060719,0.262934,KNOWN
BoT-IoT,test,3187,DoS,1,0.046518,0.262934,KNOWN
BoT-IoT,test,3188,DoS,1,0.13728,0.262934,KNOWN
BoT-IoT,test,3189,DDoS,1,0.16432,0.262934,KNOWN
BoT-IoT,test,3190,DoS,1,0.064512,0.262934,KNOWN
BoT-IoT,test,3191,DoS,1,0.313751,0.262934,ZERO_DAY
BoT-IoT,test,3192,DDoS,1,0.092672,0.262934,KNOWN
BoT-IoT,test,3193,DDoS,1,0.052132,0.262934,KNOWN
BoT-IoT,test,3194,DDoS,1,0.094812,0.262934,KNOWN
BoT-IoT,test,3195,DDoS,1,0.045339,0.262934,KNOWN
BoT-IoT,test,3196,DoS,1,0.147709,0.262934,KNOWN
BoT-IoT,test,3197,DDoS,1,0.225682,0.262934,KNOWN
BoT-IoT,test,3198,DoS,1,0.123701,0.262934,KNOWN
BoT-IoT,test,3199,Normal,1,0.259094,0.262934,KNOWN
BoT-IoT,test,3200,DDoS,1,0.094102,0.262934,KNOWN
BoT-IoT,test,3201,DDoS,1,0.120777,0.262934,KNOWN
BoT-IoT,test,3202,Normal,1,0.157079,0.262934,KNOWN
BoT-IoT,test,3203,DDoS,1,0.031728,0.262934,KNOWN
BoT-IoT,test,3204,DDoS,1,0.044524,0.262934,KNOWN
BoT-IoT,test,3205,DDoS,1,0.201703,0.262934,KNOWN
BoT-IoT,test,3206,DoS,1,0.063201,0.262934,KNOWN
BoT-IoT,test,3207,DDoS,1,0.045214,0.262934,KNOWN
BoT-IoT,test,3208,DoS,1,0.168231,0.262934,KNOWN
BoT-IoT,test,3209,DDoS,1,0.008127,0.262934,KNOWN
BoT-IoT,test,3210,DDoS,1,0.200042,0.262934,KNOWN
BoT-IoT,test,3211,DDoS,1,0.290105,0.262934,ZERO_DAY
BoT-IoT,test,3212,DDoS,1,0.013398,0.262934,KNOWN
BoT-IoT,test,3213,DoS,1,0.038053,0.262934,KNOWN
BoT-IoT,test,3214,DoS,1,0.142175,0.262934,KNOWN
BoT-IoT,test,3215,DDoS,1,0.045191,0.262934,KNOWN
BoT-IoT,test,3216,DDoS,1,0.035578,0.262934,KNOWN
BoT-IoT,test,3217,DoS,1,0.169042,0.262934,KNOWN
BoT-IoT,test,3218,DoS,1,0.194054,0.262934,KNOWN
BoT-IoT,test,3219,DDoS,1,0.103825,0.262934,KNOWN
BoT-IoT,test,3220,DoS,1,0.015306,0.262934,KNOWN
BoT-IoT,test,3221,DDoS,1,0.012908,0.262934,KNOWN
BoT-IoT,test,3222,DDoS,1,0.066556,0.262934,KNOWN
BoT-IoT,test,3223,DoS,1,0.338598,0.262934,ZERO_DAY
BoT-IoT,test,3224,DDoS,1,0.095949,0.262934,KNOWN
BoT-IoT,test,3225,DoS,1,0.059687,0.262934,KNOWN
BoT-IoT,test,3226,DoS,1,0.079578,0.262934,KNOWN
BoT-IoT,test,3227,DDoS,1,0.150997,0.262934,KNOWN
BoT-IoT,test,3228,DoS,1,0.229721,0.262934,KNOWN
BoT-IoT,test,3229,DDoS,1,0.068113,0.262934,KNOWN
BoT-IoT,test,3230,DDoS,1,0.195933,0.262934,KNOWN
BoT-IoT,test,3231,DDoS,1,0.106201,0.262934,KNOWN
BoT-IoT,test,3232,DDoS,1,0.100839,0.262934,KNOWN
BoT-IoT,test,3233,DoS,1,0.154294,0.262934,KNOWN
BoT-IoT,test,3234,DoS,1,0.120494,0.262934,KNOWN
BoT-IoT,test,3235,DDoS,1,0.040377,0.262934,KNOWN
BoT-IoT,test,3236,DDoS,1,0.110793,0.262934,KNOWN
BoT-IoT,test,3237,DoS,1,0.044997,0.262934,KNOWN
BoT-IoT,test,3238,DDoS,1,0.017271,0.262934,KNOWN
BoT-IoT,test,3239,DoS,1,0.068924,0.262934,KNOWN
BoT-IoT,test,3240,DDoS,1,0.200502,0.262934,KNOWN
BoT-IoT,test,3241,DoS,1,0.158206,0.262934,KNOWN
BoT-IoT,test,3242,DDoS,1,0.009864,0.262934,KNOWN
BoT-IoT,test,3243,DoS,1,0.068427,0.262934,KNOWN
BoT-IoT,test,3244,DoS,1,0.041883,0.262934,KNOWN
BoT-IoT,test,3245,Normal,1,0.108405,0.262934,KNOWN
BoT-IoT,test,3246,DoS,1,0.145933,0.262934,KNOWN
BoT-IoT,test,3247,DoS,1,0.015174,0.262934,KNOWN
BoT-IoT,test,3248,DDoS,1,0.041268,0.262934,KNOWN
BoT-IoT,test,3249,Normal,1,0.022236,0.262934,KNOWN
BoT-IoT,test,3250,DoS,1,0.069923,0.262934,KNOWN
BoT-IoT,test,3251,DoS,1,0.143236,0.262934,KNOWN
BoT-IoT,test,3252,DDoS,1,0.203976,0.262934,KNOWN
BoT-IoT,test,3253,DoS,1,0.095293,0.262934,KNOWN
BoT-IoT,test,3254,DDoS,1,0.054586,0.262934,KNOWN
BoT-IoT,test,3255,Normal,1,0.06966,0.262934,KNOWN
BoT-IoT,test,3256,DDoS,1,0.041379,0.262934,KNOWN
BoT-IoT,test,3257,DDoS,1,0.171738,0.262934,KNOWN
BoT-IoT,test,3258,DDoS,1,0.013223,0.262934,KNOWN
BoT-IoT,test,3259,DoS,1,0.133406,0.262934,KNOWN
BoT-IoT,test,3260,Reconnaissance,1,0.025922,0.262934,KNOWN
BoT-IoT,test,3261,DoS,1,0.060566,0.262934,KNOWN
BoT-IoT,test,3262,DoS,1,0.048536,0.262934,KNOWN
BoT-IoT,test,3263,DDoS,1,0.00358,0.262934,KNOWN
BoT-IoT,test,3264,Reconnaissance,1,0.074942,0.262934,KNOWN
BoT-IoT,test,3265,DoS,1,0.240797,0.262934,KNOWN
BoT-IoT,test,3266,Reconnaissance,1,0.169217,0.262934,KNOWN
BoT-IoT,test,3267,Normal,1,0.139919,0.262934,KNOWN
BoT-IoT,test,3268,DDoS,1,0.145929,0.262934,KNOWN
BoT-IoT,test,3269,DoS,1,0.216217,0.262934,KNOWN
BoT-IoT,test,3270,DDoS,1,0.008951,0.262934,KNOWN
BoT-IoT,test,3271,DDoS,1,0.031351,0.262934,KNOWN
BoT-IoT,test,3272,DDoS,1,0.274119,0.262934,ZERO_DAY
BoT-IoT,test,3273,Normal,1,0.019635,0.262934,KNOWN
BoT-IoT,test,3274,DoS,1,0.176064,0.262934,KNOWN
BoT-IoT,test,3275,DDoS,1,0.042461,0.262934,KNOWN
BoT-IoT,test,3276,DoS,1,0.204317,0.262934,KNOWN
BoT-IoT,test,3277,DDoS,1,0.185604,0.262934,KNOWN
BoT-IoT,test,3278,DoS,1,0.043272,0.262934,KNOWN
BoT-IoT,test,3279,DDoS,1,0.039951,0.262934,KNOWN
BoT-IoT,test,3280,DoS,1,0.013341,0.262934,KNOWN
BoT-IoT,test,3281,DDoS,1,0.11965,0.262934,KNOWN
BoT-IoT,test,3282,DoS,1,0.048485,0.262934,KNOWN
BoT-IoT,test,3283,DoS,1,0.017303,0.262934,KNOWN
BoT-IoT,test,3284,DDoS,1,0.074717,0.262934,KNOWN
BoT-IoT,test,3285,DoS,1,0.217884,0.262934,KNOWN
BoT-IoT,test,3286,DoS,1,0.064968,0.262934,KNOWN
BoT-IoT,test,3287,DoS,1,0.282029,0.262934,ZERO_DAY
BoT-IoT,test,3288,DoS,1,0.073292,0.262934,KNOWN
BoT-IoT,test,3289,DDoS,1,0.069591,0.262934,KNOWN
BoT-IoT,test,3290,DDoS,1,0.042065,0.262934,KNOWN
BoT-IoT,test,3291,Reconnaissance,1,0.140636,0.262934,KNOWN
BoT-IoT,test,3292,DDoS,1,0.200015,0.262934,KNOWN
BoT-IoT,test,3293,DDoS,1,0.043292,0.262934,KNOWN
BoT-IoT,test,3294,DDoS,1,0.007562,0.262934,KNOWN
BoT-IoT,test,3295,DoS,1,0.095036,0.262934,KNOWN
BoT-IoT,test,3296,DDoS,1,0.035354,0.262934,KNOWN
BoT-IoT,test,3297,DoS,1,0.126446,0.262934,KNOWN
BoT-IoT,test,3298,DDoS,1,0.042264,0.262934,KNOWN
BoT-IoT,test,3299,DoS,1,0.061292,0.262934,KNOWN
BoT-IoT,test,3300,DDoS,1,0.221606,0.262934,KNOWN
BoT-IoT,test,3301,DoS,1,0.196338,0.262934,KNOWN
BoT-IoT,test,3302,DoS,1,0.141184,0.262934,KNOWN
BoT-IoT,test,3303,Reconnaissance,1,0.106764,0.262934,KNOWN
BoT-IoT,test,3304,DDoS,1,0.085276,0.262934,KNOWN
BoT-IoT,test,3305,DDoS,1,0.044213,0.262934,KNOWN
BoT-IoT,test,3306,DoS,1,0.064559,0.262934,KNOWN
BoT-IoT,test,3307,DoS,1,0.108059,0.262934,KNOWN
BoT-IoT,test,3308,DDoS,1,0.016467,0.262934,KNOWN
BoT-IoT,test,3309,DDoS,1,0.026153,0.262934,KNOWN
BoT-IoT,test,3310,DoS,1,0.011808,0.262934,KNOWN
BoT-IoT,test,3311,DDoS,1,0.086903,0.262934,KNOWN
BoT-IoT,test,3312,DDoS,1,0.043749,0.262934,KNOWN
BoT-IoT,test,3313,DoS,1,0.014706,0.262934,KNOWN
BoT-IoT,test,3314,DDoS,1,0.230988,0.262934,KNOWN
BoT-IoT,test,3315,DoS,1,0.085563,0.262934,KNOWN
BoT-IoT,test,3316,DDoS,1,0.042561,0.262934,KNOWN
BoT-IoT,test,3317,DoS,1,0.043631,0.262934,KNOWN
BoT-IoT,test,3318,DoS,1,0.115985,0.262934,KNOWN
BoT-IoT,test,3319,DDoS,1,0.007093,0.262934,KNOWN
BoT-IoT,test,3320,DDoS,1,0.016102,0.262934,KNOWN
BoT-IoT,test,3321,DoS,1,0.049026,0.262934,KNOWN
BoT-IoT,test,3322,DDoS,1,0.142836,0.262934,KNOWN
BoT-IoT,test,3323,DDoS,1,0.314362,0.262934,ZERO_DAY
BoT-IoT,test,3324,Normal,1,0.269673,0.262934,ZERO_DAY
BoT-IoT,test,3325,DDoS,1,0.074219,0.262934,KNOWN
BoT-IoT,test,3326,DDoS,1,0.247827,0.262934,KNOWN
BoT-IoT,test,3327,DoS,1,0.09067,0.262934,KNOWN
BoT-IoT,test,3328,DDoS,1,0.022468,0.262934,KNOWN
BoT-IoT,test,3329,DDoS,1,0.224033,0.262934,KNOWN
BoT-IoT,test,3330,DDoS,1,0.095586,0.262934,KNOWN
BoT-IoT,test,3331,DoS,1,0.218357,0.262934,KNOWN
BoT-IoT,test,3332,DoS,1,0.042699,0.262934,KNOWN
BoT-IoT,test,3333,Normal,1,0.045725,0.262934,KNOWN
BoT-IoT,test,3334,DDoS,1,0.115217,0.262934,KNOWN
BoT-IoT,test,3335,DDoS,1,0.068434,0.262934,KNOWN
BoT-IoT,test,3336,DoS,1,0.160283,0.262934,KNOWN
BoT-IoT,test,3337,DDoS,1,0.100787,0.262934,KNOWN
BoT-IoT,test,3338,DDoS,1,0.118557,0.262934,KNOWN
BoT-IoT,test,3339,DDoS,1,0.069676,0.262934,KNOWN
BoT-IoT,test,3340,DDoS,1,0.116326,0.262934,KNOWN
BoT-IoT,test,3341,DoS,1,0.111082,0.262934,KNOWN
BoT-IoT,test,3342,DDoS,1,0.031866,0.262934,KNOWN
BoT-IoT,test,3343,DDoS,1,0.069273,0.262934,KNOWN
BoT-IoT,test,3344,DDoS,1,0.013996,0.262934,KNOWN
BoT-IoT,test,3345,DDoS,1,0.004635,0.262934,KNOWN
BoT-IoT,test,3346,DDoS,1,0.024549,0.262934,KNOWN
BoT-IoT,test,3347,DDoS,1,0.122668,0.262934,KNOWN
BoT-IoT,test,3348,DoS,1,0.022688,0.262934,KNOWN
BoT-IoT,test,3349,DoS,1,0.047927,0.262934,KNOWN
BoT-IoT,test,3350,DDoS,1,0.070987,0.262934,KNOWN
BoT-IoT,test,3351,Normal,1,0.032626,0.262934,KNOWN
BoT-IoT,test,3352,DoS,1,0.049237,0.262934,KNOWN
BoT-IoT,test,3353,DoS,1,0.057107,0.262934,KNOWN
BoT-IoT,test,3354,Normal,1,0.188025,0.262934,KNOWN
BoT-IoT,test,3355,DDoS,1,0.140962,0.262934,KNOWN
BoT-IoT,test,3356,DoS,1,0.229041,0.262934,KNOWN
BoT-IoT,test,3357,DoS,1,0.054192,0.262934,KNOWN
BoT-IoT,test,3358,DoS,1,0.173814,0.262934,KNOWN
BoT-IoT,test,3359,DDoS,1,0.038451,0.262934,KNOWN
BoT-IoT,test,3360,DDoS,1,0.183597,0.262934,KNOWN
BoT-IoT,test,3361,DoS,1,0.040329,0.262934,KNOWN
BoT-IoT,test,3362,DDoS,1,0.088123,0.262934,KNOWN
BoT-IoT,test,3363,DDoS,1,0.257609,0.262934,KNOWN
BoT-IoT,test,3364,DDoS,1,0.065054,0.262934,KNOWN
BoT-IoT,test,3365,DoS,1,0.026473,0.262934,KNOWN
BoT-IoT,test,3366,DDoS,1,0.177486,0.262934,KNOWN
BoT-IoT,test,3367,DDoS,1,0.017319,0.262934,KNOWN
BoT-IoT,test,3368,DoS,1,0.129742,0.262934,KNOWN
BoT-IoT,test,3369,DDoS,1,0.028398,0.262934,KNOWN
BoT-IoT,test,3370,DoS,1,0.044783,0.262934,KNOWN
BoT-IoT,test,3371,Reconnaissance,1,0.046799,0.262934,KNOWN
BoT-IoT,test,3372,DDoS,1,0.122434,0.262934,KNOWN
BoT-IoT,test,3373,DoS,1,0.222736,0.262934,KNOWN
BoT-IoT,test,3374,DoS,1,0.011546,0.262934,KNOWN
BoT-IoT,test,3375,DDoS,1,0.012683,0.262934,KNOWN
BoT-IoT,test,3376,DoS,1,0.1834,0.262934,KNOWN
BoT-IoT,test,3377,Normal,1,0.0562,0.262934,KNOWN
BoT-IoT,test,3378,DoS,1,0.06829,0.262934,KNOWN
BoT-IoT,test,3379,DDoS,1,0.178661,0.262934,KNOWN
BoT-IoT,test,3380,DDoS,1,0.303417,0.262934,ZERO_DAY
BoT-IoT,test,3381,DoS,1,0.141014,0.262934,KNOWN
BoT-IoT,test,3382,DDoS,1,0.066511,0.262934,KNOWN
BoT-IoT,test,3383,DDoS,1,0.186541,0.262934,KNOWN
BoT-IoT,test,3384,DDoS,1,0.021679,0.262934,KNOWN
BoT-IoT,test,3385,DDoS,1,0.106969,0.262934,KNOWN
BoT-IoT,test,3386,DDoS,1,0.012635,0.262934,KNOWN
BoT-IoT,test,3387,DoS,1,0.021397,0.262934,KNOWN
BoT-IoT,test,3388,DDoS,1,0.118882,0.262934,KNOWN
BoT-IoT,test,3389,DDoS,1,0.017311,0.262934,KNOWN
BoT-IoT,test,3390,DDoS,1,0.157661,0.262934,KNOWN
BoT-IoT,test,3391,DDoS,1,0.000705,0.262934,KNOWN
BoT-IoT,test,3392,DDoS,1,0.005108,0.262934,KNOWN
BoT-IoT,test,3393,DDoS,1,0.051548,0.262934,KNOWN
BoT-IoT,test,3394,DoS,1,0.077457,0.262934,KNOWN
BoT-IoT,test,3395,DDoS,1,0.216729,0.262934,KNOWN
BoT-IoT,test,3396,DDoS,1,0.144885,0.262934,KNOWN
BoT-IoT,test,3397,DDoS,1,0.030441,0.262934,KNOWN
BoT-IoT,test,3398,DDoS,1,0.019071,0.262934,KNOWN
BoT-IoT,test,3399,DoS,1,0.117082,0.262934,KNOWN
BoT-IoT,test,3400,DoS,1,0.133011,0.262934,KNOWN
BoT-IoT,test,3401,DDoS,1,0.03963,0.262934,KNOWN
BoT-IoT,test,3402,Normal,1,0.167731,0.262934,KNOWN
BoT-IoT,test,3403,DDoS,1,0.043219,0.262934,KNOWN
BoT-IoT,test,3404,DoS,1,0.262001,0.262934,KNOWN
BoT-IoT,test,3405,DDoS,1,0.005556,0.262934,KNOWN
BoT-IoT,test,3406,DoS,1,0.036209,0.262934,KNOWN
BoT-IoT,test,3407,DoS,1,0.12041,0.262934,KNOWN
BoT-IoT,test,3408,DDoS,1,0.054805,0.262934,KNOWN
BoT-IoT,test,3409,DDoS,1,0.201351,0.262934,KNOWN
BoT-IoT,test,3410,DDoS,1,0.044299,0.262934,KNOWN
BoT-IoT,test,3411,DoS,1,0.028046,0.262934,KNOWN
BoT-IoT,test,3412,Reconnaissance,1,0.092842,0.262934,KNOWN
BoT-IoT,test,3413,DDoS,1,0.060723,0.262934,KNOWN
BoT-IoT,test,3414,DoS,1,0.159123,0.262934,KNOWN
BoT-IoT,test,3415,DoS,1,0.182365,0.262934,KNOWN
BoT-IoT,test,3416,DoS,1,0.031994,0.262934,KNOWN
BoT-IoT,test,3417,DDoS,1,0.07554,0.262934,KNOWN
BoT-IoT,test,3418,DoS,1,0.068585,0.262934,KNOWN
BoT-IoT,test,3419,DoS,1,0.11615,0.262934,KNOWN
BoT-IoT,test,3420,DDoS,1,0.137567,0.262934,KNOWN
BoT-IoT,test,3421,DDoS,1,0.244402,0.262934,KNOWN
BoT-IoT,test,3422,DDoS,1,0.006429,0.262934,KNOWN
BoT-IoT,test,3423,DDoS,1,0.079733,0.262934,KNOWN
BoT-IoT,test,3424,DoS,1,0.106088,0.262934,KNOWN
BoT-IoT,test,3425,Normal,1,0.029007,0.262934,KNOWN
BoT-IoT,test,3426,DDoS,1,0.018208,0.262934,KNOWN
BoT-IoT,test,3427,DoS,1,0.04441,0.262934,KNOWN
BoT-IoT,test,3428,DoS,1,0.13553,0.262934,KNOWN
BoT-IoT,test,3429,DDoS,1,0.040774,0.262934,KNOWN
BoT-IoT,test,3430,Normal,1,0.028949,0.262934,KNOWN
BoT-IoT,test,3431,Reconnaissance,1,0.105624,0.262934,KNOWN
BoT-IoT,test,3432,DDoS,1,0.092384,0.262934,KNOWN
BoT-IoT,test,3433,DDoS,1,0.287822,0.262934,ZERO_DAY
BoT-IoT,test,3434,DDoS,1,0.042915,0.262934,KNOWN
BoT-IoT,test,3435,DoS,1,0.029562,0.262934,KNOWN
BoT-IoT,test,3436,DoS,1,0.095633,0.262934,KNOWN
BoT-IoT,test,3437,DDoS,1,0.11741,0.262934,KNOWN
BoT-IoT,test,3438,DDoS,1,0.086587,0.262934,KNOWN
BoT-IoT,test,3439,DDoS,1,0.047637,0.262934,KNOWN
BoT-IoT,test,3440,DDoS,1,0.01977,0.262934,KNOWN
BoT-IoT,test,3441,DoS,1,0.023694,0.262934,KNOWN
BoT-IoT,test,3442,DDoS,1,0.061598,0.262934,KNOWN
BoT-IoT,test,3443,DoS,1,0.084728,0.262934,KNOWN
BoT-IoT,test,3444,DDoS,1,0.035954,0.262934,KNOWN
BoT-IoT,test,3445,DDoS,1,0.025188,0.262934,KNOWN
BoT-IoT,test,3446,DDoS,1,0.017795,0.262934,KNOWN
BoT-IoT,test,3447,DoS,1,0.18336,0.262934,KNOWN
BoT-IoT,test,3448,DoS,1,0.031704,0.262934,KNOWN
BoT-IoT,test,3449,DDoS,1,0.07392,0.262934,KNOWN
BoT-IoT,test,3450,DoS,1,0.142525,0.262934,KNOWN
BoT-IoT,test,3451,DDoS,1,0.118109,0.262934,KNOWN
BoT-IoT,test,3452,Normal,1,0.034196,0.262934,KNOWN
BoT-IoT,test,3453,DoS,1,0.01222,0.262934,KNOWN
BoT-IoT,test,3454,DoS,1,0.275672,0.262934,ZERO_DAY
BoT-IoT,test,3455,DoS,1,0.046304,0.262934,KNOWN
BoT-IoT,test,3456,DoS,1,0.212532,0.262934,KNOWN
BoT-IoT,test,3457,DoS,1,0.022734,0.262934,KNOWN
BoT-IoT,test,3458,DoS,1,0.032972,0.262934,KNOWN
BoT-IoT,test,3459,DoS,1,0.009977,0.262934,KNOWN
BoT-IoT,test,3460,DDoS,1,0.158173,0.262934,KNOWN
BoT-IoT,test,3461,DoS,1,0.034605,0.262934,KNOWN
BoT-IoT,test,3462,DDoS,1,0.110376,0.262934,KNOWN
BoT-IoT,test,3463,DDoS,1,0.09513,0.262934,KNOWN
BoT-IoT,test,3464,Reconnaissance,1,0.149276,0.262934,KNOWN
BoT-IoT,test,3465,Reconnaissance,1,0.165902,0.262934,KNOWN
BoT-IoT,test,3466,DoS,1,0.009272,0.262934,KNOWN
BoT-IoT,test,3467,DDoS,1,0.011032,0.262934,KNOWN
BoT-IoT,test,3468,DoS,1,0.039264,0.262934,KNOWN
BoT-IoT,test,3469,DDoS,1,0.063541,0.262934,KNOWN
BoT-IoT,test,3470,DDoS,1,0.013693,0.262934,KNOWN
BoT-IoT,test,3471,DoS,1,0.042459,0.262934,KNOWN
BoT-IoT,test,3472,DDoS,1,0.207938,0.262934,KNOWN
BoT-IoT,test,3473,DDoS,1,0.208315,0.262934,KNOWN
BoT-IoT,test,3474,DoS,1,0.037448,0.262934,KNOWN
BoT-IoT,test,3475,DoS,1,0.102121,0.262934,KNOWN
BoT-IoT,test,3476,DDoS,1,0.160276,0.262934,KNOWN
BoT-IoT,test,3477,DDoS,1,0.11677,0.262934,KNOWN
BoT-IoT,test,3478,DDoS,1,0.277043,0.262934,ZERO_DAY
BoT-IoT,test,3479,DoS,1,0.050517,0.262934,KNOWN
BoT-IoT,test,3480,DoS,1,0.148083,0.262934,KNOWN
BoT-IoT,test,3481,DoS,1,0.002716,0.262934,KNOWN
BoT-IoT,test,3482,DoS,1,0.042288,0.262934,KNOWN
BoT-IoT,test,3483,DDoS,1,0.008717,0.262934,KNOWN
BoT-IoT,test,3484,DDoS,1,0.032094,0.262934,KNOWN
BoT-IoT,test,3485,DDoS,1,0.221042,0.262934,KNOWN
BoT-IoT,test,3486,DoS,1,0.058998,0.262934,KNOWN
BoT-IoT,test,3487,DDoS,1,0.007507,0.262934,KNOWN
BoT-IoT,test,3488,DoS,1,0.103944,0.262934,KNOWN
BoT-IoT,test,3489,DDoS,1,0.02293,0.262934,KNOWN
BoT-IoT,test,3490,DDoS,1,0.151421,0.262934,KNOWN
BoT-IoT,test,3491,DDoS,1,0.159339,0.262934,KNOWN
BoT-IoT,test,3492,DoS,1,0.031665,0.262934,KNOWN
BoT-IoT,test,3493,DoS,1,0.135891,0.262934,KNOWN
BoT-IoT,test,3494,DoS,1,0.205753,0.262934,KNOWN
BoT-IoT,test,3495,DDoS,1,0.222207,0.262934,KNOWN
BoT-IoT,test,3496,DDoS,1,0.113469,0.262934,KNOWN
BoT-IoT,test,3497,DDoS,1,0.076089,0.262934,KNOWN
BoT-IoT,test,3498,DoS,1,0.098564,0.262934,KNOWN
BoT-IoT,test,3499,Normal,1,0.061183,0.262934,KNOWN
BoT-IoT,test,3500,DoS,1,0.060721,0.262934,KNOWN
BoT-IoT,test,3501,DDoS,1,0.104155,0.262934,KNOWN
BoT-IoT,test,3502,DoS,1,0.007453,0.262934,KNOWN
BoT-IoT,test,3503,DDoS,1,0.023508,0.262934,KNOWN
BoT-IoT,test,3504,DDoS,1,0.064774,0.262934,KNOWN
BoT-IoT,test,3505,DDoS,1,0.029375,0.262934,KNOWN
BoT-IoT,test,3506,DDoS,1,0.034387,0.262934,KNOWN
BoT-IoT,test,3507,DDoS,1,0.324292,0.262934,ZERO_DAY
BoT-IoT,test,3508,DDoS,1,0.255885,0.262934,KNOWN
BoT-IoT,test,3509,DDoS,1,0.094811,0.262934,KNOWN
BoT-IoT,test,3510,DDoS,1,0.197584,0.262934,KNOWN
BoT-IoT,test,3511,DoS,1,0.258697,0.262934,KNOWN
BoT-IoT,test,3512,DDoS,1,0.103049,0.262934,KNOWN
BoT-IoT,test,3513,DDoS,1,0.046983,0.262934,KNOWN
BoT-IoT,test,3514,DoS,1,0.125523,0.262934,KNOWN
BoT-IoT,test,3515,DoS,1,0.007797,0.262934,KNOWN
BoT-IoT,test,3516,DDoS,1,0.111017,0.262934,KNOWN
BoT-IoT,test,3517,DoS,1,0.389301,0.262934,ZERO_DAY
BoT-IoT,test,3518,DoS,1,0.108261,0.262934,KNOWN
BoT-IoT,test,3519,Reconnaissance,1,0.046046,0.262934,KNOWN
BoT-IoT,test,3520,DoS,1,0.044274,0.262934,KNOWN
BoT-IoT,test,3521,DoS,1,0.004766,0.262934,KNOWN
BoT-IoT,test,3522,DDoS,1,0.027318,0.262934,KNOWN
BoT-IoT,test,3523,DoS,1,0.018205,0.262934,KNOWN
BoT-IoT,test,3524,DDoS,1,0.01128,0.262934,KNOWN
BoT-IoT,test,3525,DoS,1,0.232056,0.262934,KNOWN
BoT-IoT,test,3526,DDoS,1,0.029142,0.262934,KNOWN
BoT-IoT,test,3527,DoS,1,0.099194,0.262934,KNOWN
BoT-IoT,test,3528,DDoS,1,0.046973,0.262934,KNOWN
BoT-IoT,test,3529,DoS,1,0.090224,0.262934,KNOWN
BoT-IoT,test,3530,DoS,1,0.138811,0.262934,KNOWN
BoT-IoT,test,3531,DDoS,1,0.009522,0.262934,KNOWN
BoT-IoT,test,3532,DoS,1,0.145978,0.262934,KNOWN
BoT-IoT,test,3533,DoS,1,0.020867,0.262934,KNOWN
BoT-IoT,test,3534,DoS,1,0.079678,0.262934,KNOWN
BoT-IoT,test,3535,DDoS,1,0.122877,0.262934,KNOWN
BoT-IoT,test,3536,DDoS,1,0.023376,0.262934,KNOWN
BoT-IoT,test,3537,DDoS,1,0.188563,0.262934,KNOWN
BoT-IoT,test,3538,DoS,1,0.079266,0.262934,KNOWN
BoT-IoT,test,3539,DoS,1,0.091845,0.262934,KNOWN
BoT-IoT,test,3540,DoS,1,0.105437,0.262934,KNOWN
BoT-IoT,test,3541,DoS,1,0.155675,0.262934,KNOWN
BoT-IoT,test,3542,DoS,1,0.147805,0.262934,KNOWN
BoT-IoT,test,3543,DDoS,1,0.091495,0.262934,KNOWN
BoT-IoT,test,3544,DDoS,1,0.119847,0.262934,KNOWN
BoT-IoT,test,3545,DDoS,1,0.0625,0.262934,KNOWN
BoT-IoT,test,3546,DoS,1,0.021963,0.262934,KNOWN
BoT-IoT,test,3547,DoS,1,0.047733,0.262934,KNOWN
BoT-IoT,test,3548,DoS,1,0.193908,0.262934,KNOWN
BoT-IoT,test,3549,DDoS,1,0.076104,0.262934,KNOWN
BoT-IoT,test,3550,DoS,1,0.068516,0.262934,KNOWN
BoT-IoT,test,3551,DDoS,1,0.081133,0.262934,KNOWN
BoT-IoT,test,3552,DoS,1,0.124544,0.262934,KNOWN
BoT-IoT,test,3553,DDoS,1,0.079875,0.262934,KNOWN
BoT-IoT,test,3554,DDoS,1,0.110501,0.262934,KNOWN
BoT-IoT,test,3555,DoS,1,0.027913,0.262934,KNOWN
BoT-IoT,test,3556,DoS,1,0.034485,0.262934,KNOWN
BoT-IoT,test,3557,DoS,1,0.01412,0.262934,KNOWN
BoT-IoT,test,3558,DoS,1,0.196366,0.262934,KNOWN
BoT-IoT,test,3559,DoS,1,0.11023,0.262934,KNOWN
BoT-IoT,test,3560,DDoS,1,0.018487,0.262934,KNOWN
BoT-IoT,test,3561,DDoS,1,0.284989,0.262934,ZERO_DAY
BoT-IoT,test,3562,DoS,1,0.074765,0.262934,KNOWN
BoT-IoT,test,3563,DDoS,1,0.009357,0.262934,KNOWN
BoT-IoT,test,3564,DDoS,1,0.086096,0.262934,KNOWN
BoT-IoT,test,3565,DoS,1,0.006564,0.262934,KNOWN
BoT-IoT,test,3566,DDoS,1,0.047589,0.262934,KNOWN
BoT-IoT,test,3567,DDoS,1,0.023373,0.262934,KNOWN
BoT-IoT,test,3568,DoS,1,0.067768,0.262934,KNOWN
BoT-IoT,test,3569,Reconnaissance,1,0.180086,0.262934,KNOWN
BoT-IoT,test,3570,DDoS,1,0.015124,0.262934,KNOWN
BoT-IoT,test,3571,DoS,1,0.164838,0.262934,KNOWN
BoT-IoT,test,3572,DDoS,1,0.040171,0.262934,KNOWN
BoT-IoT,test,3573,DDoS,1,0.089978,0.262934,KNOWN
BoT-IoT,test,3574,DDoS,1,0.104998,0.262934,KNOWN
BoT-IoT,test,3575,DoS,1,0.434417,0.262934,ZERO_DAY
BoT-IoT,test,3576,DDoS,1,0.206679,0.262934,KNOWN
BoT-IoT,test,3577,DDoS,1,0.053289,0.262934,KNOWN
BoT-IoT,test,3578,Normal,1,0.172292,0.262934,KNOWN
BoT-IoT,test,3579,DDoS,1,0.161209,0.262934,KNOWN
BoT-IoT,test,3580,DDoS,1,0.049211,0.262934,KNOWN
BoT-IoT,test,3581,DoS,1,0.105034,0.262934,KNOWN
BoT-IoT,test,3582,DoS,1,0.033633,0.262934,KNOWN
BoT-IoT,test,3583,DDoS,1,0.132223,0.262934,KNOWN
BoT-IoT,test,3584,DoS,1,0.002388,0.262934,KNOWN
BoT-IoT,test,3585,DDoS,1,0.209725,0.262934,KNOWN
BoT-IoT,test,3586,DoS,1,0.040023,0.262934,KNOWN
BoT-IoT,test,3587,DoS,1,0.098058,0.262934,KNOWN
BoT-IoT,test,3588,DDoS,1,0.089998,0.262934,KNOWN
BoT-IoT,test,3589,DDoS,1,0.222615,0.262934,KNOWN
BoT-IoT,test,3590,DoS,1,0.17821,0.262934,KNOWN
BoT-IoT,test,3591,DDoS,1,0.101984,0.262934,KNOWN
BoT-IoT,test,3592,DDoS,1,0.016216,0.262934,KNOWN
BoT-IoT,test,3593,DDoS,1,0.035716,0.262934,KNOWN
BoT-IoT,test,3594,Normal,1,0.090567,0.262934,KNOWN
BoT-IoT,test,3595,DDoS,1,0.017546,0.262934,KNOWN
BoT-IoT,test,3596,DoS,1,0.008356,0.262934,KNOWN
BoT-IoT,test,3597,DDoS,1,0.009777,0.262934,KNOWN
BoT-IoT,test,3598,DDoS,1,0.101804,0.262934,KNOWN
BoT-IoT,test,3599,DDoS,1,0.036422,0.262934,KNOWN
BoT-IoT,test,3600,DDoS,1,0.039524,0.262934,KNOWN
BoT-IoT,test,3601,DDoS,1,0.031876,0.262934,KNOWN
BoT-IoT,test,3602,DDoS,1,0.043167,0.262934,KNOWN
BoT-IoT,test,3603,DoS,1,0.050782,0.262934,KNOWN
BoT-IoT,test,3604,Normal,1,0.008823,0.262934,KNOWN
BoT-IoT,test,3605,DDoS,1,0.286913,0.262934,ZERO_DAY
BoT-IoT,test,3606,Normal,1,0.319774,0.262934,ZERO_DAY
BoT-IoT,test,3607,DDoS,1,0.079265,0.262934,KNOWN
BoT-IoT,test,3608,DoS,1,0.091482,0.262934,KNOWN
BoT-IoT,test,3609,Normal,1,0.019729,0.262934,KNOWN
BoT-IoT,test,3610,DoS,1,0.065786,0.262934,KNOWN
BoT-IoT,test,3611,DDoS,1,0.050704,0.262934,KNOWN
BoT-IoT,test,3612,DoS,1,0.254931,0.262934,KNOWN
BoT-IoT,test,3613,DoS,1,0.090118,0.262934,KNOWN
BoT-IoT,test,3614,DDoS,1,0.023571,0.262934,KNOWN
BoT-IoT,test,3615,DoS,1,0.242397,0.262934,KNOWN
BoT-IoT,test,3616,DDoS,1,0.039088,0.262934,KNOWN
BoT-IoT,test,3617,DDoS,1,0.057133,0.262934,KNOWN
BoT-IoT,test,3618,DoS,1,0.183732,0.262934,KNOWN
BoT-IoT,test,3619,DDoS,1,0.161988,0.262934,KNOWN
BoT-IoT,test,3620,DDoS,1,0.175769,0.262934,KNOWN
BoT-IoT,test,3621,DDoS,1,0.039293,0.262934,KNOWN
BoT-IoT,test,3622,DoS,1,0.200846,0.262934,KNOWN
BoT-IoT,test,3623,DDoS,1,0.053304,0.262934,KNOWN
BoT-IoT,test,3624,DoS,1,0.086015,0.262934,KNOWN
BoT-IoT,test,3625,DDoS,1,0.038715,0.262934,KNOWN
BoT-IoT,test,3626,DoS,1,0.13446,0.262934,KNOWN
BoT-IoT,test,3627,DoS,1,0.245719,0.262934,KNOWN
BoT-IoT,test,3628,DoS,1,0.147976,0.262934,KNOWN
BoT-IoT,test,3629,DDoS,1,0.096658,0.262934,KNOWN
BoT-IoT,test,3630,DDoS,1,0.064228,0.262934,KNOWN
BoT-IoT,test,3631,DDoS,1,0.267563,0.262934,ZERO_DAY
BoT-IoT,test,3632,DDoS,1,0.020931,0.262934,KNOWN
BoT-IoT,test,3633,DoS,1,0.050768,0.262934,KNOWN
BoT-IoT,test,3634,DoS,1,0.196528,0.262934,KNOWN
BoT-IoT,test,3635,DoS,1,0.006406,0.262934,KNOWN
BoT-IoT,test,3636,DDoS,1,0.169316,0.262934,KNOWN
BoT-IoT,test,3637,DDoS,1,0.010262,0.262934,KNOWN
BoT-IoT,test,3638,DoS,1,0.100908,0.262934,KNOWN
BoT-IoT,test,3639,DDoS,1,0.07991,0.262934,KNOWN
BoT-IoT,test,3640,DDoS,1,0.329407,0.262934,ZERO_DAY
BoT-IoT,test,3641,DoS,1,0.115152,0.262934,KNOWN
BoT-IoT,test,3642,DDoS,1,0.175283,0.262934,KNOWN
BoT-IoT,test,3643,DDoS,1,0.008158,0.262934,KNOWN
BoT-IoT,test,3644,DDoS,1,0.096363,0.262934,KNOWN
BoT-IoT,test,3645,Reconnaissance,1,0.183855,0.262934,KNOWN
BoT-IoT,test,3646,DDoS,1,0.080963,0.262934,KNOWN
BoT-IoT,test,3647,DDoS,1,0.072483,0.262934,KNOWN
BoT-IoT,test,3648,DDoS,1,0.196956,0.262934,KNOWN
BoT-IoT,test,3649,DoS,1,0.003157,0.262934,KNOWN
BoT-IoT,test,3650,DDoS,1,0.163684,0.262934,KNOWN
BoT-IoT,test,3651,DDoS,1,0.152408,0.262934,KNOWN
BoT-IoT,test,3652,DoS,1,0.069914,0.262934,KNOWN
BoT-IoT,test,3653,DDoS,1,0.095709,0.262934,KNOWN
BoT-IoT,test,3654,DDoS,1,0.100523,0.262934,KNOWN
BoT-IoT,test,3655,DDoS,1,0.097404,0.262934,KNOWN
BoT-IoT,test,3656,DoS,1,0.049953,0.262934,KNOWN
BoT-IoT,test,3657,DoS,1,0.040249,0.262934,KNOWN
BoT-IoT,test,3658,DoS,1,0.170145,0.262934,KNOWN
BoT-IoT,test,3659,DDoS,1,0.09705,0.262934,KNOWN
BoT-IoT,test,3660,DDoS,1,0.023071,0.262934,KNOWN
BoT-IoT,test,3661,DDoS,1,0.044384,0.262934,KNOWN
BoT-IoT,test,3662,DDoS,1,0.028362,0.262934,KNOWN
BoT-IoT,test,3663,DDoS,1,0.082359,0.262934,KNOWN
BoT-IoT,test,3664,DDoS,1,0.089528,0.262934,KNOWN
BoT-IoT,test,3665,DoS,1,0.026672,0.262934,KNOWN
BoT-IoT,test,3666,DoS,1,0.11283,0.262934,KNOWN
BoT-IoT,test,3667,DDoS,1,0.078256,0.262934,KNOWN
BoT-IoT,test,3668,DoS,1,0.037345,0.262934,KNOWN
BoT-IoT,test,3669,DDoS,1,0.098127,0.262934,KNOWN
BoT-IoT,test,3670,DoS,1,0.083501,0.262934,KNOWN
BoT-IoT,test,3671,DDoS,1,0.087108,0.262934,KNOWN
BoT-IoT,test,3672,DDoS,1,0.025527,0.262934,KNOWN
BoT-IoT,test,3673,DoS,1,0.015118,0.262934,KNOWN
BoT-IoT,test,3674,DoS,1,0.191099,0.262934,KNOWN
BoT-IoT,test,3675,DDoS,1,0.170887,0.262934,KNOWN
BoT-IoT,test,3676,DDoS,1,0.022228,0.262934,KNOWN
BoT-IoT,test,3677,DoS,1,0.071604,0.262934,KNOWN
BoT-IoT,test,3678,DoS,1,0.096736,0.262934,KNOWN
BoT-IoT,test,3679,DDoS,1,0.0121,0.262934,KNOWN
BoT-IoT,test,3680,Normal,1,0.134257,0.262934,KNOWN
BoT-IoT,test,3681,DoS,1,0.023873,0.262934,KNOWN
BoT-IoT,test,3682,DoS,1,0.019082,0.262934,KNOWN
BoT-IoT,test,3683,DDoS,1,0.149146,0.262934,KNOWN
BoT-IoT,test,3684,DoS,1,0.016737,0.262934,KNOWN
BoT-IoT,test,3685,Normal,1,0.130437,0.262934,KNOWN
BoT-IoT,test,3686,DDoS,1,0.008719,0.262934,KNOWN
BoT-IoT,test,3687,DoS,1,0.122787,0.262934,KNOWN
BoT-IoT,test,3688,DoS,1,0.014121,0.262934,KNOWN
BoT-IoT,test,3689,DoS,1,0.156351,0.262934,KNOWN
BoT-IoT,test,3690,DoS,1,0.027317,0.262934,KNOWN
BoT-IoT,test,3691,DDoS,1,0.055137,0.262934,KNOWN
BoT-IoT,test,3692,DDoS,1,0.07706,0.262934,KNOWN
BoT-IoT,test,3693,DoS,1,0.020456,0.262934,KNOWN
BoT-IoT,test,3694,DDoS,1,0.141609,0.262934,KNOWN
BoT-IoT,test,3695,DDoS,1,0.023092,0.262934,KNOWN
BoT-IoT,test,3696,DDoS,1,0.216438,0.262934,KNOWN
BoT-IoT,test,3697,DoS,1,0.225664,0.262934,KNOWN
BoT-IoT,test,3698,DoS,1,0.326009,0.262934,ZERO_DAY
BoT-IoT,test,3699,DDoS,1,0.093531,0.262934,KNOWN
BoT-IoT,test,3700,DoS,1,0.208064,0.262934,KNOWN
BoT-IoT,test,3701,DDoS,1,0.169027,0.262934,KNOWN
BoT-IoT,test,3702,DoS,1,0.010944,0.262934,KNOWN
BoT-IoT,test,3703,DoS,1,0.044836,0.262934,KNOWN
BoT-IoT,test,3704,DoS,1,0.296704,0.262934,ZERO_DAY
BoT-IoT,test,3705,DoS,1,0.083835,0.262934,KNOWN
BoT-IoT,test,3706,DoS,1,0.227696,0.262934,KNOWN
BoT-IoT,test,3707,DoS,1,0.028725,0.262934,KNOWN
BoT-IoT,test,3708,DDoS,1,0.020959,0.262934,KNOWN
BoT-IoT,test,3709,DoS,1,0.03411,0.262934,KNOWN
BoT-IoT,test,3710,DDoS,1,0.069953,0.262934,KNOWN
BoT-IoT,test,3711,DoS,1,0.013032,0.262934,KNOWN
BoT-IoT,test,3712,DoS,1,0.109065,0.262934,KNOWN
BoT-IoT,test,3713,Normal,1,0.385539,0.262934,ZERO_DAY
BoT-IoT,test,3714,DoS,1,0.128817,0.262934,KNOWN
BoT-IoT,test,3715,DoS,1,0.062298,0.262934,KNOWN
BoT-IoT,test,3716,DDoS,1,0.026461,0.262934,KNOWN
BoT-IoT,test,3717,DoS,1,0.019703,0.262934,KNOWN
BoT-IoT,test,3718,DDoS,1,0.285531,0.262934,ZERO_DAY
BoT-IoT,test,3719,DDoS,1,0.291109,0.262934,ZERO_DAY
BoT-IoT,test,3720,DoS,1,0.063085,0.262934,KNOWN
BoT-IoT,test,3721,DDoS,1,0.117337,0.262934,KNOWN
BoT-IoT,test,3722,DDoS,1,0.018543,0.262934,KNOWN
BoT-IoT,test,3723,DoS,1,0.036163,0.262934,KNOWN
BoT-IoT,test,3724,DDoS,1,0.366091,0.262934,ZERO_DAY
BoT-IoT,test,3725,Normal,1,0.082734,0.262934,KNOWN
BoT-IoT,test,3726,DoS,1,0.172642,0.262934,KNOWN
BoT-IoT,test,3727,DDoS,1,0.171864,0.262934,KNOWN
BoT-IoT,test,3728,DoS,1,0.216953,0.262934,KNOWN
BoT-IoT,test,3729,Normal,1,0.035473,0.262934,KNOWN
BoT-IoT,test,3730,DoS,1,0.055607,0.262934,KNOWN
BoT-IoT,test,3731,DoS,1,0.191504,0.262934,KNOWN
BoT-IoT,test,3732,DoS,1,0.023603,0.262934,KNOWN
BoT-IoT,test,3733,Reconnaissance,1,0.104728,0.262934,KNOWN
BoT-IoT,test,3734,DDoS,1,0.370203,0.262934,ZERO_DAY
BoT-IoT,test,3735,Reconnaissance,1,0.006434,0.262934,KNOWN
BoT-IoT,test,3736,DoS,1,0.054492,0.262934,KNOWN
BoT-IoT,test,3737,DDoS,1,0.003416,0.262934,KNOWN
BoT-IoT,test,3738,DoS,1,0.037846,0.262934,KNOWN
BoT-IoT,test,3739,DDoS,1,0.042476,0.262934,KNOWN
BoT-IoT,test,3740,DDoS,1,0.109165,0.262934,KNOWN
BoT-IoT,test,3741,DDoS,1,0.237126,0.262934,KNOWN
BoT-IoT,test,3742,DDoS,1,0.065039,0.262934,KNOWN
BoT-IoT,test,3743,DDoS,1,0.017889,0.262934,KNOWN
BoT-IoT,test,3744,DoS,1,0.119438,0.262934,KNOWN
BoT-IoT,test,3745,DoS,1,0.073028,0.262934,KNOWN
BoT-IoT,test,3746,DoS,1,0.001086,0.262934,KNOWN
BoT-IoT,test,3747,DoS,1,0.226751,0.262934,KNOWN
BoT-IoT,test,3748,DDoS,1,0.020591,0.262934,KNOWN
BoT-IoT,test,3749,DDoS,1,0.130424,0.262934,KNOWN
BoT-IoT,test,3750,DoS,1,0.060352,0.262934,KNOWN
BoT-IoT,test,3751,DoS,1,0.167632,0.262934,KNOWN
BoT-IoT,test,3752,Normal,1,0.095242,0.262934,KNOWN
BoT-IoT,test,3753,DDoS,1,0.024044,0.262934,KNOWN
BoT-IoT,test,3754,DoS,1,0.113774,0.262934,KNOWN
BoT-IoT,test,3755,DDoS,1,0.223197,0.262934,KNOWN
BoT-IoT,test,3756,DoS,1,0.074145,0.262934,KNOWN
BoT-IoT,test,3757,DoS,1,0.082551,0.262934,KNOWN
BoT-IoT,test,3758,DDoS,1,0.126034,0.262934,KNOWN
BoT-IoT,test,3759,DDoS,1,0.055369,0.262934,KNOWN
BoT-IoT,test,3760,DoS,1,0.00962,0.262934,KNOWN
BoT-IoT,test,3761,DDoS,1,0.057431,0.262934,KNOWN
BoT-IoT,test,3762,DoS,1,0.173091,0.262934,KNOWN
BoT-IoT,test,3763,DoS,1,0.025466,0.262934,KNOWN
BoT-IoT,test,3764,DoS,1,0.0464,0.262934,KNOWN
BoT-IoT,test,3765,DDoS,1,0.030882,0.262934,KNOWN
BoT-IoT,test,3766,DoS,1,0.065295,0.262934,KNOWN
BoT-IoT,test,3767,DDoS,1,0.032622,0.262934,KNOWN
BoT-IoT,test,3768,DDoS,1,0.026732,0.262934,KNOWN
BoT-IoT,test,3769,DDoS,1,0.113951,0.262934,KNOWN
BoT-IoT,test,3770,DDoS,1,0.043973,0.262934,KNOWN
BoT-IoT,test,3771,DDoS,1,0.13901,0.262934,KNOWN
BoT-IoT,test,3772,DDoS,1,0.006692,0.262934,KNOWN
BoT-IoT,test,3773,DoS,1,0.118928,0.262934,KNOWN
BoT-IoT,test,3774,DDoS,1,0.177211,0.262934,KNOWN
BoT-IoT,test,3775,DDoS,1,0.120243,0.262934,KNOWN
BoT-IoT,test,3776,DDoS,1,0.045792,0.262934,KNOWN
BoT-IoT,test,3777,DoS,1,0.235211,0.262934,KNOWN
BoT-IoT,test,3778,DDoS,1,0.193204,0.262934,KNOWN
BoT-IoT,test,3779,DDoS,1,0.016236,0.262934,KNOWN
BoT-IoT,test,3780,DoS,1,0.040876,0.262934,KNOWN
BoT-IoT,test,3781,DoS,1,0.059093,0.262934,KNOWN
BoT-IoT,test,3782,DDoS,1,0.022404,0.262934,KNOWN
BoT-IoT,test,3783,DDoS,1,0.107921,0.262934,KNOWN
BoT-IoT,test,3784,DoS,1,0.042847,0.262934,KNOWN
BoT-IoT,test,3785,DDoS,1,0.057845,0.262934,KNOWN
BoT-IoT,test,3786,DoS,1,0.053851,0.262934,KNOWN
BoT-IoT,test,3787,DoS,1,0.017135,0.262934,KNOWN
BoT-IoT,test,3788,DoS,1,0.042903,0.262934,KNOWN
BoT-IoT,test,3789,DDoS,1,0.055689,0.262934,KNOWN
BoT-IoT,test,3790,DoS,1,0.155977,0.262934,KNOWN
BoT-IoT,test,3791,DDoS,1,0.15425,0.262934,KNOWN
BoT-IoT,test,3792,DoS,1,0.276444,0.262934,ZERO_DAY
BoT-IoT,test,3793,DoS,1,0.200571,0.262934,KNOWN
BoT-IoT,test,3794,DoS,1,0.033217,0.262934,KNOWN
BoT-IoT,test,3795,DoS,1,0.210964,0.262934,KNOWN
BoT-IoT,test,3796,DDoS,1,0.220076,0.262934,KNOWN
BoT-IoT,test,3797,Normal,1,0.030458,0.262934,KNOWN
BoT-IoT,test,3798,DDoS,1,0.085894,0.262934,KNOWN
BoT-IoT,test,3799,DDoS,1,0.003723,0.262934,KNOWN
BoT-IoT,test,3800,DoS,1,0.099338,0.262934,KNOWN
BoT-IoT,test,3801,DDoS,1,0.08383,0.262934,KNOWN
BoT-IoT,test,3802,DoS,1,0.078364,0.262934,KNOWN
BoT-IoT,test,3803,DDoS,1,0.014623,0.262934,KNOWN
BoT-IoT,test,3804,DDoS,1,0.217841,0.262934,KNOWN
BoT-IoT,test,3805,DDoS,1,0.152389,0.262934,KNOWN
BoT-IoT,test,3806,DoS,1,0.051778,0.262934,KNOWN
BoT-IoT,test,3807,DDoS,1,0.144686,0.262934,KNOWN
BoT-IoT,test,3808,DoS,1,0.067117,0.262934,KNOWN
BoT-IoT,test,3809,DDoS,1,0.021687,0.262934,KNOWN
BoT-IoT,test,3810,DoS,1,0.081832,0.262934,KNOWN
BoT-IoT,test,3811,DDoS,1,0.062306,0.262934,KNOWN
BoT-IoT,test,3812,DDoS,1,0.016178,0.262934,KNOWN
BoT-IoT,test,3813,DDoS,1,0.271651,0.262934,ZERO_DAY
BoT-IoT,test,3814,DoS,1,0.037321,0.262934,KNOWN
BoT-IoT,test,3815,DDoS,1,0.146144,0.262934,KNOWN
BoT-IoT,test,3816,DDoS,1,0.267702,0.262934,ZERO_DAY
BoT-IoT,test,3817,DDoS,1,0.192362,0.262934,KNOWN
BoT-IoT,test,3818,DDoS,1,0.052574,0.262934,KNOWN
BoT-IoT,test,3819,DoS,1,0.016853,0.262934,KNOWN
BoT-IoT,test,3820,DoS,1,0.093086,0.262934,KNOWN
BoT-IoT,test,3821,DDoS,1,0.021335,0.262934,KNOWN
BoT-IoT,test,3822,DDoS,1,0.054445,0.262934,KNOWN
BoT-IoT,test,3823,DoS,1,0.159929,0.262934,KNOWN
BoT-IoT,test,3824,DDoS,1,0.033306,0.262934,KNOWN
BoT-IoT,test,3825,DoS,1,0.010147,0.262934,KNOWN
BoT-IoT,test,3826,DDoS,1,0.016025,0.262934,KNOWN
BoT-IoT,test,3827,DDoS,1,0.059353,0.262934,KNOWN
BoT-IoT,test,3828,DDoS,1,0.045959,0.262934,KNOWN
BoT-IoT,test,3829,DoS,1,0.099752,0.262934,KNOWN
BoT-IoT,test,3830,DDoS,1,0.17324,0.262934,KNOWN
BoT-IoT,test,3831,DDoS,1,0.355845,0.262934,ZERO_DAY
BoT-IoT,test,3832,DDoS,1,0.190535,0.262934,KNOWN
BoT-IoT,test,3833,DDoS,1,0.080599,0.262934,KNOWN
BoT-IoT,test,3834,DoS,1,0.04744,0.262934,KNOWN
BoT-IoT,test,3835,Normal,1,0.195764,0.262934,KNOWN
BoT-IoT,test,3836,DDoS,1,0.111064,0.262934,KNOWN
BoT-IoT,test,3837,DoS,1,0.080742,0.262934,KNOWN
BoT-IoT,test,3838,Normal,1,0.047047,0.262934,KNOWN
BoT-IoT,test,3839,DoS,1,0.071172,0.262934,KNOWN
BoT-IoT,test,3840,DDoS,1,0.059072,0.262934,KNOWN
BoT-IoT,test,3841,Reconnaissance,1,0.037449,0.262934,KNOWN
BoT-IoT,test,3842,DDoS,1,0.022539,0.262934,KNOWN
BoT-IoT,test,3843,DDoS,1,0.051577,0.262934,KNOWN
BoT-IoT,test,3844,DDoS,1,0.113136,0.262934,KNOWN
BoT-IoT,test,3845,DoS,1,0.009892,0.262934,KNOWN
BoT-IoT,test,3846,DoS,1,0.12572,0.262934,KNOWN
BoT-IoT,test,3847,DDoS,1,0.018943,0.262934,KNOWN
BoT-IoT,test,3848,DDoS,1,0.143821,0.262934,KNOWN
BoT-IoT,test,3849,DDoS,1,0.121712,0.262934,KNOWN
BoT-IoT,test,3850,DoS,1,0.094003,0.262934,KNOWN
BoT-IoT,test,3851,DDoS,1,0.061225,0.262934,KNOWN
BoT-IoT,test,3852,DDoS,1,0.126097,0.262934,KNOWN
BoT-IoT,test,3853,DDoS,1,0.116001,0.262934,KNOWN
BoT-IoT,test,3854,DDoS,1,0.141326,0.262934,KNOWN
BoT-IoT,test,3855,DDoS,1,0.147626,0.262934,KNOWN
BoT-IoT,test,3856,DDoS,1,0.018254,0.262934,KNOWN
BoT-IoT,test,3857,DDoS,1,0.241687,0.262934,KNOWN
BoT-IoT,test,3858,Reconnaissance,1,0.138081,0.262934,KNOWN
BoT-IoT,test,3859,DDoS,1,0.17101,0.262934,KNOWN
BoT-IoT,test,3860,DDoS,1,0.028266,0.262934,KNOWN
BoT-IoT,test,3861,DoS,1,0.009036,0.262934,KNOWN
BoT-IoT,test,3862,Normal,1,0.06752,0.262934,KNOWN
BoT-IoT,test,3863,DoS,1,0.041691,0.262934,KNOWN
BoT-IoT,test,3864,DoS,1,0.248698,0.262934,KNOWN
BoT-IoT,test,3865,DDoS,1,0.049356,0.262934,KNOWN
BoT-IoT,test,3866,DDoS,1,0.106216,0.262934,KNOWN
BoT-IoT,test,3867,Normal,1,0.009576,0.262934,KNOWN
BoT-IoT,test,3868,DDoS,1,0.105991,0.262934,KNOWN
BoT-IoT,test,3869,DDoS,1,0.108717,0.262934,KNOWN
BoT-IoT,test,3870,DoS,1,0.077663,0.262934,KNOWN
BoT-IoT,test,3871,DoS,1,0.153754,0.262934,KNOWN
BoT-IoT,test,3872,DoS,1,0.025772,0.262934,KNOWN
BoT-IoT,test,3873,DDoS,1,0.047506,0.262934,KNOWN
BoT-IoT,test,3874,DDoS,1,0.070852,0.262934,KNOWN
BoT-IoT,test,3875,DoS,1,0.028563,0.262934,KNOWN
BoT-IoT,test,3876,DoS,1,0.022758,0.262934,KNOWN
BoT-IoT,test,3877,DoS,1,0.190092,0.262934,KNOWN
BoT-IoT,test,3878,DoS,1,0.033463,0.262934,KNOWN
BoT-IoT,test,3879,DoS,1,0.144286,0.262934,KNOWN
BoT-IoT,test,3880,DoS,1,0.084831,0.262934,KNOWN
BoT-IoT,test,3881,DDoS,1,0.104945,0.262934,KNOWN
BoT-IoT,test,3882,DDoS,1,0.012012,0.262934,KNOWN
BoT-IoT,test,3883,Normal,1,0.133953,0.262934,KNOWN
BoT-IoT,test,3884,DoS,1,0.197127,0.262934,KNOWN
BoT-IoT,test,3885,DDoS,1,0.14405,0.262934,KNOWN
BoT-IoT,test,3886,DoS,1,0.246391,0.262934,KNOWN
BoT-IoT,test,3887,DDoS,1,0.106776,0.262934,KNOWN
BoT-IoT,test,3888,DoS,1,0.011138,0.262934,KNOWN
BoT-IoT,test,3889,DoS,1,0.01714,0.262934,KNOWN
BoT-IoT,test,3890,DoS,1,0.045178,0.262934,KNOWN
BoT-IoT,test,3891,DoS,1,0.131168,0.262934,KNOWN
BoT-IoT,test,3892,DoS,1,0.184149,0.262934,KNOWN
BoT-IoT,test,3893,DoS,1,0.072581,0.262934,KNOWN
BoT-IoT,test,3894,Normal,1,0.01252,0.262934,KNOWN
BoT-IoT,test,3895,DDoS,1,0.049981,0.262934,KNOWN
BoT-IoT,test,3896,DDoS,1,0.058178,0.262934,KNOWN
BoT-IoT,test,3897,DDoS,1,0.020958,0.262934,KNOWN
BoT-IoT,test,3898,DDoS,1,0.161307,0.262934,KNOWN
BoT-IoT,test,3899,DoS,1,0.035534,0.262934,KNOWN
BoT-IoT,test,3900,DDoS,1,0.024829,0.262934,KNOWN
BoT-IoT,test,3901,DDoS,1,0.054364,0.262934,KNOWN
BoT-IoT,test,3902,DDoS,1,0.00668,0.262934,KNOWN
BoT-IoT,test,3903,DoS,1,0.116796,0.262934,KNOWN
BoT-IoT,test,3904,DoS,1,0.070614,0.262934,KNOWN
BoT-IoT,test,3905,DDoS,1,0.053233,0.262934,KNOWN
BoT-IoT,test,3906,DDoS,1,0.269431,0.262934,ZERO_DAY
BoT-IoT,test,3907,DoS,1,0.311785,0.262934,ZERO_DAY
BoT-IoT,test,3908,DDoS,1,0.344601,0.262934,ZERO_DAY
BoT-IoT,test,3909,DoS,1,0.071613,0.262934,KNOWN
BoT-IoT,test,3910,DDoS,1,0.051778,0.262934,KNOWN
BoT-IoT,test,3911,DoS,1,0.032088,0.262934,KNOWN
BoT-IoT,test,3912,DDoS,1,0.064608,0.262934,KNOWN
BoT-IoT,test,3913,DoS,1,0.1532,0.262934,KNOWN
BoT-IoT,test,3914,Reconnaissance,1,0.024162,0.262934,KNOWN
BoT-IoT,test,3915,DoS,1,0.239343,0.262934,KNOWN
BoT-IoT,test,3916,DDoS,1,0.019949,0.262934,KNOWN
BoT-IoT,test,3917,DoS,1,0.369945,0.262934,ZERO_DAY
BoT-IoT,test,3918,DoS,1,0.017721,0.262934,KNOWN
BoT-IoT,test,3919,Normal,1,0.0191,0.262934,KNOWN
BoT-IoT,test,3920,DDoS,1,0.028996,0.262934,KNOWN
BoT-IoT,test,3921,DDoS,1,0.078888,0.262934,KNOWN
BoT-IoT,test,3922,DDoS,1,0.041044,0.262934,KNOWN
BoT-IoT,test,3923,DoS,1,0.078118,0.262934,KNOWN
BoT-IoT,test,3924,DDoS,1,0.211875,0.262934,KNOWN
BoT-IoT,test,3925,DoS,1,0.052954,0.262934,KNOWN
BoT-IoT,test,3926,DoS,1,0.016062,0.262934,KNOWN
BoT-IoT,test,3927,DDoS,1,0.020303,0.262934,KNOWN
BoT-IoT,test,3928,Reconnaissance,1,0.050816,0.262934,KNOWN
BoT-IoT,test,3929,DoS,1,0.121958,0.262934,KNOWN
BoT-IoT,test,3930,DDoS,1,0.096623,0.262934,KNOWN
BoT-IoT,test,3931,DDoS,1,0.191424,0.262934,KNOWN
BoT-IoT,test,3932,DoS,1,0.132014,0.262934,KNOWN
BoT-IoT,test,3933,DDoS,1,0.036986,0.262934,KNOWN
BoT-IoT,test,3934,DDoS,1,0.08385,0.262934,KNOWN
BoT-IoT,test,3935,DoS,1,0.055664,0.262934,KNOWN
BoT-IoT,test,3936,DoS,1,0.161252,0.262934,KNOWN
BoT-IoT,test,3937,DoS,1,0.081855,0.262934,KNOWN
BoT-IoT,test,3938,DoS,1,0.265938,0.262934,ZERO_DAY
BoT-IoT,test,3939,DoS,1,0.136702,0.262934,KNOWN
BoT-IoT,test,3940,Normal,1,0.005999,0.262934,KNOWN
BoT-IoT,test,3941,DDoS,1,0.028968,0.262934,KNOWN
BoT-IoT,test,3942,DoS,1,0.009213,0.262934,KNOWN
BoT-IoT,test,3943,DDoS,1,0.03306,0.262934,KNOWN
BoT-IoT,test,3944,DDoS,1,0.04163,0.262934,KNOWN
BoT-IoT,test,3945,DDoS,1,0.065018,0.262934,KNOWN
BoT-IoT,test,3946,DoS,1,0.002182,0.262934,KNOWN
BoT-IoT,test,3947,DDoS,1,0.145957,0.262934,KNOWN
BoT-IoT,test,3948,DoS,1,0.044961,0.262934,KNOWN
BoT-IoT,test,3949,DDoS,1,0.184466,0.262934,KNOWN
BoT-IoT,test,3950,DDoS,1,0.025007,0.262934,KNOWN
BoT-IoT,test,3951,DoS,1,0.054537,0.262934,KNOWN
BoT-IoT,test,3952,DDoS,1,0.108164,0.262934,KNOWN
BoT-IoT,test,3953,Normal,1,0.135475,0.262934,KNOWN
BoT-IoT,test,3954,DoS,1,0.16905,0.262934,KNOWN
BoT-IoT,test,3955,DoS,1,0.302047,0.262934,ZERO_DAY
BoT-IoT,test,3956,DoS,1,0.065792,0.262934,KNOWN
BoT-IoT,test,3957,DoS,1,0.055101,0.262934,KNOWN
BoT-IoT,test,3958,DDoS,1,0.075221,0.262934,KNOWN
BoT-IoT,test,3959,DDoS,1,0.249833,0.262934,KNOWN
BoT-IoT,test,3960,DoS,1,0.151299,0.262934,KNOWN
BoT-IoT,test,3961,DoS,1,0.029799,0.262934,KNOWN
BoT-IoT,test,3962,DoS,1,0.004727,0.262934,KNOWN
BoT-IoT,test,3963,DDoS,1,0.085464,0.262934,KNOWN
BoT-IoT,test,3964,DDoS,1,0.028071,0.262934,KNOWN
BoT-IoT,test,3965,DDoS,1,0.05401,0.262934,KNOWN
BoT-IoT,test,3966,DDoS,1,0.037307,0.262934,KNOWN
BoT-IoT,test,3967,DoS,1,0.159911,0.262934,KNOWN
BoT-IoT,test,3968,DDoS,1,0.156962,0.262934,KNOWN
BoT-IoT,test,3969,DDoS,1,0.132617,0.262934,KNOWN
BoT-IoT,test,3970,DoS,1,0.476941,0.262934,ZERO_DAY
BoT-IoT,test,3971,DDoS,1,0.031259,0.262934,KNOWN
BoT-IoT,test,3972,DoS,1,0.074711,0.262934,KNOWN
BoT-IoT,test,3973,DDoS,1,0.045146,0.262934,KNOWN
BoT-IoT,test,3974,DoS,1,0.340272,0.262934,ZERO_DAY
BoT-IoT,test,3975,DDoS,1,0.211586,0.262934,KNOWN
BoT-IoT,test,3976,DoS,1,0.074466,0.262934,KNOWN
BoT-IoT,test,3977,DDoS,1,0.160461,0.262934,KNOWN
BoT-IoT,test,3978,Reconnaissance,1,0.08407,0.262934,KNOWN
BoT-IoT,test,3979,DoS,1,0.05561,0.262934,KNOWN
BoT-IoT,test,3980,DoS,1,0.153726,0.262934,KNOWN
BoT-IoT,test,3981,Reconnaissance,1,0.01665,0.262934,KNOWN
BoT-IoT,test,3982,DDoS,1,0.026037,0.262934,KNOWN
BoT-IoT,test,3983,DDoS,1,0.488834,0.262934,ZERO_DAY
BoT-IoT,test,3984,DoS,1,0.018409,0.262934,KNOWN
BoT-IoT,test,3985,DoS,1,0.025267,0.262934,KNOWN
BoT-IoT,test,3986,DDoS,1,0.003753,0.262934,KNOWN
BoT-IoT,test,3987,DoS,1,0.047662,0.262934,KNOWN
BoT-IoT,test,3988,DoS,1,0.033997,0.262934,KNOWN
BoT-IoT,test,3989,DDoS,1,0.271494,0.262934,ZERO_DAY
BoT-IoT,test,3990,DDoS,1,0.054321,0.262934,KNOWN
BoT-IoT,test,3991,DDoS,1,0.049095,0.262934,KNOWN
BoT-IoT,test,3992,DoS,1,0.089854,0.262934,KNOWN
BoT-IoT,test,3993,DDoS,1,0.299204,0.262934,ZERO_DAY
BoT-IoT,test,3994,DDoS,1,0.102882,0.262934,KNOWN
BoT-IoT,test,3995,DDoS,1,0.01452,0.262934,KNOWN
BoT-IoT,test,3996,DDoS,1,0.154572,0.262934,KNOWN
BoT-IoT,test,3997,DDoS,1,0.222277,0.262934,KNOWN
BoT-IoT,test,3998,DDoS,1,0.045948,0.262934,KNOWN
BoT-IoT,test,3999,DoS,1,0.016419,0.262934,KNOWN
BoT-IoT,test,4000,DoS,1,0.108219,0.262934,KNOWN
BoT-IoT,test,4001,DoS,1,0.107074,0.262934,KNOWN
BoT-IoT,test,4002,DDoS,1,0.29669,0.262934,ZERO_DAY
BoT-IoT,test,4003,DoS,1,0.040517,0.262934,KNOWN
BoT-IoT,test,4004,DDoS,1,0.046008,0.262934,KNOWN
BoT-IoT,test,4005,DDoS,1,0.11739,0.262934,KNOWN
BoT-IoT,test,4006,DDoS,1,0.059621,0.262934,KNOWN
BoT-IoT,test,4007,DoS,1,0.377978,0.262934,ZERO_DAY
BoT-IoT,test,4008,DDoS,1,0.082629,0.262934,KNOWN
BoT-IoT,test,4009,DDoS,1,0.055584,0.262934,KNOWN
BoT-IoT,test,4010,DoS,1,0.216195,0.262934,KNOWN
BoT-IoT,test,4011,DoS,1,0.083669,0.262934,KNOWN
BoT-IoT,test,4012,DoS,1,0.065822,0.262934,KNOWN
BoT-IoT,test,4013,DoS,1,0.08533,0.262934,KNOWN
BoT-IoT,test,4014,DDoS,1,0.100981,0.262934,KNOWN
BoT-IoT,test,4015,DDoS,1,0.232396,0.262934,KNOWN
BoT-IoT,test,4016,DDoS,1,0.248889,0.262934,KNOWN
BoT-IoT,test,4017,DDoS,1,0.217242,0.262934,KNOWN
BoT-IoT,test,4018,DDoS,1,0.013757,0.262934,KNOWN
BoT-IoT,test,4019,DoS,1,0.082387,0.262934,KNOWN
BoT-IoT,test,4020,DoS,1,0.026442,0.262934,KNOWN
BoT-IoT,test,4021,DDoS,1,0.02296,0.262934,KNOWN
BoT-IoT,test,4022,DoS,1,0.01256,0.262934,KNOWN
BoT-IoT,test,4023,DDoS,1,0.144743,0.262934,KNOWN
BoT-IoT,test,4024,DoS,1,0.028487,0.262934,KNOWN
BoT-IoT,test,4025,DDoS,1,0.081783,0.262934,KNOWN
BoT-IoT,test,4026,DDoS,1,0.155497,0.262934,KNOWN
BoT-IoT,test,4027,DoS,1,0.151939,0.262934,KNOWN
BoT-IoT,test,4028,DoS,1,0.101746,0.262934,KNOWN
BoT-IoT,test,4029,DDoS,1,0.011529,0.262934,KNOWN
BoT-IoT,test,4030,DoS,1,0.055607,0.262934,KNOWN
BoT-IoT,test,4031,DoS,1,0.22334,0.262934,KNOWN
BoT-IoT,test,4032,DDoS,1,0.318169,0.262934,ZERO_DAY
BoT-IoT,test,4033,DoS,1,0.199442,0.262934,KNOWN
BoT-IoT,test,4034,DDoS,1,0.12725,0.262934,KNOWN
BoT-IoT,test,4035,DoS,1,0.013878,0.262934,KNOWN
BoT-IoT,test,4036,DDoS,1,0.188204,0.262934,KNOWN
BoT-IoT,test,4037,DDoS,1,0.190735,0.262934,KNOWN
BoT-IoT,test,4038,DDoS,1,0.058968,0.262934,KNOWN
BoT-IoT,test,4039,DoS,1,0.236294,0.262934,KNOWN
BoT-IoT,test,4040,DoS,1,0.05232,0.262934,KNOWN
BoT-IoT,test,4041,DoS,1,0.06065,0.262934,KNOWN
BoT-IoT,test,4042,DDoS,1,0.021946,0.262934,KNOWN
BoT-IoT,test,4043,DDoS,1,0.104222,0.262934,KNOWN
BoT-IoT,test,4044,Normal,1,0.025823,0.262934,KNOWN
BoT-IoT,test,4045,DDoS,1,0.061588,0.262934,KNOWN
BoT-IoT,test,4046,DoS,1,0.148094,0.262934,KNOWN
BoT-IoT,test,4047,DDoS,1,0.192016,0.262934,KNOWN
BoT-IoT,test,4048,DDoS,1,0.085514,0.262934,KNOWN
BoT-IoT,test,4049,DDoS,1,0.224386,0.262934,KNOWN
BoT-IoT,test,4050,DoS,1,0.087231,0.262934,KNOWN
BoT-IoT,test,4051,DDoS,1,0.018797,0.262934,KNOWN
BoT-IoT,test,4052,DDoS,1,0.050225,0.262934,KNOWN
BoT-IoT,test,4053,DDoS,1,0.029765,0.262934,KNOWN
BoT-IoT,test,4054,DDoS,1,0.175232,0.262934,KNOWN
BoT-IoT,test,4055,DoS,1,0.120111,0.262934,KNOWN
BoT-IoT,test,4056,DoS,1,0.096383,0.262934,KNOWN
BoT-IoT,test,4057,DDoS,1,0.153963,0.262934,KNOWN
BoT-IoT,test,4058,DDoS,1,0.165613,0.262934,KNOWN
BoT-IoT,test,4059,DoS,1,0.025614,0.262934,KNOWN
BoT-IoT,test,4060,DoS,1,0.021108,0.262934,KNOWN
BoT-IoT,test,4061,DDoS,1,0.090038,0.262934,KNOWN
BoT-IoT,test,4062,DDoS,1,0.078583,0.262934,KNOWN
BoT-IoT,test,4063,DDoS,1,0.253879,0.262934,KNOWN
BoT-IoT,test,4064,DDoS,1,0.02471,0.262934,KNOWN
BoT-IoT,test,4065,DoS,1,0.128241,0.262934,KNOWN
BoT-IoT,test,4066,DDoS,1,0.047177,0.262934,KNOWN
BoT-IoT,test,4067,DoS,1,0.116387,0.262934,KNOWN
BoT-IoT,test,4068,DDoS,1,0.173003,0.262934,KNOWN
BoT-IoT,test,4069,DoS,1,0.075777,0.262934,KNOWN
BoT-IoT,test,4070,DDoS,1,0.060392,0.262934,KNOWN
BoT-IoT,test,4071,DoS,1,0.079468,0.262934,KNOWN
BoT-IoT,test,4072,DDoS,1,0.132988,0.262934,KNOWN
BoT-IoT,test,4073,DDoS,1,0.062311,0.262934,KNOWN
BoT-IoT,test,4074,DDoS,1,0.304121,0.262934,ZERO_DAY
BoT-IoT,test,4075,DDoS,1,0.182689,0.262934,KNOWN
BoT-IoT,test,4076,DDoS,1,0.070157,0.262934,KNOWN
BoT-IoT,test,4077,DoS,1,0.186934,0.262934,KNOWN
BoT-IoT,test,4078,DDoS,1,0.086272,0.262934,KNOWN
BoT-IoT,test,4079,DDoS,1,0.023762,0.262934,KNOWN
BoT-IoT,test,4080,DoS,1,0.04057,0.262934,KNOWN
BoT-IoT,test,4081,DDoS,1,0.055721,0.262934,KNOWN
BoT-IoT,test,4082,DoS,1,0.030056,0.262934,KNOWN
BoT-IoT,test,4083,DDoS,1,0.106959,0.262934,KNOWN
BoT-IoT,test,4084,DoS,1,0.035409,0.262934,KNOWN
BoT-IoT,test,4085,DDoS,1,0.108832,0.262934,KNOWN
BoT-IoT,test,4086,DDoS,1,0.098991,0.262934,KNOWN
BoT-IoT,test,4087,DoS,1,0.12054,0.262934,KNOWN
BoT-IoT,test,4088,DoS,1,0.06221,0.262934,KNOWN
BoT-IoT,test,4089,DoS,1,0.070107,0.262934,KNOWN
BoT-IoT,test,4090,DoS,1,0.149414,0.262934,KNOWN
BoT-IoT,test,4091,DoS,1,0.002656,0.262934,KNOWN
BoT-IoT,test,4092,DoS,1,0.136274,0.262934,KNOWN
BoT-IoT,test,4093,DoS,1,0.046524,0.262934,KNOWN
BoT-IoT,test,4094,DDoS,1,0.098826,0.262934,KNOWN
BoT-IoT,test,4095,DoS,1,0.044605,0.262934,KNOWN
BoT-IoT,test,4096,DDoS,1,0.021242,0.262934,KNOWN
BoT-IoT,test,4097,DDoS,1,0.178637,0.262934,KNOWN
BoT-IoT,test,4098,DDoS,1,0.150261,0.262934,KNOWN
BoT-IoT,test,4099,Normal,1,0.050106,0.262934,KNOWN
BoT-IoT,test,4100,DoS,1,0.058295,0.262934,KNOWN
BoT-IoT,test,4101,DDoS,1,0.167053,0.262934,KNOWN
BoT-IoT,test,4102,DoS,1,0.056555,0.262934,KNOWN
BoT-IoT,test,4103,DoS,1,0.107289,0.262934,KNOWN
BoT-IoT,test,4104,DoS,1,0.067556,0.262934,KNOWN
BoT-IoT,test,4105,DDoS,1,0.213883,0.262934,KNOWN
BoT-IoT,test,4106,DoS,1,0.151082,0.262934,KNOWN
BoT-IoT,test,4107,DoS,1,0.084932,0.262934,KNOWN
BoT-IoT,test,4108,DDoS,1,0.012331,0.262934,KNOWN
BoT-IoT,test,4109,DoS,1,0.29033,0.262934,ZERO_DAY
BoT-IoT,test,4110,DoS,1,0.122085,0.262934,KNOWN
BoT-IoT,test,4111,Reconnaissance,1,0.049969,0.262934,KNOWN
BoT-IoT,test,4112,DoS,1,0.090457,0.262934,KNOWN
BoT-IoT,test,4113,DDoS,1,0.153649,0.262934,KNOWN
BoT-IoT,test,4114,DDoS,1,0.033986,0.262934,KNOWN
BoT-IoT,test,4115,DoS,1,0.270019,0.262934,ZERO_DAY
BoT-IoT,test,4116,DDoS,1,0.030062,0.262934,KNOWN
BoT-IoT,test,4117,DDoS,1,0.083911,0.262934,KNOWN
BoT-IoT,test,4118,DDoS,1,0.203355,0.262934,KNOWN
BoT-IoT,test,4119,DDoS,1,0.182797,0.262934,KNOWN
BoT-IoT,test,4120,Reconnaissance,1,0.009864,0.262934,KNOWN
BoT-IoT,test,4121,DDoS,1,0.250068,0.262934,KNOWN
BoT-IoT,test,4122,DDoS,1,0.148084,0.262934,KNOWN
BoT-IoT,test,4123,DDoS,1,0.256228,0.262934,KNOWN
BoT-IoT,test,4124,DoS,1,0.074002,0.262934,KNOWN
BoT-IoT,test,4125,DoS,1,0.043291,0.262934,KNOWN
BoT-IoT,test,4126,DDoS,1,0.285569,0.262934,ZERO_DAY
BoT-IoT,test,4127,DDoS,1,0.070778,0.262934,KNOWN
BoT-IoT,test,4128,DoS,1,0.06052,0.262934,KNOWN
BoT-IoT,test,4129,DDoS,1,0.139228,0.262934,KNOWN
BoT-IoT,test,4130,DoS,1,0.252367,0.262934,KNOWN
BoT-IoT,test,4131,DoS,1,0.148757,0.262934,KNOWN
BoT-IoT,test,4132,DDoS,1,0.141409,0.262934,KNOWN
BoT-IoT,test,4133,DDoS,1,0.084246,0.262934,KNOWN
BoT-IoT,test,4134,DDoS,1,0.233797,0.262934,KNOWN
BoT-IoT,test,4135,DoS,1,0.115816,0.262934,KNOWN
BoT-IoT,test,4136,DDoS,1,0.013244,0.262934,KNOWN
BoT-IoT,test,4137,DDoS,1,0.102596,0.262934,KNOWN
BoT-IoT,test,4138,DDoS,1,0.266151,0.262934,ZERO_DAY
BoT-IoT,test,4139,DoS,1,0.08444,0.262934,KNOWN
BoT-IoT,test,4140,Reconnaissance,1,0.013394,0.262934,KNOWN
BoT-IoT,test,4141,DDoS,1,0.107099,0.262934,KNOWN
BoT-IoT,test,4142,DoS,1,0.028655,0.262934,KNOWN
BoT-IoT,test,4143,DoS,1,0.290982,0.262934,ZERO_DAY
BoT-IoT,test,4144,DoS,1,0.102621,0.262934,KNOWN
BoT-IoT,test,4145,DoS,1,0.100671,0.262934,KNOWN
BoT-IoT,test,4146,DDoS,1,0.219802,0.262934,KNOWN
BoT-IoT,test,4147,DDoS,1,0.042518,0.262934,KNOWN
BoT-IoT,test,4148,DDoS,1,0.08113,0.262934,KNOWN
BoT-IoT,test,4149,DDoS,1,0.10909,0.262934,KNOWN
BoT-IoT,test,4150,DDoS,1,0.055214,0.262934,KNOWN
BoT-IoT,test,4151,DoS,1,0.058516,0.262934,KNOWN
BoT-IoT,test,4152,DDoS,1,0.0141,0.262934,KNOWN
BoT-IoT,test,4153,DDoS,1,0.063126,0.262934,KNOWN
BoT-IoT,test,4154,DoS,1,0.111932,0.262934,KNOWN
BoT-IoT,test,4155,DDoS,1,0.1691,0.262934,KNOWN
BoT-IoT,test,4156,DDoS,1,0.01698,0.262934,KNOWN
BoT-IoT,test,4157,DDoS,1,0.038164,0.262934,KNOWN
BoT-IoT,test,4158,DoS,1,0.045056,0.262934,KNOWN
BoT-IoT,test,4159,DoS,1,0.025732,0.262934,KNOWN
BoT-IoT,test,4160,DDoS,1,0.086797,0.262934,KNOWN
BoT-IoT,test,4161,DoS,1,0.194485,0.262934,KNOWN
BoT-IoT,test,4162,DoS,1,0.007323,0.262934,KNOWN
BoT-IoT,test,4163,DoS,1,0.148904,0.262934,KNOWN
BoT-IoT,test,4164,DDoS,1,0.090429,0.262934,KNOWN
BoT-IoT,test,4165,Normal,1,0.032072,0.262934,KNOWN
BoT-IoT,test,4166,DoS,1,0.2576,0.262934,KNOWN
BoT-IoT,test,4167,Normal,1,0.165066,0.262934,KNOWN
BoT-IoT,test,4168,DoS,1,0.258918,0.262934,KNOWN
BoT-IoT,test,4169,Reconnaissance,1,0.293953,0.262934,ZERO_DAY
BoT-IoT,test,4170,DDoS,1,0.130322,0.262934,KNOWN
BoT-IoT,test,4171,DDoS,1,0.203785,0.262934,KNOWN
BoT-IoT,test,4172,DDoS,1,0.092692,0.262934,KNOWN
BoT-IoT,test,4173,DDoS,1,0.056393,0.262934,KNOWN
BoT-IoT,test,4174,DDoS,1,0.012986,0.262934,KNOWN
BoT-IoT,test,4175,DoS,1,0.062686,0.262934,KNOWN
BoT-IoT,test,4176,DoS,1,0.009116,0.262934,KNOWN
BoT-IoT,test,4177,DDoS,1,0.179927,0.262934,KNOWN
BoT-IoT,test,4178,DoS,1,0.074947,0.262934,KNOWN
BoT-IoT,test,4179,DDoS,1,0.173654,0.262934,KNOWN
BoT-IoT,test,4180,DDoS,1,0.121008,0.262934,KNOWN
BoT-IoT,test,4181,DoS,1,0.083653,0.262934,KNOWN
BoT-IoT,test,4182,DoS,1,0.05851,0.262934,KNOWN
BoT-IoT,test,4183,Reconnaissance,1,0.169297,0.262934,KNOWN
BoT-IoT,test,4184,DoS,1,0.18286,0.262934,KNOWN
BoT-IoT,test,4185,DoS,1,0.033119,0.262934,KNOWN
BoT-IoT,test,4186,DDoS,1,0.01859,0.262934,KNOWN
BoT-IoT,test,4187,DDoS,1,0.167104,0.262934,KNOWN
BoT-IoT,test,4188,DDoS,1,0.00793,0.262934,KNOWN
BoT-IoT,test,4189,DDoS,1,0.1705,0.262934,KNOWN
BoT-IoT,test,4190,DDoS,1,0.187569,0.262934,KNOWN
BoT-IoT,test,4191,DoS,1,0.041019,0.262934,KNOWN
BoT-IoT,test,4192,Normal,1,0.301296,0.262934,ZERO_DAY
BoT-IoT,test,4193,DDoS,1,0.145379,0.262934,KNOWN
BoT-IoT,test,4194,DoS,1,0.007957,0.262934,KNOWN
BoT-IoT,test,4195,DoS,1,0.048736,0.262934,KNOWN
BoT-IoT,test,4196,DDoS,1,0.154642,0.262934,KNOWN
BoT-IoT,test,4197,DoS,1,0.076178,0.262934,KNOWN
BoT-IoT,test,4198,DDoS,1,0.171513,0.262934,KNOWN
BoT-IoT,test,4199,DDoS,1,0.066563,0.262934,KNOWN
BoT-IoT,test,4200,DDoS,1,0.045961,0.262934,KNOWN
BoT-IoT,test,4201,DDoS,1,0.143239,0.262934,KNOWN
BoT-IoT,test,4202,DDoS,1,0.086055,0.262934,KNOWN
BoT-IoT,test,4203,DDoS,1,0.043598,0.262934,KNOWN
BoT-IoT,test,4204,DDoS,1,0.003896,0.262934,KNOWN
BoT-IoT,test,4205,DoS,1,0.152634,0.262934,KNOWN
BoT-IoT,test,4206,DDoS,1,0.009877,0.262934,KNOWN
BoT-IoT,test,4207,DDoS,1,0.05413,0.262934,KNOWN
BoT-IoT,test,4208,DoS,1,0.073709,0.262934,KNOWN
BoT-IoT,test,4209,DoS,1,0.218626,0.262934,KNOWN
BoT-IoT,test,4210,DDoS,1,0.022366,0.262934,KNOWN
BoT-IoT,test,4211,DoS,1,0.099508,0.262934,KNOWN
BoT-IoT,test,4212,DoS,1,0.006464,0.262934,KNOWN
BoT-IoT,test,4213,DDoS,1,0.094899,0.262934,KNOWN
BoT-IoT,test,4214,DDoS,1,0.013771,0.262934,KNOWN
BoT-IoT,test,4215,DDoS,1,0.285084,0.262934,ZERO_DAY
BoT-IoT,test,4216,DDoS,1,0.16666,0.262934,KNOWN
BoT-IoT,test,4217,DoS,1,0.002341,0.262934,KNOWN
BoT-IoT,test,4218,Reconnaissance,1,0.246305,0.262934,KNOWN
BoT-IoT,test,4219,DoS,1,0.240435,0.262934,KNOWN
BoT-IoT,test,4220,DDoS,1,0.178543,0.262934,KNOWN
BoT-IoT,test,4221,DDoS,1,0.056074,0.262934,KNOWN
BoT-IoT,test,4222,DoS,1,0.057617,0.262934,KNOWN
BoT-IoT,test,4223,DoS,1,0.044382,0.262934,KNOWN
BoT-IoT,test,4224,DoS,1,0.19981,0.262934,KNOWN
BoT-IoT,test,4225,DDoS,1,0.016855,0.262934,KNOWN
BoT-IoT,test,4226,DDoS,1,0.285236,0.262934,ZERO_DAY
BoT-IoT,test,4227,DDoS,1,0.037563,0.262934,KNOWN
BoT-IoT,test,4228,DDoS,1,0.137597,0.262934,KNOWN
BoT-IoT,test,4229,DDoS,1,0.029798,0.262934,KNOWN
BoT-IoT,test,4230,DoS,1,0.036977,0.262934,KNOWN
BoT-IoT,test,4231,DDoS,1,0.019864,0.262934,KNOWN
BoT-IoT,test,4232,DoS,1,0.01766,0.262934,KNOWN
BoT-IoT,test,4233,DoS,1,0.230363,0.262934,KNOWN
BoT-IoT,test,4234,DoS,1,0.007,0.262934,KNOWN
BoT-IoT,test,4235,DDoS,1,0.017793,0.262934,KNOWN
BoT-IoT,test,4236,DDoS,1,0.0474,0.262934,KNOWN
BoT-IoT,test,4237,DoS,1,0.188182,0.262934,KNOWN
BoT-IoT,test,4238,DDoS,1,0.017062,0.262934,KNOWN
BoT-IoT,test,4239,DDoS,1,0.020842,0.262934,KNOWN
BoT-IoT,test,4240,DDoS,1,0.010343,0.262934,KNOWN
BoT-IoT,test,4241,DoS,1,0.065602,0.262934,KNOWN
BoT-IoT,test,4242,DoS,1,0.19622,0.262934,KNOWN
BoT-IoT,test,4243,Reconnaissance,1,0.054796,0.262934,KNOWN
BoT-IoT,test,4244,DDoS,1,0.312005,0.262934,ZERO_DAY
BoT-IoT,test,4245,DoS,1,0.065354,0.262934,KNOWN
BoT-IoT,test,4246,DDoS,1,0.194538,0.262934,KNOWN
BoT-IoT,test,4247,DDoS,1,0.236106,0.262934,KNOWN
BoT-IoT,test,4248,DDoS,1,0.065128,0.262934,KNOWN
BoT-IoT,test,4249,DDoS,1,0.024178,0.262934,KNOWN
BoT-IoT,test,4250,DDoS,1,0.055997,0.262934,KNOWN
BoT-IoT,test,4251,DoS,1,0.119303,0.262934,KNOWN
BoT-IoT,test,4252,DDoS,1,0.069793,0.262934,KNOWN
BoT-IoT,test,4253,DoS,1,0.030679,0.262934,KNOWN
BoT-IoT,test,4254,Reconnaissance,1,0.051856,0.262934,KNOWN
BoT-IoT,test,4255,DoS,1,0.102398,0.262934,KNOWN
BoT-IoT,test,4256,DDoS,1,0.103799,0.262934,KNOWN
BoT-IoT,test,4257,DoS,1,0.09904,0.262934,KNOWN
BoT-IoT,test,4258,DoS,1,0.161575,0.262934,KNOWN
BoT-IoT,test,4259,DoS,1,0.135858,0.262934,KNOWN
BoT-IoT,test,4260,DDoS,1,0.190444,0.262934,KNOWN
BoT-IoT,test,4261,DoS,1,0.020552,0.262934,KNOWN
BoT-IoT,test,4262,DDoS,1,0.223506,0.262934,KNOWN
BoT-IoT,test,4263,DoS,1,0.012203,0.262934,KNOWN
BoT-IoT,test,4264,DDoS,1,0.046176,0.262934,KNOWN
BoT-IoT,test,4265,DDoS,1,0.063236,0.262934,KNOWN
BoT-IoT,test,4266,DDoS,1,0.041573,0.262934,KNOWN
BoT-IoT,test,4267,DoS,1,0.013336,0.262934,KNOWN
BoT-IoT,test,4268,DoS,1,0.034858,0.262934,KNOWN
BoT-IoT,test,4269,DDoS,1,0.016938,0.262934,KNOWN
BoT-IoT,test,4270,Normal,1,0.021077,0.262934,KNOWN
BoT-IoT,test,4271,DoS,1,0.108684,0.262934,KNOWN
BoT-IoT,test,4272,DDoS,1,0.068495,0.262934,KNOWN
BoT-IoT,test,4273,DDoS,1,0.007537,0.262934,KNOWN
BoT-IoT,test,4274,DDoS,1,0.142317,0.262934,KNOWN
BoT-IoT,test,4275,DDoS,1,0.042967,0.262934,KNOWN
BoT-IoT,test,4276,DoS,1,0.103558,0.262934,KNOWN
BoT-IoT,test,4277,Reconnaissance,1,0.102687,0.262934,KNOWN
BoT-IoT,test,4278,DDoS,1,0.071914,0.262934,KNOWN
BoT-IoT,test,4279,DoS,1,0.065135,0.262934,KNOWN
BoT-IoT,test,4280,Normal,1,0.03384,0.262934,KNOWN
BoT-IoT,test,4281,DoS,1,0.018764,0.262934,KNOWN
BoT-IoT,test,4282,DoS,1,0.046455,0.262934,KNOWN
BoT-IoT,test,4283,Reconnaissance,1,0.058402,0.262934,KNOWN
BoT-IoT,test,4284,DDoS,1,0.066633,0.262934,KNOWN
BoT-IoT,test,4285,DDoS,1,0.024567,0.262934,KNOWN
BoT-IoT,test,4286,DoS,1,0.053149,0.262934,KNOWN
BoT-IoT,test,4287,DDoS,1,0.010069,0.262934,KNOWN
BoT-IoT,test,4288,DoS,1,0.049005,0.262934,KNOWN
BoT-IoT,test,4289,DDoS,1,0.12413,0.262934,KNOWN
BoT-IoT,test,4290,Normal,1,0.057323,0.262934,KNOWN
BoT-IoT,test,4291,DDoS,1,0.189808,0.262934,KNOWN
BoT-IoT,test,4292,DoS,1,0.088779,0.262934,KNOWN
BoT-IoT,test,4293,DoS,1,0.092038,0.262934,KNOWN
BoT-IoT,test,4294,DoS,1,0.062251,0.262934,KNOWN
BoT-IoT,test,4295,DDoS,1,0.014807,0.262934,KNOWN
BoT-IoT,test,4296,Normal,1,0.069543,0.262934,KNOWN
BoT-IoT,test,4297,DDoS,1,0.030668,0.262934,KNOWN
BoT-IoT,test,4298,DoS,1,0.305203,0.262934,ZERO_DAY
BoT-IoT,test,4299,DoS,1,0.057003,0.262934,KNOWN
BoT-IoT,test,4300,DDoS,1,0.082131,0.262934,KNOWN
BoT-IoT,test,4301,DDoS,1,0.089923,0.262934,KNOWN
BoT-IoT,test,4302,DoS,1,0.078176,0.262934,KNOWN
BoT-IoT,test,4303,DDoS,1,0.043295,0.262934,KNOWN
BoT-IoT,test,4304,DDoS,1,0.11116,0.262934,KNOWN
BoT-IoT,test,4305,DoS,1,0.020052,0.262934,KNOWN
BoT-IoT,test,4306,DDoS,1,0.098638,0.262934,KNOWN
BoT-IoT,test,4307,DDoS,1,0.376329,0.262934,ZERO_DAY
BoT-IoT,test,4308,DDoS,1,0.07454,0.262934,KNOWN
BoT-IoT,test,4309,DDoS,1,0.108206,0.262934,KNOWN
BoT-IoT,test,4310,DDoS,1,0.049858,0.262934,KNOWN
BoT-IoT,test,4311,DDoS,1,0.114193,0.262934,KNOWN
BoT-IoT,test,4312,DoS,1,0.001001,0.262934,KNOWN
BoT-IoT,test,4313,DoS,1,0.14495,0.262934,KNOWN
BoT-IoT,test,4314,DDoS,1,0.068229,0.262934,KNOWN
BoT-IoT,test,4315,DoS,1,0.23233,0.262934,KNOWN
BoT-IoT,test,4316,DoS,1,0.13307,0.262934,KNOWN
BoT-IoT,test,4317,DoS,1,0.078623,0.262934,KNOWN
BoT-IoT,test,4318,DDoS,1,0.09372,0.262934,KNOWN
BoT-IoT,test,4319,DoS,1,0.060726,0.262934,KNOWN
BoT-IoT,test,4320,DDoS,1,0.12095,0.262934,KNOWN
BoT-IoT,test,4321,DDoS,1,0.042441,0.262934,KNOWN
BoT-IoT,test,4322,DoS,1,0.104956,0.262934,KNOWN
BoT-IoT,test,4323,DDoS,1,0.05015,0.262934,KNOWN
BoT-IoT,test,4324,DDoS,1,0.044449,0.262934,KNOWN
BoT-IoT,test,4325,DoS,1,0.168498,0.262934,KNOWN
BoT-IoT,test,4326,DDoS,1,0.102575,0.262934,KNOWN
BoT-IoT,test,4327,DDoS,1,0.200059,0.262934,KNOWN
BoT-IoT,test,4328,DoS,1,0.128439,0.262934,KNOWN
BoT-IoT,test,4329,Normal,1,0.233529,0.262934,KNOWN
BoT-IoT,test,4330,DoS,1,0.148382,0.262934,KNOWN
BoT-IoT,test,4331,DDoS,1,0.063421,0.262934,KNOWN
BoT-IoT,test,4332,DDoS,1,0.09417,0.262934,KNOWN
BoT-IoT,test,4333,DoS,1,0.184131,0.262934,KNOWN
BoT-IoT,test,4334,DoS,1,0.106764,0.262934,KNOWN
BoT-IoT,test,4335,DoS,1,0.039218,0.262934,KNOWN
BoT-IoT,test,4336,DoS,1,0.123641,0.262934,KNOWN
BoT-IoT,test,4337,DDoS,1,0.255035,0.262934,KNOWN
BoT-IoT,test,4338,DoS,1,0.092318,0.262934,KNOWN
BoT-IoT,test,4339,DDoS,1,0.184016,0.262934,KNOWN
BoT-IoT,test,4340,DoS,1,0.119705,0.262934,KNOWN
BoT-IoT,test,4341,Normal,1,0.469881,0.262934,ZERO_DAY
BoT-IoT,test,4342,DDoS,1,0.00277,0.262934,KNOWN
BoT-IoT,test,4343,DDoS,1,0.165151,0.262934,KNOWN
BoT-IoT,test,4344,DDoS,1,0.253891,0.262934,KNOWN
BoT-IoT,test,4345,DDoS,1,0.091255,0.262934,KNOWN
BoT-IoT,test,4346,DDoS,1,0.019933,0.262934,KNOWN
BoT-IoT,test,4347,Normal,1,0.038508,0.262934,KNOWN
BoT-IoT,test,4348,DoS,1,0.069688,0.262934,KNOWN
BoT-IoT,test,4349,DDoS,1,0.197737,0.262934,KNOWN
BoT-IoT,test,4350,DDoS,1,0.026301,0.262934,KNOWN
BoT-IoT,test,4351,DDoS,1,0.163539,0.262934,KNOWN
BoT-IoT,test,4352,DDoS,1,0.154008,0.262934,KNOWN
BoT-IoT,test,4353,DDoS,1,0.020624,0.262934,KNOWN
BoT-IoT,test,4354,DDoS,1,0.130621,0.262934,KNOWN
BoT-IoT,test,4355,DoS,1,0.127082,0.262934,KNOWN
BoT-IoT,test,4356,DDoS,1,0.097389,0.262934,KNOWN
BoT-IoT,test,4357,DoS,1,0.265583,0.262934,ZERO_DAY
BoT-IoT,test,4358,DDoS,1,0.058401,0.262934,KNOWN
BoT-IoT,test,4359,DoS,1,0.30633,0.262934,ZERO_DAY
BoT-IoT,test,4360,DoS,1,0.071943,0.262934,KNOWN
BoT-IoT,test,4361,DoS,1,0.033825,0.262934,KNOWN
BoT-IoT,test,4362,DoS,1,0.162512,0.262934,KNOWN
BoT-IoT,test,4363,DDoS,1,0.050559,0.262934,KNOWN
BoT-IoT,test,4364,DoS,1,0.201867,0.262934,KNOWN
BoT-IoT,test,4365,DoS,1,0.062468,0.262934,KNOWN
BoT-IoT,test,4366,DDoS,1,0.02964,0.262934,KNOWN
BoT-IoT,test,4367,DoS,1,0.157969,0.262934,KNOWN
BoT-IoT,test,4368,DDoS,1,0.158876,0.262934,KNOWN
BoT-IoT,test,4369,DoS,1,0.323372,0.262934,ZERO_DAY
BoT-IoT,test,4370,DoS,1,0.101528,0.262934,KNOWN
BoT-IoT,test,4371,DoS,1,0.115135,0.262934,KNOWN
BoT-IoT,test,4372,DDoS,1,0.182522,0.262934,KNOWN
BoT-IoT,test,4373,DoS,1,0.037749,0.262934,KNOWN
BoT-IoT,test,4374,DoS,1,0.01025,0.262934,KNOWN
BoT-IoT,test,4375,Normal,1,0.136601,0.262934,KNOWN
BoT-IoT,test,4376,DDoS,1,0.037077,0.262934,KNOWN
BoT-IoT,test,4377,DDoS,1,0.02253,0.262934,KNOWN
BoT-IoT,test,4378,DoS,1,0.123946,0.262934,KNOWN
BoT-IoT,test,4379,DDoS,1,0.143146,0.262934,KNOWN
BoT-IoT,test,4380,DoS,1,0.055272,0.262934,KNOWN
BoT-IoT,test,4381,DDoS,1,0.114474,0.262934,KNOWN
BoT-IoT,test,4382,DDoS,1,0.139336,0.262934,KNOWN
BoT-IoT,test,4383,DDoS,1,0.084996,0.262934,KNOWN
BoT-IoT,test,4384,DoS,1,0.079656,0.262934,KNOWN
BoT-IoT,test,4385,DoS,1,0.162927,0.262934,KNOWN
BoT-IoT,test,4386,DDoS,1,0.009342,0.262934,KNOWN
BoT-IoT,test,4387,DDoS,1,0.043124,0.262934,KNOWN
BoT-IoT,test,4388,DoS,1,0.01769,0.262934,KNOWN
BoT-IoT,test,4389,DDoS,1,0.119205,0.262934,KNOWN
BoT-IoT,test,4390,DDoS,1,0.093401,0.262934,KNOWN
BoT-IoT,test,4391,DDoS,1,0.235556,0.262934,KNOWN
BoT-IoT,test,4392,DDoS,1,0.029605,0.262934,KNOWN
BoT-IoT,test,4393,DDoS,1,0.041564,0.262934,KNOWN
BoT-IoT,test,4394,DDoS,1,0.040686,0.262934,KNOWN
BoT-IoT,test,4395,DoS,1,0.080802,0.262934,KNOWN
BoT-IoT,test,4396,Normal,1,0.148646,0.262934,KNOWN
BoT-IoT,test,4397,Reconnaissance,1,0.212811,0.262934,KNOWN
BoT-IoT,test,4398,DoS,1,0.075523,0.262934,KNOWN
BoT-IoT,test,4399,DoS,1,0.024333,0.262934,KNOWN
BoT-IoT,test,4400,DoS,1,0.077245,0.262934,KNOWN
BoT-IoT,test,4401,DoS,1,0.086371,0.262934,KNOWN
BoT-IoT,test,4402,DoS,1,0.063872,0.262934,KNOWN
BoT-IoT,test,4403,Normal,1,0.105527,0.262934,KNOWN
BoT-IoT,test,4404,DDoS,1,0.081542,0.262934,KNOWN
BoT-IoT,test,4405,DDoS,1,0.027317,0.262934,KNOWN
BoT-IoT,test,4406,DoS,1,0.055541,0.262934,KNOWN
BoT-IoT,test,4407,DDoS,1,0.134321,0.262934,KNOWN
BoT-IoT,test,4408,DoS,1,0.10012,0.262934,KNOWN
BoT-IoT,test,4409,DDoS,1,0.019912,0.262934,KNOWN
BoT-IoT,test,4410,DoS,1,0.306853,0.262934,ZERO_DAY
BoT-IoT,test,4411,Normal,1,0.097918,0.262934,KNOWN
BoT-IoT,test,4412,DoS,1,0.0567,0.262934,KNOWN
BoT-IoT,test,4413,DDoS,1,0.057684,0.262934,KNOWN
BoT-IoT,test,4414,DoS,1,0.253743,0.262934,KNOWN
BoT-IoT,test,4415,DoS,1,0.047852,0.262934,KNOWN
BoT-IoT,test,4416,DDoS,1,0.363232,0.262934,ZERO_DAY
BoT-IoT,test,4417,DoS,1,0.078718,0.262934,KNOWN
BoT-IoT,test,4418,DoS,1,0.054611,0.262934,KNOWN
BoT-IoT,test,4419,DoS,1,0.028697,0.262934,KNOWN
BoT-IoT,test,4420,DDoS,1,0.094596,0.262934,KNOWN
BoT-IoT,test,4421,DDoS,1,0.10109,0.262934,KNOWN
BoT-IoT,test,4422,DoS,1,0.196138,0.262934,KNOWN
BoT-IoT,test,4423,DoS,1,0.037738,0.262934,KNOWN
BoT-IoT,test,4424,DDoS,1,0.033211,0.262934,KNOWN
BoT-IoT,test,4425,DDoS,1,0.000346,0.262934,KNOWN
BoT-IoT,test,4426,DDoS,1,0.023388,0.262934,KNOWN
BoT-IoT,test,4427,DDoS,1,0.030418,0.262934,KNOWN
BoT-IoT,test,4428,DoS,1,0.016072,0.262934,KNOWN
BoT-IoT,test,4429,DoS,1,0.111019,0.262934,KNOWN
BoT-IoT,test,4430,DDoS,1,0.131155,0.262934,KNOWN
BoT-IoT,test,4431,DoS,1,0.329271,0.262934,ZERO_DAY
BoT-IoT,test,4432,DoS,1,0.169894,0.262934,KNOWN
BoT-IoT,test,4433,DoS,1,0.230296,0.262934,KNOWN
BoT-IoT,test,4434,DDoS,1,0.131242,0.262934,KNOWN
BoT-IoT,test,4435,DDoS,1,0.255351,0.262934,KNOWN
BoT-IoT,test,4436,DoS,1,0.007077,0.262934,KNOWN
BoT-IoT,test,4437,DoS,1,0.081645,0.262934,KNOWN
BoT-IoT,test,4438,DDoS,1,0.029729,0.262934,KNOWN
BoT-IoT,test,4439,DDoS,1,0.061744,0.262934,KNOWN
BoT-IoT,test,4440,DoS,1,0.106369,0.262934,KNOWN
BoT-IoT,test,4441,DoS,1,0.005497,0.262934,KNOWN
BoT-IoT,test,4442,DoS,1,0.131762,0.262934,KNOWN
BoT-IoT,test,4443,DoS,1,0.141912,0.262934,KNOWN
BoT-IoT,test,4444,DoS,1,0.016253,0.262934,KNOWN
BoT-IoT,test,4445,DoS,1,0.127714,0.262934,KNOWN
BoT-IoT,test,4446,DDoS,1,0.167188,0.262934,KNOWN
BoT-IoT,test,4447,DDoS,1,0.013404,0.262934,KNOWN
BoT-IoT,test,4448,DoS,1,0.025418,0.262934,KNOWN
BoT-IoT,test,4449,DDoS,1,0.112627,0.262934,KNOWN
BoT-IoT,test,4450,Normal,1,0.134354,0.262934,KNOWN
BoT-IoT,test,4451,DoS,1,0.056032,0.262934,KNOWN
BoT-IoT,test,4452,DDoS,1,0.07532,0.262934,KNOWN
BoT-IoT,test,4453,DoS,1,0.0228,0.262934,KNOWN
BoT-IoT,test,4454,DDoS,1,0.174618,0.262934,KNOWN
BoT-IoT,test,4455,DDoS,1,0.179701,0.262934,KNOWN
BoT-IoT,test,4456,DDoS,1,0.131406,0.262934,KNOWN
BoT-IoT,test,4457,Normal,1,0.143779,0.262934,KNOWN
BoT-IoT,test,4458,DDoS,1,0.047232,0.262934,KNOWN
BoT-IoT,test,4459,Normal,1,0.158911,0.262934,KNOWN
BoT-IoT,test,4460,DDoS,1,0.231724,0.262934,KNOWN
BoT-IoT,test,4461,DoS,1,0.062827,0.262934,KNOWN
BoT-IoT,test,4462,Normal,1,0.111359,0.262934,KNOWN
BoT-IoT,test,4463,DoS,1,0.130598,0.262934,KNOWN
BoT-IoT,test,4464,DoS,1,0.136124,0.262934,KNOWN
BoT-IoT,test,4465,Reconnaissance,1,0.100769,0.262934,KNOWN
BoT-IoT,test,4466,DDoS,1,0.085377,0.262934,KNOWN
BoT-IoT,test,4467,DoS,1,0.035041,0.262934,KNOWN
BoT-IoT,test,4468,DDoS,1,0.143481,0.262934,KNOWN
BoT-IoT,test,4469,DoS,1,0.195656,0.262934,KNOWN
BoT-IoT,test,4470,DoS,1,0.004714,0.262934,KNOWN
BoT-IoT,test,4471,DoS,1,0.029844,0.262934,KNOWN
BoT-IoT,test,4472,DDoS,1,0.036131,0.262934,KNOWN
BoT-IoT,test,4473,DDoS,1,0.039847,0.262934,KNOWN
BoT-IoT,test,4474,DDoS,1,0.104606,0.262934,KNOWN
BoT-IoT,test,4475,DDoS,1,0.024192,0.262934,KNOWN
BoT-IoT,test,4476,DoS,1,0.129317,0.262934,KNOWN
BoT-IoT,test,4477,Normal,1,0.062255,0.262934,KNOWN
BoT-IoT,test,4478,DoS,1,0.097902,0.262934,KNOWN
BoT-IoT,test,4479,DDoS,1,0.06457,0.262934,KNOWN
BoT-IoT,test,4480,DoS,1,0.32122,0.262934,ZERO_DAY
BoT-IoT,test,4481,DDoS,1,0.014329,0.262934,KNOWN
BoT-IoT,test,4482,DDoS,1,0.115648,0.262934,KNOWN
BoT-IoT,test,4483,DoS,1,0.074658,0.262934,KNOWN
BoT-IoT,test,4484,DoS,1,0.015059,0.262934,KNOWN
BoT-IoT,test,4485,DoS,1,0.19299,0.262934,KNOWN
BoT-IoT,test,4486,DoS,1,0.143176,0.262934,KNOWN
BoT-IoT,test,4487,DoS,1,0.176962,0.262934,KNOWN
BoT-IoT,test,4488,DDoS,1,0.105251,0.262934,KNOWN
BoT-IoT,test,4489,DoS,1,0.402754,0.262934,ZERO_DAY
BoT-IoT,test,4490,DDoS,1,0.136673,0.262934,KNOWN
BoT-IoT,test,4491,DDoS,1,0.099775,0.262934,KNOWN
BoT-IoT,test,4492,DoS,1,0.076372,0.262934,KNOWN
BoT-IoT,test,4493,DDoS,1,0.137449,0.262934,KNOWN
BoT-IoT,test,4494,DDoS,1,0.053914,0.262934,KNOWN
BoT-IoT,test,4495,DoS,1,0.028909,0.262934,KNOWN
BoT-IoT,test,4496,DDoS,1,0.098199,0.262934,KNOWN
BoT-IoT,test,4497,DDoS,1,0.180805,0.262934,KNOWN
BoT-IoT,test,4498,DDoS,1,0.022904,0.262934,KNOWN
BoT-IoT,test,4499,DoS,1,0.162531,0.262934,KNOWN
BoT-IoT,test,4500,DDoS,1,0.024884,0.262934,KNOWN
BoT-IoT,test,4501,DDoS,1,0.029843,0.262934,KNOWN
BoT-IoT,test,4502,DDoS,1,0.170546,0.262934,KNOWN
BoT-IoT,test,4503,Normal,1,0.123916,0.262934,KNOWN
BoT-IoT,test,4504,DDoS,1,0.106507,0.262934,KNOWN
BoT-IoT,test,4505,DoS,1,0.094904,0.262934,KNOWN
BoT-IoT,test,4506,DoS,1,0.027285,0.262934,KNOWN
BoT-IoT,test,4507,DDoS,1,0.241456,0.262934,KNOWN
BoT-IoT,test,4508,DoS,1,0.156326,0.262934,KNOWN
BoT-IoT,test,4509,DDoS,1,0.108409,0.262934,KNOWN
BoT-IoT,test,4510,DDoS,1,0.027389,0.262934,KNOWN
BoT-IoT,test,4511,DDoS,1,0.133804,0.262934,KNOWN
BoT-IoT,test,4512,DoS,1,0.007844,0.262934,KNOWN
BoT-IoT,test,4513,DDoS,1,0.121631,0.262934,KNOWN
BoT-IoT,test,4514,DDoS,1,0.044308,0.262934,KNOWN
BoT-IoT,test,4515,DDoS,1,0.065678,0.262934,KNOWN
BoT-IoT,test,4516,DDoS,1,0.096541,0.262934,KNOWN
BoT-IoT,test,4517,DoS,1,0.119201,0.262934,KNOWN
BoT-IoT,test,4518,DoS,1,0.188582,0.262934,KNOWN
BoT-IoT,test,4519,DoS,1,0.003345,0.262934,KNOWN
BoT-IoT,test,4520,DoS,1,0.133349,0.262934,KNOWN
BoT-IoT,test,4521,DDoS,1,0.066874,0.262934,KNOWN
BoT-IoT,test,4522,DDoS,1,0.146913,0.262934,KNOWN
BoT-IoT,test,4523,DDoS,1,0.015822,0.262934,KNOWN
BoT-IoT,test,4524,DoS,1,0.115863,0.262934,KNOWN
BoT-IoT,test,4525,DDoS,1,0.075524,0.262934,KNOWN
BoT-IoT,test,4526,DoS,1,0.105666,0.262934,KNOWN
BoT-IoT,test,4527,DDoS,1,0.035296,0.262934,KNOWN
BoT-IoT,test,4528,Normal,1,0.124887,0.262934,KNOWN
BoT-IoT,test,4529,DoS,1,0.067845,0.262934,KNOWN
BoT-IoT,test,4530,DDoS,1,0.123434,0.262934,KNOWN
BoT-IoT,test,4531,DoS,1,0.142098,0.262934,KNOWN
BoT-IoT,test,4532,DoS,1,0.010486,0.262934,KNOWN
BoT-IoT,test,4533,DoS,1,0.150067,0.262934,KNOWN
BoT-IoT,test,4534,DoS,1,0.133607,0.262934,KNOWN
BoT-IoT,test,4535,DoS,1,0.014576,0.262934,KNOWN
BoT-IoT,test,4536,DDoS,1,0.065984,0.262934,KNOWN
BoT-IoT,test,4537,DoS,1,0.050949,0.262934,KNOWN
BoT-IoT,test,4538,Reconnaissance,1,0.054129,0.262934,KNOWN
BoT-IoT,test,4539,DDoS,1,0.032119,0.262934,KNOWN
BoT-IoT,test,4540,DDoS,1,0.191092,0.262934,KNOWN
BoT-IoT,test,4541,DDoS,1,0.091678,0.262934,KNOWN
BoT-IoT,test,4542,DoS,1,0.033972,0.262934,KNOWN
BoT-IoT,test,4543,DoS,1,0.0249,0.262934,KNOWN
BoT-IoT,test,4544,DDoS,1,0.010656,0.262934,KNOWN
BoT-IoT,test,4545,DDoS,1,0.050976,0.262934,KNOWN
BoT-IoT,test,4546,DoS,1,0.088073,0.262934,KNOWN
BoT-IoT,test,4547,DDoS,1,0.15405,0.262934,KNOWN
BoT-IoT,test,4548,DDoS,1,0.057215,0.262934,KNOWN
BoT-IoT,test,4549,DoS,1,0.009456,0.262934,KNOWN
BoT-IoT,test,4550,DoS,1,0.286787,0.262934,ZERO_DAY
BoT-IoT,test,4551,DDoS,1,0.055773,0.262934,KNOWN
BoT-IoT,test,4552,DDoS,1,0.066857,0.262934,KNOWN
BoT-IoT,test,4553,DDoS,1,0.167959,0.262934,KNOWN
BoT-IoT,test,4554,DoS,1,0.176157,0.262934,KNOWN
BoT-IoT,test,4555,DDoS,1,0.015126,0.262934,KNOWN
BoT-IoT,test,4556,DDoS,1,0.06287,0.262934,KNOWN
BoT-IoT,test,4557,DDoS,1,0.220716,0.262934,KNOWN
BoT-IoT,test,4558,DDoS,1,0.077662,0.262934,KNOWN
BoT-IoT,test,4559,DoS,1,0.025451,0.262934,KNOWN
BoT-IoT,test,4560,DDoS,1,0.059791,0.262934,KNOWN
BoT-IoT,test,4561,DDoS,1,0.031917,0.262934,KNOWN
BoT-IoT,test,4562,DDoS,1,0.044125,0.262934,KNOWN
BoT-IoT,test,4563,DDoS,1,0.109918,0.262934,KNOWN
BoT-IoT,test,4564,Normal,1,0.053329,0.262934,KNOWN
BoT-IoT,test,4565,DoS,1,0.01028,0.262934,KNOWN
BoT-IoT,test,4566,DoS,1,0.04964,0.262934,KNOWN
BoT-IoT,test,4567,DDoS,1,0.153168,0.262934,KNOWN
BoT-IoT,test,4568,DDoS,1,0.088661,0.262934,KNOWN
BoT-IoT,test,4569,DDoS,1,0.270249,0.262934,ZERO_DAY
BoT-IoT,test,4570,DoS,1,0.053761,0.262934,KNOWN
BoT-IoT,test,4571,DDoS,1,0.060489,0.262934,KNOWN
BoT-IoT,test,4572,DDoS,1,0.02362,0.262934,KNOWN
BoT-IoT,test,4573,DoS,1,0.070126,0.262934,KNOWN
BoT-IoT,test,4574,DDoS,1,0.016466,0.262934,KNOWN
BoT-IoT,test,4575,DDoS,1,0.115672,0.262934,KNOWN
BoT-IoT,test,4576,DDoS,1,0.147436,0.262934,KNOWN
BoT-IoT,test,4577,DDoS,1,0.146399,0.262934,KNOWN
BoT-IoT,test,4578,DDoS,1,0.209342,0.262934,KNOWN
BoT-IoT,test,4579,DDoS,1,0.044265,0.262934,KNOWN
BoT-IoT,test,4580,DDoS,1,0.022058,0.262934,KNOWN
BoT-IoT,test,4581,DDoS,1,0.323619,0.262934,ZERO_DAY
BoT-IoT,test,4582,DDoS,1,0.096632,0.262934,KNOWN
BoT-IoT,test,4583,DDoS,1,0.070287,0.262934,KNOWN
BoT-IoT,test,4584,Reconnaissance,1,0.214164,0.262934,KNOWN
BoT-IoT,test,4585,DoS,1,0.104359,0.262934,KNOWN
BoT-IoT,test,4586,DoS,1,0.019874,0.262934,KNOWN
BoT-IoT,test,4587,Reconnaissance,1,0.09274,0.262934,KNOWN
BoT-IoT,test,4588,DDoS,1,0.066029,0.262934,KNOWN
BoT-IoT,test,4589,DDoS,1,0.216104,0.262934,KNOWN
BoT-IoT,test,4590,DoS,1,0.043365,0.262934,KNOWN
BoT-IoT,test,4591,DDoS,1,0.067246,0.262934,KNOWN
BoT-IoT,test,4592,DDoS,1,0.013672,0.262934,KNOWN
BoT-IoT,test,4593,DDoS,1,0.167993,0.262934,KNOWN
BoT-IoT,test,4594,Normal,1,0.057133,0.262934,KNOWN
BoT-IoT,test,4595,DoS,1,0.195723,0.262934,KNOWN
BoT-IoT,test,4596,DoS,1,0.042251,0.262934,KNOWN
BoT-IoT,test,4597,DDoS,1,0.091967,0.262934,KNOWN
BoT-IoT,test,4598,Reconnaissance,1,0.102903,0.262934,KNOWN
BoT-IoT,test,4599,DoS,1,0.334502,0.262934,ZERO_DAY
BoT-IoT,test,4600,DoS,1,0.053227,0.262934,KNOWN
BoT-IoT,test,4601,DoS,1,0.258989,0.262934,KNOWN
BoT-IoT,test,4602,DDoS,1,0.073854,0.262934,KNOWN
BoT-IoT,test,4603,DDoS,1,0.178194,0.262934,KNOWN
BoT-IoT,test,4604,DDoS,1,0.028185,0.262934,KNOWN
BoT-IoT,test,4605,DoS,1,0.092221,0.262934,KNOWN
BoT-IoT,test,4606,DoS,1,0.065551,0.262934,KNOWN
BoT-IoT,test,4607,DDoS,1,0.217104,0.262934,KNOWN
BoT-IoT,test,4608,DoS,1,0.048111,0.262934,KNOWN
BoT-IoT,test,4609,DDoS,1,0.09297,0.262934,KNOWN
BoT-IoT,test,4610,DDoS,1,0.029465,0.262934,KNOWN
BoT-IoT,test,4611,DDoS,1,0.295474,0.262934,ZERO_DAY
BoT-IoT,test,4612,DoS,1,0.065353,0.262934,KNOWN
BoT-IoT,test,4613,DDoS,1,0.08911,0.262934,KNOWN
BoT-IoT,test,4614,DDoS,1,0.064588,0.262934,KNOWN
BoT-IoT,test,4615,DDoS,1,0.073044,0.262934,KNOWN
BoT-IoT,test,4616,DDoS,1,0.244683,0.262934,KNOWN
BoT-IoT,test,4617,DDoS,1,0.066282,0.262934,KNOWN
BoT-IoT,test,4618,Normal,1,0.217196,0.262934,KNOWN
BoT-IoT,test,4619,DDoS,1,0.274198,0.262934,ZERO_DAY
BoT-IoT,test,4620,DoS,1,0.035552,0.262934,KNOWN
BoT-IoT,test,4621,DoS,1,0.074027,0.262934,KNOWN
BoT-IoT,test,4622,DDoS,1,0.000179,0.262934,KNOWN
BoT-IoT,test,4623,Normal,1,0.174422,0.262934,KNOWN
BoT-IoT,test,4624,DoS,1,0.092657,0.262934,KNOWN
BoT-IoT,test,4625,DDoS,1,0.164299,0.262934,KNOWN
BoT-IoT,test,4626,DoS,1,0.011321,0.262934,KNOWN
BoT-IoT,test,4627,DoS,1,0.139106,0.262934,KNOWN
BoT-IoT,test,4628,DoS,1,0.101483,0.262934,KNOWN
BoT-IoT,test,4629,DoS,1,0.124621,0.262934,KNOWN
BoT-IoT,test,4630,DDoS,1,0.132758,0.262934,KNOWN
BoT-IoT,test,4631,DDoS,1,0.022453,0.262934,KNOWN
BoT-IoT,test,4632,DDoS,1,0.093645,0.262934,KNOWN
BoT-IoT,test,4633,DDoS,1,0.048263,0.262934,KNOWN
BoT-IoT,test,4634,DoS,1,0.160434,0.262934,KNOWN
BoT-IoT,test,4635,DDoS,1,0.006084,0.262934,KNOWN
BoT-IoT,test,4636,DDoS,1,0.043787,0.262934,KNOWN
BoT-IoT,test,4637,DoS,1,0.128178,0.262934,KNOWN
BoT-IoT,test,4638,DDoS,1,0.163015,0.262934,KNOWN
BoT-IoT,test,4639,DoS,1,0.075253,0.262934,KNOWN
BoT-IoT,test,4640,DoS,1,0.084725,0.262934,KNOWN
BoT-IoT,test,4641,DoS,1,0.144462,0.262934,KNOWN
BoT-IoT,test,4642,DoS,1,0.012637,0.262934,KNOWN
BoT-IoT,test,4643,DoS,1,0.003596,0.262934,KNOWN
BoT-IoT,test,4644,DoS,1,0.101027,0.262934,KNOWN
BoT-IoT,test,4645,DDoS,1,0.02797,0.262934,KNOWN
BoT-IoT,test,4646,DoS,1,0.08347,0.262934,KNOWN
BoT-IoT,test,4647,DoS,1,0.067913,0.262934,KNOWN
BoT-IoT,test,4648,DDoS,1,0.349176,0.262934,ZERO_DAY
BoT-IoT,test,4649,DoS,1,0.211208,0.262934,KNOWN
BoT-IoT,test,4650,DDoS,1,0.125697,0.262934,KNOWN
BoT-IoT,test,4651,DDoS,1,0.121275,0.262934,KNOWN
BoT-IoT,test,4652,DoS,1,0.100669,0.262934,KNOWN
BoT-IoT,test,4653,DoS,1,0.234738,0.262934,KNOWN
BoT-IoT,test,4654,DDoS,1,0.050121,0.262934,KNOWN
BoT-IoT,test,4655,DoS,1,0.136962,0.262934,KNOWN
BoT-IoT,test,4656,DDoS,1,0.012579,0.262934,KNOWN
BoT-IoT,test,4657,DoS,1,0.188572,0.262934,KNOWN
BoT-IoT,test,4658,DoS,1,0.061401,0.262934,KNOWN
BoT-IoT,test,4659,DoS,1,0.176873,0.262934,KNOWN
BoT-IoT,test,4660,Reconnaissance,1,0.066656,0.262934,KNOWN
BoT-IoT,test,4661,DoS,1,0.249902,0.262934,KNOWN
BoT-IoT,test,4662,DDoS,1,0.072508,0.262934,KNOWN
BoT-IoT,test,4663,DDoS,1,0.079843,0.262934,KNOWN
BoT-IoT,test,4664,DDoS,1,0.305128,0.262934,ZERO_DAY
BoT-IoT,test,4665,DoS,1,0.216252,0.262934,KNOWN
BoT-IoT,test,4666,DoS,1,0.144846,0.262934,KNOWN
BoT-IoT,test,4667,DDoS,1,0.070446,0.262934,KNOWN
BoT-IoT,test,4668,DoS,1,0.037667,0.262934,KNOWN
BoT-IoT,test,4669,DDoS,1,0.134291,0.262934,KNOWN
BoT-IoT,test,4670,DoS,1,0.311993,0.262934,ZERO_DAY
BoT-IoT,test,4671,DoS,1,0.057026,0.262934,KNOWN
BoT-IoT,test,4672,DDoS,1,0.003996,0.262934,KNOWN
BoT-IoT,test,4673,DoS,1,0.033912,0.262934,KNOWN
BoT-IoT,test,4674,DoS,1,0.214878,0.262934,KNOWN
BoT-IoT,test,4675,DDoS,1,0.056784,0.262934,KNOWN
BoT-IoT,test,4676,DoS,1,0.049418,0.262934,KNOWN
BoT-IoT,test,4677,DoS,1,0.071413,0.262934,KNOWN
BoT-IoT,test,4678,DDoS,1,0.088038,0.262934,KNOWN
BoT-IoT,test,4679,DDoS,1,0.192801,0.262934,KNOWN
BoT-IoT,test,4680,DDoS,1,0.007991,0.262934,KNOWN
BoT-IoT,test,4681,DDoS,1,0.084677,0.262934,KNOWN
BoT-IoT,test,4682,DDoS,1,0.178795,0.262934,KNOWN
BoT-IoT,test,4683,DoS,1,0.101312,0.262934,KNOWN
BoT-IoT,test,4684,DDoS,1,0.128137,0.262934,KNOWN
BoT-IoT,test,4685,DDoS,1,0.116556,0.262934,KNOWN
BoT-IoT,test,4686,DDoS,1,0.044505,0.262934,KNOWN
BoT-IoT,test,4687,DDoS,1,0.041038,0.262934,KNOWN
BoT-IoT,test,4688,DoS,1,0.203116,0.262934,KNOWN
BoT-IoT,test,4689,DoS,1,0.022604,0.262934,KNOWN
BoT-IoT,test,4690,DDoS,1,0.066192,0.262934,KNOWN
BoT-IoT,test,4691,DDoS,1,0.013054,0.262934,KNOWN
BoT-IoT,test,4692,DDoS,1,0.068547,0.262934,KNOWN
BoT-IoT,test,4693,DDoS,1,0.038194,0.262934,KNOWN
BoT-IoT,test,4694,DDoS,1,0.139373,0.262934,KNOWN
BoT-IoT,test,4695,DDoS,1,0.08018,0.262934,KNOWN
BoT-IoT,test,4696,DDoS,1,0.053637,0.262934,KNOWN
BoT-IoT,test,4697,DoS,1,0.04235,0.262934,KNOWN
BoT-IoT,test,4698,DDoS,1,0.158302,0.262934,KNOWN
BoT-IoT,test,4699,DDoS,1,0.039591,0.262934,KNOWN
BoT-IoT,test,4700,DDoS,1,0.018562,0.262934,KNOWN
BoT-IoT,test,4701,DDoS,1,0.329898,0.262934,ZERO_DAY
BoT-IoT,test,4702,DoS,1,0.058422,0.262934,KNOWN
BoT-IoT,test,4703,DDoS,1,0.298623,0.262934,ZERO_DAY
BoT-IoT,test,4704,DoS,1,0.029489,0.262934,KNOWN
BoT-IoT,test,4705,Reconnaissance,1,0.160891,0.262934,KNOWN
BoT-IoT,test,4706,DDoS,1,0.186659,0.262934,KNOWN
BoT-IoT,test,4707,DDoS,1,0.095474,0.262934,KNOWN
BoT-IoT,test,4708,DDoS,1,0.033458,0.262934,KNOWN
BoT-IoT,test,4709,DDoS,1,0.189758,0.262934,KNOWN
BoT-IoT,test,4710,DDoS,1,0.007436,0.262934,KNOWN
BoT-IoT,test,4711,DDoS,1,0.097708,0.262934,KNOWN
BoT-IoT,test,4712,DoS,1,0.01542,0.262934,KNOWN
BoT-IoT,test,4713,DoS,1,0.268549,0.262934,ZERO_DAY
BoT-IoT,test,4714,DoS,1,0.096585,0.262934,KNOWN
BoT-IoT,test,4715,DDoS,1,0.153757,0.262934,KNOWN
BoT-IoT,test,4716,DoS,1,0.022644,0.262934,KNOWN
BoT-IoT,test,4717,DoS,1,0.0891,0.262934,KNOWN
BoT-IoT,test,4718,DoS,1,0.108268,0.262934,KNOWN
BoT-IoT,test,4719,DoS,1,0.057288,0.262934,KNOWN
BoT-IoT,test,4720,DoS,1,0.210609,0.262934,KNOWN
BoT-IoT,test,4721,DDoS,1,0.01122,0.262934,KNOWN
BoT-IoT,test,4722,DoS,1,0.034414,0.262934,KNOWN
BoT-IoT,test,4723,DDoS,1,0.045824,0.262934,KNOWN
BoT-IoT,test,4724,DDoS,1,0.125112,0.262934,KNOWN
BoT-IoT,test,4725,DDoS,1,0.037169,0.262934,KNOWN
BoT-IoT,test,4726,DDoS,1,0.031006,0.262934,KNOWN
BoT-IoT,test,4727,DoS,1,0.023405,0.262934,KNOWN
BoT-IoT,test,4728,DoS,1,0.212769,0.262934,KNOWN
BoT-IoT,test,4729,DoS,1,0.198495,0.262934,KNOWN
BoT-IoT,test,4730,DDoS,1,0.361101,0.262934,ZERO_DAY
BoT-IoT,test,4731,DDoS,1,0.112786,0.262934,KNOWN
BoT-IoT,test,4732,DoS,1,0.078703,0.262934,KNOWN
BoT-IoT,test,4733,DoS,1,0.060982,0.262934,KNOWN
BoT-IoT,test,4734,DoS,1,0.18454,0.262934,KNOWN
BoT-IoT,test,4735,DoS,1,0.035788,0.262934,KNOWN
BoT-IoT,test,4736,DDoS,1,0.07837,0.262934,KNOWN
BoT-IoT,test,4737,DoS,1,0.073447,0.262934,KNOWN
BoT-IoT,test,4738,DDoS,1,0.315923,0.262934,ZERO_DAY
BoT-IoT,test,4739,DoS,1,0.125593,0.262934,KNOWN
BoT-IoT,test,4740,DDoS,1,0.157265,0.262934,KNOWN
BoT-IoT,test,4741,DoS,1,0.068902,0.262934,KNOWN
BoT-IoT,test,4742,DDoS,1,0.030596,0.262934,KNOWN
BoT-IoT,test,4743,DoS,1,0.057631,0.262934,KNOWN
BoT-IoT,test,4744,DDoS,1,0.015404,0.262934,KNOWN
BoT-IoT,test,4745,DoS,1,0.114716,0.262934,KNOWN
BoT-IoT,test,4746,DDoS,1,0.029237,0.262934,KNOWN
BoT-IoT,test,4747,DDoS,1,0.185919,0.262934,KNOWN
BoT-IoT,test,4748,DoS,1,0.034962,0.262934,KNOWN
BoT-IoT,test,4749,DoS,1,0.145759,0.262934,KNOWN
BoT-IoT,test,4750,DDoS,1,0.043298,0.262934,KNOWN
BoT-IoT,test,4751,DDoS,1,0.050897,0.262934,KNOWN
BoT-IoT,test,4752,DoS,1,0.069897,0.262934,KNOWN
BoT-IoT,test,4753,DDoS,1,0.081402,0.262934,KNOWN
BoT-IoT,test,4754,DDoS,1,0.080602,0.262934,KNOWN
BoT-IoT,test,4755,DoS,1,0.063441,0.262934,KNOWN
BoT-IoT,test,4756,DDoS,1,0.110773,0.262934,KNOWN
BoT-IoT,test,4757,DDoS,1,0.0227,0.262934,KNOWN
BoT-IoT,test,4758,DoS,1,0.035226,0.262934,KNOWN
BoT-IoT,test,4759,Normal,1,0.1722,0.262934,KNOWN
BoT-IoT,test,4760,Reconnaissance,1,0.062729,0.262934,KNOWN
BoT-IoT,test,4761,Reconnaissance,1,0.053279,0.262934,KNOWN
BoT-IoT,test,4762,DDoS,1,0.238769,0.262934,KNOWN
BoT-IoT,test,4763,DDoS,1,0.08459,0.262934,KNOWN
BoT-IoT,test,4764,DoS,1,0.02759,0.262934,KNOWN
BoT-IoT,test,4765,DDoS,1,0.059607,0.262934,KNOWN
BoT-IoT,test,4766,DDoS,1,0.156319,0.262934,KNOWN
BoT-IoT,test,4767,DDoS,1,0.050115,0.262934,KNOWN
BoT-IoT,test,4768,DDoS,1,0.067946,0.262934,KNOWN
BoT-IoT,test,4769,DoS,1,0.200892,0.262934,KNOWN
BoT-IoT,test,4770,DoS,1,0.021035,0.262934,KNOWN
BoT-IoT,test,4771,DoS,1,0.014921,0.262934,KNOWN
BoT-IoT,test,4772,DoS,1,0.052387,0.262934,KNOWN
BoT-IoT,test,4773,DoS,1,0.231433,0.262934,KNOWN
BoT-IoT,test,4774,DDoS,1,0.088684,0.262934,KNOWN
BoT-IoT,test,4775,DDoS,1,0.008596,0.262934,KNOWN
BoT-IoT,test,4776,DDoS,1,0.147608,0.262934,KNOWN
BoT-IoT,test,4777,DDoS,1,0.030936,0.262934,KNOWN
BoT-IoT,test,4778,DDoS,1,0.122167,0.262934,KNOWN
BoT-IoT,test,4779,DoS,1,0.003104,0.262934,KNOWN
BoT-IoT,test,4780,DDoS,1,0.279649,0.262934,ZERO_DAY
BoT-IoT,test,4781,DDoS,1,0.066701,0.262934,KNOWN
BoT-IoT,test,4782,DDoS,1,0.058693,0.262934,KNOWN
BoT-IoT,test,4783,DoS,1,0.275224,0.262934,ZERO_DAY
BoT-IoT,test,4784,Reconnaissance,1,0.046183,0.262934,KNOWN
BoT-IoT,test,4785,DDoS,1,0.012252,0.262934,KNOWN
BoT-IoT,test,4786,DDoS,1,0.15153,0.262934,KNOWN
BoT-IoT,test,4787,DoS,1,0.015175,0.262934,KNOWN
BoT-IoT,test,4788,DoS,1,0.003298,0.262934,KNOWN
BoT-IoT,test,4789,DoS,1,0.083908,0.262934,KNOWN
BoT-IoT,test,4790,DDoS,1,0.158609,0.262934,KNOWN
BoT-IoT,test,4791,DoS,1,0.045931,0.262934,KNOWN
BoT-IoT,test,4792,DDoS,1,0.170996,0.262934,KNOWN
BoT-IoT,test,4793,DDoS,1,0.023551,0.262934,KNOWN
BoT-IoT,test,4794,DDoS,1,0.041151,0.262934,KNOWN
BoT-IoT,test,4795,DoS,1,0.039609,0.262934,KNOWN
BoT-IoT,test,4796,DDoS,1,0.192688,0.262934,KNOWN
BoT-IoT,test,4797,DoS,1,0.060159,0.262934,KNOWN
BoT-IoT,test,4798,DoS,1,0.122759,0.262934,KNOWN
BoT-IoT,test,4799,DDoS,1,0.054227,0.262934,KNOWN
BoT-IoT,test,4800,DDoS,1,0.039067,0.262934,KNOWN
BoT-IoT,test,4801,DoS,1,0.130975,0.262934,KNOWN
BoT-IoT,test,4802,DDoS,1,0.179772,0.262934,KNOWN
BoT-IoT,test,4803,DDoS,1,0.053207,0.262934,KNOWN
BoT-IoT,test,4804,DDoS,1,0.008883,0.262934,KNOWN
BoT-IoT,test,4805,DoS,1,0.163923,0.262934,KNOWN
BoT-IoT,test,4806,DDoS,1,0.029766,0.262934,KNOWN
BoT-IoT,test,4807,DoS,1,0.038132,0.262934,KNOWN
BoT-IoT,test,4808,DDoS,1,0.075025,0.262934,KNOWN
BoT-IoT,test,4809,DoS,1,0.04159,0.262934,KNOWN
BoT-IoT,test,4810,DoS,1,0.052174,0.262934,KNOWN
BoT-IoT,test,4811,DDoS,1,0.17705,0.262934,KNOWN
BoT-IoT,test,4812,DDoS,1,0.051954,0.262934,KNOWN
BoT-IoT,test,4813,DDoS,1,0.157812,0.262934,KNOWN
BoT-IoT,test,4814,DDoS,1,0.080948,0.262934,KNOWN
BoT-IoT,test,4815,Normal,1,0.037283,0.262934,KNOWN
BoT-IoT,test,4816,DDoS,1,0.009167,0.262934,KNOWN
BoT-IoT,test,4817,DDoS,1,0.022985,0.262934,KNOWN
BoT-IoT,test,4818,DoS,1,0.090481,0.262934,KNOWN
BoT-IoT,test,4819,DDoS,1,0.01054,0.262934,KNOWN
BoT-IoT,test,4820,DDoS,1,0.131405,0.262934,KNOWN
BoT-IoT,test,4821,DoS,1,0.017375,0.262934,KNOWN
BoT-IoT,test,4822,DDoS,1,0.089526,0.262934,KNOWN
BoT-IoT,test,4823,Normal,1,0.018585,0.262934,KNOWN
BoT-IoT,test,4824,DDoS,1,0.139459,0.262934,KNOWN
BoT-IoT,test,4825,DoS,1,0.207452,0.262934,KNOWN
BoT-IoT,test,4826,DoS,1,0.061931,0.262934,KNOWN
BoT-IoT,test,4827,DDoS,1,0.036697,0.262934,KNOWN
BoT-IoT,test,4828,DoS,1,0.095889,0.262934,KNOWN
BoT-IoT,test,4829,DDoS,1,0.097485,0.262934,KNOWN
BoT-IoT,test,4830,DoS,1,0.098777,0.262934,KNOWN
BoT-IoT,test,4831,DDoS,1,0.01703,0.262934,KNOWN
BoT-IoT,test,4832,DDoS,1,0.086651,0.262934,KNOWN
BoT-IoT,test,4833,DoS,1,0.003843,0.262934,KNOWN
BoT-IoT,test,4834,DDoS,1,0.137764,0.262934,KNOWN
BoT-IoT,test,4835,DDoS,1,0.007314,0.262934,KNOWN
BoT-IoT,test,4836,DDoS,1,0.048548,0.262934,KNOWN
BoT-IoT,test,4837,DDoS,1,0.290915,0.262934,ZERO_DAY
BoT-IoT,test,4838,DDoS,1,0.071449,0.262934,KNOWN
BoT-IoT,test,4839,DDoS,1,0.003612,0.262934,KNOWN
BoT-IoT,test,4840,DDoS,1,0.055703,0.262934,KNOWN
BoT-IoT,test,4841,DDoS,1,0.068466,0.262934,KNOWN
BoT-IoT,test,4842,DDoS,1,0.134752,0.262934,KNOWN
BoT-IoT,test,4843,DDoS,1,0.048407,0.262934,KNOWN
BoT-IoT,test,4844,DoS,1,0.099614,0.262934,KNOWN
BoT-IoT,test,4845,DoS,1,0.0171,0.262934,KNOWN
BoT-IoT,test,4846,Normal,1,0.041512,0.262934,KNOWN
BoT-IoT,test,4847,DoS,1,0.105699,0.262934,KNOWN
BoT-IoT,test,4848,Normal,1,0.101148,0.262934,KNOWN
BoT-IoT,test,4849,DoS,1,0.062141,0.262934,KNOWN
BoT-IoT,test,4850,DoS,1,0.17592,0.262934,KNOWN
BoT-IoT,test,4851,DDoS,1,0.089204,0.262934,KNOWN
BoT-IoT,test,4852,DoS,1,0.137334,0.262934,KNOWN
BoT-IoT,test,4853,Normal,1,0.15392,0.262934,KNOWN
BoT-IoT,test,4854,DDoS,1,0.067035,0.262934,KNOWN
BoT-IoT,test,4855,DoS,1,0.111632,0.262934,KNOWN
BoT-IoT,test,4856,DoS,1,0.037472,0.262934,KNOWN
BoT-IoT,test,4857,Normal,1,0.012639,0.262934,KNOWN
BoT-IoT,test,4858,DDoS,1,0.025757,0.262934,KNOWN
BoT-IoT,test,4859,Reconnaissance,1,0.154928,0.262934,KNOWN
BoT-IoT,test,4860,DoS,1,0.107959,0.262934,KNOWN
BoT-IoT,test,4861,DoS,1,0.176183,0.262934,KNOWN
BoT-IoT,test,4862,DoS,1,0.070793,0.262934,KNOWN
BoT-IoT,test,4863,DDoS,1,0.038005,0.262934,KNOWN
BoT-IoT,test,4864,DDoS,1,0.022678,0.262934,KNOWN
BoT-IoT,test,4865,DDoS,1,0.069156,0.262934,KNOWN
BoT-IoT,test,4866,DDoS,1,0.014029,0.262934,KNOWN
BoT-IoT,test,4867,DoS,1,0.068906,0.262934,KNOWN
BoT-IoT,test,4868,DDoS,1,0.008293,0.262934,KNOWN
BoT-IoT,test,4869,DDoS,1,0.03439,0.262934,KNOWN
BoT-IoT,test,4870,DDoS,1,0.176034,0.262934,KNOWN
BoT-IoT,test,4871,DDoS,1,0.006521,0.262934,KNOWN
BoT-IoT,test,4872,DoS,1,0.199015,0.262934,KNOWN
BoT-IoT,test,4873,DDoS,1,0.030072,0.262934,KNOWN
BoT-IoT,test,4874,DDoS,1,0.019139,0.262934,KNOWN
BoT-IoT,test,4875,DoS,1,0.051808,0.262934,KNOWN
BoT-IoT,test,4876,DDoS,1,0.043679,0.262934,KNOWN
BoT-IoT,test,4877,DoS,1,0.077715,0.262934,KNOWN
BoT-IoT,test,4878,DoS,1,0.244398,0.262934,KNOWN
BoT-IoT,test,4879,DDoS,1,0.001878,0.262934,KNOWN
BoT-IoT,test,4880,DDoS,1,0.04664,0.262934,KNOWN
BoT-IoT,test,4881,DDoS,1,0.045707,0.262934,KNOWN
BoT-IoT,test,4882,Reconnaissance,1,0.14125,0.262934,KNOWN
BoT-IoT,test,4883,DDoS,1,0.111385,0.262934,KNOWN
BoT-IoT,test,4884,DDoS,1,0.133787,0.262934,KNOWN
BoT-IoT,test,4885,Normal,1,0.023133,0.262934,KNOWN
BoT-IoT,test,4886,DoS,1,0.210109,0.262934,KNOWN
BoT-IoT,test,4887,DoS,1,0.099367,0.262934,KNOWN
BoT-IoT,test,4888,DoS,1,0.075139,0.262934,KNOWN
BoT-IoT,test,4889,DDoS,1,0.250771,0.262934,KNOWN
BoT-IoT,test,4890,DDoS,1,0.108307,0.262934,KNOWN
BoT-IoT,test,4891,Normal,1,0.05461,0.262934,KNOWN
BoT-IoT,test,4892,DDoS,1,0.095716,0.262934,KNOWN
BoT-IoT,test,4893,DDoS,1,0.107871,0.262934,KNOWN
BoT-IoT,test,4894,DoS,1,0.064601,0.262934,KNOWN
BoT-IoT,test,4895,DoS,1,0.117606,0.262934,KNOWN
BoT-IoT,test,4896,DDoS,1,0.0991,0.262934,KNOWN
BoT-IoT,test,4897,DDoS,1,0.113197,0.262934,KNOWN
BoT-IoT,test,4898,DoS,1,0.1077,0.262934,KNOWN
BoT-IoT,test,4899,DDoS,1,0.110589,0.262934,KNOWN
BoT-IoT,test,4900,DoS,1,0.024943,0.262934,KNOWN
BoT-IoT,test,4901,DDoS,1,0.054539,0.262934,KNOWN
BoT-IoT,test,4902,DDoS,1,0.046423,0.262934,KNOWN
BoT-IoT,test,4903,DDoS,1,0.053647,0.262934,KNOWN
BoT-IoT,test,4904,DDoS,1,0.014432,0.262934,KNOWN
BoT-IoT,test,4905,DoS,1,0.090449,0.262934,KNOWN
BoT-IoT,test,4906,DDoS,1,0.045621,0.262934,KNOWN
BoT-IoT,test,4907,DDoS,1,0.079877,0.262934,KNOWN
BoT-IoT,test,4908,DDoS,1,0.075533,0.262934,KNOWN
BoT-IoT,test,4909,Normal,1,0.164514,0.262934,KNOWN
BoT-IoT,test,4910,DDoS,1,0.030974,0.262934,KNOWN
BoT-IoT,test,4911,Normal,1,0.127385,0.262934,KNOWN
BoT-IoT,test,4912,Reconnaissance,1,0.072714,0.262934,KNOWN
BoT-IoT,test,4913,DDoS,1,0.191862,0.262934,KNOWN
BoT-IoT,test,4914,DDoS,1,0.077313,0.262934,KNOWN
BoT-IoT,test,4915,DoS,1,0.162931,0.262934,KNOWN
BoT-IoT,test,4916,DoS,1,0.029136,0.262934,KNOWN
BoT-IoT,test,4917,DoS,1,0.180828,0.262934,KNOWN
BoT-IoT,test,4918,DoS,1,0.366875,0.262934,ZERO_DAY
BoT-IoT,test,4919,DoS,1,0.06134,0.262934,KNOWN
BoT-IoT,test,4920,Normal,1,0.045953,0.262934,KNOWN
BoT-IoT,test,4921,DoS,1,0.171576,0.262934,KNOWN
BoT-IoT,test,4922,Reconnaissance,1,0.047566,0.262934,KNOWN
BoT-IoT,test,4923,DDoS,1,0.019891,0.262934,KNOWN
BoT-IoT,test,4924,DDoS,1,0.072121,0.262934,KNOWN
BoT-IoT,test,4925,Normal,1,0.040591,0.262934,KNOWN
BoT-IoT,test,4926,Reconnaissance,1,0.096535,0.262934,KNOWN
BoT-IoT,test,4927,DDoS,1,0.062105,0.262934,KNOWN
BoT-IoT,test,4928,DoS,1,0.050537,0.262934,KNOWN
BoT-IoT,test,4929,DDoS,1,0.094881,0.262934,KNOWN
BoT-IoT,test,4930,DDoS,1,0.016462,0.262934,KNOWN
BoT-IoT,test,4931,Reconnaissance,1,0.033163,0.262934,KNOWN
BoT-IoT,test,4932,DDoS,1,0.054286,0.262934,KNOWN
BoT-IoT,test,4933,DoS,1,0.139026,0.262934,KNOWN
BoT-IoT,test,4934,DDoS,1,0.130558,0.262934,KNOWN
BoT-IoT,test,4935,DoS,1,0.026231,0.262934,KNOWN
BoT-IoT,test,4936,DoS,1,0.062055,0.262934,KNOWN
BoT-IoT,test,4937,DoS,1,0.09368,0.262934,KNOWN
BoT-IoT,test,4938,DDoS,1,0.183893,0.262934,KNOWN
BoT-IoT,test,4939,DoS,1,0.060564,0.262934,KNOWN
BoT-IoT,test,4940,DDoS,1,0.168937,0.262934,KNOWN
BoT-IoT,test,4941,DoS,1,0.027836,0.262934,KNOWN
BoT-IoT,test,4942,DDoS,1,0.308541,0.262934,ZERO_DAY
BoT-IoT,test,4943,DoS,1,0.038867,0.262934,KNOWN
BoT-IoT,test,4944,DDoS,1,0.077839,0.262934,KNOWN
BoT-IoT,test,4945,DDoS,1,0.043193,0.262934,KNOWN
BoT-IoT,test,4946,DDoS,1,0.095859,0.262934,KNOWN
BoT-IoT,test,4947,DDoS,1,0.033633,0.262934,KNOWN
BoT-IoT,test,4948,DoS,1,0.060891,0.262934,KNOWN
BoT-IoT,test,4949,DDoS,1,0.116175,0.262934,KNOWN
BoT-IoT,test,4950,DDoS,1,0.40106,0.262934,ZERO_DAY
BoT-IoT,test,4951,DDoS,1,0.058438,0.262934,KNOWN
BoT-IoT,test,4952,DoS,1,0.226248,0.262934,KNOWN
BoT-IoT,test,4953,DoS,1,0.162961,0.262934,KNOWN
BoT-IoT,test,4954,DDoS,1,0.354659,0.262934,ZERO_DAY
BoT-IoT,test,4955,DDoS,1,0.329635,0.262934,ZERO_DAY
BoT-IoT,test,4956,DoS,1,0.137223,0.262934,KNOWN
BoT-IoT,test,4957,DoS,1,0.087977,0.262934,KNOWN
BoT-IoT,test,4958,DoS,1,0.063911,0.262934,KNOWN
BoT-IoT,test,4959,DoS,1,0.149021,0.262934,KNOWN
BoT-IoT,test,4960,DoS,1,0.010913,0.262934,KNOWN
BoT-IoT,test,4961,DDoS,1,0.045216,0.262934,KNOWN
BoT-IoT,test,4962,Normal,1,0.003881,0.262934,KNOWN
BoT-IoT,test,4963,DDoS,1,0.282971,0.262934,ZERO_DAY
BoT-IoT,test,4964,DDoS,1,0.021646,0.262934,KNOWN
BoT-IoT,test,4965,DDoS,1,0.032595,0.262934,KNOWN
BoT-IoT,test,4966,DoS,1,0.026558,0.262934,KNOWN
BoT-IoT,test,4967,DoS,1,0.073084,0.262934,KNOWN
BoT-IoT,test,4968,DoS,1,0.273572,0.262934,ZERO_DAY
BoT-IoT,test,4969,DoS,1,0.036112,0.262934,KNOWN
BoT-IoT,test,4970,DoS,1,0.147588,0.262934,KNOWN
BoT-IoT,test,4971,DoS,1,0.02895,0.262934,KNOWN
BoT-IoT,test,4972,DDoS,1,0.080919,0.262934,KNOWN
BoT-IoT,test,4973,DDoS,1,0.130129,0.262934,KNOWN
BoT-IoT,test,4974,DoS,1,0.088203,0.262934,KNOWN
BoT-IoT,test,4975,DDoS,1,0.090466,0.262934,KNOWN
BoT-IoT,test,4976,DoS,1,0.125978,0.262934,KNOWN
BoT-IoT,test,4977,DDoS,1,0.004372,0.262934,KNOWN
BoT-IoT,test,4978,DoS,1,0.075073,0.262934,KNOWN
BoT-IoT,test,4979,Reconnaissance,1,0.121949,0.262934,KNOWN
BoT-IoT,test,4980,Normal,1,0.232807,0.262934,KNOWN
BoT-IoT,test,4981,DoS,1,0.151291,0.262934,KNOWN
BoT-IoT,test,4982,DoS,1,0.013765,0.262934,KNOWN
BoT-IoT,test,4983,DDoS,1,0.034636,0.262934,KNOWN
BoT-IoT,test,4984,DoS,1,0.299675,0.262934,ZERO_DAY
BoT-IoT,test,4985,DDoS,1,0.456729,0.262934,ZERO_DAY
BoT-IoT,test,4986,DoS,1,0.23572,0.262934,KNOWN
BoT-IoT,test,4987,DoS,1,0.035309,0.262934,KNOWN
BoT-IoT,test,4988,DDoS,1,0.081346,0.262934,KNOWN
BoT-IoT,test,4989,Normal,1,0.053864,0.262934,KNOWN
BoT-IoT,test,4990,DDoS,1,0.052266,0.262934,KNOWN
BoT-IoT,test,4991,DoS,1,0.138224,0.262934,KNOWN
BoT-IoT,test,4992,DDoS,1,0.381104,0.262934,ZERO_DAY
BoT-IoT,test,4993,DDoS,1,0.077036,0.262934,KNOWN
BoT-IoT,test,4994,DoS,1,0.122275,0.262934,KNOWN
BoT-IoT,test,4995,DDoS,1,0.170691,0.262934,KNOWN
BoT-IoT,test,4996,DDoS,1,0.091937,0.262934,KNOWN
BoT-IoT,test,4997,DoS,1,0.096589,0.262934,KNOWN
BoT-IoT,test,4998,Normal,1,0.048844,0.262934,KNOWN
BoT-IoT,test,4999,DoS,1,0.042713,0.262934,KNOWN
BoT-IoT,test,5000,DDoS,1,0.149501,0.262934,KNOWN
BoT-IoT,test,5001,DDoS,1,0.07676,0.262934,KNOWN
BoT-IoT,test,5002,DDoS,1,0.010584,0.262934,KNOWN
BoT-IoT,test,5003,DDoS,1,0.121078,0.262934,KNOWN
BoT-IoT,test,5004,DDoS,1,0.058473,0.262934,KNOWN
BoT-IoT,test,5005,DoS,1,0.193825,0.262934,KNOWN
BoT-IoT,test,5006,DDoS,1,0.119848,0.262934,KNOWN
BoT-IoT,test,5007,DDoS,1,0.043592,0.262934,KNOWN
BoT-IoT,test,5008,DDoS,1,0.067559,0.262934,KNOWN
BoT-IoT,test,5009,DoS,1,0.190493,0.262934,KNOWN
BoT-IoT,test,5010,DDoS,1,0.160009,0.262934,KNOWN
BoT-IoT,test,5011,DoS,1,0.178343,0.262934,KNOWN
BoT-IoT,test,5012,DDoS,1,0.187244,0.262934,KNOWN
BoT-IoT,test,5013,DDoS,1,0.089238,0.262934,KNOWN
BoT-IoT,test,5014,DDoS,1,0.030294,0.262934,KNOWN
BoT-IoT,test,5015,DDoS,1,0.010073,0.262934,KNOWN
BoT-IoT,test,5016,DoS,1,0.097168,0.262934,KNOWN
BoT-IoT,test,5017,DoS,1,0.00622,0.262934,KNOWN
BoT-IoT,test,5018,DDoS,1,0.141713,0.262934,KNOWN
BoT-IoT,test,5019,Reconnaissance,1,0.039251,0.262934,KNOWN
BoT-IoT,test,5020,DDoS,1,0.312536,0.262934,ZERO_DAY
BoT-IoT,test,5021,DoS,1,0.049691,0.262934,KNOWN
BoT-IoT,test,5022,DDoS,1,0.069795,0.262934,KNOWN
BoT-IoT,test,5023,DDoS,1,0.377343,0.262934,ZERO_DAY
BoT-IoT,test,5024,DDoS,1,0.191562,0.262934,KNOWN
BoT-IoT,test,5025,DoS,1,0.061419,0.262934,KNOWN
BoT-IoT,test,5026,DoS,1,0.187144,0.262934,KNOWN
BoT-IoT,test,5027,DDoS,1,0.091501,0.262934,KNOWN
BoT-IoT,test,5028,DDoS,1,0.091021,0.262934,KNOWN
BoT-IoT,test,5029,DDoS,1,0.02653,0.262934,KNOWN
BoT-IoT,test,5030,DoS,1,0.044168,0.262934,KNOWN
BoT-IoT,test,5031,DDoS,1,0.044507,0.262934,KNOWN
BoT-IoT,test,5032,DDoS,1,0.323081,0.262934,ZERO_DAY
BoT-IoT,test,5033,DDoS,1,0.139856,0.262934,KNOWN
BoT-IoT,test,5034,DoS,1,0.209861,0.262934,KNOWN
BoT-IoT,test,5035,Normal,1,0.108777,0.262934,KNOWN
BoT-IoT,test,5036,DoS,1,0.006015,0.262934,KNOWN
BoT-IoT,test,5037,DoS,1,0.208211,0.262934,KNOWN
BoT-IoT,test,5038,Normal,1,0.08953,0.262934,KNOWN
BoT-IoT,test,5039,DoS,1,0.020285,0.262934,KNOWN
BoT-IoT,test,5040,DoS,1,0.062863,0.262934,KNOWN
BoT-IoT,test,5041,DoS,1,0.320632,0.262934,ZERO_DAY
BoT-IoT,test,5042,DoS,1,0.071811,0.262934,KNOWN
BoT-IoT,test,5043,DDoS,1,0.079447,0.262934,KNOWN
BoT-IoT,test,5044,DoS,1,0.072381,0.262934,KNOWN
BoT-IoT,test,5045,DDoS,1,0.026742,0.262934,KNOWN
BoT-IoT,test,5046,Normal,1,0.056947,0.262934,KNOWN
BoT-IoT,test,5047,DDoS,1,0.154613,0.262934,KNOWN
BoT-IoT,test,5048,DDoS,1,0.137703,0.262934,KNOWN
BoT-IoT,test,5049,DoS,1,0.08722,0.262934,KNOWN
BoT-IoT,test,5050,DoS,1,0.140088,0.262934,KNOWN
BoT-IoT,test,5051,DDoS,1,0.023568,0.262934,KNOWN
BoT-IoT,test,5052,DoS,1,0.138467,0.262934,KNOWN
BoT-IoT,test,5053,DDoS,1,0.142329,0.262934,KNOWN
BoT-IoT,test,5054,DDoS,1,0.183653,0.262934,KNOWN
BoT-IoT,test,5055,DoS,1,0.074507,0.262934,KNOWN
BoT-IoT,test,5056,DDoS,1,0.078293,0.262934,KNOWN
BoT-IoT,test,5057,DoS,1,0.245278,0.262934,KNOWN
BoT-IoT,test,5058,DDoS,1,0.087254,0.262934,KNOWN
BoT-IoT,test,5059,DDoS,1,0.000563,0.262934,KNOWN
BoT-IoT,test,5060,DDoS,1,0.167764,0.262934,KNOWN
BoT-IoT,test,5061,DDoS,1,0.29639,0.262934,ZERO_DAY
BoT-IoT,test,5062,DDoS,1,0.200901,0.262934,KNOWN
BoT-IoT,test,5063,DoS,1,0.016309,0.262934,KNOWN
BoT-IoT,test,5064,DDoS,1,0.163011,0.262934,KNOWN
BoT-IoT,test,5065,DDoS,1,0.078267,0.262934,KNOWN
BoT-IoT,test,5066,DoS,1,0.189155,0.262934,KNOWN
BoT-IoT,test,5067,Reconnaissance,1,0.192283,0.262934,KNOWN
BoT-IoT,test,5068,DDoS,1,0.257658,0.262934,KNOWN
BoT-IoT,test,5069,DoS,1,0.289233,0.262934,ZERO_DAY
BoT-IoT,test,5070,DDoS,1,0.290564,0.262934,ZERO_DAY
BoT-IoT,test,5071,DDoS,1,0.035655,0.262934,KNOWN
BoT-IoT,test,5072,DDoS,1,0.047953,0.262934,KNOWN
BoT-IoT,test,5073,Reconnaissance,1,0.238227,0.262934,KNOWN
BoT-IoT,test,5074,DDoS,1,0.129078,0.262934,KNOWN
BoT-IoT,test,5075,DoS,1,0.372295,0.262934,ZERO_DAY
BoT-IoT,test,5076,DDoS,1,0.013276,0.262934,KNOWN
BoT-IoT,test,5077,DDoS,1,0.008857,0.262934,KNOWN
BoT-IoT,test,5078,DDoS,1,0.122495,0.262934,KNOWN
BoT-IoT,test,5079,DoS,1,0.060079,0.262934,KNOWN
BoT-IoT,test,5080,DoS,1,0.025471,0.262934,KNOWN
BoT-IoT,test,5081,DDoS,1,0.107187,0.262934,KNOWN
BoT-IoT,test,5082,DDoS,1,0.109958,0.262934,KNOWN
BoT-IoT,test,5083,DDoS,1,0.001219,0.262934,KNOWN
BoT-IoT,test,5084,Normal,1,0.057049,0.262934,KNOWN
BoT-IoT,test,5085,DoS,1,0.06317,0.262934,KNOWN
BoT-IoT,test,5086,DDoS,1,0.003372,0.262934,KNOWN
BoT-IoT,test,5087,DoS,1,0.168903,0.262934,KNOWN
BoT-IoT,test,5088,DoS,1,0.143,0.262934,KNOWN
BoT-IoT,test,5089,DDoS,1,0.087169,0.262934,KNOWN
BoT-IoT,test,5090,DDoS,1,0.089981,0.262934,KNOWN
BoT-IoT,test,5091,DoS,1,0.157345,0.262934,KNOWN
BoT-IoT,test,5092,DDoS,1,0.190894,0.262934,KNOWN
BoT-IoT,test,5093,Reconnaissance,1,0.093684,0.262934,KNOWN
BoT-IoT,test,5094,DDoS,1,0.064929,0.262934,KNOWN
BoT-IoT,test,5095,DDoS,1,0.113057,0.262934,KNOWN
BoT-IoT,test,5096,DDoS,1,0.099539,0.262934,KNOWN
BoT-IoT,test,5097,DDoS,1,0.028088,0.262934,KNOWN
BoT-IoT,test,5098,Normal,1,0.052191,0.262934,KNOWN
BoT-IoT,test,5099,DDoS,1,0.086578,0.262934,KNOWN
BoT-IoT,test,5100,DoS,1,0.421817,0.262934,ZERO_DAY
BoT-IoT,test,5101,DDoS,1,0.091529,0.262934,KNOWN
BoT-IoT,test,5102,DDoS,1,0.024065,0.262934,KNOWN
BoT-IoT,test,5103,DDoS,1,0.043049,0.262934,KNOWN
BoT-IoT,test,5104,DoS,1,0.058838,0.262934,KNOWN
BoT-IoT,test,5105,DDoS,1,0.077511,0.262934,KNOWN
BoT-IoT,test,5106,DDoS,1,0.299518,0.262934,ZERO_DAY
BoT-IoT,test,5107,DoS,1,0.067996,0.262934,KNOWN
BoT-IoT,test,5108,DoS,1,0.040001,0.262934,KNOWN
BoT-IoT,test,5109,DDoS,1,0.015931,0.262934,KNOWN
BoT-IoT,test,5110,DoS,1,0.117486,0.262934,KNOWN
BoT-IoT,test,5111,DoS,1,0.154279,0.262934,KNOWN
BoT-IoT,test,5112,DoS,1,0.417173,0.262934,ZERO_DAY
BoT-IoT,test,5113,DoS,1,0.039787,0.262934,KNOWN
BoT-IoT,test,5114,Reconnaissance,1,0.040147,0.262934,KNOWN
BoT-IoT,test,5115,DoS,1,0.043467,0.262934,KNOWN
BoT-IoT,test,5116,DoS,1,0.047741,0.262934,KNOWN
BoT-IoT,test,5117,DDoS,1,0.038086,0.262934,KNOWN
BoT-IoT,test,5118,DDoS,1,0.075515,0.262934,KNOWN
BoT-IoT,test,5119,DoS,1,0.019199,0.262934,KNOWN
BoT-IoT,test,5120,DoS,1,0.029877,0.262934,KNOWN
BoT-IoT,test,5121,DoS,1,0.030069,0.262934,KNOWN
BoT-IoT,test,5122,DDoS,1,0.084382,0.262934,KNOWN
BoT-IoT,test,5123,DoS,1,0.00197,0.262934,KNOWN
BoT-IoT,test,5124,DoS,1,0.133122,0.262934,KNOWN
BoT-IoT,test,5125,DDoS,1,0.038436,0.262934,KNOWN
BoT-IoT,test,5126,DDoS,1,0.271217,0.262934,ZERO_DAY
BoT-IoT,test,5127,DDoS,1,0.171828,0.262934,KNOWN
BoT-IoT,test,5128,DoS,1,0.05282,0.262934,KNOWN
BoT-IoT,test,5129,DoS,1,0.017923,0.262934,KNOWN
BoT-IoT,test,5130,DoS,1,0.079881,0.262934,KNOWN
BoT-IoT,test,5131,DDoS,1,0.160882,0.262934,KNOWN
BoT-IoT,test,5132,DDoS,1,0.064404,0.262934,KNOWN
BoT-IoT,test,5133,DDoS,1,0.016034,0.262934,KNOWN
BoT-IoT,test,5134,DDoS,1,0.007488,0.262934,KNOWN
BoT-IoT,test,5135,DoS,1,0.209675,0.262934,KNOWN
BoT-IoT,test,5136,DDoS,1,0.059058,0.262934,KNOWN
BoT-IoT,test,5137,DDoS,1,0.174225,0.262934,KNOWN
BoT-IoT,test,5138,DDoS,1,0.148344,0.262934,KNOWN
BoT-IoT,test,5139,DoS,1,0.088358,0.262934,KNOWN
BoT-IoT,test,5140,Normal,1,0.108964,0.262934,KNOWN
BoT-IoT,test,5141,DDoS,1,0.057937,0.262934,KNOWN
BoT-IoT,test,5142,DDoS,1,0.090098,0.262934,KNOWN
BoT-IoT,test,5143,DoS,1,0.014647,0.262934,KNOWN
BoT-IoT,test,5144,DDoS,1,0.031797,0.262934,KNOWN
BoT-IoT,test,5145,DDoS,1,0.079833,0.262934,KNOWN
BoT-IoT,test,5146,DoS,1,0.060631,0.262934,KNOWN
BoT-IoT,test,5147,DDoS,1,0.042078,0.262934,KNOWN
BoT-IoT,test,5148,DDoS,1,0.109963,0.262934,KNOWN
BoT-IoT,test,5149,DDoS,1,0.056098,0.262934,KNOWN
BoT-IoT,test,5150,DDoS,1,0.009111,0.262934,KNOWN
BoT-IoT,test,5151,DDoS,1,0.225115,0.262934,KNOWN
BoT-IoT,test,5152,DDoS,1,0.14083,0.262934,KNOWN
BoT-IoT,test,5153,DDoS,1,0.193075,0.262934,KNOWN
BoT-IoT,test,5154,DoS,1,0.269128,0.262934,ZERO_DAY
BoT-IoT,test,5155,DoS,1,0.058272,0.262934,KNOWN
BoT-IoT,test,5156,DoS,1,0.112437,0.262934,KNOWN
BoT-IoT,test,5157,DoS,1,0.250435,0.262934,KNOWN
BoT-IoT,test,5158,DoS,1,0.17418,0.262934,KNOWN
BoT-IoT,test,5159,DDoS,1,0.141735,0.262934,KNOWN
BoT-IoT,test,5160,DoS,1,0.161361,0.262934,KNOWN
BoT-IoT,test,5161,DDoS,1,0.119963,0.262934,KNOWN
BoT-IoT,test,5162,DDoS,1,0.168421,0.262934,KNOWN
BoT-IoT,test,5163,DDoS,1,0.197584,0.262934,KNOWN
BoT-IoT,test,5164,DDoS,1,0.074049,0.262934,KNOWN
BoT-IoT,test,5165,DDoS,1,0.086524,0.262934,KNOWN
BoT-IoT,test,5166,DDoS,1,0.213426,0.262934,KNOWN
BoT-IoT,test,5167,DoS,1,0.033454,0.262934,KNOWN
BoT-IoT,test,5168,DDoS,1,0.244179,0.262934,KNOWN
BoT-IoT,test,5169,DDoS,1,0.085419,0.262934,KNOWN
BoT-IoT,test,5170,DoS,1,0.015936,0.262934,KNOWN
BoT-IoT,test,5171,DDoS,1,0.039837,0.262934,KNOWN
BoT-IoT,test,5172,DDoS,1,0.069708,0.262934,KNOWN
BoT-IoT,test,5173,DoS,1,0.037,0.262934,KNOWN
BoT-IoT,test,5174,DDoS,1,0.194961,0.262934,KNOWN
BoT-IoT,test,5175,DDoS,1,0.063579,0.262934,KNOWN
BoT-IoT,test,5176,DDoS,1,0.048045,0.262934,KNOWN
BoT-IoT,test,5177,Normal,1,0.228564,0.262934,KNOWN
BoT-IoT,test,5178,DDoS,1,0.046947,0.262934,KNOWN
BoT-IoT,test,5179,DDoS,1,0.066608,0.262934,KNOWN
BoT-IoT,test,5180,DDoS,1,0.09604,0.262934,KNOWN
BoT-IoT,test,5181,DDoS,1,0.114458,0.262934,KNOWN
BoT-IoT,test,5182,DDoS,1,0.052887,0.262934,KNOWN
BoT-IoT,test,5183,DoS,1,0.059831,0.262934,KNOWN
BoT-IoT,test,5184,DoS,1,0.055984,0.262934,KNOWN
BoT-IoT,test,5185,DoS,1,0.065517,0.262934,KNOWN
BoT-IoT,test,5186,DoS,1,0.008967,0.262934,KNOWN
BoT-IoT,test,5187,DoS,1,0.023212,0.262934,KNOWN
BoT-IoT,test,5188,DDoS,1,0.023237,0.262934,KNOWN
BoT-IoT,test,5189,DDoS,1,0.07866,0.262934,KNOWN
BoT-IoT,test,5190,DDoS,1,0.012065,0.262934,KNOWN
BoT-IoT,test,5191,DoS,1,0.057145,0.262934,KNOWN
BoT-IoT,test,5192,DoS,1,0.100311,0.262934,KNOWN
BoT-IoT,test,5193,DDoS,1,0.123605,0.262934,KNOWN
BoT-IoT,test,5194,DoS,1,0.003494,0.262934,KNOWN
BoT-IoT,test,5195,DDoS,1,0.023123,0.262934,KNOWN
BoT-IoT,test,5196,DoS,1,0.375221,0.262934,ZERO_DAY
BoT-IoT,test,5197,DDoS,1,0.137053,0.262934,KNOWN
BoT-IoT,test,5198,DDoS,1,0.056682,0.262934,KNOWN
BoT-IoT,test,5199,DDoS,1,0.011186,0.262934,KNOWN
BoT-IoT,test,5200,DDoS,1,0.007557,0.262934,KNOWN
BoT-IoT,test,5201,DoS,1,0.056268,0.262934,KNOWN
BoT-IoT,test,5202,DoS,1,0.080552,0.262934,KNOWN
BoT-IoT,test,5203,DoS,1,0.067255,0.262934,KNOWN
BoT-IoT,test,5204,DoS,1,0.013361,0.262934,KNOWN
BoT-IoT,test,5205,DDoS,1,0.028444,0.262934,KNOWN
BoT-IoT,test,5206,DoS,1,0.163321,0.262934,KNOWN
BoT-IoT,test,5207,DoS,1,0.088826,0.262934,KNOWN
BoT-IoT,test,5208,DoS,1,0.175488,0.262934,KNOWN
BoT-IoT,test,5209,DoS,1,0.038828,0.262934,KNOWN
BoT-IoT,test,5210,DDoS,1,0.027997,0.262934,KNOWN
BoT-IoT,test,5211,DDoS,1,0.011746,0.262934,KNOWN
BoT-IoT,test,5212,DoS,1,0.025854,0.262934,KNOWN
BoT-IoT,test,5213,DoS,1,0.210757,0.262934,KNOWN
BoT-IoT,test,5214,DDoS,1,0.058241,0.262934,KNOWN
BoT-IoT,test,5215,DDoS,1,0.112182,0.262934,KNOWN
BoT-IoT,test,5216,DDoS,1,0.166571,0.262934,KNOWN
BoT-IoT,test,5217,DDoS,1,0.071891,0.262934,KNOWN
BoT-IoT,test,5218,DoS,1,0.017524,0.262934,KNOWN
BoT-IoT,test,5219,DDoS,1,0.022888,0.262934,KNOWN
BoT-IoT,test,5220,DDoS,1,0.096231,0.262934,KNOWN
BoT-IoT,test,5221,DDoS,1,0.151827,0.262934,KNOWN
BoT-IoT,test,5222,DoS,1,0.051448,0.262934,KNOWN
BoT-IoT,test,5223,DoS,1,0.222324,0.262934,KNOWN
BoT-IoT,test,5224,DoS,1,0.019216,0.262934,KNOWN
BoT-IoT,test,5225,DDoS,1,0.005012,0.262934,KNOWN
BoT-IoT,test,5226,DoS,1,0.259772,0.262934,KNOWN
BoT-IoT,test,5227,DDoS,1,0.188644,0.262934,KNOWN
BoT-IoT,test,5228,DDoS,1,0.012117,0.262934,KNOWN
BoT-IoT,test,5229,DoS,1,0.009677,0.262934,KNOWN
BoT-IoT,test,5230,DDoS,1,0.052624,0.262934,KNOWN
BoT-IoT,test,5231,DDoS,1,0.001361,0.262934,KNOWN
BoT-IoT,test,5232,DDoS,1,0.100703,0.262934,KNOWN
BoT-IoT,test,5233,DDoS,1,0.17694,0.262934,KNOWN
BoT-IoT,test,5234,DDoS,1,0.183968,0.262934,KNOWN
BoT-IoT,test,5235,DoS,1,0.167726,0.262934,KNOWN
BoT-IoT,test,5236,DDoS,1,0.054975,0.262934,KNOWN
BoT-IoT,test,5237,DoS,1,0.081049,0.262934,KNOWN
BoT-IoT,test,5238,DDoS,1,0.109776,0.262934,KNOWN
BoT-IoT,test,5239,DDoS,1,0.275294,0.262934,ZERO_DAY
BoT-IoT,test,5240,DoS,1,0.145273,0.262934,KNOWN
BoT-IoT,test,5241,DoS,1,0.007104,0.262934,KNOWN
BoT-IoT,test,5242,DDoS,1,0.11046,0.262934,KNOWN
BoT-IoT,test,5243,DDoS,1,0.072646,0.262934,KNOWN
BoT-IoT,test,5244,DDoS,1,0.039231,0.262934,KNOWN
BoT-IoT,test,5245,Normal,1,0.006092,0.262934,KNOWN
BoT-IoT,test,5246,DoS,1,0.030469,0.262934,KNOWN
BoT-IoT,test,5247,DDoS,1,0.041517,0.262934,KNOWN
BoT-IoT,test,5248,DDoS,1,0.054246,0.262934,KNOWN
BoT-IoT,test,5249,DoS,1,0.272467,0.262934,ZERO_DAY
BoT-IoT,test,5250,DDoS,1,0.003186,0.262934,KNOWN
BoT-IoT,test,5251,Reconnaissance,1,0.029831,0.262934,KNOWN
BoT-IoT,test,5252,DoS,1,0.031324,0.262934,KNOWN
BoT-IoT,test,5253,DoS,1,0.074976,0.262934,KNOWN
BoT-IoT,test,5254,DoS,1,0.039758,0.262934,KNOWN
BoT-IoT,test,5255,DoS,1,0.040643,0.262934,KNOWN
BoT-IoT,test,5256,DoS,1,0.055857,0.262934,KNOWN
BoT-IoT,test,5257,DoS,1,0.032021,0.262934,KNOWN
BoT-IoT,test,5258,DDoS,1,0.042217,0.262934,KNOWN
BoT-IoT,test,5259,DoS,1,0.064158,0.262934,KNOWN
BoT-IoT,test,5260,DoS,1,0.003259,0.262934,KNOWN
BoT-IoT,test,5261,DoS,1,0.062093,0.262934,KNOWN
BoT-IoT,test,5262,DoS,1,0.034828,0.262934,KNOWN
BoT-IoT,test,5263,DDoS,1,0.025224,0.262934,KNOWN
BoT-IoT,test,5264,DoS,1,0.029205,0.262934,KNOWN
BoT-IoT,test,5265,DoS,1,0.047248,0.262934,KNOWN
BoT-IoT,test,5266,DoS,1,0.063573,0.262934,KNOWN
BoT-IoT,test,5267,DoS,1,0.139305,0.262934,KNOWN
BoT-IoT,test,5268,DDoS,1,0.167912,0.262934,KNOWN
BoT-IoT,test,5269,DDoS,1,0.221163,0.262934,KNOWN
BoT-IoT,test,5270,DDoS,1,0.082958,0.262934,KNOWN
BoT-IoT,test,5271,DoS,1,0.214833,0.262934,KNOWN
BoT-IoT,test,5272,DoS,1,0.066772,0.262934,KNOWN
BoT-IoT,test,5273,DDoS,1,0.128742,0.262934,KNOWN
BoT-IoT,test,5274,DDoS,1,0.002203,0.262934,KNOWN
BoT-IoT,test,5275,DDoS,1,0.206649,0.262934,KNOWN
BoT-IoT,test,5276,DDoS,1,0.141329,0.262934,KNOWN
BoT-IoT,test,5277,DoS,1,0.049964,0.262934,KNOWN
BoT-IoT,test,5278,DDoS,1,0.162113,0.262934,KNOWN
BoT-IoT,test,5279,DoS,1,0.120571,0.262934,KNOWN
BoT-IoT,test,5280,DDoS,1,0.093326,0.262934,KNOWN
BoT-IoT,test,5281,DoS,1,0.253359,0.262934,KNOWN
BoT-IoT,test,5282,DDoS,1,0.043336,0.262934,KNOWN
BoT-IoT,test,5283,DoS,1,0.054635,0.262934,KNOWN
BoT-IoT,test,5284,Reconnaissance,1,0.009971,0.262934,KNOWN
BoT-IoT,test,5285,DoS,1,0.10607,0.262934,KNOWN
BoT-IoT,test,5286,DoS,1,0.108963,0.262934,KNOWN
BoT-IoT,test,5287,DDoS,1,0.167563,0.262934,KNOWN
BoT-IoT,test,5288,DDoS,1,0.141208,0.262934,KNOWN
BoT-IoT,test,5289,DoS,1,0.119809,0.262934,KNOWN
BoT-IoT,test,5290,DDoS,1,0.160885,0.262934,KNOWN
BoT-IoT,test,5291,DoS,1,0.039788,0.262934,KNOWN
BoT-IoT,test,5292,DDoS,1,0.109035,0.262934,KNOWN
BoT-IoT,test,5293,DoS,1,0.208844,0.262934,KNOWN
BoT-IoT,test,5294,DDoS,1,0.094951,0.262934,KNOWN
BoT-IoT,test,5295,DoS,1,0.380624,0.262934,ZERO_DAY
BoT-IoT,test,5296,DoS,1,0.197295,0.262934,KNOWN
BoT-IoT,test,5297,DDoS,1,0.062281,0.262934,KNOWN
BoT-IoT,test,5298,DDoS,1,0.048489,0.262934,KNOWN
BoT-IoT,test,5299,DoS,1,0.103091,0.262934,KNOWN
BoT-IoT,test,5300,DoS,1,0.127278,0.262934,KNOWN
BoT-IoT,test,5301,DoS,1,0.060851,0.262934,KNOWN
BoT-IoT,test,5302,DoS,1,0.134406,0.262934,KNOWN
BoT-IoT,test,5303,DDoS,1,0.010683,0.262934,KNOWN
BoT-IoT,test,5304,DDoS,1,0.254211,0.262934,KNOWN
BoT-IoT,test,5305,DDoS,1,0.015321,0.262934,KNOWN
BoT-IoT,test,5306,DDoS,1,0.036827,0.262934,KNOWN
BoT-IoT,test,5307,DoS,1,0.110068,0.262934,KNOWN
BoT-IoT,test,5308,DoS,1,0.074458,0.262934,KNOWN
BoT-IoT,test,5309,DoS,1,0.260421,0.262934,KNOWN
BoT-IoT,test,5310,DDoS,1,0.300933,0.262934,ZERO_DAY
BoT-IoT,test,5311,DoS,1,0.032114,0.262934,KNOWN
BoT-IoT,test,5312,DDoS,1,0.037501,0.262934,KNOWN
BoT-IoT,test,5313,DoS,1,0.034807,0.262934,KNOWN
BoT-IoT,test,5314,DDoS,1,0.012688,0.262934,KNOWN
BoT-IoT,test,5315,DDoS,1,0.183398,0.262934,KNOWN
BoT-IoT,test,5316,DoS,1,0.024827,0.262934,KNOWN
BoT-IoT,test,5317,DDoS,1,0.047133,0.262934,KNOWN
BoT-IoT,test,5318,DoS,1,0.00377,0.262934,KNOWN
BoT-IoT,test,5319,DoS,1,0.070466,0.262934,KNOWN
BoT-IoT,test,5320,DoS,1,0.001254,0.262934,KNOWN
BoT-IoT,test,5321,DDoS,1,0.134632,0.262934,KNOWN
BoT-IoT,test,5322,DDoS,1,0.126063,0.262934,KNOWN
BoT-IoT,test,5323,DDoS,1,0.019472,0.262934,KNOWN
BoT-IoT,test,5324,Reconnaissance,1,0.228894,0.262934,KNOWN
BoT-IoT,test,5325,Normal,1,0.145181,0.262934,KNOWN
BoT-IoT,test,5326,DoS,1,0.063999,0.262934,KNOWN
BoT-IoT,test,5327,DoS,1,0.028042,0.262934,KNOWN
BoT-IoT,test,5328,Reconnaissance,1,0.239576,0.262934,KNOWN
BoT-IoT,test,5329,DoS,1,0.128911,0.262934,KNOWN
BoT-IoT,test,5330,DoS,1,0.038053,0.262934,KNOWN
BoT-IoT,test,5331,DDoS,1,0.018603,0.262934,KNOWN
BoT-IoT,test,5332,DDoS,1,0.028008,0.262934,KNOWN
BoT-IoT,test,5333,DoS,1,0.01186,0.262934,KNOWN
BoT-IoT,test,5334,DoS,1,0.196574,0.262934,KNOWN
BoT-IoT,test,5335,DDoS,1,0.035565,0.262934,KNOWN
BoT-IoT,test,5336,Normal,1,0.05198,0.262934,KNOWN
BoT-IoT,test,5337,DoS,1,0.050421,0.262934,KNOWN
BoT-IoT,test,5338,DDoS,1,0.167199,0.262934,KNOWN
BoT-IoT,test,5339,DDoS,1,0.241365,0.262934,KNOWN
BoT-IoT,test,5340,DDoS,1,0.004618,0.262934,KNOWN
BoT-IoT,test,5341,DDoS,1,0.018596,0.262934,KNOWN
BoT-IoT,test,5342,DoS,1,0.225385,0.262934,KNOWN
BoT-IoT,test,5343,DDoS,1,0.117135,0.262934,KNOWN
BoT-IoT,test,5344,DoS,1,0.149095,0.262934,KNOWN
BoT-IoT,test,5345,DoS,1,0.100529,0.262934,KNOWN
BoT-IoT,test,5346,DDoS,1,0.003892,0.262934,KNOWN
BoT-IoT,test,5347,DDoS,1,0.020836,0.262934,KNOWN
BoT-IoT,test,5348,DoS,1,0.015882,0.262934,KNOWN
BoT-IoT,test,5349,Normal,1,0.036132,0.262934,KNOWN
BoT-IoT,test,5350,DoS,1,0.106741,0.262934,KNOWN
BoT-IoT,test,5351,DDoS,1,0.016019,0.262934,KNOWN
BoT-IoT,test,5352,DDoS,1,0.036557,0.262934,KNOWN
BoT-IoT,test,5353,DDoS,1,0.125356,0.262934,KNOWN
BoT-IoT,test,5354,DoS,1,0.10534,0.262934,KNOWN
BoT-IoT,test,5355,DoS,1,0.217715,0.262934,KNOWN
BoT-IoT,test,5356,DDoS,1,0.0688,0.262934,KNOWN
BoT-IoT,test,5357,DDoS,1,0.007434,0.262934,KNOWN
BoT-IoT,test,5358,DoS,1,0.100665,0.262934,KNOWN
BoT-IoT,test,5359,DoS,1,0.281851,0.262934,ZERO_DAY
BoT-IoT,test,5360,DoS,1,0.030245,0.262934,KNOWN
BoT-IoT,test,5361,DDoS,1,0.032404,0.262934,KNOWN
BoT-IoT,test,5362,DoS,1,0.012626,0.262934,KNOWN
BoT-IoT,test,5363,DDoS,1,0.066964,0.262934,KNOWN
BoT-IoT,test,5364,DoS,1,0.228457,0.262934,KNOWN
BoT-IoT,test,5365,DoS,1,0.059752,0.262934,KNOWN
BoT-IoT,test,5366,DDoS,1,0.041145,0.262934,KNOWN
BoT-IoT,test,5367,DoS,1,0.057363,0.262934,KNOWN
BoT-IoT,test,5368,DoS,1,0.028166,0.262934,KNOWN
BoT-IoT,test,5369,DoS,1,0.004115,0.262934,KNOWN
BoT-IoT,test,5370,DoS,1,0.018786,0.262934,KNOWN
BoT-IoT,test,5371,DDoS,1,0.020951,0.262934,KNOWN
BoT-IoT,test,5372,DDoS,1,0.025295,0.262934,KNOWN
BoT-IoT,test,5373,DDoS,1,0.159896,0.262934,KNOWN
BoT-IoT,test,5374,DDoS,1,0.140303,0.262934,KNOWN
BoT-IoT,test,5375,DoS,1,0.046434,0.262934,KNOWN
BoT-IoT,test,5376,DDoS,1,0.066834,0.262934,KNOWN
BoT-IoT,test,5377,DoS,1,0.092316,0.262934,KNOWN
BoT-IoT,test,5378,DoS,1,0.034883,0.262934,KNOWN
BoT-IoT,test,5379,DDoS,1,0.00289,0.262934,KNOWN
BoT-IoT,test,5380,DDoS,1,0.024758,0.262934,KNOWN
BoT-IoT,test,5381,DoS,1,0.104306,0.262934,KNOWN
BoT-IoT,test,5382,DDoS,1,0.065398,0.262934,KNOWN
BoT-IoT,test,5383,DDoS,1,0.072502,0.262934,KNOWN
BoT-IoT,test,5384,DDoS,1,0.046068,0.262934,KNOWN
BoT-IoT,test,5385,DDoS,1,0.141477,0.262934,KNOWN
BoT-IoT,test,5386,DDoS,1,0.043577,0.262934,KNOWN
BoT-IoT,test,5387,DDoS,1,0.270427,0.262934,ZERO_DAY
BoT-IoT,test,5388,DDoS,1,0.054673,0.262934,KNOWN
BoT-IoT,test,5389,DDoS,1,0.017597,0.262934,KNOWN
BoT-IoT,test,5390,DoS,1,0.042712,0.262934,KNOWN
BoT-IoT,test,5391,DoS,1,0.419081,0.262934,ZERO_DAY
BoT-IoT,test,5392,DDoS,1,0.111406,0.262934,KNOWN
BoT-IoT,test,5393,DDoS,1,0.153974,0.262934,KNOWN
BoT-IoT,test,5394,DoS,1,0.085479,0.262934,KNOWN
BoT-IoT,test,5395,DDoS,1,0.279628,0.262934,ZERO_DAY
BoT-IoT,test,5396,DoS,1,0.147357,0.262934,KNOWN
BoT-IoT,test,5397,DoS,1,0.166247,0.262934,KNOWN
BoT-IoT,test,5398,DDoS,1,0.071499,0.262934,KNOWN
BoT-IoT,test,5399,DDoS,1,0.055416,0.262934,KNOWN
BoT-IoT,test,5400,DDoS,1,0.077617,0.262934,KNOWN
BoT-IoT,test,5401,DDoS,1,0.150738,0.262934,KNOWN
BoT-IoT,test,5402,DoS,1,0.045028,0.262934,KNOWN
BoT-IoT,test,5403,DoS,1,0.110294,0.262934,KNOWN
BoT-IoT,test,5404,DoS,1,0.011905,0.262934,KNOWN
BoT-IoT,test,5405,DoS,1,0.093115,0.262934,KNOWN
BoT-IoT,test,5406,DoS,1,0.045948,0.262934,KNOWN
BoT-IoT,test,5407,DoS,1,0.243381,0.262934,KNOWN
BoT-IoT,test,5408,DoS,1,0.065029,0.262934,KNOWN
BoT-IoT,test,5409,DoS,1,0.034797,0.262934,KNOWN
BoT-IoT,test,5410,DDoS,1,0.283499,0.262934,ZERO_DAY
BoT-IoT,test,5411,DDoS,1,0.07103,0.262934,KNOWN
BoT-IoT,test,5412,DoS,1,0.030399,0.262934,KNOWN
BoT-IoT,test,5413,DoS,1,0.011801,0.262934,KNOWN
BoT-IoT,test,5414,DoS,1,0.136814,0.262934,KNOWN
BoT-IoT,test,5415,DDoS,1,0.14718,0.262934,KNOWN
BoT-IoT,test,5416,DoS,1,0.042544,0.262934,KNOWN
BoT-IoT,test,5417,DDoS,1,0.032803,0.262934,KNOWN
BoT-IoT,test,5418,DDoS,1,0.390199,0.262934,ZERO_DAY
BoT-IoT,test,5419,DoS,1,0.245229,0.262934,KNOWN
BoT-IoT,test,5420,DoS,1,0.104603,0.262934,KNOWN
BoT-IoT,test,5421,DDoS,1,0.236717,0.262934,KNOWN
BoT-IoT,test,5422,DoS,1,0.08514,0.262934,KNOWN
BoT-IoT,test,5423,DDoS,1,0.434693,0.262934,ZERO_DAY
BoT-IoT,test,5424,DoS,1,0.020008,0.262934,KNOWN
BoT-IoT,test,5425,DDoS,1,0.017572,0.262934,KNOWN
BoT-IoT,test,5426,DoS,1,0.066829,0.262934,KNOWN
BoT-IoT,test,5427,DDoS,1,0.277755,0.262934,ZERO_DAY
BoT-IoT,test,5428,DDoS,1,0.054561,0.262934,KNOWN
BoT-IoT,test,5429,DDoS,1,0.068553,0.262934,KNOWN
BoT-IoT,test,5430,DoS,1,0.063445,0.262934,KNOWN
BoT-IoT,test,5431,Reconnaissance,1,0.143623,0.262934,KNOWN
BoT-IoT,test,5432,DoS,1,0.157661,0.262934,KNOWN
BoT-IoT,test,5433,DoS,1,0.055048,0.262934,KNOWN
BoT-IoT,test,5434,DoS,1,0.068356,0.262934,KNOWN
BoT-IoT,test,5435,DoS,1,0.360098,0.262934,ZERO_DAY
BoT-IoT,test,5436,DDoS,1,0.235341,0.262934,KNOWN
BoT-IoT,test,5437,DDoS,1,0.31696,0.262934,ZERO_DAY
BoT-IoT,test,5438,DoS,1,0.108323,0.262934,KNOWN
BoT-IoT,test,5439,DoS,1,0.022566,0.262934,KNOWN
BoT-IoT,test,5440,DDoS,1,0.188296,0.262934,KNOWN
BoT-IoT,test,5441,DDoS,1,0.095427,0.262934,KNOWN
BoT-IoT,test,5442,DDoS,1,0.028955,0.262934,KNOWN
BoT-IoT,test,5443,Normal,1,0.083068,0.262934,KNOWN
BoT-IoT,test,5444,DoS,1,0.11636,0.262934,KNOWN
BoT-IoT,test,5445,DDoS,1,0.055701,0.262934,KNOWN
BoT-IoT,test,5446,DDoS,1,0.004852,0.262934,KNOWN
BoT-IoT,test,5447,DDoS,1,0.054797,0.262934,KNOWN
BoT-IoT,test,5448,DDoS,1,0.008417,0.262934,KNOWN
BoT-IoT,test,5449,DDoS,1,0.130705,0.262934,KNOWN
BoT-IoT,test,5450,DoS,1,0.11248,0.262934,KNOWN
BoT-IoT,test,5451,DDoS,1,0.163449,0.262934,KNOWN
BoT-IoT,test,5452,DoS,1,0.039043,0.262934,KNOWN
BoT-IoT,test,5453,DDoS,1,0.235748,0.262934,KNOWN
BoT-IoT,test,5454,Normal,1,0.028224,0.262934,KNOWN
BoT-IoT,test,5455,DoS,1,0.237957,0.262934,KNOWN
BoT-IoT,test,5456,DDoS,1,0.017678,0.262934,KNOWN
BoT-IoT,test,5457,DoS,1,0.067325,0.262934,KNOWN
BoT-IoT,test,5458,DoS,1,0.025907,0.262934,KNOWN
BoT-IoT,test,5459,DDoS,1,0.027261,0.262934,KNOWN
BoT-IoT,test,5460,DDoS,1,0.119184,0.262934,KNOWN
BoT-IoT,test,5461,DoS,1,0.289551,0.262934,ZERO_DAY
BoT-IoT,test,5462,DDoS,1,0.02001,0.262934,KNOWN
BoT-IoT,test,5463,DoS,1,0.138321,0.262934,KNOWN
BoT-IoT,test,5464,Normal,1,0.165427,0.262934,KNOWN
BoT-IoT,test,5465,DDoS,1,0.01296,0.262934,KNOWN
BoT-IoT,test,5466,DoS,1,0.042165,0.262934,KNOWN
BoT-IoT,test,5467,DDoS,1,0.037446,0.262934,KNOWN
BoT-IoT,test,5468,DoS,1,0.071381,0.262934,KNOWN
BoT-IoT,test,5469,DDoS,1,0.057301,0.262934,KNOWN
BoT-IoT,test,5470,DoS,1,0.019459,0.262934,KNOWN
BoT-IoT,test,5471,DoS,1,0.047016,0.262934,KNOWN
BoT-IoT,test,5472,DoS,1,0.013272,0.262934,KNOWN
BoT-IoT,test,5473,DDoS,1,0.037457,0.262934,KNOWN
BoT-IoT,test,5474,DDoS,1,0.058685,0.262934,KNOWN
BoT-IoT,test,5475,DDoS,1,0.047563,0.262934,KNOWN
BoT-IoT,test,5476,DDoS,1,0.146667,0.262934,KNOWN
BoT-IoT,test,5477,DDoS,1,0.189878,0.262934,KNOWN
BoT-IoT,test,5478,DDoS,1,0.055778,0.262934,KNOWN
BoT-IoT,test,5479,DDoS,1,0.326014,0.262934,ZERO_DAY
BoT-IoT,test,5480,DDoS,1,0.283207,0.262934,ZERO_DAY
BoT-IoT,test,5481,DoS,1,0.004053,0.262934,KNOWN
BoT-IoT,test,5482,DoS,1,0.104037,0.262934,KNOWN
BoT-IoT,test,5483,DDoS,1,0.035425,0.262934,KNOWN
BoT-IoT,test,5484,DoS,1,0.042945,0.262934,KNOWN
BoT-IoT,test,5485,DoS,1,0.188573,0.262934,KNOWN
BoT-IoT,test,5486,DDoS,1,0.084729,0.262934,KNOWN
BoT-IoT,test,5487,DDoS,1,0.019095,0.262934,KNOWN
BoT-IoT,test,5488,DoS,1,0.132054,0.262934,KNOWN
BoT-IoT,test,5489,DDoS,1,0.06558,0.262934,KNOWN
BoT-IoT,test,5490,Normal,1,0.089218,0.262934,KNOWN
BoT-IoT,test,5491,DDoS,1,0.056437,0.262934,KNOWN
BoT-IoT,test,5492,DoS,1,0.123884,0.262934,KNOWN
BoT-IoT,test,5493,Reconnaissance,1,0.26026,0.262934,KNOWN
BoT-IoT,test,5494,DDoS,1,0.150691,0.262934,KNOWN
BoT-IoT,test,5495,DoS,1,0.099194,0.262934,KNOWN
BoT-IoT,test,5496,DoS,1,0.09477,0.262934,KNOWN
BoT-IoT,test,5497,DoS,1,0.108075,0.262934,KNOWN
BoT-IoT,test,5498,DoS,1,0.010925,0.262934,KNOWN
BoT-IoT,test,5499,DoS,1,0.005141,0.262934,KNOWN
BoT-IoT,test,5500,DDoS,1,0.228454,0.262934,KNOWN
BoT-IoT,test,5501,DoS,1,0.091747,0.262934,KNOWN
BoT-IoT,test,5502,DDoS,1,0.07684,0.262934,KNOWN
BoT-IoT,test,5503,DDoS,1,0.113309,0.262934,KNOWN
BoT-IoT,test,5504,DDoS,1,0.158759,0.262934,KNOWN
BoT-IoT,test,5505,DDoS,1,0.257103,0.262934,KNOWN
BoT-IoT,test,5506,DDoS,1,0.065725,0.262934,KNOWN
BoT-IoT,test,5507,DoS,1,0.09011,0.262934,KNOWN
BoT-IoT,test,5508,DDoS,1,0.016084,0.262934,KNOWN
BoT-IoT,test,5509,DoS,1,0.069477,0.262934,KNOWN
BoT-IoT,test,5510,DoS,1,0.079151,0.262934,KNOWN
BoT-IoT,test,5511,DDoS,1,0.046766,0.262934,KNOWN
BoT-IoT,test,5512,DDoS,1,0.093454,0.262934,KNOWN
BoT-IoT,test,5513,Normal,1,0.007677,0.262934,KNOWN
BoT-IoT,test,5514,DDoS,1,0.065598,0.262934,KNOWN
BoT-IoT,test,5515,DDoS,1,0.108015,0.262934,KNOWN
BoT-IoT,test,5516,DoS,1,0.083992,0.262934,KNOWN
BoT-IoT,test,5517,Normal,1,0.061994,0.262934,KNOWN
BoT-IoT,test,5518,DDoS,1,0.038211,0.262934,KNOWN
BoT-IoT,test,5519,DDoS,1,0.031531,0.262934,KNOWN
BoT-IoT,test,5520,DDoS,1,0.025327,0.262934,KNOWN
BoT-IoT,test,5521,DDoS,1,0.030936,0.262934,KNOWN
BoT-IoT,test,5522,DDoS,1,0.123773,0.262934,KNOWN
BoT-IoT,test,5523,DoS,1,0.021872,0.262934,KNOWN
BoT-IoT,test,5524,DoS,1,0.027977,0.262934,KNOWN
BoT-IoT,test,5525,DDoS,1,0.098267,0.262934,KNOWN
BoT-IoT,test,5526,DDoS,1,0.24161,0.262934,KNOWN
BoT-IoT,test,5527,DDoS,1,0.02596,0.262934,KNOWN
BoT-IoT,test,5528,DDoS,1,0.007275,0.262934,KNOWN
BoT-IoT,test,5529,DoS,1,0.0697,0.262934,KNOWN
BoT-IoT,test,5530,DoS,1,0.089,0.262934,KNOWN
BoT-IoT,test,5531,DDoS,1,0.118607,0.262934,KNOWN
BoT-IoT,test,5532,DDoS,1,0.026861,0.262934,KNOWN
BoT-IoT,test,5533,DDoS,1,0.117138,0.262934,KNOWN
BoT-IoT,test,5534,DoS,1,0.007207,0.262934,KNOWN
BoT-IoT,test,5535,DoS,1,0.174911,0.262934,KNOWN
BoT-IoT,test,5536,DoS,1,0.009316,0.262934,KNOWN
BoT-IoT,test,5537,DDoS,1,0.00413,0.262934,KNOWN
BoT-IoT,test,5538,DDoS,1,0.279129,0.262934,ZERO_DAY
BoT-IoT,test,5539,DDoS,1,0.121488,0.262934,KNOWN
BoT-IoT,test,5540,DoS,1,0.202608,0.262934,KNOWN
BoT-IoT,test,5541,DDoS,1,0.020377,0.262934,KNOWN
BoT-IoT,test,5542,DoS,1,0.216883,0.262934,KNOWN
BoT-IoT,test,5543,DoS,1,0.194892,0.262934,KNOWN
BoT-IoT,test,5544,DDoS,1,0.020462,0.262934,KNOWN
BoT-IoT,test,5545,DDoS,1,0.080429,0.262934,KNOWN
BoT-IoT,test,5546,DoS,1,0.051572,0.262934,KNOWN
BoT-IoT,test,5547,DoS,1,0.175009,0.262934,KNOWN
BoT-IoT,test,5548,DDoS,1,0.164495,0.262934,KNOWN
BoT-IoT,test,5549,DoS,1,0.083367,0.262934,KNOWN
BoT-IoT,test,5550,DoS,1,0.043172,0.262934,KNOWN
BoT-IoT,test,5551,DDoS,1,0.014245,0.262934,KNOWN
BoT-IoT,test,5552,DDoS,1,0.102751,0.262934,KNOWN
BoT-IoT,test,5553,DoS,1,0.410698,0.262934,ZERO_DAY
BoT-IoT,test,5554,DDoS,1,0.014977,0.262934,KNOWN
BoT-IoT,test,5555,DDoS,1,0.22884,0.262934,KNOWN
BoT-IoT,test,5556,DoS,1,0.069576,0.262934,KNOWN
BoT-IoT,test,5557,DDoS,1,0.167789,0.262934,KNOWN
BoT-IoT,test,5558,DoS,1,0.097498,0.262934,KNOWN
BoT-IoT,test,5559,DoS,1,0.012926,0.262934,KNOWN
BoT-IoT,test,5560,DDoS,1,0.208494,0.262934,KNOWN
BoT-IoT,test,5561,DoS,1,0.192906,0.262934,KNOWN
BoT-IoT,test,5562,DoS,1,0.022763,0.262934,KNOWN
BoT-IoT,test,5563,DDoS,1,0.069905,0.262934,KNOWN
BoT-IoT,test,5564,DoS,1,0.006792,0.262934,KNOWN
BoT-IoT,test,5565,DoS,1,0.039376,0.262934,KNOWN
BoT-IoT,test,5566,DDoS,1,0.067016,0.262934,KNOWN
BoT-IoT,test,5567,DDoS,1,0.123038,0.262934,KNOWN
BoT-IoT,test,5568,DoS,1,0.066194,0.262934,KNOWN
BoT-IoT,test,5569,DDoS,1,0.053996,0.262934,KNOWN
BoT-IoT,test,5570,DoS,1,0.10043,0.262934,KNOWN
BoT-IoT,test,5571,DoS,1,0.061613,0.262934,KNOWN
BoT-IoT,test,5572,DDoS,1,0.055316,0.262934,KNOWN
BoT-IoT,test,5573,DoS,1,0.151743,0.262934,KNOWN
BoT-IoT,test,5574,DDoS,1,0.276753,0.262934,ZERO_DAY
BoT-IoT,test,5575,DDoS,1,0.043804,0.262934,KNOWN
BoT-IoT,test,5576,DDoS,1,0.065476,0.262934,KNOWN
BoT-IoT,test,5577,DoS,1,0.059218,0.262934,KNOWN
BoT-IoT,test,5578,DDoS,1,0.053985,0.262934,KNOWN
BoT-IoT,test,5579,DDoS,1,0.00568,0.262934,KNOWN
BoT-IoT,test,5580,DoS,1,0.141811,0.262934,KNOWN
BoT-IoT,test,5581,DoS,1,0.211638,0.262934,KNOWN
BoT-IoT,test,5582,DDoS,1,0.010049,0.262934,KNOWN
BoT-IoT,test,5583,DDoS,1,0.095489,0.262934,KNOWN
BoT-IoT,test,5584,DoS,1,0.069012,0.262934,KNOWN
BoT-IoT,test,5585,DDoS,1,0.020504,0.262934,KNOWN
BoT-IoT,test,5586,DoS,1,0.077324,0.262934,KNOWN
BoT-IoT,test,5587,DoS,1,0.336671,0.262934,ZERO_DAY
BoT-IoT,test,5588,DDoS,1,0.077361,0.262934,KNOWN
BoT-IoT,test,5589,DDoS,1,0.058862,0.262934,KNOWN
BoT-IoT,test,5590,DoS,1,0.186494,0.262934,KNOWN
BoT-IoT,test,5591,DoS,1,0.051011,0.262934,KNOWN
BoT-IoT,test,5592,DoS,1,0.224396,0.262934,KNOWN
BoT-IoT,test,5593,DoS,1,0.036582,0.262934,KNOWN
BoT-IoT,test,5594,DoS,1,0.068137,0.262934,KNOWN
BoT-IoT,test,5595,DDoS,1,0.013285,0.262934,KNOWN
BoT-IoT,test,5596,Normal,1,0.231965,0.262934,KNOWN
BoT-IoT,test,5597,DoS,1,0.032127,0.262934,KNOWN
BoT-IoT,test,5598,DoS,1,0.09796,0.262934,KNOWN
BoT-IoT,test,5599,DoS,1,0.208829,0.262934,KNOWN
BoT-IoT,test,5600,DoS,1,0.038831,0.262934,KNOWN
BoT-IoT,test,5601,DoS,1,0.328046,0.262934,ZERO_DAY
BoT-IoT,test,5602,Reconnaissance,1,0.024592,0.262934,KNOWN
BoT-IoT,test,5603,DDoS,1,0.025713,0.262934,KNOWN
BoT-IoT,test,5604,DoS,1,0.014619,0.262934,KNOWN
BoT-IoT,test,5605,DoS,1,0.184772,0.262934,KNOWN
BoT-IoT,test,5606,DDoS,1,0.25229,0.262934,KNOWN
BoT-IoT,test,5607,Normal,1,0.057965,0.262934,KNOWN
BoT-IoT,test,5608,DDoS,1,0.046953,0.262934,KNOWN
BoT-IoT,test,5609,DoS,1,0.086818,0.262934,KNOWN
BoT-IoT,test,5610,DoS,1,0.041255,0.262934,KNOWN
BoT-IoT,test,5611,DDoS,1,0.054055,0.262934,KNOWN
BoT-IoT,test,5612,DDoS,1,0.077508,0.262934,KNOWN
BoT-IoT,test,5613,DoS,1,0.201166,0.262934,KNOWN
BoT-IoT,test,5614,DDoS,1,0.00692,0.262934,KNOWN
BoT-IoT,test,5615,DoS,1,0.200355,0.262934,KNOWN
BoT-IoT,test,5616,DoS,1,0.270267,0.262934,ZERO_DAY
BoT-IoT,test,5617,DDoS,1,0.023742,0.262934,KNOWN
BoT-IoT,test,5618,DoS,1,0.100124,0.262934,KNOWN
BoT-IoT,test,5619,DoS,1,0.069668,0.262934,KNOWN
BoT-IoT,test,5620,DDoS,1,0.108302,0.262934,KNOWN
BoT-IoT,test,5621,DDoS,1,0.026171,0.262934,KNOWN
BoT-IoT,test,5622,DoS,1,0.030966,0.262934,KNOWN
BoT-IoT,test,5623,DoS,1,0.057042,0.262934,KNOWN
BoT-IoT,test,5624,DoS,1,0.120932,0.262934,KNOWN
BoT-IoT,test,5625,DDoS,1,0.001519,0.262934,KNOWN
BoT-IoT,test,5626,DDoS,1,0.05442,0.262934,KNOWN
BoT-IoT,test,5627,DoS,1,0.158577,0.262934,KNOWN
BoT-IoT,test,5628,DoS,1,0.113866,0.262934,KNOWN
BoT-IoT,test,5629,DoS,1,0.248116,0.262934,KNOWN
BoT-IoT,test,5630,DoS,1,0.029869,0.262934,KNOWN
BoT-IoT,test,5631,DDoS,1,0.076016,0.262934,KNOWN
BoT-IoT,test,5632,DoS,1,0.218217,0.262934,KNOWN
BoT-IoT,test,5633,DoS,1,0.012815,0.262934,KNOWN
BoT-IoT,test,5634,DDoS,1,0.147919,0.262934,KNOWN
BoT-IoT,test,5635,DDoS,1,0.072305,0.262934,KNOWN
BoT-IoT,test,5636,DDoS,1,0.104981,0.262934,KNOWN
BoT-IoT,test,5637,DDoS,1,0.09039,0.262934,KNOWN
BoT-IoT,test,5638,DDoS,1,0.008406,0.262934,KNOWN
BoT-IoT,test,5639,DoS,1,0.221516,0.262934,KNOWN
BoT-IoT,test,5640,DoS,1,0.026793,0.262934,KNOWN
BoT-IoT,test,5641,DDoS,1,0.11235,0.262934,KNOWN
BoT-IoT,test,5642,DoS,1,0.017622,0.262934,KNOWN
BoT-IoT,test,5643,DDoS,1,0.120576,0.262934,KNOWN
BoT-IoT,test,5644,DDoS,1,0.249761,0.262934,KNOWN
BoT-IoT,test,5645,DDoS,1,0.020767,0.262934,KNOWN
BoT-IoT,test,5646,DDoS,1,0.216498,0.262934,KNOWN
BoT-IoT,test,5647,DoS,1,0.260172,0.262934,KNOWN
BoT-IoT,test,5648,DDoS,1,0.28261,0.262934,ZERO_DAY
BoT-IoT,test,5649,DDoS,1,0.014934,0.262934,KNOWN
BoT-IoT,test,5650,Normal,1,0.102589,0.262934,KNOWN
BoT-IoT,test,5651,DoS,1,0.021554,0.262934,KNOWN
BoT-IoT,test,5652,DDoS,1,0.031616,0.262934,KNOWN
BoT-IoT,test,5653,DDoS,1,0.101763,0.262934,KNOWN
BoT-IoT,test,5654,DDoS,1,0.007843,0.262934,KNOWN
BoT-IoT,test,5655,DoS,1,0.16908,0.262934,KNOWN
BoT-IoT,test,5656,DDoS,1,0.159327,0.262934,KNOWN
BoT-IoT,test,5657,DoS,1,0.004861,0.262934,KNOWN
BoT-IoT,test,5658,DDoS,1,0.018058,0.262934,KNOWN
BoT-IoT,test,5659,DDoS,1,0.063383,0.262934,KNOWN
BoT-IoT,test,5660,DDoS,1,0.075095,0.262934,KNOWN
BoT-IoT,test,5661,DoS,1,0.079964,0.262934,KNOWN
BoT-IoT,test,5662,DDoS,1,0.069829,0.262934,KNOWN
BoT-IoT,test,5663,DDoS,1,0.282353,0.262934,ZERO_DAY
BoT-IoT,test,5664,DDoS,1,0.171869,0.262934,KNOWN
BoT-IoT,test,5665,DoS,1,0.119253,0.262934,KNOWN
BoT-IoT,test,5666,DDoS,1,0.030114,0.262934,KNOWN
BoT-IoT,test,5667,DoS,1,0.031471,0.262934,KNOWN
BoT-IoT,test,5668,DDoS,1,0.157959,0.262934,KNOWN
BoT-IoT,test,5669,DoS,1,0.017039,0.262934,KNOWN
BoT-IoT,test,5670,DoS,1,0.076839,0.262934,KNOWN
BoT-IoT,test,5671,DoS,1,0.038098,0.262934,KNOWN
BoT-IoT,test,5672,DDoS,1,0.001472,0.262934,KNOWN
BoT-IoT,test,5673,DoS,1,0.126668,0.262934,KNOWN
BoT-IoT,test,5674,DDoS,1,0.009091,0.262934,KNOWN
BoT-IoT,test,5675,Normal,1,0.075667,0.262934,KNOWN
BoT-IoT,test,5676,DDoS,1,0.396679,0.262934,ZERO_DAY
BoT-IoT,test,5677,DoS,1,0.11069,0.262934,KNOWN
BoT-IoT,test,5678,DDoS,1,0.135366,0.262934,KNOWN
BoT-IoT,test,5679,DoS,1,0.033295,0.262934,KNOWN
BoT-IoT,test,5680,DDoS,1,0.089277,0.262934,KNOWN
BoT-IoT,test,5681,DDoS,1,0.067938,0.262934,KNOWN
BoT-IoT,test,5682,DDoS,1,0.065709,0.262934,KNOWN
BoT-IoT,test,5683,DoS,1,0.021665,0.262934,KNOWN
BoT-IoT,test,5684,DDoS,1,0.044012,0.262934,KNOWN
BoT-IoT,test,5685,DDoS,1,0.013171,0.262934,KNOWN
BoT-IoT,test,5686,DoS,1,0.191646,0.262934,KNOWN
BoT-IoT,test,5687,DoS,1,0.10621,0.262934,KNOWN
BoT-IoT,test,5688,DoS,1,0.112072,0.262934,KNOWN
BoT-IoT,test,5689,DoS,1,0.042379,0.262934,KNOWN
BoT-IoT,test,5690,DDoS,1,0.164588,0.262934,KNOWN
BoT-IoT,test,5691,DDoS,1,0.121276,0.262934,KNOWN
BoT-IoT,test,5692,DDoS,1,0.19846,0.262934,KNOWN
BoT-IoT,test,5693,DoS,1,0.105369,0.262934,KNOWN
BoT-IoT,test,5694,DDoS,1,0.132433,0.262934,KNOWN
BoT-IoT,test,5695,DDoS,1,0.15686,0.262934,KNOWN
BoT-IoT,test,5696,DoS,1,0.06366,0.262934,KNOWN
BoT-IoT,test,5697,DDoS,1,0.018063,0.262934,KNOWN
BoT-IoT,test,5698,DoS,1,0.170453,0.262934,KNOWN
BoT-IoT,test,5699,DDoS,1,0.055824,0.262934,KNOWN
BoT-IoT,test,5700,DoS,1,0.030873,0.262934,KNOWN
BoT-IoT,test,5701,DoS,1,0.030251,0.262934,KNOWN
BoT-IoT,test,5702,DDoS,1,0.059423,0.262934,KNOWN
BoT-IoT,test,5703,DDoS,1,0.203203,0.262934,KNOWN
BoT-IoT,test,5704,DDoS,1,0.034842,0.262934,KNOWN
BoT-IoT,test,5705,DDoS,1,0.051279,0.262934,KNOWN
BoT-IoT,test,5706,DoS,1,0.003036,0.262934,KNOWN
BoT-IoT,test,5707,DoS,1,0.005579,0.262934,KNOWN
BoT-IoT,test,5708,DDoS,1,0.113004,0.262934,KNOWN
BoT-IoT,test,5709,DDoS,1,0.095522,0.262934,KNOWN
BoT-IoT,test,5710,DoS,1,0.100724,0.262934,KNOWN
BoT-IoT,test,5711,DoS,1,0.03508,0.262934,KNOWN
BoT-IoT,test,5712,DDoS,1,0.276441,0.262934,ZERO_DAY
BoT-IoT,test,5713,DoS,1,0.1043,0.262934,KNOWN
BoT-IoT,test,5714,DoS,1,0.07428,0.262934,KNOWN
BoT-IoT,test,5715,Normal,1,0.187741,0.262934,KNOWN
BoT-IoT,test,5716,DDoS,1,0.097798,0.262934,KNOWN
BoT-IoT,test,5717,DDoS,1,0.056889,0.262934,KNOWN
BoT-IoT,test,5718,DDoS,1,0.033104,0.262934,KNOWN
BoT-IoT,test,5719,DoS,1,0.131023,0.262934,KNOWN
BoT-IoT,test,5720,DDoS,1,0.061573,0.262934,KNOWN
BoT-IoT,test,5721,DoS,1,0.118657,0.262934,KNOWN
BoT-IoT,test,5722,DoS,1,0.057301,0.262934,KNOWN
BoT-IoT,test,5723,DoS,1,0.043454,0.262934,KNOWN
BoT-IoT,test,5724,DoS,1,0.080177,0.262934,KNOWN
BoT-IoT,test,5725,DoS,1,0.064347,0.262934,KNOWN
BoT-IoT,test,5726,DDoS,1,0.053772,0.262934,KNOWN
BoT-IoT,test,5727,DDoS,1,0.032692,0.262934,KNOWN
BoT-IoT,test,5728,DoS,1,0.070864,0.262934,KNOWN
BoT-IoT,test,5729,DoS,1,0.077895,0.262934,KNOWN
BoT-IoT,test,5730,DoS,1,0.159641,0.262934,KNOWN
BoT-IoT,test,5731,DDoS,1,0.083283,0.262934,KNOWN
BoT-IoT,test,5732,DDoS,1,0.273509,0.262934,ZERO_DAY
BoT-IoT,test,5733,DDoS,1,0.149501,0.262934,KNOWN
BoT-IoT,test,5734,DDoS,1,0.103031,0.262934,KNOWN
BoT-IoT,test,5735,DDoS,1,0.004244,0.262934,KNOWN
BoT-IoT,test,5736,DoS,1,0.050071,0.262934,KNOWN
BoT-IoT,test,5737,DoS,1,0.10342,0.262934,KNOWN
BoT-IoT,test,5738,DoS,1,0.08603,0.262934,KNOWN
BoT-IoT,test,5739,DDoS,1,0.087194,0.262934,KNOWN
BoT-IoT,test,5740,DDoS,1,0.024255,0.262934,KNOWN
BoT-IoT,test,5741,DDoS,1,0.133296,0.262934,KNOWN
BoT-IoT,test,5742,DDoS,1,0.015105,0.262934,KNOWN
BoT-IoT,test,5743,DDoS,1,0.157999,0.262934,KNOWN
BoT-IoT,test,5744,DDoS,1,0.094246,0.262934,KNOWN
BoT-IoT,test,5745,DDoS,1,0.248589,0.262934,KNOWN
BoT-IoT,test,5746,DoS,1,0.054037,0.262934,KNOWN
BoT-IoT,test,5747,DoS,1,0.132033,0.262934,KNOWN
BoT-IoT,test,5748,DoS,1,0.154785,0.262934,KNOWN
BoT-IoT,test,5749,DDoS,1,0.099118,0.262934,KNOWN
BoT-IoT,test,5750,DoS,1,0.106699,0.262934,KNOWN
BoT-IoT,test,5751,DoS,1,0.074373,0.262934,KNOWN
BoT-IoT,test,5752,DDoS,1,0.082535,0.262934,KNOWN
BoT-IoT,test,5753,DoS,1,0.160146,0.262934,KNOWN
BoT-IoT,test,5754,DoS,1,0.027656,0.262934,KNOWN
BoT-IoT,test,5755,DDoS,1,0.115957,0.262934,KNOWN
BoT-IoT,test,5756,DDoS,1,0.033173,0.262934,KNOWN
BoT-IoT,test,5757,DoS,1,0.151472,0.262934,KNOWN
BoT-IoT,test,5758,DoS,1,0.092875,0.262934,KNOWN
BoT-IoT,test,5759,DDoS,1,0.045102,0.262934,KNOWN
BoT-IoT,test,5760,DoS,1,0.121143,0.262934,KNOWN
BoT-IoT,test,5761,DDoS,1,0.010148,0.262934,KNOWN
BoT-IoT,test,5762,DDoS,1,0.12192,0.262934,KNOWN
BoT-IoT,test,5763,DDoS,1,0.300198,0.262934,ZERO_DAY
BoT-IoT,test,5764,DDoS,1,0.267046,0.262934,ZERO_DAY
BoT-IoT,test,5765,DoS,1,0.12426,0.262934,KNOWN
BoT-IoT,test,5766,DoS,1,0.168533,0.262934,KNOWN
BoT-IoT,test,5767,DoS,1,0.035069,0.262934,KNOWN
BoT-IoT,test,5768,Normal,1,0.08913,0.262934,KNOWN
BoT-IoT,test,5769,DDoS,1,0.026411,0.262934,KNOWN
BoT-IoT,test,5770,DoS,1,0.284099,0.262934,ZERO_DAY
BoT-IoT,test,5771,Reconnaissance,1,0.31497,0.262934,ZERO_DAY
BoT-IoT,test,5772,DoS,1,0.230854,0.262934,KNOWN
BoT-IoT,test,5773,DDoS,1,0.092373,0.262934,KNOWN
BoT-IoT,test,5774,DoS,1,0.203764,0.262934,KNOWN
BoT-IoT,test,5775,DDoS,1,0.209105,0.262934,KNOWN
BoT-IoT,test,5776,DDoS,1,0.078852,0.262934,KNOWN
BoT-IoT,test,5777,DDoS,1,0.039331,0.262934,KNOWN
BoT-IoT,test,5778,DoS,1,0.070973,0.262934,KNOWN
BoT-IoT,test,5779,DoS,1,0.097076,0.262934,KNOWN
BoT-IoT,test,5780,DoS,1,0.019591,0.262934,KNOWN
BoT-IoT,test,5781,DoS,1,0.030002,0.262934,KNOWN
BoT-IoT,test,5782,DoS,1,0.073867,0.262934,KNOWN
BoT-IoT,test,5783,DoS,1,0.114925,0.262934,KNOWN
BoT-IoT,test,5784,DDoS,1,0.182244,0.262934,KNOWN
BoT-IoT,test,5785,DDoS,1,0.036671,0.262934,KNOWN
BoT-IoT,test,5786,DDoS,1,0.085403,0.262934,KNOWN
BoT-IoT,test,5787,DDoS,1,0.029316,0.262934,KNOWN
BoT-IoT,test,5788,DoS,1,0.123244,0.262934,KNOWN
BoT-IoT,test,5789,DDoS,1,0.230892,0.262934,KNOWN
BoT-IoT,test,5790,DoS,1,0.009109,0.262934,KNOWN
BoT-IoT,test,5791,DDoS,1,0.175404,0.262934,KNOWN
BoT-IoT,test,5792,DoS,1,0.010591,0.262934,KNOWN
BoT-IoT,test,5793,DDoS,1,0.070147,0.262934,KNOWN
BoT-IoT,test,5794,DDoS,1,0.088758,0.262934,KNOWN
BoT-IoT,test,5795,DDoS,1,0.122859,0.262934,KNOWN
BoT-IoT,test,5796,DDoS,1,0.163426,0.262934,KNOWN
BoT-IoT,test,5797,DDoS,1,0.031665,0.262934,KNOWN
BoT-IoT,test,5798,DDoS,1,0.088672,0.262934,KNOWN
BoT-IoT,test,5799,DoS,1,0.033202,0.262934,KNOWN
BoT-IoT,test,5800,Normal,1,0.155277,0.262934,KNOWN
BoT-IoT,test,5801,DoS,1,0.097159,0.262934,KNOWN
BoT-IoT,test,5802,DDoS,1,0.045231,0.262934,KNOWN
BoT-IoT,test,5803,DoS,1,0.000231,0.262934,KNOWN
BoT-IoT,test,5804,DDoS,1,0.110293,0.262934,KNOWN
BoT-IoT,test,5805,DDoS,1,0.027209,0.262934,KNOWN
BoT-IoT,test,5806,DDoS,1,0.120582,0.262934,KNOWN
BoT-IoT,test,5807,DoS,1,0.03656,0.262934,KNOWN
BoT-IoT,test,5808,DDoS,1,0.429093,0.262934,ZERO_DAY
BoT-IoT,test,5809,DoS,1,0.10152,0.262934,KNOWN
BoT-IoT,test,5810,DDoS,1,0.132551,0.262934,KNOWN
BoT-IoT,test,5811,DoS,1,0.21699,0.262934,KNOWN
BoT-IoT,test,5812,DDoS,1,0.03157,0.262934,KNOWN
BoT-IoT,test,5813,DoS,1,0.059944,0.262934,KNOWN
BoT-IoT,test,5814,DoS,1,0.314121,0.262934,ZERO_DAY
BoT-IoT,test,5815,DDoS,1,0.011712,0.262934,KNOWN
BoT-IoT,test,5816,DDoS,1,0.111016,0.262934,KNOWN
BoT-IoT,test,5817,DDoS,1,0.182128,0.262934,KNOWN
BoT-IoT,test,5818,DDoS,1,0.13983,0.262934,KNOWN
BoT-IoT,test,5819,Normal,1,0.007355,0.262934,KNOWN
BoT-IoT,test,5820,DDoS,1,0.271453,0.262934,ZERO_DAY
BoT-IoT,test,5821,DDoS,1,0.186243,0.262934,KNOWN
BoT-IoT,test,5822,DDoS,1,0.023477,0.262934,KNOWN
BoT-IoT,test,5823,DDoS,1,0.141289,0.262934,KNOWN
BoT-IoT,test,5824,DoS,1,0.018055,0.262934,KNOWN
BoT-IoT,test,5825,DoS,1,0.030551,0.262934,KNOWN
BoT-IoT,test,5826,DDoS,1,0.046317,0.262934,KNOWN
BoT-IoT,test,5827,DDoS,1,0.038362,0.262934,KNOWN
BoT-IoT,test,5828,DDoS,1,0.171037,0.262934,KNOWN
BoT-IoT,test,5829,DDoS,1,0.207389,0.262934,KNOWN
BoT-IoT,test,5830,DDoS,1,0.030672,0.262934,KNOWN
BoT-IoT,test,5831,DDoS,1,0.127194,0.262934,KNOWN
BoT-IoT,test,5832,DDoS,1,0.031804,0.262934,KNOWN
BoT-IoT,test,5833,DDoS,1,0.234955,0.262934,KNOWN
BoT-IoT,test,5834,DoS,1,0.031476,0.262934,KNOWN
BoT-IoT,test,5835,DDoS,1,0.22431,0.262934,KNOWN
BoT-IoT,test,5836,DoS,1,0.033973,0.262934,KNOWN
BoT-IoT,test,5837,DDoS,1,0.028854,0.262934,KNOWN
BoT-IoT,test,5838,DoS,1,0.011765,0.262934,KNOWN
BoT-IoT,test,5839,DDoS,1,0.252978,0.262934,KNOWN
BoT-IoT,test,5840,DDoS,1,0.068175,0.262934,KNOWN
BoT-IoT,test,5841,DDoS,1,0.048864,0.262934,KNOWN
BoT-IoT,test,5842,DoS,1,0.039828,0.262934,KNOWN
BoT-IoT,test,5843,DDoS,1,0.028019,0.262934,KNOWN
BoT-IoT,test,5844,DDoS,1,0.194865,0.262934,KNOWN
BoT-IoT,test,5845,Reconnaissance,1,0.245302,0.262934,KNOWN
BoT-IoT,test,5846,DDoS,1,0.046403,0.262934,KNOWN
BoT-IoT,test,5847,DDoS,1,0.115723,0.262934,KNOWN
BoT-IoT,test,5848,DDoS,1,0.073144,0.262934,KNOWN
BoT-IoT,test,5849,DoS,1,0.001304,0.262934,KNOWN
BoT-IoT,test,5850,DDoS,1,0.28238,0.262934,ZERO_DAY
BoT-IoT,test,5851,DDoS,1,0.057883,0.262934,KNOWN
BoT-IoT,test,5852,DDoS,1,0.006936,0.262934,KNOWN
BoT-IoT,test,5853,DoS,1,0.014661,0.262934,KNOWN
BoT-IoT,test,5854,DoS,1,0.091124,0.262934,KNOWN
BoT-IoT,test,5855,DDoS,1,0.175102,0.262934,KNOWN
BoT-IoT,test,5856,DDoS,1,0.18115,0.262934,KNOWN
BoT-IoT,test,5857,DDoS,1,0.211652,0.262934,KNOWN
BoT-IoT,test,5858,DDoS,1,0.163237,0.262934,KNOWN
BoT-IoT,test,5859,DDoS,1,0.050647,0.262934,KNOWN
BoT-IoT,test,5860,Normal,1,0.11229,0.262934,KNOWN
BoT-IoT,test,5861,DDoS,1,0.064426,0.262934,KNOWN
BoT-IoT,test,5862,DDoS,1,0.061885,0.262934,KNOWN
BoT-IoT,test,5863,DDoS,1,0.002141,0.262934,KNOWN
BoT-IoT,test,5864,DoS,1,0.116367,0.262934,KNOWN
BoT-IoT,test,5865,DoS,1,0.078566,0.262934,KNOWN
BoT-IoT,test,5866,DDoS,1,0.036178,0.262934,KNOWN
BoT-IoT,test,5867,DDoS,1,0.070471,0.262934,KNOWN
BoT-IoT,test,5868,DDoS,1,0.007606,0.262934,KNOWN
BoT-IoT,test,5869,DoS,1,0.022437,0.262934,KNOWN
BoT-IoT,test,5870,DoS,1,0.13838,0.262934,KNOWN
BoT-IoT,test,5871,DDoS,1,0.274824,0.262934,ZERO_DAY
BoT-IoT,test,5872,DDoS,1,0.07112,0.262934,KNOWN
BoT-IoT,test,5873,DoS,1,0.010593,0.262934,KNOWN
BoT-IoT,test,5874,DoS,1,0.008716,0.262934,KNOWN
BoT-IoT,test,5875,DDoS,1,0.02333,0.262934,KNOWN
BoT-IoT,test,5876,DoS,1,0.078941,0.262934,KNOWN
BoT-IoT,test,5877,DoS,1,0.021269,0.262934,KNOWN
BoT-IoT,test,5878,DDoS,1,0.025936,0.262934,KNOWN
BoT-IoT,test,5879,DoS,1,0.052966,0.262934,KNOWN
BoT-IoT,test,5880,DDoS,1,0.002468,0.262934,KNOWN
BoT-IoT,test,5881,DDoS,1,0.170308,0.262934,KNOWN
BoT-IoT,test,5882,DoS,1,0.077466,0.262934,KNOWN
BoT-IoT,test,5883,DDoS,1,0.03804,0.262934,KNOWN
BoT-IoT,test,5884,Normal,1,0.017604,0.262934,KNOWN
BoT-IoT,test,5885,DDoS,1,0.109242,0.262934,KNOWN
BoT-IoT,test,5886,DDoS,1,0.088483,0.262934,KNOWN
BoT-IoT,test,5887,DDoS,1,0.381316,0.262934,ZERO_DAY
BoT-IoT,test,5888,DDoS,1,0.106362,0.262934,KNOWN
BoT-IoT,test,5889,DoS,1,0.053297,0.262934,KNOWN
BoT-IoT,test,5890,DDoS,1,0.092577,0.262934,KNOWN
BoT-IoT,test,5891,DoS,1,0.130347,0.262934,KNOWN
BoT-IoT,test,5892,Reconnaissance,1,0.168352,0.262934,KNOWN
BoT-IoT,test,5893,DoS,1,0.069535,0.262934,KNOWN
BoT-IoT,test,5894,DoS,1,0.012101,0.262934,KNOWN
BoT-IoT,test,5895,DoS,1,0.113471,0.262934,KNOWN
BoT-IoT,test,5896,DoS,1,0.27332,0.262934,ZERO_DAY
BoT-IoT,test,5897,DoS,1,0.003488,0.262934,KNOWN
BoT-IoT,test,5898,DoS,1,0.053596,0.262934,KNOWN
BoT-IoT,test,5899,DoS,1,0.066716,0.262934,KNOWN
BoT-IoT,test,5900,DoS,1,0.016232,0.262934,KNOWN
BoT-IoT,test,5901,Normal,1,0.111918,0.262934,KNOWN
BoT-IoT,test,5902,DDoS,1,0.038833,0.262934,KNOWN
BoT-IoT,test,5903,DoS,1,0.051384,0.262934,KNOWN
BoT-IoT,test,5904,DDoS,1,0.103019,0.262934,KNOWN
BoT-IoT,test,5905,DoS,1,0.09868,0.262934,KNOWN
BoT-IoT,test,5906,DDoS,1,0.133499,0.262934,KNOWN
BoT-IoT,test,5907,DoS,1,0.126641,0.262934,KNOWN
BoT-IoT,test,5908,Normal,1,0.122632,0.262934,KNOWN
BoT-IoT,test,5909,DDoS,1,0.034138,0.262934,KNOWN
BoT-IoT,test,5910,DoS,1,0.1135,0.262934,KNOWN
BoT-IoT,test,5911,Normal,1,0.026733,0.262934,KNOWN
BoT-IoT,test,5912,DDoS,1,0.026375,0.262934,KNOWN
BoT-IoT,test,5913,DoS,1,0.029116,0.262934,KNOWN
BoT-IoT,test,5914,DDoS,1,0.298197,0.262934,ZERO_DAY
BoT-IoT,test,5915,DDoS,1,0.011281,0.262934,KNOWN
BoT-IoT,test,5916,DDoS,1,0.056276,0.262934,KNOWN
BoT-IoT,test,5917,DoS,1,0.014986,0.262934,KNOWN
BoT-IoT,test,5918,Reconnaissance,1,0.034079,0.262934,KNOWN
BoT-IoT,test,5919,Reconnaissance,1,0.046047,0.262934,KNOWN
BoT-IoT,test,5920,DDoS,1,0.180308,0.262934,KNOWN
BoT-IoT,test,5921,Reconnaissance,1,0.125134,0.262934,KNOWN
BoT-IoT,test,5922,DDoS,1,0.146191,0.262934,KNOWN
BoT-IoT,test,5923,DDoS,1,0.026001,0.262934,KNOWN
BoT-IoT,test,5924,Reconnaissance,1,0.087291,0.262934,KNOWN
BoT-IoT,test,5925,DoS,1,0.030307,0.262934,KNOWN
BoT-IoT,test,5926,DoS,1,0.077388,0.262934,KNOWN
BoT-IoT,test,5927,DoS,1,0.117632,0.262934,KNOWN
BoT-IoT,test,5928,DoS,1,0.036178,0.262934,KNOWN
BoT-IoT,test,5929,DoS,1,0.061751,0.262934,KNOWN
BoT-IoT,test,5930,DoS,1,0.130144,0.262934,KNOWN
BoT-IoT,test,5931,DDoS,1,0.006816,0.262934,KNOWN
BoT-IoT,test,5932,DoS,1,0.005648,0.262934,KNOWN
BoT-IoT,test,5933,DDoS,1,0.128128,0.262934,KNOWN
BoT-IoT,test,5934,DDoS,1,0.043508,0.262934,KNOWN
BoT-IoT,test,5935,DoS,1,0.025795,0.262934,KNOWN
BoT-IoT,test,5936,DoS,1,0.020257,0.262934,KNOWN
BoT-IoT,test,5937,DDoS,1,0.020091,0.262934,KNOWN
BoT-IoT,test,5938,DDoS,1,0.231445,0.262934,KNOWN
BoT-IoT,test,5939,DDoS,1,0.03971,0.262934,KNOWN
BoT-IoT,test,5940,DDoS,1,0.208179,0.262934,KNOWN
BoT-IoT,test,5941,DDoS,1,0.157745,0.262934,KNOWN
BoT-IoT,test,5942,DDoS,1,0.155595,0.262934,KNOWN
BoT-IoT,test,5943,DoS,1,0.04352,0.262934,KNOWN
BoT-IoT,test,5944,DoS,1,0.028232,0.262934,KNOWN
BoT-IoT,test,5945,Reconnaissance,1,0.060643,0.262934,KNOWN
BoT-IoT,test,5946,DoS,1,0.167153,0.262934,KNOWN
BoT-IoT,test,5947,DDoS,1,0.125515,0.262934,KNOWN
BoT-IoT,test,5948,DDoS,1,0.266436,0.262934,ZERO_DAY
BoT-IoT,test,5949,DDoS,1,0.153852,0.262934,KNOWN
BoT-IoT,test,5950,DoS,1,0.07419,0.262934,KNOWN
BoT-IoT,test,5951,DDoS,1,0.039616,0.262934,KNOWN
BoT-IoT,test,5952,DoS,1,0.033055,0.262934,KNOWN
BoT-IoT,test,5953,DDoS,1,0.068816,0.262934,KNOWN
BoT-IoT,test,5954,DDoS,1,0.024748,0.262934,KNOWN
BoT-IoT,test,5955,DoS,1,0.133502,0.262934,KNOWN
BoT-IoT,test,5956,DDoS,1,0.049663,0.262934,KNOWN
BoT-IoT,test,5957,DoS,1,0.110481,0.262934,KNOWN
BoT-IoT,test,5958,DoS,1,0.04034,0.262934,KNOWN
BoT-IoT,test,5959,Reconnaissance,1,0.082772,0.262934,KNOWN
BoT-IoT,test,5960,DoS,1,0.034176,0.262934,KNOWN
BoT-IoT,test,5961,DDoS,1,0.122299,0.262934,KNOWN
BoT-IoT,test,5962,DoS,1,0.043722,0.262934,KNOWN
BoT-IoT,test,5963,DoS,1,0.197296,0.262934,KNOWN
BoT-IoT,test,5964,DDoS,1,0.069625,0.262934,KNOWN
BoT-IoT,test,5965,DoS,1,0.36915,0.262934,ZERO_DAY
BoT-IoT,test,5966,DoS,1,0.038496,0.262934,KNOWN
BoT-IoT,test,5967,DoS,1,0.091833,0.262934,KNOWN
BoT-IoT,test,5968,DoS,1,0.097746,0.262934,KNOWN
BoT-IoT,test,5969,DDoS,1,0.176458,0.262934,KNOWN
BoT-IoT,test,5970,DDoS,1,0.088884,0.262934,KNOWN
BoT-IoT,test,5971,DDoS,1,0.123789,0.262934,KNOWN
BoT-IoT,test,5972,Reconnaissance,1,0.119245,0.262934,KNOWN
BoT-IoT,test,5973,DDoS,1,0.164739,0.262934,KNOWN
BoT-IoT,test,5974,DoS,1,0.04821,0.262934,KNOWN
BoT-IoT,test,5975,DoS,1,0.111881,0.262934,KNOWN
BoT-IoT,test,5976,DDoS,1,0.019223,0.262934,KNOWN
BoT-IoT,test,5977,DoS,1,0.069394,0.262934,KNOWN
BoT-IoT,test,5978,DDoS,1,0.062738,0.262934,KNOWN
BoT-IoT,test,5979,DoS,1,0.067425,0.262934,KNOWN
BoT-IoT,test,5980,DoS,1,0.087249,0.262934,KNOWN
BoT-IoT,test,5981,DoS,1,0.062249,0.262934,KNOWN
BoT-IoT,test,5982,DDoS,1,0.111319,0.262934,KNOWN
BoT-IoT,test,5983,DoS,1,0.040263,0.262934,KNOWN
BoT-IoT,test,5984,DDoS,1,0.538441,0.262934,ZERO_DAY
BoT-IoT,test,5985,DDoS,1,0.261984,0.262934,KNOWN
BoT-IoT,test,5986,DDoS,1,0.009443,0.262934,KNOWN
BoT-IoT,test,5987,DDoS,1,0.075886,0.262934,KNOWN
BoT-IoT,test,5988,DDoS,1,0.098129,0.262934,KNOWN
BoT-IoT,test,5989,DDoS,1,0.026429,0.262934,KNOWN
BoT-IoT,test,5990,DDoS,1,0.080732,0.262934,KNOWN
BoT-IoT,test,5991,DDoS,1,0.056178,0.262934,KNOWN
BoT-IoT,test,5992,DoS,1,0.014211,0.262934,KNOWN
BoT-IoT,test,5993,DoS,1,0.051136,0.262934,KNOWN
BoT-IoT,test,5994,DDoS,1,0.163602,0.262934,KNOWN
BoT-IoT,test,5995,DDoS,1,0.015985,0.262934,KNOWN
BoT-IoT,test,5996,DoS,1,0.163338,0.262934,KNOWN
BoT-IoT,test,5997,DDoS,1,0.04432,0.262934,KNOWN
BoT-IoT,test,5998,DoS,1,0.029989,0.262934,KNOWN
BoT-IoT,test,5999,DoS,1,0.05527,0.262934,KNOWN
BoT-IoT,test,6000,DDoS,1,0.094109,0.262934,KNOWN
BoT-IoT,test,6001,DDoS,1,0.163391,0.262934,KNOWN
BoT-IoT,test,6002,DoS,1,0.071138,0.262934,KNOWN
BoT-IoT,test,6003,DoS,1,0.115808,0.262934,KNOWN
BoT-IoT,test,6004,DoS,1,0.103562,0.262934,KNOWN
BoT-IoT,test,6005,DDoS,1,0.015749,0.262934,KNOWN
BoT-IoT,test,6006,DDoS,1,0.145698,0.262934,KNOWN
BoT-IoT,test,6007,DDoS,1,0.023492,0.262934,KNOWN
BoT-IoT,test,6008,DDoS,1,0.082339,0.262934,KNOWN
BoT-IoT,test,6009,DDoS,1,0.220263,0.262934,KNOWN
BoT-IoT,test,6010,DDoS,1,0.12596,0.262934,KNOWN
BoT-IoT,test,6011,DDoS,1,0.04578,0.262934,KNOWN
BoT-IoT,test,6012,DoS,1,0.044922,0.262934,KNOWN
BoT-IoT,test,6013,DDoS,1,0.0894,0.262934,KNOWN
BoT-IoT,test,6014,DoS,1,0.144567,0.262934,KNOWN
BoT-IoT,test,6015,DDoS,1,0.028472,0.262934,KNOWN
BoT-IoT,test,6016,DoS,1,0.012912,0.262934,KNOWN
BoT-IoT,test,6017,DDoS,1,0.096838,0.262934,KNOWN
BoT-IoT,test,6018,DoS,1,0.225627,0.262934,KNOWN
BoT-IoT,test,6019,DoS,1,0.007288,0.262934,KNOWN
BoT-IoT,test,6020,DDoS,1,0.068657,0.262934,KNOWN
BoT-IoT,test,6021,DoS,1,0.271436,0.262934,ZERO_DAY
BoT-IoT,test,6022,DoS,1,0.050279,0.262934,KNOWN
BoT-IoT,test,6023,DoS,1,0.039546,0.262934,KNOWN
BoT-IoT,test,6024,DoS,1,0.225491,0.262934,KNOWN
BoT-IoT,test,6025,DoS,1,0.134966,0.262934,KNOWN
BoT-IoT,test,6026,DoS,1,0.16477,0.262934,KNOWN
BoT-IoT,test,6027,DDoS,1,0.022002,0.262934,KNOWN
BoT-IoT,test,6028,DoS,1,0.056321,0.262934,KNOWN
BoT-IoT,test,6029,DDoS,1,0.211851,0.262934,KNOWN
BoT-IoT,test,6030,DDoS,1,0.062113,0.262934,KNOWN
BoT-IoT,test,6031,DoS,1,0.023052,0.262934,KNOWN
BoT-IoT,test,6032,DoS,1,0.053787,0.262934,KNOWN
BoT-IoT,test,6033,DDoS,1,0.119044,0.262934,KNOWN
BoT-IoT,test,6034,DoS,1,0.051341,0.262934,KNOWN
BoT-IoT,test,6035,DoS,1,0.025417,0.262934,KNOWN
BoT-IoT,test,6036,DDoS,1,0.031848,0.262934,KNOWN
BoT-IoT,test,6037,DDoS,1,0.135965,0.262934,KNOWN
BoT-IoT,test,6038,DoS,1,0.001717,0.262934,KNOWN
BoT-IoT,test,6039,DoS,1,0.043933,0.262934,KNOWN
BoT-IoT,test,6040,DDoS,1,0.0694,0.262934,KNOWN
BoT-IoT,test,6041,DoS,1,0.068395,0.262934,KNOWN
BoT-IoT,test,6042,DDoS,1,0.253338,0.262934,KNOWN
BoT-IoT,test,6043,Normal,1,0.212066,0.262934,KNOWN
BoT-IoT,test,6044,DoS,1,0.066188,0.262934,KNOWN
BoT-IoT,test,6045,DoS,1,0.033436,0.262934,KNOWN
BoT-IoT,test,6046,DDoS,1,0.003505,0.262934,KNOWN
BoT-IoT,test,6047,DoS,1,0.158255,0.262934,KNOWN
BoT-IoT,test,6048,DoS,1,0.119686,0.262934,KNOWN
BoT-IoT,test,6049,DDoS,1,0.144116,0.262934,KNOWN
BoT-IoT,test,6050,DDoS,1,0.010309,0.262934,KNOWN
BoT-IoT,test,6051,Reconnaissance,1,0.183817,0.262934,KNOWN
BoT-IoT,test,6052,DoS,1,0.082245,0.262934,KNOWN
BoT-IoT,test,6053,DDoS,1,0.187712,0.262934,KNOWN
BoT-IoT,test,6054,DDoS,1,0.053396,0.262934,KNOWN
BoT-IoT,test,6055,DDoS,1,0.005298,0.262934,KNOWN
BoT-IoT,test,6056,DDoS,1,0.095,0.262934,KNOWN
BoT-IoT,test,6057,Normal,1,0.036794,0.262934,KNOWN
BoT-IoT,test,6058,DDoS,1,0.091659,0.262934,KNOWN
BoT-IoT,test,6059,DDoS,1,0.034321,0.262934,KNOWN
BoT-IoT,test,6060,DDoS,1,0.149577,0.262934,KNOWN
BoT-IoT,test,6061,DoS,1,0.040847,0.262934,KNOWN
BoT-IoT,test,6062,DoS,1,0.325761,0.262934,ZERO_DAY
BoT-IoT,test,6063,DoS,1,0.114138,0.262934,KNOWN
BoT-IoT,test,6064,DDoS,1,0.136098,0.262934,KNOWN
BoT-IoT,test,6065,DDoS,1,0.106183,0.262934,KNOWN
BoT-IoT,test,6066,DoS,1,0.069391,0.262934,KNOWN
BoT-IoT,test,6067,DoS,1,0.056359,0.262934,KNOWN
BoT-IoT,test,6068,Reconnaissance,1,0.047466,0.262934,KNOWN
BoT-IoT,test,6069,DDoS,1,0.116455,0.262934,KNOWN
BoT-IoT,test,6070,DDoS,1,0.070019,0.262934,KNOWN
BoT-IoT,test,6071,DDoS,1,0.142415,0.262934,KNOWN
BoT-IoT,test,6072,DDoS,1,0.053453,0.262934,KNOWN
BoT-IoT,test,6073,DoS,1,0.189594,0.262934,KNOWN
BoT-IoT,test,6074,DoS,1,0.094102,0.262934,KNOWN
BoT-IoT,test,6075,DoS,1,0.225811,0.262934,KNOWN
BoT-IoT,test,6076,DDoS,1,0.070271,0.262934,KNOWN
BoT-IoT,test,6077,Normal,1,0.017892,0.262934,KNOWN
BoT-IoT,test,6078,DDoS,1,0.018551,0.262934,KNOWN
BoT-IoT,test,6079,DoS,1,0.044309,0.262934,KNOWN
BoT-IoT,test,6080,DDoS,1,0.077773,0.262934,KNOWN
BoT-IoT,test,6081,DoS,1,0.479068,0.262934,ZERO_DAY
BoT-IoT,test,6082,DoS,1,0.135856,0.262934,KNOWN
BoT-IoT,test,6083,DDoS,1,0.022476,0.262934,KNOWN
BoT-IoT,test,6084,DoS,1,0.133658,0.262934,KNOWN
BoT-IoT,test,6085,DDoS,1,0.120185,0.262934,KNOWN
BoT-IoT,test,6086,DoS,1,0.147721,0.262934,KNOWN
BoT-IoT,test,6087,DDoS,1,0.136397,0.262934,KNOWN
BoT-IoT,test,6088,DoS,1,0.073162,0.262934,KNOWN
BoT-IoT,test,6089,DDoS,1,0.155227,0.262934,KNOWN
BoT-IoT,test,6090,DDoS,1,0.001288,0.262934,KNOWN
BoT-IoT,test,6091,DoS,1,0.289368,0.262934,ZERO_DAY
BoT-IoT,test,6092,DDoS,1,0.252026,0.262934,KNOWN
BoT-IoT,test,6093,DoS,1,0.08773,0.262934,KNOWN
BoT-IoT,test,6094,DoS,1,0.046784,0.262934,KNOWN
BoT-IoT,test,6095,DoS,1,0.012606,0.262934,KNOWN
BoT-IoT,test,6096,DoS,1,0.087969,0.262934,KNOWN
BoT-IoT,test,6097,DDoS,1,0.328736,0.262934,ZERO_DAY
BoT-IoT,test,6098,DDoS,1,0.07215,0.262934,KNOWN
BoT-IoT,test,6099,DDoS,1,0.027577,0.262934,KNOWN
BoT-IoT,test,6100,DoS,1,0.074944,0.262934,KNOWN
BoT-IoT,test,6101,DDoS,1,0.115874,0.262934,KNOWN
BoT-IoT,test,6102,DoS,1,0.083193,0.262934,KNOWN
BoT-IoT,test,6103,DoS,1,0.236772,0.262934,KNOWN
BoT-IoT,test,6104,DoS,1,0.114602,0.262934,KNOWN
BoT-IoT,test,6105,DoS,1,0.055856,0.262934,KNOWN
BoT-IoT,test,6106,DDoS,1,0.033644,0.262934,KNOWN
BoT-IoT,test,6107,Normal,1,0.011879,0.262934,KNOWN
BoT-IoT,test,6108,DDoS,1,0.105525,0.262934,KNOWN
BoT-IoT,test,6109,DoS,1,0.017605,0.262934,KNOWN
BoT-IoT,test,6110,DoS,1,0.096709,0.262934,KNOWN
BoT-IoT,test,6111,DDoS,1,0.107843,0.262934,KNOWN
BoT-IoT,test,6112,DDoS,1,0.034395,0.262934,KNOWN
BoT-IoT,test,6113,Reconnaissance,1,0.059048,0.262934,KNOWN
BoT-IoT,test,6114,DoS,1,0.243305,0.262934,KNOWN
BoT-IoT,test,6115,DoS,1,0.083339,0.262934,KNOWN
BoT-IoT,test,6116,DDoS,1,0.09992,0.262934,KNOWN
BoT-IoT,test,6117,DoS,1,0.087341,0.262934,KNOWN
BoT-IoT,test,6118,DDoS,1,0.027636,0.262934,KNOWN
BoT-IoT,test,6119,DDoS,1,0.138765,0.262934,KNOWN
BoT-IoT,test,6120,DDoS,1,0.153612,0.262934,KNOWN
BoT-IoT,test,6121,Reconnaissance,1,0.12669,0.262934,KNOWN
BoT-IoT,test,6122,DoS,1,0.090611,0.262934,KNOWN
BoT-IoT,test,6123,DoS,1,0.076305,0.262934,KNOWN
BoT-IoT,test,6124,DDoS,1,0.079846,0.262934,KNOWN
BoT-IoT,test,6125,DDoS,1,0.006713,0.262934,KNOWN
BoT-IoT,test,6126,DDoS,1,0.102462,0.262934,KNOWN
BoT-IoT,test,6127,DDoS,1,0.140296,0.262934,KNOWN
BoT-IoT,test,6128,DDoS,1,0.266505,0.262934,ZERO_DAY
BoT-IoT,test,6129,DoS,1,0.06191,0.262934,KNOWN
BoT-IoT,test,6130,DoS,1,0.042686,0.262934,KNOWN
BoT-IoT,test,6131,DDoS,1,0.16782,0.262934,KNOWN
BoT-IoT,test,6132,DDoS,1,0.066064,0.262934,KNOWN
BoT-IoT,test,6133,DDoS,1,0.097333,0.262934,KNOWN
BoT-IoT,test,6134,DDoS,1,0.176513,0.262934,KNOWN
BoT-IoT,test,6135,DDoS,1,0.015981,0.262934,KNOWN
BoT-IoT,test,6136,DDoS,1,0.149974,0.262934,KNOWN
BoT-IoT,test,6137,DoS,1,0.216533,0.262934,KNOWN
BoT-IoT,test,6138,DoS,1,0.038449,0.262934,KNOWN
BoT-IoT,test,6139,DoS,1,0.016083,0.262934,KNOWN
BoT-IoT,test,6140,DDoS,1,0.159858,0.262934,KNOWN
BoT-IoT,test,6141,DDoS,1,0.191482,0.262934,KNOWN
BoT-IoT,test,6142,DDoS,1,0.027526,0.262934,KNOWN
BoT-IoT,test,6143,DDoS,1,0.093123,0.262934,KNOWN
BoT-IoT,test,6144,Reconnaissance,1,0.022233,0.262934,KNOWN
BoT-IoT,test,6145,DoS,1,0.195611,0.262934,KNOWN
BoT-IoT,test,6146,DoS,1,0.053051,0.262934,KNOWN
BoT-IoT,test,6147,DoS,1,0.141759,0.262934,KNOWN
BoT-IoT,test,6148,DoS,1,0.210922,0.262934,KNOWN
BoT-IoT,test,6149,DDoS,1,0.106554,0.262934,KNOWN
BoT-IoT,test,6150,Normal,1,0.080812,0.262934,KNOWN
BoT-IoT,test,6151,DDoS,1,0.138571,0.262934,KNOWN
BoT-IoT,test,6152,DDoS,1,0.124147,0.262934,KNOWN
BoT-IoT,test,6153,DDoS,1,0.231816,0.262934,KNOWN
BoT-IoT,test,6154,DoS,1,0.072264,0.262934,KNOWN
BoT-IoT,test,6155,DDoS,1,0.09179,0.262934,KNOWN
BoT-IoT,test,6156,DDoS,1,0.166621,0.262934,KNOWN
BoT-IoT,test,6157,DDoS,1,0.055157,0.262934,KNOWN
BoT-IoT,test,6158,DoS,1,0.062,0.262934,KNOWN
BoT-IoT,test,6159,Normal,1,0.149397,0.262934,KNOWN
BoT-IoT,test,6160,DDoS,1,0.067665,0.262934,KNOWN
BoT-IoT,test,6161,DDoS,1,0.055161,0.262934,KNOWN
BoT-IoT,test,6162,DoS,1,0.169635,0.262934,KNOWN
BoT-IoT,test,6163,DoS,1,0.007958,0.262934,KNOWN
BoT-IoT,test,6164,DoS,1,0.03302,0.262934,KNOWN
BoT-IoT,test,6165,DDoS,1,0.066917,0.262934,KNOWN
BoT-IoT,test,6166,DDoS,1,0.136563,0.262934,KNOWN
BoT-IoT,test,6167,DoS,1,0.037402,0.262934,KNOWN
BoT-IoT,test,6168,DoS,1,0.052377,0.262934,KNOWN
BoT-IoT,test,6169,DDoS,1,0.142435,0.262934,KNOWN
BoT-IoT,test,6170,DDoS,1,0.022193,0.262934,KNOWN
BoT-IoT,test,6171,DoS,1,0.198083,0.262934,KNOWN
BoT-IoT,test,6172,DDoS,1,0.209612,0.262934,KNOWN
BoT-IoT,test,6173,DDoS,1,0.042029,0.262934,KNOWN
BoT-IoT,test,6174,DoS,1,0.037719,0.262934,KNOWN
BoT-IoT,test,6175,DDoS,1,0.265529,0.262934,ZERO_DAY
BoT-IoT,test,6176,DDoS,1,0.0557,0.262934,KNOWN
BoT-IoT,test,6177,Normal,1,0.137338,0.262934,KNOWN
BoT-IoT,test,6178,DoS,1,0.20878,0.262934,KNOWN
BoT-IoT,test,6179,DDoS,1,0.061616,0.262934,KNOWN
BoT-IoT,test,6180,DoS,1,0.380788,0.262934,ZERO_DAY
BoT-IoT,test,6181,DDoS,1,0.027352,0.262934,KNOWN
BoT-IoT,test,6182,DDoS,1,0.018385,0.262934,KNOWN
BoT-IoT,test,6183,Normal,1,0.030245,0.262934,KNOWN
BoT-IoT,test,6184,DDoS,1,0.056694,0.262934,KNOWN
BoT-IoT,test,6185,DDoS,1,0.229415,0.262934,KNOWN
BoT-IoT,test,6186,DoS,1,0.102748,0.262934,KNOWN
BoT-IoT,test,6187,DoS,1,0.135209,0.262934,KNOWN
BoT-IoT,test,6188,DoS,1,0.059694,0.262934,KNOWN
BoT-IoT,test,6189,DoS,1,0.121659,0.262934,KNOWN
BoT-IoT,test,6190,DoS,1,0.266423,0.262934,ZERO_DAY
BoT-IoT,test,6191,DDoS,1,0.114761,0.262934,KNOWN
BoT-IoT,test,6192,DDoS,1,0.062937,0.262934,KNOWN
BoT-IoT,test,6193,DDoS,1,0.01763,0.262934,KNOWN
BoT-IoT,test,6194,Reconnaissance,1,0.0236,0.262934,KNOWN
BoT-IoT,test,6195,DoS,1,0.005989,0.262934,KNOWN
BoT-IoT,test,6196,DoS,1,0.107982,0.262934,KNOWN
BoT-IoT,test,6197,DDoS,1,0.062479,0.262934,KNOWN
BoT-IoT,test,6198,DDoS,1,0.053673,0.262934,KNOWN
BoT-IoT,test,6199,DoS,1,0.045735,0.262934,KNOWN
BoT-IoT,test,6200,DDoS,1,0.052671,0.262934,KNOWN
BoT-IoT,test,6201,DoS,1,0.296882,0.262934,ZERO_DAY
BoT-IoT,test,6202,DDoS,1,0.058176,0.262934,KNOWN
BoT-IoT,test,6203,DoS,1,0.031544,0.262934,KNOWN
BoT-IoT,test,6204,DoS,1,0.147758,0.262934,KNOWN
BoT-IoT,test,6205,DDoS,1,0.035435,0.262934,KNOWN
BoT-IoT,test,6206,DoS,1,0.095886,0.262934,KNOWN
BoT-IoT,test,6207,DoS,1,0.149547,0.262934,KNOWN
BoT-IoT,test,6208,DoS,1,0.258899,0.262934,KNOWN
BoT-IoT,test,6209,Normal,1,0.076278,0.262934,KNOWN
BoT-IoT,test,6210,DoS,1,0.015566,0.262934,KNOWN
BoT-IoT,test,6211,DoS,1,0.161949,0.262934,KNOWN
BoT-IoT,test,6212,DoS,1,0.229906,0.262934,KNOWN
BoT-IoT,test,6213,DDoS,1,0.011901,0.262934,KNOWN
BoT-IoT,test,6214,DoS,1,0.158354,0.262934,KNOWN
BoT-IoT,test,6215,DDoS,1,0.17963,0.262934,KNOWN
BoT-IoT,test,6216,DDoS,1,0.049564,0.262934,KNOWN
BoT-IoT,test,6217,DoS,1,0.091779,0.262934,KNOWN
BoT-IoT,test,6218,DoS,1,0.029316,0.262934,KNOWN
BoT-IoT,test,6219,DDoS,1,0.184952,0.262934,KNOWN
BoT-IoT,test,6220,DoS,1,0.096013,0.262934,KNOWN
BoT-IoT,test,6221,DoS,1,0.136968,0.262934,KNOWN
BoT-IoT,test,6222,DoS,1,0.073329,0.262934,KNOWN
BoT-IoT,test,6223,DoS,1,0.155194,0.262934,KNOWN
BoT-IoT,test,6224,DDoS,1,0.04276,0.262934,KNOWN
BoT-IoT,test,6225,DDoS,1,0.060722,0.262934,KNOWN
BoT-IoT,test,6226,DDoS,1,0.063061,0.262934,KNOWN
BoT-IoT,test,6227,DoS,1,0.018657,0.262934,KNOWN
BoT-IoT,test,6228,DoS,1,0.048315,0.262934,KNOWN
BoT-IoT,test,6229,DDoS,1,0.204907,0.262934,KNOWN
BoT-IoT,test,6230,DoS,1,0.111902,0.262934,KNOWN
BoT-IoT,test,6231,DDoS,1,0.312626,0.262934,ZERO_DAY
BoT-IoT,test,6232,DDoS,1,0.029481,0.262934,KNOWN
BoT-IoT,test,6233,DDoS,1,0.039885,0.262934,KNOWN
BoT-IoT,test,6234,DoS,1,0.19107,0.262934,KNOWN
BoT-IoT,test,6235,DoS,1,0.171917,0.262934,KNOWN
BoT-IoT,test,6236,DoS,1,0.075106,0.262934,KNOWN
BoT-IoT,test,6237,Normal,1,0.095199,0.262934,KNOWN
BoT-IoT,test,6238,DoS,1,0.050257,0.262934,KNOWN
BoT-IoT,test,6239,DDoS,1,0.055925,0.262934,KNOWN
BoT-IoT,test,6240,DDoS,1,0.04492,0.262934,KNOWN
BoT-IoT,test,6241,DoS,1,0.07711,0.262934,KNOWN
BoT-IoT,test,6242,DDoS,1,0.067382,0.262934,KNOWN
BoT-IoT,test,6243,DoS,1,0.292516,0.262934,ZERO_DAY
BoT-IoT,test,6244,DDoS,1,0.064093,0.262934,KNOWN
BoT-IoT,test,6245,DDoS,1,0.012406,0.262934,KNOWN
BoT-IoT,test,6246,DDoS,1,0.064314,0.262934,KNOWN
BoT-IoT,test,6247,DoS,1,0.168722,0.262934,KNOWN
BoT-IoT,test,6248,DDoS,1,0.146202,0.262934,KNOWN
BoT-IoT,test,6249,DDoS,1,0.044914,0.262934,KNOWN
BoT-IoT,test,6250,DDoS,1,0.0329,0.262934,KNOWN
BoT-IoT,test,6251,DDoS,1,0.116049,0.262934,KNOWN
BoT-IoT,test,6252,DDoS,1,0.230732,0.262934,KNOWN
BoT-IoT,test,6253,DDoS,1,0.098037,0.262934,KNOWN
BoT-IoT,test,6254,DoS,1,0.148139,0.262934,KNOWN
BoT-IoT,test,6255,DDoS,1,0.329834,0.262934,ZERO_DAY
BoT-IoT,test,6256,DDoS,1,0.096589,0.262934,KNOWN
BoT-IoT,test,6257,DoS,1,0.099743,0.262934,KNOWN
BoT-IoT,test,6258,DDoS,1,0.213024,0.262934,KNOWN
BoT-IoT,test,6259,DoS,1,0.072356,0.262934,KNOWN
BoT-IoT,test,6260,DDoS,1,0.145921,0.262934,KNOWN
BoT-IoT,test,6261,DoS,1,0.302131,0.262934,ZERO_DAY
BoT-IoT,test,6262,DoS,1,0.147476,0.262934,KNOWN
BoT-IoT,test,6263,DDoS,1,0.137167,0.262934,KNOWN
BoT-IoT,test,6264,DDoS,1,0.019362,0.262934,KNOWN
BoT-IoT,test,6265,DoS,1,0.071194,0.262934,KNOWN
BoT-IoT,test,6266,DoS,1,0.091076,0.262934,KNOWN
BoT-IoT,test,6267,DoS,1,0.085127,0.262934,KNOWN
BoT-IoT,test,6268,DoS,1,0.072221,0.262934,KNOWN
BoT-IoT,test,6269,DDoS,1,0.676326,0.262934,ZERO_DAY
BoT-IoT,test,6270,DDoS,1,0.06924,0.262934,KNOWN
BoT-IoT,test,6271,DoS,1,0.084259,0.262934,KNOWN
BoT-IoT,test,6272,DoS,1,0.148316,0.262934,KNOWN
BoT-IoT,test,6273,DoS,1,0.050462,0.262934,KNOWN
BoT-IoT,test,6274,DDoS,1,0.173584,0.262934,KNOWN
BoT-IoT,test,6275,DDoS,1,0.050914,0.262934,KNOWN
BoT-IoT,test,6276,DDoS,1,0.195134,0.262934,KNOWN
BoT-IoT,test,6277,DDoS,1,0.060737,0.262934,KNOWN
BoT-IoT,test,6278,DDoS,1,0.004015,0.262934,KNOWN
BoT-IoT,test,6279,DDoS,1,0.179532,0.262934,KNOWN
BoT-IoT,test,6280,DoS,1,0.131908,0.262934,KNOWN
BoT-IoT,test,6281,DDoS,1,0.104936,0.262934,KNOWN
BoT-IoT,test,6282,DDoS,1,0.114381,0.262934,KNOWN
BoT-IoT,test,6283,Reconnaissance,1,0.260242,0.262934,KNOWN
BoT-IoT,test,6284,DDoS,1,0.191248,0.262934,KNOWN
BoT-IoT,test,6285,DDoS,1,0.128859,0.262934,KNOWN
BoT-IoT,test,6286,DDoS,1,0.083988,0.262934,KNOWN
BoT-IoT,test,6287,DDoS,1,0.037451,0.262934,KNOWN
BoT-IoT,test,6288,DoS,1,0.270243,0.262934,ZERO_DAY
BoT-IoT,test,6289,DDoS,1,0.215343,0.262934,KNOWN
BoT-IoT,test,6290,DDoS,1,0.212509,0.262934,KNOWN
BoT-IoT,test,6291,DDoS,1,0.010619,0.262934,KNOWN
BoT-IoT,test,6292,DDoS,1,0.066978,0.262934,KNOWN
BoT-IoT,test,6293,DoS,1,0.125445,0.262934,KNOWN
BoT-IoT,test,6294,DoS,1,0.020855,0.262934,KNOWN
BoT-IoT,test,6295,DDoS,1,0.042735,0.262934,KNOWN
BoT-IoT,test,6296,DoS,1,0.116971,0.262934,KNOWN
BoT-IoT,test,6297,DDoS,1,0.187098,0.262934,KNOWN
BoT-IoT,test,6298,DoS,1,0.091492,0.262934,KNOWN
BoT-IoT,test,6299,DDoS,1,0.042581,0.262934,KNOWN
BoT-IoT,test,6300,DoS,1,0.050527,0.262934,KNOWN
BoT-IoT,test,6301,DoS,1,0.090859,0.262934,KNOWN
BoT-IoT,test,6302,DoS,1,0.024365,0.262934,KNOWN
BoT-IoT,test,6303,DoS,1,0.049606,0.262934,KNOWN
BoT-IoT,test,6304,DDoS,1,0.373128,0.262934,ZERO_DAY
BoT-IoT,test,6305,DDoS,1,0.1425,0.262934,KNOWN
BoT-IoT,test,6306,DoS,1,0.05314,0.262934,KNOWN
BoT-IoT,test,6307,DoS,1,0.001904,0.262934,KNOWN
BoT-IoT,test,6308,DDoS,1,0.059592,0.262934,KNOWN
BoT-IoT,test,6309,DoS,1,0.094423,0.262934,KNOWN
BoT-IoT,test,6310,DDoS,1,0.015678,0.262934,KNOWN
BoT-IoT,test,6311,DDoS,1,0.009619,0.262934,KNOWN
BoT-IoT,test,6312,DDoS,1,0.072026,0.262934,KNOWN
BoT-IoT,test,6313,DDoS,1,0.174869,0.262934,KNOWN
BoT-IoT,test,6314,DDoS,1,0.177965,0.262934,KNOWN
BoT-IoT,test,6315,DDoS,1,0.38398,0.262934,ZERO_DAY
BoT-IoT,test,6316,DoS,1,0.036377,0.262934,KNOWN
BoT-IoT,test,6317,DDoS,1,0.096964,0.262934,KNOWN
BoT-IoT,test,6318,DoS,1,0.037898,0.262934,KNOWN
BoT-IoT,test,6319,DoS,1,0.051194,0.262934,KNOWN
BoT-IoT,test,6320,DDoS,1,0.117758,0.262934,KNOWN
BoT-IoT,test,6321,DoS,1,0.173837,0.262934,KNOWN
BoT-IoT,test,6322,DoS,1,0.026489,0.262934,KNOWN
BoT-IoT,test,6323,DDoS,1,0.114794,0.262934,KNOWN
BoT-IoT,test,6324,DoS,1,0.242801,0.262934,KNOWN
BoT-IoT,test,6325,DDoS,1,0.185866,0.262934,KNOWN
BoT-IoT,test,6326,DDoS,1,0.052064,0.262934,KNOWN
BoT-IoT,test,6327,DoS,1,0.016701,0.262934,KNOWN
BoT-IoT,test,6328,DoS,1,0.096342,0.262934,KNOWN
BoT-IoT,test,6329,DDoS,1,0.067113,0.262934,KNOWN
BoT-IoT,test,6330,DDoS,1,0.104151,0.262934,KNOWN
BoT-IoT,test,6331,DDoS,1,0.053308,0.262934,KNOWN
BoT-IoT,test,6332,DDoS,1,0.124289,0.262934,KNOWN
BoT-IoT,test,6333,DDoS,1,0.094966,0.262934,KNOWN
BoT-IoT,test,6334,DoS,1,0.050686,0.262934,KNOWN
BoT-IoT,test,6335,DDoS,1,0.044653,0.262934,KNOWN
BoT-IoT,test,6336,DDoS,1,0.109943,0.262934,KNOWN
BoT-IoT,test,6337,DDoS,1,0.087455,0.262934,KNOWN
BoT-IoT,test,6338,DDoS,1,0.090915,0.262934,KNOWN
BoT-IoT,test,6339,DDoS,1,0.123185,0.262934,KNOWN
BoT-IoT,test,6340,DoS,1,0.009519,0.262934,KNOWN
BoT-IoT,test,6341,DDoS,1,0.028951,0.262934,KNOWN
BoT-IoT,test,6342,DoS,1,0.061008,0.262934,KNOWN
BoT-IoT,test,6343,DDoS,1,0.102059,0.262934,KNOWN
BoT-IoT,test,6344,DDoS,1,0.141464,0.262934,KNOWN
BoT-IoT,test,6345,Reconnaissance,1,0.016531,0.262934,KNOWN
BoT-IoT,test,6346,DoS,1,0.056508,0.262934,KNOWN
BoT-IoT,test,6347,DDoS,1,0.143228,0.262934,KNOWN
BoT-IoT,test,6348,DoS,1,0.154008,0.262934,KNOWN
BoT-IoT,test,6349,DoS,1,0.05122,0.262934,KNOWN
BoT-IoT,test,6350,DDoS,1,0.143246,0.262934,KNOWN
BoT-IoT,test,6351,DoS,1,0.042568,0.262934,KNOWN
BoT-IoT,test,6352,DoS,1,0.028372,0.262934,KNOWN
BoT-IoT,test,6353,DDoS,1,0.033745,0.262934,KNOWN
BoT-IoT,test,6354,DDoS,1,0.084944,0.262934,KNOWN
BoT-IoT,test,6355,DDoS,1,0.162717,0.262934,KNOWN
BoT-IoT,test,6356,DDoS,1,0.095134,0.262934,KNOWN
BoT-IoT,test,6357,DoS,1,0.234859,0.262934,KNOWN
BoT-IoT,test,6358,DoS,1,0.112319,0.262934,KNOWN
BoT-IoT,test,6359,DoS,1,0.343894,0.262934,ZERO_DAY
BoT-IoT,test,6360,DoS,1,0.072727,0.262934,KNOWN
BoT-IoT,test,6361,DoS,1,0.025294,0.262934,KNOWN
BoT-IoT,test,6362,DoS,1,0.158614,0.262934,KNOWN
BoT-IoT,test,6363,DoS,1,0.321973,0.262934,ZERO_DAY
BoT-IoT,test,6364,DoS,1,0.029875,0.262934,KNOWN
BoT-IoT,test,6365,DoS,1,0.089503,0.262934,KNOWN
BoT-IoT,test,6366,DoS,1,0.173468,0.262934,KNOWN
BoT-IoT,test,6367,Normal,1,0.080793,0.262934,KNOWN
BoT-IoT,test,6368,DoS,1,0.004175,0.262934,KNOWN
BoT-IoT,test,6369,Reconnaissance,1,0.083535,0.262934,KNOWN
BoT-IoT,test,6370,DDoS,1,0.029031,0.262934,KNOWN
BoT-IoT,test,6371,DDoS,1,0.09736,0.262934,KNOWN
BoT-IoT,test,6372,DDoS,1,0.01819,0.262934,KNOWN
BoT-IoT,test,6373,DoS,1,0.075706,0.262934,KNOWN
BoT-IoT,test,6374,DDoS,1,0.120149,0.262934,KNOWN
BoT-IoT,test,6375,DDoS,1,0.039957,0.262934,KNOWN
BoT-IoT,test,6376,DDoS,1,0.022243,0.262934,KNOWN
BoT-IoT,test,6377,DoS,1,0.271695,0.262934,ZERO_DAY
BoT-IoT,test,6378,DoS,1,0.215684,0.262934,KNOWN
BoT-IoT,test,6379,DoS,1,0.019291,0.262934,KNOWN
BoT-IoT,test,6380,DoS,1,0.261504,0.262934,KNOWN
BoT-IoT,test,6381,DDoS,1,0.044313,0.262934,KNOWN
BoT-IoT,test,6382,DDoS,1,0.085172,0.262934,KNOWN
BoT-IoT,test,6383,DoS,1,0.002645,0.262934,KNOWN
BoT-IoT,test,6384,DoS,1,0.228133,0.262934,KNOWN
BoT-IoT,test,6385,DoS,1,0.016369,0.262934,KNOWN
BoT-IoT,test,6386,DDoS,1,0.122557,0.262934,KNOWN
BoT-IoT,test,6387,DoS,1,0.008107,0.262934,KNOWN
BoT-IoT,test,6388,DoS,1,0.015401,0.262934,KNOWN
BoT-IoT,test,6389,DoS,1,0.097981,0.262934,KNOWN
BoT-IoT,test,6390,DoS,1,0.233382,0.262934,KNOWN
BoT-IoT,test,6391,DDoS,1,0.304095,0.262934,ZERO_DAY
BoT-IoT,test,6392,DoS,1,0.149211,0.262934,KNOWN
BoT-IoT,test,6393,DDoS,1,0.01678,0.262934,KNOWN
BoT-IoT,test,6394,DDoS,1,0.040658,0.262934,KNOWN
BoT-IoT,test,6395,DDoS,1,0.074472,0.262934,KNOWN
BoT-IoT,test,6396,DDoS,1,0.078017,0.262934,KNOWN
BoT-IoT,test,6397,DDoS,1,0.122754,0.262934,KNOWN
BoT-IoT,test,6398,DoS,1,0.305684,0.262934,ZERO_DAY
BoT-IoT,test,6399,Normal,1,0.081242,0.262934,KNOWN
BoT-IoT,test,6400,Reconnaissance,1,0.026851,0.262934,KNOWN
BoT-IoT,test,6401,DoS,1,0.097739,0.262934,KNOWN
BoT-IoT,test,6402,DoS,1,0.352281,0.262934,ZERO_DAY
BoT-IoT,test,6403,DDoS,1,0.03214,0.262934,KNOWN
BoT-IoT,test,6404,DoS,1,0.101539,0.262934,KNOWN
BoT-IoT,test,6405,DDoS,1,0.110636,0.262934,KNOWN
BoT-IoT,test,6406,DoS,1,0.017774,0.262934,KNOWN
BoT-IoT,test,6407,DoS,1,0.080453,0.262934,KNOWN
BoT-IoT,test,6408,DoS,1,0.014527,0.262934,KNOWN
BoT-IoT,test,6409,DoS,1,0.028197,0.262934,KNOWN
BoT-IoT,test,6410,DoS,1,0.130831,0.262934,KNOWN
BoT-IoT,test,6411,DoS,1,0.004197,0.262934,KNOWN
BoT-IoT,test,6412,DDoS,1,0.02004,0.262934,KNOWN
BoT-IoT,test,6413,DDoS,1,0.210236,0.262934,KNOWN
BoT-IoT,test,6414,DDoS,1,0.030484,0.262934,KNOWN
BoT-IoT,test,6415,DoS,1,0.303967,0.262934,ZERO_DAY
BoT-IoT,test,6416,DoS,1,0.0078,0.262934,KNOWN
BoT-IoT,test,6417,DoS,1,0.037558,0.262934,KNOWN
BoT-IoT,test,6418,Normal,1,0.042308,0.262934,KNOWN
BoT-IoT,test,6419,DDoS,1,0.061933,0.262934,KNOWN
BoT-IoT,test,6420,DoS,1,0.166762,0.262934,KNOWN
BoT-IoT,test,6421,DoS,1,0.161608,0.262934,KNOWN
BoT-IoT,test,6422,DoS,1,0.121847,0.262934,KNOWN
BoT-IoT,test,6423,DoS,1,0.144152,0.262934,KNOWN
BoT-IoT,test,6424,DoS,1,0.051647,0.262934,KNOWN
BoT-IoT,test,6425,DoS,1,0.053054,0.262934,KNOWN
BoT-IoT,test,6426,Normal,1,0.106129,0.262934,KNOWN
BoT-IoT,test,6427,DDoS,1,0.019574,0.262934,KNOWN
BoT-IoT,test,6428,DDoS,1,0.004897,0.262934,KNOWN
BoT-IoT,test,6429,DDoS,1,0.075615,0.262934,KNOWN
BoT-IoT,test,6430,DDoS,1,0.078416,0.262934,KNOWN
BoT-IoT,test,6431,Normal,1,0.136306,0.262934,KNOWN
BoT-IoT,test,6432,DDoS,1,0.044086,0.262934,KNOWN
BoT-IoT,test,6433,DoS,1,0.017456,0.262934,KNOWN
BoT-IoT,test,6434,DDoS,1,0.031502,0.262934,KNOWN
BoT-IoT,test,6435,DoS,1,0.005708,0.262934,KNOWN
BoT-IoT,test,6436,DDoS,1,0.044715,0.262934,KNOWN
BoT-IoT,test,6437,DoS,1,0.045558,0.262934,KNOWN
BoT-IoT,test,6438,DDoS,1,0.082092,0.262934,KNOWN
BoT-IoT,test,6439,DoS,1,0.043464,0.262934,KNOWN
BoT-IoT,test,6440,DoS,1,0.024369,0.262934,KNOWN
BoT-IoT,test,6441,DoS,1,0.006769,0.262934,KNOWN
BoT-IoT,test,6442,DoS,1,0.018737,0.262934,KNOWN
BoT-IoT,test,6443,DDoS,1,0.010128,0.262934,KNOWN
BoT-IoT,test,6444,DoS,1,0.067595,0.262934,KNOWN
BoT-IoT,test,6445,DoS,1,0.024919,0.262934,KNOWN
BoT-IoT,test,6446,DoS,1,0.013807,0.262934,KNOWN
BoT-IoT,test,6447,Normal,1,0.007587,0.262934,KNOWN
BoT-IoT,test,6448,DDoS,1,0.00758,0.262934,KNOWN
BoT-IoT,test,6449,DoS,1,0.009687,0.262934,KNOWN
BoT-IoT,test,6450,DoS,1,0.103171,0.262934,KNOWN
BoT-IoT,test,6451,DDoS,1,0.275633,0.262934,ZERO_DAY
BoT-IoT,test,6452,DoS,1,0.058404,0.262934,KNOWN
BoT-IoT,test,6453,DoS,1,0.154806,0.262934,KNOWN
BoT-IoT,test,6454,DoS,1,0.178414,0.262934,KNOWN
BoT-IoT,test,6455,DDoS,1,0.335741,0.262934,ZERO_DAY
BoT-IoT,test,6456,DDoS,1,0.106834,0.262934,KNOWN
BoT-IoT,test,6457,DoS,1,0.045304,0.262934,KNOWN
BoT-IoT,test,6458,DDoS,1,0.018237,0.262934,KNOWN
BoT-IoT,test,6459,DDoS,1,0.175306,0.262934,KNOWN
BoT-IoT,test,6460,DDoS,1,0.255441,0.262934,KNOWN
BoT-IoT,test,6461,DDoS,1,0.203479,0.262934,KNOWN
BoT-IoT,test,6462,DoS,1,0.213207,0.262934,KNOWN
BoT-IoT,test,6463,DDoS,1,0.014801,0.262934,KNOWN
BoT-IoT,test,6464,DDoS,1,0.129898,0.262934,KNOWN
BoT-IoT,test,6465,DoS,1,0.012513,0.262934,KNOWN
BoT-IoT,test,6466,DoS,1,0.156149,0.262934,KNOWN
BoT-IoT,test,6467,Normal,1,0.126513,0.262934,KNOWN
BoT-IoT,test,6468,DoS,1,0.027664,0.262934,KNOWN
BoT-IoT,test,6469,DoS,1,0.031998,0.262934,KNOWN
BoT-IoT,test,6470,DoS,1,0.018743,0.262934,KNOWN
BoT-IoT,test,6471,DDoS,1,0.228184,0.262934,KNOWN
BoT-IoT,test,6472,DoS,1,0.190532,0.262934,KNOWN
BoT-IoT,test,6473,DDoS,1,0.210757,0.262934,KNOWN
BoT-IoT,test,6474,DDoS,1,0.022988,0.262934,KNOWN
BoT-IoT,test,6475,DDoS,1,0.015679,0.262934,KNOWN
BoT-IoT,test,6476,DDoS,1,0.031796,0.262934,KNOWN
BoT-IoT,test,6477,DDoS,1,0.041464,0.262934,KNOWN
BoT-IoT,test,6478,DoS,1,0.105774,0.262934,KNOWN
BoT-IoT,test,6479,DoS,1,0.097914,0.262934,KNOWN
BoT-IoT,test,6480,DoS,1,0.004325,0.262934,KNOWN
BoT-IoT,test,6481,DDoS,1,0.193583,0.262934,KNOWN
BoT-IoT,test,6482,DoS,1,0.038343,0.262934,KNOWN
BoT-IoT,test,6483,DoS,1,0.165297,0.262934,KNOWN
BoT-IoT,test,6484,DoS,1,0.455875,0.262934,ZERO_DAY
BoT-IoT,test,6485,DDoS,1,0.172409,0.262934,KNOWN
BoT-IoT,test,6486,DoS,1,0.248265,0.262934,KNOWN
BoT-IoT,test,6487,DDoS,1,0.024312,0.262934,KNOWN
BoT-IoT,test,6488,DDoS,1,0.044407,0.262934,KNOWN
BoT-IoT,test,6489,DoS,1,0.150855,0.262934,KNOWN
BoT-IoT,test,6490,DDoS,1,0.12692,0.262934,KNOWN
BoT-IoT,test,6491,DoS,1,0.144684,0.262934,KNOWN
BoT-IoT,test,6492,DDoS,1,0.037408,0.262934,KNOWN
BoT-IoT,test,6493,DDoS,1,0.089513,0.262934,KNOWN
BoT-IoT,test,6494,DoS,1,0.167489,0.262934,KNOWN
BoT-IoT,test,6495,Normal,1,0.08927,0.262934,KNOWN
BoT-IoT,test,6496,DDoS,1,0.048452,0.262934,KNOWN
BoT-IoT,test,6497,DoS,1,0.009124,0.262934,KNOWN
BoT-IoT,test,6498,Normal,1,0.196859,0.262934,KNOWN
BoT-IoT,test,6499,DDoS,1,0.074442,0.262934,KNOWN
BoT-IoT,test,6500,DDoS,1,0.03807,0.262934,KNOWN
BoT-IoT,test,6501,DoS,1,0.03368,0.262934,KNOWN
BoT-IoT,test,6502,DDoS,1,0.319406,0.262934,ZERO_DAY
BoT-IoT,test,6503,DDoS,1,0.192582,0.262934,KNOWN
BoT-IoT,test,6504,DDoS,1,0.45015,0.262934,ZERO_DAY
BoT-IoT,test,6505,DoS,1,0.425586,0.262934,ZERO_DAY
BoT-IoT,test,6506,DDoS,1,0.16573,0.262934,KNOWN
BoT-IoT,test,6507,Normal,1,0.169181,0.262934,KNOWN
BoT-IoT,test,6508,DoS,1,0.169772,0.262934,KNOWN
BoT-IoT,test,6509,DDoS,1,0.140752,0.262934,KNOWN
BoT-IoT,test,6510,DoS,1,0.180391,0.262934,KNOWN
BoT-IoT,test,6511,Normal,1,0.223072,0.262934,KNOWN
BoT-IoT,test,6512,DoS,1,0.069058,0.262934,KNOWN
BoT-IoT,test,6513,DDoS,1,0.13192,0.262934,KNOWN
BoT-IoT,test,6514,DoS,1,0.093117,0.262934,KNOWN
BoT-IoT,test,6515,DoS,1,0.022998,0.262934,KNOWN
BoT-IoT,test,6516,DDoS,1,0.182765,0.262934,KNOWN
BoT-IoT,test,6517,DDoS,1,0.172635,0.262934,KNOWN
BoT-IoT,test,6518,DoS,1,0.02886,0.262934,KNOWN
BoT-IoT,test,6519,DoS,1,0.275202,0.262934,ZERO_DAY
BoT-IoT,test,6520,DoS,1,0.303589,0.262934,ZERO_DAY
BoT-IoT,test,6521,DoS,1,0.078667,0.262934,KNOWN
BoT-IoT,test,6522,DoS,1,0.316914,0.262934,ZERO_DAY
BoT-IoT,test,6523,DDoS,1,0.010099,0.262934,KNOWN
BoT-IoT,test,6524,DoS,1,0.022318,0.262934,KNOWN
BoT-IoT,test,6525,DoS,1,0.077553,0.262934,KNOWN
BoT-IoT,test,6526,DDoS,1,0.224259,0.262934,KNOWN
BoT-IoT,test,6527,DoS,1,0.054863,0.262934,KNOWN
BoT-IoT,test,6528,DoS,1,0.051733,0.262934,KNOWN
BoT-IoT,test,6529,DDoS,1,0.029257,0.262934,KNOWN
BoT-IoT,test,6530,Normal,1,0.093204,0.262934,KNOWN
BoT-IoT,test,6531,DDoS,1,0.129045,0.262934,KNOWN
BoT-IoT,test,6532,DoS,1,0.112573,0.262934,KNOWN
BoT-IoT,test,6533,DoS,1,0.153515,0.262934,KNOWN
BoT-IoT,test,6534,DDoS,1,0.147773,0.262934,KNOWN
BoT-IoT,test,6535,DDoS,1,0.154816,0.262934,KNOWN
BoT-IoT,test,6536,Normal,1,0.027547,0.262934,KNOWN
BoT-IoT,test,6537,Normal,1,0.014056,0.262934,KNOWN
BoT-IoT,test,6538,DoS,1,0.102313,0.262934,KNOWN
BoT-IoT,test,6539,DDoS,1,0.10426,0.262934,KNOWN
BoT-IoT,test,6540,DoS,1,0.055621,0.262934,KNOWN
BoT-IoT,test,6541,DoS,1,0.070725,0.262934,KNOWN
BoT-IoT,test,6542,DoS,1,0.173461,0.262934,KNOWN
BoT-IoT,test,6543,DDoS,1,0.009927,0.262934,KNOWN
BoT-IoT,test,6544,DDoS,1,0.124672,0.262934,KNOWN
BoT-IoT,test,6545,DDoS,1,0.279781,0.262934,ZERO_DAY
BoT-IoT,test,6546,DoS,1,0.132873,0.262934,KNOWN
BoT-IoT,test,6547,DoS,1,0.184244,0.262934,KNOWN
BoT-IoT,test,6548,DDoS,1,0.017574,0.262934,KNOWN
BoT-IoT,test,6549,DDoS,1,0.011373,0.262934,KNOWN
BoT-IoT,test,6550,DDoS,1,0.21724,0.262934,KNOWN
BoT-IoT,test,6551,DoS,1,0.026827,0.262934,KNOWN
BoT-IoT,test,6552,DoS,1,0.222227,0.262934,KNOWN
BoT-IoT,test,6553,DoS,1,0.192812,0.262934,KNOWN
BoT-IoT,test,6554,DDoS,1,0.252016,0.262934,KNOWN
BoT-IoT,test,6555,DoS,1,0.072092,0.262934,KNOWN
BoT-IoT,test,6556,DDoS,1,0.078754,0.262934,KNOWN
BoT-IoT,test,6557,DDoS,1,0.175719,0.262934,KNOWN
BoT-IoT,test,6558,DoS,1,0.006029,0.262934,KNOWN
BoT-IoT,test,6559,DoS,1,0.263566,0.262934,ZERO_DAY
BoT-IoT,test,6560,DoS,1,0.037275,0.262934,KNOWN
BoT-IoT,test,6561,DoS,1,0.076537,0.262934,KNOWN
BoT-IoT,test,6562,DoS,1,0.039245,0.262934,KNOWN
BoT-IoT,test,6563,DDoS,1,0.059977,0.262934,KNOWN
BoT-IoT,test,6564,DoS,1,0.031246,0.262934,KNOWN
BoT-IoT,test,6565,DDoS,1,0.055487,0.262934,KNOWN
BoT-IoT,test,6566,DDoS,1,0.197791,0.262934,KNOWN
BoT-IoT,test,6567,DDoS,1,0.252829,0.262934,KNOWN
BoT-IoT,test,6568,DoS,1,0.055581,0.262934,KNOWN
BoT-IoT,test,6569,DoS,1,0.389608,0.262934,ZERO_DAY
BoT-IoT,test,6570,DDoS,1,0.088908,0.262934,KNOWN
BoT-IoT,test,6571,DDoS,1,0.007325,0.262934,KNOWN
BoT-IoT,test,6572,DDoS,1,0.058077,0.262934,KNOWN
BoT-IoT,test,6573,DoS,1,0.188588,0.262934,KNOWN
BoT-IoT,test,6574,DDoS,1,0.059431,0.262934,KNOWN
BoT-IoT,test,6575,DoS,1,0.132945,0.262934,KNOWN
BoT-IoT,test,6576,DoS,1,0.074795,0.262934,KNOWN
BoT-IoT,test,6577,DoS,1,0.055938,0.262934,KNOWN
BoT-IoT,test,6578,DoS,1,0.005628,0.262934,KNOWN
BoT-IoT,test,6579,DoS,1,0.01515,0.262934,KNOWN
BoT-IoT,test,6580,DDoS,1,0.334798,0.262934,ZERO_DAY
BoT-IoT,test,6581,DDoS,1,0.049385,0.262934,KNOWN
BoT-IoT,test,6582,DDoS,1,0.017399,0.262934,KNOWN
BoT-IoT,test,6583,DDoS,1,0.075039,0.262934,KNOWN
BoT-IoT,test,6584,DoS,1,0.105076,0.262934,KNOWN
BoT-IoT,test,6585,DDoS,1,0.162635,0.262934,KNOWN
BoT-IoT,test,6586,DDoS,1,0.201997,0.262934,KNOWN
BoT-IoT,test,6587,DoS,1,0.10813,0.262934,KNOWN
BoT-IoT,test,6588,DDoS,1,0.063157,0.262934,KNOWN
BoT-IoT,test,6589,DDoS,1,0.240191,0.262934,KNOWN
BoT-IoT,test,6590,DoS,1,0.143372,0.262934,KNOWN
BoT-IoT,test,6591,DoS,1,0.082292,0.262934,KNOWN
BoT-IoT,test,6592,DoS,1,0.08556,0.262934,KNOWN
BoT-IoT,test,6593,DDoS,1,0.051181,0.262934,KNOWN
BoT-IoT,test,6594,DoS,1,0.423258,0.262934,ZERO_DAY
BoT-IoT,test,6595,DDoS,1,0.156639,0.262934,KNOWN
BoT-IoT,test,6596,DoS,1,0.166662,0.262934,KNOWN
BoT-IoT,test,6597,DDoS,1,0.137093,0.262934,KNOWN
BoT-IoT,test,6598,DDoS,1,0.000954,0.262934,KNOWN
BoT-IoT,test,6599,Reconnaissance,1,0.010946,0.262934,KNOWN
BoT-IoT,test,6600,Normal,1,0.031213,0.262934,KNOWN
BoT-IoT,test,6601,DDoS,1,0.202391,0.262934,KNOWN
BoT-IoT,test,6602,DDoS,1,0.022178,0.262934,KNOWN
BoT-IoT,test,6603,Reconnaissance,1,0.12927,0.262934,KNOWN
BoT-IoT,test,6604,DoS,1,0.155431,0.262934,KNOWN
BoT-IoT,test,6605,DDoS,1,0.133802,0.262934,KNOWN
BoT-IoT,test,6606,DDoS,1,0.231656,0.262934,KNOWN
BoT-IoT,test,6607,DoS,1,0.107387,0.262934,KNOWN
BoT-IoT,test,6608,DoS,1,0.076574,0.262934,KNOWN
BoT-IoT,test,6609,DDoS,1,0.012683,0.262934,KNOWN
BoT-IoT,test,6610,DDoS,1,0.017208,0.262934,KNOWN
BoT-IoT,test,6611,DoS,1,0.120407,0.262934,KNOWN
BoT-IoT,test,6612,DDoS,1,0.202365,0.262934,KNOWN
BoT-IoT,test,6613,DDoS,1,0.004326,0.262934,KNOWN
BoT-IoT,test,6614,DDoS,1,0.097387,0.262934,KNOWN
BoT-IoT,test,6615,DDoS,1,0.013751,0.262934,KNOWN
BoT-IoT,test,6616,DDoS,1,0.233934,0.262934,KNOWN
BoT-IoT,test,6617,DoS,1,0.020319,0.262934,KNOWN
BoT-IoT,test,6618,DDoS,1,0.015637,0.262934,KNOWN
BoT-IoT,test,6619,DoS,1,0.126619,0.262934,KNOWN
BoT-IoT,test,6620,DDoS,1,0.006414,0.262934,KNOWN
BoT-IoT,test,6621,DoS,1,0.049647,0.262934,KNOWN
BoT-IoT,test,6622,DoS,1,0.010827,0.262934,KNOWN
BoT-IoT,test,6623,DDoS,1,0.103489,0.262934,KNOWN
BoT-IoT,test,6624,Reconnaissance,1,0.044882,0.262934,KNOWN
BoT-IoT,test,6625,DDoS,1,0.090633,0.262934,KNOWN
BoT-IoT,test,6626,Normal,1,0.032091,0.262934,KNOWN
BoT-IoT,test,6627,DDoS,1,0.078357,0.262934,KNOWN
BoT-IoT,test,6628,DoS,1,0.065928,0.262934,KNOWN
BoT-IoT,test,6629,DoS,1,0.014701,0.262934,KNOWN
BoT-IoT,test,6630,DoS,1,0.25796,0.262934,KNOWN
BoT-IoT,test,6631,DoS,1,0.087216,0.262934,KNOWN
BoT-IoT,test,6632,DDoS,1,0.004591,0.262934,KNOWN
BoT-IoT,test,6633,DDoS,1,0.082557,0.262934,KNOWN
BoT-IoT,test,6634,DDoS,1,0.015963,0.262934,KNOWN
BoT-IoT,test,6635,Reconnaissance,1,0.024049,0.262934,KNOWN
BoT-IoT,test,6636,DoS,1,0.069411,0.262934,KNOWN
BoT-IoT,test,6637,DDoS,1,0.014742,0.262934,KNOWN
BoT-IoT,test,6638,DDoS,1,0.017911,0.262934,KNOWN
BoT-IoT,test,6639,DDoS,1,0.063053,0.262934,KNOWN
BoT-IoT,test,6640,DoS,1,0.044492,0.262934,KNOWN
BoT-IoT,test,6641,DDoS,1,0.050851,0.262934,KNOWN
BoT-IoT,test,6642,DDoS,1,0.148944,0.262934,KNOWN
BoT-IoT,test,6643,DDoS,1,0.047314,0.262934,KNOWN
BoT-IoT,test,6644,DDoS,1,0.173003,0.262934,KNOWN
BoT-IoT,test,6645,DoS,1,0.113928,0.262934,KNOWN
BoT-IoT,test,6646,DoS,1,0.081238,0.262934,KNOWN
BoT-IoT,test,6647,DDoS,1,0.090818,0.262934,KNOWN
BoT-IoT,test,6648,DDoS,1,0.032268,0.262934,KNOWN
BoT-IoT,test,6649,DoS,1,0.047986,0.262934,KNOWN
BoT-IoT,test,6650,DDoS,1,0.225441,0.262934,KNOWN
BoT-IoT,test,6651,DoS,1,0.093631,0.262934,KNOWN
BoT-IoT,test,6652,DoS,1,0.005316,0.262934,KNOWN
BoT-IoT,test,6653,DoS,1,0.19396,0.262934,KNOWN
BoT-IoT,test,6654,DoS,1,0.184801,0.262934,KNOWN
BoT-IoT,test,6655,DDoS,1,0.040962,0.262934,KNOWN
BoT-IoT,test,6656,DDoS,1,0.250327,0.262934,KNOWN
BoT-IoT,test,6657,Normal,1,0.069765,0.262934,KNOWN
BoT-IoT,test,6658,DoS,1,0.007745,0.262934,KNOWN
BoT-IoT,test,6659,DDoS,1,0.034114,0.262934,KNOWN
BoT-IoT,test,6660,DoS,1,0.008323,0.262934,KNOWN
BoT-IoT,test,6661,DDoS,1,0.063448,0.262934,KNOWN
BoT-IoT,test,6662,DDoS,1,0.000981,0.262934,KNOWN
BoT-IoT,test,6663,DDoS,1,0.076061,0.262934,KNOWN
BoT-IoT,test,6664,DDoS,1,0.004084,0.262934,KNOWN
BoT-IoT,test,6665,DoS,1,0.051315,0.262934,KNOWN
BoT-IoT,test,6666,DDoS,1,0.040423,0.262934,KNOWN
BoT-IoT,test,6667,DDoS,1,0.032833,0.262934,KNOWN
BoT-IoT,test,6668,DoS,1,0.05681,0.262934,KNOWN
BoT-IoT,test,6669,DoS,1,0.102504,0.262934,KNOWN
BoT-IoT,test,6670,DDoS,1,0.209044,0.262934,KNOWN
BoT-IoT,test,6671,DDoS,1,0.056606,0.262934,KNOWN
BoT-IoT,test,6672,DoS,1,0.056489,0.262934,KNOWN
BoT-IoT,test,6673,DDoS,1,0.191012,0.262934,KNOWN
BoT-IoT,test,6674,DDoS,1,0.041667,0.262934,KNOWN
BoT-IoT,test,6675,DoS,1,0.044934,0.262934,KNOWN
BoT-IoT,test,6676,DoS,1,0.043308,0.262934,KNOWN
BoT-IoT,test,6677,DDoS,1,0.117809,0.262934,KNOWN
BoT-IoT,test,6678,DoS,1,0.200556,0.262934,KNOWN
BoT-IoT,test,6679,DDoS,1,0.213038,0.262934,KNOWN
BoT-IoT,test,6680,DDoS,1,0.158926,0.262934,KNOWN
BoT-IoT,test,6681,DDoS,1,0.03544,0.262934,KNOWN
BoT-IoT,test,6682,DoS,1,0.190612,0.262934,KNOWN
BoT-IoT,test,6683,DoS,1,0.063451,0.262934,KNOWN
BoT-IoT,test,6684,DoS,1,0.052929,0.262934,KNOWN
BoT-IoT,test,6685,DoS,1,0.011177,0.262934,KNOWN
BoT-IoT,test,6686,DDoS,1,0.078203,0.262934,KNOWN
BoT-IoT,test,6687,DoS,1,0.020733,0.262934,KNOWN
BoT-IoT,test,6688,DDoS,1,0.057161,0.262934,KNOWN
BoT-IoT,test,6689,DoS,1,0.108553,0.262934,KNOWN
BoT-IoT,test,6690,Reconnaissance,1,0.095071,0.262934,KNOWN
BoT-IoT,test,6691,DoS,1,0.019616,0.262934,KNOWN
BoT-IoT,test,6692,DoS,1,0.235818,0.262934,KNOWN
BoT-IoT,test,6693,DDoS,1,0.037934,0.262934,KNOWN
BoT-IoT,test,6694,DoS,1,0.108936,0.262934,KNOWN
BoT-IoT,test,6695,DDoS,1,0.102057,0.262934,KNOWN
BoT-IoT,test,6696,DoS,1,0.05659,0.262934,KNOWN
BoT-IoT,test,6697,DDoS,1,0.07462,0.262934,KNOWN
BoT-IoT,test,6698,DoS,1,0.002581,0.262934,KNOWN
BoT-IoT,test,6699,DoS,1,0.154371,0.262934,KNOWN
BoT-IoT,test,6700,DoS,1,0.115007,0.262934,KNOWN
BoT-IoT,test,6701,DDoS,1,0.235501,0.262934,KNOWN
BoT-IoT,test,6702,DoS,1,0.015995,0.262934,KNOWN
BoT-IoT,test,6703,DoS,1,0.038423,0.262934,KNOWN
BoT-IoT,test,6704,Normal,1,0.063251,0.262934,KNOWN
BoT-IoT,test,6705,DDoS,1,0.059446,0.262934,KNOWN
BoT-IoT,test,6706,DDoS,1,0.192083,0.262934,KNOWN
BoT-IoT,test,6707,DDoS,1,0.007037,0.262934,KNOWN
BoT-IoT,test,6708,DoS,1,0.011258,0.262934,KNOWN
BoT-IoT,test,6709,DDoS,1,0.135776,0.262934,KNOWN
BoT-IoT,test,6710,DoS,1,0.092422,0.262934,KNOWN
BoT-IoT,test,6711,DoS,1,0.028759,0.262934,KNOWN
BoT-IoT,test,6712,DDoS,1,0.010918,0.262934,KNOWN
BoT-IoT,test,6713,DDoS,1,0.211743,0.262934,KNOWN
BoT-IoT,test,6714,DDoS,1,0.098984,0.262934,KNOWN
BoT-IoT,test,6715,DDoS,1,0.153037,0.262934,KNOWN
BoT-IoT,test,6716,DDoS,1,0.024779,0.262934,KNOWN
BoT-IoT,test,6717,DDoS,1,0.000559,0.262934,KNOWN
BoT-IoT,test,6718,DDoS,1,0.038785,0.262934,KNOWN
BoT-IoT,test,6719,DoS,1,0.079841,0.262934,KNOWN
BoT-IoT,test,6720,DDoS,1,0.05531,0.262934,KNOWN
BoT-IoT,test,6721,Reconnaissance,1,0.271127,0.262934,ZERO_DAY
BoT-IoT,test,6722,DDoS,1,0.069632,0.262934,KNOWN
BoT-IoT,test,6723,DoS,1,0.11111,0.262934,KNOWN
BoT-IoT,test,6724,DoS,1,0.069959,0.262934,KNOWN
BoT-IoT,test,6725,DDoS,1,0.000544,0.262934,KNOWN
BoT-IoT,test,6726,DoS,1,0.048259,0.262934,KNOWN
BoT-IoT,test,6727,DDoS,1,0.07789,0.262934,KNOWN
BoT-IoT,test,6728,DoS,1,0.141354,0.262934,KNOWN
BoT-IoT,test,6729,DoS,1,0.078601,0.262934,KNOWN
BoT-IoT,test,6730,DDoS,1,0.132044,0.262934,KNOWN
BoT-IoT,test,6731,DoS,1,0.014009,0.262934,KNOWN
BoT-IoT,test,6732,Reconnaissance,1,0.104803,0.262934,KNOWN
BoT-IoT,test,6733,DDoS,1,0.299772,0.262934,ZERO_DAY
BoT-IoT,test,6734,DoS,1,0.177397,0.262934,KNOWN
BoT-IoT,test,6735,DoS,1,0.00493,0.262934,KNOWN
BoT-IoT,test,6736,DoS,1,0.10074,0.262934,KNOWN
BoT-IoT,test,6737,DDoS,1,0.107232,0.262934,KNOWN
BoT-IoT,test,6738,DoS,1,0.080946,0.262934,KNOWN
BoT-IoT,test,6739,DoS,1,0.18014,0.262934,KNOWN
BoT-IoT,test,6740,DDoS,1,0.071835,0.262934,KNOWN
BoT-IoT,test,6741,DDoS,1,0.19542,0.262934,KNOWN
BoT-IoT,test,6742,DoS,1,0.109389,0.262934,KNOWN
BoT-IoT,test,6743,DDoS,1,0.085597,0.262934,KNOWN
BoT-IoT,test,6744,DoS,1,0.07926,0.262934,KNOWN
BoT-IoT,test,6745,DoS,1,0.035325,0.262934,KNOWN
BoT-IoT,test,6746,DDoS,1,0.014689,0.262934,KNOWN
BoT-IoT,test,6747,DoS,1,0.029251,0.262934,KNOWN
BoT-IoT,test,6748,DoS,1,0.092686,0.262934,KNOWN
BoT-IoT,test,6749,DDoS,1,0.014826,0.262934,KNOWN
BoT-IoT,test,6750,DDoS,1,0.032904,0.262934,KNOWN
BoT-IoT,test,6751,DDoS,1,0.102063,0.262934,KNOWN
BoT-IoT,test,6752,DDoS,1,0.027259,0.262934,KNOWN
BoT-IoT,test,6753,Normal,1,0.109956,0.262934,KNOWN
BoT-IoT,test,6754,DoS,1,0.148107,0.262934,KNOWN
BoT-IoT,test,6755,DDoS,1,0.115525,0.262934,KNOWN
BoT-IoT,test,6756,DDoS,1,0.191771,0.262934,KNOWN
BoT-IoT,test,6757,DDoS,1,0.027467,0.262934,KNOWN
BoT-IoT,test,6758,DDoS,1,0.153332,0.262934,KNOWN
BoT-IoT,test,6759,DoS,1,0.021248,0.262934,KNOWN
BoT-IoT,test,6760,DDoS,1,0.046485,0.262934,KNOWN
BoT-IoT,test,6761,DoS,1,0.049157,0.262934,KNOWN
BoT-IoT,test,6762,DoS,1,0.005773,0.262934,KNOWN
BoT-IoT,test,6763,DDoS,1,0.096089,0.262934,KNOWN
BoT-IoT,test,6764,DoS,1,0.048765,0.262934,KNOWN
BoT-IoT,test,6765,DDoS,1,0.08211,0.262934,KNOWN
BoT-IoT,test,6766,DoS,1,0.110369,0.262934,KNOWN
BoT-IoT,test,6767,DDoS,1,0.166116,0.262934,KNOWN
BoT-IoT,test,6768,DDoS,1,0.159425,0.262934,KNOWN
BoT-IoT,test,6769,Reconnaissance,1,0.172117,0.262934,KNOWN
BoT-IoT,test,6770,DoS,1,0.003953,0.262934,KNOWN
BoT-IoT,test,6771,DDoS,1,0.026225,0.262934,KNOWN
BoT-IoT,test,6772,DDoS,1,0.129565,0.262934,KNOWN
BoT-IoT,test,6773,DDoS,1,0.194991,0.262934,KNOWN
BoT-IoT,test,6774,DoS,1,0.212167,0.262934,KNOWN
BoT-IoT,test,6775,DDoS,1,0.454881,0.262934,ZERO_DAY
BoT-IoT,test,6776,DoS,1,0.248433,0.262934,KNOWN
BoT-IoT,test,6777,DoS,1,0.038911,0.262934,KNOWN
BoT-IoT,test,6778,DDoS,1,0.151248,0.262934,KNOWN
BoT-IoT,test,6779,DDoS,1,0.16093,0.262934,KNOWN
BoT-IoT,test,6780,DoS,1,0.03088,0.262934,KNOWN
BoT-IoT,test,6781,DoS,1,0.098752,0.262934,KNOWN
BoT-IoT,test,6782,DoS,1,0.062714,0.262934,KNOWN
BoT-IoT,test,6783,DoS,1,0.093304,0.262934,KNOWN
BoT-IoT,test,6784,DDoS,1,0.027917,0.262934,KNOWN
BoT-IoT,test,6785,DDoS,1,0.136415,0.262934,KNOWN
BoT-IoT,test,6786,DDoS,1,0.032279,0.262934,KNOWN
BoT-IoT,test,6787,DoS,1,0.046402,0.262934,KNOWN
BoT-IoT,test,6788,DoS,1,0.062932,0.262934,KNOWN
BoT-IoT,test,6789,DDoS,1,0.085536,0.262934,KNOWN
BoT-IoT,test,6790,DoS,1,0.079108,0.262934,KNOWN
BoT-IoT,test,6791,DDoS,1,0.019857,0.262934,KNOWN
BoT-IoT,test,6792,DDoS,1,0.099485,0.262934,KNOWN
BoT-IoT,test,6793,DDoS,1,0.148692,0.262934,KNOWN
BoT-IoT,test,6794,DoS,1,0.070471,0.262934,KNOWN
BoT-IoT,test,6795,DDoS,1,0.086923,0.262934,KNOWN
BoT-IoT,test,6796,DoS,1,0.145562,0.262934,KNOWN
BoT-IoT,test,6797,DoS,1,0.10991,0.262934,KNOWN
BoT-IoT,test,6798,DoS,1,0.200282,0.262934,KNOWN
BoT-IoT,test,6799,DDoS,1,0.01823,0.262934,KNOWN
BoT-IoT,test,6800,DoS,1,0.023575,0.262934,KNOWN
BoT-IoT,test,6801,DoS,1,0.157562,0.262934,KNOWN
BoT-IoT,test,6802,DoS,1,0.026315,0.262934,KNOWN
BoT-IoT,test,6803,DoS,1,0.058258,0.262934,KNOWN
BoT-IoT,test,6804,DDoS,1,0.085557,0.262934,KNOWN
BoT-IoT,test,6805,DDoS,1,0.099801,0.262934,KNOWN
BoT-IoT,test,6806,DoS,1,0.04546,0.262934,KNOWN
BoT-IoT,test,6807,DoS,1,0.298129,0.262934,ZERO_DAY
BoT-IoT,test,6808,Reconnaissance,1,0.154395,0.262934,KNOWN
BoT-IoT,test,6809,DoS,1,0.015948,0.262934,KNOWN
BoT-IoT,test,6810,DoS,1,0.049144,0.262934,KNOWN
BoT-IoT,test,6811,DoS,1,0.039187,0.262934,KNOWN
BoT-IoT,test,6812,DoS,1,0.140847,0.262934,KNOWN
BoT-IoT,test,6813,DDoS,1,0.249266,0.262934,KNOWN
BoT-IoT,test,6814,DoS,1,0.281896,0.262934,ZERO_DAY
BoT-IoT,test,6815,DDoS,1,0.022436,0.262934,KNOWN
BoT-IoT,test,6816,Normal,1,0.30064,0.262934,ZERO_DAY
BoT-IoT,test,6817,DDoS,1,0.056715,0.262934,KNOWN
BoT-IoT,test,6818,DDoS,1,0.053667,0.262934,KNOWN
BoT-IoT,test,6819,DDoS,1,0.210333,0.262934,KNOWN
BoT-IoT,test,6820,DDoS,1,0.051143,0.262934,KNOWN
BoT-IoT,test,6821,DDoS,1,0.005181,0.262934,KNOWN
BoT-IoT,test,6822,DDoS,1,0.091011,0.262934,KNOWN
BoT-IoT,test,6823,DDoS,1,0.105844,0.262934,KNOWN
BoT-IoT,test,6824,DoS,1,0.126209,0.262934,KNOWN
BoT-IoT,test,6825,Reconnaissance,1,0.101229,0.262934,KNOWN
BoT-IoT,test,6826,DDoS,1,0.148828,0.262934,KNOWN
BoT-IoT,test,6827,DoS,1,0.047196,0.262934,KNOWN
BoT-IoT,test,6828,DDoS,1,0.066662,0.262934,KNOWN
BoT-IoT,test,6829,DDoS,1,0.087249,0.262934,KNOWN
BoT-IoT,test,6830,DDoS,1,0.088677,0.262934,KNOWN
BoT-IoT,test,6831,DDoS,1,0.053552,0.262934,KNOWN
BoT-IoT,test,6832,DoS,1,0.102665,0.262934,KNOWN
BoT-IoT,test,6833,DoS,1,0.147052,0.262934,KNOWN
BoT-IoT,test,6834,DDoS,1,0.04595,0.262934,KNOWN
BoT-IoT,test,6835,DDoS,1,0.03637,0.262934,KNOWN
BoT-IoT,test,6836,DoS,1,0.167375,0.262934,KNOWN
BoT-IoT,test,6837,DoS,1,0.073948,0.262934,KNOWN
BoT-IoT,test,6838,DoS,1,0.037647,0.262934,KNOWN
BoT-IoT,test,6839,DoS,1,0.139223,0.262934,KNOWN
BoT-IoT,test,6840,DDoS,1,0.10287,0.262934,KNOWN
BoT-IoT,test,6841,DoS,1,0.065212,0.262934,KNOWN
BoT-IoT,test,6842,Normal,1,0.075823,0.262934,KNOWN
BoT-IoT,test,6843,DoS,1,0.01356,0.262934,KNOWN
BoT-IoT,test,6844,DoS,1,0.093478,0.262934,KNOWN
BoT-IoT,test,6845,DDoS,1,0.102364,0.262934,KNOWN
BoT-IoT,test,6846,DDoS,1,0.049719,0.262934,KNOWN
BoT-IoT,test,6847,DoS,1,0.09461,0.262934,KNOWN
BoT-IoT,test,6848,DoS,1,0.151055,0.262934,KNOWN
BoT-IoT,test,6849,DDoS,1,0.030805,0.262934,KNOWN
BoT-IoT,test,6850,DDoS,1,0.029038,0.262934,KNOWN
BoT-IoT,test,6851,DoS,1,0.067196,0.262934,KNOWN
BoT-IoT,test,6852,DoS,1,0.264263,0.262934,ZERO_DAY
BoT-IoT,test,6853,DDoS,1,0.122955,0.262934,KNOWN
BoT-IoT,test,6854,DDoS,1,0.016637,0.262934,KNOWN
BoT-IoT,test,6855,DoS,1,0.177906,0.262934,KNOWN
BoT-IoT,test,6856,DDoS,1,0.012425,0.262934,KNOWN
BoT-IoT,test,6857,DoS,1,0.087232,0.262934,KNOWN
BoT-IoT,test,6858,DDoS,1,0.025149,0.262934,KNOWN
BoT-IoT,test,6859,DoS,1,0.079001,0.262934,KNOWN
BoT-IoT,test,6860,DDoS,1,0.123715,0.262934,KNOWN
BoT-IoT,test,6861,DDoS,1,0.269461,0.262934,ZERO_DAY
BoT-IoT,test,6862,DDoS,1,0.117874,0.262934,KNOWN
BoT-IoT,test,6863,DDoS,1,0.086544,0.262934,KNOWN
BoT-IoT,test,6864,DoS,1,0.079159,0.262934,KNOWN
BoT-IoT,test,6865,DDoS,1,0.084705,0.262934,KNOWN
BoT-IoT,test,6866,DoS,1,0.052586,0.262934,KNOWN
BoT-IoT,test,6867,Normal,1,0.007386,0.262934,KNOWN
BoT-IoT,test,6868,DDoS,1,0.099574,0.262934,KNOWN
BoT-IoT,test,6869,DDoS,1,0.106547,0.262934,KNOWN
BoT-IoT,test,6870,DoS,1,0.201466,0.262934,KNOWN
BoT-IoT,test,6871,DDoS,1,0.081542,0.262934,KNOWN
BoT-IoT,test,6872,DDoS,1,0.007052,0.262934,KNOWN
BoT-IoT,test,6873,DoS,1,0.014386,0.262934,KNOWN
BoT-IoT,test,6874,DDoS,1,0.006147,0.262934,KNOWN
BoT-IoT,test,6875,DoS,1,0.031251,0.262934,KNOWN
BoT-IoT,test,6876,DDoS,1,0.050806,0.262934,KNOWN
BoT-IoT,test,6877,DoS,1,0.025685,0.262934,KNOWN
BoT-IoT,test,6878,DDoS,1,0.140417,0.262934,KNOWN
BoT-IoT,test,6879,DDoS,1,0.106243,0.262934,KNOWN
BoT-IoT,test,6880,DoS,1,0.186359,0.262934,KNOWN
BoT-IoT,test,6881,DDoS,1,0.233854,0.262934,KNOWN
BoT-IoT,test,6882,DoS,1,0.061142,0.262934,KNOWN
BoT-IoT,test,6883,DDoS,1,0.078667,0.262934,KNOWN
BoT-IoT,test,6884,DDoS,1,0.11715,0.262934,KNOWN
BoT-IoT,test,6885,DDoS,1,0.327351,0.262934,ZERO_DAY
BoT-IoT,test,6886,DDoS,1,0.199024,0.262934,KNOWN
BoT-IoT,test,6887,DoS,1,0.05442,0.262934,KNOWN
BoT-IoT,test,6888,DoS,1,0.037574,0.262934,KNOWN
BoT-IoT,test,6889,DoS,1,0.241622,0.262934,KNOWN
BoT-IoT,test,6890,DDoS,1,0.073426,0.262934,KNOWN
BoT-IoT,test,6891,DoS,1,0.048734,0.262934,KNOWN
BoT-IoT,test,6892,DoS,1,0.137865,0.262934,KNOWN
BoT-IoT,test,6893,DDoS,1,0.150754,0.262934,KNOWN
BoT-IoT,test,6894,DDoS,1,0.096308,0.262934,KNOWN
BoT-IoT,test,6895,DoS,1,0.204414,0.262934,KNOWN
BoT-IoT,test,6896,DDoS,1,0.094528,0.262934,KNOWN
BoT-IoT,test,6897,DDoS,1,0.061403,0.262934,KNOWN
BoT-IoT,test,6898,DDoS,1,0.007201,0.262934,KNOWN
BoT-IoT,test,6899,DDoS,1,0.007997,0.262934,KNOWN
BoT-IoT,test,6900,DoS,1,0.13951,0.262934,KNOWN
BoT-IoT,test,6901,DoS,1,0.043065,0.262934,KNOWN
BoT-IoT,test,6902,DoS,1,0.160753,0.262934,KNOWN
BoT-IoT,test,6903,DDoS,1,0.058073,0.262934,KNOWN
BoT-IoT,test,6904,DoS,1,0.020332,0.262934,KNOWN
BoT-IoT,test,6905,DDoS,1,0.349832,0.262934,ZERO_DAY
BoT-IoT,test,6906,DDoS,1,0.308382,0.262934,ZERO_DAY
BoT-IoT,test,6907,DoS,1,0.050341,0.262934,KNOWN
BoT-IoT,test,6908,DDoS,1,0.184717,0.262934,KNOWN
BoT-IoT,test,6909,DDoS,1,0.060537,0.262934,KNOWN
BoT-IoT,test,6910,DoS,1,0.039494,0.262934,KNOWN
BoT-IoT,test,6911,DDoS,1,0.152343,0.262934,KNOWN
BoT-IoT,test,6912,DoS,1,0.266707,0.262934,ZERO_DAY
BoT-IoT,test,6913,DDoS,1,0.088731,0.262934,KNOWN
BoT-IoT,test,6914,DDoS,1,0.176308,0.262934,KNOWN
BoT-IoT,test,6915,DoS,1,0.114895,0.262934,KNOWN
BoT-IoT,test,6916,DoS,1,0.029549,0.262934,KNOWN
BoT-IoT,test,6917,DoS,1,0.049842,0.262934,KNOWN
BoT-IoT,test,6918,DDoS,1,0.127565,0.262934,KNOWN
BoT-IoT,test,6919,DDoS,1,0.031613,0.262934,KNOWN
BoT-IoT,test,6920,DoS,1,0.119067,0.262934,KNOWN
BoT-IoT,test,6921,DoS,1,0.260567,0.262934,KNOWN
BoT-IoT,test,6922,DoS,1,0.040136,0.262934,KNOWN
BoT-IoT,test,6923,DDoS,1,0.090861,0.262934,KNOWN
BoT-IoT,test,6924,DDoS,1,0.147736,0.262934,KNOWN
BoT-IoT,test,6925,DDoS,1,0.04644,0.262934,KNOWN
BoT-IoT,test,6926,DDoS,1,0.126405,0.262934,KNOWN
BoT-IoT,test,6927,DDoS,1,0.177947,0.262934,KNOWN
BoT-IoT,test,6928,Normal,1,0.068148,0.262934,KNOWN
BoT-IoT,test,6929,Reconnaissance,1,0.048023,0.262934,KNOWN
BoT-IoT,test,6930,DDoS,1,0.026143,0.262934,KNOWN
BoT-IoT,test,6931,DDoS,1,0.093203,0.262934,KNOWN
BoT-IoT,test,6932,DDoS,1,0.057193,0.262934,KNOWN
BoT-IoT,test,6933,DoS,1,0.036811,0.262934,KNOWN
BoT-IoT,test,6934,DDoS,1,0.031135,0.262934,KNOWN
BoT-IoT,test,6935,DoS,1,0.155687,0.262934,KNOWN
BoT-IoT,test,6936,DDoS,1,0.010896,0.262934,KNOWN
BoT-IoT,test,6937,DoS,1,0.155281,0.262934,KNOWN
BoT-IoT,test,6938,DoS,1,0.113905,0.262934,KNOWN
BoT-IoT,test,6939,DDoS,1,0.012548,0.262934,KNOWN
BoT-IoT,test,6940,DDoS,1,0.129693,0.262934,KNOWN
BoT-IoT,test,6941,DDoS,1,0.060979,0.262934,KNOWN
BoT-IoT,test,6942,Normal,1,0.013255,0.262934,KNOWN
BoT-IoT,test,6943,DDoS,1,0.047331,0.262934,KNOWN
BoT-IoT,test,6944,DoS,1,0.103738,0.262934,KNOWN
BoT-IoT,test,6945,DoS,1,0.211379,0.262934,KNOWN
BoT-IoT,test,6946,DDoS,1,0.046622,0.262934,KNOWN
BoT-IoT,test,6947,DDoS,1,0.070777,0.262934,KNOWN
BoT-IoT,test,6948,DDoS,1,0.018696,0.262934,KNOWN
BoT-IoT,test,6949,DDoS,1,0.070865,0.262934,KNOWN
BoT-IoT,test,6950,DDoS,1,0.052563,0.262934,KNOWN
BoT-IoT,test,6951,DDoS,1,0.302686,0.262934,ZERO_DAY
BoT-IoT,test,6952,Normal,1,0.03536,0.262934,KNOWN
BoT-IoT,test,6953,DoS,1,0.117283,0.262934,KNOWN
BoT-IoT,test,6954,DDoS,1,0.031827,0.262934,KNOWN
BoT-IoT,test,6955,DDoS,1,0.114089,0.262934,KNOWN
BoT-IoT,test,6956,DDoS,1,0.026683,0.262934,KNOWN
BoT-IoT,test,6957,DoS,1,0.074666,0.262934,KNOWN
BoT-IoT,test,6958,DoS,1,0.060317,0.262934,KNOWN
BoT-IoT,test,6959,DDoS,1,0.123991,0.262934,KNOWN
BoT-IoT,test,6960,DDoS,1,0.136919,0.262934,KNOWN
BoT-IoT,test,6961,DDoS,1,0.054947,0.262934,KNOWN
BoT-IoT,test,6962,DoS,1,0.076637,0.262934,KNOWN
BoT-IoT,test,6963,DoS,1,0.161279,0.262934,KNOWN
BoT-IoT,test,6964,DDoS,1,0.237621,0.262934,KNOWN
BoT-IoT,test,6965,DoS,1,0.013775,0.262934,KNOWN
BoT-IoT,test,6966,DDoS,1,0.04255,0.262934,KNOWN
BoT-IoT,test,6967,DDoS,1,0.290495,0.262934,ZERO_DAY
BoT-IoT,test,6968,DDoS,1,0.048338,0.262934,KNOWN
BoT-IoT,test,6969,DDoS,1,0.038282,0.262934,KNOWN
BoT-IoT,test,6970,DoS,1,0.058135,0.262934,KNOWN
BoT-IoT,test,6971,DDoS,1,0.042113,0.262934,KNOWN
BoT-IoT,test,6972,DDoS,1,0.017648,0.262934,KNOWN
BoT-IoT,test,6973,DDoS,1,0.188902,0.262934,KNOWN
BoT-IoT,test,6974,DDoS,1,0.035215,0.262934,KNOWN
BoT-IoT,test,6975,DoS,1,0.09662,0.262934,KNOWN
BoT-IoT,test,6976,DoS,1,0.2074,0.262934,KNOWN
BoT-IoT,test,6977,DDoS,1,0.032142,0.262934,KNOWN
BoT-IoT,test,6978,DDoS,1,0.073339,0.262934,KNOWN
BoT-IoT,test,6979,DoS,1,0.021907,0.262934,KNOWN
BoT-IoT,test,6980,DDoS,1,0.015369,0.262934,KNOWN
BoT-IoT,test,6981,DDoS,1,0.026128,0.262934,KNOWN
BoT-IoT,test,6982,DoS,1,0.003294,0.262934,KNOWN
BoT-IoT,test,6983,DoS,1,0.098756,0.262934,KNOWN
BoT-IoT,test,6984,DoS,1,0.100826,0.262934,KNOWN
BoT-IoT,test,6985,DDoS,1,0.085295,0.262934,KNOWN
BoT-IoT,test,6986,DoS,1,0.113069,0.262934,KNOWN
BoT-IoT,test,6987,DDoS,1,0.038085,0.262934,KNOWN
BoT-IoT,test,6988,DoS,1,0.075578,0.262934,KNOWN
BoT-IoT,test,6989,DoS,1,0.140019,0.262934,KNOWN
BoT-IoT,test,6990,DoS,1,0.028009,0.262934,KNOWN
BoT-IoT,test,6991,Reconnaissance,1,0.3038,0.262934,ZERO_DAY
BoT-IoT,test,6992,DoS,1,0.059284,0.262934,KNOWN
BoT-IoT,test,6993,DDoS,1,0.045698,0.262934,KNOWN
BoT-IoT,test,6994,DDoS,1,0.072817,0.262934,KNOWN
BoT-IoT,test,6995,DDoS,1,0.10542,0.262934,KNOWN
BoT-IoT,test,6996,DoS,1,0.167942,0.262934,KNOWN
BoT-IoT,test,6997,DDoS,1,0.182839,0.262934,KNOWN
BoT-IoT,test,6998,DoS,1,0.005509,0.262934,KNOWN
BoT-IoT,test,6999,DDoS,1,0.109525,0.262934,KNOWN
BoT-IoT,test,7000,DoS,1,0.124058,0.262934,KNOWN
BoT-IoT,test,7001,DDoS,1,0.076222,0.262934,KNOWN
BoT-IoT,test,7002,DDoS,1,0.221046,0.262934,KNOWN
BoT-IoT,test,7003,DoS,1,0.361981,0.262934,ZERO_DAY
BoT-IoT,test,7004,DDoS,1,0.118908,0.262934,KNOWN
BoT-IoT,test,7005,DoS,1,0.018885,0.262934,KNOWN
BoT-IoT,test,7006,DDoS,1,0.096501,0.262934,KNOWN
BoT-IoT,test,7007,DDoS,1,0.040645,0.262934,KNOWN
BoT-IoT,test,7008,DDoS,1,0.057027,0.262934,KNOWN
BoT-IoT,test,7009,DoS,1,0.032845,0.262934,KNOWN
BoT-IoT,test,7010,DoS,1,0.047519,0.262934,KNOWN
BoT-IoT,test,7011,DDoS,1,0.066497,0.262934,KNOWN
BoT-IoT,test,7012,DoS,1,0.00935,0.262934,KNOWN
BoT-IoT,test,7013,DDoS,1,0.006834,0.262934,KNOWN
BoT-IoT,test,7014,DDoS,1,0.240347,0.262934,KNOWN
BoT-IoT,test,7015,DoS,1,0.055075,0.262934,KNOWN
BoT-IoT,test,7016,DoS,1,0.202112,0.262934,KNOWN
BoT-IoT,test,7017,DoS,1,0.019131,0.262934,KNOWN
BoT-IoT,test,7018,DDoS,1,0.129145,0.262934,KNOWN
BoT-IoT,test,7019,DDoS,1,0.128944,0.262934,KNOWN
BoT-IoT,test,7020,DoS,1,0.066163,0.262934,KNOWN
BoT-IoT,test,7021,DDoS,1,0.148285,0.262934,KNOWN
BoT-IoT,test,7022,DDoS,1,0.154298,0.262934,KNOWN
BoT-IoT,test,7023,DDoS,1,0.071378,0.262934,KNOWN
BoT-IoT,test,7024,DDoS,1,0.162048,0.262934,KNOWN
BoT-IoT,test,7025,DDoS,1,0.023471,0.262934,KNOWN
BoT-IoT,test,7026,DDoS,1,0.311612,0.262934,ZERO_DAY
BoT-IoT,test,7027,DDoS,1,0.014011,0.262934,KNOWN
BoT-IoT,test,7028,DDoS,1,0.060894,0.262934,KNOWN
BoT-IoT,test,7029,DDoS,1,0.089812,0.262934,KNOWN
BoT-IoT,test,7030,DoS,1,0.000279,0.262934,KNOWN
BoT-IoT,test,7031,DDoS,1,0.144684,0.262934,KNOWN
BoT-IoT,test,7032,DoS,1,0.108776,0.262934,KNOWN
BoT-IoT,test,7033,DoS,1,0.083568,0.262934,KNOWN
BoT-IoT,test,7034,DDoS,1,0.423034,0.262934,ZERO_DAY
BoT-IoT,test,7035,DoS,1,0.004976,0.262934,KNOWN
BoT-IoT,test,7036,DoS,1,0.012981,0.262934,KNOWN
BoT-IoT,test,7037,DDoS,1,0.026162,0.262934,KNOWN
BoT-IoT,test,7038,DoS,1,0.023506,0.262934,KNOWN
BoT-IoT,test,7039,DoS,1,0.104305,0.262934,KNOWN
BoT-IoT,test,7040,DDoS,1,0.05456,0.262934,KNOWN
BoT-IoT,test,7041,DoS,1,0.348358,0.262934,ZERO_DAY
BoT-IoT,test,7042,DDoS,1,0.05122,0.262934,KNOWN
BoT-IoT,test,7043,DDoS,1,0.00678,0.262934,KNOWN
BoT-IoT,test,7044,DoS,1,0.374398,0.262934,ZERO_DAY
BoT-IoT,test,7045,DDoS,1,0.169876,0.262934,KNOWN
BoT-IoT,test,7046,Reconnaissance,1,0.091866,0.262934,KNOWN
BoT-IoT,test,7047,DDoS,1,0.058883,0.262934,KNOWN
BoT-IoT,test,7048,DDoS,1,0.086114,0.262934,KNOWN
BoT-IoT,test,7049,DDoS,1,0.01635,0.262934,KNOWN
BoT-IoT,test,7050,DoS,1,0.103893,0.262934,KNOWN
BoT-IoT,test,7051,DoS,1,0.01138,0.262934,KNOWN
BoT-IoT,test,7052,DoS,1,0.116715,0.262934,KNOWN
BoT-IoT,test,7053,DDoS,1,0.150992,0.262934,KNOWN
BoT-IoT,test,7054,DDoS,1,0.166322,0.262934,KNOWN
BoT-IoT,test,7055,DDoS,1,0.067953,0.262934,KNOWN
BoT-IoT,test,7056,DDoS,1,0.013767,0.262934,KNOWN
BoT-IoT,test,7057,DoS,1,0.013237,0.262934,KNOWN
BoT-IoT,test,7058,DDoS,1,0.212714,0.262934,KNOWN
BoT-IoT,test,7059,DoS,1,0.148776,0.262934,KNOWN
BoT-IoT,test,7060,DoS,1,0.036394,0.262934,KNOWN
BoT-IoT,test,7061,DDoS,1,0.223983,0.262934,KNOWN
BoT-IoT,test,7062,DDoS,1,0.137154,0.262934,KNOWN
BoT-IoT,test,7063,DoS,1,0.166253,0.262934,KNOWN
BoT-IoT,test,7064,DoS,1,0.122207,0.262934,KNOWN
BoT-IoT,test,7065,DoS,1,0.04777,0.262934,KNOWN
BoT-IoT,test,7066,DDoS,1,0.09063,0.262934,KNOWN
BoT-IoT,test,7067,DoS,1,0.050619,0.262934,KNOWN
BoT-IoT,test,7068,DoS,1,0.031451,0.262934,KNOWN
BoT-IoT,test,7069,DDoS,1,0.246501,0.262934,KNOWN
BoT-IoT,test,7070,Reconnaissance,1,0.005868,0.262934,KNOWN
BoT-IoT,test,7071,DDoS,1,0.118264,0.262934,KNOWN
BoT-IoT,test,7072,DDoS,1,0.172324,0.262934,KNOWN
BoT-IoT,test,7073,DoS,1,0.075869,0.262934,KNOWN
BoT-IoT,test,7074,DDoS,1,0.007496,0.262934,KNOWN
BoT-IoT,test,7075,DDoS,1,0.048974,0.262934,KNOWN
BoT-IoT,test,7076,DDoS,1,0.129238,0.262934,KNOWN
BoT-IoT,test,7077,DoS,1,0.055112,0.262934,KNOWN
BoT-IoT,test,7078,DoS,1,0.173542,0.262934,KNOWN
BoT-IoT,test,7079,Reconnaissance,1,0.024297,0.262934,KNOWN
BoT-IoT,test,7080,DoS,1,0.319995,0.262934,ZERO_DAY
BoT-IoT,test,7081,DDoS,1,0.234879,0.262934,KNOWN
BoT-IoT,test,7082,DDoS,1,0.070489,0.262934,KNOWN
BoT-IoT,test,7083,DoS,1,0.17219,0.262934,KNOWN
BoT-IoT,test,7084,DoS,1,0.165314,0.262934,KNOWN
BoT-IoT,test,7085,DoS,1,0.129861,0.262934,KNOWN
BoT-IoT,test,7086,DoS,1,0.018108,0.262934,KNOWN
BoT-IoT,test,7087,DDoS,1,0.062151,0.262934,KNOWN
BoT-IoT,test,7088,DDoS,1,0.293127,0.262934,ZERO_DAY
BoT-IoT,test,7089,DoS,1,0.228301,0.262934,KNOWN
BoT-IoT,test,7090,DoS,1,0.218374,0.262934,KNOWN
BoT-IoT,test,7091,DoS,1,0.103153,0.262934,KNOWN
BoT-IoT,test,7092,DDoS,1,0.001534,0.262934,KNOWN
BoT-IoT,test,7093,DDoS,1,0.321365,0.262934,ZERO_DAY
BoT-IoT,test,7094,DDoS,1,0.111189,0.262934,KNOWN
BoT-IoT,test,7095,DDoS,1,0.220772,0.262934,KNOWN
BoT-IoT,test,7096,DoS,1,0.153758,0.262934,KNOWN
BoT-IoT,test,7097,DoS,1,0.042205,0.262934,KNOWN
BoT-IoT,test,7098,DDoS,1,0.060612,0.262934,KNOWN
BoT-IoT,test,7099,DDoS,1,0.006892,0.262934,KNOWN
BoT-IoT,test,7100,DoS,1,0.057048,0.262934,KNOWN
BoT-IoT,test,7101,DDoS,1,0.090477,0.262934,KNOWN
BoT-IoT,test,7102,DoS,1,0.000607,0.262934,KNOWN
BoT-IoT,test,7103,DoS,1,0.018912,0.262934,KNOWN
BoT-IoT,test,7104,DDoS,1,0.055437,0.262934,KNOWN
BoT-IoT,test,7105,DDoS,1,0.065237,0.262934,KNOWN
BoT-IoT,test,7106,DDoS,1,0.10574,0.262934,KNOWN
BoT-IoT,test,7107,DoS,1,0.127042,0.262934,KNOWN
BoT-IoT,test,7108,DDoS,1,0.141673,0.262934,KNOWN
BoT-IoT,test,7109,DoS,1,0.024194,0.262934,KNOWN
BoT-IoT,test,7110,DoS,1,0.113675,0.262934,KNOWN
BoT-IoT,test,7111,Normal,1,0.082601,0.262934,KNOWN
BoT-IoT,test,7112,DDoS,1,0.077314,0.262934,KNOWN
BoT-IoT,test,7113,DoS,1,0.028925,0.262934,KNOWN
BoT-IoT,test,7114,DDoS,1,0.056252,0.262934,KNOWN
BoT-IoT,test,7115,DDoS,1,0.132684,0.262934,KNOWN
BoT-IoT,test,7116,DDoS,1,0.049535,0.262934,KNOWN
BoT-IoT,test,7117,DDoS,1,0.149247,0.262934,KNOWN
BoT-IoT,test,7118,DDoS,1,0.117074,0.262934,KNOWN
BoT-IoT,test,7119,DDoS,1,0.086146,0.262934,KNOWN
BoT-IoT,test,7120,DDoS,1,0.32335,0.262934,ZERO_DAY
BoT-IoT,test,7121,DoS,1,0.120208,0.262934,KNOWN
BoT-IoT,test,7122,DoS,1,0.048581,0.262934,KNOWN
BoT-IoT,test,7123,DoS,1,0.208164,0.262934,KNOWN
BoT-IoT,test,7124,Normal,1,0.107774,0.262934,KNOWN
BoT-IoT,test,7125,DoS,1,0.163489,0.262934,KNOWN
BoT-IoT,test,7126,DDoS,1,0.077236,0.262934,KNOWN
BoT-IoT,test,7127,DDoS,1,0.080494,0.262934,KNOWN
BoT-IoT,test,7128,DoS,1,0.032753,0.262934,KNOWN
BoT-IoT,test,7129,DDoS,1,0.028551,0.262934,KNOWN
BoT-IoT,test,7130,DoS,1,0.092318,0.262934,KNOWN
BoT-IoT,test,7131,DoS,1,0.049304,0.262934,KNOWN
BoT-IoT,test,7132,DoS,1,0.289736,0.262934,ZERO_DAY
BoT-IoT,test,7133,DDoS,1,0.006262,0.262934,KNOWN
BoT-IoT,test,7134,DDoS,1,0.040943,0.262934,KNOWN
BoT-IoT,test,7135,DDoS,1,0.195788,0.262934,KNOWN
BoT-IoT,test,7136,Normal,1,0.249457,0.262934,KNOWN
BoT-IoT,test,7137,Reconnaissance,1,0.021157,0.262934,KNOWN
BoT-IoT,test,7138,DDoS,1,0.078943,0.262934,KNOWN
BoT-IoT,test,7139,DoS,1,0.107709,0.262934,KNOWN
BoT-IoT,test,7140,DDoS,1,0.243798,0.262934,KNOWN
BoT-IoT,test,7141,DDoS,1,0.098903,0.262934,KNOWN
BoT-IoT,test,7142,DDoS,1,0.022945,0.262934,KNOWN
BoT-IoT,test,7143,DoS,1,0.134681,0.262934,KNOWN
BoT-IoT,test,7144,DoS,1,0.323285,0.262934,ZERO_DAY
BoT-IoT,test,7145,DoS,1,0.22653,0.262934,KNOWN
BoT-IoT,test,7146,DoS,1,0.272366,0.262934,ZERO_DAY
BoT-IoT,test,7147,DDoS,1,0.055189,0.262934,KNOWN
BoT-IoT,test,7148,DDoS,1,0.13532,0.262934,KNOWN
BoT-IoT,test,7149,DDoS,1,0.226549,0.262934,KNOWN
BoT-IoT,test,7150,DDoS,1,0.112909,0.262934,KNOWN
BoT-IoT,test,7151,DoS,1,0.120985,0.262934,KNOWN
BoT-IoT,test,7152,DDoS,1,0.087216,0.262934,KNOWN
BoT-IoT,test,7153,DoS,1,0.029151,0.262934,KNOWN
BoT-IoT,test,7154,DoS,1,0.18682,0.262934,KNOWN
BoT-IoT,test,7155,DDoS,1,0.241355,0.262934,KNOWN
BoT-IoT,test,7156,DoS,1,0.171104,0.262934,KNOWN
BoT-IoT,test,7157,DDoS,1,0.118098,0.262934,KNOWN
BoT-IoT,test,7158,DDoS,1,0.153669,0.262934,KNOWN
BoT-IoT,test,7159,DoS,1,0.278287,0.262934,ZERO_DAY
BoT-IoT,test,7160,DDoS,1,0.17005,0.262934,KNOWN
BoT-IoT,test,7161,DDoS,1,0.043017,0.262934,KNOWN
BoT-IoT,test,7162,DoS,1,0.044275,0.262934,KNOWN
BoT-IoT,test,7163,DoS,1,0.182789,0.262934,KNOWN
BoT-IoT,test,7164,DDoS,1,0.092528,0.262934,KNOWN
BoT-IoT,test,7165,DoS,1,0.04417,0.262934,KNOWN
BoT-IoT,test,7166,DoS,1,0.134787,0.262934,KNOWN
BoT-IoT,test,7167,DoS,1,0.009422,0.262934,KNOWN
BoT-IoT,test,7168,DoS,1,0.10077,0.262934,KNOWN
BoT-IoT,test,7169,DDoS,1,0.106199,0.262934,KNOWN
BoT-IoT,test,7170,DDoS,1,0.178088,0.262934,KNOWN
BoT-IoT,test,7171,DDoS,1,0.020662,0.262934,KNOWN
BoT-IoT,test,7172,DDoS,1,0.068498,0.262934,KNOWN
BoT-IoT,test,7173,DoS,1,0.04633,0.262934,KNOWN
BoT-IoT,test,7174,DDoS,1,0.221922,0.262934,KNOWN
BoT-IoT,test,7175,DDoS,1,0.046141,0.262934,KNOWN
BoT-IoT,test,7176,DDoS,1,0.16159,0.262934,KNOWN
BoT-IoT,test,7177,DDoS,1,0.052853,0.262934,KNOWN
BoT-IoT,test,7178,Normal,1,0.106668,0.262934,KNOWN
BoT-IoT,test,7179,DoS,1,0.082451,0.262934,KNOWN
BoT-IoT,test,7180,DDoS,1,0.044288,0.262934,KNOWN
BoT-IoT,test,7181,DDoS,1,0.321051,0.262934,ZERO_DAY
BoT-IoT,test,7182,DDoS,1,0.151313,0.262934,KNOWN
BoT-IoT,test,7183,DoS,1,0.179103,0.262934,KNOWN
BoT-IoT,test,7184,DDoS,1,0.207832,0.262934,KNOWN
BoT-IoT,test,7185,DDoS,1,0.053201,0.262934,KNOWN
BoT-IoT,test,7186,DDoS,1,0.042762,0.262934,KNOWN
BoT-IoT,test,7187,DDoS,1,0.110822,0.262934,KNOWN
BoT-IoT,test,7188,DDoS,1,0.11207,0.262934,KNOWN
BoT-IoT,test,7189,DDoS,1,0.006666,0.262934,KNOWN
BoT-IoT,test,7190,DDoS,1,0.173975,0.262934,KNOWN
BoT-IoT,test,7191,DoS,1,0.082462,0.262934,KNOWN
BoT-IoT,test,7192,DoS,1,0.28885,0.262934,ZERO_DAY
BoT-IoT,test,7193,DDoS,1,0.052771,0.262934,KNOWN
BoT-IoT,test,7194,DoS,1,0.15983,0.262934,KNOWN
BoT-IoT,test,7195,DoS,1,0.280271,0.262934,ZERO_DAY
BoT-IoT,test,7196,DDoS,1,0.090313,0.262934,KNOWN
BoT-IoT,test,7197,DoS,1,0.025405,0.262934,KNOWN
BoT-IoT,test,7198,DoS,1,0.169079,0.262934,KNOWN
BoT-IoT,test,7199,DoS,1,0.102393,0.262934,KNOWN
BoT-IoT,test,7200,DoS,1,0.080133,0.262934,KNOWN
BoT-IoT,test,7201,DDoS,1,0.160371,0.262934,KNOWN
BoT-IoT,test,7202,DoS,1,0.092262,0.262934,KNOWN
BoT-IoT,test,7203,DoS,1,0.038933,0.262934,KNOWN
BoT-IoT,test,7204,DDoS,1,0.435663,0.262934,ZERO_DAY
BoT-IoT,test,7205,DoS,1,0.108244,0.262934,KNOWN
BoT-IoT,test,7206,DDoS,1,0.011414,0.262934,KNOWN
BoT-IoT,test,7207,DoS,1,0.148814,0.262934,KNOWN
BoT-IoT,test,7208,DDoS,1,0.096191,0.262934,KNOWN
BoT-IoT,test,7209,DDoS,1,0.053499,0.262934,KNOWN
BoT-IoT,test,7210,DDoS,1,0.084651,0.262934,KNOWN
BoT-IoT,test,7211,DoS,1,0.019591,0.262934,KNOWN
BoT-IoT,test,7212,DDoS,1,0.085263,0.262934,KNOWN
BoT-IoT,test,7213,DDoS,1,0.006986,0.262934,KNOWN
BoT-IoT,test,7214,DDoS,1,0.324195,0.262934,ZERO_DAY
BoT-IoT,test,7215,DoS,1,0.186006,0.262934,KNOWN
BoT-IoT,test,7216,DDoS,1,0.114273,0.262934,KNOWN
BoT-IoT,test,7217,DDoS,1,0.063553,0.262934,KNOWN
BoT-IoT,test,7218,DDoS,1,0.065426,0.262934,KNOWN
BoT-IoT,test,7219,DDoS,1,0.065951,0.262934,KNOWN
BoT-IoT,test,7220,Normal,1,0.057981,0.262934,KNOWN
BoT-IoT,test,7221,DoS,1,0.257516,0.262934,KNOWN
BoT-IoT,test,7222,DoS,1,0.228334,0.262934,KNOWN
BoT-IoT,test,7223,DoS,1,0.069718,0.262934,KNOWN
BoT-IoT,test,7224,DDoS,1,0.008306,0.262934,KNOWN
BoT-IoT,test,7225,DDoS,1,0.133793,0.262934,KNOWN
BoT-IoT,test,7226,DoS,1,0.158401,0.262934,KNOWN
BoT-IoT,test,7227,DDoS,1,0.076986,0.262934,KNOWN
BoT-IoT,test,7228,DoS,1,0.020492,0.262934,KNOWN
BoT-IoT,test,7229,Normal,1,0.131637,0.262934,KNOWN
BoT-IoT,test,7230,DDoS,1,0.00272,0.262934,KNOWN
BoT-IoT,test,7231,DoS,1,0.069962,0.262934,KNOWN
BoT-IoT,test,7232,Normal,1,0.052683,0.262934,KNOWN
BoT-IoT,test,7233,Normal,1,0.152791,0.262934,KNOWN
BoT-IoT,test,7234,DDoS,1,0.025718,0.262934,KNOWN
BoT-IoT,test,7235,DoS,1,0.084343,0.262934,KNOWN
BoT-IoT,test,7236,DDoS,1,0.096903,0.262934,KNOWN
BoT-IoT,test,7237,DDoS,1,0.082242,0.262934,KNOWN
BoT-IoT,test,7238,DoS,1,0.173065,0.262934,KNOWN
BoT-IoT,test,7239,DoS,1,0.084751,0.262934,KNOWN
BoT-IoT,test,7240,DDoS,1,0.05975,0.262934,KNOWN
BoT-IoT,test,7241,DoS,1,0.018329,0.262934,KNOWN
BoT-IoT,test,7242,DDoS,1,0.12437,0.262934,KNOWN
BoT-IoT,test,7243,DDoS,1,0.067869,0.262934,KNOWN
BoT-IoT,test,7244,DDoS,1,0.265186,0.262934,ZERO_DAY
BoT-IoT,test,7245,DDoS,1,0.050174,0.262934,KNOWN
BoT-IoT,test,7246,Normal,1,0.09918,0.262934,KNOWN
BoT-IoT,test,7247,DoS,1,0.030237,0.262934,KNOWN
BoT-IoT,test,7248,DoS,1,0.026266,0.262934,KNOWN
BoT-IoT,test,7249,DDoS,1,0.221633,0.262934,KNOWN
BoT-IoT,test,7250,DDoS,1,0.018636,0.262934,KNOWN
BoT-IoT,test,7251,DoS,1,0.136569,0.262934,KNOWN
BoT-IoT,test,7252,DoS,1,0.024178,0.262934,KNOWN
BoT-IoT,test,7253,DDoS,1,0.017397,0.262934,KNOWN
BoT-IoT,test,7254,DoS,1,0.066632,0.262934,KNOWN
BoT-IoT,test,7255,DoS,1,0.049394,0.262934,KNOWN
BoT-IoT,test,7256,DoS,1,0.104859,0.262934,KNOWN
BoT-IoT,test,7257,DDoS,1,0.295973,0.262934,ZERO_DAY
BoT-IoT,test,7258,DoS,1,0.015832,0.262934,KNOWN
BoT-IoT,test,7259,DoS,1,0.091674,0.262934,KNOWN
BoT-IoT,test,7260,DoS,1,0.014206,0.262934,KNOWN
BoT-IoT,test,7261,DDoS,1,0.061606,0.262934,KNOWN
BoT-IoT,test,7262,DoS,1,0.077703,0.262934,KNOWN
BoT-IoT,test,7263,DDoS,1,0.038619,0.262934,KNOWN
BoT-IoT,test,7264,DoS,1,0.000529,0.262934,KNOWN
BoT-IoT,test,7265,DoS,1,0.013234,0.262934,KNOWN
BoT-IoT,test,7266,DDoS,1,0.010973,0.262934,KNOWN
BoT-IoT,test,7267,DoS,1,0.18405,0.262934,KNOWN
BoT-IoT,test,7268,DoS,1,0.039394,0.262934,KNOWN
BoT-IoT,test,7269,Normal,1,0.041121,0.262934,KNOWN
BoT-IoT,test,7270,DoS,1,0.002919,0.262934,KNOWN
BoT-IoT,test,7271,Normal,1,0.061571,0.262934,KNOWN
BoT-IoT,test,7272,DDoS,1,0.047175,0.262934,KNOWN
BoT-IoT,test,7273,DoS,1,0.003399,0.262934,KNOWN
BoT-IoT,test,7274,DoS,1,0.021134,0.262934,KNOWN
BoT-IoT,test,7275,DoS,1,0.054555,0.262934,KNOWN
BoT-IoT,test,7276,DDoS,1,0.010494,0.262934,KNOWN
BoT-IoT,test,7277,Normal,1,0.270416,0.262934,ZERO_DAY
BoT-IoT,test,7278,DoS,1,0.119203,0.262934,KNOWN
BoT-IoT,test,7279,DDoS,1,0.080495,0.262934,KNOWN
BoT-IoT,test,7280,DDoS,1,0.154361,0.262934,KNOWN
BoT-IoT,test,7281,DoS,1,0.032872,0.262934,KNOWN
BoT-IoT,test,7282,Normal,1,0.024847,0.262934,KNOWN
BoT-IoT,test,7283,DDoS,1,0.030605,0.262934,KNOWN
BoT-IoT,test,7284,DDoS,1,0.06764,0.262934,KNOWN
BoT-IoT,test,7285,DoS,1,0.089669,0.262934,KNOWN
BoT-IoT,test,7286,DDoS,1,0.210531,0.262934,KNOWN
BoT-IoT,test,7287,DoS,1,0.165221,0.262934,KNOWN
BoT-IoT,test,7288,DoS,1,0.072612,0.262934,KNOWN
BoT-IoT,test,7289,DDoS,1,0.046533,0.262934,KNOWN
BoT-IoT,test,7290,DDoS,1,0.287351,0.262934,ZERO_DAY
BoT-IoT,test,7291,DoS,1,0.140352,0.262934,KNOWN
BoT-IoT,test,7292,DoS,1,0.284193,0.262934,ZERO_DAY
BoT-IoT,test,7293,DoS,1,0.13692,0.262934,KNOWN
BoT-IoT,test,7294,DoS,1,0.02329,0.262934,KNOWN
BoT-IoT,test,7295,Reconnaissance,1,0.207078,0.262934,KNOWN
BoT-IoT,test,7296,DoS,1,0.197348,0.262934,KNOWN
BoT-IoT,test,7297,DoS,1,0.078614,0.262934,KNOWN
BoT-IoT,test,7298,DoS,1,0.026672,0.262934,KNOWN
BoT-IoT,test,7299,DoS,1,0.066601,0.262934,KNOWN
BoT-IoT,test,7300,DoS,1,0.359427,0.262934,ZERO_DAY
BoT-IoT,test,7301,Normal,1,0.013934,0.262934,KNOWN
BoT-IoT,test,7302,DoS,1,0.097017,0.262934,KNOWN
BoT-IoT,test,7303,DDoS,1,0.023689,0.262934,KNOWN
BoT-IoT,test,7304,DDoS,1,0.019233,0.262934,KNOWN
BoT-IoT,test,7305,DDoS,1,0.141214,0.262934,KNOWN
BoT-IoT,test,7306,Normal,1,0.048629,0.262934,KNOWN
BoT-IoT,test,7307,DoS,1,0.068266,0.262934,KNOWN
BoT-IoT,test,7308,DDoS,1,0.132495,0.262934,KNOWN
BoT-IoT,test,7309,DoS,1,0.069643,0.262934,KNOWN
BoT-IoT,test,7310,DDoS,1,0.032484,0.262934,KNOWN
BoT-IoT,test,7311,DDoS,1,0.016554,0.262934,KNOWN
BoT-IoT,test,7312,DoS,1,0.128536,0.262934,KNOWN
BoT-IoT,test,7313,DDoS,1,0.143001,0.262934,KNOWN
BoT-IoT,test,7314,DoS,1,0.018002,0.262934,KNOWN
BoT-IoT,test,7315,DoS,1,0.009666,0.262934,KNOWN
BoT-IoT,test,7316,Normal,1,0.100897,0.262934,KNOWN
BoT-IoT,test,7317,DoS,1,0.100746,0.262934,KNOWN
BoT-IoT,test,7318,DoS,1,0.080463,0.262934,KNOWN
BoT-IoT,test,7319,DoS,1,0.181567,0.262934,KNOWN
BoT-IoT,test,7320,DoS,1,0.014185,0.262934,KNOWN
BoT-IoT,test,7321,DDoS,1,0.238874,0.262934,KNOWN
BoT-IoT,test,7322,DoS,1,0.18973,0.262934,KNOWN
BoT-IoT,test,7323,DDoS,1,0.147286,0.262934,KNOWN
BoT-IoT,test,7324,DoS,1,0.003326,0.262934,KNOWN
BoT-IoT,test,7325,DDoS,1,0.01474,0.262934,KNOWN
BoT-IoT,test,7326,DoS,1,0.225607,0.262934,KNOWN
BoT-IoT,test,7327,DDoS,1,0.036809,0.262934,KNOWN
BoT-IoT,test,7328,DDoS,1,0.155701,0.262934,KNOWN
BoT-IoT,test,7329,DDoS,1,0.058646,0.262934,KNOWN
BoT-IoT,test,7330,DoS,1,0.0386,0.262934,KNOWN
BoT-IoT,test,7331,DoS,1,0.021309,0.262934,KNOWN
BoT-IoT,test,7332,DoS,1,0.002162,0.262934,KNOWN
BoT-IoT,test,7333,DoS,1,0.020388,0.262934,KNOWN
BoT-IoT,test,7334,DDoS,1,0.021687,0.262934,KNOWN
BoT-IoT,test,7335,DDoS,1,0.172708,0.262934,KNOWN
BoT-IoT,test,7336,DoS,1,0.070764,0.262934,KNOWN
BoT-IoT,test,7337,DDoS,1,0.01165,0.262934,KNOWN
BoT-IoT,test,7338,DDoS,1,0.295868,0.262934,ZERO_DAY
BoT-IoT,test,7339,DoS,1,0.071631,0.262934,KNOWN
BoT-IoT,test,7340,DoS,1,0.031516,0.262934,KNOWN
BoT-IoT,test,7341,DDoS,1,0.032877,0.262934,KNOWN
BoT-IoT,test,7342,DoS,1,0.100613,0.262934,KNOWN
BoT-IoT,test,7343,DDoS,1,0.210643,0.262934,KNOWN
BoT-IoT,test,7344,DDoS,1,0.114312,0.262934,KNOWN
BoT-IoT,test,7345,DoS,1,0.022972,0.262934,KNOWN
BoT-IoT,test,7346,DoS,1,0.20108,0.262934,KNOWN
BoT-IoT,test,7347,DDoS,1,0.278017,0.262934,ZERO_DAY
BoT-IoT,test,7348,DoS,1,0.16474,0.262934,KNOWN
BoT-IoT,test,7349,DoS,1,0.138331,0.262934,KNOWN
BoT-IoT,test,7350,DoS,1,0.101816,0.262934,KNOWN
BoT-IoT,test,7351,DoS,1,0.063966,0.262934,KNOWN
BoT-IoT,test,7352,DDoS,1,0.068833,0.262934,KNOWN
BoT-IoT,test,7353,DoS,1,0.089104,0.262934,KNOWN
BoT-IoT,test,7354,DDoS,1,0.03696,0.262934,KNOWN
BoT-IoT,test,7355,Normal,1,0.071807,0.262934,KNOWN
BoT-IoT,test,7356,DoS,1,0.319349,0.262934,ZERO_DAY
BoT-IoT,test,7357,DoS,1,0.221343,0.262934,KNOWN
BoT-IoT,test,7358,DDoS,1,0.095375,0.262934,KNOWN
BoT-IoT,test,7359,DDoS,1,0.046883,0.262934,KNOWN
BoT-IoT,test,7360,DDoS,1,0.150668,0.262934,KNOWN
BoT-IoT,test,7361,DoS,1,0.03578,0.262934,KNOWN
BoT-IoT,test,7362,DDoS,1,0.142279,0.262934,KNOWN
BoT-IoT,test,7363,DDoS,1,0.14718,0.262934,KNOWN
BoT-IoT,test,7364,DDoS,1,0.048239,0.262934,KNOWN
BoT-IoT,test,7365,DDoS,1,0.140808,0.262934,KNOWN
BoT-IoT,test,7366,DoS,1,0.011314,0.262934,KNOWN
BoT-IoT,test,7367,DoS,1,0.075234,0.262934,KNOWN
BoT-IoT,test,7368,DDoS,1,0.127744,0.262934,KNOWN
BoT-IoT,test,7369,DDoS,1,0.107495,0.262934,KNOWN
BoT-IoT,test,7370,DoS,1,0.137233,0.262934,KNOWN
BoT-IoT,test,7371,DDoS,1,0.022345,0.262934,KNOWN
BoT-IoT,test,7372,DDoS,1,0.013946,0.262934,KNOWN
BoT-IoT,test,7373,DoS,1,0.200799,0.262934,KNOWN
BoT-IoT,test,7374,DoS,1,0.166534,0.262934,KNOWN
BoT-IoT,test,7375,DDoS,1,0.153102,0.262934,KNOWN
BoT-IoT,test,7376,DDoS,1,0.088969,0.262934,KNOWN
BoT-IoT,test,7377,DoS,1,0.042555,0.262934,KNOWN
BoT-IoT,test,7378,DoS,1,0.235818,0.262934,KNOWN
BoT-IoT,test,7379,DDoS,1,0.057331,0.262934,KNOWN
BoT-IoT,test,7380,DDoS,1,0.071147,0.262934,KNOWN
BoT-IoT,test,7381,DDoS,1,0.035179,0.262934,KNOWN
BoT-IoT,test,7382,DoS,1,0.012463,0.262934,KNOWN
BoT-IoT,test,7383,DDoS,1,0.401273,0.262934,ZERO_DAY
BoT-IoT,test,7384,DoS,1,0.145688,0.262934,KNOWN
BoT-IoT,test,7385,DoS,1,0.629815,0.262934,ZERO_DAY
BoT-IoT,test,7386,DDoS,1,0.06615,0.262934,KNOWN
BoT-IoT,test,7387,DDoS,1,0.152536,0.262934,KNOWN
BoT-IoT,test,7388,DoS,1,0.190421,0.262934,KNOWN
BoT-IoT,test,7389,Normal,1,0.194727,0.262934,KNOWN
BoT-IoT,test,7390,DDoS,1,0.188907,0.262934,KNOWN
BoT-IoT,test,7391,DDoS,1,0.021344,0.262934,KNOWN
BoT-IoT,test,7392,DDoS,1,0.004893,0.262934,KNOWN
BoT-IoT,test,7393,DDoS,1,0.010447,0.262934,KNOWN
BoT-IoT,test,7394,DoS,1,0.171618,0.262934,KNOWN
BoT-IoT,test,7395,Reconnaissance,1,0.03519,0.262934,KNOWN
BoT-IoT,test,7396,Reconnaissance,1,0.101034,0.262934,KNOWN
BoT-IoT,test,7397,DoS,1,0.132796,0.262934,KNOWN
BoT-IoT,test,7398,DoS,1,0.256242,0.262934,KNOWN
BoT-IoT,test,7399,DDoS,1,0.055954,0.262934,KNOWN
BoT-IoT,test,7400,DDoS,1,0.302841,0.262934,ZERO_DAY
BoT-IoT,test,7401,DDoS,1,0.016879,0.262934,KNOWN
BoT-IoT,test,7402,DDoS,1,0.030456,0.262934,KNOWN
BoT-IoT,test,7403,DoS,1,0.029427,0.262934,KNOWN
BoT-IoT,test,7404,DDoS,1,0.073677,0.262934,KNOWN
BoT-IoT,test,7405,DoS,1,0.016275,0.262934,KNOWN
BoT-IoT,test,7406,DDoS,1,0.079868,0.262934,KNOWN
BoT-IoT,test,7407,Normal,1,0.100052,0.262934,KNOWN
BoT-IoT,test,7408,DoS,1,0.052753,0.262934,KNOWN
BoT-IoT,test,7409,DoS,1,0.000144,0.262934,KNOWN
BoT-IoT,test,7410,DDoS,1,0.184702,0.262934,KNOWN
BoT-IoT,test,7411,DDoS,1,0.063593,0.262934,KNOWN
BoT-IoT,test,7412,DoS,1,0.005446,0.262934,KNOWN
BoT-IoT,test,7413,DDoS,1,0.090231,0.262934,KNOWN
BoT-IoT,test,7414,DDoS,1,0.030487,0.262934,KNOWN
BoT-IoT,test,7415,DoS,1,0.049248,0.262934,KNOWN
BoT-IoT,test,7416,DDoS,1,0.179051,0.262934,KNOWN
BoT-IoT,test,7417,DoS,1,0.174046,0.262934,KNOWN
BoT-IoT,test,7418,DoS,1,0.089656,0.262934,KNOWN
BoT-IoT,test,7419,DoS,1,0.109616,0.262934,KNOWN
BoT-IoT,test,7420,Reconnaissance,1,0.207084,0.262934,KNOWN
BoT-IoT,test,7421,DDoS,1,0.199729,0.262934,KNOWN
BoT-IoT,test,7422,DDoS,1,0.011868,0.262934,KNOWN
BoT-IoT,test,7423,DoS,1,0.038146,0.262934,KNOWN
BoT-IoT,test,7424,DoS,1,0.040259,0.262934,KNOWN
BoT-IoT,test,7425,DoS,1,0.080382,0.262934,KNOWN
BoT-IoT,test,7426,DDoS,1,0.073114,0.262934,KNOWN
BoT-IoT,test,7427,DDoS,1,0.160225,0.262934,KNOWN
BoT-IoT,test,7428,DDoS,1,0.015375,0.262934,KNOWN
BoT-IoT,test,7429,Normal,1,0.07149,0.262934,KNOWN
BoT-IoT,test,7430,Normal,1,0.204315,0.262934,KNOWN
BoT-IoT,test,7431,Reconnaissance,1,0.077895,0.262934,KNOWN
BoT-IoT,test,7432,DoS,1,0.080363,0.262934,KNOWN
BoT-IoT,test,7433,DoS,1,0.037484,0.262934,KNOWN
BoT-IoT,test,7434,DoS,1,0.052954,0.262934,KNOWN
BoT-IoT,test,7435,DoS,1,0.337253,0.262934,ZERO_DAY
BoT-IoT,test,7436,DoS,1,0.211142,0.262934,KNOWN
BoT-IoT,test,7437,Normal,1,0.128734,0.262934,KNOWN
BoT-IoT,test,7438,DDoS,1,0.032116,0.262934,KNOWN
BoT-IoT,test,7439,Normal,1,0.169095,0.262934,KNOWN
BoT-IoT,test,7440,DoS,1,0.020708,0.262934,KNOWN
BoT-IoT,test,7441,DDoS,1,0.033194,0.262934,KNOWN
BoT-IoT,test,7442,DDoS,1,0.002549,0.262934,KNOWN
BoT-IoT,test,7443,DoS,1,0.031052,0.262934,KNOWN
BoT-IoT,test,7444,DoS,1,0.154116,0.262934,KNOWN
BoT-IoT,test,7445,DDoS,1,0.218569,0.262934,KNOWN
BoT-IoT,test,7446,DoS,1,0.101696,0.262934,KNOWN
BoT-IoT,test,7447,DDoS,1,0.165862,0.262934,KNOWN
BoT-IoT,test,7448,DoS,1,0.261391,0.262934,KNOWN
BoT-IoT,test,7449,DoS,1,0.096721,0.262934,KNOWN
BoT-IoT,test,7450,DDoS,1,0.229667,0.262934,KNOWN
BoT-IoT,test,7451,DoS,1,0.125368,0.262934,KNOWN
BoT-IoT,test,7452,DDoS,1,0.132456,0.262934,KNOWN
BoT-IoT,test,7453,DoS,1,0.1296,0.262934,KNOWN
BoT-IoT,test,7454,DoS,1,0.092888,0.262934,KNOWN
BoT-IoT,test,7455,DDoS,1,0.312213,0.262934,ZERO_DAY
BoT-IoT,test,7456,DoS,1,0.001673,0.262934,KNOWN
BoT-IoT,test,7457,DDoS,1,0.021654,0.262934,KNOWN
BoT-IoT,test,7458,DDoS,1,0.084756,0.262934,KNOWN
BoT-IoT,test,7459,DoS,1,0.25865,0.262934,KNOWN
BoT-IoT,test,7460,DoS,1,0.013078,0.262934,KNOWN
BoT-IoT,test,7461,DDoS,1,0.063757,0.262934,KNOWN
BoT-IoT,test,7462,DDoS,1,0.099824,0.262934,KNOWN
BoT-IoT,test,7463,DoS,1,0.309764,0.262934,ZERO_DAY
BoT-IoT,test,7464,DDoS,1,0.064888,0.262934,KNOWN
BoT-IoT,test,7465,DoS,1,0.014317,0.262934,KNOWN
BoT-IoT,test,7466,DoS,1,0.06198,0.262934,KNOWN
BoT-IoT,test,7467,DDoS,1,0.073633,0.262934,KNOWN
BoT-IoT,test,7468,DDoS,1,0.111483,0.262934,KNOWN
BoT-IoT,test,7469,DoS,1,0.016544,0.262934,KNOWN
BoT-IoT,test,7470,DDoS,1,0.019042,0.262934,KNOWN
BoT-IoT,test,7471,DoS,1,0.178421,0.262934,KNOWN
BoT-IoT,test,7472,DDoS,1,0.054512,0.262934,KNOWN
BoT-IoT,test,7473,DoS,1,0.010322,0.262934,KNOWN
BoT-IoT,test,7474,DDoS,1,0.06725,0.262934,KNOWN
BoT-IoT,test,7475,DoS,1,0.084451,0.262934,KNOWN
BoT-IoT,test,7476,DoS,1,0.271032,0.262934,ZERO_DAY
BoT-IoT,test,7477,DoS,1,0.166715,0.262934,KNOWN
BoT-IoT,test,7478,DoS,1,0.11609,0.262934,KNOWN
BoT-IoT,test,7479,DDoS,1,0.020221,0.262934,KNOWN
BoT-IoT,test,7480,DDoS,1,0.02873,0.262934,KNOWN
BoT-IoT,test,7481,DoS,1,0.212301,0.262934,KNOWN
BoT-IoT,test,7482,DDoS,1,0.144681,0.262934,KNOWN
BoT-IoT,test,7483,DoS,1,0.002706,0.262934,KNOWN
BoT-IoT,test,7484,DDoS,1,0.010548,0.262934,KNOWN
BoT-IoT,test,7485,DDoS,1,0.096944,0.262934,KNOWN
BoT-IoT,test,7486,DDoS,1,0.192283,0.262934,KNOWN
BoT-IoT,test,7487,DoS,1,0.043516,0.262934,KNOWN
BoT-IoT,test,7488,DoS,1,0.05649,0.262934,KNOWN
BoT-IoT,test,7489,DoS,1,0.051546,0.262934,KNOWN
BoT-IoT,test,7490,DDoS,1,0.051792,0.262934,KNOWN
BoT-IoT,test,7491,DDoS,1,0.072027,0.262934,KNOWN
BoT-IoT,test,7492,DDoS,1,0.120194,0.262934,KNOWN
BoT-IoT,test,7493,DDoS,1,0.010487,0.262934,KNOWN
BoT-IoT,test,7494,DoS,1,0.010624,0.262934,KNOWN
BoT-IoT,test,7495,DDoS,1,0.072852,0.262934,KNOWN
BoT-IoT,test,7496,DoS,1,0.050472,0.262934,KNOWN
BoT-IoT,test,7497,DoS,1,0.0098,0.262934,KNOWN
BoT-IoT,test,7498,DoS,1,0.356828,0.262934,ZERO_DAY
BoT-IoT,test,7499,DoS,1,0.004643,0.262934,KNOWN
BoT-IoT,test,7500,DDoS,1,0.041994,0.262934,KNOWN
BoT-IoT,test,7501,DoS,1,0.050476,0.262934,KNOWN
BoT-IoT,test,7502,DDoS,1,0.007078,0.262934,KNOWN
BoT-IoT,test,7503,DoS,1,0.150536,0.262934,KNOWN
BoT-IoT,test,7504,DDoS,1,0.04807,0.262934,KNOWN
BoT-IoT,test,7505,DDoS,1,0.030972,0.262934,KNOWN
BoT-IoT,test,7506,DoS,1,0.106341,0.262934,KNOWN
BoT-IoT,test,7507,DDoS,1,0.098376,0.262934,KNOWN
BoT-IoT,test,7508,DDoS,1,0.054619,0.262934,KNOWN
BoT-IoT,test,7509,DoS,1,0.145102,0.262934,KNOWN
BoT-IoT,test,7510,DDoS,1,0.028537,0.262934,KNOWN
BoT-IoT,test,7511,DoS,1,0.060298,0.262934,KNOWN
BoT-IoT,test,7512,Normal,1,0.029743,0.262934,KNOWN
BoT-IoT,test,7513,DDoS,1,0.013505,0.262934,KNOWN
BoT-IoT,test,7514,DDoS,1,0.186577,0.262934,KNOWN
BoT-IoT,test,7515,DDoS,1,0.077036,0.262934,KNOWN
BoT-IoT,test,7516,DoS,1,0.083125,0.262934,KNOWN
BoT-IoT,test,7517,DoS,1,0.009959,0.262934,KNOWN
BoT-IoT,test,7518,DoS,1,0.268474,0.262934,ZERO_DAY
BoT-IoT,test,7519,DDoS,1,0.317238,0.262934,ZERO_DAY
BoT-IoT,test,7520,DDoS,1,0.029321,0.262934,KNOWN
BoT-IoT,test,7521,DoS,1,0.01113,0.262934,KNOWN
BoT-IoT,test,7522,DoS,1,0.067721,0.262934,KNOWN
BoT-IoT,test,7523,DDoS,1,0.10242,0.262934,KNOWN
BoT-IoT,test,7524,DoS,1,0.20191,0.262934,KNOWN
BoT-IoT,test,7525,DDoS,1,0.00235,0.262934,KNOWN
BoT-IoT,test,7526,DDoS,1,0.05975,0.262934,KNOWN
BoT-IoT,test,7527,DoS,1,0.056268,0.262934,KNOWN
BoT-IoT,test,7528,DDoS,1,0.032223,0.262934,KNOWN
BoT-IoT,test,7529,DDoS,1,0.16465,0.262934,KNOWN
BoT-IoT,test,7530,DoS,1,0.24765,0.262934,KNOWN
BoT-IoT,test,7531,DDoS,1,0.071831,0.262934,KNOWN
BoT-IoT,test,7532,DDoS,1,0.007955,0.262934,KNOWN
BoT-IoT,test,7533,Normal,1,0.031443,0.262934,KNOWN
BoT-IoT,test,7534,DoS,1,0.149964,0.262934,KNOWN
BoT-IoT,test,7535,DDoS,1,0.053866,0.262934,KNOWN
BoT-IoT,test,7536,Normal,1,0.133904,0.262934,KNOWN
BoT-IoT,test,7537,DoS,1,0.070162,0.262934,KNOWN
BoT-IoT,test,7538,DoS,1,0.136193,0.262934,KNOWN
BoT-IoT,test,7539,DDoS,1,0.170571,0.262934,KNOWN
BoT-IoT,test,7540,DoS,1,0.129338,0.262934,KNOWN
BoT-IoT,test,7541,DDoS,1,0.26344,0.262934,ZERO_DAY
BoT-IoT,test,7542,DDoS,1,0.096324,0.262934,KNOWN
BoT-IoT,test,7543,DoS,1,0.074789,0.262934,KNOWN
BoT-IoT,test,7544,DDoS,1,0.170155,0.262934,KNOWN
BoT-IoT,test,7545,DoS,1,0.342627,0.262934,ZERO_DAY
BoT-IoT,test,7546,DoS,1,0.010327,0.262934,KNOWN
BoT-IoT,test,7547,DoS,1,0.077892,0.262934,KNOWN
BoT-IoT,test,7548,DoS,1,0.053097,0.262934,KNOWN
BoT-IoT,test,7549,DoS,1,0.065846,0.262934,KNOWN
BoT-IoT,test,7550,DoS,1,0.130893,0.262934,KNOWN
BoT-IoT,test,7551,DoS,1,0.106019,0.262934,KNOWN
BoT-IoT,test,7552,DoS,1,0.179231,0.262934,KNOWN
BoT-IoT,test,7553,DDoS,1,0.011792,0.262934,KNOWN
BoT-IoT,test,7554,DDoS,1,0.094141,0.262934,KNOWN
BoT-IoT,test,7555,DDoS,1,0.04296,0.262934,KNOWN
BoT-IoT,test,7556,DoS,1,0.088936,0.262934,KNOWN
BoT-IoT,test,7557,Reconnaissance,1,0.320586,0.262934,ZERO_DAY
BoT-IoT,test,7558,DDoS,1,0.116132,0.262934,KNOWN
BoT-IoT,test,7559,DDoS,1,0.013633,0.262934,KNOWN
BoT-IoT,test,7560,DDoS,1,0.01886,0.262934,KNOWN
BoT-IoT,test,7561,DDoS,1,0.113693,0.262934,KNOWN
BoT-IoT,test,7562,DDoS,1,0.290128,0.262934,ZERO_DAY
BoT-IoT,test,7563,DDoS,1,0.146503,0.262934,KNOWN
BoT-IoT,test,7564,DoS,1,0.214383,0.262934,KNOWN
BoT-IoT,test,7565,DDoS,1,0.003582,0.262934,KNOWN
BoT-IoT,test,7566,DoS,1,0.105246,0.262934,KNOWN
BoT-IoT,test,7567,DDoS,1,0.054561,0.262934,KNOWN
BoT-IoT,test,7568,DDoS,1,0.051629,0.262934,KNOWN
BoT-IoT,test,7569,DoS,1,0.165683,0.262934,KNOWN
BoT-IoT,test,7570,DoS,1,0.059566,0.262934,KNOWN
BoT-IoT,test,7571,DoS,1,0.024284,0.262934,KNOWN
BoT-IoT,test,7572,DDoS,1,0.254883,0.262934,KNOWN
BoT-IoT,test,7573,DDoS,1,0.063327,0.262934,KNOWN
BoT-IoT,test,7574,DoS,1,0.11881,0.262934,KNOWN
BoT-IoT,test,7575,DoS,1,0.035105,0.262934,KNOWN
BoT-IoT,test,7576,DDoS,1,0.164485,0.262934,KNOWN
BoT-IoT,test,7577,DoS,1,0.057012,0.262934,KNOWN
BoT-IoT,test,7578,DoS,1,0.110355,0.262934,KNOWN
BoT-IoT,test,7579,DDoS,1,0.058708,0.262934,KNOWN
BoT-IoT,test,7580,DDoS,1,0.074901,0.262934,KNOWN
BoT-IoT,test,7581,Normal,1,0.088406,0.262934,KNOWN
BoT-IoT,test,7582,DDoS,1,0.048907,0.262934,KNOWN
BoT-IoT,test,7583,DoS,1,0.066615,0.262934,KNOWN
BoT-IoT,test,7584,DoS,1,0.069551,0.262934,KNOWN
BoT-IoT,test,7585,DoS,1,0.039506,0.262934,KNOWN
BoT-IoT,test,7586,DoS,1,0.079511,0.262934,KNOWN
BoT-IoT,test,7587,DDoS,1,0.050802,0.262934,KNOWN
BoT-IoT,test,7588,DDoS,1,0.013577,0.262934,KNOWN
BoT-IoT,test,7589,DDoS,1,0.037238,0.262934,KNOWN
BoT-IoT,test,7590,DoS,1,0.180328,0.262934,KNOWN
BoT-IoT,test,7591,DoS,1,0.194514,0.262934,KNOWN
BoT-IoT,test,7592,DoS,1,0.028629,0.262934,KNOWN
BoT-IoT,test,7593,DoS,1,0.151639,0.262934,KNOWN
BoT-IoT,test,7594,DoS,1,0.095572,0.262934,KNOWN
BoT-IoT,test,7595,DDoS,1,0.026289,0.262934,KNOWN
BoT-IoT,test,7596,DDoS,1,0.188976,0.262934,KNOWN
BoT-IoT,test,7597,Reconnaissance,1,0.005115,0.262934,KNOWN
BoT-IoT,test,7598,DDoS,1,0.204107,0.262934,KNOWN
BoT-IoT,test,7599,DoS,1,0.047111,0.262934,KNOWN
BoT-IoT,test,7600,DDoS,1,0.048011,0.262934,KNOWN
BoT-IoT,test,7601,DDoS,1,0.080496,0.262934,KNOWN
BoT-IoT,test,7602,DDoS,1,0.003982,0.262934,KNOWN
BoT-IoT,test,7603,DoS,1,0.021067,0.262934,KNOWN
BoT-IoT,test,7604,DoS,1,0.002597,0.262934,KNOWN
BoT-IoT,test,7605,Normal,1,0.301743,0.262934,ZERO_DAY
BoT-IoT,test,7606,DDoS,1,0.117969,0.262934,KNOWN
BoT-IoT,test,7607,DDoS,1,0.081379,0.262934,KNOWN
BoT-IoT,test,7608,Normal,1,0.198934,0.262934,KNOWN
BoT-IoT,test,7609,Normal,1,0.092414,0.262934,KNOWN
BoT-IoT,test,7610,DoS,1,0.208859,0.262934,KNOWN
BoT-IoT,test,7611,DoS,1,0.045207,0.262934,KNOWN
BoT-IoT,test,7612,DoS,1,0.016115,0.262934,KNOWN
BoT-IoT,test,7613,DDoS,1,0.291405,0.262934,ZERO_DAY
BoT-IoT,test,7614,DDoS,1,0.031275,0.262934,KNOWN
BoT-IoT,test,7615,DoS,1,0.000939,0.262934,KNOWN
BoT-IoT,test,7616,DDoS,1,0.007468,0.262934,KNOWN
BoT-IoT,test,7617,DDoS,1,0.097799,0.262934,KNOWN
BoT-IoT,test,7618,Reconnaissance,1,0.153304,0.262934,KNOWN
BoT-IoT,test,7619,DDoS,1,0.025325,0.262934,KNOWN
BoT-IoT,test,7620,Normal,1,0.012627,0.262934,KNOWN
BoT-IoT,test,7621,DDoS,1,0.182132,0.262934,KNOWN
BoT-IoT,test,7622,DDoS,1,0.005343,0.262934,KNOWN
BoT-IoT,test,7623,DDoS,1,0.0199,0.262934,KNOWN
BoT-IoT,test,7624,DoS,1,0.102852,0.262934,KNOWN
BoT-IoT,test,7625,DDoS,1,0.016448,0.262934,KNOWN
BoT-IoT,test,7626,DDoS,1,0.010474,0.262934,KNOWN
BoT-IoT,test,7627,DoS,1,0.004037,0.262934,KNOWN
BoT-IoT,test,7628,DDoS,1,0.089657,0.262934,KNOWN
BoT-IoT,test,7629,DoS,1,0.020292,0.262934,KNOWN
BoT-IoT,test,7630,DoS,1,0.031473,0.262934,KNOWN
BoT-IoT,test,7631,DoS,1,0.175569,0.262934,KNOWN
BoT-IoT,test,7632,DDoS,1,0.110594,0.262934,KNOWN
BoT-IoT,test,7633,DoS,1,0.237129,0.262934,KNOWN
BoT-IoT,test,7634,DDoS,1,0.065391,0.262934,KNOWN
BoT-IoT,test,7635,DoS,1,0.011368,0.262934,KNOWN
BoT-IoT,test,7636,DDoS,1,0.12914,0.262934,KNOWN
BoT-IoT,test,7637,DDoS,1,0.087501,0.262934,KNOWN
BoT-IoT,test,7638,Reconnaissance,1,0.036176,0.262934,KNOWN
BoT-IoT,test,7639,DDoS,1,0.004221,0.262934,KNOWN
BoT-IoT,test,7640,DDoS,1,0.076487,0.262934,KNOWN
BoT-IoT,test,7641,DoS,1,0.317855,0.262934,ZERO_DAY
BoT-IoT,test,7642,Normal,1,0.034186,0.262934,KNOWN
BoT-IoT,test,7643,DDoS,1,0.019834,0.262934,KNOWN
BoT-IoT,test,7644,Reconnaissance,1,0.075443,0.262934,KNOWN
BoT-IoT,test,7645,DDoS,1,0.001944,0.262934,KNOWN
BoT-IoT,test,7646,DoS,1,0.033616,0.262934,KNOWN
BoT-IoT,test,7647,DDoS,1,0.001963,0.262934,KNOWN
BoT-IoT,test,7648,DDoS,1,0.326605,0.262934,ZERO_DAY
BoT-IoT,test,7649,DoS,1,0.020997,0.262934,KNOWN
BoT-IoT,test,7650,DoS,1,0.321067,0.262934,ZERO_DAY
BoT-IoT,test,7651,DoS,1,0.106268,0.262934,KNOWN
BoT-IoT,test,7652,Normal,1,0.160633,0.262934,KNOWN
BoT-IoT,test,7653,DDoS,1,0.027785,0.262934,KNOWN
BoT-IoT,test,7654,DoS,1,0.088734,0.262934,KNOWN
BoT-IoT,test,7655,DDoS,1,0.220593,0.262934,KNOWN
BoT-IoT,test,7656,Normal,1,0.142289,0.262934,KNOWN
BoT-IoT,test,7657,DDoS,1,0.023631,0.262934,KNOWN
BoT-IoT,test,7658,DDoS,1,0.329137,0.262934,ZERO_DAY
BoT-IoT,test,7659,Normal,1,0.077769,0.262934,KNOWN
BoT-IoT,test,7660,DoS,1,0.163421,0.262934,KNOWN
BoT-IoT,test,7661,DDoS,1,0.158945,0.262934,KNOWN
BoT-IoT,test,7662,DDoS,1,0.118786,0.262934,KNOWN
BoT-IoT,test,7663,DDoS,1,0.063342,0.262934,KNOWN
BoT-IoT,test,7664,DoS,1,0.011972,0.262934,KNOWN
BoT-IoT,test,7665,DDoS,1,0.146283,0.262934,KNOWN
BoT-IoT,test,7666,DDoS,1,0.089763,0.262934,KNOWN
BoT-IoT,test,7667,DDoS,1,0.0159,0.262934,KNOWN
BoT-IoT,test,7668,DoS,1,0.118175,0.262934,KNOWN
BoT-IoT,test,7669,DDoS,1,0.09796,0.262934,KNOWN
BoT-IoT,test,7670,DDoS,1,0.13958,0.262934,KNOWN
BoT-IoT,test,7671,DDoS,1,0.142979,0.262934,KNOWN
BoT-IoT,test,7672,DDoS,1,0.020952,0.262934,KNOWN
BoT-IoT,test,7673,DoS,1,0.206557,0.262934,KNOWN
BoT-IoT,test,7674,DDoS,1,0.064631,0.262934,KNOWN
BoT-IoT,test,7675,DoS,1,0.000458,0.262934,KNOWN
BoT-IoT,test,7676,DoS,1,0.436548,0.262934,ZERO_DAY
BoT-IoT,test,7677,DDoS,1,0.117599,0.262934,KNOWN
BoT-IoT,test,7678,DoS,1,0.104274,0.262934,KNOWN
BoT-IoT,test,7679,DDoS,1,0.188834,0.262934,KNOWN
BoT-IoT,test,7680,DDoS,1,0.200533,0.262934,KNOWN
BoT-IoT,test,7681,DoS,1,0.035323,0.262934,KNOWN
BoT-IoT,test,7682,DDoS,1,0.040288,0.262934,KNOWN
BoT-IoT,test,7683,DDoS,1,0.264671,0.262934,ZERO_DAY
BoT-IoT,test,7684,DDoS,1,0.036443,0.262934,KNOWN
BoT-IoT,test,7685,DoS,1,0.268023,0.262934,ZERO_DAY
BoT-IoT,test,7686,DDoS,1,0.165825,0.262934,KNOWN
BoT-IoT,test,7687,DDoS,1,0.373705,0.262934,ZERO_DAY
BoT-IoT,test,7688,DDoS,1,0.140801,0.262934,KNOWN
BoT-IoT,test,7689,DoS,1,0.207633,0.262934,KNOWN
BoT-IoT,test,7690,DoS,1,0.262921,0.262934,KNOWN
BoT-IoT,test,7691,DoS,1,0.129415,0.262934,KNOWN
BoT-IoT,test,7692,DDoS,1,0.121575,0.262934,KNOWN
BoT-IoT,test,7693,DDoS,1,0.031758,0.262934,KNOWN
BoT-IoT,test,7694,DoS,1,0.052515,0.262934,KNOWN
BoT-IoT,test,7695,DoS,1,0.298188,0.262934,ZERO_DAY
BoT-IoT,test,7696,DoS,1,0.03417,0.262934,KNOWN
BoT-IoT,test,7697,DoS,1,0.013412,0.262934,KNOWN
BoT-IoT,test,7698,DDoS,1,0.061036,0.262934,KNOWN
BoT-IoT,test,7699,DoS,1,0.309758,0.262934,ZERO_DAY
BoT-IoT,test,7700,DoS,1,0.064698,0.262934,KNOWN
BoT-IoT,test,7701,DDoS,1,0.129839,0.262934,KNOWN
BoT-IoT,test,7702,DoS,1,0.22162,0.262934,KNOWN
BoT-IoT,test,7703,DoS,1,0.073344,0.262934,KNOWN
BoT-IoT,test,7704,DDoS,1,0.031523,0.262934,KNOWN
BoT-IoT,test,7705,DDoS,1,0.031574,0.262934,KNOWN
BoT-IoT,test,7706,DoS,1,0.047062,0.262934,KNOWN
BoT-IoT,test,7707,DDoS,1,0.069502,0.262934,KNOWN
BoT-IoT,test,7708,DDoS,1,0.038246,0.262934,KNOWN
BoT-IoT,test,7709,DoS,1,0.057633,0.262934,KNOWN
BoT-IoT,test,7710,DoS,1,0.127326,0.262934,KNOWN
BoT-IoT,test,7711,DDoS,1,0.097428,0.262934,KNOWN
BoT-IoT,test,7712,DoS,1,0.049237,0.262934,KNOWN
BoT-IoT,test,7713,DDoS,1,0.047395,0.262934,KNOWN
BoT-IoT,test,7714,DoS,1,0.072606,0.262934,KNOWN
BoT-IoT,test,7715,DDoS,1,0.040577,0.262934,KNOWN
BoT-IoT,test,7716,Normal,1,0.245011,0.262934,KNOWN
BoT-IoT,test,7717,DDoS,1,0.034181,0.262934,KNOWN
BoT-IoT,test,7718,DoS,1,0.135879,0.262934,KNOWN
BoT-IoT,test,7719,DoS,1,0.282672,0.262934,ZERO_DAY
BoT-IoT,test,7720,DDoS,1,0.144199,0.262934,KNOWN
BoT-IoT,test,7721,DDoS,1,0.115589,0.262934,KNOWN
BoT-IoT,test,7722,DoS,1,0.015429,0.262934,KNOWN
BoT-IoT,test,7723,DoS,1,0.038366,0.262934,KNOWN
BoT-IoT,test,7724,DDoS,1,0.022135,0.262934,KNOWN
BoT-IoT,test,7725,DoS,1,0.083649,0.262934,KNOWN
BoT-IoT,test,7726,DoS,1,0.184777,0.262934,KNOWN
BoT-IoT,test,7727,DDoS,1,0.038527,0.262934,KNOWN
BoT-IoT,test,7728,DoS,1,0.041003,0.262934,KNOWN
BoT-IoT,test,7729,DDoS,1,0.191766,0.262934,KNOWN
BoT-IoT,test,7730,DDoS,1,0.091001,0.262934,KNOWN
BoT-IoT,test,7731,DoS,1,0.041274,0.262934,KNOWN
BoT-IoT,test,7732,DoS,1,0.084755,0.262934,KNOWN
BoT-IoT,test,7733,DDoS,1,0.140937,0.262934,KNOWN
BoT-IoT,test,7734,DDoS,1,0.050432,0.262934,KNOWN
BoT-IoT,test,7735,DDoS,1,0.045318,0.262934,KNOWN
BoT-IoT,test,7736,DDoS,1,0.039791,0.262934,KNOWN
BoT-IoT,test,7737,DDoS,1,0.026182,0.262934,KNOWN
BoT-IoT,test,7738,DoS,1,0.023053,0.262934,KNOWN
BoT-IoT,test,7739,DDoS,1,0.059798,0.262934,KNOWN
BoT-IoT,test,7740,DoS,1,0.203062,0.262934,KNOWN
BoT-IoT,test,7741,DoS,1,0.209114,0.262934,KNOWN
BoT-IoT,test,7742,DoS,1,0.031184,0.262934,KNOWN
BoT-IoT,test,7743,DoS,1,0.245983,0.262934,KNOWN
BoT-IoT,test,7744,DoS,1,0.039709,0.262934,KNOWN
BoT-IoT,test,7745,DoS,1,0.004221,0.262934,KNOWN
BoT-IoT,test,7746,DDoS,1,0.100844,0.262934,KNOWN
BoT-IoT,test,7747,DoS,1,0.201482,0.262934,KNOWN
BoT-IoT,test,7748,DDoS,1,0.026769,0.262934,KNOWN
BoT-IoT,test,7749,DoS,1,0.129967,0.262934,KNOWN
BoT-IoT,test,7750,DDoS,1,0.090608,0.262934,KNOWN
BoT-IoT,test,7751,DoS,1,0.03164,0.262934,KNOWN
BoT-IoT,test,7752,DoS,1,0.006109,0.262934,KNOWN
BoT-IoT,test,7753,DDoS,1,0.133005,0.262934,KNOWN
BoT-IoT,test,7754,DDoS,1,0.03519,0.262934,KNOWN
BoT-IoT,test,7755,DoS,1,0.112798,0.262934,KNOWN
BoT-IoT,test,7756,DoS,1,0.065061,0.262934,KNOWN
BoT-IoT,test,7757,DDoS,1,0.056211,0.262934,KNOWN
BoT-IoT,test,7758,DoS,1,0.239518,0.262934,KNOWN
BoT-IoT,test,7759,DoS,1,0.05207,0.262934,KNOWN
BoT-IoT,test,7760,DDoS,1,0.011333,0.262934,KNOWN
BoT-IoT,test,7761,DDoS,1,0.134346,0.262934,KNOWN
BoT-IoT,test,7762,DoS,1,0.023492,0.262934,KNOWN
BoT-IoT,test,7763,DoS,1,0.039142,0.262934,KNOWN
BoT-IoT,test,7764,DoS,1,0.024655,0.262934,KNOWN
BoT-IoT,test,7765,DDoS,1,0.129009,0.262934,KNOWN
BoT-IoT,test,7766,DoS,1,0.028661,0.262934,KNOWN
BoT-IoT,test,7767,DoS,1,0.055,0.262934,KNOWN
BoT-IoT,test,7768,DoS,1,0.100333,0.262934,KNOWN
BoT-IoT,test,7769,DoS,1,0.375323,0.262934,ZERO_DAY
BoT-IoT,test,7770,DoS,1,0.091664,0.262934,KNOWN
BoT-IoT,test,7771,DoS,1,0.061388,0.262934,KNOWN
BoT-IoT,test,7772,DoS,1,0.0767,0.262934,KNOWN
BoT-IoT,test,7773,DoS,1,0.001906,0.262934,KNOWN
BoT-IoT,test,7774,DDoS,1,0.209235,0.262934,KNOWN
BoT-IoT,test,7775,DoS,1,0.112847,0.262934,KNOWN
BoT-IoT,test,7776,DoS,1,0.118922,0.262934,KNOWN
BoT-IoT,test,7777,DoS,1,0.018893,0.262934,KNOWN
BoT-IoT,test,7778,DDoS,1,0.082729,0.262934,KNOWN
BoT-IoT,test,7779,Reconnaissance,1,0.025812,0.262934,KNOWN
BoT-IoT,test,7780,DDoS,1,0.02756,0.262934,KNOWN
BoT-IoT,test,7781,DDoS,1,0.136722,0.262934,KNOWN
BoT-IoT,test,7782,DDoS,1,0.301609,0.262934,ZERO_DAY
BoT-IoT,test,7783,DoS,1,0.043871,0.262934,KNOWN
BoT-IoT,test,7784,DoS,1,0.166076,0.262934,KNOWN
BoT-IoT,test,7785,DDoS,1,0.240978,0.262934,KNOWN
BoT-IoT,test,7786,DDoS,1,0.041938,0.262934,KNOWN
BoT-IoT,test,7787,DoS,1,0.102519,0.262934,KNOWN
BoT-IoT,test,7788,DDoS,1,0.049438,0.262934,KNOWN
BoT-IoT,test,7789,DDoS,1,0.26756,0.262934,ZERO_DAY
BoT-IoT,test,7790,DoS,1,0.058431,0.262934,KNOWN
BoT-IoT,test,7791,DDoS,1,0.091573,0.262934,KNOWN
BoT-IoT,test,7792,DoS,1,0.273269,0.262934,ZERO_DAY
BoT-IoT,test,7793,Normal,1,0.005986,0.262934,KNOWN
BoT-IoT,test,7794,DoS,1,0.083445,0.262934,KNOWN
BoT-IoT,test,7795,DDoS,1,0.097999,0.262934,KNOWN
BoT-IoT,test,7796,DDoS,1,0.119887,0.262934,KNOWN
BoT-IoT,test,7797,DDoS,1,0.077831,0.262934,KNOWN
BoT-IoT,test,7798,DDoS,1,0.103934,0.262934,KNOWN
BoT-IoT,test,7799,DoS,1,0.123422,0.262934,KNOWN
BoT-IoT,test,7800,Normal,1,0.095619,0.262934,KNOWN
BoT-IoT,test,7801,DDoS,1,0.202491,0.262934,KNOWN
BoT-IoT,test,7802,DDoS,1,0.009605,0.262934,KNOWN
BoT-IoT,test,7803,Normal,1,0.012329,0.262934,KNOWN
BoT-IoT,test,7804,DoS,1,0.231531,0.262934,KNOWN
BoT-IoT,test,7805,DDoS,1,0.182998,0.262934,KNOWN
BoT-IoT,test,7806,DoS,1,0.092842,0.262934,KNOWN
BoT-IoT,test,7807,DoS,1,0.025166,0.262934,KNOWN
BoT-IoT,test,7808,DoS,1,0.11323,0.262934,KNOWN
BoT-IoT,test,7809,DDoS,1,0.004276,0.262934,KNOWN
BoT-IoT,test,7810,DDoS,1,0.132322,0.262934,KNOWN
BoT-IoT,test,7811,DoS,1,0.209436,0.262934,KNOWN
BoT-IoT,test,7812,Normal,1,0.053447,0.262934,KNOWN
BoT-IoT,test,7813,DDoS,1,0.121658,0.262934,KNOWN
BoT-IoT,test,7814,DDoS,1,0.05055,0.262934,KNOWN
BoT-IoT,test,7815,DDoS,1,0.121641,0.262934,KNOWN
BoT-IoT,test,7816,DoS,1,0.051969,0.262934,KNOWN
BoT-IoT,test,7817,DDoS,1,0.044113,0.262934,KNOWN
BoT-IoT,test,7818,Reconnaissance,1,0.20173,0.262934,KNOWN
BoT-IoT,test,7819,DDoS,1,0.019939,0.262934,KNOWN
BoT-IoT,test,7820,DDoS,1,0.007082,0.262934,KNOWN
BoT-IoT,test,7821,DoS,1,0.001404,0.262934,KNOWN
BoT-IoT,test,7822,DoS,1,0.017669,0.262934,KNOWN
BoT-IoT,test,7823,DDoS,1,0.374273,0.262934,ZERO_DAY
BoT-IoT,test,7824,DoS,1,0.0308,0.262934,KNOWN
BoT-IoT,test,7825,DDoS,1,0.034153,0.262934,KNOWN
BoT-IoT,test,7826,DoS,1,0.100766,0.262934,KNOWN
BoT-IoT,test,7827,DoS,1,0.167983,0.262934,KNOWN
BoT-IoT,test,7828,DDoS,1,0.028255,0.262934,KNOWN
BoT-IoT,test,7829,Reconnaissance,1,0.002318,0.262934,KNOWN
BoT-IoT,test,7830,DDoS,1,0.149772,0.262934,KNOWN
BoT-IoT,test,7831,DDoS,1,0.045022,0.262934,KNOWN
BoT-IoT,test,7832,DoS,1,0.016092,0.262934,KNOWN
BoT-IoT,test,7833,DDoS,1,0.03585,0.262934,KNOWN
BoT-IoT,test,7834,DoS,1,0.030782,0.262934,KNOWN
BoT-IoT,test,7835,DDoS,1,0.193479,0.262934,KNOWN
BoT-IoT,test,7836,DoS,1,0.041751,0.262934,KNOWN
BoT-IoT,test,7837,DoS,1,0.050406,0.262934,KNOWN
BoT-IoT,test,7838,DoS,1,0.190033,0.262934,KNOWN
BoT-IoT,test,7839,DoS,1,0.146474,0.262934,KNOWN
BoT-IoT,test,7840,DoS,1,0.022272,0.262934,KNOWN
BoT-IoT,test,7841,DoS,1,0.097097,0.262934,KNOWN
BoT-IoT,test,7842,Reconnaissance,1,0.00849,0.262934,KNOWN
BoT-IoT,test,7843,DDoS,1,0.054568,0.262934,KNOWN
BoT-IoT,test,7844,DDoS,1,0.001147,0.262934,KNOWN
BoT-IoT,test,7845,DoS,1,0.249301,0.262934,KNOWN
BoT-IoT,test,7846,DoS,1,0.01504,0.262934,KNOWN
BoT-IoT,test,7847,DDoS,1,0.195924,0.262934,KNOWN
BoT-IoT,test,7848,DoS,1,0.058915,0.262934,KNOWN
BoT-IoT,test,7849,DoS,1,0.041077,0.262934,KNOWN
BoT-IoT,test,7850,DDoS,1,0.286937,0.262934,ZERO_DAY
BoT-IoT,test,7851,DDoS,1,0.001039,0.262934,KNOWN
BoT-IoT,test,7852,Normal,1,0.04597,0.262934,KNOWN
BoT-IoT,test,7853,DoS,1,0.049991,0.262934,KNOWN
BoT-IoT,test,7854,DDoS,1,0.208496,0.262934,KNOWN
BoT-IoT,test,7855,DDoS,1,0.096352,0.262934,KNOWN
BoT-IoT,test,7856,Normal,1,0.00832,0.262934,KNOWN
BoT-IoT,test,7857,DDoS,1,0.203377,0.262934,KNOWN
BoT-IoT,test,7858,DDoS,1,0.022034,0.262934,KNOWN
BoT-IoT,test,7859,DDoS,1,0.00361,0.262934,KNOWN
BoT-IoT,test,7860,DoS,1,0.077842,0.262934,KNOWN
BoT-IoT,test,7861,DoS,1,0.041411,0.262934,KNOWN
BoT-IoT,test,7862,DoS,1,0.029534,0.262934,KNOWN
BoT-IoT,test,7863,DoS,1,0.149525,0.262934,KNOWN
BoT-IoT,test,7864,DDoS,1,0.066461,0.262934,KNOWN
BoT-IoT,test,7865,DoS,1,0.060443,0.262934,KNOWN
BoT-IoT,test,7866,DoS,1,0.075726,0.262934,KNOWN
BoT-IoT,test,7867,DoS,1,0.101328,0.262934,KNOWN
BoT-IoT,test,7868,DoS,1,0.065641,0.262934,KNOWN
BoT-IoT,test,7869,DoS,1,0.013141,0.262934,KNOWN
BoT-IoT,test,7870,DDoS,1,0.009475,0.262934,KNOWN
BoT-IoT,test,7871,DoS,1,0.023507,0.262934,KNOWN
BoT-IoT,test,7872,DoS,1,0.08677,0.262934,KNOWN
BoT-IoT,test,7873,DoS,1,0.00531,0.262934,KNOWN
BoT-IoT,test,7874,DoS,1,0.073271,0.262934,KNOWN
BoT-IoT,test,7875,DoS,1,0.169524,0.262934,KNOWN
BoT-IoT,test,7876,DDoS,1,0.096384,0.262934,KNOWN
BoT-IoT,test,7877,DDoS,1,0.172413,0.262934,KNOWN
BoT-IoT,test,7878,DoS,1,0.006878,0.262934,KNOWN
BoT-IoT,test,7879,DDoS,1,0.090345,0.262934,KNOWN
BoT-IoT,test,7880,DDoS,1,0.18259,0.262934,KNOWN
BoT-IoT,test,7881,DoS,1,0.060053,0.262934,KNOWN
BoT-IoT,test,7882,DoS,1,0.013555,0.262934,KNOWN
BoT-IoT,test,7883,DDoS,1,0.301005,0.262934,ZERO_DAY
BoT-IoT,test,7884,DDoS,1,0.079976,0.262934,KNOWN
BoT-IoT,test,7885,DDoS,1,0.18297,0.262934,KNOWN
BoT-IoT,test,7886,DDoS,1,0.011832,0.262934,KNOWN
BoT-IoT,test,7887,DoS,1,0.047888,0.262934,KNOWN
BoT-IoT,test,7888,DDoS,1,0.108971,0.262934,KNOWN
BoT-IoT,test,7889,DDoS,1,0.078103,0.262934,KNOWN
BoT-IoT,test,7890,DDoS,1,0.010016,0.262934,KNOWN
BoT-IoT,test,7891,DoS,1,0.113101,0.262934,KNOWN
BoT-IoT,test,7892,DDoS,1,0.160384,0.262934,KNOWN
BoT-IoT,test,7893,DDoS,1,0.255434,0.262934,KNOWN
BoT-IoT,test,7894,DDoS,1,0.191474,0.262934,KNOWN
BoT-IoT,test,7895,DoS,1,0.136006,0.262934,KNOWN
BoT-IoT,test,7896,DDoS,1,0.413786,0.262934,ZERO_DAY
BoT-IoT,test,7897,DDoS,1,0.247327,0.262934,KNOWN
BoT-IoT,test,7898,DDoS,1,0.015147,0.262934,KNOWN
BoT-IoT,test,7899,DoS,1,0.192681,0.262934,KNOWN
BoT-IoT,test,7900,DDoS,1,0.182166,0.262934,KNOWN
BoT-IoT,test,7901,DDoS,1,0.12175,0.262934,KNOWN
BoT-IoT,test,7902,DDoS,1,0.212724,0.262934,KNOWN
BoT-IoT,test,7903,DoS,1,0.141377,0.262934,KNOWN
BoT-IoT,test,7904,DoS,1,0.043509,0.262934,KNOWN
BoT-IoT,test,7905,DoS,1,0.109867,0.262934,KNOWN
BoT-IoT,test,7906,DoS,1,0.021861,0.262934,KNOWN
BoT-IoT,test,7907,DoS,1,0.093953,0.262934,KNOWN
BoT-IoT,test,7908,DoS,1,0.0871,0.262934,KNOWN
BoT-IoT,test,7909,Normal,1,0.058606,0.262934,KNOWN
BoT-IoT,test,7910,DDoS,1,0.005954,0.262934,KNOWN
BoT-IoT,test,7911,DoS,1,0.094325,0.262934,KNOWN
BoT-IoT,test,7912,DoS,1,0.087233,0.262934,KNOWN
BoT-IoT,test,7913,DDoS,1,0.109594,0.262934,KNOWN
BoT-IoT,test,7914,DDoS,1,0.197256,0.262934,KNOWN
BoT-IoT,test,7915,DDoS,1,0.162908,0.262934,KNOWN
BoT-IoT,test,7916,DDoS,1,0.069743,0.262934,KNOWN
BoT-IoT,test,7917,DoS,1,0.108923,0.262934,KNOWN
BoT-IoT,test,7918,DoS,1,0.223807,0.262934,KNOWN
BoT-IoT,test,7919,DDoS,1,0.072207,0.262934,KNOWN
BoT-IoT,test,7920,Reconnaissance,1,0.024738,0.262934,KNOWN
BoT-IoT,test,7921,DoS,1,0.200662,0.262934,KNOWN
BoT-IoT,test,7922,DDoS,1,0.085264,0.262934,KNOWN
BoT-IoT,test,7923,DoS,1,0.131386,0.262934,KNOWN
BoT-IoT,test,7924,DoS,1,0.018077,0.262934,KNOWN
BoT-IoT,test,7925,Reconnaissance,1,0.238528,0.262934,KNOWN
BoT-IoT,test,7926,DDoS,1,0.060875,0.262934,KNOWN
BoT-IoT,test,7927,DDoS,1,0.039877,0.262934,KNOWN
BoT-IoT,test,7928,DoS,1,0.071724,0.262934,KNOWN
BoT-IoT,test,7929,DDoS,1,0.033082,0.262934,KNOWN
BoT-IoT,test,7930,DoS,1,0.042488,0.262934,KNOWN
BoT-IoT,test,7931,DDoS,1,0.07375,0.262934,KNOWN
BoT-IoT,test,7932,DoS,1,0.175084,0.262934,KNOWN
BoT-IoT,test,7933,DDoS,1,0.068629,0.262934,KNOWN
BoT-IoT,test,7934,DDoS,1,0.20951,0.262934,KNOWN
BoT-IoT,test,7935,DoS,1,0.068617,0.262934,KNOWN
BoT-IoT,test,7936,DDoS,1,0.066046,0.262934,KNOWN
BoT-IoT,test,7937,DDoS,1,0.063869,0.262934,KNOWN
BoT-IoT,test,7938,DoS,1,0.105814,0.262934,KNOWN
BoT-IoT,test,7939,DoS,1,0.043961,0.262934,KNOWN
BoT-IoT,test,7940,DoS,1,0.028329,0.262934,KNOWN
BoT-IoT,test,7941,DDoS,1,0.013469,0.262934,KNOWN
BoT-IoT,test,7942,DoS,1,0.048022,0.262934,KNOWN
BoT-IoT,test,7943,DDoS,1,0.013736,0.262934,KNOWN
BoT-IoT,test,7944,DoS,1,0.08413,0.262934,KNOWN
BoT-IoT,test,7945,Normal,1,0.221375,0.262934,KNOWN
BoT-IoT,test,7946,DoS,1,0.058721,0.262934,KNOWN
BoT-IoT,test,7947,DDoS,1,0.067062,0.262934,KNOWN
BoT-IoT,test,7948,DDoS,1,0.036088,0.262934,KNOWN
BoT-IoT,test,7949,DoS,1,0.020547,0.262934,KNOWN
BoT-IoT,test,7950,DoS,1,0.168826,0.262934,KNOWN
BoT-IoT,test,7951,DDoS,1,0.106912,0.262934,KNOWN
BoT-IoT,test,7952,DoS,1,0.05638,0.262934,KNOWN
BoT-IoT,test,7953,DoS,1,0.133653,0.262934,KNOWN
BoT-IoT,test,7954,DDoS,1,0.028949,0.262934,KNOWN
BoT-IoT,test,7955,DDoS,1,0.075596,0.262934,KNOWN
BoT-IoT,test,7956,DoS,1,0.026391,0.262934,KNOWN
BoT-IoT,test,7957,Normal,1,0.185978,0.262934,KNOWN
BoT-IoT,test,7958,DDoS,1,0.325817,0.262934,ZERO_DAY
BoT-IoT,test,7959,DDoS,1,0.051558,0.262934,KNOWN
BoT-IoT,test,7960,DoS,1,0.143882,0.262934,KNOWN
BoT-IoT,test,7961,DoS,1,0.028162,0.262934,KNOWN
BoT-IoT,test,7962,DoS,1,0.007185,0.262934,KNOWN
BoT-IoT,test,7963,DoS,1,0.094024,0.262934,KNOWN
BoT-IoT,test,7964,DDoS,1,0.05643,0.262934,KNOWN
BoT-IoT,test,7965,DoS,1,0.209326,0.262934,KNOWN
BoT-IoT,test,7966,DDoS,1,0.13783,0.262934,KNOWN
BoT-IoT,test,7967,DoS,1,0.049035,0.262934,KNOWN
BoT-IoT,test,7968,DDoS,1,0.042743,0.262934,KNOWN
BoT-IoT,test,7969,DDoS,1,0.121832,0.262934,KNOWN
BoT-IoT,test,7970,DoS,1,0.058129,0.262934,KNOWN
BoT-IoT,test,7971,DDoS,1,0.023161,0.262934,KNOWN
BoT-IoT,test,7972,DoS,1,0.209724,0.262934,KNOWN
BoT-IoT,test,7973,DDoS,1,0.060669,0.262934,KNOWN
BoT-IoT,test,7974,DoS,1,0.137607,0.262934,KNOWN
BoT-IoT,test,7975,DDoS,1,0.097951,0.262934,KNOWN
BoT-IoT,test,7976,DoS,1,0.168016,0.262934,KNOWN
BoT-IoT,test,7977,DoS,1,0.009648,0.262934,KNOWN
BoT-IoT,test,7978,DDoS,1,0.02381,0.262934,KNOWN
BoT-IoT,test,7979,DoS,1,0.252362,0.262934,KNOWN
BoT-IoT,test,7980,DoS,1,0.111804,0.262934,KNOWN
BoT-IoT,test,7981,DoS,1,0.030525,0.262934,KNOWN
BoT-IoT,test,7982,DoS,1,0.170326,0.262934,KNOWN
BoT-IoT,test,7983,DDoS,1,0.223077,0.262934,KNOWN
BoT-IoT,test,7984,DoS,1,0.060817,0.262934,KNOWN
BoT-IoT,test,7985,DoS,1,0.245427,0.262934,KNOWN
BoT-IoT,test,7986,DoS,1,0.076989,0.262934,KNOWN
BoT-IoT,test,7987,DDoS,1,0.284464,0.262934,ZERO_DAY
BoT-IoT,test,7988,DoS,1,0.056813,0.262934,KNOWN
BoT-IoT,test,7989,DoS,1,0.096219,0.262934,KNOWN
BoT-IoT,test,7990,DDoS,1,0.028636,0.262934,KNOWN
BoT-IoT,test,7991,DDoS,1,0.073631,0.262934,KNOWN
BoT-IoT,test,7992,DDoS,1,0.06654,0.262934,KNOWN
BoT-IoT,test,7993,DoS,1,0.163499,0.262934,KNOWN
BoT-IoT,test,7994,DoS,1,0.155895,0.262934,KNOWN
BoT-IoT,test,7995,DoS,1,0.024883,0.262934,KNOWN
BoT-IoT,test,7996,DDoS,1,0.005474,0.262934,KNOWN
BoT-IoT,test,7997,DoS,1,0.420704,0.262934,ZERO_DAY
BoT-IoT,test,7998,DDoS,1,0.008635,0.262934,KNOWN
BoT-IoT,test,7999,DoS,1,0.234465,0.262934,KNOWN
BoT-IoT,test,8000,DoS,1,0.03073,0.262934,KNOWN
BoT-IoT,test,8001,DDoS,1,0.01187,0.262934,KNOWN
BoT-IoT,test,8002,DDoS,1,0.169215,0.262934,KNOWN
BoT-IoT,test,8003,DoS,1,0.169151,0.262934,KNOWN
BoT-IoT,test,8004,DDoS,1,0.024871,0.262934,KNOWN
BoT-IoT,test,8005,DDoS,1,0.05587,0.262934,KNOWN
BoT-IoT,test,8006,DDoS,1,0.136256,0.262934,KNOWN
BoT-IoT,test,8007,DoS,1,0.083665,0.262934,KNOWN
BoT-IoT,test,8008,DDoS,1,0.429752,0.262934,ZERO_DAY
BoT-IoT,test,8009,DoS,1,0.036751,0.262934,KNOWN
BoT-IoT,test,8010,DoS,1,0.199426,0.262934,KNOWN
BoT-IoT,test,8011,DoS,1,0.119792,0.262934,KNOWN
BoT-IoT,test,8012,DoS,1,0.077555,0.262934,KNOWN
BoT-IoT,test,8013,DDoS,1,0.192621,0.262934,KNOWN
BoT-IoT,test,8014,DDoS,1,0.012005,0.262934,KNOWN
BoT-IoT,test,8015,DDoS,1,0.077387,0.262934,KNOWN
BoT-IoT,test,8016,DoS,1,0.202633,0.262934,KNOWN
BoT-IoT,test,8017,DDoS,1,0.004978,0.262934,KNOWN
BoT-IoT,test,8018,DoS,1,0.014014,0.262934,KNOWN
BoT-IoT,test,8019,DoS,1,0.21186,0.262934,KNOWN
BoT-IoT,test,8020,DoS,1,0.09438,0.262934,KNOWN
BoT-IoT,test,8021,DoS,1,0.050964,0.262934,KNOWN
BoT-IoT,test,8022,DoS,1,0.031102,0.262934,KNOWN
BoT-IoT,test,8023,DoS,1,0.118832,0.262934,KNOWN
BoT-IoT,test,8024,DoS,1,0.119167,0.262934,KNOWN
BoT-IoT,test,8025,DoS,1,0.041444,0.262934,KNOWN
BoT-IoT,test,8026,DoS,1,0.060921,0.262934,KNOWN
BoT-IoT,test,8027,DDoS,1,0.033674,0.262934,KNOWN
BoT-IoT,test,8028,DoS,1,0.094949,0.262934,KNOWN
BoT-IoT,test,8029,DoS,1,0.134487,0.262934,KNOWN
BoT-IoT,test,8030,DoS,1,0.168064,0.262934,KNOWN
BoT-IoT,test,8031,DDoS,1,0.096605,0.262934,KNOWN
BoT-IoT,test,8032,DDoS,1,0.002832,0.262934,KNOWN
BoT-IoT,test,8033,DDoS,1,0.062121,0.262934,KNOWN
BoT-IoT,test,8034,DoS,1,0.199905,0.262934,KNOWN
BoT-IoT,test,8035,DoS,1,0.033944,0.262934,KNOWN
BoT-IoT,test,8036,DDoS,1,0.016792,0.262934,KNOWN
BoT-IoT,test,8037,DDoS,1,0.068667,0.262934,KNOWN
BoT-IoT,test,8038,DoS,1,0.057888,0.262934,KNOWN
BoT-IoT,test,8039,DoS,1,0.048212,0.262934,KNOWN
BoT-IoT,test,8040,DoS,1,0.190632,0.262934,KNOWN
BoT-IoT,test,8041,DDoS,1,0.009197,0.262934,KNOWN
BoT-IoT,test,8042,DDoS,1,0.034906,0.262934,KNOWN
BoT-IoT,test,8043,DDoS,1,0.004019,0.262934,KNOWN
BoT-IoT,test,8044,DDoS,1,0.162225,0.262934,KNOWN
BoT-IoT,test,8045,DoS,1,0.003713,0.262934,KNOWN
BoT-IoT,test,8046,DDoS,1,0.125701,0.262934,KNOWN
BoT-IoT,test,8047,DoS,1,0.189486,0.262934,KNOWN
BoT-IoT,test,8048,DDoS,1,0.233514,0.262934,KNOWN
BoT-IoT,test,8049,DoS,1,0.092507,0.262934,KNOWN
BoT-IoT,test,8050,DDoS,1,0.182758,0.262934,KNOWN
BoT-IoT,test,8051,DoS,1,0.073718,0.262934,KNOWN
BoT-IoT,test,8052,DoS,1,0.065501,0.262934,KNOWN
BoT-IoT,test,8053,DoS,1,0.074869,0.262934,KNOWN
BoT-IoT,test,8054,DDoS,1,0.079675,0.262934,KNOWN
BoT-IoT,test,8055,DDoS,1,0.116543,0.262934,KNOWN
BoT-IoT,test,8056,DoS,1,0.172888,0.262934,KNOWN
BoT-IoT,test,8057,DoS,1,0.167506,0.262934,KNOWN
BoT-IoT,test,8058,DDoS,1,0.05091,0.262934,KNOWN
BoT-IoT,test,8059,DoS,1,0.573348,0.262934,ZERO_DAY
BoT-IoT,test,8060,DDoS,1,0.059849,0.262934,KNOWN
BoT-IoT,test,8061,DoS,1,0.043808,0.262934,KNOWN
BoT-IoT,test,8062,DoS,1,0.03323,0.262934,KNOWN
BoT-IoT,test,8063,DoS,1,0.321392,0.262934,ZERO_DAY
BoT-IoT,test,8064,DDoS,1,0.082849,0.262934,KNOWN
BoT-IoT,test,8065,DoS,1,0.079772,0.262934,KNOWN
BoT-IoT,test,8066,DDoS,1,0.132961,0.262934,KNOWN
BoT-IoT,test,8067,DoS,1,0.197762,0.262934,KNOWN
BoT-IoT,test,8068,DDoS,1,0.211466,0.262934,KNOWN
BoT-IoT,test,8069,DoS,1,0.0276,0.262934,KNOWN
BoT-IoT,test,8070,DoS,1,0.016702,0.262934,KNOWN
BoT-IoT,test,8071,DoS,1,0.048888,0.262934,KNOWN
BoT-IoT,test,8072,DoS,1,0.253166,0.262934,KNOWN
BoT-IoT,test,8073,DDoS,1,0.265515,0.262934,ZERO_DAY
BoT-IoT,test,8074,DDoS,1,0.068681,0.262934,KNOWN
BoT-IoT,test,8075,Normal,1,0.163106,0.262934,KNOWN
BoT-IoT,test,8076,DDoS,1,0.025027,0.262934,KNOWN
BoT-IoT,test,8077,DoS,1,0.249813,0.262934,KNOWN
BoT-IoT,test,8078,DDoS,1,0.224892,0.262934,KNOWN
BoT-IoT,test,8079,DDoS,1,0.153343,0.262934,KNOWN
BoT-IoT,test,8080,DoS,1,0.141357,0.262934,KNOWN
BoT-IoT,test,8081,DoS,1,0.034419,0.262934,KNOWN
BoT-IoT,test,8082,DDoS,1,0.013287,0.262934,KNOWN
BoT-IoT,test,8083,DoS,1,0.255796,0.262934,KNOWN
BoT-IoT,test,8084,DoS,1,0.122111,0.262934,KNOWN
BoT-IoT,test,8085,DDoS,1,0.033999,0.262934,KNOWN
BoT-IoT,test,8086,DDoS,1,0.137403,0.262934,KNOWN
BoT-IoT,test,8087,DDoS,1,0.121287,0.262934,KNOWN
BoT-IoT,test,8088,DDoS,1,0.017507,0.262934,KNOWN
BoT-IoT,test,8089,DDoS,1,0.45081,0.262934,ZERO_DAY
BoT-IoT,test,8090,DDoS,1,0.260842,0.262934,KNOWN
BoT-IoT,test,8091,DDoS,1,0.003753,0.262934,KNOWN
BoT-IoT,test,8092,DoS,1,0.262705,0.262934,KNOWN
BoT-IoT,test,8093,DDoS,1,0.020195,0.262934,KNOWN
BoT-IoT,test,8094,DoS,1,0.168839,0.262934,KNOWN
BoT-IoT,test,8095,DoS,1,0.054744,0.262934,KNOWN
BoT-IoT,test,8096,DoS,1,0.031846,0.262934,KNOWN
BoT-IoT,test,8097,DDoS,1,0.115124,0.262934,KNOWN
BoT-IoT,test,8098,DDoS,1,0.010975,0.262934,KNOWN
BoT-IoT,test,8099,Reconnaissance,1,0.035613,0.262934,KNOWN
BoT-IoT,test,8100,DDoS,1,0.164949,0.262934,KNOWN
BoT-IoT,test,8101,DoS,1,0.051414,0.262934,KNOWN
BoT-IoT,test,8102,DDoS,1,0.095739,0.262934,KNOWN
BoT-IoT,test,8103,DoS,1,0.048112,0.262934,KNOWN
BoT-IoT,test,8104,DDoS,1,0.140378,0.262934,KNOWN
BoT-IoT,test,8105,DoS,1,0.008525,0.262934,KNOWN
BoT-IoT,test,8106,DoS,1,0.179074,0.262934,KNOWN
BoT-IoT,test,8107,DDoS,1,0.119104,0.262934,KNOWN
BoT-IoT,test,8108,DoS,1,0.035943,0.262934,KNOWN
BoT-IoT,test,8109,DDoS,1,0.007787,0.262934,KNOWN
BoT-IoT,test,8110,DDoS,1,0.02389,0.262934,KNOWN
BoT-IoT,test,8111,DoS,1,0.061189,0.262934,KNOWN
BoT-IoT,test,8112,DDoS,1,0.054564,0.262934,KNOWN
BoT-IoT,test,8113,DoS,1,0.078872,0.262934,KNOWN
BoT-IoT,test,8114,DDoS,1,0.182869,0.262934,KNOWN
BoT-IoT,test,8115,DDoS,1,0.051513,0.262934,KNOWN
BoT-IoT,test,8116,DoS,1,0.124631,0.262934,KNOWN
BoT-IoT,test,8117,DDoS,1,0.190209,0.262934,KNOWN
BoT-IoT,test,8118,DoS,1,0.130906,0.262934,KNOWN
BoT-IoT,test,8119,DDoS,1,0.013201,0.262934,KNOWN
BoT-IoT,test,8120,DoS,1,0.044416,0.262934,KNOWN
BoT-IoT,test,8121,DoS,1,0.114725,0.262934,KNOWN
BoT-IoT,test,8122,DDoS,1,0.003447,0.262934,KNOWN
BoT-IoT,test,8123,DoS,1,0.047255,0.262934,KNOWN
BoT-IoT,test,8124,DoS,1,0.027252,0.262934,KNOWN
BoT-IoT,test,8125,DoS,1,0.316788,0.262934,ZERO_DAY
BoT-IoT,test,8126,DoS,1,0.117414,0.262934,KNOWN
BoT-IoT,test,8127,DoS,1,0.111337,0.262934,KNOWN
BoT-IoT,test,8128,DoS,1,0.103483,0.262934,KNOWN
BoT-IoT,test,8129,DoS,1,0.027483,0.262934,KNOWN
BoT-IoT,test,8130,DoS,1,0.061616,0.262934,KNOWN
BoT-IoT,test,8131,DDoS,1,0.082976,0.262934,KNOWN
BoT-IoT,test,8132,DoS,1,0.023428,0.262934,KNOWN
BoT-IoT,test,8133,DDoS,1,0.154229,0.262934,KNOWN
BoT-IoT,test,8134,DoS,1,0.290277,0.262934,ZERO_DAY
BoT-IoT,test,8135,DoS,1,0.212241,0.262934,KNOWN
BoT-IoT,test,8136,DDoS,1,0.12139,0.262934,KNOWN
BoT-IoT,test,8137,DoS,1,0.016186,0.262934,KNOWN
BoT-IoT,test,8138,DoS,1,0.212486,0.262934,KNOWN
BoT-IoT,test,8139,DoS,1,0.069455,0.262934,KNOWN
BoT-IoT,test,8140,DoS,1,0.087641,0.262934,KNOWN
BoT-IoT,test,8141,DDoS,1,0.142413,0.262934,KNOWN
BoT-IoT,test,8142,DoS,1,0.123779,0.262934,KNOWN
BoT-IoT,test,8143,DoS,1,0.08987,0.262934,KNOWN
BoT-IoT,test,8144,DoS,1,0.051003,0.262934,KNOWN
BoT-IoT,test,8145,DDoS,1,0.170237,0.262934,KNOWN
BoT-IoT,test,8146,DoS,1,0.066278,0.262934,KNOWN
BoT-IoT,test,8147,DDoS,1,0.115651,0.262934,KNOWN
BoT-IoT,test,8148,DoS,1,0.072294,0.262934,KNOWN
BoT-IoT,test,8149,Normal,1,0.011458,0.262934,KNOWN
BoT-IoT,test,8150,DDoS,1,0.094261,0.262934,KNOWN
BoT-IoT,test,8151,DDoS,1,0.098603,0.262934,KNOWN
BoT-IoT,test,8152,DoS,1,0.068933,0.262934,KNOWN
BoT-IoT,test,8153,DoS,1,0.080699,0.262934,KNOWN
BoT-IoT,test,8154,DDoS,1,0.0466,0.262934,KNOWN
BoT-IoT,test,8155,DDoS,1,0.167343,0.262934,KNOWN
BoT-IoT,test,8156,DoS,1,0.289703,0.262934,ZERO_DAY
BoT-IoT,test,8157,DoS,1,0.032445,0.262934,KNOWN
BoT-IoT,test,8158,DDoS,1,0.079054,0.262934,KNOWN
BoT-IoT,test,8159,DoS,1,0.127799,0.262934,KNOWN
BoT-IoT,test,8160,DDoS,1,0.000916,0.262934,KNOWN
BoT-IoT,test,8161,DoS,1,0.188937,0.262934,KNOWN
BoT-IoT,test,8162,DDoS,1,0.039122,0.262934,KNOWN
BoT-IoT,test,8163,DoS,1,0.044573,0.262934,KNOWN
BoT-IoT,test,8164,DDoS,1,0.062723,0.262934,KNOWN
BoT-IoT,test,8165,DoS,1,0.026148,0.262934,KNOWN
BoT-IoT,test,8166,DoS,1,0.041211,0.262934,KNOWN
BoT-IoT,test,8167,DDoS,1,0.100675,0.262934,KNOWN
BoT-IoT,test,8168,DDoS,1,0.098373,0.262934,KNOWN
BoT-IoT,test,8169,DoS,1,0.022637,0.262934,KNOWN
BoT-IoT,test,8170,DDoS,1,0.303167,0.262934,ZERO_DAY
BoT-IoT,test,8171,DoS,1,0.012702,0.262934,KNOWN
BoT-IoT,test,8172,DoS,1,0.014071,0.262934,KNOWN
BoT-IoT,test,8173,DoS,1,0.099637,0.262934,KNOWN
BoT-IoT,test,8174,DDoS,1,0.010187,0.262934,KNOWN
BoT-IoT,test,8175,DoS,1,0.06278,0.262934,KNOWN
BoT-IoT,test,8176,DoS,1,0.031629,0.262934,KNOWN
BoT-IoT,test,8177,DoS,1,0.025339,0.262934,KNOWN
BoT-IoT,test,8178,DDoS,1,0.063582,0.262934,KNOWN
BoT-IoT,test,8179,DoS,1,0.060223,0.262934,KNOWN
BoT-IoT,test,8180,DoS,1,0.226563,0.262934,KNOWN
BoT-IoT,test,8181,DDoS,1,0.090149,0.262934,KNOWN
BoT-IoT,test,8182,DoS,1,0.251169,0.262934,KNOWN
BoT-IoT,test,8183,DDoS,1,0.320824,0.262934,ZERO_DAY
BoT-IoT,test,8184,DoS,1,0.092446,0.262934,KNOWN
BoT-IoT,test,8185,DDoS,1,0.186832,0.262934,KNOWN
BoT-IoT,test,8186,DDoS,1,0.02289,0.262934,KNOWN
BoT-IoT,test,8187,DDoS,1,0.418204,0.262934,ZERO_DAY
BoT-IoT,test,8188,DoS,1,0.025868,0.262934,KNOWN
BoT-IoT,test,8189,Normal,1,0.230483,0.262934,KNOWN
BoT-IoT,test,8190,DoS,1,0.033102,0.262934,KNOWN
BoT-IoT,test,8191,DoS,1,0.173067,0.262934,KNOWN
BoT-IoT,test,8192,DDoS,1,0.11674,0.262934,KNOWN
BoT-IoT,test,8193,DoS,1,0.028461,0.262934,KNOWN
BoT-IoT,test,8194,DoS,1,0.008629,0.262934,KNOWN
BoT-IoT,test,8195,DDoS,1,0.020109,0.262934,KNOWN
BoT-IoT,test,8196,DoS,1,0.051582,0.262934,KNOWN
BoT-IoT,test,8197,DDoS,1,0.191888,0.262934,KNOWN
BoT-IoT,test,8198,DoS,1,0.248025,0.262934,KNOWN
BoT-IoT,test,8199,DDoS,1,0.144175,0.262934,KNOWN
BoT-IoT,test,8200,DDoS,1,0.050246,0.262934,KNOWN
BoT-IoT,test,8201,DDoS,1,0.01508,0.262934,KNOWN
BoT-IoT,test,8202,DoS,1,0.037766,0.262934,KNOWN
BoT-IoT,test,8203,DDoS,1,0.178255,0.262934,KNOWN
BoT-IoT,test,8204,DoS,1,0.131806,0.262934,KNOWN
BoT-IoT,test,8205,DoS,1,0.210916,0.262934,KNOWN
BoT-IoT,test,8206,DDoS,1,0.11366,0.262934,KNOWN
BoT-IoT,test,8207,DDoS,1,0.032189,0.262934,KNOWN
BoT-IoT,test,8208,DDoS,1,0.139339,0.262934,KNOWN
BoT-IoT,test,8209,DoS,1,0.119868,0.262934,KNOWN
BoT-IoT,test,8210,DDoS,1,0.120669,0.262934,KNOWN
BoT-IoT,test,8211,DoS,1,0.370722,0.262934,ZERO_DAY
BoT-IoT,test,8212,DoS,1,0.070895,0.262934,KNOWN
BoT-IoT,test,8213,Normal,1,0.262341,0.262934,KNOWN
BoT-IoT,test,8214,DoS,1,0.091166,0.262934,KNOWN
BoT-IoT,test,8215,DDoS,1,0.328293,0.262934,ZERO_DAY
BoT-IoT,test,8216,DDoS,1,0.000931,0.262934,KNOWN
BoT-IoT,test,8217,DDoS,1,0.10288,0.262934,KNOWN
BoT-IoT,test,8218,DDoS,1,0.037079,0.262934,KNOWN
BoT-IoT,test,8219,DDoS,1,0.020383,0.262934,KNOWN
BoT-IoT,test,8220,DDoS,1,0.002231,0.262934,KNOWN
BoT-IoT,test,8221,DDoS,1,0.09757,0.262934,KNOWN
BoT-IoT,test,8222,DoS,1,0.133338,0.262934,KNOWN
BoT-IoT,test,8223,DDoS,1,0.048764,0.262934,KNOWN
BoT-IoT,test,8224,Reconnaissance,1,0.036016,0.262934,KNOWN
BoT-IoT,test,8225,DDoS,1,0.120886,0.262934,KNOWN
BoT-IoT,test,8226,DoS,1,0.156725,0.262934,KNOWN
BoT-IoT,test,8227,Normal,1,0.125088,0.262934,KNOWN
BoT-IoT,test,8228,DoS,1,0.189453,0.262934,KNOWN
BoT-IoT,test,8229,DoS,1,0.193158,0.262934,KNOWN
BoT-IoT,test,8230,DDoS,1,0.030455,0.262934,KNOWN
BoT-IoT,test,8231,DoS,1,0.13688,0.262934,KNOWN
BoT-IoT,test,8232,DoS,1,0.070863,0.262934,KNOWN
BoT-IoT,test,8233,DDoS,1,0.185906,0.262934,KNOWN
BoT-IoT,test,8234,DoS,1,0.087814,0.262934,KNOWN
BoT-IoT,test,8235,DDoS,1,0.138394,0.262934,KNOWN
BoT-IoT,test,8236,DDoS,1,0.163702,0.262934,KNOWN
BoT-IoT,test,8237,DDoS,1,0.163026,0.262934,KNOWN
BoT-IoT,test,8238,DDoS,1,0.214463,0.262934,KNOWN
BoT-IoT,test,8239,DoS,1,0.01921,0.262934,KNOWN
BoT-IoT,test,8240,DDoS,1,0.159699,0.262934,KNOWN
BoT-IoT,test,8241,DDoS,1,0.203197,0.262934,KNOWN
BoT-IoT,test,8242,DDoS,1,0.130291,0.262934,KNOWN
BoT-IoT,test,8243,DoS,1,0.098841,0.262934,KNOWN
BoT-IoT,test,8244,DDoS,1,0.005699,0.262934,KNOWN
BoT-IoT,test,8245,DDoS,1,0.08908,0.262934,KNOWN
BoT-IoT,test,8246,DoS,1,0.139416,0.262934,KNOWN
BoT-IoT,test,8247,DoS,1,0.029236,0.262934,KNOWN
BoT-IoT,test,8248,DDoS,1,0.279045,0.262934,ZERO_DAY
BoT-IoT,test,8249,DDoS,1,0.051098,0.262934,KNOWN
BoT-IoT,test,8250,Normal,1,0.02493,0.262934,KNOWN
BoT-IoT,test,8251,DoS,1,0.118437,0.262934,KNOWN
BoT-IoT,test,8252,DoS,1,0.167472,0.262934,KNOWN
BoT-IoT,test,8253,DoS,1,0.029845,0.262934,KNOWN
BoT-IoT,test,8254,DDoS,1,0.081377,0.262934,KNOWN
BoT-IoT,test,8255,DoS,1,0.011798,0.262934,KNOWN
BoT-IoT,test,8256,DDoS,1,0.138996,0.262934,KNOWN
BoT-IoT,test,8257,DoS,1,0.301354,0.262934,ZERO_DAY
BoT-IoT,test,8258,DDoS,1,0.250028,0.262934,KNOWN
BoT-IoT,test,8259,DoS,1,0.095241,0.262934,KNOWN
BoT-IoT,test,8260,DDoS,1,0.053637,0.262934,KNOWN
BoT-IoT,test,8261,DoS,1,0.081415,0.262934,KNOWN
BoT-IoT,test,8262,DoS,1,0.103399,0.262934,KNOWN
BoT-IoT,test,8263,DoS,1,0.041743,0.262934,KNOWN
BoT-IoT,test,8264,DoS,1,0.008356,0.262934,KNOWN
BoT-IoT,test,8265,DoS,1,0.072823,0.262934,KNOWN
BoT-IoT,test,8266,DDoS,1,0.029658,0.262934,KNOWN
BoT-IoT,test,8267,DDoS,1,0.164499,0.262934,KNOWN
BoT-IoT,test,8268,DDoS,1,0.140053,0.262934,KNOWN
BoT-IoT,test,8269,DDoS,1,0.150958,0.262934,KNOWN
BoT-IoT,test,8270,DoS,1,0.065988,0.262934,KNOWN
BoT-IoT,test,8271,DoS,1,0.203776,0.262934,KNOWN
BoT-IoT,test,8272,DDoS,1,0.231458,0.262934,KNOWN
BoT-IoT,test,8273,DoS,1,0.060244,0.262934,KNOWN
BoT-IoT,test,8274,DoS,1,0.536057,0.262934,ZERO_DAY
BoT-IoT,test,8275,DDoS,1,0.093035,0.262934,KNOWN
BoT-IoT,test,8276,DoS,1,0.095596,0.262934,KNOWN
BoT-IoT,test,8277,DoS,1,0.032984,0.262934,KNOWN
BoT-IoT,test,8278,DDoS,1,0.12245,0.262934,KNOWN
BoT-IoT,test,8279,DDoS,1,0.145766,0.262934,KNOWN
BoT-IoT,test,8280,DDoS,1,0.220264,0.262934,KNOWN
BoT-IoT,test,8281,DoS,1,0.017547,0.262934,KNOWN
BoT-IoT,test,8282,Normal,1,0.18223,0.262934,KNOWN
BoT-IoT,test,8283,DDoS,1,0.056418,0.262934,KNOWN
BoT-IoT,test,8284,DoS,1,0.176566,0.262934,KNOWN
BoT-IoT,test,8285,DDoS,1,0.108962,0.262934,KNOWN
BoT-IoT,test,8286,DoS,1,0.139632,0.262934,KNOWN
BoT-IoT,test,8287,DDoS,1,0.060375,0.262934,KNOWN
BoT-IoT,test,8288,DoS,1,0.112976,0.262934,KNOWN
BoT-IoT,test,8289,DoS,1,0.018664,0.262934,KNOWN
BoT-IoT,test,8290,DDoS,1,0.047103,0.262934,KNOWN
BoT-IoT,test,8291,Normal,1,0.20501,0.262934,KNOWN
BoT-IoT,test,8292,Normal,1,0.110505,0.262934,KNOWN
BoT-IoT,test,8293,DDoS,1,0.102639,0.262934,KNOWN
BoT-IoT,test,8294,DoS,1,0.151591,0.262934,KNOWN
BoT-IoT,test,8295,DoS,1,0.128598,0.262934,KNOWN
BoT-IoT,test,8296,DoS,1,0.05385,0.262934,KNOWN
BoT-IoT,test,8297,DoS,1,0.024757,0.262934,KNOWN
BoT-IoT,test,8298,DoS,1,0.144988,0.262934,KNOWN
BoT-IoT,test,8299,DDoS,1,0.009687,0.262934,KNOWN
BoT-IoT,test,8300,DoS,1,0.047726,0.262934,KNOWN
BoT-IoT,test,8301,DoS,1,0.119537,0.262934,KNOWN
BoT-IoT,test,8302,DoS,1,0.069167,0.262934,KNOWN
BoT-IoT,test,8303,DoS,1,0.024702,0.262934,KNOWN
BoT-IoT,test,8304,DoS,1,0.335208,0.262934,ZERO_DAY
BoT-IoT,test,8305,DDoS,1,0.138065,0.262934,KNOWN
BoT-IoT,test,8306,DDoS,1,0.125998,0.262934,KNOWN
BoT-IoT,test,8307,DoS,1,0.096262,0.262934,KNOWN
BoT-IoT,test,8308,DDoS,1,0.0412,0.262934,KNOWN
BoT-IoT,test,8309,DoS,1,0.076164,0.262934,KNOWN
BoT-IoT,test,8310,DoS,1,0.044462,0.262934,KNOWN
BoT-IoT,test,8311,DoS,1,0.018874,0.262934,KNOWN
BoT-IoT,test,8312,DDoS,1,0.093468,0.262934,KNOWN
BoT-IoT,test,8313,DoS,1,0.134446,0.262934,KNOWN
BoT-IoT,test,8314,DoS,1,0.011702,0.262934,KNOWN
BoT-IoT,test,8315,DoS,1,0.346481,0.262934,ZERO_DAY
BoT-IoT,test,8316,DDoS,1,0.081909,0.262934,KNOWN
BoT-IoT,test,8317,DDoS,1,0.032908,0.262934,KNOWN
BoT-IoT,test,8318,DoS,1,0.065732,0.262934,KNOWN
BoT-IoT,test,8319,DoS,1,0.064961,0.262934,KNOWN
BoT-IoT,test,8320,DDoS,1,0.117104,0.262934,KNOWN
BoT-IoT,test,8321,DoS,1,0.049865,0.262934,KNOWN
BoT-IoT,test,8322,DDoS,1,0.051172,0.262934,KNOWN
BoT-IoT,test,8323,DoS,1,0.116144,0.262934,KNOWN
BoT-IoT,test,8324,DDoS,1,0.058928,0.262934,KNOWN
BoT-IoT,test,8325,DoS,1,0.013817,0.262934,KNOWN
BoT-IoT,test,8326,DoS,1,0.141372,0.262934,KNOWN
BoT-IoT,test,8327,DDoS,1,0.062689,0.262934,KNOWN
BoT-IoT,test,8328,DDoS,1,0.097795,0.262934,KNOWN
BoT-IoT,test,8329,DoS,1,0.018517,0.262934,KNOWN
BoT-IoT,test,8330,DDoS,1,0.084448,0.262934,KNOWN
BoT-IoT,test,8331,DDoS,1,0.178977,0.262934,KNOWN
BoT-IoT,test,8332,DDoS,1,0.199713,0.262934,KNOWN
BoT-IoT,test,8333,DDoS,1,0.05607,0.262934,KNOWN
BoT-IoT,test,8334,DoS,1,0.008855,0.262934,KNOWN
BoT-IoT,test,8335,DoS,1,0.259067,0.262934,KNOWN
BoT-IoT,test,8336,DDoS,1,0.094243,0.262934,KNOWN
BoT-IoT,test,8337,DDoS,1,0.003809,0.262934,KNOWN
BoT-IoT,test,8338,DoS,1,0.114301,0.262934,KNOWN
BoT-IoT,test,8339,DDoS,1,0.138338,0.262934,KNOWN
BoT-IoT,test,8340,DoS,1,0.104114,0.262934,KNOWN
BoT-IoT,test,8341,DoS,1,0.176418,0.262934,KNOWN
BoT-IoT,test,8342,DoS,1,0.002834,0.262934,KNOWN
BoT-IoT,test,8343,DDoS,1,0.027252,0.262934,KNOWN
BoT-IoT,test,8344,DDoS,1,0.005984,0.262934,KNOWN
BoT-IoT,test,8345,DDoS,1,0.013392,0.262934,KNOWN
BoT-IoT,test,8346,DDoS,1,0.106922,0.262934,KNOWN
BoT-IoT,test,8347,DoS,1,0.203493,0.262934,KNOWN
BoT-IoT,test,8348,DDoS,1,0.014734,0.262934,KNOWN
BoT-IoT,test,8349,DoS,1,0.237858,0.262934,KNOWN
BoT-IoT,test,8350,DDoS,1,0.050302,0.262934,KNOWN
BoT-IoT,test,8351,DoS,1,0.177323,0.262934,KNOWN
BoT-IoT,test,8352,DoS,1,0.048154,0.262934,KNOWN
BoT-IoT,test,8353,DDoS,1,0.257716,0.262934,KNOWN
BoT-IoT,test,8354,DDoS,1,0.025717,0.262934,KNOWN
BoT-IoT,test,8355,DDoS,1,0.20589,0.262934,KNOWN
BoT-IoT,test,8356,Reconnaissance,1,0.081874,0.262934,KNOWN
BoT-IoT,test,8357,DDoS,1,0.227373,0.262934,KNOWN
BoT-IoT,test,8358,DoS,1,0.047981,0.262934,KNOWN
BoT-IoT,test,8359,DoS,1,0.044262,0.262934,KNOWN
BoT-IoT,test,8360,DoS,1,0.087085,0.262934,KNOWN
BoT-IoT,test,8361,DDoS,1,0.28264,0.262934,ZERO_DAY
BoT-IoT,test,8362,DoS,1,0.032271,0.262934,KNOWN
BoT-IoT,test,8363,DDoS,1,0.184445,0.262934,KNOWN
BoT-IoT,test,8364,DDoS,1,0.006961,0.262934,KNOWN
BoT-IoT,test,8365,DoS,1,0.041442,0.262934,KNOWN
BoT-IoT,test,8366,DDoS,1,0.144841,0.262934,KNOWN
BoT-IoT,test,8367,DoS,1,0.012087,0.262934,KNOWN
BoT-IoT,test,8368,DDoS,1,0.133999,0.262934,KNOWN
BoT-IoT,test,8369,DDoS,1,0.056876,0.262934,KNOWN
BoT-IoT,test,8370,DDoS,1,0.039005,0.262934,KNOWN
BoT-IoT,test,8371,DDoS,1,0.10978,0.262934,KNOWN
BoT-IoT,test,8372,DoS,1,0.183256,0.262934,KNOWN
BoT-IoT,test,8373,DoS,1,0.334963,0.262934,ZERO_DAY
BoT-IoT,test,8374,DoS,1,0.00635,0.262934,KNOWN
BoT-IoT,test,8375,DoS,1,0.066536,0.262934,KNOWN
BoT-IoT,test,8376,DoS,1,0.052677,0.262934,KNOWN
BoT-IoT,test,8377,DoS,1,0.313481,0.262934,ZERO_DAY
BoT-IoT,test,8378,DoS,1,0.207013,0.262934,KNOWN
BoT-IoT,test,8379,DoS,1,0.098618,0.262934,KNOWN
BoT-IoT,test,8380,DDoS,1,0.197875,0.262934,KNOWN
BoT-IoT,test,8381,DoS,1,0.110812,0.262934,KNOWN
BoT-IoT,test,8382,DDoS,1,0.108248,0.262934,KNOWN
BoT-IoT,test,8383,DDoS,1,0.038401,0.262934,KNOWN
BoT-IoT,test,8384,DoS,1,0.069371,0.262934,KNOWN
BoT-IoT,test,8385,DDoS,1,0.126248,0.262934,KNOWN
BoT-IoT,test,8386,DoS,1,0.098515,0.262934,KNOWN
BoT-IoT,test,8387,DoS,1,0.018878,0.262934,KNOWN
BoT-IoT,test,8388,Reconnaissance,1,0.272423,0.262934,ZERO_DAY
BoT-IoT,test,8389,DDoS,1,0.107583,0.262934,KNOWN
BoT-IoT,test,8390,DoS,1,0.010232,0.262934,KNOWN
BoT-IoT,test,8391,DDoS,1,0.465722,0.262934,ZERO_DAY
BoT-IoT,test,8392,DoS,1,0.059005,0.262934,KNOWN
BoT-IoT,test,8393,DoS,1,0.165365,0.262934,KNOWN
BoT-IoT,test,8394,DDoS,1,0.017808,0.262934,KNOWN
BoT-IoT,test,8395,DoS,1,0.068844,0.262934,KNOWN
BoT-IoT,test,8396,DoS,1,0.161346,0.262934,KNOWN
BoT-IoT,test,8397,DDoS,1,0.03346,0.262934,KNOWN
BoT-IoT,test,8398,DoS,1,0.183693,0.262934,KNOWN
BoT-IoT,test,8399,DDoS,1,0.088093,0.262934,KNOWN
BoT-IoT,test,8400,DDoS,1,0.103629,0.262934,KNOWN
BoT-IoT,test,8401,DoS,1,0.117612,0.262934,KNOWN
BoT-IoT,test,8402,DDoS,1,0.054357,0.262934,KNOWN
BoT-IoT,test,8403,DoS,1,0.08941,0.262934,KNOWN
BoT-IoT,test,8404,DoS,1,0.067459,0.262934,KNOWN
BoT-IoT,test,8405,DoS,1,0.095699,0.262934,KNOWN
BoT-IoT,test,8406,DoS,1,0.076864,0.262934,KNOWN
BoT-IoT,test,8407,DDoS,1,0.312464,0.262934,ZERO_DAY
BoT-IoT,test,8408,Normal,1,0.079066,0.262934,KNOWN
BoT-IoT,test,8409,DDoS,1,0.160448,0.262934,KNOWN
BoT-IoT,test,8410,DoS,1,0.109533,0.262934,KNOWN
BoT-IoT,test,8411,DDoS,1,0.105526,0.262934,KNOWN
BoT-IoT,test,8412,DoS,1,0.052475,0.262934,KNOWN
BoT-IoT,test,8413,DoS,1,0.209949,0.262934,KNOWN
BoT-IoT,test,8414,DDoS,1,0.036841,0.262934,KNOWN
BoT-IoT,test,8415,DDoS,1,0.050937,0.262934,KNOWN
BoT-IoT,test,8416,Normal,1,0.138776,0.262934,KNOWN
BoT-IoT,test,8417,DDoS,1,0.156892,0.262934,KNOWN
BoT-IoT,test,8418,DDoS,1,0.050238,0.262934,KNOWN
BoT-IoT,test,8419,DoS,1,0.157763,0.262934,KNOWN
BoT-IoT,test,8420,DDoS,1,0.106015,0.262934,KNOWN
BoT-IoT,test,8421,DoS,1,0.020004,0.262934,KNOWN
BoT-IoT,test,8422,DoS,1,0.168701,0.262934,KNOWN
BoT-IoT,test,8423,DoS,1,0.098169,0.262934,KNOWN
BoT-IoT,test,8424,DDoS,1,0.185345,0.262934,KNOWN
BoT-IoT,test,8425,DDoS,1,0.059684,0.262934,KNOWN
BoT-IoT,test,8426,DDoS,1,0.020357,0.262934,KNOWN
BoT-IoT,test,8427,DoS,1,0.194996,0.262934,KNOWN
BoT-IoT,test,8428,DDoS,1,0.012729,0.262934,KNOWN
BoT-IoT,test,8429,DDoS,1,0.091408,0.262934,KNOWN
BoT-IoT,test,8430,DoS,1,0.041987,0.262934,KNOWN
BoT-IoT,test,8431,DoS,1,0.378801,0.262934,ZERO_DAY
BoT-IoT,test,8432,DoS,1,0.067189,0.262934,KNOWN
BoT-IoT,test,8433,DoS,1,0.070097,0.262934,KNOWN
BoT-IoT,test,8434,DDoS,1,0.049038,0.262934,KNOWN
BoT-IoT,test,8435,DDoS,1,0.084708,0.262934,KNOWN
BoT-IoT,test,8436,Normal,1,0.173503,0.262934,KNOWN
BoT-IoT,test,8437,DDoS,1,0.285525,0.262934,ZERO_DAY
BoT-IoT,test,8438,DoS,1,0.12772,0.262934,KNOWN
BoT-IoT,test,8439,DoS,1,0.139162,0.262934,KNOWN
BoT-IoT,test,8440,DDoS,1,0.038449,0.262934,KNOWN
BoT-IoT,test,8441,DDoS,1,0.072289,0.262934,KNOWN
BoT-IoT,test,8442,DoS,1,0.374362,0.262934,ZERO_DAY
BoT-IoT,test,8443,DoS,1,0.051174,0.262934,KNOWN
BoT-IoT,test,8444,DoS,1,0.181553,0.262934,KNOWN
BoT-IoT,test,8445,DoS,1,0.001479,0.262934,KNOWN
BoT-IoT,test,8446,DoS,1,0.00636,0.262934,KNOWN
BoT-IoT,test,8447,DoS,1,0.038381,0.262934,KNOWN
BoT-IoT,test,8448,DoS,1,0.031806,0.262934,KNOWN
BoT-IoT,test,8449,DoS,1,0.291684,0.262934,ZERO_DAY
BoT-IoT,test,8450,DoS,1,0.022047,0.262934,KNOWN
BoT-IoT,test,8451,DoS,1,0.048697,0.262934,KNOWN
BoT-IoT,test,8452,DDoS,1,0.096444,0.262934,KNOWN
BoT-IoT,test,8453,DoS,1,0.018463,0.262934,KNOWN
BoT-IoT,test,8454,DDoS,1,0.199943,0.262934,KNOWN
BoT-IoT,test,8455,DDoS,1,0.065713,0.262934,KNOWN
BoT-IoT,test,8456,DDoS,1,0.142079,0.262934,KNOWN
BoT-IoT,test,8457,Normal,1,0.109176,0.262934,KNOWN
BoT-IoT,test,8458,DDoS,1,0.174228,0.262934,KNOWN
BoT-IoT,test,8459,DDoS,1,0.1007,0.262934,KNOWN
BoT-IoT,test,8460,DoS,1,0.219622,0.262934,KNOWN
BoT-IoT,test,8461,DoS,1,0.036648,0.262934,KNOWN
BoT-IoT,test,8462,DDoS,1,0.008773,0.262934,KNOWN
BoT-IoT,test,8463,DDoS,1,0.076524,0.262934,KNOWN
BoT-IoT,test,8464,DDoS,1,0.425927,0.262934,ZERO_DAY
BoT-IoT,test,8465,DoS,1,0.182739,0.262934,KNOWN
BoT-IoT,test,8466,DoS,1,0.155796,0.262934,KNOWN
BoT-IoT,test,8467,DDoS,1,0.370338,0.262934,ZERO_DAY
BoT-IoT,test,8468,DoS,1,0.222127,0.262934,KNOWN
BoT-IoT,test,8469,DDoS,1,0.359807,0.262934,ZERO_DAY
BoT-IoT,test,8470,DoS,1,0.049709,0.262934,KNOWN
BoT-IoT,test,8471,DoS,1,0.065056,0.262934,KNOWN
BoT-IoT,test,8472,DDoS,1,0.031559,0.262934,KNOWN
BoT-IoT,test,8473,DoS,1,0.055699,0.262934,KNOWN
BoT-IoT,test,8474,DoS,1,0.065455,0.262934,KNOWN
BoT-IoT,test,8475,DDoS,1,0.270564,0.262934,ZERO_DAY
BoT-IoT,test,8476,DoS,1,0.088183,0.262934,KNOWN
BoT-IoT,test,8477,DDoS,1,0.087714,0.262934,KNOWN
BoT-IoT,test,8478,DDoS,1,0.073895,0.262934,KNOWN
BoT-IoT,test,8479,DoS,1,0.032634,0.262934,KNOWN
BoT-IoT,test,8480,DDoS,1,0.099189,0.262934,KNOWN
BoT-IoT,test,8481,DoS,1,0.087584,0.262934,KNOWN
BoT-IoT,test,8482,DoS,1,0.149018,0.262934,KNOWN
BoT-IoT,test,8483,DoS,1,0.338621,0.262934,ZERO_DAY
BoT-IoT,test,8484,DDoS,1,0.121133,0.262934,KNOWN
BoT-IoT,test,8485,DDoS,1,0.130769,0.262934,KNOWN
BoT-IoT,test,8486,DDoS,1,0.050406,0.262934,KNOWN
BoT-IoT,test,8487,DoS,1,0.07469,0.262934,KNOWN
BoT-IoT,test,8488,DDoS,1,0.191856,0.262934,KNOWN
BoT-IoT,test,8489,DoS,1,0.029504,0.262934,KNOWN
BoT-IoT,test,8490,DoS,1,0.093505,0.262934,KNOWN
BoT-IoT,test,8491,DDoS,1,0.18826,0.262934,KNOWN
BoT-IoT,test,8492,DoS,1,0.028122,0.262934,KNOWN
BoT-IoT,test,8493,DDoS,1,0.224633,0.262934,KNOWN
BoT-IoT,test,8494,DDoS,1,0.188495,0.262934,KNOWN
BoT-IoT,test,8495,DDoS,1,0.152237,0.262934,KNOWN
BoT-IoT,test,8496,DoS,1,0.141925,0.262934,KNOWN
BoT-IoT,test,8497,DoS,1,0.058613,0.262934,KNOWN
BoT-IoT,test,8498,DoS,1,0.018414,0.262934,KNOWN
BoT-IoT,test,8499,DDoS,1,0.102715,0.262934,KNOWN
BoT-IoT,test,8500,DDoS,1,0.023817,0.262934,KNOWN
BoT-IoT,test,8501,DDoS,1,0.009622,0.262934,KNOWN
BoT-IoT,test,8502,Normal,1,0.050187,0.262934,KNOWN
BoT-IoT,test,8503,DDoS,1,0.002635,0.262934,KNOWN
BoT-IoT,test,8504,DDoS,1,0.113691,0.262934,KNOWN
BoT-IoT,test,8505,DDoS,1,0.076543,0.262934,KNOWN
BoT-IoT,test,8506,DoS,1,0.078268,0.262934,KNOWN
BoT-IoT,test,8507,DDoS,1,0.129436,0.262934,KNOWN
BoT-IoT,test,8508,DDoS,1,0.037373,0.262934,KNOWN
BoT-IoT,test,8509,DDoS,1,0.111304,0.262934,KNOWN
BoT-IoT,test,8510,DoS,1,0.030355,0.262934,KNOWN
BoT-IoT,test,8511,DDoS,1,0.145657,0.262934,KNOWN
BoT-IoT,test,8512,Reconnaissance,1,0.120657,0.262934,KNOWN
BoT-IoT,test,8513,DoS,1,0.054315,0.262934,KNOWN
BoT-IoT,test,8514,DDoS,1,0.17347,0.262934,KNOWN
BoT-IoT,test,8515,DDoS,1,0.008281,0.262934,KNOWN
BoT-IoT,test,8516,DDoS,1,0.07594,0.262934,KNOWN
BoT-IoT,test,8517,DDoS,1,0.112016,0.262934,KNOWN
BoT-IoT,test,8518,Normal,1,0.226622,0.262934,KNOWN
BoT-IoT,test,8519,DoS,1,0.087432,0.262934,KNOWN
BoT-IoT,test,8520,DDoS,1,0.117102,0.262934,KNOWN
BoT-IoT,test,8521,DDoS,1,0.02584,0.262934,KNOWN
BoT-IoT,test,8522,DDoS,1,0.051161,0.262934,KNOWN
BoT-IoT,test,8523,DDoS,1,0.273386,0.262934,ZERO_DAY
BoT-IoT,test,8524,DDoS,1,0.051631,0.262934,KNOWN
BoT-IoT,test,8525,DoS,1,0.002775,0.262934,KNOWN
BoT-IoT,test,8526,DoS,1,0.064755,0.262934,KNOWN
BoT-IoT,test,8527,DDoS,1,0.145044,0.262934,KNOWN
BoT-IoT,test,8528,DDoS,1,0.043683,0.262934,KNOWN
BoT-IoT,test,8529,DDoS,1,0.047575,0.262934,KNOWN
BoT-IoT,test,8530,DoS,1,0.120158,0.262934,KNOWN
BoT-IoT,test,8531,DoS,1,0.073885,0.262934,KNOWN
BoT-IoT,test,8532,DDoS,1,0.047335,0.262934,KNOWN
BoT-IoT,test,8533,DDoS,1,0.082094,0.262934,KNOWN
BoT-IoT,test,8534,DDoS,1,0.157059,0.262934,KNOWN
BoT-IoT,test,8535,DDoS,1,0.258596,0.262934,KNOWN
BoT-IoT,test,8536,DoS,1,0.026809,0.262934,KNOWN
BoT-IoT,test,8537,DDoS,1,0.123783,0.262934,KNOWN
BoT-IoT,test,8538,DDoS,1,0.054115,0.262934,KNOWN
BoT-IoT,test,8539,DoS,1,0.105123,0.262934,KNOWN
BoT-IoT,test,8540,DoS,1,0.104201,0.262934,KNOWN
BoT-IoT,test,8541,DDoS,1,0.036223,0.262934,KNOWN
BoT-IoT,test,8542,DoS,1,0.088202,0.262934,KNOWN
BoT-IoT,test,8543,DoS,1,0.138174,0.262934,KNOWN
BoT-IoT,test,8544,DoS,1,0.023744,0.262934,KNOWN
BoT-IoT,test,8545,DoS,1,0.137817,0.262934,KNOWN
BoT-IoT,test,8546,DoS,1,0.008904,0.262934,KNOWN
BoT-IoT,test,8547,DoS,1,0.092223,0.262934,KNOWN
BoT-IoT,test,8548,DDoS,1,0.066174,0.262934,KNOWN
BoT-IoT,test,8549,DoS,1,0.004692,0.262934,KNOWN
BoT-IoT,test,8550,DDoS,1,0.02182,0.262934,KNOWN
BoT-IoT,test,8551,DDoS,1,0.090753,0.262934,KNOWN
BoT-IoT,test,8552,DoS,1,0.076826,0.262934,KNOWN
BoT-IoT,test,8553,DDoS,1,0.141052,0.262934,KNOWN
BoT-IoT,test,8554,DDoS,1,0.332635,0.262934,ZERO_DAY
BoT-IoT,test,8555,DDoS,1,0.109498,0.262934,KNOWN
BoT-IoT,test,8556,DDoS,1,0.031061,0.262934,KNOWN
BoT-IoT,test,8557,DDoS,1,0.268013,0.262934,ZERO_DAY
BoT-IoT,test,8558,DDoS,1,0.004494,0.262934,KNOWN
BoT-IoT,test,8559,Reconnaissance,1,0.025914,0.262934,KNOWN
BoT-IoT,test,8560,DDoS,1,0.293767,0.262934,ZERO_DAY
BoT-IoT,test,8561,DoS,1,0.178876,0.262934,KNOWN
BoT-IoT,test,8562,DoS,1,0.040212,0.262934,KNOWN
BoT-IoT,test,8563,DoS,1,0.201306,0.262934,KNOWN
BoT-IoT,test,8564,DoS,1,0.035691,0.262934,KNOWN
BoT-IoT,test,8565,DoS,1,0.03697,0.262934,KNOWN
BoT-IoT,test,8566,DoS,1,0.018699,0.262934,KNOWN
BoT-IoT,test,8567,DDoS,1,0.1525,0.262934,KNOWN
BoT-IoT,test,8568,DDoS,1,0.112828,0.262934,KNOWN
BoT-IoT,test,8569,DoS,1,0.011824,0.262934,KNOWN
BoT-IoT,test,8570,DoS,1,0.288814,0.262934,ZERO_DAY
BoT-IoT,test,8571,DoS,1,0.050948,0.262934,KNOWN
BoT-IoT,test,8572,DoS,1,0.082036,0.262934,KNOWN
BoT-IoT,test,8573,DoS,1,0.059425,0.262934,KNOWN
BoT-IoT,test,8574,DDoS,1,0.100875,0.262934,KNOWN
BoT-IoT,test,8575,DDoS,1,0.094766,0.262934,KNOWN
BoT-IoT,test,8576,DDoS,1,0.010842,0.262934,KNOWN
BoT-IoT,test,8577,DoS,1,0.137172,0.262934,KNOWN
BoT-IoT,test,8578,Normal,1,0.018779,0.262934,KNOWN
BoT-IoT,test,8579,DoS,1,0.22407,0.262934,KNOWN
BoT-IoT,test,8580,DoS,1,0.104478,0.262934,KNOWN
BoT-IoT,test,8581,DoS,1,0.034005,0.262934,KNOWN
BoT-IoT,test,8582,DoS,1,0.02768,0.262934,KNOWN
BoT-IoT,test,8583,DoS,1,0.15867,0.262934,KNOWN
BoT-IoT,test,8584,DoS,1,0.080146,0.262934,KNOWN
BoT-IoT,test,8585,DDoS,1,0.189657,0.262934,KNOWN
BoT-IoT,test,8586,Reconnaissance,1,0.006686,0.262934,KNOWN
BoT-IoT,test,8587,DDoS,1,0.015367,0.262934,KNOWN
BoT-IoT,test,8588,DDoS,1,0.190879,0.262934,KNOWN
BoT-IoT,test,8589,DoS,1,0.127718,0.262934,KNOWN
BoT-IoT,test,8590,DDoS,1,0.067084,0.262934,KNOWN
BoT-IoT,test,8591,DDoS,1,0.059445,0.262934,KNOWN
BoT-IoT,test,8592,DoS,1,0.253236,0.262934,KNOWN
BoT-IoT,test,8593,DDoS,1,0.001384,0.262934,KNOWN
BoT-IoT,test,8594,DoS,1,0.028403,0.262934,KNOWN
BoT-IoT,test,8595,DoS,1,0.01025,0.262934,KNOWN
BoT-IoT,test,8596,DoS,1,0.099849,0.262934,KNOWN
BoT-IoT,test,8597,DoS,1,0.028976,0.262934,KNOWN
BoT-IoT,test,8598,DoS,1,0.01605,0.262934,KNOWN
BoT-IoT,test,8599,DoS,1,0.139566,0.262934,KNOWN
BoT-IoT,test,8600,DDoS,1,0.056365,0.262934,KNOWN
BoT-IoT,test,8601,DoS,1,0.082643,0.262934,KNOWN
BoT-IoT,test,8602,DDoS,1,0.009437,0.262934,KNOWN
BoT-IoT,test,8603,DDoS,1,0.027649,0.262934,KNOWN
BoT-IoT,test,8604,DoS,1,0.012107,0.262934,KNOWN
BoT-IoT,test,8605,DDoS,1,0.178651,0.262934,KNOWN
BoT-IoT,test,8606,DDoS,1,0.057412,0.262934,KNOWN
BoT-IoT,test,8607,Normal,1,0.078267,0.262934,KNOWN
BoT-IoT,test,8608,DoS,1,0.130162,0.262934,KNOWN
BoT-IoT,test,8609,DoS,1,0.135367,0.262934,KNOWN
BoT-IoT,test,8610,DDoS,1,0.248421,0.262934,KNOWN
BoT-IoT,test,8611,DDoS,1,0.187521,0.262934,KNOWN
BoT-IoT,test,8612,DDoS,1,0.118772,0.262934,KNOWN
BoT-IoT,test,8613,DDoS,1,0.056109,0.262934,KNOWN
BoT-IoT,test,8614,DDoS,1,0.04278,0.262934,KNOWN
BoT-IoT,test,8615,DoS,1,0.045983,0.262934,KNOWN
BoT-IoT,test,8616,DDoS,1,0.051163,0.262934,KNOWN
BoT-IoT,test,8617,Normal,1,0.046582,0.262934,KNOWN
BoT-IoT,test,8618,DDoS,1,0.026992,0.262934,KNOWN
BoT-IoT,test,8619,DDoS,1,0.12724,0.262934,KNOWN
BoT-IoT,test,8620,DoS,1,0.075838,0.262934,KNOWN
BoT-IoT,test,8621,DDoS,1,0.209678,0.262934,KNOWN
BoT-IoT,test,8622,DDoS,1,0.172028,0.262934,KNOWN
BoT-IoT,test,8623,DoS,1,0.129297,0.262934,KNOWN
BoT-IoT,test,8624,DoS,1,0.125684,0.262934,KNOWN
BoT-IoT,test,8625,DoS,1,0.035471,0.262934,KNOWN
BoT-IoT,test,8626,DoS,1,0.012046,0.262934,KNOWN
BoT-IoT,test,8627,DDoS,1,0.011794,0.262934,KNOWN
BoT-IoT,test,8628,DDoS,1,0.026544,0.262934,KNOWN
BoT-IoT,test,8629,DoS,1,0.098907,0.262934,KNOWN
BoT-IoT,test,8630,DoS,1,0.027103,0.262934,KNOWN
BoT-IoT,test,8631,DDoS,1,0.063738,0.262934,KNOWN
BoT-IoT,test,8632,DoS,1,0.027103,0.262934,KNOWN
BoT-IoT,test,8633,DDoS,1,0.036028,0.262934,KNOWN
BoT-IoT,test,8634,DoS,1,0.140785,0.262934,KNOWN
BoT-IoT,test,8635,DDoS,1,0.047077,0.262934,KNOWN
BoT-IoT,test,8636,DoS,1,0.041817,0.262934,KNOWN
BoT-IoT,test,8637,DDoS,1,0.093346,0.262934,KNOWN
BoT-IoT,test,8638,DoS,1,0.031004,0.262934,KNOWN
BoT-IoT,test,8639,DoS,1,0.163277,0.262934,KNOWN
BoT-IoT,test,8640,DDoS,1,0.072564,0.262934,KNOWN
BoT-IoT,test,8641,DDoS,1,0.120572,0.262934,KNOWN
BoT-IoT,test,8642,DoS,1,0.086047,0.262934,KNOWN
BoT-IoT,test,8643,DDoS,1,0.240796,0.262934,KNOWN
BoT-IoT,test,8644,DDoS,1,0.100985,0.262934,KNOWN
BoT-IoT,test,8645,DDoS,1,0.093421,0.262934,KNOWN
BoT-IoT,test,8646,DDoS,1,0.011016,0.262934,KNOWN
BoT-IoT,test,8647,DDoS,1,0.074461,0.262934,KNOWN
BoT-IoT,test,8648,DoS,1,0.253868,0.262934,KNOWN
BoT-IoT,test,8649,DDoS,1,0.169769,0.262934,KNOWN
BoT-IoT,test,8650,DDoS,1,0.018329,0.262934,KNOWN
BoT-IoT,test,8651,DDoS,1,0.091625,0.262934,KNOWN
BoT-IoT,test,8652,DoS,1,0.098232,0.262934,KNOWN
BoT-IoT,test,8653,DDoS,1,0.36678,0.262934,ZERO_DAY
BoT-IoT,test,8654,DoS,1,0.020867,0.262934,KNOWN
BoT-IoT,test,8655,DDoS,1,0.153016,0.262934,KNOWN
BoT-IoT,test,8656,DDoS,1,0.059687,0.262934,KNOWN
BoT-IoT,test,8657,DDoS,1,0.04742,0.262934,KNOWN
BoT-IoT,test,8658,DDoS,1,0.083333,0.262934,KNOWN
BoT-IoT,test,8659,DDoS,1,0.063247,0.262934,KNOWN
BoT-IoT,test,8660,DDoS,1,0.228913,0.262934,KNOWN
BoT-IoT,test,8661,DDoS,1,0.156807,0.262934,KNOWN
BoT-IoT,test,8662,DDoS,1,0.039631,0.262934,KNOWN
BoT-IoT,test,8663,Normal,1,0.115115,0.262934,KNOWN
BoT-IoT,test,8664,DDoS,1,0.228651,0.262934,KNOWN
BoT-IoT,test,8665,DDoS,1,0.042673,0.262934,KNOWN
BoT-IoT,test,8666,DoS,1,0.040287,0.262934,KNOWN
BoT-IoT,test,8667,DoS,1,0.045836,0.262934,KNOWN
BoT-IoT,test,8668,DDoS,1,0.205187,0.262934,KNOWN
BoT-IoT,test,8669,DoS,1,0.030112,0.262934,KNOWN
BoT-IoT,test,8670,DDoS,1,0.046684,0.262934,KNOWN
BoT-IoT,test,8671,DoS,1,0.232076,0.262934,KNOWN
BoT-IoT,test,8672,DoS,1,0.05942,0.262934,KNOWN
BoT-IoT,test,8673,DoS,1,0.042699,0.262934,KNOWN
BoT-IoT,test,8674,DoS,1,0.192401,0.262934,KNOWN
BoT-IoT,test,8675,DDoS,1,0.25484,0.262934,KNOWN
BoT-IoT,test,8676,DoS,1,0.139953,0.262934,KNOWN
BoT-IoT,test,8677,DoS,1,0.064233,0.262934,KNOWN
BoT-IoT,test,8678,DDoS,1,0.06616,0.262934,KNOWN
BoT-IoT,test,8679,DDoS,1,0.079363,0.262934,KNOWN
BoT-IoT,test,8680,DoS,1,0.004753,0.262934,KNOWN
BoT-IoT,test,8681,DoS,1,0.093786,0.262934,KNOWN
BoT-IoT,test,8682,DoS,1,0.069957,0.262934,KNOWN
BoT-IoT,test,8683,DoS,1,0.134216,0.262934,KNOWN
BoT-IoT,test,8684,DoS,1,0.017163,0.262934,KNOWN
BoT-IoT,test,8685,DoS,1,0.1043,0.262934,KNOWN
BoT-IoT,test,8686,DoS,1,0.038922,0.262934,KNOWN
BoT-IoT,test,8687,DDoS,1,0.154253,0.262934,KNOWN
BoT-IoT,test,8688,DoS,1,0.062054,0.262934,KNOWN
BoT-IoT,test,8689,DDoS,1,0.201988,0.262934,KNOWN
BoT-IoT,test,8690,DDoS,1,0.160133,0.262934,KNOWN
BoT-IoT,test,8691,DDoS,1,0.111737,0.262934,KNOWN
BoT-IoT,test,8692,DDoS,1,0.105328,0.262934,KNOWN
BoT-IoT,test,8693,DoS,1,0.181066,0.262934,KNOWN
BoT-IoT,test,8694,DoS,1,0.097914,0.262934,KNOWN
BoT-IoT,test,8695,DDoS,1,0.075461,0.262934,KNOWN
BoT-IoT,test,8696,DoS,1,0.11428,0.262934,KNOWN
BoT-IoT,test,8697,DoS,1,0.054932,0.262934,KNOWN
BoT-IoT,test,8698,DDoS,1,0.133375,0.262934,KNOWN
BoT-IoT,test,8699,DDoS,1,0.017077,0.262934,KNOWN
BoT-IoT,test,8700,DoS,1,0.188523,0.262934,KNOWN
BoT-IoT,test,8701,DDoS,1,0.121789,0.262934,KNOWN
BoT-IoT,test,8702,DDoS,1,0.02595,0.262934,KNOWN
BoT-IoT,test,8703,DDoS,1,0.066022,0.262934,KNOWN
BoT-IoT,test,8704,DDoS,1,0.109969,0.262934,KNOWN
BoT-IoT,test,8705,DoS,1,0.122059,0.262934,KNOWN
BoT-IoT,test,8706,DoS,1,0.315984,0.262934,ZERO_DAY
BoT-IoT,test,8707,DDoS,1,0.120268,0.262934,KNOWN
BoT-IoT,test,8708,DoS,1,0.088975,0.262934,KNOWN
BoT-IoT,test,8709,DDoS,1,0.002009,0.262934,KNOWN
BoT-IoT,test,8710,DoS,1,0.298141,0.262934,ZERO_DAY
BoT-IoT,test,8711,DoS,1,0.074195,0.262934,KNOWN
BoT-IoT,test,8712,DoS,1,0.051386,0.262934,KNOWN
BoT-IoT,test,8713,DDoS,1,0.0924,0.262934,KNOWN
BoT-IoT,test,8714,Normal,1,0.103371,0.262934,KNOWN
BoT-IoT,test,8715,DoS,1,0.159209,0.262934,KNOWN
BoT-IoT,test,8716,DDoS,1,0.042626,0.262934,KNOWN
BoT-IoT,test,8717,DoS,1,0.311956,0.262934,ZERO_DAY
BoT-IoT,test,8718,DoS,1,0.001288,0.262934,KNOWN
BoT-IoT,test,8719,DDoS,1,0.062289,0.262934,KNOWN
BoT-IoT,test,8720,DoS,1,0.193395,0.262934,KNOWN
BoT-IoT,test,8721,DDoS,1,0.197127,0.262934,KNOWN
BoT-IoT,test,8722,DoS,1,0.034215,0.262934,KNOWN
BoT-IoT,test,8723,DoS,1,0.08383,0.262934,KNOWN
BoT-IoT,test,8724,DoS,1,0.172466,0.262934,KNOWN
BoT-IoT,test,8725,DDoS,1,0.056755,0.262934,KNOWN
BoT-IoT,test,8726,DoS,1,0.124485,0.262934,KNOWN
BoT-IoT,test,8727,DoS,1,0.132458,0.262934,KNOWN
BoT-IoT,test,8728,DDoS,1,0.162338,0.262934,KNOWN
BoT-IoT,test,8729,DDoS,1,0.000703,0.262934,KNOWN
BoT-IoT,test,8730,Normal,1,0.142251,0.262934,KNOWN
BoT-IoT,test,8731,DDoS,1,0.196029,0.262934,KNOWN
BoT-IoT,test,8732,DoS,1,0.085862,0.262934,KNOWN
BoT-IoT,test,8733,DDoS,1,0.118952,0.262934,KNOWN
BoT-IoT,test,8734,DDoS,1,0.242187,0.262934,KNOWN
BoT-IoT,test,8735,DDoS,1,0.052441,0.262934,KNOWN
BoT-IoT,test,8736,DDoS,1,0.130318,0.262934,KNOWN
BoT-IoT,test,8737,DDoS,1,0.045112,0.262934,KNOWN
BoT-IoT,test,8738,DDoS,1,0.145861,0.262934,KNOWN
BoT-IoT,test,8739,DDoS,1,0.021932,0.262934,KNOWN
BoT-IoT,test,8740,DoS,1,0.258299,0.262934,KNOWN
BoT-IoT,test,8741,DoS,1,0.331782,0.262934,ZERO_DAY
BoT-IoT,test,8742,DDoS,1,0.174635,0.262934,KNOWN
BoT-IoT,test,8743,DDoS,1,0.212979,0.262934,KNOWN
BoT-IoT,test,8744,DDoS,1,0.183074,0.262934,KNOWN
BoT-IoT,test,8745,DoS,1,0.071146,0.262934,KNOWN
BoT-IoT,test,8746,DDoS,1,0.206244,0.262934,KNOWN
BoT-IoT,test,8747,DDoS,1,0.004678,0.262934,KNOWN
BoT-IoT,test,8748,DDoS,1,0.087155,0.262934,KNOWN
BoT-IoT,test,8749,DDoS,1,0.133541,0.262934,KNOWN
BoT-IoT,test,8750,DoS,1,0.01973,0.262934,KNOWN
BoT-IoT,test,8751,DDoS,1,0.062399,0.262934,KNOWN
BoT-IoT,test,8752,Normal,1,0.055703,0.262934,KNOWN
BoT-IoT,test,8753,DoS,1,0.241624,0.262934,KNOWN
BoT-IoT,test,8754,DDoS,1,0.088076,0.262934,KNOWN
BoT-IoT,test,8755,DDoS,1,0.030789,0.262934,KNOWN
BoT-IoT,test,8756,DDoS,1,0.069126,0.262934,KNOWN
BoT-IoT,test,8757,DoS,1,0.133609,0.262934,KNOWN
BoT-IoT,test,8758,DoS,1,0.000275,0.262934,KNOWN
BoT-IoT,test,8759,DDoS,1,0.178437,0.262934,KNOWN
BoT-IoT,test,8760,DDoS,1,0.077827,0.262934,KNOWN
BoT-IoT,test,8761,DDoS,1,0.014565,0.262934,KNOWN
BoT-IoT,test,8762,DoS,1,0.028045,0.262934,KNOWN
BoT-IoT,test,8763,DDoS,1,0.258527,0.262934,KNOWN
BoT-IoT,test,8764,DDoS,1,0.087476,0.262934,KNOWN
BoT-IoT,test,8765,DoS,1,0.062611,0.262934,KNOWN
BoT-IoT,test,8766,DDoS,1,0.090219,0.262934,KNOWN
BoT-IoT,test,8767,DoS,1,0.073023,0.262934,KNOWN
BoT-IoT,test,8768,DDoS,1,0.119555,0.262934,KNOWN
BoT-IoT,test,8769,DoS,1,0.04488,0.262934,KNOWN
BoT-IoT,test,8770,DoS,1,0.044151,0.262934,KNOWN
BoT-IoT,test,8771,DDoS,1,0.047255,0.262934,KNOWN
BoT-IoT,test,8772,DoS,1,0.178513,0.262934,KNOWN
BoT-IoT,test,8773,DoS,1,0.166602,0.262934,KNOWN
BoT-IoT,test,8774,DDoS,1,0.0071,0.262934,KNOWN
BoT-IoT,test,8775,DoS,1,0.002063,0.262934,KNOWN
BoT-IoT,test,8776,DoS,1,0.115705,0.262934,KNOWN
BoT-IoT,test,8777,DoS,1,0.093326,0.262934,KNOWN
BoT-IoT,test,8778,DDoS,1,0.081682,0.262934,KNOWN
BoT-IoT,test,8779,DoS,1,0.089226,0.262934,KNOWN
BoT-IoT,test,8780,DoS,1,0.061106,0.262934,KNOWN
BoT-IoT,test,8781,DoS,1,0.040755,0.262934,KNOWN
BoT-IoT,test,8782,DDoS,1,0.26352,0.262934,ZERO_DAY
BoT-IoT,test,8783,DoS,1,0.055819,0.262934,KNOWN
BoT-IoT,test,8784,Reconnaissance,1,0.082755,0.262934,KNOWN
BoT-IoT,test,8785,DoS,1,0.140521,0.262934,KNOWN
BoT-IoT,test,8786,DDoS,1,0.059168,0.262934,KNOWN
BoT-IoT,test,8787,DDoS,1,0.192956,0.262934,KNOWN
BoT-IoT,test,8788,DDoS,1,0.23795,0.262934,KNOWN
BoT-IoT,test,8789,DDoS,1,0.060337,0.262934,KNOWN
BoT-IoT,test,8790,DoS,1,0.008295,0.262934,KNOWN
BoT-IoT,test,8791,Normal,1,0.245444,0.262934,KNOWN
BoT-IoT,test,8792,DDoS,1,0.027523,0.262934,KNOWN
BoT-IoT,test,8793,DDoS,1,0.11484,0.262934,KNOWN
BoT-IoT,test,8794,DoS,1,0.050241,0.262934,KNOWN
BoT-IoT,test,8795,DDoS,1,0.32826,0.262934,ZERO_DAY
BoT-IoT,test,8796,DDoS,1,0.13862,0.262934,KNOWN
BoT-IoT,test,8797,DDoS,1,0.228011,0.262934,KNOWN
BoT-IoT,test,8798,DDoS,1,0.297399,0.262934,ZERO_DAY
BoT-IoT,test,8799,DoS,1,0.051424,0.262934,KNOWN
BoT-IoT,test,8800,DDoS,1,0.1168,0.262934,KNOWN
BoT-IoT,test,8801,DoS,1,0.067999,0.262934,KNOWN
BoT-IoT,test,8802,DDoS,1,0.095679,0.262934,KNOWN
BoT-IoT,test,8803,Normal,1,0.155934,0.262934,KNOWN
BoT-IoT,test,8804,DoS,1,0.038943,0.262934,KNOWN
BoT-IoT,test,8805,DDoS,1,0.038924,0.262934,KNOWN
BoT-IoT,test,8806,DoS,1,0.047875,0.262934,KNOWN
BoT-IoT,test,8807,DoS,1,0.069903,0.262934,KNOWN
BoT-IoT,test,8808,DoS,1,0.052693,0.262934,KNOWN
BoT-IoT,test,8809,DoS,1,0.123834,0.262934,KNOWN
BoT-IoT,test,8810,Reconnaissance,1,0.119281,0.262934,KNOWN
BoT-IoT,test,8811,DoS,1,0.154712,0.262934,KNOWN
BoT-IoT,test,8812,DoS,1,0.082086,0.262934,KNOWN
BoT-IoT,test,8813,DDoS,1,0.142645,0.262934,KNOWN
BoT-IoT,test,8814,DDoS,1,0.156529,0.262934,KNOWN
BoT-IoT,test,8815,DDoS,1,0.141705,0.262934,KNOWN
BoT-IoT,test,8816,DoS,1,0.086958,0.262934,KNOWN
BoT-IoT,test,8817,DDoS,1,0.062071,0.262934,KNOWN
BoT-IoT,test,8818,DoS,1,0.043005,0.262934,KNOWN
BoT-IoT,test,8819,DDoS,1,0.124679,0.262934,KNOWN
BoT-IoT,test,8820,DDoS,1,0.090755,0.262934,KNOWN
BoT-IoT,test,8821,DoS,1,0.109562,0.262934,KNOWN
BoT-IoT,test,8822,DoS,1,0.022605,0.262934,KNOWN
BoT-IoT,test,8823,DoS,1,0.028917,0.262934,KNOWN
BoT-IoT,test,8824,DDoS,1,0.108175,0.262934,KNOWN
BoT-IoT,test,8825,DoS,1,0.126161,0.262934,KNOWN
BoT-IoT,test,8826,DoS,1,0.013286,0.262934,KNOWN
BoT-IoT,test,8827,DoS,1,0.014695,0.262934,KNOWN
BoT-IoT,test,8828,DoS,1,0.139463,0.262934,KNOWN
BoT-IoT,test,8829,DDoS,1,0.118787,0.262934,KNOWN
BoT-IoT,test,8830,DoS,1,0.020129,0.262934,KNOWN
BoT-IoT,test,8831,DDoS,1,0.202,0.262934,KNOWN
BoT-IoT,test,8832,DoS,1,0.027935,0.262934,KNOWN
BoT-IoT,test,8833,DoS,1,0.098191,0.262934,KNOWN
BoT-IoT,test,8834,DoS,1,0.092077,0.262934,KNOWN
BoT-IoT,test,8835,DoS,1,0.048216,0.262934,KNOWN
BoT-IoT,test,8836,DoS,1,0.101282,0.262934,KNOWN
BoT-IoT,test,8837,DoS,1,0.130985,0.262934,KNOWN
BoT-IoT,test,8838,DDoS,1,0.094116,0.262934,KNOWN
BoT-IoT,test,8839,Reconnaissance,1,0.055174,0.262934,KNOWN
BoT-IoT,test,8840,DDoS,1,0.27954,0.262934,ZERO_DAY
BoT-IoT,test,8841,DoS,1,0.008074,0.262934,KNOWN
BoT-IoT,test,8842,DoS,1,0.085722,0.262934,KNOWN
BoT-IoT,test,8843,DDoS,1,0.025231,0.262934,KNOWN
BoT-IoT,test,8844,DoS,1,0.248074,0.262934,KNOWN
BoT-IoT,test,8845,DoS,1,0.069903,0.262934,KNOWN
BoT-IoT,test,8846,DDoS,1,0.080377,0.262934,KNOWN
BoT-IoT,test,8847,DDoS,1,0.149881,0.262934,KNOWN
BoT-IoT,test,8848,DoS,1,0.02177,0.262934,KNOWN
BoT-IoT,test,8849,DoS,1,0.142867,0.262934,KNOWN
BoT-IoT,test,8850,DoS,1,0.066401,0.262934,KNOWN
BoT-IoT,test,8851,DDoS,1,0.063369,0.262934,KNOWN
BoT-IoT,test,8852,DoS,1,0.11389,0.262934,KNOWN
BoT-IoT,test,8853,DDoS,1,0.210068,0.262934,KNOWN
BoT-IoT,test,8854,DoS,1,0.147266,0.262934,KNOWN
BoT-IoT,test,8855,DoS,1,0.179188,0.262934,KNOWN
BoT-IoT,test,8856,DDoS,1,0.074362,0.262934,KNOWN
BoT-IoT,test,8857,DoS,1,0.032981,0.262934,KNOWN
BoT-IoT,test,8858,DDoS,1,0.01915,0.262934,KNOWN
BoT-IoT,test,8859,DDoS,1,0.118188,0.262934,KNOWN
BoT-IoT,test,8860,DDoS,1,0.004615,0.262934,KNOWN
BoT-IoT,test,8861,DoS,1,0.165366,0.262934,KNOWN
BoT-IoT,test,8862,DoS,1,0.210628,0.262934,KNOWN
BoT-IoT,test,8863,DDoS,1,0.043818,0.262934,KNOWN
BoT-IoT,test,8864,DoS,1,0.203663,0.262934,KNOWN
BoT-IoT,test,8865,DoS,1,0.061463,0.262934,KNOWN
BoT-IoT,test,8866,DDoS,1,0.048775,0.262934,KNOWN
BoT-IoT,test,8867,DDoS,1,0.063767,0.262934,KNOWN
BoT-IoT,test,8868,DoS,1,0.120894,0.262934,KNOWN
BoT-IoT,test,8869,DDoS,1,0.061124,0.262934,KNOWN
BoT-IoT,test,8870,DoS,1,0.048839,0.262934,KNOWN
BoT-IoT,test,8871,Normal,1,0.010131,0.262934,KNOWN
BoT-IoT,test,8872,DoS,1,0.002838,0.262934,KNOWN
BoT-IoT,test,8873,DoS,1,0.282267,0.262934,ZERO_DAY
BoT-IoT,test,8874,DoS,1,0.041461,0.262934,KNOWN
BoT-IoT,test,8875,DoS,1,0.176766,0.262934,KNOWN
BoT-IoT,test,8876,DDoS,1,0.116356,0.262934,KNOWN
BoT-IoT,test,8877,DDoS,1,0.055656,0.262934,KNOWN
BoT-IoT,test,8878,DoS,1,0.124953,0.262934,KNOWN
BoT-IoT,test,8879,DoS,1,0.006487,0.262934,KNOWN
BoT-IoT,test,8880,DoS,1,0.065296,0.262934,KNOWN
BoT-IoT,test,8881,DDoS,1,0.23674,0.262934,KNOWN
BoT-IoT,test,8882,DoS,1,0.015163,0.262934,KNOWN
BoT-IoT,test,8883,DoS,1,0.031417,0.262934,KNOWN
BoT-IoT,test,8884,DDoS,1,0.034536,0.262934,KNOWN
BoT-IoT,test,8885,DDoS,1,0.101666,0.262934,KNOWN
BoT-IoT,test,8886,DDoS,1,0.043471,0.262934,KNOWN
BoT-IoT,test,8887,DDoS,1,0.2326,0.262934,KNOWN
BoT-IoT,test,8888,DoS,1,0.127711,0.262934,KNOWN
BoT-IoT,test,8889,DoS,1,0.050924,0.262934,KNOWN
BoT-IoT,test,8890,DDoS,1,0.02637,0.262934,KNOWN
BoT-IoT,test,8891,DDoS,1,0.073379,0.262934,KNOWN
BoT-IoT,test,8892,Reconnaissance,1,0.114832,0.262934,KNOWN
BoT-IoT,test,8893,DDoS,1,0.188249,0.262934,KNOWN
BoT-IoT,test,8894,DoS,1,0.007138,0.262934,KNOWN
BoT-IoT,test,8895,DDoS,1,0.151995,0.262934,KNOWN
BoT-IoT,test,8896,DoS,1,0.03245,0.262934,KNOWN
BoT-IoT,test,8897,DDoS,1,0.055994,0.262934,KNOWN
BoT-IoT,test,8898,DDoS,1,0.265187,0.262934,ZERO_DAY
BoT-IoT,test,8899,DDoS,1,0.027819,0.262934,KNOWN
BoT-IoT,test,8900,DoS,1,0.165641,0.262934,KNOWN
BoT-IoT,test,8901,DDoS,1,0.110064,0.262934,KNOWN
BoT-IoT,test,8902,DDoS,1,0.184227,0.262934,KNOWN
BoT-IoT,test,8903,DDoS,1,0.179308,0.262934,KNOWN
BoT-IoT,test,8904,DDoS,1,0.259352,0.262934,KNOWN
BoT-IoT,test,8905,DDoS,1,0.037165,0.262934,KNOWN
BoT-IoT,test,8906,Normal,1,0.036963,0.262934,KNOWN
BoT-IoT,test,8907,DoS,1,0.15784,0.262934,KNOWN
BoT-IoT,test,8908,DoS,1,0.155886,0.262934,KNOWN
BoT-IoT,test,8909,DDoS,1,0.166892,0.262934,KNOWN
BoT-IoT,test,8910,DoS,1,0.427,0.262934,ZERO_DAY
BoT-IoT,test,8911,Normal,1,0.002127,0.262934,KNOWN
BoT-IoT,test,8912,DoS,1,0.245525,0.262934,KNOWN
BoT-IoT,test,8913,DDoS,1,0.210624,0.262934,KNOWN
BoT-IoT,test,8914,DoS,1,0.197815,0.262934,KNOWN
BoT-IoT,test,8915,DoS,1,0.099465,0.262934,KNOWN
BoT-IoT,test,8916,DoS,1,0.140254,0.262934,KNOWN
BoT-IoT,test,8917,DDoS,1,0.178398,0.262934,KNOWN
BoT-IoT,test,8918,DoS,1,0.046388,0.262934,KNOWN
BoT-IoT,test,8919,DDoS,1,0.216768,0.262934,KNOWN
BoT-IoT,test,8920,DDoS,1,0.078689,0.262934,KNOWN
BoT-IoT,test,8921,DDoS,1,0.213045,0.262934,KNOWN
BoT-IoT,test,8922,DDoS,1,0.015462,0.262934,KNOWN
BoT-IoT,test,8923,DoS,1,0.098999,0.262934,KNOWN
BoT-IoT,test,8924,DDoS,1,0.100184,0.262934,KNOWN
BoT-IoT,test,8925,DoS,1,0.180123,0.262934,KNOWN
BoT-IoT,test,8926,DDoS,1,0.035334,0.262934,KNOWN
BoT-IoT,test,8927,DDoS,1,0.136293,0.262934,KNOWN
BoT-IoT,test,8928,DoS,1,0.013366,0.262934,KNOWN
BoT-IoT,test,8929,DoS,1,0.019847,0.262934,KNOWN
BoT-IoT,test,8930,DoS,1,0.182534,0.262934,KNOWN
BoT-IoT,test,8931,DDoS,1,0.299518,0.262934,ZERO_DAY
BoT-IoT,test,8932,DDoS,1,0.304185,0.262934,ZERO_DAY
BoT-IoT,test,8933,DoS,1,0.286493,0.262934,ZERO_DAY
BoT-IoT,test,8934,DDoS,1,0.235832,0.262934,KNOWN
BoT-IoT,test,8935,DDoS,1,0.052114,0.262934,KNOWN
BoT-IoT,test,8936,DDoS,1,0.208305,0.262934,KNOWN
BoT-IoT,test,8937,DoS,1,0.039651,0.262934,KNOWN
BoT-IoT,test,8938,DDoS,1,0.149781,0.262934,KNOWN
BoT-IoT,test,8939,DDoS,1,0.045977,0.262934,KNOWN
BoT-IoT,test,8940,DDoS,1,0.151752,0.262934,KNOWN
BoT-IoT,test,8941,DDoS,1,0.088308,0.262934,KNOWN
BoT-IoT,test,8942,Normal,1,0.179533,0.262934,KNOWN
BoT-IoT,test,8943,DoS,1,0.031153,0.262934,KNOWN
BoT-IoT,test,8944,DoS,1,0.011555,0.262934,KNOWN
BoT-IoT,test,8945,DDoS,1,0.28407,0.262934,ZERO_DAY
BoT-IoT,test,8946,DDoS,1,0.085417,0.262934,KNOWN
BoT-IoT,test,8947,DoS,1,0.007534,0.262934,KNOWN
BoT-IoT,test,8948,DDoS,1,0.05457,0.262934,KNOWN
BoT-IoT,test,8949,Normal,1,0.017446,0.262934,KNOWN
BoT-IoT,test,8950,DDoS,1,0.088346,0.262934,KNOWN
BoT-IoT,test,8951,DDoS,1,0.10369,0.262934,KNOWN
BoT-IoT,test,8952,DDoS,1,0.090978,0.262934,KNOWN
BoT-IoT,test,8953,DDoS,1,0.086875,0.262934,KNOWN
BoT-IoT,test,8954,DDoS,1,0.207429,0.262934,KNOWN
BoT-IoT,test,8955,DoS,1,0.034826,0.262934,KNOWN
BoT-IoT,test,8956,DoS,1,0.092864,0.262934,KNOWN
BoT-IoT,test,8957,DDoS,1,0.00508,0.262934,KNOWN
BoT-IoT,test,8958,DoS,1,0.07315,0.262934,KNOWN
BoT-IoT,test,8959,DoS,1,0.272331,0.262934,ZERO_DAY
BoT-IoT,test,8960,DoS,1,0.217221,0.262934,KNOWN
BoT-IoT,test,8961,DDoS,1,0.072555,0.262934,KNOWN
BoT-IoT,test,8962,DDoS,1,0.190683,0.262934,KNOWN
BoT-IoT,test,8963,DDoS,1,0.090953,0.262934,KNOWN
BoT-IoT,test,8964,DoS,1,0.029007,0.262934,KNOWN
BoT-IoT,test,8965,Reconnaissance,1,0.0785,0.262934,KNOWN
BoT-IoT,test,8966,DoS,1,0.292893,0.262934,ZERO_DAY
BoT-IoT,test,8967,DoS,1,0.0119,0.262934,KNOWN
BoT-IoT,test,8968,DDoS,1,0.04448,0.262934,KNOWN
BoT-IoT,test,8969,DDoS,1,0.177898,0.262934,KNOWN
BoT-IoT,test,8970,DDoS,1,0.117487,0.262934,KNOWN
BoT-IoT,test,8971,DoS,1,0.114186,0.262934,KNOWN
BoT-IoT,test,8972,DoS,1,0.144851,0.262934,KNOWN
BoT-IoT,test,8973,Normal,1,0.029208,0.262934,KNOWN
BoT-IoT,test,8974,DDoS,1,0.235511,0.262934,KNOWN
BoT-IoT,test,8975,DDoS,1,0.139057,0.262934,KNOWN
BoT-IoT,test,8976,DoS,1,0.113629,0.262934,KNOWN
BoT-IoT,test,8977,Normal,1,0.417809,0.262934,ZERO_DAY
BoT-IoT,test,8978,DoS,1,0.041106,0.262934,KNOWN
BoT-IoT,test,8979,DDoS,1,0.018768,0.262934,KNOWN
BoT-IoT,test,8980,DoS,1,0.011062,0.262934,KNOWN
BoT-IoT,test,8981,DoS,1,0.00284,0.262934,KNOWN
BoT-IoT,test,8982,DDoS,1,0.186958,0.262934,KNOWN
BoT-IoT,test,8983,DoS,1,0.102704,0.262934,KNOWN
BoT-IoT,test,8984,DoS,1,0.190662,0.262934,KNOWN
BoT-IoT,test,8985,DDoS,1,0.040987,0.262934,KNOWN
BoT-IoT,test,8986,DDoS,1,0.026998,0.262934,KNOWN
BoT-IoT,test,8987,DoS,1,0.051486,0.262934,KNOWN
BoT-IoT,test,8988,DoS,1,0.198237,0.262934,KNOWN
BoT-IoT,test,8989,DoS,1,0.001736,0.262934,KNOWN
BoT-IoT,test,8990,DDoS,1,0.079285,0.262934,KNOWN
BoT-IoT,test,8991,DoS,1,0.027283,0.262934,KNOWN
BoT-IoT,test,8992,DDoS,1,0.114467,0.262934,KNOWN
BoT-IoT,test,8993,DoS,1,0.168146,0.262934,KNOWN
BoT-IoT,test,8994,DoS,1,0.067913,0.262934,KNOWN
BoT-IoT,test,8995,Normal,1,0.028742,0.262934,KNOWN
BoT-IoT,test,8996,DoS,1,0.14893,0.262934,KNOWN
BoT-IoT,test,8997,DoS,1,0.038049,0.262934,KNOWN
BoT-IoT,test,8998,DoS,1,0.101456,0.262934,KNOWN
BoT-IoT,test,8999,DoS,1,0.042906,0.262934,KNOWN
BoT-IoT,test,9000,DoS,1,0.050229,0.262934,KNOWN
BoT-IoT,test,9001,DDoS,1,0.271992,0.262934,ZERO_DAY
BoT-IoT,test,9002,DoS,1,0.219555,0.262934,KNOWN
BoT-IoT,test,9003,DDoS,1,0.021854,0.262934,KNOWN
BoT-IoT,test,9004,Reconnaissance,1,0.129721,0.262934,KNOWN
BoT-IoT,test,9005,DDoS,1,0.011367,0.262934,KNOWN
BoT-IoT,test,9006,DoS,1,0.029604,0.262934,KNOWN
BoT-IoT,test,9007,DoS,1,0.054743,0.262934,KNOWN
BoT-IoT,test,9008,DoS,1,0.016191,0.262934,KNOWN
BoT-IoT,test,9009,DDoS,1,0.194516,0.262934,KNOWN
BoT-IoT,test,9010,DoS,1,0.008989,0.262934,KNOWN
BoT-IoT,test,9011,DoS,1,0.254849,0.262934,KNOWN
BoT-IoT,test,9012,DDoS,1,0.106026,0.262934,KNOWN
BoT-IoT,test,9013,DDoS,1,0.00097,0.262934,KNOWN
BoT-IoT,test,9014,DDoS,1,0.097948,0.262934,KNOWN
BoT-IoT,test,9015,DDoS,1,0.014168,0.262934,KNOWN
BoT-IoT,test,9016,DDoS,1,0.105356,0.262934,KNOWN
BoT-IoT,test,9017,DDoS,1,0.002084,0.262934,KNOWN
BoT-IoT,test,9018,DoS,1,0.036469,0.262934,KNOWN
BoT-IoT,test,9019,DDoS,1,0.166157,0.262934,KNOWN
BoT-IoT,test,9020,DDoS,1,0.089493,0.262934,KNOWN
BoT-IoT,test,9021,DDoS,1,0.063538,0.262934,KNOWN
BoT-IoT,test,9022,DDoS,1,0.175649,0.262934,KNOWN
BoT-IoT,test,9023,DDoS,1,0.047803,0.262934,KNOWN
BoT-IoT,test,9024,DDoS,1,0.152528,0.262934,KNOWN
BoT-IoT,test,9025,DoS,1,0.257399,0.262934,KNOWN
BoT-IoT,test,9026,DDoS,1,0.180561,0.262934,KNOWN
BoT-IoT,test,9027,DDoS,1,0.070233,0.262934,KNOWN
BoT-IoT,test,9028,DoS,1,0.20799,0.262934,KNOWN
BoT-IoT,test,9029,DDoS,1,0.072017,0.262934,KNOWN
BoT-IoT,test,9030,DDoS,1,0.017486,0.262934,KNOWN
BoT-IoT,test,9031,Normal,1,0.171591,0.262934,KNOWN
BoT-IoT,test,9032,DoS,1,0.105621,0.262934,KNOWN
BoT-IoT,test,9033,DDoS,1,0.01007,0.262934,KNOWN
BoT-IoT,test,9034,DDoS,1,0.026197,0.262934,KNOWN
BoT-IoT,test,9035,Normal,1,0.219864,0.262934,KNOWN
BoT-IoT,test,9036,DDoS,1,0.013263,0.262934,KNOWN
BoT-IoT,test,9037,Reconnaissance,1,0.08032,0.262934,KNOWN
BoT-IoT,test,9038,DDoS,1,0.146933,0.262934,KNOWN
BoT-IoT,test,9039,DoS,1,0.226158,0.262934,KNOWN
BoT-IoT,test,9040,DoS,1,0.04023,0.262934,KNOWN
BoT-IoT,test,9041,DoS,1,0.037286,0.262934,KNOWN
BoT-IoT,test,9042,DDoS,1,0.064479,0.262934,KNOWN
BoT-IoT,test,9043,DDoS,1,0.005946,0.262934,KNOWN
BoT-IoT,test,9044,DoS,1,0.120896,0.262934,KNOWN
BoT-IoT,test,9045,DoS,1,0.013276,0.262934,KNOWN
BoT-IoT,test,9046,DoS,1,0.073598,0.262934,KNOWN
BoT-IoT,test,9047,DDoS,1,0.039551,0.262934,KNOWN
BoT-IoT,test,9048,DDoS,1,0.169733,0.262934,KNOWN
BoT-IoT,test,9049,DoS,1,0.01499,0.262934,KNOWN
BoT-IoT,test,9050,DoS,1,0.368686,0.262934,ZERO_DAY
BoT-IoT,test,9051,DDoS,1,0.061714,0.262934,KNOWN
BoT-IoT,test,9052,Normal,1,0.09846,0.262934,KNOWN
BoT-IoT,test,9053,DoS,1,0.242045,0.262934,KNOWN
BoT-IoT,test,9054,DDoS,1,0.195854,0.262934,KNOWN
BoT-IoT,test,9055,DoS,1,0.22738,0.262934,KNOWN
BoT-IoT,test,9056,DoS,1,0.30023,0.262934,ZERO_DAY
BoT-IoT,test,9057,DDoS,1,0.136592,0.262934,KNOWN
BoT-IoT,test,9058,DoS,1,0.241043,0.262934,KNOWN
BoT-IoT,test,9059,DDoS,1,0.029083,0.262934,KNOWN
BoT-IoT,test,9060,DoS,1,0.105406,0.262934,KNOWN
BoT-IoT,test,9061,DDoS,1,0.067096,0.262934,KNOWN
BoT-IoT,test,9062,DDoS,1,0.164009,0.262934,KNOWN
BoT-IoT,test,9063,DoS,1,0.127445,0.262934,KNOWN
BoT-IoT,test,9064,DDoS,1,0.050989,0.262934,KNOWN
BoT-IoT,test,9065,DoS,1,0.002874,0.262934,KNOWN
BoT-IoT,test,9066,DoS,1,0.081346,0.262934,KNOWN
BoT-IoT,test,9067,DDoS,1,0.164723,0.262934,KNOWN
BoT-IoT,test,9068,DoS,1,0.090693,0.262934,KNOWN
BoT-IoT,test,9069,DDoS,1,0.109321,0.262934,KNOWN
BoT-IoT,test,9070,DDoS,1,0.058973,0.262934,KNOWN
BoT-IoT,test,9071,DDoS,1,0.129428,0.262934,KNOWN
BoT-IoT,test,9072,DDoS,1,0.044663,0.262934,KNOWN
BoT-IoT,test,9073,DoS,1,0.031455,0.262934,KNOWN
BoT-IoT,test,9074,DoS,1,0.365623,0.262934,ZERO_DAY
BoT-IoT,test,9075,DoS,1,0.11478,0.262934,KNOWN
BoT-IoT,test,9076,DoS,1,0.126941,0.262934,KNOWN
BoT-IoT,test,9077,DDoS,1,0.05491,0.262934,KNOWN
BoT-IoT,test,9078,DoS,1,0.025409,0.262934,KNOWN
BoT-IoT,test,9079,DDoS,1,0.127946,0.262934,KNOWN
BoT-IoT,test,9080,DDoS,1,0.040964,0.262934,KNOWN
BoT-IoT,test,9081,DoS,1,0.141259,0.262934,KNOWN
BoT-IoT,test,9082,DoS,1,0.055964,0.262934,KNOWN
BoT-IoT,test,9083,DDoS,1,0.05431,0.262934,KNOWN
BoT-IoT,test,9084,DDoS,1,0.055819,0.262934,KNOWN
BoT-IoT,test,9085,DoS,1,0.067966,0.262934,KNOWN
BoT-IoT,test,9086,DDoS,1,0.033445,0.262934,KNOWN
BoT-IoT,test,9087,DoS,1,0.139305,0.262934,KNOWN
BoT-IoT,test,9088,DoS,1,0.060155,0.262934,KNOWN
BoT-IoT,test,9089,DDoS,1,0.03253,0.262934,KNOWN
BoT-IoT,test,9090,DoS,1,0.097477,0.262934,KNOWN
BoT-IoT,test,9091,DDoS,1,0.122008,0.262934,KNOWN
BoT-IoT,test,9092,DDoS,1,0.041318,0.262934,KNOWN
BoT-IoT,test,9093,DDoS,1,0.050748,0.262934,KNOWN
BoT-IoT,test,9094,DDoS,1,0.114115,0.262934,KNOWN
BoT-IoT,test,9095,DDoS,1,0.188511,0.262934,KNOWN
BoT-IoT,test,9096,DDoS,1,0.047103,0.262934,KNOWN
BoT-IoT,test,9097,DoS,1,0.004615,0.262934,KNOWN
BoT-IoT,test,9098,DoS,1,0.177107,0.262934,KNOWN
BoT-IoT,test,9099,DDoS,1,0.129812,0.262934,KNOWN
BoT-IoT,test,9100,DoS,1,0.207475,0.262934,KNOWN
BoT-IoT,test,9101,DDoS,1,0.181991,0.262934,KNOWN
BoT-IoT,test,9102,DoS,1,0.049862,0.262934,KNOWN
BoT-IoT,test,9103,DDoS,1,0.185753,0.262934,KNOWN
BoT-IoT,test,9104,DDoS,1,0.077816,0.262934,KNOWN
BoT-IoT,test,9105,DDoS,1,0.134397,0.262934,KNOWN
BoT-IoT,test,9106,DoS,1,0.118833,0.262934,KNOWN
BoT-IoT,test,9107,DDoS,1,0.136608,0.262934,KNOWN
BoT-IoT,test,9108,DoS,1,0.034005,0.262934,KNOWN
BoT-IoT,test,9109,DoS,1,0.111136,0.262934,KNOWN
BoT-IoT,test,9110,DoS,1,0.028931,0.262934,KNOWN
BoT-IoT,test,9111,DDoS,1,0.128797,0.262934,KNOWN
BoT-IoT,test,9112,DoS,1,0.264831,0.262934,ZERO_DAY
BoT-IoT,test,9113,DDoS,1,0.011171,0.262934,KNOWN
BoT-IoT,test,9114,DoS,1,0.093621,0.262934,KNOWN
BoT-IoT,test,9115,DoS,1,0.195817,0.262934,KNOWN
BoT-IoT,test,9116,DDoS,1,0.186951,0.262934,KNOWN
BoT-IoT,test,9117,DoS,1,0.114425,0.262934,KNOWN
BoT-IoT,test,9118,DoS,1,0.084206,0.262934,KNOWN
BoT-IoT,test,9119,DoS,1,0.00367,0.262934,KNOWN
BoT-IoT,test,9120,DoS,1,0.016532,0.262934,KNOWN
BoT-IoT,test,9121,DDoS,1,0.017406,0.262934,KNOWN
BoT-IoT,test,9122,DDoS,1,0.026727,0.262934,KNOWN
BoT-IoT,test,9123,DDoS,1,0.219678,0.262934,KNOWN
BoT-IoT,test,9124,DoS,1,0.005408,0.262934,KNOWN
BoT-IoT,test,9125,DoS,1,0.060334,0.262934,KNOWN
BoT-IoT,test,9126,DDoS,1,0.132371,0.262934,KNOWN
BoT-IoT,test,9127,DDoS,1,0.244134,0.262934,KNOWN
BoT-IoT,test,9128,DoS,1,0.095352,0.262934,KNOWN
BoT-IoT,test,9129,Normal,1,0.093367,0.262934,KNOWN
BoT-IoT,test,9130,DDoS,1,0.153177,0.262934,KNOWN
BoT-IoT,test,9131,DDoS,1,0.271668,0.262934,ZERO_DAY
BoT-IoT,test,9132,DDoS,1,0.027491,0.262934,KNOWN
BoT-IoT,test,9133,DoS,1,0.040636,0.262934,KNOWN
BoT-IoT,test,9134,DDoS,1,0.054462,0.262934,KNOWN
BoT-IoT,test,9135,DoS,1,0.033259,0.262934,KNOWN
BoT-IoT,test,9136,DoS,1,0.072448,0.262934,KNOWN
BoT-IoT,test,9137,DoS,1,0.025833,0.262934,KNOWN
BoT-IoT,test,9138,DDoS,1,0.002119,0.262934,KNOWN
BoT-IoT,test,9139,DDoS,1,0.193288,0.262934,KNOWN
BoT-IoT,test,9140,DDoS,1,0.007575,0.262934,KNOWN
BoT-IoT,test,9141,DoS,1,0.096279,0.262934,KNOWN
BoT-IoT,test,9142,DDoS,1,0.010487,0.262934,KNOWN
BoT-IoT,test,9143,DoS,1,0.063599,0.262934,KNOWN
BoT-IoT,test,9144,DDoS,1,0.336351,0.262934,ZERO_DAY
BoT-IoT,test,9145,DDoS,1,0.00543,0.262934,KNOWN
BoT-IoT,test,9146,DDoS,1,0.12867,0.262934,KNOWN
BoT-IoT,test,9147,DDoS,1,0.17911,0.262934,KNOWN
BoT-IoT,test,9148,DDoS,1,0.03444,0.262934,KNOWN
BoT-IoT,test,9149,DoS,1,0.011585,0.262934,KNOWN
BoT-IoT,test,9150,DoS,1,0.038616,0.262934,KNOWN
BoT-IoT,test,9151,DoS,1,0.102339,0.262934,KNOWN
BoT-IoT,test,9152,Normal,1,0.064449,0.262934,KNOWN
BoT-IoT,test,9153,DoS,1,0.040344,0.262934,KNOWN
BoT-IoT,test,9154,DoS,1,0.0067,0.262934,KNOWN
BoT-IoT,test,9155,DoS,1,0.16672,0.262934,KNOWN
BoT-IoT,test,9156,DoS,1,0.065265,0.262934,KNOWN
BoT-IoT,test,9157,DoS,1,0.269723,0.262934,ZERO_DAY
BoT-IoT,test,9158,DDoS,1,0.084596,0.262934,KNOWN
BoT-IoT,test,9159,Reconnaissance,1,0.002742,0.262934,KNOWN
BoT-IoT,test,9160,DDoS,1,0.116322,0.262934,KNOWN
BoT-IoT,test,9161,DoS,1,0.201617,0.262934,KNOWN
BoT-IoT,test,9162,DDoS,1,0.048107,0.262934,KNOWN
BoT-IoT,test,9163,DDoS,1,0.0341,0.262934,KNOWN
BoT-IoT,test,9164,DoS,1,0.116997,0.262934,KNOWN
BoT-IoT,test,9165,DDoS,1,0.051259,0.262934,KNOWN
BoT-IoT,test,9166,DDoS,1,0.035321,0.262934,KNOWN
BoT-IoT,test,9167,DoS,1,0.048086,0.262934,KNOWN
BoT-IoT,test,9168,DoS,1,0.154507,0.262934,KNOWN
BoT-IoT,test,9169,DDoS,1,0.17655,0.262934,KNOWN
BoT-IoT,test,9170,DoS,1,0.030881,0.262934,KNOWN
BoT-IoT,test,9171,DoS,1,0.085083,0.262934,KNOWN
BoT-IoT,test,9172,DDoS,1,0.174541,0.262934,KNOWN
BoT-IoT,test,9173,DDoS,1,0.132483,0.262934,KNOWN
BoT-IoT,test,9174,DDoS,1,0.097983,0.262934,KNOWN
BoT-IoT,test,9175,DDoS,1,0.146839,0.262934,KNOWN
BoT-IoT,test,9176,DoS,1,0.168069,0.262934,KNOWN
BoT-IoT,test,9177,DoS,1,0.006593,0.262934,KNOWN
BoT-IoT,test,9178,DoS,1,0.162367,0.262934,KNOWN
BoT-IoT,test,9179,DoS,1,0.026044,0.262934,KNOWN
BoT-IoT,test,9180,DDoS,1,0.074471,0.262934,KNOWN
BoT-IoT,test,9181,DoS,1,0.029901,0.262934,KNOWN
BoT-IoT,test,9182,DoS,1,0.177564,0.262934,KNOWN
BoT-IoT,test,9183,DDoS,1,0.128246,0.262934,KNOWN
BoT-IoT,test,9184,DDoS,1,0.142096,0.262934,KNOWN
BoT-IoT,test,9185,DoS,1,0.186742,0.262934,KNOWN
BoT-IoT,test,9186,DoS,1,0.027577,0.262934,KNOWN
BoT-IoT,test,9187,DDoS,1,0.015175,0.262934,KNOWN
BoT-IoT,test,9188,DDoS,1,0.044003,0.262934,KNOWN
BoT-IoT,test,9189,DoS,1,0.029513,0.262934,KNOWN
BoT-IoT,test,9190,DDoS,1,0.030641,0.262934,KNOWN
BoT-IoT,test,9191,DDoS,1,0.072149,0.262934,KNOWN
BoT-IoT,test,9192,DoS,1,0.027067,0.262934,KNOWN
BoT-IoT,test,9193,DoS,1,0.120957,0.262934,KNOWN
BoT-IoT,test,9194,DDoS,1,0.017725,0.262934,KNOWN
BoT-IoT,test,9195,DoS,1,0.012788,0.262934,KNOWN
BoT-IoT,test,9196,DDoS,1,0.030086,0.262934,KNOWN
BoT-IoT,test,9197,DoS,1,0.161274,0.262934,KNOWN
BoT-IoT,test,9198,DDoS,1,0.052654,0.262934,KNOWN
BoT-IoT,test,9199,DoS,1,0.031653,0.262934,KNOWN
BoT-IoT,test,9200,DoS,1,0.108986,0.262934,KNOWN
BoT-IoT,test,9201,DoS,1,0.032703,0.262934,KNOWN
BoT-IoT,test,9202,DoS,1,0.054476,0.262934,KNOWN
BoT-IoT,test,9203,DDoS,1,0.043675,0.262934,KNOWN
BoT-IoT,test,9204,DoS,1,0.167287,0.262934,KNOWN
BoT-IoT,test,9205,DoS,1,0.016495,0.262934,KNOWN
BoT-IoT,test,9206,DDoS,1,0.022315,0.262934,KNOWN
BoT-IoT,test,9207,DDoS,1,0.079941,0.262934,KNOWN
BoT-IoT,test,9208,DoS,1,0.119799,0.262934,KNOWN
BoT-IoT,test,9209,DoS,1,0.050854,0.262934,KNOWN
BoT-IoT,test,9210,DDoS,1,0.012428,0.262934,KNOWN
BoT-IoT,test,9211,DDoS,1,0.065547,0.262934,KNOWN
BoT-IoT,test,9212,DoS,1,0.038889,0.262934,KNOWN
BoT-IoT,test,9213,DDoS,1,0.242333,0.262934,KNOWN
BoT-IoT,test,9214,DDoS,1,0.069474,0.262934,KNOWN
BoT-IoT,test,9215,DoS,1,0.059978,0.262934,KNOWN
BoT-IoT,test,9216,DoS,1,0.072779,0.262934,KNOWN
BoT-IoT,test,9217,DoS,1,0.075066,0.262934,KNOWN
BoT-IoT,test,9218,DDoS,1,0.007716,0.262934,KNOWN
BoT-IoT,test,9219,DDoS,1,0.153551,0.262934,KNOWN
BoT-IoT,test,9220,DDoS,1,0.10114,0.262934,KNOWN
BoT-IoT,test,9221,DDoS,1,0.114058,0.262934,KNOWN
BoT-IoT,test,9222,DoS,1,0.042152,0.262934,KNOWN
BoT-IoT,test,9223,DDoS,1,0.045167,0.262934,KNOWN
BoT-IoT,test,9224,DoS,1,0.064492,0.262934,KNOWN
BoT-IoT,test,9225,DoS,1,0.107118,0.262934,KNOWN
BoT-IoT,test,9226,DDoS,1,0.029809,0.262934,KNOWN
BoT-IoT,test,9227,DDoS,1,0.07463,0.262934,KNOWN
BoT-IoT,test,9228,DDoS,1,0.017302,0.262934,KNOWN
BoT-IoT,test,9229,DDoS,1,0.019451,0.262934,KNOWN
BoT-IoT,test,9230,DDoS,1,0.070193,0.262934,KNOWN
BoT-IoT,test,9231,DDoS,1,0.060874,0.262934,KNOWN
BoT-IoT,test,9232,DDoS,1,0.084691,0.262934,KNOWN
BoT-IoT,test,9233,DoS,1,0.229958,0.262934,KNOWN
BoT-IoT,test,9234,DoS,1,0.063643,0.262934,KNOWN
BoT-IoT,test,9235,DDoS,1,0.360241,0.262934,ZERO_DAY
BoT-IoT,test,9236,DoS,1,0.001217,0.262934,KNOWN
BoT-IoT,test,9237,DDoS,1,0.001065,0.262934,KNOWN
BoT-IoT,test,9238,DoS,1,0.016618,0.262934,KNOWN
BoT-IoT,test,9239,DDoS,1,0.008971,0.262934,KNOWN
BoT-IoT,test,9240,DoS,1,0.1218,0.262934,KNOWN
BoT-IoT,test,9241,DDoS,1,0.058719,0.262934,KNOWN
BoT-IoT,test,9242,DDoS,1,0.052484,0.262934,KNOWN
BoT-IoT,test,9243,DoS,1,0.02042,0.262934,KNOWN
BoT-IoT,test,9244,Normal,1,0.021423,0.262934,KNOWN
BoT-IoT,test,9245,DDoS,1,0.071004,0.262934,KNOWN
BoT-IoT,test,9246,DDoS,1,0.028509,0.262934,KNOWN
BoT-IoT,test,9247,DDoS,1,0.041907,0.262934,KNOWN
BoT-IoT,test,9248,DDoS,1,0.026008,0.262934,KNOWN
BoT-IoT,test,9249,DDoS,1,0.012436,0.262934,KNOWN
BoT-IoT,test,9250,DDoS,1,0.011001,0.262934,KNOWN
BoT-IoT,test,9251,DDoS,1,0.057223,0.262934,KNOWN
BoT-IoT,test,9252,DDoS,1,0.003172,0.262934,KNOWN
BoT-IoT,test,9253,DoS,1,0.077192,0.262934,KNOWN
BoT-IoT,test,9254,DDoS,1,0.043148,0.262934,KNOWN
BoT-IoT,test,9255,DDoS,1,0.110259,0.262934,KNOWN
BoT-IoT,test,9256,DDoS,1,0.023066,0.262934,KNOWN
BoT-IoT,test,9257,DoS,1,0.120614,0.262934,KNOWN
BoT-IoT,test,9258,DoS,1,0.041213,0.262934,KNOWN
BoT-IoT,test,9259,DoS,1,0.076355,0.262934,KNOWN
BoT-IoT,test,9260,DDoS,1,0.106094,0.262934,KNOWN
BoT-IoT,test,9261,DDoS,1,0.055871,0.262934,KNOWN
BoT-IoT,test,9262,DDoS,1,0.113344,0.262934,KNOWN
BoT-IoT,test,9263,DDoS,1,0.034916,0.262934,KNOWN
BoT-IoT,test,9264,Normal,1,0.040581,0.262934,KNOWN
BoT-IoT,test,9265,DDoS,1,0.013115,0.262934,KNOWN
BoT-IoT,test,9266,DoS,1,0.048754,0.262934,KNOWN
BoT-IoT,test,9267,DDoS,1,0.09588,0.262934,KNOWN
BoT-IoT,test,9268,DDoS,1,0.026771,0.262934,KNOWN
BoT-IoT,test,9269,DDoS,1,0.02347,0.262934,KNOWN
BoT-IoT,test,9270,DDoS,1,0.041341,0.262934,KNOWN
BoT-IoT,test,9271,DoS,1,0.141511,0.262934,KNOWN
BoT-IoT,test,9272,DDoS,1,0.038485,0.262934,KNOWN
BoT-IoT,test,9273,Normal,1,0.103504,0.262934,KNOWN
BoT-IoT,test,9274,DoS,1,0.212692,0.262934,KNOWN
BoT-IoT,test,9275,DDoS,1,0.088259,0.262934,KNOWN
BoT-IoT,test,9276,DDoS,1,0.011104,0.262934,KNOWN
BoT-IoT,test,9277,DoS,1,0.158584,0.262934,KNOWN
BoT-IoT,test,9278,DoS,1,0.060526,0.262934,KNOWN
BoT-IoT,test,9279,DDoS,1,0.033845,0.262934,KNOWN
BoT-IoT,test,9280,DoS,1,0.046494,0.262934,KNOWN
BoT-IoT,test,9281,DoS,1,0.135399,0.262934,KNOWN
BoT-IoT,test,9282,DoS,1,0.348083,0.262934,ZERO_DAY
BoT-IoT,test,9283,DoS,1,0.039133,0.262934,KNOWN
BoT-IoT,test,9284,DoS,1,0.061206,0.262934,KNOWN
BoT-IoT,test,9285,DoS,1,0.32784,0.262934,ZERO_DAY
BoT-IoT,test,9286,DDoS,1,0.054516,0.262934,KNOWN
BoT-IoT,test,9287,DDoS,1,0.052744,0.262934,KNOWN
BoT-IoT,test,9288,DoS,1,0.143833,0.262934,KNOWN
BoT-IoT,test,9289,DDoS,1,0.201862,0.262934,KNOWN
BoT-IoT,test,9290,DDoS,1,0.277982,0.262934,ZERO_DAY
BoT-IoT,test,9291,DDoS,1,0.110692,0.262934,KNOWN
BoT-IoT,test,9292,DDoS,1,0.042058,0.262934,KNOWN
BoT-IoT,test,9293,DoS,1,0.012251,0.262934,KNOWN
BoT-IoT,test,9294,DoS,1,0.211026,0.262934,KNOWN
BoT-IoT,test,9295,DoS,1,0.257447,0.262934,KNOWN
BoT-IoT,test,9296,DoS,1,0.092237,0.262934,KNOWN
BoT-IoT,test,9297,DDoS,1,0.026663,0.262934,KNOWN
BoT-IoT,test,9298,DDoS,1,0.228703,0.262934,KNOWN
BoT-IoT,test,9299,DoS,1,0.164673,0.262934,KNOWN
BoT-IoT,test,9300,DDoS,1,0.01026,0.262934,KNOWN
BoT-IoT,test,9301,DoS,1,0.133493,0.262934,KNOWN
BoT-IoT,test,9302,DoS,1,0.014419,0.262934,KNOWN
BoT-IoT,test,9303,DDoS,1,0.026398,0.262934,KNOWN
BoT-IoT,test,9304,DDoS,1,0.065048,0.262934,KNOWN
BoT-IoT,test,9305,DoS,1,0.0287,0.262934,KNOWN
BoT-IoT,test,9306,DDoS,1,0.007601,0.262934,KNOWN
BoT-IoT,test,9307,DDoS,1,0.125743,0.262934,KNOWN
BoT-IoT,test,9308,DDoS,1,0.147014,0.262934,KNOWN
BoT-IoT,test,9309,DDoS,1,0.36794,0.262934,ZERO_DAY
BoT-IoT,test,9310,DoS,1,0.170136,0.262934,KNOWN
BoT-IoT,test,9311,DDoS,1,0.045124,0.262934,KNOWN
BoT-IoT,test,9312,DDoS,1,0.196958,0.262934,KNOWN
BoT-IoT,test,9313,DDoS,1,0.019855,0.262934,KNOWN
BoT-IoT,test,9314,DDoS,1,0.030902,0.262934,KNOWN
BoT-IoT,test,9315,DDoS,1,0.178931,0.262934,KNOWN
BoT-IoT,test,9316,DoS,1,0.083892,0.262934,KNOWN
BoT-IoT,test,9317,DoS,1,0.01707,0.262934,KNOWN
BoT-IoT,test,9318,DoS,1,0.027785,0.262934,KNOWN
BoT-IoT,test,9319,DDoS,1,0.135696,0.262934,KNOWN
BoT-IoT,test,9320,DoS,1,0.099317,0.262934,KNOWN
BoT-IoT,test,9321,DoS,1,0.109188,0.262934,KNOWN
BoT-IoT,test,9322,DDoS,1,0.096184,0.262934,KNOWN
BoT-IoT,test,9323,DDoS,1,0.158056,0.262934,KNOWN
BoT-IoT,test,9324,DoS,1,0.06419,0.262934,KNOWN
BoT-IoT,test,9325,Reconnaissance,1,0.116308,0.262934,KNOWN
BoT-IoT,test,9326,DDoS,1,0.134447,0.262934,KNOWN
BoT-IoT,test,9327,DDoS,1,0.03787,0.262934,KNOWN
BoT-IoT,test,9328,DoS,1,0.054023,0.262934,KNOWN
BoT-IoT,test,9329,Normal,1,0.142132,0.262934,KNOWN
BoT-IoT,test,9330,DoS,1,0.45444,0.262934,ZERO_DAY
BoT-IoT,test,9331,DoS,1,0.021167,0.262934,KNOWN
BoT-IoT,test,9332,DoS,1,0.121274,0.262934,KNOWN
BoT-IoT,test,9333,DDoS,1,0.238542,0.262934,KNOWN
BoT-IoT,test,9334,DoS,1,0.165178,0.262934,KNOWN
BoT-IoT,test,9335,DDoS,1,0.198383,0.262934,KNOWN
BoT-IoT,test,9336,DoS,1,0.029178,0.262934,KNOWN
BoT-IoT,test,9337,DoS,1,0.065985,0.262934,KNOWN
BoT-IoT,test,9338,DDoS,1,0.251388,0.262934,KNOWN
BoT-IoT,test,9339,DoS,1,0.09839,0.262934,KNOWN
BoT-IoT,test,9340,Normal,1,0.025815,0.262934,KNOWN
BoT-IoT,test,9341,Reconnaissance,1,0.068341,0.262934,KNOWN
BoT-IoT,test,9342,DDoS,1,0.133977,0.262934,KNOWN
BoT-IoT,test,9343,DoS,1,0.020297,0.262934,KNOWN
BoT-IoT,test,9344,DDoS,1,0.023348,0.262934,KNOWN
BoT-IoT,test,9345,DoS,1,0.097983,0.262934,KNOWN
BoT-IoT,test,9346,DDoS,1,0.036037,0.262934,KNOWN
BoT-IoT,test,9347,DDoS,1,0.057961,0.262934,KNOWN
BoT-IoT,test,9348,DoS,1,0.012399,0.262934,KNOWN
BoT-IoT,test,9349,DDoS,1,0.038628,0.262934,KNOWN
BoT-IoT,test,9350,DoS,1,0.015847,0.262934,KNOWN
BoT-IoT,test,9351,DDoS,1,0.013532,0.262934,KNOWN
BoT-IoT,test,9352,DoS,1,0.127013,0.262934,KNOWN
BoT-IoT,test,9353,DDoS,1,0.217064,0.262934,KNOWN
BoT-IoT,test,9354,DoS,1,0.003788,0.262934,KNOWN
BoT-IoT,test,9355,Normal,1,0.192032,0.262934,KNOWN
BoT-IoT,test,9356,Normal,1,0.132457,0.262934,KNOWN
BoT-IoT,test,9357,DDoS,1,0.179366,0.262934,KNOWN
BoT-IoT,test,9358,DoS,1,0.08086,0.262934,KNOWN
BoT-IoT,test,9359,DoS,1,0.095338,0.262934,KNOWN
BoT-IoT,test,9360,DoS,1,0.018157,0.262934,KNOWN
BoT-IoT,test,9361,DDoS,1,0.094792,0.262934,KNOWN
BoT-IoT,test,9362,DDoS,1,0.267943,0.262934,ZERO_DAY
BoT-IoT,test,9363,DDoS,1,0.127081,0.262934,KNOWN
BoT-IoT,test,9364,DDoS,1,0.191801,0.262934,KNOWN
BoT-IoT,test,9365,DoS,1,0.033663,0.262934,KNOWN
BoT-IoT,test,9366,DDoS,1,0.032261,0.262934,KNOWN
BoT-IoT,test,9367,DoS,1,0.116232,0.262934,KNOWN
BoT-IoT,test,9368,DDoS,1,0.035196,0.262934,KNOWN
BoT-IoT,test,9369,Normal,1,0.251666,0.262934,KNOWN
BoT-IoT,test,9370,DoS,1,0.199347,0.262934,KNOWN
BoT-IoT,test,9371,DoS,1,0.06793,0.262934,KNOWN
BoT-IoT,test,9372,DDoS,1,0.463359,0.262934,ZERO_DAY
BoT-IoT,test,9373,DoS,1,0.222987,0.262934,KNOWN
BoT-IoT,test,9374,DoS,1,0.188355,0.262934,KNOWN
BoT-IoT,test,9375,DDoS,1,0.079118,0.262934,KNOWN
BoT-IoT,test,9376,DoS,1,0.092663,0.262934,KNOWN
BoT-IoT,test,9377,DoS,1,0.186469,0.262934,KNOWN
BoT-IoT,test,9378,DoS,1,0.026711,0.262934,KNOWN
BoT-IoT,test,9379,DoS,1,0.06332,0.262934,KNOWN
BoT-IoT,test,9380,DoS,1,0.181509,0.262934,KNOWN
BoT-IoT,test,9381,DDoS,1,0.074475,0.262934,KNOWN
BoT-IoT,test,9382,DoS,1,0.063856,0.262934,KNOWN
BoT-IoT,test,9383,DoS,1,0.045994,0.262934,KNOWN
BoT-IoT,test,9384,DoS,1,0.059449,0.262934,KNOWN
BoT-IoT,test,9385,DoS,1,0.127163,0.262934,KNOWN
BoT-IoT,test,9386,DoS,1,0.037933,0.262934,KNOWN
BoT-IoT,test,9387,DDoS,1,0.067325,0.262934,KNOWN
BoT-IoT,test,9388,DoS,1,0.147396,0.262934,KNOWN
BoT-IoT,test,9389,DDoS,1,0.062857,0.262934,KNOWN
BoT-IoT,test,9390,DoS,1,0.200161,0.262934,KNOWN
BoT-IoT,test,9391,DoS,1,0.014893,0.262934,KNOWN
BoT-IoT,test,9392,DoS,1,0.098991,0.262934,KNOWN
BoT-IoT,test,9393,DDoS,1,0.001073,0.262934,KNOWN
BoT-IoT,test,9394,DoS,1,0.04813,0.262934,KNOWN
BoT-IoT,test,9395,DoS,1,0.067281,0.262934,KNOWN
BoT-IoT,test,9396,DoS,1,0.242573,0.262934,KNOWN
BoT-IoT,test,9397,DoS,1,0.082744,0.262934,KNOWN
BoT-IoT,test,9398,DDoS,1,0.267236,0.262934,ZERO_DAY
BoT-IoT,test,9399,DDoS,1,0.102829,0.262934,KNOWN
BoT-IoT,test,9400,DoS,1,0.22163,0.262934,KNOWN
BoT-IoT,test,9401,DDoS,1,0.116552,0.262934,KNOWN
BoT-IoT,test,9402,DoS,1,0.072558,0.262934,KNOWN
BoT-IoT,test,9403,DoS,1,0.013335,0.262934,KNOWN
BoT-IoT,test,9404,DDoS,1,0.085124,0.262934,KNOWN
BoT-IoT,test,9405,DoS,1,0.043978,0.262934,KNOWN
BoT-IoT,test,9406,DDoS,1,0.203645,0.262934,KNOWN
BoT-IoT,test,9407,DoS,1,0.031149,0.262934,KNOWN
BoT-IoT,test,9408,DDoS,1,0.025088,0.262934,KNOWN
BoT-IoT,test,9409,DoS,1,0.181238,0.262934,KNOWN
BoT-IoT,test,9410,DDoS,1,0.026635,0.262934,KNOWN
BoT-IoT,test,9411,DDoS,1,0.142416,0.262934,KNOWN
BoT-IoT,test,9412,DoS,1,0.015199,0.262934,KNOWN
BoT-IoT,test,9413,DoS,1,0.075133,0.262934,KNOWN
BoT-IoT,test,9414,DDoS,1,0.39124,0.262934,ZERO_DAY
BoT-IoT,test,9415,DDoS,1,0.094398,0.262934,KNOWN
BoT-IoT,test,9416,DDoS,1,0.083026,0.262934,KNOWN
BoT-IoT,test,9417,DoS,1,0.083876,0.262934,KNOWN
BoT-IoT,test,9418,DoS,1,0.032765,0.262934,KNOWN
BoT-IoT,test,9419,DoS,1,0.118141,0.262934,KNOWN
BoT-IoT,test,9420,DoS,1,0.092152,0.262934,KNOWN
BoT-IoT,test,9421,DoS,1,0.056376,0.262934,KNOWN
BoT-IoT,test,9422,DDoS,1,0.055274,0.262934,KNOWN
BoT-IoT,test,9423,DDoS,1,0.058552,0.262934,KNOWN
BoT-IoT,test,9424,DDoS,1,0.021098,0.262934,KNOWN
BoT-IoT,test,9425,DDoS,1,0.029285,0.262934,KNOWN
BoT-IoT,test,9426,DoS,1,0.001727,0.262934,KNOWN
BoT-IoT,test,9427,DDoS,1,0.017061,0.262934,KNOWN
BoT-IoT,test,9428,DDoS,1,0.093215,0.262934,KNOWN
BoT-IoT,test,9429,DoS,1,0.054016,0.262934,KNOWN
BoT-IoT,test,9430,DoS,1,0.03355,0.262934,KNOWN
BoT-IoT,test,9431,DDoS,1,0.277873,0.262934,ZERO_DAY
BoT-IoT,test,9432,DoS,1,0.149115,0.262934,KNOWN
BoT-IoT,test,9433,Normal,1,0.07759,0.262934,KNOWN
BoT-IoT,test,9434,DoS,1,0.003827,0.262934,KNOWN
BoT-IoT,test,9435,DoS,1,0.016864,0.262934,KNOWN
BoT-IoT,test,9436,DoS,1,0.207347,0.262934,KNOWN
BoT-IoT,test,9437,DDoS,1,0.061093,0.262934,KNOWN
BoT-IoT,test,9438,DDoS,1,0.021237,0.262934,KNOWN
BoT-IoT,test,9439,DDoS,1,0.054925,0.262934,KNOWN
BoT-IoT,test,9440,DoS,1,0.09175,0.262934,KNOWN
BoT-IoT,test,9441,DDoS,1,0.10898,0.262934,KNOWN
BoT-IoT,test,9442,DoS,1,0.052049,0.262934,KNOWN
BoT-IoT,test,9443,DoS,1,0.257012,0.262934,KNOWN
BoT-IoT,test,9444,DDoS,1,0.031403,0.262934,KNOWN
BoT-IoT,test,9445,DDoS,1,0.104631,0.262934,KNOWN
BoT-IoT,test,9446,DDoS,1,0.051896,0.262934,KNOWN
BoT-IoT,test,9447,DDoS,1,0.05704,0.262934,KNOWN
BoT-IoT,test,9448,DoS,1,0.088499,0.262934,KNOWN
BoT-IoT,test,9449,DoS,1,0.03347,0.262934,KNOWN
BoT-IoT,test,9450,DDoS,1,0.119816,0.262934,KNOWN
BoT-IoT,test,9451,DoS,1,0.165524,0.262934,KNOWN
BoT-IoT,test,9452,DDoS,1,0.134998,0.262934,KNOWN
BoT-IoT,test,9453,DDoS,1,0.020671,0.262934,KNOWN
BoT-IoT,test,9454,Normal,1,0.073927,0.262934,KNOWN
BoT-IoT,test,9455,DoS,1,0.019418,0.262934,KNOWN
BoT-IoT,test,9456,DoS,1,0.230182,0.262934,KNOWN
BoT-IoT,test,9457,DDoS,1,0.092707,0.262934,KNOWN
BoT-IoT,test,9458,DDoS,1,0.134917,0.262934,KNOWN
BoT-IoT,test,9459,DDoS,1,0.341139,0.262934,ZERO_DAY
BoT-IoT,test,9460,Normal,1,0.040641,0.262934,KNOWN
BoT-IoT,test,9461,DDoS,1,0.013713,0.262934,KNOWN
BoT-IoT,test,9462,DDoS,1,0.132009,0.262934,KNOWN
BoT-IoT,test,9463,DDoS,1,0.062658,0.262934,KNOWN
BoT-IoT,test,9464,DDoS,1,0.036865,0.262934,KNOWN
BoT-IoT,test,9465,DoS,1,0.094997,0.262934,KNOWN
BoT-IoT,test,9466,DDoS,1,0.293925,0.262934,ZERO_DAY
BoT-IoT,test,9467,DoS,1,0.033553,0.262934,KNOWN
BoT-IoT,test,9468,DDoS,1,0.127927,0.262934,KNOWN
BoT-IoT,test,9469,DoS,1,0.022928,0.262934,KNOWN
BoT-IoT,test,9470,DDoS,1,0.115032,0.262934,KNOWN
BoT-IoT,test,9471,DDoS,1,0.041603,0.262934,KNOWN
BoT-IoT,test,9472,DoS,1,0.137933,0.262934,KNOWN
BoT-IoT,test,9473,Reconnaissance,1,0.062171,0.262934,KNOWN
BoT-IoT,test,9474,DDoS,1,0.02127,0.262934,KNOWN
BoT-IoT,test,9475,DoS,1,0.006241,0.262934,KNOWN
BoT-IoT,test,9476,DDoS,1,0.225018,0.262934,KNOWN
BoT-IoT,test,9477,DDoS,1,0.04294,0.262934,KNOWN
BoT-IoT,test,9478,DoS,1,0.049092,0.262934,KNOWN
BoT-IoT,test,9479,DoS,1,0.117386,0.262934,KNOWN
BoT-IoT,test,9480,DDoS,1,0.141622,0.262934,KNOWN
BoT-IoT,test,9481,DoS,1,0.033941,0.262934,KNOWN
BoT-IoT,test,9482,DDoS,1,0.081794,0.262934,KNOWN
BoT-IoT,test,9483,DoS,1,0.030209,0.262934,KNOWN
BoT-IoT,test,9484,DDoS,1,0.037458,0.262934,KNOWN
BoT-IoT,test,9485,DoS,1,0.023258,0.262934,KNOWN
BoT-IoT,test,9486,DDoS,1,0.041133,0.262934,KNOWN
BoT-IoT,test,9487,DoS,1,0.023517,0.262934,KNOWN
BoT-IoT,test,9488,DDoS,1,0.053267,0.262934,KNOWN
BoT-IoT,test,9489,DDoS,1,0.060381,0.262934,KNOWN
BoT-IoT,test,9490,DoS,1,0.101168,0.262934,KNOWN
BoT-IoT,test,9491,DDoS,1,0.051417,0.262934,KNOWN
BoT-IoT,test,9492,DDoS,1,0.026616,0.262934,KNOWN
BoT-IoT,test,9493,DoS,1,0.184669,0.262934,KNOWN
BoT-IoT,test,9494,DoS,1,0.099007,0.262934,KNOWN
BoT-IoT,test,9495,DDoS,1,0.024862,0.262934,KNOWN
BoT-IoT,test,9496,DDoS,1,0.005513,0.262934,KNOWN
BoT-IoT,test,9497,DDoS,1,0.180592,0.262934,KNOWN
BoT-IoT,test,9498,DoS,1,0.02546,0.262934,KNOWN
BoT-IoT,test,9499,DDoS,1,0.121914,0.262934,KNOWN
BoT-IoT,test,9500,DoS,1,0.243892,0.262934,KNOWN
BoT-IoT,test,9501,Normal,1,0.028325,0.262934,KNOWN
BoT-IoT,test,9502,DoS,1,0.226135,0.262934,KNOWN
BoT-IoT,test,9503,DoS,1,0.024638,0.262934,KNOWN
BoT-IoT,test,9504,DDoS,1,0.211613,0.262934,KNOWN
BoT-IoT,test,9505,DoS,1,0.167952,0.262934,KNOWN
BoT-IoT,test,9506,DoS,1,0.076933,0.262934,KNOWN
BoT-IoT,test,9507,DDoS,1,0.129433,0.262934,KNOWN
BoT-IoT,test,9508,Reconnaissance,1,0.149494,0.262934,KNOWN
BoT-IoT,test,9509,DoS,1,0.120071,0.262934,KNOWN
BoT-IoT,test,9510,DoS,1,0.005154,0.262934,KNOWN
BoT-IoT,test,9511,DDoS,1,0.140875,0.262934,KNOWN
BoT-IoT,test,9512,DDoS,1,0.106154,0.262934,KNOWN
BoT-IoT,test,9513,DoS,1,0.122022,0.262934,KNOWN
BoT-IoT,test,9514,DoS,1,0.071618,0.262934,KNOWN
BoT-IoT,test,9515,DDoS,1,0.090254,0.262934,KNOWN
BoT-IoT,test,9516,DDoS,1,0.126547,0.262934,KNOWN
BoT-IoT,test,9517,DoS,1,0.237004,0.262934,KNOWN
BoT-IoT,test,9518,DoS,1,0.03543,0.262934,KNOWN
BoT-IoT,test,9519,DoS,1,0.095394,0.262934,KNOWN
BoT-IoT,test,9520,DoS,1,0.025596,0.262934,KNOWN
BoT-IoT,test,9521,DDoS,1,0.006054,0.262934,KNOWN
BoT-IoT,test,9522,DDoS,1,0.044281,0.262934,KNOWN
BoT-IoT,test,9523,DDoS,1,0.103079,0.262934,KNOWN
BoT-IoT,test,9524,DoS,1,0.322202,0.262934,ZERO_DAY
BoT-IoT,test,9525,DDoS,1,0.033596,0.262934,KNOWN
BoT-IoT,test,9526,DoS,1,0.121502,0.262934,KNOWN
BoT-IoT,test,9527,DDoS,1,0.24609,0.262934,KNOWN
BoT-IoT,test,9528,DDoS,1,0.19381,0.262934,KNOWN
BoT-IoT,test,9529,DDoS,1,0.097491,0.262934,KNOWN
BoT-IoT,test,9530,DDoS,1,0.072882,0.262934,KNOWN
BoT-IoT,test,9531,DDoS,1,0.077851,0.262934,KNOWN
BoT-IoT,test,9532,DDoS,1,0.058987,0.262934,KNOWN
BoT-IoT,test,9533,DoS,1,0.123014,0.262934,KNOWN
BoT-IoT,test,9534,DDoS,1,0.05064,0.262934,KNOWN
BoT-IoT,test,9535,DoS,1,0.05893,0.262934,KNOWN
BoT-IoT,test,9536,DDoS,1,0.214111,0.262934,KNOWN
BoT-IoT,test,9537,DDoS,1,0.147274,0.262934,KNOWN
BoT-IoT,test,9538,DoS,1,0.079265,0.262934,KNOWN
BoT-IoT,test,9539,DDoS,1,0.208025,0.262934,KNOWN
BoT-IoT,test,9540,DoS,1,0.042291,0.262934,KNOWN
BoT-IoT,test,9541,DoS,1,0.03457,0.262934,KNOWN
BoT-IoT,test,9542,DDoS,1,0.046232,0.262934,KNOWN
BoT-IoT,test,9543,DoS,1,0.10907,0.262934,KNOWN
BoT-IoT,test,9544,DDoS,1,0.399645,0.262934,ZERO_DAY
BoT-IoT,test,9545,DoS,1,0.051193,0.262934,KNOWN
BoT-IoT,test,9546,DoS,1,0.13201,0.262934,KNOWN
BoT-IoT,test,9547,DDoS,1,0.190225,0.262934,KNOWN
BoT-IoT,test,9548,DoS,1,0.189947,0.262934,KNOWN
BoT-IoT,test,9549,DoS,1,0.105886,0.262934,KNOWN
BoT-IoT,test,9550,DDoS,1,0.102716,0.262934,KNOWN
BoT-IoT,test,9551,DDoS,1,0.023863,0.262934,KNOWN
BoT-IoT,test,9552,DDoS,1,0.292288,0.262934,ZERO_DAY
BoT-IoT,test,9553,DoS,1,0.029265,0.262934,KNOWN
BoT-IoT,test,9554,DDoS,1,0.049373,0.262934,KNOWN
BoT-IoT,test,9555,DoS,1,0.000124,0.262934,KNOWN
BoT-IoT,test,9556,Normal,1,0.020674,0.262934,KNOWN
BoT-IoT,test,9557,DoS,1,0.160146,0.262934,KNOWN
BoT-IoT,test,9558,Reconnaissance,1,0.115805,0.262934,KNOWN
BoT-IoT,test,9559,DDoS,1,0.088545,0.262934,KNOWN
BoT-IoT,test,9560,DDoS,1,0.081483,0.262934,KNOWN
BoT-IoT,test,9561,DoS,1,0.028681,0.262934,KNOWN
BoT-IoT,test,9562,DoS,1,0.164895,0.262934,KNOWN
BoT-IoT,test,9563,DoS,1,0.063026,0.262934,KNOWN
BoT-IoT,test,9564,DoS,1,0.023688,0.262934,KNOWN
BoT-IoT,test,9565,DDoS,1,0.059954,0.262934,KNOWN
BoT-IoT,test,9566,DDoS,1,0.069772,0.262934,KNOWN
BoT-IoT,test,9567,DoS,1,0.027006,0.262934,KNOWN
BoT-IoT,test,9568,DoS,1,0.200801,0.262934,KNOWN
BoT-IoT,test,9569,DDoS,1,0.022595,0.262934,KNOWN
BoT-IoT,test,9570,DoS,1,0.116471,0.262934,KNOWN
BoT-IoT,test,9571,DoS,1,0.046121,0.262934,KNOWN
BoT-IoT,test,9572,DDoS,1,0.064629,0.262934,KNOWN
BoT-IoT,test,9573,DDoS,1,0.115209,0.262934,KNOWN
BoT-IoT,test,9574,DoS,1,0.045222,0.262934,KNOWN
BoT-IoT,test,9575,DoS,1,0.059449,0.262934,KNOWN
BoT-IoT,test,9576,DoS,1,0.004848,0.262934,KNOWN
BoT-IoT,test,9577,DoS,1,0.01501,0.262934,KNOWN
BoT-IoT,test,9578,DDoS,1,0.0061,0.262934,KNOWN
BoT-IoT,test,9579,DoS,1,0.040562,0.262934,KNOWN
BoT-IoT,test,9580,DDoS,1,0.074889,0.262934,KNOWN
BoT-IoT,test,9581,DoS,1,0.059331,0.262934,KNOWN
BoT-IoT,test,9582,DoS,1,0.207037,0.262934,KNOWN
BoT-IoT,test,9583,DDoS,1,0.147195,0.262934,KNOWN
BoT-IoT,test,9584,DDoS,1,0.026995,0.262934,KNOWN
BoT-IoT,test,9585,DDoS,1,0.075959,0.262934,KNOWN
BoT-IoT,test,9586,DoS,1,0.038846,0.262934,KNOWN
BoT-IoT,test,9587,DDoS,1,0.12063,0.262934,KNOWN
BoT-IoT,test,9588,DDoS,1,0.241853,0.262934,KNOWN
BoT-IoT,test,9589,DoS,1,0.105324,0.262934,KNOWN
BoT-IoT,test,9590,DDoS,1,0.007942,0.262934,KNOWN
BoT-IoT,test,9591,DDoS,1,0.037811,0.262934,KNOWN
BoT-IoT,test,9592,DoS,1,0.15646,0.262934,KNOWN
BoT-IoT,test,9593,DoS,1,0.125046,0.262934,KNOWN
BoT-IoT,test,9594,DDoS,1,0.029152,0.262934,KNOWN
BoT-IoT,test,9595,DDoS,1,0.027751,0.262934,KNOWN
BoT-IoT,test,9596,DoS,1,0.277223,0.262934,ZERO_DAY
BoT-IoT,test,9597,DoS,1,0.006455,0.262934,KNOWN
BoT-IoT,test,9598,DoS,1,0.123958,0.262934,KNOWN
BoT-IoT,test,9599,DoS,1,0.127396,0.262934,KNOWN
BoT-IoT,test,9600,DDoS,1,0.050748,0.262934,KNOWN
BoT-IoT,test,9601,DDoS,1,0.115448,0.262934,KNOWN
BoT-IoT,test,9602,DDoS,1,0.078516,0.262934,KNOWN
BoT-IoT,test,9603,DDoS,1,0.030764,0.262934,KNOWN
BoT-IoT,test,9604,DDoS,1,0.266783,0.262934,ZERO_DAY
BoT-IoT,test,9605,DoS,1,0.069278,0.262934,KNOWN
BoT-IoT,test,9606,DoS,1,0.188804,0.262934,KNOWN
BoT-IoT,test,9607,DoS,1,0.09996,0.262934,KNOWN
BoT-IoT,test,9608,DDoS,1,0.145106,0.262934,KNOWN
BoT-IoT,test,9609,DDoS,1,0.132674,0.262934,KNOWN
BoT-IoT,test,9610,DDoS,1,0.058296,0.262934,KNOWN
BoT-IoT,test,9611,DoS,1,0.275968,0.262934,ZERO_DAY
BoT-IoT,test,9612,DoS,1,0.012505,0.262934,KNOWN
BoT-IoT,test,9613,DoS,1,0.106073,0.262934,KNOWN
BoT-IoT,test,9614,DDoS,1,0.382627,0.262934,ZERO_DAY
BoT-IoT,test,9615,DoS,1,0.048964,0.262934,KNOWN
BoT-IoT,test,9616,DDoS,1,0.064043,0.262934,KNOWN
BoT-IoT,test,9617,DDoS,1,0.091083,0.262934,KNOWN
BoT-IoT,test,9618,DoS,1,0.123797,0.262934,KNOWN
BoT-IoT,test,9619,DoS,1,0.031201,0.262934,KNOWN
BoT-IoT,test,9620,DoS,1,0.051158,0.262934,KNOWN
BoT-IoT,test,9621,DDoS,1,0.020717,0.262934,KNOWN
BoT-IoT,test,9622,DoS,1,0.013367,0.262934,KNOWN
BoT-IoT,test,9623,DoS,1,0.136739,0.262934,KNOWN
BoT-IoT,test,9624,DoS,1,0.07545,0.262934,KNOWN
BoT-IoT,test,9625,DDoS,1,0.143378,0.262934,KNOWN
BoT-IoT,test,9626,DoS,1,0.138999,0.262934,KNOWN
BoT-IoT,test,9627,DDoS,1,0.172764,0.262934,KNOWN
BoT-IoT,test,9628,DoS,1,0.105581,0.262934,KNOWN
BoT-IoT,test,9629,DDoS,1,0.088881,0.262934,KNOWN
BoT-IoT,test,9630,DoS,1,0.222324,0.262934,KNOWN
BoT-IoT,test,9631,DDoS,1,0.123064,0.262934,KNOWN
BoT-IoT,test,9632,DDoS,1,0.018,0.262934,KNOWN
BoT-IoT,test,9633,DDoS,1,0.06294,0.262934,KNOWN
BoT-IoT,test,9634,DDoS,1,0.023737,0.262934,KNOWN
BoT-IoT,test,9635,DoS,1,0.031803,0.262934,KNOWN
BoT-IoT,test,9636,DDoS,1,0.072394,0.262934,KNOWN
BoT-IoT,test,9637,DoS,1,0.020935,0.262934,KNOWN
BoT-IoT,test,9638,DDoS,1,0.072081,0.262934,KNOWN
BoT-IoT,test,9639,DDoS,1,0.016857,0.262934,KNOWN
BoT-IoT,test,9640,DoS,1,0.037841,0.262934,KNOWN
BoT-IoT,test,9641,DoS,1,0.00078,0.262934,KNOWN
BoT-IoT,test,9642,DoS,1,0.060512,0.262934,KNOWN
BoT-IoT,test,9643,DoS,1,0.26417,0.262934,ZERO_DAY
BoT-IoT,test,9644,DDoS,1,0.08906,0.262934,KNOWN
BoT-IoT,test,9645,DoS,1,0.365294,0.262934,ZERO_DAY
BoT-IoT,test,9646,DDoS,1,0.087743,0.262934,KNOWN
BoT-IoT,test,9647,DDoS,1,0.08228,0.262934,KNOWN
BoT-IoT,test,9648,DDoS,1,0.002532,0.262934,KNOWN
BoT-IoT,test,9649,DoS,1,0.07602,0.262934,KNOWN
BoT-IoT,test,9650,DDoS,1,0.132094,0.262934,KNOWN
BoT-IoT,test,9651,DoS,1,0.076355,0.262934,KNOWN
BoT-IoT,test,9652,DoS,1,0.049008,0.262934,KNOWN
BoT-IoT,test,9653,DoS,1,0.086439,0.262934,KNOWN
BoT-IoT,test,9654,DoS,1,0.131873,0.262934,KNOWN
BoT-IoT,test,9655,DoS,1,0.102574,0.262934,KNOWN
BoT-IoT,test,9656,DDoS,1,0.120155,0.262934,KNOWN
BoT-IoT,test,9657,DoS,1,0.041129,0.262934,KNOWN
BoT-IoT,test,9658,DDoS,1,0.034525,0.262934,KNOWN
BoT-IoT,test,9659,DoS,1,0.118254,0.262934,KNOWN
BoT-IoT,test,9660,DDoS,1,0.060301,0.262934,KNOWN
BoT-IoT,test,9661,DDoS,1,0.244904,0.262934,KNOWN
BoT-IoT,test,9662,DDoS,1,0.068738,0.262934,KNOWN
BoT-IoT,test,9663,DDoS,1,0.059504,0.262934,KNOWN
BoT-IoT,test,9664,DDoS,1,0.273266,0.262934,ZERO_DAY
BoT-IoT,test,9665,Reconnaissance,1,0.074344,0.262934,KNOWN
BoT-IoT,test,9666,DoS,1,0.02599,0.262934,KNOWN
BoT-IoT,test,9667,DoS,1,0.092187,0.262934,KNOWN
BoT-IoT,test,9668,DDoS,1,0.018585,0.262934,KNOWN
BoT-IoT,test,9669,DDoS,1,0.16678,0.262934,KNOWN
BoT-IoT,test,9670,DoS,1,0.149736,0.262934,KNOWN
BoT-IoT,test,9671,DDoS,1,0.002941,0.262934,KNOWN
BoT-IoT,test,9672,DDoS,1,0.097898,0.262934,KNOWN
BoT-IoT,test,9673,DDoS,1,0.023696,0.262934,KNOWN
BoT-IoT,test,9674,DDoS,1,0.025194,0.262934,KNOWN
BoT-IoT,test,9675,DoS,1,0.021966,0.262934,KNOWN
BoT-IoT,test,9676,DDoS,1,0.058028,0.262934,KNOWN
BoT-IoT,test,9677,DoS,1,0.020773,0.262934,KNOWN
BoT-IoT,test,9678,DDoS,1,0.081483,0.262934,KNOWN
BoT-IoT,test,9679,DoS,1,0.004391,0.262934,KNOWN
BoT-IoT,test,9680,DDoS,1,0.030646,0.262934,KNOWN
BoT-IoT,test,9681,DDoS,1,0.25988,0.262934,KNOWN
BoT-IoT,test,9682,Reconnaissance,1,0.044995,0.262934,KNOWN
BoT-IoT,test,9683,DDoS,1,0.187359,0.262934,KNOWN
BoT-IoT,test,9684,DDoS,1,0.016836,0.262934,KNOWN
BoT-IoT,test,9685,DoS,1,0.010621,0.262934,KNOWN
BoT-IoT,test,9686,DoS,1,0.193556,0.262934,KNOWN
BoT-IoT,test,9687,DDoS,1,0.118109,0.262934,KNOWN
BoT-IoT,test,9688,DDoS,1,0.261183,0.262934,KNOWN
BoT-IoT,test,9689,DoS,1,0.0511,0.262934,KNOWN
BoT-IoT,test,9690,DoS,1,0.143891,0.262934,KNOWN
BoT-IoT,test,9691,DDoS,1,0.06392,0.262934,KNOWN
BoT-IoT,test,9692,Reconnaissance,1,0.111341,0.262934,KNOWN
BoT-IoT,test,9693,DDoS,1,0.067071,0.262934,KNOWN
BoT-IoT,test,9694,DDoS,1,0.054843,0.262934,KNOWN
BoT-IoT,test,9695,DoS,1,0.046936,0.262934,KNOWN
BoT-IoT,test,9696,DoS,1,0.106068,0.262934,KNOWN
BoT-IoT,test,9697,DDoS,1,0.136677,0.262934,KNOWN
BoT-IoT,test,9698,DDoS,1,0.01418,0.262934,KNOWN
BoT-IoT,test,9699,DoS,1,0.00804,0.262934,KNOWN
BoT-IoT,test,9700,DDoS,1,0.055652,0.262934,KNOWN
BoT-IoT,test,9701,DDoS,1,0.070939,0.262934,KNOWN
BoT-IoT,test,9702,DDoS,1,0.043329,0.262934,KNOWN
BoT-IoT,test,9703,DoS,1,0.020509,0.262934,KNOWN
BoT-IoT,test,9704,DoS,1,0.023151,0.262934,KNOWN
BoT-IoT,test,9705,DDoS,1,0.077918,0.262934,KNOWN
BoT-IoT,test,9706,DDoS,1,0.096296,0.262934,KNOWN
BoT-IoT,test,9707,DoS,1,0.020824,0.262934,KNOWN
BoT-IoT,test,9708,Normal,1,0.004734,0.262934,KNOWN
BoT-IoT,test,9709,DDoS,1,0.01661,0.262934,KNOWN
BoT-IoT,test,9710,DDoS,1,0.143739,0.262934,KNOWN
BoT-IoT,test,9711,DDoS,1,0.058441,0.262934,KNOWN
BoT-IoT,test,9712,Reconnaissance,1,0.046491,0.262934,KNOWN
BoT-IoT,test,9713,DoS,1,0.064551,0.262934,KNOWN
BoT-IoT,test,9714,DoS,1,0.035952,0.262934,KNOWN
BoT-IoT,test,9715,DoS,1,0.106714,0.262934,KNOWN
BoT-IoT,test,9716,DDoS,1,0.082711,0.262934,KNOWN
BoT-IoT,test,9717,Normal,1,0.012343,0.262934,KNOWN
BoT-IoT,test,9718,DoS,1,0.016742,0.262934,KNOWN
BoT-IoT,test,9719,DDoS,1,0.065814,0.262934,KNOWN
BoT-IoT,test,9720,DDoS,1,0.113329,0.262934,KNOWN
BoT-IoT,test,9721,DoS,1,0.111289,0.262934,KNOWN
BoT-IoT,test,9722,DDoS,1,0.029077,0.262934,KNOWN
BoT-IoT,test,9723,Reconnaissance,1,0.137177,0.262934,KNOWN
BoT-IoT,test,9724,DDoS,1,0.04732,0.262934,KNOWN
BoT-IoT,test,9725,Normal,1,0.027836,0.262934,KNOWN
BoT-IoT,test,9726,DoS,1,0.065278,0.262934,KNOWN
BoT-IoT,test,9727,DDoS,1,0.009412,0.262934,KNOWN
BoT-IoT,test,9728,DDoS,1,0.090404,0.262934,KNOWN
BoT-IoT,test,9729,DoS,1,0.007451,0.262934,KNOWN
BoT-IoT,test,9730,DoS,1,0.06253,0.262934,KNOWN
BoT-IoT,test,9731,DoS,1,0.044312,0.262934,KNOWN
BoT-IoT,test,9732,DoS,1,0.005619,0.262934,KNOWN
BoT-IoT,test,9733,DoS,1,0.100965,0.262934,KNOWN
BoT-IoT,test,9734,DoS,1,0.172101,0.262934,KNOWN
BoT-IoT,test,9735,DDoS,1,0.012266,0.262934,KNOWN
BoT-IoT,test,9736,Reconnaissance,1,0.131116,0.262934,KNOWN
BoT-IoT,test,9737,DDoS,1,0.096249,0.262934,KNOWN
BoT-IoT,test,9738,DDoS,1,0.051327,0.262934,KNOWN
BoT-IoT,test,9739,DDoS,1,0.109533,0.262934,KNOWN
BoT-IoT,test,9740,DoS,1,0.033949,0.262934,KNOWN
BoT-IoT,test,9741,DDoS,1,0.1811,0.262934,KNOWN
BoT-IoT,test,9742,DoS,1,0.047982,0.262934,KNOWN
BoT-IoT,test,9743,DDoS,1,0.327485,0.262934,ZERO_DAY
BoT-IoT,test,9744,DDoS,1,0.28702,0.262934,ZERO_DAY
BoT-IoT,test,9745,DDoS,1,0.032739,0.262934,KNOWN
BoT-IoT,test,9746,Normal,1,0.05046,0.262934,KNOWN
BoT-IoT,test,9747,DDoS,1,0.03543,0.262934,KNOWN
BoT-IoT,test,9748,Reconnaissance,1,0.024457,0.262934,KNOWN
BoT-IoT,test,9749,DDoS,1,0.084475,0.262934,KNOWN
BoT-IoT,test,9750,DDoS,1,0.022246,0.262934,KNOWN
BoT-IoT,test,9751,DDoS,1,0.081191,0.262934,KNOWN
BoT-IoT,test,9752,DoS,1,0.024187,0.262934,KNOWN
BoT-IoT,test,9753,DDoS,1,0.093976,0.262934,KNOWN
BoT-IoT,test,9754,DoS,1,0.017161,0.262934,KNOWN
BoT-IoT,test,9755,DoS,1,0.046265,0.262934,KNOWN
BoT-IoT,test,9756,DoS,1,0.241906,0.262934,KNOWN
BoT-IoT,test,9757,DDoS,1,0.022588,0.262934,KNOWN
BoT-IoT,test,9758,DDoS,1,0.121685,0.262934,KNOWN
BoT-IoT,test,9759,DDoS,1,0.028969,0.262934,KNOWN
BoT-IoT,test,9760,Normal,1,0.135817,0.262934,KNOWN
BoT-IoT,test,9761,DoS,1,0.155137,0.262934,KNOWN
BoT-IoT,test,9762,Normal,1,0.100342,0.262934,KNOWN
BoT-IoT,test,9763,DDoS,1,0.018575,0.262934,KNOWN
BoT-IoT,test,9764,DoS,1,0.283185,0.262934,ZERO_DAY
BoT-IoT,test,9765,DDoS,1,0.053248,0.262934,KNOWN
BoT-IoT,test,9766,DDoS,1,0.157734,0.262934,KNOWN
BoT-IoT,test,9767,Reconnaissance,1,0.061064,0.262934,KNOWN
BoT-IoT,test,9768,DDoS,1,0.083318,0.262934,KNOWN
BoT-IoT,test,9769,DoS,1,0.00817,0.262934,KNOWN
BoT-IoT,test,9770,DDoS,1,0.002271,0.262934,KNOWN
BoT-IoT,test,9771,Reconnaissance,1,0.002309,0.262934,KNOWN
BoT-IoT,test,9772,DDoS,1,0.056441,0.262934,KNOWN
BoT-IoT,test,9773,DDoS,1,0.087439,0.262934,KNOWN
BoT-IoT,test,9774,DDoS,1,0.185847,0.262934,KNOWN
BoT-IoT,test,9775,DoS,1,0.08273,0.262934,KNOWN
BoT-IoT,test,9776,DDoS,1,0.172701,0.262934,KNOWN
BoT-IoT,test,9777,DDoS,1,0.02591,0.262934,KNOWN
BoT-IoT,test,9778,DDoS,1,0.062209,0.262934,KNOWN
BoT-IoT,test,9779,DDoS,1,0.108114,0.262934,KNOWN
BoT-IoT,test,9780,DoS,1,0.037944,0.262934,KNOWN
BoT-IoT,test,9781,DoS,1,0.124103,0.262934,KNOWN
BoT-IoT,test,9782,DDoS,1,0.103291,0.262934,KNOWN
BoT-IoT,test,9783,DoS,1,0.078205,0.262934,KNOWN
BoT-IoT,test,9784,DoS,1,0.081151,0.262934,KNOWN
BoT-IoT,test,9785,DoS,1,0.033702,0.262934,KNOWN
BoT-IoT,test,9786,DDoS,1,0.004974,0.262934,KNOWN
BoT-IoT,test,9787,DoS,1,0.02896,0.262934,KNOWN
BoT-IoT,test,9788,DDoS,1,0.21785,0.262934,KNOWN
BoT-IoT,test,9789,DoS,1,0.085922,0.262934,KNOWN
BoT-IoT,test,9790,DoS,1,0.291376,0.262934,ZERO_DAY
BoT-IoT,test,9791,DDoS,1,0.131037,0.262934,KNOWN
BoT-IoT,test,9792,DoS,1,0.098898,0.262934,KNOWN
BoT-IoT,test,9793,DoS,1,0.214138,0.262934,KNOWN
BoT-IoT,test,9794,DoS,1,0.220988,0.262934,KNOWN
BoT-IoT,test,9795,DDoS,1,0.181188,0.262934,KNOWN
BoT-IoT,test,9796,DDoS,1,0.122656,0.262934,KNOWN
BoT-IoT,test,9797,DoS,1,0.13224,0.262934,KNOWN
BoT-IoT,test,9798,DoS,1,0.162044,0.262934,KNOWN
BoT-IoT,test,9799,DDoS,1,0.022807,0.262934,KNOWN
BoT-IoT,test,9800,DDoS,1,0.043918,0.262934,KNOWN
BoT-IoT,test,9801,DoS,1,0.01484,0.262934,KNOWN
BoT-IoT,test,9802,DoS,1,0.068914,0.262934,KNOWN
BoT-IoT,test,9803,DoS,1,0.0219,0.262934,KNOWN
BoT-IoT,test,9804,DDoS,1,0.231825,0.262934,KNOWN
BoT-IoT,test,9805,DDoS,1,0.029741,0.262934,KNOWN
BoT-IoT,test,9806,DDoS,1,0.135699,0.262934,KNOWN
BoT-IoT,test,9807,DDoS,1,0.163978,0.262934,KNOWN
BoT-IoT,test,9808,DoS,1,0.097051,0.262934,KNOWN
BoT-IoT,test,9809,DoS,1,0.054971,0.262934,KNOWN
BoT-IoT,test,9810,DDoS,1,0.08317,0.262934,KNOWN
BoT-IoT,test,9811,DoS,1,0.190494,0.262934,KNOWN
BoT-IoT,test,9812,DDoS,1,0.14816,0.262934,KNOWN
BoT-IoT,test,9813,DDoS,1,0.012381,0.262934,KNOWN
BoT-IoT,test,9814,DoS,1,0.119013,0.262934,KNOWN
BoT-IoT,test,9815,DDoS,1,0.229792,0.262934,KNOWN
BoT-IoT,test,9816,DoS,1,0.157218,0.262934,KNOWN
BoT-IoT,test,9817,DoS,1,0.211028,0.262934,KNOWN
BoT-IoT,test,9818,DoS,1,0.017764,0.262934,KNOWN
BoT-IoT,test,9819,DoS,1,0.181304,0.262934,KNOWN
BoT-IoT,test,9820,DDoS,1,0.104203,0.262934,KNOWN
BoT-IoT,test,9821,Reconnaissance,1,0.00667,0.262934,KNOWN
BoT-IoT,test,9822,DoS,1,0.131719,0.262934,KNOWN
BoT-IoT,test,9823,DoS,1,0.027669,0.262934,KNOWN
BoT-IoT,test,9824,DDoS,1,0.372048,0.262934,ZERO_DAY
BoT-IoT,test,9825,DoS,1,0.100835,0.262934,KNOWN
BoT-IoT,test,9826,DDoS,1,0.188608,0.262934,KNOWN
BoT-IoT,test,9827,DDoS,1,0.061753,0.262934,KNOWN
BoT-IoT,test,9828,DDoS,1,0.061952,0.262934,KNOWN
BoT-IoT,test,9829,DDoS,1,0.050807,0.262934,KNOWN
BoT-IoT,test,9830,DoS,1,0.140126,0.262934,KNOWN
BoT-IoT,test,9831,DoS,1,0.108283,0.262934,KNOWN
BoT-IoT,test,9832,DoS,1,0.074054,0.262934,KNOWN
BoT-IoT,test,9833,DDoS,1,0.068829,0.262934,KNOWN
BoT-IoT,test,9834,DDoS,1,0.360702,0.262934,ZERO_DAY
BoT-IoT,test,9835,DDoS,1,0.01487,0.262934,KNOWN
BoT-IoT,test,9836,DoS,1,0.040244,0.262934,KNOWN
BoT-IoT,test,9837,DDoS,1,0.205939,0.262934,KNOWN
BoT-IoT,test,9838,DoS,1,0.0252,0.262934,KNOWN
BoT-IoT,test,9839,DDoS,1,0.004057,0.262934,KNOWN
BoT-IoT,test,9840,DoS,1,0.024883,0.262934,KNOWN
BoT-IoT,test,9841,DDoS,1,0.094385,0.262934,KNOWN
BoT-IoT,test,9842,DoS,1,0.068967,0.262934,KNOWN
BoT-IoT,test,9843,DoS,1,0.193827,0.262934,KNOWN
BoT-IoT,test,9844,DDoS,1,0.105601,0.262934,KNOWN
BoT-IoT,test,9845,DoS,1,0.082626,0.262934,KNOWN
BoT-IoT,test,9846,DDoS,1,0.070955,0.262934,KNOWN
BoT-IoT,test,9847,DoS,1,0.084539,0.262934,KNOWN
BoT-IoT,test,9848,DDoS,1,0.052025,0.262934,KNOWN
BoT-IoT,test,9849,DDoS,1,0.028404,0.262934,KNOWN
BoT-IoT,test,9850,DDoS,1,0.012511,0.262934,KNOWN
BoT-IoT,test,9851,DDoS,1,0.170939,0.262934,KNOWN
BoT-IoT,test,9852,DoS,1,0.087788,0.262934,KNOWN
BoT-IoT,test,9853,DoS,1,0.220143,0.262934,KNOWN
BoT-IoT,test,9854,DDoS,1,0.183688,0.262934,KNOWN
BoT-IoT,test,9855,DDoS,1,0.20402,0.262934,KNOWN
BoT-IoT,test,9856,DoS,1,0.060154,0.262934,KNOWN
BoT-IoT,test,9857,DoS,1,0.024307,0.262934,KNOWN
BoT-IoT,test,9858,DDoS,1,0.198203,0.262934,KNOWN
BoT-IoT,test,9859,DDoS,1,0.171767,0.262934,KNOWN
BoT-IoT,test,9860,DDoS,1,0.001636,0.262934,KNOWN
BoT-IoT,test,9861,DDoS,1,0.087951,0.262934,KNOWN
BoT-IoT,test,9862,DoS,1,0.114865,0.262934,KNOWN
BoT-IoT,test,9863,DoS,1,0.077596,0.262934,KNOWN
BoT-IoT,test,9864,DDoS,1,0.072584,0.262934,KNOWN
BoT-IoT,test,9865,DDoS,1,0.030044,0.262934,KNOWN
BoT-IoT,test,9866,DDoS,1,0.342215,0.262934,ZERO_DAY
BoT-IoT,test,9867,DDoS,1,0.062539,0.262934,KNOWN
BoT-IoT,test,9868,DoS,1,0.034296,0.262934,KNOWN
BoT-IoT,test,9869,DDoS,1,0.136334,0.262934,KNOWN
BoT-IoT,test,9870,DDoS,1,0.286426,0.262934,ZERO_DAY
BoT-IoT,test,9871,DoS,1,0.001423,0.262934,KNOWN
BoT-IoT,test,9872,DoS,1,0.022459,0.262934,KNOWN
BoT-IoT,test,9873,Normal,1,0.011287,0.262934,KNOWN
BoT-IoT,test,9874,DoS,1,0.061092,0.262934,KNOWN
BoT-IoT,test,9875,DDoS,1,0.030667,0.262934,KNOWN
BoT-IoT,test,9876,DDoS,1,0.221907,0.262934,KNOWN
BoT-IoT,test,9877,DoS,1,0.121767,0.262934,KNOWN
BoT-IoT,test,9878,DDoS,1,0.012023,0.262934,KNOWN
BoT-IoT,test,9879,Normal,1,0.133027,0.262934,KNOWN
BoT-IoT,test,9880,DDoS,1,0.224194,0.262934,KNOWN
BoT-IoT,test,9881,DoS,1,0.066835,0.262934,KNOWN
BoT-IoT,test,9882,DoS,1,0.249576,0.262934,KNOWN
BoT-IoT,test,9883,DDoS,1,0.07042,0.262934,KNOWN
BoT-IoT,test,9884,DDoS,1,0.00322,0.262934,KNOWN
BoT-IoT,test,9885,DoS,1,0.219303,0.262934,KNOWN
BoT-IoT,test,9886,DDoS,1,0.178024,0.262934,KNOWN
BoT-IoT,test,9887,DDoS,1,0.044003,0.262934,KNOWN
BoT-IoT,test,9888,DoS,1,0.004628,0.262934,KNOWN
BoT-IoT,test,9889,DDoS,1,0.06335,0.262934,KNOWN
BoT-IoT,test,9890,DDoS,1,0.040172,0.262934,KNOWN
BoT-IoT,test,9891,DDoS,1,0.064387,0.262934,KNOWN
BoT-IoT,test,9892,DDoS,1,0.007219,0.262934,KNOWN
BoT-IoT,test,9893,DDoS,1,0.026582,0.262934,KNOWN
BoT-IoT,test,9894,DDoS,1,0.095249,0.262934,KNOWN
BoT-IoT,test,9895,DDoS,1,0.067439,0.262934,KNOWN
BoT-IoT,test,9896,DoS,1,0.140874,0.262934,KNOWN
BoT-IoT,test,9897,DDoS,1,0.013366,0.262934,KNOWN
BoT-IoT,test,9898,Normal,1,0.005431,0.262934,KNOWN
BoT-IoT,test,9899,DDoS,1,0.24316,0.262934,KNOWN
BoT-IoT,test,9900,DoS,1,0.051321,0.262934,KNOWN
BoT-IoT,test,9901,DDoS,1,0.057839,0.262934,KNOWN
BoT-IoT,test,9902,DoS,1,0.080052,0.262934,KNOWN
BoT-IoT,test,9903,DoS,1,0.562869,0.262934,ZERO_DAY
BoT-IoT,test,9904,DDoS,1,0.107672,0.262934,KNOWN
BoT-IoT,test,9905,Normal,1,0.08593,0.262934,KNOWN
BoT-IoT,test,9906,DDoS,1,0.040205,0.262934,KNOWN
BoT-IoT,test,9907,DoS,1,0.151393,0.262934,KNOWN
BoT-IoT,test,9908,DDoS,1,0.031119,0.262934,KNOWN
BoT-IoT,test,9909,DoS,1,0.250286,0.262934,KNOWN
BoT-IoT,test,9910,DoS,1,0.016864,0.262934,KNOWN
BoT-IoT,test,9911,Normal,1,0.247044,0.262934,KNOWN
BoT-IoT,test,9912,DoS,1,0.213,0.262934,KNOWN
BoT-IoT,test,9913,DoS,1,0.122747,0.262934,KNOWN
BoT-IoT,test,9914,DDoS,1,0.150517,0.262934,KNOWN
BoT-IoT,test,9915,DDoS,1,0.112756,0.262934,KNOWN
BoT-IoT,test,9916,DDoS,1,0.064603,0.262934,KNOWN
BoT-IoT,test,9917,DDoS,1,0.025604,0.262934,KNOWN
BoT-IoT,test,9918,DoS,1,0.087117,0.262934,KNOWN
BoT-IoT,test,9919,DDoS,1,0.062058,0.262934,KNOWN
BoT-IoT,test,9920,DDoS,1,0.188265,0.262934,KNOWN
BoT-IoT,test,9921,DoS,1,0.063926,0.262934,KNOWN
BoT-IoT,test,9922,DDoS,1,0.017273,0.262934,KNOWN
BoT-IoT,test,9923,Normal,1,0.155065,0.262934,KNOWN
BoT-IoT,test,9924,DDoS,1,0.119156,0.262934,KNOWN
BoT-IoT,test,9925,DoS,1,0.01175,0.262934,KNOWN
BoT-IoT,test,9926,DoS,1,0.151362,0.262934,KNOWN
BoT-IoT,test,9927,DoS,1,0.000505,0.262934,KNOWN
BoT-IoT,test,9928,DoS,1,0.036878,0.262934,KNOWN
BoT-IoT,test,9929,DDoS,1,0.090204,0.262934,KNOWN
BoT-IoT,test,9930,DDoS,1,0.105466,0.262934,KNOWN
BoT-IoT,test,9931,DDoS,1,0.10025,0.262934,KNOWN
BoT-IoT,test,9932,DDoS,1,0.225655,0.262934,KNOWN
BoT-IoT,test,9933,DDoS,1,0.025783,0.262934,KNOWN
BoT-IoT,test,9934,DoS,1,0.048101,0.262934,KNOWN
BoT-IoT,test,9935,DDoS,1,0.069018,0.262934,KNOWN
BoT-IoT,test,9936,DDoS,1,0.010266,0.262934,KNOWN
BoT-IoT,test,9937,DDoS,1,0.071257,0.262934,KNOWN
BoT-IoT,test,9938,DDoS,1,0.209626,0.262934,KNOWN
BoT-IoT,test,9939,Reconnaissance,1,0.077533,0.262934,KNOWN
BoT-IoT,test,9940,DDoS,1,0.097319,0.262934,KNOWN
BoT-IoT,test,9941,DDoS,1,0.186684,0.262934,KNOWN
BoT-IoT,test,9942,DDoS,1,0.036161,0.262934,KNOWN
BoT-IoT,test,9943,DDoS,1,0.126284,0.262934,KNOWN
BoT-IoT,test,9944,DoS,1,0.171996,0.262934,KNOWN
BoT-IoT,test,9945,DoS,1,0.10209,0.262934,KNOWN
BoT-IoT,test,9946,DoS,1,0.138391,0.262934,KNOWN
BoT-IoT,test,9947,DDoS,1,0.129133,0.262934,KNOWN
BoT-IoT,test,9948,DoS,1,0.05099,0.262934,KNOWN
BoT-IoT,test,9949,DoS,1,0.021239,0.262934,KNOWN
BoT-IoT,test,9950,DDoS,1,0.024248,0.262934,KNOWN
BoT-IoT,test,9951,DoS,1,0.03638,0.262934,KNOWN
BoT-IoT,test,9952,DoS,1,0.082045,0.262934,KNOWN
BoT-IoT,test,9953,DDoS,1,0.014975,0.262934,KNOWN
BoT-IoT,test,9954,DoS,1,0.035652,0.262934,KNOWN
BoT-IoT,test,9955,DDoS,1,0.049453,0.262934,KNOWN
BoT-IoT,test,9956,DDoS,1,0.045016,0.262934,KNOWN
BoT-IoT,test,9957,DDoS,1,0.019984,0.262934,KNOWN
BoT-IoT,test,9958,DoS,1,0.049962,0.262934,KNOWN
BoT-IoT,test,9959,DDoS,1,0.284461,0.262934,ZERO_DAY
BoT-IoT,test,9960,DDoS,1,0.007279,0.262934,KNOWN
BoT-IoT,test,9961,DoS,1,0.100707,0.262934,KNOWN
BoT-IoT,test,9962,DDoS,1,0.097395,0.262934,KNOWN
BoT-IoT,test,9963,DDoS,1,0.101197,0.262934,KNOWN
BoT-IoT,test,9964,DDoS,1,0.189363,0.262934,KNOWN
BoT-IoT,test,9965,DoS,1,0.124735,0.262934,KNOWN
BoT-IoT,test,9966,DoS,1,0.05665,0.262934,KNOWN
BoT-IoT,test,9967,DoS,1,0.030781,0.262934,KNOWN
BoT-IoT,test,9968,DoS,1,0.004614,0.262934,KNOWN
BoT-IoT,test,9969,DoS,1,0.158875,0.262934,KNOWN
BoT-IoT,test,9970,DDoS,1,0.013561,0.262934,KNOWN
BoT-IoT,test,9971,DDoS,1,0.239016,0.262934,KNOWN
BoT-IoT,test,9972,DDoS,1,0.034172,0.262934,KNOWN
BoT-IoT,test,9973,DDoS,1,0.078159,0.262934,KNOWN
BoT-IoT,test,9974,Reconnaissance,1,0.005633,0.262934,KNOWN
BoT-IoT,test,9975,Normal,1,0.054927,0.262934,KNOWN
BoT-IoT,test,9976,DoS,1,0.041693,0.262934,KNOWN
BoT-IoT,test,9977,DoS,1,0.171612,0.262934,KNOWN
BoT-IoT,test,9978,DDoS,1,0.00382,0.262934,KNOWN
BoT-IoT,test,9979,DoS,1,0.198011,0.262934,KNOWN
BoT-IoT,test,9980,DoS,1,0.240793,0.262934,KNOWN
BoT-IoT,test,9981,DoS,1,0.032776,0.262934,KNOWN
BoT-IoT,test,9982,DoS,1,0.195873,0.262934,KNOWN
BoT-IoT,test,9983,DoS,1,0.04049,0.262934,KNOWN
BoT-IoT,test,9984,DDoS,1,0.014895,0.262934,KNOWN
BoT-IoT,test,9985,DDoS,1,0.142466,0.262934,KNOWN
BoT-IoT,test,9986,DoS,1,0.032349,0.262934,KNOWN
BoT-IoT,test,9987,DoS,1,0.058937,0.262934,KNOWN
BoT-IoT,test,9988,DDoS,1,0.115688,0.262934,KNOWN
BoT-IoT,test,9989,DoS,1,0.111929,0.262934,KNOWN
BoT-IoT,test,9990,DoS,1,0.266631,0.262934,ZERO_DAY
BoT-IoT,test,9991,DoS,1,0.091847,0.262934,KNOWN
BoT-IoT,test,9992,DoS,1,0.127897,0.262934,KNOWN
BoT-IoT,test,9993,DDoS,1,0.029687,0.262934,KNOWN
BoT-IoT,test,9994,DDoS,1,0.08039,0.262934,KNOWN
BoT-IoT,test,9995,DDoS,1,0.050497,0.262934,KNOWN
BoT-IoT,test,9996,DoS,1,0.139108,0.262934,KNOWN
BoT-IoT,test,9997,DDoS,1,0.03911,0.262934,KNOWN
BoT-IoT,test,9998,DoS,1,0.002731,0.262934,KNOWN
BoT-IoT,test,9999,DDoS,1,0.04348,0.262934,KNOWN
BoT-IoT,test,10000,DoS,1,0.033056,0.262934,KNOWN
BoT-IoT,test,10001,DDoS,1,0.17755,0.262934,KNOWN
BoT-IoT,test,10002,DoS,1,0.144884,0.262934,KNOWN
BoT-IoT,test,10003,DoS,1,0.299567,0.262934,ZERO_DAY
BoT-IoT,test,10004,DoS,1,0.230067,0.262934,KNOWN
BoT-IoT,test,10005,DDoS,1,0.040305,0.262934,KNOWN
BoT-IoT,test,10006,DoS,1,0.097629,0.262934,KNOWN
BoT-IoT,test,10007,DDoS,1,0.002695,0.262934,KNOWN
BoT-IoT,test,10008,DoS,1,0.108763,0.262934,KNOWN
BoT-IoT,test,10009,DoS,1,0.043128,0.262934,KNOWN
BoT-IoT,test,10010,DoS,1,0.258512,0.262934,KNOWN
BoT-IoT,test,10011,DoS,1,0.133703,0.262934,KNOWN
BoT-IoT,test,10012,Normal,1,0.011776,0.262934,KNOWN
BoT-IoT,test,10013,DDoS,1,0.062604,0.262934,KNOWN
BoT-IoT,test,10014,DDoS,1,0.033761,0.262934,KNOWN
BoT-IoT,test,10015,DDoS,1,0.127591,0.262934,KNOWN
BoT-IoT,test,10016,DDoS,1,0.106561,0.262934,KNOWN
BoT-IoT,test,10017,DoS,1,0.092186,0.262934,KNOWN
BoT-IoT,test,10018,DDoS,1,0.102958,0.262934,KNOWN
BoT-IoT,test,10019,DDoS,1,0.027713,0.262934,KNOWN
BoT-IoT,test,10020,DoS,1,0.084741,0.262934,KNOWN
BoT-IoT,test,10021,DDoS,1,0.192749,0.262934,KNOWN
BoT-IoT,test,10022,DoS,1,0.025003,0.262934,KNOWN
BoT-IoT,test,10023,DDoS,1,0.146775,0.262934,KNOWN
BoT-IoT,test,10024,DoS,1,0.088254,0.262934,KNOWN
BoT-IoT,test,10025,Reconnaissance,1,0.004168,0.262934,KNOWN
BoT-IoT,test,10026,DDoS,1,0.042053,0.262934,KNOWN
BoT-IoT,test,10027,DDoS,1,0.111437,0.262934,KNOWN
BoT-IoT,test,10028,DoS,1,0.160631,0.262934,KNOWN
BoT-IoT,test,10029,DDoS,1,0.06842,0.262934,KNOWN
BoT-IoT,test,10030,DDoS,1,0.087228,0.262934,KNOWN
BoT-IoT,test,10031,DDoS,1,0.139389,0.262934,KNOWN
BoT-IoT,test,10032,DoS,1,0.153221,0.262934,KNOWN
BoT-IoT,test,10033,DDoS,1,0.01969,0.262934,KNOWN
BoT-IoT,test,10034,DDoS,1,0.109983,0.262934,KNOWN
BoT-IoT,test,10035,DoS,1,0.065938,0.262934,KNOWN
BoT-IoT,test,10036,DoS,1,0.489796,0.262934,ZERO_DAY
BoT-IoT,test,10037,DoS,1,0.204769,0.262934,KNOWN
BoT-IoT,test,10038,DDoS,1,0.093752,0.262934,KNOWN
BoT-IoT,test,10039,DoS,1,0.165042,0.262934,KNOWN
BoT-IoT,test,10040,Normal,1,0.378429,0.262934,ZERO_DAY
BoT-IoT,test,10041,DoS,1,0.039884,0.262934,KNOWN
BoT-IoT,test,10042,Normal,1,0.157393,0.262934,KNOWN
BoT-IoT,test,10043,DoS,1,0.154096,0.262934,KNOWN
BoT-IoT,test,10044,DDoS,1,0.053159,0.262934,KNOWN
BoT-IoT,test,10045,DDoS,1,0.035715,0.262934,KNOWN
BoT-IoT,test,10046,DDoS,1,0.07993,0.262934,KNOWN
BoT-IoT,test,10047,DDoS,1,0.104216,0.262934,KNOWN
BoT-IoT,test,10048,DoS,1,0.066299,0.262934,KNOWN
BoT-IoT,test,10049,DoS,1,0.059382,0.262934,KNOWN
BoT-IoT,test,10050,DDoS,1,0.079631,0.262934,KNOWN
BoT-IoT,test,10051,DDoS,1,0.005994,0.262934,KNOWN
BoT-IoT,test,10052,DDoS,1,0.123469,0.262934,KNOWN
BoT-IoT,test,10053,DoS,1,0.220847,0.262934,KNOWN
BoT-IoT,test,10054,DDoS,1,0.155526,0.262934,KNOWN
BoT-IoT,test,10055,DoS,1,0.115923,0.262934,KNOWN
BoT-IoT,test,10056,DDoS,1,0.041778,0.262934,KNOWN
BoT-IoT,test,10057,DoS,1,0.070772,0.262934,KNOWN
BoT-IoT,test,10058,DoS,1,0.025659,0.262934,KNOWN
BoT-IoT,test,10059,DDoS,1,0.216452,0.262934,KNOWN
BoT-IoT,test,10060,DoS,1,0.042618,0.262934,KNOWN
BoT-IoT,test,10061,DDoS,1,0.006887,0.262934,KNOWN
BoT-IoT,test,10062,DDoS,1,0.04586,0.262934,KNOWN
BoT-IoT,test,10063,DDoS,1,0.031173,0.262934,KNOWN
BoT-IoT,test,10064,DoS,1,0.078357,0.262934,KNOWN
BoT-IoT,test,10065,DoS,1,0.156035,0.262934,KNOWN
BoT-IoT,test,10066,DoS,1,0.077224,0.262934,KNOWN
BoT-IoT,test,10067,DDoS,1,0.119688,0.262934,KNOWN
BoT-IoT,test,10068,DDoS,1,0.040644,0.262934,KNOWN
BoT-IoT,test,10069,DoS,1,0.114859,0.262934,KNOWN
BoT-IoT,test,10070,DoS,1,0.130922,0.262934,KNOWN
BoT-IoT,test,10071,DDoS,1,0.092965,0.262934,KNOWN
BoT-IoT,test,10072,DDoS,1,0.215737,0.262934,KNOWN
BoT-IoT,test,10073,DDoS,1,0.153478,0.262934,KNOWN
BoT-IoT,test,10074,DoS,1,0.042092,0.262934,KNOWN
BoT-IoT,test,10075,DDoS,1,0.092362,0.262934,KNOWN
BoT-IoT,test,10076,DDoS,1,0.026942,0.262934,KNOWN
BoT-IoT,test,10077,DoS,1,0.065328,0.262934,KNOWN
BoT-IoT,test,10078,DoS,1,0.168123,0.262934,KNOWN
BoT-IoT,test,10079,DDoS,1,0.274585,0.262934,ZERO_DAY
BoT-IoT,test,10080,DDoS,1,0.100752,0.262934,KNOWN
BoT-IoT,test,10081,DDoS,1,0.355614,0.262934,ZERO_DAY
BoT-IoT,test,10082,DoS,1,0.032481,0.262934,KNOWN
BoT-IoT,test,10083,DoS,1,0.002704,0.262934,KNOWN
BoT-IoT,test,10084,DDoS,1,0.255307,0.262934,KNOWN
BoT-IoT,test,10085,DoS,1,0.035344,0.262934,KNOWN
BoT-IoT,test,10086,DoS,1,0.023103,0.262934,KNOWN
BoT-IoT,test,10087,DDoS,1,0.016033,0.262934,KNOWN
BoT-IoT,test,10088,DDoS,1,0.109629,0.262934,KNOWN
BoT-IoT,test,10089,DoS,1,0.091666,0.262934,KNOWN
BoT-IoT,test,10090,DDoS,1,0.136334,0.262934,KNOWN
BoT-IoT,test,10091,DDoS,1,0.130448,0.262934,KNOWN
BoT-IoT,test,10092,DDoS,1,0.380488,0.262934,ZERO_DAY
BoT-IoT,test,10093,DoS,1,0.067105,0.262934,KNOWN
BoT-IoT,test,10094,DDoS,1,0.117039,0.262934,KNOWN
BoT-IoT,test,10095,DoS,1,0.049083,0.262934,KNOWN
BoT-IoT,test,10096,DDoS,1,0.028026,0.262934,KNOWN
BoT-IoT,test,10097,DoS,1,0.054596,0.262934,KNOWN
BoT-IoT,test,10098,DoS,1,0.301092,0.262934,ZERO_DAY
BoT-IoT,test,10099,DDoS,1,0.169461,0.262934,KNOWN
BoT-IoT,test,10100,DDoS,1,0.109067,0.262934,KNOWN
BoT-IoT,test,10101,DoS,1,0.188218,0.262934,KNOWN
BoT-IoT,test,10102,DDoS,1,0.153768,0.262934,KNOWN
BoT-IoT,test,10103,DoS,1,0.006623,0.262934,KNOWN
BoT-IoT,test,10104,DoS,1,0.230847,0.262934,KNOWN
BoT-IoT,test,10105,DDoS,1,0.014013,0.262934,KNOWN
BoT-IoT,test,10106,DoS,1,0.010955,0.262934,KNOWN
BoT-IoT,test,10107,DoS,1,0.023787,0.262934,KNOWN
BoT-IoT,test,10108,DoS,1,0.110908,0.262934,KNOWN
BoT-IoT,test,10109,DDoS,1,0.213844,0.262934,KNOWN
BoT-IoT,test,10110,DoS,1,0.112068,0.262934,KNOWN
BoT-IoT,test,10111,DoS,1,0.064341,0.262934,KNOWN
BoT-IoT,test,10112,DDoS,1,0.167619,0.262934,KNOWN
BoT-IoT,test,10113,DDoS,1,0.070409,0.262934,KNOWN
BoT-IoT,test,10114,DDoS,1,0.29403,0.262934,ZERO_DAY
BoT-IoT,test,10115,DDoS,1,0.041558,0.262934,KNOWN
BoT-IoT,test,10116,DoS,1,0.115306,0.262934,KNOWN
BoT-IoT,test,10117,DDoS,1,0.060435,0.262934,KNOWN
BoT-IoT,test,10118,DDoS,1,0.002647,0.262934,KNOWN
BoT-IoT,test,10119,DoS,1,0.002443,0.262934,KNOWN
BoT-IoT,test,10120,DoS,1,0.015661,0.262934,KNOWN
BoT-IoT,test,10121,Normal,1,0.237105,0.262934,KNOWN
BoT-IoT,test,10122,DoS,1,0.026889,0.262934,KNOWN
BoT-IoT,test,10123,Normal,1,0.105657,0.262934,KNOWN
BoT-IoT,test,10124,Normal,1,0.061757,0.262934,KNOWN
BoT-IoT,test,10125,DDoS,1,0.034749,0.262934,KNOWN
BoT-IoT,test,10126,Reconnaissance,1,0.017823,0.262934,KNOWN
BoT-IoT,test,10127,DDoS,1,0.137716,0.262934,KNOWN
BoT-IoT,test,10128,DoS,1,0.141268,0.262934,KNOWN
BoT-IoT,test,10129,DDoS,1,0.233333,0.262934,KNOWN
BoT-IoT,test,10130,DDoS,1,0.201826,0.262934,KNOWN
BoT-IoT,test,10131,DoS,1,0.053133,0.262934,KNOWN
BoT-IoT,test,10132,DoS,1,0.072621,0.262934,KNOWN
BoT-IoT,test,10133,DoS,1,0.09776,0.262934,KNOWN
BoT-IoT,test,10134,DoS,1,0.03333,0.262934,KNOWN
BoT-IoT,test,10135,DDoS,1,0.018811,0.262934,KNOWN
BoT-IoT,test,10136,DoS,1,0.17773,0.262934,KNOWN
BoT-IoT,test,10137,DDoS,1,0.20589,0.262934,KNOWN
BoT-IoT,test,10138,DoS,1,0.193553,0.262934,KNOWN
BoT-IoT,test,10139,DDoS,1,0.141832,0.262934,KNOWN
BoT-IoT,test,10140,DoS,1,0.017659,0.262934,KNOWN
BoT-IoT,test,10141,DoS,1,0.016819,0.262934,KNOWN
BoT-IoT,test,10142,DoS,1,0.286688,0.262934,ZERO_DAY
BoT-IoT,test,10143,DDoS,1,0.324764,0.262934,ZERO_DAY
BoT-IoT,test,10144,DoS,1,0.118879,0.262934,KNOWN
BoT-IoT,test,10145,DoS,1,0.196504,0.262934,KNOWN
BoT-IoT,test,10146,DDoS,1,0.262993,0.262934,ZERO_DAY
BoT-IoT,test,10147,DoS,1,0.025271,0.262934,KNOWN
BoT-IoT,test,10148,DDoS,1,0.092909,0.262934,KNOWN
BoT-IoT,test,10149,DoS,1,0.041646,0.262934,KNOWN
BoT-IoT,test,10150,DoS,1,0.077022,0.262934,KNOWN
BoT-IoT,test,10151,DDoS,1,0.009503,0.262934,KNOWN
BoT-IoT,test,10152,DoS,1,0.106652,0.262934,KNOWN
BoT-IoT,test,10153,DDoS,1,0.08745,0.262934,KNOWN
BoT-IoT,test,10154,DoS,1,0.026481,0.262934,KNOWN
BoT-IoT,test,10155,DDoS,1,0.017917,0.262934,KNOWN
BoT-IoT,test,10156,DDoS,1,0.005275,0.262934,KNOWN
BoT-IoT,test,10157,DDoS,1,0.101621,0.262934,KNOWN
BoT-IoT,test,10158,DoS,1,0.094065,0.262934,KNOWN
BoT-IoT,test,10159,DoS,1,0.267676,0.262934,ZERO_DAY
BoT-IoT,test,10160,DoS,1,0.36272,0.262934,ZERO_DAY
BoT-IoT,test,10161,DoS,1,0.15326,0.262934,KNOWN
BoT-IoT,test,10162,DoS,1,0.112145,0.262934,KNOWN
BoT-IoT,test,10163,DDoS,1,0.022591,0.262934,KNOWN
BoT-IoT,test,10164,DDoS,1,0.284582,0.262934,ZERO_DAY
BoT-IoT,test,10165,DDoS,1,0.06597,0.262934,KNOWN
BoT-IoT,test,10166,DoS,1,0.055092,0.262934,KNOWN
BoT-IoT,test,10167,DDoS,1,0.21225,0.262934,KNOWN
BoT-IoT,test,10168,DDoS,1,0.069736,0.262934,KNOWN
BoT-IoT,test,10169,DoS,1,0.008705,0.262934,KNOWN
BoT-IoT,test,10170,DoS,1,0.188907,0.262934,KNOWN
BoT-IoT,test,10171,DoS,1,0.030065,0.262934,KNOWN
BoT-IoT,test,10172,DDoS,1,0.205741,0.262934,KNOWN
BoT-IoT,test,10173,DoS,1,0.060767,0.262934,KNOWN
BoT-IoT,test,10174,Reconnaissance,1,0.180694,0.262934,KNOWN
BoT-IoT,test,10175,DDoS,1,0.043484,0.262934,KNOWN
BoT-IoT,test,10176,DDoS,1,0.132835,0.262934,KNOWN
BoT-IoT,test,10177,DoS,1,0.099023,0.262934,KNOWN
BoT-IoT,test,10178,DDoS,1,0.145461,0.262934,KNOWN
BoT-IoT,test,10179,DoS,1,0.338935,0.262934,ZERO_DAY
BoT-IoT,test,10180,Normal,1,0.039571,0.262934,KNOWN
BoT-IoT,test,10181,Normal,1,0.142099,0.262934,KNOWN
BoT-IoT,test,10182,DDoS,1,0.080723,0.262934,KNOWN
BoT-IoT,test,10183,DoS,1,0.03736,0.262934,KNOWN
BoT-IoT,test,10184,DDoS,1,0.0853,0.262934,KNOWN
BoT-IoT,test,10185,DDoS,1,0.063205,0.262934,KNOWN
BoT-IoT,test,10186,DoS,1,0.07573,0.262934,KNOWN
BoT-IoT,test,10187,DDoS,1,0.101336,0.262934,KNOWN
BoT-IoT,test,10188,DoS,1,0.074156,0.262934,KNOWN
BoT-IoT,test,10189,DDoS,1,0.010199,0.262934,KNOWN
BoT-IoT,test,10190,DoS,1,0.140826,0.262934,KNOWN
BoT-IoT,test,10191,DDoS,1,0.122202,0.262934,KNOWN
BoT-IoT,test,10192,DDoS,1,0.157937,0.262934,KNOWN
BoT-IoT,test,10193,DDoS,1,0.03647,0.262934,KNOWN
BoT-IoT,test,10194,DDoS,1,0.178417,0.262934,KNOWN
BoT-IoT,test,10195,DDoS,1,0.134697,0.262934,KNOWN
BoT-IoT,test,10196,DDoS,1,0.060243,0.262934,KNOWN
BoT-IoT,test,10197,DDoS,1,0.030428,0.262934,KNOWN
BoT-IoT,test,10198,DoS,1,0.060392,0.262934,KNOWN
BoT-IoT,test,10199,DDoS,1,0.098225,0.262934,KNOWN
BoT-IoT,test,10200,DoS,1,0.066676,0.262934,KNOWN
BoT-IoT,test,10201,DoS,1,0.203573,0.262934,KNOWN
BoT-IoT,test,10202,DDoS,1,0.005539,0.262934,KNOWN
BoT-IoT,test,10203,Reconnaissance,1,0.039151,0.262934,KNOWN
BoT-IoT,test,10204,DDoS,1,0.134537,0.262934,KNOWN
BoT-IoT,test,10205,DoS,1,0.071012,0.262934,KNOWN
BoT-IoT,test,10206,DoS,1,0.050659,0.262934,KNOWN
BoT-IoT,test,10207,DoS,1,0.21338,0.262934,KNOWN
BoT-IoT,test,10208,DDoS,1,0.082867,0.262934,KNOWN
BoT-IoT,test,10209,DDoS,1,0.077091,0.262934,KNOWN
BoT-IoT,test,10210,DDoS,1,0.071483,0.262934,KNOWN
BoT-IoT,test,10211,DDoS,1,0.001531,0.262934,KNOWN
BoT-IoT,test,10212,DoS,1,0.065345,0.262934,KNOWN
BoT-IoT,test,10213,DoS,1,0.063329,0.262934,KNOWN
BoT-IoT,test,10214,DDoS,1,0.171514,0.262934,KNOWN
BoT-IoT,test,10215,DDoS,1,0.131562,0.262934,KNOWN
BoT-IoT,test,10216,DDoS,1,0.063624,0.262934,KNOWN
BoT-IoT,test,10217,DDoS,1,0.253826,0.262934,KNOWN
BoT-IoT,test,10218,Normal,1,0.017456,0.262934,KNOWN
BoT-IoT,test,10219,DDoS,1,0.008902,0.262934,KNOWN
BoT-IoT,test,10220,DDoS,1,0.142842,0.262934,KNOWN
BoT-IoT,test,10221,DDoS,1,0.156619,0.262934,KNOWN
BoT-IoT,test,10222,DoS,1,0.108278,0.262934,KNOWN
BoT-IoT,test,10223,DoS,1,0.077504,0.262934,KNOWN
BoT-IoT,test,10224,DDoS,1,0.099461,0.262934,KNOWN
BoT-IoT,test,10225,DDoS,1,0.027877,0.262934,KNOWN
BoT-IoT,test,10226,DoS,1,0.063497,0.262934,KNOWN
BoT-IoT,test,10227,DoS,1,0.212338,0.262934,KNOWN
BoT-IoT,test,10228,DoS,1,0.244165,0.262934,KNOWN
BoT-IoT,test,10229,DDoS,1,0.09938,0.262934,KNOWN
BoT-IoT,test,10230,DDoS,1,0.127225,0.262934,KNOWN
BoT-IoT,test,10231,DoS,1,0.152447,0.262934,KNOWN
BoT-IoT,test,10232,DDoS,1,0.060949,0.262934,KNOWN
BoT-IoT,test,10233,DoS,1,0.312772,0.262934,ZERO_DAY
BoT-IoT,test,10234,DoS,1,0.121434,0.262934,KNOWN
BoT-IoT,test,10235,DDoS,1,0.03142,0.262934,KNOWN
BoT-IoT,test,10236,DDoS,1,0.031507,0.262934,KNOWN
BoT-IoT,test,10237,DDoS,1,0.046329,0.262934,KNOWN
BoT-IoT,test,10238,DoS,1,0.075743,0.262934,KNOWN
BoT-IoT,test,10239,DoS,1,0.189198,0.262934,KNOWN
BoT-IoT,test,10240,DoS,1,0.103374,0.262934,KNOWN
BoT-IoT,test,10241,DoS,1,0.108671,0.262934,KNOWN
BoT-IoT,test,10242,DoS,1,0.202091,0.262934,KNOWN
BoT-IoT,test,10243,DDoS,1,0.01732,0.262934,KNOWN
BoT-IoT,test,10244,DDoS,1,0.003952,0.262934,KNOWN
BoT-IoT,test,10245,DDoS,1,0.060591,0.262934,KNOWN
BoT-IoT,test,10246,DDoS,1,0.004932,0.262934,KNOWN
BoT-IoT,test,10247,DoS,1,0.041891,0.262934,KNOWN
BoT-IoT,test,10248,DoS,1,0.226453,0.262934,KNOWN
BoT-IoT,test,10249,DDoS,1,0.059166,0.262934,KNOWN
BoT-IoT,test,10250,DDoS,1,0.044313,0.262934,KNOWN
BoT-IoT,test,10251,DoS,1,0.022936,0.262934,KNOWN
BoT-IoT,test,10252,DoS,1,0.081114,0.262934,KNOWN
BoT-IoT,test,10253,DoS,1,0.12374,0.262934,KNOWN
BoT-IoT,test,10254,DoS,1,0.078161,0.262934,KNOWN
BoT-IoT,test,10255,DDoS,1,0.142496,0.262934,KNOWN
BoT-IoT,test,10256,DDoS,1,0.053028,0.262934,KNOWN
BoT-IoT,test,10257,DoS,1,0.078527,0.262934,KNOWN
BoT-IoT,test,10258,DoS,1,0.052482,0.262934,KNOWN
BoT-IoT,test,10259,DoS,1,0.069489,0.262934,KNOWN
BoT-IoT,test,10260,DoS,1,0.215302,0.262934,KNOWN
BoT-IoT,test,10261,DoS,1,0.007508,0.262934,KNOWN
BoT-IoT,test,10262,DDoS,1,0.079482,0.262934,KNOWN
BoT-IoT,test,10263,DDoS,1,0.011047,0.262934,KNOWN
BoT-IoT,test,10264,DDoS,1,0.020404,0.262934,KNOWN
BoT-IoT,test,10265,DoS,1,0.072084,0.262934,KNOWN
BoT-IoT,test,10266,DDoS,1,0.183402,0.262934,KNOWN
BoT-IoT,test,10267,DoS,1,0.032784,0.262934,KNOWN
BoT-IoT,test,10268,DoS,1,0.091177,0.262934,KNOWN
BoT-IoT,test,10269,DoS,1,0.049347,0.262934,KNOWN
BoT-IoT,test,10270,DoS,1,0.00289,0.262934,KNOWN
BoT-IoT,test,10271,DoS,1,0.095173,0.262934,KNOWN
BoT-IoT,test,10272,DoS,1,0.045987,0.262934,KNOWN
BoT-IoT,test,10273,DoS,1,0.236827,0.262934,KNOWN
BoT-IoT,test,10274,DoS,1,0.00456,0.262934,KNOWN
BoT-IoT,test,10275,DoS,1,0.356734,0.262934,ZERO_DAY
BoT-IoT,test,10276,DDoS,1,0.155875,0.262934,KNOWN
BoT-IoT,test,10277,Normal,1,0.148579,0.262934,KNOWN
BoT-IoT,test,10278,DDoS,1,0.116433,0.262934,KNOWN
BoT-IoT,test,10279,DDoS,1,0.122935,0.262934,KNOWN
BoT-IoT,test,10280,DDoS,1,0.224954,0.262934,KNOWN
BoT-IoT,test,10281,DoS,1,0.148974,0.262934,KNOWN
BoT-IoT,test,10282,DDoS,1,0.061456,0.262934,KNOWN
BoT-IoT,test,10283,DDoS,1,0.252117,0.262934,KNOWN
BoT-IoT,test,10284,DDoS,1,0.077093,0.262934,KNOWN
BoT-IoT,test,10285,DoS,1,0.02863,0.262934,KNOWN
BoT-IoT,test,10286,DDoS,1,0.083124,0.262934,KNOWN
BoT-IoT,test,10287,DoS,1,0.255953,0.262934,KNOWN
BoT-IoT,test,10288,DDoS,1,0.039976,0.262934,KNOWN
BoT-IoT,test,10289,DDoS,1,0.049972,0.262934,KNOWN
BoT-IoT,test,10290,DDoS,1,0.033438,0.262934,KNOWN
BoT-IoT,test,10291,DDoS,1,0.296858,0.262934,ZERO_DAY
BoT-IoT,test,10292,Normal,1,0.158206,0.262934,KNOWN
BoT-IoT,test,10293,DDoS,1,0.009862,0.262934,KNOWN
BoT-IoT,test,10294,DDoS,1,0.135436,0.262934,KNOWN
BoT-IoT,test,10295,DDoS,1,0.019126,0.262934,KNOWN
BoT-IoT,test,10296,DoS,1,0.064802,0.262934,KNOWN
BoT-IoT,test,10297,DoS,1,0.138097,0.262934,KNOWN
BoT-IoT,test,10298,DoS,1,0.107616,0.262934,KNOWN
BoT-IoT,test,10299,DDoS,1,0.040578,0.262934,KNOWN
BoT-IoT,test,10300,DoS,1,0.03224,0.262934,KNOWN
BoT-IoT,test,10301,DoS,1,0.064771,0.262934,KNOWN
BoT-IoT,test,10302,DoS,1,0.144535,0.262934,KNOWN
BoT-IoT,test,10303,DDoS,1,0.042077,0.262934,KNOWN
BoT-IoT,test,10304,DDoS,1,0.04361,0.262934,KNOWN
BoT-IoT,test,10305,DDoS,1,0.0817,0.262934,KNOWN
BoT-IoT,test,10306,DDoS,1,0.030731,0.262934,KNOWN
BoT-IoT,test,10307,DoS,1,0.289488,0.262934,ZERO_DAY
BoT-IoT,test,10308,DDoS,1,0.189235,0.262934,KNOWN
BoT-IoT,test,10309,DDoS,1,0.320277,0.262934,ZERO_DAY
BoT-IoT,test,10310,DoS,1,0.005589,0.262934,KNOWN
BoT-IoT,test,10311,DoS,1,0.010849,0.262934,KNOWN
BoT-IoT,test,10312,DoS,1,0.038055,0.262934,KNOWN
BoT-IoT,test,10313,DoS,1,0.084399,0.262934,KNOWN
BoT-IoT,test,10314,DDoS,1,0.01025,0.262934,KNOWN
BoT-IoT,test,10315,DDoS,1,0.048038,0.262934,KNOWN
BoT-IoT,test,10316,DoS,1,0.029312,0.262934,KNOWN
BoT-IoT,test,10317,Normal,1,0.107622,0.262934,KNOWN
BoT-IoT,test,10318,DoS,1,0.015987,0.262934,KNOWN
BoT-IoT,test,10319,DDoS,1,0.025462,0.262934,KNOWN
BoT-IoT,test,10320,DoS,1,0.141394,0.262934,KNOWN
BoT-IoT,test,10321,DoS,1,0.141102,0.262934,KNOWN
BoT-IoT,test,10322,DDoS,1,0.005438,0.262934,KNOWN
BoT-IoT,test,10323,DDoS,1,0.148146,0.262934,KNOWN
BoT-IoT,test,10324,DoS,1,0.065993,0.262934,KNOWN
BoT-IoT,test,10325,DoS,1,0.13998,0.262934,KNOWN
BoT-IoT,test,10326,Reconnaissance,1,0.037764,0.262934,KNOWN
BoT-IoT,test,10327,DDoS,1,0.009002,0.262934,KNOWN
BoT-IoT,test,10328,DDoS,1,0.117,0.262934,KNOWN
BoT-IoT,test,10329,DDoS,1,0.076297,0.262934,KNOWN
BoT-IoT,test,10330,DDoS,1,0.081474,0.262934,KNOWN
BoT-IoT,test,10331,Normal,1,0.115187,0.262934,KNOWN
BoT-IoT,test,10332,DDoS,1,0.386879,0.262934,ZERO_DAY
BoT-IoT,test,10333,DoS,1,0.263075,0.262934,ZERO_DAY
BoT-IoT,test,10334,DDoS,1,0.196652,0.262934,KNOWN
BoT-IoT,test,10335,DoS,1,0.00141,0.262934,KNOWN
BoT-IoT,test,10336,DDoS,1,0.167756,0.262934,KNOWN
BoT-IoT,test,10337,DDoS,1,0.009561,0.262934,KNOWN
BoT-IoT,test,10338,DDoS,1,0.053346,0.262934,KNOWN
BoT-IoT,test,10339,DDoS,1,0.067819,0.262934,KNOWN
BoT-IoT,test,10340,DoS,1,0.017329,0.262934,KNOWN
BoT-IoT,test,10341,DDoS,1,0.089634,0.262934,KNOWN
BoT-IoT,test,10342,DoS,1,0.076131,0.262934,KNOWN
BoT-IoT,test,10343,DoS,1,0.158459,0.262934,KNOWN
BoT-IoT,test,10344,DDoS,1,0.157529,0.262934,KNOWN
BoT-IoT,test,10345,DoS,1,0.08076,0.262934,KNOWN
BoT-IoT,test,10346,DoS,1,0.180153,0.262934,KNOWN
BoT-IoT,test,10347,DDoS,1,0.119349,0.262934,KNOWN
BoT-IoT,test,10348,DDoS,1,0.205646,0.262934,KNOWN
BoT-IoT,test,10349,DDoS,1,0.006304,0.262934,KNOWN
BoT-IoT,test,10350,DoS,1,0.026995,0.262934,KNOWN
BoT-IoT,test,10351,DDoS,1,0.138991,0.262934,KNOWN
BoT-IoT,test,10352,DoS,1,0.152655,0.262934,KNOWN
BoT-IoT,test,10353,DoS,1,0.351886,0.262934,ZERO_DAY
BoT-IoT,test,10354,DDoS,1,0.191141,0.262934,KNOWN
BoT-IoT,test,10355,DoS,1,0.015529,0.262934,KNOWN
BoT-IoT,test,10356,DDoS,1,0.006832,0.262934,KNOWN
BoT-IoT,test,10357,DDoS,1,0.010416,0.262934,KNOWN
BoT-IoT,test,10358,DDoS,1,0.006741,0.262934,KNOWN
BoT-IoT,test,10359,DoS,1,0.058425,0.262934,KNOWN
BoT-IoT,test,10360,DDoS,1,0.168994,0.262934,KNOWN
BoT-IoT,test,10361,DoS,1,0.325998,0.262934,ZERO_DAY
BoT-IoT,test,10362,DDoS,1,0.074782,0.262934,KNOWN
BoT-IoT,test,10363,DoS,1,0.290399,0.262934,ZERO_DAY
BoT-IoT,test,10364,DDoS,1,0.146239,0.262934,KNOWN
BoT-IoT,test,10365,DDoS,1,0.047894,0.262934,KNOWN
BoT-IoT,test,10366,DDoS,1,0.008571,0.262934,KNOWN
BoT-IoT,test,10367,DoS,1,0.113292,0.262934,KNOWN
BoT-IoT,test,10368,DoS,1,0.051981,0.262934,KNOWN
BoT-IoT,test,10369,Normal,1,0.225967,0.262934,KNOWN
BoT-IoT,test,10370,DoS,1,0.087439,0.262934,KNOWN
BoT-IoT,test,10371,DDoS,1,0.051295,0.262934,KNOWN
BoT-IoT,test,10372,DoS,1,0.082974,0.262934,KNOWN
BoT-IoT,test,10373,DoS,1,0.053904,0.262934,KNOWN
BoT-IoT,test,10374,DoS,1,0.006444,0.262934,KNOWN
BoT-IoT,test,10375,DoS,1,0.068235,0.262934,KNOWN
BoT-IoT,test,10376,DDoS,1,0.023616,0.262934,KNOWN
BoT-IoT,test,10377,DoS,1,0.026259,0.262934,KNOWN
BoT-IoT,test,10378,DDoS,1,0.079531,0.262934,KNOWN
BoT-IoT,test,10379,DoS,1,0.049646,0.262934,KNOWN
BoT-IoT,test,10380,DDoS,1,0.243291,0.262934,KNOWN
BoT-IoT,test,10381,DoS,1,0.152928,0.262934,KNOWN
BoT-IoT,test,10382,DDoS,1,0.063456,0.262934,KNOWN
BoT-IoT,test,10383,DoS,1,0.138689,0.262934,KNOWN
BoT-IoT,test,10384,DDoS,1,0.168957,0.262934,KNOWN
BoT-IoT,test,10385,DDoS,1,0.050103,0.262934,KNOWN
BoT-IoT,test,10386,DDoS,1,0.344011,0.262934,ZERO_DAY
BoT-IoT,test,10387,DDoS,1,0.0168,0.262934,KNOWN
BoT-IoT,test,10388,DDoS,1,0.084193,0.262934,KNOWN
BoT-IoT,test,10389,DDoS,1,0.001374,0.262934,KNOWN
BoT-IoT,test,10390,DoS,1,0.10611,0.262934,KNOWN
BoT-IoT,test,10391,DDoS,1,0.066924,0.262934,KNOWN
BoT-IoT,test,10392,DoS,1,0.138542,0.262934,KNOWN
BoT-IoT,test,10393,Reconnaissance,1,0.093513,0.262934,KNOWN
BoT-IoT,test,10394,DDoS,1,0.037468,0.262934,KNOWN
BoT-IoT,test,10395,DoS,1,0.011591,0.262934,KNOWN
BoT-IoT,test,10396,DoS,1,0.067876,0.262934,KNOWN
BoT-IoT,test,10397,DDoS,1,0.399066,0.262934,ZERO_DAY
BoT-IoT,test,10398,DoS,1,0.060178,0.262934,KNOWN
BoT-IoT,test,10399,DoS,1,0.211924,0.262934,KNOWN
BoT-IoT,test,10400,DoS,1,0.043351,0.262934,KNOWN
BoT-IoT,test,10401,DDoS,1,0.131662,0.262934,KNOWN
BoT-IoT,test,10402,DoS,1,0.023216,0.262934,KNOWN
BoT-IoT,test,10403,DDoS,1,0.142968,0.262934,KNOWN
BoT-IoT,test,10404,DoS,1,0.209789,0.262934,KNOWN
BoT-IoT,test,10405,DDoS,1,0.057202,0.262934,KNOWN
BoT-IoT,test,10406,DDoS,1,0.003133,0.262934,KNOWN
BoT-IoT,test,10407,DDoS,1,0.053883,0.262934,KNOWN
BoT-IoT,test,10408,DDoS,1,0.257378,0.262934,KNOWN
BoT-IoT,test,10409,Normal,1,0.0352,0.262934,KNOWN
BoT-IoT,test,10410,DoS,1,0.005668,0.262934,KNOWN
BoT-IoT,test,10411,DDoS,1,0.121203,0.262934,KNOWN
BoT-IoT,test,10412,DoS,1,0.002505,0.262934,KNOWN
BoT-IoT,test,10413,DDoS,1,0.02972,0.262934,KNOWN
BoT-IoT,test,10414,DoS,1,0.2028,0.262934,KNOWN
BoT-IoT,test,10415,DDoS,1,0.049924,0.262934,KNOWN
BoT-IoT,test,10416,DoS,1,0.065627,0.262934,KNOWN
BoT-IoT,test,10417,DDoS,1,0.175036,0.262934,KNOWN
BoT-IoT,test,10418,DDoS,1,0.098312,0.262934,KNOWN
BoT-IoT,test,10419,DDoS,1,0.028947,0.262934,KNOWN
BoT-IoT,test,10420,DDoS,1,0.020924,0.262934,KNOWN
BoT-IoT,test,10421,DDoS,1,0.095123,0.262934,KNOWN
BoT-IoT,test,10422,DoS,1,0.021686,0.262934,KNOWN
BoT-IoT,test,10423,DoS,1,0.090978,0.262934,KNOWN
BoT-IoT,test,10424,DDoS,1,0.059166,0.262934,KNOWN
BoT-IoT,test,10425,DoS,1,0.049773,0.262934,KNOWN
BoT-IoT,test,10426,DoS,1,0.027761,0.262934,KNOWN
BoT-IoT,test,10427,DoS,1,0.028628,0.262934,KNOWN
BoT-IoT,test,10428,DoS,1,0.011673,0.262934,KNOWN
BoT-IoT,test,10429,DoS,1,0.022628,0.262934,KNOWN
BoT-IoT,test,10430,DDoS,1,0.247073,0.262934,KNOWN
BoT-IoT,test,10431,DoS,1,0.023743,0.262934,KNOWN
BoT-IoT,test,10432,DoS,1,0.176,0.262934,KNOWN
BoT-IoT,test,10433,DDoS,1,0.212664,0.262934,KNOWN
BoT-IoT,test,10434,DoS,1,0.034796,0.262934,KNOWN
BoT-IoT,test,10435,DoS,1,0.136351,0.262934,KNOWN
BoT-IoT,test,10436,DoS,1,0.060499,0.262934,KNOWN
BoT-IoT,test,10437,DDoS,1,0.084807,0.262934,KNOWN
BoT-IoT,test,10438,DoS,1,0.128235,0.262934,KNOWN
BoT-IoT,test,10439,DDoS,1,0.004797,0.262934,KNOWN
BoT-IoT,test,10440,Normal,1,0.123757,0.262934,KNOWN
BoT-IoT,test,10441,DoS,1,0.018842,0.262934,KNOWN
BoT-IoT,test,10442,DDoS,1,0.18327,0.262934,KNOWN
BoT-IoT,test,10443,DDoS,1,0.221319,0.262934,KNOWN
BoT-IoT,test,10444,DoS,1,0.261891,0.262934,KNOWN
BoT-IoT,test,10445,DoS,1,0.033891,0.262934,KNOWN
BoT-IoT,test,10446,DDoS,1,0.076691,0.262934,KNOWN
BoT-IoT,test,10447,DDoS,1,0.318267,0.262934,ZERO_DAY
BoT-IoT,test,10448,DDoS,1,0.075963,0.262934,KNOWN
BoT-IoT,test,10449,DDoS,1,0.150048,0.262934,KNOWN
BoT-IoT,test,10450,DoS,1,0.123561,0.262934,KNOWN
BoT-IoT,test,10451,DDoS,1,0.093143,0.262934,KNOWN
BoT-IoT,test,10452,DDoS,1,0.104065,0.262934,KNOWN
BoT-IoT,test,10453,DoS,1,0.12627,0.262934,KNOWN
BoT-IoT,test,10454,DDoS,1,0.107037,0.262934,KNOWN
BoT-IoT,test,10455,DDoS,1,0.316573,0.262934,ZERO_DAY
BoT-IoT,test,10456,DDoS,1,0.12679,0.262934,KNOWN
BoT-IoT,test,10457,DoS,1,0.031061,0.262934,KNOWN
BoT-IoT,test,10458,DDoS,1,0.161572,0.262934,KNOWN
BoT-IoT,test,10459,DoS,1,0.279908,0.262934,ZERO_DAY
BoT-IoT,test,10460,DoS,1,0.033617,0.262934,KNOWN
BoT-IoT,test,10461,DDoS,1,0.001965,0.262934,KNOWN
BoT-IoT,test,10462,DDoS,1,0.085381,0.262934,KNOWN
BoT-IoT,test,10463,DDoS,1,0.18845,0.262934,KNOWN
BoT-IoT,test,10464,DDoS,1,0.022003,0.262934,KNOWN
BoT-IoT,test,10465,DDoS,1,0.016809,0.262934,KNOWN
BoT-IoT,test,10466,DoS,1,0.186432,0.262934,KNOWN
BoT-IoT,test,10467,DoS,1,0.007723,0.262934,KNOWN
BoT-IoT,test,10468,DDoS,1,0.080084,0.262934,KNOWN
BoT-IoT,test,10469,DDoS,1,0.014897,0.262934,KNOWN
BoT-IoT,test,10470,DoS,1,0.066174,0.262934,KNOWN
BoT-IoT,test,10471,DDoS,1,0.004515,0.262934,KNOWN
BoT-IoT,test,10472,DDoS,1,0.023626,0.262934,KNOWN
BoT-IoT,test,10473,DDoS,1,0.01076,0.262934,KNOWN
BoT-IoT,test,10474,DoS,1,0.050104,0.262934,KNOWN
BoT-IoT,test,10475,DDoS,1,0.037821,0.262934,KNOWN
BoT-IoT,test,10476,DDoS,1,0.351573,0.262934,ZERO_DAY
BoT-IoT,test,10477,DDoS,1,0.119422,0.262934,KNOWN
BoT-IoT,test,10478,Reconnaissance,1,0.444977,0.262934,ZERO_DAY
BoT-IoT,test,10479,Normal,1,0.04125,0.262934,KNOWN
BoT-IoT,test,10480,Normal,1,0.045181,0.262934,KNOWN
BoT-IoT,test,10481,DDoS,1,0.068236,0.262934,KNOWN
BoT-IoT,test,10482,DoS,1,0.055415,0.262934,KNOWN
BoT-IoT,test,10483,DDoS,1,0.058082,0.262934,KNOWN
BoT-IoT,test,10484,DDoS,1,0.251563,0.262934,KNOWN
BoT-IoT,test,10485,DoS,1,0.101619,0.262934,KNOWN
BoT-IoT,test,10486,DoS,1,0.04646,0.262934,KNOWN
BoT-IoT,test,10487,DDoS,1,0.125752,0.262934,KNOWN
BoT-IoT,test,10488,DDoS,1,0.210631,0.262934,KNOWN
BoT-IoT,test,10489,DoS,1,0.049281,0.262934,KNOWN
BoT-IoT,test,10490,DDoS,1,0.108857,0.262934,KNOWN
BoT-IoT,test,10491,DoS,1,0.003053,0.262934,KNOWN
BoT-IoT,test,10492,DoS,1,0.038271,0.262934,KNOWN
BoT-IoT,test,10493,DDoS,1,0.035167,0.262934,KNOWN
BoT-IoT,test,10494,DoS,1,0.076071,0.262934,KNOWN
BoT-IoT,test,10495,DoS,1,0.107213,0.262934,KNOWN
BoT-IoT,test,10496,Normal,1,0.072414,0.262934,KNOWN
BoT-IoT,test,10497,DDoS,1,0.007141,0.262934,KNOWN
BoT-IoT,test,10498,Normal,1,0.079085,0.262934,KNOWN
BoT-IoT,test,10499,DoS,1,0.006556,0.262934,KNOWN
BoT-IoT,test,10500,DoS,1,0.101554,0.262934,KNOWN
BoT-IoT,test,10501,DDoS,1,0.093587,0.262934,KNOWN
BoT-IoT,test,10502,DoS,1,0.007374,0.262934,KNOWN
BoT-IoT,test,10503,DDoS,1,0.138973,0.262934,KNOWN
BoT-IoT,test,10504,DDoS,1,0.051449,0.262934,KNOWN
BoT-IoT,test,10505,DoS,1,0.088873,0.262934,KNOWN
BoT-IoT,test,10506,DDoS,1,0.039865,0.262934,KNOWN
BoT-IoT,test,10507,DDoS,1,0.060304,0.262934,KNOWN
BoT-IoT,test,10508,DDoS,1,0.146211,0.262934,KNOWN
BoT-IoT,test,10509,DoS,1,0.089564,0.262934,KNOWN
BoT-IoT,test,10510,DDoS,1,0.019484,0.262934,KNOWN
BoT-IoT,test,10511,DDoS,1,0.050391,0.262934,KNOWN
BoT-IoT,test,10512,DoS,1,0.181706,0.262934,KNOWN
BoT-IoT,test,10513,DoS,1,0.077505,0.262934,KNOWN
BoT-IoT,test,10514,DoS,1,0.10925,0.262934,KNOWN
BoT-IoT,test,10515,DoS,1,0.035919,0.262934,KNOWN
BoT-IoT,test,10516,DDoS,1,0.061564,0.262934,KNOWN
BoT-IoT,test,10517,DDoS,1,0.098317,0.262934,KNOWN
BoT-IoT,test,10518,Normal,1,0.111235,0.262934,KNOWN
BoT-IoT,test,10519,DDoS,1,0.012805,0.262934,KNOWN
BoT-IoT,test,10520,DDoS,1,0.134342,0.262934,KNOWN
BoT-IoT,test,10521,DoS,1,0.080165,0.262934,KNOWN
BoT-IoT,test,10522,DDoS,1,0.027735,0.262934,KNOWN
BoT-IoT,test,10523,DoS,1,0.214024,0.262934,KNOWN
BoT-IoT,test,10524,Normal,1,0.121211,0.262934,KNOWN
BoT-IoT,test,10525,DDoS,1,0.070089,0.262934,KNOWN
BoT-IoT,test,10526,DDoS,1,0.04195,0.262934,KNOWN
BoT-IoT,test,10527,DDoS,1,0.058715,0.262934,KNOWN
BoT-IoT,test,10528,DDoS,1,0.246949,0.262934,KNOWN
BoT-IoT,test,10529,DDoS,1,0.062029,0.262934,KNOWN
BoT-IoT,test,10530,DDoS,1,0.108969,0.262934,KNOWN
BoT-IoT,test,10531,DoS,1,0.108957,0.262934,KNOWN
BoT-IoT,test,10532,DDoS,1,0.017708,0.262934,KNOWN
BoT-IoT,test,10533,DoS,1,0.076774,0.262934,KNOWN
BoT-IoT,test,10534,DoS,1,0.292192,0.262934,ZERO_DAY
BoT-IoT,test,10535,DDoS,1,0.017921,0.262934,KNOWN
BoT-IoT,test,10536,Normal,1,0.155305,0.262934,KNOWN
BoT-IoT,test,10537,DoS,1,0.140166,0.262934,KNOWN
BoT-IoT,test,10538,DoS,1,0.009187,0.262934,KNOWN
BoT-IoT,test,10539,DDoS,1,0.166915,0.262934,KNOWN
BoT-IoT,test,10540,DoS,1,0.226723,0.262934,KNOWN
BoT-IoT,test,10541,DDoS,1,0.176103,0.262934,KNOWN
BoT-IoT,test,10542,DDoS,1,0.036013,0.262934,KNOWN
BoT-IoT,test,10543,DoS,1,0.082197,0.262934,KNOWN
BoT-IoT,test,10544,DDoS,1,0.05993,0.262934,KNOWN
BoT-IoT,test,10545,DoS,1,0.09418,0.262934,KNOWN
BoT-IoT,test,10546,DDoS,1,0.043669,0.262934,KNOWN
BoT-IoT,test,10547,DDoS,1,0.008166,0.262934,KNOWN
BoT-IoT,test,10548,DDoS,1,0.01793,0.262934,KNOWN
BoT-IoT,test,10549,DDoS,1,0.040127,0.262934,KNOWN
BoT-IoT,test,10550,DDoS,1,0.274729,0.262934,ZERO_DAY
BoT-IoT,test,10551,DDoS,1,0.116505,0.262934,KNOWN
BoT-IoT,test,10552,DoS,1,0.199692,0.262934,KNOWN
BoT-IoT,test,10553,DoS,1,0.060036,0.262934,KNOWN
BoT-IoT,test,10554,DoS,1,0.106785,0.262934,KNOWN
BoT-IoT,test,10555,DDoS,1,0.119213,0.262934,KNOWN
BoT-IoT,test,10556,DoS,1,0.204349,0.262934,KNOWN
BoT-IoT,test,10557,DDoS,1,0.119148,0.262934,KNOWN
BoT-IoT,test,10558,DoS,1,0.156359,0.262934,KNOWN
BoT-IoT,test,10559,DDoS,1,0.079603,0.262934,KNOWN
BoT-IoT,test,10560,DoS,1,0.220599,0.262934,KNOWN
BoT-IoT,test,10561,DDoS,1,0.138721,0.262934,KNOWN
BoT-IoT,test,10562,DoS,1,0.20619,0.262934,KNOWN
BoT-IoT,test,10563,DoS,1,0.144797,0.262934,KNOWN
BoT-IoT,test,10564,DoS,1,0.095986,0.262934,KNOWN
BoT-IoT,test,10565,DDoS,1,0.02304,0.262934,KNOWN
BoT-IoT,test,10566,DoS,1,0.190298,0.262934,KNOWN
BoT-IoT,test,10567,DoS,1,0.140307,0.262934,KNOWN
BoT-IoT,test,10568,DDoS,1,0.388554,0.262934,ZERO_DAY
BoT-IoT,test,10569,DoS,1,0.173561,0.262934,KNOWN
BoT-IoT,test,10570,DoS,1,0.065014,0.262934,KNOWN
BoT-IoT,test,10571,DDoS,1,0.177118,0.262934,KNOWN
BoT-IoT,test,10572,DDoS,1,0.052315,0.262934,KNOWN
BoT-IoT,test,10573,DoS,1,0.122726,0.262934,KNOWN
BoT-IoT,test,10574,DDoS,1,0.022987,0.262934,KNOWN
BoT-IoT,test,10575,DDoS,1,0.147127,0.262934,KNOWN
BoT-IoT,test,10576,DDoS,1,0.053275,0.262934,KNOWN
BoT-IoT,test,10577,DDoS,1,0.062903,0.262934,KNOWN
BoT-IoT,test,10578,DDoS,1,0.025301,0.262934,KNOWN
BoT-IoT,test,10579,DoS,1,0.224792,0.262934,KNOWN
BoT-IoT,test,10580,DDoS,1,0.19673,0.262934,KNOWN
BoT-IoT,test,10581,DoS,1,0.172948,0.262934,KNOWN
BoT-IoT,test,10582,DDoS,1,0.008038,0.262934,KNOWN
BoT-IoT,test,10583,DDoS,1,0.041354,0.262934,KNOWN
BoT-IoT,test,10584,DDoS,1,0.148365,0.262934,KNOWN
BoT-IoT,test,10585,DoS,1,0.094642,0.262934,KNOWN
BoT-IoT,test,10586,DoS,1,0.016302,0.262934,KNOWN
BoT-IoT,test,10587,DDoS,1,0.026776,0.262934,KNOWN
BoT-IoT,test,10588,DDoS,1,0.206603,0.262934,KNOWN
BoT-IoT,test,10589,DDoS,1,0.147807,0.262934,KNOWN
BoT-IoT,test,10590,DDoS,1,0.056737,0.262934,KNOWN
BoT-IoT,test,10591,DDoS,1,0.144138,0.262934,KNOWN
BoT-IoT,test,10592,DoS,1,0.102325,0.262934,KNOWN
BoT-IoT,test,10593,DoS,1,0.076586,0.262934,KNOWN
BoT-IoT,test,10594,DoS,1,0.026762,0.262934,KNOWN
BoT-IoT,test,10595,DDoS,1,0.24598,0.262934,KNOWN
BoT-IoT,test,10596,DDoS,1,0.177261,0.262934,KNOWN
BoT-IoT,test,10597,DDoS,1,0.010407,0.262934,KNOWN
BoT-IoT,test,10598,DoS,1,0.409952,0.262934,ZERO_DAY
BoT-IoT,test,10599,DDoS,1,0.120103,0.262934,KNOWN
BoT-IoT,test,10600,DDoS,1,0.129091,0.262934,KNOWN
BoT-IoT,test,10601,DDoS,1,0.022494,0.262934,KNOWN
BoT-IoT,test,10602,DDoS,1,0.304923,0.262934,ZERO_DAY
BoT-IoT,test,10603,DoS,1,0.099736,0.262934,KNOWN
BoT-IoT,test,10604,DDoS,1,0.085811,0.262934,KNOWN
BoT-IoT,test,10605,DDoS,1,0.122384,0.262934,KNOWN
BoT-IoT,test,10606,DDoS,1,0.110527,0.262934,KNOWN
BoT-IoT,test,10607,DoS,1,0.092513,0.262934,KNOWN
BoT-IoT,test,10608,DoS,1,0.280056,0.262934,ZERO_DAY
BoT-IoT,test,10609,DDoS,1,0.022721,0.262934,KNOWN
BoT-IoT,test,10610,DDoS,1,0.029896,0.262934,KNOWN
BoT-IoT,test,10611,DDoS,1,0.027783,0.262934,KNOWN
BoT-IoT,test,10612,DoS,1,0.065725,0.262934,KNOWN
BoT-IoT,test,10613,DoS,1,0.168353,0.262934,KNOWN
BoT-IoT,test,10614,DDoS,1,0.061728,0.262934,KNOWN
BoT-IoT,test,10615,DoS,1,0.195953,0.262934,KNOWN
BoT-IoT,test,10616,DoS,1,0.140181,0.262934,KNOWN
BoT-IoT,test,10617,DDoS,1,0.010011,0.262934,KNOWN
BoT-IoT,test,10618,DDoS,1,0.124128,0.262934,KNOWN
BoT-IoT,test,10619,DDoS,1,0.135474,0.262934,KNOWN
BoT-IoT,test,10620,DoS,1,0.057253,0.262934,KNOWN
BoT-IoT,test,10621,DoS,1,0.27638,0.262934,ZERO_DAY
BoT-IoT,test,10622,DDoS,1,0.009091,0.262934,KNOWN
BoT-IoT,test,10623,DDoS,1,0.068039,0.262934,KNOWN
BoT-IoT,test,10624,DoS,1,0.074953,0.262934,KNOWN
BoT-IoT,test,10625,DoS,1,0.041312,0.262934,KNOWN
BoT-IoT,test,10626,DDoS,1,0.028906,0.262934,KNOWN
BoT-IoT,test,10627,DDoS,1,0.052933,0.262934,KNOWN
BoT-IoT,test,10628,DoS,1,0.014162,0.262934,KNOWN
BoT-IoT,test,10629,DoS,1,0.016188,0.262934,KNOWN
BoT-IoT,test,10630,DDoS,1,0.036431,0.262934,KNOWN
BoT-IoT,test,10631,Reconnaissance,1,0.044608,0.262934,KNOWN
BoT-IoT,test,10632,DDoS,1,0.203066,0.262934,KNOWN
BoT-IoT,test,10633,DDoS,1,0.145426,0.262934,KNOWN
BoT-IoT,test,10634,DDoS,1,0.17679,0.262934,KNOWN
BoT-IoT,test,10635,DDoS,1,0.035247,0.262934,KNOWN
BoT-IoT,test,10636,DoS,1,0.129431,0.262934,KNOWN
BoT-IoT,test,10637,DDoS,1,0.004164,0.262934,KNOWN
BoT-IoT,test,10638,DDoS,1,0.023041,0.262934,KNOWN
BoT-IoT,test,10639,DDoS,1,0.053764,0.262934,KNOWN
BoT-IoT,test,10640,DDoS,1,0.002875,0.262934,KNOWN
BoT-IoT,test,10641,DDoS,1,0.175689,0.262934,KNOWN
BoT-IoT,test,10642,DDoS,1,0.029578,0.262934,KNOWN
BoT-IoT,test,10643,DoS,1,0.052529,0.262934,KNOWN
BoT-IoT,test,10644,DoS,1,0.100684,0.262934,KNOWN
BoT-IoT,test,10645,DoS,1,0.203391,0.262934,KNOWN
BoT-IoT,test,10646,DDoS,1,0.12494,0.262934,KNOWN
BoT-IoT,test,10647,DoS,1,0.032436,0.262934,KNOWN
BoT-IoT,test,10648,DDoS,1,0.018606,0.262934,KNOWN
BoT-IoT,test,10649,DDoS,1,0.02911,0.262934,KNOWN
BoT-IoT,test,10650,DoS,1,0.089531,0.262934,KNOWN
BoT-IoT,test,10651,DoS,1,0.02499,0.262934,KNOWN
BoT-IoT,test,10652,DoS,1,0.101056,0.262934,KNOWN
BoT-IoT,test,10653,DoS,1,0.013229,0.262934,KNOWN
BoT-IoT,test,10654,DoS,1,0.003754,0.262934,KNOWN
BoT-IoT,test,10655,DDoS,1,0.110805,0.262934,KNOWN
BoT-IoT,test,10656,DDoS,1,0.350877,0.262934,ZERO_DAY
BoT-IoT,test,10657,DoS,1,0.172518,0.262934,KNOWN
BoT-IoT,test,10658,DDoS,1,0.100421,0.262934,KNOWN
BoT-IoT,test,10659,DoS,1,0.087498,0.262934,KNOWN
BoT-IoT,test,10660,DDoS,1,0.065734,0.262934,KNOWN
BoT-IoT,test,10661,DoS,1,0.275706,0.262934,ZERO_DAY
BoT-IoT,test,10662,DDoS,1,0.268102,0.262934,ZERO_DAY
BoT-IoT,test,10663,DoS,1,0.048374,0.262934,KNOWN
BoT-IoT,test,10664,DDoS,1,0.038911,0.262934,KNOWN
BoT-IoT,test,10665,DoS,1,0.287579,0.262934,ZERO_DAY
BoT-IoT,test,10666,DDoS,1,0.149068,0.262934,KNOWN
BoT-IoT,test,10667,DDoS,1,0.04023,0.262934,KNOWN
BoT-IoT,test,10668,DoS,1,0.165796,0.262934,KNOWN
BoT-IoT,test,10669,DoS,1,0.097104,0.262934,KNOWN
BoT-IoT,test,10670,DoS,1,0.037327,0.262934,KNOWN
BoT-IoT,test,10671,DDoS,1,0.174649,0.262934,KNOWN
BoT-IoT,test,10672,DoS,1,0.071755,0.262934,KNOWN
BoT-IoT,test,10673,DoS,1,0.113158,0.262934,KNOWN
BoT-IoT,test,10674,Reconnaissance,1,0.009627,0.262934,KNOWN
BoT-IoT,test,10675,DoS,1,0.030314,0.262934,KNOWN
BoT-IoT,test,10676,DoS,1,0.053779,0.262934,KNOWN
BoT-IoT,test,10677,DDoS,1,0.034208,0.262934,KNOWN
BoT-IoT,test,10678,DDoS,1,0.060441,0.262934,KNOWN
BoT-IoT,test,10679,DDoS,1,0.120099,0.262934,KNOWN
BoT-IoT,test,10680,DDoS,1,0.404975,0.262934,ZERO_DAY
BoT-IoT,test,10681,Reconnaissance,1,0.383449,0.262934,ZERO_DAY
BoT-IoT,test,10682,DDoS,1,0.065604,0.262934,KNOWN
BoT-IoT,test,10683,DoS,1,0.073128,0.262934,KNOWN
BoT-IoT,test,10684,DDoS,1,0.083851,0.262934,KNOWN
BoT-IoT,test,10685,DDoS,1,0.02601,0.262934,KNOWN
BoT-IoT,test,10686,DDoS,1,0.121691,0.262934,KNOWN
BoT-IoT,test,10687,DDoS,1,0.131399,0.262934,KNOWN
BoT-IoT,test,10688,Normal,1,0.272388,0.262934,ZERO_DAY
BoT-IoT,test,10689,DDoS,1,0.145769,0.262934,KNOWN
BoT-IoT,test,10690,DDoS,1,0.169996,0.262934,KNOWN
BoT-IoT,test,10691,DDoS,1,0.029182,0.262934,KNOWN
BoT-IoT,test,10692,DoS,1,0.033597,0.262934,KNOWN
BoT-IoT,test,10693,Normal,1,0.058708,0.262934,KNOWN
BoT-IoT,test,10694,DoS,1,0.230095,0.262934,KNOWN
BoT-IoT,test,10695,DDoS,1,0.088053,0.262934,KNOWN
BoT-IoT,test,10696,DDoS,1,0.132804,0.262934,KNOWN
BoT-IoT,test,10697,DDoS,1,0.045057,0.262934,KNOWN
BoT-IoT,test,10698,DoS,1,0.084105,0.262934,KNOWN
BoT-IoT,test,10699,DDoS,1,0.073623,0.262934,KNOWN
BoT-IoT,test,10700,DoS,1,0.050849,0.262934,KNOWN
BoT-IoT,test,10701,DDoS,1,0.06851,0.262934,KNOWN
BoT-IoT,test,10702,DoS,1,0.197524,0.262934,KNOWN
BoT-IoT,test,10703,DoS,1,0.061724,0.262934,KNOWN
BoT-IoT,test,10704,DoS,1,0.021709,0.262934,KNOWN
BoT-IoT,test,10705,DDoS,1,0.020602,0.262934,KNOWN
BoT-IoT,test,10706,DDoS,1,0.051595,0.262934,KNOWN
BoT-IoT,test,10707,DDoS,1,0.035083,0.262934,KNOWN
BoT-IoT,test,10708,DDoS,1,0.275676,0.262934,ZERO_DAY
BoT-IoT,test,10709,DoS,1,0.043197,0.262934,KNOWN
BoT-IoT,test,10710,Normal,1,0.035041,0.262934,KNOWN
BoT-IoT,test,10711,DoS,1,0.155474,0.262934,KNOWN
BoT-IoT,test,10712,DDoS,1,0.023371,0.262934,KNOWN
BoT-IoT,test,10713,DoS,1,0.007984,0.262934,KNOWN
BoT-IoT,test,10714,DDoS,1,0.002983,0.262934,KNOWN
BoT-IoT,test,10715,DDoS,1,0.102977,0.262934,KNOWN
BoT-IoT,test,10716,DDoS,1,0.042473,0.262934,KNOWN
BoT-IoT,test,10717,DoS,1,0.001114,0.262934,KNOWN
BoT-IoT,test,10718,DDoS,1,0.024304,0.262934,KNOWN
BoT-IoT,test,10719,DoS,1,0.13678,0.262934,KNOWN
BoT-IoT,test,10720,DoS,1,0.111622,0.262934,KNOWN
BoT-IoT,test,10721,DoS,1,0.098943,0.262934,KNOWN
BoT-IoT,test,10722,DDoS,1,0.127551,0.262934,KNOWN
BoT-IoT,test,10723,DoS,1,0.037095,0.262934,KNOWN
BoT-IoT,test,10724,DoS,1,0.052708,0.262934,KNOWN
BoT-IoT,test,10725,DDoS,1,0.12368,0.262934,KNOWN
BoT-IoT,test,10726,DoS,1,0.138382,0.262934,KNOWN
BoT-IoT,test,10727,DoS,1,0.017808,0.262934,KNOWN
BoT-IoT,test,10728,DoS,1,0.193696,0.262934,KNOWN
BoT-IoT,test,10729,DoS,1,0.019975,0.262934,KNOWN
BoT-IoT,test,10730,DoS,1,0.08683,0.262934,KNOWN
BoT-IoT,test,10731,DDoS,1,0.189019,0.262934,KNOWN
BoT-IoT,test,10732,DDoS,1,0.10214,0.262934,KNOWN
BoT-IoT,test,10733,DDoS,1,0.235817,0.262934,KNOWN
BoT-IoT,test,10734,DoS,1,0.159663,0.262934,KNOWN
BoT-IoT,test,10735,DoS,1,0.027896,0.262934,KNOWN
BoT-IoT,test,10736,DDoS,1,0.060493,0.262934,KNOWN
BoT-IoT,test,10737,DoS,1,0.0343,0.262934,KNOWN
BoT-IoT,test,10738,DDoS,1,0.129422,0.262934,KNOWN
BoT-IoT,test,10739,Reconnaissance,1,0.01091,0.262934,KNOWN
BoT-IoT,test,10740,DDoS,1,0.070061,0.262934,KNOWN
BoT-IoT,test,10741,DoS,1,0.065715,0.262934,KNOWN
BoT-IoT,test,10742,DoS,1,0.096121,0.262934,KNOWN
BoT-IoT,test,10743,DDoS,1,0.047249,0.262934,KNOWN
BoT-IoT,test,10744,DDoS,1,0.016368,0.262934,KNOWN
BoT-IoT,test,10745,DoS,1,0.06779,0.262934,KNOWN
BoT-IoT,test,10746,DoS,1,0.170717,0.262934,KNOWN
BoT-IoT,test,10747,DDoS,1,0.1514,0.262934,KNOWN
BoT-IoT,test,10748,DoS,1,0.121814,0.262934,KNOWN
BoT-IoT,test,10749,DDoS,1,0.055646,0.262934,KNOWN
BoT-IoT,test,10750,DDoS,1,0.075721,0.262934,KNOWN
BoT-IoT,test,10751,Normal,1,0.207327,0.262934,KNOWN
BoT-IoT,test,10752,DoS,1,0.076057,0.262934,KNOWN
BoT-IoT,test,10753,DoS,1,0.048538,0.262934,KNOWN
BoT-IoT,test,10754,DDoS,1,0.070053,0.262934,KNOWN
BoT-IoT,test,10755,DDoS,1,0.179071,0.262934,KNOWN
BoT-IoT,test,10756,DoS,1,0.04114,0.262934,KNOWN
BoT-IoT,test,10757,DDoS,1,0.056945,0.262934,KNOWN
BoT-IoT,test,10758,DoS,1,0.167569,0.262934,KNOWN
BoT-IoT,test,10759,DoS,1,0.094167,0.262934,KNOWN
BoT-IoT,test,10760,DoS,1,0.111287,0.262934,KNOWN
BoT-IoT,test,10761,DDoS,1,0.030944,0.262934,KNOWN
BoT-IoT,test,10762,DoS,1,0.065706,0.262934,KNOWN
BoT-IoT,test,10763,DDoS,1,0.004981,0.262934,KNOWN
BoT-IoT,test,10764,DoS,1,0.094196,0.262934,KNOWN
BoT-IoT,test,10765,DDoS,1,0.146997,0.262934,KNOWN
BoT-IoT,test,10766,DDoS,1,0.178424,0.262934,KNOWN
BoT-IoT,test,10767,DDoS,1,0.036744,0.262934,KNOWN
BoT-IoT,test,10768,DoS,1,0.027221,0.262934,KNOWN
BoT-IoT,test,10769,DDoS,1,0.074055,0.262934,KNOWN
BoT-IoT,test,10770,DoS,1,0.015099,0.262934,KNOWN
BoT-IoT,test,10771,DDoS,1,0.134165,0.262934,KNOWN
BoT-IoT,test,10772,DoS,1,0.149807,0.262934,KNOWN
BoT-IoT,test,10773,DDoS,1,0.093832,0.262934,KNOWN
BoT-IoT,test,10774,DDoS,1,0.020747,0.262934,KNOWN
BoT-IoT,test,10775,DoS,1,0.10402,0.262934,KNOWN
BoT-IoT,test,10776,DoS,1,0.036464,0.262934,KNOWN
BoT-IoT,test,10777,DoS,1,0.012427,0.262934,KNOWN
BoT-IoT,test,10778,DDoS,1,0.016283,0.262934,KNOWN
BoT-IoT,test,10779,Normal,1,0.071314,0.262934,KNOWN
BoT-IoT,test,10780,DoS,1,0.032902,0.262934,KNOWN
BoT-IoT,test,10781,DoS,1,0.220038,0.262934,KNOWN
BoT-IoT,test,10782,DDoS,1,0.013942,0.262934,KNOWN
BoT-IoT,test,10783,DDoS,1,0.052902,0.262934,KNOWN
BoT-IoT,test,10784,DoS,1,0.053514,0.262934,KNOWN
BoT-IoT,test,10785,DoS,1,0.394138,0.262934,ZERO_DAY
BoT-IoT,test,10786,DDoS,1,0.136459,0.262934,KNOWN
BoT-IoT,test,10787,DDoS,1,0.136633,0.262934,KNOWN
BoT-IoT,test,10788,DoS,1,0.051677,0.262934,KNOWN
BoT-IoT,test,10789,DoS,1,0.06738,0.262934,KNOWN
BoT-IoT,test,10790,DoS,1,0.235124,0.262934,KNOWN
BoT-IoT,test,10791,DoS,1,0.005167,0.262934,KNOWN
BoT-IoT,test,10792,DoS,1,0.057081,0.262934,KNOWN
BoT-IoT,test,10793,DoS,1,0.283423,0.262934,ZERO_DAY
BoT-IoT,test,10794,DDoS,1,0.048626,0.262934,KNOWN
BoT-IoT,test,10795,DoS,1,0.013976,0.262934,KNOWN
BoT-IoT,test,10796,DDoS,1,0.198079,0.262934,KNOWN
BoT-IoT,test,10797,DDoS,1,0.008943,0.262934,KNOWN
BoT-IoT,test,10798,DDoS,1,0.357902,0.262934,ZERO_DAY
BoT-IoT,test,10799,DDoS,1,0.267902,0.262934,ZERO_DAY
BoT-IoT,test,10800,DoS,1,0.002183,0.262934,KNOWN
BoT-IoT,test,10801,DDoS,1,0.033135,0.262934,KNOWN
BoT-IoT,test,10802,DDoS,1,0.104179,0.262934,KNOWN
BoT-IoT,test,10803,DDoS,1,0.012432,0.262934,KNOWN
BoT-IoT,test,10804,DoS,1,0.259622,0.262934,KNOWN
BoT-IoT,test,10805,DoS,1,0.039823,0.262934,KNOWN
BoT-IoT,test,10806,DDoS,1,0.047596,0.262934,KNOWN
BoT-IoT,test,10807,Reconnaissance,1,0.113322,0.262934,KNOWN
BoT-IoT,test,10808,DoS,1,0.192877,0.262934,KNOWN
BoT-IoT,test,10809,DDoS,1,0.147021,0.262934,KNOWN
BoT-IoT,test,10810,DoS,1,0.27863,0.262934,ZERO_DAY
BoT-IoT,test,10811,DoS,1,0.049023,0.262934,KNOWN
BoT-IoT,test,10812,DDoS,1,0.000591,0.262934,KNOWN
BoT-IoT,test,10813,DoS,1,0.189205,0.262934,KNOWN
BoT-IoT,test,10814,Normal,1,0.024382,0.262934,KNOWN
BoT-IoT,test,10815,DDoS,1,0.020645,0.262934,KNOWN
BoT-IoT,test,10816,Normal,1,0.133776,0.262934,KNOWN
BoT-IoT,test,10817,DoS,1,0.019569,0.262934,KNOWN
BoT-IoT,test,10818,DDoS,1,0.082648,0.262934,KNOWN
BoT-IoT,test,10819,DDoS,1,0.019697,0.262934,KNOWN
BoT-IoT,test,10820,DoS,1,0.055338,0.262934,KNOWN
BoT-IoT,test,10821,DoS,1,0.23405,0.262934,KNOWN
BoT-IoT,test,10822,DoS,1,0.106928,0.262934,KNOWN
BoT-IoT,test,10823,DDoS,1,0.07122,0.262934,KNOWN
BoT-IoT,test,10824,DoS,1,0.008111,0.262934,KNOWN
BoT-IoT,test,10825,DDoS,1,0.053563,0.262934,KNOWN
BoT-IoT,test,10826,DoS,1,0.05681,0.262934,KNOWN
BoT-IoT,test,10827,DDoS,1,0.054712,0.262934,KNOWN
BoT-IoT,test,10828,DDoS,1,0.213291,0.262934,KNOWN
BoT-IoT,test,10829,DoS,1,0.225506,0.262934,KNOWN
BoT-IoT,test,10830,Reconnaissance,1,0.161712,0.262934,KNOWN
BoT-IoT,test,10831,DDoS,1,0.096394,0.262934,KNOWN
BoT-IoT,test,10832,DoS,1,0.042824,0.262934,KNOWN
BoT-IoT,test,10833,DDoS,1,0.027747,0.262934,KNOWN
BoT-IoT,test,10834,DDoS,1,0.032161,0.262934,KNOWN
BoT-IoT,test,10835,DoS,1,0.001156,0.262934,KNOWN
BoT-IoT,test,10836,DDoS,1,0.022009,0.262934,KNOWN
BoT-IoT,test,10837,DDoS,1,0.0945,0.262934,KNOWN
BoT-IoT,test,10838,DDoS,1,0.057875,0.262934,KNOWN
BoT-IoT,test,10839,DDoS,1,0.366471,0.262934,ZERO_DAY
BoT-IoT,test,10840,DoS,1,0.059483,0.262934,KNOWN
BoT-IoT,test,10841,DoS,1,0.318149,0.262934,ZERO_DAY
BoT-IoT,test,10842,DoS,1,0.091526,0.262934,KNOWN
BoT-IoT,test,10843,DoS,1,0.076203,0.262934,KNOWN
BoT-IoT,test,10844,DoS,1,0.258928,0.262934,KNOWN
BoT-IoT,test,10845,DDoS,1,0.073224,0.262934,KNOWN
BoT-IoT,test,10846,DoS,1,0.224844,0.262934,KNOWN
BoT-IoT,test,10847,DDoS,1,0.075185,0.262934,KNOWN
BoT-IoT,test,10848,DoS,1,0.16587,0.262934,KNOWN
BoT-IoT,test,10849,Normal,1,0.166072,0.262934,KNOWN
BoT-IoT,test,10850,Normal,1,0.011633,0.262934,KNOWN
BoT-IoT,test,10851,DDoS,1,0.024859,0.262934,KNOWN
BoT-IoT,test,10852,DDoS,1,0.147945,0.262934,KNOWN
BoT-IoT,test,10853,Normal,1,0.081184,0.262934,KNOWN
BoT-IoT,test,10854,DoS,1,0.094553,0.262934,KNOWN
BoT-IoT,test,10855,DoS,1,0.022942,0.262934,KNOWN
BoT-IoT,test,10856,DoS,1,0.045364,0.262934,KNOWN
BoT-IoT,test,10857,DDoS,1,0.148683,0.262934,KNOWN
BoT-IoT,test,10858,DoS,1,0.062771,0.262934,KNOWN
BoT-IoT,test,10859,DDoS,1,0.173128,0.262934,KNOWN
BoT-IoT,test,10860,DDoS,1,0.124831,0.262934,KNOWN
BoT-IoT,test,10861,DoS,1,0.164615,0.262934,KNOWN
BoT-IoT,test,10862,DDoS,1,0.101138,0.262934,KNOWN
BoT-IoT,test,10863,DDoS,1,0.259864,0.262934,KNOWN
BoT-IoT,test,10864,DDoS,1,0.125717,0.262934,KNOWN
BoT-IoT,test,10865,DDoS,1,0.260539,0.262934,KNOWN
BoT-IoT,test,10866,DoS,1,0.138353,0.262934,KNOWN
BoT-IoT,test,10867,DoS,1,0.063783,0.262934,KNOWN
BoT-IoT,test,10868,DoS,1,0.001723,0.262934,KNOWN
BoT-IoT,test,10869,DoS,1,0.121004,0.262934,KNOWN
BoT-IoT,test,10870,DoS,1,0.040943,0.262934,KNOWN
BoT-IoT,test,10871,DoS,1,0.070608,0.262934,KNOWN
BoT-IoT,test,10872,DoS,1,0.061897,0.262934,KNOWN
BoT-IoT,test,10873,DoS,1,0.016314,0.262934,KNOWN
BoT-IoT,test,10874,DoS,1,0.009711,0.262934,KNOWN
BoT-IoT,test,10875,DoS,1,0.025643,0.262934,KNOWN
BoT-IoT,test,10876,DDoS,1,0.151227,0.262934,KNOWN
BoT-IoT,test,10877,DDoS,1,0.253342,0.262934,KNOWN
BoT-IoT,test,10878,DDoS,1,0.021366,0.262934,KNOWN
BoT-IoT,test,10879,DDoS,1,0.18418,0.262934,KNOWN
BoT-IoT,test,10880,DDoS,1,0.086914,0.262934,KNOWN
BoT-IoT,test,10881,DoS,1,0.049381,0.262934,KNOWN
BoT-IoT,test,10882,DoS,1,0.216019,0.262934,KNOWN
BoT-IoT,test,10883,DoS,1,0.024592,0.262934,KNOWN
BoT-IoT,test,10884,DoS,1,0.229597,0.262934,KNOWN
BoT-IoT,test,10885,DoS,1,0.065189,0.262934,KNOWN
BoT-IoT,test,10886,DDoS,1,0.086606,0.262934,KNOWN
BoT-IoT,test,10887,DDoS,1,0.044605,0.262934,KNOWN
BoT-IoT,test,10888,Normal,1,0.097066,0.262934,KNOWN
BoT-IoT,test,10889,DDoS,1,0.062955,0.262934,KNOWN
BoT-IoT,test,10890,DoS,1,0.042162,0.262934,KNOWN
BoT-IoT,test,10891,DoS,1,0.193801,0.262934,KNOWN
BoT-IoT,test,10892,DDoS,1,0.128998,0.262934,KNOWN
BoT-IoT,test,10893,DDoS,1,0.007391,0.262934,KNOWN
BoT-IoT,test,10894,DDoS,1,0.10711,0.262934,KNOWN
BoT-IoT,test,10895,DoS,1,0.112223,0.262934,KNOWN
BoT-IoT,test,10896,DDoS,1,0.195067,0.262934,KNOWN
BoT-IoT,test,10897,DDoS,1,0.251277,0.262934,KNOWN
BoT-IoT,test,10898,DDoS,1,0.216719,0.262934,KNOWN
BoT-IoT,test,10899,Normal,1,0.110363,0.262934,KNOWN
BoT-IoT,test,10900,DoS,1,0.351939,0.262934,ZERO_DAY
BoT-IoT,test,10901,DoS,1,0.147364,0.262934,KNOWN
BoT-IoT,test,10902,DDoS,1,0.021874,0.262934,KNOWN
BoT-IoT,test,10903,DDoS,1,0.055065,0.262934,KNOWN
BoT-IoT,test,10904,DDoS,1,0.130157,0.262934,KNOWN
BoT-IoT,test,10905,DDoS,1,0.094184,0.262934,KNOWN
BoT-IoT,test,10906,DoS,1,0.129155,0.262934,KNOWN
BoT-IoT,test,10907,DoS,1,0.213043,0.262934,KNOWN
BoT-IoT,test,10908,DDoS,1,0.3017,0.262934,ZERO_DAY
BoT-IoT,test,10909,DoS,1,0.034674,0.262934,KNOWN
BoT-IoT,test,10910,DDoS,1,0.107724,0.262934,KNOWN
BoT-IoT,test,10911,DoS,1,0.252572,0.262934,KNOWN
BoT-IoT,test,10912,DDoS,1,0.060379,0.262934,KNOWN
BoT-IoT,test,10913,DDoS,1,0.018638,0.262934,KNOWN
BoT-IoT,test,10914,DDoS,1,0.026386,0.262934,KNOWN
BoT-IoT,test,10915,DDoS,1,0.108511,0.262934,KNOWN
BoT-IoT,test,10916,DDoS,1,0.014712,0.262934,KNOWN
BoT-IoT,test,10917,DDoS,1,0.017417,0.262934,KNOWN
BoT-IoT,test,10918,Normal,1,0.264782,0.262934,ZERO_DAY
BoT-IoT,test,10919,DoS,1,0.089582,0.262934,KNOWN
BoT-IoT,test,10920,DDoS,1,0.012273,0.262934,KNOWN
BoT-IoT,test,10921,DDoS,1,0.066016,0.262934,KNOWN
BoT-IoT,test,10922,DoS,1,0.019095,0.262934,KNOWN
BoT-IoT,test,10923,DoS,1,0.061257,0.262934,KNOWN
BoT-IoT,test,10924,DoS,1,0.025806,0.262934,KNOWN
BoT-IoT,test,10925,DoS,1,0.062707,0.262934,KNOWN
BoT-IoT,test,10926,DoS,1,0.247878,0.262934,KNOWN
BoT-IoT,test,10927,DoS,1,0.071581,0.262934,KNOWN
BoT-IoT,test,10928,DDoS,1,0.111071,0.262934,KNOWN
BoT-IoT,test,10929,DDoS,1,0.085442,0.262934,KNOWN
BoT-IoT,test,10930,DoS,1,0.065786,0.262934,KNOWN
BoT-IoT,test,10931,DoS,1,0.158458,0.262934,KNOWN
BoT-IoT,test,10932,DoS,1,0.038132,0.262934,KNOWN
BoT-IoT,test,10933,DoS,1,0.07504,0.262934,KNOWN
BoT-IoT,test,10934,DoS,1,0.071589,0.262934,KNOWN
BoT-IoT,test,10935,DDoS,1,0.006938,0.262934,KNOWN
BoT-IoT,test,10936,DoS,1,0.153773,0.262934,KNOWN
BoT-IoT,test,10937,DoS,1,0.104382,0.262934,KNOWN
BoT-IoT,test,10938,DDoS,1,0.244423,0.262934,KNOWN
BoT-IoT,test,10939,DoS,1,0.059684,0.262934,KNOWN
BoT-IoT,test,10940,DDoS,1,0.059282,0.262934,KNOWN
BoT-IoT,test,10941,DDoS,1,0.190822,0.262934,KNOWN
BoT-IoT,test,10942,Normal,1,0.006432,0.262934,KNOWN
BoT-IoT,test,10943,DDoS,1,0.026124,0.262934,KNOWN
BoT-IoT,test,10944,DDoS,1,0.030773,0.262934,KNOWN
BoT-IoT,test,10945,DDoS,1,0.026455,0.262934,KNOWN
BoT-IoT,test,10946,DoS,1,0.123291,0.262934,KNOWN
BoT-IoT,test,10947,DDoS,1,0.037195,0.262934,KNOWN
BoT-IoT,test,10948,DoS,1,0.073858,0.262934,KNOWN
BoT-IoT,test,10949,DoS,1,0.028709,0.262934,KNOWN
BoT-IoT,test,10950,Reconnaissance,1,0.075284,0.262934,KNOWN
BoT-IoT,test,10951,DDoS,1,0.025594,0.262934,KNOWN
BoT-IoT,test,10952,DDoS,1,0.187422,0.262934,KNOWN
BoT-IoT,test,10953,DoS,1,0.068027,0.262934,KNOWN
BoT-IoT,test,10954,DDoS,1,0.111826,0.262934,KNOWN
BoT-IoT,test,10955,DoS,1,0.037972,0.262934,KNOWN
BoT-IoT,test,10956,DoS,1,0.001377,0.262934,KNOWN
BoT-IoT,test,10957,DoS,1,0.310487,0.262934,ZERO_DAY
BoT-IoT,test,10958,DoS,1,0.026464,0.262934,KNOWN
BoT-IoT,test,10959,DDoS,1,0.025533,0.262934,KNOWN
BoT-IoT,test,10960,DDoS,1,0.08152,0.262934,KNOWN
BoT-IoT,test,10961,DDoS,1,0.069585,0.262934,KNOWN
BoT-IoT,test,10962,DoS,1,0.022932,0.262934,KNOWN
BoT-IoT,test,10963,DDoS,1,0.040541,0.262934,KNOWN
BoT-IoT,test,10964,DoS,1,0.190076,0.262934,KNOWN
BoT-IoT,test,10965,DDoS,1,0.133836,0.262934,KNOWN
BoT-IoT,test,10966,DoS,1,0.00506,0.262934,KNOWN
BoT-IoT,test,10967,DoS,1,0.091578,0.262934,KNOWN
BoT-IoT,test,10968,DoS,1,0.058824,0.262934,KNOWN
BoT-IoT,test,10969,DDoS,1,0.154005,0.262934,KNOWN
BoT-IoT,test,10970,DoS,1,0.089696,0.262934,KNOWN
BoT-IoT,test,10971,DDoS,1,0.213578,0.262934,KNOWN
BoT-IoT,test,10972,DDoS,1,0.434444,0.262934,ZERO_DAY
BoT-IoT,test,10973,DoS,1,0.01939,0.262934,KNOWN
BoT-IoT,test,10974,DDoS,1,0.033874,0.262934,KNOWN
BoT-IoT,test,10975,DDoS,1,0.112803,0.262934,KNOWN
BoT-IoT,test,10976,Normal,1,0.035074,0.262934,KNOWN
BoT-IoT,test,10977,DoS,1,0.018453,0.262934,KNOWN
BoT-IoT,test,10978,DDoS,1,0.015426,0.262934,KNOWN
BoT-IoT,test,10979,DoS,1,0.023032,0.262934,KNOWN
BoT-IoT,test,10980,DoS,1,0.031121,0.262934,KNOWN
BoT-IoT,test,10981,DoS,1,0.033473,0.262934,KNOWN
BoT-IoT,test,10982,DoS,1,0.04383,0.262934,KNOWN
BoT-IoT,test,10983,DDoS,1,0.048896,0.262934,KNOWN
BoT-IoT,test,10984,DDoS,1,0.027154,0.262934,KNOWN
BoT-IoT,test,10985,DoS,1,0.042469,0.262934,KNOWN
BoT-IoT,test,10986,DoS,1,0.084917,0.262934,KNOWN
BoT-IoT,test,10987,DDoS,1,0.035777,0.262934,KNOWN
BoT-IoT,test,10988,DDoS,1,0.02461,0.262934,KNOWN
BoT-IoT,test,10989,DoS,1,0.16558,0.262934,KNOWN
BoT-IoT,test,10990,DoS,1,0.312718,0.262934,ZERO_DAY
BoT-IoT,test,10991,DDoS,1,0.216358,0.262934,KNOWN
BoT-IoT,test,10992,DoS,1,0.150362,0.262934,KNOWN
BoT-IoT,test,10993,DoS,1,0.105938,0.262934,KNOWN
BoT-IoT,test,10994,DDoS,1,0.201806,0.262934,KNOWN
BoT-IoT,test,10995,DDoS,1,0.046762,0.262934,KNOWN
BoT-IoT,test,10996,DoS,1,0.09969,0.262934,KNOWN
BoT-IoT,test,10997,DoS,1,0.085447,0.262934,KNOWN
BoT-IoT,test,10998,DoS,1,0.073576,0.262934,KNOWN
BoT-IoT,test,10999,DDoS,1,0.116164,0.262934,KNOWN
BoT-IoT,test,11000,DoS,1,0.145397,0.262934,KNOWN
BoT-IoT,test,11001,DoS,1,0.051596,0.262934,KNOWN
BoT-IoT,test,11002,DDoS,1,0.109751,0.262934,KNOWN
BoT-IoT,test,11003,DDoS,1,0.015103,0.262934,KNOWN
BoT-IoT,test,11004,DoS,1,0.20364,0.262934,KNOWN
BoT-IoT,test,11005,DDoS,1,0.179828,0.262934,KNOWN
BoT-IoT,test,11006,DoS,1,0.065965,0.262934,KNOWN
BoT-IoT,test,11007,DoS,1,0.104807,0.262934,KNOWN
BoT-IoT,test,11008,DoS,1,0.070312,0.262934,KNOWN
BoT-IoT,test,11009,DoS,1,0.006393,0.262934,KNOWN
BoT-IoT,test,11010,DDoS,1,0.093209,0.262934,KNOWN
BoT-IoT,test,11011,DoS,1,0.199693,0.262934,KNOWN
BoT-IoT,test,11012,DDoS,1,0.119164,0.262934,KNOWN
BoT-IoT,test,11013,DDoS,1,0.307317,0.262934,ZERO_DAY
BoT-IoT,test,11014,DoS,1,0.041541,0.262934,KNOWN
BoT-IoT,test,11015,DDoS,1,0.109041,0.262934,KNOWN
BoT-IoT,test,11016,DDoS,1,0.083803,0.262934,KNOWN
BoT-IoT,test,11017,DDoS,1,0.006214,0.262934,KNOWN
BoT-IoT,test,11018,DoS,1,0.101045,0.262934,KNOWN
BoT-IoT,test,11019,DoS,1,0.182669,0.262934,KNOWN
BoT-IoT,test,11020,DoS,1,0.002736,0.262934,KNOWN
BoT-IoT,test,11021,DDoS,1,0.050895,0.262934,KNOWN
BoT-IoT,test,11022,DDoS,1,0.049893,0.262934,KNOWN
BoT-IoT,test,11023,DDoS,1,0.014353,0.262934,KNOWN
BoT-IoT,test,11024,DoS,1,0.033307,0.262934,KNOWN
BoT-IoT,test,11025,DDoS,1,0.069392,0.262934,KNOWN
BoT-IoT,test,11026,DDoS,1,0.053005,0.262934,KNOWN
BoT-IoT,test,11027,DDoS,1,0.227714,0.262934,KNOWN
BoT-IoT,test,11028,DoS,1,0.145677,0.262934,KNOWN
BoT-IoT,test,11029,DoS,1,0.000758,0.262934,KNOWN
BoT-IoT,test,11030,DDoS,1,0.029255,0.262934,KNOWN
BoT-IoT,test,11031,DDoS,1,0.157536,0.262934,KNOWN
BoT-IoT,test,11032,DDoS,1,0.203897,0.262934,KNOWN
BoT-IoT,test,11033,DDoS,1,0.060675,0.262934,KNOWN
BoT-IoT,test,11034,DDoS,1,0.019113,0.262934,KNOWN
BoT-IoT,test,11035,DDoS,1,0.023568,0.262934,KNOWN
BoT-IoT,test,11036,DoS,1,0.031864,0.262934,KNOWN
BoT-IoT,test,11037,DoS,1,0.243508,0.262934,KNOWN
BoT-IoT,test,11038,DoS,1,0.158759,0.262934,KNOWN
BoT-IoT,test,11039,DoS,1,0.074424,0.262934,KNOWN
BoT-IoT,test,11040,DDoS,1,0.087786,0.262934,KNOWN
BoT-IoT,test,11041,DDoS,1,0.074949,0.262934,KNOWN
BoT-IoT,test,11042,DoS,1,0.044594,0.262934,KNOWN
BoT-IoT,test,11043,DoS,1,0.089181,0.262934,KNOWN
BoT-IoT,test,11044,DDoS,1,0.080623,0.262934,KNOWN
BoT-IoT,test,11045,DDoS,1,0.07947,0.262934,KNOWN
BoT-IoT,test,11046,DDoS,1,0.05621,0.262934,KNOWN
BoT-IoT,test,11047,Normal,1,0.04666,0.262934,KNOWN
BoT-IoT,test,11048,DoS,1,0.045015,0.262934,KNOWN
BoT-IoT,test,11049,DoS,1,0.462292,0.262934,ZERO_DAY
BoT-IoT,test,11050,DDoS,1,0.237712,0.262934,KNOWN
BoT-IoT,test,11051,Normal,1,0.076957,0.262934,KNOWN
BoT-IoT,test,11052,DoS,1,0.261765,0.262934,KNOWN
BoT-IoT,test,11053,DDoS,1,0.059449,0.262934,KNOWN
BoT-IoT,test,11054,DoS,1,0.081265,0.262934,KNOWN
BoT-IoT,test,11055,DDoS,1,0.147896,0.262934,KNOWN
BoT-IoT,test,11056,DDoS,1,0.076202,0.262934,KNOWN
BoT-IoT,test,11057,DDoS,1,0.360719,0.262934,ZERO_DAY
BoT-IoT,test,11058,DDoS,1,0.071597,0.262934,KNOWN
BoT-IoT,test,11059,DoS,1,0.096802,0.262934,KNOWN
BoT-IoT,test,11060,DDoS,1,0.142558,0.262934,KNOWN
BoT-IoT,test,11061,DoS,1,0.006263,0.262934,KNOWN
BoT-IoT,test,11062,DDoS,1,0.136182,0.262934,KNOWN
BoT-IoT,test,11063,DoS,1,0.09446,0.262934,KNOWN
BoT-IoT,test,11064,DDoS,1,0.037425,0.262934,KNOWN
BoT-IoT,test,11065,DDoS,1,0.022725,0.262934,KNOWN
BoT-IoT,test,11066,DDoS,1,0.049933,0.262934,KNOWN
BoT-IoT,test,11067,DoS,1,0.09797,0.262934,KNOWN
BoT-IoT,test,11068,DDoS,1,0.245294,0.262934,KNOWN
BoT-IoT,test,11069,DDoS,1,0.10706,0.262934,KNOWN
BoT-IoT,test,11070,DoS,1,0.01384,0.262934,KNOWN
BoT-IoT,test,11071,Normal,1,0.074501,0.262934,KNOWN
BoT-IoT,test,11072,DDoS,1,0.099995,0.262934,KNOWN
BoT-IoT,test,11073,DDoS,1,0.211728,0.262934,KNOWN
BoT-IoT,test,11074,DoS,1,0.148885,0.262934,KNOWN
BoT-IoT,test,11075,DoS,1,0.094336,0.262934,KNOWN
BoT-IoT,test,11076,DoS,1,0.123592,0.262934,KNOWN
BoT-IoT,test,11077,DDoS,1,0.060833,0.262934,KNOWN
BoT-IoT,test,11078,DDoS,1,0.154446,0.262934,KNOWN
BoT-IoT,test,11079,DDoS,1,0.18646,0.262934,KNOWN
BoT-IoT,test,11080,DDoS,1,0.049191,0.262934,KNOWN
BoT-IoT,test,11081,Reconnaissance,1,0.036403,0.262934,KNOWN
BoT-IoT,test,11082,DoS,1,0.024924,0.262934,KNOWN
BoT-IoT,test,11083,DDoS,1,0.041377,0.262934,KNOWN
BoT-IoT,test,11084,DDoS,1,0.203504,0.262934,KNOWN
BoT-IoT,test,11085,DDoS,1,0.01551,0.262934,KNOWN
BoT-IoT,test,11086,DDoS,1,0.031242,0.262934,KNOWN
BoT-IoT,test,11087,DDoS,1,0.178928,0.262934,KNOWN
BoT-IoT,test,11088,DDoS,1,0.156802,0.262934,KNOWN
BoT-IoT,test,11089,DoS,1,0.089996,0.262934,KNOWN
BoT-IoT,test,11090,DDoS,1,0.093586,0.262934,KNOWN
BoT-IoT,test,11091,DDoS,1,0.010845,0.262934,KNOWN
BoT-IoT,test,11092,DDoS,1,0.031709,0.262934,KNOWN
BoT-IoT,test,11093,DoS,1,0.520572,0.262934,ZERO_DAY
BoT-IoT,test,11094,DDoS,1,0.075716,0.262934,KNOWN
BoT-IoT,test,11095,DoS,1,0.007027,0.262934,KNOWN
BoT-IoT,test,11096,DoS,1,0.041653,0.262934,KNOWN
BoT-IoT,test,11097,DoS,1,0.090934,0.262934,KNOWN
BoT-IoT,test,11098,DDoS,1,0.016685,0.262934,KNOWN
BoT-IoT,test,11099,DoS,1,0.141896,0.262934,KNOWN
BoT-IoT,test,11100,DDoS,1,0.040864,0.262934,KNOWN
BoT-IoT,test,11101,DDoS,1,0.00456,0.262934,KNOWN
BoT-IoT,test,11102,DoS,1,0.120974,0.262934,KNOWN
BoT-IoT,test,11103,DDoS,1,0.090607,0.262934,KNOWN
BoT-IoT,test,11104,DoS,1,0.038048,0.262934,KNOWN
BoT-IoT,test,11105,DoS,1,0.245692,0.262934,KNOWN
BoT-IoT,test,11106,DDoS,1,0.061609,0.262934,KNOWN
BoT-IoT,test,11107,DDoS,1,0.299645,0.262934,ZERO_DAY
BoT-IoT,test,11108,DoS,1,0.031881,0.262934,KNOWN
BoT-IoT,test,11109,DDoS,1,0.012987,0.262934,KNOWN
BoT-IoT,test,11110,DoS,1,0.135029,0.262934,KNOWN
BoT-IoT,test,11111,DDoS,1,0.073419,0.262934,KNOWN
BoT-IoT,test,11112,DDoS,1,0.071736,0.262934,KNOWN
BoT-IoT,test,11113,DDoS,1,0.026196,0.262934,KNOWN
BoT-IoT,test,11114,DoS,1,0.066524,0.262934,KNOWN
BoT-IoT,test,11115,DoS,1,0.148362,0.262934,KNOWN
BoT-IoT,test,11116,Reconnaissance,1,0.065739,0.262934,KNOWN
BoT-IoT,test,11117,DDoS,1,0.161232,0.262934,KNOWN
BoT-IoT,test,11118,DDoS,1,0.144787,0.262934,KNOWN
BoT-IoT,test,11119,DDoS,1,0.264736,0.262934,ZERO_DAY
BoT-IoT,test,11120,DDoS,1,0.057746,0.262934,KNOWN
BoT-IoT,test,11121,DDoS,1,0.017336,0.262934,KNOWN
BoT-IoT,test,11122,DDoS,1,0.170498,0.262934,KNOWN
BoT-IoT,test,11123,Normal,1,0.113098,0.262934,KNOWN
BoT-IoT,test,11124,DDoS,1,0.153281,0.262934,KNOWN
BoT-IoT,test,11125,DoS,1,0.068575,0.262934,KNOWN
BoT-IoT,test,11126,DDoS,1,0.196779,0.262934,KNOWN
BoT-IoT,test,11127,DDoS,1,0.058481,0.262934,KNOWN
BoT-IoT,test,11128,DoS,1,0.008503,0.262934,KNOWN
BoT-IoT,test,11129,DoS,1,0.047568,0.262934,KNOWN
BoT-IoT,test,11130,DoS,1,0.029364,0.262934,KNOWN
BoT-IoT,test,11131,DoS,1,0.078979,0.262934,KNOWN
BoT-IoT,test,11132,DDoS,1,0.055638,0.262934,KNOWN
BoT-IoT,test,11133,Reconnaissance,1,0.191486,0.262934,KNOWN
BoT-IoT,test,11134,DoS,1,0.229153,0.262934,KNOWN
BoT-IoT,test,11135,DDoS,1,0.048575,0.262934,KNOWN
BoT-IoT,test,11136,DDoS,1,0.036931,0.262934,KNOWN
BoT-IoT,test,11137,DoS,1,0.00664,0.262934,KNOWN
BoT-IoT,test,11138,DDoS,1,0.012503,0.262934,KNOWN
BoT-IoT,test,11139,DoS,1,0.013698,0.262934,KNOWN
BoT-IoT,test,11140,DDoS,1,0.074941,0.262934,KNOWN
BoT-IoT,test,11141,DDoS,1,0.021561,0.262934,KNOWN
BoT-IoT,test,11142,DDoS,1,0.188781,0.262934,KNOWN
BoT-IoT,test,11143,DDoS,1,0.11645,0.262934,KNOWN
BoT-IoT,test,11144,DoS,1,0.149098,0.262934,KNOWN
BoT-IoT,test,11145,DDoS,1,0.022385,0.262934,KNOWN
BoT-IoT,test,11146,DDoS,1,0.079639,0.262934,KNOWN
BoT-IoT,test,11147,DoS,1,0.152276,0.262934,KNOWN
BoT-IoT,test,11148,DDoS,1,0.019576,0.262934,KNOWN
BoT-IoT,test,11149,DDoS,1,0.126956,0.262934,KNOWN
BoT-IoT,test,11150,DoS,1,0.201807,0.262934,KNOWN
BoT-IoT,test,11151,DoS,1,0.049752,0.262934,KNOWN
BoT-IoT,test,11152,DoS,1,0.105246,0.262934,KNOWN
BoT-IoT,test,11153,DDoS,1,0.001385,0.262934,KNOWN
BoT-IoT,test,11154,DDoS,1,0.240708,0.262934,KNOWN
BoT-IoT,test,11155,DoS,1,0.097744,0.262934,KNOWN
BoT-IoT,test,11156,DDoS,1,0.006824,0.262934,KNOWN
BoT-IoT,test,11157,DoS,1,0.019482,0.262934,KNOWN
BoT-IoT,test,11158,DoS,1,0.025743,0.262934,KNOWN
BoT-IoT,test,11159,Reconnaissance,1,0.113958,0.262934,KNOWN
BoT-IoT,test,11160,DoS,1,0.156787,0.262934,KNOWN
BoT-IoT,test,11161,DDoS,1,0.150461,0.262934,KNOWN
BoT-IoT,test,11162,DDoS,1,0.314978,0.262934,ZERO_DAY
BoT-IoT,test,11163,DoS,1,0.042608,0.262934,KNOWN
BoT-IoT,test,11164,DDoS,1,0.055742,0.262934,KNOWN
BoT-IoT,test,11165,DoS,1,0.16513,0.262934,KNOWN
BoT-IoT,test,11166,DDoS,1,0.108201,0.262934,KNOWN
BoT-IoT,test,11167,DoS,1,0.032781,0.262934,KNOWN
BoT-IoT,test,11168,DoS,1,0.003489,0.262934,KNOWN
BoT-IoT,test,11169,DDoS,1,0.018141,0.262934,KNOWN
BoT-IoT,test,11170,DDoS,1,0.060426,0.262934,KNOWN
BoT-IoT,test,11171,DDoS,1,0.292659,0.262934,ZERO_DAY
BoT-IoT,test,11172,DoS,1,0.090599,0.262934,KNOWN
BoT-IoT,test,11173,DoS,1,0.007338,0.262934,KNOWN
BoT-IoT,test,11174,DDoS,1,0.013014,0.262934,KNOWN
BoT-IoT,test,11175,DoS,1,0.01908,0.262934,KNOWN
BoT-IoT,test,11176,DDoS,1,0.051646,0.262934,KNOWN
BoT-IoT,test,11177,DoS,1,0.230142,0.262934,KNOWN
BoT-IoT,test,11178,DDoS,1,0.059739,0.262934,KNOWN
BoT-IoT,test,11179,DoS,1,0.051855,0.262934,KNOWN
BoT-IoT,test,11180,DoS,1,0.086262,0.262934,KNOWN
BoT-IoT,test,11181,DDoS,1,0.017413,0.262934,KNOWN
BoT-IoT,test,11182,DoS,1,0.053081,0.262934,KNOWN
BoT-IoT,test,11183,DoS,1,0.030922,0.262934,KNOWN
BoT-IoT,test,11184,DoS,1,0.088938,0.262934,KNOWN
BoT-IoT,test,11185,DDoS,1,0.034606,0.262934,KNOWN
BoT-IoT,test,11186,DDoS,1,0.224973,0.262934,KNOWN
BoT-IoT,test,11187,DoS,1,0.0245,0.262934,KNOWN
BoT-IoT,test,11188,DDoS,1,0.119494,0.262934,KNOWN
BoT-IoT,test,11189,DoS,1,0.034273,0.262934,KNOWN
BoT-IoT,test,11190,DDoS,1,0.068409,0.262934,KNOWN
BoT-IoT,test,11191,DDoS,1,0.078403,0.262934,KNOWN
BoT-IoT,test,11192,DDoS,1,0.02453,0.262934,KNOWN
BoT-IoT,test,11193,DDoS,1,0.087279,0.262934,KNOWN
BoT-IoT,test,11194,DoS,1,0.155405,0.262934,KNOWN
BoT-IoT,test,11195,DDoS,1,0.101766,0.262934,KNOWN
BoT-IoT,test,11196,DDoS,1,0.086269,0.262934,KNOWN
BoT-IoT,test,11197,DoS,1,0.046832,0.262934,KNOWN
BoT-IoT,test,11198,DDoS,1,0.089459,0.262934,KNOWN
BoT-IoT,test,11199,DDoS,1,0.157912,0.262934,KNOWN
BoT-IoT,test,11200,DoS,1,0.201585,0.262934,KNOWN
BoT-IoT,test,11201,DoS,1,0.448915,0.262934,ZERO_DAY
BoT-IoT,test,11202,DDoS,1,0.072516,0.262934,KNOWN
BoT-IoT,test,11203,Reconnaissance,1,0.089626,0.262934,KNOWN
BoT-IoT,test,11204,DDoS,1,0.08615,0.262934,KNOWN
BoT-IoT,test,11205,DoS,1,0.113505,0.262934,KNOWN
BoT-IoT,test,11206,DoS,1,0.191085,0.262934,KNOWN
BoT-IoT,test,11207,DDoS,1,0.036311,0.262934,KNOWN
BoT-IoT,test,11208,DDoS,1,0.013894,0.262934,KNOWN
BoT-IoT,test,11209,DDoS,1,0.048536,0.262934,KNOWN
BoT-IoT,test,11210,DDoS,1,0.086483,0.262934,KNOWN
BoT-IoT,test,11211,DDoS,1,0.019907,0.262934,KNOWN
BoT-IoT,test,11212,DDoS,1,0.218161,0.262934,KNOWN
BoT-IoT,test,11213,DoS,1,0.069273,0.262934,KNOWN
BoT-IoT,test,11214,DDoS,1,0.079759,0.262934,KNOWN
BoT-IoT,test,11215,DoS,1,0.070739,0.262934,KNOWN
BoT-IoT,test,11216,DDoS,1,0.004661,0.262934,KNOWN
BoT-IoT,test,11217,DDoS,1,0.077323,0.262934,KNOWN
BoT-IoT,test,11218,DoS,1,0.039472,0.262934,KNOWN
BoT-IoT,test,11219,DoS,1,0.009253,0.262934,KNOWN
BoT-IoT,test,11220,DDoS,1,0.009768,0.262934,KNOWN
BoT-IoT,test,11221,DoS,1,0.063003,0.262934,KNOWN
BoT-IoT,test,11222,DoS,1,0.23971,0.262934,KNOWN
BoT-IoT,test,11223,DDoS,1,0.092144,0.262934,KNOWN
BoT-IoT,test,11224,DoS,1,0.045402,0.262934,KNOWN
BoT-IoT,test,11225,DDoS,1,0.244163,0.262934,KNOWN
BoT-IoT,test,11226,DDoS,1,0.038472,0.262934,KNOWN
BoT-IoT,test,11227,DoS,1,0.03293,0.262934,KNOWN
BoT-IoT,test,11228,DoS,1,0.29443,0.262934,ZERO_DAY
BoT-IoT,test,11229,DDoS,1,0.060422,0.262934,KNOWN
BoT-IoT,test,11230,DoS,1,0.159072,0.262934,KNOWN
BoT-IoT,test,11231,Reconnaissance,1,0.053036,0.262934,KNOWN
BoT-IoT,test,11232,DDoS,1,0.124589,0.262934,KNOWN
BoT-IoT,test,11233,DDoS,1,0.051632,0.262934,KNOWN
BoT-IoT,test,11234,DoS,1,0.071142,0.262934,KNOWN
BoT-IoT,test,11235,DDoS,1,0.172675,0.262934,KNOWN
BoT-IoT,test,11236,DDoS,1,0.120965,0.262934,KNOWN
BoT-IoT,test,11237,DDoS,1,0.039682,0.262934,KNOWN
BoT-IoT,test,11238,DDoS,1,0.081962,0.262934,KNOWN
BoT-IoT,test,11239,DDoS,1,0.090318,0.262934,KNOWN
BoT-IoT,test,11240,DDoS,1,0.133444,0.262934,KNOWN
BoT-IoT,test,11241,DoS,1,0.090771,0.262934,KNOWN
BoT-IoT,test,11242,DDoS,1,0.25511,0.262934,KNOWN
BoT-IoT,test,11243,DoS,1,0.072801,0.262934,KNOWN
BoT-IoT,test,11244,DoS,1,0.115991,0.262934,KNOWN
BoT-IoT,test,11245,DDoS,1,0.092889,0.262934,KNOWN
BoT-IoT,test,11246,DoS,1,0.1244,0.262934,KNOWN
BoT-IoT,test,11247,DoS,1,0.081754,0.262934,KNOWN
BoT-IoT,test,11248,Normal,1,0.075587,0.262934,KNOWN
BoT-IoT,test,11249,DoS,1,0.098947,0.262934,KNOWN
BoT-IoT,test,11250,DoS,1,0.045972,0.262934,KNOWN
BoT-IoT,test,11251,DoS,1,0.156055,0.262934,KNOWN
BoT-IoT,test,11252,DoS,1,0.032642,0.262934,KNOWN
BoT-IoT,test,11253,DDoS,1,0.233181,0.262934,KNOWN
BoT-IoT,test,11254,DoS,1,0.017828,0.262934,KNOWN
BoT-IoT,test,11255,DoS,1,0.078312,0.262934,KNOWN
BoT-IoT,test,11256,DoS,1,0.019799,0.262934,KNOWN
BoT-IoT,test,11257,DDoS,1,0.060849,0.262934,KNOWN
BoT-IoT,test,11258,DoS,1,0.201268,0.262934,KNOWN
BoT-IoT,test,11259,DDoS,1,0.121936,0.262934,KNOWN
BoT-IoT,test,11260,DoS,1,0.128159,0.262934,KNOWN
BoT-IoT,test,11261,DoS,1,0.020872,0.262934,KNOWN
BoT-IoT,test,11262,DDoS,1,0.001665,0.262934,KNOWN
BoT-IoT,test,11263,DoS,1,0.013295,0.262934,KNOWN
BoT-IoT,test,11264,DDoS,1,0.08036,0.262934,KNOWN
BoT-IoT,test,11265,DoS,1,0.108027,0.262934,KNOWN
BoT-IoT,test,11266,DDoS,1,0.28639,0.262934,ZERO_DAY
BoT-IoT,test,11267,DoS,1,0.059588,0.262934,KNOWN
BoT-IoT,test,11268,DDoS,1,0.383885,0.262934,ZERO_DAY
BoT-IoT,test,11269,DDoS,1,0.234183,0.262934,KNOWN
BoT-IoT,test,11270,DoS,1,0.097204,0.262934,KNOWN
BoT-IoT,test,11271,DDoS,1,0.172863,0.262934,KNOWN
BoT-IoT,test,11272,DDoS,1,0.469036,0.262934,ZERO_DAY
BoT-IoT,test,11273,DDoS,1,0.31961,0.262934,ZERO_DAY
BoT-IoT,test,11274,DoS,1,0.316208,0.262934,ZERO_DAY
BoT-IoT,test,11275,DoS,1,0.119396,0.262934,KNOWN
BoT-IoT,test,11276,DoS,1,0.106847,0.262934,KNOWN
BoT-IoT,test,11277,DDoS,1,0.013212,0.262934,KNOWN
BoT-IoT,test,11278,DoS,1,0.011915,0.262934,KNOWN
BoT-IoT,test,11279,DoS,1,0.038557,0.262934,KNOWN
BoT-IoT,test,11280,DDoS,1,0.179514,0.262934,KNOWN
BoT-IoT,test,11281,DoS,1,0.162846,0.262934,KNOWN
BoT-IoT,test,11282,DDoS,1,0.001179,0.262934,KNOWN
BoT-IoT,test,11283,DoS,1,0.020484,0.262934,KNOWN
BoT-IoT,test,11284,DDoS,1,0.048687,0.262934,KNOWN
BoT-IoT,test,11285,DoS,1,0.029727,0.262934,KNOWN
BoT-IoT,test,11286,DDoS,1,0.009353,0.262934,KNOWN
BoT-IoT,test,11287,Normal,1,0.052672,0.262934,KNOWN
BoT-IoT,test,11288,DoS,1,0.029126,0.262934,KNOWN
BoT-IoT,test,11289,DDoS,1,0.043616,0.262934,KNOWN
BoT-IoT,test,11290,DDoS,1,0.084019,0.262934,KNOWN
BoT-IoT,test,11291,DoS,1,0.039042,0.262934,KNOWN
BoT-IoT,test,11292,Normal,1,0.005649,0.262934,KNOWN
BoT-IoT,test,11293,Normal,1,0.037004,0.262934,KNOWN
BoT-IoT,test,11294,DDoS,1,0.010625,0.262934,KNOWN
BoT-IoT,test,11295,DoS,1,0.091984,0.262934,KNOWN
BoT-IoT,test,11296,DoS,1,0.074801,0.262934,KNOWN
BoT-IoT,test,11297,DDoS,1,0.182206,0.262934,KNOWN
BoT-IoT,test,11298,DDoS,1,0.030289,0.262934,KNOWN
BoT-IoT,test,11299,DDoS,1,0.005914,0.262934,KNOWN
BoT-IoT,test,11300,DoS,1,0.178525,0.262934,KNOWN
BoT-IoT,test,11301,DoS,1,0.061493,0.262934,KNOWN
BoT-IoT,test,11302,DoS,1,0.096472,0.262934,KNOWN
BoT-IoT,test,11303,DDoS,1,0.304532,0.262934,ZERO_DAY
BoT-IoT,test,11304,DoS,1,0.094709,0.262934,KNOWN
BoT-IoT,test,11305,DDoS,1,0.09053,0.262934,KNOWN
BoT-IoT,test,11306,DDoS,1,0.088005,0.262934,KNOWN
BoT-IoT,test,11307,Reconnaissance,1,0.021799,0.262934,KNOWN
BoT-IoT,test,11308,DoS,1,0.001897,0.262934,KNOWN
BoT-IoT,test,11309,DDoS,1,0.034983,0.262934,KNOWN
BoT-IoT,test,11310,DoS,1,0.328877,0.262934,ZERO_DAY
BoT-IoT,test,11311,DoS,1,0.366174,0.262934,ZERO_DAY
BoT-IoT,test,11312,DDoS,1,0.151559,0.262934,KNOWN
BoT-IoT,test,11313,DoS,1,0.00899,0.262934,KNOWN
BoT-IoT,test,11314,DDoS,1,0.201955,0.262934,KNOWN
BoT-IoT,test,11315,Normal,1,0.102667,0.262934,KNOWN
BoT-IoT,test,11316,DDoS,1,0.146116,0.262934,KNOWN
BoT-IoT,test,11317,DoS,1,0.238031,0.262934,KNOWN
BoT-IoT,test,11318,DDoS,1,0.233626,0.262934,KNOWN
BoT-IoT,test,11319,DoS,1,0.063573,0.262934,KNOWN
BoT-IoT,test,11320,Normal,1,0.172151,0.262934,KNOWN
BoT-IoT,test,11321,DDoS,1,0.048609,0.262934,KNOWN
BoT-IoT,test,11322,DDoS,1,0.06546,0.262934,KNOWN
BoT-IoT,test,11323,DoS,1,0.012936,0.262934,KNOWN
BoT-IoT,test,11324,DoS,1,0.131095,0.262934,KNOWN
BoT-IoT,test,11325,DDoS,1,0.132502,0.262934,KNOWN
BoT-IoT,test,11326,DoS,1,0.057272,0.262934,KNOWN
BoT-IoT,test,11327,DDoS,1,0.01514,0.262934,KNOWN
BoT-IoT,test,11328,DoS,1,0.006817,0.262934,KNOWN
BoT-IoT,test,11329,DDoS,1,0.109894,0.262934,KNOWN
BoT-IoT,test,11330,DoS,1,0.207839,0.262934,KNOWN
BoT-IoT,test,11331,DoS,1,0.184337,0.262934,KNOWN
BoT-IoT,test,11332,DoS,1,0.110957,0.262934,KNOWN
BoT-IoT,test,11333,DDoS,1,0.151724,0.262934,KNOWN
BoT-IoT,test,11334,DDoS,1,0.049131,0.262934,KNOWN
BoT-IoT,test,11335,DDoS,1,0.069178,0.262934,KNOWN
BoT-IoT,test,11336,DDoS,1,0.153451,0.262934,KNOWN
BoT-IoT,test,11337,DDoS,1,0.004589,0.262934,KNOWN
BoT-IoT,test,11338,DoS,1,0.130171,0.262934,KNOWN
BoT-IoT,test,11339,DoS,1,0.135209,0.262934,KNOWN
BoT-IoT,test,11340,DoS,1,0.021608,0.262934,KNOWN
BoT-IoT,test,11341,DoS,1,0.159506,0.262934,KNOWN
BoT-IoT,test,11342,DDoS,1,0.047647,0.262934,KNOWN
BoT-IoT,test,11343,DDoS,1,0.096374,0.262934,KNOWN
BoT-IoT,test,11344,DoS,1,0.182347,0.262934,KNOWN
BoT-IoT,test,11345,DoS,1,0.022856,0.262934,KNOWN
BoT-IoT,test,11346,DDoS,1,0.02331,0.262934,KNOWN
BoT-IoT,test,11347,DoS,1,0.023599,0.262934,KNOWN
BoT-IoT,test,11348,DDoS,1,0.133428,0.262934,KNOWN
BoT-IoT,test,11349,DoS,1,0.0414,0.262934,KNOWN
BoT-IoT,test,11350,DDoS,1,0.117054,0.262934,KNOWN
BoT-IoT,test,11351,DoS,1,0.20366,0.262934,KNOWN
BoT-IoT,test,11352,DDoS,1,0.015833,0.262934,KNOWN
BoT-IoT,test,11353,DDoS,1,0.099087,0.262934,KNOWN
BoT-IoT,test,11354,DDoS,1,0.073241,0.262934,KNOWN
BoT-IoT,test,11355,DDoS,1,0.051859,0.262934,KNOWN
BoT-IoT,test,11356,DDoS,1,0.081451,0.262934,KNOWN
BoT-IoT,test,11357,DoS,1,0.041051,0.262934,KNOWN
BoT-IoT,test,11358,Normal,1,0.006686,0.262934,KNOWN
BoT-IoT,test,11359,DoS,1,0.269704,0.262934,ZERO_DAY
BoT-IoT,test,11360,DoS,1,0.114423,0.262934,KNOWN
BoT-IoT,test,11361,DoS,1,0.213131,0.262934,KNOWN
BoT-IoT,test,11362,DoS,1,0.035654,0.262934,KNOWN
BoT-IoT,test,11363,DoS,1,0.135092,0.262934,KNOWN
BoT-IoT,test,11364,DDoS,1,0.040888,0.262934,KNOWN
BoT-IoT,test,11365,DoS,1,0.004426,0.262934,KNOWN
BoT-IoT,test,11366,DDoS,1,0.054034,0.262934,KNOWN
BoT-IoT,test,11367,DoS,1,0.070593,0.262934,KNOWN
BoT-IoT,test,11368,Normal,1,0.039246,0.262934,KNOWN
BoT-IoT,test,11369,DDoS,1,0.449655,0.262934,ZERO_DAY
BoT-IoT,test,11370,DoS,1,0.06839,0.262934,KNOWN
BoT-IoT,test,11371,DDoS,1,0.247919,0.262934,KNOWN
BoT-IoT,test,11372,DDoS,1,0.015852,0.262934,KNOWN
BoT-IoT,test,11373,DoS,1,0.015722,0.262934,KNOWN
BoT-IoT,test,11374,DDoS,1,0.142831,0.262934,KNOWN
BoT-IoT,test,11375,DDoS,1,0.021058,0.262934,KNOWN
BoT-IoT,test,11376,DoS,1,0.007245,0.262934,KNOWN
BoT-IoT,test,11377,DoS,1,0.066242,0.262934,KNOWN
BoT-IoT,test,11378,DDoS,1,0.063292,0.262934,KNOWN
BoT-IoT,test,11379,DDoS,1,0.041682,0.262934,KNOWN
BoT-IoT,test,11380,DoS,1,0.096058,0.262934,KNOWN
BoT-IoT,test,11381,DDoS,1,0.048159,0.262934,KNOWN
BoT-IoT,test,11382,DDoS,1,0.084592,0.262934,KNOWN
BoT-IoT,test,11383,DoS,1,0.227771,0.262934,KNOWN
BoT-IoT,test,11384,DoS,1,0.068497,0.262934,KNOWN
BoT-IoT,test,11385,DoS,1,0.084814,0.262934,KNOWN
BoT-IoT,test,11386,DoS,1,0.071755,0.262934,KNOWN
BoT-IoT,test,11387,DoS,1,0.050739,0.262934,KNOWN
BoT-IoT,test,11388,DDoS,1,0.105698,0.262934,KNOWN
BoT-IoT,test,11389,DDoS,1,0.26461,0.262934,ZERO_DAY
BoT-IoT,test,11390,DDoS,1,0.112184,0.262934,KNOWN
BoT-IoT,test,11391,DDoS,1,0.058727,0.262934,KNOWN
BoT-IoT,test,11392,DDoS,1,0.147786,0.262934,KNOWN
BoT-IoT,test,11393,DoS,1,0.089849,0.262934,KNOWN
BoT-IoT,test,11394,DoS,1,0.042402,0.262934,KNOWN
BoT-IoT,test,11395,DDoS,1,0.062833,0.262934,KNOWN
BoT-IoT,test,11396,DoS,1,0.127877,0.262934,KNOWN
BoT-IoT,test,11397,DDoS,1,0.302169,0.262934,ZERO_DAY
BoT-IoT,test,11398,DoS,1,0.02502,0.262934,KNOWN
BoT-IoT,test,11399,DoS,1,0.043069,0.262934,KNOWN
BoT-IoT,test,11400,DoS,1,0.011692,0.262934,KNOWN
BoT-IoT,test,11401,DDoS,1,0.110667,0.262934,KNOWN
BoT-IoT,test,11402,DDoS,1,0.03871,0.262934,KNOWN
BoT-IoT,test,11403,DDoS,1,0.078862,0.262934,KNOWN
BoT-IoT,test,11404,DoS,1,0.052757,0.262934,KNOWN
BoT-IoT,test,11405,DoS,1,0.133147,0.262934,KNOWN
BoT-IoT,test,11406,DDoS,1,0.083769,0.262934,KNOWN
BoT-IoT,test,11407,DDoS,1,0.253494,0.262934,KNOWN
BoT-IoT,test,11408,DoS,1,0.289692,0.262934,ZERO_DAY
BoT-IoT,test,11409,DoS,1,0.139164,0.262934,KNOWN
BoT-IoT,test,11410,DDoS,1,0.043363,0.262934,KNOWN
BoT-IoT,test,11411,DDoS,1,0.200101,0.262934,KNOWN
BoT-IoT,test,11412,DDoS,1,0.055771,0.262934,KNOWN
BoT-IoT,test,11413,DoS,1,0.237465,0.262934,KNOWN
BoT-IoT,test,11414,DDoS,1,0.071064,0.262934,KNOWN
BoT-IoT,test,11415,DDoS,1,0.101071,0.262934,KNOWN
BoT-IoT,test,11416,DoS,1,0.056135,0.262934,KNOWN
BoT-IoT,test,11417,DoS,1,0.056763,0.262934,KNOWN
BoT-IoT,test,11418,DDoS,1,0.162919,0.262934,KNOWN
BoT-IoT,test,11419,DDoS,1,0.071177,0.262934,KNOWN
BoT-IoT,test,11420,DoS,1,0.160417,0.262934,KNOWN
BoT-IoT,test,11421,DoS,1,0.184489,0.262934,KNOWN
BoT-IoT,test,11422,DoS,1,0.041924,0.262934,KNOWN
BoT-IoT,test,11423,DDoS,1,0.092468,0.262934,KNOWN
BoT-IoT,test,11424,DoS,1,0.195675,0.262934,KNOWN
BoT-IoT,test,11425,DoS,1,0.058683,0.262934,KNOWN
BoT-IoT,test,11426,DDoS,1,0.136187,0.262934,KNOWN
BoT-IoT,test,11427,DoS,1,0.077262,0.262934,KNOWN
BoT-IoT,test,11428,DDoS,1,0.056937,0.262934,KNOWN
BoT-IoT,test,11429,DDoS,1,0.363666,0.262934,ZERO_DAY
BoT-IoT,test,11430,DDoS,1,0.167342,0.262934,KNOWN
BoT-IoT,test,11431,DoS,1,0.093125,0.262934,KNOWN
BoT-IoT,test,11432,DDoS,1,0.011916,0.262934,KNOWN
BoT-IoT,test,11433,DoS,1,0.068535,0.262934,KNOWN
BoT-IoT,test,11434,DDoS,1,0.387432,0.262934,ZERO_DAY
BoT-IoT,test,11435,DDoS,1,0.047765,0.262934,KNOWN
BoT-IoT,test,11436,DoS,1,0.088895,0.262934,KNOWN
BoT-IoT,test,11437,DDoS,1,0.015241,0.262934,KNOWN
BoT-IoT,test,11438,DDoS,1,0.161471,0.262934,KNOWN
BoT-IoT,test,11439,DoS,1,0.130295,0.262934,KNOWN
BoT-IoT,test,11440,DoS,1,0.181946,0.262934,KNOWN
BoT-IoT,test,11441,DoS,1,0.297052,0.262934,ZERO_DAY
BoT-IoT,test,11442,DDoS,1,0.050128,0.262934,KNOWN
BoT-IoT,test,11443,DDoS,1,0.299509,0.262934,ZERO_DAY
BoT-IoT,test,11444,DDoS,1,0.202502,0.262934,KNOWN
BoT-IoT,test,11445,DDoS,1,0.33342,0.262934,ZERO_DAY
BoT-IoT,test,11446,DDoS,1,0.085478,0.262934,KNOWN
BoT-IoT,test,11447,DDoS,1,0.059092,0.262934,KNOWN
BoT-IoT,test,11448,DDoS,1,0.104595,0.262934,KNOWN
BoT-IoT,test,11449,DoS,1,0.042491,0.262934,KNOWN
BoT-IoT,test,11450,DDoS,1,0.043712,0.262934,KNOWN
BoT-IoT,test,11451,DDoS,1,0.121671,0.262934,KNOWN
BoT-IoT,test,11452,DoS,1,0.064094,0.262934,KNOWN
BoT-IoT,test,11453,DoS,1,0.153303,0.262934,KNOWN
BoT-IoT,test,11454,DoS,1,0.277641,0.262934,ZERO_DAY
BoT-IoT,test,11455,DoS,1,0.185192,0.262934,KNOWN
BoT-IoT,test,11456,DoS,1,0.016016,0.262934,KNOWN
BoT-IoT,test,11457,DDoS,1,0.397593,0.262934,ZERO_DAY
BoT-IoT,test,11458,DDoS,1,0.086403,0.262934,KNOWN
BoT-IoT,test,11459,DoS,1,0.121615,0.262934,KNOWN
BoT-IoT,test,11460,DoS,1,0.108517,0.262934,KNOWN
BoT-IoT,test,11461,DoS,1,0.187765,0.262934,KNOWN
BoT-IoT,test,11462,DDoS,1,0.290996,0.262934,ZERO_DAY
BoT-IoT,test,11463,DDoS,1,0.104355,0.262934,KNOWN
BoT-IoT,test,11464,DDoS,1,0.075311,0.262934,KNOWN
BoT-IoT,test,11465,DoS,1,0.132434,0.262934,KNOWN
BoT-IoT,test,11466,DDoS,1,0.166534,0.262934,KNOWN
BoT-IoT,test,11467,DoS,1,0.089052,0.262934,KNOWN
BoT-IoT,test,11468,DoS,1,0.024593,0.262934,KNOWN
BoT-IoT,test,11469,DDoS,1,0.012677,0.262934,KNOWN
BoT-IoT,test,11470,DDoS,1,0.032816,0.262934,KNOWN
BoT-IoT,test,11471,DDoS,1,0.119147,0.262934,KNOWN
BoT-IoT,test,11472,DoS,1,0.025926,0.262934,KNOWN
BoT-IoT,test,11473,DDoS,1,0.110793,0.262934,KNOWN
BoT-IoT,test,11474,DDoS,1,0.119122,0.262934,KNOWN
BoT-IoT,test,11475,DDoS,1,0.253572,0.262934,KNOWN
BoT-IoT,test,11476,DDoS,1,0.054172,0.262934,KNOWN
BoT-IoT,test,11477,DoS,1,0.039632,0.262934,KNOWN
BoT-IoT,test,11478,Reconnaissance,1,0.066422,0.262934,KNOWN
BoT-IoT,test,11479,DoS,1,0.210311,0.262934,KNOWN
BoT-IoT,test,11480,Reconnaissance,1,0.276693,0.262934,ZERO_DAY
BoT-IoT,test,11481,DDoS,1,0.028288,0.262934,KNOWN
BoT-IoT,test,11482,DDoS,1,0.015986,0.262934,KNOWN
BoT-IoT,test,11483,DoS,1,0.064767,0.262934,KNOWN
BoT-IoT,test,11484,DDoS,1,0.00013,0.262934,KNOWN
BoT-IoT,test,11485,DDoS,1,0.100593,0.262934,KNOWN
BoT-IoT,test,11486,DoS,1,0.02687,0.262934,KNOWN
BoT-IoT,test,11487,DDoS,1,0.020302,0.262934,KNOWN
BoT-IoT,test,11488,DDoS,1,0.027598,0.262934,KNOWN
BoT-IoT,test,11489,DDoS,1,0.007452,0.262934,KNOWN
BoT-IoT,test,11490,DDoS,1,0.09818,0.262934,KNOWN
BoT-IoT,test,11491,DDoS,1,0.289207,0.262934,ZERO_DAY
BoT-IoT,test,11492,DoS,1,0.085384,0.262934,KNOWN
BoT-IoT,test,11493,DDoS,1,0.150209,0.262934,KNOWN
BoT-IoT,test,11494,Normal,1,0.008379,0.262934,KNOWN
BoT-IoT,test,11495,DoS,1,0.053035,0.262934,KNOWN
BoT-IoT,test,11496,DDoS,1,0.060983,0.262934,KNOWN
BoT-IoT,test,11497,DoS,1,0.140209,0.262934,KNOWN
BoT-IoT,test,11498,DDoS,1,0.053226,0.262934,KNOWN
BoT-IoT,test,11499,DDoS,1,0.064169,0.262934,KNOWN
BoT-IoT,test,11500,Reconnaissance,1,0.078445,0.262934,KNOWN
BoT-IoT,test,11501,DDoS,1,0.021756,0.262934,KNOWN
BoT-IoT,test,11502,DoS,1,0.065875,0.262934,KNOWN
BoT-IoT,test,11503,DDoS,1,0.036047,0.262934,KNOWN
BoT-IoT,test,11504,DoS,1,0.101198,0.262934,KNOWN
BoT-IoT,test,11505,DoS,1,0.13217,0.262934,KNOWN
BoT-IoT,test,11506,DoS,1,0.013625,0.262934,KNOWN
BoT-IoT,test,11507,DoS,1,0.005176,0.262934,KNOWN
BoT-IoT,test,11508,DDoS,1,0.090434,0.262934,KNOWN
BoT-IoT,test,11509,DDoS,1,0.05463,0.262934,KNOWN
BoT-IoT,test,11510,DoS,1,0.019319,0.262934,KNOWN
BoT-IoT,test,11511,Normal,1,0.065378,0.262934,KNOWN
BoT-IoT,test,11512,DoS,1,0.18581,0.262934,KNOWN
BoT-IoT,test,11513,DoS,1,0.150233,0.262934,KNOWN
BoT-IoT,test,11514,DoS,1,0.113185,0.262934,KNOWN
BoT-IoT,test,11515,DoS,1,0.298574,0.262934,ZERO_DAY
BoT-IoT,test,11516,DDoS,1,0.270187,0.262934,ZERO_DAY
BoT-IoT,test,11517,DDoS,1,0.19379,0.262934,KNOWN
BoT-IoT,test,11518,DDoS,1,0.026847,0.262934,KNOWN
BoT-IoT,test,11519,DDoS,1,0.079678,0.262934,KNOWN
BoT-IoT,test,11520,DoS,1,0.119668,0.262934,KNOWN
BoT-IoT,test,11521,DDoS,1,0.019855,0.262934,KNOWN
BoT-IoT,test,11522,DoS,1,0.198013,0.262934,KNOWN
BoT-IoT,test,11523,DDoS,1,0.079062,0.262934,KNOWN
BoT-IoT,test,11524,DDoS,1,0.018515,0.262934,KNOWN
BoT-IoT,test,11525,DDoS,1,0.023551,0.262934,KNOWN
BoT-IoT,test,11526,DoS,1,0.019699,0.262934,KNOWN
BoT-IoT,test,11527,DoS,1,0.064189,0.262934,KNOWN
BoT-IoT,test,11528,DDoS,1,0.15168,0.262934,KNOWN
BoT-IoT,test,11529,DoS,1,0.027858,0.262934,KNOWN
BoT-IoT,test,11530,DoS,1,0.050211,0.262934,KNOWN
BoT-IoT,test,11531,DoS,1,0.090488,0.262934,KNOWN
BoT-IoT,test,11532,DDoS,1,0.005654,0.262934,KNOWN
BoT-IoT,test,11533,DoS,1,0.0382,0.262934,KNOWN
BoT-IoT,test,11534,Normal,1,0.004798,0.262934,KNOWN
BoT-IoT,test,11535,DDoS,1,0.072997,0.262934,KNOWN
BoT-IoT,test,11536,DDoS,1,0.124988,0.262934,KNOWN
BoT-IoT,test,11537,DDoS,1,0.263658,0.262934,ZERO_DAY
BoT-IoT,test,11538,DDoS,1,0.048903,0.262934,KNOWN
BoT-IoT,test,11539,DoS,1,0.097064,0.262934,KNOWN
BoT-IoT,test,11540,DDoS,1,0.083267,0.262934,KNOWN
BoT-IoT,test,11541,DoS,1,0.191212,0.262934,KNOWN
BoT-IoT,test,11542,DDoS,1,0.183465,0.262934,KNOWN
BoT-IoT,test,11543,DoS,1,0.036906,0.262934,KNOWN
BoT-IoT,test,11544,DDoS,1,0.029125,0.262934,KNOWN
BoT-IoT,test,11545,DoS,1,0.070695,0.262934,KNOWN
BoT-IoT,test,11546,DoS,1,0.034559,0.262934,KNOWN
BoT-IoT,test,11547,DDoS,1,0.248752,0.262934,KNOWN
BoT-IoT,test,11548,DDoS,1,0.006637,0.262934,KNOWN
BoT-IoT,test,11549,DDoS,1,0.110114,0.262934,KNOWN
BoT-IoT,test,11550,DoS,1,0.078481,0.262934,KNOWN
BoT-IoT,test,11551,DoS,1,0.136902,0.262934,KNOWN
BoT-IoT,test,11552,DDoS,1,0.044087,0.262934,KNOWN
BoT-IoT,test,11553,DoS,1,0.006784,0.262934,KNOWN
BoT-IoT,test,11554,DDoS,1,0.040822,0.262934,KNOWN
BoT-IoT,test,11555,DDoS,1,0.183341,0.262934,KNOWN
BoT-IoT,test,11556,DDoS,1,0.148748,0.262934,KNOWN
BoT-IoT,test,11557,DoS,1,0.168948,0.262934,KNOWN
BoT-IoT,test,11558,DDoS,1,0.069726,0.262934,KNOWN
BoT-IoT,test,11559,DoS,1,0.019018,0.262934,KNOWN
BoT-IoT,test,11560,DDoS,1,0.130755,0.262934,KNOWN
BoT-IoT,test,11561,DoS,1,0.024151,0.262934,KNOWN
BoT-IoT,test,11562,Reconnaissance,1,0.203859,0.262934,KNOWN
BoT-IoT,test,11563,DDoS,1,0.190364,0.262934,KNOWN
BoT-IoT,test,11564,DDoS,1,0.004628,0.262934,KNOWN
BoT-IoT,test,11565,DoS,1,0.060097,0.262934,KNOWN
BoT-IoT,test,11566,DoS,1,0.015718,0.262934,KNOWN
BoT-IoT,test,11567,DDoS,1,0.057401,0.262934,KNOWN
BoT-IoT,test,11568,DoS,1,0.150663,0.262934,KNOWN
BoT-IoT,test,11569,DoS,1,0.003105,0.262934,KNOWN
BoT-IoT,test,11570,DoS,1,0.018187,0.262934,KNOWN
BoT-IoT,test,11571,DDoS,1,0.029834,0.262934,KNOWN
BoT-IoT,test,11572,DDoS,1,0.177617,0.262934,KNOWN
BoT-IoT,test,11573,Normal,1,0.040695,0.262934,KNOWN
BoT-IoT,test,11574,DoS,1,0.151918,0.262934,KNOWN
BoT-IoT,test,11575,DoS,1,0.038302,0.262934,KNOWN
BoT-IoT,test,11576,DDoS,1,0.097471,0.262934,KNOWN
BoT-IoT,test,11577,DDoS,1,0.048116,0.262934,KNOWN
BoT-IoT,test,11578,DoS,1,0.066534,0.262934,KNOWN
BoT-IoT,test,11579,Normal,1,0.057689,0.262934,KNOWN
BoT-IoT,test,11580,DDoS,1,0.043187,0.262934,KNOWN
BoT-IoT,test,11581,DDoS,1,0.167669,0.262934,KNOWN
BoT-IoT,test,11582,DoS,1,0.029653,0.262934,KNOWN
BoT-IoT,test,11583,DDoS,1,0.119656,0.262934,KNOWN
BoT-IoT,test,11584,DDoS,1,0.195723,0.262934,KNOWN
BoT-IoT,test,11585,DDoS,1,0.423002,0.262934,ZERO_DAY
BoT-IoT,test,11586,DDoS,1,0.098123,0.262934,KNOWN
BoT-IoT,test,11587,DoS,1,0.021633,0.262934,KNOWN
BoT-IoT,test,11588,Reconnaissance,1,0.0834,0.262934,KNOWN
BoT-IoT,test,11589,DoS,1,0.06665,0.262934,KNOWN
BoT-IoT,test,11590,DoS,1,0.082889,0.262934,KNOWN
BoT-IoT,test,11591,DDoS,1,0.057718,0.262934,KNOWN
BoT-IoT,test,11592,DDoS,1,0.066756,0.262934,KNOWN
BoT-IoT,test,11593,DDoS,1,0.271079,0.262934,ZERO_DAY
BoT-IoT,test,11594,DoS,1,0.043739,0.262934,KNOWN
BoT-IoT,test,11595,DoS,1,0.338298,0.262934,ZERO_DAY
BoT-IoT,test,11596,DoS,1,0.064287,0.262934,KNOWN
BoT-IoT,test,11597,DDoS,1,0.063571,0.262934,KNOWN
BoT-IoT,test,11598,DoS,1,0.120427,0.262934,KNOWN
BoT-IoT,test,11599,DoS,1,0.00731,0.262934,KNOWN
BoT-IoT,test,11600,DDoS,1,0.1765,0.262934,KNOWN
BoT-IoT,test,11601,DoS,1,0.069365,0.262934,KNOWN
BoT-IoT,test,11602,DoS,1,0.115463,0.262934,KNOWN
BoT-IoT,test,11603,DoS,1,0.087762,0.262934,KNOWN
BoT-IoT,test,11604,Normal,1,0.105678,0.262934,KNOWN
BoT-IoT,test,11605,Normal,1,0.199629,0.262934,KNOWN
BoT-IoT,test,11606,DoS,1,0.03663,0.262934,KNOWN
BoT-IoT,test,11607,DDoS,1,0.136268,0.262934,KNOWN
BoT-IoT,test,11608,DDoS,1,0.065883,0.262934,KNOWN
BoT-IoT,test,11609,DDoS,1,0.136264,0.262934,KNOWN
BoT-IoT,test,11610,DDoS,1,0.17976,0.262934,KNOWN
BoT-IoT,test,11611,DoS,1,0.122283,0.262934,KNOWN
BoT-IoT,test,11612,DoS,1,0.045026,0.262934,KNOWN
BoT-IoT,test,11613,DDoS,1,0.05032,0.262934,KNOWN
BoT-IoT,test,11614,DDoS,1,0.155864,0.262934,KNOWN
BoT-IoT,test,11615,DoS,1,0.059071,0.262934,KNOWN
BoT-IoT,test,11616,Reconnaissance,1,0.189348,0.262934,KNOWN
BoT-IoT,test,11617,DDoS,1,0.009095,0.262934,KNOWN
BoT-IoT,test,11618,DoS,1,0.169704,0.262934,KNOWN
BoT-IoT,test,11619,DoS,1,0.016991,0.262934,KNOWN
BoT-IoT,test,11620,DDoS,1,0.072308,0.262934,KNOWN
BoT-IoT,test,11621,Normal,1,0.334283,0.262934,ZERO_DAY
BoT-IoT,test,11622,DoS,1,0.148102,0.262934,KNOWN
BoT-IoT,test,11623,DoS,1,0.093975,0.262934,KNOWN
BoT-IoT,test,11624,DDoS,1,0.02798,0.262934,KNOWN
BoT-IoT,test,11625,DDoS,1,0.013429,0.262934,KNOWN
BoT-IoT,test,11626,DDoS,1,0.100154,0.262934,KNOWN
BoT-IoT,test,11627,DDoS,1,0.081315,0.262934,KNOWN
BoT-IoT,test,11628,DDoS,1,0.035659,0.262934,KNOWN
BoT-IoT,test,11629,DoS,1,0.001709,0.262934,KNOWN
BoT-IoT,test,11630,DoS,1,0.099085,0.262934,KNOWN
BoT-IoT,test,11631,DDoS,1,0.120717,0.262934,KNOWN
BoT-IoT,test,11632,DoS,1,0.074772,0.262934,KNOWN
BoT-IoT,test,11633,DDoS,1,0.048445,0.262934,KNOWN
BoT-IoT,test,11634,DoS,1,0.221968,0.262934,KNOWN
BoT-IoT,test,11635,DDoS,1,0.105721,0.262934,KNOWN
BoT-IoT,test,11636,Normal,1,0.127899,0.262934,KNOWN
BoT-IoT,test,11637,DoS,1,0.036934,0.262934,KNOWN
BoT-IoT,test,11638,DDoS,1,0.017114,0.262934,KNOWN
BoT-IoT,test,11639,DoS,1,0.097262,0.262934,KNOWN
BoT-IoT,test,11640,DoS,1,0.089656,0.262934,KNOWN
BoT-IoT,test,11641,DDoS,1,0.126398,0.262934,KNOWN
BoT-IoT,test,11642,DDoS,1,0.109661,0.262934,KNOWN
BoT-IoT,test,11643,DoS,1,0.032069,0.262934,KNOWN
BoT-IoT,test,11644,DDoS,1,0.081615,0.262934,KNOWN
BoT-IoT,test,11645,DDoS,1,0.021346,0.262934,KNOWN
BoT-IoT,test,11646,DDoS,1,0.15927,0.262934,KNOWN
BoT-IoT,test,11647,DoS,1,0.010029,0.262934,KNOWN
BoT-IoT,test,11648,DDoS,1,0.126091,0.262934,KNOWN
BoT-IoT,test,11649,DoS,1,0.012599,0.262934,KNOWN
BoT-IoT,test,11650,Reconnaissance,1,0.081583,0.262934,KNOWN
BoT-IoT,test,11651,DDoS,1,0.084617,0.262934,KNOWN
BoT-IoT,test,11652,DDoS,1,0.040072,0.262934,KNOWN
BoT-IoT,test,11653,DDoS,1,0.092138,0.262934,KNOWN
BoT-IoT,test,11654,DoS,1,0.233383,0.262934,KNOWN
BoT-IoT,test,11655,DoS,1,0.316911,0.262934,ZERO_DAY
BoT-IoT,test,11656,DoS,1,0.145776,0.262934,KNOWN
BoT-IoT,test,11657,DDoS,1,0.213354,0.262934,KNOWN
BoT-IoT,test,11658,DoS,1,0.045365,0.262934,KNOWN
BoT-IoT,test,11659,DDoS,1,0.036083,0.262934,KNOWN
BoT-IoT,test,11660,DoS,1,0.001478,0.262934,KNOWN
BoT-IoT,test,11661,DoS,1,0.247286,0.262934,KNOWN
BoT-IoT,test,11662,DoS,1,0.015426,0.262934,KNOWN
BoT-IoT,test,11663,DoS,1,0.109087,0.262934,KNOWN
BoT-IoT,test,11664,DDoS,1,0.17139,0.262934,KNOWN
BoT-IoT,test,11665,DoS,1,0.203092,0.262934,KNOWN
BoT-IoT,test,11666,DDoS,1,0.056105,0.262934,KNOWN
BoT-IoT,test,11667,DoS,1,0.005087,0.262934,KNOWN
BoT-IoT,test,11668,DDoS,1,0.012632,0.262934,KNOWN
BoT-IoT,test,11669,DDoS,1,0.016356,0.262934,KNOWN
BoT-IoT,test,11670,DDoS,1,0.021581,0.262934,KNOWN
BoT-IoT,test,11671,DoS,1,0.162968,0.262934,KNOWN
BoT-IoT,test,11672,DDoS,1,0.045364,0.262934,KNOWN
BoT-IoT,test,11673,Reconnaissance,1,0.099356,0.262934,KNOWN
BoT-IoT,test,11674,DDoS,1,0.149442,0.262934,KNOWN
BoT-IoT,test,11675,Normal,1,0.236203,0.262934,KNOWN
BoT-IoT,test,11676,DDoS,1,0.26354,0.262934,ZERO_DAY
BoT-IoT,test,11677,DoS,1,0.020067,0.262934,KNOWN
BoT-IoT,test,11678,DoS,1,0.115883,0.262934,KNOWN
BoT-IoT,test,11679,DoS,1,0.022125,0.262934,KNOWN
BoT-IoT,test,11680,DDoS,1,0.038445,0.262934,KNOWN
BoT-IoT,test,11681,DoS,1,0.042667,0.262934,KNOWN
BoT-IoT,test,11682,DoS,1,0.025039,0.262934,KNOWN
BoT-IoT,test,11683,DDoS,1,0.021324,0.262934,KNOWN
BoT-IoT,test,11684,DDoS,1,0.024726,0.262934,KNOWN
BoT-IoT,test,11685,DDoS,1,0.425631,0.262934,ZERO_DAY
BoT-IoT,test,11686,DDoS,1,0.300557,0.262934,ZERO_DAY
BoT-IoT,test,11687,DoS,1,0.127767,0.262934,KNOWN
BoT-IoT,test,11688,DoS,1,0.1195,0.262934,KNOWN
BoT-IoT,test,11689,DoS,1,0.161976,0.262934,KNOWN
BoT-IoT,test,11690,DoS,1,0.037525,0.262934,KNOWN
BoT-IoT,test,11691,DDoS,1,0.06587,0.262934,KNOWN
BoT-IoT,test,11692,DDoS,1,0.123077,0.262934,KNOWN
BoT-IoT,test,11693,DoS,1,0.014018,0.262934,KNOWN
BoT-IoT,test,11694,DDoS,1,0.204206,0.262934,KNOWN
BoT-IoT,test,11695,DDoS,1,0.064301,0.262934,KNOWN
BoT-IoT,test,11696,DoS,1,0.086795,0.262934,KNOWN
BoT-IoT,test,11697,DoS,1,0.008393,0.262934,KNOWN
BoT-IoT,test,11698,DoS,1,0.004137,0.262934,KNOWN
BoT-IoT,test,11699,DoS,1,0.157471,0.262934,KNOWN
BoT-IoT,test,11700,DDoS,1,0.051567,0.262934,KNOWN
BoT-IoT,test,11701,DDoS,1,0.370682,0.262934,ZERO_DAY
BoT-IoT,test,11702,DoS,1,0.153516,0.262934,KNOWN
BoT-IoT,test,11703,DDoS,1,0.012708,0.262934,KNOWN
BoT-IoT,test,11704,Normal,1,0.078201,0.262934,KNOWN
BoT-IoT,test,11705,DDoS,1,0.132958,0.262934,KNOWN
BoT-IoT,test,11706,DDoS,1,0.026189,0.262934,KNOWN
BoT-IoT,test,11707,DoS,1,0.112592,0.262934,KNOWN
BoT-IoT,test,11708,DoS,1,0.391821,0.262934,ZERO_DAY
BoT-IoT,test,11709,DDoS,1,0.072324,0.262934,KNOWN
BoT-IoT,test,11710,DDoS,1,0.073944,0.262934,KNOWN
BoT-IoT,test,11711,DoS,1,0.009186,0.262934,KNOWN
BoT-IoT,test,11712,DDoS,1,0.066482,0.262934,KNOWN
BoT-IoT,test,11713,DDoS,1,0.280295,0.262934,ZERO_DAY
BoT-IoT,test,11714,DoS,1,0.008082,0.262934,KNOWN
BoT-IoT,test,11715,DoS,1,0.004052,0.262934,KNOWN
BoT-IoT,test,11716,DDoS,1,0.127175,0.262934,KNOWN
BoT-IoT,test,11717,DoS,1,0.210005,0.262934,KNOWN
BoT-IoT,test,11718,DDoS,1,0.000671,0.262934,KNOWN
BoT-IoT,test,11719,DoS,1,0.09212,0.262934,KNOWN
BoT-IoT,test,11720,Reconnaissance,1,0.169303,0.262934,KNOWN
BoT-IoT,test,11721,DDoS,1,0.085251,0.262934,KNOWN
BoT-IoT,test,11722,DoS,1,0.061643,0.262934,KNOWN
BoT-IoT,test,11723,DoS,1,0.057556,0.262934,KNOWN
BoT-IoT,test,11724,DDoS,1,0.01014,0.262934,KNOWN
BoT-IoT,test,11725,DoS,1,0.067278,0.262934,KNOWN
BoT-IoT,test,11726,DDoS,1,0.008609,0.262934,KNOWN
BoT-IoT,test,11727,DDoS,1,0.089905,0.262934,KNOWN
BoT-IoT,test,11728,DDoS,1,0.055891,0.262934,KNOWN
BoT-IoT,test,11729,DDoS,1,0.013261,0.262934,KNOWN
BoT-IoT,test,11730,DDoS,1,0.132184,0.262934,KNOWN
BoT-IoT,test,11731,DDoS,1,0.121565,0.262934,KNOWN
BoT-IoT,test,11732,DoS,1,0.087631,0.262934,KNOWN
BoT-IoT,test,11733,DDoS,1,0.252539,0.262934,KNOWN
BoT-IoT,test,11734,DDoS,1,0.312068,0.262934,ZERO_DAY
BoT-IoT,test,11735,DDoS,1,0.152913,0.262934,KNOWN
BoT-IoT,test,11736,DoS,1,0.077679,0.262934,KNOWN
BoT-IoT,test,11737,DDoS,1,0.042729,0.262934,KNOWN
BoT-IoT,test,11738,DDoS,1,0.022948,0.262934,KNOWN
BoT-IoT,test,11739,DoS,1,0.094922,0.262934,KNOWN
BoT-IoT,test,11740,DoS,1,0.026793,0.262934,KNOWN
BoT-IoT,test,11741,DoS,1,0.210383,0.262934,KNOWN
BoT-IoT,test,11742,DDoS,1,0.00143,0.262934,KNOWN
BoT-IoT,test,11743,DDoS,1,0.29382,0.262934,ZERO_DAY
BoT-IoT,test,11744,DDoS,1,0.010811,0.262934,KNOWN
BoT-IoT,test,11745,DoS,1,0.016257,0.262934,KNOWN
BoT-IoT,test,11746,DDoS,1,0.074157,0.262934,KNOWN
BoT-IoT,test,11747,DoS,1,0.017465,0.262934,KNOWN
BoT-IoT,test,11748,DDoS,1,0.115825,0.262934,KNOWN
BoT-IoT,test,11749,DDoS,1,0.019733,0.262934,KNOWN
BoT-IoT,test,11750,DoS,1,0.136047,0.262934,KNOWN
BoT-IoT,test,11751,DDoS,1,0.066977,0.262934,KNOWN
BoT-IoT,test,11752,DDoS,1,0.037647,0.262934,KNOWN
BoT-IoT,test,11753,DoS,1,0.198279,0.262934,KNOWN
BoT-IoT,test,11754,DoS,1,0.060381,0.262934,KNOWN
BoT-IoT,test,11755,DoS,1,0.006534,0.262934,KNOWN
BoT-IoT,test,11756,DDoS,1,0.030445,0.262934,KNOWN
BoT-IoT,test,11757,DDoS,1,0.074285,0.262934,KNOWN
BoT-IoT,test,11758,DoS,1,0.176731,0.262934,KNOWN
BoT-IoT,test,11759,DoS,1,0.117899,0.262934,KNOWN
BoT-IoT,test,11760,DDoS,1,0.012169,0.262934,KNOWN
BoT-IoT,test,11761,DoS,1,0.042277,0.262934,KNOWN
BoT-IoT,test,11762,DoS,1,0.121928,0.262934,KNOWN
BoT-IoT,test,11763,DDoS,1,0.034401,0.262934,KNOWN
BoT-IoT,test,11764,DoS,1,0.158506,0.262934,KNOWN
BoT-IoT,test,11765,DoS,1,0.122211,0.262934,KNOWN
BoT-IoT,test,11766,DDoS,1,0.062097,0.262934,KNOWN
BoT-IoT,test,11767,DDoS,1,0.035515,0.262934,KNOWN
BoT-IoT,test,11768,DDoS,1,0.041368,0.262934,KNOWN
BoT-IoT,test,11769,DDoS,1,0.025381,0.262934,KNOWN
BoT-IoT,test,11770,Normal,1,0.123843,0.262934,KNOWN
BoT-IoT,test,11771,DoS,1,0.166627,0.262934,KNOWN
BoT-IoT,test,11772,DDoS,1,0.096494,0.262934,KNOWN
BoT-IoT,test,11773,DoS,1,0.149736,0.262934,KNOWN
BoT-IoT,test,11774,DDoS,1,0.192649,0.262934,KNOWN
BoT-IoT,test,11775,DDoS,1,0.028889,0.262934,KNOWN
BoT-IoT,test,11776,DDoS,1,0.126511,0.262934,KNOWN
BoT-IoT,test,11777,DDoS,1,0.103134,0.262934,KNOWN
BoT-IoT,test,11778,DoS,1,0.280492,0.262934,ZERO_DAY
BoT-IoT,test,11779,DoS,1,0.159118,0.262934,KNOWN
BoT-IoT,test,11780,DoS,1,0.043922,0.262934,KNOWN
BoT-IoT,test,11781,DDoS,1,0.04029,0.262934,KNOWN
BoT-IoT,test,11782,DoS,1,0.124874,0.262934,KNOWN
BoT-IoT,test,11783,DDoS,1,0.105896,0.262934,KNOWN
BoT-IoT,test,11784,DDoS,1,0.02746,0.262934,KNOWN
BoT-IoT,test,11785,DoS,1,0.093542,0.262934,KNOWN
BoT-IoT,test,11786,DDoS,1,0.035926,0.262934,KNOWN
BoT-IoT,test,11787,DoS,1,0.12097,0.262934,KNOWN
BoT-IoT,test,11788,DDoS,1,0.034356,0.262934,KNOWN
BoT-IoT,test,11789,DoS,1,0.039341,0.262934,KNOWN
BoT-IoT,test,11790,DoS,1,0.100038,0.262934,KNOWN
BoT-IoT,test,11791,DDoS,1,0.111246,0.262934,KNOWN
BoT-IoT,test,11792,DoS,1,0.079379,0.262934,KNOWN
BoT-IoT,test,11793,Normal,1,0.083475,0.262934,KNOWN
BoT-IoT,test,11794,DoS,1,0.025637,0.262934,KNOWN
BoT-IoT,test,11795,DDoS,1,0.03721,0.262934,KNOWN
BoT-IoT,test,11796,DoS,1,0.004732,0.262934,KNOWN
BoT-IoT,test,11797,DDoS,1,0.133492,0.262934,KNOWN
BoT-IoT,test,11798,DoS,1,0.059059,0.262934,KNOWN
BoT-IoT,test,11799,DDoS,1,0.049863,0.262934,KNOWN
BoT-IoT,test,11800,DoS,1,0.327663,0.262934,ZERO_DAY
BoT-IoT,test,11801,DDoS,1,0.113071,0.262934,KNOWN
BoT-IoT,test,11802,DDoS,1,0.231257,0.262934,KNOWN
BoT-IoT,test,11803,DoS,1,0.170835,0.262934,KNOWN
BoT-IoT,test,11804,Normal,1,0.029272,0.262934,KNOWN
BoT-IoT,test,11805,DDoS,1,0.087019,0.262934,KNOWN
BoT-IoT,test,11806,DDoS,1,0.079034,0.262934,KNOWN
BoT-IoT,test,11807,DoS,1,0.042652,0.262934,KNOWN
BoT-IoT,test,11808,DDoS,1,0.046172,0.262934,KNOWN
BoT-IoT,test,11809,DDoS,1,0.104727,0.262934,KNOWN
BoT-IoT,test,11810,DoS,1,0.016276,0.262934,KNOWN
BoT-IoT,test,11811,Reconnaissance,1,0.033701,0.262934,KNOWN
BoT-IoT,test,11812,DDoS,1,0.097035,0.262934,KNOWN
BoT-IoT,test,11813,DDoS,1,0.15662,0.262934,KNOWN
BoT-IoT,test,11814,DDoS,1,0.050472,0.262934,KNOWN
BoT-IoT,test,11815,DoS,1,0.323115,0.262934,ZERO_DAY
BoT-IoT,test,11816,DoS,1,0.115159,0.262934,KNOWN
BoT-IoT,test,11817,DDoS,1,0.337194,0.262934,ZERO_DAY
BoT-IoT,test,11818,DDoS,1,0.227243,0.262934,KNOWN
BoT-IoT,test,11819,Normal,1,0.130131,0.262934,KNOWN
BoT-IoT,test,11820,DDoS,1,0.023703,0.262934,KNOWN
BoT-IoT,test,11821,DDoS,1,0.103273,0.262934,KNOWN
BoT-IoT,test,11822,DoS,1,0.116133,0.262934,KNOWN
BoT-IoT,test,11823,Reconnaissance,1,0.352962,0.262934,ZERO_DAY
BoT-IoT,test,11824,DDoS,1,0.074448,0.262934,KNOWN
BoT-IoT,test,11825,DDoS,1,0.094681,0.262934,KNOWN
BoT-IoT,test,11826,DoS,1,0.03493,0.262934,KNOWN
BoT-IoT,test,11827,DDoS,1,0.017552,0.262934,KNOWN
BoT-IoT,test,11828,DDoS,1,0.008347,0.262934,KNOWN
BoT-IoT,test,11829,DDoS,1,0.028446,0.262934,KNOWN
BoT-IoT,test,11830,DoS,1,0.194462,0.262934,KNOWN
BoT-IoT,test,11831,DDoS,1,0.103826,0.262934,KNOWN
BoT-IoT,test,11832,DDoS,1,0.166054,0.262934,KNOWN
BoT-IoT,test,11833,DoS,1,0.108146,0.262934,KNOWN
BoT-IoT,test,11834,DDoS,1,0.038651,0.262934,KNOWN
BoT-IoT,test,11835,DDoS,1,0.206213,0.262934,KNOWN
BoT-IoT,test,11836,DDoS,1,0.064157,0.262934,KNOWN
BoT-IoT,test,11837,DDoS,1,0.052118,0.262934,KNOWN
BoT-IoT,test,11838,DDoS,1,0.003319,0.262934,KNOWN
BoT-IoT,test,11839,DDoS,1,0.008056,0.262934,KNOWN
BoT-IoT,test,11840,DoS,1,0.161826,0.262934,KNOWN
BoT-IoT,test,11841,DDoS,1,0.199004,0.262934,KNOWN
BoT-IoT,test,11842,DDoS,1,0.065921,0.262934,KNOWN
BoT-IoT,test,11843,DoS,1,0.045818,0.262934,KNOWN
BoT-IoT,test,11844,DoS,1,0.260989,0.262934,KNOWN
BoT-IoT,test,11845,DoS,1,0.068886,0.262934,KNOWN
BoT-IoT,test,11846,DoS,1,0.080473,0.262934,KNOWN
BoT-IoT,test,11847,DDoS,1,0.025626,0.262934,KNOWN
BoT-IoT,test,11848,DoS,1,0.120932,0.262934,KNOWN
BoT-IoT,test,11849,DoS,1,0.172059,0.262934,KNOWN
BoT-IoT,test,11850,DoS,1,0.089439,0.262934,KNOWN
BoT-IoT,test,11851,DoS,1,0.264936,0.262934,ZERO_DAY
BoT-IoT,test,11852,Reconnaissance,1,0.040161,0.262934,KNOWN
BoT-IoT,test,11853,DDoS,1,0.148521,0.262934,KNOWN
BoT-IoT,test,11854,DoS,1,0.319109,0.262934,ZERO_DAY
BoT-IoT,test,11855,DDoS,1,0.110159,0.262934,KNOWN
BoT-IoT,test,11856,DDoS,1,0.006698,0.262934,KNOWN
BoT-IoT,test,11857,DDoS,1,0.153165,0.262934,KNOWN
BoT-IoT,test,11858,DoS,1,0.10367,0.262934,KNOWN
BoT-IoT,test,11859,DoS,1,0.051425,0.262934,KNOWN
BoT-IoT,test,11860,Normal,1,0.153718,0.262934,KNOWN
BoT-IoT,test,11861,DDoS,1,0.151342,0.262934,KNOWN
BoT-IoT,test,11862,DoS,1,0.080638,0.262934,KNOWN
BoT-IoT,test,11863,DDoS,1,0.080809,0.262934,KNOWN
BoT-IoT,test,11864,DDoS,1,0.058338,0.262934,KNOWN
BoT-IoT,test,11865,DDoS,1,0.169952,0.262934,KNOWN
BoT-IoT,test,11866,DDoS,1,0.002718,0.262934,KNOWN
BoT-IoT,test,11867,DoS,1,0.189668,0.262934,KNOWN
BoT-IoT,test,11868,DDoS,1,0.048323,0.262934,KNOWN
BoT-IoT,test,11869,DDoS,1,0.205561,0.262934,KNOWN
BoT-IoT,test,11870,Normal,1,0.200828,0.262934,KNOWN
BoT-IoT,test,11871,DDoS,1,0.035195,0.262934,KNOWN
BoT-IoT,test,11872,DoS,1,0.072276,0.262934,KNOWN
BoT-IoT,test,11873,DDoS,1,0.013725,0.262934,KNOWN
BoT-IoT,test,11874,DDoS,1,0.129918,0.262934,KNOWN
BoT-IoT,test,11875,DoS,1,0.005679,0.262934,KNOWN
BoT-IoT,test,11876,Normal,1,0.061874,0.262934,KNOWN
BoT-IoT,test,11877,DoS,1,0.051175,0.262934,KNOWN
BoT-IoT,test,11878,DDoS,1,0.178024,0.262934,KNOWN
BoT-IoT,test,11879,DDoS,1,0.017658,0.262934,KNOWN
BoT-IoT,test,11880,DDoS,1,0.046998,0.262934,KNOWN
BoT-IoT,test,11881,Normal,1,0.110102,0.262934,KNOWN
BoT-IoT,test,11882,DDoS,1,0.042289,0.262934,KNOWN
BoT-IoT,test,11883,DoS,1,0.016839,0.262934,KNOWN
BoT-IoT,test,11884,DDoS,1,0.322902,0.262934,ZERO_DAY
BoT-IoT,test,11885,DDoS,1,0.058533,0.262934,KNOWN
BoT-IoT,test,11886,DDoS,1,0.006217,0.262934,KNOWN
BoT-IoT,test,11887,DDoS,1,0.020317,0.262934,KNOWN
BoT-IoT,test,11888,DDoS,1,0.004837,0.262934,KNOWN
BoT-IoT,test,11889,DDoS,1,0.118622,0.262934,KNOWN
BoT-IoT,test,11890,DDoS,1,0.03667,0.262934,KNOWN
BoT-IoT,test,11891,DoS,1,0.107857,0.262934,KNOWN
BoT-IoT,test,11892,Normal,1,0.060011,0.262934,KNOWN
BoT-IoT,test,11893,DDoS,1,0.149992,0.262934,KNOWN
BoT-IoT,test,11894,DDoS,1,0.082095,0.262934,KNOWN
BoT-IoT,test,11895,DDoS,1,0.085511,0.262934,KNOWN
BoT-IoT,test,11896,DDoS,1,0.116681,0.262934,KNOWN
BoT-IoT,test,11897,DDoS,1,0.024367,0.262934,KNOWN
BoT-IoT,test,11898,DDoS,1,0.150274,0.262934,KNOWN
BoT-IoT,test,11899,DoS,1,0.171571,0.262934,KNOWN
BoT-IoT,test,11900,DDoS,1,0.191205,0.262934,KNOWN
BoT-IoT,test,11901,DoS,1,0.039794,0.262934,KNOWN
BoT-IoT,test,11902,DoS,1,0.228813,0.262934,KNOWN
BoT-IoT,test,11903,DDoS,1,0.137715,0.262934,KNOWN
BoT-IoT,test,11904,DoS,1,0.134432,0.262934,KNOWN
BoT-IoT,test,11905,DoS,1,0.033244,0.262934,KNOWN
BoT-IoT,test,11906,DoS,1,0.095603,0.262934,KNOWN
BoT-IoT,test,11907,DDoS,1,0.086148,0.262934,KNOWN
BoT-IoT,test,11908,DDoS,1,0.072391,0.262934,KNOWN
BoT-IoT,test,11909,DDoS,1,0.073993,0.262934,KNOWN
BoT-IoT,test,11910,DDoS,1,0.411823,0.262934,ZERO_DAY
BoT-IoT,test,11911,DoS,1,0.008873,0.262934,KNOWN
BoT-IoT,test,11912,DoS,1,0.040404,0.262934,KNOWN
BoT-IoT,test,11913,DDoS,1,0.028,0.262934,KNOWN
BoT-IoT,test,11914,DDoS,1,0.063598,0.262934,KNOWN
BoT-IoT,test,11915,DDoS,1,0.101604,0.262934,KNOWN
BoT-IoT,test,11916,DoS,1,0.170731,0.262934,KNOWN
BoT-IoT,test,11917,DDoS,1,0.096582,0.262934,KNOWN
BoT-IoT,test,11918,DDoS,1,0.077507,0.262934,KNOWN
BoT-IoT,test,11919,DDoS,1,0.015845,0.262934,KNOWN
BoT-IoT,test,11920,DDoS,1,0.060907,0.262934,KNOWN
BoT-IoT,test,11921,DoS,1,0.033866,0.262934,KNOWN
BoT-IoT,test,11922,DoS,1,0.265722,0.262934,ZERO_DAY
BoT-IoT,test,11923,DDoS,1,0.097495,0.262934,KNOWN
BoT-IoT,test,11924,DDoS,1,0.146687,0.262934,KNOWN
BoT-IoT,test,11925,Normal,1,0.015863,0.262934,KNOWN
BoT-IoT,test,11926,DDoS,1,0.007654,0.262934,KNOWN
BoT-IoT,test,11927,DDoS,1,0.011016,0.262934,KNOWN
BoT-IoT,test,11928,DoS,1,0.210917,0.262934,KNOWN
BoT-IoT,test,11929,DDoS,1,0.02341,0.262934,KNOWN
BoT-IoT,test,11930,DoS,1,0.164012,0.262934,KNOWN
BoT-IoT,test,11931,DDoS,1,0.068085,0.262934,KNOWN
BoT-IoT,test,11932,DoS,1,0.146656,0.262934,KNOWN
BoT-IoT,test,11933,DoS,1,0.209981,0.262934,KNOWN
BoT-IoT,test,11934,DoS,1,0.283397,0.262934,ZERO_DAY
BoT-IoT,test,11935,DDoS,1,0.045148,0.262934,KNOWN
BoT-IoT,test,11936,DDoS,1,0.188998,0.262934,KNOWN
BoT-IoT,test,11937,DDoS,1,0.327327,0.262934,ZERO_DAY
BoT-IoT,test,11938,DDoS,1,0.257088,0.262934,KNOWN
BoT-IoT,test,11939,DDoS,1,0.154506,0.262934,KNOWN
BoT-IoT,test,11940,DoS,1,0.035392,0.262934,KNOWN
BoT-IoT,test,11941,DDoS,1,0.16795,0.262934,KNOWN
BoT-IoT,test,11942,DDoS,1,0.120273,0.262934,KNOWN
BoT-IoT,test,11943,DDoS,1,0.062408,0.262934,KNOWN
BoT-IoT,test,11944,DoS,1,0.17884,0.262934,KNOWN
BoT-IoT,test,11945,DDoS,1,0.099632,0.262934,KNOWN
BoT-IoT,test,11946,DoS,1,0.007804,0.262934,KNOWN
BoT-IoT,test,11947,DoS,1,0.095036,0.262934,KNOWN
BoT-IoT,test,11948,DDoS,1,0.038631,0.262934,KNOWN
BoT-IoT,test,11949,Normal,1,0.019059,0.262934,KNOWN
BoT-IoT,test,11950,DDoS,1,0.213993,0.262934,KNOWN
BoT-IoT,test,11951,DDoS,1,0.179557,0.262934,KNOWN
BoT-IoT,test,11952,DoS,1,0.11148,0.262934,KNOWN
BoT-IoT,test,11953,DDoS,1,0.1192,0.262934,KNOWN
BoT-IoT,test,11954,DDoS,1,0.039622,0.262934,KNOWN
BoT-IoT,test,11955,DDoS,1,0.133079,0.262934,KNOWN
BoT-IoT,test,11956,DoS,1,0.025501,0.262934,KNOWN
BoT-IoT,test,11957,DoS,1,0.069403,0.262934,KNOWN
BoT-IoT,test,11958,DoS,1,0.06506,0.262934,KNOWN
BoT-IoT,test,11959,DDoS,1,0.054527,0.262934,KNOWN
BoT-IoT,test,11960,DDoS,1,0.027429,0.262934,KNOWN
BoT-IoT,test,11961,DDoS,1,0.021731,0.262934,KNOWN
BoT-IoT,test,11962,DDoS,1,0.156959,0.262934,KNOWN
BoT-IoT,test,11963,DDoS,1,0.034095,0.262934,KNOWN
BoT-IoT,test,11964,DDoS,1,0.103302,0.262934,KNOWN
BoT-IoT,test,11965,DoS,1,0.004696,0.262934,KNOWN
BoT-IoT,test,11966,DoS,1,0.038348,0.262934,KNOWN
BoT-IoT,test,11967,DoS,1,0.087354,0.262934,KNOWN
BoT-IoT,test,11968,DoS,1,0.022797,0.262934,KNOWN
BoT-IoT,test,11969,DoS,1,0.018223,0.262934,KNOWN
BoT-IoT,test,11970,DoS,1,0.065195,0.262934,KNOWN
BoT-IoT,test,11971,DDoS,1,0.020349,0.262934,KNOWN
BoT-IoT,test,11972,DoS,1,0.142482,0.262934,KNOWN
BoT-IoT,test,11973,DDoS,1,0.049819,0.262934,KNOWN
BoT-IoT,test,11974,DDoS,1,0.025468,0.262934,KNOWN
BoT-IoT,test,11975,DDoS,1,0.032039,0.262934,KNOWN
BoT-IoT,test,11976,DDoS,1,0.283189,0.262934,ZERO_DAY
BoT-IoT,test,11977,DDoS,1,0.115213,0.262934,KNOWN
BoT-IoT,test,11978,DDoS,1,0.066953,0.262934,KNOWN
BoT-IoT,test,11979,DoS,1,0.021329,0.262934,KNOWN
BoT-IoT,test,11980,Normal,1,0.122087,0.262934,KNOWN
BoT-IoT,test,11981,DoS,1,0.03485,0.262934,KNOWN
BoT-IoT,test,11982,Normal,1,0.03786,0.262934,KNOWN
BoT-IoT,test,11983,DoS,1,0.027438,0.262934,KNOWN
BoT-IoT,test,11984,DoS,1,0.089704,0.262934,KNOWN
BoT-IoT,test,11985,DDoS,1,0.06562,0.262934,KNOWN
BoT-IoT,test,11986,DoS,1,0.01819,0.262934,KNOWN
BoT-IoT,test,11987,DoS,1,0.098468,0.262934,KNOWN
BoT-IoT,test,11988,DoS,1,0.174872,0.262934,KNOWN
BoT-IoT,test,11989,DDoS,1,0.07138,0.262934,KNOWN
BoT-IoT,test,11990,DDoS,1,0.089663,0.262934,KNOWN
BoT-IoT,test,11991,DDoS,1,0.204345,0.262934,KNOWN
BoT-IoT,test,11992,DoS,1,0.154906,0.262934,KNOWN
BoT-IoT,test,11993,DDoS,1,0.120466,0.262934,KNOWN
BoT-IoT,test,11994,DoS,1,0.143192,0.262934,KNOWN
BoT-IoT,test,11995,DDoS,1,0.118445,0.262934,KNOWN
BoT-IoT,test,11996,DoS,1,0.238821,0.262934,KNOWN
BoT-IoT,test,11997,DoS,1,0.057846,0.262934,KNOWN
BoT-IoT,test,11998,DDoS,1,0.003775,0.262934,KNOWN
BoT-IoT,test,11999,DDoS,1,0.011285,0.262934,KNOWN
BoT-IoT,test,12000,DDoS,1,0.278388,0.262934,ZERO_DAY
BoT-IoT,test,12001,DoS,1,0.040505,0.262934,KNOWN
BoT-IoT,test,12002,DDoS,1,0.028036,0.262934,KNOWN
BoT-IoT,test,12003,DoS,1,0.250051,0.262934,KNOWN
BoT-IoT,test,12004,DoS,1,0.141875,0.262934,KNOWN
BoT-IoT,test,12005,DDoS,1,0.010051,0.262934,KNOWN
BoT-IoT,test,12006,DoS,1,0.020237,0.262934,KNOWN
BoT-IoT,test,12007,DoS,1,0.075627,0.262934,KNOWN
BoT-IoT,test,12008,DDoS,1,0.102165,0.262934,KNOWN
BoT-IoT,test,12009,DDoS,1,0.07313,0.262934,KNOWN
BoT-IoT,test,12010,DoS,1,0.042919,0.262934,KNOWN
BoT-IoT,test,12011,DDoS,1,0.044233,0.262934,KNOWN
BoT-IoT,test,12012,DDoS,1,0.078705,0.262934,KNOWN
BoT-IoT,test,12013,DDoS,1,0.240048,0.262934,KNOWN
BoT-IoT,test,12014,DoS,1,0.082411,0.262934,KNOWN
BoT-IoT,test,12015,DDoS,1,0.188233,0.262934,KNOWN
BoT-IoT,test,12016,DDoS,1,0.252994,0.262934,KNOWN
BoT-IoT,test,12017,DDoS,1,0.221533,0.262934,KNOWN
BoT-IoT,test,12018,DoS,1,0.089168,0.262934,KNOWN
BoT-IoT,test,12019,DoS,1,0.126034,0.262934,KNOWN
BoT-IoT,test,12020,DoS,1,0.165612,0.262934,KNOWN
BoT-IoT,test,12021,DoS,1,0.172002,0.262934,KNOWN
BoT-IoT,test,12022,DDoS,1,0.119563,0.262934,KNOWN
BoT-IoT,test,12023,DDoS,1,0.353469,0.262934,ZERO_DAY
BoT-IoT,test,12024,DoS,1,0.148114,0.262934,KNOWN
BoT-IoT,test,12025,DDoS,1,0.386382,0.262934,ZERO_DAY
BoT-IoT,test,12026,DoS,1,0.042605,0.262934,KNOWN
BoT-IoT,test,12027,DoS,1,0.076161,0.262934,KNOWN
BoT-IoT,test,12028,DDoS,1,0.045508,0.262934,KNOWN
BoT-IoT,test,12029,DDoS,1,0.081514,0.262934,KNOWN
BoT-IoT,test,12030,DoS,1,0.02039,0.262934,KNOWN
BoT-IoT,test,12031,DDoS,1,0.195971,0.262934,KNOWN
BoT-IoT,test,12032,DDoS,1,0.039944,0.262934,KNOWN
BoT-IoT,test,12033,DDoS,1,0.056856,0.262934,KNOWN
BoT-IoT,test,12034,DoS,1,0.149195,0.262934,KNOWN
BoT-IoT,test,12035,Normal,1,0.075822,0.262934,KNOWN
BoT-IoT,test,12036,DoS,1,0.030864,0.262934,KNOWN
BoT-IoT,test,12037,DDoS,1,0.064232,0.262934,KNOWN
BoT-IoT,test,12038,DDoS,1,0.150156,0.262934,KNOWN
BoT-IoT,test,12039,DDoS,1,0.178976,0.262934,KNOWN
BoT-IoT,test,12040,DoS,1,0.046631,0.262934,KNOWN
BoT-IoT,test,12041,DDoS,1,0.087289,0.262934,KNOWN
BoT-IoT,test,12042,DDoS,1,0.282197,0.262934,ZERO_DAY
BoT-IoT,test,12043,DoS,1,0.071211,0.262934,KNOWN
BoT-IoT,test,12044,DDoS,1,0.170806,0.262934,KNOWN
BoT-IoT,test,12045,DDoS,1,0.085662,0.262934,KNOWN
BoT-IoT,test,12046,DDoS,1,0.151146,0.262934,KNOWN
BoT-IoT,test,12047,DDoS,1,0.142143,0.262934,KNOWN
BoT-IoT,test,12048,DDoS,1,0.063168,0.262934,KNOWN
BoT-IoT,test,12049,DDoS,1,0.025747,0.262934,KNOWN
BoT-IoT,test,12050,DDoS,1,0.112513,0.262934,KNOWN
BoT-IoT,test,12051,DoS,1,0.081612,0.262934,KNOWN
BoT-IoT,test,12052,Reconnaissance,1,0.172509,0.262934,KNOWN
BoT-IoT,test,12053,Normal,1,0.125662,0.262934,KNOWN
BoT-IoT,test,12054,DoS,1,0.062294,0.262934,KNOWN
BoT-IoT,test,12055,DDoS,1,0.073153,0.262934,KNOWN
BoT-IoT,test,12056,DoS,1,0.10428,0.262934,KNOWN
BoT-IoT,test,12057,DDoS,1,0.215668,0.262934,KNOWN
BoT-IoT,test,12058,DoS,1,0.167576,0.262934,KNOWN
BoT-IoT,test,12059,DDoS,1,0.292382,0.262934,ZERO_DAY
BoT-IoT,test,12060,DDoS,1,0.027172,0.262934,KNOWN
BoT-IoT,test,12061,DoS,1,0.030806,0.262934,KNOWN
BoT-IoT,test,12062,DoS,1,0.017338,0.262934,KNOWN
BoT-IoT,test,12063,DDoS,1,0.029572,0.262934,KNOWN
BoT-IoT,test,12064,DoS,1,0.058986,0.262934,KNOWN
BoT-IoT,test,12065,DDoS,1,0.005744,0.262934,KNOWN
BoT-IoT,test,12066,DDoS,1,0.078617,0.262934,KNOWN
BoT-IoT,test,12067,DDoS,1,0.079615,0.262934,KNOWN
BoT-IoT,test,12068,DoS,1,0.207911,0.262934,KNOWN
BoT-IoT,test,12069,DDoS,1,0.268174,0.262934,ZERO_DAY
BoT-IoT,test,12070,DDoS,1,0.01119,0.262934,KNOWN
BoT-IoT,test,12071,DDoS,1,0.060391,0.262934,KNOWN
BoT-IoT,test,12072,DoS,1,0.009693,0.262934,KNOWN
BoT-IoT,test,12073,DDoS,1,0.022482,0.262934,KNOWN
BoT-IoT,test,12074,DDoS,1,0.063532,0.262934,KNOWN
BoT-IoT,test,12075,DDoS,1,0.186276,0.262934,KNOWN
BoT-IoT,test,12076,DoS,1,0.053931,0.262934,KNOWN
BoT-IoT,test,12077,DoS,1,0.141667,0.262934,KNOWN
BoT-IoT,test,12078,Normal,1,0.030552,0.262934,KNOWN
BoT-IoT,test,12079,DoS,1,0.058835,0.262934,KNOWN
BoT-IoT,test,12080,DDoS,1,0.156021,0.262934,KNOWN
BoT-IoT,test,12081,DoS,1,0.036341,0.262934,KNOWN
BoT-IoT,test,12082,DDoS,1,0.061443,0.262934,KNOWN
BoT-IoT,test,12083,DoS,1,0.079231,0.262934,KNOWN
BoT-IoT,test,12084,DoS,1,0.033863,0.262934,KNOWN
BoT-IoT,test,12085,DoS,1,0.088437,0.262934,KNOWN
BoT-IoT,test,12086,DDoS,1,0.026761,0.262934,KNOWN
BoT-IoT,test,12087,Normal,1,0.06962,0.262934,KNOWN
BoT-IoT,test,12088,DDoS,1,0.176289,0.262934,KNOWN
BoT-IoT,test,12089,DoS,1,0.004686,0.262934,KNOWN
BoT-IoT,test,12090,DoS,1,0.174986,0.262934,KNOWN
BoT-IoT,test,12091,DoS,1,0.180808,0.262934,KNOWN
BoT-IoT,test,12092,DoS,1,0.237732,0.262934,KNOWN
BoT-IoT,test,12093,DoS,1,0.030335,0.262934,KNOWN
BoT-IoT,test,12094,DoS,1,0.305221,0.262934,ZERO_DAY
BoT-IoT,test,12095,DDoS,1,0.021589,0.262934,KNOWN
BoT-IoT,test,12096,DoS,1,0.249189,0.262934,KNOWN
BoT-IoT,test,12097,DoS,1,0.157509,0.262934,KNOWN
BoT-IoT,test,12098,DDoS,1,0.117119,0.262934,KNOWN
BoT-IoT,test,12099,DDoS,1,0.032738,0.262934,KNOWN
BoT-IoT,test,12100,DDoS,1,0.008412,0.262934,KNOWN
BoT-IoT,test,12101,DDoS,1,0.079551,0.262934,KNOWN
BoT-IoT,test,12102,DoS,1,0.093212,0.262934,KNOWN
BoT-IoT,test,12103,DDoS,1,0.08378,0.262934,KNOWN
BoT-IoT,test,12104,DDoS,1,0.15334,0.262934,KNOWN
BoT-IoT,test,12105,DoS,1,0.146632,0.262934,KNOWN
BoT-IoT,test,12106,DDoS,1,0.097618,0.262934,KNOWN
BoT-IoT,test,12107,Reconnaissance,1,0.122087,0.262934,KNOWN
BoT-IoT,test,12108,DDoS,1,0.05012,0.262934,KNOWN
BoT-IoT,test,12109,Reconnaissance,1,0.033296,0.262934,KNOWN
BoT-IoT,test,12110,DDoS,1,0.004085,0.262934,KNOWN
BoT-IoT,test,12111,DoS,1,0.08539,0.262934,KNOWN
BoT-IoT,test,12112,DoS,1,0.023922,0.262934,KNOWN
BoT-IoT,test,12113,DoS,1,0.119194,0.262934,KNOWN
BoT-IoT,test,12114,DoS,1,0.090304,0.262934,KNOWN
BoT-IoT,test,12115,DoS,1,0.174618,0.262934,KNOWN
BoT-IoT,test,12116,DoS,1,0.131985,0.262934,KNOWN
BoT-IoT,test,12117,DDoS,1,0.351594,0.262934,ZERO_DAY
BoT-IoT,test,12118,DoS,1,0.422118,0.262934,ZERO_DAY
BoT-IoT,test,12119,DDoS,1,0.207397,0.262934,KNOWN
BoT-IoT,test,12120,DDoS,1,0.030544,0.262934,KNOWN
BoT-IoT,test,12121,DoS,1,0.069719,0.262934,KNOWN
BoT-IoT,test,12122,DoS,1,0.042901,0.262934,KNOWN
BoT-IoT,test,12123,DoS,1,0.126723,0.262934,KNOWN
BoT-IoT,test,12124,DDoS,1,0.259979,0.262934,KNOWN
BoT-IoT,test,12125,DDoS,1,0.077443,0.262934,KNOWN
BoT-IoT,test,12126,DoS,1,0.066319,0.262934,KNOWN
BoT-IoT,test,12127,DDoS,1,0.0044,0.262934,KNOWN
BoT-IoT,test,12128,DDoS,1,0.084667,0.262934,KNOWN
BoT-IoT,test,12129,DDoS,1,0.062881,0.262934,KNOWN
BoT-IoT,test,12130,DDoS,1,0.158373,0.262934,KNOWN
BoT-IoT,test,12131,DDoS,1,0.305779,0.262934,ZERO_DAY
BoT-IoT,test,12132,DDoS,1,0.022304,0.262934,KNOWN
BoT-IoT,test,12133,DoS,1,0.034839,0.262934,KNOWN
BoT-IoT,test,12134,DoS,1,0.117527,0.262934,KNOWN
BoT-IoT,test,12135,DDoS,1,0.065371,0.262934,KNOWN
BoT-IoT,test,12136,DoS,1,0.084207,0.262934,KNOWN
BoT-IoT,test,12137,DDoS,1,0.100735,0.262934,KNOWN
BoT-IoT,test,12138,DoS,1,0.034936,0.262934,KNOWN
BoT-IoT,test,12139,DDoS,1,0.158626,0.262934,KNOWN
BoT-IoT,test,12140,DoS,1,0.073614,0.262934,KNOWN
BoT-IoT,test,12141,DoS,1,0.109009,0.262934,KNOWN
BoT-IoT,test,12142,DDoS,1,0.003488,0.262934,KNOWN
BoT-IoT,test,12143,DoS,1,0.050118,0.262934,KNOWN
BoT-IoT,test,12144,DoS,1,0.008613,0.262934,KNOWN
BoT-IoT,test,12145,DoS,1,0.008186,0.262934,KNOWN
BoT-IoT,test,12146,DDoS,1,0.295543,0.262934,ZERO_DAY
BoT-IoT,test,12147,Normal,1,0.13936,0.262934,KNOWN
BoT-IoT,test,12148,DDoS,1,0.127461,0.262934,KNOWN
BoT-IoT,test,12149,DoS,1,0.025419,0.262934,KNOWN
BoT-IoT,test,12150,DoS,1,0.042284,0.262934,KNOWN
BoT-IoT,test,12151,DoS,1,0.162874,0.262934,KNOWN
BoT-IoT,test,12152,DoS,1,0.183272,0.262934,KNOWN
BoT-IoT,test,12153,DoS,1,0.041788,0.262934,KNOWN
BoT-IoT,test,12154,DDoS,1,0.293728,0.262934,ZERO_DAY
BoT-IoT,test,12155,DoS,1,0.340133,0.262934,ZERO_DAY
BoT-IoT,test,12156,DDoS,1,0.052289,0.262934,KNOWN
BoT-IoT,test,12157,DoS,1,0.087545,0.262934,KNOWN
BoT-IoT,test,12158,DDoS,1,0.067605,0.262934,KNOWN
BoT-IoT,test,12159,DDoS,1,0.220664,0.262934,KNOWN
BoT-IoT,test,12160,DDoS,1,0.247168,0.262934,KNOWN
BoT-IoT,test,12161,DDoS,1,0.012181,0.262934,KNOWN
BoT-IoT,test,12162,DDoS,1,0.46767,0.262934,ZERO_DAY
BoT-IoT,test,12163,DDoS,1,0.091338,0.262934,KNOWN
BoT-IoT,test,12164,DoS,1,0.172424,0.262934,KNOWN
BoT-IoT,test,12165,DoS,1,0.060504,0.262934,KNOWN
BoT-IoT,test,12166,Normal,1,0.129674,0.262934,KNOWN
BoT-IoT,test,12167,DoS,1,0.06418,0.262934,KNOWN
BoT-IoT,test,12168,DoS,1,0.107893,0.262934,KNOWN
BoT-IoT,test,12169,DDoS,1,0.133789,0.262934,KNOWN
BoT-IoT,test,12170,DoS,1,0.038904,0.262934,KNOWN
BoT-IoT,test,12171,DoS,1,0.154974,0.262934,KNOWN
BoT-IoT,test,12172,DDoS,1,0.057302,0.262934,KNOWN
BoT-IoT,test,12173,DoS,1,0.044321,0.262934,KNOWN
BoT-IoT,test,12174,DDoS,1,0.051747,0.262934,KNOWN
BoT-IoT,test,12175,DDoS,1,0.0786,0.262934,KNOWN
BoT-IoT,test,12176,DDoS,1,0.200187,0.262934,KNOWN
BoT-IoT,test,12177,DDoS,1,0.169521,0.262934,KNOWN
BoT-IoT,test,12178,DDoS,1,0.046967,0.262934,KNOWN
BoT-IoT,test,12179,DDoS,1,0.288227,0.262934,ZERO_DAY
BoT-IoT,test,12180,DoS,1,0.330098,0.262934,ZERO_DAY
BoT-IoT,test,12181,DDoS,1,0.092015,0.262934,KNOWN
BoT-IoT,test,12182,DDoS,1,0.092346,0.262934,KNOWN
BoT-IoT,test,12183,DDoS,1,0.100373,0.262934,KNOWN
BoT-IoT,test,12184,DDoS,1,0.111733,0.262934,KNOWN
BoT-IoT,test,12185,DoS,1,0.174032,0.262934,KNOWN
BoT-IoT,test,12186,DDoS,1,0.124976,0.262934,KNOWN
BoT-IoT,test,12187,DDoS,1,0.019143,0.262934,KNOWN
BoT-IoT,test,12188,DoS,1,0.136972,0.262934,KNOWN
BoT-IoT,test,12189,DDoS,1,0.037889,0.262934,KNOWN
BoT-IoT,test,12190,DDoS,1,0.176621,0.262934,KNOWN
BoT-IoT,test,12191,DoS,1,0.059948,0.262934,KNOWN
BoT-IoT,test,12192,DoS,1,0.147604,0.262934,KNOWN
BoT-IoT,test,12193,DDoS,1,0.38742,0.262934,ZERO_DAY
BoT-IoT,test,12194,DDoS,1,0.010211,0.262934,KNOWN
BoT-IoT,test,12195,DDoS,1,0.196886,0.262934,KNOWN
BoT-IoT,test,12196,DDoS,1,0.067547,0.262934,KNOWN
BoT-IoT,test,12197,DDoS,1,0.014868,0.262934,KNOWN
BoT-IoT,test,12198,DoS,1,0.040564,0.262934,KNOWN
BoT-IoT,test,12199,DoS,1,0.114115,0.262934,KNOWN
BoT-IoT,test,12200,DDoS,1,0.153508,0.262934,KNOWN
BoT-IoT,test,12201,DDoS,1,0.235607,0.262934,KNOWN
BoT-IoT,test,12202,DDoS,1,0.011701,0.262934,KNOWN
BoT-IoT,test,12203,DDoS,1,0.056841,0.262934,KNOWN
BoT-IoT,test,12204,DDoS,1,0.112478,0.262934,KNOWN
BoT-IoT,test,12205,DDoS,1,0.006454,0.262934,KNOWN
BoT-IoT,test,12206,DoS,1,0.029712,0.262934,KNOWN
BoT-IoT,test,12207,DoS,1,0.040071,0.262934,KNOWN
BoT-IoT,test,12208,DDoS,1,0.344684,0.262934,ZERO_DAY
BoT-IoT,test,12209,DDoS,1,0.322703,0.262934,ZERO_DAY
BoT-IoT,test,12210,DDoS,1,0.122205,0.262934,KNOWN
BoT-IoT,test,12211,Normal,1,0.189297,0.262934,KNOWN
BoT-IoT,test,12212,DDoS,1,0.020088,0.262934,KNOWN
BoT-IoT,test,12213,DDoS,1,0.073446,0.262934,KNOWN
BoT-IoT,test,12214,DDoS,1,0.173388,0.262934,KNOWN
BoT-IoT,test,12215,DDoS,1,0.218782,0.262934,KNOWN
BoT-IoT,test,12216,DoS,1,0.224458,0.262934,KNOWN
BoT-IoT,test,12217,DDoS,1,0.041017,0.262934,KNOWN
BoT-IoT,test,12218,DoS,1,0.117578,0.262934,KNOWN
BoT-IoT,test,12219,DDoS,1,0.077468,0.262934,KNOWN
BoT-IoT,test,12220,DoS,1,0.006007,0.262934,KNOWN
BoT-IoT,test,12221,DoS,1,0.069403,0.262934,KNOWN
BoT-IoT,test,12222,DDoS,1,0.232838,0.262934,KNOWN
BoT-IoT,test,12223,DDoS,1,0.005223,0.262934,KNOWN
BoT-IoT,test,12224,DoS,1,0.203394,0.262934,KNOWN
BoT-IoT,test,12225,DoS,1,0.005176,0.262934,KNOWN
BoT-IoT,test,12226,DDoS,1,0.138137,0.262934,KNOWN
BoT-IoT,test,12227,DoS,1,0.099858,0.262934,KNOWN
BoT-IoT,test,12228,Reconnaissance,1,0.005837,0.262934,KNOWN
BoT-IoT,test,12229,DoS,1,0.038489,0.262934,KNOWN
BoT-IoT,test,12230,DoS,1,0.006376,0.262934,KNOWN
BoT-IoT,test,12231,DDoS,1,0.034767,0.262934,KNOWN
BoT-IoT,test,12232,DoS,1,0.042532,0.262934,KNOWN
BoT-IoT,test,12233,DoS,1,0.089694,0.262934,KNOWN
BoT-IoT,test,12234,DoS,1,0.098438,0.262934,KNOWN
BoT-IoT,test,12235,DDoS,1,0.288323,0.262934,ZERO_DAY
BoT-IoT,test,12236,DoS,1,0.130971,0.262934,KNOWN
BoT-IoT,test,12237,DDoS,1,0.010516,0.262934,KNOWN
BoT-IoT,test,12238,DoS,1,0.039161,0.262934,KNOWN
BoT-IoT,test,12239,DDoS,1,0.028751,0.262934,KNOWN
BoT-IoT,test,12240,DDoS,1,0.208303,0.262934,KNOWN
BoT-IoT,test,12241,DDoS,1,0.083916,0.262934,KNOWN
BoT-IoT,test,12242,DoS,1,0.116516,0.262934,KNOWN
BoT-IoT,test,12243,DoS,1,0.061434,0.262934,KNOWN
BoT-IoT,test,12244,DDoS,1,0.08471,0.262934,KNOWN
BoT-IoT,test,12245,DDoS,1,0.177746,0.262934,KNOWN
BoT-IoT,test,12246,DoS,1,0.199371,0.262934,KNOWN
BoT-IoT,test,12247,DDoS,1,0.168472,0.262934,KNOWN
BoT-IoT,test,12248,DDoS,1,0.027281,0.262934,KNOWN
BoT-IoT,test,12249,DoS,1,0.024984,0.262934,KNOWN
BoT-IoT,test,12250,DDoS,1,0.2041,0.262934,KNOWN
BoT-IoT,test,12251,DDoS,1,0.097248,0.262934,KNOWN
BoT-IoT,test,12252,DDoS,1,0.082603,0.262934,KNOWN
BoT-IoT,test,12253,DoS,1,0.03923,0.262934,KNOWN
BoT-IoT,test,12254,DoS,1,0.018904,0.262934,KNOWN
BoT-IoT,test,12255,DDoS,1,0.051691,0.262934,KNOWN
BoT-IoT,test,12256,DDoS,1,0.034638,0.262934,KNOWN
BoT-IoT,test,12257,DoS,1,0.065884,0.262934,KNOWN
BoT-IoT,test,12258,DDoS,1,0.00211,0.262934,KNOWN
BoT-IoT,test,12259,DDoS,1,0.36248,0.262934,ZERO_DAY
BoT-IoT,test,12260,DDoS,1,0.261692,0.262934,KNOWN
BoT-IoT,test,12261,DDoS,1,0.155267,0.262934,KNOWN
BoT-IoT,test,12262,DDoS,1,0.190847,0.262934,KNOWN
BoT-IoT,test,12263,DDoS,1,0.06554,0.262934,KNOWN
BoT-IoT,test,12264,DoS,1,0.034752,0.262934,KNOWN
BoT-IoT,test,12265,DDoS,1,0.009264,0.262934,KNOWN
BoT-IoT,test,12266,DoS,1,0.288599,0.262934,ZERO_DAY
BoT-IoT,test,12267,DoS,1,0.058424,0.262934,KNOWN
BoT-IoT,test,12268,DDoS,1,0.007884,0.262934,KNOWN
BoT-IoT,test,12269,DDoS,1,0.181572,0.262934,KNOWN
BoT-IoT,test,12270,DDoS,1,0.118734,0.262934,KNOWN
BoT-IoT,test,12271,DoS,1,0.097387,0.262934,KNOWN
BoT-IoT,test,12272,DoS,1,0.187792,0.262934,KNOWN
BoT-IoT,test,12273,DoS,1,0.214668,0.262934,KNOWN
BoT-IoT,test,12274,DoS,1,0.012863,0.262934,KNOWN
BoT-IoT,test,12275,DoS,1,0.054362,0.262934,KNOWN
BoT-IoT,test,12276,DDoS,1,0.039087,0.262934,KNOWN
BoT-IoT,test,12277,DDoS,1,0.131547,0.262934,KNOWN
BoT-IoT,test,12278,DoS,1,0.025353,0.262934,KNOWN
BoT-IoT,test,12279,DoS,1,0.089853,0.262934,KNOWN
BoT-IoT,test,12280,DoS,1,0.057935,0.262934,KNOWN
BoT-IoT,test,12281,DoS,1,0.122159,0.262934,KNOWN
BoT-IoT,test,12282,DDoS,1,0.13096,0.262934,KNOWN
BoT-IoT,test,12283,DDoS,1,0.087824,0.262934,KNOWN
BoT-IoT,test,12284,DoS,1,0.016478,0.262934,KNOWN
BoT-IoT,test,12285,DoS,1,0.0312,0.262934,KNOWN
BoT-IoT,test,12286,DoS,1,0.186283,0.262934,KNOWN
BoT-IoT,test,12287,DDoS,1,0.010335,0.262934,KNOWN
BoT-IoT,test,12288,DDoS,1,0.090962,0.262934,KNOWN
BoT-IoT,test,12289,DDoS,1,0.044233,0.262934,KNOWN
BoT-IoT,test,12290,DoS,1,0.002989,0.262934,KNOWN
BoT-IoT,test,12291,DoS,1,0.102768,0.262934,KNOWN
BoT-IoT,test,12292,DoS,1,0.069663,0.262934,KNOWN
BoT-IoT,test,12293,DDoS,1,0.013318,0.262934,KNOWN
BoT-IoT,test,12294,DoS,1,0.064438,0.262934,KNOWN
BoT-IoT,test,12295,DoS,1,0.10064,0.262934,KNOWN
BoT-IoT,test,12296,DDoS,1,0.047775,0.262934,KNOWN
BoT-IoT,test,12297,DDoS,1,0.191918,0.262934,KNOWN
BoT-IoT,test,12298,DDoS,1,0.122771,0.262934,KNOWN
BoT-IoT,test,12299,DoS,1,0.147266,0.262934,KNOWN
BoT-IoT,test,12300,DDoS,1,0.069523,0.262934,KNOWN
BoT-IoT,test,12301,DoS,1,0.075416,0.262934,KNOWN
BoT-IoT,test,12302,DDoS,1,0.10096,0.262934,KNOWN
BoT-IoT,test,12303,DoS,1,0.048541,0.262934,KNOWN
BoT-IoT,test,12304,DDoS,1,0.044272,0.262934,KNOWN
BoT-IoT,test,12305,DDoS,1,0.00976,0.262934,KNOWN
BoT-IoT,test,12306,DoS,1,0.004483,0.262934,KNOWN
BoT-IoT,test,12307,DDoS,1,0.072207,0.262934,KNOWN
BoT-IoT,test,12308,DDoS,1,0.074155,0.262934,KNOWN
BoT-IoT,test,12309,DoS,1,0.186869,0.262934,KNOWN
BoT-IoT,test,12310,Normal,1,0.01059,0.262934,KNOWN
BoT-IoT,test,12311,DoS,1,0.050232,0.262934,KNOWN
BoT-IoT,test,12312,DDoS,1,0.015422,0.262934,KNOWN
BoT-IoT,test,12313,DDoS,1,0.048844,0.262934,KNOWN
BoT-IoT,test,12314,DDoS,1,0.150813,0.262934,KNOWN
BoT-IoT,test,12315,DDoS,1,0.112482,0.262934,KNOWN
BoT-IoT,test,12316,DDoS,1,0.055516,0.262934,KNOWN
BoT-IoT,test,12317,DoS,1,0.053922,0.262934,KNOWN
BoT-IoT,test,12318,DDoS,1,0.041484,0.262934,KNOWN
BoT-IoT,test,12319,DoS,1,0.198193,0.262934,KNOWN
BoT-IoT,test,12320,DoS,1,0.018308,0.262934,KNOWN
BoT-IoT,test,12321,DDoS,1,0.086073,0.262934,KNOWN
BoT-IoT,test,12322,DDoS,1,0.122323,0.262934,KNOWN
BoT-IoT,test,12323,DoS,1,0.154929,0.262934,KNOWN
BoT-IoT,test,12324,DoS,1,0.021064,0.262934,KNOWN
BoT-IoT,test,12325,DoS,1,0.073397,0.262934,KNOWN
BoT-IoT,test,12326,DoS,1,0.082394,0.262934,KNOWN
BoT-IoT,test,12327,DDoS,1,0.143804,0.262934,KNOWN
BoT-IoT,test,12328,DoS,1,0.05653,0.262934,KNOWN
BoT-IoT,test,12329,DoS,1,0.05381,0.262934,KNOWN
BoT-IoT,test,12330,DDoS,1,0.002494,0.262934,KNOWN
BoT-IoT,test,12331,DoS,1,0.361712,0.262934,ZERO_DAY
BoT-IoT,test,12332,DoS,1,0.12571,0.262934,KNOWN
BoT-IoT,test,12333,DDoS,1,0.155063,0.262934,KNOWN
BoT-IoT,test,12334,DDoS,1,0.123042,0.262934,KNOWN
BoT-IoT,test,12335,DoS,1,0.014708,0.262934,KNOWN
BoT-IoT,test,12336,DoS,1,0.002793,0.262934,KNOWN
BoT-IoT,test,12337,Normal,1,0.090307,0.262934,KNOWN
BoT-IoT,test,12338,DDoS,1,0.041708,0.262934,KNOWN
BoT-IoT,test,12339,DDoS,1,0.029786,0.262934,KNOWN
BoT-IoT,test,12340,DDoS,1,0.041408,0.262934,KNOWN
BoT-IoT,test,12341,DDoS,1,0.042035,0.262934,KNOWN
BoT-IoT,test,12342,DoS,1,0.240691,0.262934,KNOWN
BoT-IoT,test,12343,DDoS,1,0.059249,0.262934,KNOWN
BoT-IoT,test,12344,DDoS,1,0.067382,0.262934,KNOWN
BoT-IoT,test,12345,DDoS,1,0.156044,0.262934,KNOWN
BoT-IoT,test,12346,DDoS,1,0.139298,0.262934,KNOWN
BoT-IoT,test,12347,DDoS,1,0.094374,0.262934,KNOWN
BoT-IoT,test,12348,DDoS,1,0.084366,0.262934,KNOWN
BoT-IoT,test,12349,DDoS,1,0.01893,0.262934,KNOWN
BoT-IoT,test,12350,DDoS,1,0.012727,0.262934,KNOWN
BoT-IoT,test,12351,DoS,1,0.105338,0.262934,KNOWN
BoT-IoT,test,12352,DoS,1,0.058546,0.262934,KNOWN
BoT-IoT,test,12353,DDoS,1,0.018638,0.262934,KNOWN
BoT-IoT,test,12354,DDoS,1,0.185142,0.262934,KNOWN
BoT-IoT,test,12355,DDoS,1,0.045895,0.262934,KNOWN
BoT-IoT,test,12356,DDoS,1,0.108392,0.262934,KNOWN
BoT-IoT,test,12357,DoS,1,0.057458,0.262934,KNOWN
BoT-IoT,test,12358,DDoS,1,0.175872,0.262934,KNOWN
BoT-IoT,test,12359,DDoS,1,0.060235,0.262934,KNOWN
BoT-IoT,test,12360,DoS,1,0.012177,0.262934,KNOWN
BoT-IoT,test,12361,DoS,1,0.052456,0.262934,KNOWN
BoT-IoT,test,12362,DoS,1,0.053588,0.262934,KNOWN
BoT-IoT,test,12363,DDoS,1,0.00115,0.262934,KNOWN
BoT-IoT,test,12364,DoS,1,0.130865,0.262934,KNOWN
BoT-IoT,test,12365,Reconnaissance,1,0.079481,0.262934,KNOWN
BoT-IoT,test,12366,DDoS,1,0.174271,0.262934,KNOWN
BoT-IoT,test,12367,DoS,1,0.103828,0.262934,KNOWN
BoT-IoT,test,12368,DoS,1,0.040641,0.262934,KNOWN
BoT-IoT,test,12369,DoS,1,0.007066,0.262934,KNOWN
BoT-IoT,test,12370,DDoS,1,0.020404,0.262934,KNOWN
BoT-IoT,test,12371,DoS,1,0.050552,0.262934,KNOWN
BoT-IoT,test,12372,DDoS,1,0.149831,0.262934,KNOWN
BoT-IoT,test,12373,DDoS,1,0.017727,0.262934,KNOWN
BoT-IoT,test,12374,DDoS,1,0.049681,0.262934,KNOWN
BoT-IoT,test,12375,DoS,1,0.135679,0.262934,KNOWN
BoT-IoT,test,12376,DoS,1,0.209063,0.262934,KNOWN
BoT-IoT,test,12377,DoS,1,0.130462,0.262934,KNOWN
BoT-IoT,test,12378,DDoS,1,0.203847,0.262934,KNOWN
BoT-IoT,test,12379,DDoS,1,0.173611,0.262934,KNOWN
BoT-IoT,test,12380,DoS,1,0.039871,0.262934,KNOWN
BoT-IoT,test,12381,DoS,1,0.027305,0.262934,KNOWN
BoT-IoT,test,12382,DoS,1,0.08584,0.262934,KNOWN
BoT-IoT,test,12383,DoS,1,0.009338,0.262934,KNOWN
BoT-IoT,test,12384,DDoS,1,0.066394,0.262934,KNOWN
BoT-IoT,test,12385,DDoS,1,0.083075,0.262934,KNOWN
BoT-IoT,test,12386,DoS,1,0.054496,0.262934,KNOWN
BoT-IoT,test,12387,DoS,1,0.175139,0.262934,KNOWN
BoT-IoT,test,12388,DDoS,1,0.113061,0.262934,KNOWN
BoT-IoT,test,12389,DoS,1,0.209573,0.262934,KNOWN
BoT-IoT,test,12390,DDoS,1,0.101002,0.262934,KNOWN
BoT-IoT,test,12391,DDoS,1,0.028918,0.262934,KNOWN
BoT-IoT,test,12392,DoS,1,0.120578,0.262934,KNOWN
BoT-IoT,test,12393,DDoS,1,0.050369,0.262934,KNOWN
BoT-IoT,test,12394,Normal,1,0.011448,0.262934,KNOWN
BoT-IoT,test,12395,DDoS,1,0.187205,0.262934,KNOWN
BoT-IoT,test,12396,DDoS,1,0.042628,0.262934,KNOWN
BoT-IoT,test,12397,DoS,1,0.079806,0.262934,KNOWN
BoT-IoT,test,12398,DDoS,1,0.007521,0.262934,KNOWN
BoT-IoT,test,12399,DoS,1,0.233179,0.262934,KNOWN
BoT-IoT,test,12400,DoS,1,0.081294,0.262934,KNOWN
BoT-IoT,test,12401,DDoS,1,0.245578,0.262934,KNOWN
BoT-IoT,test,12402,DoS,1,0.03642,0.262934,KNOWN
BoT-IoT,test,12403,DoS,1,0.038105,0.262934,KNOWN
BoT-IoT,test,12404,DDoS,1,0.114193,0.262934,KNOWN
BoT-IoT,test,12405,DoS,1,0.202512,0.262934,KNOWN
BoT-IoT,test,12406,DDoS,1,0.142851,0.262934,KNOWN
BoT-IoT,test,12407,DDoS,1,0.033523,0.262934,KNOWN
BoT-IoT,test,12408,DoS,1,0.139671,0.262934,KNOWN
BoT-IoT,test,12409,DDoS,1,0.1503,0.262934,KNOWN
BoT-IoT,test,12410,DDoS,1,0.066808,0.262934,KNOWN
BoT-IoT,test,12411,DDoS,1,0.10519,0.262934,KNOWN
BoT-IoT,test,12412,DDoS,1,0.192792,0.262934,KNOWN
BoT-IoT,test,12413,DoS,1,0.264336,0.262934,ZERO_DAY
BoT-IoT,test,12414,Reconnaissance,1,0.031989,0.262934,KNOWN
BoT-IoT,test,12415,DoS,1,0.05732,0.262934,KNOWN
BoT-IoT,test,12416,DDoS,1,0.086892,0.262934,KNOWN
BoT-IoT,test,12417,DDoS,1,0.122517,0.262934,KNOWN
BoT-IoT,test,12418,DDoS,1,0.101829,0.262934,KNOWN
BoT-IoT,test,12419,DDoS,1,0.095242,0.262934,KNOWN
BoT-IoT,test,12420,DDoS,1,0.083798,0.262934,KNOWN
BoT-IoT,test,12421,DDoS,1,0.182218,0.262934,KNOWN
BoT-IoT,test,12422,DoS,1,0.083513,0.262934,KNOWN
BoT-IoT,test,12423,DDoS,1,0.040585,0.262934,KNOWN
BoT-IoT,test,12424,DoS,1,0.120973,0.262934,KNOWN
BoT-IoT,test,12425,DoS,1,0.094579,0.262934,KNOWN
BoT-IoT,test,12426,DDoS,1,0.069701,0.262934,KNOWN
BoT-IoT,test,12427,DoS,1,0.071242,0.262934,KNOWN
BoT-IoT,test,12428,DoS,1,0.058776,0.262934,KNOWN
BoT-IoT,test,12429,DoS,1,0.259859,0.262934,KNOWN
BoT-IoT,test,12430,DoS,1,0.083816,0.262934,KNOWN
BoT-IoT,test,12431,DoS,1,0.058144,0.262934,KNOWN
BoT-IoT,test,12432,DDoS,1,0.370078,0.262934,ZERO_DAY
BoT-IoT,test,12433,DDoS,1,0.338835,0.262934,ZERO_DAY
BoT-IoT,test,12434,DoS,1,0.055389,0.262934,KNOWN
BoT-IoT,test,12435,DoS,1,0.102836,0.262934,KNOWN
BoT-IoT,test,12436,DDoS,1,0.153778,0.262934,KNOWN
BoT-IoT,test,12437,DDoS,1,0.058849,0.262934,KNOWN
BoT-IoT,test,12438,DDoS,1,0.276923,0.262934,ZERO_DAY
BoT-IoT,test,12439,DDoS,1,0.25053,0.262934,KNOWN
BoT-IoT,test,12440,DoS,1,0.048184,0.262934,KNOWN
BoT-IoT,test,12441,DDoS,1,0.106935,0.262934,KNOWN
BoT-IoT,test,12442,DDoS,1,0.286496,0.262934,ZERO_DAY
BoT-IoT,test,12443,Reconnaissance,1,0.090809,0.262934,KNOWN
BoT-IoT,test,12444,DDoS,1,0.112665,0.262934,KNOWN
BoT-IoT,test,12445,DDoS,1,0.11431,0.262934,KNOWN
BoT-IoT,test,12446,DoS,1,0.042421,0.262934,KNOWN
BoT-IoT,test,12447,DoS,1,0.170305,0.262934,KNOWN
BoT-IoT,test,12448,DoS,1,0.075664,0.262934,KNOWN
BoT-IoT,test,12449,DDoS,1,0.126965,0.262934,KNOWN
BoT-IoT,test,12450,DoS,1,0.026007,0.262934,KNOWN
BoT-IoT,test,12451,DoS,1,0.294553,0.262934,ZERO_DAY
BoT-IoT,test,12452,DDoS,1,0.122857,0.262934,KNOWN
BoT-IoT,test,12453,DoS,1,0.028894,0.262934,KNOWN
BoT-IoT,test,12454,DoS,1,0.086706,0.262934,KNOWN
BoT-IoT,test,12455,DoS,1,0.219347,0.262934,KNOWN
BoT-IoT,test,12456,DDoS,1,0.400098,0.262934,ZERO_DAY
BoT-IoT,test,12457,DoS,1,0.140682,0.262934,KNOWN
BoT-IoT,test,12458,DDoS,1,0.051966,0.262934,KNOWN
BoT-IoT,test,12459,DoS,1,0.057085,0.262934,KNOWN
BoT-IoT,test,12460,DoS,1,0.199277,0.262934,KNOWN
BoT-IoT,test,12461,DoS,1,0.300055,0.262934,ZERO_DAY
BoT-IoT,test,12462,DDoS,1,0.039078,0.262934,KNOWN
BoT-IoT,test,12463,DDoS,1,0.131448,0.262934,KNOWN
BoT-IoT,test,12464,Reconnaissance,1,0.003508,0.262934,KNOWN
BoT-IoT,test,12465,DDoS,1,0.191067,0.262934,KNOWN
BoT-IoT,test,12466,DoS,1,0.069111,0.262934,KNOWN
BoT-IoT,test,12467,DDoS,1,0.016844,0.262934,KNOWN
BoT-IoT,test,12468,DDoS,1,0.139164,0.262934,KNOWN
BoT-IoT,test,12469,DDoS,1,0.010559,0.262934,KNOWN
BoT-IoT,test,12470,DDoS,1,0.191603,0.262934,KNOWN
BoT-IoT,test,12471,DDoS,1,0.000838,0.262934,KNOWN
BoT-IoT,test,12472,DDoS,1,0.089175,0.262934,KNOWN
BoT-IoT,test,12473,DoS,1,0.07225,0.262934,KNOWN
BoT-IoT,test,12474,DoS,1,0.151817,0.262934,KNOWN
BoT-IoT,test,12475,DoS,1,0.106161,0.262934,KNOWN
BoT-IoT,test,12476,DoS,1,0.08931,0.262934,KNOWN
BoT-IoT,test,12477,DoS,1,0.184821,0.262934,KNOWN
BoT-IoT,test,12478,DoS,1,0.081614,0.262934,KNOWN
BoT-IoT,test,12479,DDoS,1,0.025498,0.262934,KNOWN
BoT-IoT,test,12480,DDoS,1,0.136698,0.262934,KNOWN
BoT-IoT,test,12481,DoS,1,0.018794,0.262934,KNOWN
BoT-IoT,test,12482,DoS,1,0.08936,0.262934,KNOWN
BoT-IoT,test,12483,DDoS,1,0.070775,0.262934,KNOWN
BoT-IoT,test,12484,DDoS,1,0.02499,0.262934,KNOWN
BoT-IoT,test,12485,Normal,1,0.146972,0.262934,KNOWN
BoT-IoT,test,12486,Normal,1,0.028477,0.262934,KNOWN
BoT-IoT,test,12487,DDoS,1,0.108032,0.262934,KNOWN
BoT-IoT,test,12488,DDoS,1,0.023865,0.262934,KNOWN
BoT-IoT,test,12489,DDoS,1,0.415774,0.262934,ZERO_DAY
BoT-IoT,test,12490,Reconnaissance,1,0.005985,0.262934,KNOWN
BoT-IoT,test,12491,DDoS,1,0.222299,0.262934,KNOWN
BoT-IoT,test,12492,DoS,1,0.043893,0.262934,KNOWN
BoT-IoT,test,12493,DoS,1,0.029344,0.262934,KNOWN
BoT-IoT,test,12494,DoS,1,0.093806,0.262934,KNOWN
BoT-IoT,test,12495,DoS,1,0.262061,0.262934,KNOWN
BoT-IoT,test,12496,DDoS,1,0.059722,0.262934,KNOWN
BoT-IoT,test,12497,DoS,1,0.007929,0.262934,KNOWN
BoT-IoT,test,12498,DDoS,1,0.213473,0.262934,KNOWN
BoT-IoT,test,12499,DoS,1,0.315487,0.262934,ZERO_DAY
BoT-IoT,test,12500,Normal,1,0.040366,0.262934,KNOWN
BoT-IoT,test,12501,DDoS,1,0.073612,0.262934,KNOWN
BoT-IoT,test,12502,DoS,1,0.085148,0.262934,KNOWN
BoT-IoT,test,12503,DDoS,1,0.112036,0.262934,KNOWN
BoT-IoT,test,12504,DoS,1,0.045966,0.262934,KNOWN
BoT-IoT,test,12505,DDoS,1,0.091684,0.262934,KNOWN
BoT-IoT,test,12506,DDoS,1,0.240112,0.262934,KNOWN
BoT-IoT,test,12507,DDoS,1,0.060661,0.262934,KNOWN
BoT-IoT,test,12508,DDoS,1,0.22205,0.262934,KNOWN
BoT-IoT,test,12509,DDoS,1,0.049213,0.262934,KNOWN
BoT-IoT,test,12510,DoS,1,0.04151,0.262934,KNOWN
BoT-IoT,test,12511,DDoS,1,0.070153,0.262934,KNOWN
BoT-IoT,test,12512,DDoS,1,0.074262,0.262934,KNOWN
BoT-IoT,test,12513,DDoS,1,0.148924,0.262934,KNOWN
BoT-IoT,test,12514,DDoS,1,0.241219,0.262934,KNOWN
BoT-IoT,test,12515,Normal,1,0.021272,0.262934,KNOWN
BoT-IoT,test,12516,DDoS,1,0.029862,0.262934,KNOWN
BoT-IoT,test,12517,DDoS,1,0.07909,0.262934,KNOWN
BoT-IoT,test,12518,DDoS,1,0.029935,0.262934,KNOWN
BoT-IoT,test,12519,DDoS,1,0.069457,0.262934,KNOWN
BoT-IoT,test,12520,DDoS,1,0.137354,0.262934,KNOWN
BoT-IoT,test,12521,DoS,1,0.113369,0.262934,KNOWN
BoT-IoT,test,12522,DDoS,1,0.075824,0.262934,KNOWN
BoT-IoT,test,12523,DoS,1,0.064056,0.262934,KNOWN
BoT-IoT,test,12524,DDoS,1,0.245159,0.262934,KNOWN
BoT-IoT,test,12525,DDoS,1,0.152176,0.262934,KNOWN
BoT-IoT,test,12526,DDoS,1,0.174106,0.262934,KNOWN
BoT-IoT,test,12527,DDoS,1,0.098829,0.262934,KNOWN
BoT-IoT,test,12528,DoS,1,0.060811,0.262934,KNOWN
BoT-IoT,test,12529,DDoS,1,0.019048,0.262934,KNOWN
BoT-IoT,test,12530,DoS,1,0.349756,0.262934,ZERO_DAY
BoT-IoT,test,12531,DDoS,1,0.003875,0.262934,KNOWN
BoT-IoT,test,12532,DoS,1,0.067158,0.262934,KNOWN
BoT-IoT,test,12533,DDoS,1,0.032304,0.262934,KNOWN
BoT-IoT,test,12534,DoS,1,0.032839,0.262934,KNOWN
BoT-IoT,test,12535,DDoS,1,0.113239,0.262934,KNOWN
BoT-IoT,test,12536,DoS,1,0.109077,0.262934,KNOWN
BoT-IoT,test,12537,DDoS,1,0.06309,0.262934,KNOWN
BoT-IoT,test,12538,DDoS,1,0.269418,0.262934,ZERO_DAY
BoT-IoT,test,12539,DoS,1,0.290426,0.262934,ZERO_DAY
BoT-IoT,test,12540,DDoS,1,0.026168,0.262934,KNOWN
BoT-IoT,test,12541,DoS,1,0.021261,0.262934,KNOWN
BoT-IoT,test,12542,DDoS,1,0.032634,0.262934,KNOWN
BoT-IoT,test,12543,DoS,1,0.058394,0.262934,KNOWN
BoT-IoT,test,12544,DDoS,1,0.017444,0.262934,KNOWN
BoT-IoT,test,12545,DoS,1,0.04573,0.262934,KNOWN
BoT-IoT,test,12546,DoS,1,0.014147,0.262934,KNOWN
BoT-IoT,test,12547,DoS,1,0.062566,0.262934,KNOWN
BoT-IoT,test,12548,DDoS,1,0.108291,0.262934,KNOWN
BoT-IoT,test,12549,DDoS,1,0.020959,0.262934,KNOWN
BoT-IoT,test,12550,DoS,1,0.100261,0.262934,KNOWN
BoT-IoT,test,12551,DoS,1,0.034881,0.262934,KNOWN
BoT-IoT,test,12552,DDoS,1,0.179803,0.262934,KNOWN
BoT-IoT,test,12553,DDoS,1,0.040197,0.262934,KNOWN
BoT-IoT,test,12554,DoS,1,0.01738,0.262934,KNOWN
BoT-IoT,test,12555,DoS,1,0.014296,0.262934,KNOWN
BoT-IoT,test,12556,DoS,1,0.043528,0.262934,KNOWN
BoT-IoT,test,12557,DDoS,1,0.118191,0.262934,KNOWN
BoT-IoT,test,12558,DoS,1,0.172109,0.262934,KNOWN
BoT-IoT,test,12559,DDoS,1,0.274199,0.262934,ZERO_DAY
BoT-IoT,test,12560,DoS,1,0.09505,0.262934,KNOWN
BoT-IoT,test,12561,DDoS,1,0.006886,0.262934,KNOWN
BoT-IoT,test,12562,DDoS,1,0.016286,0.262934,KNOWN
BoT-IoT,test,12563,DDoS,1,0.188336,0.262934,KNOWN
BoT-IoT,test,12564,DoS,1,0.168393,0.262934,KNOWN
BoT-IoT,test,12565,DDoS,1,0.058556,0.262934,KNOWN
BoT-IoT,test,12566,DoS,1,0.006158,0.262934,KNOWN
BoT-IoT,test,12567,DDoS,1,0.078373,0.262934,KNOWN
BoT-IoT,test,12568,DDoS,1,0.039861,0.262934,KNOWN
BoT-IoT,test,12569,DoS,1,0.07893,0.262934,KNOWN
BoT-IoT,test,12570,DDoS,1,0.033055,0.262934,KNOWN
BoT-IoT,test,12571,Normal,1,0.100993,0.262934,KNOWN
BoT-IoT,test,12572,DoS,1,0.014795,0.262934,KNOWN
BoT-IoT,test,12573,DoS,1,0.00342,0.262934,KNOWN
BoT-IoT,test,12574,DoS,1,0.031833,0.262934,KNOWN
BoT-IoT,test,12575,DoS,1,0.102714,0.262934,KNOWN
BoT-IoT,test,12576,DoS,1,0.050368,0.262934,KNOWN
BoT-IoT,test,12577,DoS,1,0.14839,0.262934,KNOWN
BoT-IoT,test,12578,DDoS,1,0.04393,0.262934,KNOWN
BoT-IoT,test,12579,DDoS,1,0.085132,0.262934,KNOWN
BoT-IoT,test,12580,DoS,1,0.056821,0.262934,KNOWN
BoT-IoT,test,12581,DoS,1,0.02271,0.262934,KNOWN
BoT-IoT,test,12582,DoS,1,0.001678,0.262934,KNOWN
BoT-IoT,test,12583,DoS,1,0.056242,0.262934,KNOWN
BoT-IoT,test,12584,DoS,1,0.052716,0.262934,KNOWN
BoT-IoT,test,12585,DoS,1,0.122783,0.262934,KNOWN
BoT-IoT,test,12586,DoS,1,0.004198,0.262934,KNOWN
BoT-IoT,test,12587,DDoS,1,0.012086,0.262934,KNOWN
BoT-IoT,test,12588,DoS,1,0.006141,0.262934,KNOWN
BoT-IoT,test,12589,DoS,1,0.013865,0.262934,KNOWN
BoT-IoT,test,12590,DDoS,1,0.017673,0.262934,KNOWN
BoT-IoT,test,12591,DDoS,1,0.099999,0.262934,KNOWN
BoT-IoT,test,12592,DoS,1,0.008917,0.262934,KNOWN
BoT-IoT,test,12593,DDoS,1,0.209944,0.262934,KNOWN
BoT-IoT,test,12594,DDoS,1,0.097648,0.262934,KNOWN
BoT-IoT,test,12595,DoS,1,0.066035,0.262934,KNOWN
BoT-IoT,test,12596,DoS,1,0.014965,0.262934,KNOWN
BoT-IoT,test,12597,DoS,1,0.036282,0.262934,KNOWN
BoT-IoT,test,12598,Normal,1,0.174877,0.262934,KNOWN
BoT-IoT,test,12599,DoS,1,0.028237,0.262934,KNOWN
BoT-IoT,test,12600,DoS,1,0.119743,0.262934,KNOWN
BoT-IoT,test,12601,DDoS,1,0.063103,0.262934,KNOWN
BoT-IoT,test,12602,DoS,1,0.014303,0.262934,KNOWN
BoT-IoT,test,12603,DoS,1,0.026149,0.262934,KNOWN
BoT-IoT,test,12604,DoS,1,0.042503,0.262934,KNOWN
BoT-IoT,test,12605,DDoS,1,0.087192,0.262934,KNOWN
BoT-IoT,test,12606,DoS,1,0.093808,0.262934,KNOWN
BoT-IoT,test,12607,DDoS,1,0.010517,0.262934,KNOWN
BoT-IoT,test,12608,DDoS,1,0.001773,0.262934,KNOWN
BoT-IoT,test,12609,DDoS,1,0.106968,0.262934,KNOWN
BoT-IoT,test,12610,DDoS,1,0.020404,0.262934,KNOWN
BoT-IoT,test,12611,DoS,1,0.092924,0.262934,KNOWN
BoT-IoT,test,12612,DDoS,1,0.074225,0.262934,KNOWN
BoT-IoT,test,12613,DDoS,1,0.170837,0.262934,KNOWN
BoT-IoT,test,12614,DDoS,1,0.004182,0.262934,KNOWN
BoT-IoT,test,12615,DDoS,1,0.11406,0.262934,KNOWN
BoT-IoT,test,12616,DoS,1,0.040458,0.262934,KNOWN
BoT-IoT,test,12617,DoS,1,0.050214,0.262934,KNOWN
BoT-IoT,test,12618,DDoS,1,0.048198,0.262934,KNOWN
BoT-IoT,test,12619,DDoS,1,0.03179,0.262934,KNOWN
BoT-IoT,test,12620,DDoS,1,0.126924,0.262934,KNOWN
BoT-IoT,test,12621,DDoS,1,0.144889,0.262934,KNOWN
BoT-IoT,test,12622,DoS,1,0.003014,0.262934,KNOWN
BoT-IoT,test,12623,DDoS,1,0.029236,0.262934,KNOWN
BoT-IoT,test,12624,Normal,1,0.118562,0.262934,KNOWN
BoT-IoT,test,12625,DDoS,1,0.079968,0.262934,KNOWN
BoT-IoT,test,12626,DoS,1,0.094082,0.262934,KNOWN
BoT-IoT,test,12627,DoS,1,0.244099,0.262934,KNOWN
BoT-IoT,test,12628,DDoS,1,0.195954,0.262934,KNOWN
BoT-IoT,test,12629,DoS,1,0.245017,0.262934,KNOWN
BoT-IoT,test,12630,DDoS,1,0.040043,0.262934,KNOWN
BoT-IoT,test,12631,DDoS,1,0.05493,0.262934,KNOWN
BoT-IoT,test,12632,DoS,1,0.023724,0.262934,KNOWN
BoT-IoT,test,12633,DoS,1,0.279407,0.262934,ZERO_DAY
BoT-IoT,test,12634,DDoS,1,0.230956,0.262934,KNOWN
BoT-IoT,test,12635,DoS,1,0.387445,0.262934,ZERO_DAY
BoT-IoT,test,12636,DoS,1,0.061724,0.262934,KNOWN
BoT-IoT,test,12637,DDoS,1,0.034182,0.262934,KNOWN
BoT-IoT,test,12638,DDoS,1,0.265138,0.262934,ZERO_DAY
BoT-IoT,test,12639,DDoS,1,0.104338,0.262934,KNOWN
BoT-IoT,test,12640,DoS,1,0.312718,0.262934,ZERO_DAY
BoT-IoT,test,12641,DoS,1,0.060371,0.262934,KNOWN
BoT-IoT,test,12642,DoS,1,0.005005,0.262934,KNOWN
BoT-IoT,test,12643,DoS,1,0.182657,0.262934,KNOWN
BoT-IoT,test,12644,DDoS,1,0.021313,0.262934,KNOWN
BoT-IoT,test,12645,DDoS,1,0.085853,0.262934,KNOWN
BoT-IoT,test,12646,DoS,1,0.089798,0.262934,KNOWN
BoT-IoT,test,12647,DoS,1,0.018202,0.262934,KNOWN
BoT-IoT,test,12648,Reconnaissance,1,0.044458,0.262934,KNOWN
BoT-IoT,test,12649,DDoS,1,0.020883,0.262934,KNOWN
BoT-IoT,test,12650,DDoS,1,0.162801,0.262934,KNOWN
BoT-IoT,test,12651,DDoS,1,0.020093,0.262934,KNOWN
BoT-IoT,test,12652,DDoS,1,0.038347,0.262934,KNOWN
BoT-IoT,test,12653,DDoS,1,0.12867,0.262934,KNOWN
BoT-IoT,test,12654,DDoS,1,0.069208,0.262934,KNOWN
BoT-IoT,test,12655,DDoS,1,0.128391,0.262934,KNOWN
BoT-IoT,test,12656,DDoS,1,0.071228,0.262934,KNOWN
BoT-IoT,test,12657,DoS,1,0.104969,0.262934,KNOWN
BoT-IoT,test,12658,DoS,1,0.001535,0.262934,KNOWN
BoT-IoT,test,12659,DDoS,1,0.049023,0.262934,KNOWN
BoT-IoT,test,12660,DDoS,1,0.101778,0.262934,KNOWN
BoT-IoT,test,12661,DoS,1,0.139087,0.262934,KNOWN
BoT-IoT,test,12662,DoS,1,0.044625,0.262934,KNOWN
BoT-IoT,test,12663,DoS,1,0.070483,0.262934,KNOWN
BoT-IoT,test,12664,DDoS,1,0.001642,0.262934,KNOWN
BoT-IoT,test,12665,DoS,1,0.043765,0.262934,KNOWN
BoT-IoT,test,12666,DDoS,1,0.235654,0.262934,KNOWN
BoT-IoT,test,12667,DDoS,1,0.16182,0.262934,KNOWN
BoT-IoT,test,12668,DoS,1,0.022455,0.262934,KNOWN
BoT-IoT,test,12669,Normal,1,0.196873,0.262934,KNOWN
BoT-IoT,test,12670,DDoS,1,0.006698,0.262934,KNOWN
BoT-IoT,test,12671,DDoS,1,0.063926,0.262934,KNOWN
BoT-IoT,test,12672,DoS,1,0.122179,0.262934,KNOWN
BoT-IoT,test,12673,DDoS,1,0.300072,0.262934,ZERO_DAY
BoT-IoT,test,12674,DDoS,1,0.056266,0.262934,KNOWN
BoT-IoT,test,12675,DDoS,1,0.05476,0.262934,KNOWN
BoT-IoT,test,12676,DDoS,1,0.261891,0.262934,KNOWN
BoT-IoT,test,12677,DDoS,1,0.162732,0.262934,KNOWN
BoT-IoT,test,12678,DDoS,1,0.011562,0.262934,KNOWN
BoT-IoT,test,12679,DoS,1,0.107943,0.262934,KNOWN
BoT-IoT,test,12680,DDoS,1,0.195982,0.262934,KNOWN
BoT-IoT,test,12681,DoS,1,0.059836,0.262934,KNOWN
BoT-IoT,test,12682,DDoS,1,0.096609,0.262934,KNOWN
BoT-IoT,test,12683,DoS,1,0.029607,0.262934,KNOWN
BoT-IoT,test,12684,DDoS,1,0.059807,0.262934,KNOWN
BoT-IoT,test,12685,DoS,1,0.205781,0.262934,KNOWN
BoT-IoT,test,12686,DoS,1,0.054938,0.262934,KNOWN
BoT-IoT,test,12687,DoS,1,0.048961,0.262934,KNOWN
BoT-IoT,test,12688,DDoS,1,0.190106,0.262934,KNOWN
BoT-IoT,test,12689,Normal,1,0.083579,0.262934,KNOWN
BoT-IoT,test,12690,DDoS,1,0.099699,0.262934,KNOWN
BoT-IoT,test,12691,DDoS,1,0.017751,0.262934,KNOWN
BoT-IoT,test,12692,DDoS,1,0.044253,0.262934,KNOWN
BoT-IoT,test,12693,DDoS,1,0.039151,0.262934,KNOWN
BoT-IoT,test,12694,DoS,1,0.184891,0.262934,KNOWN
BoT-IoT,test,12695,DoS,1,0.028838,0.262934,KNOWN
BoT-IoT,test,12696,Normal,1,0.047168,0.262934,KNOWN
BoT-IoT,test,12697,DDoS,1,0.140412,0.262934,KNOWN
BoT-IoT,test,12698,DoS,1,0.040198,0.262934,KNOWN
BoT-IoT,test,12699,DoS,1,0.006436,0.262934,KNOWN
BoT-IoT,test,12700,DoS,1,0.365012,0.262934,ZERO_DAY
BoT-IoT,test,12701,DoS,1,0.090194,0.262934,KNOWN
BoT-IoT,test,12702,DoS,1,0.140816,0.262934,KNOWN
BoT-IoT,test,12703,DoS,1,0.014617,0.262934,KNOWN
BoT-IoT,test,12704,DoS,1,0.015734,0.262934,KNOWN
BoT-IoT,test,12705,DDoS,1,0.094071,0.262934,KNOWN
BoT-IoT,test,12706,DoS,1,0.147079,0.262934,KNOWN
BoT-IoT,test,12707,DDoS,1,0.019609,0.262934,KNOWN
BoT-IoT,test,12708,DDoS,1,0.018288,0.262934,KNOWN
BoT-IoT,test,12709,DDoS,1,0.047133,0.262934,KNOWN
BoT-IoT,test,12710,DoS,1,0.014783,0.262934,KNOWN
BoT-IoT,test,12711,DDoS,1,0.066253,0.262934,KNOWN
BoT-IoT,test,12712,DDoS,1,0.085099,0.262934,KNOWN
BoT-IoT,test,12713,DDoS,1,0.138785,0.262934,KNOWN
BoT-IoT,test,12714,DoS,1,0.437194,0.262934,ZERO_DAY
BoT-IoT,test,12715,DDoS,1,0.17819,0.262934,KNOWN
BoT-IoT,test,12716,DDoS,1,0.0142,0.262934,KNOWN
BoT-IoT,test,12717,DDoS,1,0.225146,0.262934,KNOWN
BoT-IoT,test,12718,DoS,1,0.149197,0.262934,KNOWN
BoT-IoT,test,12719,DDoS,1,0.018985,0.262934,KNOWN
BoT-IoT,test,12720,DoS,1,0.055612,0.262934,KNOWN
BoT-IoT,test,12721,DoS,1,0.28388,0.262934,ZERO_DAY
BoT-IoT,test,12722,DDoS,1,0.142097,0.262934,KNOWN
BoT-IoT,test,12723,DoS,1,0.269632,0.262934,ZERO_DAY
BoT-IoT,test,12724,DoS,1,0.087591,0.262934,KNOWN
BoT-IoT,test,12725,DoS,1,0.056347,0.262934,KNOWN
BoT-IoT,test,12726,Normal,1,0.079158,0.262934,KNOWN
BoT-IoT,test,12727,DoS,1,0.067146,0.262934,KNOWN
BoT-IoT,test,12728,DDoS,1,0.236743,0.262934,KNOWN
BoT-IoT,test,12729,DDoS,1,0.094538,0.262934,KNOWN
BoT-IoT,test,12730,DDoS,1,0.226097,0.262934,KNOWN
BoT-IoT,test,12731,DDoS,1,0.010065,0.262934,KNOWN
BoT-IoT,test,12732,DDoS,1,0.005118,0.262934,KNOWN
BoT-IoT,test,12733,DoS,1,0.120624,0.262934,KNOWN
BoT-IoT,test,12734,DoS,1,0.057423,0.262934,KNOWN
BoT-IoT,test,12735,DDoS,1,0.078566,0.262934,KNOWN
BoT-IoT,test,12736,DDoS,1,0.10533,0.262934,KNOWN
BoT-IoT,test,12737,DDoS,1,0.225421,0.262934,KNOWN
BoT-IoT,test,12738,DDoS,1,0.028516,0.262934,KNOWN
BoT-IoT,test,12739,DoS,1,0.044968,0.262934,KNOWN
BoT-IoT,test,12740,DoS,1,0.034396,0.262934,KNOWN
BoT-IoT,test,12741,DoS,1,0.035191,0.262934,KNOWN
BoT-IoT,test,12742,DoS,1,0.034827,0.262934,KNOWN
BoT-IoT,test,12743,DDoS,1,0.001636,0.262934,KNOWN
BoT-IoT,test,12744,DoS,1,0.010636,0.262934,KNOWN
BoT-IoT,test,12745,DoS,1,0.19269,0.262934,KNOWN
BoT-IoT,test,12746,DDoS,1,0.189341,0.262934,KNOWN
BoT-IoT,test,12747,DDoS,1,0.101732,0.262934,KNOWN
BoT-IoT,test,12748,DDoS,1,0.127913,0.262934,KNOWN
BoT-IoT,test,12749,DoS,1,0.063637,0.262934,KNOWN
BoT-IoT,test,12750,DDoS,1,0.176279,0.262934,KNOWN
BoT-IoT,test,12751,DoS,1,0.01979,0.262934,KNOWN
BoT-IoT,test,12752,DoS,1,0.043143,0.262934,KNOWN
BoT-IoT,test,12753,DDoS,1,0.022589,0.262934,KNOWN
BoT-IoT,test,12754,DDoS,1,0.034159,0.262934,KNOWN
BoT-IoT,test,12755,DoS,1,0.159454,0.262934,KNOWN
BoT-IoT,test,12756,DDoS,1,0.02385,0.262934,KNOWN
BoT-IoT,test,12757,DDoS,1,0.004092,0.262934,KNOWN
BoT-IoT,test,12758,DDoS,1,0.134484,0.262934,KNOWN
BoT-IoT,test,12759,DDoS,1,0.333841,0.262934,ZERO_DAY
BoT-IoT,test,12760,DDoS,1,0.072618,0.262934,KNOWN
BoT-IoT,test,12761,DDoS,1,0.239715,0.262934,KNOWN
BoT-IoT,test,12762,DDoS,1,0.033524,0.262934,KNOWN
BoT-IoT,test,12763,DDoS,1,0.228327,0.262934,KNOWN
BoT-IoT,test,12764,DDoS,1,0.06495,0.262934,KNOWN
BoT-IoT,test,12765,DDoS,1,0.092518,0.262934,KNOWN
BoT-IoT,test,12766,DDoS,1,0.049154,0.262934,KNOWN
BoT-IoT,test,12767,DoS,1,0.12355,0.262934,KNOWN
BoT-IoT,test,12768,DDoS,1,0.063825,0.262934,KNOWN
BoT-IoT,test,12769,DDoS,1,0.115498,0.262934,KNOWN
BoT-IoT,test,12770,DDoS,1,0.0066,0.262934,KNOWN
BoT-IoT,test,12771,DoS,1,0.101336,0.262934,KNOWN
BoT-IoT,test,12772,DoS,1,0.094916,0.262934,KNOWN
BoT-IoT,test,12773,DoS,1,0.103171,0.262934,KNOWN
BoT-IoT,test,12774,DDoS,1,0.063001,0.262934,KNOWN
BoT-IoT,test,12775,DDoS,1,0.068637,0.262934,KNOWN
BoT-IoT,test,12776,DoS,1,0.030167,0.262934,KNOWN
BoT-IoT,test,12777,DDoS,1,0.163435,0.262934,KNOWN
BoT-IoT,test,12778,DoS,1,0.069672,0.262934,KNOWN
BoT-IoT,test,12779,DDoS,1,0.094573,0.262934,KNOWN
BoT-IoT,test,12780,DoS,1,0.016522,0.262934,KNOWN
BoT-IoT,test,12781,DDoS,1,0.247616,0.262934,KNOWN
BoT-IoT,test,12782,DoS,1,0.136398,0.262934,KNOWN
BoT-IoT,test,12783,DoS,1,0.018581,0.262934,KNOWN
BoT-IoT,test,12784,Reconnaissance,1,0.060642,0.262934,KNOWN
BoT-IoT,test,12785,Normal,1,0.12754,0.262934,KNOWN
BoT-IoT,test,12786,DDoS,1,0.138325,0.262934,KNOWN
BoT-IoT,test,12787,DDoS,1,0.036741,0.262934,KNOWN
BoT-IoT,test,12788,DDoS,1,0.085372,0.262934,KNOWN
BoT-IoT,test,12789,DDoS,1,0.156734,0.262934,KNOWN
BoT-IoT,test,12790,DDoS,1,0.066052,0.262934,KNOWN
BoT-IoT,test,12791,DoS,1,0.098174,0.262934,KNOWN
BoT-IoT,test,12792,DDoS,1,0.093942,0.262934,KNOWN
BoT-IoT,test,12793,DoS,1,0.009747,0.262934,KNOWN
BoT-IoT,test,12794,DDoS,1,0.071185,0.262934,KNOWN
BoT-IoT,test,12795,DoS,1,0.257588,0.262934,KNOWN
BoT-IoT,test,12796,DoS,1,0.11416,0.262934,KNOWN
BoT-IoT,test,12797,DDoS,1,0.022874,0.262934,KNOWN
BoT-IoT,test,12798,Normal,1,0.018795,0.262934,KNOWN
BoT-IoT,test,12799,DDoS,1,0.11737,0.262934,KNOWN
BoT-IoT,test,12800,DoS,1,0.049489,0.262934,KNOWN
BoT-IoT,test,12801,DoS,1,0.242821,0.262934,KNOWN
BoT-IoT,test,12802,DoS,1,0.184445,0.262934,KNOWN
BoT-IoT,test,12803,DDoS,1,0.024734,0.262934,KNOWN
BoT-IoT,test,12804,DoS,1,0.247109,0.262934,KNOWN
BoT-IoT,test,12805,DoS,1,0.037337,0.262934,KNOWN
BoT-IoT,test,12806,DoS,1,0.00549,0.262934,KNOWN
BoT-IoT,test,12807,DDoS,1,0.063846,0.262934,KNOWN
BoT-IoT,test,12808,DDoS,1,0.066329,0.262934,KNOWN
BoT-IoT,test,12809,DoS,1,0.072833,0.262934,KNOWN
BoT-IoT,test,12810,Normal,1,0.040383,0.262934,KNOWN
BoT-IoT,test,12811,DoS,1,0.085804,0.262934,KNOWN
BoT-IoT,test,12812,Normal,1,0.050128,0.262934,KNOWN
BoT-IoT,test,12813,DDoS,1,0.009107,0.262934,KNOWN
BoT-IoT,test,12814,DDoS,1,0.020972,0.262934,KNOWN
BoT-IoT,test,12815,DDoS,1,0.0141,0.262934,KNOWN
BoT-IoT,test,12816,DDoS,1,0.05329,0.262934,KNOWN
BoT-IoT,test,12817,DDoS,1,0.03529,0.262934,KNOWN
BoT-IoT,test,12818,DoS,1,0.374525,0.262934,ZERO_DAY
BoT-IoT,test,12819,DoS,1,0.044348,0.262934,KNOWN
BoT-IoT,test,12820,DoS,1,0.23175,0.262934,KNOWN
BoT-IoT,test,12821,DoS,1,0.013893,0.262934,KNOWN
BoT-IoT,test,12822,DDoS,1,0.146924,0.262934,KNOWN
BoT-IoT,test,12823,DDoS,1,0.002608,0.262934,KNOWN
BoT-IoT,test,12824,DoS,1,0.069491,0.262934,KNOWN
BoT-IoT,test,12825,DoS,1,0.042944,0.262934,KNOWN
BoT-IoT,test,12826,DDoS,1,0.160204,0.262934,KNOWN
BoT-IoT,test,12827,DDoS,1,0.08869,0.262934,KNOWN
BoT-IoT,test,12828,DoS,1,0.112297,0.262934,KNOWN
BoT-IoT,test,12829,DoS,1,0.053763,0.262934,KNOWN
BoT-IoT,test,12830,DDoS,1,0.089051,0.262934,KNOWN
BoT-IoT,test,12831,DDoS,1,0.090645,0.262934,KNOWN
BoT-IoT,test,12832,DDoS,1,0.056214,0.262934,KNOWN
BoT-IoT,test,12833,DDoS,1,0.093698,0.262934,KNOWN
BoT-IoT,test,12834,DoS,1,0.035534,0.262934,KNOWN
BoT-IoT,test,12835,DoS,1,0.107065,0.262934,KNOWN
BoT-IoT,test,12836,DDoS,1,0.207658,0.262934,KNOWN
BoT-IoT,test,12837,DDoS,1,0.092995,0.262934,KNOWN
BoT-IoT,test,12838,DoS,1,0.114452,0.262934,KNOWN
BoT-IoT,test,12839,DoS,1,0.004755,0.262934,KNOWN
BoT-IoT,test,12840,DoS,1,0.090362,0.262934,KNOWN
BoT-IoT,test,12841,DoS,1,0.079906,0.262934,KNOWN
BoT-IoT,test,12842,DoS,1,0.032899,0.262934,KNOWN
BoT-IoT,test,12843,DDoS,1,0.013298,0.262934,KNOWN
BoT-IoT,test,12844,DoS,1,0.033814,0.262934,KNOWN
BoT-IoT,test,12845,DDoS,1,0.092182,0.262934,KNOWN
BoT-IoT,test,12846,DoS,1,0.013177,0.262934,KNOWN
BoT-IoT,test,12847,Reconnaissance,1,0.166936,0.262934,KNOWN
BoT-IoT,test,12848,DDoS,1,0.120449,0.262934,KNOWN
BoT-IoT,test,12849,DoS,1,0.188605,0.262934,KNOWN
BoT-IoT,test,12850,DDoS,1,0.148381,0.262934,KNOWN
BoT-IoT,test,12851,DDoS,1,0.109757,0.262934,KNOWN
BoT-IoT,test,12852,DDoS,1,0.157248,0.262934,KNOWN
BoT-IoT,test,12853,DDoS,1,0.035455,0.262934,KNOWN
BoT-IoT,test,12854,DDoS,1,0.036979,0.262934,KNOWN
BoT-IoT,test,12855,DoS,1,0.153499,0.262934,KNOWN
BoT-IoT,test,12856,DDoS,1,0.072352,0.262934,KNOWN
BoT-IoT,test,12857,DDoS,1,0.264591,0.262934,ZERO_DAY
BoT-IoT,test,12858,DDoS,1,0.005218,0.262934,KNOWN
BoT-IoT,test,12859,DoS,1,0.1339,0.262934,KNOWN
BoT-IoT,test,12860,DoS,1,0.252257,0.262934,KNOWN
BoT-IoT,test,12861,DoS,1,0.142281,0.262934,KNOWN
BoT-IoT,test,12862,DoS,1,0.067477,0.262934,KNOWN
BoT-IoT,test,12863,DDoS,1,0.04579,0.262934,KNOWN
BoT-IoT,test,12864,DoS,1,0.135862,0.262934,KNOWN
BoT-IoT,test,12865,DoS,1,0.034209,0.262934,KNOWN
BoT-IoT,test,12866,DoS,1,0.177271,0.262934,KNOWN
BoT-IoT,test,12867,DDoS,1,0.05198,0.262934,KNOWN
BoT-IoT,test,12868,DoS,1,0.439948,0.262934,ZERO_DAY
BoT-IoT,test,12869,DoS,1,0.001872,0.262934,KNOWN
BoT-IoT,test,12870,DoS,1,0.132259,0.262934,KNOWN
BoT-IoT,test,12871,DoS,1,0.028344,0.262934,KNOWN
BoT-IoT,test,12872,DDoS,1,0.102028,0.262934,KNOWN
BoT-IoT,test,12873,DoS,1,0.074085,0.262934,KNOWN
BoT-IoT,test,12874,DDoS,1,0.010263,0.262934,KNOWN
BoT-IoT,test,12875,DDoS,1,0.093983,0.262934,KNOWN
BoT-IoT,test,12876,DDoS,1,0.043849,0.262934,KNOWN
BoT-IoT,test,12877,DDoS,1,0.043642,0.262934,KNOWN
BoT-IoT,test,12878,DoS,1,0.046267,0.262934,KNOWN
BoT-IoT,test,12879,DDoS,1,0.040445,0.262934,KNOWN
BoT-IoT,test,12880,Normal,1,0.193887,0.262934,KNOWN
BoT-IoT,test,12881,Reconnaissance,1,0.102547,0.262934,KNOWN
BoT-IoT,test,12882,DDoS,1,0.049176,0.262934,KNOWN
BoT-IoT,test,12883,DoS,1,0.203763,0.262934,KNOWN
BoT-IoT,test,12884,DDoS,1,0.139855,0.262934,KNOWN
BoT-IoT,test,12885,DoS,1,0.074107,0.262934,KNOWN
BoT-IoT,test,12886,DoS,1,0.023877,0.262934,KNOWN
BoT-IoT,test,12887,DoS,1,0.068245,0.262934,KNOWN
BoT-IoT,test,12888,DoS,1,0.006767,0.262934,KNOWN
BoT-IoT,test,12889,DoS,1,0.389681,0.262934,ZERO_DAY
BoT-IoT,test,12890,DoS,1,0.016691,0.262934,KNOWN
BoT-IoT,test,12891,DoS,1,0.100576,0.262934,KNOWN
BoT-IoT,test,12892,DDoS,1,0.109358,0.262934,KNOWN
BoT-IoT,test,12893,DoS,1,0.360347,0.262934,ZERO_DAY
BoT-IoT,test,12894,DDoS,1,0.061773,0.262934,KNOWN
BoT-IoT,test,12895,DoS,1,0.136103,0.262934,KNOWN
BoT-IoT,test,12896,DDoS,1,0.020849,0.262934,KNOWN
BoT-IoT,test,12897,DDoS,1,0.12192,0.262934,KNOWN
BoT-IoT,test,12898,DDoS,1,0.056576,0.262934,KNOWN
BoT-IoT,test,12899,DDoS,1,0.190147,0.262934,KNOWN
BoT-IoT,test,12900,DDoS,1,0.090864,0.262934,KNOWN
BoT-IoT,test,12901,DDoS,1,0.014085,0.262934,KNOWN
BoT-IoT,test,12902,DoS,1,0.138768,0.262934,KNOWN
BoT-IoT,test,12903,DDoS,1,0.02759,0.262934,KNOWN
BoT-IoT,test,12904,DoS,1,0.17815,0.262934,KNOWN
BoT-IoT,test,12905,DoS,1,0.250574,0.262934,KNOWN
BoT-IoT,test,12906,DDoS,1,0.010266,0.262934,KNOWN
BoT-IoT,test,12907,DoS,1,0.090065,0.262934,KNOWN
BoT-IoT,test,12908,DoS,1,0.116689,0.262934,KNOWN
BoT-IoT,test,12909,DoS,1,0.005206,0.262934,KNOWN
BoT-IoT,test,12910,DoS,1,0.076486,0.262934,KNOWN
BoT-IoT,test,12911,DDoS,1,0.19277,0.262934,KNOWN
BoT-IoT,test,12912,DDoS,1,0.106781,0.262934,KNOWN
BoT-IoT,test,12913,DDoS,1,0.09311,0.262934,KNOWN
BoT-IoT,test,12914,DoS,1,0.07554,0.262934,KNOWN
BoT-IoT,test,12915,DoS,1,0.137909,0.262934,KNOWN
BoT-IoT,test,12916,DoS,1,0.099543,0.262934,KNOWN
BoT-IoT,test,12917,DDoS,1,0.14845,0.262934,KNOWN
BoT-IoT,test,12918,Normal,1,0.134492,0.262934,KNOWN
BoT-IoT,test,12919,DDoS,1,0.011695,0.262934,KNOWN
BoT-IoT,test,12920,DDoS,1,0.04954,0.262934,KNOWN
BoT-IoT,test,12921,DoS,1,0.181717,0.262934,KNOWN
BoT-IoT,test,12922,DoS,1,0.0983,0.262934,KNOWN
BoT-IoT,test,12923,DDoS,1,0.13087,0.262934,KNOWN
BoT-IoT,test,12924,DDoS,1,0.000296,0.262934,KNOWN
BoT-IoT,test,12925,DDoS,1,0.028871,0.262934,KNOWN
BoT-IoT,test,12926,DoS,1,0.031825,0.262934,KNOWN
BoT-IoT,test,12927,DoS,1,0.047001,0.262934,KNOWN
BoT-IoT,test,12928,DoS,1,0.078666,0.262934,KNOWN
BoT-IoT,test,12929,DDoS,1,0.240429,0.262934,KNOWN
BoT-IoT,test,12930,DoS,1,0.017711,0.262934,KNOWN
BoT-IoT,test,12931,DoS,1,0.031335,0.262934,KNOWN
BoT-IoT,test,12932,DoS,1,0.038509,0.262934,KNOWN
BoT-IoT,test,12933,DDoS,1,0.145236,0.262934,KNOWN
BoT-IoT,test,12934,DoS,1,0.086337,0.262934,KNOWN
BoT-IoT,test,12935,DDoS,1,0.203531,0.262934,KNOWN
BoT-IoT,test,12936,DDoS,1,0.002344,0.262934,KNOWN
BoT-IoT,test,12937,DDoS,1,0.178967,0.262934,KNOWN
BoT-IoT,test,12938,DoS,1,0.118749,0.262934,KNOWN
BoT-IoT,test,12939,DDoS,1,0.086927,0.262934,KNOWN
BoT-IoT,test,12940,DDoS,1,0.015347,0.262934,KNOWN
BoT-IoT,test,12941,DDoS,1,0.026669,0.262934,KNOWN
BoT-IoT,test,12942,DoS,1,0.008617,0.262934,KNOWN
BoT-IoT,test,12943,DDoS,1,0.139859,0.262934,KNOWN
BoT-IoT,test,12944,DoS,1,0.066724,0.262934,KNOWN
BoT-IoT,test,12945,DDoS,1,0.102178,0.262934,KNOWN
BoT-IoT,test,12946,DDoS,1,0.16325,0.262934,KNOWN
BoT-IoT,test,12947,Reconnaissance,1,0.045787,0.262934,KNOWN
BoT-IoT,test,12948,DDoS,1,0.038144,0.262934,KNOWN
BoT-IoT,test,12949,DDoS,1,0.045995,0.262934,KNOWN
BoT-IoT,test,12950,DoS,1,0.148033,0.262934,KNOWN
BoT-IoT,test,12951,DoS,1,0.018711,0.262934,KNOWN
BoT-IoT,test,12952,DoS,1,0.07753,0.262934,KNOWN
BoT-IoT,test,12953,DoS,1,0.147453,0.262934,KNOWN
BoT-IoT,test,12954,DoS,1,0.010236,0.262934,KNOWN
BoT-IoT,test,12955,DDoS,1,0.071971,0.262934,KNOWN
BoT-IoT,test,12956,Normal,1,0.019706,0.262934,KNOWN
BoT-IoT,test,12957,DDoS,1,0.054114,0.262934,KNOWN
BoT-IoT,test,12958,DDoS,1,0.013735,0.262934,KNOWN
BoT-IoT,test,12959,DDoS,1,0.017359,0.262934,KNOWN
BoT-IoT,test,12960,DDoS,1,0.060893,0.262934,KNOWN
BoT-IoT,test,12961,DDoS,1,0.062925,0.262934,KNOWN
BoT-IoT,test,12962,DDoS,1,0.156833,0.262934,KNOWN
BoT-IoT,test,12963,DDoS,1,0.131733,0.262934,KNOWN
BoT-IoT,test,12964,DDoS,1,0.228574,0.262934,KNOWN
BoT-IoT,test,12965,DDoS,1,0.013358,0.262934,KNOWN
BoT-IoT,test,12966,DDoS,1,0.160963,0.262934,KNOWN
BoT-IoT,test,12967,DDoS,1,0.111071,0.262934,KNOWN
BoT-IoT,test,12968,DDoS,1,0.011363,0.262934,KNOWN
BoT-IoT,test,12969,DDoS,1,0.049918,0.262934,KNOWN
BoT-IoT,test,12970,DoS,1,0.095918,0.262934,KNOWN
BoT-IoT,test,12971,DDoS,1,0.05667,0.262934,KNOWN
BoT-IoT,test,12972,DDoS,1,0.301877,0.262934,ZERO_DAY
BoT-IoT,test,12973,DoS,1,0.143094,0.262934,KNOWN
BoT-IoT,test,12974,DDoS,1,0.04202,0.262934,KNOWN
BoT-IoT,test,12975,DoS,1,0.374598,0.262934,ZERO_DAY
BoT-IoT,test,12976,DoS,1,0.106662,0.262934,KNOWN
BoT-IoT,test,12977,DDoS,1,0.016439,0.262934,KNOWN
BoT-IoT,test,12978,DDoS,1,0.037042,0.262934,KNOWN
BoT-IoT,test,12979,DoS,1,0.215878,0.262934,KNOWN
BoT-IoT,test,12980,DDoS,1,0.019249,0.262934,KNOWN
BoT-IoT,test,12981,Normal,1,0.072556,0.262934,KNOWN
BoT-IoT,test,12982,DoS,1,0.037066,0.262934,KNOWN
BoT-IoT,test,12983,DDoS,1,0.163626,0.262934,KNOWN
BoT-IoT,test,12984,DDoS,1,0.023389,0.262934,KNOWN
BoT-IoT,test,12985,DDoS,1,0.135744,0.262934,KNOWN
BoT-IoT,test,12986,DDoS,1,0.048297,0.262934,KNOWN
BoT-IoT,test,12987,DDoS,1,0.068998,0.262934,KNOWN
BoT-IoT,test,12988,DDoS,1,0.14121,0.262934,KNOWN
BoT-IoT,test,12989,DoS,1,0.038125,0.262934,KNOWN
BoT-IoT,test,12990,DoS,1,0.053844,0.262934,KNOWN
BoT-IoT,test,12991,DDoS,1,0.157516,0.262934,KNOWN
BoT-IoT,test,12992,DoS,1,0.107481,0.262934,KNOWN
BoT-IoT,test,12993,DDoS,1,0.137701,0.262934,KNOWN
BoT-IoT,test,12994,DDoS,1,0.102101,0.262934,KNOWN
BoT-IoT,test,12995,DDoS,1,0.174849,0.262934,KNOWN
BoT-IoT,test,12996,DoS,1,0.114326,0.262934,KNOWN
BoT-IoT,test,12997,DDoS,1,0.292582,0.262934,ZERO_DAY
BoT-IoT,test,12998,DDoS,1,0.019872,0.262934,KNOWN
BoT-IoT,test,12999,DoS,1,0.157736,0.262934,KNOWN
BoT-IoT,test,13000,DDoS,1,0.068836,0.262934,KNOWN
BoT-IoT,test,13001,DoS,1,0.027359,0.262934,KNOWN
BoT-IoT,test,13002,DDoS,1,0.003331,0.262934,KNOWN
BoT-IoT,test,13003,DoS,1,0.04862,0.262934,KNOWN
BoT-IoT,test,13004,DDoS,1,0.068409,0.262934,KNOWN
BoT-IoT,test,13005,DDoS,1,0.163207,0.262934,KNOWN
BoT-IoT,test,13006,DDoS,1,0.126225,0.262934,KNOWN
BoT-IoT,test,13007,DDoS,1,0.074147,0.262934,KNOWN
BoT-IoT,test,13008,DDoS,1,0.064612,0.262934,KNOWN
BoT-IoT,test,13009,DDoS,1,0.037207,0.262934,KNOWN
BoT-IoT,test,13010,DoS,1,0.192707,0.262934,KNOWN
BoT-IoT,test,13011,DoS,1,0.016505,0.262934,KNOWN
BoT-IoT,test,13012,DDoS,1,0.145332,0.262934,KNOWN
BoT-IoT,test,13013,DDoS,1,0.087451,0.262934,KNOWN
BoT-IoT,test,13014,DDoS,1,0.334938,0.262934,ZERO_DAY
BoT-IoT,test,13015,DDoS,1,0.251074,0.262934,KNOWN
BoT-IoT,test,13016,DoS,1,0.107041,0.262934,KNOWN
BoT-IoT,test,13017,DDoS,1,0.103414,0.262934,KNOWN
BoT-IoT,test,13018,DDoS,1,0.112452,0.262934,KNOWN
BoT-IoT,test,13019,DDoS,1,0.143544,0.262934,KNOWN
BoT-IoT,test,13020,DDoS,1,0.063163,0.262934,KNOWN
BoT-IoT,test,13021,DDoS,1,0.073521,0.262934,KNOWN
BoT-IoT,test,13022,DDoS,1,0.024516,0.262934,KNOWN
BoT-IoT,test,13023,DoS,1,0.045398,0.262934,KNOWN
BoT-IoT,test,13024,DDoS,1,0.205796,0.262934,KNOWN
BoT-IoT,test,13025,DoS,1,0.11164,0.262934,KNOWN
BoT-IoT,test,13026,DoS,1,0.006848,0.262934,KNOWN
BoT-IoT,test,13027,DDoS,1,0.11006,0.262934,KNOWN
BoT-IoT,test,13028,DoS,1,0.058011,0.262934,KNOWN
BoT-IoT,test,13029,DDoS,1,0.063028,0.262934,KNOWN
BoT-IoT,test,13030,DoS,1,0.097148,0.262934,KNOWN
BoT-IoT,test,13031,DDoS,1,0.117223,0.262934,KNOWN
BoT-IoT,test,13032,DDoS,1,0.070264,0.262934,KNOWN
BoT-IoT,test,13033,Normal,1,0.020054,0.262934,KNOWN
BoT-IoT,test,13034,DoS,1,0.178149,0.262934,KNOWN
BoT-IoT,test,13035,DDoS,1,0.027109,0.262934,KNOWN
BoT-IoT,test,13036,DoS,1,0.103189,0.262934,KNOWN
BoT-IoT,test,13037,DDoS,1,0.089459,0.262934,KNOWN
BoT-IoT,test,13038,DDoS,1,0.103977,0.262934,KNOWN
BoT-IoT,test,13039,DDoS,1,0.115966,0.262934,KNOWN
BoT-IoT,test,13040,DDoS,1,0.058197,0.262934,KNOWN
BoT-IoT,test,13041,DDoS,1,0.06356,0.262934,KNOWN
BoT-IoT,test,13042,DoS,1,0.081872,0.262934,KNOWN
BoT-IoT,test,13043,DDoS,1,0.162643,0.262934,KNOWN
BoT-IoT,test,13044,DDoS,1,0.002809,0.262934,KNOWN
BoT-IoT,test,13045,DDoS,1,0.099857,0.262934,KNOWN
BoT-IoT,test,13046,DDoS,1,0.149773,0.262934,KNOWN
BoT-IoT,test,13047,DoS,1,0.023381,0.262934,KNOWN
BoT-IoT,test,13048,Normal,1,0.16968,0.262934,KNOWN
BoT-IoT,test,13049,DDoS,1,0.022611,0.262934,KNOWN
BoT-IoT,test,13050,DoS,1,0.007731,0.262934,KNOWN
BoT-IoT,test,13051,DDoS,1,0.029737,0.262934,KNOWN
BoT-IoT,test,13052,DoS,1,0.096356,0.262934,KNOWN
BoT-IoT,test,13053,DDoS,1,0.130776,0.262934,KNOWN
BoT-IoT,test,13054,DDoS,1,0.169208,0.262934,KNOWN
BoT-IoT,test,13055,DoS,1,0.139711,0.262934,KNOWN
BoT-IoT,test,13056,DoS,1,0.170761,0.262934,KNOWN
BoT-IoT,test,13057,DoS,1,0.093707,0.262934,KNOWN
BoT-IoT,test,13058,DDoS,1,0.047984,0.262934,KNOWN
BoT-IoT,test,13059,DDoS,1,0.042136,0.262934,KNOWN
BoT-IoT,test,13060,DoS,1,0.033243,0.262934,KNOWN
BoT-IoT,test,13061,DDoS,1,0.308463,0.262934,ZERO_DAY
BoT-IoT,test,13062,DoS,1,0.176123,0.262934,KNOWN
BoT-IoT,test,13063,DoS,1,0.091333,0.262934,KNOWN
BoT-IoT,test,13064,DDoS,1,0.082771,0.262934,KNOWN
BoT-IoT,test,13065,DoS,1,0.016174,0.262934,KNOWN
BoT-IoT,test,13066,DoS,1,0.030197,0.262934,KNOWN
BoT-IoT,test,13067,DoS,1,0.064097,0.262934,KNOWN
BoT-IoT,test,13068,DoS,1,0.00822,0.262934,KNOWN
BoT-IoT,test,13069,Reconnaissance,1,0.039713,0.262934,KNOWN
BoT-IoT,test,13070,DDoS,1,0.095754,0.262934,KNOWN
BoT-IoT,test,13071,DDoS,1,0.272672,0.262934,ZERO_DAY
BoT-IoT,test,13072,DoS,1,0.02592,0.262934,KNOWN
BoT-IoT,test,13073,DDoS,1,0.0473,0.262934,KNOWN
BoT-IoT,test,13074,DoS,1,0.18927,0.262934,KNOWN
BoT-IoT,test,13075,DDoS,1,0.121478,0.262934,KNOWN
BoT-IoT,test,13076,Normal,1,0.062711,0.262934,KNOWN
BoT-IoT,test,13077,DDoS,1,0.228603,0.262934,KNOWN
BoT-IoT,test,13078,DoS,1,0.062342,0.262934,KNOWN
BoT-IoT,test,13079,DoS,1,0.006802,0.262934,KNOWN
BoT-IoT,test,13080,DDoS,1,0.049992,0.262934,KNOWN
BoT-IoT,test,13081,DDoS,1,0.237756,0.262934,KNOWN
BoT-IoT,test,13082,DDoS,1,0.014457,0.262934,KNOWN
BoT-IoT,test,13083,DoS,1,0.026248,0.262934,KNOWN
BoT-IoT,test,13084,DDoS,1,0.087315,0.262934,KNOWN
BoT-IoT,test,13085,DDoS,1,0.001316,0.262934,KNOWN
BoT-IoT,test,13086,DoS,1,0.247127,0.262934,KNOWN
BoT-IoT,test,13087,DDoS,1,0.0737,0.262934,KNOWN
BoT-IoT,test,13088,DDoS,1,0.357787,0.262934,ZERO_DAY
BoT-IoT,test,13089,DoS,1,0.079442,0.262934,KNOWN
BoT-IoT,test,13090,DDoS,1,0.091188,0.262934,KNOWN
BoT-IoT,test,13091,DDoS,1,0.062038,0.262934,KNOWN
BoT-IoT,test,13092,DoS,1,0.123794,0.262934,KNOWN
BoT-IoT,test,13093,DDoS,1,0.091071,0.262934,KNOWN
BoT-IoT,test,13094,DDoS,1,0.132736,0.262934,KNOWN
BoT-IoT,test,13095,DoS,1,0.09739,0.262934,KNOWN
BoT-IoT,test,13096,DoS,1,0.066406,0.262934,KNOWN
BoT-IoT,test,13097,DDoS,1,0.143384,0.262934,KNOWN
BoT-IoT,test,13098,DDoS,1,0.113933,0.262934,KNOWN
BoT-IoT,test,13099,DDoS,1,0.051467,0.262934,KNOWN
BoT-IoT,test,13100,DDoS,1,0.009451,0.262934,KNOWN
BoT-IoT,test,13101,DDoS,1,0.004268,0.262934,KNOWN
BoT-IoT,test,13102,DDoS,1,0.040747,0.262934,KNOWN
BoT-IoT,test,13103,DDoS,1,0.077984,0.262934,KNOWN
BoT-IoT,test,13104,DDoS,1,0.203839,0.262934,KNOWN
BoT-IoT,test,13105,DDoS,1,0.033292,0.262934,KNOWN
BoT-IoT,test,13106,DDoS,1,0.078474,0.262934,KNOWN
BoT-IoT,test,13107,DDoS,1,0.033982,0.262934,KNOWN
BoT-IoT,test,13108,DDoS,1,0.216122,0.262934,KNOWN
BoT-IoT,test,13109,DoS,1,0.082121,0.262934,KNOWN
BoT-IoT,test,13110,DDoS,1,0.194703,0.262934,KNOWN
BoT-IoT,test,13111,DDoS,1,0.083884,0.262934,KNOWN
BoT-IoT,test,13112,DDoS,1,0.067902,0.262934,KNOWN
BoT-IoT,test,13113,DoS,1,0.022981,0.262934,KNOWN
BoT-IoT,test,13114,DDoS,1,0.076627,0.262934,KNOWN
BoT-IoT,test,13115,DDoS,1,0.073144,0.262934,KNOWN
BoT-IoT,test,13116,DDoS,1,0.031718,0.262934,KNOWN
BoT-IoT,test,13117,DoS,1,0.177124,0.262934,KNOWN
BoT-IoT,test,13118,Normal,1,0.161167,0.262934,KNOWN
BoT-IoT,test,13119,DDoS,1,0.256622,0.262934,KNOWN
BoT-IoT,test,13120,DDoS,1,0.034685,0.262934,KNOWN
BoT-IoT,test,13121,Normal,1,0.206208,0.262934,KNOWN
BoT-IoT,test,13122,DDoS,1,0.194948,0.262934,KNOWN
BoT-IoT,test,13123,DDoS,1,0.103925,0.262934,KNOWN
BoT-IoT,test,13124,DDoS,1,0.110774,0.262934,KNOWN
BoT-IoT,test,13125,DoS,1,0.018105,0.262934,KNOWN
BoT-IoT,test,13126,DoS,1,0.040982,0.262934,KNOWN
BoT-IoT,test,13127,DDoS,1,0.043653,0.262934,KNOWN
BoT-IoT,test,13128,DDoS,1,0.159598,0.262934,KNOWN
BoT-IoT,test,13129,DDoS,1,0.136661,0.262934,KNOWN
BoT-IoT,test,13130,DDoS,1,0.060518,0.262934,KNOWN
BoT-IoT,test,13131,DoS,1,0.05673,0.262934,KNOWN
BoT-IoT,test,13132,DoS,1,0.152752,0.262934,KNOWN
BoT-IoT,test,13133,DoS,1,0.020789,0.262934,KNOWN
BoT-IoT,test,13134,DoS,1,0.112149,0.262934,KNOWN
BoT-IoT,test,13135,DDoS,1,0.144261,0.262934,KNOWN
BoT-IoT,test,13136,DDoS,1,0.226337,0.262934,KNOWN
BoT-IoT,test,13137,DDoS,1,0.173011,0.262934,KNOWN
BoT-IoT,test,13138,DDoS,1,0.119394,0.262934,KNOWN
BoT-IoT,test,13139,DoS,1,0.05194,0.262934,KNOWN
BoT-IoT,test,13140,DDoS,1,0.268111,0.262934,ZERO_DAY
BoT-IoT,test,13141,DDoS,1,0.016761,0.262934,KNOWN
BoT-IoT,test,13142,DDoS,1,0.056494,0.262934,KNOWN
BoT-IoT,test,13143,DDoS,1,0.060347,0.262934,KNOWN
BoT-IoT,test,13144,DDoS,1,0.074033,0.262934,KNOWN
BoT-IoT,test,13145,DDoS,1,0.08088,0.262934,KNOWN
BoT-IoT,test,13146,DDoS,1,0.162491,0.262934,KNOWN
BoT-IoT,test,13147,DDoS,1,0.004357,0.262934,KNOWN
BoT-IoT,test,13148,DDoS,1,0.084024,0.262934,KNOWN
BoT-IoT,test,13149,DoS,1,0.093528,0.262934,KNOWN
BoT-IoT,test,13150,DDoS,1,0.351395,0.262934,ZERO_DAY
BoT-IoT,test,13151,DDoS,1,0.090403,0.262934,KNOWN
BoT-IoT,test,13152,Normal,1,0.012761,0.262934,KNOWN
BoT-IoT,test,13153,DoS,1,0.030904,0.262934,KNOWN
BoT-IoT,test,13154,DoS,1,0.293629,0.262934,ZERO_DAY
BoT-IoT,test,13155,DoS,1,0.088033,0.262934,KNOWN
BoT-IoT,test,13156,DoS,1,0.048722,0.262934,KNOWN
BoT-IoT,test,13157,DDoS,1,0.037191,0.262934,KNOWN
BoT-IoT,test,13158,DDoS,1,0.156671,0.262934,KNOWN
BoT-IoT,test,13159,DoS,1,0.105464,0.262934,KNOWN
BoT-IoT,test,13160,DDoS,1,0.013969,0.262934,KNOWN
BoT-IoT,test,13161,DDoS,1,0.126036,0.262934,KNOWN
BoT-IoT,test,13162,DDoS,1,0.116257,0.262934,KNOWN
BoT-IoT,test,13163,DDoS,1,0.049735,0.262934,KNOWN
BoT-IoT,test,13164,DoS,1,0.042174,0.262934,KNOWN
BoT-IoT,test,13165,DoS,1,0.225281,0.262934,KNOWN
BoT-IoT,test,13166,DDoS,1,0.067303,0.262934,KNOWN
BoT-IoT,test,13167,DoS,1,0.00965,0.262934,KNOWN
BoT-IoT,test,13168,DDoS,1,0.061018,0.262934,KNOWN
BoT-IoT,test,13169,DoS,1,0.292208,0.262934,ZERO_DAY
BoT-IoT,test,13170,DDoS,1,0.03452,0.262934,KNOWN
BoT-IoT,test,13171,DDoS,1,0.113012,0.262934,KNOWN
BoT-IoT,test,13172,DDoS,1,0.19729,0.262934,KNOWN
BoT-IoT,test,13173,DoS,1,0.059164,0.262934,KNOWN
BoT-IoT,test,13174,DoS,1,0.196705,0.262934,KNOWN
BoT-IoT,test,13175,DDoS,1,0.16042,0.262934,KNOWN
BoT-IoT,test,13176,DoS,1,0.133928,0.262934,KNOWN
BoT-IoT,test,13177,DDoS,1,0.108551,0.262934,KNOWN
BoT-IoT,test,13178,DoS,1,0.121292,0.262934,KNOWN
BoT-IoT,test,13179,DDoS,1,0.108794,0.262934,KNOWN
BoT-IoT,test,13180,DoS,1,0.063059,0.262934,KNOWN
BoT-IoT,test,13181,DoS,1,0.065011,0.262934,KNOWN
BoT-IoT,test,13182,DoS,1,0.060469,0.262934,KNOWN
BoT-IoT,test,13183,DDoS,1,0.031949,0.262934,KNOWN
BoT-IoT,test,13184,DoS,1,0.056282,0.262934,KNOWN
BoT-IoT,test,13185,DoS,1,0.179409,0.262934,KNOWN
BoT-IoT,test,13186,DDoS,1,0.202557,0.262934,KNOWN
BoT-IoT,test,13187,DoS,1,0.158554,0.262934,KNOWN
BoT-IoT,test,13188,DDoS,1,0.077926,0.262934,KNOWN
BoT-IoT,test,13189,DoS,1,0.008771,0.262934,KNOWN
BoT-IoT,test,13190,DDoS,1,0.164927,0.262934,KNOWN
BoT-IoT,test,13191,DoS,1,0.256625,0.262934,KNOWN
BoT-IoT,test,13192,DDoS,1,0.211102,0.262934,KNOWN
BoT-IoT,test,13193,Normal,1,0.004344,0.262934,KNOWN
BoT-IoT,test,13194,DDoS,1,0.155847,0.262934,KNOWN
BoT-IoT,test,13195,DDoS,1,0.02965,0.262934,KNOWN
BoT-IoT,test,13196,DoS,1,0.049921,0.262934,KNOWN
BoT-IoT,test,13197,DoS,1,0.008194,0.262934,KNOWN
BoT-IoT,test,13198,DoS,1,0.091116,0.262934,KNOWN
BoT-IoT,test,13199,DDoS,1,0.106686,0.262934,KNOWN
BoT-IoT,test,13200,DoS,1,0.220634,0.262934,KNOWN
BoT-IoT,test,13201,DoS,1,0.057553,0.262934,KNOWN
BoT-IoT,test,13202,DDoS,1,0.029378,0.262934,KNOWN
BoT-IoT,test,13203,DDoS,1,0.055245,0.262934,KNOWN
BoT-IoT,test,13204,DoS,1,0.075762,0.262934,KNOWN
BoT-IoT,test,13205,DDoS,1,0.073534,0.262934,KNOWN
BoT-IoT,test,13206,DDoS,1,0.215982,0.262934,KNOWN
BoT-IoT,test,13207,DDoS,1,0.011205,0.262934,KNOWN
BoT-IoT,test,13208,DoS,1,0.032426,0.262934,KNOWN
BoT-IoT,test,13209,DDoS,1,0.099152,0.262934,KNOWN
BoT-IoT,test,13210,DDoS,1,0.058726,0.262934,KNOWN
BoT-IoT,test,13211,DoS,1,0.116574,0.262934,KNOWN
BoT-IoT,test,13212,Normal,1,0.027839,0.262934,KNOWN
BoT-IoT,test,13213,DDoS,1,0.026048,0.262934,KNOWN
BoT-IoT,test,13214,DoS,1,0.052996,0.262934,KNOWN
BoT-IoT,test,13215,DDoS,1,0.169253,0.262934,KNOWN
BoT-IoT,test,13216,DDoS,1,0.177038,0.262934,KNOWN
BoT-IoT,test,13217,DDoS,1,0.096807,0.262934,KNOWN
BoT-IoT,test,13218,DDoS,1,0.035869,0.262934,KNOWN
BoT-IoT,test,13219,Normal,1,0.112461,0.262934,KNOWN
BoT-IoT,test,13220,DoS,1,0.17575,0.262934,KNOWN
BoT-IoT,test,13221,DDoS,1,0.0082,0.262934,KNOWN
BoT-IoT,test,13222,DoS,1,0.302917,0.262934,ZERO_DAY
BoT-IoT,test,13223,DDoS,1,0.009406,0.262934,KNOWN
BoT-IoT,test,13224,DoS,1,0.097398,0.262934,KNOWN
BoT-IoT,test,13225,DDoS,1,0.153356,0.262934,KNOWN
BoT-IoT,test,13226,DoS,1,0.08052,0.262934,KNOWN
BoT-IoT,test,13227,DDoS,1,0.148208,0.262934,KNOWN
BoT-IoT,test,13228,DDoS,1,0.023162,0.262934,KNOWN
BoT-IoT,test,13229,DoS,1,0.048414,0.262934,KNOWN
BoT-IoT,test,13230,DoS,1,0.132851,0.262934,KNOWN
BoT-IoT,test,13231,DDoS,1,0.027048,0.262934,KNOWN
BoT-IoT,test,13232,DDoS,1,0.325186,0.262934,ZERO_DAY
BoT-IoT,test,13233,DDoS,1,0.071878,0.262934,KNOWN
BoT-IoT,test,13234,DoS,1,0.195911,0.262934,KNOWN
BoT-IoT,test,13235,DoS,1,0.099936,0.262934,KNOWN
BoT-IoT,test,13236,DDoS,1,0.129815,0.262934,KNOWN
BoT-IoT,test,13237,DoS,1,0.125575,0.262934,KNOWN
BoT-IoT,test,13238,DDoS,1,0.110162,0.262934,KNOWN
BoT-IoT,test,13239,DDoS,1,0.215103,0.262934,KNOWN
BoT-IoT,test,13240,DDoS,1,0.002129,0.262934,KNOWN
BoT-IoT,test,13241,DDoS,1,0.034722,0.262934,KNOWN
BoT-IoT,test,13242,Normal,1,0.047235,0.262934,KNOWN
BoT-IoT,test,13243,DoS,1,0.057352,0.262934,KNOWN
BoT-IoT,test,13244,DoS,1,0.138397,0.262934,KNOWN
BoT-IoT,test,13245,DDoS,1,0.152703,0.262934,KNOWN
BoT-IoT,test,13246,DDoS,1,0.260733,0.262934,KNOWN
BoT-IoT,test,13247,DDoS,1,0.188203,0.262934,KNOWN
BoT-IoT,test,13248,DDoS,1,0.239264,0.262934,KNOWN
BoT-IoT,test,13249,DDoS,1,0.028723,0.262934,KNOWN
BoT-IoT,test,13250,DDoS,1,0.036588,0.262934,KNOWN
BoT-IoT,test,13251,DoS,1,0.049857,0.262934,KNOWN
BoT-IoT,test,13252,DDoS,1,0.035565,0.262934,KNOWN
BoT-IoT,test,13253,DoS,1,0.061171,0.262934,KNOWN
BoT-IoT,test,13254,DDoS,1,0.05497,0.262934,KNOWN
BoT-IoT,test,13255,DoS,1,0.074383,0.262934,KNOWN
BoT-IoT,test,13256,DDoS,1,0.049227,0.262934,KNOWN
BoT-IoT,test,13257,DDoS,1,0.409768,0.262934,ZERO_DAY
BoT-IoT,test,13258,DDoS,1,0.035508,0.262934,KNOWN
BoT-IoT,test,13259,DoS,1,0.014463,0.262934,KNOWN
BoT-IoT,test,13260,DoS,1,0.038127,0.262934,KNOWN
BoT-IoT,test,13261,DDoS,1,0.110523,0.262934,KNOWN
BoT-IoT,test,13262,DoS,1,0.010543,0.262934,KNOWN
BoT-IoT,test,13263,DDoS,1,0.001531,0.262934,KNOWN
BoT-IoT,test,13264,DoS,1,0.049937,0.262934,KNOWN
BoT-IoT,test,13265,DDoS,1,0.038479,0.262934,KNOWN
BoT-IoT,test,13266,DDoS,1,0.078083,0.262934,KNOWN
BoT-IoT,test,13267,DDoS,1,0.021207,0.262934,KNOWN
BoT-IoT,test,13268,Reconnaissance,1,0.126032,0.262934,KNOWN
BoT-IoT,test,13269,DDoS,1,0.004665,0.262934,KNOWN
BoT-IoT,test,13270,DDoS,1,0.090744,0.262934,KNOWN
BoT-IoT,test,13271,DDoS,1,0.159623,0.262934,KNOWN
BoT-IoT,test,13272,DDoS,1,0.032911,0.262934,KNOWN
BoT-IoT,test,13273,DoS,1,0.218863,0.262934,KNOWN
BoT-IoT,test,13274,DDoS,1,0.027572,0.262934,KNOWN
BoT-IoT,test,13275,DoS,1,0.161689,0.262934,KNOWN
BoT-IoT,test,13276,DoS,1,0.048294,0.262934,KNOWN
BoT-IoT,test,13277,DDoS,1,0.138039,0.262934,KNOWN
BoT-IoT,test,13278,DDoS,1,0.001124,0.262934,KNOWN
BoT-IoT,test,13279,DoS,1,0.250153,0.262934,KNOWN
BoT-IoT,test,13280,DoS,1,0.195075,0.262934,KNOWN
BoT-IoT,test,13281,DDoS,1,0.06857,0.262934,KNOWN
BoT-IoT,test,13282,DoS,1,0.008156,0.262934,KNOWN
BoT-IoT,test,13283,DDoS,1,0.091727,0.262934,KNOWN
BoT-IoT,test,13284,DoS,1,0.022801,0.262934,KNOWN
BoT-IoT,test,13285,DDoS,1,0.010451,0.262934,KNOWN
BoT-IoT,test,13286,DDoS,1,0.021514,0.262934,KNOWN
BoT-IoT,test,13287,DDoS,1,0.257088,0.262934,KNOWN
BoT-IoT,test,13288,DDoS,1,0.156984,0.262934,KNOWN
BoT-IoT,test,13289,DoS,1,0.03401,0.262934,KNOWN
BoT-IoT,test,13290,DDoS,1,0.013594,0.262934,KNOWN
BoT-IoT,test,13291,DoS,1,0.210346,0.262934,KNOWN
BoT-IoT,test,13292,DoS,1,0.052524,0.262934,KNOWN
BoT-IoT,test,13293,DDoS,1,0.195333,0.262934,KNOWN
BoT-IoT,test,13294,DDoS,1,0.282494,0.262934,ZERO_DAY
BoT-IoT,test,13295,DoS,1,0.197518,0.262934,KNOWN
BoT-IoT,test,13296,DDoS,1,0.022644,0.262934,KNOWN
BoT-IoT,test,13297,DDoS,1,0.176143,0.262934,KNOWN
BoT-IoT,test,13298,DoS,1,0.062513,0.262934,KNOWN
BoT-IoT,test,13299,DoS,1,0.048287,0.262934,KNOWN
BoT-IoT,test,13300,DoS,1,0.035512,0.262934,KNOWN
BoT-IoT,test,13301,DoS,1,0.105577,0.262934,KNOWN
BoT-IoT,test,13302,DoS,1,0.087963,0.262934,KNOWN
BoT-IoT,test,13303,DDoS,1,0.170895,0.262934,KNOWN
BoT-IoT,test,13304,DDoS,1,0.127948,0.262934,KNOWN
BoT-IoT,test,13305,DoS,1,0.067598,0.262934,KNOWN
BoT-IoT,test,13306,Normal,1,0.173009,0.262934,KNOWN
BoT-IoT,test,13307,DoS,1,0.007178,0.262934,KNOWN
BoT-IoT,test,13308,DDoS,1,0.012039,0.262934,KNOWN
BoT-IoT,test,13309,DDoS,1,0.226717,0.262934,KNOWN
BoT-IoT,test,13310,DoS,1,0.399526,0.262934,ZERO_DAY
BoT-IoT,test,13311,DoS,1,0.109798,0.262934,KNOWN
BoT-IoT,test,13312,DoS,1,0.394749,0.262934,ZERO_DAY
BoT-IoT,test,13313,DDoS,1,0.105859,0.262934,KNOWN
BoT-IoT,test,13314,DDoS,1,0.087598,0.262934,KNOWN
BoT-IoT,test,13315,DDoS,1,0.014095,0.262934,KNOWN
BoT-IoT,test,13316,DDoS,1,0.081121,0.262934,KNOWN
BoT-IoT,test,13317,DDoS,1,0.200901,0.262934,KNOWN
BoT-IoT,test,13318,DoS,1,0.018888,0.262934,KNOWN
BoT-IoT,test,13319,DDoS,1,0.02782,0.262934,KNOWN
BoT-IoT,test,13320,DoS,1,0.252688,0.262934,KNOWN
BoT-IoT,test,13321,DDoS,1,0.048498,0.262934,KNOWN
BoT-IoT,test,13322,DDoS,1,0.064964,0.262934,KNOWN
BoT-IoT,test,13323,Reconnaissance,1,0.004437,0.262934,KNOWN
BoT-IoT,test,13324,DoS,1,0.10977,0.262934,KNOWN
BoT-IoT,test,13325,DDoS,1,0.252344,0.262934,KNOWN
BoT-IoT,test,13326,DoS,1,0.016655,0.262934,KNOWN
BoT-IoT,test,13327,DoS,1,0.018724,0.262934,KNOWN
BoT-IoT,test,13328,DoS,1,0.030505,0.262934,KNOWN
BoT-IoT,test,13329,DDoS,1,0.213263,0.262934,KNOWN
BoT-IoT,test,13330,DoS,1,0.052949,0.262934,KNOWN
BoT-IoT,test,13331,DDoS,1,0.151647,0.262934,KNOWN
BoT-IoT,test,13332,Normal,1,0.149464,0.262934,KNOWN
BoT-IoT,test,13333,DDoS,1,0.134923,0.262934,KNOWN
BoT-IoT,test,13334,DoS,1,0.039774,0.262934,KNOWN
BoT-IoT,test,13335,DoS,1,0.134561,0.262934,KNOWN
BoT-IoT,test,13336,DDoS,1,0.19505,0.262934,KNOWN
BoT-IoT,test,13337,DoS,1,0.055244,0.262934,KNOWN
BoT-IoT,test,13338,DoS,1,0.118691,0.262934,KNOWN
BoT-IoT,test,13339,DDoS,1,0.00875,0.262934,KNOWN
BoT-IoT,test,13340,DoS,1,0.062327,0.262934,KNOWN
BoT-IoT,test,13341,DoS,1,0.002795,0.262934,KNOWN
BoT-IoT,test,13342,DoS,1,0.215234,0.262934,KNOWN
BoT-IoT,test,13343,DDoS,1,0.116373,0.262934,KNOWN
BoT-IoT,test,13344,DDoS,1,0.176642,0.262934,KNOWN
BoT-IoT,test,13345,DoS,1,0.178527,0.262934,KNOWN
BoT-IoT,test,13346,DDoS,1,0.163535,0.262934,KNOWN
BoT-IoT,test,13347,DDoS,1,0.028456,0.262934,KNOWN
BoT-IoT,test,13348,DDoS,1,0.188044,0.262934,KNOWN
BoT-IoT,test,13349,DDoS,1,0.151355,0.262934,KNOWN
BoT-IoT,test,13350,DDoS,1,0.088209,0.262934,KNOWN
BoT-IoT,test,13351,DDoS,1,0.154068,0.262934,KNOWN
BoT-IoT,test,13352,DDoS,1,0.064329,0.262934,KNOWN
BoT-IoT,test,13353,DDoS,1,0.420095,0.262934,ZERO_DAY
BoT-IoT,test,13354,DDoS,1,0.124624,0.262934,KNOWN
BoT-IoT,test,13355,DoS,1,0.039757,0.262934,KNOWN
BoT-IoT,test,13356,DDoS,1,0.012671,0.262934,KNOWN
BoT-IoT,test,13357,DDoS,1,0.250137,0.262934,KNOWN
BoT-IoT,test,13358,DDoS,1,0.335949,0.262934,ZERO_DAY
BoT-IoT,test,13359,DoS,1,0.076344,0.262934,KNOWN
BoT-IoT,test,13360,DoS,1,0.122297,0.262934,KNOWN
BoT-IoT,test,13361,DDoS,1,0.0167,0.262934,KNOWN
BoT-IoT,test,13362,DDoS,1,0.176615,0.262934,KNOWN
BoT-IoT,test,13363,DoS,1,0.079076,0.262934,KNOWN
BoT-IoT,test,13364,DDoS,1,0.409042,0.262934,ZERO_DAY
BoT-IoT,test,13365,DDoS,1,0.030079,0.262934,KNOWN
BoT-IoT,test,13366,DoS,1,0.052706,0.262934,KNOWN
BoT-IoT,test,13367,DDoS,1,0.093166,0.262934,KNOWN
BoT-IoT,test,13368,DoS,1,0.142857,0.262934,KNOWN
BoT-IoT,test,13369,DDoS,1,0.057756,0.262934,KNOWN
BoT-IoT,test,13370,DoS,1,0.203397,0.262934,KNOWN
BoT-IoT,test,13371,DoS,1,0.07624,0.262934,KNOWN
BoT-IoT,test,13372,DoS,1,0.0001,0.262934,KNOWN
BoT-IoT,test,13373,DDoS,1,0.287615,0.262934,ZERO_DAY
BoT-IoT,test,13374,DoS,1,0.112405,0.262934,KNOWN
BoT-IoT,test,13375,DoS,1,0.197697,0.262934,KNOWN
BoT-IoT,test,13376,DDoS,1,0.029705,0.262934,KNOWN
BoT-IoT,test,13377,DoS,1,0.089896,0.262934,KNOWN
BoT-IoT,test,13378,DDoS,1,0.116389,0.262934,KNOWN
BoT-IoT,test,13379,DoS,1,0.092249,0.262934,KNOWN
BoT-IoT,test,13380,DDoS,1,0.262914,0.262934,KNOWN
BoT-IoT,test,13381,DoS,1,0.009709,0.262934,KNOWN
BoT-IoT,test,13382,DoS,1,0.148343,0.262934,KNOWN
BoT-IoT,test,13383,DDoS,1,0.142804,0.262934,KNOWN
BoT-IoT,test,13384,DDoS,1,0.063555,0.262934,KNOWN
BoT-IoT,test,13385,DoS,1,0.013857,0.262934,KNOWN
BoT-IoT,test,13386,DoS,1,0.020711,0.262934,KNOWN
BoT-IoT,test,13387,DoS,1,0.010606,0.262934,KNOWN
BoT-IoT,test,13388,DoS,1,0.099811,0.262934,KNOWN
BoT-IoT,test,13389,DoS,1,0.188185,0.262934,KNOWN
BoT-IoT,test,13390,DoS,1,0.050073,0.262934,KNOWN
BoT-IoT,test,13391,DDoS,1,0.305561,0.262934,ZERO_DAY
BoT-IoT,test,13392,DDoS,1,0.004645,0.262934,KNOWN
BoT-IoT,test,13393,DoS,1,0.054457,0.262934,KNOWN
BoT-IoT,test,13394,DoS,1,0.061506,0.262934,KNOWN
BoT-IoT,test,13395,Normal,1,0.210748,0.262934,KNOWN
BoT-IoT,test,13396,DDoS,1,0.044224,0.262934,KNOWN
BoT-IoT,test,13397,DDoS,1,0.008638,0.262934,KNOWN
BoT-IoT,test,13398,DDoS,1,0.128331,0.262934,KNOWN
BoT-IoT,test,13399,DoS,1,0.12058,0.262934,KNOWN
BoT-IoT,test,13400,Reconnaissance,1,0.062543,0.262934,KNOWN
BoT-IoT,test,13401,DoS,1,0.087062,0.262934,KNOWN
BoT-IoT,test,13402,DDoS,1,0.045583,0.262934,KNOWN
BoT-IoT,test,13403,DoS,1,0.174032,0.262934,KNOWN
BoT-IoT,test,13404,DDoS,1,0.04374,0.262934,KNOWN
BoT-IoT,test,13405,DDoS,1,0.027611,0.262934,KNOWN
BoT-IoT,test,13406,DoS,1,0.039438,0.262934,KNOWN
BoT-IoT,test,13407,DoS,1,0.135422,0.262934,KNOWN
BoT-IoT,test,13408,DoS,1,0.100264,0.262934,KNOWN
BoT-IoT,test,13409,DDoS,1,0.281982,0.262934,ZERO_DAY
BoT-IoT,test,13410,DDoS,1,0.062425,0.262934,KNOWN
BoT-IoT,test,13411,DoS,1,0.077649,0.262934,KNOWN
BoT-IoT,test,13412,DDoS,1,0.095237,0.262934,KNOWN
BoT-IoT,test,13413,DoS,1,0.111652,0.262934,KNOWN
BoT-IoT,test,13414,DDoS,1,0.024051,0.262934,KNOWN
BoT-IoT,test,13415,DoS,1,0.077606,0.262934,KNOWN
BoT-IoT,test,13416,DoS,1,0.07083,0.262934,KNOWN
BoT-IoT,test,13417,DoS,1,0.056251,0.262934,KNOWN
BoT-IoT,test,13418,DDoS,1,0.042858,0.262934,KNOWN
BoT-IoT,test,13419,DDoS,1,0.009369,0.262934,KNOWN
BoT-IoT,test,13420,DDoS,1,0.085391,0.262934,KNOWN
BoT-IoT,test,13421,DoS,1,0.011262,0.262934,KNOWN
BoT-IoT,test,13422,DoS,1,0.192148,0.262934,KNOWN
BoT-IoT,test,13423,DDoS,1,0.0076,0.262934,KNOWN
BoT-IoT,test,13424,DDoS,1,0.052697,0.262934,KNOWN
BoT-IoT,test,13425,DoS,1,0.013203,0.262934,KNOWN
BoT-IoT,test,13426,DDoS,1,0.153658,0.262934,KNOWN
BoT-IoT,test,13427,DoS,1,0.038867,0.262934,KNOWN
BoT-IoT,test,13428,DDoS,1,0.088969,0.262934,KNOWN
BoT-IoT,test,13429,DDoS,1,0.0655,0.262934,KNOWN
BoT-IoT,test,13430,Normal,1,0.011094,0.262934,KNOWN
BoT-IoT,test,13431,DoS,1,0.0344,0.262934,KNOWN
BoT-IoT,test,13432,DDoS,1,0.076675,0.262934,KNOWN
BoT-IoT,test,13433,DoS,1,0.128452,0.262934,KNOWN
BoT-IoT,test,13434,DoS,1,0.129279,0.262934,KNOWN
BoT-IoT,test,13435,DoS,1,0.332618,0.262934,ZERO_DAY
BoT-IoT,test,13436,DoS,1,0.02292,0.262934,KNOWN
BoT-IoT,test,13437,DDoS,1,0.050199,0.262934,KNOWN
BoT-IoT,test,13438,DoS,1,0.081728,0.262934,KNOWN
BoT-IoT,test,13439,DDoS,1,0.033591,0.262934,KNOWN
BoT-IoT,test,13440,DDoS,1,0.100559,0.262934,KNOWN
BoT-IoT,test,13441,DDoS,1,0.147104,0.262934,KNOWN
BoT-IoT,test,13442,DDoS,1,0.080155,0.262934,KNOWN
BoT-IoT,test,13443,DoS,1,0.006583,0.262934,KNOWN
BoT-IoT,test,13444,DDoS,1,0.097752,0.262934,KNOWN
BoT-IoT,test,13445,DoS,1,0.048372,0.262934,KNOWN
BoT-IoT,test,13446,DoS,1,0.127084,0.262934,KNOWN
BoT-IoT,test,13447,DoS,1,0.070208,0.262934,KNOWN
BoT-IoT,test,13448,DDoS,1,0.233401,0.262934,KNOWN
BoT-IoT,test,13449,DDoS,1,0.084082,0.262934,KNOWN
BoT-IoT,test,13450,DDoS,1,0.080036,0.262934,KNOWN
BoT-IoT,test,13451,Normal,1,0.085775,0.262934,KNOWN
BoT-IoT,test,13452,DDoS,1,0.09754,0.262934,KNOWN
BoT-IoT,test,13453,DoS,1,0.065943,0.262934,KNOWN
BoT-IoT,test,13454,DDoS,1,0.048957,0.262934,KNOWN
BoT-IoT,test,13455,DoS,1,0.102662,0.262934,KNOWN
BoT-IoT,test,13456,DoS,1,0.02529,0.262934,KNOWN
BoT-IoT,test,13457,DoS,1,0.01481,0.262934,KNOWN
BoT-IoT,test,13458,DoS,1,0.123588,0.262934,KNOWN
BoT-IoT,test,13459,DDoS,1,0.053031,0.262934,KNOWN
BoT-IoT,test,13460,DoS,1,0.037253,0.262934,KNOWN
BoT-IoT,test,13461,DoS,1,0.057002,0.262934,KNOWN
BoT-IoT,test,13462,DDoS,1,0.003923,0.262934,KNOWN
BoT-IoT,test,13463,DoS,1,0.32493,0.262934,ZERO_DAY
BoT-IoT,test,13464,DoS,1,0.074289,0.262934,KNOWN
BoT-IoT,test,13465,DDoS,1,0.057734,0.262934,KNOWN
BoT-IoT,test,13466,DoS,1,0.027725,0.262934,KNOWN
BoT-IoT,test,13467,Normal,1,0.061718,0.262934,KNOWN
BoT-IoT,test,13468,DDoS,1,0.160745,0.262934,KNOWN
BoT-IoT,test,13469,DDoS,1,0.002858,0.262934,KNOWN
BoT-IoT,test,13470,DDoS,1,0.177632,0.262934,KNOWN
BoT-IoT,test,13471,DDoS,1,0.026917,0.262934,KNOWN
BoT-IoT,test,13472,DDoS,1,0.00942,0.262934,KNOWN
BoT-IoT,test,13473,DDoS,1,0.180504,0.262934,KNOWN
BoT-IoT,test,13474,DDoS,1,0.026686,0.262934,KNOWN
BoT-IoT,test,13475,DDoS,1,0.191622,0.262934,KNOWN
BoT-IoT,test,13476,DDoS,1,0.101342,0.262934,KNOWN
BoT-IoT,test,13477,DoS,1,0.206929,0.262934,KNOWN
BoT-IoT,test,13478,DDoS,1,0.038217,0.262934,KNOWN
BoT-IoT,test,13479,DDoS,1,0.040819,0.262934,KNOWN
BoT-IoT,test,13480,DoS,1,0.156725,0.262934,KNOWN
BoT-IoT,test,13481,DoS,1,0.07464,0.262934,KNOWN
BoT-IoT,test,13482,DDoS,1,0.12353,0.262934,KNOWN
BoT-IoT,test,13483,DDoS,1,0.130249,0.262934,KNOWN
BoT-IoT,test,13484,DDoS,1,0.046991,0.262934,KNOWN
BoT-IoT,test,13485,DDoS,1,0.056362,0.262934,KNOWN
BoT-IoT,test,13486,DoS,1,0.153033,0.262934,KNOWN
BoT-IoT,test,13487,DDoS,1,0.015768,0.262934,KNOWN
BoT-IoT,test,13488,DDoS,1,0.014602,0.262934,KNOWN
BoT-IoT,test,13489,DoS,1,0.495489,0.262934,ZERO_DAY
BoT-IoT,test,13490,DoS,1,0.057474,0.262934,KNOWN
BoT-IoT,test,13491,DDoS,1,0.064993,0.262934,KNOWN
BoT-IoT,test,13492,DoS,1,0.110034,0.262934,KNOWN
BoT-IoT,test,13493,DoS,1,0.153428,0.262934,KNOWN
BoT-IoT,test,13494,DoS,1,0.037394,0.262934,KNOWN
BoT-IoT,test,13495,DoS,1,0.09704,0.262934,KNOWN
BoT-IoT,test,13496,DoS,1,0.004678,0.262934,KNOWN
BoT-IoT,test,13497,DDoS,1,0.055788,0.262934,KNOWN
BoT-IoT,test,13498,DoS,1,0.177191,0.262934,KNOWN
BoT-IoT,test,13499,DDoS,1,0.0252,0.262934,KNOWN
BoT-IoT,test,13500,DDoS,1,0.071987,0.262934,KNOWN
BoT-IoT,test,13501,DoS,1,0.037849,0.262934,KNOWN
BoT-IoT,test,13502,Normal,1,0.063038,0.262934,KNOWN
BoT-IoT,test,13503,DDoS,1,0.104327,0.262934,KNOWN
BoT-IoT,test,13504,DoS,1,0.188157,0.262934,KNOWN
BoT-IoT,test,13505,DDoS,1,0.130642,0.262934,KNOWN
BoT-IoT,test,13506,DDoS,1,0.113666,0.262934,KNOWN
BoT-IoT,test,13507,DoS,1,0.042035,0.262934,KNOWN
BoT-IoT,test,13508,DDoS,1,0.140514,0.262934,KNOWN
BoT-IoT,test,13509,DoS,1,0.082403,0.262934,KNOWN
BoT-IoT,test,13510,DoS,1,0.161521,0.262934,KNOWN
BoT-IoT,test,13511,DoS,1,0.138303,0.262934,KNOWN
BoT-IoT,test,13512,DoS,1,0.041925,0.262934,KNOWN
BoT-IoT,test,13513,DDoS,1,0.054353,0.262934,KNOWN
BoT-IoT,test,13514,DoS,1,0.149926,0.262934,KNOWN
BoT-IoT,test,13515,DDoS,1,0.010172,0.262934,KNOWN
BoT-IoT,test,13516,DoS,1,0.104296,0.262934,KNOWN
BoT-IoT,test,13517,DDoS,1,0.014102,0.262934,KNOWN
BoT-IoT,test,13518,DDoS,1,0.036455,0.262934,KNOWN
BoT-IoT,test,13519,DDoS,1,0.064108,0.262934,KNOWN
BoT-IoT,test,13520,DoS,1,0.080245,0.262934,KNOWN
BoT-IoT,test,13521,DDoS,1,0.04167,0.262934,KNOWN
BoT-IoT,test,13522,DoS,1,0.04916,0.262934,KNOWN
BoT-IoT,test,13523,DoS,1,0.002061,0.262934,KNOWN
BoT-IoT,test,13524,DDoS,1,0.097225,0.262934,KNOWN
BoT-IoT,test,13525,DoS,1,0.052761,0.262934,KNOWN
BoT-IoT,test,13526,DDoS,1,0.104013,0.262934,KNOWN
BoT-IoT,test,13527,DDoS,1,0.207081,0.262934,KNOWN
BoT-IoT,test,13528,DoS,1,0.189169,0.262934,KNOWN
BoT-IoT,test,13529,DoS,1,0.147631,0.262934,KNOWN
BoT-IoT,test,13530,DDoS,1,0.171519,0.262934,KNOWN
BoT-IoT,test,13531,DoS,1,0.101204,0.262934,KNOWN
BoT-IoT,test,13532,DoS,1,0.007409,0.262934,KNOWN
BoT-IoT,test,13533,DoS,1,0.244782,0.262934,KNOWN
BoT-IoT,test,13534,DDoS,1,0.215675,0.262934,KNOWN
BoT-IoT,test,13535,DoS,1,0.195441,0.262934,KNOWN
BoT-IoT,test,13536,DDoS,1,0.000245,0.262934,KNOWN
BoT-IoT,test,13537,DoS,1,0.115859,0.262934,KNOWN
BoT-IoT,test,13538,DoS,1,0.028585,0.262934,KNOWN
BoT-IoT,test,13539,DoS,1,0.031713,0.262934,KNOWN
BoT-IoT,test,13540,DDoS,1,0.315193,0.262934,ZERO_DAY
BoT-IoT,test,13541,DDoS,1,0.130092,0.262934,KNOWN
BoT-IoT,test,13542,DDoS,1,0.066883,0.262934,KNOWN
BoT-IoT,test,13543,DDoS,1,0.133943,0.262934,KNOWN
BoT-IoT,test,13544,DoS,1,0.112726,0.262934,KNOWN
BoT-IoT,test,13545,DoS,1,0.027994,0.262934,KNOWN
BoT-IoT,test,13546,DDoS,1,0.027325,0.262934,KNOWN
BoT-IoT,test,13547,DDoS,1,0.05585,0.262934,KNOWN
BoT-IoT,test,13548,DoS,1,0.071575,0.262934,KNOWN
BoT-IoT,test,13549,DDoS,1,0.004231,0.262934,KNOWN
BoT-IoT,test,13550,DDoS,1,0.132723,0.262934,KNOWN
BoT-IoT,test,13551,DDoS,1,0.447454,0.262934,ZERO_DAY
BoT-IoT,test,13552,DoS,1,0.187937,0.262934,KNOWN
BoT-IoT,test,13553,DDoS,1,0.028895,0.262934,KNOWN
BoT-IoT,test,13554,DoS,1,0.038595,0.262934,KNOWN
BoT-IoT,test,13555,DoS,1,0.087334,0.262934,KNOWN
BoT-IoT,test,13556,DDoS,1,0.164605,0.262934,KNOWN
BoT-IoT,test,13557,DoS,1,0.022096,0.262934,KNOWN
BoT-IoT,test,13558,DoS,1,0.05066,0.262934,KNOWN
BoT-IoT,test,13559,DDoS,1,0.037798,0.262934,KNOWN
BoT-IoT,test,13560,DoS,1,0.060161,0.262934,KNOWN
BoT-IoT,test,13561,DDoS,1,0.040827,0.262934,KNOWN
BoT-IoT,test,13562,DDoS,1,0.08142,0.262934,KNOWN
BoT-IoT,test,13563,DoS,1,0.224371,0.262934,KNOWN
BoT-IoT,test,13564,DDoS,1,0.042414,0.262934,KNOWN
BoT-IoT,test,13565,DoS,1,0.137903,0.262934,KNOWN
BoT-IoT,test,13566,DDoS,1,0.149672,0.262934,KNOWN
BoT-IoT,test,13567,DDoS,1,0.093546,0.262934,KNOWN
BoT-IoT,test,13568,DoS,1,0.048158,0.262934,KNOWN
BoT-IoT,test,13569,DDoS,1,0.045616,0.262934,KNOWN
BoT-IoT,test,13570,DDoS,1,0.053093,0.262934,KNOWN
BoT-IoT,test,13571,DoS,1,0.460931,0.262934,ZERO_DAY
BoT-IoT,test,13572,DDoS,1,0.097886,0.262934,KNOWN
BoT-IoT,test,13573,DoS,1,0.007191,0.262934,KNOWN
BoT-IoT,test,13574,DoS,1,0.01225,0.262934,KNOWN
BoT-IoT,test,13575,DDoS,1,0.004145,0.262934,KNOWN
BoT-IoT,test,13576,DoS,1,0.105896,0.262934,KNOWN
BoT-IoT,test,13577,DDoS,1,0.209528,0.262934,KNOWN
BoT-IoT,test,13578,DDoS,1,0.144645,0.262934,KNOWN
BoT-IoT,test,13579,DoS,1,0.081381,0.262934,KNOWN
BoT-IoT,test,13580,DDoS,1,0.011411,0.262934,KNOWN
BoT-IoT,test,13581,DoS,1,0.023803,0.262934,KNOWN
BoT-IoT,test,13582,DDoS,1,0.025617,0.262934,KNOWN
BoT-IoT,test,13583,DoS,1,0.089391,0.262934,KNOWN
BoT-IoT,test,13584,DoS,1,0.09007,0.262934,KNOWN
BoT-IoT,test,13585,DDoS,1,0.11322,0.262934,KNOWN
BoT-IoT,test,13586,DDoS,1,0.134522,0.262934,KNOWN
BoT-IoT,test,13587,Reconnaissance,1,0.169655,0.262934,KNOWN
BoT-IoT,test,13588,DoS,1,0.045371,0.262934,KNOWN
BoT-IoT,test,13589,DDoS,1,0.018791,0.262934,KNOWN
BoT-IoT,test,13590,DoS,1,0.146023,0.262934,KNOWN
BoT-IoT,test,13591,DDoS,1,0.106576,0.262934,KNOWN
BoT-IoT,test,13592,DDoS,1,0.092691,0.262934,KNOWN
BoT-IoT,test,13593,Normal,1,0.047678,0.262934,KNOWN
BoT-IoT,test,13594,DoS,1,0.18455,0.262934,KNOWN
BoT-IoT,test,13595,DoS,1,0.127775,0.262934,KNOWN
BoT-IoT,test,13596,DDoS,1,0.042285,0.262934,KNOWN
BoT-IoT,test,13597,DoS,1,0.177174,0.262934,KNOWN
BoT-IoT,test,13598,DoS,1,0.270229,0.262934,ZERO_DAY
BoT-IoT,test,13599,DDoS,1,0.03761,0.262934,KNOWN
BoT-IoT,test,13600,DDoS,1,0.012077,0.262934,KNOWN
BoT-IoT,test,13601,DoS,1,0.093501,0.262934,KNOWN
BoT-IoT,test,13602,DoS,1,0.130325,0.262934,KNOWN
BoT-IoT,test,13603,DoS,1,0.085788,0.262934,KNOWN
BoT-IoT,test,13604,DoS,1,0.168897,0.262934,KNOWN
BoT-IoT,test,13605,DDoS,1,0.013651,0.262934,KNOWN
BoT-IoT,test,13606,DoS,1,0.107605,0.262934,KNOWN
BoT-IoT,test,13607,DDoS,1,0.148313,0.262934,KNOWN
BoT-IoT,test,13608,DDoS,1,0.176151,0.262934,KNOWN
BoT-IoT,test,13609,DDoS,1,0.219149,0.262934,KNOWN
BoT-IoT,test,13610,DoS,1,0.1003,0.262934,KNOWN
BoT-IoT,test,13611,DDoS,1,0.235471,0.262934,KNOWN
BoT-IoT,test,13612,DoS,1,0.168028,0.262934,KNOWN
BoT-IoT,test,13613,DoS,1,0.057364,0.262934,KNOWN
BoT-IoT,test,13614,DoS,1,0.146147,0.262934,KNOWN
BoT-IoT,test,13615,DDoS,1,0.020814,0.262934,KNOWN
BoT-IoT,test,13616,DoS,1,0.044205,0.262934,KNOWN
BoT-IoT,test,13617,DoS,1,0.048496,0.262934,KNOWN
BoT-IoT,test,13618,DDoS,1,0.155899,0.262934,KNOWN
BoT-IoT,test,13619,DDoS,1,0.00413,0.262934,KNOWN
BoT-IoT,test,13620,DDoS,1,0.050062,0.262934,KNOWN
BoT-IoT,test,13621,DDoS,1,0.039196,0.262934,KNOWN
BoT-IoT,test,13622,DDoS,1,0.245752,0.262934,KNOWN
BoT-IoT,test,13623,DDoS,1,0.064802,0.262934,KNOWN
BoT-IoT,test,13624,DoS,1,0.017382,0.262934,KNOWN
BoT-IoT,test,13625,DoS,1,0.084486,0.262934,KNOWN
BoT-IoT,test,13626,DDoS,1,0.165128,0.262934,KNOWN
BoT-IoT,test,13627,Normal,1,0.019384,0.262934,KNOWN
BoT-IoT,test,13628,Normal,1,0.047692,0.262934,KNOWN
BoT-IoT,test,13629,DoS,1,0.147804,0.262934,KNOWN
BoT-IoT,test,13630,DoS,1,0.027486,0.262934,KNOWN
BoT-IoT,test,13631,DoS,1,0.022085,0.262934,KNOWN
BoT-IoT,test,13632,DoS,1,0.17611,0.262934,KNOWN
BoT-IoT,test,13633,DDoS,1,0.150385,0.262934,KNOWN
BoT-IoT,test,13634,DDoS,1,0.074438,0.262934,KNOWN
BoT-IoT,test,13635,DoS,1,0.028622,0.262934,KNOWN
BoT-IoT,test,13636,DoS,1,0.030891,0.262934,KNOWN
BoT-IoT,test,13637,DDoS,1,0.109161,0.262934,KNOWN
BoT-IoT,test,13638,DDoS,1,0.055819,0.262934,KNOWN
BoT-IoT,test,13639,DoS,1,0.059971,0.262934,KNOWN
BoT-IoT,test,13640,DDoS,1,0.10022,0.262934,KNOWN
BoT-IoT,test,13641,DDoS,1,0.135321,0.262934,KNOWN
BoT-IoT,test,13642,DDoS,1,0.164794,0.262934,KNOWN
BoT-IoT,test,13643,DDoS,1,0.122136,0.262934,KNOWN
BoT-IoT,test,13644,Reconnaissance,1,0.211285,0.262934,KNOWN
BoT-IoT,test,13645,DoS,1,0.086327,0.262934,KNOWN
BoT-IoT,test,13646,DoS,1,0.098226,0.262934,KNOWN
BoT-IoT,test,13647,DDoS,1,0.227387,0.262934,KNOWN
BoT-IoT,test,13648,DDoS,1,0.056228,0.262934,KNOWN
BoT-IoT,test,13649,DDoS,1,0.235466,0.262934,KNOWN
BoT-IoT,test,13650,DoS,1,0.032322,0.262934,KNOWN
BoT-IoT,test,13651,DDoS,1,0.085801,0.262934,KNOWN
BoT-IoT,test,13652,DoS,1,0.085204,0.262934,KNOWN
BoT-IoT,test,13653,DoS,1,0.018418,0.262934,KNOWN
BoT-IoT,test,13654,DoS,1,0.280718,0.262934,ZERO_DAY
BoT-IoT,test,13655,DoS,1,0.024796,0.262934,KNOWN
BoT-IoT,test,13656,DDoS,1,0.040422,0.262934,KNOWN
BoT-IoT,test,13657,DoS,1,0.196732,0.262934,KNOWN
BoT-IoT,test,13658,DDoS,1,0.102045,0.262934,KNOWN
BoT-IoT,test,13659,DDoS,1,0.101151,0.262934,KNOWN
BoT-IoT,test,13660,DDoS,1,0.00931,0.262934,KNOWN
BoT-IoT,test,13661,DDoS,1,0.122732,0.262934,KNOWN
BoT-IoT,test,13662,DDoS,1,0.026276,0.262934,KNOWN
BoT-IoT,test,13663,DoS,1,0.139914,0.262934,KNOWN
BoT-IoT,test,13664,DoS,1,0.035798,0.262934,KNOWN
BoT-IoT,test,13665,DDoS,1,0.278302,0.262934,ZERO_DAY
BoT-IoT,test,13666,DoS,1,0.101692,0.262934,KNOWN
BoT-IoT,test,13667,DoS,1,0.146817,0.262934,KNOWN
BoT-IoT,test,13668,DoS,1,0.066171,0.262934,KNOWN
BoT-IoT,test,13669,DDoS,1,0.010231,0.262934,KNOWN
BoT-IoT,test,13670,DDoS,1,0.04723,0.262934,KNOWN
BoT-IoT,test,13671,DoS,1,0.144433,0.262934,KNOWN
BoT-IoT,test,13672,DDoS,1,0.044558,0.262934,KNOWN
BoT-IoT,test,13673,DoS,1,0.082348,0.262934,KNOWN
BoT-IoT,test,13674,DoS,1,0.044864,0.262934,KNOWN
BoT-IoT,test,13675,DoS,1,0.139521,0.262934,KNOWN
BoT-IoT,test,13676,DDoS,1,0.072471,0.262934,KNOWN
BoT-IoT,test,13677,DDoS,1,0.133285,0.262934,KNOWN
BoT-IoT,test,13678,Normal,1,0.109765,0.262934,KNOWN
BoT-IoT,test,13679,DoS,1,0.130018,0.262934,KNOWN
BoT-IoT,test,13680,DDoS,1,0.234699,0.262934,KNOWN
BoT-IoT,test,13681,DoS,1,0.125896,0.262934,KNOWN
BoT-IoT,test,13682,Normal,1,0.168603,0.262934,KNOWN
BoT-IoT,test,13683,DDoS,1,0.088712,0.262934,KNOWN
BoT-IoT,test,13684,DDoS,1,0.168874,0.262934,KNOWN
BoT-IoT,test,13685,DoS,1,0.099538,0.262934,KNOWN
BoT-IoT,test,13686,DoS,1,0.036317,0.262934,KNOWN
BoT-IoT,test,13687,DDoS,1,0.090803,0.262934,KNOWN
BoT-IoT,test,13688,DDoS,1,0.006879,0.262934,KNOWN
BoT-IoT,test,13689,DDoS,1,0.073752,0.262934,KNOWN
BoT-IoT,test,13690,DDoS,1,0.090248,0.262934,KNOWN
BoT-IoT,test,13691,DoS,1,0.070722,0.262934,KNOWN
BoT-IoT,test,13692,DDoS,1,0.015804,0.262934,KNOWN
BoT-IoT,test,13693,DoS,1,0.181615,0.262934,KNOWN
BoT-IoT,test,13694,DDoS,1,0.251188,0.262934,KNOWN
BoT-IoT,test,13695,Normal,1,0.016798,0.262934,KNOWN
BoT-IoT,test,13696,DoS,1,0.202364,0.262934,KNOWN
BoT-IoT,test,13697,DDoS,1,0.069849,0.262934,KNOWN
BoT-IoT,test,13698,DoS,1,0.146442,0.262934,KNOWN
BoT-IoT,test,13699,DDoS,1,0.021561,0.262934,KNOWN
BoT-IoT,test,13700,DDoS,1,0.017858,0.262934,KNOWN
BoT-IoT,test,13701,Reconnaissance,1,0.172062,0.262934,KNOWN
BoT-IoT,test,13702,DoS,1,0.056668,0.262934,KNOWN
BoT-IoT,test,13703,DoS,1,0.06054,0.262934,KNOWN
BoT-IoT,test,13704,DoS,1,0.110325,0.262934,KNOWN
BoT-IoT,test,13705,Normal,1,0.244148,0.262934,KNOWN
BoT-IoT,test,13706,DDoS,1,0.166211,0.262934,KNOWN
BoT-IoT,test,13707,DDoS,1,0.026726,0.262934,KNOWN
BoT-IoT,test,13708,DDoS,1,0.003518,0.262934,KNOWN
BoT-IoT,test,13709,DoS,1,0.021769,0.262934,KNOWN
BoT-IoT,test,13710,DDoS,1,0.036213,0.262934,KNOWN
BoT-IoT,test,13711,DDoS,1,0.091195,0.262934,KNOWN
BoT-IoT,test,13712,DoS,1,0.13693,0.262934,KNOWN
BoT-IoT,test,13713,DoS,1,0.010588,0.262934,KNOWN
BoT-IoT,test,13714,DDoS,1,0.073231,0.262934,KNOWN
BoT-IoT,test,13715,DDoS,1,0.014227,0.262934,KNOWN
BoT-IoT,test,13716,DoS,1,0.080355,0.262934,KNOWN
BoT-IoT,test,13717,DDoS,1,0.099066,0.262934,KNOWN
BoT-IoT,test,13718,DoS,1,0.239932,0.262934,KNOWN
BoT-IoT,test,13719,DDoS,1,0.134877,0.262934,KNOWN
BoT-IoT,test,13720,DDoS,1,0.184458,0.262934,KNOWN
BoT-IoT,test,13721,DoS,1,0.125309,0.262934,KNOWN
BoT-IoT,test,13722,DDoS,1,0.093065,0.262934,KNOWN
BoT-IoT,test,13723,DoS,1,0.103552,0.262934,KNOWN
BoT-IoT,test,13724,DoS,1,0.034913,0.262934,KNOWN
BoT-IoT,test,13725,DoS,1,0.246624,0.262934,KNOWN
BoT-IoT,test,13726,DDoS,1,0.205652,0.262934,KNOWN
BoT-IoT,test,13727,DDoS,1,0.021348,0.262934,KNOWN
BoT-IoT,test,13728,DDoS,1,0.183516,0.262934,KNOWN
BoT-IoT,test,13729,DoS,1,0.082247,0.262934,KNOWN
BoT-IoT,test,13730,DDoS,1,0.073701,0.262934,KNOWN
BoT-IoT,test,13731,DDoS,1,0.049469,0.262934,KNOWN
BoT-IoT,test,13732,DoS,1,0.189284,0.262934,KNOWN
BoT-IoT,test,13733,DoS,1,0.00503,0.262934,KNOWN
BoT-IoT,test,13734,DoS,1,0.149904,0.262934,KNOWN
BoT-IoT,test,13735,DDoS,1,0.030472,0.262934,KNOWN
BoT-IoT,test,13736,DoS,1,0.041131,0.262934,KNOWN
BoT-IoT,test,13737,DoS,1,0.047653,0.262934,KNOWN
BoT-IoT,test,13738,DDoS,1,0.078968,0.262934,KNOWN
BoT-IoT,test,13739,DoS,1,0.228016,0.262934,KNOWN
BoT-IoT,test,13740,DDoS,1,0.161751,0.262934,KNOWN
BoT-IoT,test,13741,DDoS,1,0.208334,0.262934,KNOWN
BoT-IoT,test,13742,DDoS,1,0.042852,0.262934,KNOWN
BoT-IoT,test,13743,DDoS,1,0.011035,0.262934,KNOWN
BoT-IoT,test,13744,DoS,1,0.142243,0.262934,KNOWN
BoT-IoT,test,13745,DDoS,1,0.085046,0.262934,KNOWN
BoT-IoT,test,13746,DoS,1,0.056551,0.262934,KNOWN
BoT-IoT,test,13747,DDoS,1,0.076566,0.262934,KNOWN
BoT-IoT,test,13748,DoS,1,0.089869,0.262934,KNOWN
BoT-IoT,test,13749,DDoS,1,0.015335,0.262934,KNOWN
BoT-IoT,test,13750,DDoS,1,0.023845,0.262934,KNOWN
BoT-IoT,test,13751,DDoS,1,0.067098,0.262934,KNOWN
BoT-IoT,test,13752,DoS,1,0.175084,0.262934,KNOWN
BoT-IoT,test,13753,DDoS,1,0.191131,0.262934,KNOWN
BoT-IoT,test,13754,DoS,1,0.098361,0.262934,KNOWN
BoT-IoT,test,13755,DoS,1,0.046054,0.262934,KNOWN
BoT-IoT,test,13756,Reconnaissance,1,0.116142,0.262934,KNOWN
BoT-IoT,test,13757,DoS,1,0.071082,0.262934,KNOWN
BoT-IoT,test,13758,DDoS,1,0.040641,0.262934,KNOWN
BoT-IoT,test,13759,DoS,1,0.043003,0.262934,KNOWN
BoT-IoT,test,13760,DDoS,1,0.058346,0.262934,KNOWN
BoT-IoT,test,13761,DoS,1,0.164336,0.262934,KNOWN
BoT-IoT,test,13762,DDoS,1,0.074982,0.262934,KNOWN
BoT-IoT,test,13763,DoS,1,0.216043,0.262934,KNOWN
BoT-IoT,test,13764,DDoS,1,0.142703,0.262934,KNOWN
BoT-IoT,test,13765,DDoS,1,0.264506,0.262934,ZERO_DAY
BoT-IoT,test,13766,DoS,1,0.025441,0.262934,KNOWN
BoT-IoT,test,13767,DDoS,1,0.011622,0.262934,KNOWN
BoT-IoT,test,13768,DoS,1,0.398143,0.262934,ZERO_DAY
BoT-IoT,test,13769,DoS,1,0.01192,0.262934,KNOWN
BoT-IoT,test,13770,DDoS,1,0.232707,0.262934,KNOWN
BoT-IoT,test,13771,DDoS,1,0.012416,0.262934,KNOWN
BoT-IoT,test,13772,DoS,1,0.204469,0.262934,KNOWN
BoT-IoT,test,13773,DDoS,1,0.039506,0.262934,KNOWN
BoT-IoT,test,13774,DDoS,1,0.173147,0.262934,KNOWN
BoT-IoT,test,13775,DDoS,1,0.358349,0.262934,ZERO_DAY
BoT-IoT,test,13776,DoS,1,0.061392,0.262934,KNOWN
BoT-IoT,test,13777,DoS,1,0.035809,0.262934,KNOWN
BoT-IoT,test,13778,DDoS,1,0.050807,0.262934,KNOWN
BoT-IoT,test,13779,DDoS,1,0.09017,0.262934,KNOWN
BoT-IoT,test,13780,DoS,1,0.196316,0.262934,KNOWN
BoT-IoT,test,13781,DoS,1,0.006393,0.262934,KNOWN
BoT-IoT,test,13782,DDoS,1,0.079209,0.262934,KNOWN
BoT-IoT,test,13783,DDoS,1,0.156971,0.262934,KNOWN
BoT-IoT,test,13784,DoS,1,0.05244,0.262934,KNOWN
BoT-IoT,test,13785,DoS,1,0.047873,0.262934,KNOWN
BoT-IoT,test,13786,DDoS,1,0.241843,0.262934,KNOWN
BoT-IoT,test,13787,DoS,1,0.022797,0.262934,KNOWN
BoT-IoT,test,13788,DDoS,1,0.081659,0.262934,KNOWN
BoT-IoT,test,13789,DDoS,1,0.066677,0.262934,KNOWN
BoT-IoT,test,13790,Reconnaissance,1,0.050908,0.262934,KNOWN
BoT-IoT,test,13791,DoS,1,0.00074,0.262934,KNOWN
BoT-IoT,test,13792,DoS,1,0.102184,0.262934,KNOWN
BoT-IoT,test,13793,DDoS,1,0.029488,0.262934,KNOWN
BoT-IoT,test,13794,DDoS,1,0.009028,0.262934,KNOWN
BoT-IoT,test,13795,DDoS,1,0.087671,0.262934,KNOWN
BoT-IoT,test,13796,DoS,1,0.131602,0.262934,KNOWN
BoT-IoT,test,13797,DoS,1,0.03244,0.262934,KNOWN
BoT-IoT,test,13798,DDoS,1,0.086293,0.262934,KNOWN
BoT-IoT,test,13799,DDoS,1,0.032822,0.262934,KNOWN
BoT-IoT,test,13800,DoS,1,0.07131,0.262934,KNOWN
BoT-IoT,test,13801,DoS,1,0.191566,0.262934,KNOWN
BoT-IoT,test,13802,Normal,1,0.091597,0.262934,KNOWN
BoT-IoT,test,13803,DoS,1,0.116154,0.262934,KNOWN
BoT-IoT,test,13804,DoS,1,0.088689,0.262934,KNOWN
BoT-IoT,test,13805,DoS,1,0.142019,0.262934,KNOWN
BoT-IoT,test,13806,DDoS,1,0.17686,0.262934,KNOWN
BoT-IoT,test,13807,DoS,1,0.098039,0.262934,KNOWN
BoT-IoT,test,13808,Normal,1,0.106643,0.262934,KNOWN
BoT-IoT,test,13809,DoS,1,0.168127,0.262934,KNOWN
BoT-IoT,test,13810,DDoS,1,0.031371,0.262934,KNOWN
BoT-IoT,test,13811,DDoS,1,0.138767,0.262934,KNOWN
BoT-IoT,test,13812,DDoS,1,0.158421,0.262934,KNOWN
BoT-IoT,test,13813,DDoS,1,0.132259,0.262934,KNOWN
BoT-IoT,test,13814,DoS,1,0.082443,0.262934,KNOWN
BoT-IoT,test,13815,DDoS,1,0.148706,0.262934,KNOWN
BoT-IoT,test,13816,Normal,1,0.121522,0.262934,KNOWN
BoT-IoT,test,13817,DDoS,1,0.151198,0.262934,KNOWN
BoT-IoT,test,13818,DoS,1,0.009879,0.262934,KNOWN
BoT-IoT,test,13819,DDoS,1,0.004565,0.262934,KNOWN
BoT-IoT,test,13820,DoS,1,0.276268,0.262934,ZERO_DAY
BoT-IoT,test,13821,DoS,1,0.056892,0.262934,KNOWN
BoT-IoT,test,13822,DDoS,1,0.162297,0.262934,KNOWN
BoT-IoT,test,13823,DoS,1,0.080234,0.262934,KNOWN
BoT-IoT,test,13824,DDoS,1,0.09895,0.262934,KNOWN
BoT-IoT,test,13825,DDoS,1,0.050894,0.262934,KNOWN
BoT-IoT,test,13826,DDoS,1,0.031487,0.262934,KNOWN
BoT-IoT,test,13827,DoS,1,0.071202,0.262934,KNOWN
BoT-IoT,test,13828,Reconnaissance,1,0.025553,0.262934,KNOWN
BoT-IoT,test,13829,DDoS,1,0.106073,0.262934,KNOWN
BoT-IoT,test,13830,DoS,1,0.128189,0.262934,KNOWN
BoT-IoT,test,13831,DDoS,1,0.111622,0.262934,KNOWN
BoT-IoT,test,13832,DDoS,1,0.039083,0.262934,KNOWN
BoT-IoT,test,13833,DoS,1,0.089951,0.262934,KNOWN
BoT-IoT,test,13834,DoS,1,0.074732,0.262934,KNOWN
BoT-IoT,test,13835,DoS,1,0.278388,0.262934,ZERO_DAY
BoT-IoT,test,13836,DoS,1,0.077418,0.262934,KNOWN
BoT-IoT,test,13837,DoS,1,0.092977,0.262934,KNOWN
BoT-IoT,test,13838,DoS,1,0.196506,0.262934,KNOWN
BoT-IoT,test,13839,DDoS,1,0.006203,0.262934,KNOWN
BoT-IoT,test,13840,DDoS,1,0.079077,0.262934,KNOWN
BoT-IoT,test,13841,DoS,1,0.069569,0.262934,KNOWN
BoT-IoT,test,13842,DoS,1,0.048695,0.262934,KNOWN
BoT-IoT,test,13843,DDoS,1,0.098934,0.262934,KNOWN
BoT-IoT,test,13844,DDoS,1,0.114916,0.262934,KNOWN
BoT-IoT,test,13845,Normal,1,0.332223,0.262934,ZERO_DAY
BoT-IoT,test,13846,DoS,1,0.294022,0.262934,ZERO_DAY
BoT-IoT,test,13847,DoS,1,0.01273,0.262934,KNOWN
BoT-IoT,test,13848,DDoS,1,0.051398,0.262934,KNOWN
BoT-IoT,test,13849,Reconnaissance,1,0.041191,0.262934,KNOWN
BoT-IoT,test,13850,DDoS,1,0.294956,0.262934,ZERO_DAY
BoT-IoT,test,13851,DDoS,1,0.095277,0.262934,KNOWN
BoT-IoT,test,13852,DoS,1,0.10454,0.262934,KNOWN
BoT-IoT,test,13853,DoS,1,0.288838,0.262934,ZERO_DAY
BoT-IoT,test,13854,DDoS,1,0.003347,0.262934,KNOWN
BoT-IoT,test,13855,DoS,1,0.137954,0.262934,KNOWN
BoT-IoT,test,13856,DoS,1,0.163913,0.262934,KNOWN
BoT-IoT,test,13857,DoS,1,0.153072,0.262934,KNOWN
BoT-IoT,test,13858,DoS,1,0.018715,0.262934,KNOWN
BoT-IoT,test,13859,DDoS,1,0.213853,0.262934,KNOWN
BoT-IoT,test,13860,DoS,1,0.304779,0.262934,ZERO_DAY
BoT-IoT,test,13861,DoS,1,0.074703,0.262934,KNOWN
BoT-IoT,test,13862,DDoS,1,0.227902,0.262934,KNOWN
BoT-IoT,test,13863,DDoS,1,0.051389,0.262934,KNOWN
BoT-IoT,test,13864,DoS,1,0.032742,0.262934,KNOWN
BoT-IoT,test,13865,DoS,1,0.009874,0.262934,KNOWN
BoT-IoT,test,13866,DoS,1,0.146779,0.262934,KNOWN
BoT-IoT,test,13867,DDoS,1,0.026874,0.262934,KNOWN
BoT-IoT,test,13868,DoS,1,0.024413,0.262934,KNOWN
BoT-IoT,test,13869,DoS,1,0.062378,0.262934,KNOWN
BoT-IoT,test,13870,DDoS,1,0.020305,0.262934,KNOWN
BoT-IoT,test,13871,DoS,1,0.193795,0.262934,KNOWN
BoT-IoT,test,13872,DoS,1,0.1661,0.262934,KNOWN
BoT-IoT,test,13873,DoS,1,0.019658,0.262934,KNOWN
BoT-IoT,test,13874,DDoS,1,0.090299,0.262934,KNOWN
BoT-IoT,test,13875,DDoS,1,0.12208,0.262934,KNOWN
BoT-IoT,test,13876,DDoS,1,0.076672,0.262934,KNOWN
BoT-IoT,test,13877,DDoS,1,0.149847,0.262934,KNOWN
BoT-IoT,test,13878,DDoS,1,0.052416,0.262934,KNOWN
BoT-IoT,test,13879,DDoS,1,0.277967,0.262934,ZERO_DAY
BoT-IoT,test,13880,DoS,1,0.142774,0.262934,KNOWN
BoT-IoT,test,13881,DDoS,1,0.053936,0.262934,KNOWN
BoT-IoT,test,13882,DoS,1,0.266414,0.262934,ZERO_DAY
BoT-IoT,test,13883,DoS,1,0.011999,0.262934,KNOWN
BoT-IoT,test,13884,DDoS,1,0.002605,0.262934,KNOWN
BoT-IoT,test,13885,DoS,1,0.099547,0.262934,KNOWN
BoT-IoT,test,13886,DoS,1,0.232747,0.262934,KNOWN
BoT-IoT,test,13887,DoS,1,0.072794,0.262934,KNOWN
BoT-IoT,test,13888,DDoS,1,0.00556,0.262934,KNOWN
BoT-IoT,test,13889,DDoS,1,0.029158,0.262934,KNOWN
BoT-IoT,test,13890,Normal,1,0.0001,0.262934,KNOWN
BoT-IoT,test,13891,DoS,1,0.079099,0.262934,KNOWN
BoT-IoT,test,13892,DDoS,1,0.080801,0.262934,KNOWN
BoT-IoT,test,13893,DDoS,1,0.142709,0.262934,KNOWN
BoT-IoT,test,13894,DoS,1,0.152995,0.262934,KNOWN
BoT-IoT,test,13895,DoS,1,0.021049,0.262934,KNOWN
BoT-IoT,test,13896,DoS,1,0.247962,0.262934,KNOWN
BoT-IoT,test,13897,DoS,1,0.192072,0.262934,KNOWN
BoT-IoT,test,13898,DDoS,1,0.081617,0.262934,KNOWN
BoT-IoT,test,13899,DoS,1,0.113346,0.262934,KNOWN
BoT-IoT,test,13900,DoS,1,0.068739,0.262934,KNOWN
BoT-IoT,test,13901,DDoS,1,0.006983,0.262934,KNOWN
BoT-IoT,test,13902,DDoS,1,0.160609,0.262934,KNOWN
BoT-IoT,test,13903,DoS,1,0.086999,0.262934,KNOWN
BoT-IoT,test,13904,DDoS,1,0.189495,0.262934,KNOWN
BoT-IoT,test,13905,DoS,1,0.017054,0.262934,KNOWN
BoT-IoT,test,13906,DoS,1,0.059238,0.262934,KNOWN
BoT-IoT,test,13907,DoS,1,0.048405,0.262934,KNOWN
BoT-IoT,test,13908,DDoS,1,0.012071,0.262934,KNOWN
BoT-IoT,test,13909,DDoS,1,0.071613,0.262934,KNOWN
BoT-IoT,test,13910,DoS,1,0.092729,0.262934,KNOWN
BoT-IoT,test,13911,DoS,1,0.102572,0.262934,KNOWN
BoT-IoT,test,13912,DoS,1,0.038774,0.262934,KNOWN
BoT-IoT,test,13913,DoS,1,0.070982,0.262934,KNOWN
BoT-IoT,test,13914,DDoS,1,0.167198,0.262934,KNOWN
BoT-IoT,test,13915,DDoS,1,0.163755,0.262934,KNOWN
BoT-IoT,test,13916,DDoS,1,0.073792,0.262934,KNOWN
BoT-IoT,test,13917,DDoS,1,0.039424,0.262934,KNOWN
BoT-IoT,test,13918,Normal,1,0.01838,0.262934,KNOWN
BoT-IoT,test,13919,DoS,1,0.206286,0.262934,KNOWN
BoT-IoT,test,13920,DDoS,1,0.039958,0.262934,KNOWN
BoT-IoT,test,13921,DoS,1,0.103798,0.262934,KNOWN
BoT-IoT,test,13922,Normal,1,0.356353,0.262934,ZERO_DAY
BoT-IoT,test,13923,DDoS,1,0.059774,0.262934,KNOWN
BoT-IoT,test,13924,DoS,1,0.044478,0.262934,KNOWN
BoT-IoT,test,13925,Normal,1,0.001587,0.262934,KNOWN
BoT-IoT,test,13926,DoS,1,0.157424,0.262934,KNOWN
BoT-IoT,test,13927,DoS,1,0.346441,0.262934,ZERO_DAY
BoT-IoT,test,13928,DoS,1,0.221971,0.262934,KNOWN
BoT-IoT,test,13929,DDoS,1,0.424899,0.262934,ZERO_DAY
BoT-IoT,test,13930,DoS,1,0.003665,0.262934,KNOWN
BoT-IoT,test,13931,Normal,1,0.136301,0.262934,KNOWN
BoT-IoT,test,13932,DDoS,1,0.033005,0.262934,KNOWN
BoT-IoT,test,13933,DDoS,1,0.068005,0.262934,KNOWN
BoT-IoT,test,13934,DoS,1,0.101375,0.262934,KNOWN
BoT-IoT,test,13935,DDoS,1,0.182594,0.262934,KNOWN
BoT-IoT,test,13936,DDoS,1,0.125992,0.262934,KNOWN
BoT-IoT,test,13937,DDoS,1,0.051527,0.262934,KNOWN
BoT-IoT,test,13938,DDoS,1,0.078175,0.262934,KNOWN
BoT-IoT,test,13939,DDoS,1,0.045039,0.262934,KNOWN
BoT-IoT,test,13940,DDoS,1,0.01802,0.262934,KNOWN
BoT-IoT,test,13941,DoS,1,0.181386,0.262934,KNOWN
BoT-IoT,test,13942,DoS,1,0.099617,0.262934,KNOWN
BoT-IoT,test,13943,DDoS,1,0.144372,0.262934,KNOWN
BoT-IoT,test,13944,DDoS,1,0.006555,0.262934,KNOWN
BoT-IoT,test,13945,DDoS,1,0.208953,0.262934,KNOWN
BoT-IoT,test,13946,DoS,1,0.229718,0.262934,KNOWN
BoT-IoT,test,13947,DDoS,1,0.076011,0.262934,KNOWN
BoT-IoT,test,13948,DoS,1,0.06366,0.262934,KNOWN
BoT-IoT,test,13949,DDoS,1,0.081654,0.262934,KNOWN
BoT-IoT,test,13950,DoS,1,0.01637,0.262934,KNOWN
BoT-IoT,test,13951,DDoS,1,0.069542,0.262934,KNOWN
BoT-IoT,test,13952,DoS,1,0.075436,0.262934,KNOWN
BoT-IoT,test,13953,DoS,1,0.134972,0.262934,KNOWN
BoT-IoT,test,13954,DoS,1,0.179833,0.262934,KNOWN
BoT-IoT,test,13955,DDoS,1,0.238377,0.262934,KNOWN
BoT-IoT,test,13956,DoS,1,0.012828,0.262934,KNOWN
BoT-IoT,test,13957,DDoS,1,0.136674,0.262934,KNOWN
BoT-IoT,test,13958,DDoS,1,0.104274,0.262934,KNOWN
BoT-IoT,test,13959,DDoS,1,0.12607,0.262934,KNOWN
BoT-IoT,test,13960,DDoS,1,0.027819,0.262934,KNOWN
BoT-IoT,test,13961,Normal,1,0.144573,0.262934,KNOWN
BoT-IoT,test,13962,Normal,1,0.316915,0.262934,ZERO_DAY
BoT-IoT,test,13963,DoS,1,0.013194,0.262934,KNOWN
BoT-IoT,test,13964,DoS,1,0.046744,0.262934,KNOWN
BoT-IoT,test,13965,DoS,1,0.049476,0.262934,KNOWN
BoT-IoT,test,13966,Reconnaissance,1,0.188606,0.262934,KNOWN
BoT-IoT,test,13967,DDoS,1,0.150331,0.262934,KNOWN
BoT-IoT,test,13968,DDoS,1,0.088059,0.262934,KNOWN
BoT-IoT,test,13969,DoS,1,0.204294,0.262934,KNOWN
BoT-IoT,test,13970,DDoS,1,0.005808,0.262934,KNOWN
BoT-IoT,test,13971,DDoS,1,0.227589,0.262934,KNOWN
BoT-IoT,test,13972,DDoS,1,0.040248,0.262934,KNOWN
BoT-IoT,test,13973,DoS,1,0.107184,0.262934,KNOWN
BoT-IoT,test,13974,DDoS,1,0.201231,0.262934,KNOWN
BoT-IoT,test,13975,DoS,1,0.26099,0.262934,KNOWN
BoT-IoT,test,13976,DoS,1,0.201137,0.262934,KNOWN
BoT-IoT,test,13977,DDoS,1,0.038285,0.262934,KNOWN
BoT-IoT,test,13978,DDoS,1,0.125999,0.262934,KNOWN
BoT-IoT,test,13979,DDoS,1,0.134431,0.262934,KNOWN
BoT-IoT,test,13980,DDoS,1,0.056788,0.262934,KNOWN
BoT-IoT,test,13981,DoS,1,0.060952,0.262934,KNOWN
BoT-IoT,test,13982,Reconnaissance,1,0.08516,0.262934,KNOWN
BoT-IoT,test,13983,DoS,1,0.071481,0.262934,KNOWN
BoT-IoT,test,13984,DoS,1,0.09512,0.262934,KNOWN
BoT-IoT,test,13985,DDoS,1,0.002876,0.262934,KNOWN
BoT-IoT,test,13986,DoS,1,0.001627,0.262934,KNOWN
BoT-IoT,test,13987,DDoS,1,0.084005,0.262934,KNOWN
BoT-IoT,test,13988,DDoS,1,0.076505,0.262934,KNOWN
BoT-IoT,test,13989,DDoS,1,0.038676,0.262934,KNOWN
BoT-IoT,test,13990,DoS,1,0.130941,0.262934,KNOWN
BoT-IoT,test,13991,DoS,1,0.401774,0.262934,ZERO_DAY
BoT-IoT,test,13992,DDoS,1,0.009855,0.262934,KNOWN
BoT-IoT,test,13993,DoS,1,0.16086,0.262934,KNOWN
BoT-IoT,test,13994,DoS,1,0.049699,0.262934,KNOWN
BoT-IoT,test,13995,DoS,1,0.127685,0.262934,KNOWN
BoT-IoT,test,13996,DDoS,1,0.060696,0.262934,KNOWN
BoT-IoT,test,13997,DDoS,1,0.01851,0.262934,KNOWN
BoT-IoT,test,13998,DoS,1,0.121015,0.262934,KNOWN
BoT-IoT,test,13999,DoS,1,0.149917,0.262934,KNOWN
BoT-IoT,test,14000,DDoS,1,0.046688,0.262934,KNOWN
BoT-IoT,test,14001,Normal,1,0.064826,0.262934,KNOWN
BoT-IoT,test,14002,DoS,1,0.00663,0.262934,KNOWN
BoT-IoT,test,14003,DoS,1,0.072021,0.262934,KNOWN
BoT-IoT,test,14004,DoS,1,0.084266,0.262934,KNOWN
BoT-IoT,test,14005,DoS,1,0.073759,0.262934,KNOWN
BoT-IoT,test,14006,DDoS,1,0.050002,0.262934,KNOWN
BoT-IoT,test,14007,DoS,1,0.076779,0.262934,KNOWN
BoT-IoT,test,14008,DoS,1,0.051845,0.262934,KNOWN
BoT-IoT,test,14009,DDoS,1,0.112889,0.262934,KNOWN
BoT-IoT,test,14010,DDoS,1,0.042991,0.262934,KNOWN
BoT-IoT,test,14011,DDoS,1,0.020261,0.262934,KNOWN
BoT-IoT,test,14012,DDoS,1,0.016612,0.262934,KNOWN
BoT-IoT,test,14013,DoS,1,0.17178,0.262934,KNOWN
BoT-IoT,test,14014,DDoS,1,0.162106,0.262934,KNOWN
BoT-IoT,test,14015,DDoS,1,0.111072,0.262934,KNOWN
BoT-IoT,test,14016,DoS,1,0.232657,0.262934,KNOWN
BoT-IoT,test,14017,DoS,1,0.090801,0.262934,KNOWN
BoT-IoT,test,14018,DoS,1,0.025658,0.262934,KNOWN
BoT-IoT,test,14019,DoS,1,0.088978,0.262934,KNOWN
BoT-IoT,test,14020,DoS,1,0.155131,0.262934,KNOWN
BoT-IoT,test,14021,Reconnaissance,1,0.006811,0.262934,KNOWN
BoT-IoT,test,14022,DoS,1,0.054608,0.262934,KNOWN
BoT-IoT,test,14023,DoS,1,0.207427,0.262934,KNOWN
BoT-IoT,test,14024,Normal,1,0.042317,0.262934,KNOWN
BoT-IoT,test,14025,Normal,1,0.012417,0.262934,KNOWN
BoT-IoT,test,14026,DoS,1,0.074576,0.262934,KNOWN
BoT-IoT,test,14027,DDoS,1,0.033839,0.262934,KNOWN
BoT-IoT,test,14028,DoS,1,0.067256,0.262934,KNOWN
BoT-IoT,test,14029,DoS,1,0.19139,0.262934,KNOWN
BoT-IoT,test,14030,DDoS,1,0.047314,0.262934,KNOWN
BoT-IoT,test,14031,DoS,1,0.231162,0.262934,KNOWN
BoT-IoT,test,14032,Reconnaissance,1,0.035384,0.262934,KNOWN
BoT-IoT,test,14033,DDoS,1,0.13042,0.262934,KNOWN
BoT-IoT,test,14034,DDoS,1,0.000927,0.262934,KNOWN
BoT-IoT,test,14035,DDoS,1,0.000744,0.262934,KNOWN
BoT-IoT,test,14036,DDoS,1,0.013935,0.262934,KNOWN
BoT-IoT,test,14037,DDoS,1,0.023492,0.262934,KNOWN
BoT-IoT,test,14038,DoS,1,0.051662,0.262934,KNOWN
BoT-IoT,test,14039,DDoS,1,0.303254,0.262934,ZERO_DAY
BoT-IoT,test,14040,DDoS,1,0.159574,0.262934,KNOWN
BoT-IoT,test,14041,DDoS,1,0.048287,0.262934,KNOWN
BoT-IoT,test,14042,DoS,1,0.000562,0.262934,KNOWN
BoT-IoT,test,14043,DoS,1,0.143548,0.262934,KNOWN
BoT-IoT,test,14044,DoS,1,0.076207,0.262934,KNOWN
BoT-IoT,test,14045,Normal,1,0.020926,0.262934,KNOWN
BoT-IoT,test,14046,DoS,1,0.011473,0.262934,KNOWN
BoT-IoT,test,14047,DDoS,1,0.159762,0.262934,KNOWN
BoT-IoT,test,14048,DDoS,1,0.129189,0.262934,KNOWN
BoT-IoT,test,14049,DoS,1,0.141303,0.262934,KNOWN
BoT-IoT,test,14050,DoS,1,0.102411,0.262934,KNOWN
BoT-IoT,test,14051,DDoS,1,0.001127,0.262934,KNOWN
BoT-IoT,test,14052,DoS,1,0.070292,0.262934,KNOWN
BoT-IoT,test,14053,DoS,1,0.12329,0.262934,KNOWN
BoT-IoT,test,14054,Normal,1,0.036393,0.262934,KNOWN
BoT-IoT,test,14055,DoS,1,0.00607,0.262934,KNOWN
BoT-IoT,test,14056,DDoS,1,0.016564,0.262934,KNOWN
BoT-IoT,test,14057,DoS,1,0.002593,0.262934,KNOWN
BoT-IoT,test,14058,DoS,1,0.05047,0.262934,KNOWN
BoT-IoT,test,14059,DDoS,1,0.106059,0.262934,KNOWN
BoT-IoT,test,14060,DDoS,1,0.256161,0.262934,KNOWN
BoT-IoT,test,14061,DDoS,1,0.026867,0.262934,KNOWN
BoT-IoT,test,14062,DDoS,1,0.180873,0.262934,KNOWN
BoT-IoT,test,14063,DoS,1,0.083965,0.262934,KNOWN
BoT-IoT,test,14064,Normal,1,0.170583,0.262934,KNOWN
BoT-IoT,test,14065,DoS,1,0.491038,0.262934,ZERO_DAY
BoT-IoT,test,14066,DDoS,1,0.258678,0.262934,KNOWN
BoT-IoT,test,14067,DDoS,1,0.042849,0.262934,KNOWN
BoT-IoT,test,14068,DoS,1,0.160325,0.262934,KNOWN
BoT-IoT,test,14069,DoS,1,0.194281,0.262934,KNOWN
BoT-IoT,test,14070,DDoS,1,0.081499,0.262934,KNOWN
BoT-IoT,test,14071,DoS,1,0.133655,0.262934,KNOWN
BoT-IoT,test,14072,DoS,1,0.017087,0.262934,KNOWN
BoT-IoT,test,14073,DDoS,1,0.171389,0.262934,KNOWN
BoT-IoT,test,14074,DoS,1,0.123571,0.262934,KNOWN
BoT-IoT,test,14075,Normal,1,0.053793,0.262934,KNOWN
BoT-IoT,test,14076,DDoS,1,0.04816,0.262934,KNOWN
BoT-IoT,test,14077,DDoS,1,0.069895,0.262934,KNOWN
BoT-IoT,test,14078,DoS,1,0.150478,0.262934,KNOWN
BoT-IoT,test,14079,DDoS,1,0.208953,0.262934,KNOWN
BoT-IoT,test,14080,DoS,1,0.029402,0.262934,KNOWN
BoT-IoT,test,14081,DoS,1,0.056803,0.262934,KNOWN
BoT-IoT,test,14082,DDoS,1,0.074241,0.262934,KNOWN
BoT-IoT,test,14083,DoS,1,0.146496,0.262934,KNOWN
BoT-IoT,test,14084,DoS,1,0.213451,0.262934,KNOWN
BoT-IoT,test,14085,Reconnaissance,1,0.01871,0.262934,KNOWN
BoT-IoT,test,14086,DDoS,1,0.272798,0.262934,ZERO_DAY
BoT-IoT,test,14087,DDoS,1,0.189113,0.262934,KNOWN
BoT-IoT,test,14088,DoS,1,0.161532,0.262934,KNOWN
BoT-IoT,test,14089,DDoS,1,0.011543,0.262934,KNOWN
BoT-IoT,test,14090,DoS,1,0.037893,0.262934,KNOWN
BoT-IoT,test,14091,DDoS,1,0.270712,0.262934,ZERO_DAY
BoT-IoT,test,14092,DDoS,1,0.021277,0.262934,KNOWN
BoT-IoT,test,14093,DoS,1,0.121203,0.262934,KNOWN
BoT-IoT,test,14094,DoS,1,0.007511,0.262934,KNOWN
BoT-IoT,test,14095,DDoS,1,0.188123,0.262934,KNOWN
BoT-IoT,test,14096,DoS,1,0.003679,0.262934,KNOWN
BoT-IoT,test,14097,DDoS,1,0.184589,0.262934,KNOWN
BoT-IoT,test,14098,DoS,1,0.06401,0.262934,KNOWN
BoT-IoT,test,14099,DDoS,1,0.016023,0.262934,KNOWN
BoT-IoT,test,14100,DDoS,1,0.020041,0.262934,KNOWN
BoT-IoT,test,14101,DoS,1,0.122684,0.262934,KNOWN
BoT-IoT,test,14102,Reconnaissance,1,0.059759,0.262934,KNOWN
BoT-IoT,test,14103,DoS,1,0.217221,0.262934,KNOWN
BoT-IoT,test,14104,DoS,1,0.293348,0.262934,ZERO_DAY
BoT-IoT,test,14105,DDoS,1,0.263038,0.262934,ZERO_DAY
BoT-IoT,test,14106,DoS,1,0.395874,0.262934,ZERO_DAY
BoT-IoT,test,14107,DoS,1,0.297897,0.262934,ZERO_DAY
BoT-IoT,test,14108,DDoS,1,0.007975,0.262934,KNOWN
BoT-IoT,test,14109,DoS,1,0.061095,0.262934,KNOWN
BoT-IoT,test,14110,DoS,1,0.1026,0.262934,KNOWN
BoT-IoT,test,14111,DDoS,1,0.233108,0.262934,KNOWN
BoT-IoT,test,14112,DDoS,1,0.073479,0.262934,KNOWN
BoT-IoT,test,14113,DoS,1,0.073325,0.262934,KNOWN
BoT-IoT,test,14114,DoS,1,0.059821,0.262934,KNOWN
BoT-IoT,test,14115,DDoS,1,0.028306,0.262934,KNOWN
BoT-IoT,test,14116,Normal,1,0.021978,0.262934,KNOWN
BoT-IoT,test,14117,DDoS,1,0.097554,0.262934,KNOWN
BoT-IoT,test,14118,DoS,1,0.172915,0.262934,KNOWN
BoT-IoT,test,14119,DoS,1,0.009862,0.262934,KNOWN
BoT-IoT,test,14120,DDoS,1,0.015413,0.262934,KNOWN
BoT-IoT,test,14121,DDoS,1,0.173036,0.262934,KNOWN
BoT-IoT,test,14122,DDoS,1,0.195414,0.262934,KNOWN
BoT-IoT,test,14123,DDoS,1,0.24622,0.262934,KNOWN
BoT-IoT,test,14124,DoS,1,0.396232,0.262934,ZERO_DAY
BoT-IoT,test,14125,DoS,1,0.067231,0.262934,KNOWN
BoT-IoT,test,14126,DoS,1,0.049122,0.262934,KNOWN
BoT-IoT,test,14127,DDoS,1,0.010015,0.262934,KNOWN
BoT-IoT,test,14128,DDoS,1,0.360048,0.262934,ZERO_DAY
BoT-IoT,test,14129,DDoS,1,0.083963,0.262934,KNOWN
BoT-IoT,test,14130,DoS,1,0.234924,0.262934,KNOWN
BoT-IoT,test,14131,DDoS,1,0.380593,0.262934,ZERO_DAY
BoT-IoT,test,14132,DDoS,1,0.219496,0.262934,KNOWN
BoT-IoT,test,14133,Normal,1,0.070751,0.262934,KNOWN
BoT-IoT,test,14134,DDoS,1,0.222738,0.262934,KNOWN
BoT-IoT,test,14135,DoS,1,0.12622,0.262934,KNOWN
BoT-IoT,test,14136,DoS,1,0.173354,0.262934,KNOWN
BoT-IoT,test,14137,DDoS,1,0.069798,0.262934,KNOWN
BoT-IoT,test,14138,DDoS,1,0.085018,0.262934,KNOWN
BoT-IoT,test,14139,DoS,1,0.091441,0.262934,KNOWN
BoT-IoT,test,14140,DDoS,1,0.107513,0.262934,KNOWN
BoT-IoT,test,14141,Reconnaissance,1,0.04274,0.262934,KNOWN
BoT-IoT,test,14142,DDoS,1,0.331086,0.262934,ZERO_DAY
BoT-IoT,test,14143,DoS,1,0.120415,0.262934,KNOWN
BoT-IoT,test,14144,Reconnaissance,1,0.062526,0.262934,KNOWN
BoT-IoT,test,14145,DoS,1,0.069497,0.262934,KNOWN
BoT-IoT,test,14146,DDoS,1,0.098095,0.262934,KNOWN
BoT-IoT,test,14147,DoS,1,0.018065,0.262934,KNOWN
BoT-IoT,test,14148,DoS,1,0.091475,0.262934,KNOWN
BoT-IoT,test,14149,DoS,1,0.074521,0.262934,KNOWN
BoT-IoT,test,14150,DDoS,1,0.179966,0.262934,KNOWN
BoT-IoT,test,14151,DDoS,1,0.133096,0.262934,KNOWN
BoT-IoT,test,14152,DoS,1,0.140689,0.262934,KNOWN
BoT-IoT,test,14153,DDoS,1,0.153673,0.262934,KNOWN
BoT-IoT,test,14154,DoS,1,0.129909,0.262934,KNOWN
BoT-IoT,test,14155,DDoS,1,0.066099,0.262934,KNOWN
BoT-IoT,test,14156,DoS,1,0.036236,0.262934,KNOWN
BoT-IoT,test,14157,DDoS,1,0.314792,0.262934,ZERO_DAY
BoT-IoT,test,14158,DDoS,1,0.191382,0.262934,KNOWN
BoT-IoT,test,14159,DoS,1,0.16395,0.262934,KNOWN
BoT-IoT,test,14160,DDoS,1,0.025336,0.262934,KNOWN
BoT-IoT,test,14161,DDoS,1,0.151605,0.262934,KNOWN
BoT-IoT,test,14162,DDoS,1,0.076063,0.262934,KNOWN
BoT-IoT,test,14163,DDoS,1,0.111301,0.262934,KNOWN
BoT-IoT,test,14164,DDoS,1,0.055088,0.262934,KNOWN
BoT-IoT,test,14165,DDoS,1,0.029298,0.262934,KNOWN
BoT-IoT,test,14166,DoS,1,0.0898,0.262934,KNOWN
BoT-IoT,test,14167,DDoS,1,0.084414,0.262934,KNOWN
BoT-IoT,test,14168,DoS,1,0.165696,0.262934,KNOWN
BoT-IoT,test,14169,DDoS,1,0.01605,0.262934,KNOWN
BoT-IoT,test,14170,DoS,1,0.03828,0.262934,KNOWN
BoT-IoT,test,14171,DDoS,1,0.182539,0.262934,KNOWN
BoT-IoT,test,14172,DDoS,1,0.088527,0.262934,KNOWN
BoT-IoT,test,14173,DDoS,1,0.038428,0.262934,KNOWN
BoT-IoT,test,14174,DoS,1,0.037347,0.262934,KNOWN
BoT-IoT,test,14175,DDoS,1,0.068927,0.262934,KNOWN
BoT-IoT,test,14176,DDoS,1,0.092778,0.262934,KNOWN
BoT-IoT,test,14177,DDoS,1,0.107588,0.262934,KNOWN
BoT-IoT,test,14178,DDoS,1,0.127404,0.262934,KNOWN
BoT-IoT,test,14179,DDoS,1,0.119164,0.262934,KNOWN
BoT-IoT,test,14180,DoS,1,0.093943,0.262934,KNOWN
BoT-IoT,test,14181,DDoS,1,0.114121,0.262934,KNOWN
BoT-IoT,test,14182,DDoS,1,0.017159,0.262934,KNOWN
BoT-IoT,test,14183,DoS,1,0.082732,0.262934,KNOWN
BoT-IoT,test,14184,DDoS,1,0.019763,0.262934,KNOWN
BoT-IoT,test,14185,DoS,1,0.025944,0.262934,KNOWN
BoT-IoT,test,14186,DDoS,1,0.214466,0.262934,KNOWN
BoT-IoT,test,14187,DDoS,1,0.014225,0.262934,KNOWN
BoT-IoT,test,14188,DDoS,1,0.019712,0.262934,KNOWN
BoT-IoT,test,14189,DoS,1,0.04648,0.262934,KNOWN
BoT-IoT,test,14190,DoS,1,0.060965,0.262934,KNOWN
BoT-IoT,test,14191,Reconnaissance,1,0.014558,0.262934,KNOWN
BoT-IoT,test,14192,DDoS,1,0.111019,0.262934,KNOWN
BoT-IoT,test,14193,DoS,1,0.212605,0.262934,KNOWN
BoT-IoT,test,14194,DDoS,1,0.060009,0.262934,KNOWN
BoT-IoT,test,14195,DoS,1,0.008915,0.262934,KNOWN
BoT-IoT,test,14196,DDoS,1,0.047158,0.262934,KNOWN
BoT-IoT,test,14197,DDoS,1,0.236948,0.262934,KNOWN
BoT-IoT,test,14198,DoS,1,0.0381,0.262934,KNOWN
BoT-IoT,test,14199,DDoS,1,0.042934,0.262934,KNOWN
BoT-IoT,test,14200,DoS,1,0.291583,0.262934,ZERO_DAY
BoT-IoT,test,14201,DDoS,1,0.147766,0.262934,KNOWN
BoT-IoT,test,14202,DDoS,1,0.18849,0.262934,KNOWN
BoT-IoT,test,14203,DDoS,1,0.091999,0.262934,KNOWN
BoT-IoT,test,14204,DoS,1,0.017634,0.262934,KNOWN
BoT-IoT,test,14205,DDoS,1,0.100307,0.262934,KNOWN
BoT-IoT,test,14206,DoS,1,0.049981,0.262934,KNOWN
BoT-IoT,test,14207,DDoS,1,0.113124,0.262934,KNOWN
BoT-IoT,test,14208,DoS,1,0.078489,0.262934,KNOWN
BoT-IoT,test,14209,DDoS,1,0.014605,0.262934,KNOWN
BoT-IoT,test,14210,DDoS,1,0.274658,0.262934,ZERO_DAY
BoT-IoT,test,14211,DDoS,1,0.061946,0.262934,KNOWN
BoT-IoT,test,14212,DoS,1,0.012306,0.262934,KNOWN
BoT-IoT,test,14213,DDoS,1,0.207214,0.262934,KNOWN
BoT-IoT,test,14214,DoS,1,0.34535,0.262934,ZERO_DAY
BoT-IoT,test,14215,DoS,1,0.200293,0.262934,KNOWN
BoT-IoT,test,14216,DoS,1,0.06698,0.262934,KNOWN
BoT-IoT,test,14217,DoS,1,0.113422,0.262934,KNOWN
BoT-IoT,test,14218,Normal,1,0.11197,0.262934,KNOWN
BoT-IoT,test,14219,DDoS,1,0.017969,0.262934,KNOWN
BoT-IoT,test,14220,DoS,1,0.060723,0.262934,KNOWN
BoT-IoT,test,14221,DoS,1,0.004664,0.262934,KNOWN
BoT-IoT,test,14222,DoS,1,0.096934,0.262934,KNOWN
BoT-IoT,test,14223,DDoS,1,0.076965,0.262934,KNOWN
BoT-IoT,test,14224,DoS,1,0.313257,0.262934,ZERO_DAY
BoT-IoT,test,14225,DDoS,1,0.081476,0.262934,KNOWN
BoT-IoT,test,14226,DoS,1,0.046387,0.262934,KNOWN
BoT-IoT,test,14227,DoS,1,0.211681,0.262934,KNOWN
BoT-IoT,test,14228,DoS,1,0.033396,0.262934,KNOWN
BoT-IoT,test,14229,DDoS,1,0.102396,0.262934,KNOWN
BoT-IoT,test,14230,DoS,1,0.047495,0.262934,KNOWN
BoT-IoT,test,14231,DoS,1,0.064451,0.262934,KNOWN
BoT-IoT,test,14232,DDoS,1,0.070446,0.262934,KNOWN
BoT-IoT,test,14233,DDoS,1,0.005602,0.262934,KNOWN
BoT-IoT,test,14234,DDoS,1,0.17062,0.262934,KNOWN
BoT-IoT,test,14235,DDoS,1,0.067395,0.262934,KNOWN
BoT-IoT,test,14236,DoS,1,0.074049,0.262934,KNOWN
BoT-IoT,test,14237,DDoS,1,0.032119,0.262934,KNOWN
BoT-IoT,test,14238,DDoS,1,0.16725,0.262934,KNOWN
BoT-IoT,test,14239,DDoS,1,0.09103,0.262934,KNOWN
BoT-IoT,test,14240,DDoS,1,0.025868,0.262934,KNOWN
BoT-IoT,test,14241,DDoS,1,0.034375,0.262934,KNOWN
BoT-IoT,test,14242,DoS,1,0.17232,0.262934,KNOWN
BoT-IoT,test,14243,DDoS,1,0.121516,0.262934,KNOWN
BoT-IoT,test,14244,DDoS,1,0.066009,0.262934,KNOWN
BoT-IoT,test,14245,DoS,1,0.036533,0.262934,KNOWN
BoT-IoT,test,14246,DDoS,1,0.004204,0.262934,KNOWN
BoT-IoT,test,14247,DoS,1,0.041994,0.262934,KNOWN
BoT-IoT,test,14248,DoS,1,0.01099,0.262934,KNOWN
BoT-IoT,test,14249,DoS,1,0.135941,0.262934,KNOWN
BoT-IoT,test,14250,DDoS,1,0.106702,0.262934,KNOWN
BoT-IoT,test,14251,DDoS,1,0.011865,0.262934,KNOWN
BoT-IoT,test,14252,DDoS,1,0.159786,0.262934,KNOWN
BoT-IoT,test,14253,DDoS,1,0.137964,0.262934,KNOWN
BoT-IoT,test,14254,DDoS,1,0.005988,0.262934,KNOWN
BoT-IoT,test,14255,DoS,1,0.122057,0.262934,KNOWN
BoT-IoT,test,14256,DoS,1,0.268465,0.262934,ZERO_DAY
BoT-IoT,test,14257,DDoS,1,0.021143,0.262934,KNOWN
BoT-IoT,test,14258,DoS,1,0.017963,0.262934,KNOWN
BoT-IoT,test,14259,DDoS,1,0.092079,0.262934,KNOWN
BoT-IoT,test,14260,DDoS,1,0.007689,0.262934,KNOWN
BoT-IoT,test,14261,DoS,1,0.013015,0.262934,KNOWN
BoT-IoT,test,14262,DDoS,1,0.034553,0.262934,KNOWN
BoT-IoT,test,14263,DoS,1,0.146408,0.262934,KNOWN
BoT-IoT,test,14264,DDoS,1,0.073526,0.262934,KNOWN
BoT-IoT,test,14265,DoS,1,0.135683,0.262934,KNOWN
BoT-IoT,test,14266,DDoS,1,0.016582,0.262934,KNOWN
BoT-IoT,test,14267,DDoS,1,0.053108,0.262934,KNOWN
BoT-IoT,test,14268,DDoS,1,0.06579,0.262934,KNOWN
BoT-IoT,test,14269,DoS,1,0.205077,0.262934,KNOWN
BoT-IoT,test,14270,DoS,1,0.206843,0.262934,KNOWN
BoT-IoT,test,14271,DDoS,1,0.104735,0.262934,KNOWN
BoT-IoT,test,14272,Normal,1,0.123927,0.262934,KNOWN
BoT-IoT,test,14273,DDoS,1,0.029356,0.262934,KNOWN
BoT-IoT,test,14274,DoS,1,0.261587,0.262934,KNOWN
BoT-IoT,test,14275,DDoS,1,0.09895,0.262934,KNOWN
BoT-IoT,test,14276,DoS,1,0.007937,0.262934,KNOWN
BoT-IoT,test,14277,DDoS,1,0.067975,0.262934,KNOWN
BoT-IoT,test,14278,DDoS,1,0.187434,0.262934,KNOWN
BoT-IoT,test,14279,DDoS,1,0.147257,0.262934,KNOWN
BoT-IoT,test,14280,DoS,1,0.123231,0.262934,KNOWN
BoT-IoT,test,14281,DoS,1,0.112045,0.262934,KNOWN
BoT-IoT,test,14282,DoS,1,0.029308,0.262934,KNOWN
BoT-IoT,test,14283,DDoS,1,0.107974,0.262934,KNOWN
BoT-IoT,test,14284,DoS,1,0.037216,0.262934,KNOWN
BoT-IoT,test,14285,DDoS,1,0.152418,0.262934,KNOWN
BoT-IoT,test,14286,DoS,1,0.100027,0.262934,KNOWN
BoT-IoT,test,14287,DDoS,1,0.169047,0.262934,KNOWN
BoT-IoT,test,14288,DDoS,1,0.164659,0.262934,KNOWN
BoT-IoT,test,14289,DDoS,1,0.09214,0.262934,KNOWN
BoT-IoT,test,14290,DDoS,1,0.110215,0.262934,KNOWN
BoT-IoT,test,14291,DDoS,1,0.087614,0.262934,KNOWN
BoT-IoT,test,14292,DDoS,1,0.046178,0.262934,KNOWN
BoT-IoT,test,14293,DoS,1,0.022944,0.262934,KNOWN
BoT-IoT,test,14294,DoS,1,0.032221,0.262934,KNOWN
BoT-IoT,test,14295,DDoS,1,0.185246,0.262934,KNOWN
BoT-IoT,test,14296,DDoS,1,0.007545,0.262934,KNOWN
BoT-IoT,test,14297,DoS,1,0.006139,0.262934,KNOWN
BoT-IoT,test,14298,DoS,1,0.034468,0.262934,KNOWN
BoT-IoT,test,14299,DoS,1,0.162416,0.262934,KNOWN
BoT-IoT,test,14300,DoS,1,0.036474,0.262934,KNOWN
BoT-IoT,test,14301,DDoS,1,0.090702,0.262934,KNOWN
BoT-IoT,test,14302,DDoS,1,0.046429,0.262934,KNOWN
BoT-IoT,test,14303,DDoS,1,0.047925,0.262934,KNOWN
BoT-IoT,test,14304,DoS,1,0.036371,0.262934,KNOWN
BoT-IoT,test,14305,DDoS,1,0.102932,0.262934,KNOWN
BoT-IoT,test,14306,DoS,1,0.116607,0.262934,KNOWN
BoT-IoT,test,14307,DoS,1,0.026818,0.262934,KNOWN
BoT-IoT,test,14308,DDoS,1,0.157668,0.262934,KNOWN
BoT-IoT,test,14309,DoS,1,0.022542,0.262934,KNOWN
BoT-IoT,test,14310,DDoS,1,0.087942,0.262934,KNOWN
BoT-IoT,test,14311,DDoS,1,0.147129,0.262934,KNOWN
BoT-IoT,test,14312,DDoS,1,0.013115,0.262934,KNOWN
BoT-IoT,test,14313,DDoS,1,0.140694,0.262934,KNOWN
BoT-IoT,test,14314,DDoS,1,0.069189,0.262934,KNOWN
BoT-IoT,test,14315,DoS,1,0.398391,0.262934,ZERO_DAY
BoT-IoT,test,14316,DDoS,1,0.019505,0.262934,KNOWN
BoT-IoT,test,14317,Normal,1,0.100566,0.262934,KNOWN
BoT-IoT,test,14318,DoS,1,0.018325,0.262934,KNOWN
BoT-IoT,test,14319,Normal,1,0.154192,0.262934,KNOWN
BoT-IoT,test,14320,Reconnaissance,1,0.213014,0.262934,KNOWN
BoT-IoT,test,14321,DDoS,1,0.121125,0.262934,KNOWN
BoT-IoT,test,14322,DoS,1,0.06226,0.262934,KNOWN
BoT-IoT,test,14323,DDoS,1,0.1471,0.262934,KNOWN
BoT-IoT,test,14324,DoS,1,0.123877,0.262934,KNOWN
BoT-IoT,test,14325,DoS,1,0.135526,0.262934,KNOWN
BoT-IoT,test,14326,DDoS,1,0.029484,0.262934,KNOWN
BoT-IoT,test,14327,DDoS,1,0.059655,0.262934,KNOWN
BoT-IoT,test,14328,DDoS,1,0.04691,0.262934,KNOWN
BoT-IoT,test,14329,DDoS,1,0.223312,0.262934,KNOWN
BoT-IoT,test,14330,DDoS,1,0.295391,0.262934,ZERO_DAY
BoT-IoT,test,14331,DoS,1,0.032397,0.262934,KNOWN
BoT-IoT,test,14332,DoS,1,0.327994,0.262934,ZERO_DAY
BoT-IoT,test,14333,DoS,1,0.038458,0.262934,KNOWN
BoT-IoT,test,14334,DDoS,1,0.176289,0.262934,KNOWN
BoT-IoT,test,14335,DoS,1,0.090508,0.262934,KNOWN
BoT-IoT,test,14336,DoS,1,0.140641,0.262934,KNOWN
BoT-IoT,test,14337,Reconnaissance,1,0.208666,0.262934,KNOWN
BoT-IoT,test,14338,DDoS,1,0.045551,0.262934,KNOWN
BoT-IoT,test,14339,DoS,1,0.241995,0.262934,KNOWN
BoT-IoT,test,14340,DoS,1,0.018339,0.262934,KNOWN
BoT-IoT,test,14341,DDoS,1,0.09314,0.262934,KNOWN
BoT-IoT,test,14342,DoS,1,0.052488,0.262934,KNOWN
BoT-IoT,test,14343,DDoS,1,0.086146,0.262934,KNOWN
BoT-IoT,test,14344,DDoS,1,0.073637,0.262934,KNOWN
BoT-IoT,test,14345,DDoS,1,0.131416,0.262934,KNOWN
BoT-IoT,test,14346,DDoS,1,0.047506,0.262934,KNOWN
BoT-IoT,test,14347,DoS,1,0.143384,0.262934,KNOWN
BoT-IoT,test,14348,DoS,1,0.046894,0.262934,KNOWN
BoT-IoT,test,14349,DoS,1,0.109468,0.262934,KNOWN
BoT-IoT,test,14350,DDoS,1,0.260817,0.262934,KNOWN
BoT-IoT,test,14351,DDoS,1,0.169839,0.262934,KNOWN
BoT-IoT,test,14352,DDoS,1,0.0195,0.262934,KNOWN
BoT-IoT,test,14353,DDoS,1,0.003841,0.262934,KNOWN
BoT-IoT,test,14354,DDoS,1,0.148033,0.262934,KNOWN
BoT-IoT,test,14355,DoS,1,0.307862,0.262934,ZERO_DAY
BoT-IoT,test,14356,DDoS,1,0.045047,0.262934,KNOWN
BoT-IoT,test,14357,DoS,1,0.1441,0.262934,KNOWN
BoT-IoT,test,14358,DoS,1,0.040502,0.262934,KNOWN
BoT-IoT,test,14359,DoS,1,0.518442,0.262934,ZERO_DAY
BoT-IoT,test,14360,Reconnaissance,1,0.306594,0.262934,ZERO_DAY
BoT-IoT,test,14361,DoS,1,0.019785,0.262934,KNOWN
BoT-IoT,test,14362,DoS,1,0.055855,0.262934,KNOWN
BoT-IoT,test,14363,DDoS,1,0.096707,0.262934,KNOWN
BoT-IoT,test,14364,DDoS,1,0.057172,0.262934,KNOWN
BoT-IoT,test,14365,DDoS,1,0.030228,0.262934,KNOWN
BoT-IoT,test,14366,DDoS,1,0.045595,0.262934,KNOWN
BoT-IoT,test,14367,DDoS,1,0.044104,0.262934,KNOWN
BoT-IoT,test,14368,DoS,1,0.281551,0.262934,ZERO_DAY
BoT-IoT,test,14369,DoS,1,0.017268,0.262934,KNOWN
BoT-IoT,test,14370,DDoS,1,0.113736,0.262934,KNOWN
BoT-IoT,test,14371,DDoS,1,0.017545,0.262934,KNOWN
BoT-IoT,test,14372,Normal,1,0.070742,0.262934,KNOWN
BoT-IoT,test,14373,DDoS,1,0.004011,0.262934,KNOWN
BoT-IoT,test,14374,DoS,1,0.080089,0.262934,KNOWN
BoT-IoT,test,14375,DoS,1,0.086658,0.262934,KNOWN
BoT-IoT,test,14376,DDoS,1,0.132259,0.262934,KNOWN
BoT-IoT,test,14377,DDoS,1,0.235022,0.262934,KNOWN
BoT-IoT,test,14378,DoS,1,0.093399,0.262934,KNOWN
BoT-IoT,test,14379,DoS,1,0.105371,0.262934,KNOWN
BoT-IoT,test,14380,DoS,1,0.139422,0.262934,KNOWN
BoT-IoT,test,14381,DDoS,1,0.031753,0.262934,KNOWN
BoT-IoT,test,14382,DDoS,1,0.159208,0.262934,KNOWN
BoT-IoT,test,14383,DDoS,1,0.148655,0.262934,KNOWN
BoT-IoT,test,14384,DDoS,1,0.0216,0.262934,KNOWN
BoT-IoT,test,14385,Normal,1,0.028976,0.262934,KNOWN
BoT-IoT,test,14386,DoS,1,0.122442,0.262934,KNOWN
BoT-IoT,test,14387,DDoS,1,0.060616,0.262934,KNOWN
BoT-IoT,test,14388,DDoS,1,0.212818,0.262934,KNOWN
BoT-IoT,test,14389,DoS,1,0.101135,0.262934,KNOWN
BoT-IoT,test,14390,DDoS,1,0.059589,0.262934,KNOWN
BoT-IoT,test,14391,DoS,1,0.186885,0.262934,KNOWN
BoT-IoT,test,14392,DDoS,1,0.051317,0.262934,KNOWN
BoT-IoT,test,14393,DDoS,1,0.03125,0.262934,KNOWN
BoT-IoT,test,14394,DDoS,1,0.04407,0.262934,KNOWN
BoT-IoT,test,14395,DoS,1,0.111343,0.262934,KNOWN
BoT-IoT,test,14396,DDoS,1,0.040405,0.262934,KNOWN
BoT-IoT,test,14397,DDoS,1,0.175256,0.262934,KNOWN
BoT-IoT,test,14398,DDoS,1,0.036723,0.262934,KNOWN
BoT-IoT,test,14399,DoS,1,0.147989,0.262934,KNOWN
BoT-IoT,test,14400,DDoS,1,0.118957,0.262934,KNOWN
BoT-IoT,test,14401,DDoS,1,0.053869,0.262934,KNOWN
BoT-IoT,test,14402,DoS,1,0.169854,0.262934,KNOWN
BoT-IoT,test,14403,DoS,1,0.054947,0.262934,KNOWN
BoT-IoT,test,14404,DDoS,1,0.05353,0.262934,KNOWN
BoT-IoT,test,14405,DoS,1,0.068053,0.262934,KNOWN
BoT-IoT,test,14406,DDoS,1,0.092266,0.262934,KNOWN
BoT-IoT,test,14407,DDoS,1,0.018073,0.262934,KNOWN
BoT-IoT,test,14408,DDoS,1,0.091286,0.262934,KNOWN
BoT-IoT,test,14409,DoS,1,0.121419,0.262934,KNOWN
BoT-IoT,test,14410,DoS,1,0.011991,0.262934,KNOWN
BoT-IoT,test,14411,DDoS,1,0.013404,0.262934,KNOWN
BoT-IoT,test,14412,DDoS,1,0.118162,0.262934,KNOWN
BoT-IoT,test,14413,DoS,1,0.065608,0.262934,KNOWN
BoT-IoT,test,14414,DoS,1,0.007977,0.262934,KNOWN
BoT-IoT,test,14415,DDoS,1,0.077121,0.262934,KNOWN
BoT-IoT,test,14416,DoS,1,0.033883,0.262934,KNOWN
BoT-IoT,test,14417,DDoS,1,0.042353,0.262934,KNOWN
BoT-IoT,test,14418,DDoS,1,0.034431,0.262934,KNOWN
BoT-IoT,test,14419,DDoS,1,0.048462,0.262934,KNOWN
BoT-IoT,test,14420,DDoS,1,0.137346,0.262934,KNOWN
BoT-IoT,test,14421,DoS,1,0.060914,0.262934,KNOWN
BoT-IoT,test,14422,DDoS,1,0.083823,0.262934,KNOWN
BoT-IoT,test,14423,DDoS,1,0.258579,0.262934,KNOWN
BoT-IoT,test,14424,DDoS,1,0.052505,0.262934,KNOWN
BoT-IoT,test,14425,DoS,1,0.034797,0.262934,KNOWN
BoT-IoT,test,14426,DDoS,1,0.297902,0.262934,ZERO_DAY
BoT-IoT,test,14427,DDoS,1,0.144235,0.262934,KNOWN
BoT-IoT,test,14428,DDoS,1,0.121724,0.262934,KNOWN
BoT-IoT,test,14429,DDoS,1,0.073265,0.262934,KNOWN
BoT-IoT,test,14430,DoS,1,0.073869,0.262934,KNOWN
BoT-IoT,test,14431,DoS,1,0.127748,0.262934,KNOWN
BoT-IoT,test,14432,DoS,1,0.002544,0.262934,KNOWN
BoT-IoT,test,14433,DoS,1,0.056292,0.262934,KNOWN
BoT-IoT,test,14434,DDoS,1,0.024175,0.262934,KNOWN
BoT-IoT,test,14435,DoS,1,0.077547,0.262934,KNOWN
BoT-IoT,test,14436,DDoS,1,0.022508,0.262934,KNOWN
BoT-IoT,test,14437,DDoS,1,0.052229,0.262934,KNOWN
BoT-IoT,test,14438,DoS,1,0.280404,0.262934,ZERO_DAY
BoT-IoT,test,14439,DoS,1,0.058107,0.262934,KNOWN
BoT-IoT,test,14440,DoS,1,0.173365,0.262934,KNOWN
BoT-IoT,test,14441,DDoS,1,0.110416,0.262934,KNOWN
BoT-IoT,test,14442,DoS,1,0.214718,0.262934,KNOWN
BoT-IoT,test,14443,DDoS,1,0.159791,0.262934,KNOWN
BoT-IoT,test,14444,DDoS,1,0.160942,0.262934,KNOWN
BoT-IoT,test,14445,DoS,1,0.009064,0.262934,KNOWN
BoT-IoT,test,14446,DoS,1,0.027605,0.262934,KNOWN
BoT-IoT,test,14447,DoS,1,0.025321,0.262934,KNOWN
BoT-IoT,test,14448,DDoS,1,0.021006,0.262934,KNOWN
BoT-IoT,test,14449,Normal,1,0.200447,0.262934,KNOWN
BoT-IoT,test,14450,DDoS,1,0.032149,0.262934,KNOWN
BoT-IoT,test,14451,DoS,1,0.142902,0.262934,KNOWN
BoT-IoT,test,14452,DDoS,1,0.024138,0.262934,KNOWN
BoT-IoT,test,14453,DoS,1,0.069508,0.262934,KNOWN
BoT-IoT,test,14454,DoS,1,0.156934,0.262934,KNOWN
BoT-IoT,test,14455,DDoS,1,0.309351,0.262934,ZERO_DAY
BoT-IoT,test,14456,DDoS,1,0.120819,0.262934,KNOWN
BoT-IoT,test,14457,DDoS,1,0.08842,0.262934,KNOWN
BoT-IoT,test,14458,DoS,1,0.017556,0.262934,KNOWN
BoT-IoT,test,14459,DoS,1,0.001982,0.262934,KNOWN
BoT-IoT,test,14460,DDoS,1,0.078686,0.262934,KNOWN
BoT-IoT,test,14461,DDoS,1,0.121179,0.262934,KNOWN
BoT-IoT,test,14462,DDoS,1,0.143692,0.262934,KNOWN
BoT-IoT,test,14463,DDoS,1,0.034216,0.262934,KNOWN
BoT-IoT,test,14464,DoS,1,0.03419,0.262934,KNOWN
BoT-IoT,test,14465,DoS,1,0.098431,0.262934,KNOWN
BoT-IoT,test,14466,DoS,1,0.108524,0.262934,KNOWN
BoT-IoT,test,14467,DDoS,1,0.012577,0.262934,KNOWN
BoT-IoT,test,14468,DDoS,1,0.108033,0.262934,KNOWN
BoT-IoT,test,14469,DoS,1,0.111271,0.262934,KNOWN
BoT-IoT,test,14470,DDoS,1,0.081677,0.262934,KNOWN
BoT-IoT,test,14471,DoS,1,0.092505,0.262934,KNOWN
BoT-IoT,test,14472,DDoS,1,0.015347,0.262934,KNOWN
BoT-IoT,test,14473,DDoS,1,0.029436,0.262934,KNOWN
BoT-IoT,test,14474,DDoS,1,0.141481,0.262934,KNOWN
BoT-IoT,test,14475,DDoS,1,0.024131,0.262934,KNOWN
BoT-IoT,test,14476,DoS,1,0.046369,0.262934,KNOWN
BoT-IoT,test,14477,DDoS,1,0.47527,0.262934,ZERO_DAY
BoT-IoT,test,14478,DDoS,1,0.023832,0.262934,KNOWN
BoT-IoT,test,14479,DoS,1,0.06996,0.262934,KNOWN
BoT-IoT,test,14480,DoS,1,0.103199,0.262934,KNOWN
BoT-IoT,test,14481,DDoS,1,0.094581,0.262934,KNOWN
BoT-IoT,test,14482,DoS,1,0.105774,0.262934,KNOWN
BoT-IoT,test,14483,DDoS,1,0.016757,0.262934,KNOWN
BoT-IoT,test,14484,DoS,1,0.025657,0.262934,KNOWN
BoT-IoT,test,14485,DDoS,1,0.139707,0.262934,KNOWN
BoT-IoT,test,14486,DDoS,1,0.227567,0.262934,KNOWN
BoT-IoT,test,14487,DoS,1,0.048682,0.262934,KNOWN
BoT-IoT,test,14488,DDoS,1,0.069353,0.262934,KNOWN
BoT-IoT,test,14489,DDoS,1,0.128519,0.262934,KNOWN
BoT-IoT,test,14490,DDoS,1,0.097838,0.262934,KNOWN
BoT-IoT,test,14491,DDoS,1,0.093806,0.262934,KNOWN
BoT-IoT,test,14492,DDoS,1,0.002134,0.262934,KNOWN
BoT-IoT,test,14493,Normal,1,0.241982,0.262934,KNOWN
BoT-IoT,test,14494,DoS,1,0.146131,0.262934,KNOWN
BoT-IoT,test,14495,Normal,1,0.077766,0.262934,KNOWN
BoT-IoT,test,14496,DoS,1,0.050731,0.262934,KNOWN
BoT-IoT,test,14497,DDoS,1,0.325949,0.262934,ZERO_DAY
BoT-IoT,test,14498,DDoS,1,0.070661,0.262934,KNOWN
BoT-IoT,test,14499,DoS,1,0.188094,0.262934,KNOWN
BoT-IoT,test,14500,DDoS,1,0.006413,0.262934,KNOWN
BoT-IoT,test,14501,DoS,1,0.066017,0.262934,KNOWN
BoT-IoT,test,14502,DDoS,1,0.103392,0.262934,KNOWN
BoT-IoT,test,14503,DDoS,1,0.131835,0.262934,KNOWN
BoT-IoT,test,14504,DoS,1,0.05546,0.262934,KNOWN
BoT-IoT,test,14505,DoS,1,0.032828,0.262934,KNOWN
BoT-IoT,test,14506,DDoS,1,0.24551,0.262934,KNOWN
BoT-IoT,test,14507,DoS,1,0.012815,0.262934,KNOWN
BoT-IoT,test,14508,DoS,1,0.152275,0.262934,KNOWN
BoT-IoT,test,14509,DDoS,1,0.128442,0.262934,KNOWN
BoT-IoT,test,14510,DDoS,1,0.091174,0.262934,KNOWN
BoT-IoT,test,14511,DDoS,1,0.091828,0.262934,KNOWN
BoT-IoT,test,14512,DDoS,1,0.418695,0.262934,ZERO_DAY
BoT-IoT,test,14513,DDoS,1,0.05242,0.262934,KNOWN
BoT-IoT,test,14514,DDoS,1,0.017117,0.262934,KNOWN
BoT-IoT,test,14515,DoS,1,0.168701,0.262934,KNOWN
BoT-IoT,test,14516,DDoS,1,0.007493,0.262934,KNOWN
BoT-IoT,test,14517,DDoS,1,0.145122,0.262934,KNOWN
BoT-IoT,test,14518,DoS,1,0.135774,0.262934,KNOWN
BoT-IoT,test,14519,DDoS,1,0.069346,0.262934,KNOWN
BoT-IoT,test,14520,DoS,1,0.071388,0.262934,KNOWN
BoT-IoT,test,14521,DDoS,1,0.09569,0.262934,KNOWN
BoT-IoT,test,14522,DDoS,1,0.024428,0.262934,KNOWN
BoT-IoT,test,14523,DoS,1,0.027026,0.262934,KNOWN
BoT-IoT,test,14524,DoS,1,0.020585,0.262934,KNOWN
BoT-IoT,test,14525,DDoS,1,0.068472,0.262934,KNOWN
BoT-IoT,test,14526,DDoS,1,0.042839,0.262934,KNOWN
BoT-IoT,test,14527,DDoS,1,0.008637,0.262934,KNOWN
BoT-IoT,test,14528,DoS,1,0.121883,0.262934,KNOWN
BoT-IoT,test,14529,DoS,1,0.079688,0.262934,KNOWN
BoT-IoT,test,14530,Normal,1,0.116358,0.262934,KNOWN
BoT-IoT,test,14531,DoS,1,0.070163,0.262934,KNOWN
BoT-IoT,test,14532,DoS,1,0.050014,0.262934,KNOWN
BoT-IoT,test,14533,DDoS,1,0.058889,0.262934,KNOWN
BoT-IoT,test,14534,DDoS,1,0.054235,0.262934,KNOWN
BoT-IoT,test,14535,DoS,1,0.0081,0.262934,KNOWN
BoT-IoT,test,14536,DDoS,1,0.018262,0.262934,KNOWN
BoT-IoT,test,14537,DDoS,1,0.013121,0.262934,KNOWN
BoT-IoT,test,14538,DDoS,1,0.118659,0.262934,KNOWN
BoT-IoT,test,14539,DDoS,1,0.179335,0.262934,KNOWN
BoT-IoT,test,14540,DDoS,1,0.095791,0.262934,KNOWN
BoT-IoT,test,14541,DDoS,1,0.062921,0.262934,KNOWN
BoT-IoT,test,14542,DDoS,1,0.138664,0.262934,KNOWN
BoT-IoT,test,14543,DoS,1,0.01085,0.262934,KNOWN
BoT-IoT,test,14544,DDoS,1,0.000922,0.262934,KNOWN
BoT-IoT,test,14545,DoS,1,0.018322,0.262934,KNOWN
BoT-IoT,test,14546,DoS,1,0.083394,0.262934,KNOWN
BoT-IoT,test,14547,DDoS,1,0.051853,0.262934,KNOWN
BoT-IoT,test,14548,DDoS,1,0.079253,0.262934,KNOWN
BoT-IoT,test,14549,DDoS,1,0.101873,0.262934,KNOWN
BoT-IoT,test,14550,DDoS,1,0.030456,0.262934,KNOWN
BoT-IoT,test,14551,DDoS,1,0.152451,0.262934,KNOWN
BoT-IoT,test,14552,DDoS,1,0.081885,0.262934,KNOWN
BoT-IoT,test,14553,DDoS,1,0.006533,0.262934,KNOWN
BoT-IoT,test,14554,DoS,1,0.231294,0.262934,KNOWN
BoT-IoT,test,14555,DoS,1,0.178338,0.262934,KNOWN
BoT-IoT,test,14556,DoS,1,0.079977,0.262934,KNOWN
BoT-IoT,test,14557,DDoS,1,0.040585,0.262934,KNOWN
BoT-IoT,test,14558,DoS,1,0.04837,0.262934,KNOWN
BoT-IoT,test,14559,DDoS,1,0.043738,0.262934,KNOWN
BoT-IoT,test,14560,DDoS,1,0.003651,0.262934,KNOWN
BoT-IoT,test,14561,DDoS,1,0.181291,0.262934,KNOWN
BoT-IoT,test,14562,DDoS,1,0.013079,0.262934,KNOWN
BoT-IoT,test,14563,DoS,1,0.102328,0.262934,KNOWN
BoT-IoT,test,14564,DoS,1,0.111775,0.262934,KNOWN
BoT-IoT,test,14565,DDoS,1,0.262177,0.262934,KNOWN
BoT-IoT,test,14566,DDoS,1,0.269378,0.262934,ZERO_DAY
BoT-IoT,test,14567,DDoS,1,0.037467,0.262934,KNOWN
BoT-IoT,test,14568,DoS,1,0.038182,0.262934,KNOWN
BoT-IoT,test,14569,DDoS,1,0.144993,0.262934,KNOWN
BoT-IoT,test,14570,DDoS,1,0.05118,0.262934,KNOWN
BoT-IoT,test,14571,DoS,1,0.236021,0.262934,KNOWN
BoT-IoT,test,14572,DDoS,1,0.052295,0.262934,KNOWN
BoT-IoT,test,14573,DDoS,1,0.124751,0.262934,KNOWN
BoT-IoT,test,14574,DoS,1,0.223675,0.262934,KNOWN
BoT-IoT,test,14575,DDoS,1,0.142949,0.262934,KNOWN
BoT-IoT,test,14576,DoS,1,0.065321,0.262934,KNOWN
BoT-IoT,test,14577,Normal,1,0.013146,0.262934,KNOWN
BoT-IoT,test,14578,DDoS,1,0.053872,0.262934,KNOWN
BoT-IoT,test,14579,DDoS,1,0.120774,0.262934,KNOWN
BoT-IoT,test,14580,DDoS,1,0.039516,0.262934,KNOWN
BoT-IoT,test,14581,Normal,1,0.126777,0.262934,KNOWN
BoT-IoT,test,14582,DoS,1,0.038813,0.262934,KNOWN
BoT-IoT,test,14583,DoS,1,0.005556,0.262934,KNOWN
BoT-IoT,test,14584,DoS,1,0.216075,0.262934,KNOWN
BoT-IoT,test,14585,DoS,1,0.063974,0.262934,KNOWN
BoT-IoT,test,14586,DoS,1,0.059773,0.262934,KNOWN
BoT-IoT,test,14587,DDoS,1,0.24137,0.262934,KNOWN
BoT-IoT,test,14588,DDoS,1,0.000281,0.262934,KNOWN
BoT-IoT,test,14589,DDoS,1,0.055353,0.262934,KNOWN
BoT-IoT,test,14590,DDoS,1,0.013877,0.262934,KNOWN
BoT-IoT,test,14591,DoS,1,0.097633,0.262934,KNOWN
BoT-IoT,test,14592,DoS,1,0.156964,0.262934,KNOWN
BoT-IoT,test,14593,DDoS,1,0.030274,0.262934,KNOWN
BoT-IoT,test,14594,DoS,1,0.078546,0.262934,KNOWN
BoT-IoT,test,14595,DDoS,1,0.228677,0.262934,KNOWN
BoT-IoT,test,14596,DoS,1,0.009426,0.262934,KNOWN
BoT-IoT,test,14597,DDoS,1,0.032959,0.262934,KNOWN
BoT-IoT,test,14598,DoS,1,0.019992,0.262934,KNOWN
BoT-IoT,test,14599,DoS,1,0.073281,0.262934,KNOWN
BoT-IoT,test,14600,DDoS,1,0.376546,0.262934,ZERO_DAY
BoT-IoT,test,14601,DoS,1,0.295617,0.262934,ZERO_DAY
BoT-IoT,test,14602,DoS,1,0.044364,0.262934,KNOWN
BoT-IoT,test,14603,DoS,1,0.130388,0.262934,KNOWN
BoT-IoT,test,14604,DDoS,1,0.034213,0.262934,KNOWN
BoT-IoT,test,14605,DDoS,1,0.071524,0.262934,KNOWN
BoT-IoT,test,14606,DoS,1,0.076399,0.262934,KNOWN
BoT-IoT,test,14607,Normal,1,0.009308,0.262934,KNOWN
BoT-IoT,test,14608,DoS,1,0.156024,0.262934,KNOWN
BoT-IoT,test,14609,DDoS,1,0.035167,0.262934,KNOWN
BoT-IoT,test,14610,DoS,1,0.006217,0.262934,KNOWN
BoT-IoT,test,14611,DoS,1,0.203713,0.262934,KNOWN
BoT-IoT,test,14612,DDoS,1,0.196432,0.262934,KNOWN
BoT-IoT,test,14613,DoS,1,0.01317,0.262934,KNOWN
BoT-IoT,test,14614,Normal,1,0.066568,0.262934,KNOWN
BoT-IoT,test,14615,DDoS,1,0.098685,0.262934,KNOWN
BoT-IoT,test,14616,DDoS,1,0.053748,0.262934,KNOWN
BoT-IoT,test,14617,DoS,1,0.101908,0.262934,KNOWN
BoT-IoT,test,14618,DDoS,1,0.020741,0.262934,KNOWN
BoT-IoT,test,14619,DoS,1,0.129496,0.262934,KNOWN
BoT-IoT,test,14620,DoS,1,0.234507,0.262934,KNOWN
BoT-IoT,test,14621,DoS,1,0.014503,0.262934,KNOWN
BoT-IoT,test,14622,DoS,1,0.03932,0.262934,KNOWN
BoT-IoT,test,14623,Reconnaissance,1,0.062218,0.262934,KNOWN
BoT-IoT,test,14624,DDoS,1,0.190244,0.262934,KNOWN
BoT-IoT,test,14625,DDoS,1,0.056284,0.262934,KNOWN
BoT-IoT,test,14626,DoS,1,0.232919,0.262934,KNOWN
BoT-IoT,test,14627,Normal,1,0.058709,0.262934,KNOWN
BoT-IoT,test,14628,DDoS,1,0.001668,0.262934,KNOWN
BoT-IoT,test,14629,DDoS,1,0.044691,0.262934,KNOWN
BoT-IoT,test,14630,DoS,1,0.017231,0.262934,KNOWN
BoT-IoT,test,14631,DDoS,1,0.251821,0.262934,KNOWN
BoT-IoT,test,14632,DoS,1,0.172479,0.262934,KNOWN
BoT-IoT,test,14633,DDoS,1,0.055388,0.262934,KNOWN
BoT-IoT,test,14634,DDoS,1,0.008185,0.262934,KNOWN
BoT-IoT,test,14635,Normal,1,0.013219,0.262934,KNOWN
BoT-IoT,test,14636,DoS,1,0.077132,0.262934,KNOWN
BoT-IoT,test,14637,DoS,1,0.233317,0.262934,KNOWN
BoT-IoT,test,14638,DoS,1,0.030838,0.262934,KNOWN
BoT-IoT,test,14639,DoS,1,0.02893,0.262934,KNOWN
BoT-IoT,test,14640,DDoS,1,0.093721,0.262934,KNOWN
BoT-IoT,test,14641,DDoS,1,0.075481,0.262934,KNOWN
BoT-IoT,test,14642,Normal,1,0.249605,0.262934,KNOWN
BoT-IoT,test,14643,DoS,1,0.145369,0.262934,KNOWN
BoT-IoT,test,14644,DoS,1,0.048365,0.262934,KNOWN
BoT-IoT,test,14645,DDoS,1,0.121064,0.262934,KNOWN
BoT-IoT,test,14646,DDoS,1,0.115717,0.262934,KNOWN
BoT-IoT,test,14647,Reconnaissance,1,0.120825,0.262934,KNOWN
BoT-IoT,test,14648,DDoS,1,0.135803,0.262934,KNOWN
BoT-IoT,test,14649,DoS,1,0.000855,0.262934,KNOWN
BoT-IoT,test,14650,DDoS,1,0.036689,0.262934,KNOWN
BoT-IoT,test,14651,DoS,1,0.092559,0.262934,KNOWN
BoT-IoT,test,14652,Normal,1,0.009367,0.262934,KNOWN
BoT-IoT,test,14653,DoS,1,0.104342,0.262934,KNOWN
BoT-IoT,test,14654,DoS,1,0.041374,0.262934,KNOWN
BoT-IoT,test,14655,DDoS,1,0.074591,0.262934,KNOWN
BoT-IoT,test,14656,DDoS,1,0.010717,0.262934,KNOWN
BoT-IoT,test,14657,DoS,1,0.029985,0.262934,KNOWN
BoT-IoT,test,14658,DoS,1,0.065522,0.262934,KNOWN
BoT-IoT,test,14659,DoS,1,0.196882,0.262934,KNOWN
BoT-IoT,test,14660,DoS,1,0.248382,0.262934,KNOWN
BoT-IoT,test,14661,DDoS,1,0.117435,0.262934,KNOWN
BoT-IoT,test,14662,DoS,1,0.06148,0.262934,KNOWN
BoT-IoT,test,14663,DDoS,1,0.062091,0.262934,KNOWN
BoT-IoT,test,14664,DoS,1,0.035041,0.262934,KNOWN
BoT-IoT,test,14665,DoS,1,0.078301,0.262934,KNOWN
BoT-IoT,test,14666,DDoS,1,0.036721,0.262934,KNOWN
BoT-IoT,test,14667,DoS,1,0.043969,0.262934,KNOWN
BoT-IoT,test,14668,DoS,1,0.075842,0.262934,KNOWN
BoT-IoT,test,14669,DDoS,1,0.16559,0.262934,KNOWN
BoT-IoT,test,14670,DDoS,1,0.168721,0.262934,KNOWN
BoT-IoT,test,14671,DDoS,1,0.107588,0.262934,KNOWN
BoT-IoT,test,14672,DDoS,1,0.073506,0.262934,KNOWN
BoT-IoT,test,14673,Normal,1,0.123818,0.262934,KNOWN
BoT-IoT,test,14674,Normal,1,0.02716,0.262934,KNOWN
BoT-IoT,test,14675,DDoS,1,0.109843,0.262934,KNOWN
BoT-IoT,test,14676,DoS,1,0.011807,0.262934,KNOWN
BoT-IoT,test,14677,DDoS,1,0.195595,0.262934,KNOWN
BoT-IoT,test,14678,DoS,1,0.240539,0.262934,KNOWN
BoT-IoT,test,14679,DDoS,1,0.088516,0.262934,KNOWN
BoT-IoT,test,14680,Normal,1,0.102795,0.262934,KNOWN
BoT-IoT,test,14681,DDoS,1,0.148993,0.262934,KNOWN
BoT-IoT,test,14682,DDoS,1,0.267126,0.262934,ZERO_DAY
BoT-IoT,test,14683,DoS,1,0.129421,0.262934,KNOWN
BoT-IoT,test,14684,DDoS,1,0.058931,0.262934,KNOWN
BoT-IoT,test,14685,DoS,1,0.058743,0.262934,KNOWN
BoT-IoT,test,14686,DDoS,1,0.066684,0.262934,KNOWN
BoT-IoT,test,14687,DoS,1,0.06243,0.262934,KNOWN
BoT-IoT,test,14688,DDoS,1,0.100302,0.262934,KNOWN
BoT-IoT,test,14689,DoS,1,0.022408,0.262934,KNOWN
BoT-IoT,test,14690,Normal,1,0.079357,0.262934,KNOWN
BoT-IoT,test,14691,DDoS,1,0.073299,0.262934,KNOWN
BoT-IoT,test,14692,DDoS,1,0.089925,0.262934,KNOWN
BoT-IoT,test,14693,DoS,1,0.012087,0.262934,KNOWN
BoT-IoT,test,14694,DoS,1,0.051704,0.262934,KNOWN
BoT-IoT,test,14695,DoS,1,0.076094,0.262934,KNOWN
BoT-IoT,test,14696,DDoS,1,0.030665,0.262934,KNOWN
BoT-IoT,test,14697,DoS,1,0.046213,0.262934,KNOWN
BoT-IoT,test,14698,DDoS,1,0.090246,0.262934,KNOWN
BoT-IoT,test,14699,DDoS,1,0.00046,0.262934,KNOWN
BoT-IoT,test,14700,DoS,1,0.103452,0.262934,KNOWN
BoT-IoT,test,14701,DDoS,1,0.061527,0.262934,KNOWN
BoT-IoT,test,14702,DoS,1,0.02959,0.262934,KNOWN
BoT-IoT,test,14703,DDoS,1,0.062919,0.262934,KNOWN
BoT-IoT,test,14704,DoS,1,0.01397,0.262934,KNOWN
BoT-IoT,test,14705,DDoS,1,0.0001,0.262934,KNOWN
BoT-IoT,test,14706,DoS,1,0.098989,0.262934,KNOWN
BoT-IoT,test,14707,DDoS,1,0.047625,0.262934,KNOWN
BoT-IoT,test,14708,DDoS,1,0.050105,0.262934,KNOWN
BoT-IoT,test,14709,DoS,1,0.049468,0.262934,KNOWN
BoT-IoT,test,14710,DDoS,1,0.061683,0.262934,KNOWN
BoT-IoT,test,14711,DoS,1,0.041613,0.262934,KNOWN
BoT-IoT,test,14712,DDoS,1,0.304846,0.262934,ZERO_DAY
BoT-IoT,test,14713,DoS,1,0.051762,0.262934,KNOWN
BoT-IoT,test,14714,DDoS,1,0.056526,0.262934,KNOWN
BoT-IoT,test,14715,DoS,1,0.027402,0.262934,KNOWN
BoT-IoT,test,14716,DDoS,1,0.229919,0.262934,KNOWN
BoT-IoT,test,14717,DoS,1,0.055586,0.262934,KNOWN
BoT-IoT,test,14718,DoS,1,0.177149,0.262934,KNOWN
BoT-IoT,test,14719,DDoS,1,0.056446,0.262934,KNOWN
BoT-IoT,test,14720,Reconnaissance,1,0.160025,0.262934,KNOWN
BoT-IoT,test,14721,DDoS,1,0.102168,0.262934,KNOWN
BoT-IoT,test,14722,DoS,1,0.021968,0.262934,KNOWN
BoT-IoT,test,14723,DDoS,1,0.046962,0.262934,KNOWN
BoT-IoT,test,14724,DDoS,1,0.0997,0.262934,KNOWN
BoT-IoT,test,14725,DDoS,1,0.145297,0.262934,KNOWN
BoT-IoT,test,14726,DDoS,1,0.050197,0.262934,KNOWN
BoT-IoT,test,14727,DDoS,1,0.088591,0.262934,KNOWN
BoT-IoT,test,14728,DDoS,1,0.13942,0.262934,KNOWN
BoT-IoT,test,14729,DoS,1,0.166412,0.262934,KNOWN
BoT-IoT,test,14730,DoS,1,0.127519,0.262934,KNOWN
BoT-IoT,test,14731,DoS,1,0.127478,0.262934,KNOWN
BoT-IoT,test,14732,DoS,1,0.088651,0.262934,KNOWN
BoT-IoT,test,14733,DDoS,1,0.007404,0.262934,KNOWN
BoT-IoT,test,14734,DoS,1,0.253414,0.262934,KNOWN
BoT-IoT,test,14735,DoS,1,0.033668,0.262934,KNOWN
BoT-IoT,test,14736,DDoS,1,0.012621,0.262934,KNOWN
BoT-IoT,test,14737,DDoS,1,0.025747,0.262934,KNOWN
BoT-IoT,test,14738,DoS,1,0.007864,0.262934,KNOWN
BoT-IoT,test,14739,DDoS,1,0.116813,0.262934,KNOWN
BoT-IoT,test,14740,DDoS,1,0.09353,0.262934,KNOWN
BoT-IoT,test,14741,DoS,1,0.072251,0.262934,KNOWN
BoT-IoT,test,14742,DoS,1,0.107622,0.262934,KNOWN
BoT-IoT,test,14743,DDoS,1,0.091573,0.262934,KNOWN
BoT-IoT,test,14744,DDoS,1,0.03247,0.262934,KNOWN
BoT-IoT,test,14745,DoS,1,0.265797,0.262934,ZERO_DAY
BoT-IoT,test,14746,DoS,1,0.109608,0.262934,KNOWN
BoT-IoT,test,14747,DDoS,1,0.008284,0.262934,KNOWN
BoT-IoT,test,14748,DDoS,1,0.003006,0.262934,KNOWN
BoT-IoT,test,14749,DoS,1,0.048288,0.262934,KNOWN
BoT-IoT,test,14750,DoS,1,0.015682,0.262934,KNOWN
BoT-IoT,test,14751,DDoS,1,0.054484,0.262934,KNOWN
BoT-IoT,test,14752,DDoS,1,0.167292,0.262934,KNOWN
BoT-IoT,test,14753,DoS,1,0.041994,0.262934,KNOWN
BoT-IoT,test,14754,Normal,1,0.035043,0.262934,KNOWN
BoT-IoT,test,14755,DDoS,1,0.084409,0.262934,KNOWN
BoT-IoT,test,14756,DDoS,1,0.085245,0.262934,KNOWN
BoT-IoT,test,14757,DoS,1,0.319537,0.262934,ZERO_DAY
BoT-IoT,test,14758,DoS,1,0.234832,0.262934,KNOWN
BoT-IoT,test,14759,DoS,1,0.108241,0.262934,KNOWN
BoT-IoT,test,14760,DDoS,1,0.111787,0.262934,KNOWN
BoT-IoT,test,14761,Reconnaissance,1,0.004626,0.262934,KNOWN
BoT-IoT,test,14762,DoS,1,0.229122,0.262934,KNOWN
BoT-IoT,test,14763,DDoS,1,0.11211,0.262934,KNOWN
BoT-IoT,test,14764,DDoS,1,0.00316,0.262934,KNOWN
BoT-IoT,test,14765,DDoS,1,0.068264,0.262934,KNOWN
BoT-IoT,test,14766,DoS,1,0.141789,0.262934,KNOWN
BoT-IoT,test,14767,DoS,1,0.157801,0.262934,KNOWN
BoT-IoT,test,14768,DoS,1,0.017845,0.262934,KNOWN
BoT-IoT,test,14769,DDoS,1,0.00395,0.262934,KNOWN
BoT-IoT,test,14770,DoS,1,0.107731,0.262934,KNOWN
BoT-IoT,test,14771,DDoS,1,0.127842,0.262934,KNOWN
BoT-IoT,test,14772,DDoS,1,0.198337,0.262934,KNOWN
BoT-IoT,test,14773,DDoS,1,0.053309,0.262934,KNOWN
BoT-IoT,test,14774,DoS,1,0.128876,0.262934,KNOWN
BoT-IoT,test,14775,DDoS,1,0.054487,0.262934,KNOWN
BoT-IoT,test,14776,DDoS,1,0.023736,0.262934,KNOWN
BoT-IoT,test,14777,DDoS,1,0.078313,0.262934,KNOWN
BoT-IoT,test,14778,DDoS,1,0.04202,0.262934,KNOWN
BoT-IoT,test,14779,DoS,1,0.017923,0.262934,KNOWN
BoT-IoT,test,14780,DDoS,1,0.037235,0.262934,KNOWN
BoT-IoT,test,14781,DoS,1,0.020028,0.262934,KNOWN
BoT-IoT,test,14782,DoS,1,0.069292,0.262934,KNOWN
BoT-IoT,test,14783,DoS,1,0.188049,0.262934,KNOWN
BoT-IoT,test,14784,DoS,1,0.007717,0.262934,KNOWN
BoT-IoT,test,14785,DDoS,1,0.224738,0.262934,KNOWN
BoT-IoT,test,14786,DoS,1,0.09566,0.262934,KNOWN
BoT-IoT,test,14787,DoS,1,0.167375,0.262934,KNOWN
BoT-IoT,test,14788,DDoS,1,0.309163,0.262934,ZERO_DAY
BoT-IoT,test,14789,Normal,1,0.095447,0.262934,KNOWN
BoT-IoT,test,14790,DoS,1,0.037825,0.262934,KNOWN
BoT-IoT,test,14791,DoS,1,0.111444,0.262934,KNOWN
BoT-IoT,test,14792,DDoS,1,0.024982,0.262934,KNOWN
BoT-IoT,test,14793,DDoS,1,0.014008,0.262934,KNOWN
BoT-IoT,test,14794,DoS,1,0.062348,0.262934,KNOWN
BoT-IoT,test,14795,DDoS,1,0.080585,0.262934,KNOWN
BoT-IoT,test,14796,Normal,1,0.000611,0.262934,KNOWN
BoT-IoT,test,14797,DoS,1,0.151218,0.262934,KNOWN
BoT-IoT,test,14798,DDoS,1,0.025893,0.262934,KNOWN
BoT-IoT,test,14799,DoS,1,0.039213,0.262934,KNOWN
BoT-IoT,test,14800,DDoS,1,0.139931,0.262934,KNOWN
BoT-IoT,test,14801,DoS,1,0.094995,0.262934,KNOWN
BoT-IoT,test,14802,DDoS,1,0.016435,0.262934,KNOWN
BoT-IoT,test,14803,DDoS,1,0.000113,0.262934,KNOWN
BoT-IoT,test,14804,DDoS,1,0.161195,0.262934,KNOWN
BoT-IoT,test,14805,DoS,1,0.235295,0.262934,KNOWN
BoT-IoT,test,14806,DDoS,1,0.44471,0.262934,ZERO_DAY
BoT-IoT,test,14807,DDoS,1,0.177962,0.262934,KNOWN
BoT-IoT,test,14808,DoS,1,0.014869,0.262934,KNOWN
BoT-IoT,test,14809,DDoS,1,0.055073,0.262934,KNOWN
BoT-IoT,test,14810,DoS,1,0.282433,0.262934,ZERO_DAY
BoT-IoT,test,14811,DoS,1,0.04236,0.262934,KNOWN
BoT-IoT,test,14812,DDoS,1,0.094153,0.262934,KNOWN
BoT-IoT,test,14813,DDoS,1,0.207878,0.262934,KNOWN
BoT-IoT,test,14814,DDoS,1,0.058596,0.262934,KNOWN
BoT-IoT,test,14815,DDoS,1,0.012436,0.262934,KNOWN
BoT-IoT,test,14816,DoS,1,0.028539,0.262934,KNOWN
BoT-IoT,test,14817,DoS,1,0.098957,0.262934,KNOWN
BoT-IoT,test,14818,DDoS,1,0.019023,0.262934,KNOWN
BoT-IoT,test,14819,DoS,1,0.090696,0.262934,KNOWN
BoT-IoT,test,14820,DDoS,1,0.060475,0.262934,KNOWN
BoT-IoT,test,14821,DoS,1,0.105238,0.262934,KNOWN
BoT-IoT,test,14822,DoS,1,0.12678,0.262934,KNOWN
BoT-IoT,test,14823,DDoS,1,0.08085,0.262934,KNOWN
BoT-IoT,test,14824,DDoS,1,0.057857,0.262934,KNOWN
BoT-IoT,test,14825,Normal,1,0.031836,0.262934,KNOWN
BoT-IoT,test,14826,DoS,1,0.154498,0.262934,KNOWN
BoT-IoT,test,14827,DDoS,1,0.136295,0.262934,KNOWN
BoT-IoT,test,14828,DDoS,1,0.104784,0.262934,KNOWN
BoT-IoT,test,14829,DDoS,1,0.103444,0.262934,KNOWN
BoT-IoT,test,14830,DDoS,1,0.052352,0.262934,KNOWN
BoT-IoT,test,14831,DoS,1,0.019654,0.262934,KNOWN
BoT-IoT,test,14832,DoS,1,0.04881,0.262934,KNOWN
BoT-IoT,test,14833,DDoS,1,0.200196,0.262934,KNOWN
BoT-IoT,test,14834,DDoS,1,0.033545,0.262934,KNOWN
BoT-IoT,test,14835,DoS,1,0.012719,0.262934,KNOWN
BoT-IoT,test,14836,DDoS,1,0.142332,0.262934,KNOWN
BoT-IoT,test,14837,DDoS,1,0.045378,0.262934,KNOWN
BoT-IoT,test,14838,DoS,1,0.218609,0.262934,KNOWN
BoT-IoT,test,14839,DoS,1,0.347369,0.262934,ZERO_DAY
BoT-IoT,test,14840,DoS,1,0.100165,0.262934,KNOWN
BoT-IoT,test,14841,DDoS,1,0.177585,0.262934,KNOWN
BoT-IoT,test,14842,DDoS,1,0.031445,0.262934,KNOWN
BoT-IoT,test,14843,DoS,1,0.099205,0.262934,KNOWN
BoT-IoT,test,14844,DDoS,1,0.139587,0.262934,KNOWN
BoT-IoT,test,14845,DoS,1,0.105605,0.262934,KNOWN
BoT-IoT,test,14846,DDoS,1,0.111775,0.262934,KNOWN
BoT-IoT,test,14847,DDoS,1,0.048486,0.262934,KNOWN
BoT-IoT,test,14848,Normal,1,0.167262,0.262934,KNOWN
BoT-IoT,test,14849,DDoS,1,0.123787,0.262934,KNOWN
BoT-IoT,test,14850,DDoS,1,0.010647,0.262934,KNOWN
BoT-IoT,test,14851,DoS,1,0.045021,0.262934,KNOWN
BoT-IoT,test,14852,DDoS,1,0.111333,0.262934,KNOWN
BoT-IoT,test,14853,DoS,1,0.025501,0.262934,KNOWN
BoT-IoT,test,14854,DoS,1,0.128861,0.262934,KNOWN
BoT-IoT,test,14855,DoS,1,0.190404,0.262934,KNOWN
BoT-IoT,test,14856,DDoS,1,0.098434,0.262934,KNOWN
BoT-IoT,test,14857,Normal,1,0.045974,0.262934,KNOWN
BoT-IoT,test,14858,DoS,1,0.050632,0.262934,KNOWN
BoT-IoT,test,14859,DoS,1,0.021968,0.262934,KNOWN
BoT-IoT,test,14860,DDoS,1,0.020207,0.262934,KNOWN
BoT-IoT,test,14861,DDoS,1,0.080867,0.262934,KNOWN
BoT-IoT,test,14862,DoS,1,0.010372,0.262934,KNOWN
BoT-IoT,test,14863,DDoS,1,0.061482,0.262934,KNOWN
BoT-IoT,test,14864,DDoS,1,0.095762,0.262934,KNOWN
BoT-IoT,test,14865,DDoS,1,0.038346,0.262934,KNOWN
BoT-IoT,test,14866,DoS,1,0.012545,0.262934,KNOWN
BoT-IoT,test,14867,DDoS,1,0.052702,0.262934,KNOWN
BoT-IoT,test,14868,DDoS,1,0.007067,0.262934,KNOWN
BoT-IoT,test,14869,DoS,1,0.127452,0.262934,KNOWN
BoT-IoT,test,14870,DoS,1,0.092287,0.262934,KNOWN
BoT-IoT,test,14871,DoS,1,0.047473,0.262934,KNOWN
BoT-IoT,test,14872,DoS,1,0.077374,0.262934,KNOWN
BoT-IoT,test,14873,Reconnaissance,1,0.213709,0.262934,KNOWN
BoT-IoT,test,14874,DDoS,1,0.116063,0.262934,KNOWN
BoT-IoT,test,14875,DoS,1,0.023319,0.262934,KNOWN
BoT-IoT,test,14876,DDoS,1,0.239619,0.262934,KNOWN
BoT-IoT,test,14877,DoS,1,0.247747,0.262934,KNOWN
BoT-IoT,test,14878,DoS,1,0.096264,0.262934,KNOWN
BoT-IoT,test,14879,DDoS,1,0.170495,0.262934,KNOWN
BoT-IoT,test,14880,DoS,1,0.020485,0.262934,KNOWN
BoT-IoT,test,14881,DoS,1,0.072508,0.262934,KNOWN
BoT-IoT,test,14882,DoS,1,0.265908,0.262934,ZERO_DAY
BoT-IoT,test,14883,DoS,1,0.031268,0.262934,KNOWN
BoT-IoT,test,14884,DoS,1,0.100846,0.262934,KNOWN
BoT-IoT,test,14885,DoS,1,0.002346,0.262934,KNOWN
BoT-IoT,test,14886,DDoS,1,0.00589,0.262934,KNOWN
BoT-IoT,test,14887,DDoS,1,0.047361,0.262934,KNOWN
BoT-IoT,test,14888,DDoS,1,0.101381,0.262934,KNOWN
BoT-IoT,test,14889,Normal,1,0.098363,0.262934,KNOWN
BoT-IoT,test,14890,DDoS,1,0.21564,0.262934,KNOWN
BoT-IoT,test,14891,DoS,1,0.026827,0.262934,KNOWN
BoT-IoT,test,14892,DoS,1,0.01659,0.262934,KNOWN
BoT-IoT,test,14893,DDoS,1,0.004828,0.262934,KNOWN
BoT-IoT,test,14894,Normal,1,0.035604,0.262934,KNOWN
BoT-IoT,test,14895,DoS,1,0.063405,0.262934,KNOWN
BoT-IoT,test,14896,DDoS,1,0.031544,0.262934,KNOWN
BoT-IoT,test,14897,DDoS,1,0.017703,0.262934,KNOWN
BoT-IoT,test,14898,DoS,1,0.051709,0.262934,KNOWN
BoT-IoT,test,14899,DDoS,1,0.175734,0.262934,KNOWN
BoT-IoT,test,14900,DDoS,1,0.012575,0.262934,KNOWN
BoT-IoT,test,14901,DDoS,1,0.153219,0.262934,KNOWN
BoT-IoT,test,14902,DoS,1,0.181945,0.262934,KNOWN
BoT-IoT,test,14903,DoS,1,0.063706,0.262934,KNOWN
BoT-IoT,test,14904,DDoS,1,0.088122,0.262934,KNOWN
BoT-IoT,test,14905,DDoS,1,0.242508,0.262934,KNOWN
BoT-IoT,test,14906,DoS,1,0.100353,0.262934,KNOWN
BoT-IoT,test,14907,DDoS,1,0.007017,0.262934,KNOWN
BoT-IoT,test,14908,DDoS,1,0.212868,0.262934,KNOWN
BoT-IoT,test,14909,DDoS,1,0.198684,0.262934,KNOWN
BoT-IoT,test,14910,DDoS,1,0.034449,0.262934,KNOWN
BoT-IoT,test,14911,DDoS,1,0.064304,0.262934,KNOWN
BoT-IoT,test,14912,DoS,1,0.129935,0.262934,KNOWN
BoT-IoT,test,14913,DDoS,1,0.146494,0.262934,KNOWN
BoT-IoT,test,14914,DoS,1,0.041621,0.262934,KNOWN
BoT-IoT,test,14915,DDoS,1,0.106261,0.262934,KNOWN
BoT-IoT,test,14916,DDoS,1,0.063592,0.262934,KNOWN
BoT-IoT,test,14917,DDoS,1,0.069902,0.262934,KNOWN
BoT-IoT,test,14918,DDoS,1,0.139288,0.262934,KNOWN
BoT-IoT,test,14919,DDoS,1,0.0148,0.262934,KNOWN
BoT-IoT,test,14920,DoS,1,0.072654,0.262934,KNOWN
BoT-IoT,test,14921,DoS,1,0.053153,0.262934,KNOWN
BoT-IoT,test,14922,DoS,1,0.202307,0.262934,KNOWN
BoT-IoT,test,14923,DDoS,1,0.124096,0.262934,KNOWN
BoT-IoT,test,14924,DDoS,1,0.101427,0.262934,KNOWN
BoT-IoT,test,14925,DoS,1,0.365971,0.262934,ZERO_DAY
BoT-IoT,test,14926,DoS,1,0.02943,0.262934,KNOWN
BoT-IoT,test,14927,DoS,1,0.172394,0.262934,KNOWN
BoT-IoT,test,14928,DoS,1,0.093937,0.262934,KNOWN
BoT-IoT,test,14929,DoS,1,0.07594,0.262934,KNOWN
BoT-IoT,test,14930,DDoS,1,0.178432,0.262934,KNOWN
BoT-IoT,test,14931,DDoS,1,0.037565,0.262934,KNOWN
BoT-IoT,test,14932,DoS,1,0.12234,0.262934,KNOWN
BoT-IoT,test,14933,DDoS,1,0.027477,0.262934,KNOWN
BoT-IoT,test,14934,DDoS,1,0.216552,0.262934,KNOWN
BoT-IoT,test,14935,DDoS,1,0.02718,0.262934,KNOWN
BoT-IoT,test,14936,DDoS,1,0.018318,0.262934,KNOWN
BoT-IoT,test,14937,DDoS,1,0.222594,0.262934,KNOWN
BoT-IoT,test,14938,DoS,1,0.198325,0.262934,KNOWN
BoT-IoT,test,14939,DDoS,1,0.041415,0.262934,KNOWN
BoT-IoT,test,14940,DoS,1,0.234569,0.262934,KNOWN
BoT-IoT,test,14941,Normal,1,0.122938,0.262934,KNOWN
BoT-IoT,test,14942,DoS,1,0.058445,0.262934,KNOWN
BoT-IoT,test,14943,DDoS,1,0.263573,0.262934,ZERO_DAY
BoT-IoT,test,14944,DDoS,1,0.180091,0.262934,KNOWN
BoT-IoT,test,14945,DDoS,1,0.102564,0.262934,KNOWN
BoT-IoT,test,14946,DoS,1,0.284107,0.262934,ZERO_DAY
BoT-IoT,test,14947,DDoS,1,0.513118,0.262934,ZERO_DAY
BoT-IoT,test,14948,DoS,1,0.019591,0.262934,KNOWN
BoT-IoT,test,14949,DDoS,1,0.101655,0.262934,KNOWN
BoT-IoT,test,14950,DDoS,1,0.215617,0.262934,KNOWN
BoT-IoT,test,14951,Normal,1,0.037625,0.262934,KNOWN
BoT-IoT,test,14952,DDoS,1,0.282894,0.262934,ZERO_DAY
BoT-IoT,test,14953,DDoS,1,0.260165,0.262934,KNOWN
BoT-IoT,test,14954,DDoS,1,0.078025,0.262934,KNOWN
BoT-IoT,test,14955,DDoS,1,0.04187,0.262934,KNOWN
BoT-IoT,test,14956,DoS,1,0.029648,0.262934,KNOWN
BoT-IoT,test,14957,DDoS,1,0.00227,0.262934,KNOWN
BoT-IoT,test,14958,DoS,1,0.112781,0.262934,KNOWN
BoT-IoT,test,14959,DDoS,1,0.096779,0.262934,KNOWN
BoT-IoT,test,14960,DDoS,1,0.087206,0.262934,KNOWN
BoT-IoT,test,14961,DoS,1,0.234189,0.262934,KNOWN
BoT-IoT,test,14962,DoS,1,0.107145,0.262934,KNOWN
BoT-IoT,test,14963,DDoS,1,0.028495,0.262934,KNOWN
BoT-IoT,test,14964,DoS,1,0.129274,0.262934,KNOWN
BoT-IoT,test,14965,DoS,1,0.189747,0.262934,KNOWN
BoT-IoT,test,14966,DDoS,1,0.050854,0.262934,KNOWN
BoT-IoT,test,14967,DDoS,1,0.030969,0.262934,KNOWN
BoT-IoT,test,14968,DoS,1,0.013343,0.262934,KNOWN
BoT-IoT,test,14969,DoS,1,0.065769,0.262934,KNOWN
BoT-IoT,test,14970,DDoS,1,0.001828,0.262934,KNOWN
BoT-IoT,test,14971,DDoS,1,0.024881,0.262934,KNOWN
BoT-IoT,test,14972,DDoS,1,0.088625,0.262934,KNOWN
BoT-IoT,test,14973,DoS,1,0.215107,0.262934,KNOWN
BoT-IoT,test,14974,DoS,1,0.211416,0.262934,KNOWN
BoT-IoT,test,14975,DoS,1,0.001091,0.262934,KNOWN
BoT-IoT,test,14976,DDoS,1,0.013362,0.262934,KNOWN
BoT-IoT,test,14977,DoS,1,0.082787,0.262934,KNOWN
BoT-IoT,test,14978,DoS,1,0.03783,0.262934,KNOWN
BoT-IoT,test,14979,DDoS,1,0.099381,0.262934,KNOWN
BoT-IoT,test,14980,DoS,1,0.129465,0.262934,KNOWN
BoT-IoT,test,14981,DDoS,1,0.253252,0.262934,KNOWN
BoT-IoT,test,14982,DDoS,1,0.04521,0.262934,KNOWN
BoT-IoT,test,14983,DoS,1,0.103011,0.262934,KNOWN
BoT-IoT,test,14984,DDoS,1,0.033706,0.262934,KNOWN
BoT-IoT,test,14985,DoS,1,0.128095,0.262934,KNOWN
BoT-IoT,test,14986,DoS,1,0.208389,0.262934,KNOWN
BoT-IoT,test,14987,DoS,1,0.112424,0.262934,KNOWN
BoT-IoT,test,14988,DDoS,1,0.146513,0.262934,KNOWN
BoT-IoT,test,14989,DDoS,1,0.010767,0.262934,KNOWN
BoT-IoT,test,14990,Normal,1,0.035605,0.262934,KNOWN
BoT-IoT,test,14991,DoS,1,0.149896,0.262934,KNOWN
BoT-IoT,test,14992,DDoS,1,0.085327,0.262934,KNOWN
BoT-IoT,test,14993,DoS,1,0.007215,0.262934,KNOWN
BoT-IoT,test,14994,DoS,1,0.011602,0.262934,KNOWN
BoT-IoT,test,14995,DDoS,1,0.203772,0.262934,KNOWN
BoT-IoT,test,14996,DDoS,1,0.05397,0.262934,KNOWN
BoT-IoT,test,14997,DDoS,1,0.184042,0.262934,KNOWN
BoT-IoT,test,14998,DoS,1,0.192252,0.262934,KNOWN
BoT-IoT,test,14999,DDoS,1,0.294477,0.262934,ZERO_DAY
BoT-IoT,test,15000,DoS,1,0.103343,0.262934,KNOWN
BoT-IoT,test,15001,DDoS,1,0.062471,0.262934,KNOWN
BoT-IoT,test,15002,DoS,1,0.057355,0.262934,KNOWN
BoT-IoT,test,15003,DoS,1,0.413089,0.262934,ZERO_DAY
BoT-IoT,test,15004,DDoS,1,0.086747,0.262934,KNOWN
BoT-IoT,test,15005,DDoS,1,0.22633,0.262934,KNOWN
BoT-IoT,test,15006,DDoS,1,0.024573,0.262934,KNOWN
BoT-IoT,test,15007,DoS,1,0.029947,0.262934,KNOWN
BoT-IoT,test,15008,DoS,1,0.104351,0.262934,KNOWN
BoT-IoT,test,15009,Normal,1,0.083227,0.262934,KNOWN
BoT-IoT,test,15010,DDoS,1,0.087889,0.262934,KNOWN
BoT-IoT,test,15011,DoS,1,0.10473,0.262934,KNOWN
BoT-IoT,test,15012,DoS,1,0.008345,0.262934,KNOWN
BoT-IoT,test,15013,DoS,1,0.054628,0.262934,KNOWN
BoT-IoT,test,15014,DoS,1,0.005035,0.262934,KNOWN
BoT-IoT,test,15015,DoS,1,0.06599,0.262934,KNOWN
BoT-IoT,test,15016,DoS,1,0.198139,0.262934,KNOWN
BoT-IoT,test,15017,DoS,1,0.003917,0.262934,KNOWN
BoT-IoT,test,15018,DDoS,1,0.042967,0.262934,KNOWN
BoT-IoT,test,15019,DoS,1,0.001943,0.262934,KNOWN
BoT-IoT,test,15020,DDoS,1,0.109348,0.262934,KNOWN
BoT-IoT,test,15021,DDoS,1,0.11479,0.262934,KNOWN
BoT-IoT,test,15022,DDoS,1,0.044763,0.262934,KNOWN
BoT-IoT,test,15023,Reconnaissance,1,0.078218,0.262934,KNOWN
BoT-IoT,test,15024,DoS,1,0.130413,0.262934,KNOWN
BoT-IoT,test,15025,DoS,1,0.005963,0.262934,KNOWN
BoT-IoT,test,15026,DoS,1,0.15159,0.262934,KNOWN
BoT-IoT,test,15027,DoS,1,0.031968,0.262934,KNOWN
BoT-IoT,test,15028,DDoS,1,0.000351,0.262934,KNOWN
BoT-IoT,test,15029,DoS,1,0.26832,0.262934,ZERO_DAY
BoT-IoT,test,15030,DDoS,1,0.08885,0.262934,KNOWN
BoT-IoT,test,15031,DDoS,1,0.039405,0.262934,KNOWN
BoT-IoT,test,15032,DDoS,1,0.067406,0.262934,KNOWN
BoT-IoT,test,15033,DoS,1,0.095482,0.262934,KNOWN
BoT-IoT,test,15034,DDoS,1,0.174368,0.262934,KNOWN
BoT-IoT,test,15035,DoS,1,0.004439,0.262934,KNOWN
BoT-IoT,test,15036,DoS,1,0.067892,0.262934,KNOWN
BoT-IoT,test,15037,DDoS,1,0.105755,0.262934,KNOWN
BoT-IoT,test,15038,DoS,1,0.013135,0.262934,KNOWN
BoT-IoT,test,15039,DDoS,1,0.097632,0.262934,KNOWN
BoT-IoT,test,15040,DoS,1,0.165376,0.262934,KNOWN
BoT-IoT,test,15041,DoS,1,0.048202,0.262934,KNOWN
BoT-IoT,test,15042,DoS,1,0.213897,0.262934,KNOWN
BoT-IoT,test,15043,DoS,1,0.096557,0.262934,KNOWN
BoT-IoT,test,15044,DoS,1,0.061358,0.262934,KNOWN
BoT-IoT,test,15045,DoS,1,0.00482,0.262934,KNOWN
BoT-IoT,test,15046,DDoS,1,0.032816,0.262934,KNOWN
BoT-IoT,test,15047,DoS,1,0.016375,0.262934,KNOWN
BoT-IoT,test,15048,DDoS,1,0.021589,0.262934,KNOWN
BoT-IoT,test,15049,DoS,1,0.029875,0.262934,KNOWN
BoT-IoT,test,15050,DDoS,1,0.103919,0.262934,KNOWN
BoT-IoT,test,15051,DoS,1,0.053953,0.262934,KNOWN
BoT-IoT,test,15052,DDoS,1,0.037544,0.262934,KNOWN
BoT-IoT,test,15053,DDoS,1,0.280408,0.262934,ZERO_DAY
BoT-IoT,test,15054,DDoS,1,0.056127,0.262934,KNOWN
BoT-IoT,test,15055,DDoS,1,0.089726,0.262934,KNOWN
BoT-IoT,test,15056,DoS,1,0.017859,0.262934,KNOWN
BoT-IoT,test,15057,Reconnaissance,1,0.170092,0.262934,KNOWN
BoT-IoT,test,15058,DDoS,1,0.04709,0.262934,KNOWN
BoT-IoT,test,15059,DDoS,1,0.149333,0.262934,KNOWN
BoT-IoT,test,15060,DoS,1,0.018111,0.262934,KNOWN
BoT-IoT,test,15061,DoS,1,0.056643,0.262934,KNOWN
BoT-IoT,test,15062,DoS,1,0.054733,0.262934,KNOWN
BoT-IoT,test,15063,Reconnaissance,1,0.164751,0.262934,KNOWN
BoT-IoT,test,15064,DoS,1,0.088105,0.262934,KNOWN
BoT-IoT,test,15065,DoS,1,0.110234,0.262934,KNOWN
BoT-IoT,test,15066,DoS,1,0.064605,0.262934,KNOWN
BoT-IoT,test,15067,DDoS,1,0.100972,0.262934,KNOWN
BoT-IoT,test,15068,DoS,1,0.036946,0.262934,KNOWN
BoT-IoT,test,15069,DDoS,1,0.132711,0.262934,KNOWN
BoT-IoT,test,15070,DDoS,1,0.345445,0.262934,ZERO_DAY
BoT-IoT,test,15071,DDoS,1,0.021727,0.262934,KNOWN
BoT-IoT,test,15072,DoS,1,0.119988,0.262934,KNOWN
BoT-IoT,test,15073,DoS,1,0.037696,0.262934,KNOWN
BoT-IoT,test,15074,DDoS,1,0.010897,0.262934,KNOWN
BoT-IoT,test,15075,Reconnaissance,1,0.143279,0.262934,KNOWN
BoT-IoT,test,15076,DDoS,1,0.035294,0.262934,KNOWN
BoT-IoT,test,15077,DoS,1,0.039503,0.262934,KNOWN
BoT-IoT,test,15078,DDoS,1,0.080826,0.262934,KNOWN
BoT-IoT,test,15079,DDoS,1,0.12339,0.262934,KNOWN
BoT-IoT,test,15080,DDoS,1,0.015174,0.262934,KNOWN
BoT-IoT,test,15081,Normal,1,0.024354,0.262934,KNOWN
BoT-IoT,test,15082,DoS,1,0.140056,0.262934,KNOWN
BoT-IoT,test,15083,DoS,1,0.017001,0.262934,KNOWN
BoT-IoT,test,15084,DDoS,1,0.120805,0.262934,KNOWN
BoT-IoT,test,15085,DDoS,1,0.18975,0.262934,KNOWN
BoT-IoT,test,15086,Reconnaissance,1,0.093112,0.262934,KNOWN
BoT-IoT,test,15087,DoS,1,0.162167,0.262934,KNOWN
BoT-IoT,test,15088,DoS,1,0.108965,0.262934,KNOWN
BoT-IoT,test,15089,DoS,1,0.197789,0.262934,KNOWN
BoT-IoT,test,15090,DDoS,1,0.008729,0.262934,KNOWN
BoT-IoT,test,15091,DoS,1,0.211361,0.262934,KNOWN
BoT-IoT,test,15092,DoS,1,0.096518,0.262934,KNOWN
BoT-IoT,test,15093,DDoS,1,0.187817,0.262934,KNOWN
BoT-IoT,test,15094,DDoS,1,0.00157,0.262934,KNOWN
BoT-IoT,test,15095,DDoS,1,0.039565,0.262934,KNOWN
BoT-IoT,test,15096,Reconnaissance,1,0.09376,0.262934,KNOWN
BoT-IoT,test,15097,DoS,1,0.024646,0.262934,KNOWN
BoT-IoT,test,15098,DoS,1,0.080134,0.262934,KNOWN
BoT-IoT,test,15099,DDoS,1,0.017992,0.262934,KNOWN
BoT-IoT,test,15100,DoS,1,0.151024,0.262934,KNOWN
BoT-IoT,test,15101,Reconnaissance,1,0.037262,0.262934,KNOWN
BoT-IoT,test,15102,DDoS,1,0.037153,0.262934,KNOWN
BoT-IoT,test,15103,DDoS,1,0.164013,0.262934,KNOWN
BoT-IoT,test,15104,DDoS,1,0.056788,0.262934,KNOWN
BoT-IoT,test,15105,DoS,1,0.070731,0.262934,KNOWN
BoT-IoT,test,15106,DDoS,1,0.259214,0.262934,KNOWN
BoT-IoT,test,15107,DoS,1,0.135408,0.262934,KNOWN
BoT-IoT,test,15108,DDoS,1,0.006555,0.262934,KNOWN
BoT-IoT,test,15109,DoS,1,0.120083,0.262934,KNOWN
BoT-IoT,test,15110,DoS,1,0.081492,0.262934,KNOWN
BoT-IoT,test,15111,DDoS,1,0.079972,0.262934,KNOWN
BoT-IoT,test,15112,DDoS,1,0.0468,0.262934,KNOWN
BoT-IoT,test,15113,DDoS,1,0.08313,0.262934,KNOWN
BoT-IoT,test,15114,DDoS,1,0.102582,0.262934,KNOWN
BoT-IoT,test,15115,DDoS,1,0.045836,0.262934,KNOWN
BoT-IoT,test,15116,DDoS,1,0.00082,0.262934,KNOWN
BoT-IoT,test,15117,DoS,1,0.144054,0.262934,KNOWN
BoT-IoT,test,15118,DoS,1,0.261616,0.262934,KNOWN
BoT-IoT,test,15119,DoS,1,0.118879,0.262934,KNOWN
BoT-IoT,test,15120,DoS,1,0.019228,0.262934,KNOWN
BoT-IoT,test,15121,DoS,1,0.171139,0.262934,KNOWN
BoT-IoT,test,15122,DoS,1,0.009218,0.262934,KNOWN
BoT-IoT,test,15123,DoS,1,0.181575,0.262934,KNOWN
BoT-IoT,test,15124,DDoS,1,0.183542,0.262934,KNOWN
BoT-IoT,test,15125,DDoS,1,0.027325,0.262934,KNOWN
BoT-IoT,test,15126,DoS,1,0.253865,0.262934,KNOWN
BoT-IoT,test,15127,DDoS,1,0.141278,0.262934,KNOWN
BoT-IoT,test,15128,DDoS,1,0.112492,0.262934,KNOWN
BoT-IoT,test,15129,DoS,1,0.079911,0.262934,KNOWN
BoT-IoT,test,15130,DoS,1,0.16194,0.262934,KNOWN
BoT-IoT,test,15131,DDoS,1,0.039446,0.262934,KNOWN
BoT-IoT,test,15132,DDoS,1,0.037866,0.262934,KNOWN
BoT-IoT,test,15133,DDoS,1,0.073087,0.262934,KNOWN
BoT-IoT,test,15134,DDoS,1,0.028546,0.262934,KNOWN
BoT-IoT,test,15135,DoS,1,0.105437,0.262934,KNOWN
BoT-IoT,test,15136,DDoS,1,0.158693,0.262934,KNOWN
BoT-IoT,test,15137,DDoS,1,0.139195,0.262934,KNOWN
BoT-IoT,test,15138,DoS,1,0.096046,0.262934,KNOWN
BoT-IoT,test,15139,DDoS,1,0.067909,0.262934,KNOWN
BoT-IoT,test,15140,DoS,1,0.103018,0.262934,KNOWN
BoT-IoT,test,15141,DoS,1,0.015901,0.262934,KNOWN
BoT-IoT,test,15142,DDoS,1,0.016544,0.262934,KNOWN
BoT-IoT,test,15143,DDoS,1,0.127401,0.262934,KNOWN
BoT-IoT,test,15144,DoS,1,0.04154,0.262934,KNOWN
BoT-IoT,test,15145,Normal,1,0.251874,0.262934,KNOWN
BoT-IoT,test,15146,DoS,1,0.068157,0.262934,KNOWN
BoT-IoT,test,15147,DoS,1,0.159736,0.262934,KNOWN
BoT-IoT,test,15148,DoS,1,0.018571,0.262934,KNOWN
BoT-IoT,test,15149,DDoS,1,0.271796,0.262934,ZERO_DAY
BoT-IoT,test,15150,DDoS,1,0.094313,0.262934,KNOWN
BoT-IoT,test,15151,DoS,1,0.070055,0.262934,KNOWN
BoT-IoT,test,15152,DDoS,1,0.05091,0.262934,KNOWN
BoT-IoT,test,15153,Normal,1,0.020968,0.262934,KNOWN
BoT-IoT,test,15154,DoS,1,0.08863,0.262934,KNOWN
BoT-IoT,test,15155,DoS,1,0.075634,0.262934,KNOWN
BoT-IoT,test,15156,DDoS,1,0.097294,0.262934,KNOWN
BoT-IoT,test,15157,DoS,1,0.078033,0.262934,KNOWN
BoT-IoT,test,15158,DDoS,1,0.001194,0.262934,KNOWN
BoT-IoT,test,15159,DDoS,1,0.201478,0.262934,KNOWN
BoT-IoT,test,15160,DDoS,1,0.15541,0.262934,KNOWN
BoT-IoT,test,15161,DDoS,1,0.131531,0.262934,KNOWN
BoT-IoT,test,15162,DoS,1,0.029897,0.262934,KNOWN
BoT-IoT,test,15163,DoS,1,0.00987,0.262934,KNOWN
BoT-IoT,test,15164,DDoS,1,0.170059,0.262934,KNOWN
BoT-IoT,test,15165,DDoS,1,0.119341,0.262934,KNOWN
BoT-IoT,test,15166,DoS,1,0.089919,0.262934,KNOWN
BoT-IoT,test,15167,DDoS,1,0.075185,0.262934,KNOWN
BoT-IoT,test,15168,DoS,1,0.035398,0.262934,KNOWN
BoT-IoT,test,15169,DDoS,1,0.143406,0.262934,KNOWN
BoT-IoT,test,15170,DDoS,1,0.076897,0.262934,KNOWN
BoT-IoT,test,15171,DDoS,1,0.130719,0.262934,KNOWN
BoT-IoT,test,15172,DoS,1,0.054337,0.262934,KNOWN
BoT-IoT,test,15173,DoS,1,0.137781,0.262934,KNOWN
BoT-IoT,test,15174,DDoS,1,0.139129,0.262934,KNOWN
BoT-IoT,test,15175,DDoS,1,0.024499,0.262934,KNOWN
BoT-IoT,test,15176,DDoS,1,0.106712,0.262934,KNOWN
BoT-IoT,test,15177,DoS,1,0.180345,0.262934,KNOWN
BoT-IoT,test,15178,DDoS,1,0.011165,0.262934,KNOWN
BoT-IoT,test,15179,DDoS,1,0.079725,0.262934,KNOWN
BoT-IoT,test,15180,Normal,1,0.097266,0.262934,KNOWN
BoT-IoT,test,15181,Reconnaissance,1,0.030566,0.262934,KNOWN
BoT-IoT,test,15182,DDoS,1,0.013719,0.262934,KNOWN
BoT-IoT,test,15183,DoS,1,0.010057,0.262934,KNOWN
BoT-IoT,test,15184,DDoS,1,0.064163,0.262934,KNOWN
BoT-IoT,test,15185,DDoS,1,0.01109,0.262934,KNOWN
BoT-IoT,test,15186,DoS,1,0.072537,0.262934,KNOWN
BoT-IoT,test,15187,DDoS,1,0.057733,0.262934,KNOWN
BoT-IoT,test,15188,DoS,1,0.188421,0.262934,KNOWN
BoT-IoT,test,15189,DDoS,1,0.26193,0.262934,KNOWN
BoT-IoT,test,15190,DDoS,1,0.166828,0.262934,KNOWN
BoT-IoT,test,15191,DDoS,1,0.205624,0.262934,KNOWN
BoT-IoT,test,15192,DDoS,1,0.288282,0.262934,ZERO_DAY
BoT-IoT,test,15193,DoS,1,0.251939,0.262934,KNOWN
BoT-IoT,test,15194,DoS,1,0.043289,0.262934,KNOWN
BoT-IoT,test,15195,DDoS,1,0.09789,0.262934,KNOWN
BoT-IoT,test,15196,DDoS,1,0.018785,0.262934,KNOWN
BoT-IoT,test,15197,DDoS,1,0.066593,0.262934,KNOWN
BoT-IoT,test,15198,DDoS,1,0.015635,0.262934,KNOWN
BoT-IoT,test,15199,DoS,1,0.011842,0.262934,KNOWN
BoT-IoT,test,15200,DoS,1,0.068964,0.262934,KNOWN
BoT-IoT,test,15201,DDoS,1,0.047578,0.262934,KNOWN
BoT-IoT,test,15202,DDoS,1,0.035247,0.262934,KNOWN
BoT-IoT,test,15203,DDoS,1,0.013537,0.262934,KNOWN
BoT-IoT,test,15204,DDoS,1,0.014378,0.262934,KNOWN
BoT-IoT,test,15205,DoS,1,0.055953,0.262934,KNOWN
BoT-IoT,test,15206,DoS,1,0.120964,0.262934,KNOWN
BoT-IoT,test,15207,DoS,1,0.079185,0.262934,KNOWN
BoT-IoT,test,15208,DDoS,1,0.058518,0.262934,KNOWN
BoT-IoT,test,15209,DDoS,1,0.066264,0.262934,KNOWN
BoT-IoT,test,15210,DDoS,1,0.047094,0.262934,KNOWN
BoT-IoT,test,15211,Normal,1,0.198706,0.262934,KNOWN
BoT-IoT,test,15212,DDoS,1,0.359552,0.262934,ZERO_DAY
BoT-IoT,test,15213,DDoS,1,0.017714,0.262934,KNOWN
BoT-IoT,test,15214,DDoS,1,0.052613,0.262934,KNOWN
BoT-IoT,test,15215,DoS,1,0.175894,0.262934,KNOWN
BoT-IoT,test,15216,DDoS,1,0.023997,0.262934,KNOWN
BoT-IoT,test,15217,DoS,1,0.159423,0.262934,KNOWN
BoT-IoT,test,15218,DoS,1,0.04185,0.262934,KNOWN
BoT-IoT,test,15219,DDoS,1,0.112312,0.262934,KNOWN
BoT-IoT,test,15220,DoS,1,0.12445,0.262934,KNOWN
BoT-IoT,test,15221,DoS,1,0.167144,0.262934,KNOWN
BoT-IoT,test,15222,DoS,1,0.002654,0.262934,KNOWN
BoT-IoT,test,15223,DDoS,1,0.158718,0.262934,KNOWN
BoT-IoT,test,15224,DDoS,1,0.101006,0.262934,KNOWN
BoT-IoT,test,15225,DoS,1,0.362339,0.262934,ZERO_DAY
BoT-IoT,test,15226,DoS,1,0.054725,0.262934,KNOWN
BoT-IoT,test,15227,DDoS,1,0.013999,0.262934,KNOWN
BoT-IoT,test,15228,DDoS,1,0.217378,0.262934,KNOWN
BoT-IoT,test,15229,DDoS,1,0.278716,0.262934,ZERO_DAY
BoT-IoT,test,15230,DDoS,1,0.075531,0.262934,KNOWN
BoT-IoT,test,15231,DDoS,1,0.074698,0.262934,KNOWN
BoT-IoT,test,15232,Normal,1,0.005145,0.262934,KNOWN
BoT-IoT,test,15233,DDoS,1,0.235553,0.262934,KNOWN
BoT-IoT,test,15234,DDoS,1,0.004416,0.262934,KNOWN
BoT-IoT,test,15235,DDoS,1,0.247416,0.262934,KNOWN
BoT-IoT,test,15236,DDoS,1,0.127536,0.262934,KNOWN
BoT-IoT,test,15237,Normal,1,0.421851,0.262934,ZERO_DAY
BoT-IoT,test,15238,DoS,1,0.127429,0.262934,KNOWN
BoT-IoT,test,15239,DoS,1,0.154437,0.262934,KNOWN
BoT-IoT,test,15240,DDoS,1,0.057852,0.262934,KNOWN
BoT-IoT,test,15241,DoS,1,0.061948,0.262934,KNOWN
BoT-IoT,test,15242,DDoS,1,0.095216,0.262934,KNOWN
BoT-IoT,test,15243,DDoS,1,0.086612,0.262934,KNOWN
BoT-IoT,test,15244,DoS,1,0.062485,0.262934,KNOWN
BoT-IoT,test,15245,DDoS,1,0.092189,0.262934,KNOWN
BoT-IoT,test,15246,DoS,1,0.135723,0.262934,KNOWN
BoT-IoT,test,15247,DoS,1,0.241126,0.262934,KNOWN
BoT-IoT,test,15248,DDoS,1,0.031675,0.262934,KNOWN
BoT-IoT,test,15249,DDoS,1,0.146931,0.262934,KNOWN
BoT-IoT,test,15250,DoS,1,0.014771,0.262934,KNOWN
BoT-IoT,test,15251,DoS,1,0.089316,0.262934,KNOWN
BoT-IoT,test,15252,DoS,1,0.097026,0.262934,KNOWN
BoT-IoT,test,15253,DDoS,1,0.043649,0.262934,KNOWN
BoT-IoT,test,15254,DDoS,1,0.161351,0.262934,KNOWN
BoT-IoT,test,15255,DoS,1,0.002786,0.262934,KNOWN
BoT-IoT,test,15256,DDoS,1,0.14571,0.262934,KNOWN
BoT-IoT,test,15257,DDoS,1,0.081455,0.262934,KNOWN
BoT-IoT,test,15258,DDoS,1,0.020557,0.262934,KNOWN
BoT-IoT,test,15259,DoS,1,0.077898,0.262934,KNOWN
BoT-IoT,test,15260,DDoS,1,0.156491,0.262934,KNOWN
BoT-IoT,test,15261,DoS,1,0.245402,0.262934,KNOWN
BoT-IoT,test,15262,DoS,1,0.065751,0.262934,KNOWN
BoT-IoT,test,15263,DoS,1,0.0821,0.262934,KNOWN
BoT-IoT,test,15264,DDoS,1,0.109694,0.262934,KNOWN
BoT-IoT,test,15265,DoS,1,0.091557,0.262934,KNOWN
BoT-IoT,test,15266,DoS,1,0.081077,0.262934,KNOWN
BoT-IoT,test,15267,DDoS,1,0.015344,0.262934,KNOWN
BoT-IoT,test,15268,DDoS,1,0.025723,0.262934,KNOWN
BoT-IoT,test,15269,DDoS,1,0.275932,0.262934,ZERO_DAY
BoT-IoT,test,15270,DoS,1,0.051995,0.262934,KNOWN
BoT-IoT,test,15271,DoS,1,0.029736,0.262934,KNOWN
BoT-IoT,test,15272,DDoS,1,0.006536,0.262934,KNOWN
BoT-IoT,test,15273,DDoS,1,0.290305,0.262934,ZERO_DAY
BoT-IoT,test,15274,Reconnaissance,1,0.136383,0.262934,KNOWN
BoT-IoT,test,15275,DDoS,1,0.133766,0.262934,KNOWN
BoT-IoT,test,15276,DDoS,1,0.113674,0.262934,KNOWN
BoT-IoT,test,15277,DDoS,1,0.266037,0.262934,ZERO_DAY
BoT-IoT,test,15278,DoS,1,0.093654,0.262934,KNOWN
BoT-IoT,test,15279,DDoS,1,0.026164,0.262934,KNOWN
BoT-IoT,test,15280,DDoS,1,0.398287,0.262934,ZERO_DAY
BoT-IoT,test,15281,DoS,1,0.226402,0.262934,KNOWN
BoT-IoT,test,15282,DoS,1,0.046141,0.262934,KNOWN
BoT-IoT,test,15283,DDoS,1,0.169596,0.262934,KNOWN
BoT-IoT,test,15284,DDoS,1,0.065787,0.262934,KNOWN
BoT-IoT,test,15285,DoS,1,0.082931,0.262934,KNOWN
BoT-IoT,test,15286,DDoS,1,0.183089,0.262934,KNOWN
BoT-IoT,test,15287,DDoS,1,0.084314,0.262934,KNOWN
BoT-IoT,test,15288,DoS,1,0.20579,0.262934,KNOWN
BoT-IoT,test,15289,DDoS,1,0.233637,0.262934,KNOWN
BoT-IoT,test,15290,DDoS,1,0.055849,0.262934,KNOWN
BoT-IoT,test,15291,DoS,1,0.013168,0.262934,KNOWN
BoT-IoT,test,15292,DDoS,1,0.107342,0.262934,KNOWN
BoT-IoT,test,15293,DoS,1,0.02066,0.262934,KNOWN
BoT-IoT,test,15294,DoS,1,0.16566,0.262934,KNOWN
BoT-IoT,test,15295,DDoS,1,0.117037,0.262934,KNOWN
BoT-IoT,test,15296,DDoS,1,0.020863,0.262934,KNOWN
BoT-IoT,test,15297,DoS,1,0.027345,0.262934,KNOWN
BoT-IoT,test,15298,DoS,1,0.065274,0.262934,KNOWN
BoT-IoT,test,15299,DoS,1,0.216505,0.262934,KNOWN
BoT-IoT,test,15300,DDoS,1,0.248024,0.262934,KNOWN
BoT-IoT,test,15301,DoS,1,0.006904,0.262934,KNOWN
BoT-IoT,test,15302,DoS,1,0.054254,0.262934,KNOWN
BoT-IoT,test,15303,DoS,1,0.210142,0.262934,KNOWN
BoT-IoT,test,15304,DDoS,1,0.264266,0.262934,ZERO_DAY
BoT-IoT,test,15305,DDoS,1,0.029883,0.262934,KNOWN
BoT-IoT,test,15306,DDoS,1,0.093803,0.262934,KNOWN
BoT-IoT,test,15307,DDoS,1,0.185382,0.262934,KNOWN
BoT-IoT,test,15308,Reconnaissance,1,0.103875,0.262934,KNOWN
BoT-IoT,test,15309,DDoS,1,0.029555,0.262934,KNOWN
BoT-IoT,test,15310,DoS,1,0.124111,0.262934,KNOWN
BoT-IoT,test,15311,DDoS,1,0.005833,0.262934,KNOWN
BoT-IoT,test,15312,DoS,1,0.207058,0.262934,KNOWN
BoT-IoT,test,15313,DDoS,1,0.010764,0.262934,KNOWN
BoT-IoT,test,15314,DDoS,1,0.035575,0.262934,KNOWN
BoT-IoT,test,15315,DoS,1,0.096582,0.262934,KNOWN
BoT-IoT,test,15316,DDoS,1,0.08812,0.262934,KNOWN
BoT-IoT,test,15317,DDoS,1,0.093131,0.262934,KNOWN
BoT-IoT,test,15318,DoS,1,0.19158,0.262934,KNOWN
BoT-IoT,test,15319,DDoS,1,0.286958,0.262934,ZERO_DAY
BoT-IoT,test,15320,DoS,1,0.33075,0.262934,ZERO_DAY
BoT-IoT,test,15321,DoS,1,0.035532,0.262934,KNOWN
BoT-IoT,test,15322,DDoS,1,0.036011,0.262934,KNOWN
BoT-IoT,test,15323,DoS,1,0.042598,0.262934,KNOWN
BoT-IoT,test,15324,DoS,1,0.348398,0.262934,ZERO_DAY
BoT-IoT,test,15325,DDoS,1,0.149911,0.262934,KNOWN
BoT-IoT,test,15326,DoS,1,0.066842,0.262934,KNOWN
BoT-IoT,test,15327,DoS,1,0.069284,0.262934,KNOWN
BoT-IoT,test,15328,DDoS,1,0.101472,0.262934,KNOWN
BoT-IoT,test,15329,DDoS,1,0.12209,0.262934,KNOWN
BoT-IoT,test,15330,DoS,1,0.214821,0.262934,KNOWN
BoT-IoT,test,15331,DDoS,1,0.190146,0.262934,KNOWN
BoT-IoT,test,15332,DDoS,1,0.197502,0.262934,KNOWN
BoT-IoT,test,15333,DDoS,1,0.04676,0.262934,KNOWN
BoT-IoT,test,15334,DoS,1,0.145004,0.262934,KNOWN
BoT-IoT,test,15335,DoS,1,0.060554,0.262934,KNOWN
BoT-IoT,test,15336,DDoS,1,0.100095,0.262934,KNOWN
BoT-IoT,test,15337,DoS,1,0.230024,0.262934,KNOWN
BoT-IoT,test,15338,DDoS,1,0.137316,0.262934,KNOWN
BoT-IoT,test,15339,DoS,1,0.157568,0.262934,KNOWN
BoT-IoT,test,15340,DoS,1,0.056188,0.262934,KNOWN
BoT-IoT,test,15341,DoS,1,0.161944,0.262934,KNOWN
BoT-IoT,test,15342,DDoS,1,0.280148,0.262934,ZERO_DAY
BoT-IoT,test,15343,DDoS,1,0.145523,0.262934,KNOWN
BoT-IoT,test,15344,DDoS,1,0.090221,0.262934,KNOWN
BoT-IoT,test,15345,DoS,1,0.210024,0.262934,KNOWN
BoT-IoT,test,15346,DoS,1,0.103062,0.262934,KNOWN
BoT-IoT,test,15347,DDoS,1,0.211634,0.262934,KNOWN
BoT-IoT,test,15348,DDoS,1,0.114375,0.262934,KNOWN
BoT-IoT,test,15349,DDoS,1,0.175071,0.262934,KNOWN
BoT-IoT,test,15350,DoS,1,0.04953,0.262934,KNOWN
BoT-IoT,test,15351,DoS,1,0.336783,0.262934,ZERO_DAY
BoT-IoT,test,15352,DoS,1,0.114503,0.262934,KNOWN
BoT-IoT,test,15353,DoS,1,0.093888,0.262934,KNOWN
BoT-IoT,test,15354,DDoS,1,0.119259,0.262934,KNOWN
BoT-IoT,test,15355,DoS,1,0.029335,0.262934,KNOWN
BoT-IoT,test,15356,DDoS,1,0.032563,0.262934,KNOWN
BoT-IoT,test,15357,DDoS,1,0.018309,0.262934,KNOWN
BoT-IoT,test,15358,DDoS,1,0.001347,0.262934,KNOWN
BoT-IoT,test,15359,DoS,1,0.31633,0.262934,ZERO_DAY
BoT-IoT,test,15360,DDoS,1,0.051363,0.262934,KNOWN
BoT-IoT,test,15361,DDoS,1,0.058205,0.262934,KNOWN
BoT-IoT,test,15362,DDoS,1,0.088836,0.262934,KNOWN
BoT-IoT,test,15363,DDoS,1,0.228937,0.262934,KNOWN
BoT-IoT,test,15364,DDoS,1,0.209255,0.262934,KNOWN
BoT-IoT,test,15365,DoS,1,0.020314,0.262934,KNOWN
BoT-IoT,test,15366,DDoS,1,0.300052,0.262934,ZERO_DAY
BoT-IoT,test,15367,DDoS,1,0.219511,0.262934,KNOWN
BoT-IoT,test,15368,DDoS,1,0.040914,0.262934,KNOWN
BoT-IoT,test,15369,DoS,1,0.037806,0.262934,KNOWN
BoT-IoT,test,15370,DoS,1,0.020381,0.262934,KNOWN
BoT-IoT,test,15371,Normal,1,0.033053,0.262934,KNOWN
BoT-IoT,test,15372,DoS,1,0.22617,0.262934,KNOWN
BoT-IoT,test,15373,DDoS,1,0.061124,0.262934,KNOWN
BoT-IoT,test,15374,DDoS,1,0.038371,0.262934,KNOWN
BoT-IoT,test,15375,DDoS,1,0.001243,0.262934,KNOWN
BoT-IoT,test,15376,DDoS,1,0.052103,0.262934,KNOWN
BoT-IoT,test,15377,DDoS,1,0.179985,0.262934,KNOWN
BoT-IoT,test,15378,DoS,1,0.037486,0.262934,KNOWN
BoT-IoT,test,15379,DoS,1,0.129159,0.262934,KNOWN
BoT-IoT,test,15380,Normal,1,0.02817,0.262934,KNOWN
BoT-IoT,test,15381,DDoS,1,0.280914,0.262934,ZERO_DAY
BoT-IoT,test,15382,DoS,1,0.061389,0.262934,KNOWN
BoT-IoT,test,15383,DDoS,1,0.067165,0.262934,KNOWN
BoT-IoT,test,15384,DDoS,1,0.020168,0.262934,KNOWN
BoT-IoT,test,15385,DDoS,1,0.103969,0.262934,KNOWN
BoT-IoT,test,15386,Normal,1,0.036485,0.262934,KNOWN
BoT-IoT,test,15387,DoS,1,0.008976,0.262934,KNOWN
BoT-IoT,test,15388,Reconnaissance,1,0.01405,0.262934,KNOWN
BoT-IoT,test,15389,DoS,1,0.067876,0.262934,KNOWN
BoT-IoT,test,15390,DoS,1,0.136059,0.262934,KNOWN
BoT-IoT,test,15391,DDoS,1,0.025113,0.262934,KNOWN
BoT-IoT,test,15392,DDoS,1,0.102473,0.262934,KNOWN
BoT-IoT,test,15393,DDoS,1,0.002979,0.262934,KNOWN
BoT-IoT,test,15394,DDoS,1,0.074207,0.262934,KNOWN
BoT-IoT,test,15395,DDoS,1,0.12192,0.262934,KNOWN
BoT-IoT,test,15396,DoS,1,0.067003,0.262934,KNOWN
BoT-IoT,test,15397,DDoS,1,0.104787,0.262934,KNOWN
BoT-IoT,test,15398,DDoS,1,0.126525,0.262934,KNOWN
BoT-IoT,test,15399,DoS,1,0.303257,0.262934,ZERO_DAY
BoT-IoT,test,15400,DoS,1,0.059957,0.262934,KNOWN
BoT-IoT,test,15401,Normal,1,0.128618,0.262934,KNOWN
BoT-IoT,test,15402,DoS,1,0.108942,0.262934,KNOWN
BoT-IoT,test,15403,DDoS,1,0.029355,0.262934,KNOWN
BoT-IoT,test,15404,DoS,1,0.136667,0.262934,KNOWN
BoT-IoT,test,15405,DDoS,1,0.064417,0.262934,KNOWN
BoT-IoT,test,15406,DDoS,1,0.018462,0.262934,KNOWN
BoT-IoT,test,15407,DDoS,1,0.029746,0.262934,KNOWN
BoT-IoT,test,15408,DDoS,1,0.100959,0.262934,KNOWN
BoT-IoT,test,15409,DDoS,1,0.051483,0.262934,KNOWN
BoT-IoT,test,15410,DDoS,1,0.041883,0.262934,KNOWN
BoT-IoT,test,15411,DDoS,1,0.015081,0.262934,KNOWN
BoT-IoT,test,15412,DDoS,1,0.028187,0.262934,KNOWN
BoT-IoT,test,15413,DoS,1,0.441744,0.262934,ZERO_DAY
BoT-IoT,test,15414,DoS,1,0.050575,0.262934,KNOWN
BoT-IoT,test,15415,DDoS,1,0.029548,0.262934,KNOWN
BoT-IoT,test,15416,DoS,1,0.073888,0.262934,KNOWN
BoT-IoT,test,15417,DDoS,1,0.089789,0.262934,KNOWN
BoT-IoT,test,15418,DoS,1,0.075046,0.262934,KNOWN
BoT-IoT,test,15419,DDoS,1,0.152072,0.262934,KNOWN
BoT-IoT,test,15420,DoS,1,0.079154,0.262934,KNOWN
BoT-IoT,test,15421,DoS,1,0.031224,0.262934,KNOWN
BoT-IoT,test,15422,DoS,1,0.15169,0.262934,KNOWN
BoT-IoT,test,15423,DDoS,1,0.264446,0.262934,ZERO_DAY
BoT-IoT,test,15424,DDoS,1,0.216064,0.262934,KNOWN
BoT-IoT,test,15425,DDoS,1,0.029698,0.262934,KNOWN
BoT-IoT,test,15426,DoS,1,0.052022,0.262934,KNOWN
BoT-IoT,test,15427,DDoS,1,0.069715,0.262934,KNOWN
BoT-IoT,test,15428,DDoS,1,0.019032,0.262934,KNOWN
BoT-IoT,test,15429,DoS,1,0.100451,0.262934,KNOWN
BoT-IoT,test,15430,DDoS,1,0.127526,0.262934,KNOWN
BoT-IoT,test,15431,DoS,1,0.122862,0.262934,KNOWN
BoT-IoT,test,15432,DoS,1,0.040976,0.262934,KNOWN
BoT-IoT,test,15433,DDoS,1,0.117771,0.262934,KNOWN
BoT-IoT,test,15434,DDoS,1,0.204154,0.262934,KNOWN
BoT-IoT,test,15435,Normal,1,0.075962,0.262934,KNOWN
BoT-IoT,test,15436,DDoS,1,0.053886,0.262934,KNOWN
BoT-IoT,test,15437,DoS,1,0.000941,0.262934,KNOWN
BoT-IoT,test,15438,DoS,1,0.015022,0.262934,KNOWN
BoT-IoT,test,15439,DDoS,1,0.051985,0.262934,KNOWN
BoT-IoT,test,15440,DoS,1,0.041304,0.262934,KNOWN
BoT-IoT,test,15441,DDoS,1,0.057281,0.262934,KNOWN
BoT-IoT,test,15442,DDoS,1,0.059722,0.262934,KNOWN
BoT-IoT,test,15443,DDoS,1,0.042104,0.262934,KNOWN
BoT-IoT,test,15444,DoS,1,0.072911,0.262934,KNOWN
BoT-IoT,test,15445,DoS,1,0.074303,0.262934,KNOWN
BoT-IoT,test,15446,DoS,1,0.047739,0.262934,KNOWN
BoT-IoT,test,15447,DoS,1,0.07351,0.262934,KNOWN
BoT-IoT,test,15448,DoS,1,0.113477,0.262934,KNOWN
BoT-IoT,test,15449,DDoS,1,0.025489,0.262934,KNOWN
BoT-IoT,test,15450,DDoS,1,0.166798,0.262934,KNOWN
BoT-IoT,test,15451,DoS,1,0.023785,0.262934,KNOWN
BoT-IoT,test,15452,DDoS,1,0.10509,0.262934,KNOWN
BoT-IoT,test,15453,DoS,1,0.044863,0.262934,KNOWN
BoT-IoT,test,15454,Reconnaissance,1,0.001729,0.262934,KNOWN
BoT-IoT,test,15455,DoS,1,0.115191,0.262934,KNOWN
BoT-IoT,test,15456,DDoS,1,0.080591,0.262934,KNOWN
BoT-IoT,test,15457,DoS,1,0.018233,0.262934,KNOWN
BoT-IoT,test,15458,DoS,1,0.085737,0.262934,KNOWN
BoT-IoT,test,15459,DoS,1,0.310198,0.262934,ZERO_DAY
BoT-IoT,test,15460,DoS,1,0.016986,0.262934,KNOWN
BoT-IoT,test,15461,DoS,1,0.011644,0.262934,KNOWN
BoT-IoT,test,15462,DoS,1,0.023766,0.262934,KNOWN
BoT-IoT,test,15463,DDoS,1,0.101614,0.262934,KNOWN
BoT-IoT,test,15464,DoS,1,0.013028,0.262934,KNOWN
BoT-IoT,test,15465,DDoS,1,0.082301,0.262934,KNOWN
BoT-IoT,test,15466,DoS,1,0.105708,0.262934,KNOWN
BoT-IoT,test,15467,DDoS,1,0.101506,0.262934,KNOWN
BoT-IoT,test,15468,DDoS,1,0.012048,0.262934,KNOWN
BoT-IoT,test,15469,DoS,1,0.134399,0.262934,KNOWN
BoT-IoT,test,15470,DDoS,1,0.041595,0.262934,KNOWN
BoT-IoT,test,15471,DDoS,1,0.034184,0.262934,KNOWN
BoT-IoT,test,15472,DDoS,1,0.100474,0.262934,KNOWN
BoT-IoT,test,15473,DDoS,1,0.226323,0.262934,KNOWN
BoT-IoT,test,15474,DoS,1,0.020737,0.262934,KNOWN
BoT-IoT,test,15475,DoS,1,0.027447,0.262934,KNOWN
BoT-IoT,test,15476,DDoS,1,0.148979,0.262934,KNOWN
BoT-IoT,test,15477,DDoS,1,0.074832,0.262934,KNOWN
BoT-IoT,test,15478,DDoS,1,0.025768,0.262934,KNOWN
BoT-IoT,test,15479,DDoS,1,0.103607,0.262934,KNOWN
BoT-IoT,test,15480,DDoS,1,0.005693,0.262934,KNOWN
BoT-IoT,test,15481,DoS,1,0.141448,0.262934,KNOWN
BoT-IoT,test,15482,DDoS,1,0.069204,0.262934,KNOWN
BoT-IoT,test,15483,DDoS,1,0.338301,0.262934,ZERO_DAY
BoT-IoT,test,15484,DoS,1,0.375266,0.262934,ZERO_DAY
BoT-IoT,test,15485,DDoS,1,0.025006,0.262934,KNOWN
BoT-IoT,test,15486,DoS,1,0.009041,0.262934,KNOWN
BoT-IoT,test,15487,DoS,1,0.035235,0.262934,KNOWN
BoT-IoT,test,15488,DoS,1,0.037417,0.262934,KNOWN
BoT-IoT,test,15489,DoS,1,0.031323,0.262934,KNOWN
BoT-IoT,test,15490,DDoS,1,0.027148,0.262934,KNOWN
BoT-IoT,test,15491,DDoS,1,0.116702,0.262934,KNOWN
BoT-IoT,test,15492,DDoS,1,0.125297,0.262934,KNOWN
BoT-IoT,test,15493,DoS,1,0.074191,0.262934,KNOWN
BoT-IoT,test,15494,DDoS,1,0.236165,0.262934,KNOWN
BoT-IoT,test,15495,DDoS,1,0.228818,0.262934,KNOWN
BoT-IoT,test,15496,DDoS,1,0.050631,0.262934,KNOWN
BoT-IoT,test,15497,DDoS,1,0.067153,0.262934,KNOWN
BoT-IoT,test,15498,DDoS,1,0.022864,0.262934,KNOWN
BoT-IoT,test,15499,DoS,1,0.052732,0.262934,KNOWN
BoT-IoT,test,15500,DDoS,1,0.004074,0.262934,KNOWN
BoT-IoT,test,15501,DDoS,1,0.013118,0.262934,KNOWN
BoT-IoT,test,15502,DoS,1,0.015089,0.262934,KNOWN
BoT-IoT,test,15503,DDoS,1,0.115469,0.262934,KNOWN
BoT-IoT,test,15504,DoS,1,0.009492,0.262934,KNOWN
BoT-IoT,test,15505,DoS,1,0.017574,0.262934,KNOWN
BoT-IoT,test,15506,DoS,1,0.028252,0.262934,KNOWN
BoT-IoT,test,15507,DoS,1,0.051831,0.262934,KNOWN
BoT-IoT,test,15508,DoS,1,0.121346,0.262934,KNOWN
BoT-IoT,test,15509,DDoS,1,0.014849,0.262934,KNOWN
BoT-IoT,test,15510,DoS,1,0.120436,0.262934,KNOWN
BoT-IoT,test,15511,DDoS,1,0.136279,0.262934,KNOWN
BoT-IoT,test,15512,DDoS,1,0.092418,0.262934,KNOWN
BoT-IoT,test,15513,DDoS,1,0.008511,0.262934,KNOWN
BoT-IoT,test,15514,DDoS,1,0.268821,0.262934,ZERO_DAY
BoT-IoT,test,15515,Reconnaissance,1,0.047379,0.262934,KNOWN
BoT-IoT,test,15516,DoS,1,0.030899,0.262934,KNOWN
BoT-IoT,test,15517,Normal,1,0.010431,0.262934,KNOWN
BoT-IoT,test,15518,DDoS,1,0.20236,0.262934,KNOWN
BoT-IoT,test,15519,DDoS,1,0.009847,0.262934,KNOWN
BoT-IoT,test,15520,DoS,1,0.151659,0.262934,KNOWN
BoT-IoT,test,15521,DoS,1,0.122042,0.262934,KNOWN
BoT-IoT,test,15522,DDoS,1,0.04276,0.262934,KNOWN
BoT-IoT,test,15523,DoS,1,0.278718,0.262934,ZERO_DAY
BoT-IoT,test,15524,DDoS,1,0.011973,0.262934,KNOWN
BoT-IoT,test,15525,DDoS,1,0.188072,0.262934,KNOWN
BoT-IoT,test,15526,DoS,1,0.173508,0.262934,KNOWN
BoT-IoT,test,15527,DDoS,1,0.145646,0.262934,KNOWN
BoT-IoT,test,15528,DDoS,1,0.113733,0.262934,KNOWN
BoT-IoT,test,15529,DDoS,1,0.104531,0.262934,KNOWN
BoT-IoT,test,15530,DDoS,1,0.082414,0.262934,KNOWN
BoT-IoT,test,15531,DoS,1,0.163106,0.262934,KNOWN
BoT-IoT,test,15532,DDoS,1,0.143088,0.262934,KNOWN
BoT-IoT,test,15533,DoS,1,0.002454,0.262934,KNOWN
BoT-IoT,test,15534,DoS,1,0.231471,0.262934,KNOWN
BoT-IoT,test,15535,DoS,1,0.035053,0.262934,KNOWN
BoT-IoT,test,15536,DDoS,1,0.120805,0.262934,KNOWN
BoT-IoT,test,15537,DoS,1,0.067485,0.262934,KNOWN
BoT-IoT,test,15538,DDoS,1,0.032538,0.262934,KNOWN
BoT-IoT,test,15539,DDoS,1,0.048369,0.262934,KNOWN
BoT-IoT,test,15540,Reconnaissance,1,0.332236,0.262934,ZERO_DAY
BoT-IoT,test,15541,DoS,1,0.057845,0.262934,KNOWN
BoT-IoT,test,15542,DoS,1,0.031113,0.262934,KNOWN
BoT-IoT,test,15543,DDoS,1,0.033236,0.262934,KNOWN
BoT-IoT,test,15544,DDoS,1,0.064955,0.262934,KNOWN
BoT-IoT,test,15545,DoS,1,0.052967,0.262934,KNOWN
BoT-IoT,test,15546,DoS,1,0.017021,0.262934,KNOWN
BoT-IoT,test,15547,DDoS,1,0.01908,0.262934,KNOWN
BoT-IoT,test,15548,DoS,1,0.056996,0.262934,KNOWN
BoT-IoT,test,15549,DDoS,1,0.135949,0.262934,KNOWN
BoT-IoT,test,15550,DoS,1,0.14434,0.262934,KNOWN
BoT-IoT,test,15551,DoS,1,0.023802,0.262934,KNOWN
BoT-IoT,test,15552,DDoS,1,0.133385,0.262934,KNOWN
BoT-IoT,test,15553,DDoS,1,0.13823,0.262934,KNOWN
BoT-IoT,test,15554,DoS,1,0.075798,0.262934,KNOWN
BoT-IoT,test,15555,DDoS,1,0.024775,0.262934,KNOWN
BoT-IoT,test,15556,DDoS,1,0.199406,0.262934,KNOWN
BoT-IoT,test,15557,DoS,1,0.032239,0.262934,KNOWN
BoT-IoT,test,15558,DoS,1,0.048061,0.262934,KNOWN
BoT-IoT,test,15559,DDoS,1,0.299211,0.262934,ZERO_DAY
BoT-IoT,test,15560,DDoS,1,0.008488,0.262934,KNOWN
BoT-IoT,test,15561,DoS,1,0.040636,0.262934,KNOWN
BoT-IoT,test,15562,DDoS,1,0.130337,0.262934,KNOWN
BoT-IoT,test,15563,Reconnaissance,1,0.060965,0.262934,KNOWN
BoT-IoT,test,15564,DoS,1,0.081487,0.262934,KNOWN
BoT-IoT,test,15565,DoS,1,0.139109,0.262934,KNOWN
BoT-IoT,test,15566,DDoS,1,0.100161,0.262934,KNOWN
BoT-IoT,test,15567,DoS,1,0.076336,0.262934,KNOWN
BoT-IoT,test,15568,DoS,1,0.033296,0.262934,KNOWN
BoT-IoT,test,15569,Normal,1,0.018999,0.262934,KNOWN
BoT-IoT,test,15570,DoS,1,0.025436,0.262934,KNOWN
BoT-IoT,test,15571,DoS,1,0.027182,0.262934,KNOWN
BoT-IoT,test,15572,DDoS,1,0.159069,0.262934,KNOWN
BoT-IoT,test,15573,DoS,1,0.072553,0.262934,KNOWN
BoT-IoT,test,15574,DDoS,1,0.271287,0.262934,ZERO_DAY
BoT-IoT,test,15575,DDoS,1,0.263398,0.262934,ZERO_DAY
BoT-IoT,test,15576,DDoS,1,0.13442,0.262934,KNOWN
BoT-IoT,test,15577,DDoS,1,0.024464,0.262934,KNOWN
BoT-IoT,test,15578,DoS,1,0.009444,0.262934,KNOWN
BoT-IoT,test,15579,DoS,1,0.146272,0.262934,KNOWN
BoT-IoT,test,15580,DoS,1,0.056405,0.262934,KNOWN
BoT-IoT,test,15581,DDoS,1,0.14663,0.262934,KNOWN
BoT-IoT,test,15582,DDoS,1,0.045693,0.262934,KNOWN
BoT-IoT,test,15583,DDoS,1,0.074162,0.262934,KNOWN
BoT-IoT,test,15584,DoS,1,0.017912,0.262934,KNOWN
BoT-IoT,test,15585,DDoS,1,0.192085,0.262934,KNOWN
BoT-IoT,test,15586,Reconnaissance,1,0.195073,0.262934,KNOWN
BoT-IoT,test,15587,DoS,1,0.020759,0.262934,KNOWN
BoT-IoT,test,15588,DoS,1,0.105892,0.262934,KNOWN
BoT-IoT,test,15589,Normal,1,0.181603,0.262934,KNOWN
BoT-IoT,test,15590,DDoS,1,0.030406,0.262934,KNOWN
BoT-IoT,test,15591,DDoS,1,0.398721,0.262934,ZERO_DAY
BoT-IoT,test,15592,DoS,1,0.031223,0.262934,KNOWN
BoT-IoT,test,15593,DoS,1,0.000123,0.262934,KNOWN
BoT-IoT,test,15594,DoS,1,0.101855,0.262934,KNOWN
BoT-IoT,test,15595,DDoS,1,0.087011,0.262934,KNOWN
BoT-IoT,test,15596,DDoS,1,0.211124,0.262934,KNOWN
BoT-IoT,test,15597,DDoS,1,0.025628,0.262934,KNOWN
BoT-IoT,test,15598,Normal,1,0.073894,0.262934,KNOWN
BoT-IoT,test,15599,DoS,1,0.00532,0.262934,KNOWN
BoT-IoT,test,15600,DDoS,1,0.068765,0.262934,KNOWN
BoT-IoT,test,15601,DoS,1,0.107575,0.262934,KNOWN
BoT-IoT,test,15602,DoS,1,0.074123,0.262934,KNOWN
BoT-IoT,test,15603,DDoS,1,0.061156,0.262934,KNOWN
BoT-IoT,test,15604,DoS,1,0.136796,0.262934,KNOWN
BoT-IoT,test,15605,DDoS,1,0.048087,0.262934,KNOWN
BoT-IoT,test,15606,DDoS,1,0.13302,0.262934,KNOWN
BoT-IoT,test,15607,DDoS,1,0.155499,0.262934,KNOWN
BoT-IoT,test,15608,DDoS,1,0.084274,0.262934,KNOWN
BoT-IoT,test,15609,DoS,1,0.061114,0.262934,KNOWN
BoT-IoT,test,15610,DoS,1,0.152136,0.262934,KNOWN
BoT-IoT,test,15611,DDoS,1,0.239443,0.262934,KNOWN
BoT-IoT,test,15612,DDoS,1,0.26207,0.262934,KNOWN
BoT-IoT,test,15613,DoS,1,0.100471,0.262934,KNOWN
BoT-IoT,test,15614,DoS,1,0.011343,0.262934,KNOWN
BoT-IoT,test,15615,DoS,1,0.02262,0.262934,KNOWN
BoT-IoT,test,15616,DoS,1,0.074081,0.262934,KNOWN
BoT-IoT,test,15617,DDoS,1,0.066697,0.262934,KNOWN
BoT-IoT,test,15618,DoS,1,0.2698,0.262934,ZERO_DAY
BoT-IoT,test,15619,DDoS,1,0.108496,0.262934,KNOWN
BoT-IoT,test,15620,DDoS,1,0.176085,0.262934,KNOWN
BoT-IoT,test,15621,DoS,1,0.075376,0.262934,KNOWN
BoT-IoT,test,15622,DoS,1,0.034575,0.262934,KNOWN
BoT-IoT,test,15623,DoS,1,0.136186,0.262934,KNOWN
BoT-IoT,test,15624,DDoS,1,0.062749,0.262934,KNOWN
BoT-IoT,test,15625,DDoS,1,0.010016,0.262934,KNOWN
BoT-IoT,test,15626,DDoS,1,0.006772,0.262934,KNOWN
BoT-IoT,test,15627,DDoS,1,0.283538,0.262934,ZERO_DAY
BoT-IoT,test,15628,DDoS,1,0.006186,0.262934,KNOWN
BoT-IoT,test,15629,DoS,1,0.111886,0.262934,KNOWN
BoT-IoT,test,15630,DDoS,1,0.05593,0.262934,KNOWN
BoT-IoT,test,15631,DDoS,1,0.052383,0.262934,KNOWN
BoT-IoT,test,15632,DDoS,1,0.011691,0.262934,KNOWN
BoT-IoT,test,15633,DDoS,1,0.076854,0.262934,KNOWN
BoT-IoT,test,15634,DoS,1,0.235365,0.262934,KNOWN
BoT-IoT,test,15635,DoS,1,0.199024,0.262934,KNOWN
BoT-IoT,test,15636,DoS,1,0.086503,0.262934,KNOWN
BoT-IoT,test,15637,DDoS,1,0.021165,0.262934,KNOWN
BoT-IoT,test,15638,DDoS,1,0.07066,0.262934,KNOWN
BoT-IoT,test,15639,DDoS,1,0.239612,0.262934,KNOWN
BoT-IoT,test,15640,DoS,1,0.055636,0.262934,KNOWN
BoT-IoT,test,15641,DoS,1,0.04216,0.262934,KNOWN
BoT-IoT,test,15642,DoS,1,0.003829,0.262934,KNOWN
BoT-IoT,test,15643,Normal,1,0.222684,0.262934,KNOWN
BoT-IoT,test,15644,DDoS,1,0.11596,0.262934,KNOWN
BoT-IoT,test,15645,DDoS,1,0.394982,0.262934,ZERO_DAY
BoT-IoT,test,15646,DDoS,1,0.18575,0.262934,KNOWN
BoT-IoT,test,15647,DDoS,1,0.041317,0.262934,KNOWN
BoT-IoT,test,15648,DDoS,1,0.213596,0.262934,KNOWN
BoT-IoT,test,15649,DoS,1,0.087238,0.262934,KNOWN
BoT-IoT,test,15650,DDoS,1,0.060173,0.262934,KNOWN
BoT-IoT,test,15651,DDoS,1,0.073823,0.262934,KNOWN
BoT-IoT,test,15652,DDoS,1,0.118432,0.262934,KNOWN
BoT-IoT,test,15653,DoS,1,0.01532,0.262934,KNOWN
BoT-IoT,test,15654,DoS,1,0.076936,0.262934,KNOWN
BoT-IoT,test,15655,DDoS,1,0.139784,0.262934,KNOWN
BoT-IoT,test,15656,DDoS,1,0.043345,0.262934,KNOWN
BoT-IoT,test,15657,DDoS,1,0.562019,0.262934,ZERO_DAY
BoT-IoT,test,15658,DDoS,1,0.075164,0.262934,KNOWN
BoT-IoT,test,15659,DDoS,1,0.124826,0.262934,KNOWN
BoT-IoT,test,15660,DDoS,1,0.087286,0.262934,KNOWN
BoT-IoT,test,15661,DDoS,1,0.095481,0.262934,KNOWN
BoT-IoT,test,15662,DDoS,1,0.112977,0.262934,KNOWN
BoT-IoT,test,15663,DoS,1,0.013023,0.262934,KNOWN
BoT-IoT,test,15664,DoS,1,0.008721,0.262934,KNOWN
BoT-IoT,test,15665,DoS,1,0.308396,0.262934,ZERO_DAY
BoT-IoT,test,15666,DDoS,1,0.051463,0.262934,KNOWN
BoT-IoT,test,15667,DoS,1,0.158858,0.262934,KNOWN
BoT-IoT,test,15668,DoS,1,0.034267,0.262934,KNOWN
BoT-IoT,test,15669,DDoS,1,0.101063,0.262934,KNOWN
BoT-IoT,test,15670,DoS,1,0.044724,0.262934,KNOWN
BoT-IoT,test,15671,DDoS,1,0.07272,0.262934,KNOWN
BoT-IoT,test,15672,DoS,1,0.129451,0.262934,KNOWN
BoT-IoT,test,15673,DoS,1,0.068472,0.262934,KNOWN
BoT-IoT,test,15674,DoS,1,0.112065,0.262934,KNOWN
BoT-IoT,test,15675,DoS,1,0.147852,0.262934,KNOWN
BoT-IoT,test,15676,DoS,1,0.082505,0.262934,KNOWN
BoT-IoT,test,15677,DoS,1,0.077368,0.262934,KNOWN
BoT-IoT,test,15678,DDoS,1,0.030708,0.262934,KNOWN
BoT-IoT,test,15679,DoS,1,0.062942,0.262934,KNOWN
BoT-IoT,test,15680,Normal,1,0.043578,0.262934,KNOWN
BoT-IoT,test,15681,DDoS,1,0.121592,0.262934,KNOWN
BoT-IoT,test,15682,DoS,1,0.155654,0.262934,KNOWN
BoT-IoT,test,15683,DDoS,1,0.098514,0.262934,KNOWN
BoT-IoT,test,15684,DDoS,1,0.20239,0.262934,KNOWN
BoT-IoT,test,15685,DoS,1,0.061974,0.262934,KNOWN
BoT-IoT,test,15686,DoS,1,0.030219,0.262934,KNOWN
BoT-IoT,test,15687,DDoS,1,0.009187,0.262934,KNOWN
BoT-IoT,test,15688,DoS,1,0.027368,0.262934,KNOWN
BoT-IoT,test,15689,DoS,1,0.078541,0.262934,KNOWN
BoT-IoT,test,15690,DDoS,1,0.050102,0.262934,KNOWN
BoT-IoT,test,15691,DDoS,1,0.390723,0.262934,ZERO_DAY
BoT-IoT,test,15692,DDoS,1,0.132927,0.262934,KNOWN
BoT-IoT,test,15693,DoS,1,0.096287,0.262934,KNOWN
BoT-IoT,test,15694,DDoS,1,0.063181,0.262934,KNOWN
BoT-IoT,test,15695,DoS,1,0.112077,0.262934,KNOWN
BoT-IoT,test,15696,DDoS,1,0.109585,0.262934,KNOWN
BoT-IoT,test,15697,DoS,1,0.212783,0.262934,KNOWN
BoT-IoT,test,15698,Normal,1,0.085574,0.262934,KNOWN
BoT-IoT,test,15699,DDoS,1,0.034548,0.262934,KNOWN
BoT-IoT,test,15700,Normal,1,0.047192,0.262934,KNOWN
BoT-IoT,test,15701,DDoS,1,0.164471,0.262934,KNOWN
BoT-IoT,test,15702,DDoS,1,0.186345,0.262934,KNOWN
BoT-IoT,test,15703,DoS,1,0.032367,0.262934,KNOWN
BoT-IoT,test,15704,Reconnaissance,1,0.126907,0.262934,KNOWN
BoT-IoT,test,15705,DoS,1,0.121682,0.262934,KNOWN
BoT-IoT,test,15706,Reconnaissance,1,0.009542,0.262934,KNOWN
BoT-IoT,test,15707,DDoS,1,0.089787,0.262934,KNOWN
BoT-IoT,test,15708,DDoS,1,0.081214,0.262934,KNOWN
BoT-IoT,test,15709,DoS,1,0.090857,0.262934,KNOWN
BoT-IoT,test,15710,DDoS,1,0.048305,0.262934,KNOWN
BoT-IoT,test,15711,DDoS,1,0.082734,0.262934,KNOWN
BoT-IoT,test,15712,DDoS,1,0.004475,0.262934,KNOWN
BoT-IoT,test,15713,DoS,1,0.045038,0.262934,KNOWN
BoT-IoT,test,15714,DDoS,1,0.041718,0.262934,KNOWN
BoT-IoT,test,15715,DDoS,1,0.228134,0.262934,KNOWN
BoT-IoT,test,15716,DDoS,1,0.055055,0.262934,KNOWN
BoT-IoT,test,15717,DDoS,1,0.294172,0.262934,ZERO_DAY
BoT-IoT,test,15718,DDoS,1,0.018575,0.262934,KNOWN
BoT-IoT,test,15719,DoS,1,0.141912,0.262934,KNOWN
BoT-IoT,test,15720,DDoS,1,0.018042,0.262934,KNOWN
BoT-IoT,test,15721,DoS,1,0.022898,0.262934,KNOWN
BoT-IoT,test,15722,DoS,1,0.003966,0.262934,KNOWN
BoT-IoT,test,15723,Normal,1,0.026153,0.262934,KNOWN
BoT-IoT,test,15724,DDoS,1,0.012809,0.262934,KNOWN
BoT-IoT,test,15725,DDoS,1,0.089332,0.262934,KNOWN
BoT-IoT,test,15726,DDoS,1,0.23559,0.262934,KNOWN
BoT-IoT,test,15727,DDoS,1,0.135676,0.262934,KNOWN
BoT-IoT,test,15728,DDoS,1,0.047934,0.262934,KNOWN
BoT-IoT,test,15729,DoS,1,0.454365,0.262934,ZERO_DAY
BoT-IoT,test,15730,DDoS,1,0.083158,0.262934,KNOWN
BoT-IoT,test,15731,DoS,1,0.13708,0.262934,KNOWN
BoT-IoT,test,15732,DDoS,1,0.304917,0.262934,ZERO_DAY
BoT-IoT,test,15733,DDoS,1,0.181238,0.262934,KNOWN
BoT-IoT,test,15734,DDoS,1,0.061095,0.262934,KNOWN
BoT-IoT,test,15735,DoS,1,0.046255,0.262934,KNOWN
BoT-IoT,test,15736,DDoS,1,0.138761,0.262934,KNOWN
BoT-IoT,test,15737,DoS,1,0.205135,0.262934,KNOWN
BoT-IoT,test,15738,DDoS,1,0.204854,0.262934,KNOWN
BoT-IoT,test,15739,DDoS,1,0.092918,0.262934,KNOWN
BoT-IoT,test,15740,Normal,1,0.102268,0.262934,KNOWN
BoT-IoT,test,15741,DDoS,1,0.113951,0.262934,KNOWN
BoT-IoT,test,15742,DDoS,1,0.010787,0.262934,KNOWN
BoT-IoT,test,15743,DDoS,1,0.119181,0.262934,KNOWN
BoT-IoT,test,15744,DoS,1,0.001533,0.262934,KNOWN
BoT-IoT,test,15745,DoS,1,0.101761,0.262934,KNOWN
BoT-IoT,test,15746,DDoS,1,0.107448,0.262934,KNOWN
BoT-IoT,test,15747,DDoS,1,0.068881,0.262934,KNOWN
BoT-IoT,test,15748,DDoS,1,0.056657,0.262934,KNOWN
BoT-IoT,test,15749,DoS,1,0.026648,0.262934,KNOWN
BoT-IoT,test,15750,DoS,1,0.119588,0.262934,KNOWN
BoT-IoT,test,15751,DDoS,1,0.099375,0.262934,KNOWN
BoT-IoT,test,15752,DoS,1,0.137574,0.262934,KNOWN
BoT-IoT,test,15753,DoS,1,0.099495,0.262934,KNOWN
BoT-IoT,test,15754,DDoS,1,0.125767,0.262934,KNOWN
BoT-IoT,test,15755,DoS,1,0.170358,0.262934,KNOWN
BoT-IoT,test,15756,DDoS,1,0.261546,0.262934,KNOWN
BoT-IoT,test,15757,Normal,1,0.006975,0.262934,KNOWN
BoT-IoT,test,15758,DoS,1,0.352126,0.262934,ZERO_DAY
BoT-IoT,test,15759,DoS,1,0.085544,0.262934,KNOWN
BoT-IoT,test,15760,DoS,1,0.117741,0.262934,KNOWN
BoT-IoT,test,15761,DoS,1,0.020597,0.262934,KNOWN
BoT-IoT,test,15762,DoS,1,0.076567,0.262934,KNOWN
BoT-IoT,test,15763,DDoS,1,0.04815,0.262934,KNOWN
BoT-IoT,test,15764,DoS,1,0.006938,0.262934,KNOWN
BoT-IoT,test,15765,DoS,1,0.072948,0.262934,KNOWN
BoT-IoT,test,15766,DoS,1,0.063122,0.262934,KNOWN
BoT-IoT,test,15767,DoS,1,0.037958,0.262934,KNOWN
BoT-IoT,test,15768,DDoS,1,0.053562,0.262934,KNOWN
BoT-IoT,test,15769,DoS,1,0.036202,0.262934,KNOWN
BoT-IoT,test,15770,DDoS,1,0.022754,0.262934,KNOWN
BoT-IoT,test,15771,DoS,1,0.175451,0.262934,KNOWN
BoT-IoT,test,15772,DDoS,1,0.053342,0.262934,KNOWN
BoT-IoT,test,15773,DoS,1,0.05321,0.262934,KNOWN
BoT-IoT,test,15774,DoS,1,0.232957,0.262934,KNOWN
BoT-IoT,test,15775,DoS,1,0.088936,0.262934,KNOWN
BoT-IoT,test,15776,DDoS,1,0.016523,0.262934,KNOWN
BoT-IoT,test,15777,DoS,1,0.12319,0.262934,KNOWN
BoT-IoT,test,15778,DoS,1,0.185301,0.262934,KNOWN
BoT-IoT,test,15779,DoS,1,0.182535,0.262934,KNOWN
BoT-IoT,test,15780,DoS,1,0.067177,0.262934,KNOWN
BoT-IoT,test,15781,DDoS,1,0.064328,0.262934,KNOWN
BoT-IoT,test,15782,DoS,1,0.143731,0.262934,KNOWN
BoT-IoT,test,15783,DDoS,1,0.112455,0.262934,KNOWN
BoT-IoT,test,15784,DDoS,1,0.032569,0.262934,KNOWN
BoT-IoT,test,15785,Normal,1,0.212836,0.262934,KNOWN
BoT-IoT,test,15786,DDoS,1,0.169211,0.262934,KNOWN
BoT-IoT,test,15787,DoS,1,0.092081,0.262934,KNOWN
BoT-IoT,test,15788,DoS,1,0.11085,0.262934,KNOWN
BoT-IoT,test,15789,Reconnaissance,1,0.062967,0.262934,KNOWN
BoT-IoT,test,15790,DDoS,1,0.03006,0.262934,KNOWN
BoT-IoT,test,15791,DDoS,1,0.091352,0.262934,KNOWN
BoT-IoT,test,15792,DoS,1,0.099272,0.262934,KNOWN
BoT-IoT,test,15793,Normal,1,0.105999,0.262934,KNOWN
BoT-IoT,test,15794,DDoS,1,0.155744,0.262934,KNOWN
BoT-IoT,test,15795,DoS,1,0.021512,0.262934,KNOWN
BoT-IoT,test,15796,DoS,1,0.063058,0.262934,KNOWN
BoT-IoT,test,15797,DoS,1,0.092646,0.262934,KNOWN
BoT-IoT,test,15798,DDoS,1,0.097383,0.262934,KNOWN
BoT-IoT,test,15799,Normal,1,0.302396,0.262934,ZERO_DAY
BoT-IoT,test,15800,DDoS,1,0.167123,0.262934,KNOWN
BoT-IoT,test,15801,DDoS,1,0.003617,0.262934,KNOWN
BoT-IoT,test,15802,DoS,1,0.113416,0.262934,KNOWN
BoT-IoT,test,15803,DDoS,1,0.092615,0.262934,KNOWN
BoT-IoT,test,15804,DDoS,1,0.060706,0.262934,KNOWN
BoT-IoT,test,15805,DoS,1,0.023528,0.262934,KNOWN
BoT-IoT,test,15806,DDoS,1,0.151382,0.262934,KNOWN
BoT-IoT,test,15807,Normal,1,0.006282,0.262934,KNOWN
BoT-IoT,test,15808,DoS,1,0.002831,0.262934,KNOWN
BoT-IoT,test,15809,Normal,1,0.085394,0.262934,KNOWN
BoT-IoT,test,15810,DDoS,1,0.036228,0.262934,KNOWN
BoT-IoT,test,15811,DDoS,1,0.233294,0.262934,KNOWN
BoT-IoT,test,15812,Reconnaissance,1,0.02618,0.262934,KNOWN
BoT-IoT,test,15813,DoS,1,0.001374,0.262934,KNOWN
BoT-IoT,test,15814,DDoS,1,0.020384,0.262934,KNOWN
BoT-IoT,test,15815,DDoS,1,0.077886,0.262934,KNOWN
BoT-IoT,test,15816,DDoS,1,0.04445,0.262934,KNOWN
BoT-IoT,test,15817,DDoS,1,0.021641,0.262934,KNOWN
BoT-IoT,test,15818,DDoS,1,0.208179,0.262934,KNOWN
BoT-IoT,test,15819,DoS,1,0.044094,0.262934,KNOWN
BoT-IoT,test,15820,DoS,1,0.188539,0.262934,KNOWN
BoT-IoT,test,15821,DoS,1,0.070003,0.262934,KNOWN
BoT-IoT,test,15822,DDoS,1,0.024494,0.262934,KNOWN
BoT-IoT,test,15823,DoS,1,0.031339,0.262934,KNOWN
BoT-IoT,test,15824,DDoS,1,0.249452,0.262934,KNOWN
BoT-IoT,test,15825,DoS,1,0.229076,0.262934,KNOWN
BoT-IoT,test,15826,DDoS,1,0.098508,0.262934,KNOWN
BoT-IoT,test,15827,DDoS,1,0.19247,0.262934,KNOWN
BoT-IoT,test,15828,DDoS,1,0.040643,0.262934,KNOWN
BoT-IoT,test,15829,Normal,1,0.23422,0.262934,KNOWN
BoT-IoT,test,15830,DDoS,1,0.052286,0.262934,KNOWN
BoT-IoT,test,15831,DoS,1,0.041819,0.262934,KNOWN
BoT-IoT,test,15832,DoS,1,0.03853,0.262934,KNOWN
BoT-IoT,test,15833,DDoS,1,0.054166,0.262934,KNOWN
BoT-IoT,test,15834,DoS,1,0.045651,0.262934,KNOWN
BoT-IoT,test,15835,DDoS,1,0.048538,0.262934,KNOWN
BoT-IoT,test,15836,DDoS,1,0.126066,0.262934,KNOWN
BoT-IoT,test,15837,DDoS,1,0.092291,0.262934,KNOWN
BoT-IoT,test,15838,DDoS,1,0.034419,0.262934,KNOWN
BoT-IoT,test,15839,DDoS,1,0.346861,0.262934,ZERO_DAY
BoT-IoT,test,15840,DDoS,1,0.037639,0.262934,KNOWN
BoT-IoT,test,15841,DDoS,1,0.040903,0.262934,KNOWN
BoT-IoT,test,15842,DoS,1,0.016269,0.262934,KNOWN
BoT-IoT,test,15843,DoS,1,0.176778,0.262934,KNOWN
BoT-IoT,test,15844,DDoS,1,0.11045,0.262934,KNOWN
BoT-IoT,test,15845,DoS,1,0.262804,0.262934,KNOWN
BoT-IoT,test,15846,DoS,1,0.06027,0.262934,KNOWN
BoT-IoT,test,15847,DDoS,1,0.181649,0.262934,KNOWN
BoT-IoT,test,15848,DDoS,1,0.054676,0.262934,KNOWN
BoT-IoT,test,15849,DoS,1,0.171406,0.262934,KNOWN
BoT-IoT,test,15850,DoS,1,0.067146,0.262934,KNOWN
BoT-IoT,test,15851,Normal,1,0.304061,0.262934,ZERO_DAY
BoT-IoT,test,15852,DoS,1,0.2902,0.262934,ZERO_DAY
BoT-IoT,test,15853,DoS,1,0.05876,0.262934,KNOWN
BoT-IoT,test,15854,DoS,1,0.157325,0.262934,KNOWN
BoT-IoT,test,15855,DDoS,1,0.067122,0.262934,KNOWN
BoT-IoT,test,15856,DDoS,1,0.108816,0.262934,KNOWN
BoT-IoT,test,15857,DDoS,1,0.233063,0.262934,KNOWN
BoT-IoT,test,15858,DoS,1,0.200184,0.262934,KNOWN
BoT-IoT,test,15859,DoS,1,0.025278,0.262934,KNOWN
BoT-IoT,test,15860,Normal,1,0.073311,0.262934,KNOWN
BoT-IoT,test,15861,DoS,1,0.037076,0.262934,KNOWN
BoT-IoT,test,15862,DoS,1,0.024405,0.262934,KNOWN
BoT-IoT,test,15863,DoS,1,0.285466,0.262934,ZERO_DAY
BoT-IoT,test,15864,DoS,1,0.204735,0.262934,KNOWN
BoT-IoT,test,15865,DoS,1,0.211117,0.262934,KNOWN
BoT-IoT,test,15866,DoS,1,0.178876,0.262934,KNOWN
BoT-IoT,test,15867,DDoS,1,0.095663,0.262934,KNOWN
BoT-IoT,test,15868,DoS,1,0.012421,0.262934,KNOWN
BoT-IoT,test,15869,DDoS,1,0.001633,0.262934,KNOWN
BoT-IoT,test,15870,DDoS,1,0.115578,0.262934,KNOWN
BoT-IoT,test,15871,Normal,1,0.027778,0.262934,KNOWN
BoT-IoT,test,15872,DoS,1,0.181997,0.262934,KNOWN
BoT-IoT,test,15873,DDoS,1,0.339073,0.262934,ZERO_DAY
BoT-IoT,test,15874,DoS,1,0.113866,0.262934,KNOWN
BoT-IoT,test,15875,DDoS,1,0.052552,0.262934,KNOWN
BoT-IoT,test,15876,DDoS,1,0.356669,0.262934,ZERO_DAY
BoT-IoT,test,15877,DDoS,1,0.104033,0.262934,KNOWN
BoT-IoT,test,15878,DoS,1,0.076328,0.262934,KNOWN
BoT-IoT,test,15879,DDoS,1,0.041483,0.262934,KNOWN
BoT-IoT,test,15880,DoS,1,0.018937,0.262934,KNOWN
BoT-IoT,test,15881,DoS,1,0.071959,0.262934,KNOWN
BoT-IoT,test,15882,DDoS,1,0.015549,0.262934,KNOWN
BoT-IoT,test,15883,DoS,1,0.088803,0.262934,KNOWN
BoT-IoT,test,15884,DoS,1,0.107862,0.262934,KNOWN
BoT-IoT,test,15885,DDoS,1,0.022608,0.262934,KNOWN
BoT-IoT,test,15886,DDoS,1,0.121846,0.262934,KNOWN
BoT-IoT,test,15887,DDoS,1,0.072818,0.262934,KNOWN
BoT-IoT,test,15888,DoS,1,0.196399,0.262934,KNOWN
BoT-IoT,test,15889,DDoS,1,0.084079,0.262934,KNOWN
BoT-IoT,test,15890,DoS,1,0.121326,0.262934,KNOWN
BoT-IoT,test,15891,DDoS,1,0.020906,0.262934,KNOWN
BoT-IoT,test,15892,DoS,1,0.093846,0.262934,KNOWN
BoT-IoT,test,15893,DDoS,1,0.217647,0.262934,KNOWN
BoT-IoT,test,15894,DoS,1,0.08606,0.262934,KNOWN
BoT-IoT,test,15895,DDoS,1,0.002662,0.262934,KNOWN
BoT-IoT,test,15896,DDoS,1,0.143146,0.262934,KNOWN
BoT-IoT,test,15897,DoS,1,0.199681,0.262934,KNOWN
BoT-IoT,test,15898,DDoS,1,0.004983,0.262934,KNOWN
BoT-IoT,test,15899,DDoS,1,0.0816,0.262934,KNOWN
BoT-IoT,test,15900,DDoS,1,0.039277,0.262934,KNOWN
BoT-IoT,test,15901,DoS,1,0.13894,0.262934,KNOWN
BoT-IoT,test,15902,DDoS,1,0.217794,0.262934,KNOWN
BoT-IoT,test,15903,DDoS,1,0.029845,0.262934,KNOWN
BoT-IoT,test,15904,DDoS,1,0.144893,0.262934,KNOWN
BoT-IoT,test,15905,DoS,1,0.008073,0.262934,KNOWN
BoT-IoT,test,15906,DDoS,1,0.121566,0.262934,KNOWN
BoT-IoT,test,15907,DDoS,1,0.05905,0.262934,KNOWN
BoT-IoT,test,15908,DDoS,1,0.149369,0.262934,KNOWN
BoT-IoT,test,15909,DoS,1,0.067068,0.262934,KNOWN
BoT-IoT,test,15910,DDoS,1,0.312073,0.262934,ZERO_DAY
BoT-IoT,test,15911,DDoS,1,0.078111,0.262934,KNOWN
BoT-IoT,test,15912,DoS,1,0.026932,0.262934,KNOWN
BoT-IoT,test,15913,DoS,1,0.039155,0.262934,KNOWN
BoT-IoT,test,15914,DoS,1,0.177905,0.262934,KNOWN
BoT-IoT,test,15915,DDoS,1,0.05207,0.262934,KNOWN
BoT-IoT,test,15916,DoS,1,0.052267,0.262934,KNOWN
BoT-IoT,test,15917,DDoS,1,0.059775,0.262934,KNOWN
BoT-IoT,test,15918,DoS,1,0.052286,0.262934,KNOWN
BoT-IoT,test,15919,DoS,1,0.031611,0.262934,KNOWN
BoT-IoT,test,15920,DoS,1,0.085654,0.262934,KNOWN
BoT-IoT,test,15921,DoS,1,0.004668,0.262934,KNOWN
BoT-IoT,test,15922,DDoS,1,0.030934,0.262934,KNOWN
BoT-IoT,test,15923,DDoS,1,0.116153,0.262934,KNOWN
BoT-IoT,test,15924,DDoS,1,0.180565,0.262934,KNOWN
BoT-IoT,test,15925,DDoS,1,0.092625,0.262934,KNOWN
BoT-IoT,test,15926,DDoS,1,0.305029,0.262934,ZERO_DAY
BoT-IoT,test,15927,DDoS,1,0.058094,0.262934,KNOWN
BoT-IoT,test,15928,DDoS,1,0.078766,0.262934,KNOWN
BoT-IoT,test,15929,DoS,1,0.193354,0.262934,KNOWN
BoT-IoT,test,15930,DoS,1,0.12199,0.262934,KNOWN
BoT-IoT,test,15931,DDoS,1,0.184542,0.262934,KNOWN
BoT-IoT,test,15932,DoS,1,0.309016,0.262934,ZERO_DAY
BoT-IoT,test,15933,DDoS,1,0.0019,0.262934,KNOWN
BoT-IoT,test,15934,DoS,1,0.009145,0.262934,KNOWN
BoT-IoT,test,15935,DDoS,1,0.027673,0.262934,KNOWN
BoT-IoT,test,15936,DDoS,1,0.086648,0.262934,KNOWN
BoT-IoT,test,15937,DDoS,1,0.033345,0.262934,KNOWN
BoT-IoT,test,15938,DDoS,1,0.027301,0.262934,KNOWN
BoT-IoT,test,15939,DDoS,1,0.134738,0.262934,KNOWN
BoT-IoT,test,15940,DoS,1,0.154719,0.262934,KNOWN
BoT-IoT,test,15941,DDoS,1,0.070597,0.262934,KNOWN
BoT-IoT,test,15942,DoS,1,0.014822,0.262934,KNOWN
BoT-IoT,test,15943,DDoS,1,0.297376,0.262934,ZERO_DAY
BoT-IoT,test,15944,DDoS,1,0.194785,0.262934,KNOWN
BoT-IoT,test,15945,DoS,1,0.124706,0.262934,KNOWN
BoT-IoT,test,15946,DDoS,1,0.311243,0.262934,ZERO_DAY
BoT-IoT,test,15947,DoS,1,0.018098,0.262934,KNOWN
BoT-IoT,test,15948,DoS,1,0.086753,0.262934,KNOWN
BoT-IoT,test,15949,DDoS,1,0.041651,0.262934,KNOWN
BoT-IoT,test,15950,DDoS,1,0.014773,0.262934,KNOWN
BoT-IoT,test,15951,DDoS,1,0.068164,0.262934,KNOWN
BoT-IoT,test,15952,DDoS,1,0.154542,0.262934,KNOWN
BoT-IoT,test,15953,DDoS,1,0.249331,0.262934,KNOWN
BoT-IoT,test,15954,DoS,1,0.191392,0.262934,KNOWN
BoT-IoT,test,15955,DDoS,1,0.00339,0.262934,KNOWN
BoT-IoT,test,15956,DoS,1,0.051907,0.262934,KNOWN
BoT-IoT,test,15957,DoS,1,0.156161,0.262934,KNOWN
BoT-IoT,test,15958,Normal,1,0.14427,0.262934,KNOWN
BoT-IoT,test,15959,DDoS,1,0.097065,0.262934,KNOWN
BoT-IoT,test,15960,Reconnaissance,1,0.001757,0.262934,KNOWN
BoT-IoT,test,15961,DoS,1,0.079027,0.262934,KNOWN
BoT-IoT,test,15962,DDoS,1,0.209951,0.262934,KNOWN
BoT-IoT,test,15963,DDoS,1,0.190522,0.262934,KNOWN
BoT-IoT,test,15964,DoS,1,0.007214,0.262934,KNOWN
BoT-IoT,test,15965,DDoS,1,0.175065,0.262934,KNOWN
BoT-IoT,test,15966,DDoS,1,0.057933,0.262934,KNOWN
BoT-IoT,test,15967,DDoS,1,0.11923,0.262934,KNOWN
BoT-IoT,test,15968,DDoS,1,0.058332,0.262934,KNOWN
BoT-IoT,test,15969,Reconnaissance,1,0.150315,0.262934,KNOWN
BoT-IoT,test,15970,DDoS,1,0.182613,0.262934,KNOWN
BoT-IoT,test,15971,DoS,1,0.123457,0.262934,KNOWN
BoT-IoT,test,15972,DDoS,1,0.003501,0.262934,KNOWN
BoT-IoT,test,15973,DDoS,1,0.147548,0.262934,KNOWN
BoT-IoT,test,15974,DoS,1,0.171394,0.262934,KNOWN
BoT-IoT,test,15975,DoS,1,0.177817,0.262934,KNOWN
BoT-IoT,test,15976,DDoS,1,0.066029,0.262934,KNOWN
BoT-IoT,test,15977,DoS,1,0.084841,0.262934,KNOWN
BoT-IoT,test,15978,DoS,1,0.009648,0.262934,KNOWN
BoT-IoT,test,15979,DoS,1,0.004804,0.262934,KNOWN
BoT-IoT,test,15980,DoS,1,0.024424,0.262934,KNOWN
BoT-IoT,test,15981,DDoS,1,0.122839,0.262934,KNOWN
BoT-IoT,test,15982,DDoS,1,0.155058,0.262934,KNOWN
BoT-IoT,test,15983,DDoS,1,0.14174,0.262934,KNOWN
BoT-IoT,test,15984,DDoS,1,0.025781,0.262934,KNOWN
BoT-IoT,test,15985,DDoS,1,0.026472,0.262934,KNOWN
BoT-IoT,test,15986,DoS,1,0.091849,0.262934,KNOWN
BoT-IoT,test,15987,DoS,1,0.001437,0.262934,KNOWN
BoT-IoT,test,15988,DoS,1,0.005659,0.262934,KNOWN
BoT-IoT,test,15989,DDoS,1,0.040701,0.262934,KNOWN
BoT-IoT,test,15990,Reconnaissance,1,0.254728,0.262934,KNOWN
BoT-IoT,test,15991,DDoS,1,0.092262,0.262934,KNOWN
BoT-IoT,test,15992,DDoS,1,0.112429,0.262934,KNOWN
BoT-IoT,test,15993,DDoS,1,0.110522,0.262934,KNOWN
BoT-IoT,test,15994,Reconnaissance,1,0.089341,0.262934,KNOWN
BoT-IoT,test,15995,Normal,1,0.073945,0.262934,KNOWN
BoT-IoT,test,15996,DoS,1,0.045171,0.262934,KNOWN
BoT-IoT,test,15997,DoS,1,0.161069,0.262934,KNOWN
BoT-IoT,test,15998,DoS,1,0.153423,0.262934,KNOWN
BoT-IoT,test,15999,DDoS,1,0.158993,0.262934,KNOWN
BoT-IoT,test,16000,DDoS,1,0.017159,0.262934,KNOWN
BoT-IoT,test,16001,DDoS,1,0.116082,0.262934,KNOWN
BoT-IoT,test,16002,DDoS,1,0.032749,0.262934,KNOWN
BoT-IoT,test,16003,DDoS,1,0.000653,0.262934,KNOWN
BoT-IoT,test,16004,DDoS,1,0.070103,0.262934,KNOWN
BoT-IoT,test,16005,DDoS,1,0.025377,0.262934,KNOWN
BoT-IoT,test,16006,DDoS,1,0.212686,0.262934,KNOWN
BoT-IoT,test,16007,DoS,1,0.101916,0.262934,KNOWN
BoT-IoT,test,16008,DDoS,1,0.182496,0.262934,KNOWN
BoT-IoT,test,16009,DoS,1,0.045927,0.262934,KNOWN
BoT-IoT,test,16010,DDoS,1,0.001768,0.262934,KNOWN
BoT-IoT,test,16011,DDoS,1,0.399315,0.262934,ZERO_DAY
BoT-IoT,test,16012,DDoS,1,0.177427,0.262934,KNOWN
BoT-IoT,test,16013,DoS,1,0.062876,0.262934,KNOWN
BoT-IoT,test,16014,DoS,1,0.041281,0.262934,KNOWN
BoT-IoT,test,16015,DDoS,1,0.084509,0.262934,KNOWN
BoT-IoT,test,16016,DoS,1,0.174617,0.262934,KNOWN
BoT-IoT,test,16017,DDoS,1,0.006495,0.262934,KNOWN
BoT-IoT,test,16018,DoS,1,0.100221,0.262934,KNOWN
BoT-IoT,test,16019,DDoS,1,0.294424,0.262934,ZERO_DAY
BoT-IoT,test,16020,DoS,1,0.039599,0.262934,KNOWN
BoT-IoT,test,16021,DDoS,1,0.019938,0.262934,KNOWN
BoT-IoT,test,16022,DoS,1,0.045042,0.262934,KNOWN
BoT-IoT,test,16023,DoS,1,0.104084,0.262934,KNOWN
BoT-IoT,test,16024,DDoS,1,0.336157,0.262934,ZERO_DAY
BoT-IoT,test,16025,Reconnaissance,1,0.112229,0.262934,KNOWN
BoT-IoT,test,16026,DDoS,1,0.007396,0.262934,KNOWN
BoT-IoT,test,16027,DDoS,1,0.034812,0.262934,KNOWN
BoT-IoT,test,16028,Normal,1,0.03165,0.262934,KNOWN
BoT-IoT,test,16029,DoS,1,0.004698,0.262934,KNOWN
BoT-IoT,test,16030,DDoS,1,0.201755,0.262934,KNOWN
BoT-IoT,test,16031,DoS,1,0.083869,0.262934,KNOWN
BoT-IoT,test,16032,DDoS,1,0.150087,0.262934,KNOWN
BoT-IoT,test,16033,DoS,1,0.064503,0.262934,KNOWN
BoT-IoT,test,16034,DDoS,1,0.092482,0.262934,KNOWN
BoT-IoT,test,16035,DoS,1,0.043159,0.262934,KNOWN
BoT-IoT,test,16036,Normal,1,0.271558,0.262934,ZERO_DAY
BoT-IoT,test,16037,DoS,1,0.07593,0.262934,KNOWN
BoT-IoT,test,16038,DoS,1,0.142679,0.262934,KNOWN
BoT-IoT,test,16039,DoS,1,0.068303,0.262934,KNOWN
BoT-IoT,test,16040,DoS,1,0.040674,0.262934,KNOWN
BoT-IoT,test,16041,DoS,1,0.215883,0.262934,KNOWN
BoT-IoT,test,16042,DoS,1,0.048831,0.262934,KNOWN
BoT-IoT,test,16043,Normal,1,0.107801,0.262934,KNOWN
BoT-IoT,test,16044,DDoS,1,0.064911,0.262934,KNOWN
BoT-IoT,test,16045,DDoS,1,0.039444,0.262934,KNOWN
BoT-IoT,test,16046,DoS,1,0.011369,0.262934,KNOWN
BoT-IoT,test,16047,DoS,1,0.0264,0.262934,KNOWN
BoT-IoT,test,16048,DoS,1,0.034437,0.262934,KNOWN
BoT-IoT,test,16049,DDoS,1,0.21172,0.262934,KNOWN
BoT-IoT,test,16050,DoS,1,0.073474,0.262934,KNOWN
BoT-IoT,test,16051,DDoS,1,0.227721,0.262934,KNOWN
BoT-IoT,test,16052,DDoS,1,0.008978,0.262934,KNOWN
BoT-IoT,test,16053,DoS,1,0.100038,0.262934,KNOWN
BoT-IoT,test,16054,DDoS,1,0.176966,0.262934,KNOWN
BoT-IoT,test,16055,DDoS,1,0.032607,0.262934,KNOWN
BoT-IoT,test,16056,DoS,1,0.024892,0.262934,KNOWN
BoT-IoT,test,16057,DDoS,1,0.045191,0.262934,KNOWN
BoT-IoT,test,16058,Normal,1,0.063219,0.262934,KNOWN
BoT-IoT,test,16059,DoS,1,0.166877,0.262934,KNOWN
BoT-IoT,test,16060,DoS,1,0.044134,0.262934,KNOWN
BoT-IoT,test,16061,DoS,1,0.052099,0.262934,KNOWN
BoT-IoT,test,16062,DDoS,1,0.068753,0.262934,KNOWN
BoT-IoT,test,16063,DDoS,1,0.117508,0.262934,KNOWN
BoT-IoT,test,16064,DDoS,1,0.098135,0.262934,KNOWN
BoT-IoT,test,16065,DDoS,1,0.223108,0.262934,KNOWN
BoT-IoT,test,16066,DoS,1,0.175273,0.262934,KNOWN
BoT-IoT,test,16067,DDoS,1,0.015647,0.262934,KNOWN
BoT-IoT,test,16068,DDoS,1,0.254995,0.262934,KNOWN
BoT-IoT,test,16069,DDoS,1,0.107643,0.262934,KNOWN
BoT-IoT,test,16070,DoS,1,0.194161,0.262934,KNOWN
BoT-IoT,test,16071,Normal,1,0.051466,0.262934,KNOWN
BoT-IoT,test,16072,DDoS,1,0.033436,0.262934,KNOWN
BoT-IoT,test,16073,Normal,1,0.154455,0.262934,KNOWN
BoT-IoT,test,16074,DoS,1,0.038752,0.262934,KNOWN
BoT-IoT,test,16075,DoS,1,0.066649,0.262934,KNOWN
BoT-IoT,test,16076,DoS,1,0.014388,0.262934,KNOWN
BoT-IoT,test,16077,DDoS,1,0.017264,0.262934,KNOWN
BoT-IoT,test,16078,DDoS,1,0.101271,0.262934,KNOWN
BoT-IoT,test,16079,DDoS,1,0.024877,0.262934,KNOWN
BoT-IoT,test,16080,DDoS,1,0.065949,0.262934,KNOWN
BoT-IoT,test,16081,DoS,1,0.188312,0.262934,KNOWN
BoT-IoT,test,16082,DoS,1,0.03321,0.262934,KNOWN
BoT-IoT,test,16083,DoS,1,0.146421,0.262934,KNOWN
BoT-IoT,test,16084,DDoS,1,0.009546,0.262934,KNOWN
BoT-IoT,test,16085,DoS,1,0.037253,0.262934,KNOWN
BoT-IoT,test,16086,DoS,1,0.162617,0.262934,KNOWN
BoT-IoT,test,16087,DDoS,1,0.017782,0.262934,KNOWN
BoT-IoT,test,16088,DoS,1,0.266385,0.262934,ZERO_DAY
BoT-IoT,test,16089,DoS,1,0.050504,0.262934,KNOWN
BoT-IoT,test,16090,DoS,1,0.057927,0.262934,KNOWN
BoT-IoT,test,16091,DoS,1,0.02357,0.262934,KNOWN
BoT-IoT,test,16092,DoS,1,0.009084,0.262934,KNOWN
BoT-IoT,test,16093,DoS,1,0.025312,0.262934,KNOWN
BoT-IoT,test,16094,DoS,1,0.444976,0.262934,ZERO_DAY
BoT-IoT,test,16095,DDoS,1,0.159606,0.262934,KNOWN
BoT-IoT,test,16096,DoS,1,0.009001,0.262934,KNOWN
BoT-IoT,test,16097,DDoS,1,0.036919,0.262934,KNOWN
BoT-IoT,test,16098,DDoS,1,0.106692,0.262934,KNOWN
BoT-IoT,test,16099,DDoS,1,0.0018,0.262934,KNOWN
BoT-IoT,test,16100,DDoS,1,0.174624,0.262934,KNOWN
BoT-IoT,test,16101,DDoS,1,0.024867,0.262934,KNOWN
BoT-IoT,test,16102,DoS,1,0.056469,0.262934,KNOWN
BoT-IoT,test,16103,DDoS,1,0.046761,0.262934,KNOWN
BoT-IoT,test,16104,DDoS,1,0.009438,0.262934,KNOWN
BoT-IoT,test,16105,DDoS,1,0.012453,0.262934,KNOWN
BoT-IoT,test,16106,DoS,1,0.129088,0.262934,KNOWN
BoT-IoT,test,16107,DoS,1,0.151028,0.262934,KNOWN
BoT-IoT,test,16108,DoS,1,0.025809,0.262934,KNOWN
BoT-IoT,test,16109,DDoS,1,0.03817,0.262934,KNOWN
BoT-IoT,test,16110,DDoS,1,0.023407,0.262934,KNOWN
BoT-IoT,test,16111,DDoS,1,0.012916,0.262934,KNOWN
BoT-IoT,test,16112,DoS,1,0.131888,0.262934,KNOWN
BoT-IoT,test,16113,DDoS,1,0.041734,0.262934,KNOWN
BoT-IoT,test,16114,DDoS,1,0.026836,0.262934,KNOWN
BoT-IoT,test,16115,DoS,1,0.12058,0.262934,KNOWN
BoT-IoT,test,16116,DDoS,1,0.017346,0.262934,KNOWN
BoT-IoT,test,16117,DDoS,1,0.039259,0.262934,KNOWN
BoT-IoT,test,16118,DDoS,1,0.245568,0.262934,KNOWN
BoT-IoT,test,16119,DoS,1,0.035227,0.262934,KNOWN
BoT-IoT,test,16120,DDoS,1,0.106412,0.262934,KNOWN
BoT-IoT,test,16121,DDoS,1,0.334341,0.262934,ZERO_DAY
BoT-IoT,test,16122,DDoS,1,0.021582,0.262934,KNOWN
BoT-IoT,test,16123,DoS,1,0.036934,0.262934,KNOWN
BoT-IoT,test,16124,DoS,1,0.037001,0.262934,KNOWN
BoT-IoT,test,16125,DoS,1,0.093231,0.262934,KNOWN
BoT-IoT,test,16126,DoS,1,0.002472,0.262934,KNOWN
BoT-IoT,test,16127,DDoS,1,0.042456,0.262934,KNOWN
BoT-IoT,test,16128,DDoS,1,0.080717,0.262934,KNOWN
BoT-IoT,test,16129,DoS,1,0.065785,0.262934,KNOWN
BoT-IoT,test,16130,DDoS,1,0.034837,0.262934,KNOWN
BoT-IoT,test,16131,DoS,1,0.039719,0.262934,KNOWN
BoT-IoT,test,16132,DoS,1,0.028428,0.262934,KNOWN
BoT-IoT,test,16133,DoS,1,0.063288,0.262934,KNOWN
BoT-IoT,test,16134,DDoS,1,0.090099,0.262934,KNOWN
BoT-IoT,test,16135,DDoS,1,0.072413,0.262934,KNOWN
BoT-IoT,test,16136,DDoS,1,0.133211,0.262934,KNOWN
BoT-IoT,test,16137,DDoS,1,0.230229,0.262934,KNOWN
BoT-IoT,test,16138,DDoS,1,0.000436,0.262934,KNOWN
BoT-IoT,test,16139,DoS,1,0.334583,0.262934,ZERO_DAY
BoT-IoT,test,16140,Normal,1,0.259743,0.262934,KNOWN
BoT-IoT,test,16141,DDoS,1,0.310623,0.262934,ZERO_DAY
BoT-IoT,test,16142,DDoS,1,0.039376,0.262934,KNOWN
BoT-IoT,test,16143,DDoS,1,0.156372,0.262934,KNOWN
BoT-IoT,test,16144,DDoS,1,0.060637,0.262934,KNOWN
BoT-IoT,test,16145,DoS,1,0.146884,0.262934,KNOWN
BoT-IoT,test,16146,DoS,1,0.302451,0.262934,ZERO_DAY
BoT-IoT,test,16147,DoS,1,0.130953,0.262934,KNOWN
BoT-IoT,test,16148,DDoS,1,0.064476,0.262934,KNOWN
BoT-IoT,test,16149,DoS,1,0.055378,0.262934,KNOWN
BoT-IoT,test,16150,DoS,1,0.06414,0.262934,KNOWN
BoT-IoT,test,16151,DDoS,1,0.011418,0.262934,KNOWN
BoT-IoT,test,16152,DDoS,1,0.044455,0.262934,KNOWN
BoT-IoT,test,16153,DDoS,1,0.054634,0.262934,KNOWN
BoT-IoT,test,16154,DoS,1,0.086916,0.262934,KNOWN
BoT-IoT,test,16155,DoS,1,0.036209,0.262934,KNOWN
BoT-IoT,test,16156,DDoS,1,0.101589,0.262934,KNOWN
BoT-IoT,test,16157,DDoS,1,0.32401,0.262934,ZERO_DAY
BoT-IoT,test,16158,DDoS,1,0.070214,0.262934,KNOWN
BoT-IoT,test,16159,DDoS,1,0.040423,0.262934,KNOWN
BoT-IoT,test,16160,DoS,1,0.155938,0.262934,KNOWN
BoT-IoT,test,16161,DDoS,1,0.011003,0.262934,KNOWN
BoT-IoT,test,16162,DDoS,1,0.079084,0.262934,KNOWN
BoT-IoT,test,16163,DoS,1,0.075518,0.262934,KNOWN
BoT-IoT,test,16164,DoS,1,0.06516,0.262934,KNOWN
BoT-IoT,test,16165,DoS,1,0.021728,0.262934,KNOWN
BoT-IoT,test,16166,DDoS,1,0.160349,0.262934,KNOWN
BoT-IoT,test,16167,DDoS,1,0.154604,0.262934,KNOWN
BoT-IoT,test,16168,DDoS,1,0.299848,0.262934,ZERO_DAY
BoT-IoT,test,16169,DoS,1,0.257054,0.262934,KNOWN
BoT-IoT,test,16170,DoS,1,0.04539,0.262934,KNOWN
BoT-IoT,test,16171,DoS,1,0.055084,0.262934,KNOWN
BoT-IoT,test,16172,DoS,1,0.11832,0.262934,KNOWN
BoT-IoT,test,16173,DoS,1,0.093105,0.262934,KNOWN
BoT-IoT,test,16174,DDoS,1,0.018265,0.262934,KNOWN
BoT-IoT,test,16175,DoS,1,0.092593,0.262934,KNOWN
BoT-IoT,test,16176,DDoS,1,0.01724,0.262934,KNOWN
BoT-IoT,test,16177,DDoS,1,0.089689,0.262934,KNOWN
BoT-IoT,test,16178,DoS,1,0.021953,0.262934,KNOWN
BoT-IoT,test,16179,DDoS,1,0.102561,0.262934,KNOWN
BoT-IoT,test,16180,DDoS,1,0.007713,0.262934,KNOWN
BoT-IoT,test,16181,DDoS,1,0.048165,0.262934,KNOWN
BoT-IoT,test,16182,DDoS,1,0.020967,0.262934,KNOWN
BoT-IoT,test,16183,Reconnaissance,1,0.092386,0.262934,KNOWN
BoT-IoT,test,16184,Normal,1,0.105145,0.262934,KNOWN
BoT-IoT,test,16185,DoS,1,0.082445,0.262934,KNOWN
BoT-IoT,test,16186,DDoS,1,0.114887,0.262934,KNOWN
BoT-IoT,test,16187,DDoS,1,0.136588,0.262934,KNOWN
BoT-IoT,test,16188,DDoS,1,0.167502,0.262934,KNOWN
BoT-IoT,test,16189,DDoS,1,0.322215,0.262934,ZERO_DAY
BoT-IoT,test,16190,DDoS,1,0.043061,0.262934,KNOWN
BoT-IoT,test,16191,DoS,1,0.021538,0.262934,KNOWN
BoT-IoT,test,16192,DoS,1,0.086823,0.262934,KNOWN
BoT-IoT,test,16193,DDoS,1,0.175568,0.262934,KNOWN
BoT-IoT,test,16194,DDoS,1,0.006605,0.262934,KNOWN
BoT-IoT,test,16195,DDoS,1,0.149699,0.262934,KNOWN
BoT-IoT,test,16196,DoS,1,0.070158,0.262934,KNOWN
BoT-IoT,test,16197,DDoS,1,0.053086,0.262934,KNOWN
BoT-IoT,test,16198,Normal,1,0.103547,0.262934,KNOWN
BoT-IoT,test,16199,DoS,1,0.025768,0.262934,KNOWN
BoT-IoT,test,16200,DoS,1,0.095211,0.262934,KNOWN
BoT-IoT,test,16201,DDoS,1,0.111495,0.262934,KNOWN
BoT-IoT,test,16202,DoS,1,0.00549,0.262934,KNOWN
BoT-IoT,test,16203,Normal,1,0.145235,0.262934,KNOWN
BoT-IoT,test,16204,DoS,1,0.025618,0.262934,KNOWN
BoT-IoT,test,16205,DDoS,1,0.033116,0.262934,KNOWN
BoT-IoT,test,16206,DoS,1,0.138827,0.262934,KNOWN
BoT-IoT,test,16207,Normal,1,0.289893,0.262934,ZERO_DAY
BoT-IoT,test,16208,DoS,1,0.086769,0.262934,KNOWN
BoT-IoT,test,16209,DDoS,1,0.231388,0.262934,KNOWN
BoT-IoT,test,16210,DDoS,1,0.334546,0.262934,ZERO_DAY
BoT-IoT,test,16211,DoS,1,0.047684,0.262934,KNOWN
BoT-IoT,test,16212,DDoS,1,0.034802,0.262934,KNOWN
BoT-IoT,test,16213,Normal,1,0.089585,0.262934,KNOWN
BoT-IoT,test,16214,DoS,1,0.034134,0.262934,KNOWN
BoT-IoT,test,16215,DoS,1,0.122429,0.262934,KNOWN
BoT-IoT,test,16216,DoS,1,0.218791,0.262934,KNOWN
BoT-IoT,test,16217,DDoS,1,0.19251,0.262934,KNOWN
BoT-IoT,test,16218,DDoS,1,0.098962,0.262934,KNOWN
BoT-IoT,test,16219,DDoS,1,0.021654,0.262934,KNOWN
BoT-IoT,test,16220,DDoS,1,0.018431,0.262934,KNOWN
BoT-IoT,test,16221,DDoS,1,0.038898,0.262934,KNOWN
BoT-IoT,test,16222,DoS,1,0.00672,0.262934,KNOWN
BoT-IoT,test,16223,Normal,1,0.002403,0.262934,KNOWN
BoT-IoT,test,16224,DoS,1,0.230843,0.262934,KNOWN
BoT-IoT,test,16225,DoS,1,0.110308,0.262934,KNOWN
BoT-IoT,test,16226,DoS,1,0.0605,0.262934,KNOWN
BoT-IoT,test,16227,DDoS,1,0.116737,0.262934,KNOWN
BoT-IoT,test,16228,DoS,1,0.065171,0.262934,KNOWN
BoT-IoT,test,16229,DDoS,1,0.076788,0.262934,KNOWN
BoT-IoT,test,16230,DDoS,1,0.083281,0.262934,KNOWN
BoT-IoT,test,16231,DoS,1,0.103029,0.262934,KNOWN
BoT-IoT,test,16232,DoS,1,0.146122,0.262934,KNOWN
BoT-IoT,test,16233,DoS,1,0.113998,0.262934,KNOWN
BoT-IoT,test,16234,DDoS,1,0.171501,0.262934,KNOWN
BoT-IoT,test,16235,DDoS,1,0.095047,0.262934,KNOWN
BoT-IoT,test,16236,DoS,1,0.067877,0.262934,KNOWN
BoT-IoT,test,16237,DDoS,1,0.019388,0.262934,KNOWN
BoT-IoT,test,16238,DDoS,1,0.205795,0.262934,KNOWN
BoT-IoT,test,16239,DDoS,1,0.182519,0.262934,KNOWN
BoT-IoT,test,16240,Normal,1,0.031019,0.262934,KNOWN
BoT-IoT,test,16241,DoS,1,0.140569,0.262934,KNOWN
BoT-IoT,test,16242,DDoS,1,0.161086,0.262934,KNOWN
BoT-IoT,test,16243,DoS,1,0.155425,0.262934,KNOWN
BoT-IoT,test,16244,DDoS,1,0.005819,0.262934,KNOWN
BoT-IoT,test,16245,DDoS,1,0.038242,0.262934,KNOWN
BoT-IoT,test,16246,DoS,1,0.116239,0.262934,KNOWN
BoT-IoT,test,16247,DDoS,1,0.261858,0.262934,KNOWN
BoT-IoT,test,16248,DDoS,1,0.022609,0.262934,KNOWN
BoT-IoT,test,16249,DoS,1,0.080146,0.262934,KNOWN
BoT-IoT,test,16250,DoS,1,0.136247,0.262934,KNOWN
BoT-IoT,test,16251,DDoS,1,0.132525,0.262934,KNOWN
BoT-IoT,test,16252,DDoS,1,0.11506,0.262934,KNOWN
BoT-IoT,test,16253,DoS,1,0.026305,0.262934,KNOWN
BoT-IoT,test,16254,DoS,1,0.180577,0.262934,KNOWN
BoT-IoT,test,16255,DDoS,1,0.239497,0.262934,KNOWN
BoT-IoT,test,16256,DDoS,1,0.092077,0.262934,KNOWN
BoT-IoT,test,16257,DDoS,1,0.029106,0.262934,KNOWN
BoT-IoT,test,16258,DoS,1,0.057068,0.262934,KNOWN
BoT-IoT,test,16259,DoS,1,0.070183,0.262934,KNOWN
BoT-IoT,test,16260,DDoS,1,0.074043,0.262934,KNOWN
BoT-IoT,test,16261,DDoS,1,0.055073,0.262934,KNOWN
BoT-IoT,test,16262,DDoS,1,0.491445,0.262934,ZERO_DAY
BoT-IoT,test,16263,DDoS,1,0.234836,0.262934,KNOWN
BoT-IoT,test,16264,DoS,1,0.074746,0.262934,KNOWN
BoT-IoT,test,16265,DoS,1,0.10979,0.262934,KNOWN
BoT-IoT,test,16266,DDoS,1,0.038824,0.262934,KNOWN
BoT-IoT,test,16267,DoS,1,0.063559,0.262934,KNOWN
BoT-IoT,test,16268,DoS,1,0.140569,0.262934,KNOWN
BoT-IoT,test,16269,DoS,1,0.024295,0.262934,KNOWN
BoT-IoT,test,16270,DoS,1,0.353362,0.262934,ZERO_DAY
BoT-IoT,test,16271,DoS,1,0.033496,0.262934,KNOWN
BoT-IoT,test,16272,DDoS,1,0.094029,0.262934,KNOWN
BoT-IoT,test,16273,DDoS,1,0.320371,0.262934,ZERO_DAY
BoT-IoT,test,16274,DoS,1,0.098851,0.262934,KNOWN
BoT-IoT,test,16275,DoS,1,0.209763,0.262934,KNOWN
BoT-IoT,test,16276,DDoS,1,0.011511,0.262934,KNOWN
BoT-IoT,test,16277,DoS,1,0.070987,0.262934,KNOWN
BoT-IoT,test,16278,DDoS,1,0.076164,0.262934,KNOWN
BoT-IoT,test,16279,DoS,1,0.110263,0.262934,KNOWN
BoT-IoT,test,16280,DoS,1,0.052439,0.262934,KNOWN
BoT-IoT,test,16281,DDoS,1,0.020301,0.262934,KNOWN
BoT-IoT,test,16282,DoS,1,0.101413,0.262934,KNOWN
BoT-IoT,test,16283,DoS,1,0.122234,0.262934,KNOWN
BoT-IoT,test,16284,DoS,1,0.127385,0.262934,KNOWN
BoT-IoT,test,16285,DoS,1,0.024668,0.262934,KNOWN
BoT-IoT,test,16286,DoS,1,0.016421,0.262934,KNOWN
BoT-IoT,test,16287,DoS,1,0.00519,0.262934,KNOWN
BoT-IoT,test,16288,DDoS,1,0.117996,0.262934,KNOWN
BoT-IoT,test,16289,Reconnaissance,1,0.048014,0.262934,KNOWN
BoT-IoT,test,16290,DDoS,1,0.04132,0.262934,KNOWN
BoT-IoT,test,16291,DDoS,1,0.007929,0.262934,KNOWN
BoT-IoT,test,16292,DoS,1,0.045386,0.262934,KNOWN
BoT-IoT,test,16293,Reconnaissance,1,0.085309,0.262934,KNOWN
BoT-IoT,test,16294,DDoS,1,0.287371,0.262934,ZERO_DAY
BoT-IoT,test,16295,DoS,1,0.048568,0.262934,KNOWN
BoT-IoT,test,16296,DDoS,1,0.035751,0.262934,KNOWN
BoT-IoT,test,16297,DDoS,1,0.081448,0.262934,KNOWN
BoT-IoT,test,16298,DDoS,1,0.024688,0.262934,KNOWN
BoT-IoT,test,16299,DoS,1,0.090812,0.262934,KNOWN
BoT-IoT,test,16300,Normal,1,0.232301,0.262934,KNOWN
BoT-IoT,test,16301,DDoS,1,0.003658,0.262934,KNOWN
BoT-IoT,test,16302,DDoS,1,0.053873,0.262934,KNOWN
BoT-IoT,test,16303,DoS,1,0.035152,0.262934,KNOWN
BoT-IoT,test,16304,DDoS,1,0.032948,0.262934,KNOWN
BoT-IoT,test,16305,DoS,1,0.042807,0.262934,KNOWN
BoT-IoT,test,16306,DoS,1,0.047416,0.262934,KNOWN
BoT-IoT,test,16307,DDoS,1,0.089806,0.262934,KNOWN
BoT-IoT,test,16308,DoS,1,0.152569,0.262934,KNOWN
BoT-IoT,test,16309,DDoS,1,0.038017,0.262934,KNOWN
BoT-IoT,test,16310,DoS,1,0.119865,0.262934,KNOWN
BoT-IoT,test,16311,DoS,1,0.117784,0.262934,KNOWN
BoT-IoT,test,16312,DDoS,1,0.220013,0.262934,KNOWN
BoT-IoT,test,16313,DDoS,1,0.1027,0.262934,KNOWN
BoT-IoT,test,16314,DDoS,1,0.038217,0.262934,KNOWN
BoT-IoT,test,16315,DoS,1,0.009263,0.262934,KNOWN
BoT-IoT,test,16316,DDoS,1,0.021938,0.262934,KNOWN
BoT-IoT,test,16317,DoS,1,0.080563,0.262934,KNOWN
BoT-IoT,test,16318,DDoS,1,0.008159,0.262934,KNOWN
BoT-IoT,test,16319,DoS,1,0.227736,0.262934,KNOWN
BoT-IoT,test,16320,DoS,1,0.081497,0.262934,KNOWN
BoT-IoT,test,16321,DoS,1,0.002758,0.262934,KNOWN
BoT-IoT,test,16322,DDoS,1,0.001346,0.262934,KNOWN
BoT-IoT,test,16323,DoS,1,0.032075,0.262934,KNOWN
BoT-IoT,test,16324,DDoS,1,0.061107,0.262934,KNOWN
BoT-IoT,test,16325,DoS,1,0.026899,0.262934,KNOWN
BoT-IoT,test,16326,DoS,1,0.022246,0.262934,KNOWN
BoT-IoT,test,16327,Normal,1,0.247634,0.262934,KNOWN
BoT-IoT,test,16328,DDoS,1,0.059768,0.262934,KNOWN
BoT-IoT,test,16329,DDoS,1,0.005886,0.262934,KNOWN
BoT-IoT,test,16330,DDoS,1,0.048662,0.262934,KNOWN
BoT-IoT,test,16331,DDoS,1,0.277624,0.262934,ZERO_DAY
BoT-IoT,test,16332,DoS,1,0.08883,0.262934,KNOWN
BoT-IoT,test,16333,DDoS,1,0.083124,0.262934,KNOWN
BoT-IoT,test,16334,DDoS,1,0.089614,0.262934,KNOWN
BoT-IoT,test,16335,DDoS,1,0.028472,0.262934,KNOWN
BoT-IoT,test,16336,DoS,1,0.079517,0.262934,KNOWN
BoT-IoT,test,16337,DDoS,1,0.087845,0.262934,KNOWN
BoT-IoT,test,16338,DoS,1,0.048545,0.262934,KNOWN
BoT-IoT,test,16339,DoS,1,0.171231,0.262934,KNOWN
BoT-IoT,test,16340,DoS,1,0.143522,0.262934,KNOWN
BoT-IoT,test,16341,DoS,1,0.095608,0.262934,KNOWN
BoT-IoT,test,16342,DDoS,1,0.119372,0.262934,KNOWN
BoT-IoT,test,16343,Normal,1,0.071679,0.262934,KNOWN
BoT-IoT,test,16344,DDoS,1,0.028475,0.262934,KNOWN
BoT-IoT,test,16345,DDoS,1,0.054891,0.262934,KNOWN
BoT-IoT,test,16346,DoS,1,0.020931,0.262934,KNOWN
BoT-IoT,test,16347,DoS,1,0.053886,0.262934,KNOWN
BoT-IoT,test,16348,DoS,1,0.12251,0.262934,KNOWN
BoT-IoT,test,16349,DDoS,1,0.305994,0.262934,ZERO_DAY
BoT-IoT,test,16350,DDoS,1,0.072078,0.262934,KNOWN
BoT-IoT,test,16351,DoS,1,0.25925,0.262934,KNOWN
BoT-IoT,test,16352,DDoS,1,0.07941,0.262934,KNOWN
BoT-IoT,test,16353,DDoS,1,0.045722,0.262934,KNOWN
BoT-IoT,test,16354,DDoS,1,0.05938,0.262934,KNOWN
BoT-IoT,test,16355,DoS,1,0.029073,0.262934,KNOWN
BoT-IoT,test,16356,DDoS,1,0.016777,0.262934,KNOWN
BoT-IoT,test,16357,DoS,1,0.188481,0.262934,KNOWN
BoT-IoT,test,16358,Reconnaissance,1,0.189486,0.262934,KNOWN
BoT-IoT,test,16359,DDoS,1,0.09416,0.262934,KNOWN
BoT-IoT,test,16360,DoS,1,0.028965,0.262934,KNOWN
BoT-IoT,test,16361,DDoS,1,0.003832,0.262934,KNOWN
BoT-IoT,test,16362,DDoS,1,0.08652,0.262934,KNOWN
BoT-IoT,test,16363,DDoS,1,0.001978,0.262934,KNOWN
BoT-IoT,test,16364,DoS,1,0.061054,0.262934,KNOWN
BoT-IoT,test,16365,DoS,1,0.153166,0.262934,KNOWN
BoT-IoT,test,16366,DDoS,1,0.088506,0.262934,KNOWN
BoT-IoT,test,16367,DoS,1,0.0911,0.262934,KNOWN
BoT-IoT,test,16368,DDoS,1,0.011658,0.262934,KNOWN
BoT-IoT,test,16369,DoS,1,0.253863,0.262934,KNOWN
BoT-IoT,test,16370,DDoS,1,0.000567,0.262934,KNOWN
BoT-IoT,test,16371,DoS,1,0.143979,0.262934,KNOWN
BoT-IoT,test,16372,DoS,1,0.043103,0.262934,KNOWN
BoT-IoT,test,16373,DDoS,1,0.009326,0.262934,KNOWN
BoT-IoT,test,16374,DoS,1,0.009127,0.262934,KNOWN
BoT-IoT,test,16375,DDoS,1,0.208304,0.262934,KNOWN
BoT-IoT,test,16376,DDoS,1,0.040931,0.262934,KNOWN
BoT-IoT,test,16377,DDoS,1,0.127309,0.262934,KNOWN
BoT-IoT,test,16378,DDoS,1,0.080553,0.262934,KNOWN
BoT-IoT,test,16379,DoS,1,0.037656,0.262934,KNOWN
BoT-IoT,test,16380,DDoS,1,0.189125,0.262934,KNOWN
BoT-IoT,test,16381,Normal,1,0.094444,0.262934,KNOWN
BoT-IoT,test,16382,DDoS,1,0.498027,0.262934,ZERO_DAY
BoT-IoT,test,16383,DDoS,1,0.294566,0.262934,ZERO_DAY
BoT-IoT,test,16384,DoS,1,0.271394,0.262934,ZERO_DAY
BoT-IoT,test,16385,DDoS,1,0.098244,0.262934,KNOWN
BoT-IoT,test,16386,DDoS,1,0.056398,0.262934,KNOWN
BoT-IoT,test,16387,DoS,1,0.11398,0.262934,KNOWN
BoT-IoT,test,16388,DoS,1,0.073723,0.262934,KNOWN
BoT-IoT,test,16389,DDoS,1,0.179179,0.262934,KNOWN
BoT-IoT,test,16390,DDoS,1,0.153691,0.262934,KNOWN
BoT-IoT,test,16391,DoS,1,0.046037,0.262934,KNOWN
BoT-IoT,test,16392,DoS,1,0.125975,0.262934,KNOWN
BoT-IoT,test,16393,DDoS,1,0.000292,0.262934,KNOWN
BoT-IoT,test,16394,DDoS,1,0.025927,0.262934,KNOWN
BoT-IoT,test,16395,Reconnaissance,1,0.069572,0.262934,KNOWN
BoT-IoT,test,16396,DoS,1,0.258654,0.262934,KNOWN
BoT-IoT,test,16397,DoS,1,0.085263,0.262934,KNOWN
BoT-IoT,test,16398,DDoS,1,0.083399,0.262934,KNOWN
BoT-IoT,test,16399,DoS,1,0.211836,0.262934,KNOWN
BoT-IoT,test,16400,DoS,1,0.055398,0.262934,KNOWN
BoT-IoT,test,16401,DDoS,1,0.027528,0.262934,KNOWN
BoT-IoT,test,16402,DDoS,1,0.081286,0.262934,KNOWN
BoT-IoT,test,16403,DoS,1,0.045221,0.262934,KNOWN
BoT-IoT,test,16404,DDoS,1,0.224586,0.262934,KNOWN
BoT-IoT,test,16405,DoS,1,0.335911,0.262934,ZERO_DAY
BoT-IoT,test,16406,DDoS,1,0.083594,0.262934,KNOWN
BoT-IoT,test,16407,DoS,1,0.112275,0.262934,KNOWN
BoT-IoT,test,16408,Reconnaissance,1,0.33947,0.262934,ZERO_DAY
BoT-IoT,test,16409,DoS,1,0.072045,0.262934,KNOWN
BoT-IoT,test,16410,DDoS,1,0.006878,0.262934,KNOWN
BoT-IoT,test,16411,DDoS,1,0.220003,0.262934,KNOWN
BoT-IoT,test,16412,DDoS,1,0.066579,0.262934,KNOWN
BoT-IoT,test,16413,DoS,1,0.037728,0.262934,KNOWN
BoT-IoT,test,16414,DoS,1,0.108771,0.262934,KNOWN
BoT-IoT,test,16415,DDoS,1,0.167783,0.262934,KNOWN
BoT-IoT,test,16416,DDoS,1,0.049917,0.262934,KNOWN
BoT-IoT,test,16417,DoS,1,0.243437,0.262934,KNOWN
BoT-IoT,test,16418,DoS,1,0.161902,0.262934,KNOWN
BoT-IoT,test,16419,DoS,1,0.086227,0.262934,KNOWN
BoT-IoT,test,16420,DoS,1,0.107146,0.262934,KNOWN
BoT-IoT,test,16421,DDoS,1,0.038324,0.262934,KNOWN
BoT-IoT,test,16422,DoS,1,0.144439,0.262934,KNOWN
BoT-IoT,test,16423,DDoS,1,0.144853,0.262934,KNOWN
BoT-IoT,test,16424,DDoS,1,0.330622,0.262934,ZERO_DAY
BoT-IoT,test,16425,DoS,1,0.013286,0.262934,KNOWN
BoT-IoT,test,16426,DoS,1,0.095693,0.262934,KNOWN
BoT-IoT,test,16427,DDoS,1,0.05815,0.262934,KNOWN
BoT-IoT,test,16428,DDoS,1,0.079081,0.262934,KNOWN
BoT-IoT,test,16429,DDoS,1,0.084002,0.262934,KNOWN
BoT-IoT,test,16430,DoS,1,0.113849,0.262934,KNOWN
BoT-IoT,test,16431,DoS,1,0.082329,0.262934,KNOWN
BoT-IoT,test,16432,DoS,1,0.079816,0.262934,KNOWN
BoT-IoT,test,16433,DoS,1,0.271087,0.262934,ZERO_DAY
BoT-IoT,test,16434,DDoS,1,0.064168,0.262934,KNOWN
BoT-IoT,test,16435,DoS,1,0.059331,0.262934,KNOWN
BoT-IoT,test,16436,DoS,1,0.146823,0.262934,KNOWN
BoT-IoT,test,16437,DDoS,1,0.027355,0.262934,KNOWN
BoT-IoT,test,16438,Normal,1,0.061672,0.262934,KNOWN
BoT-IoT,test,16439,DoS,1,0.01795,0.262934,KNOWN
BoT-IoT,test,16440,DDoS,1,0.185168,0.262934,KNOWN
BoT-IoT,test,16441,DoS,1,0.331235,0.262934,ZERO_DAY
BoT-IoT,test,16442,DDoS,1,0.016427,0.262934,KNOWN
BoT-IoT,test,16443,DoS,1,0.071278,0.262934,KNOWN
BoT-IoT,test,16444,DDoS,1,0.09726,0.262934,KNOWN
BoT-IoT,test,16445,DDoS,1,0.059664,0.262934,KNOWN
BoT-IoT,test,16446,DoS,1,0.17335,0.262934,KNOWN
BoT-IoT,test,16447,DoS,1,0.053422,0.262934,KNOWN
BoT-IoT,test,16448,DDoS,1,0.012748,0.262934,KNOWN
BoT-IoT,test,16449,DDoS,1,0.050877,0.262934,KNOWN
BoT-IoT,test,16450,DoS,1,0.141989,0.262934,KNOWN
BoT-IoT,test,16451,DoS,1,0.053498,0.262934,KNOWN
BoT-IoT,test,16452,DDoS,1,0.150497,0.262934,KNOWN
BoT-IoT,test,16453,DDoS,1,0.053447,0.262934,KNOWN
BoT-IoT,test,16454,DDoS,1,0.057054,0.262934,KNOWN
BoT-IoT,test,16455,DDoS,1,0.048233,0.262934,KNOWN
BoT-IoT,test,16456,DoS,1,0.231761,0.262934,KNOWN
BoT-IoT,test,16457,DoS,1,0.090524,0.262934,KNOWN
BoT-IoT,test,16458,DDoS,1,0.073572,0.262934,KNOWN
BoT-IoT,test,16459,DDoS,1,0.044066,0.262934,KNOWN
BoT-IoT,test,16460,DoS,1,0.106932,0.262934,KNOWN
BoT-IoT,test,16461,DDoS,1,0.022249,0.262934,KNOWN
BoT-IoT,test,16462,DDoS,1,0.052219,0.262934,KNOWN
BoT-IoT,test,16463,DDoS,1,0.004084,0.262934,KNOWN
BoT-IoT,test,16464,DDoS,1,0.083471,0.262934,KNOWN
BoT-IoT,test,16465,DoS,1,0.012374,0.262934,KNOWN
BoT-IoT,test,16466,DDoS,1,0.116534,0.262934,KNOWN
BoT-IoT,test,16467,DoS,1,0.002512,0.262934,KNOWN
BoT-IoT,test,16468,DDoS,1,0.135098,0.262934,KNOWN
BoT-IoT,test,16469,DDoS,1,0.120613,0.262934,KNOWN
BoT-IoT,test,16470,DoS,1,0.107609,0.262934,KNOWN
BoT-IoT,test,16471,DoS,1,0.091031,0.262934,KNOWN
BoT-IoT,test,16472,DoS,1,0.048451,0.262934,KNOWN
BoT-IoT,test,16473,DDoS,1,0.357902,0.262934,ZERO_DAY
BoT-IoT,test,16474,DDoS,1,0.014011,0.262934,KNOWN
BoT-IoT,test,16475,DDoS,1,0.014295,0.262934,KNOWN
BoT-IoT,test,16476,DoS,1,0.171877,0.262934,KNOWN
BoT-IoT,test,16477,DDoS,1,0.034109,0.262934,KNOWN
BoT-IoT,test,16478,DoS,1,0.275497,0.262934,ZERO_DAY
BoT-IoT,test,16479,DoS,1,0.059268,0.262934,KNOWN
BoT-IoT,test,16480,DDoS,1,0.02132,0.262934,KNOWN
BoT-IoT,test,16481,DoS,1,0.023061,0.262934,KNOWN
BoT-IoT,test,16482,Normal,1,0.0301,0.262934,KNOWN
BoT-IoT,test,16483,DoS,1,0.076808,0.262934,KNOWN
BoT-IoT,test,16484,DDoS,1,0.020201,0.262934,KNOWN
BoT-IoT,test,16485,DoS,1,0.248587,0.262934,KNOWN
BoT-IoT,test,16486,DDoS,1,0.109392,0.262934,KNOWN
BoT-IoT,test,16487,DDoS,1,0.214164,0.262934,KNOWN
BoT-IoT,test,16488,Normal,1,0.21895,0.262934,KNOWN
BoT-IoT,test,16489,DDoS,1,0.093465,0.262934,KNOWN
BoT-IoT,test,16490,DDoS,1,0.229707,0.262934,KNOWN
BoT-IoT,test,16491,DDoS,1,0.091234,0.262934,KNOWN
BoT-IoT,test,16492,DoS,1,0.123903,0.262934,KNOWN
BoT-IoT,test,16493,DoS,1,0.017973,0.262934,KNOWN
BoT-IoT,test,16494,DDoS,1,0.104027,0.262934,KNOWN
BoT-IoT,test,16495,DDoS,1,0.236854,0.262934,KNOWN
BoT-IoT,test,16496,DDoS,1,0.181997,0.262934,KNOWN
BoT-IoT,test,16497,DoS,1,0.039283,0.262934,KNOWN
BoT-IoT,test,16498,DoS,1,0.087884,0.262934,KNOWN
BoT-IoT,test,16499,DoS,1,0.006215,0.262934,KNOWN
BoT-IoT,test,16500,DDoS,1,0.144736,0.262934,KNOWN
BoT-IoT,test,16501,DDoS,1,0.081181,0.262934,KNOWN
BoT-IoT,test,16502,DDoS,1,0.120783,0.262934,KNOWN
BoT-IoT,test,16503,DDoS,1,0.06975,0.262934,KNOWN
BoT-IoT,test,16504,DoS,1,0.019757,0.262934,KNOWN
BoT-IoT,test,16505,DDoS,1,0.028424,0.262934,KNOWN
BoT-IoT,test,16506,Normal,1,0.02243,0.262934,KNOWN
BoT-IoT,test,16507,DDoS,1,0.012337,0.262934,KNOWN
BoT-IoT,test,16508,DDoS,1,0.019164,0.262934,KNOWN
BoT-IoT,test,16509,DDoS,1,0.039974,0.262934,KNOWN
BoT-IoT,test,16510,DDoS,1,0.076675,0.262934,KNOWN
BoT-IoT,test,16511,DDoS,1,0.011867,0.262934,KNOWN
BoT-IoT,test,16512,DDoS,1,0.157687,0.262934,KNOWN
BoT-IoT,test,16513,DDoS,1,0.066996,0.262934,KNOWN
BoT-IoT,test,16514,DDoS,1,0.003289,0.262934,KNOWN
BoT-IoT,test,16515,DoS,1,0.006619,0.262934,KNOWN
BoT-IoT,test,16516,DoS,1,0.088421,0.262934,KNOWN
BoT-IoT,test,16517,DDoS,1,0.031486,0.262934,KNOWN
BoT-IoT,test,16518,DoS,1,0.086389,0.262934,KNOWN
BoT-IoT,test,16519,DoS,1,0.040603,0.262934,KNOWN
BoT-IoT,test,16520,DoS,1,0.054775,0.262934,KNOWN
BoT-IoT,test,16521,DDoS,1,0.003976,0.262934,KNOWN
BoT-IoT,test,16522,DoS,1,0.003183,0.262934,KNOWN
BoT-IoT,test,16523,DDoS,1,0.03011,0.262934,KNOWN
BoT-IoT,test,16524,DoS,1,0.071238,0.262934,KNOWN
BoT-IoT,test,16525,DoS,1,0.061094,0.262934,KNOWN
BoT-IoT,test,16526,DDoS,1,0.07653,0.262934,KNOWN
BoT-IoT,test,16527,DoS,1,0.328206,0.262934,ZERO_DAY
BoT-IoT,test,16528,DoS,1,0.071727,0.262934,KNOWN
BoT-IoT,test,16529,DDoS,1,0.091892,0.262934,KNOWN
BoT-IoT,test,16530,DDoS,1,0.001531,0.262934,KNOWN
BoT-IoT,test,16531,DoS,1,0.077233,0.262934,KNOWN
BoT-IoT,test,16532,DDoS,1,0.158591,0.262934,KNOWN
BoT-IoT,test,16533,DDoS,1,0.018135,0.262934,KNOWN
BoT-IoT,test,16534,DoS,1,0.024876,0.262934,KNOWN
BoT-IoT,test,16535,DDoS,1,0.122663,0.262934,KNOWN
BoT-IoT,test,16536,DDoS,1,0.06875,0.262934,KNOWN
BoT-IoT,test,16537,DDoS,1,0.025338,0.262934,KNOWN
BoT-IoT,test,16538,DDoS,1,0.260713,0.262934,KNOWN
BoT-IoT,test,16539,DoS,1,0.189277,0.262934,KNOWN
BoT-IoT,test,16540,DoS,1,0.043003,0.262934,KNOWN
BoT-IoT,test,16541,DDoS,1,0.044308,0.262934,KNOWN
BoT-IoT,test,16542,DDoS,1,0.22271,0.262934,KNOWN
BoT-IoT,test,16543,DoS,1,0.057872,0.262934,KNOWN
BoT-IoT,test,16544,DDoS,1,0.032366,0.262934,KNOWN
BoT-IoT,test,16545,DoS,1,0.330079,0.262934,ZERO_DAY
BoT-IoT,test,16546,DDoS,1,0.025655,0.262934,KNOWN
BoT-IoT,test,16547,DoS,1,0.132701,0.262934,KNOWN
BoT-IoT,test,16548,DDoS,1,0.02952,0.262934,KNOWN
BoT-IoT,test,16549,DoS,1,0.110485,0.262934,KNOWN
BoT-IoT,test,16550,DoS,1,0.220782,0.262934,KNOWN
BoT-IoT,test,16551,DDoS,1,0.021355,0.262934,KNOWN
BoT-IoT,test,16552,DDoS,1,0.099305,0.262934,KNOWN
BoT-IoT,test,16553,DDoS,1,0.22772,0.262934,KNOWN
BoT-IoT,test,16554,DoS,1,0.019229,0.262934,KNOWN
BoT-IoT,test,16555,DoS,1,0.01469,0.262934,KNOWN
BoT-IoT,test,16556,DoS,1,0.02729,0.262934,KNOWN
BoT-IoT,test,16557,DDoS,1,0.062134,0.262934,KNOWN
BoT-IoT,test,16558,DoS,1,0.06924,0.262934,KNOWN
BoT-IoT,test,16559,DDoS,1,0.062583,0.262934,KNOWN
BoT-IoT,test,16560,DDoS,1,0.030395,0.262934,KNOWN
BoT-IoT,test,16561,DoS,1,0.163544,0.262934,KNOWN
BoT-IoT,test,16562,DoS,1,0.173791,0.262934,KNOWN
BoT-IoT,test,16563,DDoS,1,0.030274,0.262934,KNOWN
BoT-IoT,test,16564,DDoS,1,0.0635,0.262934,KNOWN
BoT-IoT,test,16565,DDoS,1,0.197999,0.262934,KNOWN
BoT-IoT,test,16566,DDoS,1,0.056097,0.262934,KNOWN
BoT-IoT,test,16567,DDoS,1,0.005225,0.262934,KNOWN
BoT-IoT,test,16568,DDoS,1,0.11895,0.262934,KNOWN
BoT-IoT,test,16569,DDoS,1,0.078983,0.262934,KNOWN
BoT-IoT,test,16570,DDoS,1,0.007532,0.262934,KNOWN
BoT-IoT,test,16571,DDoS,1,0.07649,0.262934,KNOWN
BoT-IoT,test,16572,DDoS,1,0.299427,0.262934,ZERO_DAY
BoT-IoT,test,16573,DoS,1,0.044854,0.262934,KNOWN
BoT-IoT,test,16574,DoS,1,0.203149,0.262934,KNOWN
BoT-IoT,test,16575,DDoS,1,0.100389,0.262934,KNOWN
BoT-IoT,test,16576,Normal,1,0.075881,0.262934,KNOWN
BoT-IoT,test,16577,DDoS,1,0.053514,0.262934,KNOWN
BoT-IoT,test,16578,DDoS,1,0.017363,0.262934,KNOWN
BoT-IoT,test,16579,DDoS,1,0.071247,0.262934,KNOWN
BoT-IoT,test,16580,DDoS,1,0.005914,0.262934,KNOWN
BoT-IoT,test,16581,DDoS,1,0.297358,0.262934,ZERO_DAY
BoT-IoT,test,16582,DoS,1,0.143544,0.262934,KNOWN
BoT-IoT,test,16583,DDoS,1,0.151077,0.262934,KNOWN
BoT-IoT,test,16584,DDoS,1,0.047564,0.262934,KNOWN
BoT-IoT,test,16585,DoS,1,0.011184,0.262934,KNOWN
BoT-IoT,test,16586,Reconnaissance,1,0.027595,0.262934,KNOWN
BoT-IoT,test,16587,DDoS,1,0.009987,0.262934,KNOWN
BoT-IoT,test,16588,Normal,1,0.033936,0.262934,KNOWN
BoT-IoT,test,16589,DDoS,1,0.054802,0.262934,KNOWN
BoT-IoT,test,16590,DoS,1,0.089921,0.262934,KNOWN
BoT-IoT,test,16591,DDoS,1,0.018925,0.262934,KNOWN
BoT-IoT,test,16592,DoS,1,0.010926,0.262934,KNOWN
BoT-IoT,test,16593,DoS,1,0.028069,0.262934,KNOWN
BoT-IoT,test,16594,DoS,1,0.076631,0.262934,KNOWN
BoT-IoT,test,16595,DoS,1,0.08378,0.262934,KNOWN
BoT-IoT,test,16596,DDoS,1,0.035465,0.262934,KNOWN
BoT-IoT,test,16597,DoS,1,0.018392,0.262934,KNOWN
BoT-IoT,test,16598,DDoS,1,0.054482,0.262934,KNOWN
BoT-IoT,test,16599,DDoS,1,0.046361,0.262934,KNOWN
BoT-IoT,test,16600,DoS,1,0.0489,0.262934,KNOWN
BoT-IoT,test,16601,DoS,1,0.04108,0.262934,KNOWN
BoT-IoT,test,16602,DoS,1,0.122755,0.262934,KNOWN
BoT-IoT,test,16603,DoS,1,0.065682,0.262934,KNOWN
BoT-IoT,test,16604,DDoS,1,0.019416,0.262934,KNOWN
BoT-IoT,test,16605,DoS,1,0.024032,0.262934,KNOWN
BoT-IoT,test,16606,DoS,1,0.195417,0.262934,KNOWN
BoT-IoT,test,16607,DDoS,1,0.022703,0.262934,KNOWN
BoT-IoT,test,16608,DDoS,1,0.011732,0.262934,KNOWN
BoT-IoT,test,16609,DDoS,1,0.076028,0.262934,KNOWN
BoT-IoT,test,16610,DoS,1,0.028432,0.262934,KNOWN
BoT-IoT,test,16611,DoS,1,0.073632,0.262934,KNOWN
BoT-IoT,test,16612,DoS,1,0.129843,0.262934,KNOWN
BoT-IoT,test,16613,DDoS,1,0.302102,0.262934,ZERO_DAY
BoT-IoT,test,16614,DoS,1,0.012593,0.262934,KNOWN
BoT-IoT,test,16615,DoS,1,0.066896,0.262934,KNOWN
BoT-IoT,test,16616,DoS,1,0.093032,0.262934,KNOWN
BoT-IoT,test,16617,DDoS,1,0.008293,0.262934,KNOWN
BoT-IoT,test,16618,DoS,1,0.146937,0.262934,KNOWN
BoT-IoT,test,16619,DoS,1,0.143652,0.262934,KNOWN
BoT-IoT,test,16620,DDoS,1,0.128147,0.262934,KNOWN
BoT-IoT,test,16621,DDoS,1,0.069437,0.262934,KNOWN
BoT-IoT,test,16622,DDoS,1,0.194343,0.262934,KNOWN
BoT-IoT,test,16623,DDoS,1,0.144012,0.262934,KNOWN
BoT-IoT,test,16624,DDoS,1,0.003752,0.262934,KNOWN
BoT-IoT,test,16625,DDoS,1,0.001404,0.262934,KNOWN
BoT-IoT,test,16626,DoS,1,0.015426,0.262934,KNOWN
BoT-IoT,test,16627,DoS,1,0.385897,0.262934,ZERO_DAY
BoT-IoT,test,16628,DDoS,1,0.029739,0.262934,KNOWN
BoT-IoT,test,16629,DoS,1,0.018316,0.262934,KNOWN
BoT-IoT,test,16630,DoS,1,0.085127,0.262934,KNOWN
BoT-IoT,test,16631,DoS,1,0.19007,0.262934,KNOWN
BoT-IoT,test,16632,DDoS,1,0.17533,0.262934,KNOWN
BoT-IoT,test,16633,DDoS,1,0.008807,0.262934,KNOWN
BoT-IoT,test,16634,DDoS,1,0.126878,0.262934,KNOWN
BoT-IoT,test,16635,DDoS,1,0.054332,0.262934,KNOWN
BoT-IoT,test,16636,DoS,1,0.013242,0.262934,KNOWN
BoT-IoT,test,16637,DDoS,1,0.151056,0.262934,KNOWN
BoT-IoT,test,16638,DoS,1,0.063486,0.262934,KNOWN
BoT-IoT,test,16639,DDoS,1,0.050753,0.262934,KNOWN
BoT-IoT,test,16640,DDoS,1,0.290141,0.262934,ZERO_DAY
BoT-IoT,test,16641,DoS,1,0.04373,0.262934,KNOWN
BoT-IoT,test,16642,DoS,1,0.04144,0.262934,KNOWN
BoT-IoT,test,16643,Reconnaissance,1,0.026677,0.262934,KNOWN
BoT-IoT,test,16644,DDoS,1,0.212566,0.262934,KNOWN
BoT-IoT,test,16645,DoS,1,0.254841,0.262934,KNOWN
BoT-IoT,test,16646,DoS,1,0.075783,0.262934,KNOWN
BoT-IoT,test,16647,DDoS,1,0.016715,0.262934,KNOWN
BoT-IoT,test,16648,DoS,1,0.072647,0.262934,KNOWN
BoT-IoT,test,16649,DoS,1,0.018502,0.262934,KNOWN
BoT-IoT,test,16650,DoS,1,0.088656,0.262934,KNOWN
BoT-IoT,test,16651,DoS,1,0.108407,0.262934,KNOWN
BoT-IoT,test,16652,DoS,1,0.080747,0.262934,KNOWN
BoT-IoT,test,16653,DDoS,1,0.004327,0.262934,KNOWN
BoT-IoT,test,16654,DoS,1,0.23837,0.262934,KNOWN
BoT-IoT,test,16655,DDoS,1,0.190953,0.262934,KNOWN
BoT-IoT,test,16656,DDoS,1,0.010436,0.262934,KNOWN
BoT-IoT,test,16657,DoS,1,0.208148,0.262934,KNOWN
BoT-IoT,test,16658,DDoS,1,0.075314,0.262934,KNOWN
BoT-IoT,test,16659,DDoS,1,0.023328,0.262934,KNOWN
BoT-IoT,test,16660,Normal,1,0.07636,0.262934,KNOWN
BoT-IoT,test,16661,DoS,1,0.037118,0.262934,KNOWN
BoT-IoT,test,16662,DoS,1,0.019043,0.262934,KNOWN
BoT-IoT,test,16663,DDoS,1,0.173115,0.262934,KNOWN
BoT-IoT,test,16664,DoS,1,0.180824,0.262934,KNOWN
BoT-IoT,test,16665,DoS,1,0.022877,0.262934,KNOWN
BoT-IoT,test,16666,DDoS,1,0.03297,0.262934,KNOWN
BoT-IoT,test,16667,DDoS,1,0.168324,0.262934,KNOWN
BoT-IoT,test,16668,DDoS,1,0.037516,0.262934,KNOWN
BoT-IoT,test,16669,DDoS,1,0.121254,0.262934,KNOWN
BoT-IoT,test,16670,DoS,1,0.307568,0.262934,ZERO_DAY
BoT-IoT,test,16671,DDoS,1,0.200774,0.262934,KNOWN
BoT-IoT,test,16672,DoS,1,0.045538,0.262934,KNOWN
BoT-IoT,test,16673,DoS,1,0.015654,0.262934,KNOWN
BoT-IoT,test,16674,Reconnaissance,1,0.082749,0.262934,KNOWN
BoT-IoT,test,16675,DoS,1,0.125266,0.262934,KNOWN
BoT-IoT,test,16676,DDoS,1,0.115696,0.262934,KNOWN
BoT-IoT,test,16677,DDoS,1,0.028381,0.262934,KNOWN
BoT-IoT,test,16678,DDoS,1,0.100397,0.262934,KNOWN
BoT-IoT,test,16679,DoS,1,0.152358,0.262934,KNOWN
BoT-IoT,test,16680,Normal,1,0.11551,0.262934,KNOWN
BoT-IoT,test,16681,DDoS,1,0.028446,0.262934,KNOWN
BoT-IoT,test,16682,DDoS,1,0.133337,0.262934,KNOWN
BoT-IoT,test,16683,DoS,1,0.032301,0.262934,KNOWN
BoT-IoT,test,16684,DDoS,1,0.022296,0.262934,KNOWN
BoT-IoT,test,16685,DoS,1,0.023112,0.262934,KNOWN
BoT-IoT,test,16686,DoS,1,0.070262,0.262934,KNOWN
BoT-IoT,test,16687,DoS,1,0.090581,0.262934,KNOWN
BoT-IoT,test,16688,DoS,1,0.088097,0.262934,KNOWN
BoT-IoT,test,16689,DDoS,1,0.145145,0.262934,KNOWN
BoT-IoT,test,16690,DDoS,1,0.060315,0.262934,KNOWN
BoT-IoT,test,16691,DoS,1,0.135156,0.262934,KNOWN
BoT-IoT,test,16692,DoS,1,0.074717,0.262934,KNOWN
BoT-IoT,test,16693,DDoS,1,0.022411,0.262934,KNOWN
BoT-IoT,test,16694,DoS,1,0.045084,0.262934,KNOWN
BoT-IoT,test,16695,DoS,1,0.310707,0.262934,ZERO_DAY
BoT-IoT,test,16696,DDoS,1,0.048218,0.262934,KNOWN
BoT-IoT,test,16697,DoS,1,0.015065,0.262934,KNOWN
BoT-IoT,test,16698,Reconnaissance,1,0.226301,0.262934,KNOWN
BoT-IoT,test,16699,DDoS,1,0.03326,0.262934,KNOWN
BoT-IoT,test,16700,Normal,1,0.056538,0.262934,KNOWN
BoT-IoT,test,16701,DoS,1,0.015104,0.262934,KNOWN
BoT-IoT,test,16702,DoS,1,0.013207,0.262934,KNOWN
BoT-IoT,test,16703,DDoS,1,0.0536,0.262934,KNOWN
BoT-IoT,test,16704,DoS,1,0.042362,0.262934,KNOWN
BoT-IoT,test,16705,DDoS,1,0.053169,0.262934,KNOWN
BoT-IoT,test,16706,DDoS,1,0.013658,0.262934,KNOWN
BoT-IoT,test,16707,DoS,1,0.082043,0.262934,KNOWN
BoT-IoT,test,16708,DoS,1,0.089586,0.262934,KNOWN
BoT-IoT,test,16709,DoS,1,0.026379,0.262934,KNOWN
BoT-IoT,test,16710,Reconnaissance,1,0.029082,0.262934,KNOWN
BoT-IoT,test,16711,DDoS,1,0.294993,0.262934,ZERO_DAY
BoT-IoT,test,16712,DDoS,1,0.196852,0.262934,KNOWN
BoT-IoT,test,16713,DoS,1,0.044997,0.262934,KNOWN
BoT-IoT,test,16714,DDoS,1,0.069576,0.262934,KNOWN
BoT-IoT,test,16715,DoS,1,0.19052,0.262934,KNOWN
BoT-IoT,test,16716,DDoS,1,0.055644,0.262934,KNOWN
BoT-IoT,test,16717,DoS,1,0.125937,0.262934,KNOWN
BoT-IoT,test,16718,DDoS,1,0.01198,0.262934,KNOWN
BoT-IoT,test,16719,DDoS,1,0.090331,0.262934,KNOWN
BoT-IoT,test,16720,DDoS,1,0.061858,0.262934,KNOWN
BoT-IoT,test,16721,Normal,1,0.15548,0.262934,KNOWN
BoT-IoT,test,16722,DDoS,1,0.055748,0.262934,KNOWN
BoT-IoT,test,16723,Normal,1,0.082494,0.262934,KNOWN
BoT-IoT,test,16724,DoS,1,0.08792,0.262934,KNOWN
BoT-IoT,test,16725,DoS,1,0.029656,0.262934,KNOWN
BoT-IoT,test,16726,DDoS,1,0.067365,0.262934,KNOWN
BoT-IoT,test,16727,DDoS,1,0.061235,0.262934,KNOWN
BoT-IoT,test,16728,DoS,1,0.184972,0.262934,KNOWN
BoT-IoT,test,16729,DoS,1,0.092052,0.262934,KNOWN
BoT-IoT,test,16730,DDoS,1,0.129058,0.262934,KNOWN
BoT-IoT,test,16731,DoS,1,0.183753,0.262934,KNOWN
BoT-IoT,test,16732,DoS,1,0.075495,0.262934,KNOWN
BoT-IoT,test,16733,DDoS,1,0.42765,0.262934,ZERO_DAY
BoT-IoT,test,16734,DoS,1,0.116429,0.262934,KNOWN
BoT-IoT,test,16735,DoS,1,0.207462,0.262934,KNOWN
BoT-IoT,test,16736,DoS,1,0.184364,0.262934,KNOWN
BoT-IoT,test,16737,DDoS,1,0.177515,0.262934,KNOWN
BoT-IoT,test,16738,DDoS,1,0.313501,0.262934,ZERO_DAY
BoT-IoT,test,16739,DDoS,1,0.073374,0.262934,KNOWN
BoT-IoT,test,16740,DDoS,1,0.18251,0.262934,KNOWN
BoT-IoT,test,16741,DDoS,1,0.032668,0.262934,KNOWN
BoT-IoT,test,16742,DDoS,1,0.032877,0.262934,KNOWN
BoT-IoT,test,16743,DoS,1,0.028811,0.262934,KNOWN
BoT-IoT,test,16744,DoS,1,0.039468,0.262934,KNOWN
BoT-IoT,test,16745,Normal,1,0.314754,0.262934,ZERO_DAY
BoT-IoT,test,16746,DDoS,1,0.086017,0.262934,KNOWN
BoT-IoT,test,16747,DDoS,1,0.043503,0.262934,KNOWN
BoT-IoT,test,16748,DoS,1,0.241428,0.262934,KNOWN
BoT-IoT,test,16749,DDoS,1,0.0596,0.262934,KNOWN
BoT-IoT,test,16750,DDoS,1,0.024129,0.262934,KNOWN
BoT-IoT,test,16751,DDoS,1,0.069933,0.262934,KNOWN
BoT-IoT,test,16752,DDoS,1,0.080636,0.262934,KNOWN
BoT-IoT,test,16753,DoS,1,0.176286,0.262934,KNOWN
BoT-IoT,test,16754,DDoS,1,0.054135,0.262934,KNOWN
BoT-IoT,test,16755,DDoS,1,0.129237,0.262934,KNOWN
BoT-IoT,test,16756,DoS,1,0.071045,0.262934,KNOWN
BoT-IoT,test,16757,DoS,1,0.024513,0.262934,KNOWN
BoT-IoT,test,16758,DDoS,1,0.129771,0.262934,KNOWN
BoT-IoT,test,16759,DDoS,1,0.099509,0.262934,KNOWN
BoT-IoT,test,16760,DDoS,1,0.148077,0.262934,KNOWN
BoT-IoT,test,16761,DDoS,1,0.041838,0.262934,KNOWN
BoT-IoT,test,16762,Normal,1,0.020237,0.262934,KNOWN
BoT-IoT,test,16763,DDoS,1,0.118116,0.262934,KNOWN
BoT-IoT,test,16764,DDoS,1,0.207163,0.262934,KNOWN
BoT-IoT,test,16765,DoS,1,0.140685,0.262934,KNOWN
BoT-IoT,test,16766,DDoS,1,0.022044,0.262934,KNOWN
BoT-IoT,test,16767,DoS,1,0.05414,0.262934,KNOWN
BoT-IoT,test,16768,DoS,1,0.071868,0.262934,KNOWN
BoT-IoT,test,16769,DDoS,1,0.326607,0.262934,ZERO_DAY
BoT-IoT,test,16770,DDoS,1,0.031411,0.262934,KNOWN
BoT-IoT,test,16771,DDoS,1,0.018437,0.262934,KNOWN
BoT-IoT,test,16772,DoS,1,0.116486,0.262934,KNOWN
BoT-IoT,test,16773,Normal,1,0.114131,0.262934,KNOWN
BoT-IoT,test,16774,DDoS,1,0.119194,0.262934,KNOWN
BoT-IoT,test,16775,DoS,1,0.1439,0.262934,KNOWN
BoT-IoT,test,16776,DDoS,1,0.114017,0.262934,KNOWN
BoT-IoT,test,16777,DoS,1,0.085356,0.262934,KNOWN
BoT-IoT,test,16778,DoS,1,0.043224,0.262934,KNOWN
BoT-IoT,test,16779,DoS,1,0.044574,0.262934,KNOWN
BoT-IoT,test,16780,DDoS,1,0.318999,0.262934,ZERO_DAY
BoT-IoT,test,16781,DoS,1,0.080472,0.262934,KNOWN
BoT-IoT,test,16782,DDoS,1,0.115901,0.262934,KNOWN
BoT-IoT,test,16783,Reconnaissance,1,0.208131,0.262934,KNOWN
BoT-IoT,test,16784,DoS,1,0.061985,0.262934,KNOWN
BoT-IoT,test,16785,DDoS,1,0.028224,0.262934,KNOWN
BoT-IoT,test,16786,Normal,1,0.121428,0.262934,KNOWN
BoT-IoT,test,16787,DDoS,1,0.149756,0.262934,KNOWN
BoT-IoT,test,16788,DDoS,1,0.10812,0.262934,KNOWN
BoT-IoT,test,16789,Normal,1,0.009506,0.262934,KNOWN
BoT-IoT,test,16790,DoS,1,0.178759,0.262934,KNOWN
BoT-IoT,test,16791,DoS,1,0.044091,0.262934,KNOWN
BoT-IoT,test,16792,DDoS,1,0.106065,0.262934,KNOWN
BoT-IoT,test,16793,DDoS,1,0.0245,0.262934,KNOWN
BoT-IoT,test,16794,DDoS,1,0.146369,0.262934,KNOWN
BoT-IoT,test,16795,DoS,1,0.045145,0.262934,KNOWN
BoT-IoT,test,16796,DoS,1,0.070668,0.262934,KNOWN
BoT-IoT,test,16797,DDoS,1,0.172897,0.262934,KNOWN
BoT-IoT,test,16798,DDoS,1,0.064779,0.262934,KNOWN
BoT-IoT,test,16799,DoS,1,0.102327,0.262934,KNOWN
BoT-IoT,test,16800,DDoS,1,0.028912,0.262934,KNOWN
BoT-IoT,test,16801,DDoS,1,0.019728,0.262934,KNOWN
BoT-IoT,test,16802,DoS,1,0.104407,0.262934,KNOWN
BoT-IoT,test,16803,DDoS,1,0.004477,0.262934,KNOWN
BoT-IoT,test,16804,DDoS,1,0.031056,0.262934,KNOWN
BoT-IoT,test,16805,DoS,1,0.029522,0.262934,KNOWN
BoT-IoT,test,16806,DDoS,1,0.154044,0.262934,KNOWN
BoT-IoT,test,16807,DDoS,1,0.057645,0.262934,KNOWN
BoT-IoT,test,16808,DoS,1,0.108056,0.262934,KNOWN
BoT-IoT,test,16809,DDoS,1,0.116477,0.262934,KNOWN
BoT-IoT,test,16810,DDoS,1,0.07476,0.262934,KNOWN
BoT-IoT,test,16811,Reconnaissance,1,0.001617,0.262934,KNOWN
BoT-IoT,test,16812,DoS,1,0.206785,0.262934,KNOWN
BoT-IoT,test,16813,DDoS,1,0.055685,0.262934,KNOWN
BoT-IoT,test,16814,DoS,1,0.019068,0.262934,KNOWN
BoT-IoT,test,16815,DoS,1,0.035649,0.262934,KNOWN
BoT-IoT,test,16816,DDoS,1,0.14953,0.262934,KNOWN
BoT-IoT,test,16817,DDoS,1,0.219092,0.262934,KNOWN
BoT-IoT,test,16818,DoS,1,0.093078,0.262934,KNOWN
BoT-IoT,test,16819,DoS,1,0.035352,0.262934,KNOWN
BoT-IoT,test,16820,DoS,1,0.024289,0.262934,KNOWN
BoT-IoT,test,16821,DDoS,1,0.0097,0.262934,KNOWN
BoT-IoT,test,16822,DoS,1,0.049284,0.262934,KNOWN
BoT-IoT,test,16823,DDoS,1,0.046378,0.262934,KNOWN
BoT-IoT,test,16824,DDoS,1,0.037919,0.262934,KNOWN
BoT-IoT,test,16825,DoS,1,0.157143,0.262934,KNOWN
BoT-IoT,test,16826,DoS,1,0.021449,0.262934,KNOWN
BoT-IoT,test,16827,DDoS,1,0.056358,0.262934,KNOWN
BoT-IoT,test,16828,DDoS,1,0.093819,0.262934,KNOWN
BoT-IoT,test,16829,DoS,1,0.030501,0.262934,KNOWN
BoT-IoT,test,16830,DoS,1,0.017203,0.262934,KNOWN
BoT-IoT,test,16831,DoS,1,0.130773,0.262934,KNOWN
BoT-IoT,test,16832,DoS,1,0.043066,0.262934,KNOWN
BoT-IoT,test,16833,DoS,1,0.023018,0.262934,KNOWN
BoT-IoT,test,16834,DDoS,1,0.026625,0.262934,KNOWN
BoT-IoT,test,16835,DoS,1,0.186156,0.262934,KNOWN
BoT-IoT,test,16836,DoS,1,0.104653,0.262934,KNOWN
BoT-IoT,test,16837,DDoS,1,0.113755,0.262934,KNOWN
BoT-IoT,test,16838,DDoS,1,0.070113,0.262934,KNOWN
BoT-IoT,test,16839,DoS,1,0.110726,0.262934,KNOWN
BoT-IoT,test,16840,DDoS,1,0.047747,0.262934,KNOWN
BoT-IoT,test,16841,DoS,1,0.111961,0.262934,KNOWN
BoT-IoT,test,16842,DoS,1,0.131183,0.262934,KNOWN
BoT-IoT,test,16843,Normal,1,0.048477,0.262934,KNOWN
BoT-IoT,test,16844,DoS,1,0.011134,0.262934,KNOWN
BoT-IoT,test,16845,DDoS,1,0.054053,0.262934,KNOWN
BoT-IoT,test,16846,DDoS,1,0.115056,0.262934,KNOWN
BoT-IoT,test,16847,DoS,1,0.032576,0.262934,KNOWN
BoT-IoT,test,16848,DoS,1,0.075536,0.262934,KNOWN
BoT-IoT,test,16849,DDoS,1,0.299237,0.262934,ZERO_DAY
BoT-IoT,test,16850,DDoS,1,0.014121,0.262934,KNOWN
BoT-IoT,test,16851,DDoS,1,0.230321,0.262934,KNOWN
BoT-IoT,test,16852,DDoS,1,0.05564,0.262934,KNOWN
BoT-IoT,test,16853,DoS,1,0.11771,0.262934,KNOWN
BoT-IoT,test,16854,DoS,1,0.014596,0.262934,KNOWN
BoT-IoT,test,16855,DDoS,1,0.146203,0.262934,KNOWN
BoT-IoT,test,16856,DoS,1,0.10646,0.262934,KNOWN
BoT-IoT,test,16857,DDoS,1,0.228813,0.262934,KNOWN
BoT-IoT,test,16858,DDoS,1,0.03898,0.262934,KNOWN
BoT-IoT,test,16859,DoS,1,0.002242,0.262934,KNOWN
BoT-IoT,test,16860,DDoS,1,0.177336,0.262934,KNOWN
BoT-IoT,test,16861,DDoS,1,0.075105,0.262934,KNOWN
BoT-IoT,test,16862,DDoS,1,0.132661,0.262934,KNOWN
BoT-IoT,test,16863,DDoS,1,0.154123,0.262934,KNOWN
BoT-IoT,test,16864,DDoS,1,0.125003,0.262934,KNOWN
BoT-IoT,test,16865,DoS,1,0.014515,0.262934,KNOWN
BoT-IoT,test,16866,Normal,1,0.044192,0.262934,KNOWN
BoT-IoT,test,16867,DoS,1,0.004787,0.262934,KNOWN
BoT-IoT,test,16868,DoS,1,0.021622,0.262934,KNOWN
BoT-IoT,test,16869,DDoS,1,0.125256,0.262934,KNOWN
BoT-IoT,test,16870,DDoS,1,0.009252,0.262934,KNOWN
BoT-IoT,test,16871,DoS,1,0.171532,0.262934,KNOWN
BoT-IoT,test,16872,DDoS,1,0.099535,0.262934,KNOWN
BoT-IoT,test,16873,DDoS,1,0.087037,0.262934,KNOWN
BoT-IoT,test,16874,DDoS,1,0.011937,0.262934,KNOWN
BoT-IoT,test,16875,DoS,1,0.206932,0.262934,KNOWN
BoT-IoT,test,16876,Normal,1,0.146583,0.262934,KNOWN
BoT-IoT,test,16877,DoS,1,0.072443,0.262934,KNOWN
BoT-IoT,test,16878,DoS,1,0.092094,0.262934,KNOWN
BoT-IoT,test,16879,DDoS,1,0.068267,0.262934,KNOWN
BoT-IoT,test,16880,DDoS,1,0.034791,0.262934,KNOWN
BoT-IoT,test,16881,DDoS,1,0.008346,0.262934,KNOWN
BoT-IoT,test,16882,DDoS,1,0.038895,0.262934,KNOWN
BoT-IoT,test,16883,Normal,1,0.09541,0.262934,KNOWN
BoT-IoT,test,16884,DoS,1,0.063336,0.262934,KNOWN
BoT-IoT,test,16885,DoS,1,0.040027,0.262934,KNOWN
BoT-IoT,test,16886,DDoS,1,0.005374,0.262934,KNOWN
BoT-IoT,test,16887,DoS,1,0.013892,0.262934,KNOWN
BoT-IoT,test,16888,DoS,1,0.082394,0.262934,KNOWN
BoT-IoT,test,16889,DDoS,1,0.071561,0.262934,KNOWN
BoT-IoT,test,16890,DoS,1,0.286151,0.262934,ZERO_DAY
BoT-IoT,test,16891,DoS,1,0.073132,0.262934,KNOWN
BoT-IoT,test,16892,DDoS,1,0.186093,0.262934,KNOWN
BoT-IoT,test,16893,DDoS,1,0.040462,0.262934,KNOWN
BoT-IoT,test,16894,DDoS,1,0.143775,0.262934,KNOWN
BoT-IoT,test,16895,DDoS,1,0.067458,0.262934,KNOWN
BoT-IoT,test,16896,DDoS,1,0.100616,0.262934,KNOWN
BoT-IoT,test,16897,Reconnaissance,1,0.142797,0.262934,KNOWN
BoT-IoT,test,16898,DoS,1,0.051819,0.262934,KNOWN
BoT-IoT,test,16899,DoS,1,0.121947,0.262934,KNOWN
BoT-IoT,test,16900,DDoS,1,0.005076,0.262934,KNOWN
BoT-IoT,test,16901,DDoS,1,0.172495,0.262934,KNOWN
BoT-IoT,test,16902,DDoS,1,0.014302,0.262934,KNOWN
BoT-IoT,test,16903,DDoS,1,0.242295,0.262934,KNOWN
BoT-IoT,test,16904,DDoS,1,0.011043,0.262934,KNOWN
BoT-IoT,test,16905,DDoS,1,0.034167,0.262934,KNOWN
BoT-IoT,test,16906,DoS,1,0.023831,0.262934,KNOWN
BoT-IoT,test,16907,DDoS,1,0.013548,0.262934,KNOWN
BoT-IoT,test,16908,DDoS,1,0.004793,0.262934,KNOWN
BoT-IoT,test,16909,DDoS,1,0.01219,0.262934,KNOWN
BoT-IoT,test,16910,DoS,1,0.328929,0.262934,ZERO_DAY
BoT-IoT,test,16911,DDoS,1,0.059627,0.262934,KNOWN
BoT-IoT,test,16912,DDoS,1,0.027625,0.262934,KNOWN
BoT-IoT,test,16913,DDoS,1,0.097935,0.262934,KNOWN
BoT-IoT,test,16914,DDoS,1,0.207757,0.262934,KNOWN
BoT-IoT,test,16915,DDoS,1,0.050526,0.262934,KNOWN
BoT-IoT,test,16916,DDoS,1,0.199761,0.262934,KNOWN
BoT-IoT,test,16917,DDoS,1,0.009737,0.262934,KNOWN
BoT-IoT,test,16918,DoS,1,0.063524,0.262934,KNOWN
BoT-IoT,test,16919,DoS,1,0.055642,0.262934,KNOWN
BoT-IoT,test,16920,DoS,1,0.032493,0.262934,KNOWN
BoT-IoT,test,16921,DoS,1,0.022696,0.262934,KNOWN
BoT-IoT,test,16922,DoS,1,0.081935,0.262934,KNOWN
BoT-IoT,test,16923,DDoS,1,0.125328,0.262934,KNOWN
BoT-IoT,test,16924,DDoS,1,0.083101,0.262934,KNOWN
BoT-IoT,test,16925,DoS,1,0.037249,0.262934,KNOWN
BoT-IoT,test,16926,DoS,1,0.053138,0.262934,KNOWN
BoT-IoT,test,16927,DDoS,1,0.118391,0.262934,KNOWN
BoT-IoT,test,16928,DDoS,1,0.009696,0.262934,KNOWN
BoT-IoT,test,16929,DoS,1,0.108105,0.262934,KNOWN
BoT-IoT,test,16930,DDoS,1,0.045546,0.262934,KNOWN
BoT-IoT,test,16931,DoS,1,0.020871,0.262934,KNOWN
BoT-IoT,test,16932,DoS,1,0.040717,0.262934,KNOWN
BoT-IoT,test,16933,DDoS,1,0.092666,0.262934,KNOWN
BoT-IoT,test,16934,Reconnaissance,1,0.062445,0.262934,KNOWN
BoT-IoT,test,16935,DoS,1,0.091442,0.262934,KNOWN
BoT-IoT,test,16936,DoS,1,0.064299,0.262934,KNOWN
BoT-IoT,test,16937,DoS,1,0.140618,0.262934,KNOWN
BoT-IoT,test,16938,DDoS,1,0.030964,0.262934,KNOWN
BoT-IoT,test,16939,DoS,1,0.003696,0.262934,KNOWN
BoT-IoT,test,16940,DDoS,1,0.028087,0.262934,KNOWN
BoT-IoT,test,16941,Normal,1,0.194725,0.262934,KNOWN
BoT-IoT,test,16942,DoS,1,0.264693,0.262934,ZERO_DAY
BoT-IoT,test,16943,DDoS,1,0.271339,0.262934,ZERO_DAY
BoT-IoT,test,16944,DoS,1,0.152825,0.262934,KNOWN
BoT-IoT,test,16945,DDoS,1,0.010271,0.262934,KNOWN
BoT-IoT,test,16946,DDoS,1,0.203169,0.262934,KNOWN
BoT-IoT,test,16947,DoS,1,0.449294,0.262934,ZERO_DAY
BoT-IoT,test,16948,DDoS,1,0.176448,0.262934,KNOWN
BoT-IoT,test,16949,DDoS,1,0.352803,0.262934,ZERO_DAY
BoT-IoT,test,16950,DoS,1,0.040085,0.262934,KNOWN
BoT-IoT,test,16951,DDoS,1,0.15492,0.262934,KNOWN
BoT-IoT,test,16952,DDoS,1,0.136588,0.262934,KNOWN
BoT-IoT,test,16953,DoS,1,0.111152,0.262934,KNOWN
BoT-IoT,test,16954,DDoS,1,0.056932,0.262934,KNOWN
BoT-IoT,test,16955,DDoS,1,0.112541,0.262934,KNOWN
BoT-IoT,test,16956,DDoS,1,0.276518,0.262934,ZERO_DAY
BoT-IoT,test,16957,DoS,1,0.056239,0.262934,KNOWN
BoT-IoT,test,16958,DoS,1,0.229629,0.262934,KNOWN
BoT-IoT,test,16959,DDoS,1,0.157221,0.262934,KNOWN
BoT-IoT,test,16960,DoS,1,0.084008,0.262934,KNOWN
BoT-IoT,test,16961,DDoS,1,0.044296,0.262934,KNOWN
BoT-IoT,test,16962,DoS,1,0.128595,0.262934,KNOWN
BoT-IoT,test,16963,DoS,1,0.136345,0.262934,KNOWN
BoT-IoT,test,16964,DDoS,1,0.067773,0.262934,KNOWN
BoT-IoT,test,16965,DDoS,1,0.13135,0.262934,KNOWN
BoT-IoT,test,16966,DDoS,1,0.075443,0.262934,KNOWN
BoT-IoT,test,16967,DoS,1,0.028164,0.262934,KNOWN
BoT-IoT,test,16968,DoS,1,0.163891,0.262934,KNOWN
BoT-IoT,test,16969,DoS,1,0.009002,0.262934,KNOWN
BoT-IoT,test,16970,DDoS,1,0.145468,0.262934,KNOWN
BoT-IoT,test,16971,DoS,1,0.15861,0.262934,KNOWN
BoT-IoT,test,16972,DoS,1,0.149957,0.262934,KNOWN
BoT-IoT,test,16973,DDoS,1,0.214779,0.262934,KNOWN
BoT-IoT,test,16974,DoS,1,0.197496,0.262934,KNOWN
BoT-IoT,test,16975,DDoS,1,0.003072,0.262934,KNOWN
BoT-IoT,test,16976,DoS,1,0.128115,0.262934,KNOWN
BoT-IoT,test,16977,DDoS,1,0.036809,0.262934,KNOWN
BoT-IoT,test,16978,DDoS,1,0.229784,0.262934,KNOWN
BoT-IoT,test,16979,DoS,1,0.002977,0.262934,KNOWN
BoT-IoT,test,16980,DDoS,1,0.248781,0.262934,KNOWN
BoT-IoT,test,16981,DDoS,1,0.029373,0.262934,KNOWN
BoT-IoT,test,16982,DoS,1,0.007953,0.262934,KNOWN
BoT-IoT,test,16983,DDoS,1,0.188178,0.262934,KNOWN
BoT-IoT,test,16984,DDoS,1,0.112602,0.262934,KNOWN
BoT-IoT,test,16985,DoS,1,0.313284,0.262934,ZERO_DAY
BoT-IoT,test,16986,DoS,1,0.005208,0.262934,KNOWN
BoT-IoT,test,16987,DoS,1,0.041884,0.262934,KNOWN
BoT-IoT,test,16988,DDoS,1,0.128616,0.262934,KNOWN
BoT-IoT,test,16989,DDoS,1,0.037714,0.262934,KNOWN
BoT-IoT,test,16990,DDoS,1,0.169544,0.262934,KNOWN
BoT-IoT,test,16991,DDoS,1,0.189457,0.262934,KNOWN
BoT-IoT,test,16992,DDoS,1,0.101319,0.262934,KNOWN
BoT-IoT,test,16993,DDoS,1,0.007991,0.262934,KNOWN
BoT-IoT,test,16994,DoS,1,0.049409,0.262934,KNOWN
BoT-IoT,test,16995,DDoS,1,0.067948,0.262934,KNOWN
BoT-IoT,test,16996,DDoS,1,0.058475,0.262934,KNOWN
BoT-IoT,test,16997,DDoS,1,0.309198,0.262934,ZERO_DAY
BoT-IoT,test,16998,Reconnaissance,1,0.000166,0.262934,KNOWN
BoT-IoT,test,16999,DoS,1,0.435988,0.262934,ZERO_DAY
BoT-IoT,test,17000,DoS,1,0.115819,0.262934,KNOWN
BoT-IoT,test,17001,DDoS,1,0.033855,0.262934,KNOWN
BoT-IoT,test,17002,DDoS,1,0.103432,0.262934,KNOWN
BoT-IoT,test,17003,DDoS,1,0.081623,0.262934,KNOWN
BoT-IoT,test,17004,DDoS,1,0.059328,0.262934,KNOWN
BoT-IoT,test,17005,DoS,1,0.072854,0.262934,KNOWN
BoT-IoT,test,17006,DDoS,1,0.013019,0.262934,KNOWN
BoT-IoT,test,17007,DoS,1,0.316185,0.262934,ZERO_DAY
BoT-IoT,test,17008,DoS,1,0.044284,0.262934,KNOWN
BoT-IoT,test,17009,DoS,1,0.078826,0.262934,KNOWN
BoT-IoT,test,17010,DDoS,1,0.031912,0.262934,KNOWN
BoT-IoT,test,17011,DoS,1,0.089881,0.262934,KNOWN
BoT-IoT,test,17012,DDoS,1,0.192437,0.262934,KNOWN
BoT-IoT,test,17013,DDoS,1,0.165241,0.262934,KNOWN
BoT-IoT,test,17014,DDoS,1,0.157231,0.262934,KNOWN
BoT-IoT,test,17015,DoS,1,0.041771,0.262934,KNOWN
BoT-IoT,test,17016,DDoS,1,0.219974,0.262934,KNOWN
BoT-IoT,test,17017,DDoS,1,0.066706,0.262934,KNOWN
BoT-IoT,test,17018,DoS,1,0.037022,0.262934,KNOWN
BoT-IoT,test,17019,Normal,1,0.105658,0.262934,KNOWN
BoT-IoT,test,17020,DDoS,1,0.018497,0.262934,KNOWN
BoT-IoT,test,17021,DDoS,1,0.130466,0.262934,KNOWN
BoT-IoT,test,17022,DDoS,1,0.032469,0.262934,KNOWN
BoT-IoT,test,17023,DDoS,1,0.049113,0.262934,KNOWN
BoT-IoT,test,17024,DDoS,1,0.492151,0.262934,ZERO_DAY
BoT-IoT,test,17025,Normal,1,0.059433,0.262934,KNOWN
BoT-IoT,test,17026,DDoS,1,0.165838,0.262934,KNOWN
BoT-IoT,test,17027,DDoS,1,0.148349,0.262934,KNOWN
BoT-IoT,test,17028,DoS,1,0.012967,0.262934,KNOWN
BoT-IoT,test,17029,DDoS,1,0.335354,0.262934,ZERO_DAY
BoT-IoT,test,17030,DDoS,1,0.074384,0.262934,KNOWN
BoT-IoT,test,17031,DDoS,1,0.095026,0.262934,KNOWN
BoT-IoT,test,17032,DDoS,1,0.067699,0.262934,KNOWN
BoT-IoT,test,17033,DoS,1,0.104087,0.262934,KNOWN
BoT-IoT,test,17034,DDoS,1,0.188975,0.262934,KNOWN
BoT-IoT,test,17035,DDoS,1,0.187177,0.262934,KNOWN
BoT-IoT,test,17036,DoS,1,0.172594,0.262934,KNOWN
BoT-IoT,test,17037,DoS,1,0.043549,0.262934,KNOWN
BoT-IoT,test,17038,Normal,1,0.214871,0.262934,KNOWN
BoT-IoT,test,17039,DDoS,1,0.039616,0.262934,KNOWN
BoT-IoT,test,17040,DDoS,1,0.045799,0.262934,KNOWN
BoT-IoT,test,17041,Normal,1,0.032659,0.262934,KNOWN
BoT-IoT,test,17042,DoS,1,0.092232,0.262934,KNOWN
BoT-IoT,test,17043,DDoS,1,0.035665,0.262934,KNOWN
BoT-IoT,test,17044,DoS,1,0.164223,0.262934,KNOWN
BoT-IoT,test,17045,Normal,1,0.187244,0.262934,KNOWN
BoT-IoT,test,17046,DoS,1,0.090053,0.262934,KNOWN
BoT-IoT,test,17047,DDoS,1,0.135074,0.262934,KNOWN
BoT-IoT,test,17048,DDoS,1,0.047213,0.262934,KNOWN
BoT-IoT,test,17049,DoS,1,0.034193,0.262934,KNOWN
BoT-IoT,test,17050,DDoS,1,0.017011,0.262934,KNOWN
BoT-IoT,test,17051,DDoS,1,0.021178,0.262934,KNOWN
BoT-IoT,test,17052,DDoS,1,0.036752,0.262934,KNOWN
BoT-IoT,test,17053,DDoS,1,0.082647,0.262934,KNOWN
BoT-IoT,test,17054,DDoS,1,0.076883,0.262934,KNOWN
BoT-IoT,test,17055,DoS,1,0.25248,0.262934,KNOWN
BoT-IoT,test,17056,DoS,1,0.277679,0.262934,ZERO_DAY
BoT-IoT,test,17057,DDoS,1,0.02298,0.262934,KNOWN
BoT-IoT,test,17058,DoS,1,0.203745,0.262934,KNOWN
BoT-IoT,test,17059,DoS,1,0.07316,0.262934,KNOWN
BoT-IoT,test,17060,DDoS,1,0.099461,0.262934,KNOWN
BoT-IoT,test,17061,DoS,1,0.3612,0.262934,ZERO_DAY
BoT-IoT,test,17062,DDoS,1,0.092391,0.262934,KNOWN
BoT-IoT,test,17063,DDoS,1,0.03182,0.262934,KNOWN
BoT-IoT,test,17064,DDoS,1,0.061434,0.262934,KNOWN
BoT-IoT,test,17065,DDoS,1,0.264899,0.262934,ZERO_DAY
BoT-IoT,test,17066,DoS,1,0.0377,0.262934,KNOWN
BoT-IoT,test,17067,DDoS,1,0.036364,0.262934,KNOWN
BoT-IoT,test,17068,DDoS,1,0.092164,0.262934,KNOWN
BoT-IoT,test,17069,DoS,1,0.052259,0.262934,KNOWN
BoT-IoT,test,17070,DoS,1,0.018497,0.262934,KNOWN
BoT-IoT,test,17071,DDoS,1,0.007873,0.262934,KNOWN
BoT-IoT,test,17072,DDoS,1,0.212064,0.262934,KNOWN
BoT-IoT,test,17073,DDoS,1,0.32175,0.262934,ZERO_DAY
BoT-IoT,test,17074,Normal,1,0.081064,0.262934,KNOWN
BoT-IoT,test,17075,DoS,1,0.081804,0.262934,KNOWN
BoT-IoT,test,17076,DoS,1,0.038213,0.262934,KNOWN
BoT-IoT,test,17077,DoS,1,0.055946,0.262934,KNOWN
BoT-IoT,test,17078,DoS,1,0.18228,0.262934,KNOWN
BoT-IoT,test,17079,DDoS,1,0.041058,0.262934,KNOWN
BoT-IoT,test,17080,DoS,1,0.164949,0.262934,KNOWN
BoT-IoT,test,17081,DoS,1,0.023672,0.262934,KNOWN
BoT-IoT,test,17082,DDoS,1,0.003683,0.262934,KNOWN
BoT-IoT,test,17083,DDoS,1,0.038533,0.262934,KNOWN
BoT-IoT,test,17084,DDoS,1,0.011198,0.262934,KNOWN
BoT-IoT,test,17085,DDoS,1,0.243395,0.262934,KNOWN
BoT-IoT,test,17086,DoS,1,0.372491,0.262934,ZERO_DAY
BoT-IoT,test,17087,DDoS,1,0.098702,0.262934,KNOWN
BoT-IoT,test,17088,DoS,1,0.155636,0.262934,KNOWN
BoT-IoT,test,17089,DoS,1,0.087199,0.262934,KNOWN
BoT-IoT,test,17090,DoS,1,0.04272,0.262934,KNOWN
BoT-IoT,test,17091,DDoS,1,0.299014,0.262934,ZERO_DAY
BoT-IoT,test,17092,DoS,1,0.03058,0.262934,KNOWN
BoT-IoT,test,17093,DoS,1,0.215472,0.262934,KNOWN
BoT-IoT,test,17094,DDoS,1,0.090911,0.262934,KNOWN
BoT-IoT,test,17095,DDoS,1,0.002204,0.262934,KNOWN
BoT-IoT,test,17096,DDoS,1,0.019214,0.262934,KNOWN
BoT-IoT,test,17097,DoS,1,0.16407,0.262934,KNOWN
BoT-IoT,test,17098,DoS,1,0.287961,0.262934,ZERO_DAY
BoT-IoT,test,17099,DoS,1,0.036362,0.262934,KNOWN
BoT-IoT,test,17100,DDoS,1,0.053561,0.262934,KNOWN
BoT-IoT,test,17101,DoS,1,0.069542,0.262934,KNOWN
BoT-IoT,test,17102,DoS,1,0.046191,0.262934,KNOWN
BoT-IoT,test,17103,DoS,1,0.009223,0.262934,KNOWN
BoT-IoT,test,17104,DDoS,1,0.042772,0.262934,KNOWN
BoT-IoT,test,17105,DDoS,1,0.088439,0.262934,KNOWN
BoT-IoT,test,17106,DDoS,1,0.039507,0.262934,KNOWN
BoT-IoT,test,17107,DoS,1,0.069365,0.262934,KNOWN
BoT-IoT,test,17108,DDoS,1,0.194763,0.262934,KNOWN
BoT-IoT,test,17109,DoS,1,0.130301,0.262934,KNOWN
BoT-IoT,test,17110,DoS,1,0.029775,0.262934,KNOWN
BoT-IoT,test,17111,DDoS,1,0.067249,0.262934,KNOWN
BoT-IoT,test,17112,DDoS,1,0.087858,0.262934,KNOWN
BoT-IoT,test,17113,DoS,1,0.038523,0.262934,KNOWN
BoT-IoT,test,17114,DDoS,1,0.090195,0.262934,KNOWN
BoT-IoT,test,17115,DoS,1,0.005712,0.262934,KNOWN
BoT-IoT,test,17116,DoS,1,0.047228,0.262934,KNOWN
BoT-IoT,test,17117,DDoS,1,0.008777,0.262934,KNOWN
BoT-IoT,test,17118,DDoS,1,0.026829,0.262934,KNOWN
BoT-IoT,test,17119,DDoS,1,0.136564,0.262934,KNOWN
BoT-IoT,test,17120,DoS,1,0.027709,0.262934,KNOWN
BoT-IoT,test,17121,DDoS,1,0.163238,0.262934,KNOWN
BoT-IoT,test,17122,DoS,1,0.10598,0.262934,KNOWN
BoT-IoT,test,17123,DoS,1,0.085495,0.262934,KNOWN
BoT-IoT,test,17124,DDoS,1,0.139768,0.262934,KNOWN
BoT-IoT,test,17125,DoS,1,0.050405,0.262934,KNOWN
BoT-IoT,test,17126,DDoS,1,0.212673,0.262934,KNOWN
BoT-IoT,test,17127,DoS,1,0.195639,0.262934,KNOWN
BoT-IoT,test,17128,DoS,1,0.07892,0.262934,KNOWN
BoT-IoT,test,17129,DoS,1,0.237262,0.262934,KNOWN
BoT-IoT,test,17130,DoS,1,0.06398,0.262934,KNOWN
BoT-IoT,test,17131,DDoS,1,0.125987,0.262934,KNOWN
BoT-IoT,test,17132,DoS,1,0.13532,0.262934,KNOWN
BoT-IoT,test,17133,DDoS,1,0.048691,0.262934,KNOWN
BoT-IoT,test,17134,DoS,1,0.004617,0.262934,KNOWN
BoT-IoT,test,17135,DDoS,1,0.250425,0.262934,KNOWN
BoT-IoT,test,17136,Normal,1,0.189635,0.262934,KNOWN
BoT-IoT,test,17137,DDoS,1,0.143356,0.262934,KNOWN
BoT-IoT,test,17138,DoS,1,0.020136,0.262934,KNOWN
BoT-IoT,test,17139,DoS,1,0.085266,0.262934,KNOWN
BoT-IoT,test,17140,DoS,1,0.27754,0.262934,ZERO_DAY
BoT-IoT,test,17141,DDoS,1,0.133049,0.262934,KNOWN
BoT-IoT,test,17142,DoS,1,0.09444,0.262934,KNOWN
BoT-IoT,test,17143,DDoS,1,0.078599,0.262934,KNOWN
BoT-IoT,test,17144,DDoS,1,0.134823,0.262934,KNOWN
BoT-IoT,test,17145,DDoS,1,0.203074,0.262934,KNOWN
BoT-IoT,test,17146,DDoS,1,0.139658,0.262934,KNOWN
BoT-IoT,test,17147,DDoS,1,0.039801,0.262934,KNOWN
BoT-IoT,test,17148,DDoS,1,0.126776,0.262934,KNOWN
BoT-IoT,test,17149,DDoS,1,0.126681,0.262934,KNOWN
BoT-IoT,test,17150,DoS,1,0.037723,0.262934,KNOWN
BoT-IoT,test,17151,DoS,1,0.035943,0.262934,KNOWN
BoT-IoT,test,17152,DDoS,1,0.060106,0.262934,KNOWN
BoT-IoT,test,17153,DoS,1,0.095699,0.262934,KNOWN
BoT-IoT,test,17154,DDoS,1,0.055252,0.262934,KNOWN
BoT-IoT,test,17155,DoS,1,0.11732,0.262934,KNOWN
BoT-IoT,test,17156,DoS,1,0.006749,0.262934,KNOWN
BoT-IoT,test,17157,DDoS,1,0.071627,0.262934,KNOWN
BoT-IoT,test,17158,Normal,1,0.385542,0.262934,ZERO_DAY
BoT-IoT,test,17159,DDoS,1,0.085514,0.262934,KNOWN
BoT-IoT,test,17160,DoS,1,0.033389,0.262934,KNOWN
BoT-IoT,test,17161,DDoS,1,0.103226,0.262934,KNOWN
BoT-IoT,test,17162,DDoS,1,0.026864,0.262934,KNOWN
BoT-IoT,test,17163,DDoS,1,0.182597,0.262934,KNOWN
BoT-IoT,test,17164,DDoS,1,0.006835,0.262934,KNOWN
BoT-IoT,test,17165,DoS,1,0.096297,0.262934,KNOWN
BoT-IoT,test,17166,DoS,1,0.152982,0.262934,KNOWN
BoT-IoT,test,17167,DoS,1,0.038299,0.262934,KNOWN
BoT-IoT,test,17168,DDoS,1,0.146574,0.262934,KNOWN
BoT-IoT,test,17169,DDoS,1,0.030395,0.262934,KNOWN
BoT-IoT,test,17170,DDoS,1,0.07407,0.262934,KNOWN
BoT-IoT,test,17171,DDoS,1,0.038605,0.262934,KNOWN
BoT-IoT,test,17172,DDoS,1,0.243311,0.262934,KNOWN
BoT-IoT,test,17173,DDoS,1,0.083621,0.262934,KNOWN
BoT-IoT,test,17174,DoS,1,0.208922,0.262934,KNOWN
BoT-IoT,test,17175,DoS,1,0.051988,0.262934,KNOWN
BoT-IoT,test,17176,DoS,1,0.04967,0.262934,KNOWN
BoT-IoT,test,17177,DoS,1,0.041714,0.262934,KNOWN
BoT-IoT,test,17178,DDoS,1,0.353754,0.262934,ZERO_DAY
BoT-IoT,test,17179,DDoS,1,0.112647,0.262934,KNOWN
BoT-IoT,test,17180,DDoS,1,0.051579,0.262934,KNOWN
BoT-IoT,test,17181,DDoS,1,0.164363,0.262934,KNOWN
BoT-IoT,test,17182,DoS,1,0.040937,0.262934,KNOWN
BoT-IoT,test,17183,DDoS,1,0.037598,0.262934,KNOWN
BoT-IoT,test,17184,DoS,1,0.01348,0.262934,KNOWN
BoT-IoT,test,17185,DDoS,1,0.086608,0.262934,KNOWN
BoT-IoT,test,17186,DoS,1,0.275781,0.262934,ZERO_DAY
BoT-IoT,test,17187,DoS,1,0.125426,0.262934,KNOWN
BoT-IoT,test,17188,DoS,1,0.030676,0.262934,KNOWN
BoT-IoT,test,17189,DoS,1,0.082205,0.262934,KNOWN
BoT-IoT,test,17190,DoS,1,0.015367,0.262934,KNOWN
BoT-IoT,test,17191,DoS,1,0.039541,0.262934,KNOWN
BoT-IoT,test,17192,DDoS,1,0.069498,0.262934,KNOWN
BoT-IoT,test,17193,DDoS,1,0.049612,0.262934,KNOWN
BoT-IoT,test,17194,DDoS,1,0.048416,0.262934,KNOWN
BoT-IoT,test,17195,DDoS,1,0.060253,0.262934,KNOWN
BoT-IoT,test,17196,DDoS,1,0.063576,0.262934,KNOWN
BoT-IoT,test,17197,DoS,1,0.006597,0.262934,KNOWN
BoT-IoT,test,17198,Normal,1,0.184076,0.262934,KNOWN
BoT-IoT,test,17199,DDoS,1,0.007899,0.262934,KNOWN
BoT-IoT,test,17200,DoS,1,0.009923,0.262934,KNOWN
BoT-IoT,test,17201,DoS,1,0.008945,0.262934,KNOWN
BoT-IoT,test,17202,Normal,1,0.178869,0.262934,KNOWN
BoT-IoT,test,17203,DDoS,1,0.02002,0.262934,KNOWN
BoT-IoT,test,17204,DDoS,1,0.013804,0.262934,KNOWN
BoT-IoT,test,17205,DoS,1,0.008115,0.262934,KNOWN
BoT-IoT,test,17206,Normal,1,0.414707,0.262934,ZERO_DAY
BoT-IoT,test,17207,DoS,1,0.085789,0.262934,KNOWN
BoT-IoT,test,17208,DoS,1,0.219017,0.262934,KNOWN
BoT-IoT,test,17209,DDoS,1,0.055361,0.262934,KNOWN
BoT-IoT,test,17210,DDoS,1,0.244185,0.262934,KNOWN
BoT-IoT,test,17211,DoS,1,0.03328,0.262934,KNOWN
BoT-IoT,test,17212,DoS,1,0.052089,0.262934,KNOWN
BoT-IoT,test,17213,DDoS,1,0.042684,0.262934,KNOWN
BoT-IoT,test,17214,DDoS,1,0.013472,0.262934,KNOWN
BoT-IoT,test,17215,DoS,1,0.13691,0.262934,KNOWN
BoT-IoT,test,17216,DoS,1,0.003453,0.262934,KNOWN
BoT-IoT,test,17217,DDoS,1,0.013212,0.262934,KNOWN
BoT-IoT,test,17218,DDoS,1,0.123385,0.262934,KNOWN
BoT-IoT,test,17219,DoS,1,0.02188,0.262934,KNOWN
BoT-IoT,test,17220,DDoS,1,0.142431,0.262934,KNOWN
BoT-IoT,test,17221,DDoS,1,0.152935,0.262934,KNOWN
BoT-IoT,test,17222,DoS,1,0.048771,0.262934,KNOWN
BoT-IoT,test,17223,Reconnaissance,1,0.146386,0.262934,KNOWN
BoT-IoT,test,17224,DDoS,1,0.075223,0.262934,KNOWN
BoT-IoT,test,17225,DDoS,1,0.049365,0.262934,KNOWN
BoT-IoT,test,17226,DDoS,1,0.116009,0.262934,KNOWN
BoT-IoT,test,17227,DDoS,1,0.04762,0.262934,KNOWN
BoT-IoT,test,17228,DDoS,1,0.024692,0.262934,KNOWN
BoT-IoT,test,17229,DoS,1,0.363784,0.262934,ZERO_DAY
BoT-IoT,test,17230,Reconnaissance,1,0.029428,0.262934,KNOWN
BoT-IoT,test,17231,DoS,1,0.052619,0.262934,KNOWN
BoT-IoT,test,17232,DDoS,1,0.044525,0.262934,KNOWN
BoT-IoT,test,17233,DDoS,1,0.001519,0.262934,KNOWN
BoT-IoT,test,17234,DoS,1,0.069495,0.262934,KNOWN
BoT-IoT,test,17235,DoS,1,0.001889,0.262934,KNOWN
BoT-IoT,test,17236,DoS,1,0.207873,0.262934,KNOWN
BoT-IoT,test,17237,DoS,1,0.026832,0.262934,KNOWN
BoT-IoT,test,17238,DDoS,1,0.011628,0.262934,KNOWN
BoT-IoT,test,17239,DoS,1,0.093473,0.262934,KNOWN
BoT-IoT,test,17240,Reconnaissance,1,0.080876,0.262934,KNOWN
BoT-IoT,test,17241,DoS,1,0.094303,0.262934,KNOWN
BoT-IoT,test,17242,DDoS,1,0.087791,0.262934,KNOWN
BoT-IoT,test,17243,DoS,1,0.016133,0.262934,KNOWN
BoT-IoT,test,17244,DoS,1,0.227363,0.262934,KNOWN
BoT-IoT,test,17245,DDoS,1,0.080006,0.262934,KNOWN
BoT-IoT,test,17246,DoS,1,0.091602,0.262934,KNOWN
BoT-IoT,test,17247,DDoS,1,0.103689,0.262934,KNOWN
BoT-IoT,test,17248,DoS,1,0.012869,0.262934,KNOWN
BoT-IoT,test,17249,DDoS,1,0.002836,0.262934,KNOWN
BoT-IoT,test,17250,DoS,1,0.273138,0.262934,ZERO_DAY
BoT-IoT,test,17251,DoS,1,0.029763,0.262934,KNOWN
BoT-IoT,test,17252,DDoS,1,0.05492,0.262934,KNOWN
BoT-IoT,test,17253,DoS,1,0.025977,0.262934,KNOWN
BoT-IoT,test,17254,DoS,1,0.07635,0.262934,KNOWN
BoT-IoT,test,17255,DoS,1,0.039513,0.262934,KNOWN
BoT-IoT,test,17256,DDoS,1,0.05354,0.262934,KNOWN
BoT-IoT,test,17257,DoS,1,0.029897,0.262934,KNOWN
BoT-IoT,test,17258,DDoS,1,0.045365,0.262934,KNOWN
BoT-IoT,test,17259,DDoS,1,0.079472,0.262934,KNOWN
BoT-IoT,test,17260,DDoS,1,0.181534,0.262934,KNOWN
BoT-IoT,test,17261,DDoS,1,0.019521,0.262934,KNOWN
BoT-IoT,test,17262,DoS,1,0.00804,0.262934,KNOWN
BoT-IoT,test,17263,DoS,1,0.200483,0.262934,KNOWN
BoT-IoT,test,17264,Normal,1,0.061503,0.262934,KNOWN
BoT-IoT,test,17265,DoS,1,0.015022,0.262934,KNOWN
BoT-IoT,test,17266,DoS,1,0.034587,0.262934,KNOWN
BoT-IoT,test,17267,DDoS,1,0.112341,0.262934,KNOWN
BoT-IoT,test,17268,DoS,1,0.00895,0.262934,KNOWN
BoT-IoT,test,17269,DDoS,1,0.062212,0.262934,KNOWN
BoT-IoT,test,17270,DoS,1,0.040437,0.262934,KNOWN
BoT-IoT,test,17271,DoS,1,0.196343,0.262934,KNOWN
BoT-IoT,test,17272,DoS,1,0.021936,0.262934,KNOWN
BoT-IoT,test,17273,DoS,1,0.094428,0.262934,KNOWN
BoT-IoT,test,17274,DDoS,1,0.273801,0.262934,ZERO_DAY
BoT-IoT,test,17275,DoS,1,0.080577,0.262934,KNOWN
BoT-IoT,test,17276,DDoS,1,0.026241,0.262934,KNOWN
BoT-IoT,test,17277,DoS,1,0.273631,0.262934,ZERO_DAY
BoT-IoT,test,17278,DDoS,1,0.07092,0.262934,KNOWN
BoT-IoT,test,17279,DoS,1,0.066334,0.262934,KNOWN
BoT-IoT,test,17280,DoS,1,0.106582,0.262934,KNOWN
BoT-IoT,test,17281,DDoS,1,0.051154,0.262934,KNOWN
BoT-IoT,test,17282,DoS,1,0.050559,0.262934,KNOWN
BoT-IoT,test,17283,DoS,1,0.091827,0.262934,KNOWN
BoT-IoT,test,17284,DDoS,1,0.007675,0.262934,KNOWN
BoT-IoT,test,17285,DDoS,1,0.223772,0.262934,KNOWN
BoT-IoT,test,17286,DDoS,1,0.163445,0.262934,KNOWN
BoT-IoT,test,17287,DDoS,1,0.186823,0.262934,KNOWN
BoT-IoT,test,17288,DDoS,1,0.093193,0.262934,KNOWN
BoT-IoT,test,17289,DoS,1,0.075136,0.262934,KNOWN
BoT-IoT,test,17290,DDoS,1,0.06137,0.262934,KNOWN
BoT-IoT,test,17291,DoS,1,0.191567,0.262934,KNOWN
BoT-IoT,test,17292,DoS,1,0.165171,0.262934,KNOWN
BoT-IoT,test,17293,DoS,1,0.089722,0.262934,KNOWN
BoT-IoT,test,17294,DDoS,1,0.021143,0.262934,KNOWN
BoT-IoT,test,17295,DoS,1,0.061385,0.262934,KNOWN
BoT-IoT,test,17296,DoS,1,0.123873,0.262934,KNOWN
BoT-IoT,test,17297,DDoS,1,0.007031,0.262934,KNOWN
BoT-IoT,test,17298,DDoS,1,0.028035,0.262934,KNOWN
BoT-IoT,test,17299,DoS,1,0.028492,0.262934,KNOWN
BoT-IoT,test,17300,DDoS,1,0.08046,0.262934,KNOWN
BoT-IoT,test,17301,DoS,1,0.019574,0.262934,KNOWN
BoT-IoT,test,17302,DDoS,1,0.0471,0.262934,KNOWN
BoT-IoT,test,17303,DoS,1,0.0024,0.262934,KNOWN
BoT-IoT,test,17304,DoS,1,0.032226,0.262934,KNOWN
BoT-IoT,test,17305,DDoS,1,0.151209,0.262934,KNOWN
BoT-IoT,test,17306,Normal,1,0.119717,0.262934,KNOWN
BoT-IoT,test,17307,DDoS,1,0.083324,0.262934,KNOWN
BoT-IoT,test,17308,DoS,1,0.047882,0.262934,KNOWN
BoT-IoT,test,17309,DDoS,1,0.044662,0.262934,KNOWN
BoT-IoT,test,17310,DDoS,1,0.117187,0.262934,KNOWN
BoT-IoT,test,17311,DDoS,1,0.065974,0.262934,KNOWN
BoT-IoT,test,17312,DDoS,1,0.032514,0.262934,KNOWN
BoT-IoT,test,17313,DoS,1,0.045856,0.262934,KNOWN
BoT-IoT,test,17314,Normal,1,0.011803,0.262934,KNOWN
BoT-IoT,test,17315,DoS,1,0.071432,0.262934,KNOWN
BoT-IoT,test,17316,DoS,1,0.032278,0.262934,KNOWN
BoT-IoT,test,17317,Normal,1,0.282319,0.262934,ZERO_DAY
BoT-IoT,test,17318,DoS,1,0.13998,0.262934,KNOWN
BoT-IoT,test,17319,DoS,1,0.020466,0.262934,KNOWN
BoT-IoT,test,17320,DoS,1,0.037851,0.262934,KNOWN
BoT-IoT,test,17321,DDoS,1,0.00799,0.262934,KNOWN
BoT-IoT,test,17322,DoS,1,0.171916,0.262934,KNOWN
BoT-IoT,test,17323,DDoS,1,0.035756,0.262934,KNOWN
BoT-IoT,test,17324,DDoS,1,0.165727,0.262934,KNOWN
BoT-IoT,test,17325,DoS,1,0.07666,0.262934,KNOWN
BoT-IoT,test,17326,DoS,1,0.024898,0.262934,KNOWN
BoT-IoT,test,17327,DDoS,1,0.036444,0.262934,KNOWN
BoT-IoT,test,17328,DoS,1,0.232027,0.262934,KNOWN
BoT-IoT,test,17329,DDoS,1,0.066709,0.262934,KNOWN
BoT-IoT,test,17330,DoS,1,0.110713,0.262934,KNOWN
BoT-IoT,test,17331,Normal,1,0.102358,0.262934,KNOWN
BoT-IoT,test,17332,DoS,1,0.525602,0.262934,ZERO_DAY
BoT-IoT,test,17333,DoS,1,0.179463,0.262934,KNOWN
BoT-IoT,test,17334,DoS,1,0.075735,0.262934,KNOWN
BoT-IoT,test,17335,Normal,1,0.018954,0.262934,KNOWN
BoT-IoT,test,17336,DoS,1,0.082226,0.262934,KNOWN
BoT-IoT,test,17337,DDoS,1,0.051337,0.262934,KNOWN
BoT-IoT,test,17338,DDoS,1,0.072164,0.262934,KNOWN
BoT-IoT,test,17339,DoS,1,0.040998,0.262934,KNOWN
BoT-IoT,test,17340,DoS,1,0.017366,0.262934,KNOWN
BoT-IoT,test,17341,DDoS,1,0.10601,0.262934,KNOWN
BoT-IoT,test,17342,DoS,1,0.096645,0.262934,KNOWN
BoT-IoT,test,17343,DoS,1,0.027421,0.262934,KNOWN
BoT-IoT,test,17344,DoS,1,0.132888,0.262934,KNOWN
BoT-IoT,test,17345,DoS,1,0.08784,0.262934,KNOWN
BoT-IoT,test,17346,DoS,1,0.011908,0.262934,KNOWN
BoT-IoT,test,17347,DDoS,1,0.072945,0.262934,KNOWN
BoT-IoT,test,17348,DoS,1,0.162617,0.262934,KNOWN
BoT-IoT,test,17349,DDoS,1,0.095965,0.262934,KNOWN
BoT-IoT,test,17350,DDoS,1,0.043773,0.262934,KNOWN
BoT-IoT,test,17351,DoS,1,0.041179,0.262934,KNOWN
BoT-IoT,test,17352,DoS,1,0.050141,0.262934,KNOWN
BoT-IoT,test,17353,DoS,1,0.110014,0.262934,KNOWN
BoT-IoT,test,17354,DDoS,1,0.019151,0.262934,KNOWN
BoT-IoT,test,17355,DDoS,1,0.017228,0.262934,KNOWN
BoT-IoT,test,17356,DoS,1,0.036954,0.262934,KNOWN
BoT-IoT,test,17357,DDoS,1,0.0577,0.262934,KNOWN
BoT-IoT,test,17358,DDoS,1,0.005234,0.262934,KNOWN
BoT-IoT,test,17359,DoS,1,0.000431,0.262934,KNOWN
BoT-IoT,test,17360,DoS,1,0.245651,0.262934,KNOWN
BoT-IoT,test,17361,DDoS,1,0.117461,0.262934,KNOWN
BoT-IoT,test,17362,DDoS,1,0.113814,0.262934,KNOWN
BoT-IoT,test,17363,DoS,1,0.014218,0.262934,KNOWN
BoT-IoT,test,17364,DDoS,1,0.060652,0.262934,KNOWN
BoT-IoT,test,17365,DoS,1,0.057169,0.262934,KNOWN
BoT-IoT,test,17366,DoS,1,0.167422,0.262934,KNOWN
BoT-IoT,test,17367,DoS,1,0.119126,0.262934,KNOWN
BoT-IoT,test,17368,DoS,1,0.121929,0.262934,KNOWN
BoT-IoT,test,17369,DDoS,1,0.04396,0.262934,KNOWN
BoT-IoT,test,17370,DoS,1,0.064617,0.262934,KNOWN
BoT-IoT,test,17371,Normal,1,0.047,0.262934,KNOWN
BoT-IoT,test,17372,Normal,1,0.081295,0.262934,KNOWN
BoT-IoT,test,17373,DDoS,1,0.144,0.262934,KNOWN
BoT-IoT,test,17374,DoS,1,0.032327,0.262934,KNOWN
BoT-IoT,test,17375,DoS,1,0.106265,0.262934,KNOWN
BoT-IoT,test,17376,DDoS,1,0.021156,0.262934,KNOWN
BoT-IoT,test,17377,DDoS,1,0.003635,0.262934,KNOWN
BoT-IoT,test,17378,DoS,1,0.015593,0.262934,KNOWN
BoT-IoT,test,17379,DoS,1,0.335471,0.262934,ZERO_DAY
BoT-IoT,test,17380,DoS,1,0.090699,0.262934,KNOWN
BoT-IoT,test,17381,DoS,1,0.045783,0.262934,KNOWN
BoT-IoT,test,17382,Reconnaissance,1,0.012781,0.262934,KNOWN
BoT-IoT,test,17383,DDoS,1,0.16992,0.262934,KNOWN
BoT-IoT,test,17384,DoS,1,0.013419,0.262934,KNOWN
BoT-IoT,test,17385,DDoS,1,0.006106,0.262934,KNOWN
BoT-IoT,test,17386,DDoS,1,0.205012,0.262934,KNOWN
BoT-IoT,test,17387,DoS,1,0.071684,0.262934,KNOWN
BoT-IoT,test,17388,DoS,1,0.091479,0.262934,KNOWN
BoT-IoT,test,17389,DDoS,1,0.116162,0.262934,KNOWN
BoT-IoT,test,17390,DDoS,1,0.025605,0.262934,KNOWN
BoT-IoT,test,17391,DDoS,1,0.375875,0.262934,ZERO_DAY
BoT-IoT,test,17392,DDoS,1,0.108455,0.262934,KNOWN
BoT-IoT,test,17393,DoS,1,0.019491,0.262934,KNOWN
BoT-IoT,test,17394,Reconnaissance,1,0.263095,0.262934,ZERO_DAY
BoT-IoT,test,17395,DoS,1,0.110195,0.262934,KNOWN
BoT-IoT,test,17396,DoS,1,0.052141,0.262934,KNOWN
BoT-IoT,test,17397,DDoS,1,0.056159,0.262934,KNOWN
BoT-IoT,test,17398,DDoS,1,0.017668,0.262934,KNOWN
BoT-IoT,test,17399,DDoS,1,0.079352,0.262934,KNOWN
BoT-IoT,test,17400,DoS,1,0.040822,0.262934,KNOWN
BoT-IoT,test,17401,DDoS,1,0.010207,0.262934,KNOWN
BoT-IoT,test,17402,DoS,1,0.137848,0.262934,KNOWN
BoT-IoT,test,17403,Reconnaissance,1,0.165433,0.262934,KNOWN
BoT-IoT,test,17404,DoS,1,0.144259,0.262934,KNOWN
BoT-IoT,test,17405,DoS,1,0.028487,0.262934,KNOWN
BoT-IoT,test,17406,DoS,1,0.036084,0.262934,KNOWN
BoT-IoT,test,17407,DDoS,1,0.075296,0.262934,KNOWN
BoT-IoT,test,17408,DoS,1,0.134656,0.262934,KNOWN
BoT-IoT,test,17409,DDoS,1,0.022146,0.262934,KNOWN
BoT-IoT,test,17410,Normal,1,0.000351,0.262934,KNOWN
BoT-IoT,test,17411,DDoS,1,0.005395,0.262934,KNOWN
BoT-IoT,test,17412,DoS,1,0.224952,0.262934,KNOWN
BoT-IoT,test,17413,DDoS,1,0.144471,0.262934,KNOWN
BoT-IoT,test,17414,DDoS,1,0.01302,0.262934,KNOWN
BoT-IoT,test,17415,DoS,1,0.167374,0.262934,KNOWN
BoT-IoT,test,17416,DDoS,1,0.029222,0.262934,KNOWN
BoT-IoT,test,17417,DDoS,1,0.222893,0.262934,KNOWN
BoT-IoT,test,17418,DDoS,1,0.059612,0.262934,KNOWN
BoT-IoT,test,17419,Reconnaissance,1,0.148552,0.262934,KNOWN
BoT-IoT,test,17420,DDoS,1,0.07064,0.262934,KNOWN
BoT-IoT,test,17421,DoS,1,0.131836,0.262934,KNOWN
BoT-IoT,test,17422,DDoS,1,0.176519,0.262934,KNOWN
BoT-IoT,test,17423,DDoS,1,0.205955,0.262934,KNOWN
BoT-IoT,test,17424,DoS,1,0.077552,0.262934,KNOWN
BoT-IoT,test,17425,DoS,1,0.047777,0.262934,KNOWN
BoT-IoT,test,17426,DoS,1,0.035639,0.262934,KNOWN
BoT-IoT,test,17427,DoS,1,0.103365,0.262934,KNOWN
BoT-IoT,test,17428,DDoS,1,0.049761,0.262934,KNOWN
BoT-IoT,test,17429,DoS,1,0.149109,0.262934,KNOWN
BoT-IoT,test,17430,DDoS,1,0.205738,0.262934,KNOWN
BoT-IoT,test,17431,DoS,1,0.013566,0.262934,KNOWN
BoT-IoT,test,17432,DoS,1,0.232978,0.262934,KNOWN
BoT-IoT,test,17433,DoS,1,0.169003,0.262934,KNOWN
BoT-IoT,test,17434,DoS,1,0.196307,0.262934,KNOWN
BoT-IoT,test,17435,DDoS,1,0.250723,0.262934,KNOWN
BoT-IoT,test,17436,DoS,1,0.098909,0.262934,KNOWN
BoT-IoT,test,17437,DDoS,1,0.02113,0.262934,KNOWN
BoT-IoT,test,17438,DoS,1,0.007768,0.262934,KNOWN
BoT-IoT,test,17439,DDoS,1,0.171261,0.262934,KNOWN
BoT-IoT,test,17440,Normal,1,0.007707,0.262934,KNOWN
BoT-IoT,test,17441,DoS,1,0.013039,0.262934,KNOWN
BoT-IoT,test,17442,DDoS,1,0.288413,0.262934,ZERO_DAY
BoT-IoT,test,17443,DDoS,1,0.021805,0.262934,KNOWN
BoT-IoT,test,17444,DoS,1,0.131395,0.262934,KNOWN
BoT-IoT,test,17445,DDoS,1,0.314179,0.262934,ZERO_DAY
BoT-IoT,test,17446,DDoS,1,0.231042,0.262934,KNOWN
BoT-IoT,test,17447,DDoS,1,0.115554,0.262934,KNOWN
BoT-IoT,test,17448,DoS,1,0.251317,0.262934,KNOWN
BoT-IoT,test,17449,DoS,1,0.061777,0.262934,KNOWN
BoT-IoT,test,17450,Reconnaissance,1,0.064634,0.262934,KNOWN
BoT-IoT,test,17451,DoS,1,0.032247,0.262934,KNOWN
BoT-IoT,test,17452,DDoS,1,0.093589,0.262934,KNOWN
BoT-IoT,test,17453,DDoS,1,0.036711,0.262934,KNOWN
BoT-IoT,test,17454,DoS,1,0.114564,0.262934,KNOWN
BoT-IoT,test,17455,DoS,1,0.11044,0.262934,KNOWN
BoT-IoT,test,17456,DoS,1,0.130081,0.262934,KNOWN
BoT-IoT,test,17457,DDoS,1,0.049879,0.262934,KNOWN
BoT-IoT,test,17458,DDoS,1,0.098788,0.262934,KNOWN
BoT-IoT,test,17459,DoS,1,0.187847,0.262934,KNOWN
BoT-IoT,test,17460,DDoS,1,0.062734,0.262934,KNOWN
BoT-IoT,test,17461,DDoS,1,0.009396,0.262934,KNOWN
BoT-IoT,test,17462,DDoS,1,0.010439,0.262934,KNOWN
BoT-IoT,test,17463,DDoS,1,0.042228,0.262934,KNOWN
BoT-IoT,test,17464,DoS,1,0.065207,0.262934,KNOWN
BoT-IoT,test,17465,DoS,1,0.252647,0.262934,KNOWN
BoT-IoT,test,17466,DoS,1,0.242618,0.262934,KNOWN
BoT-IoT,test,17467,DoS,1,0.024393,0.262934,KNOWN
BoT-IoT,test,17468,DoS,1,0.102721,0.262934,KNOWN
BoT-IoT,test,17469,DoS,1,0.011965,0.262934,KNOWN
BoT-IoT,test,17470,DDoS,1,0.172245,0.262934,KNOWN
BoT-IoT,test,17471,DDoS,1,0.138335,0.262934,KNOWN
BoT-IoT,test,17472,DDoS,1,0.179874,0.262934,KNOWN
BoT-IoT,test,17473,DDoS,1,0.072503,0.262934,KNOWN
BoT-IoT,test,17474,DoS,1,0.086999,0.262934,KNOWN
BoT-IoT,test,17475,Reconnaissance,1,0.099043,0.262934,KNOWN
BoT-IoT,test,17476,DDoS,1,0.376141,0.262934,ZERO_DAY
BoT-IoT,test,17477,DDoS,1,0.162557,0.262934,KNOWN
BoT-IoT,test,17478,DDoS,1,0.064778,0.262934,KNOWN
BoT-IoT,test,17479,DoS,1,0.156802,0.262934,KNOWN
BoT-IoT,test,17480,DoS,1,0.140054,0.262934,KNOWN
BoT-IoT,test,17481,DoS,1,0.014333,0.262934,KNOWN
BoT-IoT,test,17482,DoS,1,0.049404,0.262934,KNOWN
BoT-IoT,test,17483,DoS,1,0.005034,0.262934,KNOWN
BoT-IoT,test,17484,DoS,1,0.06348,0.262934,KNOWN
BoT-IoT,test,17485,DDoS,1,0.077608,0.262934,KNOWN
BoT-IoT,test,17486,DoS,1,0.003594,0.262934,KNOWN
BoT-IoT,test,17487,DoS,1,0.116038,0.262934,KNOWN
BoT-IoT,test,17488,DoS,1,0.160866,0.262934,KNOWN
BoT-IoT,test,17489,DDoS,1,0.14603,0.262934,KNOWN
BoT-IoT,test,17490,DoS,1,0.04876,0.262934,KNOWN
BoT-IoT,test,17491,DoS,1,0.010876,0.262934,KNOWN
BoT-IoT,test,17492,DoS,1,0.189207,0.262934,KNOWN
BoT-IoT,test,17493,DDoS,1,0.029156,0.262934,KNOWN
BoT-IoT,test,17494,DDoS,1,0.17649,0.262934,KNOWN
BoT-IoT,test,17495,DDoS,1,0.112301,0.262934,KNOWN
BoT-IoT,test,17496,DoS,1,0.065934,0.262934,KNOWN
BoT-IoT,test,17497,DoS,1,0.066903,0.262934,KNOWN
BoT-IoT,test,17498,DDoS,1,0.076323,0.262934,KNOWN
BoT-IoT,test,17499,DoS,1,0.01966,0.262934,KNOWN
BoT-IoT,test,17500,DDoS,1,0.029173,0.262934,KNOWN
BoT-IoT,test,17501,DDoS,1,0.256697,0.262934,KNOWN
BoT-IoT,test,17502,DoS,1,0.167725,0.262934,KNOWN
BoT-IoT,test,17503,DoS,1,0.205931,0.262934,KNOWN
BoT-IoT,test,17504,DDoS,1,0.114882,0.262934,KNOWN
BoT-IoT,test,17505,Normal,1,0.091682,0.262934,KNOWN
BoT-IoT,test,17506,DoS,1,0.206351,0.262934,KNOWN
BoT-IoT,test,17507,DoS,1,0.254134,0.262934,KNOWN
BoT-IoT,test,17508,DDoS,1,0.207236,0.262934,KNOWN
BoT-IoT,test,17509,DoS,1,0.140928,0.262934,KNOWN
BoT-IoT,test,17510,DDoS,1,0.031422,0.262934,KNOWN
BoT-IoT,test,17511,DoS,1,0.05185,0.262934,KNOWN
BoT-IoT,test,17512,DoS,1,0.051521,0.262934,KNOWN
BoT-IoT,test,17513,DoS,1,0.005188,0.262934,KNOWN
BoT-IoT,test,17514,DoS,1,0.087106,0.262934,KNOWN
BoT-IoT,test,17515,DDoS,1,0.068589,0.262934,KNOWN
BoT-IoT,test,17516,DDoS,1,0.010246,0.262934,KNOWN
BoT-IoT,test,17517,DDoS,1,0.139255,0.262934,KNOWN
BoT-IoT,test,17518,DoS,1,0.025675,0.262934,KNOWN
BoT-IoT,test,17519,DoS,1,0.099887,0.262934,KNOWN
BoT-IoT,test,17520,DoS,1,0.124097,0.262934,KNOWN
BoT-IoT,test,17521,DoS,1,0.057682,0.262934,KNOWN
BoT-IoT,test,17522,DDoS,1,0.101074,0.262934,KNOWN
BoT-IoT,test,17523,DoS,1,0.115041,0.262934,KNOWN
BoT-IoT,test,17524,DoS,1,0.148451,0.262934,KNOWN
BoT-IoT,test,17525,DoS,1,0.053905,0.262934,KNOWN
BoT-IoT,test,17526,DDoS,1,0.018587,0.262934,KNOWN
BoT-IoT,test,17527,DDoS,1,0.175282,0.262934,KNOWN
BoT-IoT,test,17528,DDoS,1,0.344811,0.262934,ZERO_DAY
BoT-IoT,test,17529,DDoS,1,0.099176,0.262934,KNOWN
BoT-IoT,test,17530,DDoS,1,0.03877,0.262934,KNOWN
BoT-IoT,test,17531,DDoS,1,0.006198,0.262934,KNOWN
BoT-IoT,test,17532,DoS,1,0.167693,0.262934,KNOWN
BoT-IoT,test,17533,DDoS,1,0.056777,0.262934,KNOWN
BoT-IoT,test,17534,DDoS,1,0.164972,0.262934,KNOWN
BoT-IoT,test,17535,Normal,1,0.009729,0.262934,KNOWN
BoT-IoT,test,17536,DDoS,1,0.177053,0.262934,KNOWN
BoT-IoT,test,17537,DoS,1,0.034539,0.262934,KNOWN
BoT-IoT,test,17538,DoS,1,0.058885,0.262934,KNOWN
BoT-IoT,test,17539,DoS,1,0.131364,0.262934,KNOWN
BoT-IoT,test,17540,Reconnaissance,1,0.041627,0.262934,KNOWN
BoT-IoT,test,17541,DoS,1,0.034778,0.262934,KNOWN
BoT-IoT,test,17542,DoS,1,0.06099,0.262934,KNOWN
BoT-IoT,test,17543,DDoS,1,0.020731,0.262934,KNOWN
BoT-IoT,test,17544,DDoS,1,0.032265,0.262934,KNOWN
BoT-IoT,test,17545,DDoS,1,0.025153,0.262934,KNOWN
BoT-IoT,test,17546,DoS,1,0.019447,0.262934,KNOWN
BoT-IoT,test,17547,DDoS,1,0.069126,0.262934,KNOWN
BoT-IoT,test,17548,DDoS,1,0.026286,0.262934,KNOWN
BoT-IoT,test,17549,DoS,1,0.261883,0.262934,KNOWN
BoT-IoT,test,17550,DoS,1,0.047726,0.262934,KNOWN
BoT-IoT,test,17551,DoS,1,0.015878,0.262934,KNOWN
BoT-IoT,test,17552,DDoS,1,0.027879,0.262934,KNOWN
BoT-IoT,test,17553,DoS,1,0.049585,0.262934,KNOWN
BoT-IoT,test,17554,DoS,1,0.025712,0.262934,KNOWN
BoT-IoT,test,17555,DoS,1,0.00452,0.262934,KNOWN
BoT-IoT,test,17556,DoS,1,0.03941,0.262934,KNOWN
BoT-IoT,test,17557,DDoS,1,0.015577,0.262934,KNOWN
BoT-IoT,test,17558,Reconnaissance,1,0.028383,0.262934,KNOWN
BoT-IoT,test,17559,DoS,1,0.186478,0.262934,KNOWN
BoT-IoT,test,17560,DoS,1,0.122841,0.262934,KNOWN
BoT-IoT,test,17561,DDoS,1,0.153944,0.262934,KNOWN
BoT-IoT,test,17562,DDoS,1,0.280211,0.262934,ZERO_DAY
BoT-IoT,test,17563,DoS,1,0.227184,0.262934,KNOWN
BoT-IoT,test,17564,DDoS,1,0.117087,0.262934,KNOWN
BoT-IoT,test,17565,DoS,1,0.006078,0.262934,KNOWN
BoT-IoT,test,17566,Normal,1,0.137811,0.262934,KNOWN
BoT-IoT,test,17567,DDoS,1,0.235586,0.262934,KNOWN
BoT-IoT,test,17568,DDoS,1,0.034704,0.262934,KNOWN
BoT-IoT,test,17569,DoS,1,0.370829,0.262934,ZERO_DAY
BoT-IoT,test,17570,DoS,1,0.038444,0.262934,KNOWN
BoT-IoT,test,17571,DDoS,1,0.033818,0.262934,KNOWN
BoT-IoT,test,17572,DDoS,1,0.026896,0.262934,KNOWN
BoT-IoT,test,17573,DDoS,1,0.106022,0.262934,KNOWN
BoT-IoT,test,17574,DDoS,1,0.117354,0.262934,KNOWN
BoT-IoT,test,17575,DDoS,1,0.1018,0.262934,KNOWN
BoT-IoT,test,17576,DDoS,1,0.061641,0.262934,KNOWN
BoT-IoT,test,17577,DoS,1,0.186931,0.262934,KNOWN
BoT-IoT,test,17578,DDoS,1,0.0574,0.262934,KNOWN
BoT-IoT,test,17579,DDoS,1,0.028134,0.262934,KNOWN
BoT-IoT,test,17580,DDoS,1,0.061628,0.262934,KNOWN
BoT-IoT,test,17581,DDoS,1,0.193287,0.262934,KNOWN
BoT-IoT,test,17582,DDoS,1,0.066367,0.262934,KNOWN
BoT-IoT,test,17583,DoS,1,0.089662,0.262934,KNOWN
BoT-IoT,test,17584,DoS,1,0.039804,0.262934,KNOWN
BoT-IoT,test,17585,DDoS,1,0.145612,0.262934,KNOWN
BoT-IoT,test,17586,DoS,1,0.044172,0.262934,KNOWN
BoT-IoT,test,17587,Normal,1,0.178546,0.262934,KNOWN
BoT-IoT,test,17588,DoS,1,0.028876,0.262934,KNOWN
BoT-IoT,test,17589,DDoS,1,0.036985,0.262934,KNOWN
BoT-IoT,test,17590,DDoS,1,0.066244,0.262934,KNOWN
BoT-IoT,test,17591,DDoS,1,0.198614,0.262934,KNOWN
BoT-IoT,test,17592,DoS,1,0.022414,0.262934,KNOWN
BoT-IoT,test,17593,DoS,1,0.265703,0.262934,ZERO_DAY
BoT-IoT,test,17594,DoS,1,0.006733,0.262934,KNOWN
BoT-IoT,test,17595,DoS,1,0.157325,0.262934,KNOWN
BoT-IoT,test,17596,DDoS,1,0.053438,0.262934,KNOWN
BoT-IoT,test,17597,DoS,1,0.011291,0.262934,KNOWN
BoT-IoT,test,17598,DDoS,1,0.072979,0.262934,KNOWN
BoT-IoT,test,17599,Reconnaissance,1,0.025604,0.262934,KNOWN
BoT-IoT,test,17600,DDoS,1,0.191559,0.262934,KNOWN
BoT-IoT,test,17601,DDoS,1,0.033362,0.262934,KNOWN
BoT-IoT,test,17602,DoS,1,0.272296,0.262934,ZERO_DAY
BoT-IoT,test,17603,DDoS,1,0.076174,0.262934,KNOWN
BoT-IoT,test,17604,DoS,1,0.182294,0.262934,KNOWN
BoT-IoT,test,17605,DDoS,1,0.082773,0.262934,KNOWN
BoT-IoT,test,17606,DoS,1,0.027996,0.262934,KNOWN
BoT-IoT,test,17607,DDoS,1,0.014721,0.262934,KNOWN
BoT-IoT,test,17608,DDoS,1,0.101314,0.262934,KNOWN
BoT-IoT,test,17609,Reconnaissance,1,0.29176,0.262934,ZERO_DAY
BoT-IoT,test,17610,DDoS,1,0.111406,0.262934,KNOWN
BoT-IoT,test,17611,DoS,1,0.142911,0.262934,KNOWN
BoT-IoT,test,17612,DoS,1,0.008742,0.262934,KNOWN
BoT-IoT,test,17613,DoS,1,0.195846,0.262934,KNOWN
BoT-IoT,test,17614,DDoS,1,0.192158,0.262934,KNOWN
BoT-IoT,test,17615,DDoS,1,0.026167,0.262934,KNOWN
BoT-IoT,test,17616,DDoS,1,0.028743,0.262934,KNOWN
BoT-IoT,test,17617,DDoS,1,0.013371,0.262934,KNOWN
BoT-IoT,test,17618,DoS,1,0.022406,0.262934,KNOWN
BoT-IoT,test,17619,DoS,1,0.086162,0.262934,KNOWN
BoT-IoT,test,17620,DDoS,1,0.132177,0.262934,KNOWN
BoT-IoT,test,17621,DoS,1,0.069439,0.262934,KNOWN
BoT-IoT,test,17622,DDoS,1,0.008546,0.262934,KNOWN
BoT-IoT,test,17623,DDoS,1,0.029198,0.262934,KNOWN
BoT-IoT,test,17624,DoS,1,0.135482,0.262934,KNOWN
BoT-IoT,test,17625,DDoS,1,0.183281,0.262934,KNOWN
BoT-IoT,test,17626,DoS,1,0.006808,0.262934,KNOWN
BoT-IoT,test,17627,DDoS,1,0.096761,0.262934,KNOWN
BoT-IoT,test,17628,DoS,1,0.072827,0.262934,KNOWN
BoT-IoT,test,17629,DoS,1,0.124594,0.262934,KNOWN
BoT-IoT,test,17630,DoS,1,0.087599,0.262934,KNOWN
BoT-IoT,test,17631,DDoS,1,0.034006,0.262934,KNOWN
BoT-IoT,test,17632,DDoS,1,0.25246,0.262934,KNOWN
BoT-IoT,test,17633,DoS,1,0.005125,0.262934,KNOWN
BoT-IoT,test,17634,DDoS,1,0.026001,0.262934,KNOWN
BoT-IoT,test,17635,DoS,1,0.180894,0.262934,KNOWN
BoT-IoT,test,17636,DoS,1,0.070858,0.262934,KNOWN
BoT-IoT,test,17637,DDoS,1,0.042329,0.262934,KNOWN
BoT-IoT,test,17638,DoS,1,0.238202,0.262934,KNOWN
BoT-IoT,test,17639,DDoS,1,0.163212,0.262934,KNOWN
BoT-IoT,test,17640,DDoS,1,0.091383,0.262934,KNOWN
BoT-IoT,test,17641,DDoS,1,0.134298,0.262934,KNOWN
BoT-IoT,test,17642,DDoS,1,0.010555,0.262934,KNOWN
BoT-IoT,test,17643,DoS,1,0.074291,0.262934,KNOWN
BoT-IoT,test,17644,DDoS,1,0.187412,0.262934,KNOWN
BoT-IoT,test,17645,DoS,1,0.022687,0.262934,KNOWN
BoT-IoT,test,17646,DoS,1,0.176334,0.262934,KNOWN
BoT-IoT,test,17647,DoS,1,0.275749,0.262934,ZERO_DAY
BoT-IoT,test,17648,DDoS,1,0.06304,0.262934,KNOWN
BoT-IoT,test,17649,DDoS,1,0.055917,0.262934,KNOWN
BoT-IoT,test,17650,DoS,1,0.179831,0.262934,KNOWN
BoT-IoT,test,17651,DDoS,1,0.502954,0.262934,ZERO_DAY
BoT-IoT,test,17652,DoS,1,0.089692,0.262934,KNOWN
BoT-IoT,test,17653,DDoS,1,0.20427,0.262934,KNOWN
BoT-IoT,test,17654,DDoS,1,0.054985,0.262934,KNOWN
BoT-IoT,test,17655,DoS,1,0.046446,0.262934,KNOWN
BoT-IoT,test,17656,DoS,1,0.157438,0.262934,KNOWN
BoT-IoT,test,17657,DoS,1,0.123491,0.262934,KNOWN
BoT-IoT,test,17658,DDoS,1,0.08808,0.262934,KNOWN
BoT-IoT,test,17659,DoS,1,0.067781,0.262934,KNOWN
BoT-IoT,test,17660,DoS,1,0.139411,0.262934,KNOWN
BoT-IoT,test,17661,DoS,1,0.0307,0.262934,KNOWN
BoT-IoT,test,17662,Reconnaissance,1,0.080336,0.262934,KNOWN
BoT-IoT,test,17663,DoS,1,0.021039,0.262934,KNOWN
BoT-IoT,test,17664,DoS,1,0.119466,0.262934,KNOWN
BoT-IoT,test,17665,DoS,1,0.082146,0.262934,KNOWN
BoT-IoT,test,17666,DDoS,1,0.126509,0.262934,KNOWN
BoT-IoT,test,17667,DDoS,1,0.375657,0.262934,ZERO_DAY
BoT-IoT,test,17668,DoS,1,0.040365,0.262934,KNOWN
BoT-IoT,test,17669,DoS,1,0.00459,0.262934,KNOWN
BoT-IoT,test,17670,DoS,1,0.09541,0.262934,KNOWN
BoT-IoT,test,17671,DDoS,1,0.035524,0.262934,KNOWN
BoT-IoT,test,17672,DoS,1,0.072684,0.262934,KNOWN
BoT-IoT,test,17673,DoS,1,0.16734,0.262934,KNOWN
BoT-IoT,test,17674,DDoS,1,0.065638,0.262934,KNOWN
BoT-IoT,test,17675,DoS,1,0.017914,0.262934,KNOWN
BoT-IoT,test,17676,DDoS,1,0.042391,0.262934,KNOWN
BoT-IoT,test,17677,DDoS,1,0.115583,0.262934,KNOWN
BoT-IoT,test,17678,DDoS,1,0.07829,0.262934,KNOWN
BoT-IoT,test,17679,DoS,1,0.02011,0.262934,KNOWN
BoT-IoT,test,17680,DDoS,1,0.01313,0.262934,KNOWN
BoT-IoT,test,17681,DDoS,1,0.185783,0.262934,KNOWN
BoT-IoT,test,17682,DDoS,1,0.020897,0.262934,KNOWN
BoT-IoT,test,17683,DoS,1,0.022267,0.262934,KNOWN
BoT-IoT,test,17684,DDoS,1,0.121042,0.262934,KNOWN
BoT-IoT,test,17685,DoS,1,0.306066,0.262934,ZERO_DAY
BoT-IoT,test,17686,DDoS,1,0.081075,0.262934,KNOWN
BoT-IoT,test,17687,DoS,1,0.140759,0.262934,KNOWN
BoT-IoT,test,17688,DDoS,1,0.07173,0.262934,KNOWN
BoT-IoT,test,17689,DDoS,1,0.009734,0.262934,KNOWN
BoT-IoT,test,17690,DoS,1,0.083495,0.262934,KNOWN
BoT-IoT,test,17691,DDoS,1,0.039085,0.262934,KNOWN
BoT-IoT,test,17692,DDoS,1,0.192884,0.262934,KNOWN
BoT-IoT,test,17693,DoS,1,0.103996,0.262934,KNOWN
BoT-IoT,test,17694,DoS,1,0.007761,0.262934,KNOWN
BoT-IoT,test,17695,DoS,1,0.090463,0.262934,KNOWN
BoT-IoT,test,17696,DDoS,1,0.0318,0.262934,KNOWN
BoT-IoT,test,17697,DoS,1,0.105836,0.262934,KNOWN
BoT-IoT,test,17698,DoS,1,0.156415,0.262934,KNOWN
BoT-IoT,test,17699,DoS,1,0.163591,0.262934,KNOWN
BoT-IoT,test,17700,DoS,1,0.101717,0.262934,KNOWN
BoT-IoT,test,17701,DDoS,1,0.007394,0.262934,KNOWN
BoT-IoT,test,17702,DoS,1,0.151322,0.262934,KNOWN
BoT-IoT,test,17703,DoS,1,0.226381,0.262934,KNOWN
BoT-IoT,test,17704,DDoS,1,0.239965,0.262934,KNOWN
BoT-IoT,test,17705,DoS,1,0.057162,0.262934,KNOWN
BoT-IoT,test,17706,DoS,1,0.063158,0.262934,KNOWN
BoT-IoT,test,17707,DDoS,1,0.138363,0.262934,KNOWN
BoT-IoT,test,17708,DDoS,1,0.276308,0.262934,ZERO_DAY
BoT-IoT,test,17709,DoS,1,0.064058,0.262934,KNOWN
BoT-IoT,test,17710,DDoS,1,0.012485,0.262934,KNOWN
BoT-IoT,test,17711,DoS,1,0.10399,0.262934,KNOWN
BoT-IoT,test,17712,DoS,1,0.249912,0.262934,KNOWN
BoT-IoT,test,17713,DDoS,1,0.14035,0.262934,KNOWN
BoT-IoT,test,17714,DoS,1,0.049922,0.262934,KNOWN
BoT-IoT,test,17715,DDoS,1,0.035392,0.262934,KNOWN
BoT-IoT,test,17716,DDoS,1,0.010048,0.262934,KNOWN
BoT-IoT,test,17717,DoS,1,0.01391,0.262934,KNOWN
BoT-IoT,test,17718,DoS,1,0.213276,0.262934,KNOWN
BoT-IoT,test,17719,DoS,1,0.159363,0.262934,KNOWN
BoT-IoT,test,17720,DoS,1,0.114427,0.262934,KNOWN
BoT-IoT,test,17721,DoS,1,0.081834,0.262934,KNOWN
BoT-IoT,test,17722,DoS,1,0.053853,0.262934,KNOWN
BoT-IoT,test,17723,DoS,1,0.020485,0.262934,KNOWN
BoT-IoT,test,17724,DDoS,1,0.132494,0.262934,KNOWN
BoT-IoT,test,17725,DoS,1,0.081754,0.262934,KNOWN
BoT-IoT,test,17726,DoS,1,0.093233,0.262934,KNOWN
BoT-IoT,test,17727,DDoS,1,0.063198,0.262934,KNOWN
BoT-IoT,test,17728,Normal,1,0.214211,0.262934,KNOWN
BoT-IoT,test,17729,DDoS,1,0.045473,0.262934,KNOWN
BoT-IoT,test,17730,DoS,1,0.194857,0.262934,KNOWN
BoT-IoT,test,17731,DDoS,1,0.01942,0.262934,KNOWN
BoT-IoT,test,17732,DDoS,1,0.153951,0.262934,KNOWN
BoT-IoT,test,17733,DDoS,1,0.190606,0.262934,KNOWN
BoT-IoT,test,17734,DDoS,1,0.170891,0.262934,KNOWN
BoT-IoT,test,17735,DDoS,1,0.037186,0.262934,KNOWN
BoT-IoT,test,17736,DDoS,1,0.039996,0.262934,KNOWN
BoT-IoT,test,17737,DDoS,1,0.077679,0.262934,KNOWN
BoT-IoT,test,17738,DDoS,1,0.06803,0.262934,KNOWN
BoT-IoT,test,17739,Reconnaissance,1,0.081828,0.262934,KNOWN
BoT-IoT,test,17740,DoS,1,0.024071,0.262934,KNOWN
BoT-IoT,test,17741,DoS,1,0.116176,0.262934,KNOWN
BoT-IoT,test,17742,DoS,1,0.118346,0.262934,KNOWN
BoT-IoT,test,17743,DoS,1,0.241963,0.262934,KNOWN
BoT-IoT,test,17744,DDoS,1,0.04821,0.262934,KNOWN
BoT-IoT,test,17745,DDoS,1,0.105098,0.262934,KNOWN
BoT-IoT,test,17746,Normal,1,0.074122,0.262934,KNOWN
BoT-IoT,test,17747,DDoS,1,0.364141,0.262934,ZERO_DAY
BoT-IoT,test,17748,DDoS,1,0.149441,0.262934,KNOWN
BoT-IoT,test,17749,DDoS,1,0.027938,0.262934,KNOWN
BoT-IoT,test,17750,DoS,1,0.057826,0.262934,KNOWN
BoT-IoT,test,17751,DoS,1,0.039822,0.262934,KNOWN
BoT-IoT,test,17752,DDoS,1,0.043922,0.262934,KNOWN
BoT-IoT,test,17753,DDoS,1,0.031814,0.262934,KNOWN
BoT-IoT,test,17754,DDoS,1,0.104219,0.262934,KNOWN
BoT-IoT,test,17755,DoS,1,0.379331,0.262934,ZERO_DAY
BoT-IoT,test,17756,DDoS,1,0.073742,0.262934,KNOWN
BoT-IoT,test,17757,DDoS,1,0.137605,0.262934,KNOWN
BoT-IoT,test,17758,DDoS,1,0.0426,0.262934,KNOWN
BoT-IoT,test,17759,DoS,1,0.11575,0.262934,KNOWN
BoT-IoT,test,17760,DDoS,1,0.103712,0.262934,KNOWN
BoT-IoT,test,17761,DoS,1,0.009485,0.262934,KNOWN
BoT-IoT,test,17762,DoS,1,0.005237,0.262934,KNOWN
BoT-IoT,test,17763,DDoS,1,0.048632,0.262934,KNOWN
BoT-IoT,test,17764,DDoS,1,0.089724,0.262934,KNOWN
BoT-IoT,test,17765,DDoS,1,0.196343,0.262934,KNOWN
BoT-IoT,test,17766,DDoS,1,0.114211,0.262934,KNOWN
BoT-IoT,test,17767,DDoS,1,0.236754,0.262934,KNOWN
BoT-IoT,test,17768,DDoS,1,0.176787,0.262934,KNOWN
BoT-IoT,test,17769,DDoS,1,0.063499,0.262934,KNOWN
BoT-IoT,test,17770,Normal,1,0.228464,0.262934,KNOWN
BoT-IoT,test,17771,DoS,1,0.091762,0.262934,KNOWN
BoT-IoT,test,17772,DoS,1,0.233352,0.262934,KNOWN
BoT-IoT,test,17773,DDoS,1,0.06053,0.262934,KNOWN
BoT-IoT,test,17774,DDoS,1,0.079777,0.262934,KNOWN
BoT-IoT,test,17775,DDoS,1,0.114419,0.262934,KNOWN
BoT-IoT,test,17776,Reconnaissance,1,0.147694,0.262934,KNOWN
BoT-IoT,test,17777,Normal,1,0.240152,0.262934,KNOWN
BoT-IoT,test,17778,DoS,1,0.188114,0.262934,KNOWN
BoT-IoT,test,17779,DDoS,1,0.035776,0.262934,KNOWN
BoT-IoT,test,17780,DoS,1,0.036567,0.262934,KNOWN
BoT-IoT,test,17781,DDoS,1,0.0986,0.262934,KNOWN
BoT-IoT,test,17782,DDoS,1,0.042861,0.262934,KNOWN
BoT-IoT,test,17783,DDoS,1,0.099442,0.262934,KNOWN
BoT-IoT,test,17784,DDoS,1,0.234658,0.262934,KNOWN
BoT-IoT,test,17785,DoS,1,0.216943,0.262934,KNOWN
BoT-IoT,test,17786,DDoS,1,0.056764,0.262934,KNOWN
BoT-IoT,test,17787,DoS,1,0.074097,0.262934,KNOWN
BoT-IoT,test,17788,DoS,1,0.045305,0.262934,KNOWN
BoT-IoT,test,17789,DDoS,1,0.00978,0.262934,KNOWN
BoT-IoT,test,17790,DoS,1,0.251155,0.262934,KNOWN
BoT-IoT,test,17791,DDoS,1,0.05009,0.262934,KNOWN
BoT-IoT,test,17792,DoS,1,0.294832,0.262934,ZERO_DAY
BoT-IoT,test,17793,DoS,1,0.168372,0.262934,KNOWN
BoT-IoT,test,17794,DoS,1,0.079655,0.262934,KNOWN
BoT-IoT,test,17795,DDoS,1,0.110633,0.262934,KNOWN
BoT-IoT,test,17796,DoS,1,0.100405,0.262934,KNOWN
BoT-IoT,test,17797,DoS,1,0.010428,0.262934,KNOWN
BoT-IoT,test,17798,DDoS,1,0.075219,0.262934,KNOWN
BoT-IoT,test,17799,DDoS,1,0.087718,0.262934,KNOWN
BoT-IoT,test,17800,DDoS,1,0.080942,0.262934,KNOWN
BoT-IoT,test,17801,DDoS,1,0.010291,0.262934,KNOWN
BoT-IoT,test,17802,DoS,1,0.014178,0.262934,KNOWN
BoT-IoT,test,17803,DoS,1,0.098107,0.262934,KNOWN
BoT-IoT,test,17804,DoS,1,0.265414,0.262934,ZERO_DAY
BoT-IoT,test,17805,DoS,1,0.011926,0.262934,KNOWN
BoT-IoT,test,17806,DDoS,1,0.002503,0.262934,KNOWN
BoT-IoT,test,17807,DDoS,1,0.13839,0.262934,KNOWN
BoT-IoT,test,17808,DDoS,1,0.329208,0.262934,ZERO_DAY
BoT-IoT,test,17809,DoS,1,0.015742,0.262934,KNOWN
BoT-IoT,test,17810,DoS,1,0.005199,0.262934,KNOWN
BoT-IoT,test,17811,DDoS,1,0.101579,0.262934,KNOWN
BoT-IoT,test,17812,DDoS,1,0.075465,0.262934,KNOWN
BoT-IoT,test,17813,DDoS,1,0.029364,0.262934,KNOWN
BoT-IoT,test,17814,DoS,1,0.024305,0.262934,KNOWN
BoT-IoT,test,17815,DDoS,1,0.048006,0.262934,KNOWN
BoT-IoT,test,17816,Normal,1,0.127565,0.262934,KNOWN
BoT-IoT,test,17817,DoS,1,0.047607,0.262934,KNOWN
BoT-IoT,test,17818,DoS,1,0.03016,0.262934,KNOWN
BoT-IoT,test,17819,DoS,1,0.054659,0.262934,KNOWN
BoT-IoT,test,17820,DDoS,1,0.124797,0.262934,KNOWN
BoT-IoT,test,17821,DDoS,1,0.257669,0.262934,KNOWN
BoT-IoT,test,17822,DDoS,1,0.028108,0.262934,KNOWN
BoT-IoT,test,17823,DoS,1,0.199088,0.262934,KNOWN
BoT-IoT,test,17824,DoS,1,0.085821,0.262934,KNOWN
BoT-IoT,test,17825,DDoS,1,0.029743,0.262934,KNOWN
BoT-IoT,test,17826,Normal,1,0.02784,0.262934,KNOWN
BoT-IoT,test,17827,DDoS,1,0.160462,0.262934,KNOWN
BoT-IoT,test,17828,DDoS,1,0.136633,0.262934,KNOWN
BoT-IoT,test,17829,DoS,1,0.035815,0.262934,KNOWN
BoT-IoT,test,17830,DoS,1,0.018999,0.262934,KNOWN
BoT-IoT,test,17831,DoS,1,0.15804,0.262934,KNOWN
BoT-IoT,test,17832,DoS,1,0.089595,0.262934,KNOWN
BoT-IoT,test,17833,DoS,1,0.084004,0.262934,KNOWN
BoT-IoT,test,17834,DoS,1,0.233166,0.262934,KNOWN
BoT-IoT,test,17835,DDoS,1,0.131663,0.262934,KNOWN
BoT-IoT,test,17836,DDoS,1,0.113028,0.262934,KNOWN
BoT-IoT,test,17837,DoS,1,0.047622,0.262934,KNOWN
BoT-IoT,test,17838,DoS,1,0.252612,0.262934,KNOWN
BoT-IoT,test,17839,DDoS,1,0.0573,0.262934,KNOWN
BoT-IoT,test,17840,DoS,1,0.302215,0.262934,ZERO_DAY
BoT-IoT,test,17841,DoS,1,0.235868,0.262934,KNOWN
BoT-IoT,test,17842,DDoS,1,0.057872,0.262934,KNOWN
BoT-IoT,test,17843,DDoS,1,0.110287,0.262934,KNOWN
BoT-IoT,test,17844,DoS,1,0.120099,0.262934,KNOWN
BoT-IoT,test,17845,DoS,1,0.019501,0.262934,KNOWN
BoT-IoT,test,17846,Reconnaissance,1,0.017587,0.262934,KNOWN
BoT-IoT,test,17847,DoS,1,0.09899,0.262934,KNOWN
BoT-IoT,test,17848,DoS,1,0.024636,0.262934,KNOWN
BoT-IoT,test,17849,DoS,1,0.145138,0.262934,KNOWN
BoT-IoT,test,17850,DoS,1,0.065641,0.262934,KNOWN
BoT-IoT,test,17851,DDoS,1,0.070472,0.262934,KNOWN
BoT-IoT,test,17852,DDoS,1,0.31358,0.262934,ZERO_DAY
BoT-IoT,test,17853,DoS,1,0.064149,0.262934,KNOWN
BoT-IoT,test,17854,DoS,1,0.329089,0.262934,ZERO_DAY
BoT-IoT,test,17855,DoS,1,0.055962,0.262934,KNOWN
BoT-IoT,test,17856,Reconnaissance,1,0.086359,0.262934,KNOWN
BoT-IoT,test,17857,DoS,1,0.064735,0.262934,KNOWN
BoT-IoT,test,17858,DDoS,1,0.127361,0.262934,KNOWN
BoT-IoT,test,17859,DoS,1,0.100825,0.262934,KNOWN
BoT-IoT,test,17860,DDoS,1,0.002783,0.262934,KNOWN
BoT-IoT,test,17861,DoS,1,0.089723,0.262934,KNOWN
BoT-IoT,test,17862,DDoS,1,0.0057,0.262934,KNOWN
BoT-IoT,test,17863,DoS,1,0.053193,0.262934,KNOWN
BoT-IoT,test,17864,DDoS,1,0.139835,0.262934,KNOWN
BoT-IoT,test,17865,DoS,1,0.088725,0.262934,KNOWN
BoT-IoT,test,17866,DDoS,1,0.120897,0.262934,KNOWN
BoT-IoT,test,17867,DDoS,1,0.091605,0.262934,KNOWN
BoT-IoT,test,17868,DDoS,1,0.040795,0.262934,KNOWN
BoT-IoT,test,17869,DDoS,1,0.004701,0.262934,KNOWN
BoT-IoT,test,17870,DoS,1,0.053406,0.262934,KNOWN
BoT-IoT,test,17871,DoS,1,0.084086,0.262934,KNOWN
BoT-IoT,test,17872,DoS,1,0.212184,0.262934,KNOWN
BoT-IoT,test,17873,DDoS,1,0.056992,0.262934,KNOWN
BoT-IoT,test,17874,DoS,1,0.289791,0.262934,ZERO_DAY
BoT-IoT,test,17875,DDoS,1,0.021094,0.262934,KNOWN
BoT-IoT,test,17876,DDoS,1,0.01398,0.262934,KNOWN
BoT-IoT,test,17877,DoS,1,0.064111,0.262934,KNOWN
BoT-IoT,test,17878,DoS,1,0.034575,0.262934,KNOWN
BoT-IoT,test,17879,DDoS,1,0.002858,0.262934,KNOWN
BoT-IoT,test,17880,DoS,1,0.063963,0.262934,KNOWN
BoT-IoT,test,17881,DDoS,1,0.068507,0.262934,KNOWN
BoT-IoT,test,17882,DoS,1,0.016119,0.262934,KNOWN
BoT-IoT,test,17883,DoS,1,0.025871,0.262934,KNOWN
BoT-IoT,test,17884,DDoS,1,0.077254,0.262934,KNOWN
BoT-IoT,test,17885,DDoS,1,0.069838,0.262934,KNOWN
BoT-IoT,test,17886,DDoS,1,0.078668,0.262934,KNOWN
BoT-IoT,test,17887,DDoS,1,0.033024,0.262934,KNOWN
BoT-IoT,test,17888,DoS,1,0.155495,0.262934,KNOWN
BoT-IoT,test,17889,DDoS,1,0.01776,0.262934,KNOWN
BoT-IoT,test,17890,DoS,1,0.106484,0.262934,KNOWN
BoT-IoT,test,17891,DDoS,1,0.135302,0.262934,KNOWN
BoT-IoT,test,17892,DoS,1,0.008464,0.262934,KNOWN
BoT-IoT,test,17893,DoS,1,0.157302,0.262934,KNOWN
BoT-IoT,test,17894,DDoS,1,0.241284,0.262934,KNOWN
BoT-IoT,test,17895,DDoS,1,0.116381,0.262934,KNOWN
BoT-IoT,test,17896,DoS,1,0.176267,0.262934,KNOWN
BoT-IoT,test,17897,DoS,1,0.06258,0.262934,KNOWN
BoT-IoT,test,17898,DDoS,1,0.108959,0.262934,KNOWN
BoT-IoT,test,17899,DDoS,1,0.004593,0.262934,KNOWN
BoT-IoT,test,17900,DDoS,1,0.086888,0.262934,KNOWN
BoT-IoT,test,17901,DDoS,1,0.192347,0.262934,KNOWN
BoT-IoT,test,17902,DDoS,1,0.046767,0.262934,KNOWN
BoT-IoT,test,17903,DoS,1,0.171573,0.262934,KNOWN
BoT-IoT,test,17904,DDoS,1,0.000372,0.262934,KNOWN
BoT-IoT,test,17905,DDoS,1,0.051743,0.262934,KNOWN
BoT-IoT,test,17906,Reconnaissance,1,0.080252,0.262934,KNOWN
BoT-IoT,test,17907,DDoS,1,0.114856,0.262934,KNOWN
BoT-IoT,test,17908,DoS,1,0.02603,0.262934,KNOWN
BoT-IoT,test,17909,DDoS,1,0.14472,0.262934,KNOWN
BoT-IoT,test,17910,DDoS,1,0.028114,0.262934,KNOWN
BoT-IoT,test,17911,DDoS,1,0.031718,0.262934,KNOWN
BoT-IoT,test,17912,DoS,1,0.001449,0.262934,KNOWN
BoT-IoT,test,17913,DDoS,1,0.26002,0.262934,KNOWN
BoT-IoT,test,17914,DoS,1,0.126809,0.262934,KNOWN
BoT-IoT,test,17915,Normal,1,0.174004,0.262934,KNOWN
BoT-IoT,test,17916,DoS,1,0.315018,0.262934,ZERO_DAY
BoT-IoT,test,17917,DDoS,1,0.194897,0.262934,KNOWN
BoT-IoT,test,17918,DoS,1,0.033481,0.262934,KNOWN
BoT-IoT,test,17919,DoS,1,0.009635,0.262934,KNOWN
BoT-IoT,test,17920,DDoS,1,0.280864,0.262934,ZERO_DAY
BoT-IoT,test,17921,DDoS,1,0.237349,0.262934,KNOWN
BoT-IoT,test,17922,DDoS,1,0.065765,0.262934,KNOWN
BoT-IoT,test,17923,Reconnaissance,1,0.098166,0.262934,KNOWN
BoT-IoT,test,17924,DoS,1,0.204239,0.262934,KNOWN
BoT-IoT,test,17925,DDoS,1,0.054973,0.262934,KNOWN
BoT-IoT,test,17926,DDoS,1,0.256344,0.262934,KNOWN
BoT-IoT,test,17927,DoS,1,0.083969,0.262934,KNOWN
BoT-IoT,test,17928,DoS,1,0.239459,0.262934,KNOWN
BoT-IoT,test,17929,DoS,1,0.07286,0.262934,KNOWN
BoT-IoT,test,17930,DDoS,1,0.170693,0.262934,KNOWN
BoT-IoT,test,17931,DDoS,1,0.117414,0.262934,KNOWN
BoT-IoT,test,17932,DDoS,1,0.070305,0.262934,KNOWN
BoT-IoT,test,17933,DDoS,1,0.033634,0.262934,KNOWN
BoT-IoT,test,17934,DoS,1,0.078421,0.262934,KNOWN
BoT-IoT,test,17935,DDoS,1,0.053116,0.262934,KNOWN
BoT-IoT,test,17936,DoS,1,0.120258,0.262934,KNOWN
BoT-IoT,test,17937,DDoS,1,0.038673,0.262934,KNOWN
BoT-IoT,test,17938,DoS,1,0.114435,0.262934,KNOWN
BoT-IoT,test,17939,DoS,1,0.178567,0.262934,KNOWN
BoT-IoT,test,17940,DoS,1,0.107615,0.262934,KNOWN
BoT-IoT,test,17941,DoS,1,0.063381,0.262934,KNOWN
BoT-IoT,test,17942,DDoS,1,0.099028,0.262934,KNOWN
BoT-IoT,test,17943,DDoS,1,0.073149,0.262934,KNOWN
BoT-IoT,test,17944,DDoS,1,0.004969,0.262934,KNOWN
BoT-IoT,test,17945,DDoS,1,0.117418,0.262934,KNOWN
BoT-IoT,test,17946,DoS,1,0.156157,0.262934,KNOWN
BoT-IoT,test,17947,DDoS,1,0.108135,0.262934,KNOWN
BoT-IoT,test,17948,DDoS,1,0.011203,0.262934,KNOWN
BoT-IoT,test,17949,DoS,1,0.078676,0.262934,KNOWN
BoT-IoT,test,17950,Normal,1,0.058372,0.262934,KNOWN
BoT-IoT,test,17951,DoS,1,0.084027,0.262934,KNOWN
BoT-IoT,test,17952,DoS,1,0.231633,0.262934,KNOWN
BoT-IoT,test,17953,DoS,1,0.145068,0.262934,KNOWN
BoT-IoT,test,17954,DDoS,1,0.259686,0.262934,KNOWN
BoT-IoT,test,17955,DoS,1,0.098827,0.262934,KNOWN
BoT-IoT,test,17956,DDoS,1,0.000255,0.262934,KNOWN
BoT-IoT,test,17957,DDoS,1,0.147816,0.262934,KNOWN
BoT-IoT,test,17958,DDoS,1,0.047105,0.262934,KNOWN
BoT-IoT,test,17959,DoS,1,0.195228,0.262934,KNOWN
BoT-IoT,test,17960,DoS,1,0.12787,0.262934,KNOWN
BoT-IoT,test,17961,DDoS,1,0.045774,0.262934,KNOWN
BoT-IoT,test,17962,DDoS,1,0.275274,0.262934,ZERO_DAY
BoT-IoT,test,17963,DDoS,1,0.028278,0.262934,KNOWN
BoT-IoT,test,17964,DDoS,1,0.15339,0.262934,KNOWN
BoT-IoT,test,17965,DDoS,1,0.162047,0.262934,KNOWN
BoT-IoT,test,17966,DoS,1,0.05283,0.262934,KNOWN
BoT-IoT,test,17967,DoS,1,0.028313,0.262934,KNOWN
BoT-IoT,test,17968,DDoS,1,0.113265,0.262934,KNOWN
BoT-IoT,test,17969,DoS,1,0.399289,0.262934,ZERO_DAY
BoT-IoT,test,17970,DDoS,1,0.086517,0.262934,KNOWN
BoT-IoT,test,17971,DDoS,1,0.021176,0.262934,KNOWN
BoT-IoT,test,17972,Normal,1,0.092801,0.262934,KNOWN
BoT-IoT,test,17973,DoS,1,0.014081,0.262934,KNOWN
BoT-IoT,test,17974,DDoS,1,0.132278,0.262934,KNOWN
BoT-IoT,test,17975,Reconnaissance,1,0.045984,0.262934,KNOWN
BoT-IoT,test,17976,DDoS,1,0.143335,0.262934,KNOWN
BoT-IoT,test,17977,DDoS,1,0.094878,0.262934,KNOWN
BoT-IoT,test,17978,DoS,1,0.012946,0.262934,KNOWN
BoT-IoT,test,17979,DoS,1,0.023769,0.262934,KNOWN
BoT-IoT,test,17980,DoS,1,0.177553,0.262934,KNOWN
BoT-IoT,test,17981,DDoS,1,0.11,0.262934,KNOWN
BoT-IoT,test,17982,DDoS,1,0.034187,0.262934,KNOWN
BoT-IoT,test,17983,DoS,1,0.09512,0.262934,KNOWN
BoT-IoT,test,17984,DDoS,1,0.038577,0.262934,KNOWN
BoT-IoT,test,17985,DDoS,1,0.096551,0.262934,KNOWN
BoT-IoT,test,17986,DDoS,1,0.151096,0.262934,KNOWN
BoT-IoT,test,17987,DDoS,1,0.034581,0.262934,KNOWN
BoT-IoT,test,17988,DDoS,1,0.172485,0.262934,KNOWN
BoT-IoT,test,17989,DoS,1,0.061164,0.262934,KNOWN
BoT-IoT,test,17990,DDoS,1,0.245964,0.262934,KNOWN
BoT-IoT,test,17991,DDoS,1,0.132474,0.262934,KNOWN
BoT-IoT,test,17992,DoS,1,0.005531,0.262934,KNOWN
BoT-IoT,test,17993,DDoS,1,0.112213,0.262934,KNOWN
BoT-IoT,test,17994,DDoS,1,0.048985,0.262934,KNOWN
BoT-IoT,test,17995,DDoS,1,0.017465,0.262934,KNOWN
BoT-IoT,test,17996,DDoS,1,0.000684,0.262934,KNOWN
BoT-IoT,test,17997,DDoS,1,0.238258,0.262934,KNOWN
BoT-IoT,test,17998,DoS,1,0.155985,0.262934,KNOWN
BoT-IoT,test,17999,DDoS,1,0.145907,0.262934,KNOWN
BoT-IoT,test,18000,DoS,1,0.042362,0.262934,KNOWN
BoT-IoT,test,18001,DDoS,1,0.18726,0.262934,KNOWN
BoT-IoT,test,18002,DDoS,1,0.047377,0.262934,KNOWN
BoT-IoT,test,18003,DoS,1,0.073551,0.262934,KNOWN
BoT-IoT,test,18004,DoS,1,0.00583,0.262934,KNOWN
BoT-IoT,test,18005,DoS,1,0.202713,0.262934,KNOWN
BoT-IoT,test,18006,DDoS,1,0.047258,0.262934,KNOWN
BoT-IoT,test,18007,DDoS,1,0.133238,0.262934,KNOWN
BoT-IoT,test,18008,DoS,1,0.037709,0.262934,KNOWN
BoT-IoT,test,18009,DoS,1,0.001412,0.262934,KNOWN
BoT-IoT,test,18010,DDoS,1,0.150665,0.262934,KNOWN
BoT-IoT,test,18011,DoS,1,0.166062,0.262934,KNOWN
BoT-IoT,test,18012,DoS,1,0.066975,0.262934,KNOWN
BoT-IoT,test,18013,DDoS,1,0.039459,0.262934,KNOWN
BoT-IoT,test,18014,DoS,1,0.10593,0.262934,KNOWN
BoT-IoT,test,18015,DoS,1,0.114919,0.262934,KNOWN
BoT-IoT,test,18016,DDoS,1,0.225063,0.262934,KNOWN
BoT-IoT,test,18017,DDoS,1,0.055862,0.262934,KNOWN
BoT-IoT,test,18018,DoS,1,0.093905,0.262934,KNOWN
BoT-IoT,test,18019,DoS,1,0.12374,0.262934,KNOWN
BoT-IoT,test,18020,DDoS,1,0.085013,0.262934,KNOWN
BoT-IoT,test,18021,Normal,1,0.212985,0.262934,KNOWN
BoT-IoT,test,18022,DDoS,1,0.043685,0.262934,KNOWN
BoT-IoT,test,18023,DoS,1,0.095088,0.262934,KNOWN
BoT-IoT,test,18024,DDoS,1,0.080653,0.262934,KNOWN
BoT-IoT,test,18025,DDoS,1,0.021179,0.262934,KNOWN
BoT-IoT,test,18026,DoS,1,0.006705,0.262934,KNOWN
BoT-IoT,test,18027,DDoS,1,0.421953,0.262934,ZERO_DAY
BoT-IoT,test,18028,DoS,1,0.100957,0.262934,KNOWN
BoT-IoT,test,18029,DDoS,1,0.091537,0.262934,KNOWN
BoT-IoT,test,18030,DoS,1,0.011241,0.262934,KNOWN
BoT-IoT,test,18031,DoS,1,0.056381,0.262934,KNOWN
BoT-IoT,test,18032,DDoS,1,0.156005,0.262934,KNOWN
BoT-IoT,test,18033,DDoS,1,0.178326,0.262934,KNOWN
BoT-IoT,test,18034,Normal,1,0.212416,0.262934,KNOWN
BoT-IoT,test,18035,DoS,1,0.018824,0.262934,KNOWN
BoT-IoT,test,18036,DoS,1,0.169952,0.262934,KNOWN
BoT-IoT,test,18037,DDoS,1,0.042853,0.262934,KNOWN
BoT-IoT,test,18038,DoS,1,0.035435,0.262934,KNOWN
BoT-IoT,test,18039,DoS,1,0.003317,0.262934,KNOWN
BoT-IoT,test,18040,DoS,1,0.026266,0.262934,KNOWN
BoT-IoT,test,18041,DoS,1,0.113449,0.262934,KNOWN
BoT-IoT,test,18042,DDoS,1,0.078929,0.262934,KNOWN
BoT-IoT,test,18043,DDoS,1,0.190908,0.262934,KNOWN
BoT-IoT,test,18044,DoS,1,0.136756,0.262934,KNOWN
BoT-IoT,test,18045,DoS,1,0.037839,0.262934,KNOWN
BoT-IoT,test,18046,DDoS,1,0.089282,0.262934,KNOWN
BoT-IoT,test,18047,DoS,1,0.063181,0.262934,KNOWN
BoT-IoT,test,18048,DoS,1,0.062675,0.262934,KNOWN
BoT-IoT,test,18049,DoS,1,0.088723,0.262934,KNOWN
BoT-IoT,test,18050,DoS,1,0.221101,0.262934,KNOWN
BoT-IoT,test,18051,DoS,1,0.068572,0.262934,KNOWN
BoT-IoT,test,18052,DDoS,1,0.192504,0.262934,KNOWN
BoT-IoT,test,18053,Normal,1,0.165906,0.262934,KNOWN
BoT-IoT,test,18054,DoS,1,0.046278,0.262934,KNOWN
BoT-IoT,test,18055,DoS,1,0.12309,0.262934,KNOWN
BoT-IoT,test,18056,DDoS,1,0.026738,0.262934,KNOWN
BoT-IoT,test,18057,DoS,1,0.059265,0.262934,KNOWN
BoT-IoT,test,18058,DoS,1,0.085589,0.262934,KNOWN
BoT-IoT,test,18059,DoS,1,0.034235,0.262934,KNOWN
BoT-IoT,test,18060,DDoS,1,0.184331,0.262934,KNOWN
BoT-IoT,test,18061,DDoS,1,0.093439,0.262934,KNOWN
BoT-IoT,test,18062,DDoS,1,0.064456,0.262934,KNOWN
BoT-IoT,test,18063,DoS,1,0.060166,0.262934,KNOWN
BoT-IoT,test,18064,DoS,1,0.213274,0.262934,KNOWN
BoT-IoT,test,18065,DoS,1,0.082727,0.262934,KNOWN
BoT-IoT,test,18066,DoS,1,0.030378,0.262934,KNOWN
BoT-IoT,test,18067,DDoS,1,0.018861,0.262934,KNOWN
BoT-IoT,test,18068,DDoS,1,0.036028,0.262934,KNOWN
BoT-IoT,test,18069,DDoS,1,0.055086,0.262934,KNOWN
BoT-IoT,test,18070,DDoS,1,0.150527,0.262934,KNOWN
BoT-IoT,test,18071,DDoS,1,0.080152,0.262934,KNOWN
BoT-IoT,test,18072,DoS,1,0.060308,0.262934,KNOWN
BoT-IoT,test,18073,DDoS,1,0.097732,0.262934,KNOWN
BoT-IoT,test,18074,DDoS,1,0.116737,0.262934,KNOWN
BoT-IoT,test,18075,DoS,1,0.241914,0.262934,KNOWN
BoT-IoT,test,18076,DoS,1,0.086554,0.262934,KNOWN
BoT-IoT,test,18077,DDoS,1,0.055486,0.262934,KNOWN
BoT-IoT,test,18078,DoS,1,0.069579,0.262934,KNOWN
BoT-IoT,test,18079,DDoS,1,0.005617,0.262934,KNOWN
BoT-IoT,test,18080,DoS,1,0.059899,0.262934,KNOWN
BoT-IoT,test,18081,DoS,1,0.095846,0.262934,KNOWN
BoT-IoT,test,18082,DDoS,1,0.05575,0.262934,KNOWN
BoT-IoT,test,18083,DDoS,1,0.10974,0.262934,KNOWN
BoT-IoT,test,18084,DDoS,1,0.085316,0.262934,KNOWN
BoT-IoT,test,18085,DoS,1,0.042338,0.262934,KNOWN
BoT-IoT,test,18086,DoS,1,0.137805,0.262934,KNOWN
BoT-IoT,test,18087,DDoS,1,0.150151,0.262934,KNOWN
BoT-IoT,test,18088,Normal,1,0.018838,0.262934,KNOWN
BoT-IoT,test,18089,DoS,1,0.022827,0.262934,KNOWN
BoT-IoT,test,18090,DDoS,1,0.037178,0.262934,KNOWN
BoT-IoT,test,18091,DDoS,1,0.07916,0.262934,KNOWN
BoT-IoT,test,18092,DoS,1,0.14483,0.262934,KNOWN
BoT-IoT,test,18093,DoS,1,0.237901,0.262934,KNOWN
BoT-IoT,test,18094,DDoS,1,0.157819,0.262934,KNOWN
BoT-IoT,test,18095,DoS,1,0.151043,0.262934,KNOWN
BoT-IoT,test,18096,DDoS,1,0.046848,0.262934,KNOWN
BoT-IoT,test,18097,DoS,1,0.051647,0.262934,KNOWN
BoT-IoT,test,18098,DDoS,1,0.228335,0.262934,KNOWN
BoT-IoT,test,18099,DoS,1,0.107764,0.262934,KNOWN
BoT-IoT,test,18100,DDoS,1,0.269641,0.262934,ZERO_DAY
BoT-IoT,test,18101,DoS,1,0.023674,0.262934,KNOWN
BoT-IoT,test,18102,Normal,1,0.001985,0.262934,KNOWN
BoT-IoT,test,18103,DDoS,1,0.168726,0.262934,KNOWN
BoT-IoT,test,18104,DDoS,1,0.274627,0.262934,ZERO_DAY
BoT-IoT,test,18105,DoS,1,0.010318,0.262934,KNOWN
BoT-IoT,test,18106,DDoS,1,0.175031,0.262934,KNOWN
BoT-IoT,test,18107,DoS,1,0.033899,0.262934,KNOWN
BoT-IoT,test,18108,DoS,1,0.048012,0.262934,KNOWN
BoT-IoT,test,18109,DoS,1,0.091282,0.262934,KNOWN
BoT-IoT,test,18110,DDoS,1,0.007167,0.262934,KNOWN
BoT-IoT,test,18111,DoS,1,0.098058,0.262934,KNOWN
BoT-IoT,test,18112,DDoS,1,0.148008,0.262934,KNOWN
BoT-IoT,test,18113,DDoS,1,0.03357,0.262934,KNOWN
BoT-IoT,test,18114,DDoS,1,0.121661,0.262934,KNOWN
BoT-IoT,test,18115,DoS,1,0.02316,0.262934,KNOWN
BoT-IoT,test,18116,DoS,1,0.059382,0.262934,KNOWN
BoT-IoT,test,18117,DoS,1,0.18172,0.262934,KNOWN
BoT-IoT,test,18118,DDoS,1,0.006442,0.262934,KNOWN
BoT-IoT,test,18119,DDoS,1,0.020215,0.262934,KNOWN
BoT-IoT,test,18120,DoS,1,0.148228,0.262934,KNOWN
BoT-IoT,test,18121,DoS,1,0.07467,0.262934,KNOWN
BoT-IoT,test,18122,DDoS,1,0.056213,0.262934,KNOWN
BoT-IoT,test,18123,DDoS,1,0.072417,0.262934,KNOWN
BoT-IoT,test,18124,DoS,1,0.031206,0.262934,KNOWN
BoT-IoT,test,18125,DDoS,1,0.02864,0.262934,KNOWN
BoT-IoT,test,18126,DoS,1,0.329041,0.262934,ZERO_DAY
BoT-IoT,test,18127,DDoS,1,0.045666,0.262934,KNOWN
BoT-IoT,test,18128,DDoS,1,0.055313,0.262934,KNOWN
BoT-IoT,test,18129,DDoS,1,0.017155,0.262934,KNOWN
BoT-IoT,test,18130,DDoS,1,0.088805,0.262934,KNOWN
BoT-IoT,test,18131,DDoS,1,0.049823,0.262934,KNOWN
BoT-IoT,test,18132,DoS,1,0.04732,0.262934,KNOWN
BoT-IoT,test,18133,DDoS,1,0.015078,0.262934,KNOWN
BoT-IoT,test,18134,DDoS,1,0.134022,0.262934,KNOWN
BoT-IoT,test,18135,DDoS,1,0.017096,0.262934,KNOWN
BoT-IoT,test,18136,DoS,1,0.056773,0.262934,KNOWN
BoT-IoT,test,18137,DDoS,1,0.050117,0.262934,KNOWN
BoT-IoT,test,18138,DDoS,1,0.035526,0.262934,KNOWN
BoT-IoT,test,18139,DoS,1,0.148107,0.262934,KNOWN
BoT-IoT,test,18140,DoS,1,0.041198,0.262934,KNOWN
BoT-IoT,test,18141,DDoS,1,0.042627,0.262934,KNOWN
BoT-IoT,test,18142,DDoS,1,0.12937,0.262934,KNOWN
BoT-IoT,test,18143,DDoS,1,0.102024,0.262934,KNOWN
BoT-IoT,test,18144,DDoS,1,0.053096,0.262934,KNOWN
BoT-IoT,test,18145,DDoS,1,0.017565,0.262934,KNOWN
BoT-IoT,test,18146,DDoS,1,0.032222,0.262934,KNOWN
BoT-IoT,test,18147,DoS,1,0.276903,0.262934,ZERO_DAY
BoT-IoT,test,18148,DDoS,1,0.044882,0.262934,KNOWN
BoT-IoT,test,18149,Normal,1,0.093296,0.262934,KNOWN
BoT-IoT,test,18150,DoS,1,0.033233,0.262934,KNOWN
BoT-IoT,test,18151,DDoS,1,0.000484,0.262934,KNOWN
BoT-IoT,test,18152,DDoS,1,0.001775,0.262934,KNOWN
BoT-IoT,test,18153,DDoS,1,0.15455,0.262934,KNOWN
BoT-IoT,test,18154,DDoS,1,0.005028,0.262934,KNOWN
BoT-IoT,test,18155,DoS,1,0.102719,0.262934,KNOWN
BoT-IoT,test,18156,DDoS,1,0.312665,0.262934,ZERO_DAY
BoT-IoT,test,18157,DoS,1,0.156277,0.262934,KNOWN
BoT-IoT,test,18158,DDoS,1,0.235769,0.262934,KNOWN
BoT-IoT,test,18159,DDoS,1,0.162061,0.262934,KNOWN
BoT-IoT,test,18160,DoS,1,0.028641,0.262934,KNOWN
BoT-IoT,test,18161,DDoS,1,0.011413,0.262934,KNOWN
BoT-IoT,test,18162,DDoS,1,0.003298,0.262934,KNOWN
BoT-IoT,test,18163,DDoS,1,0.072716,0.262934,KNOWN
BoT-IoT,test,18164,DoS,1,0.007352,0.262934,KNOWN
BoT-IoT,test,18165,Normal,1,0.04727,0.262934,KNOWN
BoT-IoT,test,18166,DDoS,1,0.00258,0.262934,KNOWN
BoT-IoT,test,18167,DDoS,1,0.149555,0.262934,KNOWN
BoT-IoT,test,18168,DDoS,1,0.205746,0.262934,KNOWN
BoT-IoT,test,18169,DoS,1,0.079032,0.262934,KNOWN
BoT-IoT,test,18170,DoS,1,0.094534,0.262934,KNOWN
BoT-IoT,test,18171,DoS,1,0.042469,0.262934,KNOWN
BoT-IoT,test,18172,DoS,1,0.073027,0.262934,KNOWN
BoT-IoT,test,18173,DDoS,1,0.093955,0.262934,KNOWN
BoT-IoT,test,18174,DoS,1,0.067377,0.262934,KNOWN
BoT-IoT,test,18175,DoS,1,0.054787,0.262934,KNOWN
BoT-IoT,test,18176,DDoS,1,0.115323,0.262934,KNOWN
BoT-IoT,test,18177,DDoS,1,0.050712,0.262934,KNOWN
BoT-IoT,test,18178,DoS,1,0.042834,0.262934,KNOWN
BoT-IoT,test,18179,DDoS,1,0.067838,0.262934,KNOWN
BoT-IoT,test,18180,DDoS,1,0.025497,0.262934,KNOWN
BoT-IoT,test,18181,DDoS,1,0.09471,0.262934,KNOWN
BoT-IoT,test,18182,DoS,1,0.133996,0.262934,KNOWN
BoT-IoT,test,18183,DoS,1,0.088311,0.262934,KNOWN
BoT-IoT,test,18184,DDoS,1,0.081817,0.262934,KNOWN
BoT-IoT,test,18185,DoS,1,0.019029,0.262934,KNOWN
BoT-IoT,test,18186,DDoS,1,0.384207,0.262934,ZERO_DAY
BoT-IoT,test,18187,DoS,1,0.14026,0.262934,KNOWN
BoT-IoT,test,18188,DoS,1,0.014284,0.262934,KNOWN
BoT-IoT,test,18189,DoS,1,0.173964,0.262934,KNOWN
BoT-IoT,test,18190,DDoS,1,0.038302,0.262934,KNOWN
BoT-IoT,test,18191,DDoS,1,0.107619,0.262934,KNOWN
BoT-IoT,test,18192,DoS,1,0.127251,0.262934,KNOWN
BoT-IoT,test,18193,DDoS,1,0.291472,0.262934,ZERO_DAY
BoT-IoT,test,18194,DDoS,1,0.102255,0.262934,KNOWN
BoT-IoT,test,18195,DoS,1,0.049724,0.262934,KNOWN
BoT-IoT,test,18196,DoS,1,0.030074,0.262934,KNOWN
BoT-IoT,test,18197,DoS,1,0.045834,0.262934,KNOWN
BoT-IoT,test,18198,DDoS,1,0.159598,0.262934,KNOWN
BoT-IoT,test,18199,DoS,1,0.097172,0.262934,KNOWN
BoT-IoT,test,18200,DoS,1,0.041277,0.262934,KNOWN
BoT-IoT,test,18201,DoS,1,0.118356,0.262934,KNOWN
BoT-IoT,test,18202,DoS,1,0.013214,0.262934,KNOWN
BoT-IoT,test,18203,Reconnaissance,1,0.016317,0.262934,KNOWN
BoT-IoT,test,18204,DDoS,1,0.02439,0.262934,KNOWN
BoT-IoT,test,18205,DDoS,1,0.097487,0.262934,KNOWN
BoT-IoT,test,18206,DDoS,1,0.018283,0.262934,KNOWN
BoT-IoT,test,18207,DDoS,1,0.036378,0.262934,KNOWN
BoT-IoT,test,18208,DDoS,1,0.127766,0.262934,KNOWN
BoT-IoT,test,18209,DDoS,1,0.271465,0.262934,ZERO_DAY
BoT-IoT,test,18210,DoS,1,0.022468,0.262934,KNOWN
BoT-IoT,test,18211,DDoS,1,0.032465,0.262934,KNOWN
BoT-IoT,test,18212,DoS,1,0.108785,0.262934,KNOWN
BoT-IoT,test,18213,DDoS,1,0.162629,0.262934,KNOWN
BoT-IoT,test,18214,Normal,1,0.129353,0.262934,KNOWN
BoT-IoT,test,18215,DoS,1,0.054121,0.262934,KNOWN
BoT-IoT,test,18216,DDoS,1,0.124692,0.262934,KNOWN
BoT-IoT,test,18217,DDoS,1,0.005423,0.262934,KNOWN
BoT-IoT,test,18218,DDoS,1,0.201004,0.262934,KNOWN
BoT-IoT,test,18219,DoS,1,0.032555,0.262934,KNOWN
BoT-IoT,test,18220,DDoS,1,0.132309,0.262934,KNOWN
BoT-IoT,test,18221,DoS,1,0.193562,0.262934,KNOWN
BoT-IoT,test,18222,DDoS,1,0.118015,0.262934,KNOWN
BoT-IoT,test,18223,DDoS,1,0.041333,0.262934,KNOWN
BoT-IoT,test,18224,DoS,1,0.020864,0.262934,KNOWN
BoT-IoT,test,18225,DDoS,1,0.009731,0.262934,KNOWN
BoT-IoT,test,18226,DDoS,1,0.059876,0.262934,KNOWN
BoT-IoT,test,18227,DDoS,1,0.113868,0.262934,KNOWN
BoT-IoT,test,18228,DDoS,1,0.065558,0.262934,KNOWN
BoT-IoT,test,18229,DoS,1,0.128082,0.262934,KNOWN
BoT-IoT,test,18230,DoS,1,0.106147,0.262934,KNOWN
BoT-IoT,test,18231,DDoS,1,0.078949,0.262934,KNOWN
BoT-IoT,test,18232,DDoS,1,0.09323,0.262934,KNOWN
BoT-IoT,test,18233,DoS,1,0.012291,0.262934,KNOWN
BoT-IoT,test,18234,DDoS,1,0.066958,0.262934,KNOWN
BoT-IoT,test,18235,DoS,1,0.042156,0.262934,KNOWN
BoT-IoT,test,18236,DoS,1,0.084379,0.262934,KNOWN
BoT-IoT,test,18237,DDoS,1,0.249044,0.262934,KNOWN
BoT-IoT,test,18238,DoS,1,0.052844,0.262934,KNOWN
BoT-IoT,test,18239,DDoS,1,0.065322,0.262934,KNOWN
BoT-IoT,test,18240,DoS,1,0.27357,0.262934,ZERO_DAY
BoT-IoT,test,18241,DDoS,1,0.013063,0.262934,KNOWN
BoT-IoT,test,18242,DDoS,1,0.116228,0.262934,KNOWN
BoT-IoT,test,18243,DoS,1,0.213933,0.262934,KNOWN
BoT-IoT,test,18244,DoS,1,0.378321,0.262934,ZERO_DAY
BoT-IoT,test,18245,Normal,1,0.020345,0.262934,KNOWN
BoT-IoT,test,18246,DDoS,1,0.029503,0.262934,KNOWN
BoT-IoT,test,18247,DoS,1,0.067545,0.262934,KNOWN
BoT-IoT,test,18248,DDoS,1,0.06628,0.262934,KNOWN
BoT-IoT,test,18249,DDoS,1,0.08228,0.262934,KNOWN
BoT-IoT,test,18250,DDoS,1,0.003164,0.262934,KNOWN
BoT-IoT,test,18251,DoS,1,0.222391,0.262934,KNOWN
BoT-IoT,test,18252,DDoS,1,0.024891,0.262934,KNOWN
BoT-IoT,test,18253,DoS,1,0.049875,0.262934,KNOWN
BoT-IoT,test,18254,DoS,1,0.20115,0.262934,KNOWN
BoT-IoT,test,18255,DoS,1,0.030128,0.262934,KNOWN
BoT-IoT,test,18256,DDoS,1,0.199521,0.262934,KNOWN
BoT-IoT,test,18257,DDoS,1,0.064919,0.262934,KNOWN
BoT-IoT,test,18258,DDoS,1,0.052493,0.262934,KNOWN
BoT-IoT,test,18259,DoS,1,0.184571,0.262934,KNOWN
BoT-IoT,test,18260,DDoS,1,0.048574,0.262934,KNOWN
BoT-IoT,test,18261,DDoS,1,0.017623,0.262934,KNOWN
BoT-IoT,test,18262,DoS,1,0.032606,0.262934,KNOWN
BoT-IoT,test,18263,DoS,1,0.276774,0.262934,ZERO_DAY
BoT-IoT,test,18264,DoS,1,0.130104,0.262934,KNOWN
BoT-IoT,test,18265,DDoS,1,0.11486,0.262934,KNOWN
BoT-IoT,test,18266,DoS,1,0.143056,0.262934,KNOWN
BoT-IoT,test,18267,DDoS,1,0.072543,0.262934,KNOWN
BoT-IoT,test,18268,DoS,1,0.068241,0.262934,KNOWN
BoT-IoT,test,18269,DoS,1,0.17544,0.262934,KNOWN
BoT-IoT,test,18270,DoS,1,0.0445,0.262934,KNOWN
BoT-IoT,test,18271,DDoS,1,0.077992,0.262934,KNOWN
BoT-IoT,test,18272,DoS,1,0.048205,0.262934,KNOWN
BoT-IoT,test,18273,DDoS,1,0.043315,0.262934,KNOWN
BoT-IoT,test,18274,DoS,1,0.19138,0.262934,KNOWN
BoT-IoT,test,18275,DDoS,1,0.004881,0.262934,KNOWN
BoT-IoT,test,18276,DoS,1,0.064273,0.262934,KNOWN
BoT-IoT,test,18277,DDoS,1,0.037959,0.262934,KNOWN
BoT-IoT,test,18278,DoS,1,0.079525,0.262934,KNOWN
BoT-IoT,test,18279,DoS,1,0.130891,0.262934,KNOWN
BoT-IoT,test,18280,DoS,1,0.019302,0.262934,KNOWN
BoT-IoT,test,18281,DDoS,1,0.186628,0.262934,KNOWN
BoT-IoT,test,18282,DDoS,1,0.062204,0.262934,KNOWN
BoT-IoT,test,18283,DDoS,1,0.111245,0.262934,KNOWN
BoT-IoT,test,18284,DoS,1,0.051719,0.262934,KNOWN
BoT-IoT,test,18285,DoS,1,0.051762,0.262934,KNOWN
BoT-IoT,test,18286,DoS,1,0.09341,0.262934,KNOWN
BoT-IoT,test,18287,DDoS,1,0.124023,0.262934,KNOWN
BoT-IoT,test,18288,DoS,1,0.030836,0.262934,KNOWN
BoT-IoT,test,18289,DDoS,1,0.077622,0.262934,KNOWN
BoT-IoT,test,18290,DDoS,1,0.086993,0.262934,KNOWN
BoT-IoT,test,18291,DDoS,1,0.240779,0.262934,KNOWN
BoT-IoT,test,18292,DoS,1,0.030143,0.262934,KNOWN
BoT-IoT,test,18293,DDoS,1,0.092791,0.262934,KNOWN
BoT-IoT,test,18294,DoS,1,0.089905,0.262934,KNOWN
BoT-IoT,test,18295,DDoS,1,0.105771,0.262934,KNOWN
BoT-IoT,test,18296,Normal,1,0.003102,0.262934,KNOWN
BoT-IoT,test,18297,DoS,1,0.049635,0.262934,KNOWN
BoT-IoT,test,18298,DoS,1,0.067711,0.262934,KNOWN
BoT-IoT,test,18299,DDoS,1,0.040856,0.262934,KNOWN
BoT-IoT,test,18300,Reconnaissance,1,0.127577,0.262934,KNOWN
BoT-IoT,test,18301,Normal,1,0.039103,0.262934,KNOWN
BoT-IoT,test,18302,DoS,1,0.102034,0.262934,KNOWN
BoT-IoT,test,18303,DDoS,1,0.150719,0.262934,KNOWN
BoT-IoT,test,18304,DDoS,1,0.200158,0.262934,KNOWN
BoT-IoT,test,18305,DoS,1,0.234842,0.262934,KNOWN
BoT-IoT,test,18306,DDoS,1,0.014818,0.262934,KNOWN
BoT-IoT,test,18307,DoS,1,0.028582,0.262934,KNOWN
BoT-IoT,test,18308,DDoS,1,0.020042,0.262934,KNOWN
BoT-IoT,test,18309,DoS,1,0.066517,0.262934,KNOWN
BoT-IoT,test,18310,Normal,1,0.251802,0.262934,KNOWN
BoT-IoT,test,18311,DoS,1,0.104329,0.262934,KNOWN
BoT-IoT,test,18312,DoS,1,0.155356,0.262934,KNOWN
BoT-IoT,test,18313,DDoS,1,0.226122,0.262934,KNOWN
BoT-IoT,test,18314,DDoS,1,0.010198,0.262934,KNOWN
BoT-IoT,test,18315,DDoS,1,0.015234,0.262934,KNOWN
BoT-IoT,test,18316,DDoS,1,0.016618,0.262934,KNOWN
BoT-IoT,test,18317,DoS,1,0.054488,0.262934,KNOWN
BoT-IoT,test,18318,DDoS,1,0.097699,0.262934,KNOWN
BoT-IoT,test,18319,DoS,1,0.096526,0.262934,KNOWN
BoT-IoT,test,18320,Normal,1,0.099226,0.262934,KNOWN
BoT-IoT,test,18321,DDoS,1,0.040842,0.262934,KNOWN
BoT-IoT,test,18322,Normal,1,0.112987,0.262934,KNOWN
BoT-IoT,test,18323,DDoS,1,0.060147,0.262934,KNOWN
BoT-IoT,test,18324,DDoS,1,0.213253,0.262934,KNOWN
BoT-IoT,test,18325,DDoS,1,0.068349,0.262934,KNOWN
BoT-IoT,test,18326,DoS,1,0.050345,0.262934,KNOWN
BoT-IoT,test,18327,DDoS,1,0.196491,0.262934,KNOWN
BoT-IoT,test,18328,DDoS,1,0.142038,0.262934,KNOWN
BoT-IoT,test,18329,DoS,1,0.013217,0.262934,KNOWN
BoT-IoT,test,18330,DDoS,1,0.043683,0.262934,KNOWN
BoT-IoT,test,18331,DoS,1,0.048275,0.262934,KNOWN
BoT-IoT,test,18332,DoS,1,0.117604,0.262934,KNOWN
BoT-IoT,test,18333,DoS,1,0.237518,0.262934,KNOWN
BoT-IoT,test,18334,DDoS,1,0.159378,0.262934,KNOWN
BoT-IoT,test,18335,DoS,1,0.113498,0.262934,KNOWN
BoT-IoT,test,18336,DoS,1,0.007572,0.262934,KNOWN
BoT-IoT,test,18337,DDoS,1,0.006563,0.262934,KNOWN
BoT-IoT,test,18338,DoS,1,0.049147,0.262934,KNOWN
BoT-IoT,test,18339,DDoS,1,0.082454,0.262934,KNOWN
BoT-IoT,test,18340,DDoS,1,0.074911,0.262934,KNOWN
BoT-IoT,test,18341,DDoS,1,0.092586,0.262934,KNOWN
BoT-IoT,test,18342,DDoS,1,0.066016,0.262934,KNOWN
BoT-IoT,test,18343,DoS,1,0.192414,0.262934,KNOWN
BoT-IoT,test,18344,DDoS,1,0.049468,0.262934,KNOWN
BoT-IoT,test,18345,DoS,1,0.079852,0.262934,KNOWN
BoT-IoT,test,18346,DDoS,1,0.062306,0.262934,KNOWN
BoT-IoT,test,18347,DDoS,1,0.01396,0.262934,KNOWN
BoT-IoT,test,18348,DoS,1,0.100201,0.262934,KNOWN
BoT-IoT,test,18349,DoS,1,0.182348,0.262934,KNOWN
BoT-IoT,test,18350,DDoS,1,0.022331,0.262934,KNOWN
BoT-IoT,test,18351,DDoS,1,0.136425,0.262934,KNOWN
BoT-IoT,test,18352,DDoS,1,0.006361,0.262934,KNOWN
BoT-IoT,test,18353,DDoS,1,0.009893,0.262934,KNOWN
BoT-IoT,test,18354,DoS,1,0.08832,0.262934,KNOWN
BoT-IoT,test,18355,DDoS,1,0.112833,0.262934,KNOWN
BoT-IoT,test,18356,DoS,1,0.038539,0.262934,KNOWN
BoT-IoT,test,18357,DDoS,1,0.308903,0.262934,ZERO_DAY
BoT-IoT,test,18358,DoS,1,0.139321,0.262934,KNOWN
BoT-IoT,test,18359,Reconnaissance,1,0.043675,0.262934,KNOWN
BoT-IoT,test,18360,DoS,1,0.010956,0.262934,KNOWN
BoT-IoT,test,18361,Normal,1,0.104708,0.262934,KNOWN
BoT-IoT,test,18362,DoS,1,0.155325,0.262934,KNOWN
BoT-IoT,test,18363,DoS,1,0.021439,0.262934,KNOWN
BoT-IoT,test,18364,DoS,1,0.257796,0.262934,KNOWN
BoT-IoT,test,18365,DoS,1,0.081608,0.262934,KNOWN
BoT-IoT,test,18366,DoS,1,0.097352,0.262934,KNOWN
BoT-IoT,test,18367,DoS,1,0.050325,0.262934,KNOWN
BoT-IoT,test,18368,DDoS,1,0.073967,0.262934,KNOWN
BoT-IoT,test,18369,DDoS,1,0.186646,0.262934,KNOWN
BoT-IoT,test,18370,DoS,1,0.041652,0.262934,KNOWN
BoT-IoT,test,18371,DDoS,1,0.022413,0.262934,KNOWN
BoT-IoT,test,18372,DDoS,1,0.108044,0.262934,KNOWN
BoT-IoT,test,18373,DoS,1,0.134287,0.262934,KNOWN
BoT-IoT,test,18374,DoS,1,0.063406,0.262934,KNOWN
BoT-IoT,test,18375,DoS,1,0.244417,0.262934,KNOWN
BoT-IoT,test,18376,DDoS,1,0.008083,0.262934,KNOWN
BoT-IoT,test,18377,DoS,1,0.040582,0.262934,KNOWN
BoT-IoT,test,18378,DDoS,1,0.092701,0.262934,KNOWN
BoT-IoT,test,18379,DoS,1,0.029627,0.262934,KNOWN
BoT-IoT,test,18380,Normal,1,0.182294,0.262934,KNOWN
BoT-IoT,test,18381,DDoS,1,0.127116,0.262934,KNOWN
BoT-IoT,test,18382,DDoS,1,0.244108,0.262934,KNOWN
BoT-IoT,test,18383,DDoS,1,0.131211,0.262934,KNOWN
BoT-IoT,test,18384,DDoS,1,0.045993,0.262934,KNOWN
BoT-IoT,test,18385,DDoS,1,0.03443,0.262934,KNOWN
BoT-IoT,test,18386,DDoS,1,0.390354,0.262934,ZERO_DAY
BoT-IoT,test,18387,DoS,1,0.014893,0.262934,KNOWN
BoT-IoT,test,18388,DDoS,1,0.046747,0.262934,KNOWN
BoT-IoT,test,18389,DDoS,1,0.110196,0.262934,KNOWN
BoT-IoT,test,18390,DoS,1,0.004873,0.262934,KNOWN
BoT-IoT,test,18391,DoS,1,0.044012,0.262934,KNOWN
BoT-IoT,test,18392,Normal,1,0.113998,0.262934,KNOWN
BoT-IoT,test,18393,DDoS,1,0.137285,0.262934,KNOWN
BoT-IoT,test,18394,DDoS,1,0.187462,0.262934,KNOWN
BoT-IoT,test,18395,DoS,1,0.034205,0.262934,KNOWN
BoT-IoT,test,18396,DDoS,1,0.020913,0.262934,KNOWN
BoT-IoT,test,18397,DDoS,1,0.358108,0.262934,ZERO_DAY
BoT-IoT,test,18398,DDoS,1,0.313889,0.262934,ZERO_DAY
BoT-IoT,test,18399,DoS,1,0.131403,0.262934,KNOWN
BoT-IoT,test,18400,DDoS,1,0.023794,0.262934,KNOWN
BoT-IoT,test,18401,DDoS,1,0.045897,0.262934,KNOWN
BoT-IoT,test,18402,DDoS,1,0.167603,0.262934,KNOWN
BoT-IoT,test,18403,DDoS,1,0.127393,0.262934,KNOWN
BoT-IoT,test,18404,Normal,1,0.095806,0.262934,KNOWN
BoT-IoT,test,18405,DDoS,1,0.042855,0.262934,KNOWN
BoT-IoT,test,18406,DoS,1,0.17142,0.262934,KNOWN
BoT-IoT,test,18407,DDoS,1,0.068733,0.262934,KNOWN
BoT-IoT,test,18408,DoS,1,0.00901,0.262934,KNOWN
BoT-IoT,test,18409,Normal,1,0.099942,0.262934,KNOWN
BoT-IoT,test,18410,DDoS,1,0.02559,0.262934,KNOWN
BoT-IoT,test,18411,DDoS,1,0.168928,0.262934,KNOWN
BoT-IoT,test,18412,DoS,1,0.063619,0.262934,KNOWN
BoT-IoT,test,18413,DoS,1,0.02219,0.262934,KNOWN
BoT-IoT,test,18414,DDoS,1,0.240122,0.262934,KNOWN
BoT-IoT,test,18415,DDoS,1,0.129084,0.262934,KNOWN
BoT-IoT,test,18416,DDoS,1,0.116516,0.262934,KNOWN
BoT-IoT,test,18417,DoS,1,0.013997,0.262934,KNOWN
BoT-IoT,test,18418,DoS,1,0.071407,0.262934,KNOWN
BoT-IoT,test,18419,DoS,1,0.068628,0.262934,KNOWN
BoT-IoT,test,18420,DDoS,1,0.063809,0.262934,KNOWN
BoT-IoT,test,18421,Normal,1,0.076186,0.262934,KNOWN
BoT-IoT,test,18422,DoS,1,0.121581,0.262934,KNOWN
BoT-IoT,test,18423,DDoS,1,0.138339,0.262934,KNOWN
BoT-IoT,test,18424,DoS,1,0.040295,0.262934,KNOWN
BoT-IoT,test,18425,DDoS,1,0.063181,0.262934,KNOWN
BoT-IoT,test,18426,DoS,1,0.20071,0.262934,KNOWN
BoT-IoT,test,18427,Reconnaissance,1,0.042792,0.262934,KNOWN
BoT-IoT,test,18428,DDoS,1,0.03854,0.262934,KNOWN
BoT-IoT,test,18429,Normal,1,0.054256,0.262934,KNOWN
BoT-IoT,test,18430,DDoS,1,0.015357,0.262934,KNOWN
BoT-IoT,test,18431,DDoS,1,0.022021,0.262934,KNOWN
BoT-IoT,test,18432,DoS,1,0.184156,0.262934,KNOWN
BoT-IoT,test,18433,DDoS,1,0.012868,0.262934,KNOWN
BoT-IoT,test,18434,DDoS,1,0.020895,0.262934,KNOWN
BoT-IoT,test,18435,DDoS,1,0.030961,0.262934,KNOWN
BoT-IoT,test,18436,DoS,1,0.062262,0.262934,KNOWN
BoT-IoT,test,18437,DDoS,1,0.155724,0.262934,KNOWN
BoT-IoT,test,18438,DoS,1,0.009043,0.262934,KNOWN
BoT-IoT,test,18439,DoS,1,0.078897,0.262934,KNOWN
BoT-IoT,test,18440,DoS,1,0.023111,0.262934,KNOWN
BoT-IoT,test,18441,DDoS,1,0.040113,0.262934,KNOWN
BoT-IoT,test,18442,DoS,1,0.048206,0.262934,KNOWN
BoT-IoT,test,18443,DoS,1,0.074014,0.262934,KNOWN
BoT-IoT,test,18444,DDoS,1,0.081407,0.262934,KNOWN
BoT-IoT,test,18445,DoS,1,0.037781,0.262934,KNOWN
BoT-IoT,test,18446,DoS,1,0.003234,0.262934,KNOWN
BoT-IoT,test,18447,DDoS,1,0.065529,0.262934,KNOWN
BoT-IoT,test,18448,DoS,1,0.073,0.262934,KNOWN
BoT-IoT,test,18449,DDoS,1,0.176623,0.262934,KNOWN
BoT-IoT,test,18450,DDoS,1,0.232006,0.262934,KNOWN
BoT-IoT,test,18451,DDoS,1,0.207,0.262934,KNOWN
BoT-IoT,test,18452,DoS,1,0.157398,0.262934,KNOWN
BoT-IoT,test,18453,DDoS,1,0.219194,0.262934,KNOWN
BoT-IoT,test,18454,DDoS,1,0.274114,0.262934,ZERO_DAY
BoT-IoT,test,18455,DoS,1,0.193415,0.262934,KNOWN
BoT-IoT,test,18456,DoS,1,0.146331,0.262934,KNOWN
BoT-IoT,test,18457,DDoS,1,0.159903,0.262934,KNOWN
BoT-IoT,test,18458,DDoS,1,0.090457,0.262934,KNOWN
BoT-IoT,test,18459,DoS,1,0.088868,0.262934,KNOWN
BoT-IoT,test,18460,DoS,1,0.049063,0.262934,KNOWN
BoT-IoT,test,18461,DoS,1,0.030685,0.262934,KNOWN
BoT-IoT,test,18462,DoS,1,0.231856,0.262934,KNOWN
BoT-IoT,test,18463,DDoS,1,0.090107,0.262934,KNOWN
BoT-IoT,test,18464,DDoS,1,0.02919,0.262934,KNOWN
BoT-IoT,test,18465,DoS,1,0.042355,0.262934,KNOWN
BoT-IoT,test,18466,DoS,1,0.083997,0.262934,KNOWN
BoT-IoT,test,18467,DoS,1,0.123083,0.262934,KNOWN
BoT-IoT,test,18468,DDoS,1,0.014981,0.262934,KNOWN
BoT-IoT,test,18469,DoS,1,0.129938,0.262934,KNOWN
BoT-IoT,test,18470,DoS,1,0.114615,0.262934,KNOWN
BoT-IoT,test,18471,DDoS,1,0.067017,0.262934,KNOWN
BoT-IoT,test,18472,DoS,1,0.038948,0.262934,KNOWN
BoT-IoT,test,18473,DoS,1,0.053909,0.262934,KNOWN
BoT-IoT,test,18474,DoS,1,0.307425,0.262934,ZERO_DAY
BoT-IoT,test,18475,DDoS,1,0.009507,0.262934,KNOWN
BoT-IoT,test,18476,DoS,1,0.0526,0.262934,KNOWN
BoT-IoT,test,18477,DoS,1,0.054035,0.262934,KNOWN
BoT-IoT,test,18478,DoS,1,0.005801,0.262934,KNOWN
BoT-IoT,test,18479,DDoS,1,0.18899,0.262934,KNOWN
BoT-IoT,test,18480,DoS,1,0.041616,0.262934,KNOWN
BoT-IoT,test,18481,DDoS,1,0.009098,0.262934,KNOWN
BoT-IoT,test,18482,DDoS,1,0.202918,0.262934,KNOWN
BoT-IoT,test,18483,DoS,1,0.067863,0.262934,KNOWN
BoT-IoT,test,18484,DDoS,1,0.020129,0.262934,KNOWN
BoT-IoT,test,18485,DoS,1,0.038128,0.262934,KNOWN
BoT-IoT,test,18486,DoS,1,0.080466,0.262934,KNOWN
BoT-IoT,test,18487,DDoS,1,0.037017,0.262934,KNOWN
BoT-IoT,test,18488,DoS,1,0.006004,0.262934,KNOWN
BoT-IoT,test,18489,DoS,1,0.23085,0.262934,KNOWN
BoT-IoT,test,18490,DDoS,1,0.051852,0.262934,KNOWN
BoT-IoT,test,18491,DoS,1,0.022513,0.262934,KNOWN
BoT-IoT,test,18492,Normal,1,0.114356,0.262934,KNOWN
BoT-IoT,test,18493,DDoS,1,0.012662,0.262934,KNOWN
BoT-IoT,test,18494,DDoS,1,0.068684,0.262934,KNOWN
BoT-IoT,test,18495,DDoS,1,0.334459,0.262934,ZERO_DAY
BoT-IoT,test,18496,DoS,1,0.040059,0.262934,KNOWN
BoT-IoT,test,18497,DoS,1,0.086498,0.262934,KNOWN
BoT-IoT,test,18498,DDoS,1,0.037785,0.262934,KNOWN
BoT-IoT,test,18499,DDoS,1,0.007406,0.262934,KNOWN
BoT-IoT,test,18500,DoS,1,0.111478,0.262934,KNOWN
BoT-IoT,test,18501,DDoS,1,0.21573,0.262934,KNOWN
BoT-IoT,test,18502,DDoS,1,0.06823,0.262934,KNOWN
BoT-IoT,test,18503,DDoS,1,0.071129,0.262934,KNOWN
BoT-IoT,test,18504,DDoS,1,0.011033,0.262934,KNOWN
BoT-IoT,test,18505,DoS,1,0.079609,0.262934,KNOWN
BoT-IoT,test,18506,DDoS,1,0.208358,0.262934,KNOWN
BoT-IoT,test,18507,DoS,1,0.253087,0.262934,KNOWN
BoT-IoT,test,18508,DDoS,1,0.015773,0.262934,KNOWN
BoT-IoT,test,18509,DoS,1,0.042474,0.262934,KNOWN
BoT-IoT,test,18510,DDoS,1,0.057865,0.262934,KNOWN
BoT-IoT,test,18511,DoS,1,0.18172,0.262934,KNOWN
BoT-IoT,test,18512,DoS,1,0.148253,0.262934,KNOWN
BoT-IoT,test,18513,DoS,1,0.018974,0.262934,KNOWN
BoT-IoT,test,18514,DoS,1,0.01591,0.262934,KNOWN
BoT-IoT,test,18515,DoS,1,0.043464,0.262934,KNOWN
BoT-IoT,test,18516,DoS,1,0.045548,0.262934,KNOWN
BoT-IoT,test,18517,DDoS,1,0.172716,0.262934,KNOWN
BoT-IoT,test,18518,DDoS,1,0.036491,0.262934,KNOWN
BoT-IoT,test,18519,DoS,1,0.079584,0.262934,KNOWN
BoT-IoT,test,18520,DoS,1,0.132093,0.262934,KNOWN
BoT-IoT,test,18521,DoS,1,0.235206,0.262934,KNOWN
BoT-IoT,test,18522,DoS,1,0.101696,0.262934,KNOWN
BoT-IoT,test,18523,DDoS,1,0.116208,0.262934,KNOWN
BoT-IoT,test,18524,DDoS,1,0.169178,0.262934,KNOWN
BoT-IoT,test,18525,DDoS,1,0.033513,0.262934,KNOWN
BoT-IoT,test,18526,DDoS,1,0.086738,0.262934,KNOWN
BoT-IoT,test,18527,DoS,1,0.002444,0.262934,KNOWN
BoT-IoT,test,18528,DDoS,1,0.036787,0.262934,KNOWN
BoT-IoT,test,18529,DDoS,1,0.185068,0.262934,KNOWN
BoT-IoT,test,18530,DoS,1,0.010983,0.262934,KNOWN
BoT-IoT,test,18531,DoS,1,0.127583,0.262934,KNOWN
BoT-IoT,test,18532,DoS,1,0.226823,0.262934,KNOWN
BoT-IoT,test,18533,DoS,1,0.008116,0.262934,KNOWN
BoT-IoT,test,18534,DDoS,1,0.096329,0.262934,KNOWN
BoT-IoT,test,18535,DDoS,1,0.08433,0.262934,KNOWN
BoT-IoT,test,18536,DDoS,1,0.01129,0.262934,KNOWN
BoT-IoT,test,18537,DDoS,1,0.048037,0.262934,KNOWN
BoT-IoT,test,18538,DoS,1,0.022347,0.262934,KNOWN
BoT-IoT,test,18539,DDoS,1,0.159145,0.262934,KNOWN
BoT-IoT,test,18540,DoS,1,0.075587,0.262934,KNOWN
BoT-IoT,test,18541,DDoS,1,0.264036,0.262934,ZERO_DAY
BoT-IoT,test,18542,DDoS,1,0.041019,0.262934,KNOWN
BoT-IoT,test,18543,DDoS,1,0.01661,0.262934,KNOWN
BoT-IoT,test,18544,DDoS,1,0.062526,0.262934,KNOWN
BoT-IoT,test,18545,DDoS,1,0.016089,0.262934,KNOWN
BoT-IoT,test,18546,DoS,1,0.143577,0.262934,KNOWN
BoT-IoT,test,18547,DoS,1,0.189734,0.262934,KNOWN
BoT-IoT,test,18548,DDoS,1,0.120787,0.262934,KNOWN
BoT-IoT,test,18549,DDoS,1,0.094154,0.262934,KNOWN
BoT-IoT,test,18550,DDoS,1,0.126026,0.262934,KNOWN
BoT-IoT,test,18551,DoS,1,0.383878,0.262934,ZERO_DAY
BoT-IoT,test,18552,DDoS,1,0.037887,0.262934,KNOWN
BoT-IoT,test,18553,DDoS,1,0.069826,0.262934,KNOWN
BoT-IoT,test,18554,DoS,1,0.201497,0.262934,KNOWN
BoT-IoT,test,18555,DDoS,1,0.002022,0.262934,KNOWN
BoT-IoT,test,18556,DDoS,1,0.11818,0.262934,KNOWN
BoT-IoT,test,18557,DDoS,1,0.006671,0.262934,KNOWN
BoT-IoT,test,18558,DoS,1,0.02437,0.262934,KNOWN
BoT-IoT,test,18559,DDoS,1,0.120856,0.262934,KNOWN
BoT-IoT,test,18560,DDoS,1,0.065746,0.262934,KNOWN
BoT-IoT,test,18561,DDoS,1,0.014686,0.262934,KNOWN
BoT-IoT,test,18562,DoS,1,0.064835,0.262934,KNOWN
BoT-IoT,test,18563,DoS,1,0.238826,0.262934,KNOWN
BoT-IoT,test,18564,DoS,1,0.010624,0.262934,KNOWN
BoT-IoT,test,18565,DDoS,1,0.105724,0.262934,KNOWN
BoT-IoT,test,18566,DoS,1,0.010291,0.262934,KNOWN
BoT-IoT,test,18567,DDoS,1,0.030475,0.262934,KNOWN
BoT-IoT,test,18568,DDoS,1,0.324008,0.262934,ZERO_DAY
BoT-IoT,test,18569,DoS,1,0.20739,0.262934,KNOWN
BoT-IoT,test,18570,Normal,1,0.013013,0.262934,KNOWN
BoT-IoT,test,18571,DDoS,1,0.091468,0.262934,KNOWN
BoT-IoT,test,18572,DDoS,1,0.047492,0.262934,KNOWN
BoT-IoT,test,18573,DDoS,1,0.080274,0.262934,KNOWN
BoT-IoT,test,18574,DoS,1,0.101343,0.262934,KNOWN
BoT-IoT,test,18575,DDoS,1,0.077563,0.262934,KNOWN
BoT-IoT,test,18576,DDoS,1,0.011433,0.262934,KNOWN
BoT-IoT,test,18577,DDoS,1,0.164239,0.262934,KNOWN
BoT-IoT,test,18578,DDoS,1,0.075268,0.262934,KNOWN
BoT-IoT,test,18579,DoS,1,0.254748,0.262934,KNOWN
BoT-IoT,test,18580,DoS,1,0.182534,0.262934,KNOWN
BoT-IoT,test,18581,DoS,1,0.044611,0.262934,KNOWN
BoT-IoT,test,18582,DDoS,1,0.019281,0.262934,KNOWN
BoT-IoT,test,18583,DoS,1,0.248827,0.262934,KNOWN
BoT-IoT,test,18584,DDoS,1,0.048003,0.262934,KNOWN
BoT-IoT,test,18585,DoS,1,0.084646,0.262934,KNOWN
BoT-IoT,test,18586,DoS,1,0.220946,0.262934,KNOWN
BoT-IoT,test,18587,DDoS,1,0.184938,0.262934,KNOWN
BoT-IoT,test,18588,DDoS,1,0.017937,0.262934,KNOWN
BoT-IoT,test,18589,DDoS,1,0.066559,0.262934,KNOWN
BoT-IoT,test,18590,DDoS,1,0.07367,0.262934,KNOWN
BoT-IoT,zeroday,0,Theft,0,0.110801,0.262934,KNOWN
BoT-IoT,zeroday,1,Theft,0,0.04453,0.262934,KNOWN
BoT-IoT,zeroday,2,Theft,0,0.036289,0.262934,KNOWN
BoT-IoT,zeroday,3,Theft,0,0.136176,0.262934,KNOWN
BoT-IoT,zeroday,4,Theft,0,0.099003,0.262934,KNOWN
BoT-IoT,zeroday,5,Theft,0,0.222797,0.262934,KNOWN
BoT-IoT,zeroday,6,Theft,0,0.034825,0.262934,KNOWN
BoT-IoT,zeroday,7,Theft,0,0.037031,0.262934,KNOWN
BoT-IoT,zeroday,8,Theft,0,0.167757,0.262934,KNOWN
BoT-IoT,zeroday,9,Theft,0,0.316666,0.262934,ZERO_DAY
BoT-IoT,zeroday,10,Theft,0,0.071937,0.262934,KNOWN
BoT-IoT,zeroday,11,Theft,0,0.216755,0.262934,KNOWN
BoT-IoT,zeroday,12,Theft,0,0.251158,0.262934,KNOWN
BoT-IoT,zeroday,13,Theft,0,0.002335,0.262934,KNOWN
BoT-IoT,zeroday,14,Theft,0,0.30489,0.262934,ZERO_DAY
BoT-IoT,zeroday,15,Theft,0,0.049984,0.262934,KNOWN
BoT-IoT,zeroday,16,Theft,0,0.05577,0.262934,KNOWN
BoT-IoT,zeroday,17,Theft,0,0.0531,0.262934,KNOWN
BoT-IoT,zeroday,18,Theft,0,0.017528,0.262934,KNOWN
BoT-IoT,zeroday,19,Theft,0,0.101753,0.262934,KNOWN
BoT-IoT,zeroday,20,Theft,0,0.134277,0.262934,KNOWN
BoT-IoT,zeroday,21,Theft,0,0.14962,0.262934,KNOWN
BoT-IoT,zeroday,22,Theft,0,0.224444,0.262934,KNOWN
BoT-IoT,zeroday,23,Theft,0,0.415364,0.262934,ZERO_DAY
BoT-IoT,zeroday,24,Theft,0,0.035901,0.262934,KNOWN
BoT-IoT,zeroday,25,Theft,0,0.200441,0.262934,KNOWN
BoT-IoT,zeroday,26,Theft,0,0.292356,0.262934,ZERO_DAY
BoT-IoT,zeroday,27,Theft,0,0.043521,0.262934,KNOWN
BoT-IoT,zeroday,28,Theft,0,0.073395,0.262934,KNOWN
BoT-IoT,zeroday,29,Theft,0,0.151479,0.262934,KNOWN
BoT-IoT,zeroday,30,Theft,0,0.389179,0.262934,ZERO_DAY
BoT-IoT,zeroday,31,Theft,0,0.157811,0.262934,KNOWN
BoT-IoT,zeroday,32,Theft,0,0.436143,0.262934,ZERO_DAY
BoT-IoT,zeroday,33,Theft,0,0.13669,0.262934,KNOWN
BoT-IoT,zeroday,34,Theft,0,0.017535,0.262934,KNOWN
BoT-IoT,zeroday,35,Theft,0,0.110235,0.262934,KNOWN
BoT-IoT,zeroday,36,Theft,0,0.10016,0.262934,KNOWN
BoT-IoT,zeroday,37,Theft,0,0.251967,0.262934,KNOWN
BoT-IoT,zeroday,38,Theft,0,0.112376,0.262934,KNOWN
BoT-IoT,zeroday,39,Theft,0,0.040806,0.262934,KNOWN
BoT-IoT,zeroday,40,Theft,0,0.050513,0.262934,KNOWN
BoT-IoT,zeroday,41,Theft,0,0.173903,0.262934,KNOWN
BoT-IoT,zeroday,42,Theft,0,0.106514,0.262934,KNOWN
BoT-IoT,zeroday,43,Theft,0,0.017167,0.262934,KNOWN
BoT-IoT,zeroday,44,Theft,0,0.11608,0.262934,KNOWN
BoT-IoT,zeroday,45,Theft,0,0.143469,0.262934,KNOWN
BoT-IoT,zeroday,46,Theft,0,0.097111,0.262934,KNOWN
BoT-IoT,zeroday,47,Theft,0,0.033217,0.262934,KNOWN
BoT-IoT,zeroday,48,Theft,0,0.121207,0.262934,KNOWN
BoT-IoT,zeroday,49,Theft,0,0.10058,0.262934,KNOWN
BoT-IoT,zeroday,50,Theft,0,0.11582,0.262934,KNOWN
BoT-IoT,zeroday,51,Theft,0,0.176905,0.262934,KNOWN
BoT-IoT,zeroday,52,Theft,0,0.103095,0.262934,KNOWN
BoT-IoT,zeroday,53,Theft,0,0.077257,0.262934,KNOWN
BoT-IoT,zeroday,54,Theft,0,0.120301,0.262934,KNOWN
BoT-IoT,zeroday,55,Theft,0,0.135998,0.262934,KNOWN
BoT-IoT,zeroday,56,Theft,0,0.073354,0.262934,KNOWN
BoT-IoT,zeroday,57,Theft,0,0.011903,0.262934,KNOWN
BoT-IoT,zeroday,58,Theft,0,0.050369,0.262934,KNOWN
BoT-IoT,zeroday,59,Theft,0,0.006401,0.262934,KNOWN
BoT-IoT,zeroday,60,Theft,0,0.018779,0.262934,KNOWN
BoT-IoT,zeroday,61,Theft,0,0.096493,0.262934,KNOWN
BoT-IoT,zeroday,62,Theft,0,0.112069,0.262934,KNOWN
BoT-IoT,zeroday,63,Theft,0,0.232037,0.262934,KNOWN
BoT-IoT,zeroday,64,Theft,0,0.105565,0.262934,KNOWN
BoT-IoT,zeroday,65,Theft,0,0.191923,0.262934,KNOWN
BoT-IoT,zeroday,66,Theft,0,0.066383,0.262934,KNOWN
BoT-IoT,zeroday,67,Theft,0,0.106966,0.262934,KNOWN
BoT-IoT,zeroday,68,Theft,0,0.23542,0.262934,KNOWN
BoT-IoT,zeroday,69,Theft,0,0.069602,0.262934,KNOWN
BoT-IoT,zeroday,70,Theft,0,0.216728,0.262934,KNOWN
BoT-IoT,zeroday,71,Theft,0,0.276607,0.262934,ZERO_DAY
BoT-IoT,zeroday,72,Theft,0,0.030762,0.262934,KNOWN
BoT-IoT,zeroday,73,Theft,0,0.121671,0.262934,KNOWN
BoT-IoT,zeroday,74,Theft,0,0.109783,0.262934,KNOWN
BoT-IoT,zeroday,75,Theft,0,0.223147,0.262934,KNOWN
BoT-IoT,zeroday,76,Theft,0,0.14609,0.262934,KNOWN
BoT-IoT,zeroday,77,Theft,0,0.078993,0.262934,KNOWN
BoT-IoT,zeroday,78,Theft,0,0.113954,0.262934,KNOWN
BoT-IoT,zeroday,79,Theft,0,0.058188,0.262934,KNOWN
BoT-IoT,zeroday,80,Theft,0,0.036761,0.262934,KNOWN
BoT-IoT,zeroday,81,Theft,0,0.01829,0.262934,KNOWN
BoT-IoT,zeroday,82,Theft,0,0.057437,0.262934,KNOWN
BoT-IoT,zeroday,83,Theft,0,0.074538,0.262934,KNOWN
BoT-IoT,zeroday,84,Theft,0,0.305639,0.262934,ZERO_DAY
BoT-IoT,zeroday,85,Theft,0,0.276721,0.262934,ZERO_DAY
BoT-IoT,zeroday,86,Theft,0,0.140514,0.262934,KNOWN
BoT-IoT,zeroday,87,Theft,0,0.237713,0.262934,KNOWN
BoT-IoT,zeroday,88,Theft,0,0.050053,0.262934,KNOWN
BoT-IoT,zeroday,89,Theft,0,0.083572,0.262934,KNOWN
BoT-IoT,zeroday,90,Theft,0,0.115785,0.262934,KNOWN
BoT-IoT,zeroday,91,Theft,0,0.154814,0.262934,KNOWN
BoT-IoT,zeroday,92,Theft,0,0.095612,0.262934,KNOWN
BoT-IoT,zeroday,93,Theft,0,0.032692,0.262934,KNOWN
BoT-IoT,zeroday,94,Theft,0,0.153703,0.262934,KNOWN
BoT-IoT,zeroday,95,Theft,0,0.123586,0.262934,KNOWN
BoT-IoT,zeroday,96,Theft,0,0.084724,0.262934,KNOWN
BoT-IoT,zeroday,97,Theft,0,0.082379,0.262934,KNOWN
BoT-IoT,zeroday,98,Theft,0,0.240967,0.262934,KNOWN
BoT-IoT,zeroday,99,Theft,0,0.099767,0.262934,KNOWN
BoT-IoT,zeroday,100,Theft,0,0.1182,0.262934,KNOWN
BoT-IoT,zeroday,101,Theft,0,0.060802,0.262934,KNOWN
BoT-IoT,zeroday,102,Theft,0,0.139334,0.262934,KNOWN
BoT-IoT,zeroday,103,Theft,0,0.039864,0.262934,KNOWN
BoT-IoT,zeroday,104,Theft,0,0.172376,0.262934,KNOWN
BoT-IoT,zeroday,105,Theft,0,0.274971,0.262934,ZERO_DAY
BoT-IoT,zeroday,106,Theft,0,0.041049,0.262934,KNOWN
BoT-IoT,zeroday,107,Theft,0,0.106041,0.262934,KNOWN
BoT-IoT,zeroday,108,Theft,0,0.105253,0.262934,KNOWN
BoT-IoT,zeroday,109,Theft,0,0.184418,0.262934,KNOWN
BoT-IoT,zeroday,110,Theft,0,0.003814,0.262934,KNOWN
BoT-IoT,zeroday,111,Theft,0,0.249651,0.262934,KNOWN
BoT-IoT,zeroday,112,Theft,0,0.044774,0.262934,KNOWN
BoT-IoT,zeroday,113,Theft,0,0.088208,0.262934,KNOWN
BoT-IoT,zeroday,114,Theft,0,0.123717,0.262934,KNOWN
BoT-IoT,zeroday,115,Theft,0,0.044503,0.262934,KNOWN
BoT-IoT,zeroday,116,Theft,0,0.131258,0.262934,KNOWN
BoT-IoT,zeroday,117,Theft,0,0.111411,0.262934,KNOWN
BoT-IoT,zeroday,118,Theft,0,0.078059,0.262934,KNOWN
BoT-IoT,zeroday,119,Theft,0,0.066539,0.262934,KNOWN
BoT-IoT,zeroday,120,Theft,0,0.051714,0.262934,KNOWN
BoT-IoT,zeroday,121,Theft,0,0.129327,0.262934,KNOWN
BoT-IoT,zeroday,122,Theft,0,0.268326,0.262934,ZERO_DAY
BoT-IoT,zeroday,123,Theft,0,0.417725,0.262934,ZERO_DAY
BoT-IoT,zeroday,124,Theft,0,0.088231,0.262934,KNOWN
BoT-IoT,zeroday,125,Theft,0,0.124709,0.262934,KNOWN
BoT-IoT,zeroday,126,Theft,0,0.104752,0.262934,KNOWN
BoT-IoT,zeroday,127,Theft,0,0.07644,0.262934,KNOWN
BoT-IoT,zeroday,128,Theft,0,0.024906,0.262934,KNOWN
BoT-IoT,zeroday,129,Theft,0,0.138426,0.262934,KNOWN
BoT-IoT,zeroday,130,Theft,0,0.004987,0.262934,KNOWN
BoT-IoT,zeroday,131,Theft,0,0.089018,0.262934,KNOWN
BoT-IoT,zeroday,132,Theft,0,0.09134,0.262934,KNOWN
BoT-IoT,zeroday,133,Theft,0,0.033712,0.262934,KNOWN
BoT-IoT,zeroday,134,Theft,0,0.073638,0.262934,KNOWN
BoT-IoT,zeroday,135,Theft,0,0.166301,0.262934,KNOWN
BoT-IoT,zeroday,136,Theft,0,0.236396,0.262934,KNOWN
BoT-IoT,zeroday,137,Theft,0,0.032273,0.262934,KNOWN
BoT-IoT,zeroday,138,Theft,0,0.226793,0.262934,KNOWN
BoT-IoT,zeroday,139,Theft,0,0.157509,0.262934,KNOWN
BoT-IoT,zeroday,140,Theft,0,0.293416,0.262934,ZERO_DAY
BoT-IoT,zeroday,141,Theft,0,0.031957,0.262934,KNOWN
BoT-IoT,zeroday,142,Theft,0,0.285258,0.262934,ZERO_DAY
BoT-IoT,zeroday,143,Theft,0,0.310593,0.262934,ZERO_DAY
BoT-IoT,zeroday,144,Theft,0,0.04135,0.262934,KNOWN
BoT-IoT,zeroday,145,Theft,0,0.049205,0.262934,KNOWN
BoT-IoT,zeroday,146,Theft,0,0.241141,0.262934,KNOWN
BoT-IoT,zeroday,147,Theft,0,0.127833,0.262934,KNOWN
BoT-IoT,zeroday,148,Theft,0,0.201355,0.262934,KNOWN
BoT-IoT,zeroday,149,Theft,0,0.432887,0.262934,ZERO_DAY
BoT-IoT,zeroday,150,Theft,0,0.054057,0.262934,KNOWN
BoT-IoT,zeroday,151,Theft,0,0.215088,0.262934,KNOWN
BoT-IoT,zeroday,152,Theft,0,0.012431,0.262934,KNOWN
BoT-IoT,zeroday,153,Theft,0,0.065227,0.262934,KNOWN
BoT-IoT,zeroday,154,Theft,0,0.206373,0.262934,KNOWN
BoT-IoT,zeroday,155,Theft,0,0.101801,0.262934,KNOWN
BoT-IoT,zeroday,156,Theft,0,0.248413,0.262934,KNOWN
BoT-IoT,zeroday,157,Theft,0,0.239177,0.262934,KNOWN
BoT-IoT,zeroday,158,Theft,0,0.22953,0.262934,KNOWN
BoT-IoT,zeroday,159,Theft,0,0.330115,0.262934,ZERO_DAY
BoT-IoT,zeroday,160,Theft,0,0.090406,0.262934,KNOWN
BoT-IoT,zeroday,161,Theft,0,0.162003,0.262934,KNOWN
BoT-IoT,zeroday,162,Theft,0,0.194439,0.262934,KNOWN
BoT-IoT,zeroday,163,Theft,0,0.333081,0.262934,ZERO_DAY
BoT-IoT,zeroday,164,Theft,0,0.024314,0.262934,KNOWN
BoT-IoT,zeroday,165,Theft,0,0.094469,0.262934,KNOWN
BoT-IoT,zeroday,166,Theft,0,0.189409,0.262934,KNOWN
BoT-IoT,zeroday,167,Theft,0,0.151219,0.262934,KNOWN
BoT-IoT,zeroday,168,Theft,0,0.210933,0.262934,KNOWN
BoT-IoT,zeroday,169,Theft,0,0.099022,0.262934,KNOWN
BoT-IoT,zeroday,170,Theft,0,0.036161,0.262934,KNOWN
BoT-IoT,zeroday,171,Theft,0,0.262369,0.262934,KNOWN
BoT-IoT,zeroday,172,Theft,0,0.148719,0.262934,KNOWN
BoT-IoT,zeroday,173,Theft,0,0.26808,0.262934,ZERO_DAY
BoT-IoT,zeroday,174,Theft,0,0.177405,0.262934,KNOWN
BoT-IoT,zeroday,175,Theft,0,0.278101,0.262934,ZERO_DAY
BoT-IoT,zeroday,176,Theft,0,0.072714,0.262934,KNOWN
BoT-IoT,zeroday,177,Theft,0,0.240251,0.262934,KNOWN
BoT-IoT,zeroday,178,Theft,0,0.140481,0.262934,KNOWN
BoT-IoT,zeroday,179,Theft,0,0.21641,0.262934,KNOWN
BoT-IoT,zeroday,180,Theft,0,0.176816,0.262934,KNOWN
BoT-IoT,zeroday,181,Theft,0,0.145264,0.262934,KNOWN
BoT-IoT,zeroday,182,Theft,0,0.04938,0.262934,KNOWN
BoT-IoT,zeroday,183,Theft,0,0.032874,0.262934,KNOWN
BoT-IoT,zeroday,184,Theft,0,0.309779,0.262934,ZERO_DAY
BoT-IoT,zeroday,185,Theft,0,0.06059,0.262934,KNOWN
BoT-IoT,zeroday,186,Theft,0,0.190519,0.262934,KNOWN
BoT-IoT,zeroday,187,Theft,0,0.10771,0.262934,KNOWN
BoT-IoT,zeroday,188,Theft,0,0.028477,0.262934,KNOWN
BoT-IoT,zeroday,189,Theft,0,0.031891,0.262934,KNOWN
BoT-IoT,zeroday,190,Theft,0,0.129294,0.262934,KNOWN
BoT-IoT,zeroday,191,Theft,0,0.178114,0.262934,KNOWN
BoT-IoT,zeroday,192,Theft,0,0.238219,0.262934,KNOWN
BoT-IoT,zeroday,193,Theft,0,0.191563,0.262934,KNOWN
BoT-IoT,zeroday,194,Theft,0,0.260376,0.262934,KNOWN
BoT-IoT,zeroday,195,Theft,0,0.136591,0.262934,KNOWN
BoT-IoT,zeroday,196,Theft,0,0.29289,0.262934,ZERO_DAY
BoT-IoT,zeroday,197,Theft,0,0.231797,0.262934,KNOWN
BoT-IoT,zeroday,198,Theft,0,0.092872,0.262934,KNOWN
BoT-IoT,zeroday,199,Theft,0,0.10468,0.262934,KNOWN
BoT-IoT,zeroday,200,Theft,0,0.17849,0.262934,KNOWN
BoT-IoT,zeroday,201,Theft,0,0.15229,0.262934,KNOWN
BoT-IoT,zeroday,202,Theft,0,0.047846,0.262934,KNOWN
BoT-IoT,zeroday,203,Theft,0,0.147114,0.262934,KNOWN
BoT-IoT,zeroday,204,Theft,0,0.186489,0.262934,KNOWN
BoT-IoT,zeroday,205,Theft,0,0.142655,0.262934,KNOWN
BoT-IoT,zeroday,206,Theft,0,0.268916,0.262934,ZERO_DAY
BoT-IoT,zeroday,207,Theft,0,0.139591,0.262934,KNOWN
BoT-IoT,zeroday,208,Theft,0,0.037972,0.262934,KNOWN
BoT-IoT,zeroday,209,Theft,0,0.003504,0.262934,KNOWN
BoT-IoT,zeroday,210,Theft,0,0.087328,0.262934,KNOWN
BoT-IoT,zeroday,211,Theft,0,0.087693,0.262934,KNOWN
BoT-IoT,zeroday,212,Theft,0,0.045317,0.262934,KNOWN
BoT-IoT,zeroday,213,Theft,0,0.027848,0.262934,KNOWN
BoT-IoT,zeroday,214,Theft,0,0.502826,0.262934,ZERO_DAY
BoT-IoT,zeroday,215,Theft,0,0.013457,0.262934,KNOWN
BoT-IoT,zeroday,216,Theft,0,0.100087,0.262934,KNOWN
BoT-IoT,zeroday,217,Theft,0,0.338211,0.262934,ZERO_DAY
BoT-IoT,zeroday,218,Theft,0,0.035537,0.262934,KNOWN
BoT-IoT,zeroday,219,Theft,0,0.072742,0.262934,KNOWN
BoT-IoT,zeroday,220,Theft,0,0.213662,0.262934,KNOWN
BoT-IoT,zeroday,221,Theft,0,0.069146,0.262934,KNOWN
BoT-IoT,zeroday,222,Theft,0,0.127234,0.262934,KNOWN
BoT-IoT,zeroday,223,Theft,0,0.069696,0.262934,KNOWN
BoT-IoT,zeroday,224,Theft,0,0.106816,0.262934,KNOWN
BoT-IoT,zeroday,225,Theft,0,0.087985,0.262934,KNOWN
BoT-IoT,zeroday,226,Theft,0,0.267859,0.262934,ZERO_DAY
BoT-IoT,zeroday,227,Theft,0,0.117874,0.262934,KNOWN
BoT-IoT,zeroday,228,Theft,0,0.0816,0.262934,KNOWN
BoT-IoT,zeroday,229,Theft,0,0.052573,0.262934,KNOWN
BoT-IoT,zeroday,230,Theft,0,0.23407,0.262934,KNOWN
BoT-IoT,zeroday,231,Theft,0,0.151876,0.262934,KNOWN
BoT-IoT,zeroday,232,Theft,0,0.259965,0.262934,KNOWN
BoT-IoT,zeroday,233,Theft,0,0.146608,0.262934,KNOWN
BoT-IoT,zeroday,234,Theft,0,0.154193,0.262934,KNOWN
BoT-IoT,zeroday,235,Theft,0,0.157284,0.262934,KNOWN
BoT-IoT,zeroday,236,Theft,0,0.133712,0.262934,KNOWN
BoT-IoT,zeroday,237,Theft,0,0.018607,0.262934,KNOWN
BoT-IoT,zeroday,238,Theft,0,0.07216,0.262934,KNOWN
BoT-IoT,zeroday,239,Theft,0,0.106375,0.262934,KNOWN
BoT-IoT,zeroday,240,Theft,0,0.130362,0.262934,KNOWN
BoT-IoT,zeroday,241,Theft,0,0.072153,0.262934,KNOWN
BoT-IoT,zeroday,242,Theft,0,0.020507,0.262934,KNOWN
BoT-IoT,zeroday,243,Theft,0,0.095649,0.262934,KNOWN
BoT-IoT,zeroday,244,Theft,0,0.13475,0.262934,KNOWN
BoT-IoT,zeroday,245,Theft,0,0.291755,0.262934,ZERO_DAY
BoT-IoT,zeroday,246,Theft,0,0.068469,0.262934,KNOWN
BoT-IoT,zeroday,247,Theft,0,0.139948,0.262934,KNOWN
BoT-IoT,zeroday,248,Theft,0,0.104924,0.262934,KNOWN
BoT-IoT,zeroday,249,Theft,0,0.051566,0.262934,KNOWN
BoT-IoT,zeroday,250,Theft,0,0.046351,0.262934,KNOWN
BoT-IoT,zeroday,251,Theft,0,0.051279,0.262934,KNOWN
BoT-IoT,zeroday,252,Theft,0,0.161257,0.262934,KNOWN
BoT-IoT,zeroday,253,Theft,0,0.038729,0.262934,KNOWN
BoT-IoT,zeroday,254,Theft,0,0.277625,0.262934,ZERO_DAY
BoT-IoT,zeroday,255,Theft,0,0.038207,0.262934,KNOWN
BoT-IoT,zeroday,256,Theft,0,0.133607,0.262934,KNOWN
BoT-IoT,zeroday,257,Theft,0,0.174577,0.262934,KNOWN
BoT-IoT,zeroday,258,Theft,0,0.078436,0.262934,KNOWN
BoT-IoT,zeroday,259,Theft,0,0.25789,0.262934,KNOWN
BoT-IoT,zeroday,260,Theft,0,0.045928,0.262934,KNOWN
BoT-IoT,zeroday,261,Theft,0,0.017572,0.262934,KNOWN
BoT-IoT,zeroday,262,Theft,0,0.023341,0.262934,KNOWN
BoT-IoT,zeroday,263,Theft,0,0.158381,0.262934,KNOWN
BoT-IoT,zeroday,264,Theft,0,0.32094,0.262934,ZERO_DAY
BoT-IoT,zeroday,265,Theft,0,0.022489,0.262934,KNOWN
BoT-IoT,zeroday,266,Theft,0,0.127751,0.262934,KNOWN
BoT-IoT,zeroday,267,Theft,0,0.033742,0.262934,KNOWN
BoT-IoT,zeroday,268,Theft,0,0.061728,0.262934,KNOWN
BoT-IoT,zeroday,269,Theft,0,0.109378,0.262934,KNOWN
BoT-IoT,zeroday,270,Theft,0,0.058452,0.262934,KNOWN
BoT-IoT,zeroday,271,Theft,0,0.136949,0.262934,KNOWN
BoT-IoT,zeroday,272,Theft,0,0.048995,0.262934,KNOWN
BoT-IoT,zeroday,273,Theft,0,0.059949,0.262934,KNOWN
BoT-IoT,zeroday,274,Theft,0,0.112358,0.262934,KNOWN
BoT-IoT,zeroday,275,Theft,0,0.119315,0.262934,KNOWN
BoT-IoT,zeroday,276,Theft,0,0.049131,0.262934,KNOWN
BoT-IoT,zeroday,277,Theft,0,0.027783,0.262934,KNOWN
BoT-IoT,zeroday,278,Theft,0,0.156605,0.262934,KNOWN
BoT-IoT,zeroday,279,Theft,0,0.084876,0.262934,KNOWN
BoT-IoT,zeroday,280,Theft,0,0.081666,0.262934,KNOWN
BoT-IoT,zeroday,281,Theft,0,0.012939,0.262934,KNOWN
BoT-IoT,zeroday,282,Theft,0,0.024442,0.262934,KNOWN
BoT-IoT,zeroday,283,Theft,0,0.153895,0.262934,KNOWN
BoT-IoT,zeroday,284,Theft,0,0.079338,0.262934,KNOWN
BoT-IoT,zeroday,285,Theft,0,0.09638,0.262934,KNOWN
BoT-IoT,zeroday,286,Theft,0,0.265406,0.262934,ZERO_DAY
BoT-IoT,zeroday,287,Theft,0,0.076306,0.262934,KNOWN
BoT-IoT,zeroday,288,Theft,0,0.142877,0.262934,KNOWN
BoT-IoT,zeroday,289,Theft,0,0.053259,0.262934,KNOWN
BoT-IoT,zeroday,290,Theft,0,0.252382,0.262934,KNOWN
BoT-IoT,zeroday,291,Theft,0,0.068569,0.262934,KNOWN
BoT-IoT,zeroday,292,Theft,0,0.198948,0.262934,KNOWN
BoT-IoT,zeroday,293,Theft,0,0.22001,0.262934,KNOWN
BoT-IoT,zeroday,294,Theft,0,0.118165,0.262934,KNOWN
BoT-IoT,zeroday,295,Theft,0,0.148011,0.262934,KNOWN
BoT-IoT,zeroday,296,Theft,0,0.308174,0.262934,ZERO_DAY
BoT-IoT,zeroday,297,Theft,0,0.011502,0.262934,KNOWN
BoT-IoT,zeroday,298,Theft,0,0.154014,0.262934,KNOWN
BoT-IoT,zeroday,299,Theft,0,0.021672,0.262934,KNOWN
BoT-IoT,zeroday,300,Theft,0,0.031905,0.262934,KNOWN
BoT-IoT,zeroday,301,Theft,0,0.015916,0.262934,KNOWN
BoT-IoT,zeroday,302,Theft,0,0.14941,0.262934,KNOWN
BoT-IoT,zeroday,303,Theft,0,0.031791,0.262934,KNOWN
BoT-IoT,zeroday,304,Theft,0,0.031668,0.262934,KNOWN
BoT-IoT,zeroday,305,Theft,0,0.108312,0.262934,KNOWN
BoT-IoT,zeroday,306,Theft,0,0.15448,0.262934,KNOWN
BoT-IoT,zeroday,307,Theft,0,0.008147,0.262934,KNOWN
BoT-IoT,zeroday,308,Theft,0,0.160928,0.262934,KNOWN
BoT-IoT,zeroday,309,Theft,0,0.141073,0.262934,KNOWN
BoT-IoT,zeroday,310,Theft,0,0.182754,0.262934,KNOWN
BoT-IoT,zeroday,311,Theft,0,0.033079,0.262934,KNOWN
BoT-IoT,zeroday,312,Theft,0,0.136158,0.262934,KNOWN
BoT-IoT,zeroday,313,Theft,0,0.036663,0.262934,KNOWN
BoT-IoT,zeroday,314,Theft,0,0.270265,0.262934,ZERO_DAY
BoT-IoT,zeroday,315,Theft,0,0.040776,0.262934,KNOWN
BoT-IoT,zeroday,316,Theft,0,0.036036,0.262934,KNOWN
BoT-IoT,zeroday,317,Theft,0,0.315431,0.262934,ZERO_DAY
BoT-IoT,zeroday,318,Theft,0,0.355681,0.262934,ZERO_DAY
BoT-IoT,zeroday,319,Theft,0,0.17298,0.262934,KNOWN
BoT-IoT,zeroday,320,Theft,0,0.058099,0.262934,KNOWN
BoT-IoT,zeroday,321,Theft,0,0.066554,0.262934,KNOWN
BoT-IoT,zeroday,322,Theft,0,0.11259,0.262934,KNOWN
BoT-IoT,zeroday,323,Theft,0,0.048752,0.262934,KNOWN
BoT-IoT,zeroday,324,Theft,0,0.038351,0.262934,KNOWN
BoT-IoT,zeroday,325,Theft,0,0.0237,0.262934,KNOWN
BoT-IoT,zeroday,326,Theft,0,0.092065,0.262934,KNOWN
BoT-IoT,zeroday,327,Theft,0,0.071908,0.262934,KNOWN
BoT-IoT,zeroday,328,Theft,0,0.114664,0.262934,KNOWN
BoT-IoT,zeroday,329,Theft,0,0.095508,0.262934,KNOWN
BoT-IoT,zeroday,330,Theft,0,0.153342,0.262934,KNOWN
BoT-IoT,zeroday,331,Theft,0,0.044484,0.262934,KNOWN
BoT-IoT,zeroday,332,Theft,0,0.077083,0.262934,KNOWN
BoT-IoT,zeroday,333,Theft,0,0.216659,0.262934,KNOWN
BoT-IoT,zeroday,334,Theft,0,0.057586,0.262934,KNOWN
BoT-IoT,zeroday,335,Theft,0,0.067321,0.262934,KNOWN
BoT-IoT,zeroday,336,Theft,0,0.086636,0.262934,KNOWN
BoT-IoT,zeroday,337,Theft,0,0.200957,0.262934,KNOWN
BoT-IoT,zeroday,338,Theft,0,0.056909,0.262934,KNOWN
BoT-IoT,zeroday,339,Theft,0,0.331265,0.262934,ZERO_DAY
BoT-IoT,zeroday,340,Theft,0,0.013598,0.262934,KNOWN
BoT-IoT,zeroday,341,Theft,0,0.047648,0.262934,KNOWN
BoT-IoT,zeroday,342,Theft,0,0.04441,0.262934,KNOWN
BoT-IoT,zeroday,343,Theft,0,0.069529,0.262934,KNOWN
BoT-IoT,zeroday,344,Theft,0,0.132819,0.262934,KNOWN
BoT-IoT,zeroday,345,Theft,0,0.266928,0.262934,ZERO_DAY
BoT-IoT,zeroday,346,Theft,0,0.100166,0.262934,KNOWN
BoT-IoT,zeroday,347,Theft,0,0.377153,0.262934,ZERO_DAY
BoT-IoT,zeroday,348,Theft,0,0.111885,0.262934,KNOWN
BoT-IoT,zeroday,349,Theft,0,0.091077,0.262934,KNOWN
BoT-IoT,zeroday,350,Theft,0,0.344108,0.262934,ZERO_DAY
BoT-IoT,zeroday,351,Theft,0,0.173438,0.262934,KNOWN
BoT-IoT,zeroday,352,Theft,0,0.040682,0.262934,KNOWN
BoT-IoT,zeroday,353,Theft,0,0.050783,0.262934,KNOWN
BoT-IoT,zeroday,354,Theft,0,0.166022,0.262934,KNOWN
BoT-IoT,zeroday,355,Theft,0,0.046045,0.262934,KNOWN
BoT-IoT,zeroday,356,Theft,0,0.028604,0.262934,KNOWN
BoT-IoT,zeroday,357,Theft,0,0.052076,0.262934,KNOWN
BoT-IoT,zeroday,358,Theft,0,0.068606,0.262934,KNOWN
BoT-IoT,zeroday,359,Theft,0,0.082959,0.262934,KNOWN
BoT-IoT,zeroday,360,Theft,0,0.000196,0.262934,KNOWN
BoT-IoT,zeroday,361,Theft,0,0.296984,0.262934,ZERO_DAY
BoT-IoT,zeroday,362,Theft,0,0.069851,0.262934,KNOWN
BoT-IoT,zeroday,363,Theft,0,0.401191,0.262934,ZERO_DAY
BoT-IoT,zeroday,364,Theft,0,0.121491,0.262934,KNOWN
BoT-IoT,zeroday,365,Theft,0,0.047752,0.262934,KNOWN
BoT-IoT,zeroday,366,Theft,0,0.195437,0.262934,KNOWN
BoT-IoT,zeroday,367,Theft,0,0.045143,0.262934,KNOWN
BoT-IoT,zeroday,368,Theft,0,0.059513,0.262934,KNOWN
BoT-IoT,zeroday,369,Theft,0,0.112976,0.262934,KNOWN
BoT-IoT,zeroday,370,Theft,0,0.186919,0.262934,KNOWN
BoT-IoT,zeroday,371,Theft,0,0.221486,0.262934,KNOWN
BoT-IoT,zeroday,372,Theft,0,0.202201,0.262934,KNOWN
BoT-IoT,zeroday,373,Theft,0,0.037016,0.262934,KNOWN
BoT-IoT,zeroday,374,Theft,0,0.035418,0.262934,KNOWN
BoT-IoT,zeroday,375,Theft,0,0.257555,0.262934,KNOWN
BoT-IoT,zeroday,376,Theft,0,0.499803,0.262934,ZERO_DAY
BoT-IoT,zeroday,377,Theft,0,0.077445,0.262934,KNOWN
BoT-IoT,zeroday,378,Theft,0,0.10059,0.262934,KNOWN
BoT-IoT,zeroday,379,Theft,0,0.104112,0.262934,KNOWN
BoT-IoT,zeroday,380,Theft,0,0.371427,0.262934,ZERO_DAY
BoT-IoT,zeroday,381,Theft,0,0.024736,0.262934,KNOWN
BoT-IoT,zeroday,382,Theft,0,0.144537,0.262934,KNOWN
BoT-IoT,zeroday,383,Theft,0,0.17166,0.262934,KNOWN
BoT-IoT,zeroday,384,Theft,0,0.169311,0.262934,KNOWN
BoT-IoT,zeroday,385,Theft,0,0.262178,0.262934,KNOWN
BoT-IoT,zeroday,386,Theft,0,0.247942,0.262934,KNOWN
BoT-IoT,zeroday,387,Theft,0,0.096366,0.262934,KNOWN
BoT-IoT,zeroday,388,Theft,0,0.114028,0.262934,KNOWN
BoT-IoT,zeroday,389,Theft,0,0.18287,0.262934,KNOWN
BoT-IoT,zeroday,390,Theft,0,0.06435,0.262934,KNOWN
BoT-IoT,zeroday,391,Theft,0,0.094851,0.262934,KNOWN
BoT-IoT,zeroday,392,Theft,0,0.021969,0.262934,KNOWN
BoT-IoT,zeroday,393,Theft,0,0.135869,0.262934,KNOWN
BoT-IoT,zeroday,394,Theft,0,0.06681,0.262934,KNOWN
BoT-IoT,zeroday,395,Theft,0,0.020503,0.262934,KNOWN
BoT-IoT,zeroday,396,Theft,0,0.046701,0.262934,KNOWN
BoT-IoT,zeroday,397,Theft,0,0.084829,0.262934,KNOWN
BoT-IoT,zeroday,398,Theft,0,0.051952,0.262934,KNOWN
BoT-IoT,zeroday,399,Theft,0,0.140924,0.262934,KNOWN
BoT-IoT,zeroday,400,Theft,0,0.11508,0.262934,KNOWN
BoT-IoT,zeroday,401,Theft,0,0.014943,0.262934,KNOWN
BoT-IoT,zeroday,402,Theft,0,0.271768,0.262934,ZERO_DAY
BoT-IoT,zeroday,403,Theft,0,0.243715,0.262934,KNOWN
BoT-IoT,zeroday,404,Theft,0,0.039946,0.262934,KNOWN
BoT-IoT,zeroday,405,Theft,0,0.028849,0.262934,KNOWN
BoT-IoT,zeroday,406,Theft,0,0.259064,0.262934,KNOWN
BoT-IoT,zeroday,407,Theft,0,0.021966,0.262934,KNOWN
BoT-IoT,zeroday,408,Theft,0,0.036936,0.262934,KNOWN
BoT-IoT,zeroday,409,Theft,0,0.131935,0.262934,KNOWN
BoT-IoT,zeroday,410,Theft,0,0.181941,0.262934,KNOWN
BoT-IoT,zeroday,411,Theft,0,0.078238,0.262934,KNOWN
BoT-IoT,zeroday,412,Theft,0,0.157105,0.262934,KNOWN
BoT-IoT,zeroday,413,Theft,0,0.05584,0.262934,KNOWN
BoT-IoT,zeroday,414,Theft,0,0.160001,0.262934,KNOWN
BoT-IoT,zeroday,415,Theft,0,0.096668,0.262934,KNOWN
BoT-IoT,zeroday,416,Theft,0,0.191519,0.262934,KNOWN
BoT-IoT,zeroday,417,Theft,0,0.017263,0.262934,KNOWN
BoT-IoT,zeroday,418,Theft,0,0.041082,0.262934,KNOWN
BoT-IoT,zeroday,419,Theft,0,0.099565,0.262934,KNOWN
BoT-IoT,zeroday,420,Theft,0,0.059313,0.262934,KNOWN
BoT-IoT,zeroday,421,Theft,0,0.088709,0.262934,KNOWN
BoT-IoT,zeroday,422,Theft,0,0.090621,0.262934,KNOWN
BoT-IoT,zeroday,423,Theft,0,0.136717,0.262934,KNOWN
BoT-IoT,zeroday,424,Theft,0,0.232459,0.262934,KNOWN
BoT-IoT,zeroday,425,Theft,0,0.032475,0.262934,KNOWN
BoT-IoT,zeroday,426,Theft,0,0.163242,0.262934,KNOWN
BoT-IoT,zeroday,427,Theft,0,0.031063,0.262934,KNOWN
BoT-IoT,zeroday,428,Theft,0,0.204001,0.262934,KNOWN
BoT-IoT,zeroday,429,Theft,0,0.174925,0.262934,KNOWN
BoT-IoT,zeroday,430,Theft,0,0.106437,0.262934,KNOWN
BoT-IoT,zeroday,431,Theft,0,0.034146,0.262934,KNOWN
BoT-IoT,zeroday,432,Theft,0,0.181164,0.262934,KNOWN
BoT-IoT,zeroday,433,Theft,0,0.12282,0.262934,KNOWN
BoT-IoT,zeroday,434,Theft,0,0.263437,0.262934,ZERO_DAY
BoT-IoT,zeroday,435,Theft,0,0.0787,0.262934,KNOWN
BoT-IoT,zeroday,436,Theft,0,0.283434,0.262934,ZERO_DAY
BoT-IoT,zeroday,437,Theft,0,0.091197,0.262934,KNOWN
BoT-IoT,zeroday,438,Theft,0,0.294189,0.262934,ZERO_DAY
BoT-IoT,zeroday,439,Theft,0,0.074711,0.262934,KNOWN
BoT-IoT,zeroday,440,Theft,0,0.471028,0.262934,ZERO_DAY
BoT-IoT,zeroday,441,Theft,0,0.325328,0.262934,ZERO_DAY
BoT-IoT,zeroday,442,Theft,0,0.017663,0.262934,KNOWN
BoT-IoT,zeroday,443,Theft,0,0.301502,0.262934,ZERO_DAY
BoT-IoT,zeroday,444,Theft,0,0.012226,0.262934,KNOWN
BoT-IoT,zeroday,445,Theft,0,0.160201,0.262934,KNOWN
BoT-IoT,zeroday,446,Theft,0,0.140056,0.262934,KNOWN
BoT-IoT,zeroday,447,Theft,0,0.077281,0.262934,KNOWN
BoT-IoT,zeroday,448,Theft,0,0.092045,0.262934,KNOWN
BoT-IoT,zeroday,449,Theft,0,0.211952,0.262934,KNOWN
BoT-IoT,zeroday,450,Theft,0,0.297503,0.262934,ZERO_DAY
BoT-IoT,zeroday,451,Theft,0,0.057039,0.262934,KNOWN
BoT-IoT,zeroday,452,Theft,0,0.222793,0.262934,KNOWN
BoT-IoT,zeroday,453,Theft,0,0.276802,0.262934,ZERO_DAY
BoT-IoT,zeroday,454,Theft,0,0.010812,0.262934,KNOWN
BoT-IoT,zeroday,455,Theft,0,0.229039,0.262934,KNOWN
BoT-IoT,zeroday,456,Theft,0,0.102452,0.262934,KNOWN
BoT-IoT,zeroday,457,Theft,0,0.232125,0.262934,KNOWN
BoT-IoT,zeroday,458,Theft,0,0.071883,0.262934,KNOWN
BoT-IoT,zeroday,459,Theft,0,0.03747,0.262934,KNOWN
BoT-IoT,zeroday,460,Theft,0,0.131686,0.262934,KNOWN
BoT-IoT,zeroday,461,Theft,0,0.022891,0.262934,KNOWN
BoT-IoT,zeroday,462,Theft,0,0.29454,0.262934,ZERO_DAY
BoT-IoT,zeroday,463,Theft,0,0.046071,0.262934,KNOWN
BoT-IoT,zeroday,464,Theft,0,0.214907,0.262934,KNOWN
BoT-IoT,zeroday,465,Theft,0,0.10197,0.262934,KNOWN
BoT-IoT,zeroday,466,Theft,0,0.191505,0.262934,KNOWN
BoT-IoT,zeroday,467,Theft,0,0.177569,0.262934,KNOWN
BoT-IoT,zeroday,468,Theft,0,0.081324,0.262934,KNOWN
BoT-IoT,zeroday,469,Theft,0,0.056755,0.262934,KNOWN
BoT-IoT,zeroday,470,Theft,0,0.08412,0.262934,KNOWN
BoT-IoT,zeroday,471,Theft,0,0.139766,0.262934,KNOWN
BoT-IoT,zeroday,472,Theft,0,0.02792,0.262934,KNOWN
BoT-IoT,zeroday,473,Theft,0,0.22159,0.262934,KNOWN
BoT-IoT,zeroday,474,Theft,0,0.224169,0.262934,KNOWN
BoT-IoT,zeroday,475,Theft,0,0.090643,0.262934,KNOWN
BoT-IoT,zeroday,476,Theft,0,0.078068,0.262934,KNOWN
BoT-IoT,zeroday,477,Theft,0,0.257987,0.262934,KNOWN
BoT-IoT,zeroday,478,Theft,0,0.077142,0.262934,KNOWN
BoT-IoT,zeroday,479,Theft,0,0.118217,0.262934,KNOWN
BoT-IoT,zeroday,480,Theft,0,0.031259,0.262934,KNOWN
BoT-IoT,zeroday,481,Theft,0,0.059482,0.262934,KNOWN
BoT-IoT,zeroday,482,Theft,0,0.209174,0.262934,KNOWN
BoT-IoT,zeroday,483,Theft,0,0.022034,0.262934,KNOWN
BoT-IoT,zeroday,484,Theft,0,0.086802,0.262934,KNOWN
BoT-IoT,zeroday,485,Theft,0,0.218385,0.262934,KNOWN
BoT-IoT,zeroday,486,Theft,0,0.147815,0.262934,KNOWN
BoT-IoT,zeroday,487,Theft,0,0.079374,0.262934,KNOWN
BoT-IoT,zeroday,488,Theft,0,0.052004,0.262934,KNOWN
BoT-IoT,zeroday,489,Theft,0,0.021143,0.262934,KNOWN
BoT-IoT,zeroday,490,Theft,0,0.112684,0.262934,KNOWN
BoT-IoT,zeroday,491,Theft,0,0.099142,0.262934,KNOWN
BoT-IoT,zeroday,492,Theft,0,0.100992,0.262934,KNOWN
BoT-IoT,zeroday,493,Theft,0,0.034261,0.262934,KNOWN
BoT-IoT,zeroday,494,Theft,0,0.080854,0.262934,KNOWN
BoT-IoT,zeroday,495,Theft,0,0.179447,0.262934,KNOWN
BoT-IoT,zeroday,496,Theft,0,0.030574,0.262934,KNOWN
BoT-IoT,zeroday,497,Theft,0,0.190256,0.262934,KNOWN
BoT-IoT,zeroday,498,Theft,0,0.123317,0.262934,KNOWN
BoT-IoT,zeroday,499,Theft,0,0.153659,0.262934,KNOWN
BoT-IoT,zeroday,500,Theft,0,0.16306,0.262934,KNOWN
BoT-IoT,zeroday,501,Theft,0,0.065662,0.262934,KNOWN
BoT-IoT,zeroday,502,Theft,0,0.187957,0.262934,KNOWN
BoT-IoT,zeroday,503,Theft,0,0.111952,0.262934,KNOWN
BoT-IoT,zeroday,504,Theft,0,0.225051,0.262934,KNOWN
BoT-IoT,zeroday,505,Theft,0,0.147184,0.262934,KNOWN
BoT-IoT,zeroday,506,Theft,0,0.232735,0.262934,KNOWN
BoT-IoT,zeroday,507,Theft,0,0.103515,0.262934,KNOWN
BoT-IoT,zeroday,508,Theft,0,0.191191,0.262934,KNOWN
BoT-IoT,zeroday,509,Theft,0,0.140438,0.262934,KNOWN
BoT-IoT,zeroday,510,Theft,0,0.177937,0.262934,KNOWN
BoT-IoT,zeroday,511,Theft,0,0.159658,0.262934,KNOWN
BoT-IoT,zeroday,512,Theft,0,0.025188,0.262934,KNOWN
BoT-IoT,zeroday,513,Theft,0,0.09115,0.262934,KNOWN
BoT-IoT,zeroday,514,Theft,0,0.114928,0.262934,KNOWN
BoT-IoT,zeroday,515,Theft,0,0.172536,0.262934,KNOWN
BoT-IoT,zeroday,516,Theft,0,0.166275,0.262934,KNOWN
BoT-IoT,zeroday,517,Theft,0,0.046651,0.262934,KNOWN
BoT-IoT,zeroday,518,Theft,0,0.09341,0.262934,KNOWN
BoT-IoT,zeroday,519,Theft,0,0.118569,0.262934,KNOWN
BoT-IoT,zeroday,520,Theft,0,0.126645,0.262934,KNOWN
BoT-IoT,zeroday,521,Theft,0,0.195785,0.262934,KNOWN
BoT-IoT,zeroday,522,Theft,0,0.046129,0.262934,KNOWN
BoT-IoT,zeroday,523,Theft,0,0.019765,0.262934,KNOWN
BoT-IoT,zeroday,524,Theft,0,0.270463,0.262934,ZERO_DAY
BoT-IoT,zeroday,525,Theft,0,0.028913,0.262934,KNOWN
BoT-IoT,zeroday,526,Theft,0,0.148628,0.262934,KNOWN
BoT-IoT,zeroday,527,Theft,0,0.11463,0.262934,KNOWN
BoT-IoT,zeroday,528,Theft,0,0.181003,0.262934,KNOWN
BoT-IoT,zeroday,529,Theft,0,0.19081,0.262934,KNOWN
BoT-IoT,zeroday,530,Theft,0,0.119639,0.262934,KNOWN
BoT-IoT,zeroday,531,Theft,0,0.295325,0.262934,ZERO_DAY
BoT-IoT,zeroday,532,Theft,0,0.178636,0.262934,KNOWN
BoT-IoT,zeroday,533,Theft,0,0.195505,0.262934,KNOWN
BoT-IoT,zeroday,534,Theft,0,0.152195,0.262934,KNOWN
BoT-IoT,zeroday,535,Theft,0,0.272987,0.262934,ZERO_DAY
BoT-IoT,zeroday,536,Theft,0,0.262843,0.262934,KNOWN
BoT-IoT,zeroday,537,Theft,0,0.11959,0.262934,KNOWN
BoT-IoT,zeroday,538,Theft,0,0.046841,0.262934,KNOWN
BoT-IoT,zeroday,539,Theft,0,0.167758,0.262934,KNOWN
BoT-IoT,zeroday,540,Theft,0,0.036598,0.262934,KNOWN
BoT-IoT,zeroday,541,Theft,0,0.057762,0.262934,KNOWN
BoT-IoT,zeroday,542,Theft,0,0.16191,0.262934,KNOWN
BoT-IoT,zeroday,543,Theft,0,0.087845,0.262934,KNOWN
BoT-IoT,zeroday,544,Theft,0,0.509986,0.262934,ZERO_DAY
BoT-IoT,zeroday,545,Theft,0,0.106977,0.262934,KNOWN
BoT-IoT,zeroday,546,Theft,0,0.072357,0.262934,KNOWN
BoT-IoT,zeroday,547,Theft,0,0.069699,0.262934,KNOWN
BoT-IoT,zeroday,548,Theft,0,0.152361,0.262934,KNOWN
BoT-IoT,zeroday,549,Theft,0,0.148095,0.262934,KNOWN
BoT-IoT,zeroday,550,Theft,0,0.129105,0.262934,KNOWN
BoT-IoT,zeroday,551,Theft,0,0.1335,0.262934,KNOWN
BoT-IoT,zeroday,552,Theft,0,0.181108,0.262934,KNOWN
BoT-IoT,zeroday,553,Theft,0,0.181804,0.262934,KNOWN
BoT-IoT,zeroday,554,Theft,0,0.177987,0.262934,KNOWN
BoT-IoT,zeroday,555,Theft,0,0.085901,0.262934,KNOWN
BoT-IoT,zeroday,556,Theft,0,0.175136,0.262934,KNOWN
BoT-IoT,zeroday,557,Theft,0,0.047078,0.262934,KNOWN
BoT-IoT,zeroday,558,Theft,0,0.008278,0.262934,KNOWN
BoT-IoT,zeroday,559,Theft,0,0.128143,0.262934,KNOWN
BoT-IoT,zeroday,560,Theft,0,0.244787,0.262934,KNOWN
BoT-IoT,zeroday,561,Theft,0,0.047886,0.262934,KNOWN
BoT-IoT,zeroday,562,Theft,0,0.130037,0.262934,KNOWN
BoT-IoT,zeroday,563,Theft,0,0.01672,0.262934,KNOWN
BoT-IoT,zeroday,564,Theft,0,0.1915,0.262934,KNOWN
BoT-IoT,zeroday,565,Theft,0,0.23198,0.262934,KNOWN
BoT-IoT,zeroday,566,Theft,0,0.142436,0.262934,KNOWN
BoT-IoT,zeroday,567,Theft,0,0.105415,0.262934,KNOWN
BoT-IoT,zeroday,568,Theft,0,0.097981,0.262934,KNOWN
BoT-IoT,zeroday,569,Theft,0,0.084843,0.262934,KNOWN
BoT-IoT,zeroday,570,Theft,0,0.135954,0.262934,KNOWN
BoT-IoT,zeroday,571,Theft,0,0.106317,0.262934,KNOWN
BoT-IoT,zeroday,572,Theft,0,0.167073,0.262934,KNOWN
BoT-IoT,zeroday,573,Theft,0,0.031428,0.262934,KNOWN
BoT-IoT,zeroday,574,Theft,0,0.160594,0.262934,KNOWN
BoT-IoT,zeroday,575,Theft,0,0.144006,0.262934,KNOWN
BoT-IoT,zeroday,576,Theft,0,0.09538,0.262934,KNOWN
BoT-IoT,zeroday,577,Theft,0,0.276359,0.262934,ZERO_DAY
BoT-IoT,zeroday,578,Theft,0,0.080977,0.262934,KNOWN
BoT-IoT,zeroday,579,Theft,0,0.025226,0.262934,KNOWN
BoT-IoT,zeroday,580,Theft,0,0.028322,0.262934,KNOWN
BoT-IoT,zeroday,581,Theft,0,0.041355,0.262934,KNOWN
BoT-IoT,zeroday,582,Theft,0,0.094195,0.262934,KNOWN
BoT-IoT,zeroday,583,Theft,0,0.048667,0.262934,KNOWN
BoT-IoT,zeroday,584,Theft,0,0.035595,0.262934,KNOWN
BoT-IoT,zeroday,585,Theft,0,0.060792,0.262934,KNOWN
BoT-IoT,zeroday,586,Theft,0,0.290363,0.262934,ZERO_DAY
BoT-IoT,zeroday,587,Theft,0,0.147714,0.262934,KNOWN
BoT-IoT,zeroday,588,Theft,0,0.032663,0.262934,KNOWN
BoT-IoT,zeroday,589,Theft,0,0.048842,0.262934,KNOWN
BoT-IoT,zeroday,590,Theft,0,0.133325,0.262934,KNOWN
BoT-IoT,zeroday,591,Theft,0,0.027443,0.262934,KNOWN
BoT-IoT,zeroday,592,Theft,0,0.187254,0.262934,KNOWN
BoT-IoT,zeroday,593,Theft,0,0.149091,0.262934,KNOWN
BoT-IoT,zeroday,594,Theft,0,0.051371,0.262934,KNOWN
BoT-IoT,zeroday,595,Theft,0,0.065479,0.262934,KNOWN
BoT-IoT,zeroday,596,Theft,0,0.076593,0.262934,KNOWN
BoT-IoT,zeroday,597,Theft,0,0.260289,0.262934,KNOWN
BoT-IoT,zeroday,598,Theft,0,0.090643,0.262934,KNOWN
BoT-IoT,zeroday,599,Theft,0,0.115136,0.262934,KNOWN
BoT-IoT,zeroday,600,Theft,0,0.138658,0.262934,KNOWN
BoT-IoT,zeroday,601,Theft,0,0.117742,0.262934,KNOWN
BoT-IoT,zeroday,602,Theft,0,0.072974,0.262934,KNOWN
BoT-IoT,zeroday,603,Theft,0,0.225814,0.262934,KNOWN
BoT-IoT,zeroday,604,Theft,0,0.073575,0.262934,KNOWN
BoT-IoT,zeroday,605,Theft,0,0.135281,0.262934,KNOWN
BoT-IoT,zeroday,606,Theft,0,0.072537,0.262934,KNOWN
BoT-IoT,zeroday,607,Theft,0,0.069772,0.262934,KNOWN
BoT-IoT,zeroday,608,Theft,0,0.046142,0.262934,KNOWN
BoT-IoT,zeroday,609,Theft,0,0.349909,0.262934,ZERO_DAY
BoT-IoT,zeroday,610,Theft,0,0.181841,0.262934,KNOWN
BoT-IoT,zeroday,611,Theft,0,0.032603,0.262934,KNOWN
BoT-IoT,zeroday,612,Theft,0,0.104831,0.262934,KNOWN
BoT-IoT,zeroday,613,Theft,0,0.106262,0.262934,KNOWN
BoT-IoT,zeroday,614,Theft,0,0.049203,0.262934,KNOWN
BoT-IoT,zeroday,615,Theft,0,0.176052,0.262934,KNOWN
BoT-IoT,zeroday,616,Theft,0,0.297507,0.262934,ZERO_DAY
BoT-IoT,zeroday,617,Theft,0,0.12756,0.262934,KNOWN
BoT-IoT,zeroday,618,Theft,0,0.037962,0.262934,KNOWN
BoT-IoT,zeroday,619,Theft,0,0.100991,0.262934,KNOWN
BoT-IoT,zeroday,620,Theft,0,0.110634,0.262934,KNOWN
BoT-IoT,zeroday,621,Theft,0,0.152495,0.262934,KNOWN
BoT-IoT,zeroday,622,Theft,0,0.033341,0.262934,KNOWN
BoT-IoT,zeroday,623,Theft,0,0.070684,0.262934,KNOWN
BoT-IoT,zeroday,624,Theft,0,0.030588,0.262934,KNOWN
BoT-IoT,zeroday,625,Theft,0,0.096755,0.262934,KNOWN
BoT-IoT,zeroday,626,Theft,0,0.109436,0.262934,KNOWN
BoT-IoT,zeroday,627,Theft,0,0.045548,0.262934,KNOWN
BoT-IoT,zeroday,628,Theft,0,0.387217,0.262934,ZERO_DAY
BoT-IoT,zeroday,629,Theft,0,0.361651,0.262934,ZERO_DAY
BoT-IoT,zeroday,630,Theft,0,0.123006,0.262934,KNOWN
BoT-IoT,zeroday,631,Theft,0,0.089336,0.262934,KNOWN
BoT-IoT,zeroday,632,Theft,0,0.203784,0.262934,KNOWN
BoT-IoT,zeroday,633,Theft,0,0.165223,0.262934,KNOWN
BoT-IoT,zeroday,634,Theft,0,0.237372,0.262934,KNOWN
BoT-IoT,zeroday,635,Theft,0,0.036548,0.262934,KNOWN
BoT-IoT,zeroday,636,Theft,0,0.117659,0.262934,KNOWN
BoT-IoT,zeroday,637,Theft,0,0.145313,0.262934,KNOWN
BoT-IoT,zeroday,638,Theft,0,0.159909,0.262934,KNOWN
BoT-IoT,zeroday,639,Theft,0,0.062126,0.262934,KNOWN
BoT-IoT,zeroday,640,Theft,0,0.124176,0.262934,KNOWN
BoT-IoT,zeroday,641,Theft,0,0.381257,0.262934,ZERO_DAY
BoT-IoT,zeroday,642,Theft,0,0.061528,0.262934,KNOWN
BoT-IoT,zeroday,643,Theft,0,0.049025,0.262934,KNOWN
BoT-IoT,zeroday,644,Theft,0,0.007095,0.262934,KNOWN
BoT-IoT,zeroday,645,Theft,0,0.102957,0.262934,KNOWN
BoT-IoT,zeroday,646,Theft,0,0.20616,0.262934,KNOWN
BoT-IoT,zeroday,647,Theft,0,0.055114,0.262934,KNOWN
BoT-IoT,zeroday,648,Theft,0,0.061212,0.262934,KNOWN
BoT-IoT,zeroday,649,Theft,0,0.285438,0.262934,ZERO_DAY
BoT-IoT,zeroday,650,Theft,0,0.200465,0.262934,KNOWN
BoT-IoT,zeroday,651,Theft,0,0.067251,0.262934,KNOWN
BoT-IoT,zeroday,652,Theft,0,0.008554,0.262934,KNOWN
BoT-IoT,zeroday,653,Theft,0,0.086745,0.262934,KNOWN
BoT-IoT,zeroday,654,Theft,0,0.004723,0.262934,KNOWN
BoT-IoT,zeroday,655,Theft,0,0.03047,0.262934,KNOWN
BoT-IoT,zeroday,656,Theft,0,0.041498,0.262934,KNOWN
BoT-IoT,zeroday,657,Theft,0,0.173057,0.262934,KNOWN
BoT-IoT,zeroday,658,Theft,0,0.096325,0.262934,KNOWN
BoT-IoT,zeroday,659,Theft,0,0.119334,0.262934,KNOWN
BoT-IoT,zeroday,660,Theft,0,0.104635,0.262934,KNOWN
BoT-IoT,zeroday,661,Theft,0,0.039079,0.262934,KNOWN
BoT-IoT,zeroday,662,Theft,0,0.208808,0.262934,KNOWN
BoT-IoT,zeroday,663,Theft,0,0.109367,0.262934,KNOWN
BoT-IoT,zeroday,664,Theft,0,0.019679,0.262934,KNOWN
BoT-IoT,zeroday,665,Theft,0,0.053239,0.262934,KNOWN
BoT-IoT,zeroday,666,Theft,0,0.216193,0.262934,KNOWN
BoT-IoT,zeroday,667,Theft,0,0.030972,0.262934,KNOWN
BoT-IoT,zeroday,668,Theft,0,0.025591,0.262934,KNOWN
BoT-IoT,zeroday,669,Theft,0,0.137791,0.262934,KNOWN
BoT-IoT,zeroday,670,Theft,0,0.053581,0.262934,KNOWN
BoT-IoT,zeroday,671,Theft,0,0.466453,0.262934,ZERO_DAY
BoT-IoT,zeroday,672,Theft,0,0.250907,0.262934,KNOWN
BoT-IoT,zeroday,673,Theft,0,0.028804,0.262934,KNOWN
BoT-IoT,zeroday,674,Theft,0,0.081568,0.262934,KNOWN
BoT-IoT,zeroday,675,Theft,0,0.029078,0.262934,KNOWN
BoT-IoT,zeroday,676,Theft,0,0.149522,0.262934,KNOWN
BoT-IoT,zeroday,677,Theft,0,0.01159,0.262934,KNOWN
BoT-IoT,zeroday,678,Theft,0,0.049477,0.262934,KNOWN
BoT-IoT,zeroday,679,Theft,0,0.041079,0.262934,KNOWN
BoT-IoT,zeroday,680,Theft,0,0.06817,0.262934,KNOWN
BoT-IoT,zeroday,681,Theft,0,0.198889,0.262934,KNOWN
BoT-IoT,zeroday,682,Theft,0,0.070919,0.262934,KNOWN
