duration,n_pkts_total,n_bytes_total,src_pkts,dst_pkts,src_bytes,dst_bytes,rate,rate_src,rate_dst,pkt_size_min,pkt_size_max,pkt_size_mean,pkt_size_std,iat,protocol,conn_state,label_multiclass,label_binary,label_family
0.1907708240807762,-0.10243597374759404,-0.21792274746119603,-0.1860411478064247,-0.16868979759413125,-0.1399930668882577,-0.33589122473071187,-0.17094700518670036,-0.23650269262730336,-0.23865123062978208,0.0,0.0,-0.029006754581904746,0.0,0.20593648121486244,0.0,0.0,Shellcode,1,shellcode
-0.2661106587985129,-0.19667188312469627,-0.4311941121523127,-0.1860411478064247,-0.379952234002974,-0.45349082601619894,-0.44638829600650876,0.020541386389106898,-0.12862803813502435,-0.11738600310208691,0.0,0.0,-0.6117015199790793,0.0,-0.06436334593824006,0.0,0.0,Shellcode,1,shellcode
0.8652425928356126,-0.10243597374759404,-0.28274290106807115,-0.1860411478064247,-0.16868979759413125,-0.2546781662319577,-0.33589122473071187,-0.3619017866503155,-0.47788705815289845,-0.40505627088443685,0.0,0.0,-0.2468717637824875,0.0,0.4160190604456342,0.0,0.0,Shellcode,1,shellcode
-0.21962516755615627,-0.19667188312469627,-0.3882430590033306,-0.1860411478064247,-0.379952234002974,-0.3774983217839182,-0.44638829600650876,-0.010028589147770444,-0.13137152286794246,-0.14278886926386997,0.0,0.0,-0.46991450913863336,0.0,-0.013796225308455928,0.0,0.0,Shellcode,1,shellcode
-0.08622951540422084,-0.19667188312469627,-0.481345055303769,-0.1860411478064247,-0.379952234002974,-0.5422219625140763,-0.44638829600650876,-0.08411950510251402,-0.26582211536978984,-0.20468234344643935,0.0,0.0,-0.7720901453148572,0.0,0.015324175047476789,0.0,0.0,Shellcode,1,shellcode
-0.3170593568799525,-0.19667188312469627,-0.44445072367506594,-0.1860411478064247,-0.379952234002974,-0.47694550368741234,-0.44638829600650876,0.058045046926681276,-0.09991136670394339,-0.08630864708492032,0.0,0.0,-0.6554231878312298,0.0,-0.1321964099374206,0.0,0.0,Shellcode,1,shellcode
-0.2702952188177658,-0.19667188312469627,-0.350845782067671,-0.1860411478064247,-0.379952234002974,-0.31133201112440306,-0.44638829600650876,0.023450273614356313,-0.07394386149628256,-0.11497229491901031,0.0,0.0,-0.3428592864934268,0.0,-0.08896312505348208,0.0,0.0,Shellcode,1,shellcode
-0.124196563442306,-0.19667188312469627,-0.4134052657437681,-0.1860411478064247,-0.379952234002974,-0.42201734895616666,-0.44638829600650876,-0.06471164910276367,-0.20243528546465753,-0.1884192163160399,0.0,0.0,-0.548914600388818,0.0,0.034790003668648366,0.0,0.0,Shellcode,1,shellcode
-0.6567865038522626,-1.7230419309240497,-1.41358808992599,-1.6329982705869572,-2.015742594047945,-0.9041157093253538,-2.6748848270027095,1.9138396804612412,2.0596341501816293,-1.8279148941509258,0.0,0.0,-0.08074125071129871,0.0,-1.025840034327047,0.0,-0.8009099181073703,Shellcode,1,shellcode
-0.37683262283722985,-0.19667188312469627,-0.262122645290886,-0.1860411478064247,-0.379952234002974,-0.15435580559052658,-0.44638829600650876,0.10920509101098436,0.06845979043191756,-0.04404580883978264,0.0,0.0,-0.05259426371683773,0.0,-0.16495721594909377,0.0,0.0,Shellcode,1,shellcode
-0.18073379406954454,-0.19667188312469627,-0.33749817375578717,-0.1860411478064247,-0.379952234002974,-0.287716334516583,-0.44638829600650876,-0.03346624229166751,-0.12189520054719366,-0.16231420582214168,0.0,0.0,-0.29220061326004265,0.0,-0.010670694903644945,0.0,0.0,Shellcode,1,shellcode
-0.08450394820374044,-0.19667188312469627,-0.41464765795548647,-0.1860411478064247,-0.379952234002974,-0.42421549052628543,-0.44638829600650876,-0.08497493704665961,-0.22324923888897272,-0.20540008034034957,0.0,0.0,-0.548914600388818,0.0,0.05678812527290452,0.0,0.0,Shellcode,1,shellcode
0.2776769658269016,-0.19667188312469627,-0.3582395125253162,-0.1860411478064247,-0.379952234002974,-0.3244136017234979,-0.44638829600650876,-0.22970362538511174,-0.3343481962738462,-0.3282680826386107,0.0,0.0,-0.3602223657670661,0.0,0.22871622966238406,0.0,0.0,Shellcode,1,shellcode
-0.6567791460953519,-1.7230419309240497,-1.2016558456776347,-1.6329982705869572,-2.015742594047945,-0.5291479079041299,-2.6748848270027095,1.7962565844076983,2.0819195802794366,-1.8279148941509258,0.0,0.0,0.6251751953406505,0.0,-1.024474327297787,0.0,-0.8009099181073703,Shellcode,1,shellcode
-0.32063018170799273,-0.19667188312469627,-0.4260228750191795,-0.1860411478064247,-0.379952234002974,-0.44434145176540574,-0.44638829600650876,0.06086066429685753,-0.08531233744407338,-0.08397898434901495,0.0,0.0,-0.5904126953047635,0.0,-0.10360844530999369,0.0,0.0,Shellcode,1,shellcode
-0.6567850322979374,-1.7230419309240497,-1.3625347543245423,-1.6329982705869572,-2.015742594047945,-0.8137879865496662,-2.6748848270027095,1.8853142411941755,2.064827709138461,-1.8279148941509258,0.0,0.0,0.08920518777238642,0.0,-1.0255663517786133,0.0,-0.8009099181073703,Shellcode,1,shellcode
-0.6567865038522626,-1.7230419309240497,-1.0838120156272066,-1.6329982705869572,-2.015742594047945,-0.3206489981616211,-2.6748848270027095,1.9138396804612412,2.2727517470663874,-1.8279148941509258,0.0,0.0,1.0180864347245353,0.0,-1.025840034327047,0.0,-0.8009099181073703,Shellcode,1,shellcode
-0.0228958963008649,-0.10243597374759404,-0.42493669721644384,-0.1860411478064247,-0.16868979759413125,-0.5062590207951335,-0.33589122473071187,-0.08484279099756138,-0.2825874264602885,-0.16594016418075563,0.0,0.0,-0.7040808959239147,0.0,0.09505637258999146,0.0,0.0,Shellcode,1,shellcode
-0.4093046419797434,-0.19667188312469627,-0.4377624842151284,-0.1860411478064247,-0.379952234002974,-0.46511212526703116,-0.44638829600650876,0.1413937258831275,-0.013088201206581407,-0.017520240205634655,0.0,0.0,-0.6333671575130067,0.0,-0.2054369933169928,0.0,0.0,Shellcode,1,shellcode
-0.025749131017061222,-0.10243597374759404,-0.23016794047509875,-0.1860411478064247,-0.16868979759413125,-0.16165826049145923,-0.33589122473071187,-0.08353982738845199,-0.1558739888081387,-0.1648469352914226,0.0,0.0,-0.06958759462931542,0.0,0.09732475113579307,0.0,0.0,Shellcode,1,shellcode
-0.6567968047737422,-1.7230419309240497,-1.3217699638328448,-1.6329982705869572,-2.015742594047945,-0.7416635964160151,-2.6748848270027095,2.4174543826180814,2.6103870205358346,-1.8279148941509258,0.0,0.0,0.2249561308049288,0.0,-1.0277634485740839,0.0,-0.8009099181073703,Shellcode,1,shellcode
-0.3233752974998805,-0.19667188312469627,-0.43380735211117794,-0.1860411478064247,-0.379952234002974,-0.4581143831603091,-0.44638829600650876,0.0630437282534428,-0.08779762673899917,-0.08217303226593697,0.0,0.0,-0.6117015199790793,0.0,-0.10481810054117856,0.0,0.0,Shellcode,1,shellcode
0.7412410596591281,-0.10243597374759404,-0.4235270595114218,-0.1860411478064247,-0.16868979759413125,-0.5037649748658448,-0.33589122473071187,-0.33240045392566786,-0.5372586502930279,-0.3786789555903045,0.0,0.0,-0.7040808959239147,0.0,0.39075544836313014,0.0,0.0,Shellcode,1,shellcode
-0.6567953332091162,-1.7230419309240497,-1.4491725065192333,-1.6329982705869572,-2.015742594047945,-0.9670745596982548,-2.6748848270027095,2.249582492268487,2.364184176305694,-1.8279148941509258,0.0,0.0,-0.1991457195793227,0.0,-1.027487853116857,0.0,-0.8009099181073703,Shellcode,1,shellcode
2.6920114556206722,2.962290047364872,1.4380962303613594,2.4277556440151407,3.4755332847463762,0.9824671165215471,2.792648382269684,0.16787417269291885,-0.3756571870433479,0.8589491429657905,0.0,0.0,-0.3660707451226156,0.0,0.17547939898384943,0.0,0.0,Worms,1,worms
-0.0022624482959231478,-0.4458889576016589,-0.35391197635452054,-0.4095197091966907,-0.662800874961527,-0.22810538740756298,-0.5998319722286254,-0.1953731906269717,-0.19731680568550408,-0.33456458009812773,0.0,0.0,0.0918000716300946,0.0,0.18494532054451462,0.0,0.0,Shellcode,1,shellcode
1.2034723830721583,-0.10243597374759404,-0.3014161128048567,-0.1860411478064247,-0.16868979759413125,-0.287716334516583,-0.33589122473071187,-0.4343688444612133,-0.5694890287470481,-0.4714216913779062,0.0,0.0,-0.295516968759091,0.0,0.5277657859047429,0.0,0.0,Shellcode,1,shellcode
-0.18623648444268454,-0.19667188312469627,-0.4311941121523127,-0.1860411478064247,-0.379952234002974,-0.45349082601619894,-0.44638829600650876,-0.03025474999637539,-0.1793049386827137,-0.15963606796124347,0.0,0.0,-0.6117015199790793,0.0,-0.009061471887369882,0.0,0.0,Shellcode,1,shellcode
1.1514748812515934,-0.10243597374759404,-0.28274290106807115,-0.1860411478064247,-0.16868979759413125,-0.2546781662319577,-0.33589122473071187,-0.4238854801900692,-0.5458046795002364,-0.46165981963629954,0.0,0.0,-0.2468717637824875,0.0,0.5036555984923559,0.0,0.0,Shellcode,1,shellcode
-0.6567835607450837,-1.7230419309240497,-1.45496717823843,-1.6329982705869572,-2.015742594047945,-0.9773269652357459,-2.6748848270027095,1.8597974145255702,1.9801264490575716,-1.8279148941509258,0.0,0.0,-0.21842291427784197,0.0,-1.0252929403372555,0.0,-0.8009099181073703,Shellcode,1,shellcode
0.34666116429183647,-0.10243597374759404,-0.4070212150611954,-0.1860411478064247,-0.16868979759413125,-0.4745614894497737,-0.33589122473071187,-0.223308254149548,-0.4121444775779066,-0.28342325042725414,0.0,0.0,-0.6587395433302782,0.0,0.2683933260380756,0.0,0.0,Shellcode,1,shellcode
-0.13524835643072536,-0.19667188312469627,-0.3917336125442415,-0.1860411478064247,-0.379952234002974,-0.3836740936284546,-0.44638829600650876,-0.058838245757884884,-0.18229524936297586,-0.1835050581139799,0.0,0.0,-0.46991450913863336,0.0,0.020943975371065113,0.0,0.0,Shellcode,1,shellcode
-0.14130150275197179,-0.19667188312469627,-0.41840030526031446,-0.1860411478064247,-0.379952234002974,-0.43085498002157757,-0.44638829600650876,-0.05557552966691051,-0.19640355849175273,-0.18077666954815952,0.0,0.0,-0.569487800041417,0.0,0.026524889724924738,0.0,0.0,Shellcode,1,shellcode
0.0762627810773003,-0.19667188312469627,-0.3905663970624927,-0.1860411478064247,-0.379952234002974,-0.38160896085675955,-0.44638829600650876,-0.15648805397109083,-0.28007341788667245,-0.26571546211941427,0.0,0.0,-0.46991450913863336,0.0,0.15102571171367488,0.0,0.0,Shellcode,1,shellcode
-0.6567717883752295,-1.7230419309240497,-1.4729220508139533,-1.6329982705869572,-2.015742594047945,-1.0090941893234253,-2.6748848270027095,1.7174442883752217,1.8296101054871872,-1.8279148941509258,0.0,0.0,-0.2781458108295074,0.0,-1.02311534460413,0.0,-0.8009099181073703,Shellcode,1,shellcode
-0.6567865038522626,-1.7230419309240497,-1.3469837097441824,-1.6329982705869572,-2.015742594047945,-0.7862738108904506,-2.6748848270027095,1.9138396804612412,2.1027163611243576,-1.8279148941509258,0.0,0.0,0.14098653938626735,0.0,-1.025840034327047,0.0,-0.8009099181073703,Shellcode,1,shellcode
-0.4154342318827046,-0.19667188312469627,-0.3870868897432873,-0.1860411478064247,-0.379952234002974,-0.37545273288805764,-0.44638829600650876,0.14790735716969142,0.02613986302553045,-0.012157968044488442,0.0,0.0,-0.46991450913863336,0.0,-0.20905294193842877,0.0,0.0,Shellcode,1,shellcode
0.08423354271078061,-0.19667188312469627,-0.19277859239342116,-0.1860411478064247,-0.379952234002974,-0.03166665487248448,-0.44638829600650876,-0.15967933381673977,-0.15579816224104012,-0.2684231890255644,0.0,0.0,0.1818631727288168,0.0,0.15892920976612762,0.0,0.0,Shellcode,1,shellcode
-0.6567923900842788,-1.7230419309240497,-1.3787749899331125,-1.6329982705869572,-2.015742594047945,-0.8425215351529265,-2.6748848270027095,2.0817108441545327,2.245945011989893,-1.8279148941509258,0.0,0.0,0.035136234597408784,0.0,-1.0269374863792013,0.0,-0.8009099181073703,Shellcode,1,shellcode
1.2013437577739505,1.8457410387579631,0.9261601078385239,1.2234785613902657,2.458939042473126,0.3629652533348871,2.2971765244528504,0.17711068628594925,-0.3133743576017607,0.8569309370962516,0.0,0.0,-0.19727326663784564,0.0,0.14265152770578568,0.0,0.0,Worms,1,worms
0.1534690927036765,-0.10243597374759404,-0.08925250287907704,-0.1860411478064247,-0.16868979759413125,0.08766081792008297,-0.33589122473071187,-0.15729766154894023,-0.139503673699179,-0.22705667291497791,0.0,0.0,0.4035926093718638,0.0,0.18250350742113164,0.0,0.0,Worms,1,worms
-0.42009021005555097,-0.19667188312469627,-0.12195920289094528,-0.1860411478064247,-0.379952234002974,0.09363278162391694,-0.44638829600650876,0.1529589899368616,0.20224496275408452,-0.008000432527085903,0.0,0.0,0.4162175767629144,0.0,-0.1970662734502025,0.0,0.0,Worms,1,worms
-0.6567923900842788,-1.7230419309240497,-1.45496717823843,-1.6329982705869572,-2.015742594047945,-0.9773269652357459,-2.6748848270027095,2.0817108441545327,2.196644074778305,-1.8279148941509258,0.0,0.0,-0.21842291427784197,0.0,-1.0269374863792013,0.0,-0.8009099181073703,Shellcode,1,shellcode
-0.6567968047737422,-1.7230419309240497,-1.460854941025768,-1.6329982705869572,-2.015742594047945,-0.9877440750789788,-2.6748848270027095,2.4174543826180814,2.5204112581805633,-1.8279148941509258,0.0,0.0,-0.2380085571485318,0.0,-1.0277634485740839,0.0,-0.8009099181073703,Shellcode,1,shellcode
-0.20365626048641314,-0.19667188312469627,-0.35930804200374844,-0.1860411478064247,-0.379952234002974,-0.3263041311740897,-0.44638829600650876,-0.0198659897042273,-0.12244220475266693,-0.15097865690587808,0.0,0.0,-0.3778352820789816,0.0,-0.016314066760396918,0.0,0.0,Shellcode,1,shellcode
-0.6567953332091162,-1.7230419309240497,-1.3787749899331125,-1.6329982705869572,-2.015742594047945,-0.8425215351529265,-2.6748848270027095,2.249582492268487,2.4097342736515692,-1.8279148941509258,0.0,0.0,0.035136234597408784,0.0,-1.027487853116857,0.0,-0.8009099181073703,Shellcode,1,shellcode
3.242879756839859,-0.10243597374759404,-0.43641334063047066,-0.1860411478064247,-0.16868979759413125,-0.5265644338006694,-0.33589122473071187,-0.7275863995735521,-1.0446465593213108,-0.7946020818082746,0.0,0.0,-0.7511665688195409,0.0,0.9835026495873154,0.0,0.0,Shellcode,1,shellcode
0.5014258730198843,-0.10243597374759404,-0.1776653772083784,-0.1860411478064247,-0.16868979759413125,-0.06876644600177448,-0.33589122473071187,-0.26939025910755565,-0.31190293816598547,-0.323283685465905,0.0,0.0,0.10924095596109837,0.0,0.3205890425843377,0.0,0.0,Shellcode,1,shellcode
0.04274660331047663,-0.10243597374759404,-0.309572340390503,-0.1860411478064247,-0.16868979759413125,-0.302146997186757,-0.33589122473071187,-0.11354780634483663,-0.2374466837512429,-0.19007360215908917,0.0,0.0,-0.3290554109618266,0.0,0.10756174696326111,0.0,0.0,Shellcode,1,shellcode
-0.041646209687237194,-0.10243597374759404,-0.3835777141106608,-0.1860411478064247,-0.16868979759413125,-0.4330833366551616,-0.33589122473071187,-0.0761883285301378,-0.2475765274814182,-0.1586821681088203,0.0,0.0,-0.5728041555404654,0.0,0.07889460891631765,0.0,0.0,Shellcode,1,shellcode
0.3949748115311963,-0.10243597374759404,-0.37856559700455594,-0.1860411478064247,-0.16868979759413125,-0.42421549052628543,-0.33589122473071187,-0.23824399728564816,-0.40904104345395687,-0.29629064039132097,0.0,0.0,-0.5522309558878664,0.0,0.28602989790183425,0.0,0.0,Shellcode,1,shellcode
0.9641092823454669,1.8457410387579631,0.9272723082262961,1.2234785613902657,2.458939042473126,0.36492432171996436,2.2971916300299258,0.23294832084376937,-0.25765822701058755,0.9027898655300782,0.0,0.0,-0.19727326663784564,0.0,0.07945775688726198,0.0,0.0,Worms,1,worms
-0.6567835607450837,-1.7230419309240497,-1.5185906035035621,-1.6329982705869572,-2.015742594047945,-1.0898947152502148,-2.6748848270027095,1.8597974145255702,1.9389271004856155,-1.8279148941509258,0.0,0.0,-0.42999575086555614,0.0,-1.0252929403372555,0.0,-0.8009099181073703,Shellcode,1,shellcode
-0.6567820891937016,-1.7230419309240497,-1.5185906035035621,-1.6329982705869572,-2.015742594047945,-1.0898947152502148,-2.6748848270027095,1.8367146390176203,1.916405486580555,-1.8279148941509258,0.0,0.0,-0.42999575086555614,0.0,-1.0250197994663934,0.0,-0.8009099181073703,Shellcode,1,shellcode
-0.6567791460953519,-1.7230419309240497,-0.685075108079736,-1.6329982705869572,-2.015742594047945,0.38482884028076064,-2.6748848270027095,1.7962565844076983,2.4153329021098875,-1.8279148941509258,0.0,0.0,2.348638382260402,0.0,-1.024474327297787,0.0,-0.8009099181073703,Worms,1,worms
-0.6567762030028884,-1.7230419309240497,-1.3513599450397369,-1.6329982705869572,-2.015742594047945,-0.7940166030884752,-2.6748848270027095,1.7615997231185394,1.9513474786274918,-1.8279148941509258,0.0,0.0,0.12641402722226971,0.0,-1.0239299310118681,0.0,-0.8009099181073703,Shellcode,1,shellcode
-0.21944477562773165,-0.19667188312469627,-0.30014548769568566,-0.1860411478064247,-0.379952234002974,-0.2216289176687707,-0.44638829600650876,-0.010141465318983542,-0.07456126738660762,-0.14288278694060133,0.0,0.0,-0.18156360178692313,0.0,-0.06474749730690536,0.0,0.0,Shellcode,1,shellcode
0.7398421270388114,-0.10243597374759404,-0.13879850070618036,-0.1860411478064247,-0.16868979759413125,0.0,-0.33589122473071187,-0.3320569268934493,-0.35308092832708526,-0.3783736520504407,0.0,0.0,0.23344734418997795,0.0,0.40048037273193743,0.0,0.0,Shellcode,1,shellcode
-0.1130898528560321,-0.19667188312469627,-0.40000989151100524,-0.1860411478064247,-0.379952234002974,-0.39831716098765946,-0.44638829600650876,-0.07050912661213714,-0.19952196146934004,-0.193273229595822,0.0,0.0,-0.5087773467078425,0.0,0.040337695873750155,0.0,0.0,Shellcode,1,shellcode
-0.09201577989790449,-0.19667188312469627,-0.28411110486475616,-0.1860411478064247,-0.379952234002974,-0.19325958057906292,-0.44638829600650876,-0.08123471647934973,-0.1355688323742419,-0.2022624890963052,0.0,0.0,-0.12256053857842622,0.0,0.051454606317729155,0.0,0.0,Shellcode,1,shellcode
-0.6567835607450837,-1.7230419309240497,-1.3469837097441824,-1.6329982705869572,-2.015742594047945,-0.7862738108904506,-2.6748848270027095,1.8597974145255702,2.0499879963827476,-1.8279148941509258,0.0,0.0,0.14098653938626735,0.0,-1.0252929403372555,0.0,-0.8009099181073703,Shellcode,1,shellcode
-0.6567909185240673,-1.7230419309240497,-1.026936306151037,-1.6329982705869572,-2.015742594047945,-0.22001985693684467,-2.6748848270027095,2.0276683361549592,2.4205314899380093,-1.8279148941509258,0.0,0.0,1.2077890503898543,0.0,-1.026662714004611,0.0,-0.8009099181073703,Shellcode,1,shellcode
0.12007458291428846,-0.19667188312469627,-0.4364393587654864,-0.1860411478064247,-0.379952234002974,-0.46277114387169743,-0.44638829600650876,-0.17369008882464892,-0.327370241279376,-0.2803295422062112,0.0,0.0,-0.6333671575130067,0.0,0.17539513583219765,0.0,0.0,Shellcode,1,shellcode
-0.6567909185240673,-1.7230419309240497,-1.5474926932204593,-1.6329982705869572,-2.015742594047945,-1.1410306482275676,-2.6748848270027095,2.0276683361549592,2.0839898966959938,-1.8279148941509258,0.0,0.0,-0.5260510163280704,0.0,-1.026662714004611,0.0,-0.8009099181073703,Shellcode,1,shellcode
-0.36706159881052053,-0.19667188312469627,-0.2137474381593089,-0.1860411478064247,-0.379952234002974,-0.06876644600177448,-0.44638829600650876,0.10019499045107133,0.09091218569751165,-0.05147918837112566,0.0,0.0,0.1125573114601467,0.0,-0.1561643368666116,0.0,0.0,Shellcode,1,shellcode
0.08034808439702862,-0.19667188312469627,-0.4364393587654864,-0.1860411478064247,-0.379952234002974,-0.46277114387169743,-0.44638829600650876,-0.15812725149288126,-0.3115077539620591,-0.2671060913956751,0.0,0.0,-0.6333671575130067,0.0,0.1292080710027454,0.0,0.0,Shellcode,1,shellcode
-0.2900948406353674,-0.19667188312469627,-0.4512632869471644,-0.1860411478064247,-0.379952234002974,-0.4889988459300785,-0.44638829600650876,0.037609550126353544,-0.12460720262712191,-0.10323137723612803,0.0,0.0,-0.6778839384589035,0.0,-0.09832626624682263,0.0,0.0,Shellcode,1,shellcode
-0.6567762030028884,-1.7230419309240497,-1.117103148514495,-1.6329982705869572,-2.015742594047945,-0.37955038407314773,-2.6748848270027095,1.7615997231185394,2.1027163611243576,-1.8279148941509258,0.0,0.0,0.9070668993218103,0.0,-1.0239299310118681,0.0,-0.8009099181073703,Shellcode,1,shellcode
-0.6567968047737422,-1.7230419309240497,-1.7540072280584256,-1.6329982705869572,-2.015742594047945,-1.5064129965547723,-2.6748848270027095,2.4174543826180814,2.3302265720058157,-1.8279148941509258,0.0,0.0,-1.2110635876218014,0.0,-1.0277634485740839,0.0,-0.8009099181073703,Shellcode,1,shellcode
-0.34485097041918455,-0.19667188312469627,-0.12364299766646157,-0.1860411478064247,-0.379952234002974,0.09065367465857942,-0.44638829600650876,0.08071112274328053,0.12959171379633927,-0.06756733934798245,0.0,0.0,0.4069089648709121,0.0,-0.14957699859049844,0.0,0.0,Worms,1,worms
0.0736019109589517,-0.10243597374759404,-0.3723953275088579,-0.1860411478064247,-0.16868979759413125,-0.4132985467871012,-0.33589122473071187,-0.1262768128426445,-0.29053125118327755,-0.20080725668041016,0.0,0.0,-0.5319978247371847,0.0,0.15393019829022053,0.0,0.0,Shellcode,1,shellcode
-0.43883746953488334,-0.19667188312469627,-0.33649129028872105,-0.1860411478064247,-0.379952234002974,-0.2859348742141538,-0.44638829600650876,0.17428748687883683,0.08495738804482125,0.00954230342053579,0.0,0.0,-0.29220061326004265,0.0,-0.2227917454829046,0.0,0.0,Shellcode,1,shellcode
-0.3818011666086119,-0.19667188312469627,-0.12028310842331696,-0.1860411478064247,-0.379952234002974,0.09659826457687604,-0.44638829600650876,0.11389857312766091,0.16465450241932914,-0.04017516637264756,0.0,0.0,0.4162175767629144,0.0,-0.17880401798846637,0.0,0.0,Worms,1,worms
2.643203318774506,-0.10243597374759404,-0.21953199418049205,-0.1860411478064247,-0.16868979759413125,-0.14284027735601273,-0.33589122473071187,-0.6608414453700026,-0.7995258761771865,-0.707004212865441,0.0,0.0,-0.029006754581904746,0.0,0.8603700763423244,0.0,0.0,Shellcode,1,shellcode
-0.40751719234063133,-0.19667188312469627,-0.3405355283065756,-0.1860411478064247,-0.379952234002974,-0.29309026976690394,-0.44638829600650876,0.13952260391952556,0.04775133818538919,-0.019060952067559905,0.0,0.0,-0.30885497309009813,0.0,-0.21024191351859425,0.0,0.0,Shellcode,1,shellcode
-0.3334205791621455,-0.19667188312469627,-0.3952577296146982,-0.1860411478064247,-0.379952234002974,-0.3899092488052744,-0.44638829600650876,0.07117432523029311,-0.05521412806198198,-0.07544928842506902,0.0,0.0,-0.48919170383715266,0.0,-0.1373373989997713,0.0,0.0,Shellcode,1,shellcode
-0.6567953332091162,-1.7230419309240497,-1.0838120156272066,-1.6329982705869572,-2.015742594047945,-0.3206489981616211,-2.6748848270027095,2.249582492268487,2.6003302706432505,-1.8279148941509258,0.0,0.0,1.0180864347245353,0.0,-1.027487853116857,0.0,-0.8009099181073703,Shellcode,1,shellcode
2.443104182313856,-0.10243597374759404,-0.29048966982025476,-0.1860411478064247,-0.16868979759413125,-0.26838438095840067,-0.33589122473071187,-0.6353671372958725,-0.8090123080851648,-0.6768686827691648,0.0,0.0,-0.2628729924820024,0.0,0.8178483826542156,0.0,0.0,Shellcode,1,shellcode
0.20279378322377847,-0.19667188312469627,-0.481345055303769,-0.1860411478064247,-0.379952234002974,-0.5422219625140763,-0.44638829600650876,-0.20412149708561508,-0.38771810519718103,-0.3063021973816822,0.0,0.0,-0.7720901453148572,0.0,0.19441008625644218,0.0,0.0,Shellcode,1,shellcode
-0.6567850322979374,-1.7230419309240497,-1.1386333063742395,-1.6329982705869572,-2.015742594047945,-0.4176432943122318,-2.6748848270027095,1.8853142411941755,2.2095195072215117,-1.8279148941509258,0.0,0.0,0.8352763669470445,0.0,-1.0255663517786133,0.0,-0.8009099181073703,Shellcode,1,shellcode
-0.3893904877059378,-0.19667188312469627,-0.4012076224838092,-0.1860411478064247,-0.379952234002974,-0.40043628425349015,-0.44638829600650876,0.12122130841121237,-0.009507289949577434,-0.034138266231163554,0.0,0.0,-0.5087773467078425,0.0,-0.17511721537794075,0.0,0.0,Shellcode,1,shellcode
-0.6567894469653276,-1.7230419309240497,-1.2778130612639673,-1.6329982705869572,-2.015742594047945,-0.663891461401846,-2.6748848270027095,1.9835124170285954,2.215412534730148,-1.8279148941509258,0.0,0.0,0.3713837959069231,0.0,-1.0263882148994588,0.0,-0.8009099181073703,Shellcode,1,shellcode
0.37784796009488836,-0.10243597374759404,-0.3221574515743857,-0.1860411478064247,-0.16868979759413125,-0.3244136017234979,-0.33589122473071187,-0.23301088741027254,-0.36733666708250706,-0.29177688437985216,0.0,0.0,-0.36353872126611453,0.0,0.27542758072121354,0.0,0.0,Shellcode,1,shellcode
0.08040604532319998,-0.19667188312469627,-0.39881606194893204,-0.1860411478064247,-0.379952234002974,-0.39620494041570314,-0.44638829600650876,-0.15815044697043285,-0.28725505181235694,-0.26712577382159686,0.0,0.0,-0.5087773467078425,0.0,0.13321065451996347,0.0,0.0,Shellcode,1,shellcode
-0.06819097326999012,-0.10243597374759404,-0.36392783056007477,-0.1860411478064247,-0.16868979759413125,-0.39831716098765946,-0.33589122473071187,-0.06354817612195528,-0.2221042942914614,-0.14809566552483072,0.0,0.0,-0.5120937022068909,0.0,0.08123801258128877,0.0,0.0,Shellcode,1,shellcode
-0.6567938616459617,-1.7230419309240497,-1.3883887962608912,-1.6329982705869572,-2.015742594047945,-0.8595310649429863,-2.6748848270027095,2.151383822834952,2.3077049713758924,-1.8279148941509258,0.0,0.0,0.0031324099420479887,0.0,-1.0272125325678625,0.0,-0.8009099181073703,Shellcode,1,shellcode
0.1682030692733549,-0.10243597374759404,-0.3487033747526664,-0.1860411478064247,-0.16868979759413125,-0.37138081280626284,-0.33589122473071187,-0.1627480004162041,-0.3122906585178804,-0.23168306091039179,0.0,0.0,-0.4542525532429989,0.0,0.19271256780849175,0.0,0.0,Shellcode,1,shellcode
-0.1342740706031901,-0.19667188312469627,-0.4512632869471644,-0.1860411478064247,-0.379952234002974,-0.4889988459300785,-0.44638829600650876,-0.05936033612445952,-0.2214152271778083,-0.18394174807151673,0.0,0.0,-0.6778839384589035,0.0,0.042543550115826397,0.0,0.0,Shellcode,1,shellcode
-0.3717377261425565,-0.19667188312469627,-0.3905663970624927,-0.1860411478064247,-0.379952234002974,-0.38160896085675955,-0.44638829600650876,0.10447144134036973,-0.018868173011817316,-0.047950619554146486,0.0,0.0,-0.46991450913863336,0.0,-0.16995348928718962,0.0,0.0,Shellcode,1,shellcode
1.8050531520273403,-0.10243597374759404,-0.31686103929500786,-0.1860411478064247,-0.16868979759413125,-0.3150427574007653,-0.33589122473071187,-0.5422238221762953,-0.7052813243498859,-0.5762713286493425,0.0,0.0,-0.3461756419924752,0.0,0.677053912203059,0.0,0.0,Shellcode,1,shellcode
-0.213453040384968,-0.19667188312469627,-0.12533456383000754,-0.1860411478064247,-0.379952234002974,0.08766081792008297,-0.44638829600650876,-0.013867869350900761,0.034521881403520825,-0.14598420461420922,0.0,0.0,0.4069089648709121,0.0,-0.010135293060649718,0.0,0.0,Worms,1,worms
-0.38044677301941404,-0.19667188312469627,-0.46814943739994364,-0.1860411478064247,-0.379952234002974,-0.5188751997251464,-0.44638829600650876,0.11261144108475418,-0.06084287128978736,-0.04123654180935445,0.0,0.0,-0.7240809894898906,0.0,-0.17231189485179632,0.0,0.0,Shellcode,1,shellcode
-0.34998964889748635,-0.19667188312469627,-0.17165993151730605,-0.1860411478064247,-0.379952234002974,0.005698201361461322,-0.44638829600650876,0.08510305178086215,0.1029665293988288,-0.06393914338007428,0.0,0.0,0.2474543926630841,0.0,-0.12084884057007439,0.0,0.0,Shellcode,1,shellcode
-0.4065497927613944,-0.19667188312469627,-0.4724954015814012,-0.1860411478064247,-0.379952234002974,-0.5265644338006694,-0.44638829600650876,0.1385151125513236,-0.03835660143409209,-0.019890580703760527,0.0,0.0,-0.7478502133204925,0.0,-0.20457878409813796,0.0,0.0,Shellcode,1,shellcode
-0.02267877916900104,-0.10243597374759404,-0.4151812259962339,-0.1860411478064247,-0.16868979759413125,-0.4889988459300785,-0.33589122473071187,-0.08494173013109464,-0.27669264546065264,-0.16602318952488687,0.0,0.0,-0.6812002939579518,0.0,0.08654421633668323,0.0,0.0,Shellcode,1,shellcode
-0.4238939617440469,-0.19667188312469627,-0.4377624842151284,-0.1860411478064247,-0.379952234002974,-0.46511212526703116,-0.44638829600650876,0.15715534286492283,0.0024710969405578693,-0.004547573964004035,0.0,0.0,-0.6333671575130067,0.0,-0.20882899779550482,0.0,0.0,Shellcode,1,shellcode
-0.6567732599163111,-1.7230419309240497,-1.4578992366881278,-1.6329982705869572,-2.015742594047945,-0.9825146020411841,-2.6748848270027095,1.7312871491888133,1.8528420890480344,-1.8279148941509258,0.0,0.0,-0.2281765640096056,0.0,-1.023386606372874,0.0,-0.8009099181073703,Shellcode,1,shellcode
-0.08772617895440143,-0.10243597374759404,-0.08981809766956218,-0.1860411478064247,-0.16868979759413125,0.08666012151432519,-0.33589122473071187,-0.05393370383305073,-0.03554604235134389,-0.14005389530122409,0.0,0.0,0.3942126664251066,0.0,0.04327303740696929,0.0,0.0,Worms,1,worms
-0.10883683113305406,-0.10243597374759404,-0.29048966982025476,-0.1860411478064247,-0.16868979759413125,-0.26838438095840067,-0.33589122473071187,-0.04322247378598034,-0.1541169525147929,-0.13110513925120493,0.0,0.0,-0.2628729924820024,0.0,0.04335966126759014,0.0,0.0,Shellcode,1,shellcode
-0.0953379152575803,-0.19667188312469627,-0.41840030526031446,-0.1860411478064247,-0.379952234002974,-0.43085498002157757,-0.44638829600650876,-0.07956698573377015,-0.22049813673043706,-0.2008639446638251,0.0,0.0,-0.569487800041417,0.0,0.04969130863366584,0.0,0.0,Shellcode,1,shellcode
-0.6567835607450837,-1.7230419309240497,-1.3058756422824955,-1.6329982705869572,-2.015742594047945,-0.7135420671605028,-2.6748848270027095,1.8597974145255702,2.076566313786089,-1.8279148941509258,0.0,0.0,0.2778974223941383,0.0,-1.0252929403372555,0.0,-0.8009099181073703,Shellcode,1,shellcode
-0.23206417086909908,-0.19667188312469627,-0.2695856818029829,-0.1860411478064247,-0.379952234002974,-0.1675600181103919,-0.44638829600650876,-0.002142978337443868,-0.046865877848025206,-0.1362294659251973,0.0,0.0,-0.0801027599090648,0.0,-0.056312976160265024,0.0,0.0,Shellcode,1,shellcode
0.17842610320627775,-0.19667188312469627,-0.4739555841960914,-0.1860411478064247,-0.379952234002974,-0.5291479079041299,-0.44638829600650876,-0.1954122612385747,-0.3740087133668544,-0.2988524730629743,0.0,0.0,-0.7478502133204925,0.0,0.16568562262284578,0.0,0.0,Shellcode,1,shellcode
-0.6567879754080592,-1.7230419309240497,-1.2385680567063775,-1.6329982705869572,-2.015742594047945,-0.5944560004227197,-2.6748848270027095,1.9461791744139458,2.204348679529007,-1.8279148941509258,0.0,0.0,0.5021519242563044,0.0,-1.0261139885207349,0.0,-0.8009099181073703,Shellcode,1,shellcode
-0.6567762030028884,-1.7230419309240497,-1.4760019458416653,-1.6329982705869572,-2.015742594047945,-1.0145433906530537,-2.6748848270027095,1.7615997231185394,1.870698242569313,-1.8279148941509258,0.0,0.0,-0.28838918913943046,0.0,-1.0239299310118681,0.0,-0.8009099181073703,Shellcode,1,shellcode
-0.6567820891937016,-1.7230419309240497,-1.0260291142237465,-1.6329982705869572,-2.015742594047945,-0.218414779032585,-2.6748848270027095,1.8367146390176203,2.2348062439764997,-1.8279148941509258,0.0,0.0,1.2108151991864322,0.0,-1.0250197994663934,0.0,-0.8009099181073703,Worms,1,worms
-0.6567820891937016,-1.7230419309240497,-1.2120433322875162,-1.6329982705869572,-2.015742594047945,-0.5475262959130606,-2.6748848270027095,1.8367146390176203,2.114683359940391,-1.8279148941509258,0.0,0.0,0.5905525399892798,0.0,-1.0250197994663934,0.0,-0.8009099181073703,Shellcode,1,shellcode
-0.6567879754080592,-1.7230419309240497,-1.508314079298123,-1.6329982705869572,-2.015742594047945,-1.0717126509719261,-2.6748848270027095,1.9461791744139458,2.0298653739181223,-1.8279148941509258,0.0,0.0,-0.39583325737997804,0.0,-1.0261139885207349,0.0,-0.8009099181073703,Shellcode,1,shellcode
-0.6567938616459617,-1.7230419309240497,-1.41358808992599,-1.6329982705869572,-2.015742594047945,-0.9041157093253538,-2.6748848270027095,2.151383822834952,2.2914020833972644,-1.8279148941509258,0.0,0.0,-0.08074125071129871,0.0,-1.0272125325678625,0.0,-0.8009099181073703,Shellcode,1,shellcode
-0.6567850322979374,-1.7230419309240497,-1.6461021501430932,-1.6329982705869572,-2.015742594047945,-1.3154985372114205,-2.6748848270027095,1.8853142411941755,1.8811440353140285,-1.8279148941509258,0.0,0.0,-0.8534662387516724,0.0,-1.0255663517786133,0.0,-0.8009099181073703,Shellcode,1,shellcode
0.13799285118954824,-0.10243597374759404,-0.08420104747238648,-0.1860411478064247,-0.16868979759413125,0.09659826457687604,-0.33589122473071187,-0.1514862630479686,-0.13037473306443548,-0.2221287191697326,0.0,0.0,0.412901221263866,0.0,0.15216355764949926,0.0,0.0,Worms,1,worms
-0.37452771471122115,-0.19667188312469627,-0.2789184982697148,-0.1860411478064247,-0.379952234002974,-0.18407239773440673,-0.44638829600650876,0.10705385469368962,0.05549335494468518,-0.045820246086485654,0.0,0.0,-0.10824369040354682,0.0,-0.14524240351685497,0.0,0.0,Shellcode,1,shellcode
-0.17400348346840164,-0.10243597374759404,-0.43206737644901316,-0.1860411478064247,-0.16868979759413125,-0.5188751997251464,-0.33589122473071187,-0.007757315176589312,-0.20995266700679113,-0.10154742202225046,0.0,0.0,-0.7273973449889388,0.0,0.007335627078900894,0.0,0.0,Shellcode,1,shellcode
-0.6567953332091162,-1.7230419309240497,-1.3625347543245423,-1.6329982705869572,-2.015742594047945,-0.8137879865496662,-2.6748848270027095,2.249582492268487,2.4202381342755808,-1.8279148941509258,0.0,0.0,0.08920518777238642,0.0,-1.027487853116857,0.0,-0.8009099181073703,Shellcode,1,shellcode
0.7672553105694704,-0.10243597374759404,-0.3221574515743857,-0.1860411478064247,-0.16868979759413125,-0.3244136017234979,-0.33589122473071187,-0.33874306794215386,-0.47835909861463255,-0.38432343873335706,0.0,0.0,-0.36353872126611453,0.0,0.404945700886129,0.0,0.0,Shellcode,1,shellcode
0.2852319253045271,-0.19667188312469627,-0.2269298707837278,-0.1860411478064247,-0.379952234002974,-0.09208988031962777,-0.44638829600650876,-0.23219307015633528,-0.2523466829867029,-0.33041265029308325,0.0,0.0,0.06407269376678919,0.0,0.24461660247238803,0.0,0.0,Shellcode,1,shellcode
-0.6567673737608144,-1.7230419309240497,-1.5512711323710067,-1.6329982705869572,-2.015742594047945,-1.1477157707586358,-2.6748848270027095,1.6801115354234777,1.7424336523847848,-1.8279148941509258,0.0,0.0,-0.5386057578194091,0.0,-1.0223031552172404,0.0,-0.8009099181073703,Shellcode,1,shellcode
0.009200020349143485,-0.10243597374759404,-0.3487033747526664,-0.1860411478064247,-0.16868979759413125,-0.37138081280626284,-0.33589122473071187,-0.0991719325878921,-0.2478697080081166,-0.17797528261131676,0.0,0.0,-0.4542525532429989,0.0,0.10435941099888545,0.0,0.0,Shellcode,1,shellcode
0.20055121098277684,-0.10243597374759404,-0.38865932551967297,-0.1860411478064247,-0.16868979759413125,-0.4420741377693206,-0.33589122473071187,-0.17444625368418987,-0.35025611329794804,-0.24162840796423987,0.0,0.0,-0.5937290508038119,0.0,0.19546835711966368,0.0,0.0,Shellcode,1,shellcode
-0.6567923900842788,-1.7230419309240497,-1.6269341037312657,-1.6329982705869572,-2.015742594047945,-1.2815848670850367,-2.6748848270027095,2.0817108441545327,2.085204798881647,-1.8279148941509258,0.0,0.0,-0.7898635400144006,0.0,-1.0269374863792013,0.0,-0.8009099181073703,Shellcode,1,shellcode
-0.21286086582135264,-0.19667188312469627,-0.38478543570359686,-0.1860411478064247,-0.379952234002974,-0.37138081280626284,-0.44638829600650876,-0.014233747505884558,-0.13309106784388697,-0.14628877193978362,0.0,0.0,-0.4509361977439506,0.0,-0.031569876897447564,0.0,0.0,Shellcode,1,shellcode
-0.6567953332091162,-1.7230419309240497,-1.5512711323710067,-1.6329982705869572,-2.015742594047945,-1.1477157707586358,-2.6748848270027095,2.249582492268487,2.298058817531299,-1.8279148941509258,0.0,0.0,-0.5386057578194091,0.0,-1.027487853116857,0.0,-0.8009099181073703,Shellcode,1,shellcode
-0.6567865038522626,-1.7230419309240497,-0.9690793098512517,-1.6329982705869572,-2.015742594047945,-0.1176545430776501,-2.6748848270027095,1.9138396804612412,2.346815694803662,-1.8279148941509258,0.0,0.0,1.4008020680534368,0.0,-1.025840034327047,0.0,-0.8009099181073703,Shellcode,1,shellcode
-0.42693071522695686,-0.19667188312469627,-0.3385078310100127,-0.1860411478064247,-0.379952234002974,-0.28950270242934983,-0.44638829600650876,0.16055180070256017,0.0699641903115902,-0.0017533671801403406,0.0,0.0,-0.30885497309009813,0.0,-0.2187767193919183,0.0,0.0,Shellcode,1,shellcode
-0.6567923900842788,-1.7230419309240497,-1.2120433322875162,-1.6329982705869572,-2.015742594047945,-0.5475262959130606,-2.6748848270027095,2.0817108441545327,2.353722598580708,-1.8279148941509258,0.0,0.0,0.5905525399892798,0.0,-1.0269374863792013,0.0,-0.8009099181073703,Shellcode,1,shellcode
-0.42647511710068603,-0.19667188312469627,-0.33649129028872105,-0.1860411478064247,-0.379952234002974,-0.2859348742141538,-0.44638829600650876,0.16003955886589522,0.0709039763745759,-0.0021747596497517997,0.0,0.0,-0.29220061326004265,0.0,-0.21434924371410055,0.0,0.0,Shellcode,1,shellcode
-0.0288201400347128,-0.19667188312469627,-0.4012076224838092,-0.1860411478064247,-0.379952234002974,-0.40043628425349015,-0.44638829600650876,-0.11146656503777169,-0.2416388391805955,-0.22766844476558465,0.0,0.0,-0.5087773467078425,0.0,0.0832095131356162,0.0,0.0,Shellcode,1,shellcode
0.5175211369796643,-0.19667188312469627,-0.2269298707837278,-0.1860411478064247,-0.379952234002974,-0.09208988031962777,-0.44638829600650876,-0.30206750347012884,-0.3252833855207658,-0.3912008515562677,0.0,0.0,0.06407269376678919,0.0,0.31656190698396647,0.0,0.0,Shellcode,1,shellcode
0.03223557352096586,-0.19667188312469627,-0.44445072367506594,-0.1860411478064247,-0.379952234002974,-0.47694550368741234,-0.44638829600650876,-0.1383256915833402,-0.2966545456745859,-0.25033350847043256,0.0,0.0,-0.6554231878312298,0.0,0.1255801265536712,0.0,0.0,Shellcode,1,shellcode
-0.656780617643791,-1.7230419309240497,-1.117103148514495,-1.6329982705869572,-2.015742594047945,-0.37955038407314773,-2.6748848270027095,1.8156417376756153,2.155444725936294,-1.8279148941509258,0.0,0.0,0.9070668993218103,0.0,-1.0247469286310384,0.0,-0.8009099181073703,Shellcode,1,shellcode
-0.6567850322979374,-1.7230419309240497,-1.3217699638328448,-1.6329982705869572,-2.015742594047945,-0.7416635964160151,-2.6748848270027095,1.8853142411941755,2.091187345123489,-1.8279148941509258,0.0,0.0,0.2249561308049288,0.0,-1.0255663517786133,0.0,-0.8009099181073703,Shellcode,1,shellcode
-0.6567835607450837,-1.7230419309240497,-1.117103148514495,-1.6329982705869572,-2.015742594047945,-0.37955038407314773,-2.6748848270027095,1.8597974145255702,2.1985269369727907,-1.8279148941509258,0.0,0.0,0.9070668993218103,0.0,-1.0252929403372555,0.0,-0.8009099181073703,Shellcode,1,shellcode
-0.40552347995282645,-0.19667188312469627,-0.17617677998965167,-0.1860411478064247,-0.379952234002974,-0.002293375130521175,-0.44638829600650876,0.13745022329205528,0.15197352177135579,-0.020767530934315933,0.0,0.0,0.23676369968902627,0.0,-0.20319449125797154,0.0,0.0,Shellcode,1,shellcode
-0.6567497154355881,-1.7230419309240497,-1.117103148514495,-1.6329982705869572,-2.015742594047945,-0.37955038407314773,-2.6748848270027095,1.5706489322350075,1.916405486580555,-1.8279148941509258,0.0,0.0,0.9070668993218103,0.0,-1.019078088407635,0.0,-0.8009099181073703,Shellcode,1,shellcode
-0.3799285287318189,-0.19667188312469627,-0.3405355283065756,-0.1860411478064247,-0.379952234002974,-0.29309026976690394,-0.44638829600650876,0.11212047927792479,0.02066807705778798,-0.04164140617891894,0.0,0.0,-0.30885497309009813,0.0,-0.17506978119892944,0.0,0.0,Shellcode,1,shellcode
-0.2553665965521395,-0.19667188312469627,-0.21591184613172362,-0.1860411478064247,-0.379952234002974,-0.07259589301052626,-0.44638829600650876,0.013198499164084141,0.002997253893328778,-0.12348156036108644,0.0,0.0,0.10061500634761245,0.0,-0.04012857772020452,0.0,0.0,Shellcode,1,shellcode
0.2179234217782621,-0.10243597374759404,-0.4083686627241354,-0.1860411478064247,-0.16868979759413125,-0.47694550368741234,-0.33589122473071187,-0.18058424149892655,-0.3692483151342162,-0.246855489634766,0.0,0.0,-0.6587395433302782,0.0,0.20885255238118167,0.0,0.0,Shellcode,1,shellcode
0.16892533046363403,-0.19667188312469627,-0.19277859239342116,-0.1860411478064247,-0.379952234002974,-0.03166665487248448,-0.44638829600650876,-0.19196105845873884,-0.18876670456948985,-0.29590416971917993,0.0,0.0,0.1818631727288168,0.0,0.15038167546741,0.0,0.0,Shellcode,1,shellcode
-0.11667505477457267,-0.19667188312469627,-0.25561405513142255,-0.1860411478064247,-0.379952234002974,-0.14284027735601273,-0.44638829600650876,-0.06864897273221218,-0.10429330382037631,-0.19171543342595904,0.0,0.0,-0.02569039908285641,0.0,0.035440071670408566,0.0,0.0,Shellcode,1,shellcode
-0.6567879754080592,-1.7230419309240497,-1.6461021501430932,-1.6329982705869572,-2.015742594047945,-1.3154985372114205,-2.6748848270027095,1.9461791744139458,1.9405291138714127,-1.8279148941509258,0.0,0.0,-0.8534662387516724,0.0,-1.0261139885207349,0.0,-0.8009099181073703,Shellcode,1,shellcode
-0.04983398866513039,-0.19667188312469627,-0.40482448096316287,-0.1860411478064247,-0.379952234002974,-0.4068355250904137,-0.44638829600650876,-0.10171278802630995,-0.23395438031950286,-0.2194601300908809,0.0,0.0,-0.5286814692381363,0.0,0.07662530148256104,0.0,0.0,Shellcode,1,shellcode
0.08750102544160165,-0.10243597374759404,-0.09323011937826949,-0.1860411478064247,-0.16868979759413125,0.08062329458856402,-0.33589122473071187,-0.13186718128154457,-0.11632526876245967,-0.2055279292221824,0.0,0.0,0.38476029076938517,0.0,0.1474498125640851,0.0,0.0,Worms,1,worms
-0.25101310017237227,-0.19667188312469627,-0.12364299766646157,-0.1860411478064247,-0.379952234002974,0.09065367465857942,-0.44638829600650876,0.010273065698854143,0.05960990450025193,-0.1259111093624971,0.0,0.0,0.4069089648709121,0.0,-0.05818079226355476,0.0,0.0,Worms,1,worms
-0.037680448745892034,-0.19667188312469627,-0.2269298707837278,-0.1860411478064247,-0.379952234002974,-0.09208988031962777,-0.44638829600650876,-0.10738814489030606,-0.12496821707268777,-0.22423484657911966,0.0,0.0,0.06407269376678919,0.0,0.09742195667630943,0.0,0.0,Shellcode,1,shellcode
-0.15884888071469846,-0.19667188312469627,-0.3917336125442415,-0.1860411478064247,-0.379952234002974,-0.3836740936284546,-0.44638829600650876,-0.04592567835268296,-0.16935029034726867,-0.17271302458227328,0.0,0.0,-0.46991450913863336,0.0,0.020581699194561424,0.0,0.0,Shellcode,1,shellcode
0.33009824680315125,-0.19667188312469627,-0.3929045571552693,-0.1860411478064247,-0.379952234002974,-0.3857458242796367,-0.44638829600650876,-0.24666105045179051,-0.37434617257362773,-0.34290268955801173,0.0,0.0,-0.48919170383715266,0.0,0.25281984358213283,0.0,0.0,Shellcode,1,shellcode
-0.6567850322979374,-1.7230419309240497,-0.685075108079736,-1.6329982705869572,-2.015742594047945,0.38482884028076064,-2.6748848270027095,1.8853142411941755,2.502225519635426,-1.8279148941509258,0.0,0.0,2.348638382260402,0.0,-1.0255663517786133,0.0,-0.8009099181073703,Worms,1,worms
-0.6567835607450837,-1.7230419309240497,-1.0260291142237465,-1.6329982705869572,-2.015742594047945,-0.218414779032585,-2.6748848270027095,1.8597974145255702,2.2573278492661824,-1.8279148941509258,0.0,0.0,1.2108151991864322,0.0,-1.0252929403372555,0.0,-0.8009099181073703,Worms,1,worms
-0.6567909185240673,-1.7230419309240497,-1.6461021501430932,-1.6329982705869572,-2.015742594047945,-1.3154985372114205,-2.6748848270027095,2.0276683361549592,2.0200368276451655,-1.8279148941509258,0.0,0.0,-0.8534662387516724,0.0,-1.026662714004611,0.0,-0.8009099181073703,Shellcode,1,shellcode
-0.656780617643791,-1.7230419309240497,-1.1386333063742395,-1.6329982705869572,-2.015742594047945,-0.4176432943122318,-2.6748848270027095,1.8156417376756153,2.1415408361129566,-1.8279148941509258,0.0,0.0,0.8352763669470445,0.0,-1.0247469286310384,0.0,-0.8009099181073703,Shellcode,1,shellcode
0.12321416205751907,-0.19667188312469627,-0.40847738845978837,-0.1860411478064247,-0.379952234002974,-0.4132985467871012,-0.44638829600650876,-0.1748920255108534,-0.3103795004016925,-0.2813524079635855,0.0,0.0,-0.5286814692381363,0.0,0.16585562411870272,0.0,0.0,Shellcode,1,shellcode
-0.08377600462466468,-0.19667188312469627,-0.12533456383000754,-0.1860411478064247,-0.379952234002974,0.08766081792008297,-0.44638829600650876,-0.08533515703364061,-0.03711283490900585,-0.20570233506581473,0.0,0.0,0.4069089648709121,0.0,0.07243763109687232,0.0,0.0,Worms,1,worms
-0.6567953332091162,-1.7230419309240497,-1.45496717823843,-1.6329982705869572,-2.015742594047945,-0.9773269652357459,-2.6748848270027095,2.249582492268487,2.3604333363509866,-1.8279148941509258,0.0,0.0,-0.21842291427784197,0.0,-1.027487853116857,0.0,-0.8009099181073703,Shellcode,1,shellcode
-0.3954178039439757,-0.19667188312469627,-0.1259001586204927,-0.1860411478064247,-0.379952234002974,0.08666012151432519,-0.44638829600650876,0.12717535480016667,0.17415774885358634,-0.029231513601082178,0.0,0.0,0.39752902192415496,0.0,-0.19896562113173905,0.0,0.0,Worms,1,worms
-0.6567938616459617,-1.7230419309240497,-1.6932893413188481,-1.6329982705869572,-2.015742594047945,-1.398985962134271,-2.6748848270027095,2.151383822834952,2.1101012659634315,-1.8279148941509258,0.0,0.0,-1.0099440730139861,0.0,-1.0272125325678625,0.0,-0.8009099181073703,Shellcode,1,shellcode
0.1143853192235851,-0.10243597374759404,-0.3498522952907055,-0.1860411478064247,-0.16868979759413125,-0.3734135766723001,-0.33589122473071187,-0.14244314367759672,-0.29246720584280866,-0.21447012536062138,0.0,0.0,-0.4542525532429989,0.0,0.16747695096049522,0.0,0.0,Shellcode,1,shellcode
0.05703756395885507,-0.19667188312469627,-0.38478543570359686,-0.1860411478064247,-0.379952234002974,-0.37138081280626284,-0.44638829600650876,-0.14867140233721676,-0.26839786529319454,-0.2590896293100016,0.0,0.0,-0.4509361977439506,0.0,0.14560963959406883,0.0,0.0,Shellcode,1,shellcode
-0.6567879754080592,-1.7230419309240497,-0.8124187909512476,-1.6329982705869572,-2.015742594047945,0.15952201658074824,-2.6748848270027095,1.9461791744139458,2.4794600792310035,-1.8279148941509258,0.0,0.0,1.9235761170826389,0.0,-1.0261139885207349,0.0,-0.8009099181073703,Shellcode,1,shellcode
0.19482047625506654,-0.19667188312469627,-0.35294310024593833,-0.1860411478064247,-0.379952234002974,-0.3150427574007653,-0.44638829600650876,-0.20129386270376018,-0.301676762039849,-0.30388197271551687,0.0,0.0,-0.3428592864934268,0.0,0.1671295452201111,0.0,0.0,Shellcode,1,shellcode
-0.42255676089421795,-0.19667188312469627,-0.30014548769568566,-0.1860411478064247,-0.379952234002974,-0.2216289176687707,-0.44638829600650876,0.15567286872781563,0.08990056599045701,-0.0057673086735416206,0.0,0.0,-0.18156360178692313,0.0,-0.1988287587564186,0.0,0.0,Shellcode,1,shellcode
-0.6567923900842788,-1.7230419309240497,-1.268916863542304,-1.6329982705869572,-2.015742594047945,-0.6481515832510182,-2.6748848270027095,2.0817108441545327,2.3169727457082168,-1.8279148941509258,0.0,0.0,0.40102390180592423,0.0,-1.0269374863792013,0.0,-0.8009099181073703,Shellcode,1,shellcode
-0.061457223427047306,-0.19667188312469627,-0.41464765795548647,-0.1860411478064247,-0.379952234002974,-0.42421549052628543,-0.44638829600650876,-0.09619417364810233,-0.23454963199125092,-0.21482089746791902,0.0,0.0,-0.548914600388818,0.0,0.07140184195924354,0.0,0.0,Shellcode,1,shellcode
-0.24326866795460292,-0.19667188312469627,-0.44445072367506594,-0.1860411478064247,-0.379952234002974,-0.47694550368741234,-0.44638829600650876,0.005137531721034148,-0.15252914819917754,-0.13017762152827705,0.0,0.0,-0.6554231878312298,0.0,-0.10045661936745391,0.0,0.0,Shellcode,1,shellcode
2.345933567038663,-0.10243597374759404,-0.4151812259962339,-0.1860411478064247,-0.16868979759413125,-0.4889988459300785,-0.33589122473071187,-0.6223841107128484,-0.8717707310126214,-0.6620285550801064,0.0,0.0,-0.6812002939579518,0.0,0.7972494563717566,0.0,0.0,Shellcode,1,shellcode
-0.03159925670513458,-0.10243597374759404,-0.41244098630412795,-0.1860411478064247,-0.16868979759413125,-0.4841505905059909,-0.33589122473071187,-0.08085275288218258,-0.2706135803367109,-0.16259295931695356,0.0,0.0,-0.6587395433302782,0.0,0.1011989597936474,0.0,0.0,Shellcode,1,shellcode
1.9442700880599544,-0.10243597374759404,-0.28274290106807115,-0.1860411478064247,-0.16868979759413125,-0.2546781662319577,-0.33589122473071187,-0.5642054939728885,-0.7105710153971505,-0.598936123772323,0.0,0.0,-0.2468717637824875,0.0,0.7087640947359319,0.0,0.0,Shellcode,1,shellcode
1.669212465949254,-0.10243597374759404,-0.3318882537204034,-0.1860411478064247,-0.16868979759413125,-0.34163013005168086,-0.33589122473071187,-0.5197887229940655,-0.6877579988384709,-0.5536686417138977,0.0,0.0,-0.3990216858234151,0.0,0.6407825187326848,0.0,0.0,Shellcode,1,shellcode
-0.6567820891937016,-1.7230419309240497,-1.5829886727374463,-1.6329982705869572,-2.015742594047945,-1.2038330285165244,-2.6748848270027095,1.8367146390176203,1.8746697202002611,-1.8279148941509258,0.0,0.0,-0.6439676692390619,0.0,-1.0250197994663934,0.0,-0.8009099181073703,Shellcode,1,shellcode
0.5449584759548156,-0.10243597374759404,-0.08925250287907704,-0.1860411478064247,-0.16868979759413125,0.08766081792008297,-0.33589122473071187,-0.2815058141575719,-0.26761771534529094,-0.33384763052100136,0.0,0.0,0.4035926093718638,0.0,0.33829523401479683,0.0,0.0,Worms,1,worms
-0.6567688452974813,-1.7230419309240497,-1.5667869032657182,-1.6329982705869572,-2.015742594047945,-1.1751675373379942,-2.6748848270027095,1.6919277039798999,1.7439059222082856,-1.8279148941509258,0.0,0.0,-0.590153440144657,0.0,-1.022573619548026,0.0,-0.8009099181073703,Shellcode,1,shellcode
0.011723840569392607,-0.10243597374759404,-0.24802904391382563,-0.1860411478064247,-0.16868979759413125,-0.19325958057906292,-0.33589122473071187,-0.10027411197790352,-0.18432032605825477,-0.17890197584542014,0.0,0.0,-0.1258768940774746,0.0,0.11546787383458383,0.0,0.0,Shellcode,1,shellcode
-0.36501932487053484,-0.19667188312469627,-0.4724954015814012,-0.1860411478064247,-0.379952234002974,-0.5265644338006694,-0.44638829600650876,0.09834718622699586,-0.0780727900449889,-0.053004134405370565,0.0,0.0,-0.7478502133204925,0.0,-0.15297846741123808,0.0,0.0,Shellcode,1,shellcode
-0.6567879754080592,-1.7230419309240497,-1.3320657349944782,-1.6329982705869572,-2.015742594047945,-0.7598797139780485,-2.6748848270027095,1.9461791744139458,2.1439157099213597,-1.8279148941509258,0.0,0.0,0.19066602965024473,0.0,-1.0261139885207349,0.0,-0.8009099181073703,Shellcode,1,shellcode
-0.12874299808882705,-0.10243597374759404,-0.08981809766956218,-0.1860411478064247,-0.16868979759413125,0.08666012151432519,-0.33589122473071187,-0.03279363178806489,-0.014373236994390722,-0.12240233475122708,0.0,0.0,0.3942126664251066,0.0,0.04592831848519564,0.0,0.0,Worms,1,worms
-0.11325054678235046,-0.19667188312469627,-0.3466868114649497,-0.1860411478064247,-0.379952234002974,-0.3039736213304914,-0.44638829600650876,-0.0704259699849877,-0.164799582035994,-0.19320358679974337,0.0,0.0,-0.32573905546277826,0.0,0.038577599230765584,0.0,0.0,Shellcode,1,shellcode
0.7697362857862565,-0.10243597374759404,-0.09038456664090573,-0.1860411478064247,-0.16868979759413125,0.085657878436537,-0.33589122473071187,-0.339343512773421,-0.3296336701594353,-0.38485853644799667,0.0,0.0,0.3942126664251066,0.0,0.40954953783284415,0.0,0.0,Worms,1,worms
0.0222260365327443,-0.19667188312469627,-0.2137474381593089,-0.1860411478064247,-0.379952234002974,-0.06876644600177448,-0.44638829600650876,-0.13406255320036994,-0.14329339191110702,-0.24672972105395044,0.0,0.0,0.1125573114601467,0.0,0.10814479379246522,0.0,0.0,Shellcode,1,shellcode
-0.6567820891937016,-1.7230419309240497,-1.4578992366881278,-1.6329982705869572,-2.015742594047945,-0.9825146020411841,-2.6748848270027095,1.8367146390176203,1.955706857159182,-1.8279148941509258,0.0,0.0,-0.2281765640096056,0.0,-1.0250197994663934,0.0,-0.8009099181073703,Shellcode,1,shellcode
0.3351083248581895,-0.19667188312469627,-0.12533456383000754,-0.1860411478064247,-0.379952234002974,0.08766081792008297,-0.44638829600650876,-0.2482443493585506,-0.2033550691762506,-0.3442723392601079,0.0,0.0,0.4069089648709121,0.0,0.25578709677882994,0.0,0.0,Worms,1,worms
-0.16484207493751804,-0.19667188312469627,-0.4012076224838092,-0.1860411478064247,-0.379952234002974,-0.40043628425349015,-0.44638829600650876,-0.04256197737219754,-0.17235024185172207,-0.16990426220350796,0.0,0.0,-0.5087773467078425,0.0,0.022667206714133838,0.0,0.0,Shellcode,1,shellcode
-0.6567835607450837,-1.7230419309240497,-1.0562345423316972,-1.6329982705869572,-2.015742594047945,-0.2718566845283457,-2.6748848270027095,1.8597974145255702,2.2378283000960235,-1.8279148941509258,0.0,0.0,1.1100631127484146,0.0,-1.0252929403372555,0.0,-0.8009099181073703,Shellcode,1,shellcode
0.01853121389647922,-0.19667188312469627,-0.2137474381593089,-0.1860411478064247,-0.379952234002974,-0.06876644600177448,-0.44638829600650876,-0.13247565293736258,-0.1416848993691944,-0.2453888841208905,0.0,0.0,0.1125573114601467,0.0,0.1099119085437613,0.0,0.0,Shellcode,1,shellcode
-0.6567850322979374,-1.7230419309240497,-1.0260291142237465,-1.6329982705869572,-2.015742594047945,-0.218414779032585,-2.6748848270027095,1.8853142411941755,2.2822243190178675,-1.8279148941509258,0.0,0.0,1.2108151991864322,0.0,-1.0255663517786133,0.0,-0.8009099181073703,Worms,1,worms
-0.3578029265160388,-0.19667188312469627,-0.21231156814842653,-0.1860411478064247,-0.379952234002974,-0.06622598773872555,-0.44638829600650876,0.09191183123274374,0.08348318003842865,-0.05831637056096458,0.0,0.0,0.1125573114601467,0.0,-0.16079982654564373,0.0,0.0,Worms,1,worms
-0.6567865038522626,-1.7230419309240497,-1.4698678218764496,-1.6329982705869572,-2.015742594047945,-1.0036903985326724,-2.6748848270027095,1.9138396804612412,2.0232086598877768,-1.8279148941509258,0.0,0.0,-0.26798744078829223,0.0,-1.025840034327047,0.0,-0.8009099181073703,Shellcode,1,shellcode
-0.6567909185240673,-1.7230419309240497,-1.781422272951801,-1.6329982705869572,-2.015742594047945,-1.5549179286192238,-2.6748848270027095,2.0276683361549592,1.9320774048527254,-1.8279148941509258,0.0,0.0,-1.3017774195986855,0.0,-1.026662714004611,0.0,-0.8009099181073703,Shellcode,1,shellcode
-0.6567938616459617,-1.7230419309240497,-1.6560757003029518,-1.6329982705869572,-2.015742594047945,-1.333144555112425,-2.6748848270027095,2.151383822834952,2.1342695561013802,-1.8279148941509258,0.0,0.0,-0.886551403198893,0.0,-1.0272125325678625,0.0,-0.8009099181073703,Shellcode,1,shellcode
-0.6567953332091162,-1.7230419309240497,-1.3883887962608912,-1.6329982705869572,-2.015742594047945,-0.8595310649429863,-2.6748848270027095,2.249582492268487,2.403515547496256,-1.8279148941509258,0.0,0.0,0.0031324099420479887,0.0,-1.027487853116857,0.0,-0.8009099181073703,Shellcode,1,shellcode
0.07654442810734938,-0.19667188312469627,-0.4739555841960914,-0.1860411478064247,-0.379952234002974,-0.5291479079041299,-0.44638829600650876,-0.15660130103217987,-0.3343740908229279,-0.265811537220154,0.0,0.0,-0.7478502133204925,0.0,0.13613882261011467,0.0,0.0,Shellcode,1,shellcode
-0.16200695688483369,-0.19667188312469627,-0.39881606194893204,-0.1860411478064247,-0.379952234002974,-0.39620494041570314,-0.44638829600650876,-0.044157620979102516,-0.17223302172947405,-0.1712365160286696,0.0,0.0,-0.5087773467078425,0.0,-0.0007426576818532842,0.0,0.0,Shellcode,1,shellcode
0.13248274522896414,-0.19667188312469627,-0.2662500014260292,-0.1860411478064247,-0.379952234002974,-0.16165826049145923,-0.44638829600650876,-0.17841749614066024,-0.22245840007253523,-0.2843539547101405,0.0,0.0,-0.06627123913026708,0.0,0.2127665655719827,0.0,0.0,Shellcode,1,shellcode
0.009300157909164816,-0.10243597374759404,-0.3024257700590822,-0.1860411478064247,-0.16868979759413125,-0.28950270242934983,-0.33589122473071187,-0.09921574906751653,-0.21822073605731016,-0.17801211226803307,0.0,0.0,-0.3121713285891465,0.0,0.10855344173635122,0.0,0.0,Shellcode,1,shellcode
0.11504738510172292,-0.19667188312469627,-0.12364299766646157,-0.1860411478064247,-0.379952234002974,0.09065367465857942,-0.44638829600650876,-0.17175721562412152,-0.12365550707383954,-0.2786851510998252,0.0,0.0,0.4069089648709121,0.0,0.1375841465443945,0.0,0.0,Worms,1,worms
0.05896961808867147,-0.10243597374759404,-0.31686103929500786,-0.1860411478064247,-0.16868979759413125,-0.3150427574007653,-0.33589122473071187,-0.12029663464230304,-0.24874887380086183,-0.19576194304293315,0.0,0.0,-0.3461756419924752,0.0,0.13317504504326838,0.0,0.0,Shellcode,1,shellcode
-0.4091728086788545,-0.19667188312469627,-0.33050739652553646,-0.1860411478064247,-0.379952234002974,-0.27534768161268197,-0.44638829600650876,0.1412553031093335,0.05593666296491682,-0.01763422218890373,0.0,0.0,-0.27576980864287753,0.0,-0.20504486895519097,0.0,0.0,Shellcode,1,shellcode
1.530998689666715,2.364257174284913,1.1573131972797517,1.7575590448988274,2.9621136033752506,0.6329362496064751,2.53777310457739,0.24568375860044991,-0.2834205573256338,0.9172282180848295,0.0,0.0,-0.2928628277149291,0.0,0.08839663984369961,0.0,0.0,Worms,1,worms
-0.6567835607450837,-1.7230419309240497,-1.6932893413188481,-1.6329982705869572,-2.015742594047945,-1.398985962134271,-2.6748848270027095,1.8597974145255702,1.8256049635485512,-1.8279148941509258,0.0,0.0,-1.0099440730139861,0.0,-1.0252929403372555,0.0,-0.8009099181073703,Shellcode,1,shellcode
-0.3439714791126963,-0.19667188312469627,-0.350845782067671,-0.1860411478064247,-0.379952234002974,-0.31133201112440306,-0.44638829600650876,0.07996608894244925,-0.01782279121350317,-0.06818291715810741,0.0,0.0,-0.3428592864934268,0.0,-0.13645064556950215,0.0,0.0,Shellcode,1,shellcode
-0.33689402003645785,-0.19667188312469627,-0.12364299766646157,-0.1860411478064247,-0.379952234002974,0.09065367465857942,-0.44638829600650876,0.07403934634264983,0.12297846075092889,-0.07308089702367226,0.0,0.0,0.4069089648709121,0.0,-0.1333728425356749,0.0,0.0,Worms,1,worms
0.16081652954915276,-0.10243597374759404,-0.08925250287907704,-0.1860411478064247,-0.16868979759413125,0.08766081792008297,-0.33589122473071187,-0.1600254494652841,-0.14228055579724974,-0.22937152282523599,0.0,0.0,0.4035926093718638,0.0,0.14659824531339102,0.0,0.0,Worms,1,worms
-0.16544790276429527,-0.19667188312469627,-0.40000989151100524,-0.1860411478064247,-0.379952234002974,-0.39831716098765946,-0.44638829600650876,-0.0422199665717042,-0.1711485670713583,-0.16961872264605532,0.0,0.0,-0.5087773467078425,0.0,-0.012225942541931429,0.0,0.0,Shellcode,1,shellcode
-0.6567467724019845,-1.7230419309240497,-1.3320657349944782,-1.6329982705869572,-2.015742594047945,-0.7598797139780485,-2.6748848270027095,1.5563989317450155,1.7636088254635205,-1.8279148941509258,0.0,0.0,0.19066602965024473,0.0,-1.0185442220371652,0.0,-0.8009099181073703,Shellcode,1,shellcode
-0.002013460513543577,-0.19667188312469627,-0.4260228750191795,-0.1860411478064247,-0.379952234002974,-0.44434145176540574,-0.44638829600650876,-0.1235171611787227,-0.2698471860411366,-0.23782576713525358,0.0,0.0,-0.5904126953047635,0.0,0.1162195189988004,0.0,0.0,Shellcode,1,shellcode
0.19428001069035927,-0.19667188312469627,-0.24921903397277914,-0.1860411478064247,-0.379952234002974,-0.13152568465491965,-0.44638829600650876,-0.20110142821110022,-0.234642969068472,-0.3037173243924204,0.0,0.0,-0.01245701003586209,0.0,0.19723994368897774,0.0,0.0,Shellcode,1,shellcode
-0.6567820891937016,-1.7230419309240497,-1.1206048186368125,-1.6329982705869572,-2.015742594047945,-0.3857458242796367,-2.6748848270027095,1.8367146390176203,2.173744091647239,-1.8279148941509258,0.0,0.0,0.895390404759357,0.0,-1.0250197994663934,0.0,-0.8009099181073703,Shellcode,1,shellcode
-0.37000135817684504,-0.19667188312469627,-0.4134052657437681,-0.1860411478064247,-0.379952234002974,-0.42201734895616666,-0.44638829600650876,0.10287599420669143,-0.03552965464067703,-0.049266932274684615,0.0,0.0,-0.548914600388818,0.0,-0.1634324721584608,0.0,0.0,Shellcode,1,shellcode
-0.1661003684817604,-0.19667188312469627,0.007389553403990642,-0.1860411478064247,-0.379952234002974,0.32248714466102296,-0.44638829600650876,-0.04185121677133411,0.09207149045076699,-0.16931088637683173,0.0,0.0,0.8425716385733062,0.0,-0.013732465468265573,0.0,0.0,Shellcode,1,shellcode
-0.6567850322979374,-1.7230419309240497,-1.3787749899331125,-1.6329982705869572,-2.015742594047945,-0.8425215351529265,-2.6748848270027095,1.8853142411941755,2.054323844970314,-1.8279148941509258,0.0,0.0,0.035136234597408784,0.0,-1.0255663517786133,0.0,-0.8009099181073703,Shellcode,1,shellcode
0.3112414763700396,-0.10243597374759404,-0.382318244309384,-0.1860411478064247,-0.16868979759413125,-0.43085498002157757,-0.33589122473071187,-0.2120018411051867,-0.38464816900845666,-0.27371283895558174,0.0,0.0,-0.5728041555404654,0.0,0.243961475429473,0.0,0.0,Shellcode,1,shellcode
-0.6567923900842788,-1.7230419309240497,-1.2060716262204758,-1.6329982705869572,-2.015742594047945,-0.5369606667770435,-2.6748848270027095,2.0817108441545327,2.3575806100861745,-1.8279148941509258,0.0,0.0,0.6104566625195736,0.0,-1.0269374863792013,0.0,-0.8009099181073703,Shellcode,1,shellcode
-0.21802755530999232,-0.19667188312469627,-0.12533456383000754,-0.1860411478064247,-0.379952234002974,0.08766081792008297,-0.44638829600650876,-0.011026923087917188,0.03735820697001377,-0.14361963348945447,0.0,0.0,0.4069089648709121,0.0,-0.01266162715657612,0.0,0.0,Worms,1,worms
-0.009303390290562692,-0.19667188312469627,-0.34565440134143355,-0.1860411478064247,-0.379952234002974,-0.302146997186757,-0.44638829600650876,-0.12028174425132172,-0.21468225700266422,-0.23509686365145022,0.0,0.0,-0.32573905546277826,0.0,0.1000043996429592,0.0,0.0,Shellcode,1,shellcode
-0.34384061194189014,-0.19667188312469627,-0.12028310842331696,-0.1860411478064247,-0.379952234002974,0.09659826457687604,-0.44638829600650876,0.0798553926867174,0.13095106959281805,-0.06827438129187924,0.0,0.0,0.4162175767629144,0.0,-0.11499952230350788,0.0,0.0,Worms,1,worms
-0.25359098047741585,-0.19667188312469627,-0.12364299766646157,-0.1860411478064247,-0.379952234002974,0.09065367465857942,-0.44638829600650876,0.012001940032945326,0.06133224282152425,-0.12447520917515029,0.0,0.0,0.4069089648709121,0.0,-0.09341191988176059,0.0,0.0,Worms,1,worms
-0.6567835607450837,-1.7230419309240497,-1.3217699638328448,-1.6329982705869572,-2.015742594047945,-0.7416635964160151,-2.6748848270027095,1.8597974145255702,2.066290870783621,-1.8279148941509258,0.0,0.0,0.2249561308049288,0.0,-1.0252929403372555,0.0,-0.8009099181073703,Shellcode,1,shellcode
-0.1294349173828291,-0.19667188312469627,-0.47542160755678453,-0.1860411478064247,-0.379952234002974,-0.5317417159315061,-0.44638829600650876,-0.06194102444567146,-0.23928624862928805,-0.18610066809169412,0.0,0.0,-0.7478502133204925,0.0,0.035240264703992955,0.0,0.0,Shellcode,1,shellcode
-0.12266748180674358,-0.10243597374759404,-0.3024257700590822,-0.1860411478064247,-0.16868979759413125,-0.28950270242934983,-0.33589122473071187,-0.03601188705075723,-0.15473946713505268,-0.12508692825511247,0.0,0.0,-0.3121713285891465,0.0,0.036252779122091607,0.0,0.0,Shellcode,1,shellcode
-0.1650285379771326,-0.19667188312469627,-0.2637680143910009,-0.1860411478064247,-0.379952234002974,-0.15726692671881284,-0.44638829600650876,-0.04245673503957299,-0.0832822368675522,-0.16981639091708148,0.0,0.0,-0.05259426371683773,0.0,0.01704935712742564,0.0,0.0,Shellcode,1,shellcode
-0.14955167652334783,-0.10243597374759404,-0.3004092293377905,-0.1860411478064247,-0.16868979759413125,-0.2859348742141538,-0.33589122473071187,-0.021523700903073713,-0.1388067681795814,-0.11300823881370213,0.0,0.0,-0.295516968759091,0.0,0.022176830306847417,0.0,0.0,Shellcode,1,shellcode
0.6254100113958072,-0.10243597374759404,-0.08756093671553107,-0.1860411478064247,-0.16868979759413125,0.09065367465857942,-0.33589122473071187,-0.30305967734887174,-0.28927361073537833,-0.35273917918916403,0.0,0.0,0.4035926093718638,0.0,0.3647942395877244,0.0,0.0,Worms,1,worms
-0.3205880251595528,-0.19667188312469627,-0.21231156814842653,-0.1860411478064247,-0.379952234002974,-0.06622598773872555,-0.44638829600650876,0.06082726340061923,0.05266909558214126,-0.08400662069990769,0.0,0.0,0.1125573114601467,0.0,-0.12864265535239208,0.0,0.0,Worms,1,worms
-0.6567850322979374,-1.7230419309240497,-1.7474623157163134,-1.6329982705869572,-2.015742594047945,-1.494833204154044,-2.6748848270027095,1.8853142411941755,1.8152846270738316,-1.8279148941509258,0.0,0.0,-1.1893979500878742,0.0,-1.0255663517786133,0.0,-0.8009099181073703,Shellcode,1,shellcode
-0.1786131082482236,-0.006487834901754498,0.5715068936195777,0.15936542501584577,-0.379952234002974,1.320569524972854,-0.44638829600650876,0.021279429293292317,0.4703946962388942,-0.1633393486105486,0.0,0.0,2.311735830601189,0.0,-0.11693803562024373,0.0,0.0,Worms,1,worms
0.129966533794597,-0.10243597374759404,-0.41655906728628367,-0.1860411478064247,-0.16868979759413125,-0.4914366350502272,-0.33589122473071187,-0.14843635746450914,-0.3418761919429112,-0.21954445854495175,0.0,0.0,-0.6812002939579518,0.0,0.17532851595696805,0.0,0.0,Shellcode,1,shellcode
-0.4103995633835108,-0.19667188312469627,-0.30014548769568566,-0.1860411478064247,-0.379952234002974,-0.2216289176687707,-0.44638829600650876,0.14254613944960978,0.07694204745343174,-0.016571413132073633,0.0,0.0,-0.18156360178692313,0.0,-0.20458033487086097,0.0,0.0,Shellcode,1,shellcode
-0.22495615347820802,-0.19667188312469627,-0.4273088600280135,-0.1860411478064247,-0.379952234002974,-0.44661672126549207,-0.44638829600650876,-0.0066737090142907525,-0.1529641852387474,-0.13999763233140952,0.0,0.0,-0.5904126953047635,0.0,-0.03778590717805008,0.0,0.0,Shellcode,1,shellcode
-0.16162115495030482,-0.10243597374759404,-0.3024257700590822,-0.1860411478064247,-0.16868979759413125,-0.28950270242934983,-0.33589122473071187,-0.014802363896630423,-0.13353802874577278,-0.10741068542684166,0.0,0.0,-0.3121713285891465,0.0,0.01960708268552147,0.0,0.0,Shellcode,1,shellcode
-0.6567923900842788,-1.7230419309240497,-1.07646065896712,-1.6329982705869572,-2.015742594047945,-0.3076423787391149,-2.6748848270027095,2.0817108441545327,2.4412874687564594,-1.8279148941509258,0.0,0.0,1.0426038092778356,0.0,-1.0269374863792013,0.0,-0.8009099181073703,Shellcode,1,shellcode
0.5603348124455766,-0.10243597374759404,-0.08756093671553107,-0.1860411478064247,-0.16868979759413125,0.09065367465857942,-0.33589122473071187,-0.28570662086968407,-0.27101297270713687,-0.33751945824509094,0.0,0.0,0.4035926093718638,0.0,0.3358055924678907,0.0,0.0,Worms,1,worms
-0.35966082913162006,-0.19667188312469627,-0.12195920289094528,-0.1860411478064247,-0.379952234002974,0.09363278162391694,-0.44638829600650876,0.09355490042293907,0.14352145250749473,-0.05695985486689459,0.0,0.0,0.4162175767629144,0.0,-0.14671370170049983,0.0,0.0,Worms,1,worms
-0.06277163295375235,-0.19667188312469627,-0.39881606194893204,-0.1860411478064247,-0.379952234002974,-0.39620494041570314,-0.44638829600650876,-0.09556435030394289,-0.22387776735785184,-0.21429165685629462,0.0,0.0,-0.5087773467078425,0.0,0.08425488814694447,0.0,0.0,Shellcode,1,shellcode
-0.6567909185240673,-1.7230419309240497,-1.6611661342373971,-1.6329982705869572,-2.015742594047945,-1.3421509657577162,-2.6748848270027095,2.0276683361549592,2.0102575857373055,-1.8279148941509258,0.0,0.0,-0.9034354855715732,0.0,-1.026662714004611,0.0,-0.8009099181073703,Shellcode,1,shellcode
-0.1781336377088599,-0.19667188312469627,-0.34565440134143355,-0.1860411478064247,-0.379952234002974,-0.302146997186757,-0.44638829600650876,-0.03497245426127737,-0.1288845948540732,-0.16357058947206435,0.0,0.0,-0.32573905546277826,0.0,-0.00716608442561143,0.0,0.0,Shellcode,1,shellcode
-0.6567835607450837,-1.7230419309240497,-1.4760019458416653,-1.6329982705869572,-2.015742594047945,-1.0145433906530537,-2.6748848270027095,1.8597974145255702,1.9665088076223887,-1.8279148941509258,0.0,0.0,-0.28838918913943046,0.0,-1.0252929403372555,0.0,-0.8009099181073703,Shellcode,1,shellcode
-0.054487321797097636,-0.10243597374759404,-0.3591756686637677,-0.1860411478064247,-0.16868979759413125,-0.3899092488052744,-0.33589122473071187,-0.07013238256168179,-0.22573336786344408,-0.15360810329872146,0.0,0.0,-0.49250805933620095,0.0,0.08002064002486729,0.0,0.0,Shellcode,1,shellcode
-0.6567850322979374,-1.7230419309240497,-1.0838120156272066,-1.6329982705869572,-2.015742594047945,-0.3206489981616211,-2.6748848270027095,1.8853142411941755,2.244919848343663,-1.8279148941509258,0.0,0.0,1.0180864347245353,0.0,-1.0255663517786133,0.0,-0.8009099181073703,Shellcode,1,shellcode
0.48414991462489093,-0.10243597374759404,-0.1776653772083784,-0.1860411478064247,-0.16868979759413125,-0.06876644600177448,-0.33589122473071187,-0.26448722499060984,-0.30678678476294313,-0.31901917085771675,0.0,0.0,0.10924095596109837,0.0,0.31146247389900333,0.0,0.0,Shellcode,1,shellcode
0.046878451424447666,-0.19667188312469627,-0.4710410133574038,-0.1860411478064247,-0.379952234002974,-0.5239912116055316,-0.44638829600650876,-0.14447032154948272,-0.31995285614989744,-0.2555322023201784,0.0,0.0,-0.7478502133204925,0.0,0.11220429516256916,0.0,0.0,Shellcode,1,shellcode
0.003573897754359871,-0.19667188312469627,-0.2662500014260292,-0.1860411478064247,-0.379952234002974,-0.16165826049145923,-0.44638829600650876,-0.12597656270891125,-0.16913135095852094,-0.23990104553167102,0.0,0.0,-0.06627123913026708,0.0,0.1054510172095322,0.0,0.0,Shellcode,1,shellcode
-0.3909693181627539,-0.19667188312469627,-0.3905663970624927,-0.1860411478064247,-0.379952234002974,-0.38160896085675955,-0.44638829600650876,0.12276882367380372,-0.0007717421185491864,-0.0328627990620959,0.0,0.0,-0.46991450913863336,0.0,-0.1932333273788921,0.0,0.0,Shellcode,1,shellcode
-0.010289369201684466,-0.19667188312469627,-0.17617677998965167,-0.1860411478064247,-0.379952234002974,-0.002293375130521175,-0.44638829600650876,-0.11984181516075407,-0.10466965888512161,-0.23472591639523652,0.0,0.0,0.23676369968902627,0.0,0.11240521756551604,0.0,0.0,Shellcode,1,shellcode
-0.6567835607450837,-1.7230419309240497,-1.3932919510131831,-1.6329982705869572,-2.015742594047945,-0.8682061259938212,-2.6748848270027095,1.8597974145255702,2.0200368276451655,-1.8279148941509258,0.0,0.0,-0.013188852721060745,0.0,-1.0252929403372555,0.0,-0.8009099181073703,Shellcode,1,shellcode
0.17425740081339244,-0.10243597374759404,-0.3318882537204034,-0.1860411478064247,-0.16868979759413125,-0.34163013005168086,-0.33589122473071187,-0.1649649996402627,-0.30370812972161676,-0.23356620171629336,0.0,0.0,-0.3990216858234151,0.0,0.1992497602344742,0.0,0.0,Shellcode,1,shellcode
-0.6567953332091162,-1.7230419309240497,-1.7474623157163134,-1.6329982705869572,-2.015742594047945,-1.494833204154044,-2.6748848270027095,2.249582492268487,2.1706950465007226,-1.8279148941509258,0.0,0.0,-1.1893979500878742,0.0,-1.027487853116857,0.0,-0.8009099181073703,Shellcode,1,shellcode
-0.6567879754080592,-1.7230419309240497,-1.8188532794431165,-1.6329982705869572,-2.015742594047945,-1.6211439163579489,-2.6748848270027095,1.9461791744139458,1.828187477959571,-1.8279148941509258,0.0,0.0,-1.4255268070513845,0.0,-1.0261139885207349,0.0,-0.8009099181073703,Worms,1,worms
-0.11687488551623229,-0.19667188312469627,-0.4072557028236027,-0.1860411478064247,-0.379952234002974,-0.411137040978237,-0.44638829600650876,-0.06854497844299091,-0.20231354113215286,-0.19162834062964387,0.0,0.0,-0.5286814692381363,0.0,0.032049862157058774,0.0,0.0,Shellcode,1,shellcode
1.005801500055932,1.8457410387579631,0.9302206089489309,1.2234785613902657,2.458939042473126,0.3701197517536438,2.297227881077856,0.22282787080555003,-0.26567068030966556,0.8945045908523118,0.0,0.0,-0.1743926646718828,0.0,0.09088353241025272,0.0,0.0,Worms,1,worms
-0.016859176177741245,-0.19667188312469627,-0.1293121803292,-0.1860411478064247,-0.379952234002974,0.08062329458856402,-0.44638829600650876,-0.11689589128572862,-0.07159734962024265,-0.23224251517594946,0.0,0.0,0.3880766462684335,0.0,0.09822327861569215,0.0,0.0,Worms,1,worms
-0.1486741464430419,-0.19667188312469627,-0.41840030526031446,-0.1860411478064247,-0.379952234002974,-0.43085498002157757,-0.44638829600650876,-0.05155640467425027,-0.1923738515678417,-0.17741713263565706,0.0,0.0,-0.569487800041417,0.0,0.033159417167125935,0.0,0.0,Shellcode,1,shellcode
-0.6567938616459617,-1.7230419309240497,-1.228985671631721,-1.6329982705869572,-2.015742594047945,-0.5775020636748743,-2.6748848270027095,2.151383822834952,2.4107549844530136,-1.8279148941509258,0.0,0.0,0.534086167478904,0.0,-1.0272125325678625,0.0,-0.8009099181073703,Shellcode,1,shellcode
-0.3640131195125157,-0.19667188312469627,-0.33649129028872105,-0.1860411478064247,-0.379952234002974,-0.2859348742141538,-0.44638829600650876,0.0974411604121127,0.009041800076524178,-0.05375191858833687,0.0,0.0,-0.29220061326004265,0.0,-0.15963001138311667,0.0,0.0,Shellcode,1,shellcode
-0.18023447153794245,-0.19667188312469627,-0.4134052657437681,-0.1860411478064247,-0.379952234002974,-0.42201734895616666,-0.44638829600650876,-0.033756047036297344,-0.17141271259592514,-0.16255592537129848,0.0,0.0,-0.548914600388818,0.0,-0.010731446367493123,0.0,0.0,Shellcode,1,shellcode
-0.6567835607450837,-1.7230419309240497,-1.268916863542304,-1.6329982705869572,-2.015742594047945,-0.6481515832510182,-2.6748848270027095,1.8597974145255702,2.100455119421732,-1.8279148941509258,0.0,0.0,0.40102390180592423,0.0,-1.0252929403372555,0.0,-0.8009099181073703,Shellcode,1,shellcode
-0.6567923900842788,-1.7230419309240497,-1.3469837097441824,-1.6329982705869572,-2.015742594047945,-0.7862738108904506,-2.6748848270027095,2.0817108441545327,2.266505622466367,-1.8279148941509258,0.0,0.0,0.14098653938626735,0.0,-1.0269374863792013,0.0,-0.8009099181073703,Shellcode,1,shellcode
-0.10009528671855267,-0.10243597374759404,-0.31476372111674045,-0.1860411478064247,-0.16868979759413125,-0.31133201112440306,-0.33589122473071187,-0.04769983053794453,-0.174553199093302,-0.13484448402414473,0.0,0.0,-0.3461756419924752,0.0,0.05045886117550943,0.0,0.0,Shellcode,1,shellcode
2.487277130423791,-0.10243597374759404,-0.1776653772083784,-0.1860411478064247,-0.16868979759413125,-0.06876644600177448,-0.33589122473071187,-0.6411351667439186,-0.7443961992027089,-0.6835684464123855,0.0,0.0,0.10924095596109837,0.0,0.8274717893758825,0.0,0.0,Shellcode,1,shellcode
-0.656765902225619,-1.7230419309240497,-1.5220811570444734,-1.6329982705869572,-2.015742594047945,-1.096070487094752,-2.6748848270027095,1.6688451706042593,1.7503549881152745,-1.8279148941509258,0.0,0.0,-0.44159845920388174,0.0,-1.0220329556582353,0.0,-0.8009099181073703,Shellcode,1,shellcode
-0.41284866446211776,-0.19667188312469627,-0.4221917737433725,-0.1860411478064247,-0.379952234002974,-0.43756315510976346,-0.44638829600650876,0.1451411998459032,0.0008467628551130958,-0.014434963903707366,0.0,0.0,-0.569487800041417,0.0,-0.2087470335144284,0.0,0.0,Shellcode,1,shellcode
-0.6567820891937016,-1.7230419309240497,-0.8059007401333427,-1.6329982705869572,-2.015742594047945,0.17105428338332826,-2.6748848270027095,1.8367146390176203,2.3768622028190416,-1.8279148941509258,0.0,0.0,1.945330613573797,0.0,-1.0250197994663934,0.0,-0.8009099181073703,Shellcode,1,shellcode
0.6995953322622205,-0.10243597374759404,-0.43787352324516093,-0.1860411478064247,-0.16868979759413125,-0.5291479079041299,-0.33589122473071187,-0.3220644916598794,-0.5355234614863336,-0.3695097834725123,0.0,0.0,-0.7511665688195409,0.0,0.3767954182418874,0.0,0.0,Shellcode,1,shellcode
-0.6567909185240673,-1.7230419309240497,-0.685075108079736,-1.6329982705869572,-2.015742594047945,0.38482884028076064,-2.6748848270027095,2.0276683361549592,2.6411183089057495,-1.8279148941509258,0.0,0.0,2.348638382260402,0.0,-1.026662714004611,0.0,-0.8009099181073703,Worms,1,worms
-0.6567923900842788,-1.7230419309240497,-1.5829886727374463,-1.6329982705869572,-2.015742594047945,-1.2038330285165244,-2.6748848270027095,2.0817108441545327,2.1137089456728555,-1.8279148941509258,0.0,0.0,-0.6439676692390619,0.0,-1.0269374863792013,0.0,-0.8009099181073703,Shellcode,1,shellcode
-0.016754391949883533,-0.19667188312469627,-0.1293121803292,-0.1860411478064247,-0.379952234002974,0.08062329458856402,-0.44638829600650876,-0.1169430688965309,-0.07164503709569338,-0.23228226652923703,0.0,0.0,0.3880766462684335,0.0,0.08724453172083896,0.0,0.0,Worms,1,worms
0.8699764003721704,-0.10243597374759404,-0.28274290106807115,-0.1860411478064247,-0.16868979759413125,-0.2546781662319577,-0.33589122473071187,-0.3629928247528246,-0.4790649797919967,-0.40603804503416274,0.0,0.0,-0.2468717637824875,0.0,0.4330638503050492,0.0,0.0,Shellcode,1,shellcode
0.2736303828959459,-0.19667188312469627,0.0022385825983669318,-0.1860411478064247,-0.379952234002974,0.31337362724879647,-0.44638829600650876,-0.22836367052957762,-0.10050658688418786,-0.32711428751478466,0.0,0.0,0.8294093981540045,0.0,0.24021683849424072,0.0,0.0,Shellcode,1,shellcode
-0.20746608410297612,-0.006487834901754498,0.5715068936195777,0.15936542501584577,-0.379952234002974,1.320569524972854,-0.44638829600650876,0.038514980937559264,0.4875387591928164,-0.1490474596640342,0.0,0.0,2.311735830601189,0.0,-0.10391341107348077,0.0,0.0,Worms,1,worms
-0.1531475064542553,-0.19667188312469627,-0.35930804200374844,-0.1860411478064247,-0.379952234002974,-0.3263041311740897,-0.44638829600650876,-0.04909302715599736,-0.15168587040444648,-0.17535876155095292,0.0,0.0,-0.3778352820789816,0.0,0.02037495553963571,0.0,0.0,Shellcode,1,shellcode
-0.29103451983459644,-0.19667188312469627,-0.4311941121523127,-0.1860411478064247,-0.379952234002974,-0.45349082601619894,-0.44638829600650876,0.03829850120173408,-0.11096567532137598,-0.10266042555240212,0.0,0.0,-0.6117015199790793,0.0,-0.06914941012868654,0.0,0.0,Shellcode,1,shellcode
0.3055143528625932,-0.19667188312469627,-0.4526411282372142,-0.1860411478064247,-0.379952234002974,-0.4914366350502272,-0.44638829600650876,-0.23879924007170666,-0.4049377683309291,-0.3361100199947232,0.0,0.0,-0.6778839384589035,0.0,0.2348058705449909,0.0,0.0,Shellcode,1,shellcode
-0.40511910827278375,-0.19667188312469627,-0.4724954015814012,-0.1860411478064247,-0.379952234002974,-0.5265644338006694,-0.44638829600650876,0.13703175451198438,-0.03982176604248012,-0.02111216164505006,0.0,0.0,-0.7478502133204925,0.0,-0.20362421335012051,0.0,0.0,Shellcode,1,shellcode
-0.09891432181498618,-0.19667188312469627,-0.385934356241636,-0.1860411478064247,-0.379952234002974,-0.3734135766723001,-0.44638829600650876,-0.07776212153445658,-0.19756163938104856,-0.1993507433012632,0.0,0.0,-0.4509361977439506,0.0,0.06370526614884967,0.0,0.0,Shellcode,1,shellcode
-0.37496750808267104,-0.19667188312469627,-0.21591184613172362,-0.1860411478064247,-0.379952234002974,-0.07259589301052626,-0.44638829600650876,0.1074630641000045,0.09655344161407858,-0.04548268228227768,0.0,0.0,0.10061500634761245,0.0,-0.17336348982906533,0.0,0.0,Shellcode,1,shellcode
-0.6567938616459617,-1.7230419309240497,-1.5871535510959218,-1.6329982705869572,-2.015742594047945,-1.2112018707934664,-2.6748848270027095,2.151383822834952,2.178987037316316,-1.8279148941509258,0.0,0.0,-0.6577991900178597,0.0,-1.0272125325678625,0.0,-0.8009099181073703,Shellcode,1,shellcode
-0.3423982751992367,-0.791537949694616,-0.41940601008712175,-0.689398077881705,-1.0922161958210381,-0.1979024486873522,-0.8526768784256453,-0.10165496852821915,0.00406265409645177,-0.3726915923522007,0.0,0.0,0.49777579839628994,0.0,0.04408964774508853,0.0,-0.7453209211170995,Worms,1,worms
-0.04221403577610209,-0.19667188312469627,-0.1293121803292,-0.1860411478064247,-0.379952234002974,0.08062329458856402,-0.44638829600650876,-0.1052822128794547,-0.05986534367312172,-0.22246267683799267,0.0,0.0,0.3880766462684335,0.0,0.06846958176116838,0.0,0.0,Worms,1,worms
-0.2761461704859903,-0.19667188312469627,-0.4097031600087162,-0.1860411478064247,-0.379952234002974,-0.4154672817258373,-0.44638829600650876,0.0275652724195725,-0.10758898861017091,-0.11155875789300777,0.0,0.0,-0.5286814692381363,0.0,-0.09542403307037153,0.0,0.0,Shellcode,1,shellcode
-0.6567894469653276,-1.7230419309240497,-1.117103148514495,-1.6329982705869572,-2.015742594047945,-0.37955038407314773,-2.6748848270027095,1.9835124170285954,2.319233987418957,-1.8279148941509258,0.0,0.0,0.9070668993218103,0.0,-1.0263882148994588,0.0,-0.8009099181073703,Shellcode,1,shellcode
0.17439041351960968,-0.19667188312469627,-0.39881606194893204,-0.1860411478064247,-0.379952234002974,-0.39620494041570314,-0.44638829600650876,-0.19395015565202942,-0.32381588041053044,-0.29760317807043807,0.0,0.0,-0.5087773467078425,0.0,0.1993068950629419,0.0,0.0,Shellcode,1,shellcode
2.499843979193149,2.955682437769036,1.4378804757887982,2.4277556440151407,3.4607200388056114,0.9822154862730494,2.792423196530921,0.1994119755070758,-0.3410947985777508,0.8877336606906047,0.0,0.0,-0.36349139853365153,0.0,0.1355290231677405,0.0,0.0,Worms,1,worms
0.05676846862913783,-0.19667188312469627,-0.44445072367506594,-0.1860411478064247,-0.379952234002974,-0.47694550368741234,-0.44638829600650876,-0.14856075774152847,-0.30704549563409994,-0.25899590519124366,0.0,0.0,-0.6554231878312298,0.0,0.12196520718526647,0.0,0.0,Shellcode,1,shellcode
-0.6567865038522626,-1.7230419309240497,-0.8124187909512476,-1.6329982705869572,-2.015742594047945,0.15952201658074824,-2.6748848270027095,1.9138396804612412,2.4479068919520426,-1.8279148941509258,0.0,0.0,1.9235761170826389,0.0,-1.025840034327047,0.0,-0.8009099181073703,Shellcode,1,shellcode
0.1562046511446481,-0.10243597374759404,-0.43495895240647325,-0.1860411478064247,-0.16868979759413125,-0.5239912116055316,-0.33589122473071187,-0.15831556634383867,-0.3635980096618553,-0.22792035629234159,0.0,0.0,-0.7511665688195409,0.0,0.19143226698368693,0.0,0.0,Shellcode,1,shellcode
-0.2005997294317714,-0.19667188312469627,0.007389553403990642,-0.1860411478064247,-0.379952234002974,0.32248714466102296,-0.44638829600650876,-0.021713955870533045,0.11221532592981526,-0.15251799278131106,0.0,0.0,0.8425716385733062,0.0,-0.047901467403034415,0.0,0.0,Shellcode,1,shellcode
-0.6567865038522626,-1.7230419309240497,-1.7474623157163134,-1.6329982705869572,-2.015742594047945,-1.494833204154044,-2.6748848270027095,1.9138396804612412,1.8431165255748725,-1.8279148941509258,0.0,0.0,-1.1893979500878742,0.0,-1.025840034327047,0.0,-0.8009099181073703,Shellcode,1,shellcode
-0.3855193391374121,-0.19667188312469627,-0.2137474381593089,-0.1860411478064247,-0.379952234002974,-0.06876644600177448,-0.44638829600650876,0.11746244953549052,0.10799495110924955,-0.03723678907872702,0.0,0.0,0.1125573114601467,0.0,-0.1701384069794351,0.0,0.0,Shellcode,1,shellcode
-0.6567894469653276,-1.7230419309240497,-1.6611661342373971,-1.6329982705869572,-2.015742594047945,-1.3421509657577162,-2.6748848270027095,1.9835124170285954,1.9671753682730075,-1.8279148941509258,0.0,0.0,-0.9034354855715732,0.0,-1.0263882148994588,0.0,-0.8009099181073703,Shellcode,1,shellcode
0.8576253256211634,-0.10243597374759404,-0.3498522952907055,-0.1860411478064247,-0.16868979759413125,-0.3734135766723001,-0.33589122473071187,-0.3601409750837375,-0.5191913448802693,-0.4034728001550944,0.0,0.0,-0.4542525532429989,0.0,0.4296509520605696,0.0,0.0,Shellcode,1,shellcode
0.04458603695036905,-0.19667188312469627,-0.4512632869471644,-0.1860411478064247,-0.379952234002974,-0.4889988459300785,-0.44638829600650876,-0.1435154095122599,-0.3063190309003525,-0.2547239485139905,0.0,0.0,-0.6778839384589035,0.0,0.14000098215647014,0.0,0.0,Shellcode,1,shellcode
-0.6567835607450837,-1.7230419309240497,-1.508314079298123,-1.6329982705869572,-2.015742594047945,-1.0717126509719261,-2.6748848270027095,1.8597974145255702,1.9455838210563503,-1.8279148941509258,0.0,0.0,-0.39583325737997804,0.0,-1.0252929403372555,0.0,-0.8009099181073703,Shellcode,1,shellcode
0.17731282054105987,-0.10243597374759404,-0.43787352324516093,-0.1860411478064247,-0.16868979759413125,-0.5291479079041299,-0.33589122473071187,-0.16607895192890879,-0.37359584408937396,-0.23451269423805288,0.0,0.0,-0.7511665688195409,0.0,0.1908652806904687,0.0,0.0,Shellcode,1,shellcode
-0.6567556015204531,-1.7230419309240497,-1.268916863542304,-1.6329982705869572,-2.015742594047945,-0.6481515832510182,-2.6748848270027095,1.6019415280089495,1.8488661414705865,-1.8279148941509258,0.0,0.0,0.40102390180592423,0.0,-1.0201489290427288,0.0,-0.8009099181073703,Shellcode,1,shellcode
0.1037550642681114,-0.19667188312469627,-0.4739555841960914,-0.1860411478064247,-0.379952234002974,-0.5291479079041299,-0.44638829600650876,-0.1673776962462659,-0.34534985270716884,-0.27496145141527517,0.0,0.0,-0.7478502133204925,0.0,0.1494526146817055,0.0,0.0,Shellcode,1,shellcode
-0.2583808648397047,-0.19667188312469627,-0.17488056165711086,-0.1860411478064247,-0.379952234002974,0.0,-0.44638829600650876,0.015240644269945754,0.031503489808795256,-0.12178592969797693,0.0,0.0,0.23676369968902627,0.0,-0.060146865236898654,0.0,0.0,Shellcode,1,shellcode
-0.3193414399473893,-0.19667188312469627,-0.3466868114649497,-0.1860411478064247,-0.379952234002974,-0.3039736213304914,-0.44638829600650876,0.059841376747402086,-0.03479902083347001,-0.08482229921197211,0.0,0.0,-0.32573905546277826,0.0,-0.10458568370778988,0.0,0.0,Shellcode,1,shellcode
-0.07714935714753066,-0.19667188312469627,-0.17488056165711086,-0.1860411478064247,-0.379952234002974,0.0,-0.44638829600650876,-0.08859642438984022,-0.0724399827659267,-0.20843951364704116,0.0,0.0,0.23676369968902627,0.0,0.0707482726412783,0.0,0.0,Shellcode,1,shellcode
1.7791874798890364,2.014543539614287,1.0032921351533777,1.4312715370049007,2.5808725535514205,0.4633447366538402,2.3596412407293714,0.09109442750382904,-0.39691349164838324,0.7868430679274616,0.0,0.0,-0.24273522408350787,0.0,0.229130205066249,0.0,0.0,Worms,1,worms
0.8273291022291389,-0.19667188312469627,-0.41840030526031446,-0.1860411478064247,-0.379952234002974,-0.43085498002157757,-0.44638829600650876,-0.38040417185360187,-0.5326959351827898,-0.46109488144067584,0.0,0.0,-0.569487800041417,0.0,0.42391772948423356,0.0,0.0,Shellcode,1,shellcode
-0.24559595600485995,-0.19667188312469627,-0.3571740892416091,-0.1860411478064247,-0.379952234002974,-0.32252856800580426,-0.44638829600650876,0.006671738440304998,-0.09443355631205574,-0.12890281632329414,0.0,0.0,-0.3602223657670661,0.0,-0.06030144737079421,0.0,0.0,Shellcode,1,shellcode
-0.6567894469653276,-1.7230419309240497,-1.5474926932204593,-1.6329982705869572,-2.015742594047945,-1.1410306482275676,-2.6748848270027095,1.9835124170285954,2.0409076760322207,-1.8279148941509258,0.0,0.0,-0.5260510163280704,0.0,-1.0263882148994588,0.0,-0.8009099181073703,Shellcode,1,shellcode
-0.6567909185240673,-1.7230419309240497,-1.268916863542304,-1.6329982705869572,-2.015742594047945,-0.6481515832510182,-2.6748848270027095,2.0276683361549592,2.2642443807569803,-1.8279148941509258,0.0,0.0,0.40102390180592423,0.0,-1.026662714004611,0.0,-0.8009099181073703,Shellcode,1,shellcode
-0.26554090653985124,-0.19667188312469627,-0.41464765795548647,-0.1860411478064247,-0.379952234002974,-0.42421549052628543,-0.44638829600650876,0.020147487146512957,-0.11807080391896939,-0.11771289728216945,0.0,0.0,-0.548914600388818,0.0,-0.07745375682411924,0.0,0.0,Shellcode,1,shellcode
0.6953606754985281,-0.10243597374759404,-0.37856559700455594,-0.1860411478064247,-0.16868979759413125,-0.42421549052628543,-0.33589122473071187,-0.32100053246817856,-0.4957432652271268,-0.36856791262649874,0.0,0.0,-0.5522309558878664,0.0,0.38361023119748233,0.0,0.0,Shellcode,1,shellcode
-0.6567923900842788,-1.7230419309240497,-1.5327568249506656,-1.6329982705869572,-2.015742594047945,-1.1149587489431803,-2.6748848270027095,2.0817108441545327,2.1462669527528195,-1.8279148941509258,0.0,0.0,-0.4770814237611824,0.0,-1.0269374863792013,0.0,-0.8009099181073703,Shellcode,1,shellcode
-0.6567968047737422,-1.7230419309240497,-1.4918020368645113,-1.6329982705869572,-2.015742594047945,-1.0424981995784435,-2.6748848270027095,2.4174543826180814,2.5003740099043754,-1.8279148941509258,0.0,0.0,-0.34093273041976857,0.0,-1.0277634485740839,0.0,-0.8009099181073703,Shellcode,1,shellcode
-0.20133384114022995,-0.19667188312469627,-0.12028310842331696,-0.1860411478064247,-0.379952234002974,0.09659826457687604,-0.44638829600650876,-0.021271110063607077,0.030344598985716575,-0.1521490660370606,0.0,0.0,0.4162175767629144,0.0,-0.008507811402986383,0.0,0.0,Worms,1,worms
-0.3659513419786684,-0.19667188312469627,-0.3824983434050822,-0.1860411478064247,-0.379952234002974,-0.367334302687602,-0.44638829600650876,0.0991889730546018,-0.01913894482179987,-0.052309424030801334,0.0,0.0,-0.4509361977439506,0.0,-0.17230360451931342,0.0,0.0,Shellcode,1,shellcode
-0.6567835607450837,-1.7230419309240497,-1.364811192397722,-1.6329982705869572,-2.015742594047945,-0.8178156463444233,-2.6748848270027095,1.8597974145255702,2.0384589803994615,-1.8279148941509258,0.0,0.0,0.08162574210207989,0.0,-1.0252929403372555,0.0,-0.8009099181073703,Shellcode,1,shellcode
0.031679888141649556,-0.10243597374759404,-0.44526299435283845,-0.1860411478064247,-0.16868979759413125,-0.5422219625140763,-0.33589122473071187,-0.10886961712434237,-0.3203420269096109,-0.1861338427450341,0.0,0.0,-0.7754065008139057,0.0,0.10435738564777888,0.0,0.0,Shellcode,1,shellcode
0.09344523378433203,-0.10243597374759404,-0.38106308776929687,-0.1860411478064247,-0.16868979759413125,-0.42863425476127026,-0.33589122473071187,-0.13423201036253823,-0.3043584061571502,-0.2075261042500853,0.0,0.0,-0.5728041555404654,0.0,0.1632171258407363,0.0,0.0,Shellcode,1,shellcode
-0.6567835607450837,-1.7230419309240497,-1.1762233087366016,-1.6329982705869572,-2.015742594047945,-0.4841505905059909,-2.6748848270027095,1.8597974145255702,2.160344576341802,-1.8279148941509258,0.0,0.0,0.7099528292333908,0.0,-1.0252929403372555,0.0,-0.8009099181073703,Shellcode,1,shellcode
0.14932939377442245,-0.19667188312469627,-0.17488056165711086,-0.1860411478064247,-0.379952234002974,0.0,-0.44638829600650876,-0.1847400971189233,-0.1699735976791392,-0.2897421050799332,0.0,0.0,0.23676369968902627,0.0,0.1620841528432897,0.0,0.0,Shellcode,1,shellcode
1.9611063205916741,2.3814049522110237,1.1673849081289625,1.792363695602802,2.9575940766044275,0.65080221929387,2.537693003920969,0.15842783818229875,-0.36273537894882224,0.8455243554909297,0.0,0.0,-0.2920512877580835,0.0,0.1784953533276441,0.0,0.0,Worms,1,worms
-0.2856043777564146,-0.19667188312469627,-0.4273088600280135,-0.1860411478064247,-0.379952234002974,-0.44661672126549207,-0.44638829600650876,0.034339032459041956,-0.11211658129486286,-0.10594212886995207,0.0,0.0,-0.5904126953047635,0.0,-0.06398719129030613,0.0,0.0,Shellcode,1,shellcode
0.9656203625146731,-0.10243597374759404,-0.4235270595114218,-0.1860411478064247,-0.16868979759413125,-0.5037649748658448,-0.33589122473071187,-0.38452989884936856,-0.5934473544474389,-0.4255178130326106,0.0,0.0,-0.7040808959239147,0.0,0.45468035627931674,0.0,0.0,Shellcode,1,shellcode
-0.0798652396361349,-0.19667188312469627,-0.4134052657437681,-0.1860411478064247,-0.379952234002974,-0.42201734895616666,-0.44638829600650876,-0.08726368680015612,-0.22510779074934964,-0.2073208084016584,0.0,0.0,-0.548914600388818,0.0,0.033076748558915396,0.0,0.0,Shellcode,1,shellcode
0.21701436089455808,-0.10243597374759404,-0.29048966982025476,-0.1860411478064247,-0.16868979759413125,-0.26838438095840067,-0.33589122473071187,-0.18026545237153874,-0.2926319570606799,-0.24658386015619121,0.0,0.0,-0.2628729924820024,0.0,0.20119437655771202,0.0,0.0,Shellcode,1,shellcode
-0.6567879754080592,-1.7230419309240497,-1.460854941025768,-1.6329982705869572,-2.015742594047945,-0.9877440750789788,-2.6748848270027095,1.9461791744139458,2.060596660953925,-1.8279148941509258,0.0,0.0,-0.2380085571485318,0.0,-1.0261139885207349,0.0,-0.8009099181073703,Shellcode,1,shellcode
-0.41607383716510526,-0.19667188312469627,-0.3385078310100127,-0.1860411478064247,-0.379952234002974,-0.28950270242934983,-0.44638829600650876,0.14859588170843646,0.05816462162759904,-0.011591247275999705,0.0,0.0,-0.30885497309009813,0.0,-0.21263215418802964,0.0,0.0,Shellcode,1,shellcode
-0.07205793782036933,-0.10243597374759404,-0.4083686627241354,-0.1860411478064247,-0.16868979759413125,-0.47694550368741234,-0.33589122473071187,-0.06166675473393166,-0.2489037239258536,-0.14652128652125973,0.0,0.0,-0.6587395433302782,0.0,0.06086295063647394,0.0,0.0,Shellcode,1,shellcode
0.6405446521098848,-0.10243597374759404,-0.4003572978145559,-0.1860411478064247,-0.16868979759413125,-0.46277114387169743,-0.33589122473071187,-0.30700148938999955,-0.49515370501709305,-0.3562085124884333,0.0,0.0,-0.6366835130120551,0.0,0.3666795081495966,0.0,0.0,Shellcode,1,shellcode
-0.08222758041414183,-0.19667188312469627,-0.40847738845978837,-0.1860411478064247,-0.379952234002974,-0.4132985467871012,-0.44638829600650876,-0.08610008273807088,-0.22040326981964448,-0.20634424094006648,0.0,0.0,-0.5286814692381363,0.0,0.03587303392300871,0.0,0.0,Shellcode,1,shellcode
-0.38625381703492395,-0.19667188312469627,-0.12195920289094528,-0.1860411478064247,-0.379952234002974,0.09363278162391694,-0.44638829600650876,0.1181717990488289,0.1678795142138672,-0.03665200000341205,0.0,0.0,0.4162175767629144,0.0,-0.18052445869446998,0.0,0.0,Worms,1,worms
0.5013850132162261,-0.10243597374759404,-0.38106308776929687,-0.1860411478064247,-0.16868979759413125,-0.42863425476127026,-0.33589122473071187,-0.2693787256967682,-0.44319811669421805,-0.3232736380567785,0.0,0.0,-0.5728041555404654,0.0,0.3558172526012007,0.0,0.0,Shellcode,1,shellcode
-0.3208901737797019,-0.19667188312469627,-0.45680600659569015,-0.1860411478064247,-0.379952234002974,-0.4988054773271696,-0.44638829600650876,0.061066728792268446,-0.10478946707917774,-0.08380851290571502,0.0,0.0,-0.7007645404248664,0.0,-0.13608584387866604,0.0,0.0,Shellcode,1,shellcode
-0.6567865038522626,-1.7230419309240497,-1.0562345423316972,-1.6329982705869572,-2.015742594047945,-0.2718566845283457,-2.6748848270027095,1.9138396804612412,2.290556665030464,-1.8279148941509258,0.0,0.0,1.1100631127484146,0.0,-1.025840034327047,0.0,-0.8009099181073703,Shellcode,1,shellcode
1.7034119672011028,2.0081608809734326,1.000674334567038,1.4312715370049007,2.56656361310456,0.4588474415244719,2.3594087321957913,0.10295960791650963,-0.3833526890894194,0.7993333789688433,0.0,0.0,-0.24021845745338583,0.0,0.21170797826281862,0.0,0.0,Worms,1,worms
-0.22774378893073854,1.1970203299491564,1.4855012858259626,1.8261134959513174,0.2607255232653797,2.748136146430268,-0.11830897814821002,0.39309694501228337,1.034293097618382,0.045125407631704854,0.0,0.0,3.1045313362205733,0.0,-0.5339015712235823,0.0,0.0,Worms,1,worms
-0.29161767501882874,-0.19667188312469627,-0.17488056165711086,-0.1860411478064247,-0.379952234002974,0.0,-0.44638829600650876,0.03872687494529698,0.05486992635455563,-0.10230545096131521,0.0,0.0,0.23676369968902627,0.0,-0.08318544333002041,0.0,0.0,Shellcode,1,shellcode
-0.2480573424556742,-0.19667188312469627,-0.41840030526031446,-0.1860411478064247,-0.379952234002974,-0.43085498002157757,-0.44638829600650876,0.008302812096867881,-0.13255725950607736,-0.1275477342188263,0.0,0.0,-0.569487800041417,0.0,-0.06736945102890002,0.0,0.0,Shellcode,1,shellcode
-0.18358391907946914,-0.791537949694616,-0.7287765991137087,-0.689398077881705,-1.0922161958210381,-0.7452661120275442,-0.8526768784256453,-0.2096564795037979,-0.30515679099626764,-0.46428494896820305,0.0,0.0,-0.5191485247428846,0.0,0.17038272149835149,0.0,-0.7453209211170995,Shellcode,1,shellcode
0.008542874026053533,-0.19667188312469627,-0.4134052657437681,-0.1860411478064247,-0.379952234002974,-0.42201734895616666,-0.44638829600650876,-0.1281491667678861,-0.2663885379239295,-0.24173497618482484,0.0,0.0,-0.548914600388818,0.0,0.12207217896703486,0.0,0.0,Shellcode,1,shellcode
-0.3973065684929676,-0.19667188312469627,-0.3870868897432873,-0.1860411478064247,-0.379952234002974,-0.37545273288805764,-0.44638829600650876,0.12906737848810276,0.007531586624103685,-0.027672609004552904,0.0,0.0,-0.46991450913863336,0.0,-0.19501490716250727,0.0,0.0,Shellcode,1,shellcode
-0.6567894469653276,-1.7230419309240497,-1.3740610297526608,-1.6329982705869572,-2.015742594047945,-0.8341812125601089,-2.6748848270027095,1.9835124170285954,2.153183484230963,-1.8279148941509258,0.0,0.0,0.05082973884779314,0.0,-1.0263882148994588,0.0,-0.8009099181073703,Shellcode,1,shellcode
-0.656780617643791,-1.7230419309240497,-1.498317859171566,-1.6329982705869572,-2.015742594047945,-1.054026523517978,-2.6748848270027095,1.8156417376756153,1.9089759318905868,-1.8279148941509258,0.0,0.0,-0.3625983679536971,0.0,-1.0247469286310384,0.0,-0.8009099181073703,Shellcode,1,shellcode
-0.6567820891937016,-1.7230419309240497,-1.5474926932204593,-1.6329982705869572,-2.015742594047945,-1.1410306482275676,-2.6748848270027095,1.8367146390176203,1.8976790406662574,-1.8279148941509258,0.0,0.0,-0.5260510163280704,0.0,-1.0250197994663934,0.0,-0.8009099181073703,Shellcode,1,shellcode
0.022884520027775048,-0.19667188312469627,-0.1293121803292,-0.1860411478064247,-0.379952234002974,0.08062329458856402,-0.44638829600650876,-0.1343446159613803,-0.08926256752349117,-0.24696807432939355,0.0,0.0,0.3880766462684335,0.0,0.08133334056291064,0.0,0.0,Worms,1,worms
-0.6567835607450837,-1.7230419309240497,-1.6611661342373971,-1.6329982705869572,-2.015742594047945,-1.3421509657577162,-2.6748848270027095,1.8597974145255702,1.8464683257721157,-1.8279148941509258,0.0,0.0,-0.9034354855715732,0.0,-1.0252929403372555,0.0,-0.8009099181073703,Shellcode,1,shellcode
-0.3120295423880527,-0.19667188312469627,-0.46101875816737437,-0.1860411478064247,-0.379952234002974,-0.5062590207951335,-0.44638829600650876,0.05412426727536145,-0.11419643113205397,-0.08955349859624435,0.0,0.0,-0.7007645404248664,0.0,-0.086221889768122,0.0,0.0,Shellcode,1,shellcode
-0.35664082733767116,-0.19667188312469627,-0.12364299766646157,-0.1860411478064247,-0.379952234002974,0.09065367465857942,-0.44638829600650876,0.09088887910953942,0.1396747208639952,-0.05916098660330633,0.0,0.0,0.4069089648709121,0.0,-0.14523738915826315,0.0,0.0,Worms,1,worms
1.00091334606463,-0.10243597374759404,-0.21792274746119603,-0.1860411478064247,-0.16868979759413125,-0.1399930668882577,-0.33589122473071187,-0.3922451566298585,-0.4691213979840917,-0.4325447313698236,0.0,0.0,-0.029006754581904746,0.0,0.46873015519479583,0.0,0.0,Shellcode,1,shellcode
-0.6567865038522626,-1.7230419309240497,-1.3217699638328448,-1.6329982705869572,-2.015742594047945,-0.7416635964160151,-2.6748848270027095,1.9138396804612412,2.1190192355486723,-1.8279148941509258,0.0,0.0,0.2249561308049288,0.0,-1.025840034327047,0.0,-0.8009099181073703,Shellcode,1,shellcode
-0.41299080254896375,-0.19667188312469627,-0.4724954015814012,-0.1860411478064247,-0.379952234002974,-0.5265644338006694,-0.44638829600650876,0.14529254506890185,-0.031663787103487336,-0.014310377677281494,0.0,0.0,-0.7478502133204925,0.0,-0.20996001334109812,0.0,0.0,Shellcode,1,shellcode
-0.00904657540304233,-0.10243597374759404,-0.32322598105281797,-0.1860411478064247,-0.16868979759413125,-0.3263041311740897,-0.33589122473071187,-0.09109838502559173,-0.22345922721414485,-0.17119143025999406,0.0,0.0,-0.38115163757802994,0.0,0.11304984644926075,0.0,0.0,Shellcode,1,shellcode
-0.11189841758558595,-0.10243597374759404,-0.37732320479283765,-0.1860411478064247,-0.16868979759413125,-0.42201734895616666,-0.33589122473071187,-0.041639888865408786,-0.20887638486232568,-0.1297838701400546,0.0,0.0,-0.5522309558878664,0.0,0.05550430540976866,0.0,0.0,Shellcode,1,shellcode
-0.6567879754080592,-1.7230419309240497,-1.45496717823843,-1.6329982705869572,-2.015742594047945,-0.9773269652357459,-2.6748848270027095,1.9461791744139458,2.064407997252459,-1.8279148941509258,0.0,0.0,-0.21842291427784197,0.0,-1.0261139885207349,0.0,-0.8009099181073703,Shellcode,1,shellcode
-0.2461201869299392,-0.19667188312469627,-0.4273088600280135,-0.1860411478064247,-0.379952234002974,-0.44661672126549207,-0.44638829600650876,0.007018391235183089,-0.1393110834170969,-0.12861479697201217,0.0,0.0,-0.5904126953047635,0.0,-0.0722189575630227,0.0,0.0,Shellcode,1,shellcode
-0.6567703168356197,-1.7230419309240497,-1.498317859171566,-1.6329982705869572,-2.015742594047945,-1.054026523517978,-2.6748848270027095,1.704350101881717,1.8003893931372983,-1.8279148941509258,0.0,0.0,-0.3625983679536971,0.0,-1.0228443491700074,0.0,-0.8009099181073703,Shellcode,1,shellcode
-0.6567850322979374,-1.7230419309240497,-1.4463091688969052,-1.6329982705869572,-2.015742594047945,-0.9620085093821313,-2.6748848270027095,1.8853142411941755,2.0106270863487863,-1.8279148941509258,0.0,0.0,-0.18961978384036135,0.0,-1.0255663517786133,0.0,-0.8009099181073703,Shellcode,1,shellcode
-0.025045840746642976,-0.10243597374759404,-0.309572340390503,-0.1860411478064247,-0.16868979759413125,-0.302146997186757,-0.33589122473071187,-0.08386143678288835,-0.2075117685008773,-0.16511675779006532,0.0,0.0,-0.3290554109618266,0.0,0.10467651436705899,0.0,0.0,Shellcode,1,shellcode
-0.14928898794228426,-0.19667188312469627,-0.3314979521325541,-0.1860411478064247,-0.379952234002974,-0.27710025333420646,-0.44638829600650876,-0.051218948160042806,-0.1357317979867535,-0.17713511289794082,0.0,0.0,-0.27576980864287753,0.0,0.01678078953052606,0.0,0.0,Shellcode,1,shellcode
0.6490564763361785,-0.10243597374759404,-0.09038456664090573,-0.1860411478064247,-0.16868979759413125,0.085657878436537,-0.33589122473071187,-0.3092035131690046,-0.2975852864411584,-0.3581486099473186,0.0,0.0,0.3942126664251066,0.0,0.36460320518429584,0.0,0.0,Worms,1,worms
0.07904202087327142,-0.19667188312469627,-0.4260228750191795,-0.1860411478064247,-0.379952234002974,-0.44434145176540574,-0.44638829600650876,-0.15760401686265765,-0.3044379610485012,-0.2666621548255126,0.0,0.0,-0.5904126953047635,0.0,0.15645004311833552,0.0,0.0,Shellcode,1,shellcode
1.0308432541519903,-0.10243597374759404,-0.3938123854724437,-0.1860411478064247,-0.16868979759413125,-0.4511913514709689,-0.33589122473071187,-0.39869560093508305,-0.5895814076208625,-0.4384405350618691,0.0,0.0,-0.6150178754781276,0.0,0.47733663389757514,0.0,0.0,Shellcode,1,shellcode
-0.10463752317456113,-0.10243597374759404,-0.37732320479283765,-0.1860411478064247,-0.16868979759413125,-0.42201734895616666,-0.33589122473071187,-0.04538089743953683,-0.2126229833563257,-0.13290755086509806,0.0,0.0,-0.5522309558878664,0.0,0.04719999533271864,0.0,0.0,Shellcode,1,shellcode
-0.04884744977508569,-0.10243597374759404,-0.21953199418049205,-0.1860411478064247,-0.16868979759413125,-0.14284027735601273,-0.33589122473071187,-0.07280545461514973,-0.13804300033567674,-0.15584731384429046,0.0,0.0,-0.029006754581904746,0.0,0.07271174332128273,0.0,0.0,Shellcode,1,shellcode
-0.1552841114647717,-0.19667188312469627,-0.4012076224838092,-0.1860411478064247,-0.379952234002974,-0.40043628425349015,-0.44638829600650876,-0.047909742176682604,-0.17770712088048013,-0.17437024198055173,0.0,0.0,-0.5087773467078425,0.0,0.01707717017543725,0.0,0.0,Shellcode,1,shellcode
-0.08041717435309798,-0.19667188312469627,-0.28411110486475616,-0.1860411478064247,-0.379952234002974,-0.19325958057906292,-0.44638829600650876,-0.08699218831711124,-0.14136319366405647,-0.20709293821481048,0.0,0.0,-0.12256053857842622,0.0,0.06078105737852342,0.0,0.0,Shellcode,1,shellcode
-0.1372371162286677,-0.19667188312469627,-0.19277859239342116,-0.1860411478064247,-0.379952234002974,-0.03166665487248448,-0.44638829600650876,-0.057769921322638924,-0.052858705619359014,-0.18261157077150889,0.0,0.0,0.1818631727288168,0.0,0.04030254042758956,0.0,0.0,Shellcode,1,shellcode
-0.17689050628152195,-0.19667188312469627,-0.47542160755678453,-0.1860411478064247,-0.379952234002974,-0.5317417159315061,-0.44638829600650876,-0.03569004823796737,-0.2129803158247607,-0.16416921051564326,0.0,0.0,-0.7478502133204925,0.0,0.004773035791595991,0.0,0.0,Shellcode,1,shellcode
0.7657437826574408,-0.10243597374759404,-0.43641334063047066,-0.1860411478064247,-0.16868979759413125,-0.5265644338006694,-0.33589122473071187,-0.3383768550467193,-0.5518545547534095,-0.3839971741081395,0.0,0.0,-0.7511665688195409,0.0,0.40274373262320334,0.0,0.0,Shellcode,1,shellcode
-0.40908824259071525,-0.19667188312469627,-0.4485230472550584,-0.1860411478064247,-0.379952234002974,-0.4841505905059909,-0.44638829600650876,0.14116652735693574,-0.02006409070895289,-0.017707307618642896,0.0,0.0,-0.6554231878312298,0.0,-0.20552577476728043,0.0,0.0,Shellcode,1,shellcode
0.10338113683355227,-0.19667188312469627,-0.4298944464233742,-0.1860411478064247,-0.379952234002974,-0.4511913514709689,-0.44638829600650876,-0.16723176527564895,-0.3165588254388199,-0.2748374365714583,0.0,0.0,-0.6117015199790793,0.0,0.19980218102897646,0.0,0.0,Shellcode,1,shellcode
-0.6567673737608144,-1.7230419309240497,-1.268916863542304,-1.6329982705869572,-2.015742594047945,-0.6481515832510182,-2.6748848270027095,1.6801115354234777,1.9251368451394206,-1.8279148941509258,0.0,0.0,0.40102390180592423,0.0,-1.0223031552172404,0.0,-0.8009099181073703,Shellcode,1,shellcode
-0.27458591057410753,-0.19667188312469627,-0.4134052657437681,-0.1860411478064247,-0.379952234002974,-0.42201734895616666,-0.44638829600650876,0.02646241135476293,-0.11134105726601222,-0.11247351181156098,0.0,0.0,-0.548914600388818,0.0,-0.055109971618227206,0.0,0.0,Shellcode,1,shellcode
-0.17683528036239782,-0.19667188312469627,-0.12028310842331696,-0.1860411478064247,-0.379952234002974,0.09659826457687604,-0.44638829600650876,-0.03572189115198264,0.015894238556575953,-0.16419578551934122,0.0,0.0,0.4162175767629144,0.0,0.006469856850998173,0.0,0.0,Worms,1,worms
1.5765660726471515,2.0081608809734326,1.0098262047537336,1.4312715370049007,2.56656361310456,0.4750038469600756,2.3594707477430075,0.12903326332380977,-0.3517623487251078,0.8208638447106426,0.0,0.0,-0.21644923362278387,0.0,0.18194579014073511,0.0,0.0,Worms,1,worms
-0.6567879754080592,-1.7230419309240497,-1.3217699638328448,-1.6329982705869572,-2.015742594047945,-0.7416635964160151,-2.6748848270027095,1.9461791744139458,2.150572433162949,-1.8279148941509258,0.0,0.0,0.2249561308049288,0.0,-1.0261139885207349,0.0,-0.8009099181073703,Shellcode,1,shellcode
-0.6567850322979374,-1.7230419309240497,-1.0582076580070794,-1.6329982705869572,-2.015742594047945,-0.27534768161268197,-2.6748848270027095,1.8853142411941755,2.261450910128356,-1.8279148941509258,0.0,0.0,1.1034820400962804,0.0,-1.0255663517786133,0.0,-0.8009099181073703,Shellcode,1,shellcode
0.5558276478112036,-0.10243597374759404,-0.41244098630412795,-0.1860411478064247,-0.16868979759413125,-0.4841505905059909,-0.33589122473071187,-0.28447939473544703,-0.4791458141636277,-0.3364462771631414,0.0,0.0,-0.6587395433302782,0.0,0.32553068527076906,0.0,0.0,Shellcode,1,shellcode
0.10083573146682029,-0.10243597374759404,-0.37362109905778573,-0.1860411478064247,-0.16868979759413125,-0.4154672817258373,-0.33589122473071187,-0.13715104975140832,-0.30242823640902183,-0.2099936370683399,0.0,0.0,-0.5319978247371847,0.0,0.13123547108543548,0.0,0.0,Shellcode,1,shellcode
-0.6567923900842788,-1.7230419309240497,-1.543752810244,-1.6329982705869572,-2.015742594047945,-1.1344137424224638,-2.6748848270027095,2.0817108441545327,2.139141851498583,-1.8279148941509258,0.0,0.0,-0.5136237363420056,0.0,-1.0269374863792013,0.0,-0.8009099181073703,Shellcode,1,shellcode
-0.6567835607450837,-1.7230419309240497,-1.4463091688969052,-1.6329982705869572,-2.015742594047945,-0.9620085093821313,-2.6748848270027095,1.8597974145255702,1.9857306157677375,-1.8279148941509258,0.0,0.0,-0.18961978384036135,0.0,-1.0252929403372555,0.0,-0.8009099181073703,Shellcode,1,shellcode
0.38330524166927965,-0.10243597374759404,-0.41655906728628367,-0.1860411478064247,-0.16868979759413125,-0.4914366350502272,-0.33589122473071187,-0.2346855373752555,-0.43024866533034783,-0.2932206921298102,0.0,0.0,-0.6812002939579518,0.0,0.2568033671917128,0.0,0.0,Shellcode,1,shellcode
-0.6567909185240673,-1.7230419309240497,-1.198741274838947,-1.6329982705869572,-2.015742594047945,-0.5239912116055316,-2.6748848270027095,2.0276683361549592,2.3095878335731914,-1.8279148941509258,0.0,0.0,0.6348901397060216,0.0,-1.026662714004611,0.0,-0.8009099181073703,Shellcode,1,shellcode
-0.30547106169686644,-0.19667188312469627,-0.2180891120486855,-0.1860411478064247,-0.379952234002974,-0.07644808934284007,-0.44638829600650876,0.049089056907643105,0.03739256586696616,-0.09372199754015975,0.0,0.0,0.10061500634761245,0.0,-0.1014345007546532,0.0,0.0,Worms,1,worms
-0.6567953332091162,-1.7230419309240497,-1.1762233087366016,-1.6329982705869572,-2.015742594047945,-0.4841505905059909,-2.6748848270027095,2.249582492268487,2.540651464643892,-1.8279148941509258,0.0,0.0,0.7099528292333908,0.0,-1.027487853116857,0.0,-0.8009099181073703,Shellcode,1,shellcode
-0.6567953332091162,-1.7230419309240497,-1.498317859171566,-1.6329982705869572,-2.015742594047945,-1.054026523517978,-2.6748848270027095,2.249582492268487,2.332365029637408,-1.8279148941509258,0.0,0.0,-0.3625983679536971,0.0,-1.027487853116857,0.0,-0.8009099181073703,Shellcode,1,shellcode
-0.32602211097536027,-0.19667188312469627,-0.3385078310100127,-0.1860411478064247,-0.379952234002974,-0.28950270242934983,-0.44638829600650876,0.06516417362564202,-0.024388808686129155,-0.08041912964189056,0.0,0.0,-0.30885497309009813,0.0,-0.09984945063462902,0.0,0.0,Shellcode,1,shellcode
-0.6567865038522626,-1.7230419309240497,-1.3426591126486582,-1.6329982705869572,-2.015742594047945,-0.7786223812050223,-2.6748848270027095,1.9138396804612412,2.1055128192613908,-1.8279148941509258,0.0,0.0,0.15538760625221168,0.0,-1.025840034327047,0.0,-0.8009099181073703,Shellcode,1,shellcode
-0.031781125205093706,-0.19667188312469627,-0.3466868114649497,-0.1860411478064247,-0.379952234002974,-0.3039736213304914,-0.44638829600650876,-0.11010904971370782,-0.2047702337594154,-0.22652533507691353,0.0,0.0,-0.32573905546277826,0.0,0.09336268201813636,0.0,0.0,Shellcode,1,shellcode
-0.09405032508029168,-0.19667188312469627,-0.4273088600280135,-0.1860411478064247,-0.379952234002974,-0.44661672126549207,-0.44638829600650876,-0.08021436288144096,-0.22662299346481998,-0.20140679544202192,0.0,0.0,-0.5904126953047635,0.0,0.03522073372289158,0.0,0.0,Shellcode,1,shellcode
-0.6567791460953519,-1.7230419309240497,-1.4698678218764496,-1.6329982705869572,-2.015742594047945,-1.0036903985326724,-2.6748848270027095,1.7962565844076983,1.9084841506695154,-1.8279148941509258,0.0,0.0,-0.26798744078829223,0.0,-1.024474327297787,0.0,-0.8009099181073703,Shellcode,1,shellcode
-0.17912783584438102,-0.19667188312469627,-0.46101875816737437,-0.1860411478064247,-0.379952234002974,-0.5062590207951335,-0.44638829600650876,-0.03439738969276118,-0.20239985211619016,-0.16309088279302483,0.0,0.0,-0.7007645404248664,0.0,-0.002710063121881693,0.0,0.0,Shellcode,1,shellcode
-0.07449098213947485,-0.10243597374759404,-0.17982978518079315,-0.1860411478064247,-0.16868979759413125,-0.07259589301052626,-0.33589122473071187,-0.060477559214477714,-0.10022034673043884,-0.1455263424849536,0.0,0.0,0.09729865084856411,0.0,0.0777031198413989,0.0,0.0,Shellcode,1,shellcode
-0.6567938616459617,-1.7230419309240497,-1.3469837097441824,-1.6329982705869572,-2.015742594047945,-0.7862738108904506,-2.6748848270027095,2.151383822834952,2.3344843080185496,-1.8279148941509258,0.0,0.0,0.14098653938626735,0.0,-1.0272125325678625,0.0,-0.8009099181073703,Shellcode,1,shellcode
-0.6567879754080592,-1.7230419309240497,-1.117103148514495,-1.6329982705869572,-2.015742594047945,-0.37955038407314773,-2.6748848270027095,1.9461791744139458,2.282808496937567,-1.8279148941509258,0.0,0.0,0.9070668993218103,0.0,-1.0261139885207349,0.0,-0.8009099181073703,Shellcode,1,shellcode
-0.10518264476200247,-0.19667188312469627,-0.44445072367506594,-0.1860411478064247,-0.379952234002974,-0.47694550368741234,-0.44638829600650876,-0.07457466940008856,-0.23229545308908087,-0.19667920652360762,0.0,0.0,-0.6554231878312298,0.0,0.03796389978736549,0.0,0.0,Shellcode,1,shellcode
0.3369453575901375,-0.10243597374759404,-0.44526299435283845,-0.1860411478064247,-0.16868979759413125,-0.5422219625140763,-0.33589122473071187,-0.2202380116490454,-0.4338685969718065,-0.2807838968625482,0.0,0.0,-0.7754065008139057,0.0,0.24840409149439824,0.0,0.0,Shellcode,1,shellcode
-0.4046131799775541,-0.19667188312469627,-0.43380735211117794,-0.1860411478064247,-0.379952234002974,-0.4581143831603091,-0.44638829600650876,0.13650908803527273,-0.01507713015202318,-0.02154261039349497,0.0,0.0,-0.6117015199790793,0.0,-0.20865722418722082,0.0,0.0,Shellcode,1,shellcode
-0.6567923900842788,-1.7230419309240497,-1.364811192397722,-1.6329982705869572,-2.015742594047945,-0.8178156463444233,-2.6748848270027095,2.0817108441545327,2.2549766064303363,-1.8279148941509258,0.0,0.0,0.08162574210207989,0.0,-1.0269374863792013,0.0,-0.8009099181073703,Shellcode,1,shellcode
-0.6567762030028884,-1.7230419309240497,-1.6316329546504091,-1.6329982705869572,-2.015742594047945,-1.289898457141171,-2.6748848270027095,1.7615997231185394,1.7698275591476351,-1.8279148941509258,0.0,0.0,-0.8054570829267056,0.0,-1.0239299310118681,0.0,-0.8009099181073703,Shellcode,1,shellcode
-0.6567850322979374,-1.7230419309240497,-1.1023043382776054,-1.6329982705869572,-2.015742594047945,-0.3533671227300857,-2.6748848270027095,1.8853142411941755,2.232979526917379,-1.8279148941509258,0.0,0.0,0.9564162035785577,0.0,-1.0255663517786133,0.0,-0.8009099181073703,Shellcode,1,shellcode
-0.40810365414312816,-0.19667188312469627,-0.3405355283065756,-0.1860411478064247,-0.379952234002974,-0.29309026976690394,-0.44638829600650876,0.14013513460908925,0.048356291282314445,-0.018556563971036034,0.0,0.0,-0.30885497309009813,0.0,-0.20435534038831807,0.0,0.0,Shellcode,1,shellcode
0.5299920862343435,-0.19667188312469627,-0.15535418152101438,-0.1860411478064247,-0.379952234002974,0.03454766335964927,-0.44638829600650876,-0.3055058415916028,-0.282695705062711,-0.39422541056890287,0.0,0.0,0.29955061927928744,0.0,0.32926756677570507,0.0,0.0,Shellcode,1,shellcode
-0.31664937794017783,-0.19667188312469627,-0.350845782067671,-0.1860411478064247,-0.379952234002974,-0.31133201112440306,-0.44638829600650876,0.05772351524845149,-0.03988250118175075,-0.08657471292427522,0.0,0.0,-0.3428592864934268,0.0,-0.09025680116930804,0.0,0.0,Shellcode,1,shellcode
-0.1406247065665586,-0.19667188312469627,-0.19277859239342116,-0.1860411478064247,-0.379952234002974,-0.03166665487248448,-0.44638829600650876,-0.05594197329015863,-0.05102515224041512,-0.1810830536010972,0.0,0.0,0.1818631727288168,0.0,0.03150594308482158,0.0,0.0,Shellcode,1,shellcode
0.20401094455788496,-0.19667188312469627,-0.3314979521325541,-0.1860411478064247,-0.379952234002974,-0.27710025333420646,-0.44638829600650876,-0.20455129352364668,-0.2911199234531192,-0.30667019340657575,0.0,0.0,-0.27576980864287753,0.0,0.20272571522940042,0.0,0.0,Shellcode,1,shellcode
-0.6567953332091162,-1.7230419309240497,-1.5327568249506656,-1.6329982705869572,-2.015742594047945,-1.1149587489431803,-2.6748848270027095,2.249582492268487,2.310056214213202,-1.8279148941509258,0.0,0.0,-0.4770814237611824,0.0,-1.027487853116857,0.0,-0.8009099181073703,Shellcode,1,shellcode
-0.3993929433225918,-0.19667188312469627,-0.262122645290886,-0.1860411478064247,-0.379952234002974,-0.15435580559052658,-0.44638829600650876,0.1311722678579517,0.09017809553002129,-0.02593848982861274,0.0,0.0,-0.05259426371683773,0.0,-0.18787909616325726,0.0,0.0,Shellcode,1,shellcode
-0.6567850322979374,-1.7230419309240497,-1.1873093819438953,-1.6329982705869572,-2.015742594047945,-0.5037649748658448,-2.6748848270027095,1.8853142411941755,2.1780799513506155,-1.8279148941509258,0.0,0.0,0.6729967675985076,0.0,-1.0255663517786133,0.0,-0.8009099181073703,Shellcode,1,shellcode
-0.41261429128648425,-0.19667188312469627,-0.3824983434050822,-0.1860411478064247,-0.379952234002974,-0.367334302687602,-0.44638829600650876,0.14489179794105003,0.02604166821412038,-0.014640283074711309,0.0,0.0,-0.4509361977439506,0.0,-0.2084635097082565,0.0,0.0,Shellcode,1,shellcode
-0.6567850322979374,-1.7230419309240497,-1.3299833126223422,-1.6329982705869572,-2.015742594047945,-0.7561953225760726,-2.6748848270027095,1.8853142411941755,2.0858770364549732,-1.8279148941509258,0.0,0.0,0.19760132618987286,0.0,-1.0255663517786133,0.0,-0.8009099181073703,Shellcode,1,shellcode
0.027823017857996728,-0.10243597374759404,-0.43787352324516093,-0.1860411478064247,-0.16868979759413125,-0.5291479079041299,-0.33589122473071187,-0.10722461951667747,-0.31390811991118384,-0.18474913049466138,0.0,0.0,-0.7511665688195409,0.0,0.11603107146504299,0.0,0.0,Shellcode,1,shellcode
-0.17918527529576256,-0.19667188312469627,0.007389553403990642,-0.1860411478064247,-0.379952234002974,0.32248714466102296,-0.44638829600650876,-0.03436413285795865,0.09956596810926706,-0.16306313932542857,0.0,0.0,0.8425716385733062,0.0,-0.042084328698674574,0.0,0.0,Shellcode,1,shellcode
-0.6567850322979374,-1.7230419309240497,-1.268916863542304,-1.6329982705869572,-2.015742594047945,-0.6481515832510182,-2.6748848270027095,1.8853142411941755,2.125351582423211,-1.8279148941509258,0.0,0.0,0.40102390180592423,0.0,-1.0255663517786133,0.0,-0.8009099181073703,Shellcode,1,shellcode
-0.13193594080459098,-0.10243597374759404,-0.3977252911602474,-0.1860411478064247,-0.16868979759413125,-0.4581143831603091,-0.33589122473071187,-0.031089510316500715,-0.21111767985125848,-0.12098116727133776,0.0,0.0,-0.6150178754781276,0.0,0.02037015059428963,0.0,0.0,Shellcode,1,shellcode
-0.22167334613099668,-0.19667188312469627,-0.12533456383000754,-0.1860411478064247,-0.379952234002974,0.08766081792008297,-0.44638829600650876,-0.008743943631559671,0.03963691554821229,-0.1417199347499804,0.0,0.0,0.4069089648709121,0.0,-0.030009248437162316,0.0,0.0,Worms,1,worms
-0.1255118405012043,-0.19667188312469627,-0.3047268642433768,-0.1860411478064247,-0.379952234002974,-0.229734662491429,-0.44638829600650876,-0.06401819733065227,-0.13144186592581553,-0.18783884833791634,0.0,0.0,-0.19676971739269286,0.0,0.032122302200644104,0.0,0.0,Shellcode,1,shellcode
-0.6567850322979374,-1.7230419309240497,-1.6611661342373971,-1.6329982705869572,-2.015742594047945,-1.3421509657577162,-2.6748848270027095,1.8853142411941755,1.8713647882115716,-1.8279148941509258,0.0,0.0,-0.9034354855715732,0.0,-1.0255663517786133,0.0,-0.8009099181073703,Shellcode,1,shellcode
0.30239512902225074,-0.19667188312469627,-0.12195920289094528,-0.1860411478064247,-0.379952234002974,0.09363278162391694,-0.44638829600650876,-0.23779046326470407,-0.19030040962992473,-0.33523941614702685,0.0,0.0,0.4162175767629144,0.0,0.21336217927866483,0.0,0.0,Worms,1,worms
0.977435850273503,-0.10243597374759404,-0.24802904391382563,-0.1860411478064247,-0.16868979759413125,-0.19325958057906292,-0.33589122473071187,-0.3871262323032267,-0.4830073922977334,-0.4278795306395313,0.0,0.0,-0.1258768940774746,0.0,0.46955336912762813,0.0,0.0,Shellcode,1,shellcode
0.20124873707869723,-0.19667188312469627,-0.38136012711294554,-0.1860411478064247,-0.379952234002974,-0.36532047764593384,-0.44638829600650876,-0.2035752123372877,-0.3224280921658429,-0.30583451205052725,0.0,0.0,-0.4509361977439506,0.0,0.19520334899515898,0.0,0.0,Shellcode,1,shellcode
0.37997292467255056,-0.10243597374759404,-0.21313697302184859,-0.1860411478064247,-0.16868979759413125,-0.13152568465491965,-0.33589122473071187,-0.2336637896882729,-0.29776261705595264,-0.29233970769411316,0.0,0.0,-0.015773365534910464,0.0,0.2715343163395349,0.0,0.0,Shellcode,1,shellcode
-0.0806210944964639,-0.10243597374759404,-0.309572340390503,-0.1860411478064247,-0.16868979759413125,-0.302146997186757,-0.33589122473071187,-0.057462544983403856,-0.18098913962642238,-0.1430044616881358,0.0,0.0,-0.3290554109618266,0.0,0.07423431809100953,0.0,0.0,Shellcode,1,shellcode
0.2163502859740806,-0.10243597374759404,-0.38865932551967297,-0.1860411478064247,-0.16868979759413125,-0.4420741377693206,-0.33589122473071187,-0.180032412998745,-0.35596189787234195,-0.24638529555038216,0.0,0.0,-0.5937290508038119,0.0,0.2086737383668418,0.0,0.0,Shellcode,1,shellcode
-0.16635974861694677,-0.10243597374759404,-0.13879850070618036,-0.1860411478064247,-0.16868979759413125,0.0,-0.33589122473071187,-0.012124577438777864,-0.02535618589465818,-0.10518161883334533,0.0,0.0,0.23344734418997795,0.0,0.011796470072211754,0.0,0.0,Shellcode,1,shellcode
-0.6567850322979374,-1.7230419309240497,-1.460854941025768,-1.6329982705869572,-2.015742594047945,-0.9877440750789788,-2.6748848270027095,1.8853142411941755,2.001211571849843,-1.8279148941509258,0.0,0.0,-0.2380085571485318,0.0,-1.0255663517786133,0.0,-0.8009099181073703,Shellcode,1,shellcode
-0.38909234523188363,-0.19667188312469627,-0.2137474381593089,-0.1860411478064247,-0.379952234002974,-0.06876644600177448,-0.44638829600650876,0.12093003708686977,0.11142344400478721,-0.034378343650567335,0.0,0.0,0.1125573114601467,0.0,-0.16059987650599167,0.0,0.0,Shellcode,1,shellcode
-0.6567938616459617,-1.7230419309240497,-1.4491725065192333,-1.6329982705869572,-2.015742594047945,-0.9670745596982548,-2.6748848270027095,2.151383822834952,2.268373592778538,-1.8279148941509258,0.0,0.0,-0.1991457195793227,0.0,-1.0272125325678625,0.0,-0.8009099181073703,Shellcode,1,shellcode
0.28748475073218127,-0.10243597374759404,-0.4070212150611954,-0.1860411478064247,-0.16868979759413125,-0.4745614894497737,-0.33589122473071187,-0.20423694220043287,-0.3925149246422558,-0.2670583418236269,0.0,0.0,-0.6587395433302782,0.0,0.23795866832431234,0.0,0.0,Shellcode,1,shellcode
-0.41031866063604633,-0.19667188312469627,-0.4485230472550584,-0.1860411478064247,-0.379952234002974,-0.4841505905059909,-0.44638829600650876,0.14246082872627724,-0.01878594786190697,-0.016641638734462436,0.0,0.0,-0.6554231878312298,0.0,-0.20426849754132953,0.0,0.0,Shellcode,1,shellcode
-0.6567909185240673,-1.7230419309240497,-1.5667869032657182,-1.6329982705869572,-2.015742594047945,-1.1751675373379942,-2.6748848270027095,2.0276683361549592,2.071484441482985,-1.8279148941509258,0.0,0.0,-0.590153440144657,0.0,-1.026662714004611,0.0,-0.8009099181073703,Shellcode,1,shellcode
-0.2307416062687898,-0.19667188312469627,-0.3466868114649497,-0.1860411478064247,-0.379952234002974,-0.3039736213304914,-0.44638829600650876,-0.0029910605894177935,-0.0973054044571349,-0.13693469973372888,0.0,0.0,-0.32573905546277826,0.0,-0.02178771360986558,0.0,0.0,Shellcode,1,shellcode
-0.4059043855768367,-0.19667188312469627,-0.33448578404519896,-0.1860411478064247,-0.379952234002974,-0.2823865690964635,-0.44638829600650876,0.13784496578615532,0.050071763706342295,-0.020442460356353914,0.0,0.0,-0.29220061326004265,0.0,-0.2031450637559977,0.0,0.0,Shellcode,1,shellcode
-0.6567820891937016,-1.7230419309240497,-1.6316329546504091,-1.6329982705869572,-2.015742594047945,-1.289898457141171,-2.6748848270027095,1.8367146390176203,1.8431165255748725,-1.8279148941509258,0.0,0.0,-0.8054570829267056,0.0,-1.0250197994663934,0.0,-0.8009099181073703,Shellcode,1,shellcode
-0.6567894469653276,-1.7230419309240497,-1.3217699638328448,-1.6329982705869572,-2.015742594047945,-0.7416635964160151,-2.6748848270027095,1.9835124170285954,2.186997905195282,-1.8279148941509258,0.0,0.0,0.2249561308049288,0.0,-1.0263882148994588,0.0,-0.8009099181073703,Shellcode,1,shellcode
-0.15676471597359748,-0.19667188312469627,-0.12364299766646157,-0.1860411478064247,-0.379952234002974,0.09065367465857942,-0.44638829600650876,-0.047087172206949204,0.0023064124900644342,-0.17368312224988877,0.0,0.0,0.4069089648709121,0.0,0.027844821981759502,0.0,0.0,Worms,1,worms
0.35903852203118375,-0.10243597374759404,-0.09038456664090573,-0.1860411478064247,-0.16868979759413125,0.085657878436537,-0.33589122473071187,-0.22718645388827627,-0.2119366889923615,-0.28675990641921534,0.0,0.0,0.3942126664251066,0.0,0.2630410755458849,0.0,0.0,Worms,1,worms
-0.6567835607450837,-1.7230419309240497,-1.3740610297526608,-1.6329982705869572,-2.015742594047945,-0.8341812125601089,-2.6748848270027095,1.8597974145255702,2.032476434167086,-1.8279148941509258,0.0,0.0,0.05082973884779314,0.0,-1.0252929403372555,0.0,-0.8009099181073703,Shellcode,1,shellcode
-0.6567703168356197,-1.7230419309240497,-1.2906420583001594,-1.6329982705869572,-2.015742594047945,-0.6865895686679737,-2.6748848270027095,1.704350101881717,1.9347447386993797,-1.8279148941509258,0.0,0.0,0.32864361406067644,0.0,-1.0228443491700074,0.0,-0.8009099181073703,Shellcode,1,shellcode
-0.09776952964122364,-0.10243597374759404,-0.13879850070618036,-0.1860411478064247,-0.16868979759413125,0.0,-0.33589122473071187,-0.048880959829862465,-0.062119450583739716,-0.1358312235435181,0.0,0.0,0.23344734418997795,0.0,0.04755576228947254,0.0,0.0,Shellcode,1,shellcode
-0.6567865038522626,-1.7230419309240497,-1.2778130612639673,-1.6329982705869572,-2.015742594047945,-0.663891461401846,-2.6748848270027095,1.9138396804612412,2.147433858605391,-1.8279148941509258,0.0,0.0,0.3713837959069231,0.0,-1.025840034327047,0.0,-0.8009099181073703,Shellcode,1,shellcode
-0.6567835607450837,-1.7230419309240497,-1.6461021501430932,-1.6329982705869572,-2.015742594047945,-1.3154985372114205,-2.6748848270027095,1.8597974145255702,1.8562475675956478,-1.8279148941509258,0.0,0.0,-0.8534662387516724,0.0,-1.0252929403372555,0.0,-0.8009099181073703,Shellcode,1,shellcode
-0.6567894469653276,-1.7230419309240497,-1.4760019458416653,-1.6329982705869572,-2.015742594047945,-1.0145433906530537,-2.6748848270027095,1.9835124170285954,2.087215849432268,-1.8279148941509258,0.0,0.0,-0.28838918913943046,0.0,-1.0263882148994588,0.0,-0.8009099181073703,Shellcode,1,shellcode
-0.37283294565989455,-0.19667188312469627,-0.4377624842151284,-0.1860411478064247,-0.379952234002974,-0.46511212526703116,-0.44638829600650876,0.10548238173402165,-0.04858599969922042,-0.047116597344236254,0.0,0.0,-0.6333671575130067,0.0,-0.16145099498502108,0.0,0.0,Shellcode,1,shellcode
-0.6567850322979374,-1.7230419309240497,-1.3932919510131831,-1.6329982705869572,-2.015742594047945,-0.8682061259938212,-2.6748848270027095,1.8853142411941755,2.0449332955631223,-1.8279148941509258,0.0,0.0,-0.013188852721060745,0.0,-1.0255663517786133,0.0,-0.8009099181073703,Shellcode,1,shellcode
-0.3028319985042838,-0.19667188312469627,-0.3466868114649497,-0.1860411478064247,-0.379952234002974,-0.3039736213304914,-0.44638829600650876,0.04708691254260123,-0.04746228403035552,-0.09537994051507208,0.0,0.0,-0.32573905546277826,0.0,-0.08587634572111592,0.0,0.0,Shellcode,1,shellcode
0.10728338202080673,-0.10243597374759404,-0.08587714194001478,-0.1860411478064247,-0.16868979759413125,0.09363278162391694,-0.33589122473071187,-0.1396788279607982,-0.11938290253396606,-0.21213135628953608,0.0,0.0,0.412901221263866,0.0,0.16919341769517185,0.0,0.0,Worms,1,worms
-0.6567850322979374,-1.7230419309240497,-1.3740610297526608,-1.6329982705869572,-2.015742594047945,-0.8341812125601089,-2.6748848270027095,1.8853142411941755,2.0573728903049426,-1.8279148941509258,0.0,0.0,0.05082973884779314,0.0,-1.0255663517786133,0.0,-0.8009099181073703,Shellcode,1,shellcode
1.2500105270288884,1.8457410387579631,0.929847930019114,1.2234785613902657,2.458939042473126,0.36947259487134554,2.2972067350341745,0.16613115909280024,-0.321764656528103,0.8479177368760973,0.0,0.0,-0.1743926646718828,0.0,0.15512108334342647,0.0,0.0,Worms,1,worms
2.112582263619618,2.3874206770897897,1.1702937806091416,1.792363695602802,2.971080407909064,0.655817657578562,2.537920051523639,0.13238000999422236,-0.38984410309165834,0.821488696386109,0.0,0.0,-0.2697694600296499,0.0,0.21195176047173786,0.0,0.0,Worms,1,worms
0.11276461473546019,-0.19667188312469627,-0.3582395125253162,-0.1860411478064247,-0.379952234002974,-0.3244136017234979,-0.44638829600650876,-0.17087612203519445,-0.27396655080850435,-0.2779357515208917,0.0,0.0,-0.3602223657670661,0.0,0.17157311933875277,0.0,0.0,Shellcode,1,shellcode
-0.6567879754080592,-1.7230419309240497,-1.4729220508139533,-1.6329982705869572,-2.015742594047945,-1.0090941893234253,-2.6748848270027095,1.9461791744139458,2.052784454515645,-1.8279148941509258,0.0,0.0,-0.2781458108295074,0.0,-1.0261139885207349,0.0,-0.8009099181073703,Shellcode,1,shellcode
-0.3846042031040688,-0.19667188312469627,-0.4526411282372142,-0.1860411478064247,-0.379952234002974,-0.4914366350502272,-0.44638829600650876,0.11658112351548355,-0.047312715772223304,-0.03796337525730872,0.0,0.0,-0.6778839384589035,0.0,-0.17774279869421789,0.0,0.0,Shellcode,1,shellcode
-0.0646214564284635,-0.19667188312469627,-0.2637680143910009,-0.1860411478064247,-0.379952234002974,-0.15726692671881284,-0.44638829600650876,-0.09467596748506767,-0.13573669212330355,-0.21354523751701965,0.0,0.0,-0.05259426371683773,0.0,0.059075931502883657,0.0,0.0,Shellcode,1,shellcode
-0.4037592006587792,-0.19667188312469627,-0.2137474381593089,-0.1860411478064247,-0.379952234002974,-0.06876644600177448,-0.44638829600650876,0.13562905228165367,0.12594959342725023,-0.02226740546509427,0.0,0.0,0.1125573114601467,0.0,-0.17681334266918367,0.0,0.0,Shellcode,1,shellcode
-0.6567835607450837,-1.7230419309240497,-1.4698678218764496,-1.6329982705869572,-2.015742594047945,-1.0036903985326724,-2.6748848270027095,1.8597974145255702,1.9704802952868212,-1.8279148941509258,0.0,0.0,-0.26798744078829223,0.0,-1.0252929403372555,0.0,-0.8009099181073703,Shellcode,1,shellcode
-0.6567850322979374,-1.7230419309240497,-1.6932893413188481,-1.6329982705869572,-2.015742594047945,-1.398985962134271,-2.6748848270027095,1.8853142411941755,1.85050143032739,-1.8279148941509258,0.0,0.0,-1.0099440730139861,0.0,-1.0255663517786133,0.0,-0.8009099181073703,Shellcode,1,shellcode
0.41929199647077675,-0.10243597374759404,-0.4070212150611954,-0.1860411478064247,-0.16868979759413125,-0.4745614894497737,-0.33589122473071187,-0.24556315156530392,-0.4351635804014291,-0.3026137063788019,0.0,0.0,-0.6587395433302782,0.0,0.29502640883896764,0.0,0.0,Shellcode,1,shellcode
-0.6567717883752295,-1.7230419309240497,-1.45496717823843,-1.6329982705869572,-2.015742594047945,-0.9773269652357459,-2.6748848270027095,1.7174442883752217,1.8412336482835725,-1.8279148941509258,0.0,0.0,-0.21842291427784197,0.0,-1.02311534460413,0.0,-0.8009099181073703,Shellcode,1,shellcode
-0.12810688393459824,-0.19667188312469627,-0.12251960873636722,-0.1860411478064247,-0.379952234002974,0.09264126592272322,-0.44638829600650876,-0.06264568856591278,-0.012491262906480992,-0.18669029242699114,0.0,0.0,0.4162175767629144,0.0,0.045714025420516356,0.0,0.0,Worms,1,worms
2.8373652682606427,2.9793557452102415,1.4473015582808435,2.4469571227805322,3.4900900113314672,0.9986171176463781,2.7928851908205754,0.14581751956285274,-0.3955864699108764,0.8374997762748109,0.0,0.0,-0.34225466032138085,0.0,0.2005645352464781,0.0,0.0,Worms,1,worms
-0.6567923900842788,-1.7230419309240497,-1.4491725065192333,-1.6329982705869572,-2.015742594047945,-0.9670745596982548,-2.6748848270027095,2.0817108441545327,2.20039491472557,-1.8279148941509258,0.0,0.0,-0.1991457195793227,0.0,-1.0269374863792013,0.0,-0.8009099181073703,Shellcode,1,shellcode
0.05870540054696817,-0.19667188312469627,-0.2137474381593089,-0.1860411478064247,-0.379952234002974,-0.06876644600177448,-0.44638829600650876,-0.14935634386264768,-0.15881680195082615,-0.2596698645211926,0.0,0.0,0.1125573114601467,0.0,0.13530957470664692,0.0,0.0,Shellcode,1,shellcode
1.217313171577935,1.8383521860557785,0.9297675079864387,1.2234785613902657,2.442374369468454,0.36947259487134554,2.296960452010354,0.1694815485661313,-0.31450635994905196,0.853829526319565,0.0,0.0,-0.171505318607038,0.0,0.1467599601690448,0.0,0.0,Worms,1,worms
-0.337002956309914,-0.19667188312469627,-0.3952577296146982,-0.1860411478064247,-0.379952234002974,-0.3899092488052744,-0.44638829600650876,0.07412966223952676,-0.05228387040378178,-0.07300624913036419,0.0,0.0,-0.48919170383715266,0.0,-0.1561291696207629,0.0,0.0,Shellcode,1,shellcode
0.8907528080420403,-0.10243597374759404,-0.43495895240647325,-0.1860411478064247,-0.16868979759413125,-0.5239912116055316,-0.33589122473071187,-0.36775256003961265,-0.5823963761261277,-0.41032661538093756,0.0,0.0,-0.7511665688195409,0.0,0.43059465372351274,0.0,0.0,Shellcode,1,shellcode
-0.04467100214920268,-0.5181123933394715,-0.6826780872591367,-0.5406897502634578,-0.662800874961527,-0.8097851890107898,-0.5998319722286254,-0.1983415043256118,-0.39500532678640266,-0.318332524168104,0.0,0.0,-0.8445853464749333,0.0,0.17210360556288748,0.0,0.0,Shellcode,1,shellcode
-0.13734980696676322,-0.19667188312469627,-0.38136012711294554,-0.1860411478064247,-0.379952234002974,-0.36532047764593384,-0.44638829600650876,-0.057709271000431335,-0.17455313614978735,-0.18256085203635947,0.0,0.0,-0.4509361977439506,0.0,0.0406487911796904,0.0,0.0,Shellcode,1,shellcode
-0.06859349329496382,-0.19667188312469627,-0.4012076224838092,-0.1860411478064247,-0.379952234002974,-0.40043628425349015,-0.44638829600650876,-0.09276038062843873,-0.222767390960046,-0.2119360425052811,0.0,0.0,-0.5087773467078425,0.0,0.05851278527861963,0.0,0.0,Shellcode,1,shellcode
-0.6567865038522626,-1.7230419309240497,-1.344815032697625,-1.6329982705869572,-2.015742594047945,-0.7824368106877472,-2.6748848270027095,1.9138396804612412,2.104118726989382,-1.8279148941509258,0.0,0.0,0.14820825098088444,0.0,-1.025840034327047,0.0,-0.8009099181073703,Shellcode,1,shellcode
0.25756824285778906,-0.10243597374759404,-0.2751564909768965,-0.1860411478064247,-0.16868979759413125,-0.24125567111963309,-0.33589122473071187,-0.19423842566386285,-0.29731660233931784,-0.2585061037131061,0.0,0.0,-0.21548346540465427,0.0,0.2116670218545823,0.0,0.0,Shellcode,1,shellcode
0.16051424915091936,-0.19667188312469627,-0.33749817375578717,-0.1860411478064247,-0.379952234002974,-0.287716334516583,-0.44638829600650876,-0.18887880975763705,-0.278988364299485,-0.2932728122812312,0.0,0.0,-0.29220061326004265,0.0,0.12709006145941293,0.0,0.0,Shellcode,1,shellcode
-0.6567820891937016,-1.7230419309240497,-1.5512711323710067,-1.6329982705869572,-2.015742594047945,-1.1477157707586358,-2.6748848270027095,1.8367146390176203,1.8952303378173005,-1.8279148941509258,0.0,0.0,-0.5386057578194091,0.0,-1.0250197994663934,0.0,-0.8009099181073703,Shellcode,1,shellcode
-0.35430260449184653,-0.19667188312469627,-0.3905663970624927,-0.1860411478064247,-0.379952234002974,-0.38160896085675955,-0.44638829600650876,0.08884159338808797,-0.034341713728373816,-0.060851517973417285,0.0,0.0,-0.46991450913863336,0.0,-0.1476252618496012,0.0,0.0,Shellcode,1,shellcode
-0.6567938616459617,-1.7230419309240497,-1.344815032697625,-1.6329982705869572,-2.015742594047945,-0.7824368106877472,-2.6748848270027095,2.151383822834952,2.335886668295925,-1.8279148941509258,0.0,0.0,0.14820825098088444,0.0,-1.0272125325678625,0.0,-0.8009099181073703,Shellcode,1,shellcode
0.25040268424010903,-0.19667188312469627,-0.46101875816737437,-0.1860411478064247,-0.379952234002974,-0.5062590207951335,-0.44638829600650876,-0.22058163562727204,-0.3911215957443374,-0.3204207017914084,0.0,0.0,-0.7007645404248664,0.0,0.22177434424729936,0.0,0.0,Shellcode,1,shellcode
0.15502441559253302,-0.10243597374759404,-0.4151812259962339,-0.1860411478064247,-0.16868979759413125,-0.4889988459300785,-0.33589122473071187,-0.15787674105834462,-0.3504875161304828,-0.22754800523998214,0.0,0.0,-0.6812002939579518,0.0,0.190916773651673,0.0,0.0,Shellcode,1,shellcode
-0.6567923900842788,-1.7230419309240497,-1.3513599450397369,-1.6329982705869572,-2.015742594047945,-0.7940166030884752,-2.6748848270027095,2.0817108441545327,2.2636756730085956,-1.8279148941509258,0.0,0.0,0.12641402722226971,0.0,-1.0269374863792013,0.0,-0.8009099181073703,Shellcode,1,shellcode
0.11962229942225991,-0.19667188312469627,-0.1259001586204927,-0.1860411478064247,-0.379952234002974,0.08666012151432519,-0.44638829600650876,-0.17351661769118834,-0.1268666666032674,-0.28018192790769253,0.0,0.0,0.39752902192415496,0.0,0.1544193565612678,0.0,0.0,Worms,1,worms
-0.26354231340012735,-0.19667188312469627,-0.38478543570359686,-0.1860411478064247,-0.379952234002974,-0.37138081280626284,-0.44638829600650876,0.018769802823781493,-0.10018695183521965,-0.11885630156601898,0.0,0.0,-0.4509361977439506,0.0,-0.11712621511176598,0.0,0.0,Shellcode,1,shellcode
-0.17181202722325628,-0.006487834901754498,0.5715068936195777,0.15936542501584577,-0.379952234002974,1.320569524972854,-0.44638829600650876,0.017349079883782127,0.46648182842892233,-0.16660122087689527,0.0,0.0,2.311735830601189,0.0,-0.1380024150533027,0.0,0.0,Worms,1,worms
-0.6567865038522626,-1.7230419309240497,-1.2016558456776347,-1.6329982705869572,-2.015742594047945,-0.5291479079041299,-2.6748848270027095,1.9138396804612412,2.196644074778305,-1.8279148941509258,0.0,0.0,0.6251751953406505,0.0,-1.025840034327047,0.0,-0.8009099181073703,Shellcode,1,shellcode
0.12699426153840482,-0.19667188312469627,-0.4526411282372142,-0.1860411478064247,-0.379952234002974,-0.4914366350502272,-0.44638829600650876,-0.17633394929966856,-0.34072225996638905,-0.28257979744642314,0.0,0.0,-0.6778839384589035,0.0,0.149638075570293,0.0,0.0,Shellcode,1,shellcode
-0.6567953332091162,-1.7230419309240497,-1.6611661342373971,-1.6329982705869572,-2.015742594047945,-1.3421509657577162,-2.6748848270027095,2.249582492268487,2.226775211627774,-1.8279148941509258,0.0,0.0,-0.9034354855715732,0.0,-1.027487853116857,0.0,-0.8009099181073703,Shellcode,1,shellcode
-0.4009615230583431,-0.19667188312469627,-0.262122645290886,-0.1860411478064247,-0.379952234002974,-0.15435580559052658,-0.44638829600650876,0.1327652260748747,0.09175198364049579,-0.024626259497230022,0.0,0.0,-0.05259426371683773,0.0,-0.19645514178118165,0.0,0.0,Shellcode,1,shellcode
0.12956385086047992,-0.10243597374759404,-0.4151812259962339,-0.1860411478064247,-0.16868979759413125,-0.4889988459300785,-0.33589122473071187,-0.14828268603991188,-0.3407315524162464,-0.21941428124994858,0.0,0.0,-0.6812002939579518,0.0,0.16884656372475948,0.0,0.0,Shellcode,1,shellcode
-0.34715990345302306,-0.19667188312469627,-0.33649129028872105,-0.1860411478064247,-0.379952234002974,-0.2859348742141538,-0.44638829600650876,0.08267626543061415,-0.005581456788961781,-0.06594380496153447,0.0,0.0,-0.29220061326004265,0.0,-0.12914653493039616,0.0,0.0,Shellcode,1,shellcode
0.13564150999912455,-0.10243597374759404,-0.3687424200122323,-0.1860411478064247,-0.16868979759413125,-0.4068355250904137,-0.33589122473071187,-0.1505953763089807,-0.31301844082750857,-0.22137370573366077,0.0,0.0,-0.5319978247371847,0.0,0.1724204396993731,0.0,0.0,Shellcode,1,shellcode
0.08113259246854455,-0.19667188312469627,-0.2637680143910009,-0.1860411478064247,-0.379952234002974,-0.15726692671881284,-0.44638829600650876,-0.15844117754015746,-0.20030781208097118,-0.26737245907854545,0.0,0.0,-0.05259426371683773,0.0,0.1574767489595945,0.0,0.0,Shellcode,1,shellcode
1.9502334683689613,-0.10243597374759404,-0.43641334063047066,-0.1860411478064247,-0.16868979759413125,-0.5265644338006694,-0.33589122473071187,-0.5651251430282946,-0.8108853175639668,-0.5998966571535612,0.0,0.0,-0.7511665688195409,0.0,0.7084530660423076,0.0,0.0,Shellcode,1,shellcode
0.569299622667933,-0.10243597374759404,-0.34527806616201506,-0.1860411478064247,-0.16868979759413125,-0.36532047764593384,-0.33589122473071187,-0.2881375585634438,-0.4397526518492788,-0.339646462053965,0.0,0.0,-0.4542525532429989,0.0,0.346507949393061,0.0,0.0,Shellcode,1,shellcode
0.21436521640202677,-0.10243597374759404,-0.38994081406824904,-0.1860411478064247,-0.16868979759413125,-0.44434145176540574,-0.33589122473071187,-0.17933497777242915,-0.3561684707035262,-0.24579111280102212,0.0,0.0,-0.5937290508038119,0.0,0.21587861722515223,0.0,0.0,Shellcode,1,shellcode
-0.24398881105584005,-0.19667188312469627,-0.4311941121523127,-0.1860411478064247,-0.379952234002974,-0.45349082601619894,-0.44638829600650876,0.005611443879849486,-0.14349848572335394,-0.1297838179903348,0.0,0.0,-0.6117015199790793,0.0,-0.06267421290793262,0.0,0.0,Shellcode,1,shellcode
-0.08418480532009484,-0.19667188312469627,-0.12533456383000754,-0.1860411478064247,-0.379952234002974,0.08766081792008297,-0.44638829600650876,-0.0851329182079186,-0.03690928319142608,-0.20553263948935366,0.0,0.0,0.4069089648709121,0.0,0.07220424593661727,0.0,0.0,Worms,1,worms
-0.302148397486243,-0.19667188312469627,-0.12364299766646157,-0.1860411478064247,-0.379952234002974,0.09065367465857942,-0.44638829600650876,0.046570516889905406,0.09571857321532452,-0.09580760085658298,0.0,0.0,0.4069089648709121,0.0,-0.09709944439273495,0.0,0.0,Worms,1,worms
-0.24612797945627243,-0.19667188312469627,-0.30014548769568566,-0.1860411478064247,-0.379952234002974,-0.2216289176687707,-0.44638829600650876,0.007023550693327346,-0.05744199536342859,-0.1286105119270461,0.0,0.0,-0.18156360178692313,0.0,-0.033420615759308075,0.0,0.0,Shellcode,1,shellcode
0.06044637176984177,-0.19667188312469627,-0.3571740892416091,-0.1860411478064247,-0.379952234002974,-0.32252856800580426,-0.44638829600650876,-0.15006995434651596,-0.2520165900469567,-0.2602744632117664,0.0,0.0,-0.3602223657670661,0.0,0.14766781867580317,0.0,0.0,Shellcode,1,shellcode
-0.37112194743868765,-0.19667188312469627,-0.33050739652553646,-0.1860411478064247,-0.379952234002974,-0.27534768161268197,-0.44638829600650876,0.10390460518160771,0.019013873657236398,-0.0484182682976223,0.0,0.0,-0.27576980864287753,0.0,-0.14175012423973277,0.0,0.0,Shellcode,1,shellcode
-0.2889219443643772,-0.19667188312469627,-0.3679703146713339,-0.1860411478064247,-0.379952234002974,-0.34163013005168086,-0.44638829600650876,0.03675183821234696,-0.07145586889708568,-0.10394222572371142,0.0,0.0,-0.3957053303243667,0.0,-0.11305283780670823,0.0,0.0,Shellcode,1,shellcode
-0.14076978214090374,-0.19667188312469627,-0.38478543570359686,-0.1860411478064247,-0.379952234002974,-0.37138081280626284,-0.44638829600650876,-0.05586347223368952,-0.1747474514919906,-0.1810173967887739,0.0,0.0,-0.4509361977439506,0.0,-0.006994559201626222,0.0,0.0,Shellcode,1,shellcode
2.04544620614506,2.391813800567486,1.181943500466708,1.8261134959513174,2.9392689922748514,0.6767108156441917,2.5374327720874605,0.13867761508774787,-0.3693448795665922,0.8318753477165323,0.0,0.0,-0.26423166047781715,0.0,0.18863392595890421,0.0,0.0,Worms,1,worms
-0.17414764716511197,-0.19667188312469627,-0.2637680143910009,-0.1860411478064247,-0.379952234002974,-0.15726692671881284,-0.44638829600650876,-0.03726760536232662,-0.07808714841321047,-0.16548540958900154,0.0,0.0,-0.05259426371683773,0.0,-0.024137554492622965,0.0,0.0,Shellcode,1,shellcode
-0.6567835607450837,-1.7230419309240497,-1.1873093819438953,-1.6329982705869572,-2.015742594047945,-0.5037649748658448,-2.6748848270027095,1.8597974145255702,2.153183484230963,-1.8279148941509258,0.0,0.0,0.6729967675985076,0.0,-1.0252929403372555,0.0,-0.8009099181073703,Shellcode,1,shellcode
1.927323899341041,-0.10243597374759404,-0.4151812259962339,-0.1860411478064247,-0.16868979759413125,-0.4889988459300785,-0.33589122473071187,-0.5615823809678366,-0.792759597664918,-0.5962020692119059,0.0,0.0,-0.6812002939579518,0.0,0.7049705138112452,0.0,0.0,Shellcode,1,shellcode
-0.6567953332091162,-1.7230419309240497,-1.5829886727374463,-1.6329982705869572,-2.015742594047945,-1.2038330285165244,-2.6748848270027095,2.249582492268487,2.2774982070468326,-1.8279148941509258,0.0,0.0,-0.6439676692390619,0.0,-1.027487853116857,0.0,-0.8009099181073703,Shellcode,1,shellcode
0.3811879944347949,-0.10243597374759404,-0.29048966982025476,-0.1860411478064247,-0.16868979759413125,-0.26838438095840067,-0.33589122473071187,-0.23403663794308344,-0.3479046120052143,-0.29266117036672484,0.0,0.0,-0.2628729924820024,0.0,0.26744643169519183,0.0,0.0,Shellcode,1,shellcode
-0.4102439851244057,-0.19667188312469627,-0.2137474381593089,-0.1860411478064247,-0.379952234002974,-0.06876644600177448,-0.44638829600650876,0.14238209576265465,0.13261949596121234,-0.016706465024908954,0.0,0.0,0.1125573114601467,0.0,-0.18424288005979106,0.0,0.0,Shellcode,1,shellcode
-0.6567953332091162,-1.7230419309240497,-1.0260291142237465,-1.6329982705869572,-2.015742594047945,-0.218414779032585,-2.6748848270027095,2.249582492268487,2.6376347378650844,-1.8279148941509258,0.0,0.0,1.2108151991864322,0.0,-1.027487853116857,0.0,-0.8009099181073703,Worms,1,worms
-0.6567865038522626,-1.7230419309240497,-1.3740610297526608,-1.6329982705869572,-2.015742594047945,-0.8341812125601089,-2.6748848270027095,1.9138396804612412,2.085204798881647,-1.8279148941509258,0.0,0.0,0.05082973884779314,0.0,-1.025840034327047,0.0,-0.8009099181073703,Shellcode,1,shellcode
-0.399801923141381,-0.19667188312469627,-0.3905663970624927,-0.1860411478064247,-0.379952234002974,-0.38160896085675955,-0.44638829600650876,0.13158673209412408,0.007942814018102262,-0.02559705868997617,0.0,0.0,-0.46991450913863336,0.0,-0.17236023729684283,0.0,0.0,Shellcode,1,shellcode
-0.38863482015732986,-0.19667188312469627,-0.30014548769568566,-0.1860411478064247,-0.379952234002974,-0.2216289176687707,-0.44638829600650876,0.12048362139161448,0.05514280412151294,-0.034746316116290636,0.0,0.0,-0.18156360178692313,0.0,-0.18419242411206405,0.0,0.0,Shellcode,1,shellcode
-0.296070121187574,-0.19667188312469627,-0.4485230472550584,-0.1860411478064247,-0.379952234002974,-0.4841505905059909,-0.44638829600650876,0.04201793303224938,-0.1182610476698843,-0.09957859127983959,0.0,0.0,-0.6554231878312298,0.0,-0.07262767602321352,0.0,0.0,Shellcode,1,shellcode
1.1637429499132386,-0.10243597374759404,-0.4151812259962339,-0.1860411478064247,-0.16868979759413125,-0.4889988459300785,-0.33589122473071187,-0.4263783776229718,-0.6340985463264166,-0.46397565671651075,0.0,0.0,-0.6812002939579518,0.0,0.5045612789768653,0.0,0.0,Shellcode,1,shellcode
-0.023641224769410295,-0.10243597374759404,-0.3938123854724437,-0.1860411478064247,-0.16868979759413125,-0.4511913514709689,-0.33589122473071187,-0.08450288800755701,-0.2623630932725155,-0.16565496984889794,0.0,0.0,-0.6150178754781276,0.0,0.07379360001422404,0.0,0.0,Shellcode,1,shellcode
-0.277308924033939,-0.19667188312469627,-0.41840030526031446,-0.1860411478064247,-0.379952234002974,-0.43085498002157757,-0.44638829600650876,0.028389791749175736,-0.11255919242195359,-0.11087492007452852,0.0,0.0,-0.569487800041417,0.0,-0.05728353960875237,0.0,0.0,Shellcode,1,shellcode
0.06706403723427412,-0.19667188312469627,-0.4485230472550584,-0.1860411478064247,-0.379952234002974,-0.4841505905059909,-0.44638829600650876,-0.1527693959522197,-0.31375662885607747,-0.26256220069642205,0.0,0.0,-0.6554231878312298,0.0,0.13991277038921884,0.0,0.0,Shellcode,1,shellcode
-0.6567820891937016,-1.7230419309240497,-1.0838120156272066,-1.6329982705869572,-2.015742594047945,-0.3206489981616211,-2.6748848270027095,1.8367146390176203,2.1975017788066764,-1.8279148941509258,0.0,0.0,1.0180864347245353,0.0,-1.0250197994663934,0.0,-0.8009099181073703,Shellcode,1,shellcode
-0.37863188877060816,-0.19667188312469627,-0.11530033052243907,-0.1860411478064247,-0.379952234002974,0.10541420139238467,-0.44638829600650876,0.11089579883072591,0.16485888078544558,-0.04265139148254281,0.0,0.0,0.43462509002891325,0.0,-0.17286209893957924,0.0,0.0,Shellcode,1,shellcode
-0.40873883719282905,-0.19667188312469627,-0.4221917737433725,-0.1860411478064247,-0.379952234002974,-0.43756315510976346,-0.44638829600650876,0.1408000840563111,-0.003439948690272113,-0.018009047283067434,0.0,0.0,-0.569487800041417,0.0,-0.20353449644325325,0.0,0.0,Shellcode,1,shellcode
-0.17922356950895782,-0.19667188312469627,-0.4512632869471644,-0.1860411478064247,-0.379952234002974,-0.4889988459300785,-0.44638829600650876,-0.03434196215962718,-0.19634981068724347,-0.16304463898108335,0.0,0.0,-0.6778839384589035,0.0,-0.019440236074395538,0.0,0.0,Shellcode,1,shellcode
-0.3323554730516734,-0.19667188312469627,0.007389553403990642,-0.1860411478064247,-0.379952234002974,0.32248714466102296,-0.44638829600650876,0.07030141571066971,0.2037935391798237,-0.07617098205514765,0.0,0.0,0.8425716385733062,0.0,-0.1236388311812676,0.0,0.0,Shellcode,1,shellcode
-0.4023176086656061,-0.19667188312469627,-0.17165993151730605,-0.1860411478064247,-0.379952234002974,0.005698201361461322,-0.44638829600650876,0.1341497148571486,0.15148760381726534,-0.02348586018798435,0.0,0.0,0.2474543926630841,0.0,-0.2060371531009437,0.0,0.0,Shellcode,1,shellcode
-0.3555252114712288,-0.19667188312469627,-0.4196597750615913,-0.1860411478064247,-0.379952234002974,-0.4330833366551616,-0.44638829600650876,0.08991025944699044,-0.05240503244789074,-0.05996905108785373,0.0,0.0,-0.569487800041417,0.0,-0.15396008699007116,0.0,0.0,Shellcode,1,shellcode
-0.3736363822151399,-0.19667188312469627,-0.4485230472550584,-0.1860411478064247,-0.379952234002974,-0.4841505905059909,-0.44638829600650876,0.10622628555787597,-0.05460140572973951,-0.04650289956812993,0.0,0.0,-0.6554231878312298,0.0,-0.16053370728685734,0.0,0.0,Shellcode,1,shellcode
0.03777632732123644,-0.19667188312469627,-0.15535418152101438,-0.1860411478064247,-0.379952234002974,0.03454766335964927,-0.44638829600650876,-0.140663405124144,-0.11242743375436964,-0.25231071888460066,0.0,0.0,0.29955061927928744,0.0,0.08245552588027695,0.0,0.0,Shellcode,1,shellcode
0.5091127511627542,-0.10243597374759404,-0.09323011937826949,-0.1860411478064247,-0.16868979759413125,0.08062329458856402,-0.33589122473071187,-0.2715541636321302,-0.25985055891123193,-0.32516770083404517,0.0,0.0,0.38476029076938517,0.0,0.32622305033681176,0.0,0.0,Worms,1,worms
-0.4155304047622194,-0.19667188312469627,-0.4221917737433725,-0.1860411478064247,-0.379952234002974,-0.43756315510976346,-0.44638829600650876,0.14801077081114292,0.003679883392867435,-0.012072853208081767,0.0,0.0,-0.569487800041417,0.0,-0.21318572232118346,0.0,0.0,Shellcode,1,shellcode
-0.40368981337121723,-0.19667188312469627,-0.3385078310100127,-0.1860411478064247,-0.379952234002974,-0.28950270242934983,-0.44638829600650876,0.13555767035677782,0.04528906903689141,-0.022326191104643577,0.0,0.0,-0.30885497309009813,0.0,-0.1978529286490898,0.0,0.0,Shellcode,1,shellcode
0.35106488849586026,-0.10243597374759404,-0.43933954660585406,-0.1860411478064247,-0.16868979759413125,-0.5317417159315061,-0.33589122473071187,-0.22469227475689565,-0.43421526663635496,-0.28461366200312327,0.0,0.0,-0.7511665688195409,0.0,0.2700464411517581,0.0,0.0,Shellcode,1,shellcode
-0.036145004397005256,-0.19667188312469627,-0.4298944464233742,-0.1860411478064247,-0.379952234002974,-0.4511913514709689,-0.44638829600650876,-0.10809843727499467,-0.2565757106121986,-0.2248326964525727,0.0,0.0,-0.6117015199790793,0.0,0.08315259547788739,0.0,0.0,Shellcode,1,shellcode
0.4133724094173028,-0.10243597374759404,-0.41244098630412795,-0.1860411478064247,-0.16868979759413125,-0.4841505905059909,-0.33589122473071187,-0.24379317314943807,-0.43672718809934763,-0.30108351858547716,0.0,0.0,-0.6587395433302782,0.0,0.2886374093993891,0.0,0.0,Shellcode,1,shellcode
1.6515883427574138,2.0677787753003942,1.0351668902728828,1.52223294433057,2.587936712386754,0.5196506410775428,2.3597961710526985,0.12201054630170222,-0.35036477596403487,0.8082708935078536,0.0,0.0,-0.24389323514804004,0.0,0.176408580673166,0.0,0.0,Worms,1,worms
-0.026350164351969886,-0.19667188312469627,-0.38136012711294554,-0.1860411478064247,-0.379952234002974,-0.36532047764593384,-0.44638829600650876,-0.1125948254613234,-0.22980043765327335,-0.22861866067814826,0.0,0.0,-0.4509361977439506,0.0,0.10398663298610471,0.0,0.0,Shellcode,1,shellcode
0.27606575697478486,-0.19667188312469627,-0.17488056165711086,-0.1860411478064247,-0.379952234002974,0.0,-0.44638829600650876,-0.22917066101850808,-0.2156443058532381,-0.32780911319333284,0.0,0.0,0.23676369968902627,0.0,0.2169451467291533,0.0,0.0,Shellcode,1,shellcode
0.30344990908295316,-0.19667188312469627,-0.4526411282372142,-0.1860411478064247,-0.379952234002974,-0.4914366350502272,-0.44638829600650876,-0.23813186077758208,-0.4042467636777556,-0.3355340341225184,0.0,0.0,-0.6778839384589035,0.0,0.2478477226691474,0.0,0.0,Shellcode,1,shellcode
0.730866383590506,-0.10243597374759404,-0.34527806616201506,-0.1860411478064247,-0.16868979759413125,-0.36532047764593384,-0.33589122473071187,-0.329846903082092,-0.4838563451710818,-0.3764103665746295,0.0,0.0,-0.4542525532429989,0.0,0.39775029214725427,0.0,0.0,Shellcode,1,shellcode
-0.39619545449358096,-0.19667188312469627,-0.4485230472550584,-0.1860411478064247,-0.379952234002974,-0.4841505905059909,-0.44638829600650876,0.1279528099688345,-0.033117805860875024,-0.028590920294783863,0.0,0.0,-0.6554231878312298,0.0,-0.19209597270510947,0.0,0.0,Shellcode,1,shellcode
-0.6567923900842788,-1.7230419309240497,-1.498317859171566,-1.6329982705869572,-2.015742594047945,-1.054026523517978,-2.6748848270027095,2.0817108441545327,2.1685757681243323,-1.8279148941509258,0.0,0.0,-0.3625983679536971,0.0,-1.0269374863792013,0.0,-0.8009099181073703,Shellcode,1,shellcode
-0.6567938616459617,-1.7230419309240497,-1.0562345423316972,-1.6329982705869572,-2.015742594047945,-0.2718566845283457,-2.6748848270027095,2.151383822834952,2.5223245971617048,-1.8279148941509258,0.0,0.0,1.1100631127484146,0.0,-1.0272125325678625,0.0,-0.8009099181073703,Shellcode,1,shellcode
0.2279660591121166,-0.10243597374759404,-0.3723953275088579,-0.1860411478064247,-0.16868979759413125,-0.4132985467871012,-0.33589122473071187,-0.184088564536379,-0.34934786812766044,-0.2498425464269784,0.0,0.0,-0.5319978247371847,0.0,0.22180150303253146,0.0,0.0,Shellcode,1,shellcode
0.2971783500914815,-0.10243597374759404,-0.36392783056007477,-0.1860411478064247,-0.16868979759413125,-0.39831716098765946,-0.33589122473071187,-0.2074234876026953,-0.36807028742862635,-0.26978782869620554,0.0,0.0,-0.5120937022068909,0.0,0.2426664952949063,0.0,0.0,Shellcode,1,shellcode
0.08651479344057725,-0.19667188312469627,-0.2540048084121265,-0.1860411478064247,-0.379952234002974,-0.1399930668882577,-0.44638829600650876,-0.16058748069136441,-0.19637081890529265,-0.2691940108430253,0.0,0.0,-0.02569039908285641,0.0,0.15155635091201985,0.0,0.0,Shellcode,1,shellcode
0.7748008741801403,-0.10243597374759404,-0.41655906728628367,-0.1860411478064247,-0.16868979759413125,-0.4914366350502272,-0.33589122473071187,-0.34056692501841285,-0.5414807982666436,-0.38594915335972,0.0,0.0,-0.6812002939579518,0.0,0.40732985787448805,0.0,0.0,Shellcode,1,shellcode
0.5468704122167855,-0.10243597374759404,-0.23016794047509875,-0.1860411478064247,-0.16868979759413125,-0.16165826049145923,-0.33589122473071187,-0.2820303336493965,-0.3591526840467646,-0.3343058458120039,0.0,0.0,-0.06958759462931542,0.0,0.33618967525571536,0.0,0.0,Shellcode,1,shellcode
-0.6567511869545972,-1.7230419309240497,-1.5829886727374463,-1.6329982705869572,-2.015742594047945,-1.2038330285165244,-2.6748848270027095,1.5781012280214624,1.6223411689352374,-1.8279148941509258,0.0,0.0,-0.6439676692390619,0.0,-1.019345409326818,0.0,-0.8009099181073703,Shellcode,1,shellcode
-0.6567953332091162,-1.7230419309240497,-1.3426591126486582,-1.6329982705869572,-2.015742594047945,-0.7786223812050223,-2.6748848270027095,2.249582492268487,2.4330913423094556,-1.8279148941509258,0.0,0.0,0.15538760625221168,0.0,-1.027487853116857,0.0,-0.8009099181073703,Shellcode,1,shellcode
0.034015486798394966,-0.10243597374759404,-0.3687424200122323,-0.1860411478064247,-0.16868979759413125,-0.4068355250904137,-0.33589122473071187,-0.10986208482325914,-0.27175184394823043,-0.1869694446337097,0.0,0.0,-0.5319978247371847,0.0,0.13433055210443287,0.0,0.0,Shellcode,1,shellcode
-0.16284303289736976,-0.19667188312469627,0.007389553403990642,-0.1860411478064247,-0.379952234002974,0.32248714466102296,-0.44638829600650876,-0.04368788967894885,0.09023205761372237,-0.17084430231469944,0.0,0.0,0.8425716385733062,0.0,0.023904610280149483,0.0,0.0,Shellcode,1,shellcode
-0.3654236898496705,-0.19667188312469627,-0.45680600659569015,-0.1860411478064247,-0.379952234002974,-0.4988054773271696,-0.44638829600650876,0.09871209307595244,-0.06748122917330768,-0.05270298324810787,0.0,0.0,-0.7007645404248664,0.0,-0.16019380833684294,0.0,0.0,Shellcode,1,shellcode
-0.4150208849673637,-0.19667188312469627,-0.4260228750191795,-0.1860411478064247,-0.379952234002974,-0.44434145176540574,-0.44638829600650876,0.14746327159657152,0.000391805477710027,-0.012523505942112888,0.0,0.0,-0.5904126953047635,0.0,-0.2008199363767045,0.0,0.0,Shellcode,1,shellcode
-0.21216014353106027,-0.19667188312469627,-0.19277859239342116,-0.1860411478064247,-0.379952234002974,-0.03166665487248448,-0.44638829600650876,-0.014666119627472447,-0.009720378857267325,-0.14664871380770525,0.0,0.0,0.1818631727288168,0.0,-0.050882015872839734,0.0,0.0,Shellcode,1,shellcode
-0.6567923900842788,-1.7230419309240497,-0.8124187909512476,-1.6329982705869572,-2.015742594047945,0.15952201658074824,-2.6748848270027095,2.0817108441545327,2.611696153834131,-1.8279148941509258,0.0,0.0,1.9235761170826389,0.0,-1.0269374863792013,0.0,-0.8009099181073703,Shellcode,1,shellcode
0.23051113912943672,-0.19667188312469627,-0.31123855192782696,-0.1860411478064247,-0.379952234002974,-0.24125567111963309,-0.44638829600650876,-0.2137903523326323,-0.28782755096649343,-0.314589217949318,0.0,0.0,-0.2121671099056059,0.0,0.21566163341254488,0.0,0.0,Shellcode,1,shellcode
-0.32464291933019,-0.19667188312469627,-0.350845782067671,-0.1860411478064247,-0.379952234002974,-0.31133201112440306,-0.44638829600650876,0.06405734213941618,-0.033597324498821295,-0.08133459597784476,0.0,0.0,-0.3428592864934268,0.0,-0.12003743600633111,0.0,0.0,Shellcode,1,shellcode
-0.6567938616459617,-1.7230419309240497,-1.4638346757436351,-1.6329982705869572,-2.015742594047945,-0.9930160646242215,-2.6748848270027095,2.151383822834952,2.2588824311901714,-1.8279148941509258,0.0,0.0,-0.24792016243439444,0.0,-1.0272125325678625,0.0,-0.8009099181073703,Shellcode,1,shellcode
-0.21991602777874586,-0.19667188312469627,-0.21231156814842653,-0.1860411478064247,-0.379952234002974,-0.06622598773872555,-0.44638829600650876,-0.009846468781161393,-0.0176570361056523,-0.1426373248721578,0.0,0.0,0.1125573114601467,0.0,-0.014003163090781909,0.0,0.0,Worms,1,worms
-0.6567820891937016,-1.7230419309240497,-1.026936306151037,-1.6329982705869572,-2.015742594047945,-0.22001985693684467,-2.6748848270027095,1.8367146390176203,2.2342206299942546,-1.8279148941509258,0.0,0.0,1.2077890503898543,0.0,-1.0250197994663934,0.0,-0.8009099181073703,Shellcode,1,shellcode
-0.6567894469653276,-1.7230419309240497,-1.3426591126486582,-1.6329982705869572,-2.015742594047945,-0.7786223812050223,-2.6748848270027095,1.9835124170285954,2.1734914935219893,-1.8279148941509258,0.0,0.0,0.15538760625221168,0.0,-1.0263882148994588,0.0,-0.8009099181073703,Shellcode,1,shellcode
-0.16815240792577127,-0.19667188312469627,-0.41714514872022734,-0.1860411478064247,-0.379952234002974,-0.42863425476127026,-0.44638829600650876,-0.040688672984922125,-0.18058645682385574,-0.16834044451951571,0.0,0.0,-0.569487800041417,0.0,-0.0016036726445434468,0.0,0.0,Shellcode,1,shellcode
-0.6567850322979374,-1.7230419309240497,-1.2385680567063775,-1.6329982705869572,-2.015742594047945,-0.5944560004227197,-2.6748848270027095,1.8853142411941755,2.1449635856837497,-1.8279148941509258,0.0,0.0,0.5021519242563044,0.0,-1.0255663517786133,0.0,-0.8009099181073703,Shellcode,1,shellcode
-0.6567835607450837,-1.7230419309240497,-1.3513599450397369,-1.6329982705869572,-2.015742594047945,-0.7940166030884752,-2.6748848270027095,1.8597974145255702,2.0471580469376858,-1.8279148941509258,0.0,0.0,0.12641402722226971,0.0,-1.0252929403372555,0.0,-0.8009099181073703,Shellcode,1,shellcode
0.20583561983993973,-0.19667188312469627,-0.3679703146713339,-0.1860411478064247,-0.379952234002974,-0.34163013005168086,-0.44638829600650876,-0.20519470246810545,-0.31529584258337756,-0.30722114820608626,0.0,0.0,-0.3957053303243667,0.0,0.1840708263795134,0.0,0.0,Shellcode,1,shellcode
-0.30048987450534637,-0.19667188312469627,-0.47542160755678453,-0.1860411478064247,-0.379952234002974,-0.5317417159315061,-0.44638829600650876,0.0453213377012223,-0.1322259476228489,-0.09684218876894937,0.0,0.0,-0.7478502133204925,0.0,-0.07725012121006708,0.0,0.0,Shellcode,1,shellcode
-0.6567968047737422,-1.7230419309240497,-1.6316329546504091,-1.6329982705869572,-2.015742594047945,-1.289898457141171,-2.6748848270027095,2.4174543826180814,2.4097342736515692,-1.8279148941509258,0.0,0.0,-0.8054570829267056,0.0,-1.0277634485740839,0.0,-0.8009099181073703,Shellcode,1,shellcode
-0.2050683617389526,-0.19667188312469627,-0.3047268642433768,-0.1860411478064247,-0.379952234002974,-0.229734662491429,-0.44638829600650876,-0.019008515793268507,-0.08637116252693774,-0.15026447891838787,0.0,0.0,-0.19676971739269286,0.0,-0.014338004554669768,0.0,0.0,Shellcode,1,shellcode
-0.2509282164979889,-0.19667188312469627,-0.12028310842331696,-0.1860411478064247,-0.379952234002974,0.09659826457687604,-0.44638829600650876,0.010216308953178268,0.061760745183199406,-0.12595823910948137,0.0,0.0,0.4162175767629144,0.0,-0.03675464106082989,0.0,0.0,Worms,1,worms
-0.06558712028756752,-0.10243597374759404,-0.17982978518079315,-0.1860411478064247,-0.16868979759413125,-0.07259589301052626,-0.33589122473071187,-0.06480917054013632,-0.10456811696688097,-0.14915104428806128,0.0,0.0,0.09729865084856411,0.0,0.08269027377806719,0.0,0.0,Shellcode,1,shellcode
0.0721670014215309,-0.19667188312469627,-0.3571740892416091,-0.1860411478064247,-0.379952234002974,-0.32252856800580426,-0.44638829600650876,-0.15483708331900722,-0.25686392094734245,-0.2643152596956293,0.0,0.0,-0.3602223657670661,0.0,0.11171368082858467,0.0,0.0,Shellcode,1,shellcode
1.2267627846224962,-0.10243597374759404,-0.29541589118162365,-0.1860411478064247,-0.16868979759413125,-0.27710025333420646,-0.33589122473071187,-0.4389955565045079,-0.570743178967784,-0.4757497667350899,0.0,0.0,-0.2790861641419259,0.0,0.5309538500776829,0.0,0.0,Shellcode,1,shellcode
-0.3780448769209627,-0.19667188312469627,-0.4221917737433725,-0.1860411478064247,-0.379952234002974,-0.43756315510976346,-0.44638829600650876,0.11034310725831435,-0.033542680340938366,-0.043107197715447944,0.0,0.0,-0.569487800041417,0.0,-0.18391429040138588,0.0,0.0,Shellcode,1,shellcode
0.45311895496188725,-0.10243597374759404,-0.21792274746119603,-0.1860411478064247,-0.16868979759413125,-0.1399930668882577,-0.33589122473071187,-0.25553780851973323,-0.3235932051678582,-0.31125033743920355,0.0,0.0,-0.029006754581904746,0.0,0.3070283632451095,0.0,0.0,Shellcode,1,shellcode
-0.6567850322979374,-1.7230419309240497,-1.781422272951801,-1.6329982705869572,-2.015742594047945,-1.5549179286192238,-2.6748848270027095,1.8853142411941755,1.7931846126781188,-1.8279148941509258,0.0,0.0,-1.3017774195986855,0.0,-1.0255663517786133,0.0,-0.8009099181073703,Shellcode,1,shellcode
0.820359459226716,-0.10243597374759404,-0.2751564909768965,-0.1860411478064247,-0.16868979759413125,-0.24125567111963309,-0.33589122473071187,-0.3514327540304418,-0.46185382078282305,-0.39565917399462097,0.0,0.0,-0.21548346540465427,0.0,0.4244675179409799,0.0,0.0,Shellcode,1,shellcode
0.5468217023328895,-0.10243597374759404,-0.37732320479283765,-0.1860411478064247,-0.16868979759413125,-0.42201734895616666,-0.33589122473071187,-0.28201697394239683,-0.45418311569234515,-0.33429417743126977,0.0,0.0,-0.5522309558878664,0.0,0.33911553139432243,0.0,0.0,Shellcode,1,shellcode
-0.18851805268881475,-0.19667188312469627,-0.2137474381593089,-0.1860411478064247,-0.379952234002974,-0.06876644600177448,-0.44638829600650876,-0.02891349268027329,-0.03747758687621663,-0.1585178376123177,0.0,0.0,0.1125573114601467,0.0,0.007053826249054962,0.0,0.0,Shellcode,1,shellcode
-0.19866688155330656,-0.19667188312469627,-0.4196597750615913,-0.1860411478064247,-0.379952234002974,-0.4330833366551616,-0.44638829600650876,-0.02287694087400621,-0.16457369714977094,-0.15348687769301328,0.0,0.0,-0.569487800041417,0.0,0.00023913364702840106,0.0,0.0,Shellcode,1,shellcode
-0.24176950077082826,-0.19667188312469627,-0.44445072367506594,-0.1860411478064247,-0.379952234002974,-0.47694550368741234,-0.44638829600650876,0.004153291584882555,-0.15351016953834135,-0.13099552515613863,0.0,0.0,-0.6554231878312298,0.0,-0.044790876930129495,0.0,0.0,Shellcode,1,shellcode
-0.6567511869545972,-1.7230419309240497,-1.026936306151037,-1.6329982705869572,-2.015742594047945,-0.22001985693684467,-2.6748848270027095,1.5781012280214624,1.9818920708743424,-1.8279148941509258,0.0,0.0,1.2077890503898543,0.0,-1.019345409326818,0.0,-0.8009099181073703,Shellcode,1,shellcode
0.728396448813305,-0.10243597374759404,-0.43495895240647325,-0.1860411478064247,-0.16868979759413125,-0.5239912116055316,-0.33589122473071187,-0.3292369040066359,-0.5410611765331507,-0.3758687573194537,0.0,0.0,-0.7511665688195409,0.0,0.3896387796485302,0.0,0.0,Shellcode,1,shellcode
-0.09464978814593215,-0.19667188312469627,-0.3917336125442415,-0.1860411478064247,-0.379952234002974,-0.3836740936284546,-0.44638829600650876,-0.0799131256615208,-0.2034654558233117,-0.2011541836230973,0.0,0.0,-0.46991450913863336,0.0,0.06618414788424704,0.0,0.0,Shellcode,1,shellcode
-0.2759507635006135,-0.19667188312469627,-0.350845782067671,-0.1860411478064247,-0.379952234002974,-0.31133201112440306,-0.44638829600650876,0.027426936114774828,-0.06998708359065305,-0.111673482518924,0.0,0.0,-0.3428592864934268,0.0,-0.0561977906690662,0.0,0.0,Shellcode,1,shellcode
-0.26482479832285905,-0.19667188312469627,-0.21591184613172362,-0.1860411478064247,-0.379952234002974,-0.07259589301052626,-0.44638829600650876,0.01965313346835139,0.009424532459529176,-0.11812318020068917,0.0,0.0,0.10061500634761245,0.0,-0.07938498275680214,0.0,0.0,Shellcode,1,shellcode
-0.3295205240893526,-0.19667188312469627,-0.4221917737433725,-0.1860411478064247,-0.379952234002974,-0.43756315510976346,-0.44638829600650876,0.06799068304218903,-0.07549139427652037,-0.07808162154438394,0.0,0.0,-0.569487800041417,0.0,-0.11746112902010414,0.0,0.0,Shellcode,1,shellcode
-0.3690425691144723,-0.19667188312469627,-0.17165993151730605,-0.1860411478064247,-0.379952234002974,0.005698201361461322,-0.44638829600650876,0.10199881929320384,0.11969686016974347,-0.04999070435327351,0.0,0.0,0.2474543926630841,0.0,-0.1648241189812304,0.0,0.0,Shellcode,1,shellcode
-0.40869407950649167,-0.19667188312469627,-0.33050739652553646,-0.1860411478064247,-0.379952234002974,-0.27534768161268197,-0.44638829600650876,0.14075317668586826,0.0554407720665172,-0.018047667223191923,0.0,0.0,-0.27576980864287753,0.0,-0.2058655496825829,0.0,0.0,Shellcode,1,shellcode
-0.15628602667447133,-0.10243597374759404,-0.29840372309426844,-0.1860411478064247,-0.16868979759413125,-0.2823865690964635,-0.33589122473071187,-0.017790746023905013,-0.13399932953440047,-0.10989895855640187,0.0,0.0,-0.295516968759091,0.0,0.01879768322717737,0.0,0.0,Shellcode,1,shellcode
-0.6567865038522626,-1.7230419309240497,-1.390832174320455,-1.6329982705869572,-2.015742594047945,-0.8638540885691692,-2.6748848270027095,1.9138396804612412,2.0743564303693285,-1.8279148941509258,0.0,0.0,-0.00500101908356693,0.0,-1.025840034327047,0.0,-0.8009099181073703,Shellcode,1,shellcode
1.1818484583733528,-0.10243597374759404,-0.0960979380128331,-0.1860411478064247,-0.16868979759413125,0.0755493161003403,-0.33589122473071187,-0.43003535206452426,-0.4323468699105707,-0.4673790270044935,0.0,0.0,0.3752343550304238,0.0,0.5155201471650623,0.0,0.0,Worms,1,worms
0.604556312773583,-0.10243597374759404,-0.4151812259962339,-0.1860411478064247,-0.16868979759413125,-0.4889988459300785,-0.33589122473071187,-0.29757148419919327,-0.4948692330583344,-0.3479164344004745,0.0,0.0,-0.6812002939579518,0.0,0.3578774549393653,0.0,0.0,Shellcode,1,shellcode
-0.6567953332091162,-1.7230419309240497,-1.6269341037312657,-1.6329982705869572,-2.015742594047945,-1.2815848670850367,-2.6748848270027095,2.249582492268487,2.2489940601695593,-1.8279148941509258,0.0,0.0,-0.7898635400144006,0.0,-1.027487853116857,0.0,-0.8009099181073703,Shellcode,1,shellcode
-0.17468626591118105,-0.19667188312469627,-0.3571740892416091,-0.1860411478064247,-0.379952234002974,-0.32252856800580426,-0.44638829600650876,-0.03695845083706881,-0.13800409769684613,-0.16522746191073745,0.0,0.0,-0.3602223657670661,0.0,0.005435323967194742,0.0,0.0,Shellcode,1,shellcode
-0.24760485134592702,-0.19667188312469627,-0.4273088600280135,-0.1860411478064247,-0.379952234002974,-0.44661672126549207,-0.44638829600650876,0.00800231481012708,-0.1383305959595087,-0.12779737031153443,0.0,0.0,-0.5904126953047635,0.0,-0.034248469773289415,0.0,0.0,Shellcode,1,shellcode
-0.6567894469653276,-1.7230419309240497,-1.2016558456776347,-1.6329982705869572,-2.015742594047945,-0.5291479079041299,-2.6748848270027095,1.9835124170285954,2.2646227451469363,-1.8279148941509258,0.0,0.0,0.6251751953406505,0.0,-1.0263882148994588,0.0,-0.8009099181073703,Shellcode,1,shellcode
0.3076469673657225,-0.19667188312469627,-0.4298944464233742,-0.1860411478064247,-0.379952234002974,-0.4511913514709689,-0.44638829600650876,-0.23948744280178966,-0.39077543699258327,-0.3367040885502669,0.0,0.0,-0.6117015199790793,0.0,0.23882349002811573,0.0,0.0,Shellcode,1,shellcode
-0.40491696409409805,-0.19667188312469627,-0.2789184982697148,-0.1860411478064247,-0.379952234002974,-0.18407239773440673,-0.44638829600650876,0.1368228173034177,0.08492231560234817,-0.021284232313117046,0.0,0.0,-0.10824369040354682,0.0,-0.19621257195706074,0.0,0.0,Shellcode,1,shellcode
-0.3975002668921676,-0.19667188312469627,-0.3824983434050822,-0.1860411478064247,-0.379952234002974,-0.367334302687602,-0.44638829600650876,0.12926213054301813,0.010603142201619129,-0.027512142475258027,0.0,0.0,-0.4509361977439506,0.0,-0.1832036745230725,0.0,0.0,Shellcode,1,shellcode
0.13907200822060428,-0.19667188312469627,-0.3571740892416091,-0.1860411478064247,-0.379952234002974,-0.32252856800580426,-0.44638829600650876,-0.1809034176325522,-0.2834430831851421,-0.28647165579933354,0.0,0.0,-0.3602223657670661,0.0,0.16873178448448772,0.0,0.0,Shellcode,1,shellcode
-0.6567968047737422,-1.7230419309240497,-1.5327568249506656,-1.6329982705869572,-2.015742594047945,-1.1149587489431803,-2.6748848270027095,2.4174543826180814,2.473845475966031,-1.8279148941509258,0.0,0.0,-0.4770814237611824,0.0,-1.0277634485740839,0.0,-0.8009099181073703,Shellcode,1,shellcode
-0.3573994492514294,-0.19667188312469627,-0.46101875816737437,-0.1860411478064247,-0.379952234002974,-0.5062590207951335,-0.44638829600650876,0.09155625839233834,-0.07708243263126469,-0.05860995336666537,0.0,0.0,-0.7007645404248664,0.0,-0.15523196428764846,0.0,0.0,Shellcode,1,shellcode
0.2313764946669116,-0.19667188312469627,-0.4526411282372142,-0.1860411478064247,-0.379952234002974,-0.4914366350502272,-0.44638829600650876,-0.21408832489735627,-0.37942735582079606,-0.3148448960794894,0.0,0.0,-0.6778839384589035,0.0,0.21157148997110609,0.0,0.0,Shellcode,1,shellcode
-0.6567820891937016,-1.7230419309240497,-1.2906420583001594,-1.6329982705869572,-2.015742594047945,-0.6865895686679737,-2.6748848270027095,1.8367146390176203,2.0638918885850175,-1.8279148941509258,0.0,0.0,0.32864361406067644,0.0,-1.0250197994663934,0.0,-0.8009099181073703,Shellcode,1,shellcode
-0.6567953332091162,-1.7230419309240497,-1.0562345423316972,-1.6329982705869572,-2.015742594047945,-0.2718566845283457,-2.6748848270027095,2.249582492268487,2.618135188644612,-1.8279148941509258,0.0,0.0,1.1100631127484146,0.0,-1.027487853116857,0.0,-0.8009099181073703,Shellcode,1,shellcode
-0.3924022895160804,-0.19667188312469627,-0.21231156814842653,-0.1860411478064247,-0.379952234002974,-0.06622598773872555,-0.44638829600650876,0.12418076731479423,0.11540869244762533,-0.031699174951181464,0.0,0.0,0.1125573114601467,0.0,-0.1857815225923433,0.0,0.0,Worms,1,worms
-0.38570537220327766,-0.19667188312469627,-0.11530033052243907,-0.1860411478064247,-0.379952234002974,0.10541420139238467,-0.44638829600650876,0.11764195399413196,0.17153083416049253,-0.03708880025663324,0.0,0.0,0.43462509002891325,0.0,-0.178440886167062,0.0,0.0,Shellcode,1,shellcode
-0.6567850322979374,-1.7230419309240497,-1.7223923502561018,-1.6329982705869572,-2.015742594047945,-1.4504773777734887,-2.6748848270027095,1.8853142411941755,1.8315875038072083,-1.8279148941509258,0.0,0.0,-1.106377899346931,0.0,-1.0255663517786133,0.0,-0.8009099181073703,Shellcode,1,shellcode
-0.6567894469653276,-1.7230419309240497,-0.685075108079736,-1.6329982705869572,-2.015742594047945,0.38482884028076064,-2.6748848270027095,1.9835124170285954,2.5980360903334234,-1.8279148941509258,0.0,0.0,2.348638382260402,0.0,-1.0263882148994588,0.0,-0.8009099181073703,Worms,1,worms
0.7635755945211532,-0.10243597374759404,-0.382318244309384,-0.1860411478064247,-0.16868979759413125,-0.43085498002157757,-0.33589122473071187,-0.33785106863980485,-0.5163802181646856,-0.383528792051928,0.0,0.0,-0.5728041555404654,0.0,0.4075284848614586,0.0,0.0,Shellcode,1,shellcode
-0.25128230315676797,-0.19667188312469627,-0.4311941121523127,-0.1860411478064247,-0.379952234002974,-0.45349082601619894,-0.44638829600650876,0.010453159191107838,-0.13867396687031852,-0.12576151096405344,0.0,0.0,-0.6117015199790793,0.0,-0.07773694285109475,0.0,0.0,Shellcode,1,shellcode
-0.43523797399321584,-0.19667188312469627,-0.45680600659569015,-0.1860411478064247,-0.379952234002974,-0.4988054773271696,-0.44638829600650876,0.1700623581612661,0.003008752484626877,0.006068465614305651,0.0,0.0,-0.7007645404248664,0.0,-0.21978361986228095,0.0,0.0,Shellcode,1,shellcode
-0.6567923900842788,-1.7230419309240497,-1.6043031286963232,-1.6329982705869572,-2.015742594047945,-1.2415443013704266,-2.6748848270027095,2.0817108441545327,2.0998864116750586,-1.8279148941509258,0.0,0.0,-0.7147432509498224,0.0,-1.0269374863792013,0.0,-0.8009099181073703,Shellcode,1,shellcode
-0.6567776745483844,-1.7230419309240497,-1.6768759112966876,-1.6329982705869572,-2.015742594047945,-1.3699459838571648,-2.6748848270027095,1.7783087372735704,1.7567591368715814,-1.8279148941509258,0.0,0.0,-0.9555317121877765,0.0,-1.0242019949348142,0.0,-0.8009099181073703,Shellcode,1,shellcode
-0.15185429234560185,-0.19667188312469627,-0.3047268642433768,-0.1860411478064247,-0.379952234002974,-0.229734662491429,-0.44638829600650876,-0.04980712781876507,-0.11718745769871428,-0.17595539203276334,0.0,0.0,-0.19676971739269286,0.0,0.016256119916233543,0.0,0.0,Shellcode,1,shellcode
-0.05856435642310269,-0.19667188312469627,-0.44445072367506594,-0.1860411478064247,-0.379952234002974,-0.47694550368741234,-0.44638829600650876,-0.09757616706283333,-0.25544952314519165,-0.2159823429340528,0.0,0.0,-0.6554231878312298,0.0,0.058100157606871664,0.0,0.0,Shellcode,1,shellcode
0.3231064713080894,-0.10243597374759404,-0.4151812259962339,-0.1860411478064247,-0.16868979759413125,-0.4889988459300785,-0.33589122473071187,-0.21582450193851282,-0.4097953042007151,-0.27699308566296704,0.0,0.0,-0.6812002939579518,0.0,0.2594655117733853,0.0,0.0,Shellcode,1,shellcode
0.07931956714407025,-0.19667188312469627,-0.15535418152101438,-0.1860411478064247,-0.379952234002974,0.03454766335964927,-0.44638829600650876,-0.15771527567870722,-0.12975748613901408,-0.2667565505564589,0.0,0.0,0.29955061927928744,0.0,0.15621744913149116,0.0,0.0,Shellcode,1,shellcode
-0.009535604692835079,-0.19667188312469627,-0.2180891120486855,-0.1860411478064247,-0.379952234002974,-0.07644808934284007,-0.44638829600650876,-0.12017819098434242,-0.13208520190794942,-0.23500955396866985,0.0,0.0,0.10061500634761245,0.0,0.0849963690819406,0.0,0.0,Worms,1,worms
-0.6567865038522626,-1.7230419309240497,-1.6316329546504091,-1.6329982705869572,-2.015742594047945,-1.289898457141171,-2.6748848270027095,1.9138396804612412,1.9183664902009407,-1.8279148941509258,0.0,0.0,-0.8054570829267056,0.0,-1.025840034327047,0.0,-0.8009099181073703,Shellcode,1,shellcode
-0.6567820891937016,-1.7230419309240497,-1.198741274838947,-1.6329982705869572,-2.015742594047945,-0.5239912116055316,-2.6748848270027095,1.8367146390176203,2.1232769621706504,-1.8279148941509258,0.0,0.0,0.6348901397060216,0.0,-1.0250197994663934,0.0,-0.8009099181073703,Shellcode,1,shellcode
-0.4105875238589687,-0.19667188312469627,-0.4724954015814012,-0.1860411478064247,-0.379952234002974,-0.5265644338006694,-0.44638829600650876,0.14274444089262264,-0.03417981266312365,-0.016408139476032625,0.0,0.0,-0.7478502133204925,0.0,-0.20980177203448122,0.0,0.0,Shellcode,1,shellcode
0.12498085873377059,-0.10243597374759404,-0.4151812259962339,-0.1860411478064247,-0.16868979759413125,-0.4889988459300785,-0.33589122473071187,-0.14652918071037413,-0.33895019931406717,-0.21792913514475667,0.0,0.0,-0.6812002939579518,0.0,0.16368970089938234,0.0,0.0,Shellcode,1,shellcode
-0.17905869873748836,-0.19667188312469627,-0.41840030526031446,-0.1860411478064247,-0.379952234002974,-0.43085498002157757,-0.44638829600650876,-0.03443741381937332,-0.17522989730488675,-0.16312427068912175,0.0,0.0,-0.569487800041417,0.0,-0.06419247636534696,0.0,0.0,Shellcode,1,shellcode
-0.656780617643791,-1.7230419309240497,-1.0838120156272066,-1.6329982705869572,-2.015742594047945,-0.3206489981616211,-2.6748848270027095,1.8156417376756153,2.1769411546534507,-1.8279148941509258,0.0,0.0,1.0180864347245353,0.0,-1.0247469286310384,0.0,-0.8009099181073703,Shellcode,1,shellcode
-0.6567673737608144,-1.7230419309240497,-1.6611661342373971,-1.6329982705869572,-2.015742594047945,-1.3421509657577162,-2.6748848270027095,1.6801115354234777,1.6711500605521858,-1.8279148941509258,0.0,0.0,-0.9034354855715732,0.0,-1.0223031552172404,0.0,-0.8009099181073703,Shellcode,1,shellcode
-0.6567865038522626,-1.7230419309240497,-1.1023043382776054,-1.6329982705869572,-2.015742594047945,-0.3533671227300857,-2.6748848270027095,1.9138396804612412,2.260811420298288,-1.8279148941509258,0.0,0.0,0.9564162035785577,0.0,-1.025840034327047,0.0,-0.8009099181073703,Shellcode,1,shellcode
-0.4096305447829237,-0.19667188312469627,-0.3905663970624927,-0.1860411478064247,-0.379952234002974,-0.38160896085675955,-0.44638829600650876,0.14173625278033647,0.017968418264662632,-0.017238214346461236,0.0,0.0,-0.46991450913863336,0.0,-0.2038764817435711,0.0,0.0,Shellcode,1,shellcode
-0.6567820891937016,-1.7230419309240497,-1.5151329802038287,-1.6329982705869572,-2.015742594047945,-1.0837772062725597,-2.6748848270027095,1.8367146390176203,1.9186453167938944,-1.8279148941509258,0.0,0.0,-0.418501989753931,0.0,-1.0250197994663934,0.0,-0.8009099181073703,Shellcode,1,shellcode
-0.10583118777321833,-0.19667188312469627,-0.24921903397277914,-0.1860411478064247,-0.379952234002974,-0.13152568465491965,-0.44638829600650876,-0.07424311615263238,-0.10590458082591897,-0.19640137902910287,0.0,0.0,-0.01245701003586209,0.0,0.059047857099311166,0.0,0.0,Shellcode,1,shellcode
-0.6567938616459617,-1.7230419309240497,-1.0513477319136701,-1.6329982705869572,-2.015742594047945,-0.26321054120594195,-2.6748848270027095,2.151383822834952,2.5254795001297743,-1.8279148941509258,0.0,0.0,1.1263626420622437,0.0,-1.0272125325678625,0.0,-0.8009099181073703,Shellcode,1,shellcode
0.051047852961949775,-0.19667188312469627,-0.3679703146713339,-0.1860411478064247,-0.379952234002974,-0.34163013005168086,-0.44638829600650876,-0.14620053855315132,-0.2550459428247011,-0.2569970157089467,0.0,0.0,-0.3957053303243667,0.0,0.09079690917458322,0.0,0.0,Shellcode,1,shellcode
-0.36690932687776523,-0.19667188312469627,-0.4377624842151284,-0.1860411478064247,-0.379952234002974,-0.46511212526703116,-0.44638829600650876,0.10005680144871527,-0.053955313500276686,-0.05159322824002416,0.0,0.0,-0.6333671575130067,0.0,-0.16332550516546476,0.0,0.0,Shellcode,1,shellcode
-0.6567614876288619,-1.7230419309240497,-1.6269341037312657,-1.6329982705869572,-2.015742594047945,-1.2815848670850367,-2.6748848270027095,1.6378861591249008,1.6521695525569393,-1.8279148941509258,0.0,0.0,-0.7898635400144006,0.0,-1.0212239404405774,0.0,-0.8009099181073703,Shellcode,1,shellcode
0.8546883186897096,-0.10243597374759404,0.038320643549297526,-0.1860411478064247,-0.16868979759413125,0.31337362724879647,-0.33589122473071187,-0.3594603494139794,-0.2681692074458414,-0.40286104251584487,0.0,0.0,0.8260930426549563,0.0,0.4345104385977094,0.0,0.0,Shellcode,1,shellcode
-0.6567791460953519,-1.7230419309240497,-1.0513477319136701,-1.6329982705869572,-2.015742594047945,-0.26321054120594195,-2.6748848270027095,1.7962565844076983,2.1789870536127274,-1.8279148941509258,0.0,0.0,1.1263626420622437,0.0,-1.024474327297787,0.0,-0.8009099181073703,Shellcode,1,shellcode
0.8356531764647991,-0.10243597374759404,-0.37117364187267216,-0.1860411478064247,-0.16868979759413125,-0.411137040978237,-0.33589122473071187,-0.3550256458307038,-0.5276914813897605,-0.39887947113846645,0.0,0.0,-0.5319978247371847,0.0,0.42498909007706637,0.0,0.0,Shellcode,1,shellcode
0.182300996760756,-0.10243597374759404,-0.36392783056007477,-0.1860411478064247,-0.16868979759413125,-0.39831716098765946,-0.33589122473071187,-0.1678905468327684,-0.32760451199966395,-0.23605236551100703,0.0,0.0,-0.5120937022068909,0.0,0.2026930639750425,0.0,0.0,Shellcode,1,shellcode
0.4230036149910878,-0.10243597374759404,-0.2751564909768965,-0.1860411478064247,-0.16868979759413125,-0.24125567111963309,-0.33589122473071187,-0.2466691725193792,-0.3513749342243839,-0.3035702390377574,0.0,0.0,-0.21548346540465427,0.0,0.28716206935946054,0.0,0.0,Shellcode,1,shellcode
0.821104052829731,-0.10243597374759404,-0.4151812259962339,-0.1860411478064247,-0.16868979759413125,-0.4889988459300785,-0.33589122473071187,-0.3516082939921948,-0.5523294170336635,-0.39581640908219656,0.0,0.0,-0.6812002939579518,0.0,0.4183886533255171,0.0,0.0,Shellcode,1,shellcode
0.5704620119353101,-0.10243597374759404,-0.38106308776929687,-0.1860411478064247,-0.16868979759413125,-0.42863425476127026,-0.33589122473071187,-0.2884517896560924,-0.4631684730079213,-0.3399215261289645,0.0,0.0,-0.5728041555404654,0.0,0.3377611555279161,0.0,0.0,Shellcode,1,shellcode
0.48835060522035895,-0.10243597374759404,-0.08643754778543672,-0.1860411478064247,-0.16868979759413125,0.09264126592272322,-0.33589122473071187,-0.26568453312119533,-0.24926076725955504,-0.32006000639949894,0.0,0.0,0.412901221263866,0.0,0.31414143448284343,0.0,0.0,Worms,1,worms
0.38951518209270347,-0.10243597374759404,-0.3498522952907055,-0.1860411478064247,-0.16868979759413125,-0.3734135766723001,-0.33589122473071187,-0.2365829583470105,-0.3888927248055538,-0.29485730460893234,0.0,0.0,-0.4542525532429989,0.0,0.27513453564165236,0.0,0.0,Shellcode,1,shellcode
-0.2640594553488405,-0.19667188312469627,-0.4012076224838092,-0.1860411478064247,-0.379952234002974,-0.40043628425349015,-0.44638829600650876,0.019125695028988927,-0.11076580074568489,-0.11856091620354914,0.0,0.0,-0.5087773467078425,0.0,-0.08893044814029358,0.0,0.0,Shellcode,1,shellcode
-0.40908699900803014,-0.19667188312469627,-0.3870868897432873,-0.1860411478064247,-0.379952234002974,-0.37545273288805764,-0.44638829600650876,0.1411652231364837,0.019482693270824678,-0.017708390133486858,0.0,0.0,-0.46991450913863336,0.0,-0.20215849262412985,0.0,0.0,Shellcode,1,shellcode
-0.6567762030028884,-1.7230419309240497,-1.4638346757436351,-1.6329982705869572,-2.015742594047945,-0.9930160646242215,-2.6748848270027095,1.7615997231185394,1.8785755652487952,-1.8279148941509258,0.0,0.0,-0.24792016243439444,0.0,-1.0239299310118681,0.0,-0.8009099181073703,Shellcode,1,shellcode
-0.6567909185240673,-1.7230419309240497,-1.1762233087366016,-1.6329982705869572,-2.015742594047945,-0.4841505905059909,-2.6748848270027095,2.0276683361549592,2.3241338378360115,-1.8279148941509258,0.0,0.0,0.7099528292333908,0.0,-1.026662714004611,0.0,-0.8009099181073703,Shellcode,1,shellcode
0.43006494756804187,-0.10243597374759404,-0.08587714194001478,-0.1860411478064247,-0.16868979759413125,0.09363278162391694,-0.33589122473071187,-0.24876539245094131,-0.23125194631539672,-0.30538391049859737,0.0,0.0,0.412901221263866,0.0,0.29865897050261325,0.0,0.0,Worms,1,worms
0.05171993605569594,-0.10243597374759404,-0.3014161128048567,-0.1860411478064247,-0.16868979759413125,-0.287716334516583,-0.33589122473071187,-0.11729647159063547,-0.23575357116369994,-0.19323251067922073,0.0,0.0,-0.295516968759091,0.0,0.1312653607405125,0.0,0.0,Shellcode,1,shellcode
0.32547950792939945,-0.10243597374759404,-0.3014161128048567,-0.1860411478064247,-0.16868979759413125,-0.287716334516583,-0.33589122473071187,-0.21658472743679363,-0.33700908464266743,-0.27764577765748577,0.0,0.0,-0.295516968759091,0.0,0.2521136015123534,0.0,0.0,Shellcode,1,shellcode
-0.213583699213638,-0.19667188312469627,-0.4097031600087162,-0.1860411478064247,-0.379952234002974,-0.4154672817258373,-0.44638829600650876,-0.013787097081852537,-0.14879997610587953,-0.14591695999051343,0.0,0.0,-0.5286814692381363,0.0,-0.05136721940629796,0.0,0.0,Shellcode,1,shellcode
-0.18129187301683408,-0.19667188312469627,-0.24921903397277914,-0.1860411478064247,-0.379952234002974,-0.13152568465491965,-0.44638829600650876,-0.033142030585518664,-0.06469168850784544,-0.16204381023383788,0.0,0.0,-0.01245701003586209,0.0,0.01244001179258082,0.0,0.0,Shellcode,1,shellcode
0.09822601181835298,-0.10243597374759404,-0.38994081406824904,-0.1860411478064247,-0.16868979759413125,-0.44434145176540574,-0.33589122473071187,-0.1361229358665926,-0.3121880057394656,-0.20912441916301977,0.0,0.0,-0.5937290508038119,0.0,0.15051420746900251,0.0,0.0,Shellcode,1,shellcode
-0.3604703390098116,-0.19667188312469627,-0.11530033052243907,-0.1860411478064247,-0.379952234002974,0.10541420139238467,-0.44638829600650876,0.09427374744067187,0.1484084741759313,-0.056366420644973415,0.0,0.0,0.43462509002891325,0.0,-0.15864513578391642,0.0,0.0,Shellcode,1,shellcode
0.2602370852568618,-0.19667188312469627,-0.2540048084121265,-0.1860411478064247,-0.379952234002974,-0.1399930668882577,-0.44638829600650876,-0.22389556972339686,-0.26124495831952727,-0.3232696238175085,0.0,0.0,-0.02569039908285641,0.0,0.20993753607578614,0.0,0.0,Shellcode,1,shellcode
-0.3518604336185136,-0.19667188312469627,-0.4134052657437681,-0.1860411478064247,-0.379952234002974,-0.42201734895616666,-0.44638829600650876,0.08671872811058794,-0.05152707984607954,-0.06260467905962608,0.0,0.0,-0.548914600388818,0.0,-0.13238278041423135,0.0,0.0,Shellcode,1,shellcode
-0.39129241369109047,-0.19667188312469627,-0.2789184982697148,-0.1860411478064247,-0.379952234002974,-0.18407239773440673,-0.44638829600650876,0.12308656823042657,0.07134887173597518,-0.032600932552187614,0.0,0.0,-0.10824369040354682,0.0,-0.18463251111548853,0.0,0.0,Shellcode,1,shellcode
0.16305299412515267,-0.10243597374759404,-0.23016794047509875,-0.1860411478064247,-0.16868979759413125,-0.16165826049145923,-0.33589122473071187,-0.16085185346197348,-0.2341135074444906,-0.23007304681059923,0.0,0.0,-0.06958759462931542,0.0,0.19441264720212448,0.0,0.0,Shellcode,1,shellcode
-0.6567762030028884,-1.7230419309240497,-1.7347130180131667,-1.6329982705869572,-2.015742594047945,-1.4722761074443456,-2.6748848270027095,1.7615997231185394,1.7028695998246954,-1.8279148941509258,0.0,0.0,-1.1471842301502118,0.0,-1.0239299310118681,0.0,-0.8009099181073703,Shellcode,1,shellcode
-0.39672932576798803,-0.19667188312469627,-0.17165993151730605,-0.1860411478064247,-0.379952234002974,0.005698201361461322,-0.44638829600650876,0.12848778607938685,0.14589317189116152,-0.028150124643924204,0.0,0.0,0.2474543926630841,0.0,-0.1876994246792554,0.0,0.0,Shellcode,1,shellcode
0.06987864981001758,-0.10243597374759404,-0.3938123854724437,-0.1860411478064247,-0.16868979759413125,-0.4511913514709689,-0.33589122473071187,-0.12476449669608215,-0.3029951185011972,-0.1995309196388719,0.0,0.0,-0.6150178754781276,0.0,0.1350911065361123,0.0,0.0,Shellcode,1,shellcode
-0.23761425001939632,-0.19667188312469627,-0.4134052657437681,-0.1860411478064247,-0.379952234002974,-0.42201734895616666,-0.44638829600650876,0.0014417579578047902,-0.1362603927470909,-0.1332491982905677,0.0,0.0,-0.548914600388818,0.0,-0.043948187033107926,0.0,0.0,Shellcode,1,shellcode
-0.6567968047737422,-1.7230419309240497,-1.6932893413188481,-1.6329982705869572,-2.015742594047945,-1.398985962134271,-2.6748848270027095,2.4174543826180814,2.3697011106878554,-1.8279148941509258,0.0,0.0,-1.0099440730139861,0.0,-1.0277634485740839,0.0,-0.8009099181073703,Shellcode,1,shellcode
-0.3238517013314681,-0.19667188312469627,-0.40482448096316287,-0.1860411478064247,-0.379952234002974,-0.4068355250904137,-0.44638829600650876,0.06342428037882412,-0.0689050980656458,-0.08185823787675084,0.0,0.0,-0.5286814692381363,0.0,-0.11153500543749867,0.0,0.0,Shellcode,1,shellcode
-0.6567820891937016,-1.7230419309240497,-1.4463091688969052,-1.6329982705869572,-2.015742594047945,-0.9620085093821313,-2.6748848270027095,1.8367146390176203,1.963209022699181,-1.8279148941509258,0.0,0.0,-0.18961978384036135,0.0,-1.0250197994663934,0.0,-0.8009099181073703,Shellcode,1,shellcode
-0.6567776745483844,-1.7230419309240497,-1.41358808992599,-1.6329982705869572,-2.015742594047945,-0.9041157093253538,-2.6748848270027095,1.7783087372735704,1.9273980845550733,-1.8279148941509258,0.0,0.0,-0.08074125071129871,0.0,-1.0242019949348142,0.0,-0.8009099181073703,Shellcode,1,shellcode
-0.40263082428662417,-0.19667188312469627,-0.3824983434050822,-0.1860411478064247,-0.379952234002974,-0.367334302687602,-0.44638829600650876,0.13447047261016606,0.01574917002215397,-0.023221664071231003,0.0,0.0,-0.4509361977439506,0.0,-0.20224159860984764,0.0,0.0,Shellcode,1,shellcode
-0.12858471458923096,-0.19667188312469627,-0.3929045571552693,-0.1860411478064247,-0.379952234002974,-0.3857458242796367,-0.44638829600650876,-0.06239232596049506,-0.1867009798341476,-0.1864782730590409,0.0,0.0,-0.48919170383715266,0.0,0.03271757907365905,0.0,0.0,Shellcode,1,shellcode
-0.22136681326859695,-0.19667188312469627,-0.3882430590033306,-0.1860411478064247,-0.379952234002974,-0.3774983217839182,-0.44638829600650876,-0.008936540559057734,-0.13028161386264317,-0.14188018197421343,0.0,0.0,-0.46991450913863336,0.0,-0.02642941516408273,0.0,0.0,Shellcode,1,shellcode
0.09356277753039806,-0.19667188312469627,-0.45960912046235225,-0.1860411478064247,-0.379952234002974,-0.5037649748658448,-0.44638829600650876,-0.1633788552649485,-0.33200842899275046,-0.2715640867884402,0.0,0.0,-0.7007645404248664,0.0,0.14856575961796978,0.0,0.0,Shellcode,1,shellcode
-0.03196012885064468,-0.10243597374759404,-0.391226799077083,-0.1860411478064247,-0.16868979759413125,-0.44661672126549207,-0.33589122473071187,-0.08068629715680425,-0.25666991405008205,-0.16245335885863788,0.0,0.0,-0.5937290508038119,0.0,0.08151123739730155,0.0,0.0,Shellcode,1,shellcode
-0.003789362601980046,-0.19667188312469627,-0.4364393587654864,-0.1860411478064247,-0.379952234002974,-0.46277114387169743,-0.44638829600650876,-0.12273179251694978,-0.2755898466760988,-0.23716323107201354,0.0,0.0,-0.6333671575130067,0.0,0.09841806797540602,0.0,0.0,Shellcode,1,shellcode
2.1488763360659977,-0.10243597374759404,-0.43641334063047066,-0.1860411478064247,-0.16868979759413125,-0.5265644338006694,-0.33589122473071187,-0.5947757370845201,-0.848763367470966,-0.6314583190756491,0.0,0.0,-0.7511665688195409,0.0,0.7543613963687534,0.0,0.0,Shellcode,1,shellcode
-0.17687138938266683,-0.19667188312469627,-0.3047268642433768,-0.1860411478064247,-0.379952234002974,-0.229734662491429,-0.44638829600650876,-0.03570107077825058,-0.10306087234587655,-0.16417842031699356,0.0,0.0,-0.19676971739269286,0.0,-0.007489697993188058,0.0,0.0,Shellcode,1,shellcode
-0.05671821148586791,-0.10243597374759404,-0.41655906728628367,-0.1860411478064247,-0.16868979759413125,-0.4914366350502272,-0.33589122473071187,-0.06906918673211421,-0.26172238926053704,-0.15271767265493288,0.0,0.0,-0.6812002939579518,0.0,0.06673884151474693,0.0,0.0,Shellcode,1,shellcode
-0.6567953332091162,-1.7230419309240497,-1.6560757003029518,-1.6329982705869572,-2.015742594047945,-1.333144555112425,-2.6748848270027095,2.249582492268487,2.2300801320084194,-1.8279148941509258,0.0,0.0,-0.886551403198893,0.0,-1.027487853116857,0.0,-0.8009099181073703,Shellcode,1,shellcode
-0.17257321215994273,-0.10243597374759404,-0.29840372309426844,-0.1860411478064247,-0.16868979759413125,-0.2823865690964635,-0.33589122473071187,-0.008579049812928933,-0.12480228994299367,-0.10223111111531434,0.0,0.0,-0.295516968759091,0.0,0.00992174582517117,0.0,0.0,Shellcode,1,shellcode
-0.3886900100074681,-0.19667188312469627,-0.2137474381593089,-0.1860411478064247,-0.379952234002974,-0.06876644600177448,-0.44638829600650876,0.12053743484073316,0.11103530632845782,-0.03470196348387101,0.0,0.0,0.1125573114601467,0.0,-0.17085734718521367,0.0,0.0,Shellcode,1,shellcode
-0.6567909185240673,-1.7230419309240497,-1.2060716262204758,-1.6329982705869572,-2.015742594047945,-0.5369606667770435,-2.6748848270027095,2.0276683361549592,2.3048522451125146,-1.8279148941509258,0.0,0.0,0.6104566625195736,0.0,-1.026662714004611,0.0,-0.8009099181073703,Shellcode,1,shellcode
-0.6567703168356197,-1.7230419309240497,-1.3058756422824955,-1.6329982705869572,-2.015742594047945,-0.7135420671605028,-2.6748848270027095,1.704350101881717,1.9248975575511376,-1.8279148941509258,0.0,0.0,0.2778974223941383,0.0,-1.0228443491700074,0.0,-0.8009099181073703,Shellcode,1,shellcode
-0.6567953332091162,-1.7230419309240497,-1.2016558456776347,-1.6329982705869572,-2.015742594047945,-0.5291479079041299,-2.6748848270027095,2.249582492268487,2.524222598159966,-1.8279148941509258,0.0,0.0,0.6251751953406505,0.0,-1.027487853116857,0.0,-0.8009099181073703,Shellcode,1,shellcode
0.2321094350384078,-0.19667188312469627,-0.4298944464233742,-0.1860411478064247,-0.379952234002974,-0.4511913514709689,-0.44638829600650876,-0.2143405010495646,-0.36481157757987065,-0.31506128629827573,0.0,0.0,-0.6117015199790793,0.0,0.21866524145665275,0.0,0.0,Shellcode,1,shellcode
-0.6567938616459617,-1.7230419309240497,-1.4698678218764496,-1.6329982705869572,-2.015742594047945,-1.0036903985326724,-2.6748848270027095,2.151383822834952,2.2549766064303363,-1.8279148941509258,0.0,0.0,-0.26798744078829223,0.0,-1.0272125325678625,0.0,-0.8009099181073703,Shellcode,1,shellcode
-0.6567968047737422,-1.7230419309240497,-1.268916863542304,-1.6329982705869572,-2.015742594047945,-0.6481515832510182,-2.6748848270027095,2.4174543826180814,2.6445512693727538,-1.8279148941509258,0.0,0.0,0.40102390180592423,0.0,-1.0277634485740839,0.0,-0.8009099181073703,Shellcode,1,shellcode
-0.36155238544249807,-0.19667188312469627,-0.32657173077118523,-0.1860411478064247,-0.379952234002974,-0.26838438095840067,-0.44638829600650876,0.09523744121805139,0.013256235506536982,-0.05557089278171159,0.0,0.0,-0.25955663698295406,0.0,-0.13856410935775235,0.0,0.0,Shellcode,1,shellcode
-0.0366740206577051,-0.19667188312469627,-0.40482448096316287,-0.1860411478064247,-0.379952234002974,-0.4068355250904137,-0.44638829600650876,-0.10785388106918958,-0.2401520145564258,-0.22462684508843536,0.0,0.0,-0.5286814692381363,0.0,0.08014626992564935,0.0,0.0,Shellcode,1,shellcode
0.09993759488601825,-0.10243597374759404,-0.21313697302184859,-0.1860411478064247,-0.16868979759413125,-0.13152568465491965,-0.33589122473071187,-0.13679754277753708,-0.1986234988291187,-0.20969474479794173,0.0,0.0,-0.015773365534910464,0.0,0.16621557345557986,0.0,0.0,Shellcode,1,shellcode
-0.03890609078294468,-0.19667188312469627,-0.35930804200374844,-0.1860411478064247,-0.379952234002974,-0.3263041311740897,-0.44638829600650876,-0.1068201109124551,-0.20974036506866395,-0.22375679407403926,0.0,0.0,-0.3778352820789816,0.0,0.0967293089728002,0.0,0.0,Shellcode,1,shellcode
0.2556871162812751,-0.10243597374759404,-0.31686103929500786,-0.1860411478064247,-0.16868979759413125,-0.3150427574007653,-0.33589122473071187,-0.19360119825763256,-0.3233577586509946,-0.25796165870584914,0.0,0.0,-0.3461756419924752,0.0,0.2264205252588988,0.0,0.0,Shellcode,1,shellcode
0.10718706829995606,-0.10243597374759404,-0.41655906728628367,-0.1860411478064247,-0.16868979759413125,-0.4914366350502272,-0.33589122473071187,-0.1396411875206393,-0.3329464339563449,-0.21209952082789246,0.0,0.0,-0.6812002939579518,0.0,0.14305666745384332,0.0,0.0,Shellcode,1,shellcode
0.10984214173225601,-0.19667188312469627,-0.41840030526031446,-0.1860411478064247,-0.379952234002974,-0.43085498002157757,-0.44638829600650876,-0.1697450151486315,-0.3117952421980184,-0.2769738966451683,0.0,0.0,-0.569487800041417,0.0,0.1601617331065208,0.0,0.0,Shellcode,1,shellcode
-0.6567879754080592,-1.7230419309240497,-1.6611661342373971,-1.6329982705869572,-2.015742594047945,-1.3421509657577162,-2.6748848270027095,1.9461791744139458,1.9307498814420065,-1.8279148941509258,0.0,0.0,-0.9034354855715732,0.0,-1.0261139885207349,0.0,-0.8009099181073703,Shellcode,1,shellcode
-0.4255920109199939,-0.19667188312469627,-0.4221917737433725,-0.1860411478064247,-0.379952234002974,-0.43756315510976346,-0.44638829600650876,0.15904938013646275,0.0145745878957925,-0.002989332435293891,0.0,0.0,-0.569487800041417,0.0,-0.20252650958537952,0.0,0.0,Shellcode,1,shellcode
-0.021600363585108365,-0.19667188312469627,-0.12533456383000754,-0.1860411478064247,-0.379952234002974,0.08766081792008297,-0.44638829600650876,-0.11475408643180503,-0.06678530674034536,-0.23043764624013202,0.0,0.0,0.4069089648709121,0.0,0.08750218011839915,0.0,0.0,Worms,1,worms
1.2772367155728968,-0.10243597374759404,-0.3938123854724437,-0.1860411478064247,-0.16868979759413125,-0.4511913514709689,-0.33589122473071187,-0.44888116687922763,-0.6454902797916823,-0.4850397401198036,0.0,0.0,-0.6150178754781276,0.0,0.5494089616375444,0.0,0.0,Shellcode,1,shellcode
-0.41539801255738223,-0.19667188312469627,-0.3385078310100127,-0.1860411478064247,-0.379952234002974,-0.28950270242934983,-0.44638829600650876,0.14786839997830567,0.05744643560301591,-0.012190041593940232,0.0,0.0,-0.30885497309009813,0.0,-0.20948556133004673,0.0,0.0,Shellcode,1,shellcode
-0.2603072621513909,-0.19667188312469627,-0.4298944464233742,-0.1860411478064247,-0.379952234002974,-0.4511913514709689,-0.44638829600650876,0.01655301799654675,-0.1316665745708854,-0.12069640701376046,0.0,0.0,-0.6117015199790793,0.0,-0.09099642740064233,0.0,0.0,Shellcode,1,shellcode
-0.6567791460953519,-1.7230419309240497,-1.0582076580070794,-1.6329982705869572,-2.015742594047945,-0.27534768161268197,-2.6748848270027095,1.7962565844076983,2.1745583105455744,-1.8279148941509258,0.0,0.0,1.1034820400962804,0.0,-1.024474327297787,0.0,-0.8009099181073703,Shellcode,1,shellcode
-0.6567879754080592,-1.7230419309240497,-1.0260291142237465,-1.6329982705869572,-2.015742594047945,-0.218414779032585,-2.6748848270027095,1.9461791744139458,2.341609402274178,-1.8279148941509258,0.0,0.0,1.2108151991864322,0.0,-1.0261139885207349,0.0,-0.8009099181073703,Worms,1,worms
0.247553565791677,-0.19667188312469627,-0.2540048084121265,-0.1860411478064247,-0.379952234002974,-0.1399930668882577,-0.44638829600650876,-0.21961621344586793,-0.2568317741999699,-0.3195911718676259,0.0,0.0,-0.02569039908285641,0.0,0.21202136903084856,0.0,0.0,Shellcode,1,shellcode
-0.11532079533855148,-0.19667188312469627,-0.2137474381593089,-0.1860411478064247,-0.379952234002974,-0.06876644600177448,-0.44638829600650876,-0.06935285263674013,-0.07800618734033131,-0.19230485620006263,0.0,0.0,0.1125573114601467,0.0,0.01919336724488032,0.0,0.0,Shellcode,1,shellcode
-0.3182549047480114,-0.19667188312469627,-0.21231156814842653,-0.1860411478064247,-0.379952234002974,-0.06622598773872555,-0.44638829600650876,0.05898475483422706,0.05084058112641726,-0.0855310784594069,0.0,0.0,0.1125573114601467,0.0,-0.10980075302217243,0.0,0.0,Worms,1,worms
0.05889723443912245,-0.19667188312469627,-0.481345055303769,-0.1860411478064247,-0.379952234002974,-0.5422219625140763,-0.44638829600650876,-0.14943505231640394,-0.3318599146167165,-0.25973654536340623,0.0,0.0,-0.7720901453148572,0.0,0.1383021892393219,0.0,0.0,Shellcode,1,shellcode
0.10723172362705702,-0.19667188312469627,-0.35930804200374844,-0.1860411478064247,-0.379952234002974,-0.3263041311740897,-0.44638829600650876,-0.16873170317593808,-0.27254505320010325,-0.27611237734686994,0.0,0.0,-0.3778352820789816,0.0,0.14788045530876617,0.0,0.0,Shellcode,1,shellcode
-0.6567865038522626,-1.7230419309240497,-1.3383849493222224,-1.6329982705869572,-2.015742594047945,-0.7710601830547933,-2.6748848270027095,1.9138396804612412,2.1082765695357772,-1.8279148941509258,0.0,0.0,0.16962121505643096,0.0,-1.025840034327047,0.0,-0.8009099181073703,Shellcode,1,shellcode
-0.6567835607450837,-1.7230419309240497,-1.6316329546504091,-1.6329982705869572,-2.015742594047945,-1.289898457141171,-2.6748848270027095,1.8597974145255702,1.865638125874899,-1.8279148941509258,0.0,0.0,-0.8054570829267056,0.0,-1.0252929403372555,0.0,-0.8009099181073703,Shellcode,1,shellcode
-0.6567865038522626,-1.7230419309240497,-1.268916863542304,-1.6329982705869572,-2.015742594047945,-0.6481515832510182,-2.6748848270027095,1.9138396804612412,2.153183484230963,-1.8279148941509258,0.0,0.0,0.40102390180592423,0.0,-1.025840034327047,0.0,-0.8009099181073703,Shellcode,1,shellcode
-0.6567894469653276,-1.7230419309240497,-1.1762233087366016,-1.6329982705869572,-2.015742594047945,-0.4841505905059909,-2.6748848270027095,1.9835124170285954,2.2810516126148492,-1.8279148941509258,0.0,0.0,0.7099528292333908,0.0,-1.0263882148994588,0.0,-0.8009099181073703,Shellcode,1,shellcode
0.0694358243785021,-0.19667188312469627,-0.44445072367506594,-0.1860411478064247,-0.379952234002974,-0.47694550368741234,-0.44638829600650876,-0.1537319108474375,-0.3123022724258696,-0.2633781750157493,0.0,0.0,-0.6554231878312298,0.0,0.15135165719173357,0.0,0.0,Shellcode,1,shellcode
-0.6567879754080592,-1.7230419309240497,-1.5151329802038287,-1.6329982705869572,-2.015742594047945,-1.0837772062725597,-2.6748848270027095,1.9461791744139458,2.0254484654628624,-1.8279148941509258,0.0,0.0,-0.418501989753931,0.0,-1.0261139885207349,0.0,-0.8009099181073703,Shellcode,1,shellcode
1.1987337922659806,-0.10243597374759404,-0.382318244309384,-0.1860411478064247,-0.16868979759413125,-0.43085498002157757,-0.33589122473071187,-0.4334223455840304,-0.6207674269147595,-0.4705378299491548,0.0,0.0,-0.5728041555404654,0.0,0.5268324691227527,0.0,0.0,Shellcode,1,shellcode
-0.3214571626325283,-0.19667188312469627,-0.38478543570359686,-0.1860411478064247,-0.379952234002974,-0.37138081280626284,-0.44638829600650876,0.06151660471542524,-0.057702828402711764,-0.08343632947798552,0.0,0.0,-0.4509361977439506,0.0,-0.10986022201948331,0.0,0.0,Shellcode,1,shellcode
-0.6567820891937016,-1.7230419309240497,-1.6611661342373971,-1.6329982705869572,-2.015742594047945,-1.3421509657577162,-2.6748848270027095,1.8367146390176203,1.8239467271685763,-1.8279148941509258,0.0,0.0,-0.9034354855715732,0.0,-1.0250197994663934,0.0,-0.8009099181073703,Shellcode,1,shellcode
-0.6567923900842788,-1.7230419309240497,-1.1873093819438953,-1.6329982705869572,-2.015742594047945,-0.5037649748658448,-2.6748848270027095,2.0817108441545327,2.3697011106878554,-1.8279148941509258,0.0,0.0,0.6729967675985076,0.0,-1.0269374863792013,0.0,-0.8009099181073703,Shellcode,1,shellcode
0.1872797846881614,-0.19667188312469627,-0.34565440134143355,-0.1860411478064247,-0.379952234002974,-0.302146997186757,-0.44638829600650876,-0.19860000120075513,-0.29443329432185256,-0.3015776223677796,0.0,0.0,-0.32573905546277826,0.0,0.18778208140934294,0.0,0.0,Shellcode,1,shellcode
-0.656764430691895,-1.7230419309240497,-1.5512711323710067,-1.6329982705869572,-2.015742594047945,-1.1477157707586358,-2.6748848270027095,1.6580797128343712,1.7209372089777413,-1.8279148941509258,0.0,0.0,-0.5386057578194091,0.0,-1.0217630203531198,0.0,-0.8009099181073703,Shellcode,1,shellcode
-0.3666096630609518,-0.19667188312469627,-0.43380735211117794,-0.1860411478064247,-0.379952234002974,-0.4581143831603091,-0.44638829600650876,0.09978505391227885,-0.05138881656946217,-0.05181748098678996,0.0,0.0,-0.6117015199790793,0.0,-0.137178065240739,0.0,0.0,Shellcode,1,shellcode
-0.6567953332091162,-1.7230419309240497,-1.4698678218764496,-1.6329982705869572,-2.015742594047945,-1.0036903985326724,-2.6748848270027095,2.249582492268487,2.3507871825014703,-1.8279148941509258,0.0,0.0,-0.26798744078829223,0.0,-1.027487853116857,0.0,-0.8009099181073703,Shellcode,1,shellcode
-0.41598887357776465,-0.19667188312469627,-0.33050739652553646,-0.1860411478064247,-0.379952234002974,-0.27534768161268197,-0.44638829600650876,0.14850432970953245,0.06309425317755979,-0.011666610393072674,0.0,0.0,-0.27576980864287753,0.0,-0.19096771393421577,0.0,0.0,Shellcode,1,shellcode
0.10154523237303328,-0.19667188312469627,-0.2637680143910009,-0.1860411478064247,-0.379952234002974,-0.15726692671881284,-0.44638829600650876,-0.16651443722473075,-0.20853181146079827,-0.2742278288585785,0.0,0.0,-0.05259426371683773,0.0,0.16695507284373998,0.0,0.0,Shellcode,1,shellcode
-0.4068316266010477,-0.19667188312469627,-0.4724954015814012,-0.1860411478064247,-0.379952234002974,-0.5265644338006694,-0.44638829600650876,0.13880823494413952,-0.038067108278270596,-0.019649206166891076,0.0,0.0,-0.7478502133204925,0.0,-0.19951222772762633,0.0,0.0,Shellcode,1,shellcode
-0.36822470261252366,-0.19667188312469627,-0.17165993151730605,-0.1860411478064247,-0.379952234002974,0.005698201361461322,-0.44638829600650876,0.10125271308599727,0.11895844013942981,-0.05060635545935626,0.0,0.0,0.2474543926630841,0.0,-0.1653811338035153,0.0,0.0,Shellcode,1,shellcode
-0.4153343186648192,-0.19667188312469627,-0.46814943739994364,-0.1860411478064247,-0.379952234002974,-0.5188751997251464,-0.44638829600650876,0.14779994733725021,-0.026072349608693913,-0.012246374201504255,0.0,0.0,-0.7240809894898906,0.0,-0.19019452455245725,0.0,0.0,Shellcode,1,shellcode
-0.00882770215046445,-0.19667188312469627,-0.12364299766646157,-0.1860411478064247,-0.379952234002974,0.09065367465857942,-0.44638829600650876,-0.12049381636123765,-0.07157894174936422,-0.2352756964079738,0.0,0.0,0.4069089648709121,0.0,0.0955722422015364,0.0,0.0,Worms,1,worms
-0.6567776745483844,-1.7230419309240497,-1.498317859171566,-1.6329982705869572,-2.015742594047945,-1.054026523517978,-2.6748848270027095,1.7783087372735704,1.8725504439764407,-1.8279148941509258,0.0,0.0,-0.3625983679536971,0.0,-1.0242019949348142,0.0,-0.8009099181073703,Shellcode,1,shellcode
-0.3723392076102201,-0.19667188312469627,-0.3385078310100127,-0.1860411478064247,-0.379952234002974,-0.28950270242934983,-0.44638829600650876,0.10502619584905631,0.015103747919390783,-0.04749293801002206,0.0,0.0,-0.30885497309009813,0.0,-0.16500159990640317,0.0,0.0,Shellcode,1,shellcode
0.03001895389811334,-0.10243597374759404,0.04347161435492114,-0.1860411478064247,-0.16868979759413125,0.32248714466102296,-0.33589122473071187,-0.10816213849630682,-0.004170818355209432,-0.18553828983534384,0.0,0.0,0.8392552830742577,0.0,0.13284198545074347,0.0,0.0,Shellcode,1,shellcode
-0.19248202883182633,-0.19667188312469627,-0.3952577296146982,-0.1860411478064247,-0.379952234002974,-0.3899092488052744,-0.44638829600650876,-0.026569528104203932,-0.15250688425403153,-0.15656397531899113,0.0,0.0,-0.48919170383715266,0.0,0.005031750892587411,0.0,0.0,Shellcode,1,shellcode
-0.06267826918285348,-0.19667188312469627,-0.12533456383000754,-0.1860411478064247,-0.379952234002974,0.08766081792008297,-0.44638829600650876,-0.09560913571619344,-0.04746162022059348,-0.21432929444444548,0.0,0.0,0.4069089648709121,0.0,0.05604041001138247,0.0,0.0,Worms,1,worms
0.3630662253383096,-0.19667188312469627,-0.3929045571552693,-0.1860411478064247,-0.379952234002974,-0.3857458242796367,-0.44638829600650876,-0.25696661609641375,-0.385053992782307,-0.35182796119374316,0.0,0.0,-0.48919170383715266,0.0,0.2692731327847177,0.0,0.0,Shellcode,1,shellcode
-0.3080568116095489,-0.19667188312469627,-0.11530033052243907,-0.1860411478064247,-0.379952234002974,0.10541420139238467,-0.44638829600650876,0.05106399778804698,0.10556336176401808,-0.09208681792427009,0.0,0.0,0.43462509002891325,0.0,-0.11681090880544705,0.0,0.0,Shellcode,1,shellcode
-0.39020792871116333,-0.19667188312469627,-0.1259001586204927,-0.1860411478064247,-0.379952234002974,0.08666012151432519,-0.44638829600650876,0.12202148409225742,0.16906346671225467,-0.03347875287225698,0.0,0.0,0.39752902192415496,0.0,-0.18019741144739618,0.0,0.0,Worms,1,worms
3.502678675242056,-0.10243597374759404,-0.09038456664090573,-0.1860411478064247,-0.16868979759413125,0.085657878436537,-0.33589122473071187,-0.752292928726349,-0.8663888268439026,-0.8315795364127061,0.0,0.0,0.3942126664251066,0.0,1.0355713966560194,0.0,0.0,Worms,1,worms
0.07645055175333482,-0.19667188312469627,-0.12364299766646157,-0.1860411478064247,-0.379952234002974,0.09065367465857942,-0.44638829600650876,-0.15656355612557843,-0.10817279827347019,-0.2657795069572054,0.0,0.0,0.4069089648709121,0.0,0.14665042970237638,0.0,0.0,Worms,1,worms
0.5891611165204169,-0.10243597374759404,-0.42493669721644384,-0.1860411478064247,-0.16868979759413125,-0.5062590207951335,-0.33589122473071187,-0.2934765028163107,-0.49655254201666593,-0.3443236108276023,0.0,0.0,-0.7040808959239147,0.0,0.3458338521555982,0.0,0.0,Shellcode,1,shellcode
2.416302184097937,2.956950810639317,1.4335817905852126,2.4082172800684725,3.487681327865475,0.9743661185009959,2.7928451522057753,0.22092461797014562,-0.3287314555339619,0.9006687523365946,0.0,0.0,-0.3681205772663717,0.0,0.12287590841885972,0.0,0.0,Worms,1,worms
-0.0809732963121266,-0.10243597374759404,-0.2335036208520524,-0.1860411478064247,-0.16868979759413125,-0.1675600181103919,-0.33589122473071187,-0.057288501128734,-0.1315922154562136,-0.14285889933437979,0.0,0.0,-0.08341911540811318,0.0,0.07403412798802478,0.0,0.0,Shellcode,1,shellcode
-0.6567923900842788,-1.7230419309240497,-1.5707706963095762,-1.6329982705869572,-2.015742594047945,-1.1822159887157944,-2.6748848270027095,2.0817108441545327,2.1216302892404157,-1.8279148941509258,0.0,0.0,-0.6033868291916512,0.0,-1.0269374863792013,0.0,-0.8009099181073703,Shellcode,1,shellcode
0.17395201169345614,-0.10243597374759404,-0.1908478098327973,-0.1860411478064247,-0.16868979759413125,-0.09208988031962777,-0.33589122473071187,-0.16485349564975593,-0.212820788376939,-0.23347147693198084,0.0,0.0,0.06075633826774085,0.0,0.19863019484418434,0.0,0.0,Shellcode,1,shellcode
-0.6567923900842788,-1.7230419309240497,-1.2778130612639673,-1.6329982705869572,-2.015742594047945,-0.663891461401846,-2.6748848270027095,2.0817108441545327,2.311223120068654,-1.8279148941509258,0.0,0.0,0.3713837959069231,0.0,-1.0269374863792013,0.0,-0.8009099181073703,Shellcode,1,shellcode
-0.3961362843822,-0.19667188312469627,-0.46814943739994364,-0.1860411478064247,-0.379952234002974,-0.5188751997251464,-0.44638829600650876,0.12789356425252693,-0.04573432955255782,-0.028639722737601115,0.0,0.0,-0.7240809894898906,0.0,-0.1966270317603467,0.0,0.0,Shellcode,1,shellcode
-0.6567850322979374,-1.7230419309240497,-1.6316329546504091,-1.6329982705869572,-2.015742594047945,-1.289898457141171,-2.6748848270027095,1.8853142411941755,1.8905345846512391,-1.8279148941509258,0.0,0.0,-0.8054570829267056,0.0,-1.0255663517786133,0.0,-0.8009099181073703,Shellcode,1,shellcode
0.13451857819395713,-0.19667188312469627,-0.39881606194893204,-0.1860411478064247,-0.379952234002974,-0.39620494041570314,-0.44638829600650876,-0.17918734936492328,-0.30870850280686724,-0.2850096747329625,0.0,0.0,-0.5087773467078425,0.0,0.16643423152553155,0.0,0.0,Shellcode,1,shellcode
0.5913794972955689,-0.10243597374759404,-0.42493669721644384,-0.1860411478064247,-0.16868979759413125,-0.5062590207951335,-0.33589122473071187,-0.2940688668731038,-0.4971756395532377,-0.3448430550219565,0.0,0.0,-0.7040808959239147,0.0,0.3536183831908237,0.0,0.0,Shellcode,1,shellcode
0.18642709433434426,-0.10243597374759404,-0.08925250287907704,-0.1860411478064247,-0.16868979759413125,0.08766081792008297,-0.33589122473071187,-0.16938256561701734,-0.15181649810050907,-0.23732083365725246,0.0,0.0,0.4035926093718638,0.0,0.19147145129083945,0.0,0.0,Worms,1,worms
0.05552927041131449,-0.10243597374759404,-0.38865932551967297,-0.1860411478064247,-0.16868979759413125,-0.4420741377693206,-0.33589122473071187,-0.11887604754791718,-0.2938043428697005,-0.19456410707758087,0.0,0.0,-0.5937290508038119,0.0,0.1260963797857078,0.0,0.0,Shellcode,1,shellcode
-0.6567835607450837,-1.7230419309240497,-1.2778130612639673,-1.6329982705869572,-2.015742594047945,-0.663891461401846,-2.6748848270027095,1.8597974145255702,2.094705493803155,-1.8279148941509258,0.0,0.0,0.3713837959069231,0.0,-1.0252929403372555,0.0,-0.8009099181073703,Shellcode,1,shellcode
-0.19944963791637713,-0.19667188312469627,-0.2137474381593089,-0.1860411478064247,-0.379952234002974,-0.06876644600177448,-0.44638829600650876,-0.02240647652729481,-0.030972735354818006,-0.1530949249508215,0.0,0.0,0.1125573114601467,0.0,0.00019700382668533958,0.0,0.0,Shellcode,1,shellcode
-0.6567673737608144,-1.7230419309240497,-1.2120433322875162,-1.6329982705869572,-2.015742594047945,-0.5475262959130606,-2.6748848270027095,1.6801115354234777,1.9618867041438812,-1.8279148941509258,0.0,0.0,0.5905525399892798,0.0,-1.0223031552172404,0.0,-0.8009099181073703,Shellcode,1,shellcode
-0.12439946792850953,-0.19667188312469627,-0.2180891120486855,-0.1860411478064247,-0.379952234002974,-0.07644808934284007,-0.44638829600650876,-0.0646047628179894,-0.0760894086561594,-0.18832977799056314,0.0,0.0,0.10061500634761245,0.0,0.012103919756339183,0.0,0.0,Worms,1,worms
0.0691447265635772,-0.19667188312469627,-0.30014548769568566,-0.1860411478064247,-0.379952234002974,-0.2216289176687707,-0.44638829600650876,-0.1536139130731697,-0.21898098166654156,-0.263278145080136,0.0,0.0,-0.18156360178692313,0.0,0.14489550239343418,0.0,0.0,Shellcode,1,shellcode
0.841476380617387,-0.10243597374759404,-0.13879850070618036,-0.1860411478064247,-0.16868979759413125,0.0,-0.33589122473071187,-0.356386645086909,-0.3791508339270021,-0.40010060527185254,0.0,0.0,0.23344734418997795,0.0,0.426987320614786,0.0,0.0,Shellcode,1,shellcode
-0.39032947898725706,-0.19667188312469627,-0.11530033052243907,-0.1860411478064247,-0.379952234002974,0.10541420139238467,-0.44638829600650876,0.12214066322844962,0.1759786862132496,-0.033380524280631506,0.0,0.0,0.43462509002891325,0.0,-0.18426451613237912,0.0,0.0,Shellcode,1,shellcode
-0.40569965205799935,-0.19667188312469627,-0.3870868897432873,-0.1860411478064247,-0.379952234002974,-0.37545273288805764,-0.44638829600650876,0.13763272056389173,0.015993808754553425,-0.020617242713501117,0.0,0.0,-0.46991450913863336,0.0,-0.20333662378912698,0.0,0.0,Shellcode,1,shellcode
-0.6567791460953519,-1.7230419309240497,-1.7540072280584256,-1.6329982705869572,-2.015742594047945,-1.5064129965547723,-2.6748848270027095,1.7962565844076983,1.7241343028100822,-1.8279148941509258,0.0,0.0,-1.2110635876218014,0.0,-1.024474327297787,0.0,-0.8009099181073703,Shellcode,1,shellcode
-0.29027263377188117,-0.19667188312469627,-0.25561405513142255,-0.1860411478064247,-0.379952234002974,-0.14284027735601273,-0.44638829600650876,0.03773978097060407,0.0019726496677253723,-0.10312345188802442,0.0,0.0,-0.02569039908285641,0.0,-0.07285971564606215,0.0,0.0,Shellcode,1,shellcode
-0.043273723835581486,-0.10243597374759404,-0.13879850070618036,-0.1860411478064247,-0.16868979759413125,0.0,-0.33589122473071187,-0.07542670842462831,-0.08876322406849502,-0.15804382223804692,0.0,0.0,0.23344734418997795,0.0,0.09493263060771258,0.0,0.0,Shellcode,1,shellcode
0.36503847257636013,-0.10243597374759404,0.038320643549297526,-0.1860411478064247,-0.16868979759413125,0.31337362724879647,-0.33589122473071187,-0.22905331416190167,-0.1307927202992869,-0.28836720064644916,0.0,0.0,0.8260930426549563,0.0,0.27525954139785214,0.0,0.0,Shellcode,1,shellcode
-0.0016843708553150134,-0.19667188312469627,-0.12251960873636722,-0.1860411478064247,-0.379952234002974,0.09264126592272322,-0.44638829600650876,-0.12366251540931691,-0.07398011385056262,-0.23794839960830774,0.0,0.0,0.4162175767629144,0.0,0.1164481051375506,0.0,0.0,Worms,1,worms
-0.6567865038522626,-1.7230419309240497,-1.687736123693938,-1.6329982705869572,-2.015742594047945,-1.3891607568616557,-2.6748848270027095,1.9138396804612412,1.881941000137249,-1.8279148941509258,0.0,0.0,-0.991536559747987,0.0,-1.025840034327047,0.0,-0.8009099181073703,Shellcode,1,shellcode
-0.6567350003264282,-1.7230419309240497,-1.3217699638328448,-1.6329982705869572,-2.015742594047945,-0.7416635964160151,-2.6748848270027095,1.506545917980346,1.7216231269365185,-1.8279148941509258,0.0,0.0,0.2249561308049288,0.0,-1.016419023260616,0.0,-0.8009099181073703,Shellcode,1,shellcode
-0.6567968047737422,-1.7230419309240497,-1.6087189092391645,-1.6329982705869572,-2.015742594047945,-1.2493570602433408,-2.6748848270027095,2.4174543826180814,2.4246006819833545,-1.8279148941509258,0.0,0.0,-0.7294030257454576,0.0,-1.0277634485740839,0.0,-0.8009099181073703,Shellcode,1,shellcode
-0.0644935362787453,-0.19667188312469627,-0.38478543570359686,-0.1860411478064247,-0.379952234002974,-0.37138081280626284,-0.44638829600650876,-0.09473748089830901,-0.21382694526990878,-0.21359690836755515,0.0,0.0,-0.4509361977439506,0.0,0.08276920877577813,0.0,0.0,Shellcode,1,shellcode
-0.14751706549204602,-0.19667188312469627,-0.2180891120486855,-0.1860411478064247,-0.379952234002974,-0.07644808934284007,-0.44638829600650876,-0.052190513797256796,-0.06363494333192252,-0.1779470712134142,0.0,0.0,0.10061500634761245,0.0,0.00927801536209949,0.0,0.0,Worms,1,worms
0.07484836641345476,-0.19667188312469627,-0.385934356241636,-0.1860411478064247,-0.379952234002974,-0.3734135766723001,-0.44638829600650876,-0.1559187726430956,-0.27659011357490687,-0.2652326077862403,0.0,0.0,-0.4509361977439506,0.0,0.14812926458914782,0.0,0.0,Shellcode,1,shellcode
-0.40391161636567224,-0.19667188312469627,-0.3824983434050822,-0.1860411478064247,-0.379952234002974,-0.367334302687602,-0.44638829600650876,0.13578590787063002,0.017048635006017387,-0.022138211259384317,0.0,0.0,-0.4509361977439506,0.0,-0.20060104239439625,0.0,0.0,Shellcode,1,shellcode
-0.6567968047737422,-1.7230419309240497,-1.0562345423316972,-1.6329982705869572,-2.015742594047945,-0.2718566845283457,-2.6748848270027095,2.4174543826180814,2.7819244506104885,-1.8279148941509258,0.0,0.0,1.1100631127484146,0.0,-1.0277634485740839,0.0,-0.8009099181073703,Shellcode,1,shellcode
-0.022144252807951757,-0.19667188312469627,-0.4526411282372142,-0.1860411478064247,-0.379952234002974,-0.4914366350502272,-0.44638829600650876,-0.11450752694864152,-0.2779262829161986,-0.23022992390310199,0.0,0.0,-0.6778839384589035,0.0,0.10620724505475854,0.0,0.0,Shellcode,1,shellcode
-0.06453486311118524,-0.19667188312469627,-0.3679703146713339,-0.1860411478064247,-0.379952234002974,-0.34163013005168086,-0.44638829600650876,-0.09471761491917582,-0.2029649788159984,-0.21358021954936948,0.0,0.0,-0.3957053303243667,0.0,0.07401150115102627,0.0,0.0,Shellcode,1,shellcode
-0.05551090080912111,-0.10243597374759404,-0.23016794047509875,-0.1860411478064247,-0.16868979759413125,-0.16165826049145923,-0.33589122473071187,-0.06964500024486939,-0.14190363475608278,-0.1531998966960266,0.0,0.0,-0.06958759462931542,0.0,0.07634775491280767,0.0,0.0,Shellcode,1,shellcode
-0.17953421495465283,-0.19667188312469627,-0.3047268642433768,-0.1860411478064247,-0.379952234002974,-0.229734662491429,-0.44638829600650876,-0.03416202784580877,-0.10152087933367542,-0.16289456030660088,0.0,0.0,-0.19676971739269286,0.0,0.012895744044617104,0.0,0.0,Shellcode,1,shellcode
-0.656780617643791,-1.7230419309240497,-1.5220811570444734,-1.6329982705869572,-2.015742594047945,-1.096070487094752,-2.6748848270027095,1.8156417376756153,1.8935836299637367,-1.8279148941509258,0.0,0.0,-0.44159845920388174,0.0,-1.0247469286310384,0.0,-0.8009099181073703,Shellcode,1,shellcode
-0.39556935810067806,-0.19667188312469627,-0.12195920289094528,-0.1860411478064247,-0.379952234002974,0.09363278162391694,-0.44638829600650876,0.12732669298452656,0.17692947092293212,-0.02910680677823997,0.0,0.0,0.4162175767629144,0.0,-0.18136230922647614,0.0,0.0,Worms,1,worms
-0.32233619283249326,-0.19667188312469627,-0.2789184982697148,-0.1860411478064247,-0.379952234002974,-0.18407239773440673,-0.44638829600650876,0.06221546298203319,0.011068722542111076,-0.08285819147455412,0.0,0.0,-0.10824369040354682,0.0,-0.12345711461284416,0.0,0.0,Shellcode,1,shellcode
-0.04428855941487419,-0.10243597374759404,-0.2335036208520524,-0.1860411478064247,-0.16868979759413125,-0.1675600181103919,-0.33589122473071187,-0.07495094120481212,-0.14932782258182106,-0.1576451104128612,0.0,0.0,-0.08341911540811318,0.0,0.07862434348742252,0.0,0.0,Shellcode,1,shellcode
-0.12748336847203684,-0.10243597374759404,-0.3835777141106608,-0.1860411478064247,-0.16868979759413125,-0.4330833366551616,-0.33589122473071187,-0.03346348185093608,-0.20473193711687432,-0.12296102795989067,0.0,0.0,-0.5728041555404654,0.0,0.03690200698128518,0.0,0.0,Shellcode,1,shellcode
-0.6567938616459617,-1.7230419309240497,-1.7540072280584256,-1.6329982705869572,-2.015742594047945,-1.5064129965547723,-2.6748848270027095,2.151383822834952,2.070626717532035,-1.8279148941509258,0.0,0.0,-1.2110635876218014,0.0,-1.0272125325678625,0.0,-0.8009099181073703,Shellcode,1,shellcode
0.23924274094427006,-0.19667188312469627,-0.4364393587654864,-0.1860411478064247,-0.379952234002974,-0.46277114387169743,-0.44638829600650876,-0.21678624339637367,-0.3715530303772033,-0.3171606040479659,0.0,0.0,-0.6333671575130067,0.0,0.21428058660353225,0.0,0.0,Shellcode,1,shellcode
-0.4105626270523752,-0.19667188312469627,-0.3824983434050822,-0.1860411478064247,-0.379952234002974,-0.367334302687602,-0.44638829600650876,0.1427181671745426,0.023895355271672407,-0.016429765898866053,0.0,0.0,-0.4509361977439506,0.0,-0.20940340187116474,0.0,0.0,Shellcode,1,shellcode
-0.3924662281282991,-0.19667188312469627,-0.43380735211117794,-0.1860411478064247,-0.379952234002974,-0.4581143831603091,-0.44638829600650876,0.1242439386366493,-0.027196431379925126,-0.031647116121533994,0.0,0.0,-0.6117015199790793,0.0,-0.17875029702053677,0.0,0.0,Shellcode,1,shellcode
-0.28902853267657574,-0.19667188312469627,-0.4485230472550584,-0.1860411478064247,-0.379952234002974,-0.4841505905059909,-0.44638829600650876,0.03682966486353355,-0.12341753226051391,-0.10387772008401829,0.0,0.0,-0.6554231878312298,0.0,-0.10761045094760134,0.0,0.0,Shellcode,1,shellcode
-0.6567688452974813,-1.7230419309240497,-1.07646065896712,-1.6329982705869572,-2.015742594047945,-0.3076423787391149,-2.6748848270027095,1.6919277039798999,2.0609805809152633,-1.8279148941509258,0.0,0.0,1.0426038092778356,0.0,-1.022573619548026,0.0,-0.8009099181073703,Shellcode,1,shellcode
0.3626739610831166,-0.10243597374759404,-0.1908478098327973,-0.1860411478064247,-0.16868979759413125,-0.09208988031962777,-0.33589122473071187,-0.22831862365529962,-0.2779147580011784,-0.2877345767974883,0.0,0.0,0.06075633826774085,0.0,0.2544503503698743,0.0,0.0,Shellcode,1,shellcode
0.0798637985217678,-0.10243597374759404,-0.08925250287907704,-0.1860411478064247,-0.16868979759413125,0.08766081792008297,-0.33589122473071187,-0.12880606749945647,-0.1105770624385427,-0.20294252098649043,0.0,0.0,0.4035926093718638,0.0,0.14448559211834142,0.0,0.0,Worms,1,worms
-0.3223701925466122,-0.19667188312469627,-0.3905663970624927,-0.1860411478064247,-0.379952234002974,-0.38160896085675955,-0.44638829600650876,0.06224252393085168,-0.06071015410593498,-0.08283579696265704,0.0,0.0,-0.46991450913863336,0.0,-0.11760381664872893,0.0,0.0,Shellcode,1,shellcode
-0.06889545558456932,-0.19667188312469627,-0.38478543570359686,-0.1860411478064247,-0.379952234002974,-0.37138081280626284,-0.44638829600650876,-0.09261431374297764,-0.2116875177556414,-0.21181335145429592,0.0,0.0,-0.4509361977439506,0.0,0.05528158532233386,0.0,0.0,Shellcode,1,shellcode
-0.2829493070394328,-0.19667188312469627,-0.25561405513142255,-0.1860411478064247,-0.379952234002974,-0.14284027735601273,-0.44638829600650876,0.03242198917050578,-0.003314531986900105,-0.1075313871340138,0.0,0.0,-0.02569039908285641,0.0,-0.06856366765784316,0.0,0.0,Shellcode,1,shellcode
-0.3681485044761,-0.19667188312469627,-0.11530033052243907,-0.1860411478064247,-0.379952234002974,0.10541420139238467,-0.44638829600650876,0.10118329834762264,0.15524863627361649,-0.05066365022157414,0.0,0.0,0.43462509002891325,0.0,-0.16477305098482195,0.0,0.0,Shellcode,1,shellcode
-0.0901842875593333,-0.10243597374759404,-0.17622950719749603,-0.1860411478064247,-0.16868979759413125,-0.06622598773872555,-0.33589122473071187,-0.052704118305666646,-0.09010060427089281,-0.13902608698257668,0.0,0.0,0.10924095596109837,0.0,0.05872574591604193,0.0,0.0,Worms,1,worms
-0.6567820891937016,-1.7230419309240497,-1.5667869032657182,-1.6329982705869572,-2.015742594047945,-1.1751675373379942,-2.6748848270027095,1.8367146390176203,1.885173584533107,-1.8279148941509258,0.0,0.0,-0.590153440144657,0.0,-1.0250197994663934,0.0,-0.8009099181073703,Shellcode,1,shellcode
-0.6567894469653276,-1.7230419309240497,-1.5667869032657182,-1.6329982705869572,-2.015742594047945,-1.1751675373379942,-2.6748848270027095,1.9835124170285954,2.028402225443095,-1.8279148941509258,0.0,0.0,-0.590153440144657,0.0,-1.0263882148994588,0.0,-0.8009099181073703,Shellcode,1,shellcode
-0.6567923900842788,-1.7230419309240497,-1.0838120156272066,-1.6329982705869572,-2.015742594047945,-0.3206489981616211,-2.6748848270027095,2.0817108441545327,2.436541008769203,-1.8279148941509258,0.0,0.0,1.0180864347245353,0.0,-1.0269374863792013,0.0,-0.8009099181073703,Shellcode,1,shellcode
0.5352055628612611,-0.10243597374759404,-0.4151812259962339,-0.1860411478064247,-0.16868979759413125,-0.4889988459300785,-0.33589122473071187,-0.27882044096809877,-0.47518040938461176,-0.3315028724271055,0.0,0.0,-0.6812002939579518,0.0,0.3290179441884728,0.0,0.0,Shellcode,1,shellcode
1.2976839086577674,-0.10243597374759404,-0.29048966982025476,-0.1860411478064247,-0.16868979759413125,-0.26838438095840067,-0.33589122473071187,-0.452832276939325,-0.5831921881833327,-0.4887695105590487,0.0,0.0,-0.2628729924820024,0.0,0.5546226193340035,0.0,0.0,Shellcode,1,shellcode
-0.6567850322979374,-1.7230419309240497,-1.0513477319136701,-1.6329982705869572,-2.015742594047945,-0.26321054120594195,-2.6748848270027095,1.8853142411941755,2.265879662237307,-1.8279148941509258,0.0,0.0,1.1263626420622437,0.0,-1.0255663517786133,0.0,-0.8009099181073703,Shellcode,1,shellcode
-0.39573941305322724,-0.19667188312469627,-0.262122645290886,-0.1860411478064247,-0.379952234002974,-0.15435580559052658,-0.44638829600650876,0.12749661309507618,0.08654587417071344,-0.028966798656588078,0.0,0.0,-0.05259426371683773,0.0,-0.18807057031948968,0.0,0.0,Shellcode,1,shellcode
-0.05207246498359234,-0.19667188312469627,-0.3385078310100127,-0.1860411478064247,-0.379952234002974,-0.28950270242934983,-0.44638829600650876,-0.10065698280226745,-0.1901015129983684,-0.21857228502546192,0.0,0.0,-0.30885497309009813,0.0,0.04958996167520902,0.0,0.0,Shellcode,1,shellcode
-0.3235665445476867,-0.19667188312469627,-0.2137474381593089,-0.1860411478064247,-0.379952234002974,-0.06876644600177448,-0.44638829600650876,0.06319644453064073,0.05424815800017366,-0.08204669949155667,0.0,0.0,0.1125573114601467,0.0,-0.13435083737834036,0.0,0.0,Shellcode,1,shellcode
0.3876529237488832,-0.19667188312469627,-0.4526411282372142,-0.1860411478064247,-0.379952234002974,-0.4914366350502272,-0.44638829600650876,-0.26448430570655984,-0.43162388651062555,-0.3583545454904787,0.0,0.0,-0.6778839384589035,0.0,0.2742376400805505,0.0,0.0,Shellcode,1,shellcode
0.8861617996617969,-0.10243597374759404,-0.28274290106807115,-0.1860411478064247,-0.16868979759413125,-0.2546781662319577,-0.33589122473071187,-0.3667047872082407,-0.483076866493894,-0.4093817820983224,0.0,0.0,-0.2468717637824875,0.0,0.4367682891683912,0.0,0.0,Shellcode,1,shellcode
-0.17684271450002234,-0.19667188312469627,-0.3917336125442415,-0.1860411478064247,-0.379952234002974,-0.3836740936284546,-0.44638829600650876,-0.035717605529346594,-0.1591296993993179,-0.16419220471231502,0.0,0.0,-0.46991450913863336,0.0,0.01547178870160331,0.0,0.0,Shellcode,1,shellcode
0.062342364270503325,-0.10243597374759404,-0.3651255615328787,-0.1860411478064247,-0.16868979759413125,-0.40043628425349015,-0.33589122473071187,-0.12168390847790948,-0.28153976857416024,-0.1969319340581593,0.0,0.0,-0.5120937022068909,0.0,0.14857569331634193,0.0,0.0,Shellcode,1,shellcode
0.9070186515761273,-0.10243597374759404,-0.08587714194001478,-0.1860411478064247,-0.16868979759413125,0.09363278162391694,-0.33589122473071187,-0.3714467620711894,-0.36116812764045,-0.41366144325118465,0.0,0.0,0.412901221263866,0.0,0.44972198410703534,0.0,0.0,Worms,1,worms
0.0031698650866712795,-0.10243597374759404,-0.3835777141106608,-0.1860411478064247,-0.16868979759413125,-0.4330833366551616,-0.33589122473071187,-0.09652439262740846,-0.26804804321084097,-0.17574984681647393,0.0,0.0,-0.5728041555404654,0.0,0.11230132863324097,0.0,0.0,Shellcode,1,shellcode
0.01736362447309374,-0.19667188312469627,-0.47542160755678453,-0.1860411478064247,-0.379952234002974,-0.5317417159315061,-0.44638829600650876,-0.13197268572203139,-0.3098923817564944,-0.2449639742794434,0.0,0.0,-0.7478502133204925,0.0,0.09483453952592776,0.0,0.0,Shellcode,1,shellcode
-0.027518424007664664,-0.19667188312469627,-0.4526411282372142,-0.1860411478064247,-0.379952234002974,-0.4914366350502272,-0.44638829600650876,-0.11206164677164004,-0.2754548967597332,-0.2281696119571947,0.0,0.0,-0.6778839384589035,0.0,0.0817698900302314,0.0,0.0,Shellcode,1,shellcode
-0.6567865038522626,-1.7230419309240497,-1.1206048186368125,-1.6329982705869572,-2.015742594047945,-0.3857458242796367,-2.6748848270027095,1.9138396804612412,2.2489940601695593,-1.8279148941509258,0.0,0.0,0.895390404759357,0.0,-1.025840034327047,0.0,-0.8009099181073703,Shellcode,1,shellcode
0.29203722870045523,-0.19667188312469627,-0.32657173077118523,-0.1860411478064247,-0.379952234002974,-0.26838438095840067,-0.44638829600650876,-0.23442200182330925,-0.3187327306292479,-0.3323339183550577,0.0,0.0,-0.25955663698295406,0.0,0.27966679074531986,0.0,0.0,Shellcode,1,shellcode
-0.4116659597725841,-0.19667188312469627,-0.33448578404519896,-0.1860411478064247,-0.379952234002974,-0.2823865690964635,-0.44638829600650876,0.14388499813542738,0.056036804877585306,-0.015469135288360195,0.0,0.0,-0.29220061326004265,0.0,-0.20874860788452002,0.0,0.0,Shellcode,1,shellcode
-0.1551501557030372,-0.19667188312469627,-0.4196597750615913,-0.1860411478064247,-0.379952234002974,-0.4330833366551616,-0.44638829600650876,-0.04798404000061122,-0.18969715168700238,-0.17443230315805286,0.0,0.0,-0.569487800041417,0.0,0.0295010319270117,0.0,0.0,Shellcode,1,shellcode
0.32162449991254954,-0.19667188312469627,-0.32657173077118523,-0.1860411478064247,-0.379952234002974,-0.26838438095840067,-0.44638829600650876,-0.24396872657045854,-0.3286198119504956,-0.34057495155389356,0.0,0.0,-0.25955663698295406,0.0,0.2496470407711626,0.0,0.0,Shellcode,1,shellcode
-0.413540781833315,-0.19667188312469627,-0.33448578404519896,-0.1860411478064247,-0.379952234002974,-0.2823865690964635,-0.44638829600650876,0.1458789578573963,0.058005622444664416,-0.013827639533609529,0.0,0.0,-0.29220061326004265,0.0,-0.20863044162102046,0.0,0.0,Shellcode,1,shellcode
0.28703229181516365,-0.19667188312469627,-0.3314979521325541,-0.1860411478064247,-0.379952234002974,-0.27710025333420646,-0.44638829600650876,-0.2327839790227058,-0.320214721105779,-0.33092189459690197,0.0,0.0,-0.27576980864287753,0.0,0.23126707282522324,0.0,0.0,Shellcode,1,shellcode
1.2051852762853992,1.8457410387579631,0.9294817907763775,1.2234785613902657,2.458939042473126,0.3688247914785681,2.2972067350341745,0.17623869667252168,-0.31204072060729954,0.8562290933735824,0.0,0.0,-0.1743926646718828,0.0,0.1436413502771214,0.0,0.0,Worms,1,worms
0.013231950960690577,-0.19667188312469627,-0.3679703146713339,-0.1860411478064247,-0.379952234002974,-0.34163013005168086,-0.44638829600650876,-0.1301869539991284,-0.23880206680520966,-0.24345566018354076,0.0,0.0,-0.3957053303243667,0.0,0.12444623366206256,0.0,0.0,Shellcode,1,shellcode
0.030892538367974717,-0.19667188312469627,-0.31123855192782696,-0.1860411478064247,-0.379952234002974,-0.24125567111963309,-0.44638829600650876,-0.1377566775789784,-0.21016618783907712,-0.24985234504264325,0.0,0.0,-0.2121671099056059,0.0,0.11455986854544307,0.0,0.0,Shellcode,1,shellcode
-0.6567938616459617,-1.7230419309240497,-1.2778130612639673,-1.6329982705869572,-2.015742594047945,-0.663891461401846,-2.6748848270027095,2.151383822834952,2.3792017963389145,-1.8279148941509258,0.0,0.0,0.3713837959069231,0.0,-1.0272125325678625,0.0,-0.8009099181073703,Shellcode,1,shellcode
0.34554309150732704,-0.10243597374759404,-0.37117364187267216,-0.1860411478064247,-0.16868979759413125,-0.411137040978237,-0.33589122473071187,-0.22295611324952588,-0.38882711057417196,-0.283120437301586,0.0,0.0,-0.5319978247371847,0.0,0.26151288358048497,0.0,0.0,Shellcode,1,shellcode
0.022887301727360986,-0.19667188312469627,-0.2137474381593089,-0.1860411478064247,-0.379952234002974,-0.06876644600177448,-0.44638829600650876,-0.134345792632504,-0.14358052872136565,-0.2469690667678676,0.0,0.0,0.1125573114601467,0.0,0.11005890742372414,0.0,0.0,Shellcode,1,shellcode
-0.0009670407642043524,0.08774807447534783,0.6075889545705082,0.15936542501584577,-0.16868979759413125,1.320569524972854,-0.33589122473071187,-0.044999372251792236,0.38057109564420877,-0.1742137698471464,0.0,0.0,2.3084194751021405,0.0,-0.0019686108106409983,0.0,0.0,Worms,1,worms
0.32879579529674136,-0.10243597374759404,-0.4235270595114218,-0.1860411478064247,-0.16868979759413125,-0.5037649748658448,-0.33589122473071187,-0.2176447515525937,-0.4171584268858257,-0.2785560525964328,0.0,0.0,-0.7040808959239147,0.0,0.2289444934276746,0.0,0.0,Shellcode,1,shellcode
0.3976999240854192,-0.19667188312469627,0.0022385825983669318,-0.1860411478064247,-0.379952234002974,0.31337362724879647,-0.44638829600650876,-0.2675167529923411,-0.14115475361228166,-0.36099110107204097,0.0,0.0,0.8294093981540045,0.0,0.27834240292925533,0.0,0.0,Shellcode,1,shellcode
-0.2516979330942849,-0.19667188312469627,-0.12195920289094528,-0.1860411478064247,-0.379952234002974,0.09363278162391694,-0.44638829600650876,0.010731396821991214,0.06127310637245557,-0.12553042833004052,0.0,0.0,0.4162175767629144,0.0,-0.07282504201744122,0.0,0.0,Worms,1,worms
-0.6567820891937016,-1.7230419309240497,-1.3469837097441824,-1.6329982705869572,-2.015742594047945,-0.7862738108904506,-2.6748848270027095,1.8367146390176203,2.0274663916553313,-1.8279148941509258,0.0,0.0,0.14098653938626735,0.0,-1.0250197994663934,0.0,-0.8009099181073703,Shellcode,1,shellcode
-0.3756724235099544,-0.19667188312469627,-0.262122645290886,-0.1860411478064247,-0.379952234002974,-0.15435580559052658,-0.44638829600650876,0.1081202042184591,0.06738649524636016,-0.04494063441781401,0.0,0.0,-0.05259426371683773,0.0,-0.16649449445786313,0.0,0.0,Shellcode,1,shellcode
1.477299963895527,-0.10243597374759404,-0.4016804232641979,-0.1860411478064247,-0.16868979759413125,-0.46511212526703116,-0.33589122473071187,-0.4862947160946575,-0.6935377586090579,-0.5207754117979119,0.0,0.0,-0.6366835130120551,0.0,0.5993793932947119,0.0,0.0,Shellcode,1,shellcode
-0.3853724875381474,-0.19667188312469627,-0.2789184982697148,-0.1860411478064247,-0.379952234002974,-0.18407239773440673,-0.44638829600650876,0.11732083658841319,0.06564850329396006,-0.03735352923230938,0.0,0.0,-0.10824369040354682,0.0,-0.1797856091035963,0.0,0.0,Shellcode,1,shellcode
-0.36343190911267215,-0.19667188312469627,-0.3385078310100127,-0.1860411478064247,-0.379952234002974,-0.28950270242934983,-0.44638829600650876,0.09691912977937873,0.007079805967750264,-0.05418278374740293,0.0,0.0,-0.30885497309009813,0.0,-0.1339948027921883,0.0,0.0,Shellcode,1,shellcode
-0.03758479882193196,-0.19667188312469627,-0.40847738845978837,-0.1860411478064247,-0.379952234002974,-0.4132985467871012,-0.44638829600650876,-0.10743243688598106,-0.24190815320816253,-0.22427213016816677,0.0,0.0,-0.5286814692381363,0.0,0.09799775500769864,0.0,0.0,Shellcode,1,shellcode
0.11404284459898512,-0.19667188312469627,-0.12364299766646157,-0.1860411478064247,-0.379952234002974,0.09065367465857942,-0.44638829600650876,-0.17136976440970644,-0.12326014501650309,-0.2783555894163399,0.0,0.0,0.4069089648709121,0.0,0.14986682445993865,0.0,0.0,Worms,1,worms
0.6083003478336898,-0.10243597374759404,-0.29541589118162365,-0.1860411478064247,-0.16868979759413125,-0.27710025333420646,-0.33589122473071187,-0.2985617422038052,-0.4184096537040237,-0.34878598105650965,0.0,0.0,-0.2790861641419259,0.0,0.3543606390064679,0.0,0.0,Shellcode,1,shellcode
0.3098665261804145,-0.19667188312469627,-0.12364299766646157,-0.1860411478064247,-0.379952234002974,0.09065367465857942,-0.44638829600650876,-0.2402024456537363,-0.19400495140280163,-0.33732140728269894,0.0,0.0,0.4069089648709121,0.0,0.2355265591614391,0.0,0.0,Worms,1,worms
-0.11461715410691531,-0.10243597374759404,-0.3591756686637677,-0.1860411478064247,-0.16868979759413125,-0.3899092488052744,-0.33589122473071187,-0.04022812630467466,-0.19574444595853896,-0.12860538035676822,0.0,0.0,-0.49250805933620095,0.0,0.054444758833227,0.0,0.0,Shellcode,1,shellcode
-0.0703597656635171,-0.006487834901754498,0.5715068936195777,0.15936542501584577,-0.379952234002974,1.320569524972854,-0.44638829600650876,-0.036271449032797956,0.4129595427641865,-0.2112176198134549,0.0,0.0,2.311735830601189,0.0,-0.060557430661549304,0.0,0.0,Worms,1,worms
-0.6567968047737422,-1.7230419309240497,-1.4698678218764496,-1.6329982705869572,-2.015742594047945,-1.0036903985326724,-2.6748848270027095,2.4174543826180814,2.5145764443006042,-1.8279148941509258,0.0,0.0,-0.26798744078829223,0.0,-1.0277634485740839,0.0,-0.8009099181073703,Shellcode,1,shellcode
0.20951903680011277,-0.19667188312469627,-0.41714514872022734,-0.1860411478064247,-0.379952234002974,-0.42863425476127026,-0.44638829600650876,-0.2064902096610241,-0.3485111958227977,-0.3083307556052522,0.0,0.0,-0.569487800041417,0.0,0.21383744588823075,0.0,0.0,Shellcode,1,shellcode
-0.3669685418682177,-0.19667188312469627,-0.3905663970624927,-0.1860411478064247,-0.379952234002974,-0.38160896085675955,-0.44638829600650876,0.100110541362514,-0.02318399299889576,-0.0515488897367706,0.0,0.0,-0.46991450913863336,0.0,-0.13753944886419397,0.0,0.0,Shellcode,1,shellcode
-0.6567938616459617,-1.7230419309240497,-1.1873093819438953,-1.6329982705869572,-2.015742594047945,-0.5037649748658448,-2.6748848270027095,2.151383822834952,2.437679789031543,-1.8279148941509258,0.0,0.0,0.6729967675985076,0.0,-1.0272125325678625,0.0,-0.8009099181073703,Shellcode,1,shellcode
-0.003389078566648664,-0.10243597374759404,-0.2335036208520524,-0.1860411478064247,-0.16868979759413125,-0.1675600181103919,-0.33589122473071187,-0.09362169789632031,-0.1681186448156748,-0.1733108763885892,0.0,0.0,-0.08341911540811318,0.0,0.11549902992647622,0.0,0.0,Shellcode,1,shellcode
-0.13694974221976366,-0.19667188312469627,-0.30014548769568566,-0.1860411478064247,-0.379952234002974,-0.2216289176687707,-0.44638829600650876,-0.05792451103846035,-0.12237111395812601,-0.18274085801083845,0.0,0.0,-0.18156360178692313,0.0,0.04043802908387524,0.0,0.0,Shellcode,1,shellcode
-0.6567968047737422,-1.7230419309240497,-1.3426591126486582,-1.6329982705869572,-2.015742594047945,-0.7786223812050223,-2.6748848270027095,2.4174543826180814,2.596880604180984,-1.8279148941509258,0.0,0.0,0.15538760625221168,0.0,-1.0277634485740839,0.0,-0.8009099181073703,Shellcode,1,shellcode
-0.04257073484146394,-0.10243597374759404,-0.37362109905778573,-0.1860411478064247,-0.16868979759413125,-0.4154672817258373,-0.33589122473071187,-0.07575590526843026,-0.24044818129941395,-0.1583197288426095,0.0,0.0,-0.5319978247371847,0.0,0.07549036359343719,0.0,0.0,Shellcode,1,shellcode
0.37085083774699723,-0.10243597374759404,-0.11927212057008386,-0.1860411478064247,-0.16868979759413125,0.03454766335964927,-0.33589122473071187,-0.23085379291825056,-0.23431575915265665,-0.28991802153088475,0.0,0.0,0.29623426378023915,0.0,0.27715984061832294,0.0,0.0,Shellcode,1,shellcode
0.006107377244255342,-0.19667188312469627,-0.1259001586204927,-0.1860411478064247,-0.379952234002974,0.08666012151432519,-0.44638829600650876,-0.12708598771236623,-0.07966644363457404,-0.24083744502941692,0.0,0.0,0.39752902192415496,0.0,0.12042354278816648,0.0,0.0,Worms,1,worms
-0.3294545503941447,-0.19667188312469627,-0.4012076224838092,-0.1860411478064247,-0.379952234002974,-0.40043628425349015,-0.44638829600650876,0.06793712741814215,-0.06226662605230454,-0.07812590677867462,0.0,0.0,-0.5087773467078425,0.0,-0.133682447990356,0.0,0.0,Shellcode,1,shellcode
-0.6567879754080592,-1.7230419309240497,-1.0838120156272066,-1.6329982705869572,-2.015742594047945,-0.3206489981616211,-2.6748848270027095,1.9461791744139458,2.304304931174866,-1.8279148941509258,0.0,0.0,1.0180864347245353,0.0,-1.0261139885207349,0.0,-0.8009099181073703,Shellcode,1,shellcode
-0.22147737668913559,-0.006487834901754498,0.5715068936195777,0.15936542501584577,-0.379952234002974,1.320569524972854,-0.44638829600650876,0.0472369679102601,0.496205615416493,-0.1418223974102535,0.0,0.0,2.311735830601189,0.0,-0.1509701591103608,0.0,0.0,Worms,1,worms
-0.2400246177514384,-0.19667188312469627,-0.35930804200374844,-0.1860411478064247,-0.379952234002974,-0.3263041311740897,-0.44638829600650876,0.0030117307265195175,-0.0996110067371396,-0.13194425416505387,0.0,0.0,-0.3778352820789816,0.0,-0.028595205429325178,0.0,0.0,Shellcode,1,shellcode
-0.6567879754080592,-1.7230419309240497,-1.4491725065192333,-1.6329982705869572,-2.015742594047945,-0.9670745596982548,-2.6748848270027095,1.9461791744139458,2.0681588336459518,-1.8279148941509258,0.0,0.0,-0.1991457195793227,0.0,-1.0261139885207349,0.0,-0.8009099181073703,Shellcode,1,shellcode
-0.4002715869925377,-0.19667188312469627,-0.30014548769568566,-0.1860411478064247,-0.379952234002974,-0.2216289176687707,-0.44638829600650876,0.1320634471822477,0.06658758020978396,-0.025204361944029627,0.0,0.0,-0.18156360178692313,0.0,-0.19468074199759133,0.0,0.0,Shellcode,1,shellcode
-0.029563671468068476,-0.19667188312469627,-0.3582395125253162,-0.1860411478064247,-0.379952234002974,-0.3244136017234979,-0.44638829600650876,-0.11112617797245909,-0.213322860010488,-0.22738179536143344,0.0,0.0,-0.3602223657670661,0.0,0.07815770332934403,0.0,0.0,Shellcode,1,shellcode
0.3492246098847379,-0.10243597374759404,-0.3938123854724437,-0.1860411478064247,-0.16868979759413125,-0.4511913514709689,-0.33589122473071187,-0.22411448274689727,-0.4044536023637616,-0.28411663380387564,0.0,0.0,-0.6150178754781276,0.0,0.2693562225036479,0.0,0.0,Shellcode,1,shellcode
-0.6567732599163111,-1.7230419309240497,-1.5474926932204593,-1.6329982705869572,-2.015742594047945,-1.1410306482275676,-2.6748848270027095,1.7312871491888133,1.7948142732181507,-1.8279148941509258,0.0,0.0,-0.5260510163280704,0.0,-1.023386606372874,0.0,-0.8009099181073703,Shellcode,1,shellcode
2.083008550047936,-0.10243597374759404,-0.31686103929500786,-0.1860411478064247,-0.16868979759413125,-0.3150427574007653,-0.33589122473071187,-0.5851521374041212,-0.7590775774048217,-0.6210824017734926,0.0,0.0,-0.3461756419924752,0.0,0.7398349815298368,0.0,0.0,Shellcode,1,shellcode
0.004120574651057805,-0.10243597374759404,-0.43495895240647325,-0.1860411478064247,-0.16868979759413125,-0.5239912116055316,-0.33589122473071187,-0.09694311938525513,-0.30144553987562217,-0.17610177605124744,0.0,0.0,-0.7511665688195409,0.0,0.09052526524400077,0.0,0.0,Shellcode,1,shellcode
0.5632118359429695,-0.10243597374759404,-0.41655906728628367,-0.1860411478064247,-0.16868979759413125,-0.4914366350502272,-0.33589122473071187,-0.2864882097994937,-0.4842060311377491,-0.3382031575432919,0.0,0.0,-0.6812002939579518,0.0,0.3445560706486383,0.0,0.0,Shellcode,1,shellcode
-0.12979797099230675,-0.10243597374759404,-0.4207239456447596,-0.1860411478064247,-0.16868979759413125,-0.4988054773271696,-0.33589122473071187,-0.03223157364427852,-0.22728951635604602,-0.1219335742114408,0.0,0.0,-0.7040808959239147,0.0,0.044663338878854056,0.0,0.0,Shellcode,1,shellcode
0.7520646234456623,-0.10243597374759404,-0.37117364187267216,-0.1860411478064247,-0.16868979759413125,-0.411137040978237,-0.33589122473071187,-0.33504975119538294,-0.5062839675772526,-0.38103497932366487,0.0,0.0,-0.5319978247371847,0.0,0.404219305892852,0.0,0.0,Shellcode,1,shellcode
-0.06584907110829066,-0.19667188312469627,-0.33749817375578717,-0.1860411478064247,-0.379952234002974,-0.287716334516583,-0.44638829600650876,-0.09408510297466964,-0.18275221998035082,-0.21304883293511018,0.0,0.0,-0.29220061326004265,0.0,0.08187053766188682,0.0,0.0,Shellcode,1,shellcode
-0.06490882531053281,-0.19667188312469627,-0.4526411282372142,-0.1860411478064247,-0.379952234002974,-0.4914366350502272,-0.44638829600650876,-0.09453774903062735,-0.25777354917395345,-0.2134291007570727,0.0,0.0,-0.6778839384589035,0.0,0.06858327226063,0.0,0.0,Shellcode,1,shellcode
-0.3820282410394194,-0.19667188312469627,-0.3905663970624927,-0.1860411478064247,-0.379952234002974,-0.38160896085675955,-0.44638829600650876,0.11411493906748162,-0.009328265491597171,-0.03999676429666142,0.0,0.0,-0.46991450913863336,0.0,-0.1666338058132281,0.0,0.0,Shellcode,1,shellcode
0.4715615436097122,-0.10243597374759404,-0.15669653144249066,-0.1860411478064247,-0.16868979759413125,-0.03166665487248448,-0.33589122473071187,-0.260879188860137,-0.2895077876462985,-0.3158847734197558,0.0,0.0,0.17854681722976848,0.0,0.29104842524266494,0.0,0.0,Shellcode,1,shellcode
0.0814614265535225,-0.19667188312469627,-0.15535418152101438,-0.1860411478064247,-0.379952234002974,0.03454766335964927,-0.44638829600650876,-0.1585726807567885,-0.13063024013979502,-0.2674840472842208,0.0,0.0,0.29955061927928744,0.0,0.1576309897248191,0.0,0.0,Shellcode,1,shellcode
-0.6567968047737422,-1.7230419309240497,-1.6043031286963232,-1.6329982705869572,-2.015742594047945,-1.2415443013704266,-2.6748848270027095,2.4174543826180814,2.4274649346980026,-1.8279148941509258,0.0,0.0,-0.7147432509498224,0.0,-1.0277634485740839,0.0,-0.8009099181073703,Shellcode,1,shellcode
0.4643954953024434,-0.10243597374759404,-0.28274290106807115,-0.1860411478064247,-0.16868979759413125,-0.2546781662319577,-0.33589122473071187,-0.258811655519921,-0.3687539451438799,-0.3140900829242345,0.0,0.0,-0.2468717637824875,0.0,0.2959616370997958,0.0,0.0,Shellcode,1,shellcode
-0.018796169811538477,-0.19667188312469627,-0.3466868114649497,-0.1860411478064247,-0.379952234002974,-0.3039736213304914,-0.44638829600650876,-0.11602249261771758,-0.21074536237680327,-0.23150643863873568,0.0,0.0,-0.32573905546277826,0.0,0.08445597120337232,0.0,0.0,Shellcode,1,shellcode
-0.2248244810351637,-0.19667188312469627,-0.3047268642433768,-0.1860411478064247,-0.379952234002974,-0.229734662491429,-0.44638829600650876,-0.006757022759916548,-0.07413932687479546,-0.14006693349658644,0.0,0.0,-0.19676971739269286,0.0,-0.04937931439618621,0.0,0.0,Shellcode,1,shellcode
-0.6567894469653276,-1.7230419309240497,-1.0582076580070794,-1.6329982705869572,-2.015742594047945,-0.27534768161268197,-2.6748848270027095,1.9835124170285954,2.357261493869861,-1.8279148941509258,0.0,0.0,1.1034820400962804,0.0,-1.0263882148994588,0.0,-0.8009099181073703,Shellcode,1,shellcode
-0.4306815408817229,-0.19667188312469627,-0.3385078310100127,-0.1860411478064247,-0.379952234002974,-0.28950270242934983,-0.44638829600650876,0.16480536531373927,0.07416053116260965,0.0017453373276894396,0.0,0.0,-0.30885497309009813,0.0,-0.21043053029345318,0.0,0.0,Shellcode,1,shellcode
0.268665912894784,-0.19667188312469627,-0.4512632869471644,-0.1860411478064247,-0.379952234002974,-0.4889988459300785,-0.44638829600650876,-0.22671347026849378,-0.3914536078899414,-0.3256938626547672,0.0,0.0,-0.6778839384589035,0.0,0.22290448310432284,0.0,0.0,Shellcode,1,shellcode
-0.6567732599163111,-1.7230419309240497,-1.026936306151037,-1.6329982705869572,-2.015742594047945,-0.22001985693684467,-2.6748848270027095,1.7312871491888133,2.1313558540773587,-1.8279148941509258,0.0,0.0,1.2077890503898543,0.0,-1.023386606372874,0.0,-0.8009099181073703,Shellcode,1,shellcode
-0.24071877346219772,-0.19667188312469627,-0.12533456383000754,-0.1860411478064247,-0.379952234002974,0.08766081792008297,-0.44638829600650876,0.0034653586774346565,0.05181514475983095,-0.13156723443254523,0.0,0.0,0.4069089648709121,0.0,-0.029109308265074088,0.0,0.0,Worms,1,worms
-0.6567909185240673,-1.7230419309240497,-1.3299833126223422,-1.6329982705869572,-2.015742594047945,-0.7561953225760726,-2.6748848270027095,2.0276683361549592,2.224769842121415,-1.8279148941509258,0.0,0.0,0.19760132618987286,0.0,-1.026662714004611,0.0,-0.8009099181073703,Shellcode,1,shellcode
0.07841176970109,-0.19667188312469627,-0.12364299766646157,-0.1860411478064247,-0.379952234002974,0.09065367465857942,-0.44638829600650876,-0.15735124826978777,-0.10897443396021829,-0.2664477255761438,0.0,0.0,0.4069089648709121,0.0,0.15619854733747038,0.0,0.0,Worms,1,worms
0.7994400869430374,-0.10243597374759404,-0.382318244309384,-0.1860411478064247,-0.16868979759413125,-0.43085498002157757,-0.33589122473071187,-0.34647418080926073,-0.52561024879327,-0.39122273340983343,0.0,0.0,-0.5728041555404654,0.0,0.418271168084751,0.0,0.0,Shellcode,1,shellcode
-0.414187051871105,-0.19667188312469627,-0.33050739652553646,-0.1860411478064247,-0.379952234002974,-0.27534768161268197,-0.44638829600650876,0.14656963307964158,0.06118421090958146,-0.013259085379937793,0.0,0.0,-0.27576980864287753,0.0,-0.21184691296851899,0.0,0.0,Shellcode,1,shellcode
-0.31039590172740966,-0.19667188312469627,-0.17488056165711086,-0.1860411478064247,-0.379952234002974,0.0,-0.44638829600650876,0.052862001174721,0.06891222213024882,-0.09059834322500389,0.0,0.0,0.23676369968902627,0.0,-0.1135625044095493,0.0,0.0,Shellcode,1,shellcode
-0.6567820891937016,-1.7230419309240497,-1.3932919510131831,-1.6329982705869572,-2.015742594047945,-0.8682061259938212,-2.6748848270027095,1.8367146390176203,1.9975152191780756,-1.8279148941509258,0.0,0.0,-0.013188852721060745,0.0,-1.0250197994663934,0.0,-0.8009099181073703,Shellcode,1,shellcode
0.28680911016084504,-0.19667188312469627,-0.35294310024593833,-0.1860411478064247,-0.379952234002974,-0.3150427574007653,-0.44638829600650876,-0.2327107724455789,-0.33404049417505755,-0.33085880152999975,0.0,0.0,-0.3428592864934268,0.0,0.22530504743279742,0.0,0.0,Shellcode,1,shellcode
-0.34021664949842056,-0.19667188312469627,-0.3385078310100127,-0.1860411478064247,-0.379952234002974,-0.28950270242934983,-0.44638829600650876,0.07680667170023996,-0.012843744408836257,-0.07079368727212677,0.0,0.0,-0.30885497309009813,0.0,-0.12515969254331968,0.0,0.0,Shellcode,1,shellcode
-0.3622978835340312,-0.19667188312469627,-0.3905663970624927,-0.1860411478064247,-0.379952234002974,-0.38160896085675955,-0.44638829600650876,0.09590328245638388,-0.027348828798554815,-0.05502128007770187,0.0,0.0,-0.46991450913863336,0.0,-0.16231272953322864,0.0,0.0,Shellcode,1,shellcode
-0.08505662801088784,-0.10243597374759404,-0.13879850070618036,-0.1860411478064247,-0.16868979759413125,0.0,-0.33589122473071187,-0.055263955240866025,-0.0685184206949983,-0.14116602311378806,0.0,0.0,0.23344734418997795,0.0,0.07170608281684886,0.0,0.0,Shellcode,1,shellcode
-0.6567909185240673,-1.7230419309240497,-1.7474623157163134,-1.6329982705869572,-2.015742594047945,-1.494833204154044,-2.6748848270027095,2.0276683361549592,1.9541774209445544,-1.8279148941509258,0.0,0.0,-1.1893979500878742,0.0,-1.026662714004611,0.0,-0.8009099181073703,Shellcode,1,shellcode
0.03051623187254377,-0.19667188312469627,-0.12533456383000754,-0.1860411478064247,-0.379952234002974,0.08766081792008297,-0.44638829600650876,-0.1375970877990592,-0.08991390757535773,-0.24971741301405326,0.0,0.0,0.4069089648709121,0.0,0.10654787677467006,0.0,0.0,Worms,1,worms
-0.3944435479420869,-0.19667188312469627,-0.32657173077118523,-0.1860411478064247,-0.379952234002974,-0.26838438095840067,-0.44638829600650876,0.12620437413260127,0.043888533703070824,-0.03003159142447755,0.0,0.0,-0.25955663698295406,0.0,-0.18273429669970997,0.0,0.0,Shellcode,1,shellcode
-0.6567776745483844,-1.7230419309240497,-1.5747982681752977,-1.6329982705869572,-2.015742594047945,-1.189341897153709,-2.6748848270027095,1.7783087372735704,1.8229939125184058,-1.8279148941509258,0.0,0.0,-0.6167648483049548,0.0,-1.0242019949348142,0.0,-0.8009099181073703,Shellcode,1,shellcode
-0.0645171514694532,-0.19667188312469627,-0.19277859239342116,-0.1860411478064247,-0.379952234002974,-0.03166665487248448,-0.44638829600650876,-0.0947261264978473,-0.09001605435721206,-0.21358737363329375,0.0,0.0,0.1818631727288168,0.0,0.08272261518972658,0.0,0.0,Shellcode,1,shellcode
-0.08707857024933081,-0.19667188312469627,-0.4431032760121259,-0.1860411478064247,-0.379952234002974,-0.4745614894497737,-0.44638829600650876,-0.08369776290604247,-0.24050441482897914,-0.2043285192905038,0.0,0.0,-0.6554231878312298,0.0,0.07002485782705645,0.0,0.0,Shellcode,1,shellcode
0.5436794329725961,-0.19667188312469627,-0.1293121803292,-0.1860411478064247,-0.379952234002974,0.08062329458856402,-0.44638829600650876,-0.3092480372061812,-0.2698963266491199,-0.3975212453940534,0.0,0.0,0.3880766462684335,0.0,0.334618660064292,0.0,0.0,Worms,1,worms
-0.6567835607450837,-1.7230419309240497,-1.460854941025768,-1.6329982705869572,-2.015742594047945,-0.9877440750789788,-2.6748848270027095,1.8597974145255702,1.9763151091127487,-1.8279148941509258,0.0,0.0,-0.2380085571485318,0.0,-1.0252929403372555,0.0,-0.8009099181073703,Shellcode,1,shellcode
-0.3707063212750526,-0.19667188312469627,-0.3385078310100127,-0.1860411478064247,-0.379952234002974,-0.28950270242934983,-0.44638829600650876,0.10352266252663489,0.013615936285659954,-0.048733393509632586,0.0,0.0,-0.30885497309009813,0.0,-0.16508231299836962,0.0,0.0,Shellcode,1,shellcode
0.048137713273941625,-0.10243597374759404,-0.1776653772083784,-0.1860411478064247,-0.16868979759413125,-0.06876644600177448,-0.33589122473071187,-0.11580469969025188,-0.15438469520160417,-0.1919752271555747,0.0,0.0,0.10924095596109837,0.0,0.12230024554005156,0.0,0.0,Shellcode,1,shellcode
-0.038966045837380746,-0.19667188312469627,-0.3466868114649497,-0.1860411478064247,-0.379952234002974,-0.3039736213304914,-0.44638829600650876,-0.10679228469208497,-0.20142111988233127,-0.22373336989871648,0.0,0.0,-0.32573905546277826,0.0,0.09725559117641693,0.0,0.0,Shellcode,1,shellcode
0.04029930086415444,-0.19667188312469627,-0.12364299766646157,-0.1860411478064247,-0.379952234002974,0.09065367465857942,-0.44638829600650876,-0.14172277195114336,-0.09308997345634873,-0.2532069718776933,0.0,0.0,0.4069089648709121,0.0,0.13087290016059389,0.0,0.0,Worms,1,worms
0.6916089079365013,-0.10243597374759404,-0.2751564909768965,-0.1860411478064247,-0.16868979759413125,-0.24125567111963309,-0.33589122473071187,-0.32005584283277905,-0.4283478347533103,-0.36773194707189566,0.0,0.0,-0.21548346540465427,0.0,0.38565624192711945,0.0,0.0,Shellcode,1,shellcode
0.15074544103766996,-0.19667188312469627,-0.12195920289094528,-0.1860411478064247,-0.379952234002974,0.09363278162391694,-0.44638829600650876,-0.1852666356811726,-0.13625282045830434,-0.29019113611891395,0.0,0.0,0.4162175767629144,0.0,0.1888809439082757,0.0,0.0,Worms,1,worms
0.043784538651693086,-0.19667188312469627,-0.3314979521325541,-0.1860411478064247,-0.379952234002974,-0.27710025333420646,-0.44638829600650876,-0.14318092364308635,-0.2284638132874545,-0.2544408668776708,0.0,0.0,-0.27576980864287753,0.0,0.08126061020445907,0.0,0.0,Shellcode,1,shellcode
0.6915694700636774,-0.10243597374759404,-0.3938123854724437,-0.1860411478064247,-0.16868979759413125,-0.4511913514709689,-0.33589122473071187,-0.3200459065217513,-0.5047442206329886,-0.36772315149158874,0.0,0.0,-0.6150178754781276,0.0,0.37447123660749976,0.0,0.0,Shellcode,1,shellcode
-0.37665987274023033,-0.19667188312469627,-0.46814943739994364,-0.1860411478064247,-0.379952234002974,-0.5188751997251464,-0.44638829600650876,0.10904330289455502,-0.06437234072686865,-0.04417923920048434,0.0,0.0,-0.7240809894898906,0.0,-0.14744725907327275,0.0,0.0,Shellcode,1,shellcode
0.18855540900485335,-0.10243597374759404,-0.4070212150611954,-0.1860411478064247,-0.16868979759413125,-0.4745614894497737,-0.33589122473071187,-0.17014990151683082,-0.35762819305255594,-0.23797332054001247,0.0,0.0,-0.6587395433302782,0.0,0.18624291554081931,0.0,0.0,Shellcode,1,shellcode
-0.6567923900842788,-1.7230419309240497,-1.2906420583001594,-1.6329982705869572,-2.015742594047945,-0.6865895686679737,-2.6748848270027095,2.0817108441545327,2.3029311129410592,-1.8279148941509258,0.0,0.0,0.32864361406067644,0.0,-1.0269374863792013,0.0,-0.8009099181073703,Shellcode,1,shellcode
-0.15853837533033566,-0.19667188312469627,-0.38478543570359686,-0.1860411478064247,-0.379952234002974,-0.37138081280626284,-0.44638829600650876,-0.0460989844405891,-0.16496002088691664,-0.1728577538563453,0.0,0.0,-0.4509361977439506,0.0,0.004857362635595295,0.0,0.0,Shellcode,1,shellcode
-0.31641582278001934,-0.19667188312469627,-0.12364299766646157,-0.1860411478064247,-0.379952234002974,0.09065367465857942,-0.44638829600650876,0.05754049141497517,0.10661147579842539,-0.08672616563967027,0.0,0.0,0.4069089648709121,0.0,-0.1133839567977125,0.0,0.0,Worms,1,worms
-0.3902410777907757,-0.19667188312469627,-0.3905663970624927,-0.1860411478064247,-0.379952234002974,-0.38160896085675955,-0.44638829600650876,0.12205398122756793,-0.001478382819905854,-0.033451973893301325,0.0,0.0,-0.46991450913863336,0.0,-0.18909454799723846,0.0,0.0,Shellcode,1,shellcode
-0.24677601674330651,-0.19667188312469627,-0.4311941121523127,-0.1860411478064247,-0.379952234002974,-0.45349082601619894,-0.44638829600650876,0.00745263217144809,-0.14166359745904147,-0.12825402286338858,0.0,0.0,-0.6117015199790793,0.0,-0.033733899740960756,0.0,0.0,Shellcode,1,shellcode
-0.6567968047737422,-1.7230419309240497,-1.41358808992599,-1.6329982705869572,-2.015742594047945,-0.9041157093253538,-2.6748848270027095,2.4174543826180814,2.5510019348405994,-1.8279148941509258,0.0,0.0,-0.08074125071129871,0.0,-1.0277634485740839,0.0,-0.8009099181073703,Shellcode,1,shellcode
-0.6567835607450837,-1.7230419309240497,-1.4918020368645113,-1.6329982705869572,-2.015742594047945,-1.0424981995784435,-2.6748848270027095,1.8597974145255702,1.9562778610278233,-1.8279148941509258,0.0,0.0,-0.34093273041976857,0.0,-1.0252929403372555,0.0,-0.8009099181073703,Shellcode,1,shellcode
0.021750075593666745,-0.19667188312469627,-0.4298944464233742,-0.1860411478064247,-0.379952234002974,-0.4511913514709689,-0.44638829600650876,-0.13385852896003608,-0.28263509884433585,-0.24655730725567923,0.0,0.0,-0.6117015199790793,0.0,0.10422557358652595,0.0,0.0,Shellcode,1,shellcode
-0.6567865038522626,-1.7230419309240497,-1.2906420583001594,-1.6329982705869572,-2.015742594047945,-0.6865895686679737,-2.6748848270027095,1.9138396804612412,2.139141851498583,-1.8279148941509258,0.0,0.0,0.32864361406067644,0.0,-1.025840034327047,0.0,-0.8009099181073703,Shellcode,1,shellcode
-0.6567717883752295,-1.7230419309240497,-1.2906420583001594,-1.6329982705869572,-2.015742594047945,-0.6865895686679737,-2.6748848270027095,1.7174442883752217,1.947520702782232,-1.8279148941509258,0.0,0.0,0.32864361406067644,0.0,-1.02311534460413,0.0,-0.8009099181073703,Shellcode,1,shellcode
-0.40666400966286936,-0.19667188312469627,-0.4485230472550584,-0.1860411478064247,-0.379952234002974,-0.4841505905059909,-0.44638829600650876,0.1386338733114057,-0.022565391526186626,-0.019792789965540097,0.0,0.0,-0.6554231878312298,0.0,-0.20309410265056732,0.0,0.0,Shellcode,1,shellcode
0.22047537537127063,-0.19667188312469627,-0.47542160755678453,-0.1860411478064247,-0.379952234002974,-0.5317417159315061,-0.44638829600650876,-0.21031778280223334,-0.3898391556558791,-0.3116108828007747,0.0,0.0,-0.7478502133204925,0.0,0.2184591545559086,0.0,0.0,Shellcode,1,shellcode
-0.41680247637066514,-0.19667188312469627,-0.17488056165711086,-0.1860411478064247,-0.379952234002974,0.0,-0.44638829600650876,0.1493823626540682,0.16445285537700016,-0.010943920831360778,0.0,0.0,0.23676369968902627,0.0,-0.21006767668466073,0.0,0.0,Shellcode,1,shellcode
-0.3748909600098993,-0.19667188312469627,-0.2789184982697148,-0.1860411478064247,-0.379952234002974,-0.18407239773440673,-0.44638829600650876,0.10739179298040362,0.055827712467628,-0.04554147562367644,0.0,0.0,-0.10824369040354682,0.0,-0.1707872884927044,0.0,0.0,Shellcode,1,shellcode
-0.6567717883752295,-1.7230419309240497,-1.3320657349944782,-1.6329982705869572,-2.015742594047945,-0.7598797139780485,-2.6748848270027095,1.7174442883752217,1.920741358589494,-1.8279148941509258,0.0,0.0,0.19066602965024473,0.0,-1.02311534460413,0.0,-0.8009099181073703,Shellcode,1,shellcode
-0.6567923900842788,-1.7230419309240497,-1.4729220508139533,-1.6329982705869572,-2.015742594047945,-1.0090941893234253,-2.6748848270027095,2.0817108441545327,2.1850205206634463,-1.8279148941509258,0.0,0.0,-0.2781458108295074,0.0,-1.0269374863792013,0.0,-0.8009099181073703,Shellcode,1,shellcode
-0.6567879754080592,-1.7230419309240497,-1.3058756422824955,-1.6329982705869572,-2.015742594047945,-0.7135420671605028,-2.6748848270027095,1.9461791744139458,2.1608478660194086,-1.8279148941509258,0.0,0.0,0.2778974223941383,0.0,-1.0261139885207349,0.0,-0.8009099181073703,Shellcode,1,shellcode
-0.2001745439814281,-0.19667188312469627,-0.21591184613172362,-0.1860411478064247,-0.379952234002974,-0.07259589301052626,-0.44638829600650876,-0.021970169350510788,-0.032087850099117084,-0.15273143972544903,0.0,0.0,0.10061500634761245,0.0,-0.011474597949863993,0.0,0.0,Shellcode,1,shellcode
-0.6567909185240673,-1.7230419309240497,-1.07646065896712,-1.6329982705869572,-2.015742594047945,-0.3076423787391149,-2.6748848270027095,2.0276683361549592,2.388559103747129,-1.8279148941509258,0.0,0.0,1.0426038092778356,0.0,-1.026662714004611,0.0,-0.8009099181073703,Shellcode,1,shellcode
-0.3492360303227379,-0.19667188312469627,-0.17165993151730605,-0.1860411478064247,-0.379952234002974,0.005698201361461322,-0.44638829600650876,0.08445476012068617,0.10232423861028447,-0.06447463417165038,0.0,0.0,0.2474543926630841,0.0,-0.14625338755704376,0.0,0.0,Shellcode,1,shellcode
-0.6567879754080592,-1.7230419309240497,-1.5956280408202432,-1.6329982705869572,-2.015742594047945,-1.226195628781381,-2.6748848270027095,1.9461791744139458,1.9732767506314688,-1.8279148941509258,0.0,0.0,-0.6859401205123418,0.0,-1.0261139885207349,0.0,-0.8009099181073703,Shellcode,1,shellcode
0.7779537359603482,-0.10243597374759404,-0.4235270595114218,-0.1860411478064247,-0.16868979759413125,-0.5037649748658448,-0.33589122473071187,-0.341326941112961,-0.5467929677454122,-0.3866269304011805,0.0,0.0,-0.7040808959239147,0.0,0.40729129986070767,0.0,0.0,Shellcode,1,shellcode
0.3673742450674328,-0.10243597374759404,-0.1908478098327973,-0.1860411478064247,-0.16868979759413125,-0.09208988031962777,-0.33589122473071187,-0.22977779516842517,-0.27942217517589807,-0.2889911382136024,0.0,0.0,0.06075633826774085,0.0,0.26805406307431995,0.0,0.0,Shellcode,1,shellcode
-0.6567850322979374,-1.7230419309240497,-1.3320657349944782,-1.6329982705869572,-2.015742594047945,-0.7598797139780485,-2.6748848270027095,1.8853142411941755,2.084530619115713,-1.8279148941509258,0.0,0.0,0.19066602965024473,0.0,-1.0255663517786133,0.0,-0.8009099181073703,Shellcode,1,shellcode
-0.14816058599117585,-0.19667188312469627,-0.3882430590033306,-0.1860411478064247,-0.379952234002974,-0.3774983217839182,-0.44638829600650876,-0.0518379964447252,-0.1731896610443013,-0.1776524578272531,0.0,0.0,-0.46991450913863336,0.0,0.024992601971028025,0.0,0.0,Shellcode,1,shellcode
-0.04273166543907562,-0.19667188312469627,-0.2180891120486855,-0.1860411478064247,-0.379952234002974,-0.07644808934284007,-0.44638829600650876,-0.10504093514146716,-0.11679049662131351,-0.22225966075991158,0.0,0.0,0.10061500634761245,0.0,0.08753773941895664,0.0,0.0,Worms,1,worms
-0.6567879754080592,-1.7230419309240497,-1.7540072280584256,-1.6329982705869572,-2.015742594047945,-1.5064129965547723,-2.6748848270027095,1.9461791744139458,1.8704119735042517,-1.8279148941509258,0.0,0.0,-1.2110635876218014,0.0,-1.0261139885207349,0.0,-0.8009099181073703,Shellcode,1,shellcode
0.3007977221353408,-0.10243597374759404,-0.35448433611156216,-0.1860411478064247,-0.16868979759413125,-0.38160896085675955,-0.33589122473071187,-0.20860680356378725,-0.36294118702024347,-0.27080189263860494,0.0,0.0,-0.47323086463768177,0.0,0.24667169543510709,0.0,0.0,Shellcode,1,shellcode
2.5276276128531032,2.955873303743964,1.4324134842375247,2.4082172800684725,3.485265722885758,0.9723249564229693,2.792800321589591,0.1997135543362575,-0.34977661943430277,0.8837208257391116,0.0,0.0,-0.36766264641078883,0.0,0.14623423802073665,0.0,0.0,Worms,1,worms
-0.26142719148481064,-0.19667188312469627,-0.21591184613172362,-0.1860411478064247,-0.379952234002974,-0.07259589301052626,-0.44638829600650876,0.017318618860607416,0.0071003203332932275,-0.12006085353612567,0.0,0.0,0.10061500634761245,0.0,-0.051064424002350554,0.0,0.0,Shellcode,1,shellcode
-0.2359782039934304,-0.19667188312469627,-0.3679703146713339,-0.1860411478064247,-0.379952234002974,-0.34163013005168086,-0.44638829600650876,0.0003806968590887022,-0.10766622002733066,-0.13413123725799916,0.0,0.0,-0.3957053303243667,0.0,-0.059565211380525666,0.0,0.0,Shellcode,1,shellcode
-0.12526673874624666,-0.10243597374759404,-0.35448433611156216,-0.1860411478064247,-0.16868979759413125,-0.38160896085675955,-0.33589122473071187,-0.034638920938981466,-0.18678709218810743,-0.12394151910416319,0.0,0.0,-0.47323086463768177,0.0,0.048041014057998786,0.0,0.0,Shellcode,1,shellcode
0.2766737761727298,-0.19667188312469627,-0.12195920289094528,-0.1860411478064247,-0.379952234002974,0.09363278162391694,-0.44638829600650876,-0.22937188419684285,-0.18159331460869227,-0.32798238924200235,0.0,0.0,0.4162175767629144,0.0,0.23482103477849572,0.0,0.0,Worms,1,worms
-0.6567703168356197,-1.7230419309240497,-1.5871535510959218,-1.6329982705869572,-2.015742594047945,-1.2112018707934664,-2.6748848270027095,1.704350101881717,1.742821991548835,-1.8279148941509258,0.0,0.0,-0.6577991900178597,0.0,-1.0228443491700074,0.0,-0.8009099181073703,Shellcode,1,shellcode
-0.3946159356616298,-0.19667188312469627,-0.43380735211117794,-0.1860411478064247,-0.379952234002974,-0.4581143831603091,-0.44638829600650876,0.1263759349195066,-0.025089225884528832,-0.02989021296206187,0.0,0.0,-0.6117015199790793,0.0,-0.16661352070576904,0.0,0.0,Shellcode,1,shellcode
-0.6567879754080592,-1.7230419309240497,-1.543752810244,-1.6329982705869572,-2.015742594047945,-1.1344137424224638,-2.6748848270027095,1.9461791744139458,2.006905785510347,-1.8279148941509258,0.0,0.0,-0.5136237363420056,0.0,-1.0261139885207349,0.0,-0.8009099181073703,Shellcode,1,shellcode
-0.6567923900842788,-1.7230419309240497,-1.3383849493222224,-1.6329982705869572,-2.015742594047945,-0.7710601830547933,-2.6748848270027095,2.0817108441545327,2.272065830894142,-1.8279148941509258,0.0,0.0,0.16962121505643096,0.0,-1.0269374863792013,0.0,-0.8009099181073703,Shellcode,1,shellcode
-0.2512085746211186,-0.19667188312469627,-0.2137474381593089,-0.1860411478064247,-0.379952234002974,-0.06876644600177448,-0.44638829600650876,0.010403815673155415,0.0017644395807265636,-0.12580250677211874,0.0,0.0,0.1125573114601467,0.0,-0.05482019448414655,0.0,0.0,Shellcode,1,shellcode
-0.6567879754080592,-1.7230419309240497,-1.2778130612639673,-1.6329982705869572,-2.015742594047945,-0.663891461401846,-2.6748848270027095,1.9461791744139458,2.1789870536127274,-1.8279148941509258,0.0,0.0,0.3713837959069231,0.0,-1.0261139885207349,0.0,-0.8009099181073703,Shellcode,1,shellcode
0.29343047402955524,-0.10243597374759404,-0.3318882537204034,-0.1860411478064247,-0.16868979759413125,-0.34163013005168086,-0.33589122473071187,-0.20619446426590674,-0.3458936284536714,-0.2687348645690213,0.0,0.0,-0.3990216858234151,0.0,0.2369290799556116,0.0,0.0,Shellcode,1,shellcode
0.3264937368255295,-0.19667188312469627,-0.3917336125442415,-0.1860411478064247,-0.379952234002974,-0.3836740936284546,-0.44638829600650876,-0.245518037486051,-0.3723210978232119,-0.3419142650212251,0.0,0.0,-0.46991450913863336,0.0,0.25681882961540287,0.0,0.0,Shellcode,1,shellcode
-0.38885191217628823,-0.19667188312469627,-0.46814943739994364,-0.1860411478064247,-0.379952234002974,-0.5188751997251464,-0.44638829600650876,0.1206953444823071,-0.05284922212492928,-0.03457179565591726,0.0,0.0,-0.7240809894898906,0.0,-0.1498926038082721,0.0,0.0,Shellcode,1,shellcode
-0.6567923900842788,-1.7230419309240497,-1.5474926932204593,-1.6329982705869572,-2.015742594047945,-1.1410306482275676,-2.6748848270027095,2.0817108441545327,2.1367182614847295,-1.8279148941509258,0.0,0.0,-0.5260510163280704,0.0,-1.0269374863792013,0.0,-0.8009099181073703,Shellcode,1,shellcode
-0.4192459871941715,-0.19667188312469627,-0.45680600659569015,-0.1860411478064247,-0.379952234002974,-0.4988054773271696,-0.44638829600650876,0.15203616472413894,-0.014776110235858573,-0.008759852529071138,0.0,0.0,-0.7007645404248664,0.0,-0.21269610084548052,0.0,0.0,Shellcode,1,shellcode
-0.2589186544101165,-0.19667188312469627,0.007389553403990642,-0.1860411478064247,-0.379952234002974,0.32248714466102296,-0.44638829600650876,0.015606456479107751,0.14944334040952648,-0.12148222324407502,0.0,0.0,0.8425716385733062,0.0,-0.07703978827554543,0.0,0.0,Shellcode,1,shellcode
-0.13731982418469865,-0.19667188312469627,-0.2789184982697148,-0.1860411478064247,-0.379952234002974,-0.18407239773440673,-0.44638829600650876,-0.05772541767347276,-0.10853906979930084,-0.18257437119233907,0.0,0.0,-0.10824369040354682,0.0,0.01592952845852884,0.0,0.0,Shellcode,1,shellcode
2.3158725408439063,-0.10243597374759404,-0.4235270595114218,-0.1860411478064247,-0.16868979759413125,-0.5037649748658448,-0.33589122473071187,-0.6182844289098727,-0.8717039370323804,-0.6574077196434099,0.0,0.0,-0.7040808959239147,0.0,0.7907625152643599,0.0,0.0,Shellcode,1,shellcode
-0.14353413025470144,-0.19667188312469627,-0.28411110486475616,-0.1860411478064247,-0.379952234002974,-0.19325958057906292,-0.44638829600650876,-0.05436373261984507,-0.10858064022326827,-0.17976357292956557,0.0,0.0,-0.12256053857842622,0.0,0.01878317308677908,0.0,0.0,Shellcode,1,shellcode
-0.6567923900842788,-1.7230419309240497,-1.3625347543245423,-1.6329982705869572,-2.015742594047945,-0.8137879865496662,-2.6748848270027095,2.0817108441545327,2.2564488725972263,-1.8279148941509258,0.0,0.0,0.08920518777238642,0.0,-1.0269374863792013,0.0,-0.8009099181073703,Shellcode,1,shellcode
0.6757029934012941,-0.10243597374759404,-0.11927212057008386,-0.1860411478064247,-0.16868979759413125,0.03454766335964927,-0.33589122473071187,-0.316029199305043,-0.3234015843836793,-0.3641718516809293,0.0,0.0,0.29623426378023915,0.0,0.3805374645019376,0.0,0.0,Shellcode,1,shellcode
0.6131720832066362,-0.10243597374759404,-0.08587714194001478,-0.1860411478064247,-0.16868979759413125,0.09363278162391694,-0.33589122473071187,-0.29984703115053135,-0.28467866408348097,-0.34991500593309316,0.0,0.0,0.412901221263866,0.0,0.3564533296119244,0.0,0.0,Worms,1,worms
-0.38773367881361914,-0.19667188312469627,-0.45680600659569015,-0.1860411478064247,-0.379952234002974,-0.4988054773271696,-0.44638829600650876,0.1196064323376801,-0.04681126554846876,-0.035469380715656064,0.0,0.0,-0.7007645404248664,0.0,-0.20135029121030756,0.0,0.0,Shellcode,1,shellcode
-0.41453151246075365,-0.19667188312469627,-0.3870868897432873,-0.1860411478064247,-0.379952234002974,-0.37545273288805764,-0.44638829600650876,0.14693845833537827,0.025183304217829883,-0.012955497426142817,0.0,0.0,-0.46991450913863336,0.0,-0.2119776434229854,0.0,0.0,Shellcode,1,shellcode
-0.6567673737608144,-1.7230419309240497,-1.1762233087366016,-1.6329982705869572,-2.015742594047945,-0.4841505905059909,-2.6748848270027095,1.6801115354234777,1.9850263038462233,-1.8279148941509258,0.0,0.0,0.7099528292333908,0.0,-1.0223031552172404,0.0,-0.8009099181073703,Shellcode,1,shellcode
-0.08513246309491344,-0.19667188312469627,-0.3952577296146982,-0.1860411478064247,-0.379952234002974,-0.3899092488052744,-0.44638829600650876,-0.08466361506723924,-0.2107721315687727,-0.20513886010161725,0.0,0.0,-0.48919170383715266,0.0,0.06599784008443095,0.0,0.0,Shellcode,1,shellcode
-0.6567938616459617,-1.7230419309240497,-1.268916863542304,-1.6329982705869572,-2.015742594047945,-0.6481515832510182,-2.6748848270027095,2.151383822834952,2.384951413117444,-1.8279148941509258,0.0,0.0,0.40102390180592423,0.0,-1.0272125325678625,0.0,-0.8009099181073703,Shellcode,1,shellcode
-0.1311388571019426,-0.10243597374759404,-0.13879850070618036,-0.1860411478064247,-0.16868979759413125,0.0,-0.33589122473071187,-0.03151575719055766,-0.04473350762154757,-0.12133661491061688,0.0,0.0,0.23344734418997795,0.0,0.03178298224963228,0.0,0.0,Shellcode,1,shellcode
-0.6567791460953519,-1.7230419309240497,-1.781422272951801,-1.6329982705869572,-2.015742594047945,-1.5549179286192238,-2.6748848270027095,1.7962565844076983,1.7062920126257464,-1.8279148941509258,0.0,0.0,-1.3017774195986855,0.0,-1.024474327297787,0.0,-0.8009099181073703,Shellcode,1,shellcode
-0.28706762684359766,-0.19667188312469627,-0.17617677998965167,-0.1860411478064247,-0.379952234002974,-0.002293375130521175,-0.44638829600650876,0.03540081505642169,0.05086683947770274,-0.1050620103629776,0.0,0.0,0.23676369968902627,0.0,-0.08666100888676893,0.0,0.0,Shellcode,1,shellcode
0.20533276953515484,-0.10243597374759404,-0.08925250287907704,-0.1860411478064247,-0.16868979759413125,0.08766081792008297,-0.33589122473071187,-0.1761454690790865,-0.1587190190180811,-0.24307483043288694,0.0,0.0,0.4035926093718638,0.0,0.21207866856086963,0.0,0.0,Worms,1,worms
0.05748504116734472,-0.19667188312469627,-0.35294310024593833,-0.1860411478064247,-0.379952234002974,-0.3150427574007653,-0.44638829600650876,-0.14885530258064109,-0.24812955203805817,-0.25924540439090316,0.0,0.0,-0.3428592864934268,0.0,0.1283144909254376,0.0,0.0,Shellcode,1,shellcode
0.1817184567308218,-0.10243597374759404,-0.37856559700455594,-0.1860411478064247,-0.16868979759413125,-0.42421549052628543,-0.33589122473071187,-0.16767942070132696,-0.33656964241763987,-0.23587290114041148,0.0,0.0,-0.5522309558878664,0.0,0.18064212187541345,0.0,0.0,Shellcode,1,shellcode
0.7610707267343301,-0.10243597374759404,-0.21792274746119603,-0.1860411478064247,-0.16868979759413125,-0.1399930668882577,-0.33589122473071187,-0.33724290261498296,-0.40965826750613266,-0.3829871562340014,0.0,0.0,-0.029006754581904746,0.0,0.4067224440329568,0.0,0.0,Shellcode,1,shellcode
1.2411548555381728,-0.10243597374759404,-0.29048966982025476,-0.1860411478064247,-0.16868979759413125,-0.26838438095840067,-0.33589122473071187,-0.44183381393003346,-0.5707616695783758,-0.47841101082920107,0.0,0.0,-0.2628729924820024,0.0,0.5400606505208428,0.0,0.0,Shellcode,1,shellcode
0.3598610218435578,-0.10243597374759404,-0.41655906728628367,-0.1860411478064247,-0.16868979759413125,-0.4914366350502272,-0.33589122473071187,-0.22744287153548146,-0.42276371368154503,-0.2869806318222386,0.0,0.0,-0.6812002939579518,0.0,0.27329962670291447,0.0,0.0,Shellcode,1,shellcode
-0.6567953332091162,-1.7230419309240497,-1.1845062680772334,-1.6329982705869572,-2.015742594047945,-0.4988054773271696,-2.6748848270027095,2.249582492268487,2.5353010936718485,-1.8279148941509258,0.0,0.0,0.6823409088879371,0.0,-1.027487853116857,0.0,-0.8009099181073703,Shellcode,1,shellcode
-0.656764430691895,-1.7230419309240497,-1.558946917662648,-1.6329982705869572,-2.015742594047945,-1.1612963957607252,-2.6748848270027095,1.6580797128343712,1.7159623327703808,-1.8279148941509258,0.0,0.0,-0.5641082753458084,0.0,-1.0217630203531198,0.0,-0.8009099181073703,Shellcode,1,shellcode
-0.6567923900842788,-1.7230419309240497,-1.0582076580070794,-1.6329982705869572,-2.015742594047945,-0.27534768161268197,-2.6748848270027095,2.0817108441545327,2.4530720802457693,-1.8279148941509258,0.0,0.0,1.1034820400962804,0.0,-1.0269374863792013,0.0,-0.8009099181073703,Shellcode,1,shellcode
-0.38966659942107085,-0.19667188312469627,-0.3870868897432873,-0.1860411478064247,-0.379952234002974,-0.37545273288805764,-0.44638829600650876,0.1214913385453558,4.3581713317736796e-05,-0.03391570416901173,0.0,0.0,-0.46991450913863336,0.0,-0.18263391812002105,0.0,0.0,Shellcode,1,shellcode
-0.656757073045348,-1.7230419309240497,-1.41358808992599,-1.6329982705869572,-2.015742594047945,-0.9041157093253538,-2.6748848270027095,1.610439995363963,1.7636088254635205,-1.8279148941509258,0.0,0.0,-0.08074125071129871,0.0,-1.0204172896156258,0.0,-0.8009099181073703,Shellcode,1,shellcode
-0.2543475384782069,-0.19667188312469627,-0.3929045571552693,-0.1860411478064247,-0.379952234002974,-0.3857458242796367,-0.44638829600650876,0.012511203788207297,-0.11182261830182269,-0.12405229131307226,0.0,0.0,-0.48919170383715266,0.0,-0.0393511577242489,0.0,0.0,Shellcode,1,shellcode
0.021169993050880253,-0.10243597374759404,-0.22768595344007042,-0.1860411478064247,-0.16868979759413125,-0.15726692671881284,-0.33589122473071187,-0.10436889978977866,-0.17508526690673362,-0.1823460558005362,0.0,0.0,-0.0559106192158861,0.0,0.1284362171810356,0.0,0.0,Shellcode,1,shellcode
-0.4002715869925377,-0.19667188312469627,-0.262122645290886,-0.1860411478064247,-0.379952234002974,-0.15435580559052658,-0.44638829600650876,0.1320634471822477,0.09105862103230244,-0.025204361944029627,0.0,0.0,-0.05259426371683773,0.0,-0.19279269535160978,0.0,0.0,Shellcode,1,shellcode
-0.1623644658511387,-0.19667188312469627,-0.40847738845978837,-0.1860411478064247,-0.379952234002974,-0.4132985467871012,-0.44638829600650876,-0.04395685722090233,-0.17809062655368524,-0.1710688799645917,0.0,0.0,-0.5286814692381363,0.0,0.007858820404308542,0.0,0.0,Shellcode,1,shellcode
-0.411481598326361,-0.19667188312469627,-0.17488056165711086,-0.1860411478064247,-0.379952234002974,0.0,-0.44638829600650876,0.1436896892521955,0.1588323814254399,-0.015629918462050623,0.0,0.0,0.23676369968902627,0.0,-0.21050348945030198,0.0,0.0,Shellcode,1,shellcode
-0.6567938616459617,-1.7230419309240497,-1.3217699638328448,-1.6329982705869572,-2.015742594047945,-0.7416635964160151,-2.6748848270027095,2.151383822834952,2.3507871667482734,-1.8279148941509258,0.0,0.0,0.2249561308049288,0.0,-1.0272125325678625,0.0,-0.8009099181073703,Shellcode,1,shellcode
1.122802609593245,-0.10243597374759404,-0.1776653772083784,-0.1860411478064247,-0.16868979759413125,-0.06876644600177448,-0.33589122473071187,-0.4180110011050179,-0.4714045398418961,-0.45621584765390344,0.0,0.0,0.10924095596109837,0.0,0.5038136066200167,0.0,0.0,Shellcode,1,shellcode
-0.44621474185799564,-0.19667188312469627,-0.33448578404519896,-0.1860411478064247,-0.379952234002974,-0.2823865690964635,-0.44638829600650876,0.1831558730823168,0.09477835906384637,0.01683168131148943,0.0,0.0,-0.29220061326004265,0.0,-0.23459149860429873,0.0,0.0,Shellcode,1,shellcode
-0.15580121135613823,-0.19667188312469627,-0.3882430590033306,-0.1860411478064247,-0.379952234002974,-0.3774983217839182,-0.44638829600650876,-0.04762269957650501,-0.16896505410421347,-0.17413046461290377,0.0,0.0,-0.46991450913863336,0.0,0.015573191131820594,0.0,0.0,Shellcode,1,shellcode
-0.10247419910204154,-0.10243597374759404,-0.21953199418049205,-0.1860411478064247,-0.16868979759413125,-0.14284027735601273,-0.33589122473071187,-0.04648736221849278,-0.1116359054686046,-0.13383168141838123,0.0,0.0,-0.029006754581904746,0.0,0.04597466285150122,0.0,0.0,Shellcode,1,shellcode
-0.02195783579284891,-0.19667188312469627,-0.4012076224838092,-0.1860411478064247,-0.379952234002974,-0.40043628425349015,-0.44638829600650876,-0.11459204512447875,-0.24479684416021774,-0.23030112824863525,0.0,0.0,-0.5087773467078425,0.0,0.0904639745388309,0.0,0.0,Shellcode,1,shellcode
-0.21945570784241236,-0.19667188312469627,-0.44445072367506594,-0.1860411478064247,-0.379952234002974,-0.47694550368741234,-0.44638829600650876,-0.010134638067765937,-0.16776150790846484,-0.14287710265800901,0.0,0.0,-0.6554231878312298,0.0,-0.014352815725190718,0.0,0.0,Shellcode,1,shellcode
-0.6567894469653276,-1.7230419309240497,-1.1386333063742395,-1.6329982705869572,-2.015742594047945,-0.4176432943122318,-2.6748848270027095,1.9835124170285954,2.305330097561522,-1.8279148941509258,0.0,0.0,0.8352763669470445,0.0,-1.0263882148994588,0.0,-0.8009099181073703,Shellcode,1,shellcode
0.7026767409041863,-0.10243597374759404,-0.08925250287907704,-0.1860411478064247,-0.16868979759413125,0.08766081792008297,-0.33589122473071187,-0.3228371868560409,-0.3112267522860918,-0.3701940222399209,0.0,0.0,0.4035926093718638,0.0,0.37569542318178617,0.0,0.0,Worms,1,worms
-0.06801046696083939,-0.19667188312469627,-0.40000989151100524,-0.1860411478064247,-0.379952234002974,-0.39831716098765946,-0.44638829600650876,-0.09304224931276737,-0.2221921980140672,-0.2121727950147919,0.0,0.0,-0.5087773467078425,0.0,0.05915295884716638,0.0,0.0,Shellcode,1,shellcode
-0.6567776745483844,-1.7230419309240497,-1.6461021501430932,-1.6329982705869572,-2.015742594047945,-1.3154985372114205,-2.6748848270027095,1.7783087372735704,1.7767398546201987,-1.8279148941509258,0.0,0.0,-0.8534662387516724,0.0,-1.0242019949348142,0.0,-0.8009099181073703,Shellcode,1,shellcode
0.18935056043295673,-0.19667188312469627,-0.12364299766646157,-0.1860411478064247,-0.379952234002974,0.09065367465857942,-0.44638829600650876,-0.1993416946800752,-0.15188111237679683,-0.3022119338153609,0.0,0.0,0.4069089648709121,0.0,0.1989480652699779,0.0,0.0,Worms,1,worms
2.2918182347637686,-0.10243597374759404,-0.1776653772083784,-0.1860411478064247,-0.16868979759413125,-0.06876644600177448,-0.33589122473071187,-0.6149752868495577,-0.7085075540248691,-0.6536996036147885,0.0,0.0,0.10924095596109837,0.0,0.785566833524995,0.0,0.0,Shellcode,1,shellcode
-0.3564644317686174,-0.19667188312469627,-0.12028310842331696,-0.1860411478064247,-0.379952234002974,0.09659826457687604,-0.44638829600650876,0.09073392081619532,0.14172866465141093,-0.059288931914840005,0.0,0.0,0.4162175767629144,0.0,-0.1579861248450514,0.0,0.0,Worms,1,worms
-0.6567879754080592,-1.7230419309240497,-1.2016558456776347,-1.6329982705869572,-2.015742594047945,-0.5291479079041299,-2.6748848270027095,1.9461791744139458,2.2281972584706935,-1.8279148941509258,0.0,0.0,0.6251751953406505,0.0,-1.0261139885207349,0.0,-0.8009099181073703,Shellcode,1,shellcode
-0.22331328633626743,-0.19667188312469627,-0.3882430590033306,-0.1860411478064247,-0.379952234002974,-0.3774983217839182,-0.44638829600650876,-0.007711488951820823,-0.12905907497982436,-0.14086095580712282,0.0,0.0,-0.46991450913863336,0.0,-0.04650852704956654,0.0,0.0,Shellcode,1,shellcode
-0.656774731458864,-1.7230419309240497,-1.5956280408202432,-1.6329982705869572,-2.015742594047945,-1.226195628781381,-2.6748848270027095,1.7459694855424313,1.7779342993408,-1.8279148941509258,0.0,0.0,-0.6859401205123418,0.0,-1.0236581350002631,0.0,-0.8009099181073703,Shellcode,1,shellcode
0.3508564045544586,-0.19667188312469627,-0.4512632869471644,-0.1860411478064247,-0.379952234002974,-0.4889988459300785,-0.44638829600650876,-0.2531806929769611,-0.41886860429833545,-0.34854625925282656,0.0,0.0,-0.6778839384589035,0.0,0.2697762941521014,0.0,0.0,Shellcode,1,shellcode
0.33637223366423735,-0.19667188312469627,-0.28411110486475616,-0.1860411478064247,-0.379952234002974,-0.19325958057906292,-0.44638829600650876,-0.2486427946875423,-0.306344308634936,-0.3446171044255096,0.0,0.0,-0.12256053857842622,0.0,0.24944906110365286,0.0,0.0,Shellcode,1,shellcode
-0.6567953332091162,-1.7230419309240497,-1.0513477319136701,-1.6329982705869572,-2.015742594047945,-0.26321054120594195,-2.6748848270027095,2.249582492268487,2.621290081382985,-1.8279148941509258,0.0,0.0,1.1263626420622437,0.0,-1.027487853116857,0.0,-0.8009099181073703,Shellcode,1,shellcode
-0.2636898887582614,-0.19667188312469627,-0.2695856818029829,-0.1860411478064247,-0.379952234002974,-0.1675600181103919,-0.44638829600650876,0.0188713271887178,-0.025926070017211852,-0.11877204606180858,0.0,0.0,-0.0801027599090648,0.0,-0.06848211862483448,0.0,0.0,Shellcode,1,shellcode
0.26096683679906885,-0.19667188312469627,-0.19277859239342116,-0.1860411478064247,-0.379952234002974,-0.03166665487248448,-0.44638829600650876,-0.22414034429811905,-0.2218507566505762,-0.32348014193948726,0.0,0.0,0.1818631727288168,0.0,0.21959524451492998,0.0,0.0,Shellcode,1,shellcode
-0.6567909185240673,-1.7230419309240497,-1.3217699638328448,-1.6329982705869572,-2.015742594047945,-0.7416635964160151,-2.6748848270027095,2.0276683361549592,2.2300801320084194,-1.8279148941509258,0.0,0.0,0.2249561308049288,0.0,-1.026662714004611,0.0,-0.8009099181073703,Shellcode,1,shellcode
-0.6567894469653276,-1.7230419309240497,-1.6932893413188481,-1.6329982705869572,-2.015742594047945,-1.398985962134271,-2.6748848270027095,1.9835124170285954,1.9463120052814107,-1.8279148941509258,0.0,0.0,-1.0099440730139861,0.0,-1.0263882148994588,0.0,-0.8009099181073703,Shellcode,1,shellcode
0.4902342099436953,-0.10243597374759404,-0.08587714194001478,-0.1860411478064247,-0.16868979759413125,0.09363278162391694,-0.33589122473071187,-0.266220342222726,-0.2494182506469364,-0.32052588604652166,0.0,0.0,0.412901221263866,0.0,0.31974492100728596,0.0,0.0,Worms,1,worms
-0.6567923900842788,-1.7230419309240497,-1.1386333063742395,-1.6329982705869572,-2.015742594047945,-0.4176432943122318,-2.6748848270027095,2.0817108441545327,2.401140673679897,-1.8279148941509258,0.0,0.0,0.8352763669470445,0.0,-1.0269374863792013,0.0,-0.8009099181073703,Shellcode,1,shellcode
-0.09329858011471485,-0.19667188312469627,-0.3917336125442415,-0.1860411478064247,-0.379952234002974,-0.3836740936284546,-0.44638829600650876,-0.08059174026521665,-0.20414806684419293,-0.20172326359735326,0.0,0.0,-0.46991450913863336,0.0,0.06643895871094983,0.0,0.0,Shellcode,1,shellcode
-0.03490719324143571,-0.19667188312469627,-0.4247413864706035,-0.1860411478064247,-0.379952234002974,-0.4420741377693206,-0.44638829600650876,-0.1086699485682466,-0.2539193621529255,-0.22531377908289152,0.0,0.0,-0.5904126953047635,0.0,0.07289414793194948,0.0,0.0,Shellcode,1,shellcode
2.0471592539193355,2.399987903903433,1.1804364813028463,1.8261134959513174,2.9575940766044275,0.6738826753383615,2.537712824139814,0.1427874378727857,-0.3707183470391473,0.8317528950482089,0.0,0.0,-0.2673216271855592,0.0,0.18906167345941297,0.0,0.0,Worms,1,worms
-0.14694146766305216,-0.19667188312469627,-0.2695856818029829,-0.1860411478064247,-0.379952234002974,-0.1675600181103919,-0.44638829600650876,-0.052505495318867286,-0.09722204641003596,-0.1782103201515688,0.0,0.0,-0.0801027599090648,0.0,0.034049486952689646,0.0,0.0,Shellcode,1,shellcode
0.4310707482601647,-0.19667188312469627,-0.4012076224838092,-0.1860411478064247,-0.379952234002974,-0.40043628425349015,-0.44638829600650876,-0.2774309370501873,-0.4119372231105955,-0.3696270639002658,0.0,0.0,-0.5087773467078425,0.0,0.2799291089762521,0.0,0.0,Shellcode,1,shellcode
-0.3640143255818739,-0.19667188312469627,-0.4724954015814012,-0.1860411478064247,-0.379952234002974,-0.5265644338006694,-0.44638829600650876,0.09744224279584093,-0.07896859881137179,-0.053751020517076746,0.0,0.0,-0.7478502133204925,0.0,-0.13457600323352525,0.0,0.0,Shellcode,1,shellcode
0.38501424813172,-0.10243597374759404,-0.3938123854724437,-0.1860411478064247,-0.16868979759413125,-0.4511913514709689,-0.33589122473071187,-0.2352085870324574,-0.415915120532955,-0.29367178056253007,0.0,0.0,-0.6150178754781276,0.0,0.2744525604684244,0.0,0.0,Shellcode,1,shellcode
-0.20555127577902868,-0.19667188312469627,-0.39881606194893204,-0.1860411478064247,-0.379952234002974,-0.39620494041570314,-0.44638829600650876,-0.018714742371846282,-0.14678408343758595,-0.15001982189188898,0.0,0.0,-0.5087773467078425,0.0,-0.003916928642377873,0.0,0.0,Shellcode,1,shellcode
-0.21797404019462124,-0.19667188312469627,-0.3385078310100127,-0.1860411478064247,-0.379952234002974,-0.28950270242934983,-0.44638829600650876,-0.011060326507681248,-0.10022835423129178,-0.14364743638638663,0.0,0.0,-0.30885497309009813,0.0,-0.0505193437271787,0.0,0.0,Shellcode,1,shellcode
-0.6567879754080592,-1.7230419309240497,-1.3883887962608912,-1.6329982705869572,-2.015742594047945,-0.8595310649429863,-2.6748848270027095,1.9461791744139458,2.107490225844394,-1.8279148941509258,0.0,0.0,0.0031324099420479887,0.0,-1.0261139885207349,0.0,-0.8009099181073703,Shellcode,1,shellcode
-0.25224669970767755,-0.19667188312469627,-0.12195920289094528,-0.1860411478064247,-0.379952234002974,0.09363278162391694,-0.44638829600650876,0.011099155359939992,0.06163949535377538,-0.12522497536916363,0.0,0.0,0.4162175767629144,0.0,-0.03835143659379852,0.0,0.0,Worms,1,worms
-0.6567688452974813,-1.7230419309240497,-1.1386333063742395,-1.6329982705869572,-2.015742594047945,-0.4176432943122318,-2.6748848270027095,1.6919277039798999,2.0208337860873304,-1.8279148941509258,0.0,0.0,0.8352763669470445,0.0,-1.022573619548026,0.0,-0.8009099181073703,Shellcode,1,shellcode
0.8633932990462634,-0.10243597374759404,-0.13879850070618036,-0.1860411478064247,-0.16868979759413125,0.0,-0.33589122473071187,-0.36147488014576007,-0.3846364921072447,-0.4046722641872478,0.0,0.0,0.23344734418997795,0.0,0.4370405329397112,0.0,0.0,Shellcode,1,shellcode
-0.28612018147415463,-0.19667188312469627,-0.24921903397277914,-0.1860411478064247,-0.379952234002974,-0.13152568465491965,-0.44638829600650876,0.03471288621811249,0.002973281833409813,-0.10563223997099408,0.0,0.0,-0.01245701003586209,0.0,-0.08427351668900826,0.0,0.0,Shellcode,1,shellcode
-0.39471445199760785,-0.19667188312469627,-0.4485230472550584,-0.1860411478064247,-0.379952234002974,-0.4841505905059909,-0.44638829600650876,0.12647403185801406,-0.03457922039336925,-0.029809390065900433,0.0,0.0,-0.6554231878312298,0.0,-0.18980433072418615,0.0,0.0,Shellcode,1,shellcode
-0.4211956966889197,-0.19667188312469627,-0.4377624842151284,-0.1860411478064247,-0.379952234002974,-0.46511212526703116,-0.44638829600650876,0.1541720440589591,-0.00047299673741563615,-0.007002228286922649,0.0,0.0,-0.6333671575130067,0.0,-0.21655977239430316,0.0,0.0,Shellcode,1,shellcode
-0.06416984957205951,-0.19667188312469627,-0.38478543570359686,-0.1860411478064247,-0.379952234002974,-0.37138081280626284,-0.44638829600650876,-0.09489308051032729,-0.21398377079702013,-0.21372764844579248,0.0,0.0,-0.4509361977439506,0.0,0.06672722531208075,0.0,0.0,Shellcode,1,shellcode
-0.6567938616459617,-1.7230419309240497,-1.5707706963095762,-1.6329982705869572,-2.015742594047945,-1.1822159887157944,-2.6748848270027095,2.151383822834952,2.189608964257106,-1.8279148941509258,0.0,0.0,-0.6033868291916512,0.0,-1.0272125325678625,0.0,-0.8009099181073703,Shellcode,1,shellcode
-0.349314837649994,-0.19667188312469627,-0.30014548769568566,-0.1860411478064247,-0.379952234002974,-0.2216289176687707,-0.44638829600650876,0.08452248398739359,0.019553027616570278,-0.06441869315276949,0.0,0.0,-0.18156360178692313,0.0,-0.14576624634434265,0.0,0.0,Shellcode,1,shellcode
-0.07560392069720001,-0.10243597374759404,-0.42493669721644384,-0.1860411478064247,-0.16868979759413125,-0.5062590207951335,-0.33589122473071187,-0.05993217963788975,-0.2575556875399034,-0.14507010535325146,0.0,0.0,-0.7040808959239147,0.0,0.06338560568835853,0.0,0.0,Shellcode,1,shellcode
-0.6567909185240673,-1.7230419309240497,-1.3625347543245423,-1.6329982705869572,-2.015742594047945,-0.8137879865496662,-2.6748848270027095,2.0276683361549592,2.2037205076874438,-1.8279148941509258,0.0,0.0,0.08920518777238642,0.0,-1.026662714004611,0.0,-0.8009099181073703,Shellcode,1,shellcode
0.15226458139437143,-0.19667188312469627,-0.4298944464233742,-0.1860411478064247,-0.379952234002974,-0.4511913514709689,-0.44638829600650876,-0.18583066965191825,-0.33555400428044524,-0.29067218233230746,0.0,0.0,-0.6117015199790793,0.0,0.16331948453528286,0.0,0.0,Shellcode,1,shellcode
-0.12818908030931256,-0.19667188312469627,-0.4072557028236027,-0.1860411478064247,-0.379952234002974,-0.411137040978237,-0.44638829600650876,-0.06260210455981129,-0.1963466249802798,-0.18665382267327932,0.0,0.0,-0.5286814692381363,0.0,0.017521841937728898,0.0,0.0,Shellcode,1,shellcode
-0.0062671254700115845,-0.19667188312469627,-0.12251960873636722,-0.1860411478064247,-0.379952234002974,0.09264126592272322,-0.44638829600650876,-0.12163301141597406,-0.07192637399606315,-0.23623642390674576,0.0,0.0,0.4162175767629144,0.0,0.10663032919756528,0.0,0.0,Worms,1,worms
-0.27878670757929425,-0.19667188312469627,-0.4512632869471644,-0.1860411478064247,-0.379952234002974,-0.4889988459300785,-0.44638829600650876,0.029441015855688913,-0.13272944739522932,-0.11000313041039775,0.0,0.0,-0.6778839384589035,0.0,-0.07983311335906897,0.0,0.0,Shellcode,1,shellcode
-0.6567968047737422,-1.7230419309240497,-1.3883887962608912,-1.6329982705869572,-2.015742594047945,-0.8595310649429863,-2.6748848270027095,2.4174543826180814,2.5673048093446185,-1.8279148941509258,0.0,0.0,0.0031324099420479887,0.0,-1.0277634485740839,0.0,-0.8009099181073703,Shellcode,1,shellcode
-0.3466460967457087,-0.19667188312469627,-0.17165993151730605,-0.1860411478064247,-0.379952234002974,0.005698201361461322,-0.44638829600650876,0.08223780208808693,0.10012759292017828,-0.06630602755061982,0.0,0.0,0.2474543926630841,0.0,-0.11765592621094485,0.0,0.0,Shellcode,1,shellcode
1.709756566853039,2.0400968401701354,1.0191033314667006,1.4776806762138137,2.5808725535514205,0.49130427313136027,2.359667066635101,0.10678872780788179,-0.3726457119008093,0.7984124271931408,0.0,0.0,-0.24273522408350787,0.0,0.20131449403764157,0.0,0.0,Worms,1,worms
2.521249764797399,2.9449244341773024,1.4341687545238915,2.4082172800684725,3.4607200388056114,0.9756385897535939,2.7924401879030163,0.19485365697263304,-0.3474011835528659,0.8844992412603884,0.0,0.0,-0.3371661567252793,0.0,0.14490161490818862,0.0,0.0,Worms,1,worms
-0.6567953332091162,-1.7230419309240497,-1.117103148514495,-1.6329982705869572,-2.015742594047945,-0.37955038407314773,-2.6748848270027095,2.249582492268487,2.578833825406437,-1.8279148941509258,0.0,0.0,0.9070668993218103,0.0,-1.027487853116857,0.0,-0.8009099181073703,Shellcode,1,shellcode
0.04738648033472338,-0.19667188312469627,-0.19277859239342116,-0.1860411478064247,-0.379952234002974,-0.03166665487248448,-0.44638829600650876,-0.14468159381049014,-0.14054801538161854,-0.25571104135246053,0.0,0.0,0.1818631727288168,0.0,0.1337985079925229,0.0,0.0,Shellcode,1,shellcode
-0.408181949566592,-0.19667188312469627,-0.46814943739994364,-0.1860411478064247,-0.379952234002974,-0.5188751997251464,-0.44638829600650876,0.14021701450635674,-0.03355983504637982,-0.01848915015573268,0.0,0.0,-0.7240809894898906,0.0,-0.20345873655937527,0.0,0.0,Shellcode,1,shellcode
-0.09589870051740106,-0.19667188312469627,-0.32657173077118523,-0.1860411478064247,-0.379952234002974,-0.26838438095840067,-0.44638829600650876,-0.07928463800608733,-0.16073469950449779,-0.2006272048969886,0.0,0.0,-0.25955663698295406,0.0,0.06536694500128754,0.0,0.0,Shellcode,1,shellcode
0.1358957045899761,-0.19667188312469627,-0.12195920289094528,-0.1860411478064247,-0.379952234002974,0.09363278162391694,-0.44638829600650876,-0.17970719855888678,-0.13056779226363074,-0.2854524990051947,0.0,0.0,0.4162175767629144,0.0,0.18193699803620977,0.0,0.0,Worms,1,worms
-0.6567909185240673,-1.7230419309240497,-1.364811192397722,-1.6329982705869572,-2.015742594047945,-0.8178156463444233,-2.6748848270027095,2.0276683361549592,2.2022482415217004,-1.8279148941509258,0.0,0.0,0.08162574210207989,0.0,-1.026662714004611,0.0,-0.8009099181073703,Shellcode,1,shellcode
-0.09050673737760712,-0.19667188312469627,-0.2137474381593089,-0.1860411478064247,-0.379952234002974,-0.06876644600177448,-0.44638829600650876,-0.0819894845609396,-0.09071029373175708,-0.2028955220347876,0.0,0.0,0.1125573114601467,0.0,0.06803747992035127,0.0,0.0,Shellcode,1,shellcode
-0.6567894469653276,-1.7230419309240497,-1.45496717823843,-1.6329982705869572,-2.015742594047945,-0.9773269652357459,-2.6748848270027095,1.9835124170285954,2.100833483810553,-1.8279148941509258,0.0,0.0,-0.21842291427784197,0.0,-1.0263882148994588,0.0,-0.8009099181073703,Shellcode,1,shellcode
0.22454608434752685,-0.10243597374759404,-0.34527806616201506,-0.1860411478064247,-0.16868979759413125,-0.36532047764593384,-0.33589122473071187,-0.18289872919312816,-0.33081062372106423,-0.24882811240408825,0.0,0.0,-0.4542525532429989,0.0,0.20843675996092828,0.0,0.0,Shellcode,1,shellcode
0.07327489978897013,-0.19667188312469627,-0.19277859239342116,-0.1860411478064247,-0.379952234002974,-0.03166665487248448,-0.44638829600650876,-0.15528442301450676,-0.15132513683321716,-0.2646946164136635,0.0,0.0,0.1818631727288168,0.0,0.10847805133866735,0.0,0.0,Shellcode,1,shellcode
-0.1907870817570514,-0.19667188312469627,-0.1259001586204927,-0.1860411478064247,-0.379952234002974,0.08666012151432519,-0.44638829600650876,-0.027573923094457505,0.02042172040578271,-0.15740115878783204,0.0,0.0,0.39752902192415496,0.0,0.0061770468458380535,0.0,0.0,Worms,1,worms
-0.6567879754080592,-1.7230419309240497,-1.3787749899331125,-1.6329982705869572,-2.015742594047945,-0.8425215351529265,-2.6748848270027095,1.9461791744139458,2.1137089456728555,-1.8279148941509258,0.0,0.0,0.035136234597408784,0.0,-1.0261139885207349,0.0,-0.8009099181073703,Shellcode,1,shellcode
0.8483697082779675,1.8457410387579631,0.9305850316835446,1.2234785613902657,2.458939042473126,0.3707662634146158,2.2972248602832015,0.2618423566485045,-0.22706242731491288,0.9264969305386012,0.0,0.0,-0.1743926646718828,0.0,0.04690729518257044,0.0,0.0,Worms,1,worms
0.7483851890136018,-0.10243597374759404,-0.09038456664090573,-0.1860411478064247,-0.16868979759413125,0.085657878436537,-0.33589122473071187,-0.33415080748400033,-0.32408622578452456,-0.38023527224275544,0.0,0.0,0.3942126664251066,0.0,0.391270514030407,0.0,0.0,Worms,1,worms
0.17893322712457338,-0.10243597374759404,-0.08925250287907704,-0.1860411478064247,-0.16868979759413125,0.08766081792008297,-0.33589122473071187,-0.16666839006286077,-0.14904875683459687,-0.23501360124585272,0.0,0.0,0.4035926093718638,0.0,0.1928803272600369,0.0,0.0,Worms,1,worms
-0.39518495845848656,-0.19667188312469627,-0.33050739652553646,-0.1860411478064247,-0.379952234002974,-0.27534768161268197,-0.44638829600650876,0.12694297726457843,0.04179711180234943,-0.029422983008219463,0.0,0.0,-0.27576980864287753,0.0,-0.1909071452790257,0.0,0.0,Shellcode,1,shellcode
0.06868100742751823,-0.10243597374759404,-0.39511205120138215,-0.1860411478064247,-0.16868979759413125,-0.45349082601619894,-0.33589122473071187,-0.12427669810389905,-0.30343339553345455,-0.19911929815751758,0.0,0.0,-0.6150178754781276,0.0,0.15114852109007185,0.0,0.0,Shellcode,1,shellcode
0.11968654777450777,-0.19667188312469627,-0.3929045571552693,-0.1860411478064247,-0.379952234002974,-0.3857458242796367,-0.44638829600650876,-0.1735412492012444,-0.29912809465498247,-0.28020290498608014,0.0,0.0,-0.48919170383715266,0.0,0.1360254172358067,0.0,0.0,Shellcode,1,shellcode
0.3587551510630466,-0.10243597374759404,-0.44526299435283845,-0.1860411478064247,-0.16868979759413125,-0.5422219625140763,-0.33589122473071187,-0.22709807616137598,-0.44094537981986837,-0.28668382958026034,0.0,0.0,-0.7754065008139057,0.0,0.25027538379687997,0.0,0.0,Shellcode,1,shellcode
-0.0643971115162744,-0.19667188312469627,-0.4298944464233742,-0.1860411478064247,-0.379952234002974,-0.4511913514709689,-0.44638829600650876,-0.09478384893454952,-0.24314495558240648,-0.21363586319484085,0.0,0.0,-0.6117015199790793,0.0,0.07218716309817846,0.0,0.0,Shellcode,1,shellcode
-0.41678122449384897,-0.19667188312469627,-0.262122645290886,-0.1860411478064247,-0.379952234002974,-0.15435580559052658,-0.44638829600650876,0.1493593888391604,0.10814011133869914,-0.010962825413617613,0.0,0.0,-0.05259426371683773,0.0,-0.21234142332932668,0.0,0.0,Shellcode,1,shellcode
0.5310415120667136,-0.027190053322069377,-0.12062371994088314,-0.1860411478064247,0.0,-0.25807765575953295,0.166463763027047,-0.2524727957480213,-0.389815048165822,-0.07625995260476678,0.0,0.0,-0.09151444506841368,0.0,0.3338327658798865,0.0,0.0,Worms,1,worms
-0.6567894469653276,-1.7230419309240497,-1.4638346757436351,-1.6329982705869572,-2.015742594047945,-0.9930160646242215,-2.6748848270027095,1.9835124170285954,2.0950931698712196,-1.8279148941509258,0.0,0.0,-0.24792016243439444,0.0,-1.0263882148994588,0.0,-0.8009099181073703,Shellcode,1,shellcode
0.20015012756456135,-0.19667188312469627,-0.12251960873636722,-0.1860411478064247,-0.379952234002974,0.09264126592272322,-0.44638829600650876,-0.20318630047074268,-0.15502281979196908,-0.3055015686173596,0.0,0.0,0.4162175767629144,0.0,0.18784538835318992,0.0,0.0,Worms,1,worms
0.03872787989846797,-0.10243597374759404,-0.3487033747526664,-0.1860411478064247,-0.16868979759413125,-0.37138081280626284,-0.33589122473071187,-0.1118560883396833,-0.26067189621861186,-0.18864861387553633,0.0,0.0,-0.4542525532429989,0.0,0.1274473787826623,0.0,0.0,Shellcode,1,shellcode
0.20305632903977688,-0.19667188312469627,-0.34565440134143355,-0.1860411478064247,-0.379952234002974,-0.302146997186757,-0.44638829600650876,-0.20421425287851436,-0.30019647481695044,-0.3063815982112634,0.0,0.0,-0.32573905546277826,0.0,0.20397317703626114,0.0,0.0,Shellcode,1,shellcode
-0.42805395165615295,-0.19667188312469627,-0.3870868897432873,-0.1860411478064247,-0.379952234002974,-0.37545273288805764,-0.44638829600650876,0.1618187288732324,0.03986905345754538,-0.0007112057171443628,0.0,0.0,-0.46991450913863336,0.0,-0.2055569265273059,0.0,0.0,Shellcode,1,shellcode
-0.6567791460953519,-1.7230419309240497,-1.6560757003029518,-1.6329982705869572,-2.015742594047945,-1.333144555112425,-2.6748848270027095,1.7962565844076983,1.7877771062480095,-1.8279148941509258,0.0,0.0,-0.886551403198893,0.0,-1.024474327297787,0.0,-0.8009099181073703,Shellcode,1,shellcode
-0.6567511869545972,-1.7230419309240497,-1.45496717823843,-1.6329982705869572,-2.015742594047945,-0.9773269652357459,-2.6748848270027095,1.5781012280214624,1.705276295258815,-1.8279148941509258,0.0,0.0,-0.21842291427784197,0.0,-1.019345409326818,0.0,-0.8009099181073703,Shellcode,1,shellcode
0.06170220929603876,-0.10243597374759404,-0.41244098630412795,-0.1860411478064247,-0.16868979759413125,-0.4841505905059909,-0.33589122473071187,-0.12142101214539006,-0.3115346453057216,-0.19671019537386933,0.0,0.0,-0.6587395433302782,0.0,0.13419274564109826,0.0,0.0,Shellcode,1,shellcode
0.23086136755209996,-0.10243597374759404,-0.29541589118162365,-0.1860411478064247,-0.16868979759413125,-0.27710025333420646,-0.33589122473071187,-0.18509300894740457,-0.3007444479579867,-0.25069910294578684,0.0,0.0,-0.2790861641419259,0.0,0.21566840550094615,0.0,0.0,Shellcode,1,shellcode
-0.30799643725525677,-0.19667188312469627,-0.21231156814842653,-0.1860411478064247,-0.379952234002974,-0.06622598773872555,-0.44638829600650876,0.05101772829743972,0.0429312925600136,-0.09212513404878234,0.0,0.0,0.1125573114601467,0.0,-0.08376702136394909,0.0,0.0,Worms,1,worms
-0.6567953332091162,-1.7230419309240497,-1.6461021501430932,-1.6329982705869572,-2.015742594047945,-1.3154985372114205,-2.6748848270027095,2.249582492268487,2.2365544535862303,-1.8279148941509258,0.0,0.0,-0.8534662387516724,0.0,-1.027487853116857,0.0,-0.8009099181073703,Shellcode,1,shellcode
-0.40079828316429067,-0.19667188312469627,-0.3405355283065756,-0.1860411478064247,-0.379952234002974,-0.29309026976690394,-0.44638829600650876,0.1325990122519507,0.04091204546082487,-0.02476317504574348,0.0,0.0,-0.30885497309009813,0.0,-0.20661515780212197,0.0,0.0,Shellcode,1,shellcode
0.35687865576771644,-0.10243597374759404,-0.15669653144249066,-0.1860411478064247,-0.16868979759413125,-0.03166665487248448,-0.33589122473071187,-0.2265123342390874,-0.25387128429954015,-0.286179693679758,0.0,0.0,0.17854681722976848,0.0,0.2574916150970876,0.0,0.0,Shellcode,1,shellcode
-0.19226629740703058,-0.19667188312469627,-0.35930804200374844,-0.1860411478064247,-0.379952234002974,-0.3263041311740897,-0.44638829600650876,-0.026697537203434627,-0.12926967472296053,-0.1566706727228897,0.0,0.0,-0.3778352820789816,0.0,0.004524996067566826,0.0,0.0,Shellcode,1,shellcode
-0.18218587932244013,-0.19667188312469627,-0.4526411282372142,-0.1860411478064247,-0.379952234002974,-0.4914366350502272,-0.44638829600650876,-0.032621951473728025,-0.19561765345886725,-0.16161004374229945,0.0,0.0,-0.6778839384589035,0.0,-0.02551996244322262,0.0,0.0,Shellcode,1,shellcode
-0.656780617643791,-1.7230419309240497,-1.3320657349944782,-1.6329982705869572,-2.015742594047945,-0.7598797139780485,-2.6748848270027095,1.8156417376756153,2.0165519338940667,-1.8279148941509258,0.0,0.0,0.19066602965024473,0.0,-1.0247469286310384,0.0,-0.8009099181073703,Shellcode,1,shellcode
0.795274598469338,-0.19667188312469627,-0.12533456383000754,-0.1860411478064247,-0.379952234002974,0.08766081792008297,-0.44638829600650876,-0.37290286986320514,-0.3353936403605922,-0.4543024510216409,0.0,0.0,0.4069089648709121,0.0,0.408613416810402,0.0,0.0,Worms,1,worms
-0.23685407543884843,-0.19667188312469627,-0.4298944464233742,-0.1860411478064247,-0.379952234002974,-0.4511913514709689,-0.44638829600650876,0.0009482862153615253,-0.14721498060990126,-0.13365940926962963,0.0,0.0,-0.6117015199790793,0.0,-0.06851151480303547,0.0,0.0,Shellcode,1,shellcode
-0.3643653337680575,-0.19667188312469627,-0.3882430590033306,-0.1860411478064247,-0.379952234002974,-0.3774983217839182,-0.44638829600650876,0.09775798364469773,-0.02426360371639109,-0.053490426396659525,0.0,0.0,-0.46991450913863336,0.0,-0.13594053311698312,0.0,0.0,Shellcode,1,shellcode
0.23670310848020942,-0.19667188312469627,-0.4710410133574038,-0.1860411478064247,-0.379952234002974,-0.5239912116055316,-0.44638829600650876,-0.2159172775652892,-0.3929854525022492,-0.31641458719479015,0.0,0.0,-0.7478502133204925,0.0,0.22520299891232046,0.0,0.0,Shellcode,1,shellcode
0.10578279896958424,-0.10243597374759404,-0.4003572978145559,-0.1860411478064247,-0.16868979759413125,-0.46277114387169743,-0.33589122473071187,-0.13909207156209175,-0.321736614705676,-0.21163506024067422,0.0,0.0,-0.6366835130120551,0.0,0.15928292798853544,0.0,0.0,Shellcode,1,shellcode
-0.2518107991226732,-0.19667188312469627,-0.30014548769568566,-0.1860411478064247,-0.379952234002974,-0.2216289176687707,-0.44638829600650876,0.010806998949733814,-0.05367217723992131,-0.1254676367806863,0.0,0.0,-0.18156360178692313,0.0,-0.11982039697563697,0.0,0.0,Shellcode,1,shellcode
0.12213110950295147,-0.19667188312469627,-0.15535418152101438,-0.1860411478064247,-0.379952234002974,0.03454766335964927,-0.44638829600650876,-0.17447783741413886,-0.14684495821631557,-0.28099989662256886,0.0,0.0,0.29955061927928744,0.0,0.1529148476699527,0.0,0.0,Shellcode,1,shellcode
-0.4051104266637744,-0.19667188312469627,-0.3405355283065756,-0.1860411478064247,-0.379952234002974,-0.29309026976690394,-0.44638829600650876,0.13702277400904367,0.04528222751557734,-0.021119571067697556,0.0,0.0,-0.30885497309009813,0.0,-0.20390744790064347,0.0,0.0,Shellcode,1,shellcode
-0.3796920261133318,-0.19667188312469627,-0.3385078310100127,-0.1860411478064247,-0.379952234002974,-0.28950270242934983,-0.44638829600650876,0.11189671028714716,0.0219008441254086,-0.04182595349801145,0.0,0.0,-0.30885497309009813,0.0,-0.17926250921489817,0.0,0.0,Shellcode,1,shellcode
-0.21754162209367106,-0.19667188312469627,-0.40482448096316287,-0.1860411478064247,-0.379952234002974,-0.4068355250904137,-0.44638829600650876,-0.011329953761215242,-0.14328682646621568,-0.14387183063303888,0.0,0.0,-0.5286814692381363,0.0,-0.04144147174519296,0.0,0.0,Shellcode,1,shellcode
0.2975061433039614,-0.10243597374759404,-0.29048966982025476,-0.1860411478064247,-0.16868979759413125,-0.26838438095840067,-0.33589122473071187,-0.2075308063630731,-0.32057657546808743,-0.2698797880900029,0.0,0.0,-0.2628729924820024,0.0,0.23805610883293518,0.0,0.0,Shellcode,1,shellcode
-0.17814639321699902,-0.19667188312469627,-0.4273088600280135,-0.1860411478064247,-0.379952234002974,-0.44661672126549207,-0.44638829600650876,-0.0349650956451474,-0.18123169390146146,-0.16356444097527253,0.0,0.0,-0.5904126953047635,0.0,-0.00468707630517808,0.0,0.0,Shellcode,1,shellcode
0.1325223362151646,-0.19667188312469627,-0.4247413864706035,-0.1860411478064247,-0.379952234002974,-0.4420741377693206,-0.44638829600650876,-0.17843249807180245,-0.32475671779720827,-0.28436671481267034,0.0,0.0,-0.5904126953047635,0.0,0.18060944292531586,0.0,0.0,Shellcode,1,shellcode
-0.13441233037359193,-0.10243597374759404,-0.13879850070618036,-0.1860411478064247,-0.16868979759413125,0.0,-0.33589122473071187,-0.029761657230093753,-0.04297909224359077,-0.11987395676016988,0.0,0.0,0.23344734418997795,0.0,0.03021339236231714,0.0,0.0,Shellcode,1,shellcode
-0.11011713117510465,-0.10243597374759404,-0.37732320479283765,-0.1860411478064247,-0.16868979759413125,-0.42201734895616666,-0.33589122473071187,-0.04256158398612789,-0.20979929967943847,-0.1305533500469831,0.0,0.0,-0.5522309558878664,0.0,0.057120326375696466,0.0,0.0,Shellcode,1,shellcode
-0.6567894469653276,-1.7230419309240497,-1.4463091688969052,-1.6329982705869572,-2.015742594047945,-0.9620085093821313,-2.6748848270027095,1.9835124170285954,2.106437650897319,-1.8279148941509258,0.0,0.0,-0.18961978384036135,0.0,-1.0263882148994588,0.0,-0.8009099181073703,Shellcode,1,shellcode
-0.07731907710715089,-0.19667188312469627,-0.3952577296146982,-0.1860411478064247,-0.379952234002974,-0.3899092488052744,-0.44638829600650876,-0.08851329005331415,-0.21464763281604576,-0.20836973842710732,0.0,0.0,-0.48919170383715266,0.0,0.07610642599495719,0.0,0.0,Shellcode,1,shellcode
-0.35760597736403266,-0.19667188312469627,-0.12364299766646157,-0.1860411478064247,-0.379952234002974,0.09065367465857942,-0.44638829600650876,0.09173821824408963,0.1405158614169909,-0.05845970649315214,0.0,0.0,0.4069089648709121,0.0,-0.16176983433709305,0.0,0.0,Worms,1,worms
-0.6567968047737422,-1.7230419309240497,-1.3469837097441824,-1.6329982705869572,-2.015742594047945,-0.7862738108904506,-2.6748848270027095,2.4174543826180814,2.5940841460294712,-1.8279148941509258,0.0,0.0,0.14098653938626735,0.0,-1.0277634485740839,0.0,-0.8009099181073703,Shellcode,1,shellcode
-0.3732880106902001,-0.19667188312469627,-0.11530033052243907,-0.1860411478064247,-0.379952234002974,0.10541420139238467,-0.44638829600650876,0.10590349074461207,0.1599198178489579,-0.04676918834361031,0.0,0.0,0.43462509002891325,0.0,-0.17202065205238348,0.0,0.0,Shellcode,1,shellcode
-0.19060804631156503,-0.19667188312469627,-0.4431032760121259,-0.1860411478064247,-0.379952234002974,-0.4745614894497737,-0.44638829600650876,-0.027679814641967913,-0.18432194943285943,-0.15748942431020269,0.0,0.0,-0.6554231878312298,0.0,0.005680368961861486,0.0,0.0,Shellcode,1,shellcode
-0.04949695233863468,-0.10243597374759404,-0.2640634267447552,-0.1860411478064247,-0.16868979759413125,-0.2216289176687707,-0.33589122473071187,-0.07249869637375951,-0.16657745208396435,-0.15559029965719717,0.0,0.0,-0.18487995728597145,0.0,0.09107892168788924,0.0,0.0,Shellcode,1,shellcode
-0.24398769945234203,-0.19667188312469627,-0.28411110486475616,-0.1860411478064247,-0.379952234002974,-0.19325958057906292,-0.44638829600650876,0.005610722251682618,-0.04863071971334384,-0.12978440897383922,0.0,0.0,-0.12256053857842622,0.0,-0.05275809556052879,0.0,0.0,Shellcode,1,shellcode
0.5510696321731557,-0.10243597374759404,-0.3938123854724437,-0.1860411478064247,-0.16868979759413125,-0.4511913514709689,-0.33589122473071187,-0.2831801454371284,-0.46586256846762464,-0.33531056283187805,0.0,0.0,-0.6150178754781276,0.0,0.3405300777033683,0.0,0.0,Shellcode,1,shellcode
-0.656780617643791,-1.7230419309240497,-1.026936306151037,-1.6329982705869572,-2.015742594047945,-0.22001985693684467,-2.6748848270027095,1.8156417376756153,2.2136600078001942,-1.8279148941509258,0.0,0.0,1.2077890503898543,0.0,-1.0247469286310384,0.0,-0.8009099181073703,Shellcode,1,shellcode
-0.11795199181355903,-0.19667188312469627,-0.3679703146713339,-0.1860411478064247,-0.379952234002974,-0.34163013005168086,-0.44638829600650876,-0.06798385919995413,-0.17606964828710878,-0.19115851364949346,0.0,0.0,-0.3957053303243667,0.0,0.052450444227822406,0.0,0.0,Shellcode,1,shellcode
-0.27677119260724103,-0.19667188312469627,0.0022385825983669318,-0.1860411478064247,-0.379952234002974,0.31337362724879647,-0.44638829600650876,0.028008205947580495,0.1585220684590779,-0.11119138503499205,0.0,0.0,0.8294093981540045,0.0,-0.07623320779202744,0.0,0.0,Shellcode,1,shellcode
-0.38944447881095734,-0.19667188312469627,-0.33649129028872105,-0.1860411478064247,-0.379952234002974,-0.2859348742141538,-0.44638829600650876,0.12127409155735881,0.032618919428368094,-0.03409477749668058,0.0,0.0,-0.29220061326004265,0.0,-0.16218223134819226,0.0,0.0,Shellcode,1,shellcode
-0.12630690746259618,-0.10243597374759404,-0.31476372111674045,-0.1860411478064247,-0.16868979759413125,-0.31133201112440306,-0.33589122473071187,-0.034087871454326256,-0.16092447091109863,-0.12348184655030126,0.0,0.0,-0.3461756419924752,0.0,0.03721440774462537,0.0,0.0,Shellcode,1,shellcode
0.2382354238990118,-0.10243597374759404,-0.36392783056007477,-0.1860411478064247,-0.16868979759413125,-0.39831716098765946,-0.33589122473071187,-0.1876395985051658,-0.34777904315807107,-0.2528715616176505,0.0,0.0,-0.5120937022068909,0.0,0.21379278458430323,0.0,0.0,Shellcode,1,shellcode
-0.3554868397361197,-0.19667188312469627,-0.32657173077118523,-0.1860411478064247,-0.379952234002974,-0.26838438095840067,-0.44638829600650876,0.08987664793777952,0.007947695506529009,-0.05999679751385566,0.0,0.0,-0.25955663698295406,0.0,-0.14793485278145133,0.0,0.0,Shellcode,1,shellcode
0.6255128298411139,-0.10243597374759404,-0.3318882537204034,-0.1860411478064247,-0.16868979759413125,-0.34163013005168086,-0.33589122473071187,-0.303086552816321,-0.44669276611591613,-0.35276282621490396,0.0,0.0,-0.3990216858234151,0.0,0.34831296052918925,0.0,0.0,Shellcode,1,shellcode
-0.4020007468676395,-0.19667188312469627,-0.3385078310100127,-0.1860411478064247,-0.379952234002974,-0.28950270242934983,-0.44638829600650876,0.1338255988800287,0.043577968399522105,-0.023752826173052348,0.0,0.0,-0.30885497309009813,0.0,-0.1961719136631844,0.0,0.0,Shellcode,1,shellcode
-0.20464729476229515,-0.19667188312469627,-0.3882430590033306,-0.1860411478064247,-0.379952234002974,-0.3774983217839182,-0.44638829600650876,-0.019264456465873443,-0.14059397600210302,-0.15047764011467435,0.0,0.0,-0.46991450913863336,0.0,-0.04210845335325761,0.0,0.0,Shellcode,1,shellcode
-0.00914417873344849,-0.10243597374759404,-0.2640634267447552,-0.1860411478064247,-0.16868979759413125,-0.2216289176687707,-0.33589122473071187,-0.09105469294135868,-0.1852465661365451,-0.17115473861921005,0.0,0.0,-0.18487995728597145,0.0,0.11291769958130221,0.0,0.0,Shellcode,1,shellcode
0.12104118744006521,-0.19667188312469627,-0.46101875816737437,-0.1860411478064247,-0.379952234002974,-0.5062590207951335,-0.44638829600650876,-0.17406055201508527,-0.3434066383261231,-0.2806447817051025,0.0,0.0,-0.7007645404248664,0.0,0.1754609569387595,0.0,0.0,Shellcode,1,shellcode
0.08503198279776993,-0.10243597374759404,-0.37362109905778573,-0.1860411478064247,-0.16868979759413125,-0.4154672817258373,-0.33589122473071187,-0.13088037003645844,-0.2960719362438173,-0.20469432942028884,0.0,0.0,-0.5319978247371847,0.0,0.13850783314296342,0.0,0.0,Shellcode,1,shellcode
-0.6567791460953519,-1.7230419309240497,-1.8188532794431165,-1.6329982705869572,-2.015742594047945,-1.6211439163579489,-2.6748848270027095,1.7962565844076983,1.6819097821178834,-1.8279148941509258,0.0,0.0,-1.4255268070513845,0.0,-1.024474327297787,0.0,-0.8009099181073703,Worms,1,worms
-0.3694528834210762,-0.19667188312469627,-0.4196597750615913,-0.1860411478064247,-0.379952234002974,-0.4330833366551616,-0.44638829600650876,0.10237387301217019,-0.04006572978307559,-0.0496812489581591,0.0,0.0,-0.569487800041417,0.0,-0.15175407935929017,0.0,0.0,Shellcode,1,shellcode
0.5354772063068457,-0.10243597374759404,-0.13879850070618036,-0.1860411478064247,-0.16868979759413125,0.0,-0.33589122473071187,-0.27889544998996996,-0.2969239615830948,-0.3315683501518031,0.0,0.0,0.23344734418997795,0.0,0.3264765729567391,0.0,0.0,Shellcode,1,shellcode
0.4388143498994504,-0.10243597374759404,-0.3651255615328787,-0.1860411478064247,-0.16868979759413125,-0.40043628425349015,-0.33589122473071187,-0.25134838267135007,-0.4143105660150342,-0.3076200964932207,0.0,0.0,-0.5120937022068909,0.0,0.30201312144088327,0.0,0.0,Shellcode,1,shellcode
-0.6567968047737422,-1.7230419309240497,-1.4578992366881278,-1.6329982705869572,-2.015742594047945,-0.9825146020411841,-2.6748848270027095,2.4174543826180814,2.5223246124067353,-1.8279148941509258,0.0,0.0,-0.2281765640096056,0.0,-1.0277634485740839,0.0,-0.8009099181073703,Shellcode,1,shellcode
0.10549179082338395,-0.19667188312469627,-0.12251960873636722,-0.1860411478064247,-0.379952234002974,0.09264126592272322,-0.44638829600650876,-0.16805469700712783,-0.11907350654384267,-0.2755368752535775,0.0,0.0,0.4162175767629144,0.0,0.15263287719416196,0.0,0.0,Worms,1,worms
-0.6567791460953519,-1.7230419309240497,-1.2060716262204758,-1.6329982705869572,-2.015742594047945,-0.5369606667770435,-2.6748848270027095,1.7962565844076983,2.0790668445756206,-1.8279148941509258,0.0,0.0,0.6104566625195736,0.0,-1.024474327297787,0.0,-0.8009099181073703,Shellcode,1,shellcode
-0.28275071209728864,-0.19667188312469627,-0.17617677998965167,-0.1860411478064247,-0.379952234002974,-0.002293375130521175,-0.44638829600650876,0.03227910203262186,0.04776277546473206,-0.10764984818306313,0.0,0.0,0.23676369968902627,0.0,-0.07419022925919848,0.0,0.0,Shellcode,1,shellcode
-0.061526942126784265,-0.19667188312469627,-0.481345055303769,-0.1860411478064247,-0.379952234002974,-0.5422219625140763,-0.44638829600650876,-0.0961607869503976,-0.27794951376408733,-0.21479283892598022,0.0,0.0,-0.7720901453148572,0.0,0.06654418729401167,0.0,0.0,Shellcode,1,shellcode
0.13198001921501604,-0.19667188312469627,-0.25561405513142255,-0.1860411478064247,-0.379952234002974,-0.14284027735601273,-0.44638829600650876,-0.1782271475333191,-0.21522800806479195,-0.2841918398075008,0.0,0.0,-0.02569039908285641,0.0,0.1738844155915906,0.0,0.0,Shellcode,1,shellcode
-0.6567865038522626,-1.7230419309240497,-1.1845062680772334,-1.6329982705869572,-2.015742594047945,-0.4988054773271696,-2.6748848270027095,1.9138396804612412,2.207722570257719,-1.8279148941509258,0.0,0.0,0.6823409088879371,0.0,-1.025840034327047,0.0,-0.8009099181073703,Shellcode,1,shellcode
0.38502004782985955,-0.10243597374759404,-0.21313697302184859,-0.1860411478064247,-0.16868979759413125,-0.13152568465491965,-0.33589122473071187,-0.23521035773729845,-0.2993624317994321,-0.2936732980576186,0.0,0.0,-0.015773365534910464,0.0,0.2796571903343652,0.0,0.0,Shellcode,1,shellcode
-0.6567835607450837,-1.7230419309240497,-1.1386333063742395,-1.6329982705869572,-2.015742594047945,-0.4176432943122318,-2.6748848270027095,1.8597974145255702,2.184623047138088,-1.8279148941509258,0.0,0.0,0.8352763669470445,0.0,-1.0252929403372555,0.0,-0.8009099181073703,Shellcode,1,shellcode
-0.011796158793658314,-0.19667188312469627,-0.2137474381593089,-0.1860411478064247,-0.379952234002974,-0.06876644600177448,-0.44638829600650876,-0.11916839709909241,-0.12821237127572058,-0.23415813612635172,0.0,0.0,0.1125573114601467,0.0,0.09630902577885378,0.0,0.0,Shellcode,1,shellcode
-0.6567909185240673,-1.7230419309240497,-1.1845062680772334,-1.6329982705869572,-2.015742594047945,-0.4988054773271696,-2.6748848270027095,2.0276683361549592,2.3187834668715404,-1.8279148941509258,0.0,0.0,0.6823409088879371,0.0,-1.026662714004611,0.0,-0.8009099181073703,Shellcode,1,shellcode
-0.09093644647311756,-0.19667188312469627,-0.41714514872022734,-0.1860411478064247,-0.379952234002974,-0.42863425476127026,-0.44638829600650876,-0.08177473331961016,-0.2218188714526688,-0.2027154024134651,0.0,0.0,-0.569487800041417,0.0,0.03837747923724076,0.0,0.0,Shellcode,1,shellcode
0.401578166700846,-0.10243597374759404,-0.1908478098327973,-0.1860411478064247,-0.16868979759413125,-0.09208988031962777,-0.33589122473071187,-0.24024422150232366,-0.2902506106691576,-0.29801747150755564,0.0,0.0,0.06075633826774085,0.0,0.28836639199334374,0.0,0.0,Shellcode,1,shellcode
1.1133042841046688,-0.10243597374759404,-0.3318882537204034,-0.1860411478064247,-0.16868979759413125,-0.34163013005168086,-0.33589122473071187,-0.4160498630642976,-0.5686351049896208,-0.45440248616792006,0.0,0.0,-0.3990216858234151,0.0,0.5019510008744733,0.0,0.0,Shellcode,1,shellcode
0.7788021985921627,-0.10243597374759404,-0.38865932551967297,-0.1860411478064247,-0.16868979759413125,-0.4420741377693206,-0.33589122473071187,-0.34153124435933047,-0.5244077174959513,-0.3868091802603663,0.0,0.0,-0.5937290508038119,0.0,0.41225196845667106,0.0,0.0,Shellcode,1,shellcode
0.5607138082007348,-0.10243597374759404,-0.3651255615328787,-0.1860411478064247,-0.16868979759413125,-0.40043628425349015,-0.33589122473071187,-0.28580965399684255,-0.4502852402198461,-0.3376095869698767,0.0,0.0,-0.5120937022068909,0.0,0.33388594779935044,0.0,0.0,Shellcode,1,shellcode
0.2323764531983406,-0.10243597374759404,-0.3723953275088579,-0.1860411478064247,-0.16868979759413125,-0.4132985467871012,-0.33589122473071187,-0.18561759955825613,-0.3509119926005843,-0.2511465367377487,0.0,0.0,-0.5319978247371847,0.0,0.20269590378454844,0.0,0.0,Shellcode,1,shellcode
-0.052440345350067266,-0.10243597374759404,-0.2335036208520524,-0.1860411478064247,-0.16868979759413125,-0.1675600181103919,-0.33589122473071187,-0.07110499914878282,-0.1454627118298568,-0.15442276867238783,0.0,0.0,-0.08341911540811318,0.0,0.07843399793964953,0.0,0.0,Shellcode,1,shellcode
-0.6567835607450837,-1.7230419309240497,-1.3299833126223422,-1.6329982705869572,-2.015742594047945,-0.7561953225760726,-2.6748848270027095,1.8597974145255702,2.0609805809152633,-1.8279148941509258,0.0,0.0,0.19760132618987286,0.0,-1.0252929403372555,0.0,-0.8009099181073703,Shellcode,1,shellcode
-0.6567968047737422,-1.7230419309240497,-1.3625347543245423,-1.6329982705869572,-2.015742594047945,-0.8137879865496662,-2.6748848270027095,2.4174543826180814,2.5840273961373974,-1.8279148941509258,0.0,0.0,0.08920518777238642,0.0,-1.0277634485740839,0.0,-0.8009099181073703,Shellcode,1,shellcode
-0.6567776745483844,-1.7230419309240497,-1.2120433322875162,-1.6329982705869572,-2.015742594047945,-0.5475262959130606,-2.6748848270027095,1.7783087372735704,2.0576972591894815,-1.8279148941509258,0.0,0.0,0.5905525399892798,0.0,-1.0242019949348142,0.0,-0.8009099181073703,Shellcode,1,shellcode
-0.2388554951106063,-0.19667188312469627,-0.12533456383000754,-0.1860411478064247,-0.379952234002974,0.08766081792008297,-0.44638829600650876,0.0022492190003008867,0.050602712127357015,-0.13257802425341372,0.0,0.0,0.4069089648709121,0.0,-0.04650152218484798,0.0,0.0,Worms,1,worms
-0.6567909185240673,-1.7230419309240497,-1.117103148514495,-1.6329982705869572,-2.015742594047945,-0.37955038407314773,-2.6748848270027095,2.0276683361549592,2.3623161985492227,-1.8279148941509258,0.0,0.0,0.9070668993218103,0.0,-1.026662714004611,0.0,-0.8009099181073703,Shellcode,1,shellcode
-0.6567923900842788,-1.7230419309240497,-1.6316329546504091,-1.6329982705869572,-2.015742594047945,-1.289898457141171,-2.6748848270027095,2.0817108441545327,2.0821557507118165,-1.8279148941509258,0.0,0.0,-0.8054570829267056,0.0,-1.0269374863792013,0.0,-0.8009099181073703,Shellcode,1,shellcode
-0.14865226698786563,-0.19667188312469627,-0.4739555841960914,-0.1860411478064247,-0.379952234002974,-0.5291479079041299,-0.44638829600650876,-0.051568413315308495,-0.22835702420860524,-0.1774271600876823,0.0,0.0,-0.7478502133204925,0.0,-0.014500908009260976,0.0,0.0,Shellcode,1,shellcode
-0.6567791460953519,-1.7230419309240497,-1.7223923502561018,-1.6329982705869572,-2.015742594047945,-1.4504773777734887,-2.6748848270027095,1.7962565844076983,1.7446948918241052,-1.8279148941509258,0.0,0.0,-1.106377899346931,0.0,-1.024474327297787,0.0,-0.8009099181073703,Shellcode,1,shellcode
-0.6567835607450837,-1.7230419309240497,-1.3625347543245423,-1.6329982705869572,-2.015742594047945,-0.8137879865496662,-2.6748848270027095,1.8597974145255702,2.039931246559472,-1.8279148941509258,0.0,0.0,0.08920518777238642,0.0,-1.0252929403372555,0.0,-0.8009099181073703,Shellcode,1,shellcode
3.1557515605158306,-0.10243597374759404,-0.43641334063047066,-0.1860411478064247,-0.16868979759413125,-0.5265644338006694,-0.33589122473071187,-0.7187465945696763,-1.0296106472901458,-0.7820852287019086,0.0,0.0,-0.7511665688195409,0.0,0.9658904111918356,0.0,0.0,Shellcode,1,shellcode
-0.34647923756899485,-0.19667188312469627,-0.4377624842151284,-0.1860411478064247,-0.379952234002974,-0.46511212526703116,-0.44638829600650876,0.08209555763650472,-0.07174289339936415,-0.06642353930147131,0.0,0.0,-0.6333671575130067,0.0,-0.14875914397121137,0.0,0.0,Shellcode,1,shellcode
-0.31577023563856854,-0.19667188312469627,-0.12195920289094528,-0.1860411478064247,-0.379952234002974,0.09363278162391694,-0.44638829600650876,0.05703517227826267,0.10731649980022397,-0.08714433285081966,0.0,0.0,0.4162175767629144,0.0,-0.1065506217962111,0.0,0.0,Worms,1,worms
-0.10514521808590109,-0.19667188312469627,-0.44445072367506594,-0.1860411478064247,-0.379952234002974,-0.47694550368741234,-0.44638829600650876,-0.07459379803258555,-0.2323146714752216,-0.19669523123297164,0.0,0.0,-0.6554231878312298,0.0,0.03473261414468325,0.0,0.0,Shellcode,1,shellcode
0.03259854485079382,-0.19667188312469627,-0.4526411282372142,-0.1860411478064247,-0.379952234002974,-0.4914366350502272,-0.44638829600650876,-0.1384793044221576,-0.3021968742343165,-0.2504634113265498,0.0,0.0,-0.6778839384589035,0.0,0.12267187749371157,0.0,0.0,Shellcode,1,shellcode
-0.4074352057110822,-0.19667188312469627,-0.3405355283065756,-0.1860411478064247,-0.379952234002974,-0.29309026976690394,-0.44638829600650876,0.13943706362161756,0.04766685640741517,-0.019131396762090126,0.0,0.0,-0.30885497309009813,0.0,-0.2018370803913838,0.0,0.0,Shellcode,1,shellcode
0.5805701391157415,-0.10243597374759404,-0.3938123854724437,-0.1860411478064247,-0.16868979759413125,-0.4511913514709689,-0.33589122473071187,-0.29117500316711037,-0.47425458021407974,-0.342306428064018,0.0,0.0,-0.6150178754781276,0.0,0.3449235124311142,0.0,0.0,Shellcode,1,shellcode
-0.41348091017281224,-0.19667188312469627,-0.4221917737433725,-0.1860411478064247,-0.379952234002974,-0.43756315510976346,-0.44638829600650876,0.1458150640017882,0.0015121027769024915,-0.013880234260980841,0.0,0.0,-0.569487800041417,0.0,-0.20814568571102657,0.0,0.0,Shellcode,1,shellcode
-0.16387642700797683,-0.19667188312469627,-0.3929045571552693,-0.1860411478064247,-0.379952234002974,-0.3857458242796367,-0.44638829600650876,-0.043106354866518364,-0.16736572056927326,-0.17035875046685275,0.0,0.0,-0.48919170383715266,0.0,0.0026901669587182245,0.0,0.0,Shellcode,1,shellcode
0.316284151792602,-0.10243597374759404,-0.4151812259962339,-0.1860411478064247,-0.16868979759413125,-0.4889988459300785,-0.33589122473071187,-0.21363090512918478,-0.4075370546318451,-0.2751103832213326,0.0,0.0,-0.6812002939579518,0.0,0.25685208572605495,0.0,0.0,Shellcode,1,shellcode
-0.6567909185240673,-1.7230419309240497,-0.8059007401333427,-1.6329982705869572,-2.015742594047945,0.17105428338332826,-2.6748848270027095,2.0276683361549592,2.5631730653074802,-1.8279148941509258,0.0,0.0,1.945330613573797,0.0,-1.026662714004611,0.0,-0.8009099181073703,Shellcode,1,shellcode
-0.0403389111168284,-0.19667188312469627,-0.4364393587654864,-0.1860411478064247,-0.379952234002974,-0.46277114387169743,-0.44638829600650876,-0.10615481875059134,-0.2588369337032049,-0.22319691655193494,0.0,0.0,-0.6333671575130067,0.0,0.09651664038923596,0.0,0.0,Shellcode,1,shellcode
-0.11959262520230705,-0.19667188312469627,-0.4298944464233742,-0.1860411478064247,-0.379952234002974,-0.4511913514709689,-0.44638829600650876,-0.06712734656220003,-0.2153231708108302,-0.1904413824157461,0.0,0.0,-0.6117015199790793,0.0,0.03267946409466569,0.0,0.0,Shellcode,1,shellcode
-0.1518375861911745,-0.19667188312469627,0.0022385825983669318,-0.1860411478064247,-0.379952234002974,0.31337362724879647,-0.44638829600650876,-0.04981632839744133,0.08082667837972143,-0.1759630821602039,0.0,0.0,0.8294093981540045,0.0,-0.028500043859884826,0.0,0.0,Shellcode,1,shellcode
-0.4140710017884257,-0.19667188312469627,-0.3824983434050822,-0.1860411478064247,-0.379952234002974,-0.367334302687602,-0.44638829600650876,0.14644548868704366,0.027575695035212046,-0.013361290261439807,0.0,0.0,-0.4509361977439506,0.0,-0.2100090949797329,0.0,0.0,Shellcode,1,shellcode
0.5444817297728912,-0.19667188312469627,-0.46101875816737437,-0.1860411478064247,-0.379952234002974,-0.5062590207951335,-0.44638829600650876,-0.30946636285981416,-0.48384907776008695,-0.3977136750498101,0.0,0.0,-0.7007645404248664,0.0,0.32004622530225274,0.0,0.0,Shellcode,1,shellcode
1.6215130462724732,2.0304816430482804,1.0226272194882935,1.4776806762138137,2.559316758271877,0.49771141764662563,2.3593686753561176,0.11972108976065923,-0.35241007256068024,0.8131304510704939,0.0,0.0,-0.21520641932426174,0.0,0.18071088590122888,0.0,0.0,Worms,1,worms
-0.41231639203445536,-0.19667188312469627,-0.4485230472550584,-0.1860411478064247,-0.379952234002974,-0.4841505905059909,-0.44638829600650876,0.14457513546073236,-0.01669818004544104,-0.014900973324301571,0.0,0.0,-0.6554231878312298,0.0,-0.20829353511615833,0.0,0.0,Shellcode,1,shellcode
-0.1145601443721167,-0.19667188312469627,-0.4097031600087162,-0.1860411478064247,-0.379952234002974,-0.4154672817258373,-0.44638829600650876,-0.06974756086967863,-0.20483780021602038,-0.1926354082723443,0.0,0.0,-0.5286814692381363,0.0,0.03755809623612589,0.0,0.0,Shellcode,1,shellcode
0.048817503747514125,-0.10243597374759404,-0.36273400099800157,-0.1860411478064247,-0.16868979759413125,-0.39620494041570314,-0.33589122473071187,-0.11608827051540795,-0.27416587979266854,-0.19221419768514217,0.0,0.0,-0.5120937022068909,0.0,0.12835352644772613,0.0,0.0,Shellcode,1,shellcode
-0.40577906046572176,-0.19667188312469627,-0.3385078310100127,-0.1860411478064247,-0.379952234002974,-0.28950270242934983,-0.44638829600650876,0.13771502359084986,0.04742009203219453,-0.0205494597087797,0.0,0.0,-0.30885497309009813,0.0,-0.1912515730185044,0.0,0.0,Shellcode,1,shellcode
0.38544698782470843,-0.10243597374759404,-0.29048966982025476,-0.1860411478064247,-0.16868979759413125,-0.26838438095840067,-0.33589122473071187,-0.2353409275524046,-0.349253846897406,-0.2937859028732944,0.0,0.0,-0.2628729924820024,0.0,0.275195135708332,0.0,0.0,Shellcode,1,shellcode
1.2441703599112173,-0.10243597374759404,-0.3498522952907055,-0.1860411478064247,-0.16868979759413125,-0.3734135766723001,-0.33589122473071187,-0.4424265297339039,-0.6097705590932235,-0.47896735918175976,0.0,0.0,-0.4542525532429989,0.0,0.5409215992352905,0.0,0.0,Shellcode,1,shellcode
0.03171952107946597,-0.19667188312469627,-0.4526411282372142,-0.1860411478064247,-0.379952234002974,-0.4914366350502272,-0.44638829600650876,-0.13810716924669966,-0.30181940240027405,-0.25014872396237664,0.0,0.0,-0.6778839384589035,0.0,0.12521943894877463,0.0,0.0,Shellcode,1,shellcode
-0.656780617643791,-1.7230419309240497,-1.390832174320455,-1.6329982705869572,-2.015742594047945,-0.8638540885691692,-2.6748848270027095,1.8156417376756153,1.9785458421578577,-1.8279148941509258,0.0,0.0,-0.00500101908356693,0.0,-1.0247469286310384,0.0,-0.8009099181073703,Shellcode,1,shellcode
-0.006045828264569384,-0.19667188312469627,-0.12533456383000754,-0.1860411478064247,-0.379952234002974,0.08766081792008297,-0.44638829600650876,-0.12173129217620081,-0.07384107595093148,-0.23631930937441148,0.0,0.0,0.4069089648709121,0.0,0.09861530489355107,0.0,0.0,Worms,1,worms
-0.33522427864633014,-0.19667188312469627,-0.17488056165711086,-0.1860411478064247,-0.379952234002974,0.0,-0.44638829600650876,0.07265855425385392,0.08855463723752681,-0.07422228443558818,0.0,0.0,0.23676369968902627,0.0,-0.10696664938566988,0.0,0.0,Shellcode,1,shellcode
-0.3144087770972206,-0.19667188312469627,-0.17617677998965167,-0.1860411478064247,-0.379952234002974,-0.002293375130521175,-0.44638829600650876,0.055972382310535786,0.0713035244310782,-0.08802387475255077,0.0,0.0,0.23676369968902627,0.0,-0.09872584401434499,0.0,0.0,Shellcode,1,shellcode
-0.3634524043297448,-0.19667188312469627,-0.30014548769568566,-0.1860411478064247,-0.379952234002974,-0.2216289176687707,-0.44638829600650876,0.0969375237145371,0.031848501277430365,-0.05416760233375391,0.0,0.0,-0.18156360178692313,0.0,-0.15909104713750638,0.0,0.0,Shellcode,1,shellcode
-0.6567909185240673,-1.7230419309240497,-1.0513477319136701,-1.6329982705869572,-2.015742594047945,-0.26321054120594195,-2.6748848270027095,2.0276683361549592,2.404772454479509,-1.8279148941509258,0.0,0.0,1.1263626420622437,0.0,-1.026662714004611,0.0,-0.8009099181073703,Shellcode,1,shellcode
-0.15740076516031182,-0.19667188312469627,-0.38478543570359686,-0.1860411478064247,-0.379952234002974,-0.37138081280626284,-0.44638829600650876,-0.046733150598659776,-0.16559534891896824,-0.173387437992301,0.0,0.0,-0.4509361977439506,0.0,0.007017053195881925,0.0,0.0,Shellcode,1,shellcode
-0.291067803970702,-0.006487834901754498,0.5715068936195777,0.15936542501584577,-0.379952234002974,1.320569524972854,-0.44638829600650876,0.09463036311437822,0.5432057701391091,-0.10264019154621512,0.0,0.0,2.311735830601189,0.0,-0.20854150641776079,0.0,0.0,Worms,1,worms
1.7186935918364725,-0.10243597374759404,-0.15669653144249066,-0.1860411478064247,-0.16868979759413125,-0.03166665487248448,-0.33589122473071187,-0.5280777662003182,-0.5848201687817969,-0.5619618382542001,0.0,0.0,0.17854681722976848,0.0,0.6570175828319204,0.0,0.0,Shellcode,1,shellcode
-0.4096467174123409,-0.19667188312469627,-0.3385078310100127,-0.1860411478064247,-0.379952234002974,-0.28950270242934983,-0.44638829600650876,0.14175325177030004,0.05140840122211556,-0.017224214922759308,0.0,0.0,-0.30885497309009813,0.0,-0.20520508247707903,0.0,0.0,Shellcode,1,shellcode
0.0711632570150879,-0.10243597374759404,-0.43933954660585406,-0.1860411478064247,-0.16868979759413125,-0.5317417159315061,-0.33589122473071187,-0.1252869829093102,-0.33269209287448676,-0.19997184417220373,0.0,0.0,-0.7511665688195409,0.0,0.13048310918146078,0.0,0.0,Shellcode,1,shellcode
-0.6567909185240673,-1.7230419309240497,-1.344815032697625,-1.6329982705869572,-2.015742594047945,-0.7824368106877472,-2.6748848270027095,2.0276683361549592,2.215179623417087,-1.8279148941509258,0.0,0.0,0.14820825098088444,0.0,-1.026662714004611,0.0,-0.8009099181073703,Shellcode,1,shellcode
-0.41192385541044446,-0.19667188312469627,-0.33050739652553646,-0.1860411478064247,-0.379952234002974,-0.27534768161268197,-0.44638829600650876,0.14415842792035474,0.05880347148374301,-0.015244018000737913,0.0,0.0,-0.27576980864287753,0.0,-0.20580316595236825,0.0,0.0,Shellcode,1,shellcode
0.28621767008718463,-0.10243597374759404,0.038320643549297526,-0.1860411478064247,-0.16868979759413125,0.31337362724879647,-0.33589122473071187,-0.2038185299038209,-0.10479872782389112,-0.2667000922817597,0.0,0.0,0.8260930426549563,0.0,0.24146751577444714,0.0,0.0,Shellcode,1,shellcode
-0.33251365514511433,-0.19667188312469627,-0.2137474381593089,-0.1860411478064247,-0.379952234002974,-0.06876644600177448,-0.44638829600650876,0.07043088284252612,0.0614241999530268,-0.07606394752871284,0.0,0.0,0.1125573114601467,0.0,-0.13689488515331397,0.0,0.0,Shellcode,1,shellcode
-0.656780617643791,-1.7230419309240497,-1.4822404854273943,-1.6329982705869572,-2.015742594047945,-1.0255811234003125,-2.6748848270027095,1.8156417376756153,1.9193872009908117,-1.8279148941509258,0.0,0.0,-0.3091367462547253,0.0,-1.0247469286310384,0.0,-0.8009099181073703,Shellcode,1,shellcode
-0.12936396269361153,-0.19667188312469627,-0.3929045571552693,-0.1860411478064247,-0.379952234002974,-0.3857458242796367,-0.44638829600650876,-0.06197872539860429,-0.18628586514761208,-0.18613222324292253,0.0,0.0,-0.48919170383715266,0.0,0.023491849492432822,0.0,0.0,Shellcode,1,shellcode
-0.1560933379624327,-0.19667188312469627,-0.41840030526031446,-0.1860411478064247,-0.379952234002974,-0.43085498002157757,-0.44638829600650876,-0.04746042534724574,-0.18826896163639345,-0.17399491306854667,0.0,0.0,-0.569487800041417,0.0,-0.02698191867900242,0.0,0.0,Shellcode,1,shellcode
-0.3201068234768841,-0.19667188312469627,-0.4512632869471644,-0.1860411478064247,-0.379952234002974,-0.4889988459300785,-0.44638829600650876,0.06044629457167737,-0.10192667909860664,-0.08432180559213898,0.0,0.0,-0.6778839384589035,0.0,-0.11527458082628159,0.0,0.0,Shellcode,1,shellcode
-0.22551150189742983,-0.19667188312469627,-0.41840030526031446,-0.1860411478064247,-0.379952234002974,-0.43085498002157757,-0.44638829600650876,-0.006322121084363156,-0.1471395202053215,-0.13970515171888176,0.0,0.0,-0.569487800041417,0.0,-0.053399161101789445,0.0,0.0,Shellcode,1,shellcode
0.16433378109178426,-0.19667188312469627,-0.3582395125253162,-0.1860411478064247,-0.379952234002974,-0.3244136017234979,-0.44638829600650876,-0.19028163692048103,-0.29380181489891044,-0.29447022438338594,0.0,0.0,-0.3602223657670661,0.0,0.16498665728595763,0.0,0.0,Shellcode,1,shellcode
0.6432491245249579,-0.10243597374759404,-0.42493669721644384,-0.1860411478064247,-0.16868979759413125,-0.5062590207951335,-0.33589122473071187,-0.30770228980008385,-0.5115495085072224,-0.3568257935420066,0.0,0.0,-0.7040808959239147,0.0,0.3704737012443698,0.0,0.0,Shellcode,1,shellcode
-0.6567850322979374,-1.7230419309240497,-1.390832174320455,-1.6329982705869572,-2.015742594047945,-0.8638540885691692,-2.6748848270027095,1.8853142411941755,2.046524532048825,-1.8279148941509258,0.0,0.0,-0.00500101908356693,0.0,-1.0255663517786133,0.0,-0.8009099181073703,Shellcode,1,shellcode
1.6731553544169133,2.0081608809734326,1.000034835539835,1.4312715370049007,2.56656361310456,0.4577182272343396,2.3594048559034846,0.10912183720264942,-0.3776771149727867,0.8044155297602731,0.0,0.0,-0.24021845745338583,0.0,0.20466659473955617,0.0,0.0,Worms,1,worms
0.764886075145295,-0.10243597374759404,-0.15669653144249066,-0.1860411478064247,-0.16868979759413125,-0.03166665487248448,-0.33589122473071187,-0.33816893026026495,-0.3710053275528415,-0.38381193707978084,0.0,0.0,0.17854681722976848,0.0,0.4012011023927401,0.0,0.0,Shellcode,1,shellcode
-0.007730983748956746,-0.19667188312469627,-0.46101875816737437,-0.1860411478064247,-0.379952234002974,-0.5062590207951335,-0.44638829600650876,-0.12098220437418093,-0.2894785820036852,-0.23568756031402188,0.0,0.0,-0.7007645404248664,0.0,0.10375815094759301,0.0,0.0,Shellcode,1,shellcode
0.33821517416990005,-0.19667188312469627,-0.12364299766646157,-0.1860411478064247,-0.379952234002974,0.09065367465857942,-0.44638829600650876,-0.24922304185263902,-0.20336108549383883,-0.34511925378773833,0.0,0.0,0.4069089648709121,0.0,0.2649928129754532,0.0,0.0,Worms,1,worms
-0.11620718995908114,-0.19667188312469627,-0.4298944464233742,-0.1860411478064247,-0.379952234002974,-0.4511913514709689,-0.44638829600650876,-0.06889231733249221,-0.2170957839966441,-0.19191920488800357,0.0,0.0,-0.6117015199790793,0.0,0.04337736169504345,0.0,0.0,Shellcode,1,shellcode
0.1688220520388389,-0.19667188312469627,-0.4072557028236027,-0.1860411478064247,-0.379952234002974,-0.411137040978237,-0.44638829600650876,-0.1919233620485017,-0.32735938986685664,-0.29587196271550636,0.0,0.0,-0.5286814692381363,0.0,0.18584329094860083,0.0,0.0,Shellcode,1,shellcode
-0.3222717127736586,-0.19667188312469627,-0.46101875816737437,-0.1860411478064247,-0.379952234002974,-0.5062590207951335,-0.44638829600650876,0.0621641563592571,-0.10621688413586539,-0.08290063158819948,0.0,0.0,-0.7007645404248664,0.0,-0.11437858540300141,0.0,0.0,Shellcode,1,shellcode
0.29465898573083693,-0.10243597374759404,-0.32109202829067857,-0.1860411478064247,-0.16868979759413125,-0.32252856800580426,-0.33589122473071187,-0.20659774247189377,-0.3393475180576754,-0.26908034000048253,0.0,0.0,-0.36353872126611453,0.0,0.24815254025952563,0.0,0.0,Shellcode,1,shellcode
-0.31742855245816043,-0.19667188312469627,-0.12195920289094528,-0.1860411478064247,-0.379952234002974,0.09363278162391694,-0.44638829600650876,0.058334929129934515,0.10860658651966411,-0.08606877901039293,0.0,0.0,0.4162175767629144,0.0,-0.09094191403354314,0.0,0.0,Worms,1,worms
-0.40273111689582797,-0.19667188312469627,-0.43380735211117794,-0.1860411478064247,-0.379952234002974,-0.4581143831603091,-0.44638829600650876,0.13457324287355701,-0.016989448479033425,-0.02313701560799472,0.0,0.0,-0.6117015199790793,0.0,-0.1946343116134892,0.0,0.0,Shellcode,1,shellcode
-0.17981832145055912,-0.19667188312469627,-0.2637680143910009,-0.1860411478064247,-0.379952234002974,-0.15726692671881284,-0.44638829600650876,-0.033997379198466474,-0.0748146557836233,-0.16275723237749115,0.0,0.0,-0.05259426371683773,0.0,0.012850558629843675,0.0,0.0,Shellcode,1,shellcode
-0.6567923900842788,-1.7230419309240497,-1.558946917662648,-1.6329982705869572,-2.015742594047945,-1.1612963957607252,-2.6748848270027095,2.0817108441545327,2.1292946785651057,-1.8279148941509258,0.0,0.0,-0.5641082753458084,0.0,-1.0269374863792013,0.0,-0.8009099181073703,Shellcode,1,shellcode
1.2553381104785393,-0.10243597374759404,-0.3498522952907055,-0.1860411478064247,-0.16868979759413125,-0.3734135766723001,-0.33589122473071187,-0.4446155898456061,-0.6122383180552002,-0.4810239678106434,0.0,0.0,-0.4542525532429989,0.0,0.5437959758889076,0.0,0.0,Shellcode,1,shellcode
0.7686625106840332,-0.10243597374759404,-0.1776653772083784,-0.1860411478064247,-0.16868979759413125,-0.06876644600177448,-0.33589122473071187,-0.3390837482934739,-0.3855011180660578,-0.3846270214460405,0.0,0.0,0.10924095596109837,0.0,0.4092267653975143,0.0,0.0,Shellcode,1,shellcode
-0.026445086796291584,-0.19667188312469627,-0.4012076224838092,-0.1860411478064247,-0.379952234002974,-0.40043628425349015,-0.44638829600650876,-0.11255153004795183,-0.24273493677560865,-0.22858219568024843,0.0,0.0,-0.5087773467078425,0.0,0.09874568443489519,0.0,0.0,Shellcode,1,shellcode
-0.324176824004615,-0.19667188312469627,-0.44445072367506594,-0.1860411478064247,-0.379952234002974,-0.47694550368741234,-0.44638829600650876,0.06368423922912239,-0.09431555632036563,-0.08164320400282755,0.0,0.0,-0.6554231878312298,0.0,-0.12227371610576263,0.0,0.0,Shellcode,1,shellcode
-0.6567820891937016,-1.7230419309240497,-1.4491725065192333,-1.6329982705869572,-2.015742594047945,-0.9670745596982548,-2.6748848270027095,1.8367146390176203,1.9613556773677758,-1.8279148941509258,0.0,0.0,-0.1991457195793227,0.0,-1.0250197994663934,0.0,-0.8009099181073703,Shellcode,1,shellcode
-0.4070514199609336,-0.19667188312469627,-0.4134052657437681,-0.1860411478064247,-0.379952234002974,-0.42201734895616666,-0.44638829600650876,0.13903707143971042,0.00021995814636501833,-0.019460763357948593,0.0,0.0,-0.548914600388818,0.0,-0.2027901158426786,0.0,0.0,Shellcode,1,shellcode
-0.6567953332091162,-1.7230419309240497,-1.5474926932204593,-1.6329982705869572,-2.015742594047945,-1.1410306482275676,-2.6748848270027095,2.249582492268487,2.3005075229209915,-1.8279148941509258,0.0,0.0,-0.5260510163280704,0.0,-1.027487853116857,0.0,-0.8009099181073703,Shellcode,1,shellcode
0.37168505269287583,-0.10243597374759404,-0.08643754778543672,-0.1860411478064247,-0.16868979759413125,0.09264126592272322,-0.33589122473071187,-0.23111156792143422,-0.2133654276920689,-0.2901400992992501,0.0,0.0,0.412901221263866,0.0,0.26333726892615406,0.0,0.0,Worms,1,worms
-0.4252210631343584,-0.19667188312469627,-0.33649129028872105,-0.1860411478064247,-0.379952234002974,-0.2859348742141538,-0.44638829600650876,0.158634514113049,0.06951762199262873,-0.0033306230665364426,0.0,0.0,-0.29220061326004265,0.0,-0.22175894804466206,0.0,0.0,Shellcode,1,shellcode
-0.33293280185746266,-0.19667188312469627,-0.12195920289094528,-0.1860411478064247,-0.379952234002974,0.09363278162391694,-0.44638829600650876,0.07077424195943044,0.1209475246642071,-0.07578005701123432,0.0,0.0,0.4162175767629144,0.0,-0.12800557738520144,0.0,0.0,Worms,1,worms
-0.020961144516399112,-0.19667188312469627,-0.33749817375578717,-0.1860411478064247,-0.379952234002974,-0.287716334516583,-0.44638829600650876,-0.11504363041392379,-0.20390368133532064,-0.23068161000295764,0.0,0.0,-0.29220061326004265,0.0,0.10638138555408157,0.0,0.0,Shellcode,1,shellcode
-0.42343176808207916,-0.19667188312469627,-0.45680600659569015,-0.1860411478064247,-0.379952234002974,-0.4988054773271696,-0.44638829600650876,0.15664203955982353,-0.010230481431526887,-0.004969880987151074,0.0,0.0,-0.7007645404248664,0.0,-0.20659483519818736,0.0,0.0,Shellcode,1,shellcode
0.03575556475440735,-0.19667188312469627,-0.3679703146713339,-0.1860411478064247,-0.379952234002974,-0.34163013005168086,-0.44638829600650876,-0.13981263546998332,-0.24856105395513084,-0.25159105398053655,0.0,0.0,-0.3957053303243667,0.0,0.10925242991423742,0.0,0.0,Shellcode,1,shellcode
-0.05065547271828799,-0.19667188312469627,-0.4298944464233742,-0.1860411478064247,-0.379952234002974,-0.4511913514709689,-0.44638829600650876,-0.10132571483162449,-0.24974078132757696,-0.21913462458929117,0.0,0.0,-0.6117015199790793,0.0,0.07489717457522053,0.0,0.0,Shellcode,1,shellcode
0.057315668026309975,-0.19667188312469627,-0.2137474381593089,-0.1860411478064247,-0.379952234002974,-0.06876644600177448,-0.44638829600650876,-0.14878569914137035,-0.15823685951427238,-0.2591864317221069,0.0,0.0,0.1125573114601467,0.0,0.1455406649976974,0.0,0.0,Shellcode,1,shellcode
-0.3304421087865893,-0.19667188312469627,-0.4260228750191795,-0.1860411478064247,-0.379952234002974,-0.44434145176540574,-0.44638829600650876,0.06873984401634414,-0.07749590112744054,-0.07746213825261115,0.0,0.0,-0.5904126953047635,0.0,-0.11727552129816318,0.0,0.0,Shellcode,1,shellcode
-0.015464252438263274,-0.19667188312469627,-0.31123855192782696,-0.1860411478064247,-0.379952234002974,-0.24125567111963309,-0.44638829600650876,-0.11752350739818601,-0.1896762571816132,-0.23277150355947032,0.0,0.0,-0.2121671099056059,0.0,0.08831935132695688,0.0,0.0,Shellcode,1,shellcode
-0.08975279602323596,-0.19667188312469627,-0.3582395125253162,-0.1860411478064247,-0.379952234002974,-0.3244136017234979,-0.44638829600650876,-0.08236594571805421,-0.18432940910160506,-0.20321128899849694,0.0,0.0,-0.3602223657670661,0.0,0.01891236921048398,0.0,0.0,Shellcode,1,shellcode
0.5205610286724931,-0.10243597374759404,-0.09038456664090573,-0.1860411478064247,-0.16868979759413125,0.085657878436537,-0.33589122473071187,-0.27475712391576684,-0.26136341254034356,-0.3279585427319507,0.0,0.0,0.3942126664251066,0.0,0.3302586685847697,0.0,0.0,Worms,1,worms
0.8886480568342555,-0.10243597374759404,-0.28274290106807115,-0.1860411478064247,-0.16868979759413125,-0.2546781662319577,-0.33589122473071187,-0.3672725029015607,-0.4836910027240613,-0.4098936502687432,0.0,0.0,-0.2468717637824875,0.0,0.437599977374472,0.0,0.0,Shellcode,1,shellcode
-0.10857522700210515,-0.19667188312469627,-0.3917336125442415,-0.1860411478064247,-0.379952234002974,-0.3836740936284546,-0.44638829600650876,-0.07283653602844387,-0.1963507571695639,-0.19522284649613708,0.0,0.0,-0.46991450913863336,0.0,0.05803302761384443,0.0,0.0,Shellcode,1,shellcode
-0.6567953332091162,-1.7230419309240497,-1.198741274838947,-1.6329982705869572,-2.015742594047945,-0.5239912116055316,-2.6748848270027095,2.249582492268487,2.526105460360078,-1.8279148941509258,0.0,0.0,0.6348901397060216,0.0,-1.027487853116857,0.0,-0.8009099181073703,Shellcode,1,shellcode
-0.6567688452974813,-1.7230419309240497,-1.0582076580070794,-1.6329982705869572,-2.015742594047945,-0.27534768161268197,-2.6748848270027095,1.6919277039798999,2.072765192339257,-1.8279148941509258,0.0,0.0,1.1034820400962804,0.0,-1.022573619548026,0.0,-0.8009099181073703,Shellcode,1,shellcode
0.013077009003917964,-0.10243597374759404,-0.2686448032924463,-0.1860411478064247,-0.16868979759413125,-0.229734662491429,-0.33589122473071187,-0.1008636229195085,-0.19808932150382075,-0.1793976916452446,0.0,0.0,-0.20008607289174124,0.0,0.12436798989494495,0.0,0.0,Shellcode,1,shellcode
0.036029448764384756,-0.10243597374759404,-0.37856559700455594,-0.1860411478064247,-0.16868979759413125,-0.42421549052628543,-0.33589122473071187,-0.11071564347426913,-0.27877390032444377,-0.18768816980381703,0.0,0.0,-0.5522309558878664,0.0,0.1358097742029172,0.0,0.0,Shellcode,1,shellcode
-0.01772059475095493,-0.19667188312469627,-0.4526411282372142,-0.1860411478064247,-0.379952234002974,-0.4914366350502272,-0.44638829600650876,-0.11650773381984587,-0.279948000854605,-0.23191537911199991,0.0,0.0,-0.6778839384589035,0.0,0.10853047810955656,0.0,0.0,Shellcode,1,shellcode
-0.19119883871981178,-0.19667188312469627,-0.38478543570359686,-0.1860411478064247,-0.379952234002974,-0.37138081280626284,-0.44638829600650876,-0.027330214456137307,-0.14617642030051245,-0.157198016328874,0.0,0.0,-0.4509361977439506,0.0,-0.027048814261817034,0.0,0.0,Shellcode,1,shellcode
-0.20494711673639326,-0.19667188312469627,-0.44445072367506594,-0.1860411478064247,-0.379952234002974,-0.47694550368741234,-0.44638829600650876,-0.0190822302180111,-0.17669593982835957,-0.1503258739353706,0.0,0.0,-0.6554231878312298,0.0,-0.034792523788210766,0.0,0.0,Shellcode,1,shellcode
-0.6567835607450837,-1.7230419309240497,-1.5327568249506656,-1.6329982705869572,-2.015742594047945,-1.1149587489431803,-2.6748848270027095,1.8597974145255702,1.9297493273689867,-1.8279148941509258,0.0,0.0,-0.4770814237611824,0.0,-1.0252929403372555,0.0,-0.8009099181073703,Shellcode,1,shellcode
2.1790760328603382,2.4014938438784434,1.1872766092139984,1.858870509802604,2.920535516087667,0.6863147106704084,2.53714177205581,0.1096841033414283,-0.39110259409850906,0.8106107035911737,0.0,0.0,-0.2856006453567904,0.0,0.20964124454587668,0.0,0.0,Worms,1,worms
0.17501516139414347,-0.19667188312469627,-0.12364299766646157,-0.1860411478064247,-0.379952234002974,0.09065367465857942,-0.44638829600650876,-0.1941768648530278,-0.14658416048533834,-0.2977968606104699,0.0,0.0,0.4069089648709121,0.0,0.1860118832553339,0.0,0.0,Worms,1,worms
1.0288871618135536,-0.10243597374759404,-0.43641334063047066,-0.1860411478064247,-0.16868979759413125,-0.5265644338006694,-0.33589122473071187,-0.39827655640824366,-0.616705193388331,-0.43805695068312783,0.0,0.0,-0.7511665688195409,0.0,0.479829159108763,0.0,0.0,Shellcode,1,shellcode
-0.11323020480896558,-0.10243597374759404,-0.42493669721644384,-0.1860411478064247,-0.16868979759413125,-0.5062590207951335,-0.33589122473071187,-0.04094907459075857,-0.23852969968973273,-0.12920718354906938,0.0,0.0,-0.7040808959239147,0.0,0.042681109049093266,0.0,0.0,Shellcode,1,shellcode
