arp.dst.proto_ipv4,arp.opcode,arp.hw.size,arp.src.proto_ipv4,icmp.checksum,icmp.seq_le,icmp.transmit_timestamp,http.file_data,http.content_length,http.request.method,http.referer,http.request.version,http.response,tcp.ack,tcp.ack_raw,tcp.checksum,tcp.connection.fin,tcp.connection.rst,tcp.connection.syn,tcp.connection.synack,tcp.dstport,tcp.flags,tcp.flags.ack,tcp.len,tcp.seq,udp.port,udp.stream,udp.time_delta,dns.qry.name,dns.qry.name.len,dns.qry.qu,dns.retransmission,dns.retransmit_request,mqtt.conack.flags,mqtt.conflag.cleansess,mqtt.hdrflags,mqtt.len,mqtt.msg,mqtt.msgtype,mqtt.protoname,mqtt.topic,mqtt.topic_len,label_multiclass,label_binary
1,0.0,0.0,1,0.0,0.0,0.0,2,0.0,1,2,2,0.0,-0.11227262637457826,-0.489013248180181,-0.5725850877823285,0.0,0.0,0.0,0.0,-0.041462984982604485,-0.8888888888888888,-1.0,0.0,-0.14478295061395813,0.0,0.0,0.0,0.0,1,0.0,0.0,0.0,1,0.0,0.0,0.0,1,0.0,1,1,0.0,MITM,1
1,0.0,0.0,1,0.0,0.0,0.0,2,0.0,1,2,2,0.0,-0.11227262637457826,-0.489013248180181,-0.5725850877823285,0.0,0.0,0.0,0.0,-0.041462984982604485,-0.8888888888888888,-1.0,1.5635258544593913,-0.14478295061395813,0.0,0.0,0.0,0.0,1,0.0,0.0,0.0,1,0.0,0.0,0.0,1,0.0,1,1,0.0,MITM,1
1,0.0,0.0,1,0.0,0.0,0.0,2,0.0,1,2,2,0.0,-0.11227262637457826,-0.489013248180181,-0.5725850877823285,0.0,0.0,0.0,0.0,-0.041462984982604485,-0.8888888888888888,-1.0,4.09359450935997,-0.14478295061395813,2.772588722239781,0.0,5.545177444479562,0.0,1,0.0,0.0,0.0,1,0.0,0.0,0.0,1,0.0,1,1,0.0,MITM,1
1,0.0,0.0,1,0.0,0.0,0.0,2,0.0,1,2,2,0.0,-0.11227262637457826,-0.489013248180181,-0.5725850877823285,0.0,0.0,0.0,0.0,-0.041462984982604485,-0.8888888888888888,-1.0,3.17039884289658,-0.14478295061395813,3.091042453358316,0.0,5.545177444479562,0.0,1,0.0,0.0,0.0,1,0.0,0.0,0.0,1,0.0,1,1,0.0,MITM,1
1,0.0,0.0,1,0.0,0.0,0.0,2,0.0,1,2,2,0.0,-0.11227262637457826,-0.489013248180181,-0.5725850877823285,0.0,0.0,0.0,0.0,-0.041462984982604485,-0.8888888888888888,-1.0,3.17039884289658,-0.1416707886147415,3.091042453358316,0.0,5.545177444479562,0.6931471805599453,3,3.6375861597263857,0.0,0.0,1,0.0,0.0,0.0,1,0.0,1,1,0.0,MITM,1
1,0.0,0.0,1,0.0,0.0,0.0,2,0.0,1,2,2,0.0,-0.11227262637457826,-0.489013248180181,-0.5725850877823285,0.0,0.0,0.0,0.0,-0.041462984982604485,-0.8888888888888888,-1.0,4.024126030060885,-0.14478295061395813,2.772588722239781,0.0,5.545177444479562,0.0,1,0.0,0.0,0.0,1,0.0,0.0,0.0,1,0.0,1,1,0.0,MITM,1
1,0.0,0.0,1,0.0,0.0,0.0,2,0.0,1,2,2,0.0,-0.11227262637457826,-0.489013248180181,-0.5725850877823285,0.0,0.0,0.0,0.0,-0.041462984982604485,-0.8888888888888888,-1.0,3.17039884289658,-0.14122449877957827,3.091042453358316,0.0,5.545177444479562,0.6931471805599453,3,3.6635616461296463,0.0,0.0,1,0.0,0.0,0.0,1,0.0,1,1,0.0,MITM,1
1,0.0,0.0,1,0.0,0.0,0.0,2,0.0,1,2,2,0.0,-0.11227262637457826,-0.489013248180181,-0.5725850877823285,0.0,0.0,0.0,0.0,-0.041462984982604485,-0.8888888888888888,-1.0,3.17039884289658,0.30568850362120564,3.1354942159291497,0.0,2.5649493574615367,0.0,1,0.0,0.0,0.0,1,0.0,0.0,0.0,1,0.0,1,1,0.0,MITM,1
1,0.0,0.0,1,0.0,0.0,0.0,2,0.0,1,2,2,0.0,-0.11227262637457826,-0.489013248180181,-0.5725850877823285,0.0,0.0,0.0,0.0,-0.041462984982604485,-0.8888888888888888,-1.0,3.17039884289658,0.30563829609156634,3.1354942159291497,0.0,2.5649493574615367,0.0,1,0.0,0.0,0.0,1,0.0,0.0,0.0,1,0.0,1,1,0.0,MITM,1
1,0.0,0.0,1,0.0,0.0,0.0,2,0.0,1,2,2,0.0,-0.11227262637457826,-0.489013248180181,-0.5725850877823285,0.0,0.0,0.0,0.0,-0.041462984982604485,-0.8888888888888888,-1.0,3.17039884289658,-0.14467812034643665,3.1354942159291497,0.0,2.5649493574615367,0.6931471805599453,3,4.2626798770413155,0.0,0.0,1,0.0,0.0,0.0,1,0.0,1,1,0.0,MITM,1
1,0.0,0.0,1,0.0,0.0,0.0,2,0.0,1,2,2,0.0,-0.11227262637457826,-0.489013248180181,-0.5725850877823285,0.0,0.0,0.0,0.0,-0.041462984982604485,-0.8888888888888888,-1.0,3.17039884289658,-0.144701086621469,3.1354942159291497,0.0,2.5649493574615367,0.6931471805599453,3,4.276666119016055,0.0,0.0,1,0.0,0.0,0.0,1,0.0,1,1,0.0,MITM,1
1,0.0,0.0,1,0.0,0.0,0.0,2,0.0,1,2,2,0.0,-0.11227262637457826,-0.489013248180181,-0.5725850877823285,0.0,0.0,0.0,0.0,-0.041462984982604485,-0.8888888888888888,-1.0,3.17039884289658,-7.39557772240683e-05,3.1354942159291497,0.0,2.5649493574615367,0.6931471805599453,3,4.2626798770413155,0.0,0.0,1,0.0,0.0,0.0,1,0.0,1,1,0.0,MITM,1
1,0.0,0.0,1,0.0,0.0,0.0,2,0.0,1,2,2,0.0,-0.11227262637457826,-0.489013248180181,-0.5725850877823285,0.0,0.0,0.0,0.0,-0.041462984982604485,-0.8888888888888888,-1.0,3.17039884289658,-5.77626548577718e-05,3.1354942159291497,0.0,2.5649493574615367,0.6931471805599453,3,4.276666119016055,0.0,0.0,1,0.0,0.0,0.0,1,0.0,1,1,0.0,MITM,1
1,0.0,0.0,1,0.0,0.0,0.0,2,0.0,1,2,2,0.0,-0.11227262637457826,-0.489013248180181,-0.5725850877823285,0.0,0.0,0.0,0.0,-0.041462984982604485,-0.8888888888888888,-1.0,3.17039884289658,-0.14470860340540742,3.1354942159291497,0.0,2.5649493574615367,0.6931471805599453,3,4.2626798770413155,0.0,0.0,1,0.0,0.0,0.0,1,0.0,1,1,0.0,MITM,1
1,0.0,0.0,1,0.0,0.0,0.0,2,0.0,1,2,2,0.0,-0.11227262637457826,-0.489013248180181,-0.5725850877823285,0.0,0.0,0.0,0.0,-0.041462984982604485,-0.8888888888888888,-1.0,3.17039884289658,-0.14471528521822705,3.1354942159291497,0.0,2.5649493574615367,0.6931471805599453,3,4.276666119016055,0.0,0.0,1,0.0,0.0,0.0,1,0.0,1,1,0.0,MITM,1
1,0.0,0.0,1,0.0,0.0,0.0,2,0.0,1,2,2,0.0,-0.11227262637457826,-0.489013248180181,-0.5725850877823285,0.0,0.0,0.0,0.0,-0.041462984982604485,-0.8888888888888888,-1.0,3.17039884289658,0.08480570827897926,3.1354942159291497,0.0,2.5649493574615367,0.6931471805599453,3,4.2626798770413155,0.0,0.0,1,0.0,0.0,0.0,1,0.0,1,1,0.0,MITM,1
1,0.0,0.0,1,0.0,0.0,0.0,2,0.0,1,2,2,0.0,-0.11227262637457826,-0.489013248180181,-0.5725850877823285,0.0,0.0,0.0,0.0,-0.041462984982604485,-0.8888888888888888,-1.0,3.17039884289658,0.0848451610554331,3.1354942159291497,0.0,2.5649493574615367,0.6931471805599453,3,4.276666119016055,0.0,0.0,1,0.0,0.0,0.0,1,0.0,1,1,0.0,MITM,1
1,0.0,0.0,1,0.0,0.0,0.0,2,0.0,1,2,2,0.0,-0.11227262637457826,-0.489013248180181,-0.5725850877823285,0.0,0.0,0.0,0.0,-0.041462984982604485,-0.8888888888888888,-1.0,3.17039884289658,-0.14455894505852762,3.1354942159291497,0.0,2.5649493574615367,0.6931471805599453,3,4.2626798770413155,0.0,0.0,1,0.0,0.0,0.0,1,0.0,1,1,0.0,MITM,1
1,0.0,0.0,1,0.0,0.0,0.0,2,0.0,1,2,2,0.0,-0.11227262637457826,-0.489013248180181,-0.5725850877823285,0.0,0.0,0.0,0.0,-0.041462984982604485,-0.8888888888888888,-1.0,3.17039884289658,-0.14466830825338148,3.1354942159291497,0.0,2.5649493574615367,0.6931471805599453,3,4.276666119016055,0.0,0.0,1,0.0,0.0,0.0,1,0.0,1,1,0.0,MITM,1
1,0.0,0.0,1,0.0,0.0,0.0,2,0.0,1,2,2,0.0,-0.11227262637457826,-0.489013248180181,-0.5725850877823285,0.0,0.0,0.0,0.0,-0.041462984982604485,-0.8888888888888888,-1.0,1.5635258544593913,0.6660768577744258,0.0,0.0,0.0,0.0,1,0.0,0.0,0.0,1,0.0,0.0,0.0,1,0.0,1,1,0.0,MITM,1
1,0.0,0.0,1,0.0,0.0,0.0,2,0.0,1,2,2,0.0,-0.11227262637457826,-0.489013248180181,-0.5725850877823285,0.0,0.0,0.0,0.0,-0.041462984982604485,-0.8888888888888888,-1.0,4.044095354820061,-0.14478295061395813,2.772588722239781,0.0,5.545177444479562,0.0,1,0.0,0.0,0.0,1,0.0,0.0,0.0,1,0.0,1,1,0.0,MITM,1
1,0.0,0.0,1,0.0,0.0,0.0,2,0.0,1,2,2,0.0,-0.11227262637457826,-0.489013248180181,-0.5725850877823285,0.0,0.0,0.0,0.0,-0.041462984982604485,-0.8888888888888888,-1.0,4.055999774921778,-0.14478295061395813,2.772588722239781,0.0,5.545177444479562,0.0,1,0.0,0.0,0.0,1,0.0,0.0,0.0,1,0.0,1,1,0.0,MITM,1
1,0.0,0.0,1,0.0,0.0,0.0,2,0.0,1,2,2,0.0,-0.11227262637457826,-0.489013248180181,-0.5725850877823285,0.0,0.0,0.0,0.0,-0.041462984982604485,-0.8888888888888888,-1.0,3.17039884289658,0.6139994579669409,3.091042453358316,0.0,5.545177444479562,0.0,1,0.0,0.0,0.0,1,0.0,0.0,0.0,1,0.0,1,1,0.0,MITM,1
1,0.0,0.0,1,0.0,0.0,0.0,2,0.0,1,2,2,0.0,-0.11227262637457826,-0.489013248180181,-0.5725850877823285,0.0,0.0,0.0,0.0,-0.041462984982604485,-0.8888888888888888,-1.0,3.17039884289658,0.6139986349042184,3.091042453358316,0.0,5.545177444479562,0.0,1,0.0,0.0,0.0,1,0.0,0.0,0.0,1,0.0,1,1,0.0,MITM,1
1,0.0,0.0,1,0.0,0.0,0.0,2,0.0,1,2,2,0.0,-0.11227262637457826,-0.489013248180181,-0.5725850877823285,0.0,0.0,0.0,0.0,-0.041462984982604485,-0.8888888888888888,-1.0,3.17039884289658,-0.14464785047791895,3.091042453358316,0.0,5.545177444479562,0.6931471805599453,3,4.564348191467836,0.0,0.0,1,0.0,0.0,0.0,1,0.0,1,1,0.0,MITM,1
1,0.0,0.0,1,0.0,0.0,0.0,2,0.0,1,2,2,0.0,-0.11227262637457826,-0.489013248180181,-0.5725850877823285,0.0,0.0,0.0,0.0,-0.041462984982604485,-0.8888888888888888,-1.0,3.17039884289658,-0.14464972916966323,3.091042453358316,0.0,5.545177444479562,0.6931471805599453,3,4.574710978503383,0.0,0.0,1,0.0,0.0,0.0,1,0.0,1,1,0.0,MITM,1
1,0.0,0.0,1,0.0,0.0,0.0,2,0.0,1,2,2,0.0,-0.11227262637457826,-0.489013248180181,-0.5725850877823285,0.0,0.0,0.0,0.0,-0.041462984982604485,-0.8888888888888888,-1.0,3.17039884289658,0.3089173791086444,3.1354942159291497,0.0,2.5649493574615367,0.0,1,0.0,0.0,0.0,1,0.0,0.0,0.0,1,0.0,1,1,0.0,MITM,1
1,0.0,0.0,1,0.0,0.0,0.0,2,0.0,1,2,2,0.0,-0.11227262637457826,-0.489013248180181,-0.5725850877823285,0.0,0.0,0.0,0.0,-0.041462984982604485,-0.8888888888888888,-1.0,3.17039884289658,0.3089206396065288,3.1354942159291497,0.0,2.5649493574615367,0.0,1,0.0,0.0,0.0,1,0.0,0.0,0.0,1,0.0,1,1,0.0,MITM,1
1,0.0,0.0,1,0.0,0.0,0.0,2,0.0,1,2,2,0.0,-0.11227262637457826,-0.489013248180181,-0.5725850877823285,0.0,0.0,0.0,0.0,-0.041462984982604485,-0.8888888888888888,-1.0,3.17039884289658,-0.14467958176143525,3.1354942159291497,0.0,2.5649493574615367,0.6931471805599453,3,4.795790545596741,0.0,0.0,1,0.0,0.0,0.0,1,0.0,1,1,0.0,MITM,1
1,0.0,0.0,1,0.0,0.0,0.0,2,0.0,1,2,2,0.0,-0.11227262637457826,-0.489013248180181,-0.5725850877823285,0.0,0.0,0.0,0.0,-0.041462984982604485,-0.8888888888888888,-1.0,3.17039884289658,-0.14470714178734514,3.1354942159291497,0.0,2.5649493574615367,0.6931471805599453,3,4.804021044733257,0.0,0.0,1,0.0,0.0,0.0,1,0.0,1,1,0.0,MITM,1
1,0.0,0.0,1,0.0,0.0,0.0,2,0.0,1,2,2,0.0,-0.11227262637457826,-0.489013248180181,-0.5725850877823285,0.0,0.0,0.0,0.0,-0.041462984982604485,-0.8888888888888888,-1.0,3.17039884289658,-0.009907883260689303,3.1354942159291497,0.0,2.5649493574615367,0.6931471805599453,3,4.795790545596741,0.0,0.0,1,0.0,0.0,0.0,1,0.0,1,1,0.0,MITM,1
1,0.0,0.0,1,0.0,0.0,0.0,2,0.0,1,2,2,0.0,-0.11227262637457826,-0.489013248180181,-0.5725850877823285,0.0,0.0,0.0,0.0,-0.041462984982604485,-0.8888888888888888,-1.0,3.17039884289658,-0.009886419984721811,3.1354942159291497,0.0,2.5649493574615367,0.6931471805599453,3,4.804021044733257,0.0,0.0,1,0.0,0.0,0.0,1,0.0,1,1,0.0,MITM,1
1,0.0,0.0,1,0.0,0.0,0.0,2,0.0,1,2,2,0.0,-0.11227262637457826,-0.489013248180181,-0.5725850877823285,0.0,0.0,0.0,0.0,-0.041462984982604485,-0.8888888888888888,-1.0,3.17039884289658,-0.1446927349565596,3.1354942159291497,0.0,2.5649493574615367,0.6931471805599453,3,4.795790545596741,0.0,0.0,1,0.0,0.0,0.0,1,0.0,1,1,0.0,MITM,1
1,0.0,0.0,1,0.0,0.0,0.0,2,0.0,1,2,2,0.0,-0.11227262637457826,-0.489013248180181,-0.5725850877823285,0.0,0.0,0.0,0.0,-0.041462984982604485,-0.8888888888888888,-1.0,3.17039884289658,-0.1446768677131473,3.1354942159291497,0.0,2.5649493574615367,0.6931471805599453,3,4.804021044733257,0.0,0.0,1,0.0,0.0,0.0,1,0.0,1,1,0.0,MITM,1
1,0.0,0.0,1,0.0,0.0,0.0,2,0.0,1,2,2,0.0,-0.11227262637457826,-0.489013248180181,-0.5725850877823285,0.0,0.0,0.0,0.0,-0.041462984982604485,-0.8888888888888888,-1.0,3.17039884289658,0.08478253412687671,3.1354942159291497,0.0,2.5649493574615367,0.6931471805599453,3,4.795790545596741,0.0,0.0,1,0.0,0.0,0.0,1,0.0,1,1,0.0,MITM,1
1,0.0,0.0,1,0.0,0.0,0.0,2,0.0,1,2,2,0.0,-0.11227262637457826,-0.489013248180181,-0.5725850877823285,0.0,0.0,0.0,0.0,-0.041462984982604485,-0.8888888888888888,-1.0,3.17039884289658,0.08477279047236363,3.1354942159291497,0.0,2.5649493574615367,0.6931471805599453,3,4.804021044733257,0.0,0.0,1,0.0,0.0,0.0,1,0.0,1,1,0.0,MITM,1
1,0.0,0.0,1,0.0,0.0,0.0,2,0.0,1,2,2,0.0,-0.11227262637457826,-0.489013248180181,-0.5725850877823285,0.0,0.0,0.0,0.0,-0.041462984982604485,-0.8888888888888888,-1.0,3.17039884289658,-0.14465035540399968,3.1354942159291497,0.0,2.5649493574615367,0.6931471805599453,3,4.795790545596741,0.0,0.0,1,0.0,0.0,0.0,1,0.0,1,1,0.0,MITM,1
1,0.0,0.0,1,0.0,0.0,0.0,2,0.0,1,2,2,0.0,-0.11227262637457826,-0.489013248180181,-0.5725850877823285,0.0,0.0,0.0,0.0,-0.041462984982604485,-0.8888888888888888,-1.0,3.17039884289658,-0.14461570659272055,3.1354942159291497,0.0,2.5649493574615367,0.6931471805599453,3,4.804021044733257,0.0,0.0,1,0.0,0.0,0.0,1,0.0,1,1,0.0,MITM,1
1,0.0,0.0,1,0.0,0.0,0.0,2,0.0,1,2,2,0.0,-0.11227262637457826,-0.489013248180181,-0.5725850877823285,0.0,0.0,0.0,0.0,-0.041462984982604485,-0.8888888888888888,-1.0,1.5635258544593913,0.7574321415962744,0.0,0.0,0.0,0.0,1,0.0,0.0,0.0,1,0.0,0.0,0.0,1,0.0,1,1,0.0,MITM,1
1,0.0,0.0,1,0.0,0.0,0.0,2,0.0,1,2,2,0.0,-0.11227262637457826,-0.489013248180181,-0.5725850877823285,0.0,0.0,0.0,0.0,-0.041462984982604485,-0.8888888888888888,-1.0,4.046804133500858,-0.14478295061395813,2.772588722239781,0.0,5.545177444479562,0.0,1,0.0,0.0,0.0,1,0.0,0.0,0.0,1,0.0,1,1,0.0,MITM,1
1,0.0,0.0,1,0.0,0.0,0.0,2,0.0,1,2,2,0.0,-0.11227262637457826,-0.489013248180181,-0.5725850877823285,0.0,0.0,0.0,0.0,-0.041462984982604485,-0.8888888888888888,-1.0,4.030453420136606,-0.14478295061395813,2.772588722239781,0.0,5.545177444479562,0.0,1,0.0,0.0,0.0,1,0.0,0.0,0.0,1,0.0,1,1,0.0,MITM,1
1,0.0,0.0,1,0.0,0.0,0.0,2,0.0,1,2,2,0.0,-0.11227262637457826,-0.489013248180181,-0.5725850877823285,0.0,0.0,0.0,0.0,-0.041462984982604485,-0.8888888888888888,-1.0,3.17039884289658,0.725386040180553,3.091042453358316,0.0,5.545177444479562,0.0,1,0.0,0.0,0.0,1,0.0,0.0,0.0,1,0.0,1,1,0.0,MITM,1
1,0.0,0.0,1,0.0,0.0,0.0,2,0.0,1,2,2,0.0,-0.11227262637457826,-0.489013248180181,-0.5725850877823285,0.0,0.0,0.0,0.0,-0.041462984982604485,-0.8888888888888888,-1.0,3.17039884289658,0.7253851068265948,3.091042453358316,0.0,5.545177444479562,0.0,1,0.0,0.0,0.0,1,0.0,0.0,0.0,1,0.0,1,1,0.0,MITM,1
1,0.0,0.0,1,0.0,0.0,0.0,2,0.0,1,2,2,0.0,-0.11227262637457826,-0.489013248180181,-0.5725850877823285,0.0,0.0,0.0,0.0,-0.041462984982604485,-0.8888888888888888,-1.0,3.17039884289658,-0.14456729137565102,3.091042453358316,0.0,5.545177444479562,0.6931471805599453,3,5.117993812416755,0.0,0.0,1,0.0,0.0,0.0,1,0.0,1,1,0.0,MITM,1
1,0.0,0.0,1,0.0,0.0,0.0,2,0.0,1,2,2,0.0,-0.11227262637457826,-0.489013248180181,-0.5725850877823285,0.0,0.0,0.0,0.0,-0.041462984982604485,-0.8888888888888888,-1.0,3.17039884289658,-0.14456833468874122,3.091042453358316,0.0,5.545177444479562,0.6931471805599453,3,5.123963979403259,0.0,0.0,1,0.0,0.0,0.0,1,0.0,1,1,0.0,MITM,1
1,0.0,0.0,1,0.0,0.0,0.0,2,0.0,1,2,2,0.0,-0.11227262637457826,-0.489013248180181,-0.5725850877823285,0.0,0.0,0.0,0.0,-0.041462984982604485,-0.8888888888888888,-1.0,3.17039884289658,0.30332540862674695,3.1354942159291497,0.0,2.5649493574615367,0.0,1,0.0,0.0,0.0,1,0.0,0.0,0.0,1,0.0,1,1,0.0,MITM,1
1,0.0,0.0,1,0.0,0.0,0.0,2,0.0,1,2,2,0.0,-0.11227262637457826,-0.489013248180181,-0.5725850877823285,0.0,0.0,0.0,0.0,-0.041462984982604485,-0.8888888888888888,-1.0,3.17039884289658,0.3033287087016938,3.1354942159291497,0.0,2.5649493574615367,0.0,1,0.0,0.0,0.0,1,0.0,0.0,0.0,1,0.0,1,1,0.0,MITM,1
1,0.0,0.0,1,0.0,0.0,0.0,2,0.0,1,2,2,0.0,-0.11227262637457826,-0.489013248180181,-0.5725850877823285,0.0,0.0,0.0,0.0,-0.041462984982604485,-0.8888888888888888,-1.0,3.17039884289658,-0.14470755939146215,3.1354942159291497,0.0,2.5649493574615367,0.6931471805599453,3,5.288267030694535,0.0,0.0,1,0.0,0.0,0.0,1,0.0,1,1,0.0,MITM,1
1,0.0,0.0,1,0.0,0.0,0.0,2,0.0,1,2,2,0.0,-0.11227262637457826,-0.489013248180181,-0.5725850877823285,0.0,0.0,0.0,0.0,-0.041462984982604485,-0.8888888888888888,-1.0,3.17039884289658,-0.1446046452308176,3.1354942159291497,0.0,2.5649493574615367,0.6931471805599453,3,5.293304824724492,0.0,0.0,1,0.0,0.0,0.0,1,0.0,1,1,0.0,MITM,1
1,0.0,0.0,1,0.0,0.0,0.0,2,0.0,1,2,2,0.0,-0.11227262637457826,-0.489013248180181,-0.5725850877823285,0.0,0.0,0.0,0.0,-0.041462984982604485,-0.8888888888888888,-1.0,3.17039884289658,2.4437254896627063e-05,3.1354942159291497,0.0,2.5649493574615367,0.6931471805599453,3,5.288267030694535,0.0,0.0,1,0.0,0.0,0.0,1,0.0,1,1,0.0,MITM,1
1,0.0,0.0,1,0.0,0.0,0.0,2,0.0,1,2,2,0.0,-0.11227262637457826,-0.489013248180181,-0.5725850877823285,0.0,0.0,0.0,0.0,-0.041462984982604485,-0.8888888888888888,-1.0,3.17039884289658,-3.624341558974314e-05,3.1354942159291497,0.0,2.5649493574615367,0.6931471805599453,3,5.293304824724492,0.0,0.0,1,0.0,0.0,0.0,1,0.0,1,1,0.0,MITM,1
1,0.0,0.0,1,0.0,0.0,0.0,2,0.0,1,2,2,0.0,-0.11227262637457826,-0.489013248180181,-0.5725850877823285,0.0,0.0,0.0,0.0,-0.041462984982604485,-0.8888888888888888,-1.0,3.17039884289658,-0.144671648488632,3.1354942159291497,0.0,2.5649493574615367,0.6931471805599453,3,5.288267030694535,0.0,0.0,1,0.0,0.0,0.0,1,0.0,1,1,0.0,MITM,1
1,0.0,0.0,1,0.0,0.0,0.0,2,0.0,1,2,2,0.0,-0.11227262637457826,-0.489013248180181,-0.5725850877823285,0.0,0.0,0.0,0.0,-0.041462984982604485,-0.8888888888888888,-1.0,3.17039884289658,-0.1446737361627886,3.1354942159291497,0.0,2.5649493574615367,0.6931471805599453,3,5.293304824724492,0.0,0.0,1,0.0,0.0,0.0,1,0.0,1,1,0.0,MITM,1
1,0.0,0.0,1,0.0,0.0,0.0,2,0.0,1,2,2,0.0,-0.11227262637457826,-0.489013248180181,-0.5725850877823285,0.0,0.0,0.0,0.0,-0.041462984982604485,-0.8888888888888888,-1.0,3.17039884289658,0.08479464346402314,3.1354942159291497,0.0,2.5649493574615367,0.6931471805599453,3,5.288267030694535,0.0,0.0,1,0.0,0.0,0.0,1,0.0,1,1,0.0,MITM,1
1,0.0,0.0,1,0.0,0.0,0.0,2,0.0,1,2,2,0.0,-0.11227262637457826,-0.489013248180181,-0.5725850877823285,0.0,0.0,0.0,0.0,-0.041462984982604485,-0.8888888888888888,-1.0,3.17039884289658,0.08480083704901763,3.1354942159291497,0.0,2.5649493574615367,0.6931471805599453,3,5.293304824724492,0.0,0.0,1,0.0,0.0,0.0,1,0.0,1,1,0.0,MITM,1
1,0.0,0.0,1,0.0,0.0,0.0,2,0.0,1,2,2,0.0,-0.11227262637457826,-0.489013248180181,-0.5725850877823285,0.0,0.0,0.0,0.0,-0.041462984982604485,-0.8888888888888888,-1.0,3.17039884289658,-0.14470087782577645,3.1354942159291497,0.0,2.5649493574615367,0.6931471805599453,3,5.288267030694535,0.0,0.0,1,0.0,0.0,0.0,1,0.0,1,1,0.0,MITM,1
1,0.0,0.0,1,0.0,0.0,0.0,2,0.0,1,2,2,0.0,-0.11227262637457826,-0.489013248180181,-0.5725850877823285,0.0,0.0,0.0,0.0,-0.041462984982604485,-0.8888888888888888,-1.0,3.17039884289658,-0.14469920746774972,3.1354942159291497,0.0,2.5649493574615367,0.6931471805599453,3,5.293304824724492,0.0,0.0,1,0.0,0.0,0.0,1,0.0,1,1,0.0,MITM,1
1,0.0,0.0,1,0.0,0.0,0.0,2,0.0,1,2,2,0.0,-0.11227262637457826,-0.489013248180181,-0.5725850877823285,0.0,0.0,0.0,0.0,-0.041462984982604485,-0.8888888888888888,-1.0,1.5635258544593913,0.38880488706421573,0.0,0.0,0.0,0.0,1,0.0,0.0,0.0,1,0.0,0.0,0.0,1,0.0,1,1,0.0,MITM,1
1,0.0,0.0,1,0.0,0.0,0.0,2,0.0,1,2,2,0.0,-0.11227262637457826,-0.489013248180181,-0.5725850877823285,0.0,0.0,0.0,0.0,-0.041462984982604485,-0.8888888888888888,-1.0,4.040432848124608,-0.14478295061395813,2.772588722239781,0.0,5.545177444479562,0.0,1,0.0,0.0,0.0,1,0.0,0.0,0.0,1,0.0,1,1,0.0,MITM,1
1,0.0,0.0,1,0.0,0.0,0.0,2,0.0,1,2,2,0.0,-0.11227262637457826,-0.489013248180181,-0.5725850877823285,0.0,0.0,0.0,0.0,-0.041462984982604485,-0.8888888888888888,-1.0,3.17039884289658,0.03366397758578871,3.091042453358316,0.0,5.545177444479562,0.6931471805599453,3,5.288267030694535,0.0,0.0,1,0.0,0.0,0.0,1,0.0,1,1,0.0,MITM,1
1,0.0,0.0,1,0.0,0.0,0.0,2,0.0,1,2,2,0.0,-0.11227262637457826,-0.489013248180181,-0.5725850877823285,0.0,0.0,0.0,0.0,-0.041462984982604485,-0.8888888888888888,-1.0,3.17039884289658,0.03365197666138549,3.091042453358316,0.0,5.545177444479562,0.6931471805599453,3,5.293304824724492,0.0,0.0,1,0.0,0.0,0.0,1,0.0,1,1,0.0,MITM,1
1,0.0,0.0,1,0.0,0.0,0.0,2,0.0,1,2,2,0.0,-0.11227262637457826,-0.489013248180181,-0.5725850877823285,0.0,0.0,0.0,0.0,-0.041462984982604485,-0.8888888888888888,-1.0,3.17039884289658,-0.14398697431956478,3.091042453358316,0.0,5.545177444479562,0.6931471805599453,3,5.288267030694535,0.0,0.0,1,0.0,0.0,0.0,1,0.0,1,1,0.0,MITM,1
1,0.0,0.0,1,0.0,0.0,0.0,2,0.0,1,2,2,0.0,-0.11227262637457826,-0.489013248180181,-0.5725850877823285,0.0,0.0,0.0,0.0,-0.041462984982604485,-0.8888888888888888,-1.0,3.17039884289658,-0.1439873904863459,3.091042453358316,0.0,5.545177444479562,0.6931471805599453,3,5.293304824724492,0.0,0.0,1,0.0,0.0,0.0,1,0.0,1,1,0.0,MITM,1
1,0.0,0.0,1,0.0,0.0,0.0,2,0.0,1,2,2,0.0,-0.11227262637457826,-0.489013248180181,-0.5725850877823285,0.0,0.0,0.0,0.0,-0.041462984982604485,-0.8888888888888888,-1.0,3.9946290617604734,-0.14478295061395813,2.772588722239781,0.0,5.545177444479562,0.0,1,0.0,0.0,0.0,1,0.0,0.0,0.0,1,0.0,1,1,0.0,MITM,1
1,0.0,0.0,1,0.0,0.0,0.0,2,0.0,1,2,2,0.0,-0.11227262637457826,-0.489013248180181,-0.5725850877823285,0.0,0.0,0.0,0.0,-0.041462984982604485,-0.8888888888888888,-1.0,3.17039884289658,0.30836726906450346,3.1354942159291497,0.0,2.5649493574615367,0.0,1,0.0,0.0,0.0,1,0.0,0.0,0.0,1,0.0,1,1,0.0,MITM,1
1,0.0,0.0,1,0.0,0.0,0.0,2,0.0,1,2,2,0.0,-0.11227262637457826,-0.489013248180181,-0.5725850877823285,0.0,0.0,0.0,0.0,-0.041462984982604485,-0.8888888888888888,-1.0,3.17039884289658,0.30837134946124534,3.1354942159291497,0.0,2.5649493574615367,0.0,1,0.0,0.0,0.0,1,0.0,0.0,0.0,1,0.0,1,1,0.0,MITM,1
1,0.0,0.0,1,0.0,0.0,0.0,2,0.0,1,2,2,0.0,-0.11227262637457826,-0.489013248180181,-0.5725850877823285,0.0,0.0,0.0,0.0,-0.041462984982604485,-0.8888888888888888,-1.0,3.17039884289658,-0.14466726444081984,3.1354942159291497,0.0,2.5649493574615367,0.6931471805599453,3,5.497168225293202,0.0,0.0,1,0.0,0.0,0.0,1,0.0,1,1,0.0,MITM,1
1,0.0,0.0,1,0.0,0.0,0.0,2,0.0,1,2,2,0.0,-0.11227262637457826,-0.489013248180181,-0.5725850877823285,0.0,0.0,0.0,0.0,-0.041462984982604485,-0.8888888888888888,-1.0,3.17039884289658,-0.1447031745898738,3.1354942159291497,0.0,2.5649493574615367,0.6931471805599453,3,5.501258210544727,0.0,0.0,1,0.0,0.0,0.0,1,0.0,1,1,0.0,MITM,1
1,0.0,0.0,1,0.0,0.0,0.0,2,0.0,1,2,2,0.0,-0.11227262637457826,-0.489013248180181,-0.5725850877823285,0.0,0.0,0.0,0.0,-0.041462984982604485,-0.8888888888888888,-1.0,3.17039884289658,-0.011694748151423394,3.1354942159291497,0.0,2.5649493574615367,0.6931471805599453,3,5.497168225293202,0.0,0.0,1,0.0,0.0,0.0,1,0.0,1,1,0.0,MITM,1
1,0.0,0.0,1,0.0,0.0,0.0,2,0.0,1,2,2,0.0,-0.11227262637457826,-0.489013248180181,-0.5725850877823285,0.0,0.0,0.0,0.0,-0.041462984982604485,-0.8888888888888888,-1.0,3.17039884289658,-0.011600994608469048,3.1354942159291497,0.0,2.5649493574615367,0.6931471805599453,3,5.501258210544727,0.0,0.0,1,0.0,0.0,0.0,1,0.0,1,1,0.0,MITM,1
1,0.0,0.0,1,0.0,0.0,0.0,2,0.0,1,2,2,0.0,-0.11227262637457826,-0.489013248180181,-0.5725850877823285,0.0,0.0,0.0,0.0,-0.041462984982604485,-0.8888888888888888,-1.0,3.17039884289658,-0.14456624806777205,3.1354942159291497,0.0,2.5649493574615367,0.6931471805599453,3,5.497168225293202,0.0,0.0,1,0.0,0.0,0.0,1,0.0,1,1,0.0,MITM,1
1,0.0,0.0,1,0.0,0.0,0.0,2,0.0,1,2,2,0.0,-0.11227262637457826,-0.489013248180181,-0.5725850877823285,0.0,0.0,0.0,0.0,-0.041462984982604485,-0.8888888888888888,-1.0,3.17039884289658,-0.14460986278137045,3.1354942159291497,0.0,2.5649493574615367,0.6931471805599453,3,5.501258210544727,0.0,0.0,1,0.0,0.0,0.0,1,0.0,1,1,0.0,MITM,1
1,0.0,0.0,1,0.0,0.0,0.0,2,0.0,1,2,2,0.0,-0.11227262637457826,-0.489013248180181,-0.5725850877823285,0.0,0.0,0.0,0.0,-0.041462984982604485,-0.8888888888888888,-1.0,3.17039884289658,0.08478865847708233,3.1354942159291497,0.0,2.5649493574615367,0.6931471805599453,3,5.497168225293202,0.0,0.0,1,0.0,0.0,0.0,1,0.0,1,1,0.0,MITM,1
1,0.0,0.0,1,0.0,0.0,0.0,2,0.0,1,2,2,0.0,-0.11227262637457826,-0.489013248180181,-0.5725850877823285,0.0,0.0,0.0,0.0,-0.041462984982604485,-0.8888888888888888,-1.0,3.17039884289658,0.08475420667115968,3.1354942159291497,0.0,2.5649493574615367,0.6931471805599453,3,5.501258210544727,0.0,0.0,1,0.0,0.0,0.0,1,0.0,1,1,0.0,MITM,1
1,0.0,0.0,1,0.0,0.0,0.0,2,0.0,1,2,2,0.0,-0.11227262637457826,-0.489013248180181,-0.5725850877823285,0.0,0.0,0.0,0.0,-0.041462984982604485,-0.8888888888888888,-1.0,3.17039884289658,-0.14465181662475274,3.1354942159291497,0.0,2.5649493574615367,0.6931471805599453,3,5.497168225293202,0.0,0.0,1,0.0,0.0,0.0,1,0.0,1,1,0.0,MITM,1
1,0.0,0.0,1,0.0,0.0,0.0,2,0.0,1,2,2,0.0,-0.11227262637457826,-0.489013248180181,-0.5725850877823285,0.0,0.0,0.0,0.0,-0.041462984982604485,-0.8888888888888888,-1.0,3.17039884289658,-0.14465849662123087,3.1354942159291497,0.0,2.5649493574615367,0.6931471805599453,3,5.501258210544727,0.0,0.0,1,0.0,0.0,0.0,1,0.0,1,1,0.0,MITM,1
1,0.0,0.0,1,0.0,0.0,0.0,2,0.0,1,2,2,0.0,-0.11227262637457826,-0.489013248180181,-0.5725850877823285,0.0,0.0,0.0,0.0,-0.041462984982604485,-0.8888888888888888,-1.0,4.046012903714606,-0.14478295061395813,0.0,0.0,0.0,0.0,1,0.0,0.0,0.0,1,0.0,0.0,0.0,1,0.0,1,1,0.0,MITM,1
1,0.0,0.0,1,0.0,0.0,0.0,2,0.0,1,2,2,0.0,-0.11227262637457826,-0.489013248180181,-0.5725850877823285,0.0,0.0,0.0,0.0,-0.041462984982604485,-0.8888888888888888,-1.0,1.7799823517463311,-0.1115003171036796,0.0,0.0,0.0,0.0,1,0.0,0.0,0.0,1,0.0,0.0,0.0,1,0.0,1,1,0.0,MITM,1
1,0.0,0.0,1,0.0,0.0,0.0,2,0.0,1,2,2,0.0,-0.11227262637457826,-0.489013248180181,-0.5725850877823285,0.0,0.0,0.0,0.0,-0.041462984982604485,-0.8888888888888888,-1.0,1.5635258544593913,0.5477439276806493,0.0,0.0,0.0,0.0,1,0.0,0.0,0.0,1,0.0,0.0,0.0,1,0.0,1,1,0.0,MITM,1
1,0.0,0.0,1,0.0,0.0,0.0,2,0.0,1,2,2,0.0,-0.11227262637457826,-0.489013248180181,-0.5725850877823285,0.0,0.0,0.0,0.0,-0.041462984982604485,-0.8888888888888888,-1.0,3.17039884289658,0.4451544282206187,3.091042453358316,0.0,5.545177444479562,0.0,1,0.0,0.0,0.0,1,0.0,0.0,0.0,1,0.0,1,1,0.0,MITM,1
1,0.0,0.0,1,0.0,0.0,0.0,2,0.0,1,2,2,0.0,-0.11227262637457826,-0.489013248180181,-0.5725850877823285,0.0,0.0,0.0,0.0,-0.041462984982604485,-0.8888888888888888,-1.0,3.17039884289658,0.44516296935530264,3.091042453358316,0.0,5.545177444479562,0.0,1,0.0,0.0,0.0,1,0.0,0.0,0.0,1,0.0,1,1,0.0,MITM,1
1,0.0,0.0,1,0.0,0.0,0.0,2,0.0,1,2,2,0.0,-0.11227262637457826,-0.489013248180181,-0.5725850877823285,0.0,0.0,0.0,0.0,-0.041462984982604485,-0.8888888888888888,-1.0,4.067173772992647,-0.14478295061395813,2.772588722239781,0.0,5.545177444479562,0.0,1,0.0,0.0,0.0,1,0.0,0.0,0.0,1,0.0,1,1,0.0,MITM,1
1,0.0,0.0,1,0.0,0.0,0.0,2,0.0,1,2,2,0.0,-0.11227262637457826,-0.489013248180181,-0.5725850877823285,0.0,0.0,0.0,0.0,-0.041462984982604485,-0.8888888888888888,-1.0,3.17039884289658,-0.1443693648500879,3.091042453358316,0.0,5.545177444479562,0.6931471805599453,3,5.594711379601839,0.0,0.0,1,0.0,0.0,0.0,1,0.0,1,1,0.0,MITM,1
1,0.0,0.0,1,0.0,0.0,0.0,2,0.0,1,2,2,0.0,-0.11227262637457826,-0.489013248180181,-0.5725850877823285,0.0,0.0,0.0,0.0,-0.041462984982604485,-0.8888888888888888,-1.0,3.17039884289658,-0.14453557714465412,3.091042453358316,0.0,5.545177444479562,0.6931471805599453,3,5.605802066295998,0.0,0.0,1,0.0,0.0,0.0,1,0.0,1,1,0.0,MITM,1
1,0.0,0.0,1,0.0,0.0,0.0,2,0.0,1,2,2,0.0,-0.11227262637457826,-0.489013248180181,-0.5725850877823285,0.0,0.0,0.0,0.0,-0.041462984982604485,-0.8888888888888888,-1.0,3.9912311840746764,-0.14478295061395813,2.772588722239781,0.0,5.545177444479562,0.0,1,0.0,0.0,0.0,1,0.0,0.0,0.0,1,0.0,1,1,0.0,MITM,1
1,0.0,0.0,1,0.0,0.0,0.0,2,0.0,1,2,2,0.0,-0.11227262637457826,-0.489013248180181,-0.5725850877823285,0.0,0.0,0.0,0.0,-0.041462984982604485,-0.8888888888888888,-1.0,1.5635258544593913,0.08903878735688645,0.0,0.0,0.0,0.0,1,0.0,0.0,0.0,1,0.0,0.0,0.0,1,0.0,1,1,0.0,MITM,1
1,0.0,0.0,1,0.0,0.0,0.0,2,0.0,1,2,2,0.0,-0.11227262637457826,-0.489013248180181,-0.5725850877823285,0.0,0.0,0.0,0.0,-0.041462984982604485,-0.8888888888888888,-1.0,3.17039884289658,0.09249016379363093,3.091042453358316,0.0,5.545177444479562,0.6931471805599453,3,5.594711379601839,0.0,0.0,1,0.0,0.0,0.0,1,0.0,1,1,0.0,MITM,1
1,0.0,0.0,1,0.0,0.0,0.0,2,0.0,1,2,2,0.0,-0.11227262637457826,-0.489013248180181,-0.5725850877823285,0.0,0.0,0.0,0.0,-0.041462984982604485,-0.8888888888888888,-1.0,3.17039884289658,0.09248996256970576,3.091042453358316,0.0,5.545177444479562,0.6931471805599453,3,5.605802066295998,0.0,0.0,1,0.0,0.0,0.0,1,0.0,1,1,0.0,MITM,1
1,0.0,0.0,1,0.0,0.0,0.0,2,0.0,1,2,2,0.0,-0.11227262637457826,-0.489013248180181,-0.5725850877823285,0.0,0.0,0.0,0.0,-0.041462984982604485,-0.8888888888888888,-1.0,4.04228490502155,-0.14478295061395813,2.772588722239781,0.0,5.545177444479562,0.0,1,0.0,0.0,0.0,1,0.0,0.0,0.0,1,0.0,1,1,0.0,MITM,1
1,0.0,0.0,1,0.0,0.0,0.0,2,0.0,1,2,2,0.0,-0.11227262637457826,-0.489013248180181,-0.5725850877823285,0.0,0.0,0.0,0.0,-0.041462984982604485,-0.8888888888888888,-1.0,3.17039884289658,-0.14462822959618,3.091042453358316,0.0,5.545177444479562,0.6931471805599453,3,5.594711379601839,0.0,0.0,1,0.0,0.0,0.0,1,0.0,1,1,0.0,MITM,1
1,0.0,0.0,1,0.0,0.0,0.0,2,0.0,1,2,2,0.0,-0.11227262637457826,-0.489013248180181,-0.5725850877823285,0.0,0.0,0.0,0.0,-0.041462984982604485,-0.8888888888888888,-1.0,3.17039884289658,-0.14462969066215783,3.091042453358316,0.0,5.545177444479562,0.6931471805599453,3,5.605802066295998,0.0,0.0,1,0.0,0.0,0.0,1,0.0,1,1,0.0,MITM,1
1,0.0,0.0,1,0.0,0.0,0.0,2,0.0,1,2,2,0.0,-0.11227262637457826,-0.489013248180181,-0.5725850877823285,0.0,0.0,0.0,0.0,-0.041462984982604485,-0.8888888888888888,-1.0,4.010236458797186,-0.14478295061395813,2.772588722239781,0.0,5.545177444479562,0.0,1,0.0,0.0,0.0,1,0.0,0.0,0.0,1,0.0,1,1,0.0,MITM,1
1,0.0,0.0,1,0.0,0.0,0.0,2,0.0,1,2,2,0.0,-0.11227262637457826,-0.489013248180181,-0.5725850877823285,0.0,0.0,0.0,0.0,-0.041462984982604485,-0.8888888888888888,-1.0,3.17039884289658,0.30298042222796007,3.1354942159291497,0.0,2.5649493574615367,0.0,1,0.0,0.0,0.0,1,0.0,0.0,0.0,1,0.0,1,1,0.0,MITM,1
1,0.0,0.0,1,0.0,0.0,0.0,2,0.0,1,2,2,0.0,-0.11227262637457826,-0.489013248180181,-0.5725850877823285,0.0,0.0,0.0,0.0,-0.041462984982604485,-0.8888888888888888,-1.0,3.17039884289658,0.3029838012134608,3.1354942159291497,0.0,2.5649493574615367,0.0,1,0.0,0.0,0.0,1,0.0,0.0,0.0,1,0.0,1,1,0.0,MITM,1
1,0.0,0.0,1,0.0,0.0,0.0,2,0.0,1,2,2,0.0,-0.11227262637457826,-0.489013248180181,-0.5725850877823285,0.0,0.0,0.0,0.0,-0.041462984982604485,-0.8888888888888888,-1.0,3.17039884289658,-0.14464555432206722,3.1354942159291497,0.0,2.5649493574615367,0.6931471805599453,3,5.786897381366708,0.0,0.0,1,0.0,0.0,0.0,1,0.0,1,1,0.0,MITM,1
1,0.0,0.0,1,0.0,0.0,0.0,2,0.0,1,2,2,0.0,-0.11227262637457826,-0.489013248180181,-0.5725850877823285,0.0,0.0,0.0,0.0,-0.041462984982604485,-0.8888888888888888,-1.0,3.17039884289658,-0.14461194983808429,3.1354942159291497,0.0,2.5649493574615367,0.6931471805599453,3,5.7899601708972535,0.0,0.0,1,0.0,0.0,0.0,1,0.0,1,1,0.0,MITM,1
1,0.0,0.0,1,0.0,0.0,0.0,2,0.0,1,2,2,0.0,-0.11227262637457826,-0.489013248180181,-0.5725850877823285,0.0,0.0,0.0,0.0,-0.041462984982604485,-0.8888888888888888,-1.0,3.17039884289658,8.90673232742646e-05,3.1354942159291497,0.0,2.5649493574615367,0.6931471805599453,3,5.786897381366708,0.0,0.0,1,0.0,0.0,0.0,1,0.0,1,1,0.0,MITM,1
1,0.0,0.0,1,0.0,0.0,0.0,2,0.0,1,2,2,0.0,-0.11227262637457826,-0.489013248180181,-0.5725850877823285,0.0,0.0,0.0,0.0,-0.041462984982604485,-0.8888888888888888,-1.0,3.17039884289658,6.693455948605438e-05,3.1354942159291497,0.0,2.5649493574615367,0.6931471805599453,3,5.7899601708972535,0.0,0.0,1,0.0,0.0,0.0,1,0.0,1,1,0.0,MITM,1
1,0.0,0.0,1,0.0,0.0,0.0,2,0.0,1,2,2,0.0,-0.11227262637457826,-0.489013248180181,-0.5725850877823285,0.0,0.0,0.0,0.0,-0.041462984982604485,-0.8888888888888888,-1.0,3.17039884289658,-0.14467248355579077,3.1354942159291497,0.0,2.5649493574615367,0.6931471805599453,3,5.786897381366708,0.0,0.0,1,0.0,0.0,0.0,1,0.0,1,1,0.0,MITM,1
1,0.0,0.0,1,0.0,0.0,0.0,2,0.0,1,2,2,0.0,-0.11227262637457826,-0.489013248180181,-0.5725850877823285,0.0,0.0,0.0,0.0,-0.041462984982604485,-0.8888888888888888,-1.0,3.17039884289658,-0.14467937298723801,3.1354942159291497,0.0,2.5649493574615367,0.6931471805599453,3,5.7899601708972535,0.0,0.0,1,0.0,0.0,0.0,1,0.0,1,1,0.0,MITM,1
1,0.0,0.0,1,0.0,0.0,0.0,2,0.0,1,2,2,0.0,-0.11227262637457826,-0.489013248180181,-0.5725850877823285,0.0,0.0,0.0,0.0,-0.041462984982604485,-0.8888888888888888,-1.0,3.17039884289658,0.08468995105267034,3.1354942159291497,0.0,2.5649493574615367,0.6931471805599453,3,5.786897381366708,0.0,0.0,1,0.0,0.0,0.0,1,0.0,1,1,0.0,MITM,1
1,0.0,0.0,1,0.0,0.0,0.0,2,0.0,1,2,2,0.0,-0.11227262637457826,-0.489013248180181,-0.5725850877823285,0.0,0.0,0.0,0.0,-0.041462984982604485,-0.8888888888888888,-1.0,3.17039884289658,0.08473234944833088,3.1354942159291497,0.0,2.5649493574615367,0.6931471805599453,3,5.7899601708972535,0.0,0.0,1,0.0,0.0,0.0,1,0.0,1,1,0.0,MITM,1
1,0.0,0.0,1,0.0,0.0,0.0,2,0.0,1,2,2,0.0,-0.11227262637457826,-0.489013248180181,-0.5725850877823285,0.0,0.0,0.0,0.0,-0.041462984982604485,-0.8888888888888888,-1.0,3.17039884289658,-0.14457042133055517,3.1354942159291497,0.0,2.5649493574615367,0.6931471805599453,3,5.786897381366708,0.0,0.0,1,0.0,0.0,0.0,1,0.0,1,1,0.0,MITM,1
1,0.0,0.0,1,0.0,0.0,0.0,2,0.0,1,2,2,0.0,-0.11227262637457826,-0.489013248180181,-0.5725850877823285,0.0,0.0,0.0,0.0,-0.041462984982604485,-0.8888888888888888,-1.0,3.17039884289658,-0.14470776819383377,3.1354942159291497,0.0,2.5649493574615367,0.6931471805599453,3,5.7899601708972535,0.0,0.0,1,0.0,0.0,0.0,1,0.0,1,1,0.0,MITM,1
1,0.0,0.0,1,0.0,0.0,0.0,2,0.0,1,2,2,0.0,-0.11227262637457826,-0.489013248180181,-0.5725850877823285,0.0,0.0,0.0,0.0,-0.041462984982604485,-0.8888888888888888,-1.0,1.5635258544593913,0.4138144192854451,0.0,0.0,0.0,0.0,1,0.0,0.0,0.0,1,0.0,0.0,0.0,1,0.0,1,1,0.0,MITM,1
1,0.0,0.0,1,0.0,0.0,0.0,2,0.0,1,2,2,0.0,-0.11227262637457826,-0.489013248180181,-0.5725850877823285,0.0,0.0,0.0,0.0,-0.041462984982604485,-0.8888888888888888,-1.0,4.003202816658511,-0.14478295061395813,2.772588722239781,0.0,5.545177444479562,0.0,1,0.0,0.0,0.0,1,0.0,0.0,0.0,1,0.0,1,1,0.0,MITM,1
1,0.0,0.0,1,0.0,0.0,0.0,2,0.0,1,2,2,0.0,-0.11227262637457826,-0.489013248180181,-0.5725850877823285,0.0,0.0,0.0,0.0,-0.041462984982604485,-0.8888888888888888,-1.0,4.0413926428148885,-0.14478295061395813,2.772588722239781,0.0,5.545177444479562,0.0,1,0.0,0.0,0.0,1,0.0,0.0,0.0,1,0.0,1,1,0.0,MITM,1
1,0.0,0.0,1,0.0,0.0,0.0,2,0.0,1,2,2,0.0,-0.11227262637457826,-0.489013248180181,-0.5725850877823285,0.0,0.0,0.0,0.0,-0.041462984982604485,-0.8888888888888888,-1.0,3.17039884289658,0.1402919259951117,3.091042453358316,0.0,5.545177444479562,0.0,1,0.0,0.0,0.0,1,0.0,0.0,0.0,1,0.0,1,1,0.0,MITM,1
1,0.0,0.0,1,0.0,0.0,0.0,2,0.0,1,2,2,0.0,-0.11227262637457826,-0.489013248180181,-0.5725850877823285,0.0,0.0,0.0,0.0,-0.041462984982604485,-0.8888888888888888,-1.0,3.17039884289658,0.14039967393511701,3.091042453358316,0.0,5.545177444479562,0.0,1,0.0,0.0,0.0,1,0.0,0.0,0.0,1,0.0,1,1,0.0,MITM,1
1,0.0,0.0,1,0.0,0.0,0.0,2,0.0,1,2,2,0.0,-0.11227262637457826,-0.489013248180181,-0.5725850877823285,0.0,0.0,0.0,0.0,-0.041462984982604485,-0.8888888888888888,-1.0,3.17039884289658,-0.14422515722944712,3.091042453358316,0.0,5.545177444479562,0.6931471805599453,3,5.83773044716594,0.0,0.0,1,0.0,0.0,0.0,1,0.0,1,1,0.0,MITM,1
1,0.0,0.0,1,0.0,0.0,0.0,2,0.0,1,2,2,0.0,-0.11227262637457826,-0.489013248180181,-0.5725850877823285,0.0,0.0,0.0,0.0,-0.041462984982604485,-0.8888888888888888,-1.0,3.17039884289658,-0.14464743299315938,3.091042453358316,0.0,5.545177444479562,0.6931471805599453,3,5.849324779946859,0.0,0.0,1,0.0,0.0,0.0,1,0.0,1,1,0.0,MITM,1
1,0.0,0.0,1,0.0,0.0,0.0,2,0.0,1,2,2,0.0,-0.11227262637457826,-0.489013248180181,-0.5725850877823285,0.0,0.0,0.0,0.0,-0.041462984982604485,-0.8888888888888888,-1.0,3.17039884289658,0.3064095597481117,3.1354942159291497,0.0,2.5649493574615367,0.0,1,0.0,0.0,0.0,1,0.0,0.0,0.0,1,0.0,1,1,0.0,MITM,1
1,0.0,0.0,1,0.0,0.0,0.0,2,0.0,1,2,2,0.0,-0.11227262637457826,-0.489013248180181,-0.5725850877823285,0.0,0.0,0.0,0.0,-0.041462984982604485,-0.8888888888888888,-1.0,3.17039884289658,0.30641656891916075,3.1354942159291497,0.0,2.5649493574615367,0.0,1,0.0,0.0,0.0,1,0.0,0.0,0.0,1,0.0,1,1,0.0,MITM,1
1,0.0,0.0,1,0.0,0.0,0.0,2,0.0,1,2,2,0.0,-0.11227262637457826,-0.489013248180181,-0.5725850877823285,0.0,0.0,0.0,0.0,-0.041462984982604485,-0.8888888888888888,-1.0,3.17039884289658,-0.1447006690302926,3.1354942159291497,0.0,2.5649493574615367,0.6931471805599453,3,5.918893854273146,0.0,0.0,1,0.0,0.0,0.0,1,0.0,1,1,0.0,MITM,1
1,0.0,0.0,1,0.0,0.0,0.0,2,0.0,1,2,2,0.0,-0.11227262637457826,-0.489013248180181,-0.5725850877823285,0.0,0.0,0.0,0.0,-0.041462984982604485,-0.8888888888888888,-1.0,3.17039884289658,-0.1447305289037487,3.1354942159291497,0.0,2.5649493574615367,0.6931471805599453,3,5.921578419643816,0.0,0.0,1,0.0,0.0,0.0,1,0.0,1,1,0.0,MITM,1
1,0.0,0.0,1,0.0,0.0,0.0,2,0.0,1,2,2,0.0,-0.11227262637457826,-0.489013248180181,-0.5725850877823285,0.0,0.0,0.0,0.0,-0.041462984982604485,-0.8888888888888888,-1.0,3.17039884289658,-0.010096438727097385,3.1354942159291497,0.0,2.5649493574615367,0.6931471805599453,3,5.918893854273146,0.0,0.0,1,0.0,0.0,0.0,1,0.0,1,1,0.0,MITM,1
1,0.0,0.0,1,0.0,0.0,0.0,2,0.0,1,2,2,0.0,-0.11227262637457826,-0.489013248180181,-0.5725850877823285,0.0,0.0,0.0,0.0,-0.041462984982604485,-0.8888888888888888,-1.0,3.17039884289658,-0.01001337007990728,3.1354942159291497,0.0,2.5649493574615367,0.6931471805599453,3,5.921578419643816,0.0,0.0,1,0.0,0.0,0.0,1,0.0,1,1,0.0,MITM,1
1,0.0,0.0,1,0.0,0.0,0.0,2,0.0,1,2,2,0.0,-0.11227262637457826,-0.489013248180181,-0.5725850877823285,0.0,0.0,0.0,0.0,-0.041462984982604485,-0.8888888888888888,-1.0,3.17039884289658,-0.1445637441501238,3.1354942159291497,0.0,2.5649493574615367,0.6931471805599453,3,5.918893854273146,0.0,0.0,1,0.0,0.0,0.0,1,0.0,1,1,0.0,MITM,1
1,0.0,0.0,1,0.0,0.0,0.0,2,0.0,1,2,2,0.0,-0.11227262637457826,-0.489013248180181,-0.5725850877823285,0.0,0.0,0.0,0.0,-0.041462984982604485,-0.8888888888888888,-1.0,3.17039884289658,-0.1446578703624859,3.1354942159291497,0.0,2.5649493574615367,0.6931471805599453,3,5.921578419643816,0.0,0.0,1,0.0,0.0,0.0,1,0.0,1,1,0.0,MITM,1
1,0.0,0.0,1,0.0,0.0,0.0,2,0.0,1,2,2,0.0,-0.11227262637457826,-0.489013248180181,-0.5725850877823285,0.0,0.0,0.0,0.0,-0.041462984982604485,-0.8888888888888888,-1.0,3.17039884289658,0.08471926186350823,3.1354942159291497,0.0,2.5649493574615367,0.6931471805599453,3,5.918893854273146,0.0,0.0,1,0.0,0.0,0.0,1,0.0,1,1,0.0,MITM,1
1,0.0,0.0,1,0.0,0.0,0.0,2,0.0,1,2,2,0.0,-0.11227262637457826,-0.489013248180181,-0.5725850877823285,0.0,0.0,0.0,0.0,-0.041462984982604485,-0.8888888888888888,-1.0,3.17039884289658,0.08469698323741373,3.1354942159291497,0.0,2.5649493574615367,0.6931471805599453,3,5.921578419643816,0.0,0.0,1,0.0,0.0,0.0,1,0.0,1,1,0.0,MITM,1
1,0.0,0.0,1,0.0,0.0,0.0,2,0.0,1,2,2,0.0,-0.11227262637457826,-0.489013248180181,-0.5725850877823285,0.0,0.0,0.0,0.0,-0.041462984982604485,-0.8888888888888888,-1.0,3.17039884289658,-0.14464972916966323,3.1354942159291497,0.0,2.5649493574615367,0.6931471805599453,3,5.918893854273146,0.0,0.0,1,0.0,0.0,0.0,1,0.0,1,1,0.0,MITM,1
1,0.0,0.0,1,0.0,0.0,0.0,2,0.0,1,2,2,0.0,-0.11227262637457826,-0.489013248180181,-0.5725850877823285,0.0,0.0,0.0,0.0,-0.041462984982604485,-0.8888888888888888,-1.0,3.17039884289658,-0.1446520253714091,3.1354942159291497,0.0,2.5649493574615367,0.6931471805599453,3,5.921578419643816,0.0,0.0,1,0.0,0.0,0.0,1,0.0,1,1,0.0,MITM,1
1,0.0,0.0,1,0.0,0.0,0.0,2,0.0,1,2,2,0.0,-0.11227262637457826,-0.489013248180181,-0.5725850877823285,0.0,0.0,0.0,0.0,-0.041462984982604485,-0.8888888888888888,-1.0,1.5635258544593913,0.46129855480969656,0.0,0.0,0.0,0.0,1,0.0,0.0,0.0,1,0.0,0.0,0.0,1,0.0,1,1,0.0,MITM,1
1,0.0,0.0,1,0.0,0.0,0.0,2,0.0,1,2,2,0.0,-0.11227262637457826,-0.489013248180181,-0.5725850877823285,0.0,0.0,0.0,0.0,-0.041462984982604485,-0.8888888888888888,-1.0,4.085223785598704,-0.14478295061395813,2.772588722239781,0.0,5.545177444479562,0.0,1,0.0,0.0,0.0,1,0.0,0.0,0.0,1,0.0,1,1,0.0,MITM,1
1,0.0,0.0,1,0.0,0.0,0.0,2,0.0,1,2,2,0.0,-0.11227262637457826,-0.489013248180181,-0.5725850877823285,0.0,0.0,0.0,0.0,-0.041462984982604485,-0.8888888888888888,-1.0,4.064861847766186,-0.14478295061395813,2.772588722239781,0.0,5.545177444479562,0.0,1,0.0,0.0,0.0,1,0.0,0.0,0.0,1,0.0,1,1,0.0,MITM,1
1,0.0,0.0,1,0.0,0.0,0.0,2,0.0,1,2,2,0.0,-0.11227262637457826,-0.489013248180181,-0.5725850877823285,0.0,0.0,0.0,0.0,-0.041462984982604485,-0.8888888888888888,-1.0,3.17039884289658,0.2794623376618031,3.091042453358316,0.0,5.545177444479562,0.0,1,0.0,0.0,0.0,1,0.0,0.0,0.0,1,0.0,1,1,0.0,MITM,1
1,0.0,0.0,1,0.0,0.0,0.0,2,0.0,1,2,2,0.0,-0.11227262637457826,-0.489013248180181,-0.5725850877823285,0.0,0.0,0.0,0.0,-0.041462984982604485,-0.8888888888888888,-1.0,3.17039884289658,0.27945918621317883,3.091042453358316,0.0,5.545177444479562,0.0,1,0.0,0.0,0.0,1,0.0,0.0,0.0,1,0.0,1,1,0.0,MITM,1
1,0.0,0.0,1,0.0,0.0,0.0,2,0.0,1,2,2,0.0,-0.11227262637457826,-0.489013248180181,-0.5725850877823285,0.0,0.0,0.0,0.0,-0.041462984982604485,-0.8888888888888888,-1.0,3.17039884289658,-0.1446647593119537,3.091042453358316,0.0,5.545177444479562,0.6931471805599453,3,5.988961416889864,0.0,0.0,1,0.0,0.0,0.0,1,0.0,1,1,0.0,MITM,1
1,0.0,0.0,1,0.0,0.0,0.0,2,0.0,1,2,2,0.0,-0.11227262637457826,-0.489013248180181,-0.5725850877823285,0.0,0.0,0.0,0.0,-0.041462984982604485,-0.8888888888888888,-1.0,3.17039884289658,-0.14466538559135356,3.091042453358316,0.0,5.545177444479562,0.6931471805599453,3,5.991464547107982,0.0,0.0,1,0.0,0.0,0.0,1,0.0,1,1,0.0,MITM,1
1,0.0,0.0,1,0.0,0.0,0.0,2,0.0,1,2,2,0.0,-0.11227262637457826,-0.489013248180181,-0.5725850877823285,0.0,0.0,0.0,0.0,-0.041462984982604485,-0.8888888888888888,-1.0,1.819483879269207,-0.14478295061395813,0.0,0.0,0.0,0.0,1,0.0,0.0,0.0,1,0.0,0.0,0.0,1,0.0,1,1,0.0,MITM,1
1,0.0,0.0,1,0.0,0.0,0.0,2,0.0,1,2,2,0.0,-0.11227262637457826,-0.489013248180181,-0.5725850877823285,0.0,0.0,0.0,0.0,-0.041462984982604485,-0.8888888888888888,-1.0,3.17039884289658,0.30144199661648824,3.1354942159291497,0.0,2.5649493574615367,0.0,1,0.0,0.0,0.0,1,0.0,0.0,0.0,1,0.0,1,1,0.0,MITM,1
1,0.0,0.0,1,0.0,0.0,0.0,2,0.0,1,2,2,0.0,-0.11227262637457826,-0.489013248180181,-0.5725850877823285,0.0,0.0,0.0,0.0,-0.041462984982604485,-0.8888888888888888,-1.0,3.17039884289658,0.30145696871053307,3.1354942159291497,0.0,2.5649493574615367,0.0,1,0.0,0.0,0.0,1,0.0,0.0,0.0,1,0.0,1,1,0.0,MITM,1
1,0.0,0.0,1,0.0,0.0,0.0,2,0.0,1,2,2,0.0,-0.11227262637457826,-0.489013248180181,-0.5725850877823285,0.0,0.0,0.0,0.0,-0.041462984982604485,-0.8888888888888888,-1.0,3.17039884289658,-0.14462238543446573,3.1354942159291497,0.0,2.5649493574615367,0.6931471805599453,3,6.042632833682381,0.0,0.0,1,0.0,0.0,0.0,1,0.0,1,1,0.0,MITM,1
1,0.0,0.0,1,0.0,0.0,0.0,2,0.0,1,2,2,0.0,-0.11227262637457826,-0.489013248180181,-0.5725850877823285,0.0,0.0,0.0,0.0,-0.041462984982604485,-0.8888888888888888,-1.0,3.17039884289658,-0.14474827980250976,3.1354942159291497,0.0,2.5649493574615367,0.6931471805599453,3,6.045005314036012,0.0,0.0,1,0.0,0.0,0.0,1,0.0,1,1,0.0,MITM,1
1,0.0,0.0,1,0.0,0.0,0.0,2,0.0,1,2,2,0.0,-0.11227262637457826,-0.489013248180181,-0.5725850877823285,0.0,0.0,0.0,0.0,-0.041462984982604485,-0.8888888888888888,-1.0,1.819483879269207,-0.027903420281400304,0.0,0.0,0.0,0.0,1,0.0,0.0,0.0,1,0.0,0.0,0.0,1,0.0,1,1,0.0,MITM,1
1,0.0,0.0,1,0.0,0.0,0.0,2,0.0,1,2,2,0.0,-0.11227262637457826,-0.489013248180181,-0.5725850877823285,0.0,0.0,0.0,0.0,-0.041462984982604485,-0.8888888888888888,-1.0,1.819483879269207,-0.027775857693845194,0.0,0.0,0.0,0.0,1,0.0,0.0,0.0,1,0.0,0.0,0.0,1,0.0,1,1,0.0,MITM,1
1,0.0,0.0,1,0.0,0.0,0.0,2,0.0,1,2,2,0.0,-0.11227262637457826,-0.489013248180181,-0.5725850877823285,0.0,0.0,0.0,0.0,-0.041462984982604485,-0.8888888888888888,-1.0,3.17039884289658,-0.009737880113425525,3.1354942159291497,0.0,2.5649493574615367,0.6931471805599453,3,6.042632833682381,0.0,0.0,1,0.0,0.0,0.0,1,0.0,1,1,0.0,MITM,1
1,0.0,0.0,1,0.0,0.0,0.0,2,0.0,1,2,2,0.0,-0.11227262637457826,-0.489013248180181,-0.5725850877823285,0.0,0.0,0.0,0.0,-0.041462984982604485,-0.8888888888888888,-1.0,3.17039884289658,-0.009706040435025607,3.1354942159291497,0.0,2.5649493574615367,0.6931471805599453,3,6.045005314036012,0.0,0.0,1,0.0,0.0,0.0,1,0.0,1,1,0.0,MITM,1
1,0.0,0.0,1,0.0,0.0,0.0,2,0.0,1,2,2,0.0,-0.11227262637457826,-0.489013248180181,-0.5725850877823285,0.0,0.0,0.0,0.0,-0.041462984982604485,-0.8888888888888888,-1.0,3.17039884289658,-0.1446998338504444,3.1354942159291497,0.0,2.5649493574615367,0.6931471805599453,3,6.042632833682381,0.0,0.0,1,0.0,0.0,0.0,1,0.0,1,1,0.0,MITM,1
1,0.0,0.0,1,0.0,0.0,0.0,2,0.0,1,2,2,0.0,-0.11227262637457826,-0.489013248180181,-0.5725850877823285,0.0,0.0,0.0,0.0,-0.041462984982604485,-0.8888888888888888,-1.0,3.17039884289658,-0.14476289932249856,3.1354942159291497,0.0,2.5649493574615367,0.6931471805599453,3,6.045005314036012,0.0,0.0,1,0.0,0.0,0.0,1,0.0,1,1,0.0,MITM,1
1,0.0,0.0,1,0.0,0.0,0.0,2,0.0,1,2,2,0.0,-0.11227262637457826,-0.489013248180181,-0.5725850877823285,0.0,0.0,0.0,0.0,-0.041462984982604485,-0.8888888888888888,-1.0,3.17039884289658,0.08459091832198215,3.1354942159291497,0.0,2.5649493574615367,0.6931471805599453,3,6.042632833682381,0.0,0.0,1,0.0,0.0,0.0,1,0.0,1,1,0.0,MITM,1
1,0.0,0.0,1,0.0,0.0,0.0,2,0.0,1,2,2,0.0,-0.11227262637457826,-0.489013248180181,-0.5725850877823285,0.0,0.0,0.0,0.0,-0.041462984982604485,-0.8888888888888888,-1.0,3.17039884289658,0.084641485202907,3.1354942159291497,0.0,2.5649493574615367,0.6931471805599453,3,6.045005314036012,0.0,0.0,1,0.0,0.0,0.0,1,0.0,1,1,0.0,MITM,1
1,0.0,0.0,1,0.0,0.0,0.0,2,0.0,1,2,2,0.0,-0.11227262637457826,-0.489013248180181,-0.5725850877823285,0.0,0.0,0.0,0.0,-0.041462984982604485,-0.8888888888888888,-1.0,3.17039884289658,-0.14455560662505643,3.1354942159291497,0.0,2.5649493574615367,0.6931471805599453,3,6.042632833682381,0.0,0.0,1,0.0,0.0,0.0,1,0.0,1,1,0.0,MITM,1
1,0.0,0.0,1,0.0,0.0,0.0,2,0.0,1,2,2,0.0,-0.11227262637457826,-0.489013248180181,-0.5725850877823285,0.0,0.0,0.0,0.0,-0.041462984982604485,-0.8888888888888888,-1.0,3.17039884289658,-0.14470588898000347,3.1354942159291497,0.0,2.5649493574615367,0.6931471805599453,3,6.045005314036012,0.0,0.0,1,0.0,0.0,0.0,1,0.0,1,1,0.0,MITM,1
1,0.0,0.0,1,0.0,0.0,0.0,2,0.0,1,2,2,0.0,-0.11227262637457826,-0.489013248180181,-0.5725850877823285,0.0,0.0,0.0,0.0,-0.041462984982604485,-0.8888888888888888,-1.0,3.17039884289658,0.38553091117878807,3.091042453358316,0.0,5.545177444479562,0.0,1,0.0,0.0,0.0,1,0.0,0.0,0.0,1,0.0,1,1,0.0,MITM,1
1,0.0,0.0,1,0.0,0.0,0.0,2,0.0,1,2,2,0.0,-0.11227262637457826,-0.489013248180181,-0.5725850877823285,0.0,0.0,0.0,0.0,-0.041462984982604485,-0.8888888888888888,-1.0,3.17039884289658,0.38556132021316025,3.091042453358316,0.0,5.545177444479562,0.0,1,0.0,0.0,0.0,1,0.0,0.0,0.0,1,0.0,1,1,0.0,MITM,1
1,0.0,0.0,1,0.0,0.0,0.0,2,0.0,1,2,2,0.0,-0.11227262637457826,-0.489013248180181,-0.5725850877823285,0.0,0.0,0.0,0.0,-0.041462984982604485,-0.8888888888888888,-1.0,4.080156874929216,-0.14478295061395813,2.772588722239781,0.0,5.545177444479562,0.0,1,0.0,0.0,0.0,1,0.0,0.0,0.0,1,0.0,1,1,0.0,MITM,1
1,0.0,0.0,1,0.0,0.0,0.0,2,0.0,1,2,2,0.0,-0.11227262637457826,-0.489013248180181,-0.5725850877823285,0.0,0.0,0.0,0.0,-0.041462984982604485,-0.8888888888888888,-1.0,4.0745190650671335,-0.14478295061395813,2.772588722239781,0.0,5.545177444479562,0.0,1,0.0,0.0,0.0,1,0.0,0.0,0.0,1,0.0,1,1,0.0,MITM,1
1,0.0,0.0,1,0.0,0.0,0.0,2,0.0,1,2,2,0.0,-0.11227262637457826,-0.489013248180181,-0.5725850877823285,0.0,0.0,0.0,0.0,-0.041462984982604485,-0.8888888888888888,-1.0,3.17039884289658,-0.14295266088906058,3.091042453358316,0.0,5.545177444479562,0.6931471805599453,3,6.091309882077698,0.0,0.0,1,0.0,0.0,0.0,1,0.0,1,1,0.0,MITM,1
1,0.0,0.0,1,0.0,0.0,0.0,2,0.0,1,2,2,0.0,-0.11227262637457826,-0.489013248180181,-0.5725850877823285,0.0,0.0,0.0,0.0,-0.041462984982604485,-0.8888888888888888,-1.0,3.17039884289658,-0.14333461290488939,3.091042453358316,0.0,5.545177444479562,0.6931471805599453,3,6.095824562432225,0.0,0.0,1,0.0,0.0,0.0,1,0.0,1,1,0.0,MITM,1
1,0.0,0.0,1,0.0,0.0,0.0,2,0.0,1,2,2,0.0,-0.11227262637457826,-0.489013248180181,-0.5725850877823285,0.0,0.0,0.0,0.0,-0.041462984982604485,-0.8888888888888888,-1.0,3.17039884289658,0.31020433554071775,3.1354942159291497,0.0,2.5649493574615367,0.0,1,0.0,0.0,0.0,1,0.0,0.0,0.0,1,0.0,1,1,0.0,MITM,1
1,0.0,0.0,1,0.0,0.0,0.0,2,0.0,1,2,2,0.0,-0.11227262637457826,-0.489013248180181,-0.5725850877823285,0.0,0.0,0.0,0.0,-0.041462984982604485,-0.8888888888888888,-1.0,3.17039884289658,0.3102204427868965,3.1354942159291497,0.0,2.5649493574615367,0.0,1,0.0,0.0,0.0,1,0.0,0.0,0.0,1,0.0,1,1,0.0,MITM,1
1,0.0,0.0,1,0.0,0.0,0.0,2,0.0,1,2,2,0.0,-0.11227262637457826,-0.489013248180181,-0.5725850877823285,0.0,0.0,0.0,0.0,-0.041462984982604485,-0.8888888888888888,-1.0,3.17039884289658,-0.143870688195468,3.1354942159291497,0.0,2.5649493574615367,0.6931471805599453,3,6.1675164908883415,0.0,0.0,1,0.0,0.0,0.0,1,0.0,1,1,0.0,MITM,1
1,0.0,0.0,1,0.0,0.0,0.0,2,0.0,1,2,2,0.0,-0.11227262637457826,-0.489013248180181,-0.5725850877823285,0.0,0.0,0.0,0.0,-0.041462984982604485,-0.8888888888888888,-1.0,1.5635258544593913,0.5718314251601971,0.0,0.0,0.0,0.0,1,0.0,0.0,0.0,1,0.0,0.0,0.0,1,0.0,1,1,0.0,MITM,1
1,0.0,0.0,1,0.0,0.0,0.0,2,0.0,1,2,2,0.0,-0.11227262637457826,-0.489013248180181,-0.5725850877823285,0.0,0.0,0.0,0.0,-0.041462984982604485,-0.8888888888888888,-1.0,3.17039884289658,-0.1421551586758736,3.1354942159291497,0.0,2.5649493574615367,0.6931471805599453,3,6.169610732491456,0.0,0.0,1,0.0,0.0,0.0,1,0.0,1,1,0.0,MITM,1
1,0.0,0.0,1,0.0,0.0,0.0,2,0.0,1,2,2,0.0,-0.11227262637457826,-0.489013248180181,-0.5725850877823285,0.0,0.0,0.0,0.0,-0.041462984982604485,-0.8888888888888888,-1.0,3.17039884289658,-0.14064150497498995,3.091042453358316,0.0,5.545177444479562,0.6931471805599453,3,6.1675164908883415,0.0,0.0,1,0.0,0.0,0.0,1,0.0,1,1,0.0,MITM,1
1,0.0,0.0,1,0.0,0.0,0.0,2,0.0,1,2,2,0.0,-0.11227262637457826,-0.489013248180181,-0.5725850877823285,0.0,0.0,0.0,0.0,-0.041462984982604485,-0.8888888888888888,-1.0,3.17039884289658,-0.14242512940480737,3.091042453358316,0.0,5.545177444479562,0.6931471805599453,3,6.169610732491456,0.0,0.0,1,0.0,0.0,0.0,1,0.0,1,1,0.0,MITM,1
1,0.0,0.0,1,0.0,0.0,0.0,2,0.0,1,2,2,0.0,-0.11227262637457826,-0.489013248180181,-0.5725850877823285,0.0,0.0,0.0,0.0,-0.041462984982604485,-0.8888888888888888,-1.0,3.991201304890028,-0.14478295061395813,2.772588722239781,0.0,5.545177444479562,0.0,1,0.0,0.0,0.0,1,0.0,0.0,0.0,1,0.0,1,1,0.0,MITM,1
1,0.0,0.0,1,0.0,0.0,0.0,2,0.0,1,2,2,0.0,-0.11227262637457826,-0.489013248180181,-0.5725850877823285,0.0,0.0,0.0,0.0,-0.041462984982604485,-0.8888888888888888,-1.0,3.17039884289658,-0.11929656880694674,3.091042453358316,0.0,5.545177444479562,0.6931471805599453,3,6.1675164908883415,0.0,0.0,1,0.0,0.0,0.0,1,0.0,1,1,0.0,MITM,1
1,0.0,0.0,1,0.0,0.0,0.0,2,0.0,1,2,2,0.0,-0.11227262637457826,-0.489013248180181,-0.5725850877823285,0.0,0.0,0.0,0.0,-0.041462984982604485,-0.8888888888888888,-1.0,3.17039884289658,-0.11935500056877417,3.091042453358316,0.0,5.545177444479562,0.6931471805599453,3,6.169610732491456,0.0,0.0,1,0.0,0.0,0.0,1,0.0,1,1,0.0,MITM,1
1,0.0,0.0,1,0.0,0.0,0.0,2,0.0,1,2,2,0.0,-0.11227262637457826,-0.489013248180181,-0.5725850877823285,0.0,0.0,0.0,0.0,-0.041462984982604485,-0.8888888888888888,-1.0,3.9976731254867226,-0.14478295061395813,2.772588722239781,0.0,5.545177444479562,0.0,1,0.0,0.0,0.0,1,0.0,0.0,0.0,1,0.0,1,1,0.0,MITM,1
1,0.0,0.0,1,0.0,0.0,0.0,2,0.0,1,2,2,0.0,-0.11227262637457826,-0.489013248180181,-0.5725850877823285,0.0,0.0,0.0,0.0,-0.041462984982604485,-0.8888888888888888,-1.0,3.17039884289658,-0.01479811161550473,3.1354942159291497,0.0,2.5649493574615367,0.6931471805599453,3,6.1675164908883415,0.0,0.0,1,0.0,0.0,0.0,1,0.0,1,1,0.0,MITM,1
1,0.0,0.0,1,0.0,0.0,0.0,2,0.0,1,2,2,0.0,-0.11227262637457826,-0.489013248180181,-0.5725850877823285,0.0,0.0,0.0,0.0,-0.041462984982604485,-0.8888888888888888,-1.0,3.17039884289658,-0.01477356178402052,3.1354942159291497,0.0,2.5649493574615367,0.6931471805599453,3,6.169610732491456,0.0,0.0,1,0.0,0.0,0.0,1,0.0,1,1,0.0,MITM,1
1,0.0,0.0,1,0.0,0.0,0.0,2,0.0,1,2,2,0.0,-0.11227262637457826,-0.489013248180181,-0.5725850877823285,0.0,0.0,0.0,0.0,-0.041462984982604485,-0.8888888888888888,-1.0,3.17039884289658,-0.14469816350076614,3.1354942159291497,0.0,2.5649493574615367,0.6931471805599453,3,6.1675164908883415,0.0,0.0,1,0.0,0.0,0.0,1,0.0,1,1,0.0,MITM,1
1,0.0,0.0,1,0.0,0.0,0.0,2,0.0,1,2,2,0.0,-0.11227262637457826,-0.489013248180181,-0.5725850877823285,0.0,0.0,0.0,0.0,-0.041462984982604485,-0.8888888888888888,-1.0,3.17039884289658,-0.14471632927078842,3.1354942159291497,0.0,2.5649493574615367,0.6931471805599453,3,6.169610732491456,0.0,0.0,1,0.0,0.0,0.0,1,0.0,1,1,0.0,MITM,1
1,0.0,0.0,1,0.0,0.0,0.0,2,0.0,1,2,2,0.0,-0.11227262637457826,-0.489013248180181,-0.5725850877823285,0.0,0.0,0.0,0.0,-0.041462984982604485,-0.8888888888888888,-1.0,3.17039884289658,0.08349599716834068,3.1354942159291497,0.0,2.5649493574615367,0.6931471805599453,3,6.1675164908883415,0.0,0.0,1,0.0,0.0,0.0,1,0.0,1,1,0.0,MITM,1
1,0.0,0.0,1,0.0,0.0,0.0,2,0.0,1,2,2,0.0,-0.11227262637457826,-0.489013248180181,-0.5725850877823285,0.0,0.0,0.0,0.0,-0.041462984982604485,-0.8888888888888888,-1.0,3.17039884289658,-0.1445019903478512,3.1354942159291497,0.0,2.5649493574615367,0.6931471805599453,3,6.1675164908883415,0.0,0.0,1,0.0,0.0,0.0,1,0.0,1,1,0.0,MITM,1
1,0.0,0.0,1,0.0,0.0,0.0,2,0.0,1,2,2,0.0,-0.11227262637457826,-0.489013248180181,-0.5725850877823285,0.0,0.0,0.0,0.0,-0.041462984982604485,-0.8888888888888888,-1.0,3.17039884289658,0.08360660878657676,3.1354942159291497,0.0,2.5649493574615367,0.6931471805599453,3,6.169610732491456,0.0,0.0,1,0.0,0.0,0.0,1,0.0,1,1,0.0,MITM,1
1,0.0,0.0,1,0.0,0.0,0.0,2,0.0,1,2,2,0.0,-0.11227262637457826,-0.489013248180181,-0.5725850877823285,0.0,0.0,0.0,0.0,-0.041462984982604485,-0.8888888888888888,-1.0,3.17039884289658,-0.14468730655343243,3.1354942159291497,0.0,2.5649493574615367,0.6931471805599453,3,6.169610732491456,0.0,0.0,1,0.0,0.0,0.0,1,0.0,1,1,0.0,MITM,1
1,0.0,0.0,1,0.0,0.0,0.0,2,0.0,1,2,2,0.0,-0.11227262637457826,-0.489013248180181,-0.5725850877823285,0.0,0.0,0.0,0.0,-0.041462984982604485,-0.8888888888888888,-1.0,3.17039884289658,0.2329173625464499,3.1354942159291497,0.0,2.5649493574615367,0.0,1,0.0,0.0,0.0,1,0.0,0.0,0.0,1,0.0,1,1,0.0,MITM,1
1,0.0,0.0,1,0.0,0.0,0.0,2,0.0,1,2,2,0.0,-0.11227262637457826,-0.489013248180181,-0.5725850877823285,0.0,0.0,0.0,0.0,-0.041462984982604485,-0.8888888888888888,-1.0,3.17039884289658,0.2328947260324737,3.1354942159291497,0.0,2.5649493574615367,0.0,1,0.0,0.0,0.0,1,0.0,0.0,0.0,1,0.0,1,1,0.0,MITM,1
1,0.0,0.0,1,0.0,0.0,0.0,2,0.0,1,2,2,0.0,-0.11227262637457826,-0.489013248180181,-0.5725850877823285,0.0,0.0,0.0,0.0,-0.041462984982604485,-0.8888888888888888,-1.0,3.17039884289658,-0.1446687257798667,3.1354942159291497,0.0,2.5649493574615367,0.6931471805599453,3,6.249975242259483,0.0,0.0,1,0.0,0.0,0.0,1,0.0,1,1,0.0,MITM,1
1,0.0,0.0,1,0.0,0.0,0.0,2,0.0,1,2,2,0.0,-0.11227262637457826,-0.489013248180181,-0.5725850877823285,0.0,0.0,0.0,0.0,-0.041462984982604485,-0.8888888888888888,-1.0,3.17039884289658,-0.14469774591543366,3.1354942159291497,0.0,2.5649493574615367,0.6931471805599453,3,6.251903883165888,0.0,0.0,1,0.0,0.0,0.0,1,0.0,1,1,0.0,MITM,1
1,0.0,0.0,1,0.0,0.0,0.0,2,0.0,1,2,2,0.0,-0.11227262637457826,-0.489013248180181,-0.5725850877823285,0.0,0.0,0.0,0.0,-0.041462984982604485,-0.8888888888888888,-1.0,3.17039884289658,-0.011746225586375496,3.1354942159291497,0.0,2.5649493574615367,0.6931471805599453,3,6.249975242259483,0.0,0.0,1,0.0,0.0,0.0,1,0.0,1,1,0.0,MITM,1
1,0.0,0.0,1,0.0,0.0,0.0,2,0.0,1,2,2,0.0,-0.11227262637457826,-0.489013248180181,-0.5725850877823285,0.0,0.0,0.0,0.0,-0.041462984982604485,-0.8888888888888888,-1.0,3.17039884289658,-0.011731090345713485,3.1354942159291497,0.0,2.5649493574615367,0.6931471805599453,3,6.251903883165888,0.0,0.0,1,0.0,0.0,0.0,1,0.0,1,1,0.0,MITM,1
1,0.0,0.0,1,0.0,0.0,0.0,2,0.0,1,2,2,0.0,-0.11227262637457826,-0.489013248180181,-0.5725850877823285,0.0,0.0,0.0,0.0,-0.041462984982604485,-0.8888888888888888,-1.0,3.17039884289658,-0.1447111090601666,3.1354942159291497,0.0,2.5649493574615367,0.6931471805599453,3,6.249975242259483,0.0,0.0,1,0.0,0.0,0.0,1,0.0,1,1,0.0,MITM,1
1,0.0,0.0,1,0.0,0.0,0.0,2,0.0,1,2,2,0.0,-0.11227262637457826,-0.489013248180181,-0.5725850877823285,0.0,0.0,0.0,0.0,-0.041462984982604485,-0.8888888888888888,-1.0,3.17039884289658,-0.14468814168319266,3.1354942159291497,0.0,2.5649493574615367,0.6931471805599453,3,6.251903883165888,0.0,0.0,1,0.0,0.0,0.0,1,0.0,1,1,0.0,MITM,1
1,0.0,0.0,1,0.0,0.0,0.0,2,0.0,1,2,2,0.0,-0.11227262637457826,-0.489013248180181,-0.5725850877823285,0.0,0.0,0.0,0.0,-0.041462984982604485,-0.8888888888888888,-1.0,3.17039884289658,0.08473603888524393,3.1354942159291497,0.0,2.5649493574615367,0.6931471805599453,3,6.249975242259483,0.0,0.0,1,0.0,0.0,0.0,1,0.0,1,1,0.0,MITM,1
1,0.0,0.0,1,0.0,0.0,0.0,2,0.0,1,2,2,0.0,-0.11227262637457826,-0.489013248180181,-0.5725850877823285,0.0,0.0,0.0,0.0,-0.041462984982604485,-0.8888888888888888,-1.0,3.17039884289658,0.08474098123634558,3.1354942159291497,0.0,2.5649493574615367,0.6931471805599453,3,6.251903883165888,0.0,0.0,1,0.0,0.0,0.0,1,0.0,1,1,0.0,MITM,1
1,0.0,0.0,1,0.0,0.0,0.0,2,0.0,1,2,2,0.0,-0.11227262637457826,-0.489013248180181,-0.5725850877823285,0.0,0.0,0.0,0.0,-0.041462984982604485,-0.8888888888888888,-1.0,3.17039884289658,-0.14463261282477363,3.1354942159291497,0.0,2.5649493574615367,0.6931471805599453,3,6.249975242259483,0.0,0.0,1,0.0,0.0,0.0,1,0.0,1,1,0.0,MITM,1
1,0.0,0.0,1,0.0,0.0,0.0,2,0.0,1,2,2,0.0,-0.11227262637457826,-0.489013248180181,-0.5725850877823285,0.0,0.0,0.0,0.0,-0.041462984982604485,-0.8888888888888888,-1.0,3.17039884289658,-0.14463699614534983,3.1354942159291497,0.0,2.5649493574615367,0.6931471805599453,3,6.251903883165888,0.0,0.0,1,0.0,0.0,0.0,1,0.0,1,1,0.0,MITM,1
1,0.0,0.0,1,0.0,0.0,0.0,2,0.0,1,2,2,0.0,-0.11227262637457826,-0.489013248180181,-0.5725850877823285,0.0,0.0,0.0,0.0,-0.041462984982604485,-0.8888888888888888,-1.0,1.5635258544593913,0.7560024470684363,0.0,0.0,0.0,0.0,1,0.0,0.0,0.0,1,0.0,0.0,0.0,1,0.0,1,1,0.0,MITM,1
1,0.0,0.0,1,0.0,0.0,0.0,2,0.0,1,2,2,0.0,-0.11227262637457826,-0.489013248180181,-0.5725850877823285,0.0,0.0,0.0,0.0,-0.041462984982604485,-0.8888888888888888,-1.0,4.068908859327051,-0.14478295061395813,2.772588722239781,0.0,5.545177444479562,0.0,1,0.0,0.0,0.0,1,0.0,0.0,0.0,1,0.0,1,1,0.0,MITM,1
1,0.0,0.0,1,0.0,0.0,0.0,2,0.0,1,2,2,0.0,-0.11227262637457826,-0.489013248180181,-0.5725850877823285,0.0,0.0,0.0,0.0,-0.041462984982604485,-0.8888888888888888,-1.0,3.17039884289658,0.7227610584383942,3.091042453358316,0.0,5.545177444479562,0.0,1,0.0,0.0,0.0,1,0.0,0.0,0.0,1,0.0,1,1,0.0,MITM,1
1,0.0,0.0,1,0.0,0.0,0.0,2,0.0,1,2,2,0.0,-0.11227262637457826,-0.489013248180181,-0.5725850877823285,0.0,0.0,0.0,0.0,-0.041462984982604485,-0.8888888888888888,-1.0,3.17039884289658,0.7227601099990598,3.091042453358316,0.0,5.545177444479562,0.0,1,0.0,0.0,0.0,1,0.0,0.0,0.0,1,0.0,1,1,0.0,MITM,1
1,0.0,0.0,1,0.0,0.0,0.0,2,0.0,1,2,2,0.0,-0.11227262637457826,-0.489013248180181,-0.5725850877823285,0.0,0.0,0.0,0.0,-0.041462984982604485,-0.8888888888888888,-1.0,3.17039884289658,0.311376630182542,3.1354942159291497,0.0,2.5649493574615367,0.0,1,0.0,0.0,0.0,1,0.0,0.0,0.0,1,0.0,1,1,0.0,MITM,1
1,0.0,0.0,1,0.0,0.0,0.0,2,0.0,1,2,2,0.0,-0.11227262637457826,-0.489013248180181,-0.5725850877823285,0.0,0.0,0.0,0.0,-0.041462984982604485,-0.8888888888888888,-1.0,3.17039884289658,0.31138784933971214,3.1354942159291497,0.0,2.5649493574615367,0.0,1,0.0,0.0,0.0,1,0.0,0.0,0.0,1,0.0,1,1,0.0,MITM,1
1,0.0,0.0,1,0.0,0.0,0.0,2,0.0,1,2,2,0.0,-0.11227262637457826,-0.489013248180181,-0.5725850877823285,0.0,0.0,0.0,0.0,-0.041462984982604485,-0.8888888888888888,-1.0,3.17039884289658,-0.14457104732716422,3.1354942159291497,0.0,2.5649493574615367,0.6931471805599453,3,6.354370040797351,0.0,0.0,1,0.0,0.0,0.0,1,0.0,1,1,0.0,MITM,1
1,0.0,0.0,1,0.0,0.0,0.0,2,0.0,1,2,2,0.0,-0.11227262637457826,-0.489013248180181,-0.5725850877823285,0.0,0.0,0.0,0.0,-0.041462984982604485,-0.8888888888888888,-1.0,3.17039884289658,-0.1446710221904538,3.1354942159291497,0.0,2.5649493574615367,0.6931471805599453,3,6.3561076606958915,0.0,0.0,1,0.0,0.0,0.0,1,0.0,1,1,0.0,MITM,1
1,0.0,0.0,1,0.0,0.0,0.0,2,0.0,1,2,2,0.0,-0.11227262637457826,-0.489013248180181,-0.5725850877823285,0.0,0.0,0.0,0.0,-0.041462984982604485,-0.8888888888888888,-1.0,3.17039884289658,-0.00299802364655096,3.1354942159291497,0.0,2.5649493574615367,0.6931471805599453,3,6.354370040797351,0.0,0.0,1,0.0,0.0,0.0,1,0.0,1,1,0.0,MITM,1
1,0.0,0.0,1,0.0,0.0,0.0,2,0.0,1,2,2,0.0,-0.11227262637457826,-0.489013248180181,-0.5725850877823285,0.0,0.0,0.0,0.0,-0.041462984982604485,-0.8888888888888888,-1.0,3.17039884289658,-0.0029853101962355176,3.1354942159291497,0.0,2.5649493574615367,0.6931471805599453,3,6.3561076606958915,0.0,0.0,1,0.0,0.0,0.0,1,0.0,1,1,0.0,MITM,1
1,0.0,0.0,1,0.0,0.0,0.0,2,0.0,1,2,2,0.0,-0.11227262637457826,-0.489013248180181,-0.5725850877823285,0.0,0.0,0.0,0.0,-0.041462984982604485,-0.8888888888888888,-1.0,3.17039884289658,-0.14468960316830762,3.1354942159291497,0.0,2.5649493574615367,0.6931471805599453,3,6.354370040797351,0.0,0.0,1,0.0,0.0,0.0,1,0.0,1,1,0.0,MITM,1
1,0.0,0.0,1,0.0,0.0,0.0,2,0.0,1,2,2,0.0,-0.11227262637457826,-0.489013248180181,-0.5725850877823285,0.0,0.0,0.0,0.0,-0.041462984982604485,-0.8888888888888888,-1.0,3.17039884289658,-0.14467812034643665,3.1354942159291497,0.0,2.5649493574615367,0.6931471805599453,3,6.3561076606958915,0.0,0.0,1,0.0,0.0,0.0,1,0.0,1,1,0.0,MITM,1
1,0.0,0.0,1,0.0,0.0,0.0,2,0.0,1,2,2,0.0,-0.11227262637457826,-0.489013248180181,-0.5725850877823285,0.0,0.0,0.0,0.0,-0.041462984982604485,-0.8888888888888888,-1.0,3.17039884289658,0.08474557542967497,3.1354942159291497,0.0,2.5649493574615367,0.6931471805599453,3,6.354370040797351,0.0,0.0,1,0.0,0.0,0.0,1,0.0,1,1,0.0,MITM,1
1,0.0,0.0,1,0.0,0.0,0.0,2,0.0,1,2,2,0.0,-0.11227262637457826,-0.489013248180181,-0.5725850877823285,0.0,0.0,0.0,0.0,-0.041462984982604485,-0.8888888888888888,-1.0,3.17039884289658,0.08476666565687928,3.1354942159291497,0.0,2.5649493574615367,0.6931471805599453,3,6.3561076606958915,0.0,0.0,1,0.0,0.0,0.0,1,0.0,1,1,0.0,MITM,1
1,0.0,0.0,1,0.0,0.0,0.0,2,0.0,1,2,2,0.0,-0.11227262637457826,-0.489013248180181,-0.5725850877823285,0.0,0.0,0.0,0.0,-0.041462984982604485,-0.8888888888888888,-1.0,3.17039884289658,-0.14460047128421016,3.1354942159291497,0.0,2.5649493574615367,0.6931471805599453,3,6.354370040797351,0.0,0.0,1,0.0,0.0,0.0,1,0.0,1,1,0.0,MITM,1
1,0.0,0.0,1,0.0,0.0,0.0,2,0.0,1,2,2,0.0,-0.11227262637457826,-0.489013248180181,-0.5725850877823285,0.0,0.0,0.0,0.0,-0.041462984982604485,-0.8888888888888888,-1.0,3.17039884289658,-0.14464367566787192,3.1354942159291497,0.0,2.5649493574615367,0.6931471805599453,3,6.3561076606958915,0.0,0.0,1,0.0,0.0,0.0,1,0.0,1,1,0.0,MITM,1
1,0.0,0.0,1,0.0,0.0,0.0,2,0.0,1,2,2,0.0,-0.11227262637457826,-0.489013248180181,-0.5725850877823285,0.0,0.0,0.0,0.0,-0.041462984982604485,-0.8888888888888888,-1.0,1.5635258544593913,0.6056317036694884,0.0,0.0,0.0,0.0,1,0.0,0.0,0.0,1,0.0,0.0,0.0,1,0.0,1,1,0.0,MITM,1
1,0.0,0.0,1,0.0,0.0,0.0,2,0.0,1,2,2,0.0,-0.11227262637457826,-0.489013248180181,-0.5725850877823285,0.0,0.0,0.0,0.0,-0.041462984982604485,-0.8888888888888888,-1.0,4.07709130487899,-0.14478295061395813,2.772588722239781,0.0,5.545177444479562,0.0,1,0.0,0.0,0.0,1,0.0,0.0,0.0,1,0.0,1,1,0.0,MITM,1
1,0.0,0.0,1,0.0,0.0,0.0,2,0.0,1,2,2,0.0,-0.11227262637457826,-0.489013248180181,-0.5725850877823285,0.0,0.0,0.0,0.0,-0.041462984982604485,-0.8888888888888888,-1.0,3.994747460021459,-0.14478295061395813,2.772588722239781,0.0,5.545177444479562,0.0,1,0.0,0.0,0.0,1,0.0,0.0,0.0,1,0.0,1,1,0.0,MITM,1
1,0.0,0.0,1,0.0,0.0,0.0,2,0.0,1,2,2,0.0,-0.11227262637457826,-0.489013248180181,-0.5725850877823285,0.0,0.0,0.0,0.0,-0.041462984982604485,-0.8888888888888888,-1.0,3.17039884289658,0.5314976118290106,3.091042453358316,0.0,5.545177444479562,0.0,1,0.0,0.0,0.0,1,0.0,0.0,0.0,1,0.0,1,1,0.0,MITM,1
1,0.0,0.0,1,0.0,0.0,0.0,2,0.0,1,2,2,0.0,-0.11227262637457826,-0.489013248180181,-0.5725850877823285,0.0,0.0,0.0,0.0,-0.041462984982604485,-0.8888888888888888,-1.0,3.17039884289658,0.5314954389765789,3.091042453358316,0.0,5.545177444479562,0.0,1,0.0,0.0,0.0,1,0.0,0.0,0.0,1,0.0,1,1,0.0,MITM,1
1,0.0,0.0,1,0.0,0.0,0.0,2,0.0,1,2,2,0.0,-0.11227262637457826,-0.489013248180181,-0.5725850877823285,0.0,0.0,0.0,0.0,-0.041462984982604485,-0.8888888888888888,-1.0,3.17039884289658,-0.14455894505852762,3.091042453358316,0.0,5.545177444479562,0.6931471805599453,3,6.396929655216146,0.0,0.0,1,0.0,0.0,0.0,1,0.0,1,1,0.0,MITM,1
1,0.0,0.0,1,0.0,0.0,0.0,2,0.0,1,2,2,0.0,-0.11227262637457826,-0.489013248180181,-0.5725850877823285,0.0,0.0,0.0,0.0,-0.041462984982604485,-0.8888888888888888,-1.0,3.17039884289658,-0.14456144891864717,3.091042453358316,0.0,5.545177444479562,0.6931471805599453,3,6.398594934535208,0.0,0.0,1,0.0,0.0,0.0,1,0.0,1,1,0.0,MITM,1
1,0.0,0.0,1,0.0,0.0,0.0,2,0.0,1,2,2,0.0,-0.11227262637457826,-0.489013248180181,-0.5725850877823285,0.0,0.0,0.0,0.0,-0.041462984982604485,-0.8888888888888888,-1.0,3.17039884289658,0.30275373400478767,3.1354942159291497,0.0,2.5649493574615367,0.0,1,0.0,0.0,0.0,1,0.0,0.0,0.0,1,0.0,1,1,0.0,MITM,1
1,0.0,0.0,1,0.0,0.0,0.0,2,0.0,1,2,2,0.0,-0.11227262637457826,-0.489013248180181,-0.5725850877823285,0.0,0.0,0.0,0.0,-0.041462984982604485,-0.8888888888888888,-1.0,3.17039884289658,0.30276625935735396,3.1354942159291497,0.0,2.5649493574615367,0.0,1,0.0,0.0,0.0,1,0.0,0.0,0.0,1,0.0,1,1,0.0,MITM,1
1,0.0,0.0,1,0.0,0.0,0.0,2,0.0,1,2,2,0.0,-0.11227262637457826,-0.489013248180181,-0.5725850877823285,0.0,0.0,0.0,0.0,-0.041462984982604485,-0.8888888888888888,-1.0,3.17039884289658,-0.14456124026249084,3.1354942159291497,0.0,2.5649493574615367,0.6931471805599453,3,6.4457198193855785,0.0,0.0,1,0.0,0.0,0.0,1,0.0,1,1,0.0,MITM,1
1,0.0,0.0,1,0.0,0.0,0.0,2,0.0,1,2,2,0.0,-0.11227262637457826,-0.489013248180181,-0.5725850877823285,0.0,0.0,0.0,0.0,-0.041462984982604485,-0.8888888888888888,-1.0,3.17039884289658,-0.14459734087898948,3.1354942159291497,0.0,2.5649493574615367,0.6931471805599453,3,6.447305862541213,0.0,0.0,1,0.0,0.0,0.0,1,0.0,1,1,0.0,MITM,1
1,0.0,0.0,1,0.0,0.0,0.0,2,0.0,1,2,2,0.0,-0.11227262637457826,-0.489013248180181,-0.5725850877823285,0.0,0.0,0.0,0.0,-0.041462984982604485,-0.8888888888888888,-1.0,3.17039884289658,-4.825630978012967e-05,3.1354942159291497,0.0,2.5649493574615367,0.6931471805599453,3,6.4457198193855785,0.0,0.0,1,0.0,0.0,0.0,1,0.0,1,1,0.0,MITM,1
1,0.0,0.0,1,0.0,0.0,0.0,2,0.0,1,2,2,0.0,-0.11227262637457826,-0.489013248180181,-0.5725850877823285,0.0,0.0,0.0,0.0,-0.041462984982604485,-0.8888888888888888,-1.0,3.17039884289658,-4.324214820194896e-05,3.1354942159291497,0.0,2.5649493574615367,0.6931471805599453,3,6.447305862541213,0.0,0.0,1,0.0,0.0,0.0,1,0.0,1,1,0.0,MITM,1
1,0.0,0.0,1,0.0,0.0,0.0,2,0.0,1,2,2,0.0,-0.11227262637457826,-0.489013248180181,-0.5725850877823285,0.0,0.0,0.0,0.0,-0.041462984982604485,-0.8888888888888888,-1.0,3.17039884289658,-0.14462238543446573,3.1354942159291497,0.0,2.5649493574615367,0.6931471805599453,3,6.4457198193855785,0.0,0.0,1,0.0,0.0,0.0,1,0.0,1,1,0.0,MITM,1
1,0.0,0.0,1,0.0,0.0,0.0,2,0.0,1,2,2,0.0,-0.11227262637457826,-0.489013248180181,-0.5725850877823285,0.0,0.0,0.0,0.0,-0.041462984982604485,-0.8888888888888888,-1.0,3.17039884289658,-0.14470776819383377,3.1354942159291497,0.0,2.5649493574615367,0.6931471805599453,3,6.447305862541213,0.0,0.0,1,0.0,0.0,0.0,1,0.0,1,1,0.0,MITM,1
1,0.0,0.0,1,0.0,0.0,0.0,2,0.0,1,2,2,0.0,-0.11227262637457826,-0.489013248180181,-0.5725850877823285,0.0,0.0,0.0,0.0,-0.041462984982604485,-0.8888888888888888,-1.0,3.17039884289658,0.08466697295686186,3.1354942159291497,0.0,2.5649493574615367,0.6931471805599453,3,6.4457198193855785,0.0,0.0,1,0.0,0.0,0.0,1,0.0,1,1,0.0,MITM,1
1,0.0,0.0,1,0.0,0.0,0.0,2,0.0,1,2,2,0.0,-0.11227262637457826,-0.489013248180181,-0.5725850877823285,0.0,0.0,0.0,0.0,-0.041462984982604485,-0.8888888888888888,-1.0,3.17039884289658,0.08471960994818749,3.1354942159291497,0.0,2.5649493574615367,0.6931471805599453,3,6.447305862541213,0.0,0.0,1,0.0,0.0,0.0,1,0.0,1,1,0.0,MITM,1
1,0.0,0.0,1,0.0,0.0,0.0,2,0.0,1,2,2,0.0,-0.11227262637457826,-0.489013248180181,-0.5725850877823285,0.0,0.0,0.0,0.0,-0.041462984982604485,-0.8888888888888888,-1.0,3.17039884289658,-0.14451680125095367,3.1354942159291497,0.0,2.5649493574615367,0.6931471805599453,3,6.4457198193855785,0.0,0.0,1,0.0,0.0,0.0,1,0.0,1,1,0.0,MITM,1
1,0.0,0.0,1,0.0,0.0,0.0,2,0.0,1,2,2,0.0,-0.11227262637457826,-0.489013248180181,-0.5725850877823285,0.0,0.0,0.0,0.0,-0.041462984982604485,-0.8888888888888888,-1.0,3.17039884289658,-0.1446687257798667,3.1354942159291497,0.0,2.5649493574615367,0.6931471805599453,3,6.447305862541213,0.0,0.0,1,0.0,0.0,0.0,1,0.0,1,1,0.0,MITM,1
1,0.0,0.0,1,0.0,0.0,0.0,2,0.0,1,2,2,0.0,-0.11227262637457826,-0.489013248180181,-0.5725850877823285,0.0,0.0,0.0,0.0,-0.041462984982604485,-0.8888888888888888,-1.0,1.5635258544593913,0.536469464292468,0.0,0.0,0.0,0.0,1,0.0,0.0,0.0,1,0.0,0.0,0.0,1,0.0,1,1,0.0,MITM,1
1,0.0,0.0,1,0.0,0.0,0.0,2,0.0,1,2,2,0.0,-0.11227262637457826,-0.489013248180181,-0.5725850877823285,0.0,0.0,0.0,0.0,-0.041462984982604485,-0.8888888888888888,-1.0,4.0586229256849755,-0.14478295061395813,2.772588722239781,0.0,5.545177444479562,0.0,1,0.0,0.0,0.0,1,0.0,0.0,0.0,1,0.0,1,1,0.0,MITM,1
1,0.0,0.0,1,0.0,0.0,0.0,2,0.0,1,2,2,0.0,-0.11227262637457826,-0.489013248180181,-0.5725850877823285,0.0,0.0,0.0,0.0,-0.041462984982604485,-0.8888888888888888,-1.0,4.0907016964543566,-0.14478295061395813,2.772588722239781,0.0,5.545177444479562,0.0,1,0.0,0.0,0.0,1,0.0,0.0,0.0,1,0.0,1,1,0.0,MITM,1
1,0.0,0.0,1,0.0,0.0,0.0,2,0.0,1,2,2,0.0,-0.11227262637457826,-0.489013248180181,-0.5725850877823285,0.0,0.0,0.0,0.0,-0.041462984982604485,-0.8888888888888888,-1.0,3.17039884289658,0.42857377152584725,3.091042453358316,0.0,5.545177444479562,0.0,1,0.0,0.0,0.0,1,0.0,0.0,0.0,1,0.0,1,1,0.0,MITM,1
1,0.0,0.0,1,0.0,0.0,0.0,2,0.0,1,2,2,0.0,-0.11227262637457826,-0.489013248180181,-0.5725850877823285,0.0,0.0,0.0,0.0,-0.041462984982604485,-0.8888888888888888,-1.0,3.17039884289658,0.42857378494667814,3.091042453358316,0.0,5.545177444479562,0.0,1,0.0,0.0,0.0,1,0.0,0.0,0.0,1,0.0,1,1,0.0,MITM,1
1,0.0,0.0,1,0.0,0.0,0.0,2,0.0,1,2,2,0.0,-0.11227262637457826,-0.489013248180181,-0.5725850877823285,0.0,0.0,0.0,0.0,-0.041462984982604485,-0.8888888888888888,-1.0,3.17039884289658,-0.14459274970286098,3.091042453358316,0.0,5.545177444479562,0.6931471805599453,3,6.486160788944089,0.0,0.0,1,0.0,0.0,0.0,1,0.0,1,1,0.0,MITM,1
1,0.0,0.0,1,0.0,0.0,0.0,2,0.0,1,2,2,0.0,-0.11227262637457826,-0.489013248180181,-0.5725850877823285,0.0,0.0,0.0,0.0,-0.041462984982604485,-0.8888888888888888,-1.0,3.17039884289658,-0.14459462789907981,3.091042453358316,0.0,5.545177444479562,0.6931471805599453,3,6.487684018484611,0.0,0.0,1,0.0,0.0,0.0,1,0.0,1,1,0.0,MITM,1
1,0.0,0.0,1,0.0,0.0,0.0,2,0.0,1,2,2,0.0,-0.11227262637457826,-0.489013248180181,-0.5725850877823285,0.0,0.0,0.0,0.0,-0.041462984982604485,-0.8888888888888888,-1.0,1.5635258544593913,0.2775869299330681,0.0,0.0,0.0,0.0,1,0.0,0.0,0.0,1,0.0,0.0,0.0,1,0.0,1,1,0.0,MITM,1
1,0.0,0.0,1,0.0,0.0,0.0,2,0.0,1,2,2,0.0,-0.11227262637457826,-0.489013248180181,-0.5725850877823285,0.0,0.0,0.0,0.0,-0.041462984982604485,-0.8888888888888888,-1.0,4.06036139757116,-0.14478295061395813,2.772588722239781,0.0,5.545177444479562,0.0,1,0.0,0.0,0.0,1,0.0,0.0,0.0,1,0.0,1,1,0.0,MITM,1
1,0.0,0.0,1,0.0,0.0,0.0,2,0.0,1,2,2,0.0,-0.11227262637457826,-0.489013248180181,-0.5725850877823285,0.0,0.0,0.0,0.0,-0.041462984982604485,-0.8888888888888888,-1.0,3.17039884289658,0.2775367929320732,3.091042453358316,0.0,5.545177444479562,0.0,1,0.0,0.0,0.0,1,0.0,0.0,0.0,1,0.0,1,1,0.0,MITM,1
1,0.0,0.0,1,0.0,0.0,0.0,2,0.0,1,2,2,0.0,-0.11227262637457826,-0.489013248180181,-0.5725850877823285,0.0,0.0,0.0,0.0,-0.041462984982604485,-0.8888888888888888,-1.0,3.17039884289658,0.27753687590450904,3.091042453358316,0.0,5.545177444479562,0.0,1,0.0,0.0,0.0,1,0.0,0.0,0.0,1,0.0,1,1,0.0,MITM,1
1,0.0,0.0,1,0.0,0.0,0.0,2,0.0,1,2,2,0.0,-0.11227262637457826,-0.489013248180181,-0.5725850877823285,0.0,0.0,0.0,0.0,-0.041462984982604485,-0.8888888888888888,-1.0,3.17039884289658,-0.07843666324781277,3.091042453358316,0.0,5.545177444479562,0.6931471805599453,3,6.5337888379333435,0.0,0.0,1,0.0,0.0,0.0,1,0.0,1,1,0.0,MITM,1
1,0.0,0.0,1,0.0,0.0,0.0,2,0.0,1,2,2,0.0,-0.11227262637457826,-0.489013248180181,-0.5725850877823285,0.0,0.0,0.0,0.0,-0.041462984982604485,-0.8888888888888888,-1.0,3.17039884289658,-0.07841796367535601,3.091042453358316,0.0,5.545177444479562,0.6931471805599453,3,6.535241271013659,0.0,0.0,1,0.0,0.0,0.0,1,0.0,1,1,0.0,MITM,1
1,0.0,0.0,1,0.0,0.0,0.0,2,0.0,1,2,2,0.0,-0.11227262637457826,-0.489013248180181,-0.5725850877823285,0.0,0.0,0.0,0.0,-0.041462984982604485,-0.8888888888888888,-1.0,4.047414087658017,-0.14478295061395813,2.772588722239781,0.0,5.545177444479562,0.0,1,0.0,0.0,0.0,1,0.0,0.0,0.0,1,0.0,1,1,0.0,MITM,1
1,0.0,0.0,1,0.0,0.0,0.0,2,0.0,1,2,2,0.0,-0.11227262637457826,-0.489013248180181,-0.5725850877823285,0.0,0.0,0.0,0.0,-0.041462984982604485,-0.8888888888888888,-1.0,3.17039884289658,-0.05906436415626038,3.1354942159291497,0.0,2.5649493574615367,0.6931471805599453,3,6.5337888379333435,0.0,0.0,1,0.0,0.0,0.0,1,0.0,1,1,0.0,MITM,1
1,0.0,0.0,1,0.0,0.0,0.0,2,0.0,1,2,2,0.0,-0.11227262637457826,-0.489013248180181,-0.5725850877823285,0.0,0.0,0.0,0.0,-0.041462984982604485,-0.8888888888888888,-1.0,3.17039884289658,-0.05904745936777605,3.1354942159291497,0.0,2.5649493574615367,0.6931471805599453,3,6.535241271013659,0.0,0.0,1,0.0,0.0,0.0,1,0.0,1,1,0.0,MITM,1
1,0.0,0.0,1,0.0,0.0,0.0,2,0.0,1,2,2,0.0,-0.11227262637457826,-0.489013248180181,-0.5725850877823285,0.0,0.0,0.0,0.0,-0.041462984982604485,-0.8888888888888888,-1.0,3.17039884289658,-0.1447004602350175,3.1354942159291497,0.0,2.5649493574615367,0.6931471805599453,3,6.5337888379333435,0.0,0.0,1,0.0,0.0,0.0,1,0.0,1,1,0.0,MITM,1
1,0.0,0.0,1,0.0,0.0,0.0,2,0.0,1,2,2,0.0,-0.11227262637457826,-0.489013248180181,-0.5725850877823285,0.0,0.0,0.0,0.0,-0.041462984982604485,-0.8888888888888888,-1.0,3.17039884289658,-0.14468709777151406,3.1354942159291497,0.0,2.5649493574615367,0.6931471805599453,3,6.535241271013659,0.0,0.0,1,0.0,0.0,0.0,1,0.0,1,1,0.0,MITM,1
1,0.0,0.0,1,0.0,0.0,0.0,2,0.0,1,2,2,0.0,-0.11227262637457826,-0.489013248180181,-0.5725850877823285,0.0,0.0,0.0,0.0,-0.041462984982604485,-0.8888888888888888,-1.0,3.17039884289658,5.628494123347657e-05,3.1354942159291497,0.0,2.5649493574615367,0.6931471805599453,3,6.5337888379333435,0.0,0.0,1,0.0,0.0,0.0,1,0.0,1,1,0.0,MITM,1
1,0.0,0.0,1,0.0,0.0,0.0,2,0.0,1,2,2,0.0,-0.11227262637457826,-0.489013248180181,-0.5725850877823285,0.0,0.0,0.0,0.0,-0.041462984982604485,-0.8888888888888888,-1.0,3.17039884289658,5.430112882168343e-05,3.1354942159291497,0.0,2.5649493574615367,0.6931471805599453,3,6.535241271013659,0.0,0.0,1,0.0,0.0,0.0,1,0.0,1,1,0.0,MITM,1
1,0.0,0.0,1,0.0,0.0,0.0,2,0.0,1,2,2,0.0,-0.11227262637457826,-0.489013248180181,-0.5725850877823285,0.0,0.0,0.0,0.0,-0.041462984982604485,-0.8888888888888888,-1.0,3.17039884289658,-0.1444786288044867,3.1354942159291497,0.0,2.5649493574615367,0.6931471805599453,3,6.5337888379333435,0.0,0.0,1,0.0,0.0,0.0,1,0.0,1,1,0.0,MITM,1
1,0.0,0.0,1,0.0,0.0,0.0,2,0.0,1,2,2,0.0,-0.11227262637457826,-0.489013248180181,-0.5725850877823285,0.0,0.0,0.0,0.0,-0.041462984982604485,-0.8888888888888888,-1.0,3.17039884289658,-0.14452806658464215,3.1354942159291497,0.0,2.5649493574615367,0.6931471805599453,3,6.535241271013659,0.0,0.0,1,0.0,0.0,0.0,1,0.0,1,1,0.0,MITM,1
1,0.0,0.0,1,0.0,0.0,0.0,2,0.0,1,2,2,0.0,-0.11227262637457826,-0.489013248180181,-0.5725850877823285,0.0,0.0,0.0,0.0,-0.041462984982604485,-0.8888888888888888,-1.0,3.17039884289658,0.08478914563359333,3.1354942159291497,0.0,2.5649493574615367,0.6931471805599453,3,6.5337888379333435,0.0,0.0,1,0.0,0.0,0.0,1,0.0,1,1,0.0,MITM,1
1,0.0,0.0,1,0.0,0.0,0.0,2,0.0,1,2,2,0.0,-0.11227262637457826,-0.489013248180181,-0.5725850877823285,0.0,0.0,0.0,0.0,-0.041462984982604485,-0.8888888888888888,-1.0,3.17039884289658,0.08480918765940106,3.1354942159291497,0.0,2.5649493574615367,0.6931471805599453,3,6.535241271013659,0.0,0.0,1,0.0,0.0,0.0,1,0.0,1,1,0.0,MITM,1
1,0.0,0.0,1,0.0,0.0,0.0,2,0.0,1,2,2,0.0,-0.11227262637457826,-0.489013248180181,-0.5725850877823285,0.0,0.0,0.0,0.0,-0.041462984982604485,-0.8888888888888888,-1.0,3.17039884289658,-0.14468709777151406,3.1354942159291497,0.0,2.5649493574615367,0.6931471805599453,3,6.5337888379333435,0.0,0.0,1,0.0,0.0,0.0,1,0.0,1,1,0.0,MITM,1
1,0.0,0.0,1,0.0,0.0,0.0,2,0.0,1,2,2,0.0,-0.11227262637457826,-0.489013248180181,-0.5725850877823285,0.0,0.0,0.0,0.0,-0.041462984982604485,-0.8888888888888888,-1.0,3.17039884289658,-0.144731573032507,3.1354942159291497,0.0,2.5649493574615367,0.6931471805599453,3,6.535241271013659,0.0,0.0,1,0.0,0.0,0.0,1,0.0,1,1,0.0,MITM,1
1,0.0,0.0,1,0.0,0.0,0.0,2,0.0,1,2,2,0.0,-0.11227262637457826,-0.489013248180181,-0.5725850877823285,0.0,0.0,0.0,0.0,-0.041462984982604485,-0.8888888888888888,-1.0,3.17039884289658,0.19539275178437795,3.1354942159291497,0.0,2.5649493574615367,0.0,1,0.0,0.0,0.0,1,0.0,0.0,0.0,1,0.0,1,1,0.0,MITM,1
1,0.0,0.0,1,0.0,0.0,0.0,2,0.0,1,2,2,0.0,-0.11227262637457826,-0.489013248180181,-0.5725850877823285,0.0,0.0,0.0,0.0,-0.041462984982604485,-0.8888888888888888,-1.0,3.17039884289658,0.19540016959744447,3.1354942159291497,0.0,2.5649493574615367,0.0,1,0.0,0.0,0.0,1,0.0,0.0,0.0,1,0.0,1,1,0.0,MITM,1
1,0.0,0.0,1,0.0,0.0,0.0,2,0.0,1,2,2,0.0,-0.11227262637457826,-0.489013248180181,-0.5725850877823285,0.0,0.0,0.0,0.0,-0.041462984982604485,-0.8888888888888888,-1.0,3.17039884289658,-0.14469607558245198,3.1354942159291497,0.0,2.5649493574615367,0.6931471805599453,3,6.595780513961311,0.0,0.0,1,0.0,0.0,0.0,1,0.0,1,1,0.0,MITM,1
1,0.0,0.0,1,0.0,0.0,0.0,2,0.0,1,2,2,0.0,-0.11227262637457826,-0.489013248180181,-0.5725850877823285,0.0,0.0,0.0,0.0,-0.041462984982604485,-0.8888888888888888,-1.0,3.17039884289658,-0.14476164618069046,3.1354942159291497,0.0,2.5649493574615367,0.6931471805599453,3,6.597145701886651,0.0,0.0,1,0.0,0.0,0.0,1,0.0,1,1,0.0,MITM,1
1,0.0,0.0,1,0.0,0.0,0.0,2,0.0,1,2,2,0.0,-0.11227262637457826,-0.489013248180181,-0.5725850877823285,0.0,0.0,0.0,0.0,-0.041462984982604485,-0.8888888888888888,-1.0,3.17039884289658,-0.01047493953777025,3.1354942159291497,0.0,2.5649493574615367,0.6931471805599453,3,6.595780513961311,0.0,0.0,1,0.0,0.0,0.0,1,0.0,1,1,0.0,MITM,1
1,0.0,0.0,1,0.0,0.0,0.0,2,0.0,1,2,2,0.0,-0.11227262637457826,-0.489013248180181,-0.5725850877823285,0.0,0.0,0.0,0.0,-0.041462984982604485,-0.8888888888888888,-1.0,3.17039884289658,-0.01046000593318929,3.1354942159291497,0.0,2.5649493574615367,0.6931471805599453,3,6.597145701886651,0.0,0.0,1,0.0,0.0,0.0,1,0.0,1,1,0.0,MITM,1
1,0.0,0.0,1,0.0,0.0,0.0,2,0.0,1,2,2,0.0,-0.11227262637457826,-0.489013248180181,-0.5725850877823285,0.0,0.0,0.0,0.0,-0.041462984982604485,-0.8888888888888888,-1.0,3.17039884289658,-0.1447411792619829,3.1354942159291497,0.0,2.5649493574615367,0.6931471805599453,3,6.595780513961311,0.0,0.0,1,0.0,0.0,0.0,1,0.0,1,1,0.0,MITM,1
1,0.0,0.0,1,0.0,0.0,0.0,2,0.0,1,2,2,0.0,-0.11227262637457826,-0.489013248180181,-0.5725850877823285,0.0,0.0,0.0,0.0,-0.041462984982604485,-0.8888888888888888,-1.0,3.17039884289658,-0.1447743868060759,3.1354942159291497,0.0,2.5649493574615367,0.6931471805599453,3,6.597145701886651,0.0,0.0,1,0.0,0.0,0.0,1,0.0,1,1,0.0,MITM,1
1,0.0,0.0,1,0.0,0.0,0.0,2,0.0,1,2,2,0.0,-0.11227262637457826,-0.489013248180181,-0.5725850877823285,0.0,0.0,0.0,0.0,-0.041462984982604485,-0.8888888888888888,-1.0,3.17039884289658,0.08461139729415794,3.1354942159291497,0.0,2.5649493574615367,0.6931471805599453,3,6.595780513961311,0.0,0.0,1,0.0,0.0,0.0,1,0.0,1,1,0.0,MITM,1
1,0.0,0.0,1,0.0,0.0,0.0,2,0.0,1,2,2,0.0,-0.11227262637457826,-0.489013248180181,-0.5725850877823285,0.0,0.0,0.0,0.0,-0.041462984982604485,-0.8888888888888888,-1.0,3.17039884289658,0.08462226287227588,3.1354942159291497,0.0,2.5649493574615367,0.6931471805599453,3,6.597145701886651,0.0,0.0,1,0.0,0.0,0.0,1,0.0,1,1,0.0,MITM,1
1,0.0,0.0,1,0.0,0.0,0.0,2,0.0,1,2,2,0.0,-0.11227262637457826,-0.489013248180181,-0.5725850877823285,0.0,0.0,0.0,0.0,-0.041462984982604485,-0.8888888888888888,-1.0,3.17039884289658,-0.144742014607164,3.1354942159291497,0.0,2.5649493574615367,0.6931471805599453,3,6.595780513961311,0.0,0.0,1,0.0,0.0,0.0,1,0.0,1,1,0.0,MITM,1
1,0.0,0.0,1,0.0,0.0,0.0,2,0.0,1,2,2,0.0,-0.11227262637457826,-0.489013248180181,-0.5725850877823285,0.0,0.0,0.0,0.0,-0.041462984982604485,-0.8888888888888888,-1.0,3.17039884289658,-0.14477459567526155,3.1354942159291497,0.0,2.5649493574615367,0.6931471805599453,3,6.597145701886651,0.0,0.0,1,0.0,0.0,0.0,1,0.0,1,1,0.0,MITM,1
1,0.0,0.0,1,0.0,0.0,0.0,2,0.0,1,2,2,0.0,-0.11227262637457826,-0.489013248180181,-0.5725850877823285,0.0,0.0,0.0,0.0,-0.041462984982604485,-0.8888888888888888,-1.0,3.17039884289658,0.1004865726492631,3.091042453358316,0.0,5.545177444479562,0.0,1,0.0,0.0,0.0,1,0.0,0.0,0.0,1,0.0,1,1,0.0,MITM,1
1,0.0,0.0,1,0.0,0.0,0.0,2,0.0,1,2,2,0.0,-0.11227262637457826,-0.489013248180181,-0.5725850877823285,0.0,0.0,0.0,0.0,-0.041462984982604485,-0.8888888888888888,-1.0,3.17039884289658,0.1005619596799511,3.091042453358316,0.0,5.545177444479562,0.0,1,0.0,0.0,0.0,1,0.0,0.0,0.0,1,0.0,1,1,0.0,MITM,1
1,0.0,0.0,1,0.0,0.0,0.0,2,0.0,1,2,2,0.0,-0.11227262637457826,-0.489013248180181,-0.5725850877823285,0.0,0.0,0.0,0.0,-0.041462984982604485,-0.8888888888888888,-1.0,3.999576693296241,-0.14478295061395813,2.772588722239781,0.0,5.545177444479562,0.0,1,0.0,0.0,0.0,1,0.0,0.0,0.0,1,0.0,1,1,0.0,MITM,1
1,0.0,0.0,1,0.0,0.0,0.0,2,0.0,1,2,2,0.0,-0.11227262637457826,-0.489013248180181,-0.5725850877823285,0.0,0.0,0.0,0.0,-0.041462984982604485,-0.8888888888888888,-1.0,1.5635258544593913,0.4083387030330713,0.0,0.0,0.0,0.0,1,0.0,0.0,0.0,1,0.0,0.0,0.0,1,0.0,1,1,0.0,MITM,1
1,0.0,0.0,1,0.0,0.0,0.0,2,0.0,1,2,2,0.0,-0.11227262637457826,-0.489013248180181,-0.5725850877823285,0.0,0.0,0.0,0.0,-0.041462984982604485,-0.8888888888888888,-1.0,3.17039884289658,-0.1361750863251513,3.091042453358316,0.0,5.545177444479562,0.6931471805599453,3,6.618738983517219,0.0,0.0,1,0.0,0.0,0.0,1,0.0,1,1,0.0,MITM,1
1,0.0,0.0,1,0.0,0.0,0.0,2,0.0,1,2,2,0.0,-0.11227262637457826,-0.489013248180181,-0.5725850877823285,0.0,0.0,0.0,0.0,-0.041462984982604485,-0.8888888888888888,-1.0,3.17039884289658,-0.13611135462333931,3.091042453358316,0.0,5.545177444479562,0.6931471805599453,3,6.62273632394984,0.0,0.0,1,0.0,0.0,0.0,1,0.0,1,1,0.0,MITM,1
1,0.0,0.0,1,0.0,0.0,0.0,2,0.0,1,2,2,0.0,-0.11227262637457826,-0.489013248180181,-0.5725850877823285,0.0,0.0,0.0,0.0,-0.041462984982604485,-0.8888888888888888,-1.0,4.090850013446136,-0.14478295061395813,2.772588722239781,0.0,5.545177444479562,0.0,1,0.0,0.0,0.0,1,0.0,0.0,0.0,1,0.0,1,1,0.0,MITM,1
1,0.0,0.0,1,0.0,0.0,0.0,2,0.0,1,2,2,0.0,-0.11227262637457826,-0.489013248180181,-0.5725850877823285,0.0,0.0,0.0,0.0,-0.041462984982604485,-0.8888888888888888,-1.0,3.17039884289658,0.3100766162262609,3.1354942159291497,0.0,2.5649493574615367,0.0,1,0.0,0.0,0.0,1,0.0,0.0,0.0,1,0.0,1,1,0.0,MITM,1
1,0.0,0.0,1,0.0,0.0,0.0,2,0.0,1,2,2,0.0,-0.11227262637457826,-0.489013248180181,-0.5725850877823285,0.0,0.0,0.0,0.0,-0.041462984982604485,-0.8888888888888888,-1.0,3.17039884289658,0.31004984631599036,3.1354942159291497,0.0,2.5649493574615367,0.0,1,0.0,0.0,0.0,1,0.0,0.0,0.0,1,0.0,1,1,0.0,MITM,1
1,0.0,0.0,1,0.0,0.0,0.0,2,0.0,1,2,2,0.0,-0.11227262637457826,-0.489013248180181,-0.5725850877823285,0.0,0.0,0.0,0.0,-0.041462984982604485,-0.8888888888888888,-1.0,3.17039884289658,-0.1446376223415126,3.1354942159291497,0.0,2.5649493574615367,0.6931471805599453,3,6.660575149839686,0.0,0.0,1,0.0,0.0,0.0,1,0.0,1,1,0.0,MITM,1
1,0.0,0.0,1,0.0,0.0,0.0,2,0.0,1,2,2,0.0,-0.11227262637457826,-0.489013248180181,-0.5725850877823285,0.0,0.0,0.0,0.0,-0.041462984982604485,-0.8888888888888888,-1.0,3.17039884289658,-0.14470588898000347,3.1354942159291497,0.0,2.5649493574615367,0.6931471805599453,3,6.661854740545311,0.0,0.0,1,0.0,0.0,0.0,1,0.0,1,1,0.0,MITM,1
1,0.0,0.0,1,0.0,0.0,0.0,2,0.0,1,2,2,0.0,-0.11227262637457826,-0.489013248180181,-0.5725850877823285,0.0,0.0,0.0,0.0,-0.041462984982604485,-0.8888888888888888,-1.0,3.17039884289658,-0.01110939510166914,3.1354942159291497,0.0,2.5649493574615367,0.6931471805599453,3,6.660575149839686,0.0,0.0,1,0.0,0.0,0.0,1,0.0,1,1,0.0,MITM,1
1,0.0,0.0,1,0.0,0.0,0.0,2,0.0,1,2,2,0.0,-0.11227262637457826,-0.489013248180181,-0.5725850877823285,0.0,0.0,0.0,0.0,-0.041462984982604485,-0.8888888888888888,-1.0,3.17039884289658,-0.011043099001658523,3.1354942159291497,0.0,2.5649493574615367,0.6931471805599453,3,6.661854740545311,0.0,0.0,1,0.0,0.0,0.0,1,0.0,1,1,0.0,MITM,1
1,0.0,0.0,1,0.0,0.0,0.0,2,0.0,1,2,2,0.0,-0.11227262637457826,-0.489013248180181,-0.5725850877823285,0.0,0.0,0.0,0.0,-0.041462984982604485,-0.8888888888888888,-1.0,3.17039884289658,-0.144610488896195,3.1354942159291497,0.0,2.5649493574615367,0.6931471805599453,3,6.660575149839686,0.0,0.0,1,0.0,0.0,0.0,1,0.0,1,1,0.0,MITM,1
1,0.0,0.0,1,0.0,0.0,0.0,2,0.0,1,2,2,0.0,-0.11227262637457826,-0.489013248180181,-0.5725850877823285,0.0,0.0,0.0,0.0,-0.041462984982604485,-0.8888888888888888,-1.0,3.17039884289658,-0.1447157028386254,3.1354942159291497,0.0,2.5649493574615367,0.6931471805599453,3,6.661854740545311,0.0,0.0,1,0.0,0.0,0.0,1,0.0,1,1,0.0,MITM,1
1,0.0,0.0,1,0.0,0.0,0.0,2,0.0,1,2,2,0.0,-0.11227262637457826,-0.489013248180181,-0.5725850877823285,0.0,0.0,0.0,0.0,-0.041462984982604485,-0.8888888888888888,-1.0,3.17039884289658,0.08473979786715236,3.1354942159291497,0.0,2.5649493574615367,0.6931471805599453,3,6.660575149839686,0.0,0.0,1,0.0,0.0,0.0,1,0.0,1,1,0.0,MITM,1
1,0.0,0.0,1,0.0,0.0,0.0,2,0.0,1,2,2,0.0,-0.11227262637457826,-0.489013248180181,-0.5725850877823285,0.0,0.0,0.0,0.0,-0.041462984982604485,-0.8888888888888888,-1.0,3.17039884289658,0.08475538995872471,3.1354942159291497,0.0,2.5649493574615367,0.6931471805599453,3,6.661854740545311,0.0,0.0,1,0.0,0.0,0.0,1,0.0,1,1,0.0,MITM,1
1,0.0,0.0,1,0.0,0.0,0.0,2,0.0,1,2,2,0.0,-0.11227262637457826,-0.489013248180181,-0.5725850877823285,0.0,0.0,0.0,0.0,-0.041462984982604485,-0.8888888888888888,-1.0,3.17039884289658,-0.1446390834731929,3.1354942159291497,0.0,2.5649493574615367,0.6931471805599453,3,6.660575149839686,0.0,0.0,1,0.0,0.0,0.0,1,0.0,1,1,0.0,MITM,1
1,0.0,0.0,1,0.0,0.0,0.0,2,0.0,1,2,2,0.0,-0.11227262637457826,-0.489013248180181,-0.5725850877823285,0.0,0.0,0.0,0.0,-0.041462984982604485,-0.8888888888888888,-1.0,3.17039884289658,-0.1446745712382937,3.1354942159291497,0.0,2.5649493574615367,0.6931471805599453,3,6.661854740545311,0.0,0.0,1,0.0,0.0,0.0,1,0.0,1,1,0.0,MITM,1
1,0.0,0.0,1,0.0,0.0,0.0,2,0.0,1,2,2,0.0,-0.11227262637457826,-0.489013248180181,-0.5725850877823285,0.0,0.0,0.0,0.0,-0.041462984982604485,-0.8888888888888888,-1.0,1.5635258544593913,0.4610820081428254,0.0,0.0,0.0,0.0,1,0.0,0.0,0.0,1,0.0,0.0,0.0,1,0.0,1,1,0.0,MITM,1
1,0.0,0.0,1,0.0,0.0,0.0,2,0.0,1,2,2,0.0,-0.11227262637457826,-0.489013248180181,-0.5725850877823285,0.0,0.0,0.0,0.0,-0.041462984982604485,-0.8888888888888888,-1.0,4.082445300630102,-0.14478295061395813,2.772588722239781,0.0,5.545177444479562,0.0,1,0.0,0.0,0.0,1,0.0,0.0,0.0,1,0.0,1,1,0.0,MITM,1
1,0.0,0.0,1,0.0,0.0,0.0,2,0.0,1,2,2,0.0,-0.11227262637457826,-0.489013248180181,-0.5725850877823285,0.0,0.0,0.0,0.0,-0.041462984982604485,-0.8888888888888888,-1.0,4.0821476133531345,-0.14478295061395813,2.772588722239781,0.0,5.545177444479562,0.0,1,0.0,0.0,0.0,1,0.0,0.0,0.0,1,0.0,1,1,0.0,MITM,1
1,0.0,0.0,1,0.0,0.0,0.0,2,0.0,1,2,2,0.0,-0.11227262637457826,-0.489013248180181,-0.5725850877823285,0.0,0.0,0.0,0.0,-0.041462984982604485,-0.8888888888888888,-1.0,3.17039884289658,0.27396719178082435,3.091042453358316,0.0,5.545177444479562,0.0,1,0.0,0.0,0.0,1,0.0,0.0,0.0,1,0.0,1,1,0.0,MITM,1
1,0.0,0.0,1,0.0,0.0,0.0,2,0.0,1,2,2,0.0,-0.11227262637457826,-0.489013248180181,-0.5725850877823285,0.0,0.0,0.0,0.0,-0.041462984982604485,-0.8888888888888888,-1.0,3.17039884289658,0.273963168551953,3.091042453358316,0.0,5.545177444479562,0.0,1,0.0,0.0,0.0,1,0.0,0.0,0.0,1,0.0,1,1,0.0,MITM,1
1,0.0,0.0,1,0.0,0.0,0.0,2,0.0,1,2,2,0.0,-0.11227262637457826,-0.489013248180181,-0.5725850877823285,0.0,0.0,0.0,0.0,-0.041462984982604485,-0.8888888888888888,-1.0,3.17039884289658,-0.14472029671811587,3.091042453358316,0.0,5.545177444479562,0.6931471805599453,3,6.687108607866515,0.0,0.0,1,0.0,0.0,0.0,1,0.0,1,1,0.0,MITM,1
1,0.0,0.0,1,0.0,0.0,0.0,2,0.0,1,2,2,0.0,-0.11227262637457826,-0.489013248180181,-0.5725850877823285,0.0,0.0,0.0,0.0,-0.041462984982604485,-0.8888888888888888,-1.0,3.17039884289658,-0.14466622063347434,3.091042453358316,0.0,5.545177444479562,0.6931471805599453,3,6.688354713946762,0.0,0.0,1,0.0,0.0,0.0,1,0.0,1,1,0.0,MITM,1
1,0.0,0.0,1,0.0,0.0,0.0,2,0.0,1,2,2,0.0,-0.11227262637457826,-0.489013248180181,-0.5725850877823285,0.0,0.0,0.0,0.0,-0.041462984982604485,-0.8888888888888888,-1.0,3.17039884289658,0.3039812690899079,3.1354942159291497,0.0,2.5649493574615367,0.0,1,0.0,0.0,0.0,1,0.0,0.0,0.0,1,0.0,1,1,0.0,MITM,1
1,0.0,0.0,1,0.0,0.0,0.0,2,0.0,1,2,2,0.0,-0.11227262637457826,-0.489013248180181,-0.5725850877823285,0.0,0.0,0.0,0.0,-0.041462984982604485,-0.8888888888888888,-1.0,3.17039884289658,0.303975055015445,3.1354942159291497,0.0,2.5649493574615367,0.0,1,0.0,0.0,0.0,1,0.0,0.0,0.0,1,0.0,1,1,0.0,MITM,1
1,0.0,0.0,1,0.0,0.0,0.0,2,0.0,1,2,2,0.0,-0.11227262637457826,-0.489013248180181,-0.5725850877823285,0.0,0.0,0.0,0.0,-0.041462984982604485,-0.8888888888888888,-1.0,3.17039884289658,-0.14476060190159332,3.1354942159291497,0.0,2.5649493574615367,0.6931471805599453,3,6.720220155135295,0.0,0.0,1,0.0,0.0,0.0,1,0.0,1,1,0.0,MITM,1
1,0.0,0.0,1,0.0,0.0,0.0,2,0.0,1,2,2,0.0,-0.11227262637457826,-0.489013248180181,-0.5725850877823285,0.0,0.0,0.0,0.0,-0.041462984982604485,-0.8888888888888888,-1.0,3.17039884289658,-0.14476561448887432,3.1354942159291497,0.0,2.5649493574615367,0.6931471805599453,3,6.721425700790643,0.0,0.0,1,0.0,0.0,0.0,1,0.0,1,1,0.0,MITM,1
1,0.0,0.0,1,0.0,0.0,0.0,2,0.0,1,2,2,0.0,-0.11227262637457826,-0.489013248180181,-0.5725850877823285,0.0,0.0,0.0,0.0,-0.041462984982604485,-0.8888888888888888,-1.0,3.17039884289658,-0.00017155898102894082,3.1354942159291497,0.0,2.5649493574615367,0.6931471805599453,3,6.720220155135295,0.0,0.0,1,0.0,0.0,0.0,1,0.0,1,1,0.0,MITM,1
1,0.0,0.0,1,0.0,0.0,0.0,2,0.0,1,2,2,0.0,-0.11227262637457826,-0.489013248180181,-0.5725850877823285,0.0,0.0,0.0,0.0,-0.041462984982604485,-0.8888888888888888,-1.0,3.17039884289658,-9.328469578667209e-05,3.1354942159291497,0.0,2.5649493574615367,0.6931471805599453,3,6.721425700790643,0.0,0.0,1,0.0,0.0,0.0,1,0.0,1,1,0.0,MITM,1
1,0.0,0.0,1,0.0,0.0,0.0,2,0.0,1,2,2,0.0,-0.11227262637457826,-0.489013248180181,-0.5725850877823285,0.0,0.0,0.0,0.0,-0.041462984982604485,-0.8888888888888888,-1.0,3.17039884289658,-0.1445722993260105,3.1354942159291497,0.0,2.5649493574615367,0.6931471805599453,3,6.720220155135295,0.0,0.0,1,0.0,0.0,0.0,1,0.0,1,1,0.0,MITM,1
1,0.0,0.0,1,0.0,0.0,0.0,2,0.0,1,2,2,0.0,-0.11227262637457826,-0.489013248180181,-0.5725850877823285,0.0,0.0,0.0,0.0,-0.041462984982604485,-0.8888888888888888,-1.0,3.17039884289658,-0.144731573032507,3.1354942159291497,0.0,2.5649493574615367,0.6931471805599453,3,6.721425700790643,0.0,0.0,1,0.0,0.0,0.0,1,0.0,1,1,0.0,MITM,1
1,0.0,0.0,1,0.0,0.0,0.0,2,0.0,1,2,2,0.0,-0.11227262637457826,-0.489013248180181,-0.5725850877823285,0.0,0.0,0.0,0.0,-0.041462984982604485,-0.8888888888888888,-1.0,3.17039884289658,0.08841875175157105,3.1354942159291497,0.0,2.5649493574615367,0.6931471805599453,3,6.720220155135295,0.0,0.0,1,0.0,0.0,0.0,1,0.0,1,1,0.0,MITM,1
1,0.0,0.0,1,0.0,0.0,0.0,2,0.0,1,2,2,0.0,-0.11227262637457826,-0.489013248180181,-0.5725850877823285,0.0,0.0,0.0,0.0,-0.041462984982604485,-0.8888888888888888,-1.0,3.17039884289658,0.08844138921782077,3.1354942159291497,0.0,2.5649493574615367,0.6931471805599453,3,6.721425700790643,0.0,0.0,1,0.0,0.0,0.0,1,0.0,1,1,0.0,MITM,1
1,0.0,0.0,1,0.0,0.0,0.0,2,0.0,1,2,2,0.0,-0.11227262637457826,-0.489013248180181,-0.5725850877823285,0.0,0.0,0.0,0.0,-0.041462984982604485,-0.8888888888888888,-1.0,3.17039884289658,-0.14469753712308048,3.1354942159291497,0.0,2.5649493574615367,0.6931471805599453,3,6.720220155135295,0.0,0.0,1,0.0,0.0,0.0,1,0.0,1,1,0.0,MITM,1
1,0.0,0.0,1,0.0,0.0,0.0,2,0.0,1,2,2,0.0,-0.11227262637457826,-0.489013248180181,-0.5725850877823285,0.0,0.0,0.0,0.0,-0.041462984982604485,-0.8888888888888888,-1.0,3.17039884289658,-0.14476269046500845,3.1354942159291497,0.0,2.5649493574615367,0.6931471805599453,3,6.721425700790643,0.0,0.0,1,0.0,0.0,0.0,1,0.0,1,1,0.0,MITM,1
1,0.0,0.0,1,0.0,0.0,0.0,2,0.0,1,2,2,0.0,-0.11227262637457826,-0.489013248180181,-0.5725850877823285,0.0,0.0,0.0,0.0,-0.041462984982604485,-0.8888888888888888,-1.0,1.5635258544593913,0.5597168978880861,0.0,0.0,0.0,0.0,1,0.0,0.0,0.0,1,0.0,0.0,0.0,1,0.0,1,1,0.0,MITM,1
1,0.0,0.0,1,0.0,0.0,0.0,2,0.0,1,2,2,0.0,-0.11227262637457826,-0.489013248180181,-0.5725850877823285,0.0,0.0,0.0,0.0,-0.041462984982604485,-0.8888888888888888,-1.0,4.0564758232355205,-0.14478295061395813,2.772588722239781,0.0,5.545177444479562,0.0,1,0.0,0.0,0.0,1,0.0,0.0,0.0,1,0.0,1,1,0.0,MITM,1
1,0.0,0.0,1,0.0,0.0,0.0,2,0.0,1,2,2,0.0,-0.11227262637457826,-0.489013248180181,-0.5725850877823285,0.0,0.0,0.0,0.0,-0.041462984982604485,-0.8888888888888888,-1.0,3.17039884289658,0.4650701232630682,3.091042453358316,0.0,5.545177444479562,0.0,1,0.0,0.0,0.0,1,0.0,0.0,0.0,1,0.0,1,1,0.0,MITM,1
1,0.0,0.0,1,0.0,0.0,0.0,2,0.0,1,2,2,0.0,-0.11227262637457826,-0.489013248180181,-0.5725850877823285,0.0,0.0,0.0,0.0,-0.041462984982604485,-0.8888888888888888,-1.0,3.17039884289658,0.4650824064374201,3.091042453358316,0.0,5.545177444479562,0.0,1,0.0,0.0,0.0,1,0.0,0.0,0.0,1,0.0,1,1,0.0,MITM,1
1,0.0,0.0,1,0.0,0.0,0.0,2,0.0,1,2,2,0.0,-0.11227262637457826,-0.489013248180181,-0.5725850877823285,0.0,0.0,0.0,0.0,-0.041462984982604485,-0.8888888888888888,-1.0,3.17039884289658,-0.06119236988216676,3.091042453358316,0.0,5.545177444479562,0.6931471805599453,3,6.744059186311348,0.0,0.0,1,0.0,0.0,0.0,1,0.0,1,1,0.0,MITM,1
1,0.0,0.0,1,0.0,0.0,0.0,2,0.0,1,2,2,0.0,-0.11227262637457826,-0.489013248180181,-0.5725850877823285,0.0,0.0,0.0,0.0,-0.041462984982604485,-0.8888888888888888,-1.0,4.048701310833714,-0.14478295061395813,2.772588722239781,0.0,5.545177444479562,0.0,1,0.0,0.0,0.0,1,0.0,0.0,0.0,1,0.0,1,1,0.0,MITM,1
1,0.0,0.0,1,0.0,0.0,0.0,2,0.0,1,2,2,0.0,-0.11227262637457826,-0.489013248180181,-0.5725850877823285,0.0,0.0,0.0,0.0,-0.041462984982604485,-0.8888888888888888,-1.0,3.17039884289658,-0.06121126916873042,3.091042453358316,0.0,5.545177444479562,0.6931471805599453,3,6.747586526829315,0.0,0.0,1,0.0,0.0,0.0,1,0.0,1,1,0.0,MITM,1
1,0.0,0.0,1,0.0,0.0,0.0,2,0.0,1,2,2,0.0,-0.11227262637457826,-0.489013248180181,-0.5725850877823285,0.0,0.0,0.0,0.0,-0.041462984982604485,-0.8888888888888888,-1.0,1.5635258544593913,0.1466425883729726,0.0,0.0,0.0,0.0,1,0.0,0.0,0.0,1,0.0,0.0,0.0,1,0.0,1,1,0.0,MITM,1
1,0.0,0.0,1,0.0,0.0,0.0,2,0.0,1,2,2,0.0,-0.11227262637457826,-0.489013248180181,-0.5725850877823285,0.0,0.0,0.0,0.0,-0.041462984982604485,-0.8888888888888888,-1.0,3.17039884289658,0.12200133012657034,3.091042453358316,0.0,5.545177444479562,0.6931471805599453,3,6.744059186311348,0.0,0.0,1,0.0,0.0,0.0,1,0.0,1,1,0.0,MITM,1
1,0.0,0.0,1,0.0,0.0,0.0,2,0.0,1,2,2,0.0,-0.11227262637457826,-0.489013248180181,-0.5725850877823285,0.0,0.0,0.0,0.0,-0.041462984982604485,-0.8888888888888888,-1.0,3.17039884289658,0.12194529860587294,3.091042453358316,0.0,5.545177444479562,0.6931471805599453,3,6.747586526829315,0.0,0.0,1,0.0,0.0,0.0,1,0.0,1,1,0.0,MITM,1
1,0.0,0.0,1,0.0,0.0,0.0,2,0.0,1,2,2,0.0,-0.11227262637457826,-0.489013248180181,-0.5725850877823285,0.0,0.0,0.0,0.0,-0.041462984982604485,-0.8888888888888888,-1.0,4.080391637245568,-0.14478295061395813,2.772588722239781,0.0,5.545177444479562,0.0,1,0.0,0.0,0.0,1,0.0,0.0,0.0,1,0.0,1,1,0.0,MITM,1
1,0.0,0.0,1,0.0,0.0,0.0,2,0.0,1,2,2,0.0,-0.11227262637457826,-0.489013248180181,-0.5725850877823285,0.0,0.0,0.0,0.0,-0.041462984982604485,-0.8888888888888888,-1.0,4.019117884898281,-0.14478295061395813,2.772588722239781,0.0,5.545177444479562,0.0,1,0.0,0.0,0.0,1,0.0,0.0,0.0,1,0.0,1,1,0.0,MITM,1
1,0.0,0.0,1,0.0,0.0,0.0,2,0.0,1,2,2,0.0,-0.11227262637457826,-0.489013248180181,-0.5725850877823285,0.0,0.0,0.0,0.0,-0.041462984982604485,-0.8888888888888888,-1.0,3.17039884289658,-0.14448905774206414,3.091042453358316,0.0,5.545177444479562,0.6931471805599453,3,6.744059186311348,0.0,0.0,1,0.0,0.0,0.0,1,0.0,1,1,0.0,MITM,1
1,0.0,0.0,1,0.0,0.0,0.0,2,0.0,1,2,2,0.0,-0.11227262637457826,-0.489013248180181,-0.5725850877823285,0.0,0.0,0.0,0.0,-0.041462984982604485,-0.8888888888888888,-1.0,3.17039884289658,-0.144490100664461,3.091042453358316,0.0,5.545177444479562,0.6931471805599453,3,6.747586526829315,0.0,0.0,1,0.0,0.0,0.0,1,0.0,1,1,0.0,MITM,1
1,0.0,0.0,1,0.0,0.0,0.0,2,0.0,1,2,2,0.0,-0.11227262637457826,-0.489013248180181,-0.5725850877823285,0.0,0.0,0.0,0.0,-0.041462984982604485,-0.8888888888888888,-1.0,3.17039884289658,0.31115569938784277,3.1354942159291497,0.0,2.5649493574615367,0.0,1,0.0,0.0,0.0,1,0.0,0.0,0.0,1,0.0,1,1,0.0,MITM,1
1,0.0,0.0,1,0.0,0.0,0.0,2,0.0,1,2,2,0.0,-0.11227262637457826,-0.489013248180181,-0.5725850877823285,0.0,0.0,0.0,0.0,-0.041462984982604485,-0.8888888888888888,-1.0,3.17039884289658,0.3111599611284831,3.1354942159291497,0.0,2.5649493574615367,0.0,1,0.0,0.0,0.0,1,0.0,0.0,0.0,1,0.0,1,1,0.0,MITM,1
1,0.0,0.0,1,0.0,0.0,0.0,2,0.0,1,2,2,0.0,-0.11227262637457826,-0.489013248180181,-0.5725850877823285,0.0,0.0,0.0,0.0,-0.041462984982604485,-0.8888888888888888,-1.0,3.17039884289658,-0.14466601187263117,3.1354942159291497,0.0,2.5649493574615367,0.6931471805599453,3,6.812345094177479,0.0,0.0,1,0.0,0.0,0.0,1,0.0,1,1,0.0,MITM,1
1,0.0,0.0,1,0.0,0.0,0.0,2,0.0,1,2,2,0.0,-0.11227262637457826,-0.489013248180181,-0.5725850877823285,0.0,0.0,0.0,0.0,-0.041462984982604485,-0.8888888888888888,-1.0,3.17039884289658,-0.1447000426450934,3.1354942159291497,0.0,2.5649493574615367,0.6931471805599453,3,6.813444599510896,0.0,0.0,1,0.0,0.0,0.0,1,0.0,1,1,0.0,MITM,1
1,0.0,0.0,1,0.0,0.0,0.0,2,0.0,1,2,2,0.0,-0.11227262637457826,-0.489013248180181,-0.5725850877823285,0.0,0.0,0.0,0.0,-0.041462984982604485,-0.8888888888888888,-1.0,3.17039884289658,-0.0019832795693311878,3.1354942159291497,0.0,2.5649493574615367,0.6931471805599453,3,6.812345094177479,0.0,0.0,1,0.0,0.0,0.0,1,0.0,1,1,0.0,MITM,1
1,0.0,0.0,1,0.0,0.0,0.0,2,0.0,1,2,2,0.0,-0.11227262637457826,-0.489013248180181,-0.5725850877823285,0.0,0.0,0.0,0.0,-0.041462984982604485,-0.8888888888888888,-1.0,3.17039884289658,-0.001976742690153529,3.1354942159291497,0.0,2.5649493574615367,0.6931471805599453,3,6.813444599510896,0.0,0.0,1,0.0,0.0,0.0,1,0.0,1,1,0.0,MITM,1
1,0.0,0.0,1,0.0,0.0,0.0,2,0.0,1,2,2,0.0,-0.11227262637457826,-0.489013248180181,-0.5725850877823285,0.0,0.0,0.0,0.0,-0.041462984982604485,-0.8888888888888888,-1.0,3.17039884289658,-0.1446493116811487,3.1354942159291497,0.0,2.5649493574615367,0.6931471805599453,3,6.812345094177479,0.0,0.0,1,0.0,0.0,0.0,1,0.0,1,1,0.0,MITM,1
1,0.0,0.0,1,0.0,0.0,0.0,2,0.0,1,2,2,0.0,-0.11227262637457826,-0.489013248180181,-0.5725850877823285,0.0,0.0,0.0,0.0,-0.041462984982604485,-0.8888888888888888,-1.0,3.17039884289658,-0.14462155056756867,3.1354942159291497,0.0,2.5649493574615367,0.6931471805599453,3,6.813444599510896,0.0,0.0,1,0.0,0.0,0.0,1,0.0,1,1,0.0,MITM,1
1,0.0,0.0,1,0.0,0.0,0.0,2,0.0,1,2,2,0.0,-0.11227262637457826,-0.489013248180181,-0.5725850877823285,0.0,0.0,0.0,0.0,-0.041462984982604485,-0.8888888888888888,-1.0,3.17039884289658,0.08315083461887642,3.1354942159291497,0.0,2.5649493574615367,0.6931471805599453,3,6.812345094177479,0.0,0.0,1,0.0,0.0,0.0,1,0.0,1,1,0.0,MITM,1
1,0.0,0.0,1,0.0,0.0,0.0,2,0.0,1,2,2,0.0,-0.11227262637457826,-0.489013248180181,-0.5725850877823285,0.0,0.0,0.0,0.0,-0.041462984982604485,-0.8888888888888888,-1.0,3.17039884289658,0.0831485199298289,3.1354942159291497,0.0,2.5649493574615367,0.6931471805599453,3,6.813444599510896,0.0,0.0,1,0.0,0.0,0.0,1,0.0,1,1,0.0,MITM,1
1,0.0,0.0,1,0.0,0.0,0.0,2,0.0,1,2,2,0.0,-0.11227262637457826,-0.489013248180181,-0.5725850877823285,0.0,0.0,0.0,0.0,-0.041462984982604485,-0.8888888888888888,-1.0,3.17039884289658,-0.14469858108693345,3.1354942159291497,0.0,2.5649493574615367,0.6931471805599453,3,6.812345094177479,0.0,0.0,1,0.0,0.0,0.0,1,0.0,1,1,0.0,MITM,1
1,0.0,0.0,1,0.0,0.0,0.0,2,0.0,1,2,2,0.0,-0.11227262637457826,-0.489013248180181,-0.5725850877823285,0.0,0.0,0.0,0.0,-0.041462984982604485,-0.8888888888888888,-1.0,3.17039884289658,-0.14470275699452312,3.1354942159291497,0.0,2.5649493574615367,0.6931471805599453,3,6.813444599510896,0.0,0.0,1,0.0,0.0,0.0,1,0.0,1,1,0.0,MITM,1
1,0.0,0.0,1,0.0,0.0,0.0,2,0.0,1,2,2,0.0,-0.11227262637457826,-0.489013248180181,-0.5725850877823285,0.0,0.0,0.0,0.0,-0.041462984982604485,-0.8888888888888888,-1.0,1.5635258544593913,0.4471467486706085,0.0,0.0,0.0,0.0,1,0.0,0.0,0.0,1,0.0,0.0,0.0,1,0.0,1,1,0.0,MITM,1
1,0.0,0.0,1,0.0,0.0,0.0,2,0.0,1,2,2,0.0,-0.11227262637457826,-0.489013248180181,-0.5725850877823285,0.0,0.0,0.0,0.0,-0.041462984982604485,-0.8888888888888888,-1.0,4.014847538663898,-0.14478295061395813,2.772588722239781,0.0,5.545177444479562,0.0,1,0.0,0.0,0.0,1,0.0,0.0,0.0,1,0.0,1,1,0.0,MITM,1
1,0.0,0.0,1,0.0,0.0,0.0,2,0.0,1,2,2,0.0,-0.11227262637457826,-0.489013248180181,-0.5725850877823285,0.0,0.0,0.0,0.0,-0.041462984982604485,-0.8888888888888888,-1.0,3.17039884289658,0.23412126157629398,3.091042453358316,0.0,5.545177444479562,0.0,1,0.0,0.0,0.0,1,0.0,0.0,0.0,1,0.0,1,1,0.0,MITM,1
1,0.0,0.0,1,0.0,0.0,0.0,2,0.0,1,2,2,0.0,-0.11227262637457826,-0.489013248180181,-0.5725850877823285,0.0,0.0,0.0,0.0,-0.041462984982604485,-0.8888888888888888,-1.0,3.17039884289658,0.23415142521940696,3.091042453358316,0.0,5.545177444479562,0.0,1,0.0,0.0,0.0,1,0.0,0.0,0.0,1,0.0,1,1,0.0,MITM,1
1,0.0,0.0,1,0.0,0.0,0.0,2,0.0,1,2,2,0.0,-0.11227262637457826,-0.489013248180181,-0.5725850877823285,0.0,0.0,0.0,0.0,-0.041462984982604485,-0.8888888888888888,-1.0,3.17039884289658,-0.06373442613576981,3.091042453358316,0.0,5.545177444479562,0.6931471805599453,3,6.8308742346461795,0.0,0.0,1,0.0,0.0,0.0,1,0.0,1,1,0.0,MITM,1
1,0.0,0.0,1,0.0,0.0,0.0,2,0.0,1,2,2,0.0,-0.11227262637457826,-0.489013248180181,-0.5725850877823285,0.0,0.0,0.0,0.0,-0.041462984982604485,-0.8888888888888888,-1.0,3.17039884289658,-0.06386213908774535,3.091042453358316,0.0,5.545177444479562,0.6931471805599453,3,6.834108738813838,0.0,0.0,1,0.0,0.0,0.0,1,0.0,1,1,0.0,MITM,1
1,0.0,0.0,1,0.0,0.0,0.0,2,0.0,1,2,2,0.0,-0.11227262637457826,-0.489013248180181,-0.5725850877823285,0.0,0.0,0.0,0.0,-0.041462984982604485,-0.8888888888888888,-1.0,4.080919307398329,-0.14478295061395813,2.772588722239781,0.0,5.545177444479562,0.0,1,0.0,0.0,0.0,1,0.0,0.0,0.0,1,0.0,1,1,0.0,MITM,1
1,0.0,0.0,1,0.0,0.0,0.0,2,0.0,1,2,2,0.0,-0.11227262637457826,-0.489013248180181,-0.5725850877823285,0.0,0.0,0.0,0.0,-0.041462984982604485,-0.8888888888888888,-1.0,3.17039884289658,0.2998100842206066,3.1354942159291497,0.0,2.5649493574615367,0.0,1,0.0,0.0,0.0,1,0.0,0.0,0.0,1,0.0,1,1,0.0,MITM,1
1,0.0,0.0,1,0.0,0.0,0.0,2,0.0,1,2,2,0.0,-0.11227262637457826,-0.489013248180181,-0.5725850877823285,0.0,0.0,0.0,0.0,-0.041462984982604485,-0.8888888888888888,-1.0,3.17039884289658,0.299920881051276,3.1354942159291497,0.0,2.5649493574615367,0.0,1,0.0,0.0,0.0,1,0.0,0.0,0.0,1,0.0,1,1,0.0,MITM,1
1,0.0,0.0,1,0.0,0.0,0.0,2,0.0,1,2,2,0.0,-0.11227262637457826,-0.489013248180181,-0.5725850877823285,0.0,0.0,0.0,0.0,-0.041462984982604485,-0.8888888888888888,-1.0,3.17039884289658,-0.14380664406430665,3.1354942159291497,0.0,2.5649493574615367,0.6931471805599453,3,6.86171134048073,0.0,0.0,1,0.0,0.0,0.0,1,0.0,1,1,0.0,MITM,1
1,0.0,0.0,1,0.0,0.0,0.0,2,0.0,1,2,2,0.0,-0.11227262637457826,-0.489013248180181,-0.5725850877823285,0.0,0.0,0.0,0.0,-0.041462984982604485,-0.8888888888888888,-1.0,3.17039884289658,-0.1447631081801975,3.1354942159291497,0.0,2.5649493574615367,0.6931471805599453,3,6.86484777797086,0.0,0.0,1,0.0,0.0,0.0,1,0.0,1,1,0.0,MITM,1
1,0.0,0.0,1,0.0,0.0,0.0,2,0.0,1,2,2,0.0,-0.11227262637457826,-0.489013248180181,-0.5725850877823285,0.0,0.0,0.0,0.0,-0.041462984982604485,-0.8888888888888888,-1.0,3.17039884289658,-0.0017452371777725508,3.1354942159291497,0.0,2.5649493574615367,0.6931471805599453,3,6.86171134048073,0.0,0.0,1,0.0,0.0,0.0,1,0.0,1,1,0.0,MITM,1
1,0.0,0.0,1,0.0,0.0,0.0,2,0.0,1,2,2,0.0,-0.11227262637457826,-0.489013248180181,-0.5725850877823285,0.0,0.0,0.0,0.0,-0.041462984982604485,-0.8888888888888888,-1.0,3.17039884289658,-0.0017104860868043929,3.1354942159291497,0.0,2.5649493574615367,0.6931471805599453,3,6.86484777797086,0.0,0.0,1,0.0,0.0,0.0,1,0.0,1,1,0.0,MITM,1
1,0.0,0.0,1,0.0,0.0,0.0,2,0.0,1,2,2,0.0,-0.11227262637457826,-0.489013248180181,-0.5725850877823285,0.0,0.0,0.0,0.0,-0.041462984982604485,-0.8888888888888888,-1.0,3.17039884289658,-0.1446703958941535,3.1354942159291497,0.0,2.5649493574615367,0.6931471805599453,3,6.86171134048073,0.0,0.0,1,0.0,0.0,0.0,1,0.0,1,1,0.0,MITM,1
1,0.0,0.0,1,0.0,0.0,0.0,2,0.0,1,2,2,0.0,-0.11227262637457826,-0.489013248180181,-0.5725850877823285,0.0,0.0,0.0,0.0,-0.041462984982604485,-0.8888888888888888,-1.0,3.17039884289658,-0.14474347646926952,3.1354942159291497,0.0,2.5649493574615367,0.6931471805599453,3,6.86484777797086,0.0,0.0,1,0.0,0.0,0.0,1,0.0,1,1,0.0,MITM,1
1,0.0,0.0,1,0.0,0.0,0.0,2,0.0,1,2,2,0.0,-0.11227262637457826,-0.489013248180181,-0.5725850877823285,0.0,0.0,0.0,0.0,-0.041462984982604485,-0.8888888888888888,-1.0,3.17039884289658,0.08473450742877593,3.1354942159291497,0.0,2.5649493574615367,0.6931471805599453,3,6.86171134048073,0.0,0.0,1,0.0,0.0,0.0,1,0.0,1,1,0.0,MITM,1
1,0.0,0.0,1,0.0,0.0,0.0,2,0.0,1,2,2,0.0,-0.11227262637457826,-0.489013248180181,-0.5725850877823285,0.0,0.0,0.0,0.0,-0.041462984982604485,-0.8888888888888888,-1.0,3.17039884289658,0.0847470371972711,3.1354942159291497,0.0,2.5649493574615367,0.6931471805599453,3,6.86484777797086,0.0,0.0,1,0.0,0.0,0.0,1,0.0,1,1,0.0,MITM,1
1,0.0,0.0,1,0.0,0.0,0.0,2,0.0,1,2,2,0.0,-0.11227262637457826,-0.489013248180181,-0.5725850877823285,0.0,0.0,0.0,0.0,-0.041462984982604485,-0.8888888888888888,-1.0,3.17039884289658,-0.14470338338786223,3.1354942159291497,0.0,2.5649493574615367,0.6931471805599453,3,6.86171134048073,0.0,0.0,1,0.0,0.0,0.0,1,0.0,1,1,0.0,MITM,1
1,0.0,0.0,1,0.0,0.0,0.0,2,0.0,1,2,2,0.0,-0.11227262637457826,-0.489013248180181,-0.5725850877823285,0.0,0.0,0.0,0.0,-0.041462984982604485,-0.8888888888888888,-1.0,3.17039884289658,-0.1443339288964933,3.1354942159291497,0.0,2.5649493574615367,0.6931471805599453,3,6.86484777797086,0.0,0.0,1,0.0,0.0,0.0,1,0.0,1,1,0.0,MITM,1
1,0.0,0.0,1,0.0,0.0,0.0,2,0.0,1,2,2,0.0,-0.11227262637457826,-0.489013248180181,-0.5725850877823285,0.0,0.0,0.0,0.0,-0.041462984982604485,-0.8888888888888888,-1.0,1.5635258544593913,0.7336363175281576,0.0,0.0,0.0,0.0,1,0.0,0.0,0.0,1,0.0,0.0,0.0,1,0.0,1,1,0.0,MITM,1
1,0.0,0.0,1,0.0,0.0,0.0,2,0.0,1,2,2,0.0,-0.11227262637457826,-0.489013248180181,-0.5725850877823285,0.0,0.0,0.0,0.0,-0.041462984982604485,-0.8888888888888888,-1.0,4.024337788635002,-0.14478295061395813,2.772588722239781,0.0,5.545177444479562,0.0,1,0.0,0.0,0.0,1,0.0,0.0,0.0,1,0.0,1,1,0.0,MITM,1
1,0.0,0.0,1,0.0,0.0,0.0,2,0.0,1,2,2,0.0,-0.11227262637457826,-0.489013248180181,-0.5725850877823285,0.0,0.0,0.0,0.0,-0.041462984982604485,-0.8888888888888888,-1.0,4.051001982618513,-0.14478295061395813,2.772588722239781,0.0,5.545177444479562,0.0,1,0.0,0.0,0.0,1,0.0,0.0,0.0,1,0.0,1,1,0.0,MITM,1
1,0.0,0.0,1,0.0,0.0,0.0,2,0.0,1,2,2,0.0,-0.11227262637457826,-0.489013248180181,-0.5725850877823285,0.0,0.0,0.0,0.0,-0.041462984982604485,-0.8888888888888888,-1.0,3.17039884289658,0.6978177330165996,3.091042453358316,0.0,5.545177444479562,0.0,1,0.0,0.0,0.0,1,0.0,0.0,0.0,1,0.0,1,1,0.0,MITM,1
1,0.0,0.0,1,0.0,0.0,0.0,2,0.0,1,2,2,0.0,-0.11227262637457826,-0.489013248180181,-0.5725850877823285,0.0,0.0,0.0,0.0,-0.041462984982604485,-0.8888888888888888,-1.0,3.17039884289658,0.6978260645502562,3.091042453358316,0.0,5.545177444479562,0.0,1,0.0,0.0,0.0,1,0.0,0.0,0.0,1,0.0,1,1,0.0,MITM,1
1,0.0,0.0,1,0.0,0.0,0.0,2,0.0,1,2,2,0.0,-0.11227262637457826,-0.489013248180181,-0.5725850877823285,0.0,0.0,0.0,0.0,-0.041462984982604485,-0.8888888888888888,-1.0,3.17039884289658,-0.14471591164913764,3.091042453358316,0.0,5.545177444479562,0.6931471805599453,3,6.90975328164481,0.0,0.0,1,0.0,0.0,0.0,1,0.0,1,1,0.0,MITM,1
1,0.0,0.0,1,0.0,0.0,0.0,2,0.0,1,2,2,0.0,-0.11227262637457826,-0.489013248180181,-0.5725850877823285,0.0,0.0,0.0,0.0,-0.041462984982604485,-0.8888888888888888,-1.0,3.17039884289658,0.3041113079601672,3.1354942159291497,0.0,2.5649493574615367,0.0,1,0.0,0.0,0.0,1,0.0,0.0,0.0,1,0.0,1,1,0.0,MITM,1
1,0.0,0.0,1,0.0,0.0,0.0,2,0.0,1,2,2,0.0,-0.11227262637457826,-0.489013248180181,-0.5725850877823285,0.0,0.0,0.0,0.0,-0.041462984982604485,-0.8888888888888888,-1.0,3.17039884289658,0.3041154723484833,3.1354942159291497,0.0,2.5649493574615367,0.0,1,0.0,0.0,0.0,1,0.0,0.0,0.0,1,0.0,1,1,0.0,MITM,1
1,0.0,0.0,1,0.0,0.0,0.0,2,0.0,1,2,2,0.0,-0.11227262637457826,-0.489013248180181,-0.5725850877823285,0.0,0.0,0.0,0.0,-0.041462984982604485,-0.8888888888888888,-1.0,3.17039884289658,-0.14466976959973105,3.1354942159291497,0.0,2.5649493574615367,0.6931471805599453,3,6.93537044601511,0.0,0.0,1,0.0,0.0,0.0,1,0.0,1,1,0.0,MITM,1
1,0.0,0.0,1,0.0,0.0,0.0,2,0.0,1,2,2,0.0,-0.11227262637457826,-0.489013248180181,-0.5725850877823285,0.0,0.0,0.0,0.0,-0.041462984982604485,-0.8888888888888888,-1.0,3.17039884289658,-0.1447042185819031,3.1354942159291497,0.0,2.5649493574615367,0.6931471805599453,3,6.9363427358340495,0.0,0.0,1,0.0,0.0,0.0,1,0.0,1,1,0.0,MITM,1
1,0.0,0.0,1,0.0,0.0,0.0,2,0.0,1,2,2,0.0,-0.11227262637457826,-0.489013248180181,-0.5725850877823285,0.0,0.0,0.0,0.0,-0.041462984982604485,-0.8888888888888888,-1.0,3.17039884289658,-0.006619627006314462,3.1354942159291497,0.0,2.5649493574615367,0.6931471805599453,3,6.93537044601511,0.0,0.0,1,0.0,0.0,0.0,1,0.0,1,1,0.0,MITM,1
1,0.0,0.0,1,0.0,0.0,0.0,2,0.0,1,2,2,0.0,-0.11227262637457826,-0.489013248180181,-0.5725850877823285,0.0,0.0,0.0,0.0,-0.041462984982604485,-0.8888888888888888,-1.0,3.17039884289658,-0.006587396802460132,3.1354942159291497,0.0,2.5649493574615367,0.6931471805599453,3,6.9363427358340495,0.0,0.0,1,0.0,0.0,0.0,1,0.0,1,1,0.0,MITM,1
1,0.0,0.0,1,0.0,0.0,0.0,2,0.0,1,2,2,0.0,-0.11227262637457826,-0.489013248180181,-0.5725850877823285,0.0,0.0,0.0,0.0,-0.041462984982604485,-0.8888888888888888,-1.0,3.17039884289658,-0.14468480118418545,3.1354942159291497,0.0,2.5649493574615367,0.6931471805599453,3,6.93537044601511,0.0,0.0,1,0.0,0.0,0.0,1,0.0,1,1,0.0,MITM,1
1,0.0,0.0,1,0.0,0.0,0.0,2,0.0,1,2,2,0.0,-0.11227262637457826,-0.489013248180181,-0.5725850877823285,0.0,0.0,0.0,0.0,-0.041462984982604485,-0.8888888888888888,-1.0,3.17039884289658,-0.14469106466364845,3.1354942159291497,0.0,2.5649493574615367,0.6931471805599453,3,6.9363427358340495,0.0,0.0,1,0.0,0.0,0.0,1,0.0,1,1,0.0,MITM,1
1,0.0,0.0,1,0.0,0.0,0.0,2,0.0,1,2,2,0.0,-0.11227262637457826,-0.489013248180181,-0.5725850877823285,0.0,0.0,0.0,0.0,-0.041462984982604485,-0.8888888888888888,-1.0,3.17039884289658,0.08479506101485212,3.1354942159291497,0.0,2.5649493574615367,0.6931471805599453,3,6.93537044601511,0.0,0.0,1,0.0,0.0,0.0,1,0.0,1,1,0.0,MITM,1
1,0.0,0.0,1,0.0,0.0,0.0,2,0.0,1,2,2,0.0,-0.11227262637457826,-0.489013248180181,-0.5725850877823285,0.0,0.0,0.0,0.0,-0.041462984982604485,-0.8888888888888888,-1.0,3.17039884289658,0.08478747537796827,3.1354942159291497,0.0,2.5649493574615367,0.6931471805599453,3,6.9363427358340495,0.0,0.0,1,0.0,0.0,0.0,1,0.0,1,1,0.0,MITM,1
1,0.0,0.0,1,0.0,0.0,0.0,2,0.0,1,2,2,0.0,-0.11227262637457826,-0.489013248180181,-0.5725850877823285,0.0,0.0,0.0,0.0,-0.041462984982604485,-0.8888888888888888,-1.0,3.17039884289658,-0.1446994162617726,3.1354942159291497,0.0,2.5649493574615367,0.6931471805599453,3,6.93537044601511,0.0,0.0,1,0.0,0.0,0.0,1,0.0,1,1,0.0,MITM,1
1,0.0,0.0,1,0.0,0.0,0.0,2,0.0,1,2,2,0.0,-0.11227262637457826,-0.489013248180181,-0.5725850877823285,0.0,0.0,0.0,0.0,-0.041462984982604485,-0.8888888888888888,-1.0,3.17039884289658,-0.14470442738093514,3.1354942159291497,0.0,2.5649493574615367,0.6931471805599453,3,6.9363427358340495,0.0,0.0,1,0.0,0.0,0.0,1,0.0,1,1,0.0,MITM,1
1,0.0,0.0,1,0.0,0.0,0.0,2,0.0,1,2,2,0.0,-0.11227262637457826,-0.489013248180181,-0.5725850877823285,0.0,0.0,0.0,0.0,-0.041462984982604485,-0.8888888888888888,-1.0,3.8910664008510163,-0.14478295061395813,0.0,0.0,0.0,0.0,1,0.0,0.0,0.0,1,0.0,0.0,0.0,1,0.0,1,1,0.0,MITM,1
1,0.0,0.0,1,0.0,0.0,0.0,2,0.0,1,2,2,0.0,-0.11227262637457826,-0.489013248180181,-0.5725850877823285,0.0,0.0,0.0,0.0,-0.041462984982604485,-0.8888888888888888,-1.0,1.7799823517463311,-0.10882905989688657,0.0,0.0,0.0,0.0,1,0.0,0.0,0.0,1,0.0,0.0,0.0,1,0.0,1,1,0.0,MITM,1
0,0.0,0.0,0,9.387565631345389,0.0,0.0,2,0.0,1,2,3,0.0,-0.11227262637457826,-0.489013248180181,-0.5725850877823285,0.0,0.0,0.0,0.0,-0.041462984982604485,-0.8888888888888888,-1.0,0.0,-0.14478295061395813,0.0,0.0,0.0,0.0,1,0.0,0.0,0.0,1,0.0,0.0,0.0,1,0.0,1,1,0.0,Fingerprinting,1
0,0.0,0.0,0,9.545883605779304,0.0,0.0,2,0.0,1,2,3,0.0,-0.11227262637457826,-0.489013248180181,-0.5725850877823285,0.0,0.0,0.0,0.0,-0.041462984982604485,-0.8888888888888888,-1.0,0.0,-0.14478295061395813,0.0,0.0,0.0,0.0,1,0.0,0.0,0.0,1,0.0,0.0,0.0,1,0.0,1,1,0.0,Fingerprinting,1
0,0.0,0.0,0,7.257707677160043,5.54907608489522,0.0,2,0.0,1,2,3,0.0,-0.11227262637457826,-0.489013248180181,-0.5725850877823285,0.0,0.0,0.0,0.0,-0.041462984982604485,-0.8888888888888888,-1.0,0.0,-0.14478295061395813,0.0,0.0,0.0,0.0,1,0.0,0.0,0.0,1,0.0,0.0,0.0,1,0.0,1,1,0.0,Fingerprinting,1
0,0.0,0.0,0,8.151044945685024,5.54907608489522,0.0,2,0.0,1,2,3,0.0,-0.11227262637457826,-0.489013248180181,-0.5725850877823285,0.0,0.0,0.0,0.0,-0.041462984982604485,-0.8888888888888888,-1.0,0.0,-0.14478295061395813,0.0,0.0,0.0,0.0,1,0.0,0.0,0.0,1,0.0,0.0,0.0,1,0.0,1,1,0.0,Fingerprinting,1
0,0.0,0.0,0,10.90137670441254,0.0,0.0,2,0.0,1,2,3,0.0,-0.11227262637457826,-0.489013248180181,-0.5725850877823285,0.0,0.0,0.0,0.0,-0.041462984982604485,-0.8888888888888888,-1.0,0.0,-0.14478295061395813,0.0,0.0,0.0,0.0,1,0.0,0.0,0.0,1,0.0,0.0,0.0,1,0.0,1,1,0.0,Fingerprinting,1
0,0.0,0.0,0,8.110727582974489,0.0,18.15243405490039,2,0.0,1,2,3,0.0,-0.11227262637457826,-0.489013248180181,-0.5725850877823285,0.0,0.0,0.0,0.0,-0.041462984982604485,-0.8888888888888888,-1.0,0.0,-0.14478295061395813,0.0,0.0,0.0,0.0,1,0.0,0.0,0.0,1,0.0,0.0,0.0,1,0.0,1,1,0.0,Fingerprinting,1
0,0.0,0.0,0,9.883182799195763,0.0,0.0,2,0.0,1,2,3,0.0,-0.11227262637457826,-0.489013248180181,-0.5725850877823285,0.0,0.0,0.0,0.0,-0.041462984982604485,-0.8888888888888888,-1.0,0.0,-0.14478295061395813,0.0,0.0,0.0,0.0,1,0.0,0.0,0.0,1,0.0,0.0,0.0,1,0.0,1,1,0.0,Fingerprinting,1
4,0.6931471805599453,1.9459101490553132,6,0.0,0.0,0.0,2,0.0,1,2,3,0.0,-0.11227262637457826,-0.489013248180181,-0.5725850877823285,0.0,0.0,0.0,0.0,-0.041462984982604485,-0.8888888888888888,-1.0,0.0,-0.14478295061395813,0.0,0.0,0.0,0.0,1,0.0,0.0,0.0,1,0.0,0.0,0.0,1,0.0,1,1,0.0,Fingerprinting,1
7,1.0986122886681096,1.9459101490553132,4,0.0,0.0,0.0,2,0.0,1,2,3,0.0,-0.11227262637457826,-0.489013248180181,-0.5725850877823285,0.0,0.0,0.0,0.0,-0.041462984982604485,-0.8888888888888888,-1.0,0.0,-0.14478295061395813,0.0,0.0,0.0,0.0,1,0.0,0.0,0.0,1,0.0,0.0,0.0,1,0.0,1,1,0.0,Fingerprinting,1
7,0.6931471805599453,1.9459101490553132,4,0.0,0.0,0.0,2,0.0,1,2,3,0.0,-0.11227262637457826,-0.489013248180181,-0.5725850877823285,0.0,0.0,0.0,0.0,-0.041462984982604485,-0.8888888888888888,-1.0,0.0,-0.14478295061395813,0.0,0.0,0.0,0.0,1,0.0,0.0,0.0,1,0.0,0.0,0.0,1,0.0,1,1,0.0,Fingerprinting,1
4,1.0986122886681096,1.9459101490553132,6,0.0,0.0,0.0,2,0.0,1,2,3,0.0,-0.11227262637457826,-0.489013248180181,-0.5725850877823285,0.0,0.0,0.0,0.0,-0.041462984982604485,-0.8888888888888888,-1.0,0.0,-0.14478295061395813,0.0,0.0,0.0,0.0,1,0.0,0.0,0.0,1,0.0,0.0,0.0,1,0.0,1,1,0.0,Fingerprinting,1
0,0.0,0.0,0,0.0,0.0,0.0,2,0.0,1,2,3,0.0,-0.11227262637457826,-0.489013248180181,0.8139445761778161,0.0,0.0,0.6931471805599453,0.0,1.401594222046065,-0.7777777777777778,-1.0,0.0,-0.14478295061395813,0.0,0.0,0.0,0.0,1,0.0,0.0,0.0,1,0.0,0.0,0.0,1,0.0,1,1,0.0,Fingerprinting,1
0,0.0,0.0,0,0.0,0.0,0.0,2,0.0,1,2,3,0.0,0.0,-0.05095754256642396,0.9773179085530885,0.0,0.6931471805599453,0.0,0.0,0.6862201083366363,0.2222222222222222,0.0,0.0,0.0,0.0,0.0,0.0,0.0,1,0.0,0.0,0.0,1,0.0,0.0,0.0,1,0.0,1,1,0.0,Fingerprinting,1
0,0.0,0.0,0,0.0,0.0,0.0,2,0.0,1,2,3,0.0,-0.11227262637457826,-0.489013248180181,-0.5652319704917248,0.0,0.0,0.6931471805599453,0.0,1.401594222046065,-0.7777777777777778,-1.0,0.0,-0.14478295061395813,0.0,0.0,0.0,0.0,1,0.0,0.0,0.0,1,0.0,0.0,0.0,1,0.0,1,1,0.0,Fingerprinting,1
0,0.0,0.0,0,0.0,0.0,0.0,2,0.0,1,2,3,0.0,0.0,-0.4658797846429329,-0.4018586381164523,0.0,0.6931471805599453,0.0,0.0,0.9486501959748095,0.2222222222222222,0.0,0.0,0.0,0.0,0.0,0.0,0.0,1,0.0,0.0,0.0,1,0.0,0.0,0.0,1,0.0,1,1,0.0,Fingerprinting,1
0,0.0,0.0,0,10.9360668705998,0.0,0.0,2,0.0,1,2,3,0.0,-0.11227262637457826,-0.489013248180181,-0.5725850877823285,0.0,0.0,0.0,0.0,-0.041462984982604485,-0.8888888888888888,-1.0,0.0,-0.14478295061395813,0.0,0.0,0.0,0.0,1,0.0,0.0,0.0,1,0.0,0.0,0.0,1,0.0,1,1,0.0,Fingerprinting,1
0,0.0,0.0,0,10.971881154620236,0.0,0.0,2,0.0,1,2,3,0.0,-0.11227262637457826,-0.489013248180181,-0.5725850877823285,0.0,0.0,0.0,0.0,-0.041462984982604485,-0.8888888888888888,-1.0,0.0,-0.14478295061395813,0.0,0.0,0.0,0.0,1,0.0,0.0,0.0,1,0.0,0.0,0.0,1,0.0,1,1,0.0,Fingerprinting,1
0,0.0,0.0,0,10.260112495224819,5.54907608489522,0.0,2,0.0,1,2,3,0.0,-0.11227262637457826,-0.489013248180181,-0.5725850877823285,0.0,0.0,0.0,0.0,-0.041462984982604485,-0.8888888888888888,-1.0,0.0,-0.14478295061395813,0.0,0.0,0.0,0.0,1,0.0,0.0,0.0,1,0.0,0.0,0.0,1,0.0,1,1,0.0,Fingerprinting,1
0,0.0,0.0,0,10.329343350292026,5.54907608489522,0.0,2,0.0,1,2,3,0.0,-0.11227262637457826,-0.489013248180181,-0.5725850877823285,0.0,0.0,0.0,0.0,-0.041462984982604485,-0.8888888888888888,-1.0,0.0,-0.14478295061395813,0.0,0.0,0.0,0.0,1,0.0,0.0,0.0,1,0.0,0.0,0.0,1,0.0,1,1,0.0,Fingerprinting,1
0,0.0,0.0,0,9.546312483555713,0.0,0.0,2,0.0,1,2,3,0.0,-0.11227262637457826,-0.489013248180181,-0.5725850877823285,0.0,0.0,0.0,0.0,-0.041462984982604485,-0.8888888888888888,-1.0,0.0,-0.14478295061395813,0.0,0.0,0.0,0.0,1,0.0,0.0,0.0,1,0.0,0.0,0.0,1,0.0,1,1,0.0,Fingerprinting,1
0,0.0,0.0,0,10.72176846385284,0.0,18.15275314077444,2,0.0,1,2,3,0.0,-0.11227262637457826,-0.489013248180181,-0.5725850877823285,0.0,0.0,0.0,0.0,-0.041462984982604485,-0.8888888888888888,-1.0,0.0,-0.14478295061395813,0.0,0.0,0.0,0.0,1,0.0,0.0,0.0,1,0.0,0.0,0.0,1,0.0,1,1,0.0,Fingerprinting,1
0,0.0,0.0,0,10.855048898492202,0.0,0.0,2,0.0,1,2,3,0.0,-0.11227262637457826,-0.489013248180181,-0.5725850877823285,0.0,0.0,0.0,0.0,-0.041462984982604485,-0.8888888888888888,-1.0,0.0,-0.14478295061395813,0.0,0.0,0.0,0.0,1,0.0,0.0,0.0,1,0.0,0.0,0.0,1,0.0,1,1,0.0,Fingerprinting,1
0,0.0,0.0,0,0.0,0.0,0.0,2,0.0,1,2,3,0.0,-0.11227262637457826,-0.489013248180181,0.8605781897439583,0.0,0.0,0.6931471805599453,0.0,1.401594222046065,-0.7777777777777778,-1.0,0.0,-0.14478295061395813,0.0,0.0,0.0,0.0,1,0.0,0.0,0.0,1,0.0,0.0,0.0,1,0.0,1,1,0.0,Fingerprinting,1
0,0.0,0.0,0,0.0,0.0,0.0,2,0.0,1,2,3,0.0,0.0,-0.21117021228611402,-0.5457114799645517,0.0,0.6931471805599453,0.0,0.0,1.1601048134936363,0.2222222222222222,0.0,0.0,0.0,0.0,0.0,0.0,0.0,1,0.0,0.0,0.0,1,0.0,0.0,0.0,1,0.0,1,1,0.0,Fingerprinting,1
0,0.0,0.0,0,0.0,0.0,0.0,2,0.0,1,2,3,0.0,-0.11227262637457826,-0.489013248180181,-0.06790256520801898,0.0,0.0,0.6931471805599453,0.0,1.401594222046065,-0.7777777777777778,-1.0,0.0,-0.14478295061395813,0.0,0.0,0.0,0.0,1,0.0,0.0,0.0,1,0.0,0.0,0.0,1,0.0,1,1,0.0,Fingerprinting,1
0,0.0,0.0,0,0.0,0.0,0.0,2,0.0,1,2,3,0.0,0.0,0.002292067494195435,0.09547076716725347,0.0,0.6931471805599453,0.0,0.0,0.7426564495530013,0.2222222222222222,0.0,0.0,0.0,0.0,0.0,0.0,0.0,1,0.0,0.0,0.0,1,0.0,0.0,0.0,1,0.0,1,1,0.0,Fingerprinting,1
0,0.0,0.0,0,10.559607612258997,0.0,0.0,2,0.0,1,2,3,0.0,-0.11227262637457826,-0.489013248180181,-0.5725850877823285,0.0,0.0,0.0,0.0,-0.041462984982604485,-0.8888888888888888,-1.0,0.0,-0.14478295061395813,0.0,0.0,0.0,0.0,1,0.0,0.0,0.0,1,0.0,0.0,0.0,1,0.0,1,1,0.0,Fingerprinting,1
0,0.0,0.0,0,10.611375551417572,0.0,0.0,2,0.0,1,2,3,0.0,-0.11227262637457826,-0.489013248180181,-0.5725850877823285,0.0,0.0,0.0,0.0,-0.041462984982604485,-0.8888888888888888,-1.0,0.0,-0.14478295061395813,0.0,0.0,0.0,0.0,1,0.0,0.0,0.0,1,0.0,0.0,0.0,1,0.0,1,1,0.0,Fingerprinting,1
0,0.0,0.0,0,6.583409222158765,5.54907608489522,0.0,2,0.0,1,2,3,0.0,-0.11227262637457826,-0.489013248180181,-0.5725850877823285,0.0,0.0,0.0,0.0,-0.041462984982604485,-0.8888888888888888,-1.0,0.0,-0.14478295061395813,0.0,0.0,0.0,0.0,1,0.0,0.0,0.0,1,0.0,0.0,0.0,1,0.0,1,1,0.0,Fingerprinting,1
0,0.0,0.0,0,7.9269635448629785,5.54907608489522,0.0,2,0.0,1,2,3,0.0,-0.11227262637457826,-0.489013248180181,-0.5725850877823285,0.0,0.0,0.0,0.0,-0.041462984982604485,-0.8888888888888888,-1.0,0.0,-0.14478295061395813,0.0,0.0,0.0,0.0,1,0.0,0.0,0.0,1,0.0,0.0,0.0,1,0.0,1,1,0.0,Fingerprinting,1
0,0.0,0.0,0,8.776167099731275,0.0,0.0,2,0.0,1,2,3,0.0,-0.11227262637457826,-0.489013248180181,-0.5725850877823285,0.0,0.0,0.0,0.0,-0.041462984982604485,-0.8888888888888888,-1.0,0.0,-0.14478295061395813,0.0,0.0,0.0,0.0,1,0.0,0.0,0.0,1,0.0,0.0,0.0,1,0.0,1,1,0.0,Fingerprinting,1
0,0.0,0.0,0,7.107425474110705,0.0,18.152992313232083,2,0.0,1,2,3,0.0,-0.11227262637457826,-0.489013248180181,-0.5725850877823285,0.0,0.0,0.0,0.0,-0.041462984982604485,-0.8888888888888888,-1.0,0.0,-0.14478295061395813,0.0,0.0,0.0,0.0,1,0.0,0.0,0.0,1,0.0,0.0,0.0,1,0.0,1,1,0.0,Fingerprinting,1
0,0.0,0.0,0,6.54534966033442,0.0,0.0,2,0.0,1,2,3,0.0,-0.11227262637457826,-0.489013248180181,-0.5725850877823285,0.0,0.0,0.0,0.0,-0.041462984982604485,-0.8888888888888888,-1.0,0.0,-0.14478295061395813,0.0,0.0,0.0,0.0,1,0.0,0.0,0.0,1,0.0,0.0,0.0,1,0.0,1,1,0.0,Fingerprinting,1
2,0.6931471805599453,1.9459101490553132,3,0.0,0.0,0.0,2,0.0,1,2,3,0.0,-0.11227262637457826,-0.489013248180181,-0.5725850877823285,0.0,0.0,0.0,0.0,-0.041462984982604485,-0.8888888888888888,-1.0,0.0,-0.14478295061395813,0.0,0.0,0.0,0.0,1,0.0,0.0,0.0,1,0.0,0.0,0.0,1,0.0,1,1,0.0,Fingerprinting,1
0,0.0,0.0,0,0.0,0.0,0.0,2,0.0,1,2,3,0.0,-0.11227262637457826,-0.489013248180181,0.33733323752724487,0.0,0.0,0.6931471805599453,0.0,1.401594222046065,-0.7777777777777778,-1.0,0.0,-0.14478295061395813,0.0,0.0,0.0,0.0,1,0.0,0.0,0.0,1,0.0,0.0,0.0,1,0.0,1,1,0.0,Fingerprinting,1
0,0.0,0.0,0,0.0,0.0,0.0,2,0.0,1,2,3,0.0,0.0,-0.26891059277319795,0.5007065699025173,0.0,0.6931471805599453,0.0,0.0,0.31215043819086624,0.2222222222222222,0.0,0.0,0.0,0.0,0.0,0.0,0.0,1,0.0,0.0,0.0,1,0.0,0.0,0.0,1,0.0,1,1,0.0,Fingerprinting,1
0,0.0,0.0,0,0.0,0.0,0.0,2,0.0,1,2,3,0.0,-0.11227262637457826,-0.489013248180181,-0.04838207468084597,0.0,0.0,0.6931471805599453,0.0,1.401594222046065,-0.7777777777777778,-1.0,0.0,-0.14478295061395813,0.0,0.0,0.0,0.0,1,0.0,0.0,0.0,1,0.0,0.0,0.0,1,0.0,1,1,0.0,Fingerprinting,1
0,0.0,0.0,0,0.0,0.0,0.0,2,0.0,1,2,3,0.0,0.0,-0.018858938372568534,0.11499125769442647,0.0,0.6931471805599453,0.0,0.0,0.17844717487999295,0.2222222222222222,0.0,0.0,0.0,0.0,0.0,0.0,0.0,1,0.0,0.0,0.0,1,0.0,0.0,0.0,1,0.0,1,1,0.0,Fingerprinting,1
0,0.0,0.0,0,10.228429281911374,0.0,0.0,2,0.0,1,2,3,0.0,-0.11227262637457826,-0.489013248180181,-0.5725850877823285,0.0,0.0,0.0,0.0,-0.041462984982604485,-0.8888888888888888,-1.0,0.0,-0.14478295061395813,0.0,0.0,0.0,0.0,1,0.0,0.0,0.0,1,0.0,0.0,0.0,1,0.0,1,1,0.0,Fingerprinting,1
0,0.0,0.0,0,10.29981100272701,0.0,0.0,2,0.0,1,2,3,0.0,-0.11227262637457826,-0.489013248180181,-0.5725850877823285,0.0,0.0,0.0,0.0,-0.041462984982604485,-0.8888888888888888,-1.0,0.0,-0.14478295061395813,0.0,0.0,0.0,0.0,1,0.0,0.0,0.0,1,0.0,0.0,0.0,1,0.0,1,1,0.0,Fingerprinting,1
0,0.0,0.0,0,10.954483987262574,5.54907608489522,0.0,2,0.0,1,2,3,0.0,-0.11227262637457826,-0.489013248180181,-0.5725850877823285,0.0,0.0,0.0,0.0,-0.041462984982604485,-0.8888888888888888,-1.0,0.0,-0.14478295061395813,0.0,0.0,0.0,0.0,1,0.0,0.0,0.0,1,0.0,0.0,0.0,1,0.0,1,1,0.0,Fingerprinting,1
0,0.0,0.0,0,10.989656070979896,5.54907608489522,0.0,2,0.0,1,2,3,0.0,-0.11227262637457826,-0.489013248180181,-0.5725850877823285,0.0,0.0,0.0,0.0,-0.041462984982604485,-0.8888888888888888,-1.0,0.0,-0.14478295061395813,0.0,0.0,0.0,0.0,1,0.0,0.0,0.0,1,0.0,0.0,0.0,1,0.0,1,1,0.0,Fingerprinting,1
0,0.0,0.0,0,9.732817848482622,0.0,0.0,2,0.0,1,2,3,0.0,-0.11227262637457826,-0.489013248180181,-0.5725850877823285,0.0,0.0,0.0,0.0,-0.041462984982604485,-0.8888888888888888,-1.0,0.0,-0.14478295061395813,0.0,0.0,0.0,0.0,1,0.0,0.0,0.0,1,0.0,0.0,0.0,1,0.0,1,1,0.0,Fingerprinting,1
0,0.0,0.0,0,10.687663031443638,0.0,18.153210077980265,2,0.0,1,2,3,0.0,-0.11227262637457826,-0.489013248180181,-0.5725850877823285,0.0,0.0,0.0,0.0,-0.041462984982604485,-0.8888888888888888,-1.0,0.0,-0.14478295061395813,0.0,0.0,0.0,0.0,1,0.0,0.0,0.0,1,0.0,0.0,0.0,1,0.0,1,1,0.0,Fingerprinting,1
0,0.0,0.0,0,10.478329686215535,0.0,0.0,2,0.0,1,2,3,0.0,-0.11227262637457826,-0.489013248180181,-0.5725850877823285,0.0,0.0,0.0,0.0,-0.041462984982604485,-0.8888888888888888,-1.0,0.0,-0.14478295061395813,0.0,0.0,0.0,0.0,1,0.0,0.0,0.0,1,0.0,0.0,0.0,1,0.0,1,1,0.0,Fingerprinting,1
0,0.0,0.0,0,0.0,0.0,0.0,2,0.0,1,2,3,0.0,-0.11227262637457826,-0.489013248180181,0.7363416445115087,0.0,0.0,0.6931471805599453,0.0,1.401594222046065,-0.7777777777777778,-1.0,0.0,-0.14478295061395813,0.0,0.0,0.0,0.0,1,0.0,0.0,0.0,1,0.0,0.0,0.0,1,0.0,1,1,0.0,Fingerprinting,1
0,0.0,0.0,0,0.0,0.0,0.0,2,0.0,1,2,3,0.0,0.0,0.12764505405615154,0.8997149768867811,0.0,0.6931471805599453,0.0,0.0,0.7079755141586295,0.2222222222222222,0.0,0.0,0.0,0.0,0.0,0.0,0.0,1,0.0,0.0,0.0,1,0.0,0.0,0.0,1,0.0,1,1,0.0,Fingerprinting,1
0,0.0,0.0,0,0.0,0.0,0.0,2,0.0,1,2,3,0.0,-0.11227262637457826,-0.489013248180181,0.8249862278747815,0.0,0.0,0.6931471805599453,0.0,1.401594222046065,-0.7777777777777778,-1.0,0.0,-0.14478295061395813,0.0,0.0,0.0,0.0,1,0.0,0.0,0.0,1,0.0,0.0,0.0,1,0.0,1,1,0.0,Fingerprinting,1
0,0.0,0.0,0,0.0,0.0,0.0,2,0.0,1,2,3,0.0,0.0,0.4134401933676097,0.9883595602500539,0.0,0.6931471805599453,0.0,0.0,0.3716915488615845,0.2222222222222222,0.0,0.0,0.0,0.0,0.0,0.0,0.0,1,0.0,0.0,0.0,1,0.0,0.0,0.0,1,0.0,1,1,0.0,Fingerprinting,1
0,0.0,0.0,0,10.481644668462405,0.0,0.0,2,0.0,1,2,3,0.0,-0.11227262637457826,-0.489013248180181,-0.5725850877823285,0.0,0.0,0.0,0.0,-0.041462984982604485,-0.8888888888888888,-1.0,0.0,-0.14478295061395813,0.0,0.0,0.0,0.0,1,0.0,0.0,0.0,1,0.0,0.0,0.0,1,0.0,1,1,0.0,Fingerprinting,1
0,0.0,0.0,0,10.53749494586695,0.0,0.0,2,0.0,1,2,3,0.0,-0.11227262637457826,-0.489013248180181,-0.5725850877823285,0.0,0.0,0.0,0.0,-0.041462984982604485,-0.8888888888888888,-1.0,0.0,-0.14478295061395813,0.0,0.0,0.0,0.0,1,0.0,0.0,0.0,1,0.0,0.0,0.0,1,0.0,1,1,0.0,Fingerprinting,1
0,0.0,0.0,0,10.575819593382153,5.54907608489522,0.0,2,0.0,1,2,3,0.0,-0.11227262637457826,-0.489013248180181,-0.5725850877823285,0.0,0.0,0.0,0.0,-0.041462984982604485,-0.8888888888888888,-1.0,0.0,-0.14478295061395813,0.0,0.0,0.0,0.0,1,0.0,0.0,0.0,1,0.0,0.0,0.0,1,0.0,1,1,0.0,Fingerprinting,1
0,0.0,0.0,0,10.62677589000806,5.54907608489522,0.0,2,0.0,1,2,3,0.0,-0.11227262637457826,-0.489013248180181,-0.5725850877823285,0.0,0.0,0.0,0.0,-0.041462984982604485,-0.8888888888888888,-1.0,0.0,-0.14478295061395813,0.0,0.0,0.0,0.0,1,0.0,0.0,0.0,1,0.0,0.0,0.0,1,0.0,1,1,0.0,Fingerprinting,1
0,0.0,0.0,0,10.903420659346926,0.0,0.0,2,0.0,1,2,3,0.0,-0.11227262637457826,-0.489013248180181,-0.5725850877823285,0.0,0.0,0.0,0.0,-0.041462984982604485,-0.8888888888888888,-1.0,0.0,-0.14478295061395813,0.0,0.0,0.0,0.0,1,0.0,0.0,0.0,1,0.0,0.0,0.0,1,0.0,1,1,0.0,Fingerprinting,1
0,0.0,0.0,0,10.708176107828981,0.0,18.15344911506228,2,0.0,1,2,3,0.0,-0.11227262637457826,-0.489013248180181,-0.5725850877823285,0.0,0.0,0.0,0.0,-0.041462984982604485,-0.8888888888888888,-1.0,0.0,-0.14478295061395813,0.0,0.0,0.0,0.0,1,0.0,0.0,0.0,1,0.0,0.0,0.0,1,0.0,1,1,0.0,Fingerprinting,1
0,0.0,0.0,0,9.839748711569122,0.0,0.0,2,0.0,1,2,3,0.0,-0.11227262637457826,-0.489013248180181,-0.5725850877823285,0.0,0.0,0.0,0.0,-0.041462984982604485,-0.8888888888888888,-1.0,0.0,-0.14478295061395813,0.0,0.0,0.0,0.0,1,0.0,0.0,0.0,1,0.0,0.0,0.0,1,0.0,1,1,0.0,Fingerprinting,1
0,0.0,0.0,0,0.0,0.0,0.0,2,0.0,1,2,3,0.0,-0.11227262637457826,-0.489013248180181,0.22533592009772221,0.0,0.0,0.6931471805599453,0.0,1.401594222046065,-0.7777777777777778,-1.0,0.0,-0.14478295061395813,0.0,0.0,0.0,0.0,1,0.0,0.0,0.0,1,0.0,0.0,0.0,1,0.0,1,1,0.0,Fingerprinting,1
0,0.0,0.0,0,0.0,0.0,0.0,2,0.0,1,2,3,0.0,0.0,-0.05284704415179032,0.38870925247299465,0.0,0.6931471805599453,0.0,0.0,0.3556612498348527,0.2222222222222222,0.0,0.0,0.0,0.0,0.0,0.0,0.0,1,0.0,0.0,0.0,1,0.0,0.0,0.0,1,0.0,1,1,0.0,Fingerprinting,1
0,0.0,0.0,0,0.0,0.0,0.0,2,0.0,1,2,3,0.0,-0.11227262637457826,-0.489013248180181,-0.22040190654116068,0.0,0.0,0.6931471805599453,0.0,1.401594222046065,-0.7777777777777778,-1.0,0.0,-0.14478295061395813,0.0,0.0,0.0,0.0,1,0.0,0.0,0.0,1,0.0,0.0,0.0,1,0.0,1,1,0.0,Fingerprinting,1
0,0.0,0.0,0,0.0,0.0,0.0,2,0.0,1,2,3,0.0,0.0,-0.25449868745736337,-0.05702857416588824,0.0,0.6931471805599453,0.0,0.0,1.286189280838508,0.2222222222222222,0.0,0.0,0.0,0.0,0.0,0.0,0.0,1,0.0,0.0,0.0,1,0.0,0.0,0.0,1,0.0,1,1,0.0,Fingerprinting,1
0,0.0,0.0,0,10.827290000694122,0.0,0.0,2,0.0,1,2,3,0.0,-0.11227262637457826,-0.489013248180181,-0.5725850877823285,0.0,0.0,0.0,0.0,-0.041462984982604485,-0.8888888888888888,-1.0,0.0,-0.14478295061395813,0.0,0.0,0.0,0.0,1,0.0,0.0,0.0,1,0.0,0.0,0.0,1,0.0,1,1,0.0,Fingerprinting,1
0,0.0,0.0,0,10.86713885577012,0.0,0.0,2,0.0,1,2,3,0.0,-0.11227262637457826,-0.489013248180181,-0.5725850877823285,0.0,0.0,0.0,0.0,-0.041462984982604485,-0.8888888888888888,-1.0,0.0,-0.14478295061395813,0.0,0.0,0.0,0.0,1,0.0,0.0,0.0,1,0.0,0.0,0.0,1,0.0,1,1,0.0,Fingerprinting,1
0,0.0,0.0,0,10.159059571069676,5.54907608489522,0.0,2,0.0,1,2,3,0.0,-0.11227262637457826,-0.489013248180181,-0.5725850877823285,0.0,0.0,0.0,0.0,-0.041462984982604485,-0.8888888888888888,-1.0,0.0,-0.14478295061395813,0.0,0.0,0.0,0.0,1,0.0,0.0,0.0,1,0.0,0.0,0.0,1,0.0,1,1,0.0,Fingerprinting,1
0,0.0,0.0,0,10.23537787965223,5.54907608489522,0.0,2,0.0,1,2,3,0.0,-0.11227262637457826,-0.489013248180181,-0.5725850877823285,0.0,0.0,0.0,0.0,-0.041462984982604485,-0.8888888888888888,-1.0,0.0,-0.14478295061395813,0.0,0.0,0.0,0.0,1,0.0,0.0,0.0,1,0.0,0.0,0.0,1,0.0,1,1,0.0,Fingerprinting,1
0,0.0,0.0,0,10.536274138921273,0.0,0.0,2,0.0,1,2,3,0.0,-0.11227262637457826,-0.489013248180181,-0.5725850877823285,0.0,0.0,0.0,0.0,-0.041462984982604485,-0.8888888888888888,-1.0,0.0,-0.14478295061395813,0.0,0.0,0.0,0.0,1,0.0,0.0,0.0,1,0.0,0.0,0.0,1,0.0,1,1,0.0,Fingerprinting,1
0,0.0,0.0,0,9.34984141075374,0.0,18.153557000110688,2,0.0,1,2,3,0.0,-0.11227262637457826,-0.489013248180181,-0.5725850877823285,0.0,0.0,0.0,0.0,-0.041462984982604485,-0.8888888888888888,-1.0,0.0,-0.14478295061395813,0.0,0.0,0.0,0.0,1,0.0,0.0,0.0,1,0.0,0.0,0.0,1,0.0,1,1,0.0,Fingerprinting,1
0,0.0,0.0,0,10.109932454227286,0.0,0.0,2,0.0,1,2,3,0.0,-0.11227262637457826,-0.489013248180181,-0.5725850877823285,0.0,0.0,0.0,0.0,-0.041462984982604485,-0.8888888888888888,-1.0,0.0,-0.14478295061395813,0.0,0.0,0.0,0.0,1,0.0,0.0,0.0,1,0.0,0.0,0.0,1,0.0,1,1,0.0,Fingerprinting,1
0,0.0,0.0,0,0.0,0.0,0.0,2,0.0,1,2,3,0.0,-0.11227262637457826,-0.489013248180181,0.5587650595195325,0.0,0.0,0.6931471805599453,0.0,1.401594222046065,-0.7777777777777778,-1.0,0.0,-0.14478295061395813,0.0,0.0,0.0,0.0,1,0.0,0.0,0.0,1,0.0,0.0,0.0,1,0.0,1,1,0.0,Fingerprinting,1
0,0.0,0.0,0,0.0,0.0,0.0,2,0.0,1,2,3,0.0,0.0,0.3799543475527244,0.7221383918948049,0.0,0.6931471805599453,0.0,0.0,0.7844717487999295,0.2222222222222222,0.0,0.0,0.0,0.0,0.0,0.0,0.0,1,0.0,0.0,0.0,1,0.0,0.0,0.0,1,0.0,1,1,0.0,Fingerprinting,1
0,0.0,0.0,0,0.0,0.0,0.0,2,0.0,1,2,3,0.0,-0.11227262637457826,-0.489013248180181,-0.5725850877823285,0.0,0.0,0.0,0.0,-0.041462984982604485,-0.8888888888888888,-1.0,0.0,-0.14478295061395813,0.0,0.0,0.0,0.0,1,0.0,0.0,0.0,1,0.0,0.0,0.0,1,0.0,1,1,0.0,Fingerprinting,1
0,0.0,0.0,0,8.693328989123106,0.0,0.0,2,0.0,1,2,3,0.0,-0.11227262637457826,-0.489013248180181,-0.5725850877823285,0.0,0.0,0.0,0.0,-0.041462984982604485,-0.8888888888888888,-1.0,0.0,-0.14478295061395813,0.0,0.0,0.0,0.0,1,0.0,0.0,0.0,1,0.0,0.0,0.0,1,0.0,1,1,0.0,Fingerprinting,1
0,0.0,0.0,0,8.988570876215118,0.0,0.0,2,0.0,1,2,3,0.0,-0.11227262637457826,-0.489013248180181,-0.5725850877823285,0.0,0.0,0.0,0.0,-0.041462984982604485,-0.8888888888888888,-1.0,0.0,-0.14478295061395813,0.0,0.0,0.0,0.0,1,0.0,0.0,0.0,1,0.0,0.0,0.0,1,0.0,1,1,0.0,Fingerprinting,1
0,0.0,0.0,0,10.231603544216687,5.54907608489522,0.0,2,0.0,1,2,3,0.0,-0.11227262637457826,-0.489013248180181,-0.5725850877823285,0.0,0.0,0.0,0.0,-0.041462984982604485,-0.8888888888888888,-1.0,0.0,-0.14478295061395813,0.0,0.0,0.0,0.0,1,0.0,0.0,0.0,1,0.0,0.0,0.0,1,0.0,1,1,0.0,Fingerprinting,1
0,0.0,0.0,0,10.302766901557206,5.54907608489522,0.0,2,0.0,1,2,3,0.0,-0.11227262637457826,-0.489013248180181,-0.5725850877823285,0.0,0.0,0.0,0.0,-0.041462984982604485,-0.8888888888888888,-1.0,0.0,-0.14478295061395813,0.0,0.0,0.0,0.0,1,0.0,0.0,0.0,1,0.0,0.0,0.0,1,0.0,1,1,0.0,Fingerprinting,1
0,0.0,0.0,0,9.905984432734716,0.0,0.0,2,0.0,1,2,3,0.0,-0.11227262637457826,-0.489013248180181,-0.5725850877823285,0.0,0.0,0.0,0.0,-0.041462984982604485,-0.8888888888888888,-1.0,0.0,-0.14478295061395813,0.0,0.0,0.0,0.0,1,0.0,0.0,0.0,1,0.0,0.0,0.0,1,0.0,1,1,0.0,Fingerprinting,1
0,0.0,0.0,0,10.526936255584875,0.0,18.153701442565385,2,0.0,1,2,3,0.0,-0.11227262637457826,-0.489013248180181,-0.5725850877823285,0.0,0.0,0.0,0.0,-0.041462984982604485,-0.8888888888888888,-1.0,0.0,-0.14478295061395813,0.0,0.0,0.0,0.0,1,0.0,0.0,0.0,1,0.0,0.0,0.0,1,0.0,1,1,0.0,Fingerprinting,1
0,0.0,0.0,0,9.578726471842927,0.0,0.0,2,0.0,1,2,3,0.0,-0.11227262637457826,-0.489013248180181,-0.5725850877823285,0.0,0.0,0.0,0.0,-0.041462984982604485,-0.8888888888888888,-1.0,0.0,-0.14478295061395813,0.0,0.0,0.0,0.0,1,0.0,0.0,0.0,1,0.0,0.0,0.0,1,0.0,1,1,0.0,Fingerprinting,1
0,0.0,0.0,0,0.0,0.0,0.0,2,0.0,1,2,3,0.0,-0.11227262637457826,-0.489013248180181,0.8579435223108428,0.0,0.0,0.6931471805599453,0.0,1.401594222046065,-0.7777777777777778,-1.0,0.0,-0.14478295061395813,0.0,0.0,0.0,0.0,1,0.0,0.0,0.0,1,0.0,0.0,0.0,1,0.0,1,1,0.0,Fingerprinting,1
0,0.0,0.0,0,0.0,0.0,0.0,2,0.0,1,2,3,0.0,0.0,-0.44623747754062565,-0.5483461473976671,0.0,0.6931471805599453,0.0,0.0,1.0692297529396222,0.2222222222222222,0.0,0.0,0.0,0.0,0.0,0.0,0.0,1,0.0,0.0,0.0,1,0.0,0.0,0.0,1,0.0,1,1,0.0,Fingerprinting,1
0,0.0,0.0,0,0.0,0.0,0.0,2,0.0,1,2,3,0.0,-0.11227262637457826,-0.489013248180181,0.6088476922708438,0.0,0.0,0.6931471805599453,0.0,1.401594222046065,-0.7777777777777778,-1.0,0.0,-0.14478295061395813,0.0,0.0,0.0,0.0,1,0.0,0.0,0.0,1,0.0,0.0,0.0,1,0.0,1,1,0.0,Fingerprinting,1
0,0.0,0.0,0,0.0,0.0,0.0,2,0.0,1,2,3,0.0,0.0,-0.08890935511797624,0.7722210246461163,0.0,0.6931471805599453,0.0,0.0,0.5500066058924561,0.2222222222222222,0.0,0.0,0.0,0.0,0.0,0.0,0.0,1,0.0,0.0,0.0,1,0.0,0.0,0.0,1,0.0,1,1,0.0,Fingerprinting,1
0,0.0,0.0,0,9.099297073182859,0.0,0.0,2,0.0,1,2,3,0.0,-0.11227262637457826,-0.489013248180181,-0.5725850877823285,0.0,0.0,0.0,0.0,-0.041462984982604485,-0.8888888888888888,-1.0,0.0,-0.14478295061395813,0.0,0.0,0.0,0.0,1,0.0,0.0,0.0,1,0.0,0.0,0.0,1,0.0,1,1,0.0,Fingerprinting,1
0,0.0,0.0,0,9.305377787310935,0.0,0.0,2,0.0,1,2,3,0.0,-0.11227262637457826,-0.489013248180181,-0.5725850877823285,0.0,0.0,0.0,0.0,-0.041462984982604485,-0.8888888888888888,-1.0,0.0,-0.14478295061395813,0.0,0.0,0.0,0.0,1,0.0,0.0,0.0,1,0.0,0.0,0.0,1,0.0,1,1,0.0,Fingerprinting,1
0,0.0,0.0,0,10.574746933338044,5.54907608489522,0.0,2,0.0,1,2,3,0.0,-0.11227262637457826,-0.489013248180181,-0.5725850877823285,0.0,0.0,0.0,0.0,-0.041462984982604485,-0.8888888888888888,-1.0,0.0,-0.14478295061395813,0.0,0.0,0.0,0.0,1,0.0,0.0,0.0,1,0.0,0.0,0.0,1,0.0,1,1,0.0,Fingerprinting,1
0,0.0,0.0,0,10.625756546668091,5.54907608489522,0.0,2,0.0,1,2,3,0.0,-0.11227262637457826,-0.489013248180181,-0.5725850877823285,0.0,0.0,0.0,0.0,-0.041462984982604485,-0.8888888888888888,-1.0,0.0,-0.14478295061395813,0.0,0.0,0.0,0.0,1,0.0,0.0,0.0,1,0.0,0.0,0.0,1,0.0,1,1,0.0,Fingerprinting,1
0,0.0,0.0,0,10.327152697288243,0.0,0.0,2,0.0,1,2,3,0.0,-0.11227262637457826,-0.489013248180181,-0.5725850877823285,0.0,0.0,0.0,0.0,-0.041462984982604485,-0.8888888888888888,-1.0,0.0,-0.14478295061395813,0.0,0.0,0.0,0.0,1,0.0,0.0,0.0,1,0.0,0.0,0.0,1,0.0,1,1,0.0,Fingerprinting,1
0,0.0,0.0,0,8.965206802770357,0.0,18.15396249363006,2,0.0,1,2,3,0.0,-0.11227262637457826,-0.489013248180181,-0.5725850877823285,0.0,0.0,0.0,0.0,-0.041462984982604485,-0.8888888888888888,-1.0,0.0,-0.14478295061395813,0.0,0.0,0.0,0.0,1,0.0,0.0,0.0,1,0.0,0.0,0.0,1,0.0,1,1,0.0,Fingerprinting,1
0,0.0,0.0,0,10.127750477118255,0.0,0.0,2,0.0,1,2,3,0.0,-0.11227262637457826,-0.489013248180181,-0.5725850877823285,0.0,0.0,0.0,0.0,-0.041462984982604485,-0.8888888888888888,-1.0,0.0,-0.14478295061395813,0.0,0.0,0.0,0.0,1,0.0,0.0,0.0,1,0.0,0.0,0.0,1,0.0,1,1,0.0,Fingerprinting,1
0,0.0,0.0,0,0.0,0.0,0.0,2,0.0,1,2,3,0.0,-0.11227262637457826,-0.489013248180181,-0.41189432588440994,0.0,0.0,0.6931471805599453,0.0,1.401594222046065,-0.7777777777777778,-1.0,0.0,-0.14478295061395813,0.0,0.0,0.0,0.0,1,0.0,0.0,0.0,1,0.0,0.0,0.0,1,0.0,1,1,0.0,Fingerprinting,1
0,0.0,0.0,0,0.0,0.0,0.0,2,0.0,1,2,3,0.0,0.0,0.050984013887031165,-0.2485209935091375,0.0,0.6931471805599453,0.0,0.0,0.2724930638129211,0.2222222222222222,0.0,0.0,0.0,0.0,0.0,0.0,0.0,1,0.0,0.0,0.0,1,0.0,0.0,0.0,1,0.0,1,1,0.0,Fingerprinting,1
0,0.0,0.0,0,0.0,0.0,0.0,2,0.0,1,2,3,0.0,-0.11227262637457826,-0.489013248180181,0.012526646068357645,0.0,0.0,0.6931471805599453,0.0,1.401594222046065,-0.7777777777777778,-1.0,0.0,-0.14478295061395813,0.0,0.0,0.0,0.0,1,0.0,0.0,0.0,1,0.0,0.0,0.0,1,0.0,1,1,0.0,Fingerprinting,1
0,0.0,0.0,0,0.0,0.0,0.0,2,0.0,1,2,3,0.0,0.0,-0.14776136456040875,0.1758999784436301,0.0,0.6931471805599453,0.0,0.0,0.11355529131985731,0.2222222222222222,0.0,0.0,0.0,0.0,0.0,0.0,0.0,1,0.0,0.0,0.0,1,0.0,0.0,0.0,1,0.0,1,1,0.0,Fingerprinting,1
0,0.0,0.0,0,10.228573785361645,0.0,0.0,2,0.0,1,2,3,0.0,-0.11227262637457826,-0.489013248180181,-0.5725850877823285,0.0,0.0,0.0,0.0,-0.041462984982604485,-0.8888888888888888,-1.0,0.0,-0.14478295061395813,0.0,0.0,0.0,0.0,1,0.0,0.0,0.0,1,0.0,0.0,0.0,1,0.0,1,1,0.0,Fingerprinting,1
0,0.0,0.0,0,10.299945551484317,0.0,0.0,2,0.0,1,2,3,0.0,-0.11227262637457826,-0.489013248180181,-0.5725850877823285,0.0,0.0,0.0,0.0,-0.041462984982604485,-0.8888888888888888,-1.0,0.0,-0.14478295061395813,0.0,0.0,0.0,0.0,1,0.0,0.0,0.0,1,0.0,0.0,0.0,1,0.0,1,1,0.0,Fingerprinting,1
0,0.0,0.0,0,10.378913951950253,5.54907608489522,0.0,2,0.0,1,2,3,0.0,-0.11227262637457826,-0.489013248180181,-0.5725850877823285,0.0,0.0,0.0,0.0,-0.041462984982604485,-0.8888888888888888,-1.0,0.0,-0.14478295061395813,0.0,0.0,0.0,0.0,1,0.0,0.0,0.0,1,0.0,0.0,0.0,1,0.0,1,1,0.0,Fingerprinting,1
0,0.0,0.0,0,10.440623991091917,5.54907608489522,0.0,2,0.0,1,2,3,0.0,-0.11227262637457826,-0.489013248180181,-0.5725850877823285,0.0,0.0,0.0,0.0,-0.041462984982604485,-0.8888888888888888,-1.0,0.0,-0.14478295061395813,0.0,0.0,0.0,0.0,1,0.0,0.0,0.0,1,0.0,0.0,0.0,1,0.0,1,1,0.0,Fingerprinting,1
0,0.0,0.0,0,10.910733540740393,0.0,0.0,2,0.0,1,2,3,0.0,-0.11227262637457826,-0.489013248180181,-0.5725850877823285,0.0,0.0,0.0,0.0,-0.041462984982604485,-0.8888888888888888,-1.0,0.0,-0.14478295061395813,0.0,0.0,0.0,0.0,1,0.0,0.0,0.0,1,0.0,0.0,0.0,1,0.0,1,1,0.0,Fingerprinting,1
0,0.0,0.0,0,9.813891018724371,0.0,18.15405225458729,2,0.0,1,2,3,0.0,-0.11227262637457826,-0.489013248180181,-0.5725850877823285,0.0,0.0,0.0,0.0,-0.041462984982604485,-0.8888888888888888,-1.0,0.0,-0.14478295061395813,0.0,0.0,0.0,0.0,1,0.0,0.0,0.0,1,0.0,0.0,0.0,1,0.0,1,1,0.0,Fingerprinting,1
0,0.0,0.0,0,10.54484131366684,0.0,0.0,2,0.0,1,2,3,0.0,-0.11227262637457826,-0.489013248180181,-0.5725850877823285,0.0,0.0,0.0,0.0,-0.041462984982604485,-0.8888888888888888,-1.0,0.0,-0.14478295061395813,0.0,0.0,0.0,0.0,1,0.0,0.0,0.0,1,0.0,0.0,0.0,1,0.0,1,1,0.0,Fingerprinting,1
0,0.0,0.0,0,0.0,0.0,0.0,2,0.0,1,2,3,0.0,-0.11227262637457826,-0.489013248180181,0.875308375847285,0.0,0.0,0.6931471805599453,0.0,1.401594222046065,-0.7777777777777778,-1.0,0.0,-0.14478295061395813,0.0,0.0,0.0,0.0,1,0.0,0.0,0.0,1,0.0,0.0,0.0,1,0.0,1,1,0.0,Fingerprinting,1
0,0.0,0.0,0,0.0,0.0,0.0,2,0.0,1,2,3,0.0,0.0,0.10333972282677586,-0.5309812938612248,0.0,0.6931471805599453,0.0,0.0,0.29352182146474654,0.2222222222222222,0.0,0.0,0.0,0.0,0.0,0.0,0.0,1,0.0,0.0,0.0,1,0.0,0.0,0.0,1,0.0,1,1,0.0,Fingerprinting,1
0,0.0,0.0,0,8.332789468417959,0.0,0.0,2,0.0,1,2,3,0.0,-0.11227262637457826,-0.489013248180181,-0.5725850877823285,0.0,0.0,0.0,0.0,-0.041462984982604485,-0.8888888888888888,-1.0,0.0,-0.14478295061395813,0.0,0.0,0.0,0.0,1,0.0,0.0,0.0,1,0.0,0.0,0.0,1,0.0,1,1,0.0,Fingerprinting,1
0,0.0,0.0,0,8.733271845008325,0.0,0.0,2,0.0,1,2,3,0.0,-0.11227262637457826,-0.489013248180181,-0.5725850877823285,0.0,0.0,0.0,0.0,-0.041462984982604485,-0.8888888888888888,-1.0,0.0,-0.14478295061395813,0.0,0.0,0.0,0.0,1,0.0,0.0,0.0,1,0.0,0.0,0.0,1,0.0,1,1,0.0,Fingerprinting,1
0,0.0,0.0,0,8.27614021955846,5.54907608489522,0.0,2,0.0,1,2,3,0.0,-0.11227262637457826,-0.489013248180181,-0.5725850877823285,0.0,0.0,0.0,0.0,-0.041462984982604485,-0.8888888888888888,-1.0,0.0,-0.14478295061395813,0.0,0.0,0.0,0.0,1,0.0,0.0,0.0,1,0.0,0.0,0.0,1,0.0,1,1,0.0,Fingerprinting,1
0,0.0,0.0,0,8.695674048824253,5.54907608489522,0.0,2,0.0,1,2,3,0.0,-0.11227262637457826,-0.489013248180181,-0.5725850877823285,0.0,0.0,0.0,0.0,-0.041462984982604485,-0.8888888888888888,-1.0,0.0,-0.14478295061395813,0.0,0.0,0.0,0.0,1,0.0,0.0,0.0,1,0.0,0.0,0.0,1,0.0,1,1,0.0,Fingerprinting,1
0,0.0,0.0,0,9.794899612119229,0.0,0.0,2,0.0,1,2,3,0.0,-0.11227262637457826,-0.489013248180181,-0.5725850877823285,0.0,0.0,0.0,0.0,-0.041462984982604485,-0.8888888888888888,-1.0,0.0,-0.14478295061395813,0.0,0.0,0.0,0.0,1,0.0,0.0,0.0,1,0.0,0.0,0.0,1,0.0,1,1,0.0,Fingerprinting,1
0,0.0,0.0,0,10.291535186607224,0.0,18.154166614694702,2,0.0,1,2,3,0.0,-0.11227262637457826,-0.489013248180181,-0.5725850877823285,0.0,0.0,0.0,0.0,-0.041462984982604485,-0.8888888888888888,-1.0,0.0,-0.14478295061395813,0.0,0.0,0.0,0.0,1,0.0,0.0,0.0,1,0.0,0.0,0.0,1,0.0,1,1,0.0,Fingerprinting,1
0,0.0,0.0,0,10.481195822829712,0.0,0.0,2,0.0,1,2,3,0.0,-0.11227262637457826,-0.489013248180181,-0.5725850877823285,0.0,0.0,0.0,0.0,-0.041462984982604485,-0.8888888888888888,-1.0,0.0,-0.14478295061395813,0.0,0.0,0.0,0.0,1,0.0,0.0,0.0,1,0.0,0.0,0.0,1,0.0,1,1,0.0,Fingerprinting,1
0,0.0,0.0,0,0.0,0.0,0.0,2,0.0,1,2,3,0.0,-0.11227262637457826,-0.489013248180181,-0.10735072213839189,0.0,0.0,0.6931471805599453,0.0,1.401594222046065,-0.7777777777777778,-1.0,0.0,-0.14478295061395813,0.0,0.0,0.0,0.0,1,0.0,0.0,0.0,1,0.0,0.0,0.0,1,0.0,1,1,0.0,Fingerprinting,1
0,0.0,0.0,0,0.0,0.0,0.0,2,0.0,1,2,3,0.0,0.0,-0.22293337271122834,0.05602261023688055,0.0,0.6931471805599453,0.0,0.0,0.32031972519487384,0.2222222222222222,0.0,0.0,0.0,0.0,0.0,0.0,0.0,1,0.0,0.0,0.0,1,0.0,0.0,0.0,1,0.0,1,1,0.0,Fingerprinting,1
0,0.0,0.0,0,0.0,0.0,0.0,2,0.0,1,2,3,0.0,-0.11227262637457826,-0.489013248180181,-0.2266532538142799,0.0,0.0,0.6931471805599453,0.0,1.401594222046065,-0.7777777777777778,-1.0,0.0,-0.14478295061395813,0.0,0.0,0.0,0.0,1,0.0,0.0,0.0,1,0.0,0.0,0.0,1,0.0,1,1,0.0,Fingerprinting,1
0,0.0,0.0,0,0.0,0.0,0.0,2,0.0,1,2,3,0.0,0.0,-0.3172288052280985,-0.06327992143900744,0.0,0.6931471805599453,0.0,0.0,0.8545822874003611,0.2222222222222222,0.0,0.0,0.0,0.0,0.0,0.0,0.0,1,0.0,0.0,0.0,1,0.0,0.0,0.0,1,0.0,1,1,0.0,Fingerprinting,1
0,0.0,0.0,0,9.901084667919818,0.0,0.0,2,0.0,1,2,3,0.0,-0.11227262637457826,-0.489013248180181,-0.5725850877823285,0.0,0.0,0.0,0.0,-0.041462984982604485,-0.8888888888888888,-1.0,0.0,-0.14478295061395813,0.0,0.0,0.0,0.0,1,0.0,0.0,0.0,1,0.0,0.0,0.0,1,0.0,1,1,0.0,Fingerprinting,1
0,0.0,0.0,0,9.998797732340453,0.0,0.0,2,0.0,1,2,3,0.0,-0.11227262637457826,-0.489013248180181,-0.5725850877823285,0.0,0.0,0.0,0.0,-0.041462984982604485,-0.8888888888888888,-1.0,0.0,-0.14478295061395813,0.0,0.0,0.0,0.0,1,0.0,0.0,0.0,1,0.0,0.0,0.0,1,0.0,1,1,0.0,Fingerprinting,1
0,0.0,0.0,0,10.188215265161473,5.54907608489522,0.0,2,0.0,1,2,3,0.0,-0.11227262637457826,-0.489013248180181,-0.5725850877823285,0.0,0.0,0.0,0.0,-0.041462984982604485,-0.8888888888888888,-1.0,0.0,-0.14478295061395813,0.0,0.0,0.0,0.0,1,0.0,0.0,0.0,1,0.0,0.0,0.0,1,0.0,1,1,0.0,Fingerprinting,1
0,0.0,0.0,0,10.262419946516076,5.54907608489522,0.0,2,0.0,1,2,3,0.0,-0.11227262637457826,-0.489013248180181,-0.5725850877823285,0.0,0.0,0.0,0.0,-0.041462984982604485,-0.8888888888888888,-1.0,0.0,-0.14478295061395813,0.0,0.0,0.0,0.0,1,0.0,0.0,0.0,1,0.0,0.0,0.0,1,0.0,1,1,0.0,Fingerprinting,1
0,0.0,0.0,0,10.489383542349097,0.0,0.0,2,0.0,1,2,3,0.0,-0.11227262637457826,-0.489013248180181,-0.5725850877823285,0.0,0.0,0.0,0.0,-0.041462984982604485,-0.8888888888888888,-1.0,0.0,-0.14478295061395813,0.0,0.0,0.0,0.0,1,0.0,0.0,0.0,1,0.0,0.0,0.0,1,0.0,1,1,0.0,Fingerprinting,1
0,0.0,0.0,0,10.129506964595802,0.0,18.15431280948349,2,0.0,1,2,3,0.0,-0.11227262637457826,-0.489013248180181,-0.5725850877823285,0.0,0.0,0.0,0.0,-0.041462984982604485,-0.8888888888888888,-1.0,0.0,-0.14478295061395813,0.0,0.0,0.0,0.0,1,0.0,0.0,0.0,1,0.0,0.0,0.0,1,0.0,1,1,0.0,Fingerprinting,1
0,0.0,0.0,0,11.05814930705526,0.0,0.0,2,0.0,1,2,3,0.0,-0.11227262637457826,-0.489013248180181,-0.5725850877823285,0.0,0.0,0.0,0.0,-0.041462984982604485,-0.8888888888888888,-1.0,0.0,-0.14478295061395813,0.0,0.0,0.0,0.0,1,0.0,0.0,0.0,1,0.0,0.0,0.0,1,0.0,1,1,0.0,Fingerprinting,1
0,0.0,0.0,0,0.0,0.0,0.0,2,0.0,1,2,3,0.0,-0.11227262637457826,-0.489013248180181,-0.07824962276352662,0.0,0.0,0.6931471805599453,0.0,1.401594222046065,-0.7777777777777778,-1.0,0.0,-0.14478295061395813,0.0,0.0,0.0,0.0,1,0.0,0.0,0.0,1,0.0,0.0,0.0,1,0.0,1,1,0.0,Fingerprinting,1
0,0.0,0.0,0,0.0,0.0,0.0,2,0.0,1,2,3,0.0,0.0,0.2638792186770267,0.08512370961174583,0.0,0.6931471805599453,0.0,0.0,0.8981371383273881,0.2222222222222222,0.0,0.0,0.0,0.0,0.0,0.0,0.0,1,0.0,0.0,0.0,1,0.0,0.0,0.0,1,0.0,1,1,0.0,Fingerprinting,1
0,0.0,0.0,0,0.0,0.0,0.0,2,0.0,1,2,3,0.0,-0.11227262637457826,-0.489013248180181,0.043424109602165216,0.0,0.0,0.6931471805599453,0.0,1.401594222046065,-0.7777777777777778,-1.0,0.0,-0.14478295061395813,0.0,0.0,0.0,0.0,1,0.0,0.0,0.0,1,0.0,0.0,0.0,1,0.0,1,1,0.0,Fingerprinting,1
0,0.0,0.0,0,0.0,0.0,0.0,2,0.0,1,2,3,0.0,0.0,0.06396626006854232,0.20679744197743766,0.0,0.6931471805599453,0.0,0.0,1.3983793543841105,0.2222222222222222,0.0,0.0,0.0,0.0,0.0,0.0,0.0,1,0.0,0.0,0.0,1,0.0,0.0,0.0,1,0.0,1,1,0.0,Fingerprinting,1
0,0.0,0.0,0,10.178692103476797,0.0,0.0,2,0.0,1,2,3,0.0,-0.11227262637457826,-0.489013248180181,-0.5725850877823285,0.0,0.0,0.0,0.0,-0.041462984982604485,-0.8888888888888888,-1.0,0.0,-0.14478295061395813,0.0,0.0,0.0,0.0,1,0.0,0.0,0.0,1,0.0,0.0,0.0,1,0.0,1,1,0.0,Fingerprinting,1
0,0.0,0.0,0,10.253580885109306,0.0,0.0,2,0.0,1,2,3,0.0,-0.11227262637457826,-0.489013248180181,-0.5725850877823285,0.0,0.0,0.0,0.0,-0.041462984982604485,-0.8888888888888888,-1.0,0.0,-0.14478295061395813,0.0,0.0,0.0,0.0,1,0.0,0.0,0.0,1,0.0,0.0,0.0,1,0.0,1,1,0.0,Fingerprinting,1
0,0.0,0.0,0,11.058243851822278,5.54907608489522,0.0,2,0.0,1,2,3,0.0,-0.11227262637457826,-0.489013248180181,-0.5725850877823285,0.0,0.0,0.0,0.0,-0.041462984982604485,-0.8888888888888888,-1.0,0.0,-0.14478295061395813,0.0,0.0,0.0,0.0,1,0.0,0.0,0.0,1,0.0,0.0,0.0,1,0.0,1,1,0.0,Fingerprinting,1
0,0.0,0.0,0,11.09000387521257,5.54907608489522,0.0,2,0.0,1,2,3,0.0,-0.11227262637457826,-0.489013248180181,-0.5725850877823285,0.0,0.0,0.0,0.0,-0.041462984982604485,-0.8888888888888888,-1.0,0.0,-0.14478295061395813,0.0,0.0,0.0,0.0,1,0.0,0.0,0.0,1,0.0,0.0,0.0,1,0.0,1,1,0.0,Fingerprinting,1
0,0.0,0.0,0,10.877801879428592,0.0,0.0,2,0.0,1,2,3,0.0,-0.11227262637457826,-0.489013248180181,-0.5725850877823285,0.0,0.0,0.0,0.0,-0.041462984982604485,-0.8888888888888888,-1.0,0.0,-0.14478295061395813,0.0,0.0,0.0,0.0,1,0.0,0.0,0.0,1,0.0,0.0,0.0,1,0.0,1,1,0.0,Fingerprinting,1
0,0.0,0.0,0,10.274464730185619,0.0,18.154398584547913,2,0.0,1,2,3,0.0,-0.11227262637457826,-0.489013248180181,-0.5725850877823285,0.0,0.0,0.0,0.0,-0.041462984982604485,-0.8888888888888888,-1.0,0.0,-0.14478295061395813,0.0,0.0,0.0,0.0,1,0.0,0.0,0.0,1,0.0,0.0,0.0,1,0.0,1,1,0.0,Fingerprinting,1
0,0.0,0.0,0,10.968198289528557,0.0,0.0,2,0.0,1,2,3,0.0,-0.11227262637457826,-0.489013248180181,-0.5725850877823285,0.0,0.0,0.0,0.0,-0.041462984982604485,-0.8888888888888888,-1.0,0.0,-0.14478295061395813,0.0,0.0,0.0,0.0,1,0.0,0.0,0.0,1,0.0,0.0,0.0,1,0.0,1,1,0.0,Fingerprinting,1
0,0.0,0.0,0,0.0,0.0,0.0,2,0.0,1,2,3,0.0,-0.11227262637457826,-0.489013248180181,-0.0025628128667576824,0.0,0.0,0.6931471805599453,0.0,1.401594222046065,-0.7777777777777778,-1.0,0.0,-0.14478295061395813,0.0,0.0,0.0,0.0,1,0.0,0.0,0.0,1,0.0,0.0,0.0,1,0.0,1,1,0.0,Fingerprinting,1
0,0.0,0.0,0,0.0,0.0,0.0,2,0.0,1,2,3,0.0,0.0,-0.29110208434038604,0.16081051950851477,0.0,0.6931471805599453,0.0,0.0,1.0356497996212621,0.2222222222222222,0.0,0.0,0.0,0.0,0.0,0.0,0.0,1,0.0,0.0,0.0,1,0.0,0.0,0.0,1,0.0,1,1,0.0,Fingerprinting,1
0,0.0,0.0,0,0.0,0.0,0.0,2,0.0,1,2,3,0.0,-0.11227262637457826,-0.489013248180181,0.8508059687193121,0.0,0.0,0.6931471805599453,0.0,1.401594222046065,-0.7777777777777778,-1.0,0.0,-0.14478295061395813,0.0,0.0,0.0,0.0,1,0.0,0.0,0.0,1,0.0,0.0,0.0,1,0.0,1,1,0.0,Fingerprinting,1
0,0.0,0.0,0,0.0,0.0,0.0,2,0.0,1,2,3,0.0,0.0,-0.3515913274261151,-0.5554837009891979,0.0,0.6931471805599453,0.0,0.0,1.0910071784031357,0.2222222222222222,0.0,0.0,0.0,0.0,0.0,0.0,0.0,1,0.0,0.0,0.0,1,0.0,0.0,0.0,1,0.0,1,1,0.0,Fingerprinting,1
0,0.0,0.0,0,9.497397249034046,0.0,0.0,2,0.0,1,2,3,0.0,-0.11227262637457826,-0.489013248180181,-0.5725850877823285,0.0,0.0,0.0,0.0,-0.041462984982604485,-0.8888888888888888,-1.0,0.0,-0.14478295061395813,0.0,0.0,0.0,0.0,1,0.0,0.0,0.0,1,0.0,0.0,0.0,1,0.0,1,1,0.0,Fingerprinting,1
0,0.0,0.0,0,9.640368002912599,0.0,0.0,2,0.0,1,2,3,0.0,-0.11227262637457826,-0.489013248180181,-0.5725850877823285,0.0,0.0,0.0,0.0,-0.041462984982604485,-0.8888888888888888,-1.0,0.0,-0.14478295061395813,0.0,0.0,0.0,0.0,1,0.0,0.0,0.0,1,0.0,0.0,0.0,1,0.0,1,1,0.0,Fingerprinting,1
0,0.0,0.0,0,10.994655534315001,5.54907608489522,0.0,2,0.0,1,2,3,0.0,-0.11227262637457826,-0.489013248180181,-0.5725850877823285,0.0,0.0,0.0,0.0,-0.041462984982604485,-0.8888888888888888,-1.0,0.0,-0.14478295061395813,0.0,0.0,0.0,0.0,1,0.0,0.0,0.0,1,0.0,0.0,0.0,1,0.0,1,1,0.0,Fingerprinting,1
0,0.0,0.0,0,11.028465849634443,5.54907608489522,0.0,2,0.0,1,2,3,0.0,-0.11227262637457826,-0.489013248180181,-0.5725850877823285,0.0,0.0,0.0,0.0,-0.041462984982604485,-0.8888888888888888,-1.0,0.0,-0.14478295061395813,0.0,0.0,0.0,0.0,1,0.0,0.0,0.0,1,0.0,0.0,0.0,1,0.0,1,1,0.0,Fingerprinting,1
0,0.0,0.0,0,8.10349427838097,0.0,0.0,2,0.0,1,2,3,0.0,-0.11227262637457826,-0.489013248180181,-0.5725850877823285,0.0,0.0,0.0,0.0,-0.041462984982604485,-0.8888888888888888,-1.0,0.0,-0.14478295061395813,0.0,0.0,0.0,0.0,1,0.0,0.0,0.0,1,0.0,0.0,0.0,1,0.0,1,1,0.0,Fingerprinting,1
0,0.0,0.0,0,10.371770953036444,0.0,18.154482707965183,2,0.0,1,2,3,0.0,-0.11227262637457826,-0.489013248180181,-0.5725850877823285,0.0,0.0,0.0,0.0,-0.041462984982604485,-0.8888888888888888,-1.0,0.0,-0.14478295061395813,0.0,0.0,0.0,0.0,1,0.0,0.0,0.0,1,0.0,0.0,0.0,1,0.0,1,1,0.0,Fingerprinting,1
0,0.0,0.0,0,10.76004951120163,0.0,0.0,2,0.0,1,2,3,0.0,-0.11227262637457826,-0.489013248180181,-0.5725850877823285,0.0,0.0,0.0,0.0,-0.041462984982604485,-0.8888888888888888,-1.0,0.0,-0.14478295061395813,0.0,0.0,0.0,0.0,1,0.0,0.0,0.0,1,0.0,0.0,0.0,1,0.0,1,1,0.0,Fingerprinting,1
0,0.0,0.0,0,0.0,0.0,0.0,2,0.0,1,2,3,0.0,-0.11227262637457826,-0.489013248180181,0.2595865967282221,0.0,0.0,0.6931471805599453,0.0,1.401594222046065,-0.7777777777777778,-1.0,0.0,-0.14478295061395813,0.0,0.0,0.0,0.0,1,0.0,0.0,0.0,1,0.0,0.0,0.0,1,0.0,1,1,0.0,Fingerprinting,1
0,0.0,0.0,0,0.0,0.0,0.0,2,0.0,1,2,3,0.0,0.0,0.22632243144281639,0.4229599291034945,0.0,0.6931471805599453,0.0,0.0,1.27425463513454,0.2222222222222222,0.0,0.0,0.0,0.0,0.0,0.0,0.0,1,0.0,0.0,0.0,1,0.0,0.0,0.0,1,0.0,1,1,0.0,Fingerprinting,1
0,0.0,0.0,0,7.994632311431825,0.0,0.0,2,0.0,1,2,3,0.0,-0.11227262637457826,-0.489013248180181,-0.5725850877823285,0.0,0.0,0.0,0.0,-0.041462984982604485,-0.8888888888888888,-1.0,0.0,-0.14478295061395813,0.0,0.0,0.0,0.0,1,0.0,0.0,0.0,1,0.0,0.0,0.0,1,0.0,1,1,0.0,Fingerprinting,1
0,0.0,0.0,0,8.519789817263504,0.0,0.0,2,0.0,1,2,3,0.0,-0.11227262637457826,-0.489013248180181,-0.5725850877823285,0.0,0.0,0.0,0.0,-0.041462984982604485,-0.8888888888888888,-1.0,0.0,-0.14478295061395813,0.0,0.0,0.0,0.0,1,0.0,0.0,0.0,1,0.0,0.0,0.0,1,0.0,1,1,0.0,Fingerprinting,1
0,0.0,0.0,0,10.54368216814334,5.54907608489522,0.0,2,0.0,1,2,3,0.0,-0.11227262637457826,-0.489013248180181,-0.5725850877823285,0.0,0.0,0.0,0.0,-0.041462984982604485,-0.8888888888888888,-1.0,0.0,-0.14478295061395813,0.0,0.0,0.0,0.0,1,0.0,0.0,0.0,1,0.0,0.0,0.0,1,0.0,1,1,0.0,Fingerprinting,1
0,0.0,0.0,0,10.59625966276599,5.54907608489522,0.0,2,0.0,1,2,3,0.0,-0.11227262637457826,-0.489013248180181,-0.5725850877823285,0.0,0.0,0.0,0.0,-0.041462984982604485,-0.8888888888888888,-1.0,0.0,-0.14478295061395813,0.0,0.0,0.0,0.0,1,0.0,0.0,0.0,1,0.0,0.0,0.0,1,0.0,1,1,0.0,Fingerprinting,1
0,0.0,0.0,0,10.618714178238953,0.0,0.0,2,0.0,1,2,3,0.0,-0.11227262637457826,-0.489013248180181,-0.5725850877823285,0.0,0.0,0.0,0.0,-0.041462984982604485,-0.8888888888888888,-1.0,0.0,-0.14478295061395813,0.0,0.0,0.0,0.0,1,0.0,0.0,0.0,1,0.0,0.0,0.0,1,0.0,1,1,0.0,Fingerprinting,1
0,0.0,0.0,0,10.958322093858342,0.0,18.154561670002398,2,0.0,1,2,3,0.0,-0.11227262637457826,-0.489013248180181,-0.5725850877823285,0.0,0.0,0.0,0.0,-0.041462984982604485,-0.8888888888888888,-1.0,0.0,-0.14478295061395813,0.0,0.0,0.0,0.0,1,0.0,0.0,0.0,1,0.0,0.0,0.0,1,0.0,1,1,0.0,Fingerprinting,1
0,0.0,0.0,0,10.22759798160146,0.0,0.0,2,0.0,1,2,3,0.0,-0.11227262637457826,-0.489013248180181,-0.5725850877823285,0.0,0.0,0.0,0.0,-0.041462984982604485,-0.8888888888888888,-1.0,0.0,-0.14478295061395813,0.0,0.0,0.0,0.0,1,0.0,0.0,0.0,1,0.0,0.0,0.0,1,0.0,1,1,0.0,Fingerprinting,1
0,0.0,0.0,0,0.0,0.0,0.0,2,0.0,1,2,3,0.0,-0.11227262637457826,-0.489013248180181,0.6453019089363129,0.0,0.0,0.6931471805599453,0.0,1.401594222046065,-0.7777777777777778,-1.0,0.0,-0.14478295061395813,0.0,0.0,0.0,0.0,1,0.0,0.0,0.0,1,0.0,0.0,0.0,1,0.0,1,1,0.0,Fingerprinting,1
0,0.0,0.0,0,0.0,0.0,0.0,2,0.0,1,2,3,0.0,0.0,-0.24368977986388068,0.8086752413115853,0.0,0.6931471805599453,0.0,0.0,0.1158673536794821,0.2222222222222222,0.0,0.0,0.0,0.0,0.0,0.0,0.0,1,0.0,0.0,0.0,1,0.0,0.0,0.0,1,0.0,1,1,0.0,Fingerprinting,1
0,0.0,0.0,0,10.16892401604059,0.0,0.0,2,0.0,1,2,3,0.0,-0.11227262637457826,-0.489013248180181,-0.5725850877823285,0.0,0.0,0.0,0.0,-0.041462984982604485,-0.8888888888888888,-1.0,0.0,-0.14478295061395813,0.0,0.0,0.0,0.0,1,0.0,0.0,0.0,1,0.0,0.0,0.0,1,0.0,1,1,0.0,Fingerprinting,1
0,0.0,0.0,0,10.244520800484903,0.0,0.0,2,0.0,1,2,3,0.0,-0.11227262637457826,-0.489013248180181,-0.5725850877823285,0.0,0.0,0.0,0.0,-0.041462984982604485,-0.8888888888888888,-1.0,0.0,-0.14478295061395813,0.0,0.0,0.0,0.0,1,0.0,0.0,0.0,1,0.0,0.0,0.0,1,0.0,1,1,0.0,Fingerprinting,1
0,0.0,0.0,0,10.932839076694297,5.54907608489522,0.0,2,0.0,1,2,3,0.0,-0.11227262637457826,-0.489013248180181,-0.5725850877823285,0.0,0.0,0.0,0.0,-0.041462984982604485,-0.8888888888888888,-1.0,0.0,-0.14478295061395813,0.0,0.0,0.0,0.0,1,0.0,0.0,0.0,1,0.0,0.0,0.0,1,0.0,1,1,0.0,Fingerprinting,1
0,0.0,0.0,0,10.968767093246287,5.54907608489522,0.0,2,0.0,1,2,3,0.0,-0.11227262637457826,-0.489013248180181,-0.5725850877823285,0.0,0.0,0.0,0.0,-0.041462984982604485,-0.8888888888888888,-1.0,0.0,-0.14478295061395813,0.0,0.0,0.0,0.0,1,0.0,0.0,0.0,1,0.0,0.0,0.0,1,0.0,1,1,0.0,Fingerprinting,1
0,0.0,0.0,0,10.13193700264052,0.0,0.0,2,0.0,1,2,3,0.0,-0.11227262637457826,-0.489013248180181,-0.5725850877823285,0.0,0.0,0.0,0.0,-0.041462984982604485,-0.8888888888888888,-1.0,0.0,-0.14478295061395813,0.0,0.0,0.0,0.0,1,0.0,0.0,0.0,1,0.0,0.0,0.0,1,0.0,1,1,0.0,Fingerprinting,1
0,0.0,0.0,0,10.39616957206583,0.0,18.15461997080719,2,0.0,1,2,3,0.0,-0.11227262637457826,-0.489013248180181,-0.5725850877823285,0.0,0.0,0.0,0.0,-0.041462984982604485,-0.8888888888888888,-1.0,0.0,-0.14478295061395813,0.0,0.0,0.0,0.0,1,0.0,0.0,0.0,1,0.0,0.0,0.0,1,0.0,1,1,0.0,Fingerprinting,1
0,0.0,0.0,0,10.048756045127371,0.0,0.0,2,0.0,1,2,3,0.0,-0.11227262637457826,-0.489013248180181,-0.5725850877823285,0.0,0.0,0.0,0.0,-0.041462984982604485,-0.8888888888888888,-1.0,0.0,-0.14478295061395813,0.0,0.0,0.0,0.0,1,0.0,0.0,0.0,1,0.0,0.0,0.0,1,0.0,1,1,0.0,Fingerprinting,1
0,0.0,0.0,0,0.0,0.0,0.0,2,0.0,1,2,3,0.0,-0.11227262637457826,-0.489013248180181,0.138823022203061,0.0,0.0,0.6931471805599453,0.0,1.401594222046065,-0.7777777777777778,-1.0,0.0,-0.14478295061395813,0.0,0.0,0.0,0.0,1,0.0,0.0,0.0,1,0.0,0.0,0.0,1,0.0,1,1,0.0,Fingerprinting,1
0,0.0,0.0,0,0.0,0.0,0.0,2,0.0,1,2,3,0.0,0.0,-0.2681446384763149,0.30219635457833344,0.0,0.6931471805599453,0.0,0.0,0.8901660280970626,0.2222222222222222,0.0,0.0,0.0,0.0,0.0,0.0,0.0,1,0.0,0.0,0.0,1,0.0,0.0,0.0,1,0.0,1,1,0.0,Fingerprinting,1
0,0.0,0.0,0,0.0,0.0,0.0,2,0.0,1,2,3,0.0,-0.11227262637457826,-0.489013248180181,0.13302675385020718,0.0,0.0,0.6931471805599453,0.0,1.401594222046065,-0.7777777777777778,-1.0,0.0,-0.14478295061395813,0.0,0.0,0.0,0.0,1,0.0,0.0,0.0,1,0.0,0.0,0.0,1,0.0,1,1,0.0,Fingerprinting,1
0,0.0,0.0,0,0.0,0.0,0.0,2,0.0,1,2,3,0.0,0.0,0.3350849966889772,0.29640008622547964,0.0,0.6931471805599453,0.0,0.0,-0.014466904478795084,0.2222222222222222,0.0,0.0,0.0,0.0,0.0,0.0,0.0,1,0.0,0.0,0.0,1,0.0,0.0,0.0,1,0.0,1,1,0.0,Fingerprinting,1
0,0.0,0.0,0,8.357493812658563,0.0,0.0,2,0.0,1,2,3,0.0,-0.11227262637457826,-0.489013248180181,-0.5725850877823285,0.0,0.0,0.0,0.0,-0.041462984982604485,-0.8888888888888888,-1.0,0.0,-0.14478295061395813,0.0,0.0,0.0,0.0,1,0.0,0.0,0.0,1,0.0,0.0,0.0,1,0.0,1,1,0.0,Fingerprinting,1
0,0.0,0.0,0,8.749890955535259,0.0,0.0,2,0.0,1,2,3,0.0,-0.11227262637457826,-0.489013248180181,-0.5725850877823285,0.0,0.0,0.0,0.0,-0.041462984982604485,-0.8888888888888888,-1.0,0.0,-0.14478295061395813,0.0,0.0,0.0,0.0,1,0.0,0.0,0.0,1,0.0,0.0,0.0,1,0.0,1,1,0.0,Fingerprinting,1
0,0.0,0.0,0,10.8442172062873,5.54907608489522,0.0,2,0.0,1,2,3,0.0,-0.11227262637457826,-0.489013248180181,-0.5725850877823285,0.0,0.0,0.0,0.0,-0.041462984982604485,-0.8888888888888888,-1.0,0.0,-0.14478295061395813,0.0,0.0,0.0,0.0,1,0.0,0.0,0.0,1,0.0,0.0,0.0,1,0.0,1,1,0.0,Fingerprinting,1
0,0.0,0.0,0,10.883410144655057,5.54907608489522,0.0,2,0.0,1,2,3,0.0,-0.11227262637457826,-0.489013248180181,-0.5725850877823285,0.0,0.0,0.0,0.0,-0.041462984982604485,-0.8888888888888888,-1.0,0.0,-0.14478295061395813,0.0,0.0,0.0,0.0,1,0.0,0.0,0.0,1,0.0,0.0,0.0,1,0.0,1,1,0.0,Fingerprinting,1
0,0.0,0.0,0,10.705578820085252,0.0,0.0,2,0.0,1,2,3,0.0,-0.11227262637457826,-0.489013248180181,-0.5725850877823285,0.0,0.0,0.0,0.0,-0.041462984982604485,-0.8888888888888888,-1.0,0.0,-0.14478295061395813,0.0,0.0,0.0,0.0,1,0.0,0.0,0.0,1,0.0,0.0,0.0,1,0.0,1,1,0.0,Fingerprinting,1
0,0.0,0.0,0,9.567944883732848,0.0,18.15572177514916,2,0.0,1,2,3,0.0,-0.11227262637457826,-0.489013248180181,-0.5725850877823285,0.0,0.0,0.0,0.0,-0.041462984982604485,-0.8888888888888888,-1.0,0.0,-0.14478295061395813,0.0,0.0,0.0,0.0,1,0.0,0.0,0.0,1,0.0,0.0,0.0,1,0.0,1,1,0.0,Fingerprinting,1
0,0.0,0.0,0,10.334360464578825,0.0,0.0,2,0.0,1,2,3,0.0,-0.11227262637457826,-0.489013248180181,-0.5725850877823285,0.0,0.0,0.0,0.0,-0.041462984982604485,-0.8888888888888888,-1.0,0.0,-0.14478295061395813,0.0,0.0,0.0,0.0,1,0.0,0.0,0.0,1,0.0,0.0,0.0,1,0.0,1,1,0.0,Fingerprinting,1
0,0.0,0.0,0,0.0,0.0,0.0,2,0.0,1,2,3,0.0,-0.11227262637457826,-0.489013248180181,0.5446097099470671,0.0,0.0,0.6931471805599453,0.0,1.401594222046065,-0.7777777777777778,-1.0,0.0,-0.14478295061395813,0.0,0.0,0.0,0.0,1,0.0,0.0,0.0,1,0.0,0.0,0.0,1,0.0,1,1,0.0,Fingerprinting,1
0,0.0,0.0,0,0.0,0.0,0.0,2,0.0,1,2,3,0.0,0.0,0.03376241327929861,0.7079830423223396,0.0,0.6931471805599453,0.0,0.0,1.392257894041485,0.2222222222222222,0.0,0.0,0.0,0.0,0.0,0.0,0.0,1,0.0,0.0,0.0,1,0.0,0.0,0.0,1,0.0,1,1,0.0,Fingerprinting,1
0,0.0,0.0,0,9.644716823578767,0.0,0.0,2,0.0,1,2,3,0.0,-0.11227262637457826,-0.489013248180181,-0.5725850877823285,0.0,0.0,0.0,0.0,-0.041462984982604485,-0.8888888888888888,-1.0,0.0,-0.14478295061395813,0.0,0.0,0.0,0.0,1,0.0,0.0,0.0,1,0.0,0.0,0.0,1,0.0,1,1,0.0,Fingerprinting,1
0,0.0,0.0,0,9.76927021041632,0.0,0.0,2,0.0,1,2,3,0.0,-0.11227262637457826,-0.489013248180181,-0.5725850877823285,0.0,0.0,0.0,0.0,-0.041462984982604485,-0.8888888888888888,-1.0,0.0,-0.14478295061395813,0.0,0.0,0.0,0.0,1,0.0,0.0,0.0,1,0.0,0.0,0.0,1,0.0,1,1,0.0,Fingerprinting,1
0,0.0,0.0,0,10.95546235835288,5.54907608489522,0.0,2,0.0,1,2,3,0.0,-0.11227262637457826,-0.489013248180181,-0.5725850877823285,0.0,0.0,0.0,0.0,-0.041462984982604485,-0.8888888888888888,-1.0,0.0,-0.14478295061395813,0.0,0.0,0.0,0.0,1,0.0,0.0,0.0,1,0.0,0.0,0.0,1,0.0,1,1,0.0,Fingerprinting,1
0,0.0,0.0,0,10.990600644811217,5.54907608489522,0.0,2,0.0,1,2,3,0.0,-0.11227262637457826,-0.489013248180181,-0.5725850877823285,0.0,0.0,0.0,0.0,-0.041462984982604485,-0.8888888888888888,-1.0,0.0,-0.14478295061395813,0.0,0.0,0.0,0.0,1,0.0,0.0,0.0,1,0.0,0.0,0.0,1,0.0,1,1,0.0,Fingerprinting,1
0,0.0,0.0,0,9.718482398112972,0.0,0.0,2,0.0,1,2,3,0.0,-0.11227262637457826,-0.489013248180181,-0.5725850877823285,0.0,0.0,0.0,0.0,-0.041462984982604485,-0.8888888888888888,-1.0,0.0,-0.14478295061395813,0.0,0.0,0.0,0.0,1,0.0,0.0,0.0,1,0.0,0.0,0.0,1,0.0,1,1,0.0,Fingerprinting,1
0,0.0,0.0,0,7.53689712956617,0.0,18.156047410092935,2,0.0,1,2,3,0.0,-0.11227262637457826,-0.489013248180181,-0.5725850877823285,0.0,0.0,0.0,0.0,-0.041462984982604485,-0.8888888888888888,-1.0,0.0,-0.14478295061395813,0.0,0.0,0.0,0.0,1,0.0,0.0,0.0,1,0.0,0.0,0.0,1,0.0,1,1,0.0,Fingerprinting,1
0,0.0,0.0,0,8.303999970955196,0.0,0.0,2,0.0,1,2,3,0.0,-0.11227262637457826,-0.489013248180181,-0.5725850877823285,0.0,0.0,0.0,0.0,-0.041462984982604485,-0.8888888888888888,-1.0,0.0,-0.14478295061395813,0.0,0.0,0.0,0.0,1,0.0,0.0,0.0,1,0.0,0.0,0.0,1,0.0,1,1,0.0,Fingerprinting,1
0,0.0,0.0,0,0.0,0.0,0.0,2,0.0,1,2,3,0.0,-0.11227262637457826,-0.489013248180181,0.5307178271179134,0.0,0.0,0.6931471805599453,0.0,1.401594222046065,-0.7777777777777778,-1.0,0.0,-0.14478295061395813,0.0,0.0,0.0,0.0,1,0.0,0.0,0.0,1,0.0,0.0,0.0,1,0.0,1,1,0.0,Fingerprinting,1
0,0.0,0.0,0,0.0,0.0,0.0,2,0.0,1,2,3,0.0,0.0,0.21101563774843368,0.6940911594931858,0.0,0.6931471805599453,0.0,0.0,1.1309067688378034,0.2222222222222222,0.0,0.0,0.0,0.0,0.0,0.0,0.0,1,0.0,0.0,0.0,1,0.0,0.0,0.0,1,0.0,1,1,0.0,Fingerprinting,1
0,0.0,0.0,0,0.0,0.0,0.0,2,0.0,1,2,3,0.0,-0.11227262637457826,-0.489013248180181,-0.5441546310268017,0.0,0.0,0.6931471805599453,0.0,1.401594222046065,-0.7777777777777778,-1.0,0.0,-0.14478295061395813,0.0,0.0,0.0,0.0,1,0.0,0.0,0.0,1,0.0,0.0,0.0,1,0.0,1,1,0.0,Fingerprinting,1
0,0.0,0.0,0,0.0,0.0,0.0,2,0.0,1,2,3,0.0,0.0,-0.049130510953902105,-0.3807812986515293,0.0,0.6931471805599453,0.0,0.0,0.2973972783723081,0.2222222222222222,0.0,0.0,0.0,0.0,0.0,0.0,0.0,1,0.0,0.0,0.0,1,0.0,0.0,0.0,1,0.0,1,1,0.0,Fingerprinting,1
0,0.0,0.0,0,10.856013776992379,0.0,0.0,2,0.0,1,2,3,0.0,-0.11227262637457826,-0.489013248180181,-0.5725850877823285,0.0,0.0,0.0,0.0,-0.041462984982604485,-0.8888888888888888,-1.0,0.0,-0.14478295061395813,0.0,0.0,0.0,0.0,1,0.0,0.0,0.0,1,0.0,0.0,0.0,1,0.0,1,1,0.0,Fingerprinting,1
0,0.0,0.0,0,10.894755878333363,0.0,0.0,2,0.0,1,2,3,0.0,-0.11227262637457826,-0.489013248180181,-0.5725850877823285,0.0,0.0,0.0,0.0,-0.041462984982604485,-0.8888888888888888,-1.0,0.0,-0.14478295061395813,0.0,0.0,0.0,0.0,1,0.0,0.0,0.0,1,0.0,0.0,0.0,1,0.0,1,1,0.0,Fingerprinting,1
0,0.0,0.0,0,10.388903056364905,5.54907608489522,0.0,2,0.0,1,2,3,0.0,-0.11227262637457826,-0.489013248180181,-0.5725850877823285,0.0,0.0,0.0,0.0,-0.041462984982604485,-0.8888888888888888,-1.0,0.0,-0.14478295061395813,0.0,0.0,0.0,0.0,1,0.0,0.0,0.0,1,0.0,0.0,0.0,1,0.0,1,1,0.0,Fingerprinting,1
0,0.0,0.0,0,10.450018100922895,5.54907608489522,0.0,2,0.0,1,2,3,0.0,-0.11227262637457826,-0.489013248180181,-0.5725850877823285,0.0,0.0,0.0,0.0,-0.041462984982604485,-0.8888888888888888,-1.0,0.0,-0.14478295061395813,0.0,0.0,0.0,0.0,1,0.0,0.0,0.0,1,0.0,0.0,0.0,1,0.0,1,1,0.0,Fingerprinting,1
0,0.0,0.0,0,10.657071101899904,0.0,0.0,2,0.0,1,2,3,0.0,-0.11227262637457826,-0.489013248180181,-0.5725850877823285,0.0,0.0,0.0,0.0,-0.041462984982604485,-0.8888888888888888,-1.0,0.0,-0.14478295061395813,0.0,0.0,0.0,0.0,1,0.0,0.0,0.0,1,0.0,0.0,0.0,1,0.0,1,1,0.0,Fingerprinting,1
0,0.0,0.0,0,9.685207156887905,0.0,18.156123421490147,2,0.0,1,2,3,0.0,-0.11227262637457826,-0.489013248180181,-0.5725850877823285,0.0,0.0,0.0,0.0,-0.041462984982604485,-0.8888888888888888,-1.0,0.0,-0.14478295061395813,0.0,0.0,0.0,0.0,1,0.0,0.0,0.0,1,0.0,0.0,0.0,1,0.0,1,1,0.0,Fingerprinting,1
0,0.0,0.0,0,10.490301522301456,0.0,0.0,2,0.0,1,2,3,0.0,-0.11227262637457826,-0.489013248180181,-0.5725850877823285,0.0,0.0,0.0,0.0,-0.041462984982604485,-0.8888888888888888,-1.0,0.0,-0.14478295061395813,0.0,0.0,0.0,0.0,1,0.0,0.0,0.0,1,0.0,0.0,0.0,1,0.0,1,1,0.0,Fingerprinting,1
0,0.0,0.0,0,0.0,0.0,0.0,2,0.0,1,2,3,0.0,-0.11227262637457826,-0.489013248180181,-0.15853512490718785,0.0,0.0,0.6931471805599453,0.0,1.401594222046065,-0.7777777777777778,-1.0,0.0,-0.14478295061395813,0.0,0.0,0.0,0.0,1,0.0,0.0,0.0,1,0.0,0.0,0.0,1,0.0,1,1,0.0,Fingerprinting,1
0,0.0,0.0,0,0.0,0.0,0.0,2,0.0,1,2,3,0.0,0.0,0.18671221485188796,0.004838207468084597,0.0,0.6931471805599453,0.0,0.0,1.3781873431100542,0.2222222222222222,0.0,0.0,0.0,0.0,0.0,0.0,0.0,1,0.0,0.0,0.0,1,0.0,0.0,0.0,1,0.0,1,1,0.0,Fingerprinting,1
0,0.0,0.0,0,0.0,0.0,0.0,2,0.0,1,2,3,0.0,-0.11227262637457826,-0.489013248180181,-0.3655481305836986,0.0,0.0,0.6931471805599453,0.0,1.401594222046065,-0.7777777777777778,-1.0,0.0,-0.14478295061395813,0.0,0.0,0.0,0.0,1,0.0,0.0,0.0,1,0.0,0.0,0.0,1,0.0,1,1,0.0,Fingerprinting,1
0,0.0,0.0,0,0.0,0.0,0.0,2,0.0,1,2,3,0.0,0.0,0.23664114452419555,-0.20217479820842615,0.0,0.6931471805599453,0.0,0.0,1.1050997489760868,0.2222222222222222,0.0,0.0,0.0,0.0,0.0,0.0,0.0,1,0.0,0.0,0.0,1,0.0,0.0,0.0,1,0.0,1,1,0.0,Fingerprinting,1
0,0.0,0.0,0,10.24491179343424,0.0,0.0,2,0.0,1,2,3,0.0,-0.11227262637457826,-0.489013248180181,-0.5725850877823285,0.0,0.0,0.0,0.0,-0.041462984982604485,-0.8888888888888888,-1.0,0.0,-0.14478295061395813,0.0,0.0,0.0,0.0,1,0.0,0.0,0.0,1,0.0,0.0,0.0,1,0.0,1,1,0.0,Fingerprinting,1
0,0.0,0.0,0,10.315166647110761,0.0,0.0,2,0.0,1,2,3,0.0,-0.11227262637457826,-0.489013248180181,-0.5725850877823285,0.0,0.0,0.0,0.0,-0.041462984982604485,-0.8888888888888888,-1.0,0.0,-0.14478295061395813,0.0,0.0,0.0,0.0,1,0.0,0.0,0.0,1,0.0,0.0,0.0,1,0.0,1,1,0.0,Fingerprinting,1
0,0.0,0.0,0,10.969903730987921,5.54907608489522,0.0,2,0.0,1,2,3,0.0,-0.11227262637457826,-0.489013248180181,-0.5725850877823285,0.0,0.0,0.0,0.0,-0.041462984982604485,-0.8888888888888888,-1.0,0.0,-0.14478295061395813,0.0,0.0,0.0,0.0,1,0.0,0.0,0.0,1,0.0,0.0,0.0,1,0.0,1,1,0.0,Fingerprinting,1
0,0.0,0.0,0,11.00454684484729,5.54907608489522,0.0,2,0.0,1,2,3,0.0,-0.11227262637457826,-0.489013248180181,-0.5725850877823285,0.0,0.0,0.0,0.0,-0.041462984982604485,-0.8888888888888888,-1.0,0.0,-0.14478295061395813,0.0,0.0,0.0,0.0,1,0.0,0.0,0.0,1,0.0,0.0,0.0,1,0.0,1,1,0.0,Fingerprinting,1
0,0.0,0.0,0,8.976893927666076,0.0,0.0,2,0.0,1,2,3,0.0,-0.11227262637457826,-0.489013248180181,-0.5725850877823285,0.0,0.0,0.0,0.0,-0.041462984982604485,-0.8888888888888888,-1.0,0.0,-0.14478295061395813,0.0,0.0,0.0,0.0,1,0.0,0.0,0.0,1,0.0,0.0,0.0,1,0.0,1,1,0.0,Fingerprinting,1
0,0.0,0.0,0,9.899830875032585,0.0,18.15630002079789,2,0.0,1,2,3,0.0,-0.11227262637457826,-0.489013248180181,-0.5725850877823285,0.0,0.0,0.0,0.0,-0.041462984982604485,-0.8888888888888888,-1.0,0.0,-0.14478295061395813,0.0,0.0,0.0,0.0,1,0.0,0.0,0.0,1,0.0,0.0,0.0,1,0.0,1,1,0.0,Fingerprinting,1
0,0.0,0.0,0,7.259116128097101,0.0,0.0,2,0.0,1,2,3,0.0,-0.11227262637457826,-0.489013248180181,-0.5725850877823285,0.0,0.0,0.0,0.0,-0.041462984982604485,-0.8888888888888888,-1.0,0.0,-0.14478295061395813,0.0,0.0,0.0,0.0,1,0.0,0.0,0.0,1,0.0,0.0,0.0,1,0.0,1,1,0.0,Fingerprinting,1
0,0.0,0.0,0,0.0,0.0,0.0,2,0.0,1,2,3,0.0,-0.11227262637457826,-0.489013248180181,-0.27374194630068743,0.0,0.0,0.6931471805599453,0.0,1.401594222046065,-0.7777777777777778,-1.0,0.0,-0.14478295061395813,0.0,0.0,0.0,0.0,1,0.0,0.0,0.0,1,0.0,0.0,0.0,1,0.0,1,1,0.0,Fingerprinting,1
0,0.0,0.0,0,0.0,0.0,0.0,2,0.0,1,2,3,0.0,0.0,-0.3802868569488502,-0.11036861392541496,0.0,0.6931471805599453,0.0,0.0,0.2736601048134936,0.2222222222222222,0.0,0.0,0.0,0.0,0.0,0.0,0.0,1,0.0,0.0,0.0,1,0.0,0.0,0.0,1,0.0,1,1,0.0,Fingerprinting,1
0,0.0,0.0,0,0.0,0.0,0.0,2,0.0,1,2,3,0.0,-0.11227262637457826,-0.489013248180181,0.524658092021748,0.0,0.0,0.6931471805599453,0.0,1.401594222046065,-0.7777777777777778,-1.0,0.0,-0.14478295061395813,0.0,0.0,0.0,0.0,1,0.0,0.0,0.0,1,0.0,0.0,0.0,1,0.0,1,1,0.0,Fingerprinting,1
0,0.0,0.0,0,0.0,0.0,0.0,2,0.0,1,2,3,0.0,0.0,-0.3272238120311975,0.6880314243970205,0.0,0.6931471805599453,0.0,0.0,1.3154313647773814,0.2222222222222222,0.0,0.0,0.0,0.0,0.0,0.0,0.0,1,0.0,0.0,0.0,1,0.0,0.0,0.0,1,0.0,1,1,0.0,Fingerprinting,1
0,0.0,0.0,0,10.068493387120395,0.0,0.0,2,0.0,1,2,3,0.0,-0.11227262637457826,-0.489013248180181,-0.5725850877823285,0.0,0.0,0.0,0.0,-0.041462984982604485,-0.8888888888888888,-1.0,0.0,-0.14478295061395813,0.0,0.0,0.0,0.0,1,0.0,0.0,0.0,1,0.0,0.0,0.0,1,0.0,1,1,0.0,Fingerprinting,1
0,0.0,0.0,0,10.151752892624117,0.0,0.0,2,0.0,1,2,3,0.0,-0.11227262637457826,-0.489013248180181,-0.5725850877823285,0.0,0.0,0.0,0.0,-0.041462984982604485,-0.8888888888888888,-1.0,0.0,-0.14478295061395813,0.0,0.0,0.0,0.0,1,0.0,0.0,0.0,1,0.0,0.0,0.0,1,0.0,1,1,0.0,Fingerprinting,1
0,0.0,0.0,0,10.536300694056374,5.54907608489522,0.0,2,0.0,1,2,3,0.0,-0.11227262637457826,-0.489013248180181,-0.5725850877823285,0.0,0.0,0.0,0.0,-0.041462984982604485,-0.8888888888888888,-1.0,0.0,-0.14478295061395813,0.0,0.0,0.0,0.0,1,0.0,0.0,0.0,1,0.0,0.0,0.0,1,0.0,1,1,0.0,Fingerprinting,1
0,0.0,0.0,0,10.589257588757023,5.54907608489522,0.0,2,0.0,1,2,3,0.0,-0.11227262637457826,-0.489013248180181,-0.5725850877823285,0.0,0.0,0.0,0.0,-0.041462984982604485,-0.8888888888888888,-1.0,0.0,-0.14478295061395813,0.0,0.0,0.0,0.0,1,0.0,0.0,0.0,1,0.0,0.0,0.0,1,0.0,1,1,0.0,Fingerprinting,1
0,0.0,0.0,0,10.696661047163198,0.0,0.0,2,0.0,1,2,3,0.0,-0.11227262637457826,-0.489013248180181,-0.5725850877823285,0.0,0.0,0.0,0.0,-0.041462984982604485,-0.8888888888888888,-1.0,0.0,-0.14478295061395813,0.0,0.0,0.0,0.0,1,0.0,0.0,0.0,1,0.0,0.0,0.0,1,0.0,1,1,0.0,Fingerprinting,1
0,0.0,0.0,0,10.678652412305714,0.0,18.156383372236448,2,0.0,1,2,3,0.0,-0.11227262637457826,-0.489013248180181,-0.5725850877823285,0.0,0.0,0.0,0.0,-0.041462984982604485,-0.8888888888888888,-1.0,0.0,-0.14478295061395813,0.0,0.0,0.0,0.0,1,0.0,0.0,0.0,1,0.0,0.0,0.0,1,0.0,1,1,0.0,Fingerprinting,1
0,0.0,0.0,0,10.07907817399079,0.0,0.0,2,0.0,1,2,3,0.0,-0.11227262637457826,-0.489013248180181,-0.5725850877823285,0.0,0.0,0.0,0.0,-0.041462984982604485,-0.8888888888888888,-1.0,0.0,-0.14478295061395813,0.0,0.0,0.0,0.0,1,0.0,0.0,0.0,1,0.0,0.0,0.0,1,0.0,1,1,0.0,Fingerprinting,1
0,0.0,0.0,0,0.0,0.0,0.0,2,0.0,1,2,3,0.0,-0.11227262637457826,-0.489013248180181,-0.21477329884314147,0.0,0.0,0.6931471805599453,0.0,1.401594222046065,-0.7777777777777778,-1.0,0.0,-0.14478295061395813,0.0,0.0,0.0,0.0,1,0.0,0.0,0.0,1,0.0,0.0,0.0,1,0.0,1,1,0.0,Fingerprinting,1
0,0.0,0.0,0,0.0,0.0,0.0,2,0.0,1,2,3,0.0,0.0,-0.4034877583631622,-0.051399966467869034,0.0,0.6931471805599453,0.0,0.0,-0.03551768177214075,0.2222222222222222,0.0,0.0,0.0,0.0,0.0,0.0,0.0,1,0.0,0.0,0.0,1,0.0,0.0,0.0,1,0.0,1,1,0.0,Fingerprinting,1
0,0.0,0.0,0,8.771680359010377,0.0,0.0,2,0.0,1,2,3,0.0,-0.11227262637457826,-0.489013248180181,-0.5725850877823285,0.0,0.0,0.0,0.0,-0.041462984982604485,-0.8888888888888888,-1.0,0.0,-0.14478295061395813,0.0,0.0,0.0,0.0,1,0.0,0.0,0.0,1,0.0,0.0,0.0,1,0.0,1,1,0.0,Fingerprinting,1
0,0.0,0.0,0,9.047468439003541,0.0,0.0,2,0.0,1,2,3,0.0,-0.11227262637457826,-0.489013248180181,-0.5725850877823285,0.0,0.0,0.0,0.0,-0.041462984982604485,-0.8888888888888888,-1.0,0.0,-0.14478295061395813,0.0,0.0,0.0,0.0,1,0.0,0.0,0.0,1,0.0,0.0,0.0,1,0.0,1,1,0.0,Fingerprinting,1
0,0.0,0.0,0,10.913651068019124,5.54907608489522,0.0,2,0.0,1,2,3,0.0,-0.11227262637457826,-0.489013248180181,-0.5725850877823285,0.0,0.0,0.0,0.0,-0.041462984982604485,-0.8888888888888888,-1.0,0.0,-0.14478295061395813,0.0,0.0,0.0,0.0,1,0.0,0.0,0.0,1,0.0,0.0,0.0,1,0.0,1,1,0.0,Fingerprinting,1
0,0.0,0.0,0,10.950262539222262,5.54907608489522,0.0,2,0.0,1,2,3,0.0,-0.11227262637457826,-0.489013248180181,-0.5725850877823285,0.0,0.0,0.0,0.0,-0.041462984982604485,-0.8888888888888888,-1.0,0.0,-0.14478295061395813,0.0,0.0,0.0,0.0,1,0.0,0.0,0.0,1,0.0,0.0,0.0,1,0.0,1,1,0.0,Fingerprinting,1
0,0.0,0.0,0,11.079924706667542,0.0,0.0,2,0.0,1,2,3,0.0,-0.11227262637457826,-0.489013248180181,-0.5725850877823285,0.0,0.0,0.0,0.0,-0.041462984982604485,-0.8888888888888888,-1.0,0.0,-0.14478295061395813,0.0,0.0,0.0,0.0,1,0.0,0.0,0.0,1,0.0,0.0,0.0,1,0.0,1,1,0.0,Fingerprinting,1
0,0.0,0.0,0,10.828401001701168,0.0,18.156472160774218,2,0.0,1,2,3,0.0,-0.11227262637457826,-0.489013248180181,-0.5725850877823285,0.0,0.0,0.0,0.0,-0.041462984982604485,-0.8888888888888888,-1.0,0.0,-0.14478295061395813,0.0,0.0,0.0,0.0,1,0.0,0.0,0.0,1,0.0,0.0,0.0,1,0.0,1,1,0.0,Fingerprinting,1
0,0.0,0.0,0,11.076526810092139,0.0,0.0,2,0.0,1,2,3,0.0,-0.11227262637457826,-0.489013248180181,-0.5725850877823285,0.0,0.0,0.0,0.0,-0.041462984982604485,-0.8888888888888888,-1.0,0.0,-0.14478295061395813,0.0,0.0,0.0,0.0,1,0.0,0.0,0.0,1,0.0,0.0,0.0,1,0.0,1,1,0.0,Fingerprinting,1
0,0.0,0.0,0,0.0,0.0,0.0,2,0.0,1,2,3,0.0,-0.11227262637457826,-0.489013248180181,0.3158966252305334,0.0,0.0,0.6931471805599453,0.0,1.401594222046065,-0.7777777777777778,-1.0,0.0,-0.14478295061395813,0.0,0.0,0.0,0.0,1,0.0,0.0,0.0,1,0.0,0.0,0.0,1,0.0,1,1,0.0,Fingerprinting,1
0,0.0,0.0,0,0.0,0.0,0.0,2,0.0,1,2,3,0.0,0.0,0.32681433911255653,0.4792699576058059,0.0,0.6931471805599453,0.0,0.0,0.3660985599154446,0.2222222222222222,0.0,0.0,0.0,0.0,0.0,0.0,0.0,1,0.0,0.0,0.0,1,0.0,0.0,0.0,1,0.0,1,1,0.0,Fingerprinting,1
0,0.0,0.0,0,0.0,0.0,0.0,2,0.0,1,2,3,0.0,-0.11227262637457826,-0.489013248180181,0.9319297741371464,0.0,0.0,0.6931471805599453,0.0,1.401594222046065,-0.7777777777777778,-1.0,0.0,-0.14478295061395813,0.0,0.0,0.0,0.0,1,0.0,0.0,0.0,1,0.0,0.0,0.0,1,0.0,1,1,0.0,Fingerprinting,1
0,0.0,0.0,0,0.0,0.0,0.0,2,0.0,1,2,3,0.0,0.0,-0.24714877412484476,-0.47435989557136354,0.0,0.6931471805599453,0.0,0.0,0.15286035143347868,0.2222222222222222,0.0,0.0,0.0,0.0,0.0,0.0,0.0,1,0.0,0.0,0.0,1,0.0,0.0,0.0,1,0.0,1,1,0.0,Fingerprinting,1
0,0.0,0.0,0,10.82863891284248,0.0,0.0,2,0.0,1,2,3,0.0,-0.11227262637457826,-0.489013248180181,-0.5725850877823285,0.0,0.0,0.0,0.0,-0.041462984982604485,-0.8888888888888888,-1.0,0.0,-0.14478295061395813,0.0,0.0,0.0,0.0,1,0.0,0.0,0.0,1,0.0,0.0,0.0,1,0.0,1,1,0.0,Fingerprinting,1
0,0.0,0.0,0,10.868435106356703,0.0,0.0,2,0.0,1,2,3,0.0,-0.11227262637457826,-0.489013248180181,-0.5725850877823285,0.0,0.0,0.0,0.0,-0.041462984982604485,-0.8888888888888888,-1.0,0.0,-0.14478295061395813,0.0,0.0,0.0,0.0,1,0.0,0.0,0.0,1,0.0,0.0,0.0,1,0.0,1,1,0.0,Fingerprinting,1
0,0.0,0.0,0,10.647708003280075,5.54907608489522,0.0,2,0.0,1,2,3,0.0,-0.11227262637457826,-0.489013248180181,-0.5725850877823285,0.0,0.0,0.0,0.0,-0.041462984982604485,-0.8888888888888888,-1.0,0.0,-0.14478295061395813,0.0,0.0,0.0,0.0,1,0.0,0.0,0.0,1,0.0,0.0,0.0,1,0.0,1,1,0.0,Fingerprinting,1
0,0.0,0.0,0,10.695212296457067,5.54907608489522,0.0,2,0.0,1,2,3,0.0,-0.11227262637457826,-0.489013248180181,-0.5725850877823285,0.0,0.0,0.0,0.0,-0.041462984982604485,-0.8888888888888888,-1.0,0.0,-0.14478295061395813,0.0,0.0,0.0,0.0,1,0.0,0.0,0.0,1,0.0,0.0,0.0,1,0.0,1,1,0.0,Fingerprinting,1
0,0.0,0.0,0,10.739305484260235,0.0,0.0,2,0.0,1,2,3,0.0,-0.11227262637457826,-0.489013248180181,-0.5725850877823285,0.0,0.0,0.0,0.0,-0.041462984982604485,-0.8888888888888888,-1.0,0.0,-0.14478295061395813,0.0,0.0,0.0,0.0,1,0.0,0.0,0.0,1,0.0,0.0,0.0,1,0.0,1,1,0.0,Fingerprinting,1
0,0.0,0.0,0,9.302463660851988,0.0,18.156607249583335,2,0.0,1,2,3,0.0,-0.11227262637457826,-0.489013248180181,-0.5725850877823285,0.0,0.0,0.0,0.0,-0.041462984982604485,-0.8888888888888888,-1.0,0.0,-0.14478295061395813,0.0,0.0,0.0,0.0,1,0.0,0.0,0.0,1,0.0,0.0,0.0,1,0.0,1,1,0.0,Fingerprinting,1
0,0.0,0.0,0,10.402958960463414,0.0,0.0,2,0.0,1,2,3,0.0,-0.11227262637457826,-0.489013248180181,-0.5725850877823285,0.0,0.0,0.0,0.0,-0.041462984982604485,-0.8888888888888888,-1.0,0.0,-0.14478295061395813,0.0,0.0,0.0,0.0,1,0.0,0.0,0.0,1,0.0,0.0,0.0,1,0.0,1,1,0.0,Fingerprinting,1
0,0.0,0.0,0,0.0,0.0,0.0,2,0.0,1,2,3,0.0,-0.11227262637457826,-0.489013248180181,0.6718401954444205,0.0,0.0,0.6931471805599453,0.0,1.401594222046065,-0.7777777777777778,-1.0,0.0,-0.14478295061395813,0.0,0.0,0.0,0.0,1,0.0,0.0,0.0,1,0.0,0.0,0.0,1,0.0,1,1,0.0,Fingerprinting,1
0,0.0,0.0,0,0.0,0.0,0.0,2,0.0,1,2,3,0.0,0.0,0.07263339265450783,0.8352135278196929,0.0,0.6931471805599453,0.0,0.0,1.2077112784603867,0.2222222222222222,0.0,0.0,0.0,0.0,0.0,0.0,0.0,1,0.0,0.0,0.0,1,0.0,0.0,0.0,1,0.0,1,1,0.0,Fingerprinting,1
0,0.0,0.0,0,10.159717656838128,0.0,0.0,2,0.0,1,2,3,0.0,-0.11227262637457826,-0.489013248180181,-0.5725850877823285,0.0,0.0,0.0,0.0,-0.041462984982604485,-0.8888888888888888,-1.0,0.0,-0.14478295061395813,0.0,0.0,0.0,0.0,1,0.0,0.0,0.0,1,0.0,0.0,0.0,1,0.0,1,1,0.0,Fingerprinting,1
0,0.0,0.0,0,10.23598762483351,0.0,0.0,2,0.0,1,2,3,0.0,-0.11227262637457826,-0.489013248180181,-0.5725850877823285,0.0,0.0,0.0,0.0,-0.041462984982604485,-0.8888888888888888,-1.0,0.0,-0.14478295061395813,0.0,0.0,0.0,0.0,1,0.0,0.0,0.0,1,0.0,0.0,0.0,1,0.0,1,1,0.0,Fingerprinting,1
0,0.0,0.0,0,9.486152271857476,5.54907608489522,0.0,2,0.0,1,2,3,0.0,-0.11227262637457826,-0.489013248180181,-0.5725850877823285,0.0,0.0,0.0,0.0,-0.041462984982604485,-0.8888888888888888,-1.0,0.0,-0.14478295061395813,0.0,0.0,0.0,0.0,1,0.0,0.0,0.0,1,0.0,0.0,0.0,1,0.0,1,1,0.0,Fingerprinting,1
0,0.0,0.0,0,9.630628408975985,5.54907608489522,0.0,2,0.0,1,2,3,0.0,-0.11227262637457826,-0.489013248180181,-0.5725850877823285,0.0,0.0,0.0,0.0,-0.041462984982604485,-0.8888888888888888,-1.0,0.0,-0.14478295061395813,0.0,0.0,0.0,0.0,1,0.0,0.0,0.0,1,0.0,0.0,0.0,1,0.0,1,1,0.0,Fingerprinting,1
0,0.0,0.0,0,10.253052278679716,0.0,0.0,2,0.0,1,2,3,0.0,-0.11227262637457826,-0.489013248180181,-0.5725850877823285,0.0,0.0,0.0,0.0,-0.041462984982604485,-0.8888888888888888,-1.0,0.0,-0.14478295061395813,0.0,0.0,0.0,0.0,1,0.0,0.0,0.0,1,0.0,0.0,0.0,1,0.0,1,1,0.0,Fingerprinting,1
0,0.0,0.0,0,10.808211648038817,0.0,18.1566678662686,2,0.0,1,2,3,0.0,-0.11227262637457826,-0.489013248180181,-0.5725850877823285,0.0,0.0,0.0,0.0,-0.041462984982604485,-0.8888888888888888,-1.0,0.0,-0.14478295061395813,0.0,0.0,0.0,0.0,1,0.0,0.0,0.0,1,0.0,0.0,0.0,1,0.0,1,1,0.0,Fingerprinting,1
0,0.0,0.0,0,11.013204620936344,0.0,0.0,2,0.0,1,2,3,0.0,-0.11227262637457826,-0.489013248180181,-0.5725850877823285,0.0,0.0,0.0,0.0,-0.041462984982604485,-0.8888888888888888,-1.0,0.0,-0.14478295061395813,0.0,0.0,0.0,0.0,1,0.0,0.0,0.0,1,0.0,0.0,0.0,1,0.0,1,1,0.0,Fingerprinting,1
0,0.0,0.0,0,0.0,0.0,0.0,2,0.0,1,2,3,0.0,-0.11227262637457826,-0.489013248180181,-0.3116811573375488,0.0,0.0,0.6931471805599453,0.0,1.401594222046065,-0.7777777777777778,-1.0,0.0,-0.14478295061395813,0.0,0.0,0.0,0.0,1,0.0,0.0,0.0,1,0.0,0.0,0.0,1,0.0,1,1,0.0,Fingerprinting,1
0,0.0,0.0,0,0.0,0.0,0.0,2,0.0,1,2,3,0.0,0.0,-0.39812078832061526,-0.14830782496227635,0.0,0.6931471805599453,0.0,0.0,1.102809706257982,0.2222222222222222,0.0,0.0,0.0,0.0,0.0,0.0,0.0,1,0.0,0.0,0.0,1,0.0,0.0,0.0,1,0.0,1,1,0.0,Fingerprinting,1
0,0.0,0.0,0,0.0,0.0,0.0,2,0.0,1,2,3,0.0,-0.11227262637457826,-0.489013248180181,0.5861656008239323,0.0,0.0,0.6931471805599453,0.0,1.401594222046065,-0.7777777777777778,-1.0,0.0,-0.14478295061395813,0.0,0.0,0.0,0.0,1,0.0,0.0,0.0,1,0.0,0.0,0.0,1,0.0,1,1,0.0,Fingerprinting,1
0,0.0,0.0,0,0.0,0.0,0.0,2,0.0,1,2,3,0.0,0.0,-0.4128756042263565,0.7495389331992048,0.0,0.6931471805599453,0.0,0.0,0.41154710001321176,0.2222222222222222,0.0,0.0,0.0,0.0,0.0,0.0,0.0,1,0.0,0.0,0.0,1,0.0,0.0,0.0,1,0.0,1,1,0.0,Fingerprinting,1
0,0.0,0.0,0,9.404508151053818,0.0,0.0,2,0.0,1,2,3,0.0,-0.11227262637457826,-0.489013248180181,-0.5725850877823285,0.0,0.0,0.0,0.0,-0.041462984982604485,-0.8888888888888888,-1.0,0.0,-0.14478295061395813,0.0,0.0,0.0,0.0,1,0.0,0.0,0.0,1,0.0,0.0,0.0,1,0.0,1,1,0.0,Fingerprinting,1
0,0.0,0.0,0,9.560363239834537,0.0,0.0,2,0.0,1,2,3,0.0,-0.11227262637457826,-0.489013248180181,-0.5725850877823285,0.0,0.0,0.0,0.0,-0.041462984982604485,-0.8888888888888888,-1.0,0.0,-0.14478295061395813,0.0,0.0,0.0,0.0,1,0.0,0.0,0.0,1,0.0,0.0,0.0,1,0.0,1,1,0.0,Fingerprinting,1
0,0.0,0.0,0,10.728474070001383,5.54907608489522,0.0,2,0.0,1,2,3,0.0,-0.11227262637457826,-0.489013248180181,-0.5725850877823285,0.0,0.0,0.0,0.0,-0.041462984982604485,-0.8888888888888888,-1.0,0.0,-0.14478295061395813,0.0,0.0,0.0,0.0,1,0.0,0.0,0.0,1,0.0,0.0,0.0,1,0.0,1,1,0.0,Fingerprinting,1
0,0.0,0.0,0,10.772372162013014,5.54907608489522,0.0,2,0.0,1,2,3,0.0,-0.11227262637457826,-0.489013248180181,-0.5725850877823285,0.0,0.0,0.0,0.0,-0.041462984982604485,-0.8888888888888888,-1.0,0.0,-0.14478295061395813,0.0,0.0,0.0,0.0,1,0.0,0.0,0.0,1,0.0,0.0,0.0,1,0.0,1,1,0.0,Fingerprinting,1
0,0.0,0.0,0,9.47883962501119,0.0,0.0,2,0.0,1,2,3,0.0,-0.11227262637457826,-0.489013248180181,-0.5725850877823285,0.0,0.0,0.0,0.0,-0.041462984982604485,-0.8888888888888888,-1.0,0.0,-0.14478295061395813,0.0,0.0,0.0,0.0,1,0.0,0.0,0.0,1,0.0,0.0,0.0,1,0.0,1,1,0.0,Fingerprinting,1
0,0.0,0.0,0,9.744140059301994,0.0,18.15677907628598,2,0.0,1,2,3,0.0,-0.11227262637457826,-0.489013248180181,-0.5725850877823285,0.0,0.0,0.0,0.0,-0.041462984982604485,-0.8888888888888888,-1.0,0.0,-0.14478295061395813,0.0,0.0,0.0,0.0,1,0.0,0.0,0.0,1,0.0,0.0,0.0,1,0.0,1,1,0.0,Fingerprinting,1
0,0.0,0.0,0,8.106514516255185,0.0,0.0,2,0.0,1,2,3,0.0,-0.11227262637457826,-0.489013248180181,-0.5725850877823285,0.0,0.0,0.0,0.0,-0.041462984982604485,-0.8888888888888888,-1.0,0.0,-0.14478295061395813,0.0,0.0,0.0,0.0,1,0.0,0.0,0.0,1,0.0,0.0,0.0,1,0.0,1,1,0.0,Fingerprinting,1
0,0.0,0.0,0,0.0,0.0,0.0,2,0.0,1,2,3,0.0,-0.11227262637457826,-0.489013248180181,0.9292472036597926,0.0,0.0,0.6931471805599453,0.0,1.401594222046065,-0.7777777777777778,-1.0,0.0,-0.14478295061395813,0.0,0.0,0.0,0.0,1,0.0,0.0,0.0,1,0.0,0.0,0.0,1,0.0,1,1,0.0,Fingerprinting,1
0,0.0,0.0,0,0.0,0.0,0.0,2,0.0,1,2,3,0.0,0.0,-0.12291585668610143,-0.4770424660487174,0.0,0.6931471805599453,0.0,0.0,0.20216232879728718,0.2222222222222222,0.0,0.0,0.0,0.0,0.0,0.0,0.0,1,0.0,0.0,0.0,1,0.0,0.0,0.0,1,0.0,1,1,0.0,Fingerprinting,1
0,0.0,0.0,0,0.0,0.0,0.0,2,0.0,1,2,3,0.0,-0.11227262637457826,-0.489013248180181,0.19233072261742234,0.0,0.0,0.6931471805599453,0.0,1.401594222046065,-0.7777777777777778,-1.0,0.0,-0.14478295061395813,0.0,0.0,0.0,0.0,1,0.0,0.0,0.0,1,0.0,0.0,0.0,1,0.0,1,1,0.0,Fingerprinting,1
0,0.0,0.0,0,0.0,0.0,0.0,2,0.0,1,2,3,0.0,0.0,0.2799125109280193,0.3557040549926948,0.0,0.6931471805599453,0.0,0.0,0.11386356630114061,0.2222222222222222,0.0,0.0,0.0,0.0,0.0,0.0,0.0,1,0.0,0.0,0.0,1,0.0,0.0,0.0,1,0.0,1,1,0.0,Fingerprinting,1
0,0.0,0.0,0,10.895794434833306,0.0,0.0,2,0.0,1,2,3,0.0,-0.11227262637457826,-0.489013248180181,-0.5725850877823285,0.0,0.0,0.0,0.0,-0.041462984982604485,-0.8888888888888888,-1.0,0.0,-0.14478295061395813,0.0,0.0,0.0,0.0,1,0.0,0.0,0.0,1,0.0,0.0,0.0,1,0.0,1,1,0.0,Fingerprinting,1
0,0.0,0.0,0,10.933053396853715,0.0,0.0,2,0.0,1,2,3,0.0,-0.11227262637457826,-0.489013248180181,-0.5725850877823285,0.0,0.0,0.0,0.0,-0.041462984982604485,-0.8888888888888888,-1.0,0.0,-0.14478295061395813,0.0,0.0,0.0,0.0,1,0.0,0.0,0.0,1,0.0,0.0,0.0,1,0.0,1,1,0.0,Fingerprinting,1
0,0.0,0.0,0,9.34233308143468,5.54907608489522,0.0,2,0.0,1,2,3,0.0,-0.11227262637457826,-0.489013248180181,-0.5725850877823285,0.0,0.0,0.0,0.0,-0.041462984982604485,-0.8888888888888888,-1.0,0.0,-0.14478295061395813,0.0,0.0,0.0,0.0,1,0.0,0.0,0.0,1,0.0,0.0,0.0,1,0.0,1,1,0.0,Fingerprinting,1
0,0.0,0.0,0,9.507403306233716,5.54907608489522,0.0,2,0.0,1,2,3,0.0,-0.11227262637457826,-0.489013248180181,-0.5725850877823285,0.0,0.0,0.0,0.0,-0.041462984982604485,-0.8888888888888888,-1.0,0.0,-0.14478295061395813,0.0,0.0,0.0,0.0,1,0.0,0.0,0.0,1,0.0,0.0,0.0,1,0.0,1,1,0.0,Fingerprinting,1
0,0.0,0.0,0,9.819127203918054,0.0,0.0,2,0.0,1,2,3,0.0,-0.11227262637457826,-0.489013248180181,-0.5725850877823285,0.0,0.0,0.0,0.0,-0.041462984982604485,-0.8888888888888888,-1.0,0.0,-0.14478295061395813,0.0,0.0,0.0,0.0,1,0.0,0.0,0.0,1,0.0,0.0,0.0,1,0.0,1,1,0.0,Fingerprinting,1
0,0.0,0.0,0,9.297251743965479,0.0,18.15685359999825,2,0.0,1,2,3,0.0,-0.11227262637457826,-0.489013248180181,-0.5725850877823285,0.0,0.0,0.0,0.0,-0.041462984982604485,-0.8888888888888888,-1.0,0.0,-0.14478295061395813,0.0,0.0,0.0,0.0,1,0.0,0.0,0.0,1,0.0,0.0,0.0,1,0.0,1,1,0.0,Fingerprinting,1
0,0.0,0.0,0,6.542471960506805,0.0,0.0,2,0.0,1,2,3,0.0,-0.11227262637457826,-0.489013248180181,-0.5725850877823285,0.0,0.0,0.0,0.0,-0.041462984982604485,-0.8888888888888888,-1.0,0.0,-0.14478295061395813,0.0,0.0,0.0,0.0,1,0.0,0.0,0.0,1,0.0,0.0,0.0,1,0.0,1,1,0.0,Fingerprinting,1
0,0.0,0.0,0,0.0,0.0,0.0,2,0.0,1,2,3,0.0,-0.11227262637457826,-0.489013248180181,0.9286005125625734,0.0,0.0,0.6931471805599453,0.0,1.401594222046065,-0.7777777777777778,-1.0,0.0,-0.14478295061395813,0.0,0.0,0.0,0.0,1,0.0,0.0,0.0,1,0.0,0.0,0.0,1,0.0,1,1,0.0,Fingerprinting,1
0,0.0,0.0,0,0.0,0.0,0.0,2,0.0,1,2,3,0.0,0.0,-0.4734297462254572,-0.4776891571459366,0.0,0.6931471805599453,0.0,0.0,-0.00251023913330691,0.2222222222222222,0.0,0.0,0.0,0.0,0.0,0.0,0.0,1,0.0,0.0,0.0,1,0.0,0.0,0.0,1,0.0,1,1,0.0,Fingerprinting,1
0,0.0,0.0,0,0.0,0.0,0.0,2,0.0,1,2,3,0.0,-0.11227262637457826,-0.489013248180181,-0.048334171636607505,0.0,0.0,0.6931471805599453,0.0,1.401594222046065,-0.7777777777777778,-1.0,0.0,-0.14478295061395813,0.0,0.0,0.0,0.0,1,0.0,0.0,0.0,1,0.0,0.0,0.0,1,0.0,1,1,0.0,Fingerprinting,1
0,0.0,0.0,0,0.0,0.0,0.0,2,0.0,1,2,3,0.0,0.0,0.3161801778134536,0.11503916073866494,0.0,0.6931471805599453,0.0,0.0,0.6057603382216937,0.2222222222222222,0.0,0.0,0.0,0.0,0.0,0.0,0.0,1,0.0,0.0,0.0,1,0.0,0.0,0.0,1,0.0,1,1,0.0,Fingerprinting,1
0,0.0,0.0,0,9.384797753713336,0.0,0.0,2,0.0,1,2,3,0.0,-0.11227262637457826,-0.489013248180181,-0.5725850877823285,0.0,0.0,0.0,0.0,-0.041462984982604485,-0.8888888888888888,-1.0,0.0,-0.14478295061395813,0.0,0.0,0.0,0.0,1,0.0,0.0,0.0,1,0.0,0.0,0.0,1,0.0,1,1,0.0,Fingerprinting,1
0,0.0,0.0,0,9.543521484499182,0.0,0.0,2,0.0,1,2,3,0.0,-0.11227262637457826,-0.489013248180181,-0.5725850877823285,0.0,0.0,0.0,0.0,-0.041462984982604485,-0.8888888888888888,-1.0,0.0,-0.14478295061395813,0.0,0.0,0.0,0.0,1,0.0,0.0,0.0,1,0.0,0.0,0.0,1,0.0,1,1,0.0,Fingerprinting,1
0,0.0,0.0,0,10.635542897411055,5.54907608489522,0.0,2,0.0,1,2,3,0.0,-0.11227262637457826,-0.489013248180181,-0.5725850877823285,0.0,0.0,0.0,0.0,-0.041462984982604485,-0.8888888888888888,-1.0,0.0,-0.14478295061395813,0.0,0.0,0.0,0.0,1,0.0,0.0,0.0,1,0.0,0.0,0.0,1,0.0,1,1,0.0,Fingerprinting,1
0,0.0,0.0,0,10.683614859597412,5.54907608489522,0.0,2,0.0,1,2,3,0.0,-0.11227262637457826,-0.489013248180181,-0.5725850877823285,0.0,0.0,0.0,0.0,-0.041462984982604485,-0.8888888888888888,-1.0,0.0,-0.14478295061395813,0.0,0.0,0.0,0.0,1,0.0,0.0,0.0,1,0.0,0.0,0.0,1,0.0,1,1,0.0,Fingerprinting,1
0,0.0,0.0,0,9.377717481384314,0.0,0.0,2,0.0,1,2,3,0.0,-0.11227262637457826,-0.489013248180181,-0.5725850877823285,0.0,0.0,0.0,0.0,-0.041462984982604485,-0.8888888888888888,-1.0,0.0,-0.14478295061395813,0.0,0.0,0.0,0.0,1,0.0,0.0,0.0,1,0.0,0.0,0.0,1,0.0,1,1,0.0,Fingerprinting,1
0,0.0,0.0,0,10.525326683651683,0.0,18.157066021988676,2,0.0,1,2,3,0.0,-0.11227262637457826,-0.489013248180181,-0.5725850877823285,0.0,0.0,0.0,0.0,-0.041462984982604485,-0.8888888888888888,-1.0,0.0,-0.14478295061395813,0.0,0.0,0.0,0.0,1,0.0,0.0,0.0,1,0.0,0.0,0.0,1,0.0,1,1,0.0,Fingerprinting,1
0,0.0,0.0,0,10.927717472432848,0.0,0.0,2,0.0,1,2,3,0.0,-0.11227262637457826,-0.489013248180181,-0.5725850877823285,0.0,0.0,0.0,0.0,-0.041462984982604485,-0.8888888888888888,-1.0,0.0,-0.14478295061395813,0.0,0.0,0.0,0.0,1,0.0,0.0,0.0,1,0.0,0.0,0.0,1,0.0,1,1,0.0,Fingerprinting,1
0,0.0,0.0,0,0.0,0.0,0.0,2,0.0,1,2,3,0.0,-0.11227262637457826,-0.489013248180181,0.6847021628224473,0.0,0.0,0.6931471805599453,0.0,1.401594222046065,-0.7777777777777778,-1.0,0.0,-0.14478295061395813,0.0,0.0,0.0,0.0,1,0.0,0.0,0.0,1,0.0,0.0,0.0,1,0.0,1,1,0.0,Fingerprinting,1
0,0.0,0.0,0,0.0,0.0,0.0,2,0.0,1,2,3,0.0,0.0,-0.3832929773141086,0.8480754951977199,0.0,0.6931471805599453,0.0,0.0,0.5688554190337781,0.2222222222222222,0.0,0.0,0.0,0.0,0.0,0.0,0.0,1,0.0,0.0,0.0,1,0.0,0.0,0.0,1,0.0,1,1,0.0,Fingerprinting,1
0,0.0,0.0,0,0.0,0.0,0.0,2,0.0,1,2,3,0.0,-0.11227262637457826,-0.489013248180181,0.9730066345716271,0.0,0.0,0.6931471805599453,0.0,1.401594222046065,-0.7777777777777778,-1.0,0.0,-0.14478295061395813,0.0,0.0,0.0,0.0,1,0.0,0.0,0.0,1,0.0,0.0,0.0,1,0.0,1,1,0.0,Fingerprinting,1
0,0.0,0.0,0,0.0,0.0,0.0,2,0.0,1,2,3,0.0,0.0,-0.11936061702677192,-0.43328303513688293,0.0,0.6931471805599453,0.0,0.0,0.6062227506936188,0.2222222222222222,0.0,0.0,0.0,0.0,0.0,0.0,0.0,1,0.0,0.0,0.0,1,0.0,0.0,0.0,1,0.0,1,1,0.0,Fingerprinting,1
0,0.0,0.0,0,9.783238979939952,0.0,0.0,2,0.0,1,2,3,0.0,-0.11227262637457826,-0.489013248180181,-0.5725850877823285,0.0,0.0,0.0,0.0,-0.041462984982604485,-0.8888888888888888,-1.0,0.0,-0.14478295061395813,0.0,0.0,0.0,0.0,1,0.0,0.0,0.0,1,0.0,0.0,0.0,1,0.0,1,1,0.0,Fingerprinting,1
0,0.0,0.0,0,9.892527712299787,0.0,0.0,2,0.0,1,2,3,0.0,-0.11227262637457826,-0.489013248180181,-0.5725850877823285,0.0,0.0,0.0,0.0,-0.041462984982604485,-0.8888888888888888,-1.0,0.0,-0.14478295061395813,0.0,0.0,0.0,0.0,1,0.0,0.0,0.0,1,0.0,0.0,0.0,1,0.0,1,1,0.0,Fingerprinting,1
0,0.0,0.0,0,10.994487608202096,5.54907608489522,0.0,2,0.0,1,2,3,0.0,-0.11227262637457826,-0.489013248180181,-0.5725850877823285,0.0,0.0,0.0,0.0,-0.041462984982604485,-0.8888888888888888,-1.0,0.0,-0.14478295061395813,0.0,0.0,0.0,0.0,1,0.0,0.0,0.0,1,0.0,0.0,0.0,1,0.0,1,1,0.0,Fingerprinting,1
0,0.0,0.0,0,11.028303506700874,5.54907608489522,0.0,2,0.0,1,2,3,0.0,-0.11227262637457826,-0.489013248180181,-0.5725850877823285,0.0,0.0,0.0,0.0,-0.041462984982604485,-0.8888888888888888,-1.0,0.0,-0.14478295061395813,0.0,0.0,0.0,0.0,1,0.0,0.0,0.0,1,0.0,0.0,0.0,1,0.0,1,1,0.0,Fingerprinting,1
0,0.0,0.0,0,10.715306262813572,0.0,0.0,2,0.0,1,2,3,0.0,-0.11227262637457826,-0.489013248180181,-0.5725850877823285,0.0,0.0,0.0,0.0,-0.041462984982604485,-0.8888888888888888,-1.0,0.0,-0.14478295061395813,0.0,0.0,0.0,0.0,1,0.0,0.0,0.0,1,0.0,0.0,0.0,1,0.0,1,1,0.0,Fingerprinting,1
0,0.0,0.0,0,10.556567661882832,0.0,18.157274494807343,2,0.0,1,2,3,0.0,-0.11227262637457826,-0.489013248180181,-0.5725850877823285,0.0,0.0,0.0,0.0,-0.041462984982604485,-0.8888888888888888,-1.0,0.0,-0.14478295061395813,0.0,0.0,0.0,0.0,1,0.0,0.0,0.0,1,0.0,0.0,0.0,1,0.0,1,1,0.0,Fingerprinting,1
0,0.0,0.0,0,10.727575272356669,0.0,0.0,2,0.0,1,2,3,0.0,-0.11227262637457826,-0.489013248180181,-0.5725850877823285,0.0,0.0,0.0,0.0,-0.041462984982604485,-0.8888888888888888,-1.0,0.0,-0.14478295061395813,0.0,0.0,0.0,0.0,1,0.0,0.0,0.0,1,0.0,0.0,0.0,1,0.0,1,1,0.0,Fingerprinting,1
0,0.0,0.0,0,0.0,0.0,0.0,2,0.0,1,2,3,0.0,-0.11227262637457826,-0.489013248180181,0.7921965940935547,0.0,0.0,0.6931471805599453,0.0,1.401594222046065,-0.7777777777777778,-1.0,0.0,-0.14478295061395813,0.0,0.0,0.0,0.0,1,0.0,0.0,0.0,1,0.0,0.0,0.0,1,0.0,1,1,0.0,Fingerprinting,1
0,0.0,0.0,0,0.0,0.0,0.0,2,0.0,1,2,3,0.0,0.0,-0.02512280123868379,0.9555699264688271,0.0,0.6931471805599453,0.0,0.0,0.47139648566521336,0.2222222222222222,0.0,0.0,0.0,0.0,0.0,0.0,0.0,1,0.0,0.0,0.0,1,0.0,0.0,0.0,1,0.0,1,1,0.0,Fingerprinting,1
0,0.0,0.0,0,0.0,0.0,0.0,2,0.0,1,2,3,0.0,-0.11227262637457826,-0.489013248180181,-0.49534142894780964,0.0,0.0,0.6931471805599453,0.0,1.401594222046065,-0.7777777777777778,-1.0,0.0,-0.14478295061395813,0.0,0.0,0.0,0.0,1,0.0,0.0,0.0,1,0.0,0.0,0.0,1,0.0,1,1,0.0,Fingerprinting,1
0,0.0,0.0,0,0.0,0.0,0.0,2,0.0,1,2,3,0.0,0.0,0.37888612336834276,-0.3319680965725372,0.0,0.6931471805599453,0.0,0.0,1.2736601048134937,0.2222222222222222,0.0,0.0,0.0,0.0,0.0,0.0,0.0,1,0.0,0.0,0.0,1,0.0,0.0,0.0,1,0.0,1,1,0.0,Fingerprinting,1
0,0.0,0.0,0,10.629827700451838,0.0,0.0,2,0.0,1,2,3,0.0,-0.11227262637457826,-0.489013248180181,-0.5725850877823285,0.0,0.0,0.0,0.0,-0.041462984982604485,-0.8888888888888888,-1.0,0.0,-0.14478295061395813,0.0,0.0,0.0,0.0,1,0.0,0.0,0.0,1,0.0,0.0,0.0,1,0.0,1,1,0.0,Fingerprinting,1
0,0.0,0.0,0,10.678168636077336,0.0,0.0,2,0.0,1,2,3,0.0,-0.11227262637457826,-0.489013248180181,-0.5725850877823285,0.0,0.0,0.0,0.0,-0.041462984982604485,-0.8888888888888888,-1.0,0.0,-0.14478295061395813,0.0,0.0,0.0,0.0,1,0.0,0.0,0.0,1,0.0,0.0,0.0,1,0.0,1,1,0.0,Fingerprinting,1
0,0.0,0.0,0,9.792779430551706,5.54907608489522,0.0,2,0.0,1,2,3,0.0,-0.11227262637457826,-0.489013248180181,-0.5725850877823285,0.0,0.0,0.0,0.0,-0.041462984982604485,-0.8888888888888888,-1.0,0.0,-0.14478295061395813,0.0,0.0,0.0,0.0,1,0.0,0.0,0.0,1,0.0,0.0,0.0,1,0.0,1,1,0.0,Fingerprinting,1
0,0.0,0.0,0,9.901084667919818,5.54907608489522,0.0,2,0.0,1,2,3,0.0,-0.11227262637457826,-0.489013248180181,-0.5725850877823285,0.0,0.0,0.0,0.0,-0.041462984982604485,-0.8888888888888888,-1.0,0.0,-0.14478295061395813,0.0,0.0,0.0,0.0,1,0.0,0.0,0.0,1,0.0,0.0,0.0,1,0.0,1,1,0.0,Fingerprinting,1
0,0.0,0.0,0,8.696510239189893,0.0,0.0,2,0.0,1,2,3,0.0,-0.11227262637457826,-0.489013248180181,-0.5725850877823285,0.0,0.0,0.0,0.0,-0.041462984982604485,-0.8888888888888888,-1.0,0.0,-0.14478295061395813,0.0,0.0,0.0,0.0,1,0.0,0.0,0.0,1,0.0,0.0,0.0,1,0.0,1,1,0.0,Fingerprinting,1
0,0.0,0.0,0,10.569674551513291,0.0,18.15744346151556,2,0.0,1,2,3,0.0,-0.11227262637457826,-0.489013248180181,-0.5725850877823285,0.0,0.0,0.0,0.0,-0.041462984982604485,-0.8888888888888888,-1.0,0.0,-0.14478295061395813,0.0,0.0,0.0,0.0,1,0.0,0.0,0.0,1,0.0,0.0,0.0,1,0.0,1,1,0.0,Fingerprinting,1
0,0.0,0.0,0,8.072779333169498,0.0,0.0,2,0.0,1,2,3,0.0,-0.11227262637457826,-0.489013248180181,-0.5725850877823285,0.0,0.0,0.0,0.0,-0.041462984982604485,-0.8888888888888888,-1.0,0.0,-0.14478295061395813,0.0,0.0,0.0,0.0,1,0.0,0.0,0.0,1,0.0,0.0,0.0,1,0.0,1,1,0.0,Fingerprinting,1
0,0.0,0.0,0,0.0,0.0,0.0,2,0.0,1,2,3,0.0,-0.11227262637457826,-0.489013248180181,0.45491125961054824,0.0,0.0,0.6931471805599453,0.0,1.401594222046065,-0.7777777777777778,-1.0,0.0,-0.14478295061395813,0.0,0.0,0.0,0.0,1,0.0,0.0,0.0,1,0.0,0.0,0.0,1,0.0,1,1,0.0,Fingerprinting,1
0,0.0,0.0,0,0.0,0.0,0.0,2,0.0,1,2,3,0.0,0.0,0.38600788153683563,0.6182845919858208,0.0,0.6931471805599453,0.0,0.0,0.6994759325318184,0.2222222222222222,0.0,0.0,0.0,0.0,0.0,0.0,0.0,1,0.0,0.0,0.0,1,0.0,0.0,0.0,1,0.0,1,1,0.0,Fingerprinting,1
0,0.0,0.0,0,0.0,0.0,0.0,2,0.0,1,2,3,0.0,-0.11227262637457826,-0.489013248180181,0.8052501736485354,0.0,0.0,0.6931471805599453,0.0,1.401594222046065,-0.7777777777777778,-1.0,0.0,-0.14478295061395813,0.0,0.0,0.0,0.0,1,0.0,0.0,0.0,1,0.0,0.0,0.0,1,0.0,1,1,0.0,Fingerprinting,1
0,0.0,0.0,0,0.0,0.0,0.0,2,0.0,1,2,3,0.0,0.0,-0.394537883526105,0.9686235060238079,0.0,0.6931471805599453,0.0,0.0,0.5182102435372352,0.2222222222222222,0.0,0.0,0.0,0.0,0.0,0.0,0.0,1,0.0,0.0,0.0,1,0.0,0.0,0.0,1,0.0,1,1,0.0,Fingerprinting,1
0,0.0,0.0,0,10.15202590887028,0.0,0.0,2,0.0,1,2,3,0.0,-0.11227262637457826,-0.489013248180181,-0.5725850877823285,0.0,0.0,0.0,0.0,-0.041462984982604485,-0.8888888888888888,-1.0,0.0,-0.14478295061395813,0.0,0.0,0.0,0.0,1,0.0,0.0,0.0,1,0.0,0.0,0.0,1,0.0,1,1,0.0,Fingerprinting,1
0,0.0,0.0,0,10.22886272963353,0.0,0.0,2,0.0,1,2,3,0.0,-0.11227262637457826,-0.489013248180181,-0.5725850877823285,0.0,0.0,0.0,0.0,-0.041462984982604485,-0.8888888888888888,-1.0,0.0,-0.14478295061395813,0.0,0.0,0.0,0.0,1,0.0,0.0,0.0,1,0.0,0.0,0.0,1,0.0,1,1,0.0,Fingerprinting,1
0,0.0,0.0,0,7.443663683115591,5.54907608489522,0.0,2,0.0,1,2,3,0.0,-0.11227262637457826,-0.489013248180181,-0.5725850877823285,0.0,0.0,0.0,0.0,-0.041462984982604485,-0.8888888888888888,-1.0,0.0,-0.14478295061395813,0.0,0.0,0.0,0.0,1,0.0,0.0,0.0,1,0.0,0.0,0.0,1,0.0,1,1,0.0,Fingerprinting,1
0,0.0,0.0,0,8.231376045573969,5.54907608489522,0.0,2,0.0,1,2,3,0.0,-0.11227262637457826,-0.489013248180181,-0.5725850877823285,0.0,0.0,0.0,0.0,-0.041462984982604485,-0.8888888888888888,-1.0,0.0,-0.14478295061395813,0.0,0.0,0.0,0.0,1,0.0,0.0,0.0,1,0.0,0.0,0.0,1,0.0,1,1,0.0,Fingerprinting,1
0,0.0,0.0,0,10.93291052185124,0.0,0.0,2,0.0,1,2,3,0.0,-0.11227262637457826,-0.489013248180181,-0.5725850877823285,0.0,0.0,0.0,0.0,-0.041462984982604485,-0.8888888888888888,-1.0,0.0,-0.14478295061395813,0.0,0.0,0.0,0.0,1,0.0,0.0,0.0,1,0.0,0.0,0.0,1,0.0,1,1,0.0,Fingerprinting,1
0,0.0,0.0,0,9.373479109353363,0.0,18.15751915870913,2,0.0,1,2,3,0.0,-0.11227262637457826,-0.489013248180181,-0.5725850877823285,0.0,0.0,0.0,0.0,-0.041462984982604485,-0.8888888888888888,-1.0,0.0,-0.14478295061395813,0.0,0.0,0.0,0.0,1,0.0,0.0,0.0,1,0.0,0.0,0.0,1,0.0,1,1,0.0,Fingerprinting,1
0,0.0,0.0,0,10.699101064640564,0.0,0.0,2,0.0,1,2,3,0.0,-0.11227262637457826,-0.489013248180181,-0.5725850877823285,0.0,0.0,0.0,0.0,-0.041462984982604485,-0.8888888888888888,-1.0,0.0,-0.14478295061395813,0.0,0.0,0.0,0.0,1,0.0,0.0,0.0,1,0.0,0.0,0.0,1,0.0,1,1,0.0,Fingerprinting,1
0,0.0,0.0,0,0.0,0.0,0.0,2,0.0,1,2,3,0.0,-0.11227262637457826,-0.489013248180181,-0.41946300687408683,0.0,0.0,0.6931471805599453,0.0,1.401594222046065,-0.7777777777777778,-1.0,0.0,-0.14478295061395813,0.0,0.0,0.0,0.0,1,0.0,0.0,0.0,1,0.0,0.0,0.0,1,0.0,1,1,0.0,Fingerprinting,1
0,0.0,0.0,0,0.0,0.0,0.0,2,0.0,1,2,3,0.0,0.0,-0.4554620418604841,-0.2560896744988144,0.0,0.6931471805599453,0.0,0.0,0.6701237503853438,0.2222222222222222,0.0,0.0,0.0,0.0,0.0,0.0,0.0,1,0.0,0.0,0.0,1,0.0,0.0,0.0,1,0.0,1,1,0.0,Fingerprinting,1
0,0.0,0.0,0,10.7856422224806,0.0,0.0,2,0.0,1,2,3,0.0,-0.11227262637457826,-0.489013248180181,-0.5725850877823285,0.0,0.0,0.0,0.0,-0.041462984982604485,-0.8888888888888888,-1.0,0.0,-0.14478295061395813,0.0,0.0,0.0,0.0,1,0.0,0.0,0.0,1,0.0,0.0,0.0,1,0.0,1,1,0.0,Fingerprinting,1
0,0.0,0.0,0,10.827151038739697,0.0,0.0,2,0.0,1,2,3,0.0,-0.11227262637457826,-0.489013248180181,-0.5725850877823285,0.0,0.0,0.0,0.0,-0.041462984982604485,-0.8888888888888888,-1.0,0.0,-0.14478295061395813,0.0,0.0,0.0,0.0,1,0.0,0.0,0.0,1,0.0,0.0,0.0,1,0.0,1,1,0.0,Fingerprinting,1
0,0.0,0.0,0,10.866776367570866,5.54907608489522,0.0,2,0.0,1,2,3,0.0,-0.11227262637457826,-0.489013248180181,-0.5725850877823285,0.0,0.0,0.0,0.0,-0.041462984982604485,-0.8888888888888888,-1.0,0.0,-0.14478295061395813,0.0,0.0,0.0,0.0,1,0.0,0.0,0.0,1,0.0,0.0,0.0,1,0.0,1,1,0.0,Fingerprinting,1
0,0.0,0.0,0,10.905111587554558,5.54907608489522,0.0,2,0.0,1,2,3,0.0,-0.11227262637457826,-0.489013248180181,-0.5725850877823285,0.0,0.0,0.0,0.0,-0.041462984982604485,-0.8888888888888888,-1.0,0.0,-0.14478295061395813,0.0,0.0,0.0,0.0,1,0.0,0.0,0.0,1,0.0,0.0,0.0,1,0.0,1,1,0.0,Fingerprinting,1
0,0.0,0.0,0,11.001416274292268,0.0,0.0,2,0.0,1,2,3,0.0,-0.11227262637457826,-0.489013248180181,-0.5725850877823285,0.0,0.0,0.0,0.0,-0.041462984982604485,-0.8888888888888888,-1.0,0.0,-0.14478295061395813,0.0,0.0,0.0,0.0,1,0.0,0.0,0.0,1,0.0,0.0,0.0,1,0.0,1,1,0.0,Fingerprinting,1
0,0.0,0.0,0,8.689127655323706,0.0,18.157582933505797,2,0.0,1,2,3,0.0,-0.11227262637457826,-0.489013248180181,-0.5725850877823285,0.0,0.0,0.0,0.0,-0.041462984982604485,-0.8888888888888888,-1.0,0.0,-0.14478295061395813,0.0,0.0,0.0,0.0,1,0.0,0.0,0.0,1,0.0,0.0,0.0,1,0.0,1,1,0.0,Fingerprinting,1
0,0.0,0.0,0,10.696457443375465,0.0,0.0,2,0.0,1,2,3,0.0,-0.11227262637457826,-0.489013248180181,-0.5725850877823285,0.0,0.0,0.0,0.0,-0.041462984982604485,-0.8888888888888888,-1.0,0.0,-0.14478295061395813,0.0,0.0,0.0,0.0,1,0.0,0.0,0.0,1,0.0,0.0,0.0,1,0.0,1,1,0.0,Fingerprinting,1
0,0.0,0.0,0,0.0,0.0,0.0,2,0.0,1,2,3,0.0,-0.11227262637457826,-0.489013248180181,0.4181935762017676,0.0,0.0,0.6931471805599453,0.0,1.401594222046065,-0.7777777777777778,-1.0,0.0,-0.14478295061395813,0.0,0.0,0.0,0.0,1,0.0,0.0,0.0,1,0.0,0.0,0.0,1,0.0,1,1,0.0,Fingerprinting,1
0,0.0,0.0,0,0.0,0.0,0.0,2,0.0,1,2,3,0.0,0.0,0.05804455238424203,0.5815669085770401,0.0,0.6931471805599453,0.0,0.0,0.12051349804025191,0.2222222222222222,0.0,0.0,0.0,0.0,0.0,0.0,0.0,1,0.0,0.0,0.0,1,0.0,0.0,0.0,1,0.0,1,1,0.0,Fingerprinting,1
0,0.0,0.0,0,9.154087430425385,0.0,0.0,2,0.0,1,2,3,0.0,-0.11227262637457826,-0.489013248180181,-0.5725850877823285,0.0,0.0,0.0,0.0,-0.041462984982604485,-0.8888888888888888,-1.0,0.0,-0.14478295061395813,0.0,0.0,0.0,0.0,1,0.0,0.0,0.0,1,0.0,0.0,0.0,1,0.0,1,1,0.0,Fingerprinting,1
0,0.0,0.0,0,9.350189267092581,0.0,0.0,2,0.0,1,2,3,0.0,-0.11227262637457826,-0.489013248180181,-0.5725850877823285,0.0,0.0,0.0,0.0,-0.041462984982604485,-0.8888888888888888,-1.0,0.0,-0.14478295061395813,0.0,0.0,0.0,0.0,1,0.0,0.0,0.0,1,0.0,0.0,0.0,1,0.0,1,1,0.0,Fingerprinting,1
0,0.0,0.0,0,10.776870783399007,5.54907608489522,0.0,2,0.0,1,2,3,0.0,-0.11227262637457826,-0.489013248180181,-0.5725850877823285,0.0,0.0,0.0,0.0,-0.041462984982604485,-0.8888888888888888,-1.0,0.0,-0.14478295061395813,0.0,0.0,0.0,0.0,1,0.0,0.0,0.0,1,0.0,0.0,0.0,1,0.0,1,1,0.0,Fingerprinting,1
0,0.0,0.0,0,10.818737743235035,5.54907608489522,0.0,2,0.0,1,2,3,0.0,-0.11227262637457826,-0.489013248180181,-0.5725850877823285,0.0,0.0,0.0,0.0,-0.041462984982604485,-0.8888888888888888,-1.0,0.0,-0.14478295061395813,0.0,0.0,0.0,0.0,1,0.0,0.0,0.0,1,0.0,0.0,0.0,1,0.0,1,1,0.0,Fingerprinting,1
0,0.0,0.0,0,10.407983184107247,0.0,0.0,2,0.0,1,2,3,0.0,-0.11227262637457826,-0.489013248180181,-0.5725850877823285,0.0,0.0,0.0,0.0,-0.041462984982604485,-0.8888888888888888,-1.0,0.0,-0.14478295061395813,0.0,0.0,0.0,0.0,1,0.0,0.0,0.0,1,0.0,0.0,0.0,1,0.0,1,1,0.0,Fingerprinting,1
0,0.0,0.0,0,10.429546556942707,0.0,18.157653130517588,2,0.0,1,2,3,0.0,-0.11227262637457826,-0.489013248180181,-0.5725850877823285,0.0,0.0,0.0,0.0,-0.041462984982604485,-0.8888888888888888,-1.0,0.0,-0.14478295061395813,0.0,0.0,0.0,0.0,1,0.0,0.0,0.0,1,0.0,0.0,0.0,1,0.0,1,1,0.0,Fingerprinting,1
0,0.0,0.0,0,10.03341872212816,0.0,0.0,2,0.0,1,2,3,0.0,-0.11227262637457826,-0.489013248180181,-0.5725850877823285,0.0,0.0,0.0,0.0,-0.041462984982604485,-0.8888888888888888,-1.0,0.0,-0.14478295061395813,0.0,0.0,0.0,0.0,1,0.0,0.0,0.0,1,0.0,0.0,0.0,1,0.0,1,1,0.0,Fingerprinting,1
0,0.0,0.0,0,0.0,0.0,0.0,2,0.0,1,2,3,0.0,-0.11227262637457826,-0.489013248180181,0.2661014107446528,0.0,0.0,0.6931471805599453,0.0,1.401594222046065,-0.7777777777777778,-1.0,0.0,-0.14478295061395813,0.0,0.0,0.0,0.0,1,0.0,0.0,0.0,1,0.0,0.0,0.0,1,0.0,1,1,0.0,Fingerprinting,1
0,0.0,0.0,0,0.0,0.0,0.0,2,0.0,1,2,3,0.0,0.0,0.03567444685010634,0.4294747431199253,0.0,0.6931471805599453,0.0,0.0,1.3430219756022372,0.2222222222222222,0.0,0.0,0.0,0.0,0.0,0.0,0.0,1,0.0,0.0,0.0,1,0.0,0.0,0.0,1,0.0,1,1,0.0,Fingerprinting,1
0,0.0,0.0,0,0.0,0.0,0.0,2,0.0,1,2,3,0.0,-0.11227262637457826,-0.489013248180181,0.3962300304184331,0.0,0.0,0.6931471805599453,0.0,1.401594222046065,-0.7777777777777778,-1.0,0.0,-0.14478295061395813,0.0,0.0,0.0,0.0,1,0.0,0.0,0.0,1,0.0,0.0,0.0,1,0.0,1,1,0.0,Fingerprinting,1
0,0.0,0.0,0,0.0,0.0,0.0,2,0.0,1,2,3,0.0,0.0,0.09300231887520746,0.5596033627937056,0.0,0.6931471805599453,0.0,0.0,1.011097899326199,0.2222222222222222,0.0,0.0,0.0,0.0,0.0,0.0,0.0,1,0.0,0.0,0.0,1,0.0,0.0,0.0,1,0.0,1,1,0.0,Fingerprinting,1
0,0.0,0.0,0,10.579335968517745,0.0,0.0,2,0.0,1,2,3,0.0,-0.11227262637457826,-0.489013248180181,-0.5725850877823285,0.0,0.0,0.0,0.0,-0.041462984982604485,-0.8888888888888888,-1.0,0.0,-0.14478295061395813,0.0,0.0,0.0,0.0,1,0.0,0.0,0.0,1,0.0,0.0,0.0,1,0.0,1,1,0.0,Fingerprinting,1
0,0.0,0.0,0,10.630117863912622,0.0,0.0,2,0.0,1,2,3,0.0,-0.11227262637457826,-0.489013248180181,-0.5725850877823285,0.0,0.0,0.0,0.0,-0.041462984982604485,-0.8888888888888888,-1.0,0.0,-0.14478295061395813,0.0,0.0,0.0,0.0,1,0.0,0.0,0.0,1,0.0,0.0,0.0,1,0.0,1,1,0.0,Fingerprinting,1
0,0.0,0.0,0,10.93674320772623,5.54907608489522,0.0,2,0.0,1,2,3,0.0,-0.11227262637457826,-0.489013248180181,-0.5725850877823285,0.0,0.0,0.0,0.0,-0.041462984982604485,-0.8888888888888888,-1.0,0.0,-0.14478295061395813,0.0,0.0,0.0,0.0,1,0.0,0.0,0.0,1,0.0,0.0,0.0,1,0.0,1,1,0.0,Fingerprinting,1
0,0.0,0.0,0,10.972533705602471,5.54907608489522,0.0,2,0.0,1,2,3,0.0,-0.11227262637457826,-0.489013248180181,-0.5725850877823285,0.0,0.0,0.0,0.0,-0.041462984982604485,-0.8888888888888888,-1.0,0.0,-0.14478295061395813,0.0,0.0,0.0,0.0,1,0.0,0.0,0.0,1,0.0,0.0,0.0,1,0.0,1,1,0.0,Fingerprinting,1
0,0.0,0.0,0,8.674196940225903,0.0,0.0,2,0.0,1,2,3,0.0,-0.11227262637457826,-0.489013248180181,-0.5725850877823285,0.0,0.0,0.0,0.0,-0.041462984982604485,-0.8888888888888888,-1.0,0.0,-0.14478295061395813,0.0,0.0,0.0,0.0,1,0.0,0.0,0.0,1,0.0,0.0,0.0,1,0.0,1,1,0.0,Fingerprinting,1
0,0.0,0.0,0,10.929296146316137,0.0,18.15775927527544,2,0.0,1,2,3,0.0,-0.11227262637457826,-0.489013248180181,-0.5725850877823285,0.0,0.0,0.0,0.0,-0.041462984982604485,-0.8888888888888888,-1.0,0.0,-0.14478295061395813,0.0,0.0,0.0,0.0,1,0.0,0.0,0.0,1,0.0,0.0,0.0,1,0.0,1,1,0.0,Fingerprinting,1
0,0.0,0.0,0,9.808792183696804,0.0,0.0,2,0.0,1,2,3,0.0,-0.11227262637457826,-0.489013248180181,-0.5725850877823285,0.0,0.0,0.0,0.0,-0.041462984982604485,-0.8888888888888888,-1.0,0.0,-0.14478295061395813,0.0,0.0,0.0,0.0,1,0.0,0.0,0.0,1,0.0,0.0,0.0,1,0.0,1,1,0.0,Fingerprinting,1
0,0.0,0.0,0,0.0,0.0,0.0,2,0.0,1,2,3,0.0,-0.11227262637457826,-0.489013248180181,-0.1636607506407032,0.0,0.0,0.6931471805599453,0.0,1.401594222046065,-0.7777777777777778,-1.0,0.0,-0.14478295061395813,0.0,0.0,0.0,0.0,1,0.0,0.0,0.0,1,0.0,0.0,0.0,1,0.0,1,1,0.0,Fingerprinting,1
0,0.0,0.0,0,0.0,0.0,0.0,2,0.0,1,2,3,0.0,0.0,-0.13966732409372,-0.00028741826543076814,0.0,0.6931471805599453,0.0,0.0,0.2942044303518739,0.2222222222222222,0.0,0.0,0.0,0.0,0.0,0.0,0.0,1,0.0,0.0,0.0,1,0.0,0.0,0.0,1,0.0,1,1,0.0,Fingerprinting,1
0,0.0,0.0,0,9.576232704964523,0.0,0.0,2,0.0,1,2,3,0.0,-0.11227262637457826,-0.489013248180181,-0.5725850877823285,0.0,0.0,0.0,0.0,-0.041462984982604485,-0.8888888888888888,-1.0,0.0,-0.14478295061395813,0.0,0.0,0.0,0.0,1,0.0,0.0,0.0,1,0.0,0.0,0.0,1,0.0,1,1,0.0,Fingerprinting,1
0,0.0,0.0,0,9.709052927858371,0.0,0.0,2,0.0,1,2,3,0.0,-0.11227262637457826,-0.489013248180181,-0.5725850877823285,0.0,0.0,0.0,0.0,-0.041462984982604485,-0.8888888888888888,-1.0,0.0,-0.14478295061395813,0.0,0.0,0.0,0.0,1,0.0,0.0,0.0,1,0.0,0.0,0.0,1,0.0,1,1,0.0,Fingerprinting,1
0,0.0,0.0,0,11.018383211277339,5.54907608489522,0.0,2,0.0,1,2,3,0.0,-0.11227262637457826,-0.489013248180181,-0.5725850877823285,0.0,0.0,0.0,0.0,-0.041462984982604485,-0.8888888888888888,-1.0,0.0,-0.14478295061395813,0.0,0.0,0.0,0.0,1,0.0,0.0,0.0,1,0.0,0.0,0.0,1,0.0,1,1,0.0,Fingerprinting,1
0,0.0,0.0,0,11.051413677757159,5.54907608489522,0.0,2,0.0,1,2,3,0.0,-0.11227262637457826,-0.489013248180181,-0.5725850877823285,0.0,0.0,0.0,0.0,-0.041462984982604485,-0.8888888888888888,-1.0,0.0,-0.14478295061395813,0.0,0.0,0.0,0.0,1,0.0,0.0,0.0,1,0.0,0.0,0.0,1,0.0,1,1,0.0,Fingerprinting,1
0,0.0,0.0,0,9.741145078057485,0.0,0.0,2,0.0,1,2,3,0.0,-0.11227262637457826,-0.489013248180181,-0.5725850877823285,0.0,0.0,0.0,0.0,-0.041462984982604485,-0.8888888888888888,-1.0,0.0,-0.14478295061395813,0.0,0.0,0.0,0.0,1,0.0,0.0,0.0,1,0.0,0.0,0.0,1,0.0,1,1,0.0,Fingerprinting,1
0,0.0,0.0,0,10.969301129452852,0.0,18.157816999765647,2,0.0,1,2,3,0.0,-0.11227262637457826,-0.489013248180181,-0.5725850877823285,0.0,0.0,0.0,0.0,-0.041462984982604485,-0.8888888888888888,-1.0,0.0,-0.14478295061395813,0.0,0.0,0.0,0.0,1,0.0,0.0,0.0,1,0.0,0.0,0.0,1,0.0,1,1,0.0,Fingerprinting,1
0,0.0,0.0,0,8.280964400553373,0.0,0.0,2,0.0,1,2,3,0.0,-0.11227262637457826,-0.489013248180181,-0.5725850877823285,0.0,0.0,0.0,0.0,-0.041462984982604485,-0.8888888888888888,-1.0,0.0,-0.14478295061395813,0.0,0.0,0.0,0.0,1,0.0,0.0,0.0,1,0.0,0.0,0.0,1,0.0,1,1,0.0,Fingerprinting,1
0,0.0,0.0,0,0.0,0.0,0.0,2,0.0,1,2,3,0.0,-0.11227262637457826,-0.489013248180181,0.04910062034442289,0.0,0.0,0.6931471805599453,0.0,1.401594222046065,-0.7777777777777778,-1.0,0.0,-0.14478295061395813,0.0,0.0,0.0,0.0,1,0.0,0.0,0.0,1,0.0,0.0,0.0,1,0.0,1,1,0.0,Fingerprinting,1
0,0.0,0.0,0,0.0,0.0,0.0,2,0.0,1,2,3,0.0,0.0,-0.45204167879837165,0.21247395271969532,0.0,0.6931471805599453,0.0,0.0,0.513718236667107,0.2222222222222222,0.0,0.0,0.0,0.0,0.0,0.0,0.0,1,0.0,0.0,0.0,1,0.0,0.0,0.0,1,0.0,1,1,0.0,Fingerprinting,1
0,0.0,0.0,0,9.941553753342584,0.0,0.0,2,0.0,1,2,3,0.0,-0.11227262637457826,-0.489013248180181,-0.5725850877823285,0.0,0.0,0.0,0.0,-0.041462984982604485,-0.8888888888888888,-1.0,0.0,-0.14478295061395813,0.0,0.0,0.0,0.0,1,0.0,0.0,0.0,1,0.0,0.0,0.0,1,0.0,1,1,0.0,Fingerprinting,1
0,0.0,0.0,0,10.035567892893337,0.0,0.0,2,0.0,1,2,3,0.0,-0.11227262637457826,-0.489013248180181,-0.5725850877823285,0.0,0.0,0.0,0.0,-0.041462984982604485,-0.8888888888888888,-1.0,0.0,-0.14478295061395813,0.0,0.0,0.0,0.0,1,0.0,0.0,0.0,1,0.0,0.0,0.0,1,0.0,1,1,0.0,Fingerprinting,1
0,0.0,0.0,0,9.040263541598666,5.54907608489522,0.0,2,0.0,1,2,3,0.0,-0.11227262637457826,-0.489013248180181,-0.5725850877823285,0.0,0.0,0.0,0.0,-0.041462984982604485,-0.8888888888888888,-1.0,0.0,-0.14478295061395813,0.0,0.0,0.0,0.0,1,0.0,0.0,0.0,1,0.0,0.0,0.0,1,0.0,1,1,0.0,Fingerprinting,1
0,0.0,0.0,0,9.257605564443297,5.54907608489522,0.0,2,0.0,1,2,3,0.0,-0.11227262637457826,-0.489013248180181,-0.5725850877823285,0.0,0.0,0.0,0.0,-0.041462984982604485,-0.8888888888888888,-1.0,0.0,-0.14478295061395813,0.0,0.0,0.0,0.0,1,0.0,0.0,0.0,1,0.0,0.0,0.0,1,0.0,1,1,0.0,Fingerprinting,1
0,0.0,0.0,0,10.137808404440463,0.0,0.0,2,0.0,1,2,3,0.0,-0.11227262637457826,-0.489013248180181,-0.5725850877823285,0.0,0.0,0.0,0.0,-0.041462984982604485,-0.8888888888888888,-1.0,0.0,-0.14478295061395813,0.0,0.0,0.0,0.0,1,0.0,0.0,0.0,1,0.0,0.0,0.0,1,0.0,1,1,0.0,Fingerprinting,1
0,0.0,0.0,0,10.915088464214607,0.0,18.157890756877865,2,0.0,1,2,3,0.0,-0.11227262637457826,-0.489013248180181,-0.5725850877823285,0.0,0.0,0.0,0.0,-0.041462984982604485,-0.8888888888888888,-1.0,0.0,-0.14478295061395813,0.0,0.0,0.0,0.0,1,0.0,0.0,0.0,1,0.0,0.0,0.0,1,0.0,1,1,0.0,Fingerprinting,1
0,0.0,0.0,0,9.4925826756776,0.0,0.0,2,0.0,1,2,3,0.0,-0.11227262637457826,-0.489013248180181,-0.5725850877823285,0.0,0.0,0.0,0.0,-0.041462984982604485,-0.8888888888888888,-1.0,0.0,-0.14478295061395813,0.0,0.0,0.0,0.0,1,0.0,0.0,0.0,1,0.0,0.0,0.0,1,0.0,1,1,0.0,Fingerprinting,1
0,0.0,0.0,0,0.0,0.0,0.0,2,0.0,1,2,3,0.0,-0.11227262637457826,-0.489013248180181,-0.2112045220473761,0.0,0.0,0.6931471805599453,0.0,1.401594222046065,-0.7777777777777778,-1.0,0.0,-0.14478295061395813,0.0,0.0,0.0,0.0,1,0.0,0.0,0.0,1,0.0,0.0,0.0,1,0.0,1,1,0.0,Fingerprinting,1
0,0.0,0.0,0,0.0,0.0,0.0,2,0.0,1,2,3,0.0,0.0,0.34812859659298306,-0.04783118967210366,0.0,0.6931471805599453,0.0,0.0,0.08468754128682784,0.2222222222222222,0.0,0.0,0.0,0.0,0.0,0.0,0.0,1,0.0,0.0,0.0,1,0.0,0.0,0.0,1,0.0,1,1,0.0,Fingerprinting,1
0,0.0,0.0,0,9.432283202713874,0.0,0.0,2,0.0,1,2,3,0.0,-0.11227262637457826,-0.489013248180181,-0.5725850877823285,0.0,0.0,0.0,0.0,-0.041462984982604485,-0.8888888888888888,-1.0,0.0,-0.14478295061395813,0.0,0.0,0.0,0.0,1,0.0,0.0,0.0,1,0.0,0.0,0.0,1,0.0,1,1,0.0,Fingerprinting,1
0,0.0,0.0,0,9.58417720462617,0.0,0.0,2,0.0,1,2,3,0.0,-0.11227262637457826,-0.489013248180181,-0.5725850877823285,0.0,0.0,0.0,0.0,-0.041462984982604485,-0.8888888888888888,-1.0,0.0,-0.14478295061395813,0.0,0.0,0.0,0.0,1,0.0,0.0,0.0,1,0.0,0.0,0.0,1,0.0,1,1,0.0,Fingerprinting,1
0,0.0,0.0,0,10.823411675642705,5.54907608489522,0.0,2,0.0,1,2,3,0.0,-0.11227262637457826,-0.489013248180181,-0.5725850877823285,0.0,0.0,0.0,0.0,-0.041462984982604485,-0.8888888888888888,-1.0,0.0,-0.14478295061395813,0.0,0.0,0.0,0.0,1,0.0,0.0,0.0,1,0.0,0.0,0.0,1,0.0,1,1,0.0,Fingerprinting,1
0,0.0,0.0,0,10.863412321430344,5.54907608489522,0.0,2,0.0,1,2,3,0.0,-0.11227262637457826,-0.489013248180181,-0.5725850877823285,0.0,0.0,0.0,0.0,-0.041462984982604485,-0.8888888888888888,-1.0,0.0,-0.14478295061395813,0.0,0.0,0.0,0.0,1,0.0,0.0,0.0,1,0.0,0.0,0.0,1,0.0,1,1,0.0,Fingerprinting,1
0,0.0,0.0,0,8.587465244401569,0.0,0.0,2,0.0,1,2,3,0.0,-0.11227262637457826,-0.489013248180181,-0.5725850877823285,0.0,0.0,0.0,0.0,-0.041462984982604485,-0.8888888888888888,-1.0,0.0,-0.14478295061395813,0.0,0.0,0.0,0.0,1,0.0,0.0,0.0,1,0.0,0.0,0.0,1,0.0,1,1,0.0,Fingerprinting,1
0,0.0,0.0,0,10.103280590242088,0.0,18.15796007397998,2,0.0,1,2,3,0.0,-0.11227262637457826,-0.489013248180181,-0.5725850877823285,0.0,0.0,0.0,0.0,-0.041462984982604485,-0.8888888888888888,-1.0,0.0,-0.14478295061395813,0.0,0.0,0.0,0.0,1,0.0,0.0,0.0,1,0.0,0.0,0.0,1,0.0,1,1,0.0,Fingerprinting,1
0,0.0,0.0,0,10.888539128981071,0.0,0.0,2,0.0,1,2,3,0.0,-0.11227262637457826,-0.489013248180181,-0.5725850877823285,0.0,0.0,0.0,0.0,-0.041462984982604485,-0.8888888888888888,-1.0,0.0,-0.14478295061395813,0.0,0.0,0.0,0.0,1,0.0,0.0,0.0,1,0.0,0.0,0.0,1,0.0,1,1,0.0,Fingerprinting,1
0,0.0,0.0,0,0.0,0.0,0.0,2,0.0,1,2,3,0.0,-0.11227262637457826,-0.489013248180181,0.268712126655649,0.0,0.0,0.6931471805599453,0.0,1.401594222046065,-0.7777777777777778,-1.0,0.0,-0.14478295061395813,0.0,0.0,0.0,0.0,1,0.0,0.0,0.0,1,0.0,0.0,0.0,1,0.0,1,1,0.0,Fingerprinting,1
0,0.0,0.0,0,0.0,0.0,0.0,2,0.0,1,2,3,0.0,0.0,0.03844130434865085,0.43208545903092144,0.0,0.6931471805599453,0.0,0.0,1.1178711410578235,0.2222222222222222,0.0,0.0,0.0,0.0,0.0,0.0,0.0,1,0.0,0.0,0.0,1,0.0,0.0,0.0,1,0.0,1,1,0.0,Fingerprinting,1
0,0.0,0.0,0,10.008928064994125,0.0,0.0,2,0.0,1,2,3,0.0,-0.11227262637457826,-0.489013248180181,-0.5725850877823285,0.0,0.0,0.0,0.0,-0.041462984982604485,-0.8888888888888888,-1.0,0.0,-0.14478295061395813,0.0,0.0,0.0,0.0,1,0.0,0.0,0.0,1,0.0,0.0,0.0,1,0.0,1,1,0.0,Fingerprinting,1
0,0.0,0.0,0,10.097078701588314,0.0,0.0,2,0.0,1,2,3,0.0,-0.11227262637457826,-0.489013248180181,-0.5725850877823285,0.0,0.0,0.0,0.0,-0.041462984982604485,-0.8888888888888888,-1.0,0.0,-0.14478295061395813,0.0,0.0,0.0,0.0,1,0.0,0.0,0.0,1,0.0,0.0,0.0,1,0.0,1,1,0.0,Fingerprinting,1
0,0.0,0.0,0,10.999613419284296,5.54907608489522,0.0,2,0.0,1,2,3,0.0,-0.11227262637457826,-0.489013248180181,-0.5725850877823285,0.0,0.0,0.0,0.0,-0.041462984982604485,-0.8888888888888888,-1.0,0.0,-0.14478295061395813,0.0,0.0,0.0,0.0,1,0.0,0.0,0.0,1,0.0,0.0,0.0,1,0.0,1,1,0.0,Fingerprinting,1
0,0.0,0.0,0,11.03325930345334,5.54907608489522,0.0,2,0.0,1,2,3,0.0,-0.11227262637457826,-0.489013248180181,-0.5725850877823285,0.0,0.0,0.0,0.0,-0.041462984982604485,-0.8888888888888888,-1.0,0.0,-0.14478295061395813,0.0,0.0,0.0,0.0,1,0.0,0.0,0.0,1,0.0,0.0,0.0,1,0.0,1,1,0.0,Fingerprinting,1
0,0.0,0.0,0,9.95394299602462,0.0,0.0,2,0.0,1,2,3,0.0,-0.11227262637457826,-0.489013248180181,-0.5725850877823285,0.0,0.0,0.0,0.0,-0.041462984982604485,-0.8888888888888888,-1.0,0.0,-0.14478295061395813,0.0,0.0,0.0,0.0,1,0.0,0.0,0.0,1,0.0,0.0,0.0,1,0.0,1,1,0.0,Fingerprinting,1
0,0.0,0.0,0,10.303605054317698,0.0,18.15802674651633,2,0.0,1,2,3,0.0,-0.11227262637457826,-0.489013248180181,-0.5725850877823285,0.0,0.0,0.0,0.0,-0.041462984982604485,-0.8888888888888888,-1.0,0.0,-0.14478295061395813,0.0,0.0,0.0,0.0,1,0.0,0.0,0.0,1,0.0,0.0,0.0,1,0.0,1,1,0.0,Fingerprinting,1
0,0.0,0.0,0,9.515100775962715,0.0,0.0,2,0.0,1,2,3,0.0,-0.11227262637457826,-0.489013248180181,-0.5725850877823285,0.0,0.0,0.0,0.0,-0.041462984982604485,-0.8888888888888888,-1.0,0.0,-0.14478295061395813,0.0,0.0,0.0,0.0,1,0.0,0.0,0.0,1,0.0,0.0,0.0,1,0.0,1,1,0.0,Fingerprinting,1
0,0.0,0.0,0,0.0,0.0,0.0,2,0.0,1,2,3,0.0,-0.11227262637457826,-0.489013248180181,-0.22753946013269144,0.0,0.0,0.6931471805599453,0.0,1.401594222046065,-0.7777777777777778,-1.0,0.0,-0.14478295061395813,0.0,0.0,0.0,0.0,1,0.0,0.0,0.0,1,0.0,0.0,0.0,1,0.0,1,1,0.0,Fingerprinting,1
0,0.0,0.0,0,0.0,0.0,0.0,2,0.0,1,2,3,0.0,0.0,0.017390479421515902,-0.06416612775741898,0.0,0.6931471805599453,0.0,0.0,0.1239926014004492,0.2222222222222222,0.0,0.0,0.0,0.0,0.0,0.0,0.0,1,0.0,0.0,0.0,1,0.0,0.0,0.0,1,0.0,1,1,0.0,Fingerprinting,1
0,0.0,0.0,0,0.0,0.0,0.0,2,0.0,1,2,3,0.0,-0.11227262637457826,-0.489013248180181,0.4007808196210869,0.0,0.0,0.6931471805599453,0.0,1.401594222046065,-0.7777777777777778,-1.0,0.0,-0.14478295061395813,0.0,0.0,0.0,0.0,1,0.0,0.0,0.0,1,0.0,0.0,0.0,1,0.0,1,1,0.0,Fingerprinting,1
0,0.0,0.0,0,0.0,0.0,0.0,2,0.0,1,2,3,0.0,0.0,-0.4460509735216396,0.5641541519963593,0.0,0.6931471805599453,0.0,0.0,0.4057118950103492,0.2222222222222222,0.0,0.0,0.0,0.0,0.0,0.0,0.0,1,0.0,0.0,0.0,1,0.0,0.0,0.0,1,0.0,1,1,0.0,Fingerprinting,1
0,0.0,0.0,0,9.456184308811169,0.0,0.0,2,0.0,1,2,3,0.0,-0.11227262637457826,-0.489013248180181,-0.5725850877823285,0.0,0.0,0.0,0.0,-0.041462984982604485,-0.8888888888888888,-1.0,0.0,-0.14478295061395813,0.0,0.0,0.0,0.0,1,0.0,0.0,0.0,1,0.0,0.0,0.0,1,0.0,1,1,0.0,Fingerprinting,1
0,0.0,0.0,0,9.604744532724922,0.0,0.0,2,0.0,1,2,3,0.0,-0.11227262637457826,-0.489013248180181,-0.5725850877823285,0.0,0.0,0.0,0.0,-0.041462984982604485,-0.8888888888888888,-1.0,0.0,-0.14478295061395813,0.0,0.0,0.0,0.0,1,0.0,0.0,0.0,1,0.0,0.0,0.0,1,0.0,1,1,0.0,Fingerprinting,1
0,0.0,0.0,0,10.041203925899962,5.54907608489522,0.0,2,0.0,1,2,3,0.0,-0.11227262637457826,-0.489013248180181,-0.5725850877823285,0.0,0.0,0.0,0.0,-0.041462984982604485,-0.8888888888888888,-1.0,0.0,-0.14478295061395813,0.0,0.0,0.0,0.0,1,0.0,0.0,0.0,1,0.0,0.0,0.0,1,0.0,1,1,0.0,Fingerprinting,1
0,0.0,0.0,0,10.12667110305036,5.54907608489522,0.0,2,0.0,1,2,3,0.0,-0.11227262637457826,-0.489013248180181,-0.5725850877823285,0.0,0.0,0.0,0.0,-0.041462984982604485,-0.8888888888888888,-1.0,0.0,-0.14478295061395813,0.0,0.0,0.0,0.0,1,0.0,0.0,0.0,1,0.0,0.0,0.0,1,0.0,1,1,0.0,Fingerprinting,1
0,0.0,0.0,0,10.895015618594563,0.0,0.0,2,0.0,1,2,3,0.0,-0.11227262637457826,-0.489013248180181,-0.5725850877823285,0.0,0.0,0.0,0.0,-0.041462984982604485,-0.8888888888888888,-1.0,0.0,-0.14478295061395813,0.0,0.0,0.0,0.0,1,0.0,0.0,0.0,1,0.0,0.0,0.0,1,0.0,1,1,0.0,Fingerprinting,1
0,0.0,0.0,0,10.83860003865087,0.0,18.15810321874642,2,0.0,1,2,3,0.0,-0.11227262637457826,-0.489013248180181,-0.5725850877823285,0.0,0.0,0.0,0.0,-0.041462984982604485,-0.8888888888888888,-1.0,0.0,-0.14478295061395813,0.0,0.0,0.0,0.0,1,0.0,0.0,0.0,1,0.0,0.0,0.0,1,0.0,1,1,0.0,Fingerprinting,1
0,0.0,0.0,0,11.017973190360529,0.0,0.0,2,0.0,1,2,3,0.0,-0.11227262637457826,-0.489013248180181,-0.5725850877823285,0.0,0.0,0.0,0.0,-0.041462984982604485,-0.8888888888888888,-1.0,0.0,-0.14478295061395813,0.0,0.0,0.0,0.0,1,0.0,0.0,0.0,1,0.0,0.0,0.0,1,0.0,1,1,0.0,Fingerprinting,1
0,0.0,0.0,0,0.0,0.0,0.0,2,0.0,1,2,3,0.0,-0.11227262637457826,-0.489013248180181,-0.24322770712078753,0.0,0.0,0.6931471805599453,0.0,1.401594222046065,-0.7777777777777778,-1.0,0.0,-0.14478295061395813,0.0,0.0,0.0,0.0,1,0.0,0.0,0.0,1,0.0,0.0,0.0,1,0.0,1,1,0.0,Fingerprinting,1
0,0.0,0.0,0,0.0,0.0,0.0,2,0.0,1,2,3,0.0,0.0,-0.3363659449723144,-0.07985437474551507,0.0,0.6931471805599453,0.0,0.0,0.47122032853305146,0.2222222222222222,0.0,0.0,0.0,0.0,0.0,0.0,0.0,1,0.0,0.0,0.0,1,0.0,0.0,0.0,1,0.0,1,1,0.0,Fingerprinting,1
0,0.0,0.0,0,0.0,0.0,0.0,2,0.0,1,2,3,0.0,-0.11227262637457826,-0.489013248180181,0.5903092141505593,0.0,0.0,0.6931471805599453,0.0,1.401594222046065,-0.7777777777777778,-1.0,0.0,-0.14478295061395813,0.0,0.0,0.0,0.0,1,0.0,0.0,0.0,1,0.0,0.0,0.0,1,0.0,1,1,0.0,Fingerprinting,1
0,0.0,0.0,0,0.0,0.0,0.0,2,0.0,1,2,3,0.0,0.0,0.038373655277695304,0.7536825465258317,0.0,0.6931471805599453,0.0,0.0,0.026731844805566566,0.2222222222222222,0.0,0.0,0.0,0.0,0.0,0.0,0.0,1,0.0,0.0,0.0,1,0.0,0.0,0.0,1,0.0,1,1,0.0,Fingerprinting,1
0,0.0,0.0,0,8.31115254800169,0.0,0.0,2,0.0,1,2,3,0.0,-0.11227262637457826,-0.489013248180181,-0.5725850877823285,0.0,0.0,0.0,0.0,-0.041462984982604485,-0.8888888888888888,-1.0,0.0,-0.14478295061395813,0.0,0.0,0.0,0.0,1,0.0,0.0,0.0,1,0.0,0.0,0.0,1,0.0,1,1,0.0,Fingerprinting,1
0,0.0,0.0,0,8.718827059242566,0.0,0.0,2,0.0,1,2,3,0.0,-0.11227262637457826,-0.489013248180181,-0.5725850877823285,0.0,0.0,0.0,0.0,-0.041462984982604485,-0.8888888888888888,-1.0,0.0,-0.14478295061395813,0.0,0.0,0.0,0.0,1,0.0,0.0,0.0,1,0.0,0.0,0.0,1,0.0,1,1,0.0,Fingerprinting,1
0,0.0,0.0,0,10.158556036634712,5.54907608489522,0.0,2,0.0,1,2,3,0.0,-0.11227262637457826,-0.489013248180181,-0.5725850877823285,0.0,0.0,0.0,0.0,-0.041462984982604485,-0.8888888888888888,-1.0,0.0,-0.14478295061395813,0.0,0.0,0.0,0.0,1,0.0,0.0,0.0,1,0.0,0.0,0.0,1,0.0,1,1,0.0,Fingerprinting,1
0,0.0,0.0,0,10.234911352935114,5.54907608489522,0.0,2,0.0,1,2,3,0.0,-0.11227262637457826,-0.489013248180181,-0.5725850877823285,0.0,0.0,0.0,0.0,-0.041462984982604485,-0.8888888888888888,-1.0,0.0,-0.14478295061395813,0.0,0.0,0.0,0.0,1,0.0,0.0,0.0,1,0.0,0.0,0.0,1,0.0,1,1,0.0,Fingerprinting,1
0,0.0,0.0,0,10.79534213892941,0.0,0.0,2,0.0,1,2,3,0.0,-0.11227262637457826,-0.489013248180181,-0.5725850877823285,0.0,0.0,0.0,0.0,-0.041462984982604485,-0.8888888888888888,-1.0,0.0,-0.14478295061395813,0.0,0.0,0.0,0.0,1,0.0,0.0,0.0,1,0.0,0.0,0.0,1,0.0,1,1,0.0,Fingerprinting,1
0,0.0,0.0,0,9.487365864239434,0.0,18.15831542748432,2,0.0,1,2,3,0.0,-0.11227262637457826,-0.489013248180181,-0.5725850877823285,0.0,0.0,0.0,0.0,-0.041462984982604485,-0.8888888888888888,-1.0,0.0,-0.14478295061395813,0.0,0.0,0.0,0.0,1,0.0,0.0,0.0,1,0.0,0.0,0.0,1,0.0,1,1,0.0,Fingerprinting,1
0,0.0,0.0,0,10.889528202598388,0.0,0.0,2,0.0,1,2,3,0.0,-0.11227262637457826,-0.489013248180181,-0.5725850877823285,0.0,0.0,0.0,0.0,-0.041462984982604485,-0.8888888888888888,-1.0,0.0,-0.14478295061395813,0.0,0.0,0.0,0.0,1,0.0,0.0,0.0,1,0.0,0.0,0.0,1,0.0,1,1,0.0,Fingerprinting,1
0,0.0,0.0,0,0.0,0.0,0.0,2,0.0,1,2,3,0.0,-0.11227262637457826,-0.489013248180181,0.22638978707096835,0.0,0.0,0.6931471805599453,0.0,1.401594222046065,-0.7777777777777778,-1.0,0.0,-0.14478295061395813,0.0,0.0,0.0,0.0,1,0.0,0.0,0.0,1,0.0,0.0,0.0,1,0.0,1,1,0.0,Fingerprinting,1
0,0.0,0.0,0,0.0,0.0,0.0,2,0.0,1,2,3,0.0,0.0,0.07991232966380082,0.3897631194462408,0.0,0.6931471805599453,0.0,0.0,0.9216100761879596,0.2222222222222222,0.0,0.0,0.0,0.0,0.0,0.0,0.0,1,0.0,0.0,0.0,1,0.0,0.0,0.0,1,0.0,1,1,0.0,Fingerprinting,1
0,0.0,0.0,0,0.0,0.0,0.0,2,0.0,1,2,3,0.0,-0.11227262637457826,-0.489013248180181,0.8132739335584777,0.0,0.0,0.6931471805599453,0.0,1.401594222046065,-0.7777777777777778,-1.0,0.0,-0.14478295061395813,0.0,0.0,0.0,0.0,1,0.0,0.0,0.0,1,0.0,0.0,0.0,1,0.0,1,1,0.0,Fingerprinting,1
0,0.0,0.0,0,0.0,0.0,0.0,2,0.0,1,2,3,0.0,0.0,-0.2775327920671359,0.9766472659337501,0.0,0.6931471805599453,0.0,0.0,0.02653366803188444,0.2222222222222222,0.0,0.0,0.0,0.0,0.0,0.0,0.0,1,0.0,0.0,0.0,1,0.0,0.0,0.0,1,0.0,1,1,0.0,Fingerprinting,1
0,0.0,0.0,0,10.803038960405985,0.0,0.0,2,0.0,1,2,3,0.0,-0.11227262637457826,-0.489013248180181,-0.5725850877823285,0.0,0.0,0.0,0.0,-0.041462984982604485,-0.8888888888888888,-1.0,0.0,-0.14478295061395813,0.0,0.0,0.0,0.0,1,0.0,0.0,0.0,1,0.0,0.0,0.0,1,0.0,1,1,0.0,Fingerprinting,1
0,0.0,0.0,0,10.843846311743983,0.0,0.0,2,0.0,1,2,3,0.0,-0.11227262637457826,-0.489013248180181,-0.5725850877823285,0.0,0.0,0.0,0.0,-0.041462984982604485,-0.8888888888888888,-1.0,0.0,-0.14478295061395813,0.0,0.0,0.0,0.0,1,0.0,0.0,0.0,1,0.0,0.0,0.0,1,0.0,1,1,0.0,Fingerprinting,1
0,0.0,0.0,0,10.56328475341452,5.54907608489522,0.0,2,0.0,1,2,3,0.0,-0.11227262637457826,-0.489013248180181,-0.5725850877823285,0.0,0.0,0.0,0.0,-0.041462984982604485,-0.8888888888888888,-1.0,0.0,-0.14478295061395813,0.0,0.0,0.0,0.0,1,0.0,0.0,0.0,1,0.0,0.0,0.0,1,0.0,1,1,0.0,Fingerprinting,1
0,0.0,0.0,0,10.614867501357134,5.54907608489522,0.0,2,0.0,1,2,3,0.0,-0.11227262637457826,-0.489013248180181,-0.5725850877823285,0.0,0.0,0.0,0.0,-0.041462984982604485,-0.8888888888888888,-1.0,0.0,-0.14478295061395813,0.0,0.0,0.0,0.0,1,0.0,0.0,0.0,1,0.0,0.0,0.0,1,0.0,1,1,0.0,Fingerprinting,1
0,0.0,0.0,0,10.80191976610897,0.0,0.0,2,0.0,1,2,3,0.0,-0.11227262637457826,-0.489013248180181,-0.5725850877823285,0.0,0.0,0.0,0.0,-0.041462984982604485,-0.8888888888888888,-1.0,0.0,-0.14478295061395813,0.0,0.0,0.0,0.0,1,0.0,0.0,0.0,1,0.0,0.0,0.0,1,0.0,1,1,0.0,Fingerprinting,1
0,0.0,0.0,0,10.834134735626902,0.0,18.158499529730157,2,0.0,1,2,3,0.0,-0.11227262637457826,-0.489013248180181,-0.5725850877823285,0.0,0.0,0.0,0.0,-0.041462984982604485,-0.8888888888888888,-1.0,0.0,-0.14478295061395813,0.0,0.0,0.0,0.0,1,0.0,0.0,0.0,1,0.0,0.0,0.0,1,0.0,1,1,0.0,Fingerprinting,1
0,0.0,0.0,0,10.490329326725142,0.0,0.0,2,0.0,1,2,3,0.0,-0.11227262637457826,-0.489013248180181,-0.5725850877823285,0.0,0.0,0.0,0.0,-0.041462984982604485,-0.8888888888888888,-1.0,0.0,-0.14478295061395813,0.0,0.0,0.0,0.0,1,0.0,0.0,0.0,1,0.0,0.0,0.0,1,0.0,1,1,0.0,Fingerprinting,1
0,0.0,0.0,0,0.0,0.0,0.0,2,0.0,1,2,3,0.0,-0.11227262637457826,-0.489013248180181,0.14423606620200713,0.0,0.0,0.6931471805599453,0.0,1.401594222046065,-0.7777777777777778,-1.0,0.0,-0.14478295061395813,0.0,0.0,0.0,0.0,1,0.0,0.0,0.0,1,0.0,0.0,0.0,1,0.0,1,1,0.0,Fingerprinting,1
0,0.0,0.0,0,0.0,0.0,0.0,2,0.0,1,2,3,0.0,0.0,-0.17963921591506582,0.3076093985772796,0.0,0.6931471805599453,0.0,0.0,1.3063152331880037,0.2222222222222222,0.0,0.0,0.0,0.0,0.0,0.0,0.0,1,0.0,0.0,0.0,1,0.0,0.0,0.0,1,0.0,1,1,0.0,Fingerprinting,1
0,0.0,0.0,0,0.0,0.0,0.0,2,0.0,1,2,3,0.0,-0.11227262637457826,-0.489013248180181,0.06828578956192666,0.0,0.0,0.6931471805599453,0.0,1.401594222046065,-0.7777777777777778,-1.0,0.0,-0.14478295061395813,0.0,0.0,0.0,0.0,1,0.0,0.0,0.0,1,0.0,0.0,0.0,1,0.0,1,1,0.0,Fingerprinting,1
0,0.0,0.0,0,0.0,0.0,0.0,2,0.0,1,2,3,0.0,0.0,-0.29149293341444416,0.23165912193719912,0.0,0.6931471805599453,0.0,0.0,1.183952085260052,0.2222222222222222,0.0,0.0,0.0,0.0,0.0,0.0,0.0,1,0.0,0.0,0.0,1,0.0,0.0,0.0,1,0.0,1,1,0.0,Fingerprinting,1
0,0.0,0.0,0,9.263407092912875,0.0,0.0,2,0.0,1,2,3,0.0,-0.11227262637457826,-0.489013248180181,-0.5725850877823285,0.0,0.0,0.0,0.0,-0.041462984982604485,-0.8888888888888888,-1.0,0.0,-0.14478295061395813,0.0,0.0,0.0,0.0,1,0.0,0.0,0.0,1,0.0,0.0,0.0,1,0.0,1,1,0.0,Fingerprinting,1
0,0.0,0.0,0,9.440896383005846,0.0,0.0,2,0.0,1,2,3,0.0,-0.11227262637457826,-0.489013248180181,-0.5725850877823285,0.0,0.0,0.0,0.0,-0.041462984982604485,-0.8888888888888888,-1.0,0.0,-0.14478295061395813,0.0,0.0,0.0,0.0,1,0.0,0.0,0.0,1,0.0,0.0,0.0,1,0.0,1,1,0.0,Fingerprinting,1
0,0.0,0.0,0,10.46144482303439,5.54907608489522,0.0,2,0.0,1,2,3,0.0,-0.11227262637457826,-0.489013248180181,-0.5725850877823285,0.0,0.0,0.0,0.0,-0.041462984982604485,-0.8888888888888888,-1.0,0.0,-0.14478295061395813,0.0,0.0,0.0,0.0,1,0.0,0.0,0.0,1,0.0,0.0,0.0,1,0.0,1,1,0.0,Fingerprinting,1
0,0.0,0.0,0,10.5184028848265,5.54907608489522,0.0,2,0.0,1,2,3,0.0,-0.11227262637457826,-0.489013248180181,-0.5725850877823285,0.0,0.0,0.0,0.0,-0.041462984982604485,-0.8888888888888888,-1.0,0.0,-0.14478295061395813,0.0,0.0,0.0,0.0,1,0.0,0.0,0.0,1,0.0,0.0,0.0,1,0.0,1,1,0.0,Fingerprinting,1
0,0.0,0.0,0,10.9425090597906,0.0,0.0,2,0.0,1,2,3,0.0,-0.11227262637457826,-0.489013248180181,-0.5725850877823285,0.0,0.0,0.0,0.0,-0.041462984982604485,-0.8888888888888888,-1.0,0.0,-0.14478295061395813,0.0,0.0,0.0,0.0,1,0.0,0.0,0.0,1,0.0,0.0,0.0,1,0.0,1,1,0.0,Fingerprinting,1
0,0.0,0.0,0,10.707840631169418,0.0,18.15858681794014,2,0.0,1,2,3,0.0,-0.11227262637457826,-0.489013248180181,-0.5725850877823285,0.0,0.0,0.0,0.0,-0.041462984982604485,-0.8888888888888888,-1.0,0.0,-0.14478295061395813,0.0,0.0,0.0,0.0,1,0.0,0.0,0.0,1,0.0,0.0,0.0,1,0.0,1,1,0.0,Fingerprinting,1
0,0.0,0.0,0,9.955937677537047,0.0,0.0,2,0.0,1,2,3,0.0,-0.11227262637457826,-0.489013248180181,-0.5725850877823285,0.0,0.0,0.0,0.0,-0.041462984982604485,-0.8888888888888888,-1.0,0.0,-0.14478295061395813,0.0,0.0,0.0,0.0,1,0.0,0.0,0.0,1,0.0,0.0,0.0,1,0.0,1,1,0.0,Fingerprinting,1
0,0.0,0.0,0,0.0,0.0,0.0,2,0.0,1,2,3,0.0,-0.11227262637457826,-0.489013248180181,0.3500035927283179,0.0,0.0,0.6931471805599453,0.0,1.401594222046065,-0.7777777777777778,-1.0,0.0,-0.14478295061395813,0.0,0.0,0.0,0.0,1,0.0,0.0,0.0,1,0.0,0.0,0.0,1,0.0,1,1,0.0,Fingerprinting,1
0,0.0,0.0,0,0.0,0.0,0.0,2,0.0,1,2,3,0.0,0.0,0.25063261844552276,0.5133769251035903,0.0,0.6931471805599453,0.0,0.0,1.2241819703175232,0.2222222222222222,0.0,0.0,0.0,0.0,0.0,0.0,0.0,1,0.0,0.0,0.0,1,0.0,0.0,0.0,1,0.0,1,1,0.0,Fingerprinting,1
0,0.0,0.0,0,0.0,0.0,0.0,2,0.0,1,2,3,0.0,-0.11227262637457826,-0.489013248180181,-0.16095422864123016,0.0,0.0,0.6931471805599453,0.0,1.401594222046065,-0.7777777777777778,-1.0,0.0,-0.14478295061395813,0.0,0.0,0.0,0.0,1,0.0,0.0,0.0,1,0.0,0.0,0.0,1,0.0,1,1,0.0,Fingerprinting,1
0,0.0,0.0,0,0.0,0.0,0.0,2,0.0,1,2,3,0.0,0.0,-0.45357862906667856,0.0024191037340422984,0.0,0.6931471805599453,0.0,0.0,0.1791518034086405,0.2222222222222222,0.0,0.0,0.0,0.0,0.0,0.0,0.0,1,0.0,0.0,0.0,1,0.0,0.0,0.0,1,0.0,1,1,0.0,Fingerprinting,1
0,0.0,0.0,0,10.122181217776706,0.0,0.0,2,0.0,1,2,3,0.0,-0.11227262637457826,-0.489013248180181,-0.5725850877823285,0.0,0.0,0.0,0.0,-0.041462984982604485,-0.8888888888888888,-1.0,0.0,-0.14478295061395813,0.0,0.0,0.0,0.0,1,0.0,0.0,0.0,1,0.0,0.0,0.0,1,0.0,1,1,0.0,Fingerprinting,1
0,0.0,0.0,0,10.201256085188918,0.0,0.0,2,0.0,1,2,3,0.0,-0.11227262637457826,-0.489013248180181,-0.5725850877823285,0.0,0.0,0.0,0.0,-0.041462984982604485,-0.8888888888888888,-1.0,0.0,-0.14478295061395813,0.0,0.0,0.0,0.0,1,0.0,0.0,0.0,1,0.0,0.0,0.0,1,0.0,1,1,0.0,Fingerprinting,1
0,0.0,0.0,0,10.773420160432133,5.54907608489522,0.0,2,0.0,1,2,3,0.0,-0.11227262637457826,-0.489013248180181,-0.5725850877823285,0.0,0.0,0.0,0.0,-0.041462984982604485,-0.8888888888888888,-1.0,0.0,-0.14478295061395813,0.0,0.0,0.0,0.0,1,0.0,0.0,0.0,1,0.0,0.0,0.0,1,0.0,1,1,0.0,Fingerprinting,1
0,0.0,0.0,0,10.815428839272444,5.54907608489522,0.0,2,0.0,1,2,3,0.0,-0.11227262637457826,-0.489013248180181,-0.5725850877823285,0.0,0.0,0.0,0.0,-0.041462984982604485,-0.8888888888888888,-1.0,0.0,-0.14478295061395813,0.0,0.0,0.0,0.0,1,0.0,0.0,0.0,1,0.0,0.0,0.0,1,0.0,1,1,0.0,Fingerprinting,1
0,0.0,0.0,0,7.144407180321139,0.0,0.0,2,0.0,1,2,3,0.0,-0.11227262637457826,-0.489013248180181,-0.5725850877823285,0.0,0.0,0.0,0.0,-0.041462984982604485,-0.8888888888888888,-1.0,0.0,-0.14478295061395813,0.0,0.0,0.0,0.0,1,0.0,0.0,0.0,1,0.0,0.0,0.0,1,0.0,1,1,0.0,Fingerprinting,1
0,0.0,0.0,0,10.680838004378147,0.0,18.158661311023646,2,0.0,1,2,3,0.0,-0.11227262637457826,-0.489013248180181,-0.5725850877823285,0.0,0.0,0.0,0.0,-0.041462984982604485,-0.8888888888888888,-1.0,0.0,-0.14478295061395813,0.0,0.0,0.0,0.0,1,0.0,0.0,0.0,1,0.0,0.0,0.0,1,0.0,1,1,0.0,Fingerprinting,1
0,0.0,0.0,0,10.200104589045488,0.0,0.0,2,0.0,1,2,3,0.0,-0.11227262637457826,-0.489013248180181,-0.5725850877823285,0.0,0.0,0.0,0.0,-0.041462984982604485,-0.8888888888888888,-1.0,0.0,-0.14478295061395813,0.0,0.0,0.0,0.0,1,0.0,0.0,0.0,1,0.0,0.0,0.0,1,0.0,1,1,0.0,Fingerprinting,1
0,0.0,0.0,0,0.0,0.0,0.0,2,0.0,1,2,3,0.0,-0.11227262637457826,-0.489013248180181,0.15767287011089554,0.0,0.0,0.6931471805599453,0.0,1.401594222046065,-0.7777777777777778,-1.0,0.0,-0.14478295061395813,0.0,0.0,0.0,0.0,1,0.0,0.0,0.0,1,0.0,0.0,0.0,1,0.0,1,1,0.0,Fingerprinting,1
0,0.0,0.0,0,0.0,0.0,0.0,2,0.0,1,2,3,0.0,0.0,0.2329500367945286,0.321046202486168,0.0,0.6931471805599453,0.0,0.0,0.06165499625666094,0.2222222222222222,0.0,0.0,0.0,0.0,0.0,0.0,0.0,1,0.0,0.0,0.0,1,0.0,0.0,0.0,1,0.0,1,1,0.0,Fingerprinting,1
0,0.0,0.0,0,0.0,0.0,0.0,2,0.0,1,2,3,0.0,-0.11227262637457826,-0.489013248180181,0.689755933989605,0.0,0.0,0.6931471805599453,0.0,1.401594222046065,-0.7777777777777778,-1.0,0.0,-0.14478295061395813,0.0,0.0,0.0,0.0,1,0.0,0.0,0.0,1,0.0,0.0,0.0,1,0.0,1,1,0.0,Fingerprinting,1
0,0.0,0.0,0,0.0,0.0,0.0,2,0.0,1,2,3,0.0,0.0,-0.15828145375757985,0.8531292663648775,0.0,0.6931471805599453,0.0,0.0,0.6524199586030739,0.2222222222222222,0.0,0.0,0.0,0.0,0.0,0.0,0.0,1,0.0,0.0,0.0,1,0.0,0.0,0.0,1,0.0,1,1,0.0,Fingerprinting,1
0,0.0,0.0,0,11.037306096938858,0.0,0.0,2,0.0,1,2,3,0.0,-0.11227262637457826,-0.489013248180181,-0.5725850877823285,0.0,0.0,0.0,0.0,-0.041462984982604485,-0.8888888888888888,-1.0,0.0,-0.14478295061395813,0.0,0.0,0.0,0.0,1,0.0,0.0,0.0,1,0.0,0.0,0.0,1,0.0,1,1,0.0,Fingerprinting,1
0,0.0,0.0,0,11.069727336544824,0.0,0.0,2,0.0,1,2,3,0.0,-0.11227262637457826,-0.489013248180181,-0.5725850877823285,0.0,0.0,0.0,0.0,-0.041462984982604485,-0.8888888888888888,-1.0,0.0,-0.14478295061395813,0.0,0.0,0.0,0.0,1,0.0,0.0,0.0,1,0.0,0.0,0.0,1,0.0,1,1,0.0,Fingerprinting,1
0,0.0,0.0,0,10.664433558660509,5.54907608489522,0.0,2,0.0,1,2,3,0.0,-0.11227262637457826,-0.489013248180181,-0.5725850877823285,0.0,0.0,0.0,0.0,-0.041462984982604485,-0.8888888888888888,-1.0,0.0,-0.14478295061395813,0.0,0.0,0.0,0.0,1,0.0,0.0,0.0,1,0.0,0.0,0.0,1,0.0,1,1,0.0,Fingerprinting,1
0,0.0,0.0,0,10.711168049686234,5.54907608489522,0.0,2,0.0,1,2,3,0.0,-0.11227262637457826,-0.489013248180181,-0.5725850877823285,0.0,0.0,0.0,0.0,-0.041462984982604485,-0.8888888888888888,-1.0,0.0,-0.14478295061395813,0.0,0.0,0.0,0.0,1,0.0,0.0,0.0,1,0.0,0.0,0.0,1,0.0,1,1,0.0,Fingerprinting,1
0,0.0,0.0,0,11.039235047866498,0.0,0.0,2,0.0,1,2,3,0.0,-0.11227262637457826,-0.489013248180181,-0.5725850877823285,0.0,0.0,0.0,0.0,-0.041462984982604485,-0.8888888888888888,-1.0,0.0,-0.14478295061395813,0.0,0.0,0.0,0.0,1,0.0,0.0,0.0,1,0.0,0.0,0.0,1,0.0,1,1,0.0,Fingerprinting,1
0,0.0,0.0,0,10.156267572978644,0.0,18.15874727268016,2,0.0,1,2,3,0.0,-0.11227262637457826,-0.489013248180181,-0.5725850877823285,0.0,0.0,0.0,0.0,-0.041462984982604485,-0.8888888888888888,-1.0,0.0,-0.14478295061395813,0.0,0.0,0.0,0.0,1,0.0,0.0,0.0,1,0.0,0.0,0.0,1,0.0,1,1,0.0,Fingerprinting,1
0,0.0,0.0,0,7.354362330421477,0.0,0.0,2,0.0,1,2,3,0.0,-0.11227262637457826,-0.489013248180181,-0.5725850877823285,0.0,0.0,0.0,0.0,-0.041462984982604485,-0.8888888888888888,-1.0,0.0,-0.14478295061395813,0.0,0.0,0.0,0.0,1,0.0,0.0,0.0,1,0.0,0.0,0.0,1,0.0,1,1,0.0,Fingerprinting,1
0,0.0,0.0,0,0.0,0.0,0.0,2,0.0,1,2,3,0.0,-0.11227262637457826,-0.489013248180181,0.6896601279011281,0.0,0.0,0.6931471805599453,0.0,1.401594222046065,-0.7777777777777778,-1.0,0.0,-0.14478295061395813,0.0,0.0,0.0,0.0,1,0.0,0.0,0.0,1,0.0,0.0,0.0,1,0.0,1,1,0.0,Fingerprinting,1
0,0.0,0.0,0,0.0,0.0,0.0,2,0.0,1,2,3,0.0,0.0,-0.23799353957463695,0.8530334602764006,0.0,0.6931471805599453,0.0,0.0,1.2413793103448276,0.2222222222222222,0.0,0.0,0.0,0.0,0.0,0.0,0.0,1,0.0,0.0,0.0,1,0.0,0.0,0.0,1,0.0,1,1,0.0,Fingerprinting,1
0,0.0,0.0,0,10.972379192532934,0.0,0.0,2,0.0,1,2,3,0.0,-0.11227262637457826,-0.489013248180181,-0.5725850877823285,0.0,0.0,0.0,0.0,-0.041462984982604485,-0.8888888888888888,-1.0,0.0,-0.14478295061395813,0.0,0.0,0.0,0.0,1,0.0,0.0,0.0,1,0.0,0.0,0.0,1,0.0,1,1,0.0,Fingerprinting,1
0,0.0,0.0,0,11.006938117844488,0.0,0.0,2,0.0,1,2,3,0.0,-0.11227262637457826,-0.489013248180181,-0.5725850877823285,0.0,0.0,0.0,0.0,-0.041462984982604485,-0.8888888888888888,-1.0,0.0,-0.14478295061395813,0.0,0.0,0.0,0.0,1,0.0,0.0,0.0,1,0.0,0.0,0.0,1,0.0,1,1,0.0,Fingerprinting,1
0,0.0,0.0,0,10.33299465512453,5.54907608489522,0.0,2,0.0,1,2,3,0.0,-0.11227262637457826,-0.489013248180181,-0.5725850877823285,0.0,0.0,0.0,0.0,-0.041462984982604485,-0.8888888888888888,-1.0,0.0,-0.14478295061395813,0.0,0.0,0.0,0.0,1,0.0,0.0,0.0,1,0.0,0.0,0.0,1,0.0,1,1,0.0,Fingerprinting,1
0,0.0,0.0,0,10.397512837623772,5.54907608489522,0.0,2,0.0,1,2,3,0.0,-0.11227262637457826,-0.489013248180181,-0.5725850877823285,0.0,0.0,0.0,0.0,-0.041462984982604485,-0.8888888888888888,-1.0,0.0,-0.14478295061395813,0.0,0.0,0.0,0.0,1,0.0,0.0,0.0,1,0.0,0.0,0.0,1,0.0,1,1,0.0,Fingerprinting,1
0,0.0,0.0,0,10.522207479208133,0.0,0.0,2,0.0,1,2,3,0.0,-0.11227262637457826,-0.489013248180181,-0.5725850877823285,0.0,0.0,0.0,0.0,-0.041462984982604485,-0.8888888888888888,-1.0,0.0,-0.14478295061395813,0.0,0.0,0.0,0.0,1,0.0,0.0,0.0,1,0.0,0.0,0.0,1,0.0,1,1,0.0,Fingerprinting,1
0,0.0,0.0,0,10.938414289518105,0.0,18.15881126805682,2,0.0,1,2,3,0.0,-0.11227262637457826,-0.489013248180181,-0.5725850877823285,0.0,0.0,0.0,0.0,-0.041462984982604485,-0.8888888888888888,-1.0,0.0,-0.14478295061395813,0.0,0.0,0.0,0.0,1,0.0,0.0,0.0,1,0.0,0.0,0.0,1,0.0,1,1,0.0,Fingerprinting,1
0,0.0,0.0,0,10.506381744118512,0.0,0.0,2,0.0,1,2,3,0.0,-0.11227262637457826,-0.489013248180181,-0.5725850877823285,0.0,0.0,0.0,0.0,-0.041462984982604485,-0.8888888888888888,-1.0,0.0,-0.14478295061395813,0.0,0.0,0.0,0.0,1,0.0,0.0,0.0,1,0.0,0.0,0.0,1,0.0,1,1,0.0,Fingerprinting,1
0,0.0,0.0,0,0.0,0.0,0.0,2,0.0,1,2,3,0.0,-0.11227262637457826,-0.489013248180181,0.5182630356159134,0.0,0.0,0.6931471805599453,0.0,1.401594222046065,-0.7777777777777778,-1.0,0.0,-0.14478295061395813,0.0,0.0,0.0,0.0,1,0.0,0.0,0.0,1,0.0,0.0,0.0,1,0.0,1,1,0.0,Fingerprinting,1
0,0.0,0.0,0,0.0,0.0,0.0,2,0.0,1,2,3,0.0,0.0,-0.25665225686387527,0.6816363679911859,0.0,0.6931471805599453,0.0,0.0,0.5416391421147664,0.2222222222222222,0.0,0.0,0.0,0.0,0.0,0.0,0.0,1,0.0,0.0,0.0,1,0.0,0.0,0.0,1,0.0,1,1,0.0,Fingerprinting,1
0,0.0,0.0,0,0.0,0.0,0.0,2,0.0,1,2,3,0.0,-0.11227262637457826,-0.489013248180181,0.19295346219252232,0.0,0.0,0.6931471805599453,0.0,1.401594222046065,-0.7777777777777778,-1.0,0.0,-0.14478295061395813,0.0,0.0,0.0,0.0,1,0.0,0.0,0.0,1,0.0,0.0,0.0,1,0.0,1,1,0.0,Fingerprinting,1
0,0.0,0.0,0,0.0,0.0,0.0,2,0.0,1,2,3,0.0,0.0,-0.019310977188235344,0.35632679456779476,0.0,0.6931471805599453,0.0,0.0,0.48018232263178756,0.2222222222222222,0.0,0.0,0.0,0.0,0.0,0.0,0.0,1,0.0,0.0,0.0,1,0.0,0.0,0.0,1,0.0,1,1,0.0,Fingerprinting,1
0,0.0,0.0,0,10.345830888730728,0.0,0.0,2,0.0,1,2,3,0.0,-0.11227262637457826,-0.489013248180181,-0.5725850877823285,0.0,0.0,0.0,0.0,-0.041462984982604485,-0.8888888888888888,-1.0,0.0,-0.14478295061395813,0.0,0.0,0.0,0.0,1,0.0,0.0,0.0,1,0.0,0.0,0.0,1,0.0,1,1,0.0,Fingerprinting,1
0,0.0,0.0,0,10.409551859200409,0.0,0.0,2,0.0,1,2,3,0.0,-0.11227262637457826,-0.489013248180181,-0.5725850877823285,0.0,0.0,0.0,0.0,-0.041462984982604485,-0.8888888888888888,-1.0,0.0,-0.14478295061395813,0.0,0.0,0.0,0.0,1,0.0,0.0,0.0,1,0.0,0.0,0.0,1,0.0,1,1,0.0,Fingerprinting,1
0,0.0,0.0,0,10.107407508882579,5.54907608489522,0.0,2,0.0,1,2,3,0.0,-0.11227262637457826,-0.489013248180181,-0.5725850877823285,0.0,0.0,0.0,0.0,-0.041462984982604485,-0.8888888888888888,-1.0,0.0,-0.14478295061395813,0.0,0.0,0.0,0.0,1,0.0,0.0,0.0,1,0.0,0.0,0.0,1,0.0,1,1,0.0,Fingerprinting,1
0,0.0,0.0,0,10.187613308785131,5.54907608489522,0.0,2,0.0,1,2,3,0.0,-0.11227262637457826,-0.489013248180181,-0.5725850877823285,0.0,0.0,0.0,0.0,-0.041462984982604485,-0.8888888888888888,-1.0,0.0,-0.14478295061395813,0.0,0.0,0.0,0.0,1,0.0,0.0,0.0,1,0.0,0.0,0.0,1,0.0,1,1,0.0,Fingerprinting,1
0,0.0,0.0,0,10.700859604153607,0.0,0.0,2,0.0,1,2,3,0.0,-0.11227262637457826,-0.489013248180181,-0.5725850877823285,0.0,0.0,0.0,0.0,-0.041462984982604485,-0.8888888888888888,-1.0,0.0,-0.14478295061395813,0.0,0.0,0.0,0.0,1,0.0,0.0,0.0,1,0.0,0.0,0.0,1,0.0,1,1,0.0,Fingerprinting,1
0,0.0,0.0,0,10.838933643450025,0.0,18.158893085215833,2,0.0,1,2,3,0.0,-0.11227262637457826,-0.489013248180181,-0.5725850877823285,0.0,0.0,0.0,0.0,-0.041462984982604485,-0.8888888888888888,-1.0,0.0,-0.14478295061395813,0.0,0.0,0.0,0.0,1,0.0,0.0,0.0,1,0.0,0.0,0.0,1,0.0,1,1,0.0,Fingerprinting,1
0,0.0,0.0,0,10.555422037261998,0.0,0.0,2,0.0,1,2,3,0.0,-0.11227262637457826,-0.489013248180181,-0.5725850877823285,0.0,0.0,0.0,0.0,-0.041462984982604485,-0.8888888888888888,-1.0,0.0,-0.14478295061395813,0.0,0.0,0.0,0.0,1,0.0,0.0,0.0,1,0.0,0.0,0.0,1,0.0,1,1,0.0,Fingerprinting,1
0,0.0,0.0,0,0.0,0.0,0.0,2,0.0,1,2,3,0.0,-0.11227262637457826,-0.489013248180181,0.7305453761586549,0.0,0.0,0.6931471805599453,0.0,1.401594222046065,-0.7777777777777778,-1.0,0.0,-0.14478295061395813,0.0,0.0,0.0,0.0,1,0.0,0.0,0.0,1,0.0,0.0,0.0,1,0.0,1,1,0.0,Fingerprinting,1
0,0.0,0.0,0,0.0,0.0,0.0,2,0.0,1,2,3,0.0,0.0,-0.2797771626222896,0.8939187085339273,0.0,0.6931471805599453,0.0,0.0,0.4510062976174748,0.2222222222222222,0.0,0.0,0.0,0.0,0.0,0.0,0.0,1,0.0,0.0,0.0,1,0.0,0.0,0.0,1,0.0,1,1,0.0,Fingerprinting,1
0,0.0,0.0,0,0.0,0.0,0.0,2,0.0,1,2,3,0.0,-0.11227262637457826,-0.489013248180181,0.5245862374553902,0.0,0.0,0.6931471805599453,0.0,1.401594222046065,-0.7777777777777778,-1.0,0.0,-0.14478295061395813,0.0,0.0,0.0,0.0,1,0.0,0.0,0.0,1,0.0,0.0,0.0,1,0.0,1,1,0.0,Fingerprinting,1
0,0.0,0.0,0,0.0,0.0,0.0,2,0.0,1,2,3,0.0,0.0,-0.18263970528630113,0.6879595698306628,0.0,0.6931471805599453,0.0,0.0,0.39578103668472275,0.2222222222222222,0.0,0.0,0.0,0.0,0.0,0.0,0.0,1,0.0,0.0,0.0,1,0.0,0.0,0.0,1,0.0,1,1,0.0,Fingerprinting,1
0,0.0,0.0,0,10.095057874011232,0.0,0.0,2,0.0,1,2,3,0.0,-0.11227262637457826,-0.489013248180181,-0.5725850877823285,0.0,0.0,0.0,0.0,-0.041462984982604485,-0.8888888888888888,-1.0,0.0,-0.14478295061395813,0.0,0.0,0.0,0.0,1,0.0,0.0,0.0,1,0.0,0.0,0.0,1,0.0,1,1,0.0,Fingerprinting,1
0,0.0,0.0,0,10.176220948190334,0.0,0.0,2,0.0,1,2,3,0.0,-0.11227262637457826,-0.489013248180181,-0.5725850877823285,0.0,0.0,0.0,0.0,-0.041462984982604485,-0.8888888888888888,-1.0,0.0,-0.14478295061395813,0.0,0.0,0.0,0.0,1,0.0,0.0,0.0,1,0.0,0.0,0.0,1,0.0,1,1,0.0,Fingerprinting,1
0,0.0,0.0,0,10.289192032466138,5.54907608489522,0.0,2,0.0,1,2,3,0.0,-0.11227262637457826,-0.489013248180181,-0.5725850877823285,0.0,0.0,0.0,0.0,-0.041462984982604485,-0.8888888888888888,-1.0,0.0,-0.14478295061395813,0.0,0.0,0.0,0.0,1,0.0,0.0,0.0,1,0.0,0.0,0.0,1,0.0,1,1,0.0,Fingerprinting,1
0,0.0,0.0,0,10.356503962502515,5.54907608489522,0.0,2,0.0,1,2,3,0.0,-0.11227262637457826,-0.489013248180181,-0.5725850877823285,0.0,0.0,0.0,0.0,-0.041462984982604485,-0.8888888888888888,-1.0,0.0,-0.14478295061395813,0.0,0.0,0.0,0.0,1,0.0,0.0,0.0,1,0.0,0.0,0.0,1,0.0,1,1,0.0,Fingerprinting,1
0,0.0,0.0,0,11.085061361918585,0.0,0.0,2,0.0,1,2,3,0.0,-0.11227262637457826,-0.489013248180181,-0.5725850877823285,0.0,0.0,0.0,0.0,-0.041462984982604485,-0.8888888888888888,-1.0,0.0,-0.14478295061395813,0.0,0.0,0.0,0.0,1,0.0,0.0,0.0,1,0.0,0.0,0.0,1,0.0,1,1,0.0,Fingerprinting,1
0,0.0,0.0,0,10.940100316308259,0.0,18.158992927642224,2,0.0,1,2,3,0.0,-0.11227262637457826,-0.489013248180181,-0.5725850877823285,0.0,0.0,0.0,0.0,-0.041462984982604485,-0.8888888888888888,-1.0,0.0,-0.14478295061395813,0.0,0.0,0.0,0.0,1,0.0,0.0,0.0,1,0.0,0.0,0.0,1,0.0,1,1,0.0,Fingerprinting,1
0,0.0,0.0,0,7.865955413933502,0.0,0.0,2,0.0,1,2,3,0.0,-0.11227262637457826,-0.489013248180181,-0.5725850877823285,0.0,0.0,0.0,0.0,-0.041462984982604485,-0.8888888888888888,-1.0,0.0,-0.14478295061395813,0.0,0.0,0.0,0.0,1,0.0,0.0,0.0,1,0.0,0.0,0.0,1,0.0,1,1,0.0,Fingerprinting,1
0,0.0,0.0,0,0.0,0.0,0.0,2,0.0,1,2,3,0.0,-0.11227262637457826,-0.489013248180181,0.6470743215731359,0.0,0.0,0.6931471805599453,0.0,1.401594222046065,-0.7777777777777778,-1.0,0.0,-0.14478295061395813,0.0,0.0,0.0,0.0,1,0.0,0.0,0.0,1,0.0,0.0,0.0,1,0.0,1,1,0.0,Fingerprinting,1
0,0.0,0.0,0,0.0,0.0,0.0,2,0.0,1,2,3,0.0,0.0,-0.3751691757920203,0.8104476539484085,0.0,0.6931471805599453,0.0,0.0,0.5105914475712335,0.2222222222222222,0.0,0.0,0.0,0.0,0.0,0.0,0.0,1,0.0,0.0,0.0,1,0.0,0.0,0.0,1,0.0,1,1,0.0,Fingerprinting,1
0,0.0,0.0,0,9.791438048727505,0.0,0.0,2,0.0,1,2,3,0.0,-0.11227262637457826,-0.489013248180181,-0.5725850877823285,0.0,0.0,0.0,0.0,-0.041462984982604485,-0.8888888888888888,-1.0,0.0,-0.14478295061395813,0.0,0.0,0.0,0.0,1,0.0,0.0,0.0,1,0.0,0.0,0.0,1,0.0,1,1,0.0,Fingerprinting,1
0,0.0,0.0,0,9.899881056942016,0.0,0.0,2,0.0,1,2,3,0.0,-0.11227262637457826,-0.489013248180181,-0.5725850877823285,0.0,0.0,0.0,0.0,-0.041462984982604485,-0.8888888888888888,-1.0,0.0,-0.14478295061395813,0.0,0.0,0.0,0.0,1,0.0,0.0,0.0,1,0.0,0.0,0.0,1,0.0,1,1,0.0,Fingerprinting,1
0,0.0,0.0,0,11.055482617769352,5.54907608489522,0.0,2,0.0,1,2,3,0.0,-0.11227262637457826,-0.489013248180181,-0.5725850877823285,0.0,0.0,0.0,0.0,-0.041462984982604485,-0.8888888888888888,-1.0,0.0,-0.14478295061395813,0.0,0.0,0.0,0.0,1,0.0,0.0,0.0,1,0.0,0.0,0.0,1,0.0,1,1,0.0,Fingerprinting,1
0,0.0,0.0,0,11.087329075565075,5.54907608489522,0.0,2,0.0,1,2,3,0.0,-0.11227262637457826,-0.489013248180181,-0.5725850877823285,0.0,0.0,0.0,0.0,-0.041462984982604485,-0.8888888888888888,-1.0,0.0,-0.14478295061395813,0.0,0.0,0.0,0.0,1,0.0,0.0,0.0,1,0.0,0.0,0.0,1,0.0,1,1,0.0,Fingerprinting,1
0,0.0,0.0,0,10.550355164741893,0.0,0.0,2,0.0,1,2,3,0.0,-0.11227262637457826,-0.489013248180181,-0.5725850877823285,0.0,0.0,0.0,0.0,-0.041462984982604485,-0.8888888888888888,-1.0,0.0,-0.14478295061395813,0.0,0.0,0.0,0.0,1,0.0,0.0,0.0,1,0.0,0.0,0.0,1,0.0,1,1,0.0,Fingerprinting,1
0,0.0,0.0,0,9.575400065449308,0.0,18.159090279024774,2,0.0,1,2,3,0.0,-0.11227262637457826,-0.489013248180181,-0.5725850877823285,0.0,0.0,0.0,0.0,-0.041462984982604485,-0.8888888888888888,-1.0,0.0,-0.14478295061395813,0.0,0.0,0.0,0.0,1,0.0,0.0,0.0,1,0.0,0.0,0.0,1,0.0,1,1,0.0,Fingerprinting,1
0,0.0,0.0,0,10.138559674715612,0.0,0.0,2,0.0,1,2,3,0.0,-0.11227262637457826,-0.489013248180181,-0.5725850877823285,0.0,0.0,0.0,0.0,-0.041462984982604485,-0.8888888888888888,-1.0,0.0,-0.14478295061395813,0.0,0.0,0.0,0.0,1,0.0,0.0,0.0,1,0.0,0.0,0.0,1,0.0,1,1,0.0,Fingerprinting,1
0,0.0,0.0,0,0.0,0.0,0.0,2,0.0,1,2,3,0.0,-0.11227262637457826,-0.489013248180181,0.45984527316710977,0.0,0.0,0.6931471805599453,0.0,1.401594222046065,-0.7777777777777778,-1.0,0.0,-0.14478295061395813,0.0,0.0,0.0,0.0,1,0.0,0.0,0.0,1,0.0,0.0,0.0,1,0.0,1,1,0.0,Fingerprinting,1
0,0.0,0.0,0,0.0,0.0,0.0,2,0.0,1,2,3,0.0,0.0,-0.4740868998368074,0.6232186055423822,0.0,0.6931471805599453,0.0,0.0,0.12187871581450654,0.2222222222222222,0.0,0.0,0.0,0.0,0.0,0.0,0.0,1,0.0,0.0,0.0,1,0.0,0.0,0.0,1,0.0,1,1,0.0,Fingerprinting,1
0,0.0,0.0,0,10.42877805371264,0.0,0.0,2,0.0,1,2,3,0.0,-0.11227262637457826,-0.489013248180181,-0.5725850877823285,0.0,0.0,0.0,0.0,-0.041462984982604485,-0.8888888888888888,-1.0,0.0,-0.14478295061395813,0.0,0.0,0.0,0.0,1,0.0,0.0,0.0,1,0.0,0.0,0.0,1,0.0,1,1,0.0,Fingerprinting,1
0,0.0,0.0,0,10.487572931678823,0.0,0.0,2,0.0,1,2,3,0.0,-0.11227262637457826,-0.489013248180181,-0.5725850877823285,0.0,0.0,0.0,0.0,-0.041462984982604485,-0.8888888888888888,-1.0,0.0,-0.14478295061395813,0.0,0.0,0.0,0.0,1,0.0,0.0,0.0,1,0.0,0.0,0.0,1,0.0,1,1,0.0,Fingerprinting,1
0,0.0,0.0,0,9.750336373041954,5.54907608489522,0.0,2,0.0,1,2,3,0.0,-0.11227262637457826,-0.489013248180181,-0.5725850877823285,0.0,0.0,0.0,0.0,-0.041462984982604485,-0.8888888888888888,-1.0,0.0,-0.14478295061395813,0.0,0.0,0.0,0.0,1,0.0,0.0,0.0,1,0.0,0.0,0.0,1,0.0,1,1,0.0,Fingerprinting,1
0,0.0,0.0,0,9.86308213790109,5.54907608489522,0.0,2,0.0,1,2,3,0.0,-0.11227262637457826,-0.489013248180181,-0.5725850877823285,0.0,0.0,0.0,0.0,-0.041462984982604485,-0.8888888888888888,-1.0,0.0,-0.14478295061395813,0.0,0.0,0.0,0.0,1,0.0,0.0,0.0,1,0.0,0.0,0.0,1,0.0,1,1,0.0,Fingerprinting,1
0,0.0,0.0,0,9.293853972204001,0.0,0.0,2,0.0,1,2,3,0.0,-0.11227262637457826,-0.489013248180181,-0.5725850877823285,0.0,0.0,0.0,0.0,-0.041462984982604485,-0.8888888888888888,-1.0,0.0,-0.14478295061395813,0.0,0.0,0.0,0.0,1,0.0,0.0,0.0,1,0.0,0.0,0.0,1,0.0,1,1,0.0,Fingerprinting,1
0,0.0,0.0,0,10.61248347565041,0.0,18.159168098754222,2,0.0,1,2,3,0.0,-0.11227262637457826,-0.489013248180181,-0.5725850877823285,0.0,0.0,0.0,0.0,-0.041462984982604485,-0.8888888888888888,-1.0,0.0,-0.14478295061395813,0.0,0.0,0.0,0.0,1,0.0,0.0,0.0,1,0.0,0.0,0.0,1,0.0,1,1,0.0,Fingerprinting,1
0,0.0,0.0,0,11.050874132231819,0.0,0.0,2,0.0,1,2,3,0.0,-0.11227262637457826,-0.489013248180181,-0.5725850877823285,0.0,0.0,0.0,0.0,-0.041462984982604485,-0.8888888888888888,-1.0,0.0,-0.14478295061395813,0.0,0.0,0.0,0.0,1,0.0,0.0,0.0,1,0.0,0.0,0.0,1,0.0,1,1,0.0,Fingerprinting,1
0,0.0,0.0,0,0.0,0.0,0.0,2,0.0,1,2,3,0.0,-0.11227262637457826,-0.489013248180181,0.49340135565615195,0.0,0.0,0.6931471805599453,0.0,1.401594222046065,-0.7777777777777778,-1.0,0.0,-0.14478295061395813,0.0,0.0,0.0,0.0,1,0.0,0.0,0.0,1,0.0,0.0,0.0,1,0.0,1,1,0.0,Fingerprinting,1
0,0.0,0.0,0,0.0,0.0,0.0,2,0.0,1,2,3,0.0,0.0,-0.03761310982078154,0.6567746880314244,0.0,0.6931471805599453,0.0,0.0,0.923041352886775,0.2222222222222222,0.0,0.0,0.0,0.0,0.0,0.0,0.0,1,0.0,0.0,0.0,1,0.0,0.0,0.0,1,0.0,1,1,0.0,Fingerprinting,1
0,0.0,0.0,0,9.347403022364523,0.0,0.0,2,0.0,1,2,3,0.0,-0.11227262637457826,-0.489013248180181,-0.5725850877823285,0.0,0.0,0.0,0.0,-0.041462984982604485,-0.8888888888888888,-1.0,0.0,-0.14478295061395813,0.0,0.0,0.0,0.0,1,0.0,0.0,0.0,1,0.0,0.0,0.0,1,0.0,1,1,0.0,Fingerprinting,1
0,0.0,0.0,0,9.511703431483827,0.0,0.0,2,0.0,1,2,3,0.0,-0.11227262637457826,-0.489013248180181,-0.5725850877823285,0.0,0.0,0.0,0.0,-0.041462984982604485,-0.8888888888888888,-1.0,0.0,-0.14478295061395813,0.0,0.0,0.0,0.0,1,0.0,0.0,0.0,1,0.0,0.0,0.0,1,0.0,1,1,0.0,Fingerprinting,1
0,0.0,0.0,0,9.673319386284954,5.54907608489522,0.0,2,0.0,1,2,3,0.0,-0.11227262637457826,-0.489013248180181,-0.5725850877823285,0.0,0.0,0.0,0.0,-0.041462984982604485,-0.8888888888888888,-1.0,0.0,-0.14478295061395813,0.0,0.0,0.0,0.0,1,0.0,0.0,0.0,1,0.0,0.0,0.0,1,0.0,1,1,0.0,Fingerprinting,1
0,0.0,0.0,0,9.79456514531194,5.54907608489522,0.0,2,0.0,1,2,3,0.0,-0.11227262637457826,-0.489013248180181,-0.5725850877823285,0.0,0.0,0.0,0.0,-0.041462984982604485,-0.8888888888888888,-1.0,0.0,-0.14478295061395813,0.0,0.0,0.0,0.0,1,0.0,0.0,0.0,1,0.0,0.0,0.0,1,0.0,1,1,0.0,Fingerprinting,1
0,0.0,0.0,0,10.328984019949246,0.0,0.0,2,0.0,1,2,3,0.0,-0.11227262637457826,-0.489013248180181,-0.5725850877823285,0.0,0.0,0.0,0.0,-0.041462984982604485,-0.8888888888888888,-1.0,0.0,-0.14478295061395813,0.0,0.0,0.0,0.0,1,0.0,0.0,0.0,1,0.0,0.0,0.0,1,0.0,1,1,0.0,Fingerprinting,1
0,0.0,0.0,0,10.762932762790928,0.0,18.15925341941954,2,0.0,1,2,3,0.0,-0.11227262637457826,-0.489013248180181,-0.5725850877823285,0.0,0.0,0.0,0.0,-0.041462984982604485,-0.8888888888888888,-1.0,0.0,-0.14478295061395813,0.0,0.0,0.0,0.0,1,0.0,0.0,0.0,1,0.0,0.0,0.0,1,0.0,1,1,0.0,Fingerprinting,1
0,0.0,0.0,0,10.901616302625916,0.0,0.0,2,0.0,1,2,3,0.0,-0.11227262637457826,-0.489013248180181,-0.5725850877823285,0.0,0.0,0.0,0.0,-0.041462984982604485,-0.8888888888888888,-1.0,0.0,-0.14478295061395813,0.0,0.0,0.0,0.0,1,0.0,0.0,0.0,1,0.0,0.0,0.0,1,0.0,1,1,0.0,Fingerprinting,1
0,0.0,0.0,0,0.0,0.0,0.0,2,0.0,1,2,3,0.0,-0.11227262637457826,-0.489013248180181,-0.4366841512778137,0.0,0.0,0.6931471805599453,0.0,1.401594222046065,-0.7777777777777778,-1.0,0.0,-0.14478295061395813,0.0,0.0,0.0,0.0,1,0.0,0.0,0.0,1,0.0,0.0,0.0,1,0.0,1,1,0.0,Fingerprinting,1
0,0.0,0.0,0,0.0,0.0,0.0,2,0.0,1,2,3,0.0,0.0,0.3510112945734509,-0.2733108189025413,0.0,0.6931471805599453,0.0,0.0,1.2335182983221034,0.2222222222222222,0.0,0.0,0.0,0.0,0.0,0.0,0.0,1,0.0,0.0,0.0,1,0.0,0.0,0.0,1,0.0,1,1,0.0,Fingerprinting,1
0,0.0,0.0,0,0.0,0.0,0.0,2,0.0,1,2,3,0.0,-0.11227262637457826,-0.489013248180181,0.34672223419798326,0.0,0.0,0.6931471805599453,0.0,1.401594222046065,-0.7777777777777778,-1.0,0.0,-0.14478295061395813,0.0,0.0,0.0,0.0,1,0.0,0.0,0.0,1,0.0,0.0,0.0,1,0.0,1,1,0.0,Fingerprinting,1
0,0.0,0.0,0,0.0,0.0,0.0,2,0.0,1,2,3,0.0,0.0,-0.2815324591311365,0.5100955665732557,0.0,0.6931471805599453,0.0,0.0,0.1371823666710706,0.2222222222222222,0.0,0.0,0.0,0.0,0.0,0.0,0.0,1,0.0,0.0,0.0,1,0.0,0.0,0.0,1,0.0,1,1,0.0,Fingerprinting,1
0,0.0,0.0,0,10.289565946844103,0.0,0.0,2,0.0,1,2,3,0.0,-0.11227262637457826,-0.489013248180181,-0.5725850877823285,0.0,0.0,0.0,0.0,-0.041462984982604485,-0.8888888888888888,-1.0,0.0,-0.14478295061395813,0.0,0.0,0.0,0.0,1,0.0,0.0,0.0,1,0.0,0.0,0.0,1,0.0,1,1,0.0,Fingerprinting,1
0,0.0,0.0,0,10.35685354062884,0.0,0.0,2,0.0,1,2,3,0.0,-0.11227262637457826,-0.489013248180181,-0.5725850877823285,0.0,0.0,0.0,0.0,-0.041462984982604485,-0.8888888888888888,-1.0,0.0,-0.14478295061395813,0.0,0.0,0.0,0.0,1,0.0,0.0,0.0,1,0.0,0.0,0.0,1,0.0,1,1,0.0,Fingerprinting,1
0,0.0,0.0,0,9.356602878954435,5.54907608489522,0.0,2,0.0,1,2,3,0.0,-0.11227262637457826,-0.489013248180181,-0.5725850877823285,0.0,0.0,0.0,0.0,-0.041462984982604485,-0.8888888888888888,-1.0,0.0,-0.14478295061395813,0.0,0.0,0.0,0.0,1,0.0,0.0,0.0,1,0.0,0.0,0.0,1,0.0,1,1,0.0,Fingerprinting,1
0,0.0,0.0,0,9.51951481976606,5.54907608489522,0.0,2,0.0,1,2,3,0.0,-0.11227262637457826,-0.489013248180181,-0.5725850877823285,0.0,0.0,0.0,0.0,-0.041462984982604485,-0.8888888888888888,-1.0,0.0,-0.14478295061395813,0.0,0.0,0.0,0.0,1,0.0,0.0,0.0,1,0.0,0.0,0.0,1,0.0,1,1,0.0,Fingerprinting,1
0,0.0,0.0,0,10.156112233172507,0.0,0.0,2,0.0,1,2,3,0.0,-0.11227262637457826,-0.489013248180181,-0.5725850877823285,0.0,0.0,0.0,0.0,-0.041462984982604485,-0.8888888888888888,-1.0,0.0,-0.14478295061395813,0.0,0.0,0.0,0.0,1,0.0,0.0,0.0,1,0.0,0.0,0.0,1,0.0,1,1,0.0,Fingerprinting,1
0,0.0,0.0,0,9.180293450623886,0.0,18.15946557901705,2,0.0,1,2,3,0.0,-0.11227262637457826,-0.489013248180181,-0.5725850877823285,0.0,0.0,0.0,0.0,-0.041462984982604485,-0.8888888888888888,-1.0,0.0,-0.14478295061395813,0.0,0.0,0.0,0.0,1,0.0,0.0,0.0,1,0.0,0.0,0.0,1,0.0,1,1,0.0,Fingerprinting,1
0,0.0,0.0,0,9.871170951059584,0.0,0.0,2,0.0,1,2,3,0.0,-0.11227262637457826,-0.489013248180181,-0.5725850877823285,0.0,0.0,0.0,0.0,-0.041462984982604485,-0.8888888888888888,-1.0,0.0,-0.14478295061395813,0.0,0.0,0.0,0.0,1,0.0,0.0,0.0,1,0.0,0.0,0.0,1,0.0,1,1,0.0,Fingerprinting,1
0,0.0,0.0,0,0.0,0.0,0.0,2,0.0,1,2,3,0.0,-0.11227262637457826,-0.489013248180181,-0.001197576105961534,0.0,0.0,0.6931471805599453,0.0,1.401594222046065,-0.7777777777777778,-1.0,0.0,-0.14478295061395813,0.0,0.0,0.0,0.0,1,0.0,0.0,0.0,1,0.0,0.0,0.0,1,0.0,1,1,0.0,Fingerprinting,1
0,0.0,0.0,0,0.0,0.0,0.0,2,0.0,1,2,3,0.0,0.0,-0.35264952896385116,0.1621757562693109,0.0,0.6931471805599453,0.0,0.0,0.8708548024838155,0.2222222222222222,0.0,0.0,0.0,0.0,0.0,0.0,0.0,1,0.0,0.0,0.0,1,0.0,0.0,0.0,1,0.0,1,1,0.0,Fingerprinting,1
0,0.0,0.0,0,0.0,0.0,0.0,2,0.0,1,2,3,0.0,-0.11227262637457826,-0.489013248180181,-0.04842997772508443,0.0,0.0,0.6931471805599453,0.0,1.401594222046065,-0.7777777777777778,-1.0,0.0,-0.14478295061395813,0.0,0.0,0.0,0.0,1,0.0,0.0,0.0,1,0.0,0.0,0.0,1,0.0,1,1,0.0,Fingerprinting,1
0,0.0,0.0,0,0.0,0.0,0.0,2,0.0,1,2,3,0.0,0.0,-0.28719229355596854,0.11494335465018803,0.0,0.6931471805599453,0.0,0.0,0.3186021931562954,0.2222222222222222,0.0,0.0,0.0,0.0,0.0,0.0,0.0,1,0.0,0.0,0.0,1,0.0,0.0,0.0,1,0.0,1,1,0.0,Fingerprinting,1
0,0.0,0.0,0,10.885566024948286,0.0,0.0,2,0.0,1,2,3,0.0,-0.11227262637457826,-0.489013248180181,-0.5725850877823285,0.0,0.0,0.0,0.0,-0.041462984982604485,-0.8888888888888888,-1.0,0.0,-0.14478295061395813,0.0,0.0,0.0,0.0,1,0.0,0.0,0.0,1,0.0,0.0,0.0,1,0.0,1,1,0.0,Fingerprinting,1
0,0.0,0.0,0,10.92320092359782,0.0,0.0,2,0.0,1,2,3,0.0,-0.11227262637457826,-0.489013248180181,-0.5725850877823285,0.0,0.0,0.0,0.0,-0.041462984982604485,-0.8888888888888888,-1.0,0.0,-0.14478295061395813,0.0,0.0,0.0,0.0,1,0.0,0.0,0.0,1,0.0,0.0,0.0,1,0.0,1,1,0.0,Fingerprinting,1
0,0.0,0.0,0,10.748754781156906,5.54907608489522,0.0,2,0.0,1,2,3,0.0,-0.11227262637457826,-0.489013248180181,-0.5725850877823285,0.0,0.0,0.0,0.0,-0.041462984982604485,-0.8888888888888888,-1.0,0.0,-0.14478295061395813,0.0,0.0,0.0,0.0,1,0.0,0.0,0.0,1,0.0,0.0,0.0,1,0.0,1,1,0.0,Fingerprinting,1
0,0.0,0.0,0,10.791790247870114,5.54907608489522,0.0,2,0.0,1,2,3,0.0,-0.11227262637457826,-0.489013248180181,-0.5725850877823285,0.0,0.0,0.0,0.0,-0.041462984982604485,-0.8888888888888888,-1.0,0.0,-0.14478295061395813,0.0,0.0,0.0,0.0,1,0.0,0.0,0.0,1,0.0,0.0,0.0,1,0.0,1,1,0.0,Fingerprinting,1
0,0.0,0.0,0,10.707460288184958,0.0,0.0,2,0.0,1,2,3,0.0,-0.11227262637457826,-0.489013248180181,-0.5725850877823285,0.0,0.0,0.0,0.0,-0.041462984982604485,-0.8888888888888888,-1.0,0.0,-0.14478295061395813,0.0,0.0,0.0,0.0,1,0.0,0.0,0.0,1,0.0,0.0,0.0,1,0.0,1,1,0.0,Fingerprinting,1
0,0.0,0.0,0,9.24936875894366,0.0,18.159584034797103,2,0.0,1,2,3,0.0,-0.11227262637457826,-0.489013248180181,-0.5725850877823285,0.0,0.0,0.0,0.0,-0.041462984982604485,-0.8888888888888888,-1.0,0.0,-0.14478295061395813,0.0,0.0,0.0,0.0,1,0.0,0.0,0.0,1,0.0,0.0,0.0,1,0.0,1,1,0.0,Fingerprinting,1
0,0.0,0.0,0,9.2681374707024,0.0,0.0,2,0.0,1,2,3,0.0,-0.11227262637457826,-0.489013248180181,-0.5725850877823285,0.0,0.0,0.0,0.0,-0.041462984982604485,-0.8888888888888888,-1.0,0.0,-0.14478295061395813,0.0,0.0,0.0,0.0,1,0.0,0.0,0.0,1,0.0,0.0,0.0,1,0.0,1,1,0.0,Fingerprinting,1
0,0.0,0.0,0,0.0,0.0,0.0,2,0.0,1,2,3,0.0,-0.11227262637457826,-0.489013248180181,0.6359847668319322,0.0,0.0,0.6931471805599453,0.0,1.401594222046065,-0.7777777777777778,-1.0,0.0,-0.14478295061395813,0.0,0.0,0.0,0.0,1,0.0,0.0,0.0,1,0.0,0.0,0.0,1,0.0,1,1,0.0,Fingerprinting,1
0,0.0,0.0,0,0.0,0.0,0.0,2,0.0,1,2,3,0.0,0.0,0.07915226814019581,0.7993580992072046,0.0,0.6931471805599453,0.0,0.0,1.2847800237812128,0.2222222222222222,0.0,0.0,0.0,0.0,0.0,0.0,0.0,1,0.0,0.0,0.0,1,0.0,0.0,0.0,1,0.0,1,1,0.0,Fingerprinting,1
0,0.0,0.0,0,0.0,0.0,0.0,2,0.0,1,2,3,0.0,-0.11227262637457826,-0.489013248180181,-0.22991066082249528,0.0,0.0,0.6931471805599453,0.0,1.401594222046065,-0.7777777777777778,-1.0,0.0,-0.14478295061395813,0.0,0.0,0.0,0.0,1,0.0,0.0,0.0,1,0.0,0.0,0.0,1,0.0,1,1,0.0,Fingerprinting,1
0,0.0,0.0,0,0.0,0.0,0.0,2,0.0,1,2,3,0.0,0.0,-0.4481606407344455,-0.06653732844722282,0.0,0.6931471805599453,0.0,0.0,0.06986832254370899,0.2222222222222222,0.0,0.0,0.0,0.0,0.0,0.0,0.0,1,0.0,0.0,0.0,1,0.0,0.0,0.0,1,0.0,1,1,0.0,Fingerprinting,1
0,0.0,0.0,0,11.030152655646273,0.0,0.0,2,0.0,1,2,3,0.0,-0.11227262637457826,-0.489013248180181,-0.5725850877823285,0.0,0.0,0.0,0.0,-0.041462984982604485,-0.8888888888888888,-1.0,0.0,-0.14478295061395813,0.0,0.0,0.0,0.0,1,0.0,0.0,0.0,1,0.0,0.0,0.0,1,0.0,1,1,0.0,Fingerprinting,1
0,0.0,0.0,0,11.062802891317641,0.0,0.0,2,0.0,1,2,3,0.0,-0.11227262637457826,-0.489013248180181,-0.5725850877823285,0.0,0.0,0.0,0.0,-0.041462984982604485,-0.8888888888888888,-1.0,0.0,-0.14478295061395813,0.0,0.0,0.0,0.0,1,0.0,0.0,0.0,1,0.0,0.0,0.0,1,0.0,1,1,0.0,Fingerprinting,1
0,0.0,0.0,0,5.8998973535824915,5.54907608489522,0.0,2,0.0,1,2,3,0.0,-0.11227262637457826,-0.489013248180181,-0.5725850877823285,0.0,0.0,0.0,0.0,-0.041462984982604485,-0.8888888888888888,-1.0,0.0,-0.14478295061395813,0.0,0.0,0.0,0.0,1,0.0,0.0,0.0,1,0.0,0.0,0.0,1,0.0,1,1,0.0,Fingerprinting,1
0,0.0,0.0,0,7.7886260656250315,5.54907608489522,0.0,2,0.0,1,2,3,0.0,-0.11227262637457826,-0.489013248180181,-0.5725850877823285,0.0,0.0,0.0,0.0,-0.041462984982604485,-0.8888888888888888,-1.0,0.0,-0.14478295061395813,0.0,0.0,0.0,0.0,1,0.0,0.0,0.0,1,0.0,0.0,0.0,1,0.0,1,1,0.0,Fingerprinting,1
0,0.0,0.0,0,9.608579434992608,0.0,0.0,2,0.0,1,2,3,0.0,-0.11227262637457826,-0.489013248180181,-0.5725850877823285,0.0,0.0,0.0,0.0,-0.041462984982604485,-0.8888888888888888,-1.0,0.0,-0.14478295061395813,0.0,0.0,0.0,0.0,1,0.0,0.0,0.0,1,0.0,0.0,0.0,1,0.0,1,1,0.0,Fingerprinting,1
0,0.0,0.0,0,10.243489267499985,0.0,18.159701126418703,2,0.0,1,2,3,0.0,-0.11227262637457826,-0.489013248180181,-0.5725850877823285,0.0,0.0,0.0,0.0,-0.041462984982604485,-0.8888888888888888,-1.0,0.0,-0.14478295061395813,0.0,0.0,0.0,0.0,1,0.0,0.0,0.0,1,0.0,0.0,0.0,1,0.0,1,1,0.0,Fingerprinting,1
0,0.0,0.0,0,8.35936910622267,0.0,0.0,2,0.0,1,2,3,0.0,-0.11227262637457826,-0.489013248180181,-0.5725850877823285,0.0,0.0,0.0,0.0,-0.041462984982604485,-0.8888888888888888,-1.0,0.0,-0.14478295061395813,0.0,0.0,0.0,0.0,1,0.0,0.0,0.0,1,0.0,0.0,0.0,1,0.0,1,1,0.0,Fingerprinting,1
0,0.0,0.0,0,0.0,0.0,0.0,2,0.0,1,2,3,0.0,-0.11227262637457826,-0.489013248180181,0.9771741994203732,0.0,0.0,0.6931471805599453,0.0,1.401594222046065,-0.7777777777777778,-1.0,0.0,-0.14478295061395813,0.0,0.0,0.0,0.0,1,0.0,0.0,0.0,1,0.0,0.0,0.0,1,0.0,1,1,0.0,Fingerprinting,1
0,0.0,0.0,0,0.0,0.0,0.0,2,0.0,1,2,3,0.0,0.0,0.2808240832024683,-0.4291154702881368,0.0,0.6931471805599453,0.0,0.0,0.839741049015722,0.2222222222222222,0.0,0.0,0.0,0.0,0.0,0.0,0.0,1,0.0,0.0,0.0,1,0.0,0.0,0.0,1,0.0,1,1,0.0,Fingerprinting,1
0,0.0,0.0,0,0.0,0.0,0.0,2,0.0,1,2,3,0.0,-0.11227262637457826,-0.489013248180181,-0.2177432875859261,0.0,0.0,0.6931471805599453,0.0,1.401594222046065,-0.7777777777777778,-1.0,0.0,-0.14478295061395813,0.0,0.0,0.0,0.0,1,0.0,0.0,0.0,1,0.0,0.0,0.0,1,0.0,1,1,0.0,Fingerprinting,1
0,0.0,0.0,0,0.0,0.0,0.0,2,0.0,1,2,3,0.0,0.0,-0.4519038585545561,-0.05436995521065364,0.0,0.6931471805599453,0.0,0.0,0.7752014797199102,0.2222222222222222,0.0,0.0,0.0,0.0,0.0,0.0,0.0,1,0.0,0.0,0.0,1,0.0,0.0,0.0,1,0.0,1,1,0.0,Fingerprinting,1
0,0.0,0.0,0,10.586483382039699,0.0,0.0,2,0.0,1,2,3,0.0,-0.11227262637457826,-0.489013248180181,-0.5725850877823285,0.0,0.0,0.0,0.0,-0.041462984982604485,-0.8888888888888888,-1.0,0.0,-0.14478295061395813,0.0,0.0,0.0,0.0,1,0.0,0.0,0.0,1,0.0,0.0,0.0,1,0.0,1,1,0.0,Fingerprinting,1
0,0.0,0.0,0,10.636912579594643,0.0,0.0,2,0.0,1,2,3,0.0,-0.11227262637457826,-0.489013248180181,-0.5725850877823285,0.0,0.0,0.0,0.0,-0.041462984982604485,-0.8888888888888888,-1.0,0.0,-0.14478295061395813,0.0,0.0,0.0,0.0,1,0.0,0.0,0.0,1,0.0,0.0,0.0,1,0.0,1,1,0.0,Fingerprinting,1
0,0.0,0.0,0,8.045267716607803,5.54907608489522,0.0,2,0.0,1,2,3,0.0,-0.11227262637457826,-0.489013248180181,-0.5725850877823285,0.0,0.0,0.0,0.0,-0.041462984982604485,-0.8888888888888888,-1.0,0.0,-0.14478295061395813,0.0,0.0,0.0,0.0,1,0.0,0.0,0.0,1,0.0,0.0,0.0,1,0.0,1,1,0.0,Fingerprinting,1
0,0.0,0.0,0,8.550047528287184,5.54907608489522,0.0,2,0.0,1,2,3,0.0,-0.11227262637457826,-0.489013248180181,-0.5725850877823285,0.0,0.0,0.0,0.0,-0.041462984982604485,-0.8888888888888888,-1.0,0.0,-0.14478295061395813,0.0,0.0,0.0,0.0,1,0.0,0.0,0.0,1,0.0,0.0,0.0,1,0.0,1,1,0.0,Fingerprinting,1
0,0.0,0.0,0,9.503457646917903,0.0,0.0,2,0.0,1,2,3,0.0,-0.11227262637457826,-0.489013248180181,-0.5725850877823285,0.0,0.0,0.0,0.0,-0.041462984982604485,-0.8888888888888888,-1.0,0.0,-0.14478295061395813,0.0,0.0,0.0,0.0,1,0.0,0.0,0.0,1,0.0,0.0,0.0,1,0.0,1,1,0.0,Fingerprinting,1
0,0.0,0.0,0,9.61413742298365,0.0,18.159776665893624,2,0.0,1,2,3,0.0,-0.11227262637457826,-0.489013248180181,-0.5725850877823285,0.0,0.0,0.0,0.0,-0.041462984982604485,-0.8888888888888888,-1.0,0.0,-0.14478295061395813,0.0,0.0,0.0,0.0,1,0.0,0.0,0.0,1,0.0,0.0,0.0,1,0.0,1,1,0.0,Fingerprinting,1
0,0.0,0.0,0,10.414633125113038,0.0,0.0,2,0.0,1,2,3,0.0,-0.11227262637457826,-0.489013248180181,-0.5725850877823285,0.0,0.0,0.0,0.0,-0.041462984982604485,-0.8888888888888888,-1.0,0.0,-0.14478295061395813,0.0,0.0,0.0,0.0,1,0.0,0.0,0.0,1,0.0,0.0,0.0,1,0.0,1,1,0.0,Fingerprinting,1
0,0.0,0.0,0,0.0,0.0,0.0,2,0.0,1,2,3,0.0,-0.11227262637457826,-0.489013248180181,0.14940959497976097,0.0,0.0,0.6931471805599453,0.0,1.401594222046065,-0.7777777777777778,-1.0,0.0,-0.14478295061395813,0.0,0.0,0.0,0.0,1,0.0,0.0,0.0,1,0.0,0.0,0.0,1,0.0,1,1,0.0,Fingerprinting,1
0,0.0,0.0,0,0.0,0.0,0.0,2,0.0,1,2,3,0.0,0.0,-0.1953159884272492,0.31278292735503344,0.0,0.6931471805599453,0.0,0.0,0.5307394195622496,0.2222222222222222,0.0,0.0,0.0,0.0,0.0,0.0,0.0,1,0.0,0.0,0.0,1,0.0,0.0,0.0,1,0.0,1,1,0.0,Fingerprinting,1
0,0.0,0.0,0,0.0,0.0,0.0,2,0.0,1,2,3,0.0,-0.11227262637457826,-0.489013248180181,-0.31726186199132955,0.0,0.0,0.6931471805599453,0.0,1.401594222046065,-0.7777777777777778,-1.0,0.0,-0.14478295061395813,0.0,0.0,0.0,0.0,1,0.0,0.0,0.0,1,0.0,0.0,0.0,1,0.0,1,1,0.0,Fingerprinting,1
0,0.0,0.0,0,0.0,0.0,0.0,2,0.0,1,2,3,0.0,0.0,0.28846079826148224,-0.1538885296160571,0.0,0.6931471805599453,0.0,0.0,-0.03791782269784648,0.2222222222222222,0.0,0.0,0.0,0.0,0.0,0.0,0.0,1,0.0,0.0,0.0,1,0.0,0.0,0.0,1,0.0,1,1,0.0,Fingerprinting,1
0,0.0,0.0,0,10.530227800898475,0.0,0.0,2,0.0,1,2,3,0.0,-0.11227262637457826,-0.489013248180181,-0.5725850877823285,0.0,0.0,0.0,0.0,-0.041462984982604485,-0.8888888888888888,-1.0,0.0,-0.14478295061395813,0.0,0.0,0.0,0.0,1,0.0,0.0,0.0,1,0.0,0.0,0.0,1,0.0,1,1,0.0,Fingerprinting,1
0,0.0,0.0,0,10.583498833702933,0.0,0.0,2,0.0,1,2,3,0.0,-0.11227262637457826,-0.489013248180181,-0.5725850877823285,0.0,0.0,0.0,0.0,-0.041462984982604485,-0.8888888888888888,-1.0,0.0,-0.14478295061395813,0.0,0.0,0.0,0.0,1,0.0,0.0,0.0,1,0.0,0.0,0.0,1,0.0,1,1,0.0,Fingerprinting,1
0,0.0,0.0,0,10.765364336370562,5.54907608489522,0.0,2,0.0,1,2,3,0.0,-0.11227262637457826,-0.489013248180181,-0.5725850877823285,0.0,0.0,0.0,0.0,-0.041462984982604485,-0.8888888888888888,-1.0,0.0,-0.14478295061395813,0.0,0.0,0.0,0.0,1,0.0,0.0,0.0,1,0.0,0.0,0.0,1,0.0,1,1,0.0,Fingerprinting,1
0,0.0,0.0,0,10.807705703176014,5.54907608489522,0.0,2,0.0,1,2,3,0.0,-0.11227262637457826,-0.489013248180181,-0.5725850877823285,0.0,0.0,0.0,0.0,-0.041462984982604485,-0.8888888888888888,-1.0,0.0,-0.14478295061395813,0.0,0.0,0.0,0.0,1,0.0,0.0,0.0,1,0.0,0.0,0.0,1,0.0,1,1,0.0,Fingerprinting,1
0,0.0,0.0,0,9.8741617231543,0.0,0.0,2,0.0,1,2,3,0.0,-0.11227262637457826,-0.489013248180181,-0.5725850877823285,0.0,0.0,0.0,0.0,-0.041462984982604485,-0.8888888888888888,-1.0,0.0,-0.14478295061395813,0.0,0.0,0.0,0.0,1,0.0,0.0,0.0,1,0.0,0.0,0.0,1,0.0,1,1,0.0,Fingerprinting,1
0,0.0,0.0,0,9.079434102128383,0.0,18.159855963870456,2,0.0,1,2,3,0.0,-0.11227262637457826,-0.489013248180181,-0.5725850877823285,0.0,0.0,0.0,0.0,-0.041462984982604485,-0.8888888888888888,-1.0,0.0,-0.14478295061395813,0.0,0.0,0.0,0.0,1,0.0,0.0,0.0,1,0.0,0.0,0.0,1,0.0,1,1,0.0,Fingerprinting,1
0,0.0,0.0,0,7.60688453121963,0.0,0.0,2,0.0,1,2,3,0.0,-0.11227262637457826,-0.489013248180181,-0.5725850877823285,0.0,0.0,0.0,0.0,-0.041462984982604485,-0.8888888888888888,-1.0,0.0,-0.14478295061395813,0.0,0.0,0.0,0.0,1,0.0,0.0,0.0,1,0.0,0.0,0.0,1,0.0,1,1,0.0,Fingerprinting,1
0,0.0,0.0,0,0.0,0.0,0.0,2,0.0,1,2,3,0.0,-0.11227262637457826,-0.489013248180181,0.3393930684294987,0.0,0.0,0.6931471805599453,0.0,1.401594222046065,-0.7777777777777778,-1.0,0.0,-0.14478295061395813,0.0,0.0,0.0,0.0,1,0.0,0.0,0.0,1,0.0,0.0,0.0,1,0.0,1,1,0.0,Fingerprinting,1
0,0.0,0.0,0,0.0,0.0,0.0,2,0.0,1,2,3,0.0,0.0,0.31633373895768946,0.5027664008047712,0.0,0.6931471805599453,0.0,0.0,0.886290571189501,0.2222222222222222,0.0,0.0,0.0,0.0,0.0,0.0,0.0,1,0.0,0.0,0.0,1,0.0,0.0,0.0,1,0.0,1,1,0.0,Fingerprinting,1
0,0.0,0.0,0,10.577706723210554,0.0,0.0,2,0.0,1,2,3,0.0,-0.11227262637457826,-0.489013248180181,-0.5725850877823285,0.0,0.0,0.0,0.0,-0.041462984982604485,-0.8888888888888888,-1.0,0.0,-0.14478295061395813,0.0,0.0,0.0,0.0,1,0.0,0.0,0.0,1,0.0,0.0,0.0,1,0.0,1,1,0.0,Fingerprinting,1
0,0.0,0.0,0,10.62856935162642,0.0,0.0,2,0.0,1,2,3,0.0,-0.11227262637457826,-0.489013248180181,-0.5725850877823285,0.0,0.0,0.0,0.0,-0.041462984982604485,-0.8888888888888888,-1.0,0.0,-0.14478295061395813,0.0,0.0,0.0,0.0,1,0.0,0.0,0.0,1,0.0,0.0,0.0,1,0.0,1,1,0.0,Fingerprinting,1
0,0.0,0.0,0,7.588829878307813,5.54907608489522,0.0,2,0.0,1,2,3,0.0,-0.11227262637457826,-0.489013248180181,-0.5725850877823285,0.0,0.0,0.0,0.0,-0.041462984982604485,-0.8888888888888888,-1.0,0.0,-0.14478295061395813,0.0,0.0,0.0,0.0,1,0.0,0.0,0.0,1,0.0,0.0,0.0,1,0.0,1,1,0.0,Fingerprinting,1
0,0.0,0.0,0,8.300031711779575,5.54907608489522,0.0,2,0.0,1,2,3,0.0,-0.11227262637457826,-0.489013248180181,-0.5725850877823285,0.0,0.0,0.0,0.0,-0.041462984982604485,-0.8888888888888888,-1.0,0.0,-0.14478295061395813,0.0,0.0,0.0,0.0,1,0.0,0.0,0.0,1,0.0,0.0,0.0,1,0.0,1,1,0.0,Fingerprinting,1
0,0.0,0.0,0,10.897590814778392,0.0,0.0,2,0.0,1,2,3,0.0,-0.11227262637457826,-0.489013248180181,-0.5725850877823285,0.0,0.0,0.0,0.0,-0.041462984982604485,-0.8888888888888888,-1.0,0.0,-0.14478295061395813,0.0,0.0,0.0,0.0,1,0.0,0.0,0.0,1,0.0,0.0,0.0,1,0.0,1,1,0.0,Fingerprinting,1
0,0.0,0.0,0,10.115489263431494,0.0,18.15997715080663,2,0.0,1,2,3,0.0,-0.11227262637457826,-0.489013248180181,-0.5725850877823285,0.0,0.0,0.0,0.0,-0.041462984982604485,-0.8888888888888888,-1.0,0.0,-0.14478295061395813,0.0,0.0,0.0,0.0,1,0.0,0.0,0.0,1,0.0,0.0,0.0,1,0.0,1,1,0.0,Fingerprinting,1
0,0.0,0.0,0,10.95247182613575,0.0,0.0,2,0.0,1,2,3,0.0,-0.11227262637457826,-0.489013248180181,-0.5725850877823285,0.0,0.0,0.0,0.0,-0.041462984982604485,-0.8888888888888888,-1.0,0.0,-0.14478295061395813,0.0,0.0,0.0,0.0,1,0.0,0.0,0.0,1,0.0,0.0,0.0,1,0.0,1,1,0.0,Fingerprinting,1
0,0.0,0.0,0,0.0,0.0,0.0,2,0.0,1,2,3,0.0,-0.11227262637457826,-0.489013248180181,0.9466120571962349,0.0,0.0,0.6931471805599453,0.0,1.401594222046065,-0.7777777777777778,-1.0,0.0,-0.14478295061395813,0.0,0.0,0.0,0.0,1,0.0,0.0,0.0,1,0.0,0.0,0.0,1,0.0,1,1,0.0,Fingerprinting,1
0,0.0,0.0,0,0.0,0.0,0.0,2,0.0,1,2,3,0.0,0.0,-0.46757561089097815,-0.4596776125122752,0.0,0.6931471805599453,0.0,0.0,0.1147663716034703,0.2222222222222222,0.0,0.0,0.0,0.0,0.0,0.0,0.0,1,0.0,0.0,0.0,1,0.0,0.0,0.0,1,0.0,1,1,0.0,Fingerprinting,1
0,0.0,0.0,0,0.0,0.0,0.0,2,0.0,1,2,3,0.0,-0.11227262637457826,-0.489013248180181,0.43967809154271753,0.0,0.0,0.6931471805599453,0.0,1.401594222046065,-0.7777777777777778,-1.0,0.0,-0.14478295061395813,0.0,0.0,0.0,0.0,1,0.0,0.0,0.0,1,0.0,0.0,0.0,1,0.0,1,1,0.0,Fingerprinting,1
0,0.0,0.0,0,0.0,0.0,0.0,2,0.0,1,2,3,0.0,0.0,-0.33008343339047935,0.6030514239179899,0.0,0.6931471805599453,0.0,0.0,0.6896551724137931,0.2222222222222222,0.0,0.0,0.0,0.0,0.0,0.0,0.0,1,0.0,0.0,0.0,1,0.0,0.0,0.0,1,0.0,1,1,0.0,Fingerprinting,1
0,0.0,0.0,0,8.146129510025405,0.0,0.0,2,0.0,1,2,3,0.0,-0.11227262637457826,-0.489013248180181,-0.5725850877823285,0.0,0.0,0.0,0.0,-0.041462984982604485,-0.8888888888888888,-1.0,0.0,-0.14478295061395813,0.0,0.0,0.0,0.0,1,0.0,0.0,0.0,1,0.0,0.0,0.0,1,0.0,1,1,0.0,Fingerprinting,1
0,0.0,0.0,0,8.612139668725192,0.0,0.0,2,0.0,1,2,3,0.0,-0.11227262637457826,-0.489013248180181,-0.5725850877823285,0.0,0.0,0.0,0.0,-0.041462984982604485,-0.8888888888888888,-1.0,0.0,-0.14478295061395813,0.0,0.0,0.0,0.0,1,0.0,0.0,0.0,1,0.0,0.0,0.0,1,0.0,1,1,0.0,Fingerprinting,1
0,0.0,0.0,0,10.714239975170337,5.54907608489522,0.0,2,0.0,1,2,3,0.0,-0.11227262637457826,-0.489013248180181,-0.5725850877823285,0.0,0.0,0.0,0.0,-0.041462984982604485,-0.8888888888888888,-1.0,0.0,-0.14478295061395813,0.0,0.0,0.0,0.0,1,0.0,0.0,0.0,1,0.0,0.0,0.0,1,0.0,1,1,0.0,Fingerprinting,1
0,0.0,0.0,0,10.758753582572508,5.54907608489522,0.0,2,0.0,1,2,3,0.0,-0.11227262637457826,-0.489013248180181,-0.5725850877823285,0.0,0.0,0.0,0.0,-0.041462984982604485,-0.8888888888888888,-1.0,0.0,-0.14478295061395813,0.0,0.0,0.0,0.0,1,0.0,0.0,0.0,1,0.0,0.0,0.0,1,0.0,1,1,0.0,Fingerprinting,1
0,0.0,0.0,0,7.148345743900068,0.0,0.0,2,0.0,1,2,3,0.0,-0.11227262637457826,-0.489013248180181,-0.5725850877823285,0.0,0.0,0.0,0.0,-0.041462984982604485,-0.8888888888888888,-1.0,0.0,-0.14478295061395813,0.0,0.0,0.0,0.0,1,0.0,0.0,0.0,1,0.0,0.0,0.0,1,0.0,1,1,0.0,Fingerprinting,1
0,0.0,0.0,0,10.172598239402474,0.0,18.16005052815308,2,0.0,1,2,3,0.0,-0.11227262637457826,-0.489013248180181,-0.5725850877823285,0.0,0.0,0.0,0.0,-0.041462984982604485,-0.8888888888888888,-1.0,0.0,-0.14478295061395813,0.0,0.0,0.0,0.0,1,0.0,0.0,0.0,1,0.0,0.0,0.0,1,0.0,1,1,0.0,Fingerprinting,1
0,0.0,0.0,0,10.885622203145543,0.0,0.0,2,0.0,1,2,3,0.0,-0.11227262637457826,-0.489013248180181,-0.5725850877823285,0.0,0.0,0.0,0.0,-0.041462984982604485,-0.8888888888888888,-1.0,0.0,-0.14478295061395813,0.0,0.0,0.0,0.0,1,0.0,0.0,0.0,1,0.0,0.0,0.0,1,0.0,1,1,0.0,Fingerprinting,1
0,0.0,0.0,0,0.0,0.0,0.0,2,0.0,1,2,3,0.0,-0.11227262637457826,-0.489013248180181,-0.48286268592369047,0.0,0.0,0.6931471805599453,0.0,1.401594222046065,-0.7777777777777778,-1.0,0.0,-0.14478295061395813,0.0,0.0,0.0,0.0,1,0.0,0.0,0.0,1,0.0,0.0,0.0,1,0.0,1,1,0.0,Fingerprinting,1
0,0.0,0.0,0,0.0,0.0,0.0,2,0.0,1,2,3,0.0,0.0,0.04217261437424409,-0.319489353548418,0.0,0.6931471805599453,0.0,0.0,0.2712599638877879,0.2222222222222222,0.0,0.0,0.0,0.0,0.0,0.0,0.0,1,0.0,0.0,0.0,1,0.0,0.0,0.0,1,0.0,1,1,0.0,Fingerprinting,1
0,0.0,0.0,0,10.490162488585556,0.0,0.0,2,0.0,1,2,3,0.0,-0.11227262637457826,-0.489013248180181,-0.5725850877823285,0.0,0.0,0.0,0.0,-0.041462984982604485,-0.8888888888888888,-1.0,0.0,-0.14478295061395813,0.0,0.0,0.0,0.0,1,0.0,0.0,0.0,1,0.0,0.0,0.0,1,0.0,1,1,0.0,Fingerprinting,1
0,0.0,0.0,0,10.545551942866757,0.0,0.0,2,0.0,1,2,3,0.0,-0.11227262637457826,-0.489013248180181,-0.5725850877823285,0.0,0.0,0.0,0.0,-0.041462984982604485,-0.8888888888888888,-1.0,0.0,-0.14478295061395813,0.0,0.0,0.0,0.0,1,0.0,0.0,0.0,1,0.0,0.0,0.0,1,0.0,1,1,0.0,Fingerprinting,1
0,0.0,0.0,0,10.79562902417728,5.54907608489522,0.0,2,0.0,1,2,3,0.0,-0.11227262637457826,-0.489013248180181,-0.5725850877823285,0.0,0.0,0.0,0.0,-0.041462984982604485,-0.8888888888888888,-1.0,0.0,-0.14478295061395813,0.0,0.0,0.0,0.0,1,0.0,0.0,0.0,1,0.0,0.0,0.0,1,0.0,1,1,0.0,Fingerprinting,1
0,0.0,0.0,0,10.836733725059696,5.54907608489522,0.0,2,0.0,1,2,3,0.0,-0.11227262637457826,-0.489013248180181,-0.5725850877823285,0.0,0.0,0.0,0.0,-0.041462984982604485,-0.8888888888888888,-1.0,0.0,-0.14478295061395813,0.0,0.0,0.0,0.0,1,0.0,0.0,0.0,1,0.0,0.0,0.0,1,0.0,1,1,0.0,Fingerprinting,1
0,0.0,0.0,0,10.922695818416969,0.0,0.0,2,0.0,1,2,3,0.0,-0.11227262637457826,-0.489013248180181,-0.5725850877823285,0.0,0.0,0.0,0.0,-0.041462984982604485,-0.8888888888888888,-1.0,0.0,-0.14478295061395813,0.0,0.0,0.0,0.0,1,0.0,0.0,0.0,1,0.0,0.0,0.0,1,0.0,1,1,0.0,Fingerprinting,1
0,0.0,0.0,0,7.246368080102461,0.0,18.16013738263402,2,0.0,1,2,3,0.0,-0.11227262637457826,-0.489013248180181,-0.5725850877823285,0.0,0.0,0.0,0.0,-0.041462984982604485,-0.8888888888888888,-1.0,0.0,-0.14478295061395813,0.0,0.0,0.0,0.0,1,0.0,0.0,0.0,1,0.0,0.0,0.0,1,0.0,1,1,0.0,Fingerprinting,1
0,0.0,0.0,0,10.997171047967486,0.0,0.0,2,0.0,1,2,3,0.0,-0.11227262637457826,-0.489013248180181,-0.5725850877823285,0.0,0.0,0.0,0.0,-0.041462984982604485,-0.8888888888888888,-1.0,0.0,-0.14478295061395813,0.0,0.0,0.0,0.0,1,0.0,0.0,0.0,1,0.0,0.0,0.0,1,0.0,1,1,0.0,Fingerprinting,1
0,0.0,0.0,0,0.0,0.0,0.0,2,0.0,1,2,3,0.0,-0.11227262637457826,-0.489013248180181,-0.12454791501999952,0.0,0.0,0.6931471805599453,0.0,1.401594222046065,-0.7777777777777778,-1.0,0.0,-0.14478295061395813,0.0,0.0,0.0,0.0,1,0.0,0.0,0.0,1,0.0,0.0,0.0,1,0.0,1,1,0.0,Fingerprinting,1
0,0.0,0.0,0,0.0,0.0,0.0,2,0.0,1,2,3,0.0,0.0,0.3165830181478785,0.03882541735527293,0.0,0.6931471805599453,0.0,0.0,1.2790769366274717,0.2222222222222222,0.0,0.0,0.0,0.0,0.0,0.0,0.0,1,0.0,0.0,0.0,1,0.0,0.0,0.0,1,0.0,1,1,0.0,Fingerprinting,1
0,0.0,0.0,0,0.0,0.0,0.0,2,0.0,1,2,3,0.0,-0.11227262637457826,-0.489013248180181,0.25019760005748365,0.0,0.0,0.6931471805599453,0.0,1.401594222046065,-0.7777777777777778,-1.0,0.0,-0.14478295061395813,0.0,0.0,0.0,0.0,1,0.0,0.0,0.0,1,0.0,0.0,0.0,1,0.0,1,1,0.0,Fingerprinting,1
0,0.0,0.0,0,0.0,0.0,0.0,2,0.0,1,2,3,0.0,0.0,-0.44938622291612224,0.4135709324327561,0.0,0.6931471805599453,0.0,0.0,0.15299246928260007,0.2222222222222222,0.0,0.0,0.0,0.0,0.0,0.0,0.0,1,0.0,0.0,0.0,1,0.0,0.0,0.0,1,0.0,1,1,0.0,Fingerprinting,1
0,0.0,0.0,0,10.419420113670263,0.0,0.0,2,0.0,1,2,3,0.0,-0.11227262637457826,-0.489013248180181,-0.5725850877823285,0.0,0.0,0.0,0.0,-0.041462984982604485,-0.8888888888888888,-1.0,0.0,-0.14478295061395813,0.0,0.0,0.0,0.0,1,0.0,0.0,0.0,1,0.0,0.0,0.0,1,0.0,1,1,0.0,Fingerprinting,1
0,0.0,0.0,0,10.478751692439356,0.0,0.0,2,0.0,1,2,3,0.0,-0.11227262637457826,-0.489013248180181,-0.5725850877823285,0.0,0.0,0.0,0.0,-0.041462984982604485,-0.8888888888888888,-1.0,0.0,-0.14478295061395813,0.0,0.0,0.0,0.0,1,0.0,0.0,0.0,1,0.0,0.0,0.0,1,0.0,1,1,0.0,Fingerprinting,1
0,0.0,0.0,0,10.250970378105945,5.54907608489522,0.0,2,0.0,1,2,3,0.0,-0.11227262637457826,-0.489013248180181,-0.5725850877823285,0.0,0.0,0.0,0.0,-0.041462984982604485,-0.8888888888888888,-1.0,0.0,-0.14478295061395813,0.0,0.0,0.0,0.0,1,0.0,0.0,0.0,1,0.0,0.0,0.0,1,0.0,1,1,0.0,Fingerprinting,1
0,0.0,0.0,0,10.320815353186804,5.54907608489522,0.0,2,0.0,1,2,3,0.0,-0.11227262637457826,-0.489013248180181,-0.5725850877823285,0.0,0.0,0.0,0.0,-0.041462984982604485,-0.8888888888888888,-1.0,0.0,-0.14478295061395813,0.0,0.0,0.0,0.0,1,0.0,0.0,0.0,1,0.0,0.0,0.0,1,0.0,1,1,0.0,Fingerprinting,1
0,0.0,0.0,0,10.45757379496002,0.0,0.0,2,0.0,1,2,3,0.0,-0.11227262637457826,-0.489013248180181,-0.5725850877823285,0.0,0.0,0.0,0.0,-0.041462984982604485,-0.8888888888888888,-1.0,0.0,-0.14478295061395813,0.0,0.0,0.0,0.0,1,0.0,0.0,0.0,1,0.0,0.0,0.0,1,0.0,1,1,0.0,Fingerprinting,1
0,0.0,0.0,0,10.373147372686288,0.0,18.16023039278379,2,0.0,1,2,3,0.0,-0.11227262637457826,-0.489013248180181,-0.5725850877823285,0.0,0.0,0.0,0.0,-0.041462984982604485,-0.8888888888888888,-1.0,0.0,-0.14478295061395813,0.0,0.0,0.0,0.0,1,0.0,0.0,0.0,1,0.0,0.0,0.0,1,0.0,1,1,0.0,Fingerprinting,1
0,0.0,0.0,0,10.553831610770764,0.0,0.0,2,0.0,1,2,3,0.0,-0.11227262637457826,-0.489013248180181,-0.5725850877823285,0.0,0.0,0.0,0.0,-0.041462984982604485,-0.8888888888888888,-1.0,0.0,-0.14478295061395813,0.0,0.0,0.0,0.0,1,0.0,0.0,0.0,1,0.0,0.0,0.0,1,0.0,1,1,0.0,Fingerprinting,1
0,0.0,0.0,0,0.0,0.0,0.0,2,0.0,1,2,3,0.0,-0.11227262637457826,-0.489013248180181,-0.26174223371895283,0.0,0.0,0.6931471805599453,0.0,1.401594222046065,-0.7777777777777778,-1.0,0.0,-0.14478295061395813,0.0,0.0,0.0,0.0,1,0.0,0.0,0.0,1,0.0,0.0,0.0,1,0.0,1,1,0.0,Fingerprinting,1
0,0.0,0.0,0,0.0,0.0,0.0,2,0.0,1,2,3,0.0,0.0,-0.15652260699931966,-0.09836890134368038,0.0,0.6931471805599453,0.0,0.0,0.5653542960320606,0.2222222222222222,0.0,0.0,0.0,0.0,0.0,0.0,0.0,1,0.0,0.0,0.0,1,0.0,0.0,0.0,1,0.0,1,1,0.0,Fingerprinting,1
0,0.0,0.0,0,10.404384045224234,0.0,0.0,2,0.0,1,2,3,0.0,-0.11227262637457826,-0.489013248180181,-0.5725850877823285,0.0,0.0,0.0,0.0,-0.041462984982604485,-0.8888888888888888,-1.0,0.0,-0.14478295061395813,0.0,0.0,0.0,0.0,1,0.0,0.0,0.0,1,0.0,0.0,0.0,1,0.0,1,1,0.0,Fingerprinting,1
0,0.0,0.0,0,10.46458795217574,0.0,0.0,2,0.0,1,2,3,0.0,-0.11227262637457826,-0.489013248180181,-0.5725850877823285,0.0,0.0,0.0,0.0,-0.041462984982604485,-0.8888888888888888,-1.0,0.0,-0.14478295061395813,0.0,0.0,0.0,0.0,1,0.0,0.0,0.0,1,0.0,0.0,0.0,1,0.0,1,1,0.0,Fingerprinting,1
0,0.0,0.0,0,9.087155271405804,5.54907608489522,0.0,2,0.0,1,2,3,0.0,-0.11227262637457826,-0.489013248180181,-0.5725850877823285,0.0,0.0,0.0,0.0,-0.041462984982604485,-0.8888888888888888,-1.0,0.0,-0.14478295061395813,0.0,0.0,0.0,0.0,1,0.0,0.0,0.0,1,0.0,0.0,0.0,1,0.0,1,1,0.0,Fingerprinting,1
0,0.0,0.0,0,9.29550838434606,5.54907608489522,0.0,2,0.0,1,2,3,0.0,-0.11227262637457826,-0.489013248180181,-0.5725850877823285,0.0,0.0,0.0,0.0,-0.041462984982604485,-0.8888888888888888,-1.0,0.0,-0.14478295061395813,0.0,0.0,0.0,0.0,1,0.0,0.0,0.0,1,0.0,0.0,0.0,1,0.0,1,1,0.0,Fingerprinting,1
0,0.0,0.0,0,11.044232975804555,0.0,0.0,2,0.0,1,2,3,0.0,-0.11227262637457826,-0.489013248180181,-0.5725850877823285,0.0,0.0,0.0,0.0,-0.041462984982604485,-0.8888888888888888,-1.0,0.0,-0.14478295061395813,0.0,0.0,0.0,0.0,1,0.0,0.0,0.0,1,0.0,0.0,0.0,1,0.0,1,1,0.0,Fingerprinting,1
0,0.0,0.0,0,10.667745360554026,0.0,18.160339481835052,2,0.0,1,2,3,0.0,-0.11227262637457826,-0.489013248180181,-0.5725850877823285,0.0,0.0,0.0,0.0,-0.041462984982604485,-0.8888888888888888,-1.0,0.0,-0.14478295061395813,0.0,0.0,0.0,0.0,1,0.0,0.0,0.0,1,0.0,0.0,0.0,1,0.0,1,1,0.0,Fingerprinting,1
0,0.0,0.0,0,7.5745584842024805,0.0,0.0,2,0.0,1,2,3,0.0,-0.11227262637457826,-0.489013248180181,-0.5725850877823285,0.0,0.0,0.0,0.0,-0.041462984982604485,-0.8888888888888888,-1.0,0.0,-0.14478295061395813,0.0,0.0,0.0,0.0,1,0.0,0.0,0.0,1,0.0,0.0,0.0,1,0.0,1,1,0.0,Fingerprinting,1
0,0.0,0.0,0,0.0,0.0,0.0,2,0.0,1,2,3,0.0,-0.11227262637457826,-0.489013248180181,-0.5194366601997557,0.0,0.0,0.6931471805599453,0.0,1.401594222046065,-0.7777777777777778,-1.0,0.0,-0.14478295061395813,0.0,0.0,0.0,0.0,1,0.0,0.0,0.0,1,0.0,0.0,0.0,1,0.0,1,1,0.0,Fingerprinting,1
0,0.0,0.0,0,0.0,0.0,0.0,2,0.0,1,2,3,0.0,0.0,-0.2971494443809083,-0.35606332782448324,0.0,0.6931471805599453,0.0,0.0,1.3688069758224337,0.2222222222222222,0.0,0.0,0.0,0.0,0.0,0.0,0.0,1,0.0,0.0,0.0,1,0.0,0.0,0.0,1,0.0,1,1,0.0,Fingerprinting,1
0,0.0,0.0,0,0.0,0.0,0.0,2,0.0,1,2,3,0.0,-0.11227262637457826,-0.489013248180181,-0.29611266796004887,0.0,0.0,0.6931471805599453,0.0,1.401594222046065,-0.7777777777777778,-1.0,0.0,-0.14478295061395813,0.0,0.0,0.0,0.0,1,0.0,0.0,0.0,1,0.0,0.0,0.0,1,0.0,1,1,0.0,Fingerprinting,1
0,0.0,0.0,0,0.0,0.0,0.0,2,0.0,1,2,3,0.0,0.0,0.015053011142227199,-0.1327393355847764,0.0,0.6931471805599453,0.0,0.0,1.0692958118641829,0.2222222222222222,0.0,0.0,0.0,0.0,0.0,0.0,0.0,1,0.0,0.0,0.0,1,0.0,0.0,0.0,1,0.0,1,1,0.0,Fingerprinting,1
0,0.0,0.0,0,10.104589972973457,0.0,0.0,2,0.0,1,2,3,0.0,-0.11227262637457826,-0.489013248180181,-0.5725850877823285,0.0,0.0,0.0,0.0,-0.041462984982604485,-0.8888888888888888,-1.0,0.0,-0.14478295061395813,0.0,0.0,0.0,0.0,1,0.0,0.0,0.0,1,0.0,0.0,0.0,1,0.0,1,1,0.0,Fingerprinting,1
0,0.0,0.0,0,10.185013213113992,0.0,0.0,2,0.0,1,2,3,0.0,-0.11227262637457826,-0.489013248180181,-0.5725850877823285,0.0,0.0,0.0,0.0,-0.041462984982604485,-0.8888888888888888,-1.0,0.0,-0.14478295061395813,0.0,0.0,0.0,0.0,1,0.0,0.0,0.0,1,0.0,0.0,0.0,1,0.0,1,1,0.0,Fingerprinting,1
0,0.0,0.0,0,8.693328989123106,5.54907608489522,0.0,2,0.0,1,2,3,0.0,-0.11227262637457826,-0.489013248180181,-0.5725850877823285,0.0,0.0,0.0,0.0,-0.041462984982604485,-0.8888888888888888,-1.0,0.0,-0.14478295061395813,0.0,0.0,0.0,0.0,1,0.0,0.0,0.0,1,0.0,0.0,0.0,1,0.0,1,1,0.0,Fingerprinting,1
0,0.0,0.0,0,8.988570876215118,5.54907608489522,0.0,2,0.0,1,2,3,0.0,-0.11227262637457826,-0.489013248180181,-0.5725850877823285,0.0,0.0,0.0,0.0,-0.041462984982604485,-0.8888888888888888,-1.0,0.0,-0.14478295061395813,0.0,0.0,0.0,0.0,1,0.0,0.0,0.0,1,0.0,0.0,0.0,1,0.0,1,1,0.0,Fingerprinting,1
0,0.0,0.0,0,10.554066422987296,0.0,18.16057101011968,2,0.0,1,2,3,0.0,-0.11227262637457826,-0.489013248180181,-0.5725850877823285,0.0,0.0,0.0,0.0,-0.041462984982604485,-0.8888888888888888,-1.0,0.0,-0.14478295061395813,0.0,0.0,0.0,0.0,1,0.0,0.0,0.0,1,0.0,0.0,0.0,1,0.0,1,1,0.0,Fingerprinting,1
0,0.0,0.0,0,9.895505782794471,0.0,0.0,2,0.0,1,2,3,0.0,-0.11227262637457826,-0.489013248180181,-0.5725850877823285,0.0,0.0,0.0,0.0,-0.041462984982604485,-0.8888888888888888,-1.0,0.0,-0.14478295061395813,0.0,0.0,0.0,0.0,1,0.0,0.0,0.0,1,0.0,0.0,0.0,1,0.0,1,1,0.0,Fingerprinting,1
0,0.0,0.0,0,0.0,0.0,0.0,2,0.0,1,2,3,0.0,-0.11227262637457826,-0.489013248180181,0.1919954013077531,0.0,0.0,0.6931471805599453,0.0,1.401594222046065,-0.7777777777777778,-1.0,0.0,-0.14478295061395813,0.0,0.0,0.0,0.0,1,0.0,0.0,0.0,1,0.0,0.0,0.0,1,0.0,1,1,0.0,Fingerprinting,1
0,0.0,0.0,0,0.0,0.0,0.0,2,0.0,1,2,3,0.0,0.0,0.10194533981708417,0.3553687336830256,0.0,0.6931471805599453,0.0,0.0,0.16224071872109921,0.2222222222222222,0.0,0.0,0.0,0.0,0.0,0.0,0.0,1,0.0,0.0,0.0,1,0.0,0.0,0.0,1,0.0,1,1,0.0,Fingerprinting,1
0,0.0,0.0,0,0.0,0.0,0.0,2,0.0,1,2,3,0.0,-0.11227262637457826,-0.489013248180181,0.9215348135374003,0.0,0.0,0.6931471805599453,0.0,1.401594222046065,-0.7777777777777778,-1.0,0.0,-0.14478295061395813,0.0,0.0,0.0,0.0,1,0.0,0.0,0.0,1,0.0,0.0,0.0,1,0.0,1,1,0.0,Fingerprinting,1
0,0.0,0.0,0,0.0,0.0,0.0,2,0.0,1,2,3,0.0,0.0,-0.0015750579086484826,-0.4847548561711097,0.0,0.6931471805599453,0.0,0.0,1.249702734839477,0.2222222222222222,0.0,0.0,0.0,0.0,0.0,0.0,0.0,1,0.0,0.0,0.0,1,0.0,0.0,0.0,1,0.0,1,1,0.0,Fingerprinting,1
0,0.0,0.0,0,8.23827262463303,0.0,0.0,2,0.0,1,2,3,0.0,-0.11227262637457826,-0.489013248180181,-0.5725850877823285,0.0,0.0,0.0,0.0,-0.041462984982604485,-0.8888888888888888,-1.0,0.0,-0.14478295061395813,0.0,0.0,0.0,0.0,1,0.0,0.0,0.0,1,0.0,0.0,0.0,1,0.0,1,1,0.0,Fingerprinting,1
0,0.0,0.0,0,8.670943791222156,0.0,0.0,2,0.0,1,2,3,0.0,-0.11227262637457826,-0.489013248180181,-0.5725850877823285,0.0,0.0,0.0,0.0,-0.041462984982604485,-0.8888888888888888,-1.0,0.0,-0.14478295061395813,0.0,0.0,0.0,0.0,1,0.0,0.0,0.0,1,0.0,0.0,0.0,1,0.0,1,1,0.0,Fingerprinting,1
0,0.0,0.0,0,9.472858470764415,5.54907608489522,0.0,2,0.0,1,2,3,0.0,-0.11227262637457826,-0.489013248180181,-0.5725850877823285,0.0,0.0,0.0,0.0,-0.041462984982604485,-0.8888888888888888,-1.0,0.0,-0.14478295061395813,0.0,0.0,0.0,0.0,1,0.0,0.0,0.0,1,0.0,0.0,0.0,1,0.0,1,1,0.0,Fingerprinting,1
0,0.0,0.0,0,9.619133270177022,5.54907608489522,0.0,2,0.0,1,2,3,0.0,-0.11227262637457826,-0.489013248180181,-0.5725850877823285,0.0,0.0,0.0,0.0,-0.041462984982604485,-0.8888888888888888,-1.0,0.0,-0.14478295061395813,0.0,0.0,0.0,0.0,1,0.0,0.0,0.0,1,0.0,0.0,0.0,1,0.0,1,1,0.0,Fingerprinting,1
0,0.0,0.0,0,10.248246785526897,0.0,0.0,2,0.0,1,2,3,0.0,-0.11227262637457826,-0.489013248180181,-0.5725850877823285,0.0,0.0,0.0,0.0,-0.041462984982604485,-0.8888888888888888,-1.0,0.0,-0.14478295061395813,0.0,0.0,0.0,0.0,1,0.0,0.0,0.0,1,0.0,0.0,0.0,1,0.0,1,1,0.0,Fingerprinting,1
0,0.0,0.0,0,6.78897174299217,0.0,18.16081450581747,2,0.0,1,2,3,0.0,-0.11227262637457826,-0.489013248180181,-0.5725850877823285,0.0,0.0,0.0,0.0,-0.041462984982604485,-0.8888888888888888,-1.0,0.0,-0.14478295061395813,0.0,0.0,0.0,0.0,1,0.0,0.0,0.0,1,0.0,0.0,0.0,1,0.0,1,1,0.0,Fingerprinting,1
0,0.0,0.0,0,10.477287975463508,0.0,0.0,2,0.0,1,2,3,0.0,-0.11227262637457826,-0.489013248180181,-0.5725850877823285,0.0,0.0,0.0,0.0,-0.041462984982604485,-0.8888888888888888,-1.0,0.0,-0.14478295061395813,0.0,0.0,0.0,0.0,1,0.0,0.0,0.0,1,0.0,0.0,0.0,1,0.0,1,1,0.0,Fingerprinting,1
0,0.0,0.0,0,0.0,0.0,0.0,2,0.0,1,2,3,0.0,-0.11227262637457826,-0.489013248180181,0.6221886900912553,0.0,0.0,0.6931471805599453,0.0,1.401594222046065,-0.7777777777777778,-1.0,0.0,-0.14478295061395813,0.0,0.0,0.0,0.0,1,0.0,0.0,0.0,1,0.0,0.0,0.0,1,0.0,1,1,0.0,Fingerprinting,1
0,0.0,0.0,0,0.0,0.0,0.0,2,0.0,1,2,3,0.0,0.0,0.061561816768263854,0.7855620224665277,0.0,0.6931471805599453,0.0,0.0,0.9178667371295195,0.2222222222222222,0.0,0.0,0.0,0.0,0.0,0.0,0.0,1,0.0,0.0,0.0,1,0.0,0.0,0.0,1,0.0,1,1,0.0,Fingerprinting,1
0,0.0,0.0,0,0.0,0.0,0.0,2,0.0,1,2,3,0.0,-0.11227262637457826,-0.489013248180181,0.4985030298675481,0.0,0.0,0.6931471805599453,0.0,1.401594222046065,-0.7777777777777778,-1.0,0.0,-0.14478295061395813,0.0,0.0,0.0,0.0,1,0.0,0.0,0.0,1,0.0,0.0,0.0,1,0.0,1,1,0.0,Fingerprinting,1
0,0.0,0.0,0,0.0,0.0,0.0,2,0.0,1,2,3,0.0,0.0,-0.3213186398590658,0.6618763622428205,0.0,0.6931471805599453,0.0,0.0,0.2504293830096446,0.2222222222222222,0.0,0.0,0.0,0.0,0.0,0.0,0.0,1,0.0,0.0,0.0,1,0.0,0.0,0.0,1,0.0,1,1,0.0,Fingerprinting,1
0,0.0,0.0,0,10.60142324982787,0.0,0.0,2,0.0,1,2,3,0.0,-0.11227262637457826,-0.489013248180181,-0.5725850877823285,0.0,0.0,0.0,0.0,-0.041462984982604485,-0.8888888888888888,-1.0,0.0,-0.14478295061395813,0.0,0.0,0.0,0.0,1,0.0,0.0,0.0,1,0.0,0.0,0.0,1,0.0,1,1,0.0,Fingerprinting,1
0,0.0,0.0,0,10.651122918380143,0.0,0.0,2,0.0,1,2,3,0.0,-0.11227262637457826,-0.489013248180181,-0.5725850877823285,0.0,0.0,0.0,0.0,-0.041462984982604485,-0.8888888888888888,-1.0,0.0,-0.14478295061395813,0.0,0.0,0.0,0.0,1,0.0,0.0,0.0,1,0.0,0.0,0.0,1,0.0,1,1,0.0,Fingerprinting,1
0,0.0,0.0,0,10.843182262189298,5.54907608489522,0.0,2,0.0,1,2,3,0.0,-0.11227262637457826,-0.489013248180181,-0.5725850877823285,0.0,0.0,0.0,0.0,-0.041462984982604485,-0.8888888888888888,-1.0,0.0,-0.14478295061395813,0.0,0.0,0.0,0.0,1,0.0,0.0,0.0,1,0.0,0.0,0.0,1,0.0,1,1,0.0,Fingerprinting,1
0,0.0,0.0,0,10.882414998258257,5.54907608489522,0.0,2,0.0,1,2,3,0.0,-0.11227262637457826,-0.489013248180181,-0.5725850877823285,0.0,0.0,0.0,0.0,-0.041462984982604485,-0.8888888888888888,-1.0,0.0,-0.14478295061395813,0.0,0.0,0.0,0.0,1,0.0,0.0,0.0,1,0.0,0.0,0.0,1,0.0,1,1,0.0,Fingerprinting,1
0,0.0,0.0,0,9.03145291191651,0.0,0.0,2,0.0,1,2,3,0.0,-0.11227262637457826,-0.489013248180181,-0.5725850877823285,0.0,0.0,0.0,0.0,-0.041462984982604485,-0.8888888888888888,-1.0,0.0,-0.14478295061395813,0.0,0.0,0.0,0.0,1,0.0,0.0,0.0,1,0.0,0.0,0.0,1,0.0,1,1,0.0,Fingerprinting,1
0,0.0,0.0,0,10.210163101480443,0.0,18.16094011474197,2,0.0,1,2,3,0.0,-0.11227262637457826,-0.489013248180181,-0.5725850877823285,0.0,0.0,0.0,0.0,-0.041462984982604485,-0.8888888888888888,-1.0,0.0,-0.14478295061395813,0.0,0.0,0.0,0.0,1,0.0,0.0,0.0,1,0.0,0.0,0.0,1,0.0,1,1,0.0,Fingerprinting,1
0,0.0,0.0,0,10.332766838743547,0.0,0.0,2,0.0,1,2,3,0.0,-0.11227262637457826,-0.489013248180181,-0.5725850877823285,0.0,0.0,0.0,0.0,-0.041462984982604485,-0.8888888888888888,-1.0,0.0,-0.14478295061395813,0.0,0.0,0.0,0.0,1,0.0,0.0,0.0,1,0.0,0.0,0.0,1,0.0,1,1,0.0,Fingerprinting,1
0,0.0,0.0,0,0.0,0.0,0.0,2,0.0,1,2,3,0.0,-0.11227262637457826,-0.489013248180181,-0.5003472970707289,0.0,0.0,0.6931471805599453,0.0,1.401594222046065,-0.7777777777777778,-1.0,0.0,-0.14478295061395813,0.0,0.0,0.0,0.0,1,0.0,0.0,0.0,1,0.0,0.0,0.0,1,0.0,1,1,0.0,Fingerprinting,1
0,0.0,0.0,0,0.0,0.0,0.0,2,0.0,1,2,3,0.0,0.0,-0.03708485530288682,-0.3369739646954564,0.0,0.6931471805599453,0.0,0.0,0.21797243140881667,0.2222222222222222,0.0,0.0,0.0,0.0,0.0,0.0,0.0,1,0.0,0.0,0.0,1,0.0,0.0,0.0,1,0.0,1,1,0.0,Fingerprinting,1
0,0.0,0.0,0,0.0,0.0,0.0,2,0.0,1,2,3,0.0,-0.11227262637457826,-0.489013248180181,0.32710593758233336,0.0,0.0,0.6931471805599453,0.0,1.401594222046065,-0.7777777777777778,-1.0,0.0,-0.14478295061395813,0.0,0.0,0.0,0.0,1,0.0,0.0,0.0,1,0.0,0.0,0.0,1,0.0,1,1,0.0,Fingerprinting,1
0,0.0,0.0,0,0.0,0.0,0.0,2,0.0,1,2,3,0.0,0.0,0.17266379825174455,0.4904792699576058,0.0,0.6931471805599453,0.0,0.0,0.24311886202492625,0.2222222222222222,0.0,0.0,0.0,0.0,0.0,0.0,0.0,1,0.0,0.0,0.0,1,0.0,0.0,0.0,1,0.0,1,1,0.0,Fingerprinting,1
0,0.0,0.0,0,8.780787468338929,0.0,0.0,2,0.0,1,2,3,0.0,-0.11227262637457826,-0.489013248180181,-0.5725850877823285,0.0,0.0,0.0,0.0,-0.041462984982604485,-0.8888888888888888,-1.0,0.0,-0.14478295061395813,0.0,0.0,0.0,0.0,1,0.0,0.0,0.0,1,0.0,0.0,0.0,1,0.0,1,1,0.0,Fingerprinting,1
0,0.0,0.0,0,9.054388070202297,0.0,0.0,2,0.0,1,2,3,0.0,-0.11227262637457826,-0.489013248180181,-0.5725850877823285,0.0,0.0,0.0,0.0,-0.041462984982604485,-0.8888888888888888,-1.0,0.0,-0.14478295061395813,0.0,0.0,0.0,0.0,1,0.0,0.0,0.0,1,0.0,0.0,0.0,1,0.0,1,1,0.0,Fingerprinting,1
0,0.0,0.0,0,7.605890001053122,5.54907608489522,0.0,2,0.0,1,2,3,0.0,-0.11227262637457826,-0.489013248180181,-0.5725850877823285,0.0,0.0,0.0,0.0,-0.041462984982604485,-0.8888888888888888,-1.0,0.0,-0.14478295061395813,0.0,0.0,0.0,0.0,1,0.0,0.0,0.0,1,0.0,0.0,0.0,1,0.0,1,1,0.0,Fingerprinting,1
0,0.0,0.0,0,8.30844552038576,5.54907608489522,0.0,2,0.0,1,2,3,0.0,-0.11227262637457826,-0.489013248180181,-0.5725850877823285,0.0,0.0,0.0,0.0,-0.041462984982604485,-0.8888888888888888,-1.0,0.0,-0.14478295061395813,0.0,0.0,0.0,0.0,1,0.0,0.0,0.0,1,0.0,0.0,0.0,1,0.0,1,1,0.0,Fingerprinting,1
0,0.0,0.0,0,9.68402471906149,0.0,0.0,2,0.0,1,2,3,0.0,-0.11227262637457826,-0.489013248180181,-0.5725850877823285,0.0,0.0,0.0,0.0,-0.041462984982604485,-0.8888888888888888,-1.0,0.0,-0.14478295061395813,0.0,0.0,0.0,0.0,1,0.0,0.0,0.0,1,0.0,0.0,0.0,1,0.0,1,1,0.0,Fingerprinting,1
0,0.0,0.0,0,10.022558647177142,0.0,18.16102015027089,2,0.0,1,2,3,0.0,-0.11227262637457826,-0.489013248180181,-0.5725850877823285,0.0,0.0,0.0,0.0,-0.041462984982604485,-0.8888888888888888,-1.0,0.0,-0.14478295061395813,0.0,0.0,0.0,0.0,1,0.0,0.0,0.0,1,0.0,0.0,0.0,1,0.0,1,1,0.0,Fingerprinting,1
