sample_id,dataset,attack_class,origin,perturb,role,should_flag_novel,should_flag_adversarial,duration,n_pkts_total,n_bytes_total,src_pkts,dst_pkts,src_bytes,dst_bytes,rate,rate_src,rate_dst,pkt_size_min,pkt_size_max,pkt_size_mean,pkt_size_std,iat,protocol,conn_state,label_binary,label_family
BoT_adv_source_0,BoT-IoT,DDoS,known,clean,adv_source,False,False,-0.6600909463276423,-0.572439384410403,0.2389373166196673,-0.2248301433933957,0.0,0.4116576001912967,0.0,0.1756434664236364,0.2515946435393925,0.0,2.0449134846669668,0.1541656397755963,0.6164288884965844,0.0793637353869755,0.0,-1.0,-1.0,1,ddos
BoT_adv_source_1,BoT-IoT,DDoS,known,clean,adv_source,False,False,-0.2421186386951008,-0.2622561705324296,0.3730909115748955,-0.2248301433933957,0.6931471805599453,0.4116576001912967,4.110873864173311,0.0567692872925083,-0.1630987546650884,0.0,0.0,-0.0494444785583755,-0.2317965440536993,0.7153515571442877,0.0,-1.0,-1.3065713500137477,1,ddos
BoT_adv_source_2,BoT-IoT,DDoS,known,clean,adv_source,False,False,-0.3423725936088884,0.7689611737250349,0.2009558713324623,0.7474574155078949,0.0,0.3682204419693358,0.0,1.4394885673619706,1.5902530399727763,0.0,1.7401714213841322,0.0862728535939057,0.4191871658118059,0.1102967354246546,0.0,0.0,0.0,1,ddos
BoT_adv_source_3,BoT-IoT,DDoS,known,clean,adv_source,False,False,-0.5023026884907648,0.6068102004289732,0.952805353943138,0.3547556456757271,1.0986122886681096,1.0191795973367486,4.795790545596741,1.5079408013378022,1.0780379713425623,0.2521149966294221,1.931428695437816,-0.0885787947989623,0.434135712492053,-0.187648719790246,0.0,-1.0,-1.3065713500137477,1,ddos
BoT_adv_source_4,BoT-IoT,DDoS,known,clean,adv_source,False,False,-1.0739789393004102,0.2271766281849193,-0.3136178163556272,0.3547556456757271,0.0,-0.2202673978152947,0.0,2.115106044931554,2.3058636859721826,0.0,1.582631736843127,-0.0004906849055486,0.3917764426710639,0.0966829603886195,0.0,0.0,0.0,1,ddos
BoT_adv_source_5,BoT-IoT,DDoS,known,clean,adv_source,False,False,-0.7723230017420122,-0.952072956654456,-1.5338883780765302,-0.4999999999999999,0.0,-1.6158194907454704,0.0,-0.1311208503687325,-0.073328583282762,0.0,0.0,-0.86376692077995,-0.6096759255462858,-0.274325074151263,0.0,0.0,0.0,1,ddos
BoT_adv_source_6,BoT-IoT,DDoS,known,clean,adv_source,False,False,0.2173664186165286,0.427560615589597,0.7139117799021147,0.1900911776928238,1.0986122886681096,0.7054680722466665,4.795790545596741,0.2091646365038024,-0.0832648862788329,0.037216783549967,0.0,-0.7850108264650876,-0.5672625032936282,-0.1893237940632857,0.0,-1.0,-1.3065713500137477,1,ddos
BoT_adv_source_7,BoT-IoT,DDoS,known,clean,adv_source,False,False,0.0282345654132424,0.0,0.495845153733583,0.0,0.6931471805599453,0.5650812228589194,4.110873864173311,0.0279376407358526,-0.1295944571547274,0.0,0.0,-0.8130244333853563,-0.5920160439730122,-0.2176779934753478,0.0,-1.0,-1.3065713500137477,1,ddos
BoT_adv_source_8,BoT-IoT,DDoS,known,clean,adv_source,False,False,-0.0993045864327465,-0.2622561705324296,0.5610417602305166,0.0,0.0,0.7800296190895465,0.0,-0.0771342019623064,-0.0161461958755527,0.0,0.0,0.0133062854624732,0.1980824778667407,0.783540776353659,0.0,-1.0,-1.0,1,ddos
BoT_adv_source_9,BoT-IoT,DDoS,known,clean,adv_source,False,False,0.0450209629047373,-0.2622561705324296,-0.798644410998854,0.0,0.0,-0.7749639548858611,0.0,-0.1975203674036186,-0.1436586189270658,0.0,0.0,-0.86376692077995,-0.6096759255462858,-0.274325074151263,0.0,0.0,0.0,1,ddos
BoT_adv_source_10,BoT-IoT,DDoS,known,clean,adv_source,False,False,-0.4680852990999929,1.0531698750078118,0.4641163496719896,0.9534604492123409,0.0,0.6691816942061417,0.0,2.165092418034009,2.3588090018270864,0.0,2.316125020268853,-0.0102814880922776,0.5686379750580088,-0.2613485494031581,0.0,0.0,0.0,1,ddos
BoT_adv_source_11,BoT-IoT,DDoS,known,clean,adv_source,False,False,-0.3979465459924521,0.7689611737250349,0.2009558713324623,0.7474574155078949,0.0,0.3682204419693358,0.0,1.5488178361398632,1.7060540534963389,0.0,1.012995448314923,0.2425189306847832,0.5870733194527757,0.6213571396745754,0.0,0.0,0.0,1,ddos
BoT_adv_source_12,BoT-IoT,DDoS,known,clean,adv_source,False,False,0.0226201868164456,-0.572439384410403,0.2389373166196673,-0.2248301433933957,0.0,0.4116576001912967,0.0,-0.4011927191079268,-0.3593873530321231,0.0,0.0,-0.86376692077995,-0.6096759255462858,-0.274325074151263,0.0,-1.0,-1.0,1,ddos
BoT_adv_source_13,BoT-IoT,DDoS,known,clean,adv_source,False,False,0.5575790015285202,1.179249584839376,0.5796706984659329,1.0448468233685515,0.0,0.8013344465262084,0.0,0.5070819998203709,0.6026526769199829,0.0,0.0,0.1493708202523387,0.049330699152762,0.5871398937734715,0.0,0.0,0.0,1,ddos
BoT_adv_source_14,BoT-IoT,DDoS,known,clean,adv_source,False,False,-0.3641324053989535,0.427560615589597,-0.1210160334322007,0.5000000000000001,0.0,0.0,0.0,0.9978347562880496,1.1224555368832307,0.0,1.345001467915763,0.1119745177270341,0.5227594160634987,0.3170586658517655,0.0,0.0,0.0,1,ddos
BoT_adv_source_15,BoT-IoT,DDoS,known,clean,adv_source,False,False,-0.2089200068355037,-0.572439384410403,0.2389373166196673,-0.2248301433933957,0.0,0.4116576001912967,0.0,-0.2414537064330529,-0.1901925914300587,0.0,0.0,-0.86376692077995,-0.6096759255462858,-0.274325074151263,0.0,-1.0,-1.0,1,ddos
BoT_adv_source_16,BoT-IoT,DDoS,known,clean,adv_source,False,False,-0.5117596935629842,-0.952072956654456,-0.176150980549795,-0.4999999999999999,0.0,-0.0630546153101017,0.0,-0.3353665066729935,-0.2896645587466464,0.0,0.0,-0.86376692077995,-0.6096759255462858,-0.274325074151263,0.0,-1.0,-1.0,1,ddos
BoT_adv_source_17,BoT-IoT,DDoS,known,clean,adv_source,False,False,0.8361030632358074,0.6068102004289732,0.0489154578359224,0.6299255022823318,0.0,0.1943407107678919,0.0,-0.2196686709726752,-0.1671179910585559,0.0,0.0,0.0231242069089879,-0.0332180299128749,0.795916727089398,0.0,0.0,0.0,1,ddos
BoT_adv_source_18,BoT-IoT,DDoS,known,clean,adv_source,False,False,-0.3280772931998559,-1.4415057553718051,-2.11603507540802,-0.8547556456757273,0.0,-2.2815866307046857,0.0,-0.7781841500831942,-0.7586947872135702,0.0,0.0,-0.86376692077995,-0.6096759255462858,-0.274325074151263,0.0,0.0,0.0,1,ddos
BoT_adv_source_19,BoT-IoT,DDoS,known,clean,adv_source,False,False,0.0727850736510776,0.0,0.8242906523192031,0.1900911776928238,0.0,1.0810919849617653,0.0,-0.0140497914733579,0.0506724955308409,0.0,0.0,0.187789836820873,0.0400619689483768,0.9480579410655232,0.0,-1.0,-1.0,1,ddos
BoT_adv_source_20,BoT-IoT,DDoS,known,clean,adv_source,False,False,-0.2957420571594032,-0.572439384410403,0.2389373166196673,-0.2248301433933957,0.0,0.4116576001912967,0.0,-0.1730038970503791,-0.1176908964071875,0.0,0.0,0.1707875770585079,-0.1295997655663872,0.983008139411108,0.0,-1.0,-1.0,1,ddos
BoT_adv_source_21,BoT-IoT,DDoS,known,clean,adv_source,False,False,-0.1653195171312264,-0.2622561705324296,0.5610417602305166,0.0,0.0,0.7800296190895465,0.0,-0.0171622328863647,0.0473758131859593,0.0,0.0,0.2047929857065098,0.3343915749956252,0.9666591165115016,0.0,-1.0,-1.0,1,ddos
BoT_adv_source_22,BoT-IoT,DDoS,known,clean,adv_source,False,False,-2.0299060391442247,-1.4415057553718051,-2.11603507540802,-0.8547556456757273,0.0,-2.2815866307046857,0.0,0.6180393739207872,0.720178171440984,0.0,1.6968629394596697,-0.2467671616767864,0.2492642618551663,-0.274325074151263,0.0,0.0,0.0,1,ddos
BoT_adv_source_23,BoT-IoT,DDoS,known,clean,adv_source,False,False,-0.0456805109165466,0.2271766281849193,-0.3136178163556272,0.3547556456757271,0.0,-0.2202673978152947,0.0,0.3168676145924049,0.4011785534543928,0.0,0.0,-0.0769895175144781,0.1492914463758639,0.5428074456850863,0.0,0.0,0.0,1,ddos
BoT_adv_source_24,BoT-IoT,DDoS,known,clean,adv_source,False,False,-0.9474211776051608,-0.2622561705324296,-0.798644410998854,0.0,0.0,-0.7749639548858611,0.0,0.9964071577338236,1.1209434316498186,0.0,1.066422385921702,-0.0849920715210759,0.2023076053067526,0.2297112502612826,0.0,0.0,0.0,1,ddos
BoT_adv_source_25,BoT-IoT,DDoS,known,clean,adv_source,False,False,-0.6421406221931006,-0.952072956654456,-0.176150980549795,-0.4999999999999999,0.0,-0.0630546153101017,0.0,-0.2390962200039011,-0.1876955536201888,0.0,0.0,-0.86376692077995,-0.6096759255462858,-0.274325074151263,0.0,-1.0,-1.0,1,ddos
BoT_adv_source_26,BoT-IoT,DDoS,known,clean,adv_source,False,False,-0.3919350646264578,0.7689611737250349,0.2009558713324623,0.7474574155078949,0.0,0.3682204419693358,0.0,1.5368010527803508,1.693325936790906,0.0,2.1354611922349167,0.0569348975604957,0.6050352168735262,-0.09916949725852,0.0,0.0,0.0,1,ddos
BoT_adv_source_27,BoT-IoT,DDoS,known,clean,adv_source,False,False,1.8251770955678157,0.427560615589597,-0.1210160334322007,0.5000000000000001,0.0,0.0,0.0,-0.7795684673204885,-0.760161049093017,0.0,0.0,-0.8577931237984678,-0.6086365083007168,-0.2692316563822665,0.0,0.0,0.0,1,ddos
BoT_adv_source_28,BoT-IoT,DDoS,known,clean,adv_source,False,False,-0.5047245288447259,0.427560615589597,-0.1210160334322007,0.5000000000000001,0.0,0.0,0.0,1.243080355091427,1.3822184459475844,0.0,1.1794639730985526,-0.0075461003470081,0.3817381290520524,0.2421427884771737,0.0,0.0,0.0,1,ddos
BoT_adv_source_29,BoT-IoT,DDoS,known,clean,adv_source,False,False,-0.4680257687638861,0.916993414306946,0.3385162147166241,0.8547556456757273,0.0,0.5255401636245307,0.0,1.9336043520041544,2.1136180025227267,0.0,2.315790020648631,-0.0088117673242196,0.5693775425533676,-0.2596173145831605,0.0,0.0,0.0,1,ddos
BoT_adv_source_30,BoT-IoT,DDoS,known,clean,adv_source,False,False,-1.9381173310887647,-1.4415057553718051,-0.7607252375225291,-0.8547556456757273,0.0,-0.7315980132930074,0.0,0.4617892024519544,0.5546787729580406,0.0,1.8913809579919345,-0.1760380722584925,0.3477279264244836,-0.274325074151263,0.0,-1.0,-1.0,1,ddos
BoT_adv_source_31,BoT-IoT,DDoS,known,clean,adv_source,False,False,-1.534334213952206,-1.4415057553718051,-0.7607252375225291,-0.8547556456757273,0.0,-0.7315980132930074,0.0,-0.0609593586718901,0.0009861170682044,0.0,2.9612939421462383,0.2129951478875959,0.889310418293496,-0.274325074151263,0.0,-1.0,-1.0,1,ddos
BoT_adv_source_32,BoT-IoT,DDoS,known,clean,adv_source,False,False,0.7592387665333511,0.6068102004289732,0.0489154578359224,0.6299255022823318,0.0,0.1943407107678919,0.0,-0.1601076161298012,-0.104031220293178,0.0,0.0,0.1474278636229384,0.4367706150958102,0.7124971113851325,0.0,0.0,0.0,1,ddos
BoT_adv_source_33,BoT-IoT,DDoS,known,clean,adv_source,False,False,-0.252293281629444,-0.572439384410403,0.2389373166196673,-0.2248301433933957,0.0,0.4116576001912967,0.0,-0.2078881308825199,-0.1546401020399586,0.0,0.0,-0.2365673617850927,-0.3186295040704835,0.4879340067727901,0.0,-1.0,-1.0,1,ddos
BoT_adv_source_34,BoT-IoT,DDoS,known,clean,adv_source,False,False,0.7765682606969225,0.2271766281849193,-0.3136178163556272,0.3547556456757271,0.0,-0.2202673978152947,0.0,-0.3965826648616136,-0.3545044066803443,0.0,0.0,0.2446299316125278,-0.0359098699305007,1.0332632329363267,0.0,0.0,0.0,1,ddos
BoT_adv_source_35,BoT-IoT,DDoS,known,clean,adv_source,False,False,0.0986167705917943,-0.2622561705324296,0.5610417602305166,0.0,0.0,0.7800296190895465,0.0,-0.2387235656598715,-0.1873008400067624,0.0,0.0,0.2446201512565395,-0.2239227804890954,0.9630327497650782,0.0,-1.0,-1.0,1,ddos
BoT_adv_source_36,BoT-IoT,DDoS,known,clean,adv_source,False,False,-0.091425575926029,0.2271766281849193,-0.3136178163556272,0.3547556456757271,0.0,-0.2202673978152947,0.0,0.371539424848941,0.4590866608591592,0.0,0.0,0.0985527573796537,0.0575080257771763,0.9612745808052134,0.0,0.0,0.0,1,ddos
BoT_adv_source_37,BoT-IoT,DDoS,known,clean,adv_source,False,False,-0.0950644226011509,0.0,0.495845153733583,0.0,0.6931471805599453,0.5650812228589194,4.110873864173311,0.1521570223413383,-0.0201129069587985,0.0,0.0,0.1805597086565319,0.3096996133671099,0.9349072040084876,0.0,-1.0,-1.3065713500137477,1,ddos
BoT_adv_source_38,BoT-IoT,DDoS,known,clean,adv_source,False,False,0.0591909660652021,0.916993414306946,0.3385162147166241,0.8547556456757273,0.0,0.5255401636245307,0.0,0.9340792896689032,1.0549260661871116,0.0,0.0,0.2205869269426857,-0.0399635662439733,1.021719948269259,0.0,0.0,0.0,1,ddos
BoT_adv_source_39,BoT-IoT,DDoS,known,clean,adv_source,False,False,-0.1427380488154134,0.0,0.8242906523192031,0.1900911776928238,0.0,1.0810919849617653,0.0,0.2035012899498829,0.2811015105930228,0.0,0.0,-0.151624747746003,-0.132726062807228,0.6103175807297117,0.0,-1.0,-1.0,1,ddos
BoT_adv_source_40,BoT-IoT,DDoS,known,clean,adv_source,False,False,0.0231481532401494,-0.2622561705324296,0.5610417602305166,0.0,0.0,0.7800296190895465,0.0,-0.1801790906323013,-0.1252908254865848,0.0,0.0,-0.1446204568926642,-0.359390812993551,0.5285008328809687,0.0,-1.0,-1.0,1,ddos
BoT_adv_source_41,BoT-IoT,DDoS,known,clean,adv_source,False,False,-0.4644994167531216,-0.952072956654456,-1.5338883780765302,-0.4999999999999999,0.0,-1.6158194907454704,0.0,-0.3675946836028036,-0.3238004822208127,0.0,0.0,0.1030781725515977,0.0633082153725757,0.9719966607397232,0.0,0.0,0.0,1,ddos
BoT_adv_source_42,BoT-IoT,DDoS,known,clean,adv_source,False,False,-0.7040068165710318,-0.952072956654456,-1.5338883780765302,-0.4999999999999999,0.0,-1.6158194907454704,0.0,-0.1893491945788643,-0.1350037536255786,0.0,0.0,-0.0700583570502335,-0.0572057004872326,0.748812927928683,0.0,0.0,0.0,1,ddos
BoT_adv_source_43,BoT-IoT,DDoS,known,clean,adv_source,False,False,0.6177387256909731,0.6068102004289732,0.0489154578359224,0.6299255022823318,0.0,0.1943407107678919,0.0,-0.0406841133495315,0.0224615552926916,0.0,0.0,0.2075392652118573,0.5288882335585093,0.7838141292199744,0.0,0.0,0.0,1,ddos
BoT_adv_source_44,BoT-IoT,DDoS,known,clean,adv_source,False,False,0.2437274430924708,-0.2622561705324296,0.5610417602305166,0.0,0.0,0.7800296190895465,0.0,-0.3415628821099399,-0.2962277285527908,0.0,0.0,0.2173169538303291,-0.233425139755822,0.9325530455707024,0.0,-1.0,-1.0,1,ddos
BoT_adv_source_45,BoT-IoT,DDoS,known,clean,adv_source,False,False,1.6548316137008272,0.2271766281849193,-0.3136178163556272,0.3547556456757271,0.0,-0.2202673978152947,0.0,-0.7804151974802914,-0.7610579014344091,0.0,0.0,-0.86376692077995,-0.6096759255462858,-0.274325074151263,0.0,0.0,0.0,1,ddos
BoT_adv_source_46,BoT-IoT,DDoS,known,clean,adv_source,False,False,0.7671558834053662,0.6068102004289732,0.0489154578359224,0.6299255022823318,0.0,0.1943407107678919,0.0,-0.1664111280537088,-0.1107078685293361,0.0,0.0,0.1891375254198953,0.0114614395232605,0.8951724709021748,0.0,0.0,0.0,1,ddos
BoT_adv_source_47,BoT-IoT,DDoS,known,clean,adv_source,False,False,0.9648879138255162,-0.2622561705324296,0.3730909115748955,-0.2248301433933957,0.6931471805599453,0.4116576001912967,4.110873864173311,-0.7027264655055697,-0.7867285975558995,0.0,0.0,-0.8562742789696506,-0.6070682538795962,-0.2659605910553727,0.0,-1.0,-1.3065713500137477,1,ddos
BoT_adv_source_48,BoT-IoT,DDoS,known,clean,adv_source,False,False,0.4367150281680841,0.2271766281849193,-0.3136178163556272,0.3547556456757271,0.0,-0.2202673978152947,0.0,-0.1563193380523742,-0.1000186951406835,0.0,0.0,-0.86376692077995,-0.6096759255462858,-0.274325074151263,0.0,0.0,0.0,1,ddos
BoT_adv_source_49,BoT-IoT,DDoS,known,clean,adv_source,False,False,-0.3070965791147714,1.179249584839376,0.5796706984659329,1.0448468233685515,0.0,0.8013344465262084,0.0,2.007557918767912,2.1919492497784225,0.0,0.0,0.0478813998467928,0.3342944100610885,0.7350816741974808,0.0,0.0,0.0,1,ddos
BoT_adv_source_50,BoT-IoT,DDoS,known,clean,adv_source,False,False,-1.4421415049677222,-1.4415057553718051,-0.7607252375225291,-0.8547556456757273,0.0,-0.7315980132930074,0.0,-0.1513945531698842,-0.0948023876765181,0.0,0.0,-0.86376692077995,-0.6096759255462858,-0.274325074151263,0.0,-1.0,-1.0,1,ddos
BoT_adv_source_51,BoT-IoT,DDoS,known,clean,adv_source,False,False,-1.114465682026798,-0.2622561705324296,0.1569988683812714,-0.2248301433933957,0.6931471805599453,0.1383989616993174,4.110873864173311,1.3057752604529551,0.9015330648657528,0.0,0.1142917226209257,-0.0322750636209378,-0.001979194016868,0.743947590748352,0.0,-1.0,-1.3065713500137477,1,ddos
BoT_adv_source_52,BoT-IoT,DDoS,known,clean,adv_source,False,False,-0.3310121246949423,0.916993414306946,0.3385162147166241,0.8547556456757273,0.0,0.5255401636245307,0.0,1.6405769930876153,1.803244892632052,0.0,2.6261408823174763,0.1028590036651328,0.7287775459881788,-0.2617284926953323,0.0,0.0,0.0,1,ddos
BoT_adv_source_53,BoT-IoT,DDoS,known,clean,adv_source,False,False,0.5065836411283406,0.916993414306946,0.3385162147166241,0.8547556456757273,0.0,0.5255401636245307,0.0,0.3239698886043198,0.4087012464907165,0.0,0.0,0.2314477899868603,0.0955644980990175,0.7351217888738792,0.0,0.0,0.0,1,ddos
BoT_adv_source_54,BoT-IoT,DDoS,known,clean,adv_source,False,False,1.8231952200970625,0.427560615589597,-0.1210160334322007,0.5000000000000001,0.0,0.0,0.0,-0.7789827533075879,-0.7595406637461926,0.0,0.0,-0.86376692077995,-0.6096759255462858,-0.274325074151263,0.0,0.0,0.0,1,ddos
BoT_adv_source_55,BoT-IoT,DDoS,known,clean,adv_source,False,False,-0.8299093788015063,-0.2622561705324296,0.5610417602305166,0.0,0.0,0.7800296190895465,0.0,0.801545718617055,0.9145471719965698,0.0,1.489644278391409,0.232957965863779,0.5307365334119729,0.4411963973009127,0.0,-1.0,-1.0,1,ddos
BoT_adv_source_56,BoT-IoT,DDoS,known,clean,adv_source,False,False,-0.2661157978590834,-1.4415057553718051,-0.7607252375225291,-0.8547556456757273,0.0,-0.7315980132930074,0.0,-0.7970399462281689,-0.7786667519837513,0.0,0.0,-0.86376692077995,-0.6096759255462858,-0.274325074151263,0.0,-1.0,-1.0,1,ddos
BoT_adv_source_57,BoT-IoT,DDoS,known,clean,adv_source,False,False,-0.6715034059861295,-0.952072956654456,-0.504198313864275,-0.8547556456757273,0.6931471805599453,-0.7315980132930074,4.110873864173311,-0.2158258569028734,-0.6241416466029224,0.0,0.0,-0.8494180271410435,-0.5996880510493426,-0.2558281968639205,0.0,-1.0,-1.3065713500137477,1,ddos
BoT_adv_source_58,BoT-IoT,DDoS,known,clean,adv_source,False,False,-1.5247741387767624,-0.952072956654456,-1.5338883780765302,-0.4999999999999999,0.0,-1.6158194907454704,0.0,0.8159992931881047,0.9298563257398936,0.0,2.991527657871245,0.2239884902992482,0.9046145143679551,-0.274325074151263,0.0,0.0,0.0,1,ddos
BoT_adv_source_59,BoT-IoT,DDoS,known,clean,adv_source,False,False,-0.4506038685658068,-0.2622561705324296,0.5610417602305166,0.0,0.0,0.7800296190895465,0.0,0.2821577139121758,0.3644140006223567,0.0,0.0,-0.0584035069244642,0.1341906540020117,0.6998128507079309,0.0,-1.0,-1.0,1,ddos
BoT_adv_source_60,BoT-IoT,DDoS,known,clean,adv_source,False,False,-1.4299025769814857,-1.4415057553718051,-0.7607252375225291,-0.8547556456757273,0.0,-0.7315980132930074,0.0,-0.162757100799333,-0.1068375411757427,0.0,0.0,-0.86376692077995,-0.6096759255462858,-0.274325074151263,0.0,-1.0,-1.0,1,ddos
BoT_adv_source_61,BoT-IoT,DDoS,known,clean,adv_source,False,False,-0.3724491041489789,-0.572439384410403,0.2389373166196673,-0.2248301433933957,0.0,0.4116576001912967,0.0,-0.1082090811501433,-0.0490605521618304,0.0,0.0,-0.0312534609817977,-0.2233552630052093,0.7374599014411054,0.0,-1.0,-1.0,1,ddos
BoT_adv_source_62,BoT-IoT,DDoS,known,clean,adv_source,False,False,-1.4575398173302787,-0.2622561705324296,-0.798644410998854,0.0,0.0,-0.7749639548858611,0.0,2.080248956218032,2.268943232312999,0.0,0.0,0.0122011052357968,5.2295776868487895e-05,0.8548509173868324,0.0,0.0,0.0,1,ddos
BoT_adv_source_63,BoT-IoT,DDoS,known,clean,adv_source,False,False,-1.540241031681259,-1.4415057553718051,-2.11603507540802,-0.8547556456757273,0.0,-2.2815866307046857,0.0,-0.0548565036556216,0.0074502305134976,0.0,2.9427405872671724,0.206248925063857,0.8799188394298398,-0.274325074151263,0.0,0.0,0.0,1,ddos
BoT_adv_source_64,BoT-IoT,DDoS,known,clean,adv_source,False,False,0.9743470756997066,-0.572439384410403,0.2389373166196673,-0.2248301433933957,0.0,0.4116576001912967,0.0,-0.8074706597030665,-0.7897149114168939,0.0,0.0,-0.86376692077995,-0.6096759255462858,-0.274325074151263,0.0,-1.0,-1.0,1,ddos
BoT_adv_source_65,BoT-IoT,DDoS,known,clean,adv_source,False,False,0.067024828431827,-0.572439384410403,0.2389373166196673,-0.2248301433933957,0.0,0.4116576001912967,0.0,-0.428391694414704,-0.3881963713538852,0.0,0.0,-0.86376692077995,-0.6096759255462858,-0.274325074151263,0.0,-1.0,-1.0,1,ddos
BoT_adv_source_66,BoT-IoT,DDoS,known,clean,adv_source,False,False,-0.0698797894489261,0.0,0.8242906523192031,0.1900911776928238,0.0,1.0810919849617653,0.0,0.125796379981299,0.1987968594167705,0.0,0.0,-0.1305556381390538,-0.1899394993561275,0.5384269230223715,0.0,-1.0,-1.0,1,ddos
BoT_adv_source_67,BoT-IoT,DDoS,known,clean,adv_source,False,False,0.1118881468120919,0.916993414306946,0.3385162147166241,0.8547556456757273,0.0,0.5255401636245307,0.0,0.8519445774308334,0.9679293906495002,0.0,1.1952376869682246,0.118472897438797,0.5533357356383495,0.3227142621571466,0.0,0.0,0.0,1,ddos
BoT_adv_source_68,BoT-IoT,DDoS,known,clean,adv_source,False,False,-0.3663304170152872,0.0,0.8242906523192031,0.1900911776928238,0.0,1.0810919849617653,0.0,0.4713976173149962,0.5648559578229239,0.0,1.2839172214715808,-0.0977967803179227,0.2963821379287188,0.0646181534096972,0.0,-1.0,-1.0,1,ddos
BoT_adv_source_69,BoT-IoT,DDoS,known,clean,adv_source,False,False,0.2849817660836651,-0.952072956654456,-0.176150980549795,-0.4999999999999999,0.0,-0.0630546153101017,0.0,-0.7331448436286359,-0.7109893795570724,0.0,0.0,-0.86376692077995,-0.6096759255462858,-0.274325074151263,0.0,-1.0,-1.0,1,ddos
BoT_adv_source_70,BoT-IoT,DDoS,known,clean,adv_source,False,False,0.02728593098127,1.0531698750078118,0.4641163496719896,0.9534604492123409,0.0,0.6691816942061417,0.0,1.1585592329353835,1.29269409698571,0.0,1.06105199967417,0.067386097057252,0.4491808052219034,0.2881835487133289,0.0,0.0,0.0,1,ddos
BoT_adv_source_71,BoT-IoT,DDoS,known,clean,adv_source,False,False,-0.4240954765367329,0.2271766281849193,1.0469053818404443,0.3547556456757271,0.0,1.3356834349614488,0.0,0.8306764383847435,0.94540228436929,0.0,1.4400563875273162,0.1245820634383897,0.380401647038473,0.2413433602832324,0.0,-1.0,-1.0,1,ddos
BoT_adv_source_72,BoT-IoT,DDoS,known,clean,adv_source,False,False,-0.3759673032597755,-0.572439384410403,0.2389373166196673,-0.2248301433933957,0.0,0.4116576001912967,0.0,-0.1051359682179692,-0.0458055263467297,0.0,2.166098374655812,-0.0352900806351452,0.5152272769821065,-0.2216602347081062,0.0,-1.0,-1.0,1,ddos
BoT_adv_source_73,BoT-IoT,DDoS,known,clean,adv_source,False,False,-1.7705169346513097,-1.4415057553718051,-0.7607252375225291,-0.8547556456757273,0.0,-0.7315980132930074,0.0,0.2160460663642259,0.2943888748957936,0.0,2.289829384020977,-0.0311574356684581,0.5494197412225483,-0.274325074151263,0.0,-1.0,-1.0,1,ddos
BoT_adv_source_74,BoT-IoT,DDoS,known,clean,adv_source,False,False,0.7673312664706499,0.6068102004289732,0.0489154578359224,0.6299255022823318,0.0,0.1943407107678919,0.0,-0.1665496931694166,-0.1108546360053957,0.0,0.0,0.1374507891107962,0.3732052530334257,0.6718792823312472,0.0,0.0,0.0,1,ddos
BoT_adv_source_75,BoT-IoT,DDoS,known,clean,adv_source,False,False,-0.375478442552167,-0.952072956654456,-0.176150980549795,-0.4999999999999999,0.0,-0.0630546153101017,0.0,-0.4247395964231091,-0.3843280874657597,0.0,0.0,-0.86376692077995,-0.6096759255462858,-0.274325074151263,0.0,-1.0,-1.0,1,ddos
BoT_adv_source_76,BoT-IoT,DDoS,known,clean,adv_source,False,False,0.7696834382376373,0.916993414306946,0.3385162147166241,0.8547556456757273,0.0,0.5255401636245307,0.0,0.0469910089200731,0.1153266053667801,0.0,0.0,0.2078580159047482,0.2558129927774581,0.5862493479574251,0.0,0.0,0.0,1,ddos
BoT_adv_source_77,BoT-IoT,DDoS,known,clean,adv_source,False,False,0.6932182356924292,0.6068102004289732,0.0489154578359224,0.6299255022823318,0.0,0.1943407107678919,0.0,-0.1060151808371863,-0.0467367839463289,0.0,0.0,-0.0265122111356577,-0.4639805100756787,0.4395459649005176,0.0,0.0,0.0,1,ddos
BoT_adv_source_78,BoT-IoT,DDoS,known,clean,adv_source,False,False,-0.6747591278451118,0.0,-0.5358836503280104,0.1900911776928238,0.0,-0.4744598363754693,0.0,0.9246428287926246,1.0449310141231627,0.0,2.798061709314166,0.1588004171099548,0.810274170667113,-0.2676757800048109,0.0,0.0,0.0,1,ddos
BoT_adv_source_79,BoT-IoT,DDoS,known,clean,adv_source,False,False,-0.4719213849222254,1.296626986550999,0.6866678997910894,1.1299255022823314,0.0,0.9237008896176592,0.0,2.6111192400761025,2.8312383762162825,0.0,1.803521805770216,0.2395125826224745,0.6220588847353112,0.1970619151405538,0.0,0.0,0.0,1,ddos
BoT_adv_source_80,BoT-IoT,DDoS,known,clean,adv_source,False,False,-1.0556455810003318,-0.572439384410403,-1.1200173616969509,-0.2248301433933957,0.0,-1.1424994081097612,0.0,0.6961572785426515,0.8029202644840325,0.0,1.608174846571855,-0.2750606201468109,0.2071237678581181,-0.2692477022528258,0.0,0.0,0.0,1,ddos
BoT_adv_source_81,BoT-IoT,DDoS,known,clean,adv_source,False,False,-0.3558703253909497,0.427560615589597,-0.1210160334322007,0.5000000000000001,0.0,0.0,0.0,0.9841585851519558,1.107969804961811,0.0,1.1717742646628433,-0.0042730153032008,0.3849340508478954,0.2514035480571673,0.0,0.0,0.0,1,ddos
BoT_adv_source_82,BoT-IoT,DDoS,known,clean,adv_source,False,False,-1.0408092675194298,-1.4415057553718051,-2.11603507540802,-0.8547556456757273,0.0,-2.2815866307046857,0.0,-0.4586646195810805,-0.420261301960082,0.0,0.0,-0.86376692077995,-0.6096759255462858,-0.274325074151263,0.0,0.0,0.0,1,ddos
BoT_adv_source_83,BoT-IoT,DDoS,known,clean,adv_source,False,False,-0.8690396359284075,-0.572439384410403,-1.1200173616969509,-0.2248301433933957,0.0,-1.1424994081097612,0.0,0.4292027120855582,0.5201633256877346,0.0,1.7183805519271576,-0.006819464353242,0.4217289262330933,0.0248966008399153,0.0,0.0,0.0,1,ddos
BoT_adv_source_84,BoT-IoT,DDoS,known,clean,adv_source,False,False,-0.4580898066554891,-0.572439384410403,0.2389373166196673,-0.2248301433933957,0.0,0.4116576001912967,0.0,-0.0307439360199563,0.0329901412993101,0.0,2.804847896876358,0.2243428059230059,0.8576129886618732,-0.1863639040118831,0.0,-1.0,-1.0,1,ddos
BoT_adv_source_85,BoT-IoT,DDoS,known,clean,adv_source,False,False,-0.2879374874566087,0.7689611737250349,0.2009558713324623,0.7474574155078949,0.0,0.3682204419693358,0.0,1.3361698850398325,1.480818409497667,0.0,0.92003916683516,0.1409019210897538,0.4760992053981619,0.5376607327031605,0.0,0.0,0.0,1,ddos
BoT_adv_source_86,BoT-IoT,DDoS,known,clean,adv_source,False,False,-0.9467319709464788,-0.2622561705324296,-0.798644410998854,0.0,0.0,-0.7749639548858611,0.0,0.995208786061712,1.1196741223810411,0.0,1.0658795398217809,-0.0819639399386115,0.2042778254920869,0.2338694230033886,0.0,0.0,0.0,1,ddos
BoT_adv_source_87,BoT-IoT,DDoS,known,clean,adv_source,False,False,1.827869645802124,0.427560615589597,-0.1210160334322007,0.5000000000000001,0.0,0.0,0.0,-0.7803672659745949,-0.7610071326238116,0.0,0.0,-0.86376692077995,-0.6096759255462858,-0.274325074151263,0.0,0.0,0.0,1,ddos
BoT_adv_source_88,BoT-IoT,DDoS,known,clean,adv_source,False,False,-0.9446868295947236,0.2271766281849193,-0.3136178163556272,0.3547556456757271,0.0,-0.2202673978152947,0.0,1.811447520663941,1.9842300990257995,0.0,1.826367190455079,0.0956786664040047,0.5204048683345512,0.1064079040812241,0.0,0.0,0.0,1,ddos
BoT_adv_source_89,BoT-IoT,DDoS,known,clean,adv_source,False,False,0.1423156190718685,0.6068102004289732,0.952805353943138,0.3547556456757271,1.0986122886681096,1.0191795973367486,4.795790545596741,0.469168927561822,0.1833154997547674,0.0770582586325765,0.0,-0.8010857306551088,-0.5759835203319946,-0.1978235209253195,0.0,-1.0,-1.3065713500137477,1,ddos
BoT_adv_source_90,BoT-IoT,DDoS,known,clean,adv_source,False,False,-1.511751098879654,-1.4415057553718051,-0.7607252375225291,-0.8547556456757273,0.0,-0.7315980132930074,0.0,-0.0839297711262275,-0.0233440286741076,0.0,3.033125074217241,0.2391138108351341,0.9256708364554788,-0.274325074151263,0.0,-1.0,-1.0,1,ddos
BoT_adv_source_91,BoT-IoT,DDoS,known,clean,adv_source,False,False,0.1250637443787337,0.916993414306946,0.3385162147166241,0.8547556456757273,0.0,0.5255401636245307,0.0,0.8318661091728066,0.9466623777052928,0.0,0.0,0.0476733450012238,0.1511595505471948,0.6160837789285913,0.0,0.0,0.0,1,ddos
BoT_adv_source_92,BoT-IoT,DDoS,known,clean,adv_source,False,False,-0.8301487290577505,-0.2622561705324296,0.5610417602305166,0.0,0.0,0.7800296190895465,0.0,0.8019242181557962,0.9149480768109384,0.0,1.4887792702479534,0.2330219827393388,0.5305620078607669,0.4416846502193627,0.0,-1.0,-1.0,1,ddos
BoT_adv_source_93,BoT-IoT,DDoS,known,clean,adv_source,False,False,-1.9142966321084696,-1.4415057553718051,-0.7607252375225291,-0.8547556456757273,0.0,-0.7315980132930074,0.0,0.4239190684790859,0.5145669168617523,0.0,1.9444869561815303,-0.1567280930445275,0.3746098123896741,-0.274325074151263,0.0,-1.0,-1.0,1,ddos
BoT_adv_source_94,BoT-IoT,DDoS,known,clean,adv_source,False,False,0.1549996956769435,0.6068102004289732,0.0489154578359224,0.6299255022823318,0.0,0.1943407107678919,0.0,0.4530981065534822,0.5454732077427626,0.0,0.0,0.2145657841469876,0.0986858442603915,0.7151549952299351,0.0,0.0,0.0,1,ddos
BoT_adv_source_95,BoT-IoT,DDoS,known,clean,adv_source,False,False,-0.0871680854368165,0.2271766281849193,1.0469053818404443,0.3547556456757271,0.0,1.3356834349614488,0.0,0.3663712321289942,0.4536125370335368,0.0,2.18682494787409,0.1913890078245626,0.7143934223671513,0.0152329752955197,0.0,-1.0,-1.0,1,ddos
BoT_adv_source_96,BoT-IoT,DDoS,known,clean,adv_source,False,False,0.7014899035711083,0.6068102004289732,0.0489154578359224,0.6299255022823318,0.0,0.1943407107678919,0.0,-0.112944942016168,-0.0540767522546562,0.0,0.0,0.2222540330770527,0.3806773602762826,0.6806431929907052,0.0,0.0,0.0,1,ddos
BoT_adv_source_97,BoT-IoT,DDoS,known,clean,adv_source,False,False,-0.7965589323230419,-0.952072956654456,-0.176150980549795,-0.4999999999999999,0.0,-0.0630546153101017,0.0,-0.10959489187331,-0.0505283959340278,0.0,0.0,0.0947330838045918,0.0574993613881093,0.9612390506632602,0.0,-1.0,-1.0,1,ddos
BoT_adv_source_98,BoT-IoT,DDoS,known,clean,adv_source,False,False,-0.1344684310458616,0.0,0.8242906523192031,0.1900911776928238,0.0,1.0810919849617653,0.0,0.194457714606563,0.2715226009164138,0.0,2.374571450360377,0.1579970942340078,0.6768818782291287,-0.094638258025908,0.0,-1.0,-1.0,1,ddos
BoT_adv_source_99,BoT-IoT,DDoS,known,clean,adv_source,False,False,-0.6157246980497739,0.2271766281849193,-0.3136178163556272,0.3547556456757271,0.0,-0.2202673978152947,0.0,1.150504835048345,1.284162919112967,0.0,0.0,0.0315673214966946,0.2211019029628651,0.8135906804437657,0.0,0.0,0.0,1,ddos
BoT_adv_source_100,BoT-IoT,DDoS,known,clean,adv_source,False,False,-1.82761651345198,-1.4415057553718051,-2.11603507540802,-0.8547556456757273,0.0,-2.2815866307046857,0.0,0.2945603193705737,0.3775507781611612,0.0,2.1474221458284526,-0.0829384190443536,0.477334190282671,-0.274325074151263,0.0,0.0,0.0,1,ddos
BoT_adv_source_101,BoT-IoT,DDoS,known,clean,adv_source,False,False,-0.8549716451788942,-0.952072956654456,-0.176150980549795,-0.4999999999999999,0.0,-0.0630546153101017,0.0,-0.0557513646501329,0.0065023982332174,0.0,0.0,0.0982044433379798,0.0599157976103924,0.9657141293489144,0.0,-1.0,-1.0,1,ddos
BoT_adv_source_102,BoT-IoT,DDoS,known,clean,adv_source,False,False,-1.0553207704056753,-0.572439384410403,-1.1200173616969509,-0.2248301433933957,0.0,-1.1424994081097612,0.0,0.6956526568381944,0.8023857717038713,0.0,1.6075561976381612,-0.2751475319466159,0.2069065392465106,-0.2690689054094498,0.0,0.0,0.0,1,ddos
BoT_adv_source_103,BoT-IoT,DDoS,known,clean,adv_source,False,False,0.7679831953944523,0.6068102004289732,0.0489154578359224,0.6299255022823318,0.0,0.1943407107678919,0.0,-0.1670657586263088,-0.1114012499507795,0.0,0.0,0.0179772945701519,-0.032629160898788,0.7898066888071027,0.0,0.0,0.0,1,ddos
BoT_adv_source_104,BoT-IoT,DDoS,known,clean,adv_source,False,False,-0.2023471706097362,-0.572439384410403,0.2389373166196673,-0.2248301433933957,0.0,0.4116576001912967,0.0,-0.2464381580046488,-0.1954720975522713,0.0,0.0,0.1198323669211688,-0.1532451927725998,0.9210802481207347,0.0,-1.0,-1.0,1,ddos
BoT_adv_source_105,BoT-IoT,DDoS,known,clean,adv_source,False,False,-0.5067670743044973,1.0531698750078118,0.4641163496719896,0.9534604492123409,0.0,0.6691816942061417,0.0,2.257256555227434,2.456428794009228,0.0,0.7511186649042508,0.228358975741105,0.5272447846179863,0.7166272038537597,0.0,0.0,0.0,1,ddos
BoT_adv_source_106,BoT-IoT,DDoS,known,clean,adv_source,False,False,-0.6771260025437259,-0.572439384410403,0.2389373166196673,-0.2248301433933957,0.0,0.4116576001912967,0.0,0.1946997815251792,0.2717789969833556,0.0,2.0067479804887176,0.1168575827350043,0.58080061121076,0.0491602493929431,0.0,-1.0,-1.0,1,ddos
BoT_adv_source_107,BoT-IoT,DDoS,known,clean,adv_source,False,False,-1.5190131720907782,-1.4415057553718051,-2.11603507540802,-0.8547556456757273,0.0,-2.2815866307046857,0.0,-0.0766027599188901,-0.0155832951267911,0.0,3.0098701097047345,0.2306580262408061,0.9138993355806077,-0.274325074151263,0.0,0.0,0.0,1,ddos
BoT_adv_source_108,BoT-IoT,DDoS,known,clean,adv_source,False,False,1.8274606721454243,0.2271766281849193,-0.3136178163556272,0.3547556456757271,0.0,-0.2202673978152947,0.0,-0.8279280576952072,-0.8113832848362521,0.0,0.0,-0.86376692077995,-0.6096759255462858,-0.274325074151263,0.0,0.0,0.0,1,ddos
BoT_adv_source_109,BoT-IoT,DDoS,known,clean,adv_source,False,False,-1.517407319081005,-1.4415057553718051,-0.7607252375225291,-0.8547556456757273,0.0,-0.7315980132930074,0.0,-0.0782301648414946,-0.0173070342641459,0.0,3.0149996385610853,0.2325231845839361,0.9164958673184967,-0.274325074151263,0.0,-1.0,-1.0,1,ddos
BoT_adv_source_110,BoT-IoT,DDoS,known,clean,adv_source,False,False,0.3701461542679797,0.6068102004289732,0.0489154578359224,0.6299255022823318,0.0,0.1943407107678919,0.0,0.2021718636232646,0.2796933888910469,0.0,0.0,-0.0181757913405506,0.3267734109084967,0.592875146364844,0.0,0.0,0.0,1,ddos
BoT_adv_source_111,BoT-IoT,DDoS,known,clean,adv_source,False,False,-0.1172497701214231,-0.572439384410403,0.2389373166196673,-0.2248301433933957,0.0,0.4116576001912967,0.0,-0.3084728306051257,-0.2611789118485562,0.0,0.0,-0.86376692077995,-0.6096759255462858,-0.274325074151263,0.0,-1.0,-1.0,1,ddos
BoT_adv_source_112,BoT-IoT,DDoS,known,clean,adv_source,False,False,-0.346981965854866,-0.572439384410403,0.2389373166196673,-0.2248301433933957,0.0,0.4116576001912967,0.0,-0.1301902523314304,-0.0723428985058743,0.0,0.0,0.0601535238039137,-0.1809387463278849,0.8485506209250472,0.0,-1.0,-1.0,1,ddos
BoT_adv_source_113,BoT-IoT,DDoS,known,clean,adv_source,False,False,-0.2467623206109766,0.427560615589597,1.2397689624598676,0.5000000000000001,0.0,1.5562502354944958,0.0,0.810835796761149,0.9243871762042696,0.0,1.8166063529804803,0.1973710291963076,0.6537055658023989,0.1803673329571149,0.0,-1.0,-1.0,1,ddos
BoT_adv_source_114,BoT-IoT,DDoS,known,clean,adv_source,False,False,-0.1649840208803578,-0.2622561705324296,0.5610417602305166,0.0,0.0,0.7800296190895465,0.0,-0.0174786905253247,0.0470406228408808,0.0,0.0,-0.213534845713495,-0.0320947537588363,0.4843019093583098,0.0,-1.0,-1.0,1,ddos
BoT_adv_source_115,BoT-IoT,DDoS,known,clean,adv_source,False,False,-0.1083892347857074,0.0,0.495845153733583,0.0,0.6931471805599453,0.5650812228589194,4.110873864173311,0.1663164491044642,-0.0076087390757982,0.0,0.0,-0.821159022197796,-0.5948471331006429,-0.2267593831451596,0.0,-1.0,-1.3065713500137477,1,ddos
BoT_adv_source_116,BoT-IoT,DDoS,known,clean,adv_source,False,False,-1.800420679390998,-1.4415057553718051,-0.7607252375225291,-0.8547556456757273,0.0,-0.7315980132930074,0.0,0.2565346621054565,0.3372741925732167,0.0,2.214355436736652,-0.0586006700099554,0.5112153554016353,-0.274325074151263,0.0,-1.0,-1.0,1,ddos
BoT_adv_source_117,BoT-IoT,DDoS,known,clean,adv_source,False,False,-0.5294157127447326,0.2271766281849193,-0.3136178163556272,0.3547556456757271,0.0,-0.2202673978152947,0.0,1.0009920871494609,1.125799765906873,0.0,0.0,0.1128503041496216,0.2945728278260568,0.909811462453594,0.0,0.0,0.0,1,ddos
BoT_adv_source_118,BoT-IoT,DDoS,known,clean,adv_source,False,False,-0.0670118757370128,0.2271766281849193,1.0469053818404443,0.3547556456757271,0.0,1.3356834349614488,0.0,0.3421277845451255,0.4279339988625668,0.0,0.0,-0.0445763063652057,0.0439173126407092,0.4927896018174241,0.0,-1.0,-1.0,1,ddos
BoT_adv_source_119,BoT-IoT,DDoS,known,clean,adv_source,False,False,0.6985327858702198,0.6068102004289732,0.0489154578359224,0.6299255022823318,0.0,0.1943407107678919,0.0,-0.11047479770917,-0.0514603877852208,0.0,0.0,0.0802719383526378,0.3241536709856066,0.6018224384021235,0.0,0.0,0.0,1,ddos
BoT_adv_source_120,BoT-IoT,DDoS,known,clean,adv_source,False,False,-0.1327208076777423,0.2271766281849193,0.7701544689352974,0.1900911776928238,0.6931471805599453,0.903925154656192,4.110873864173311,0.4225457181497327,0.2695090356835426,0.0,0.0,-0.0099658493308374,-0.0265148871997111,0.8060439636795987,0.0,-1.0,-1.3065713500137477,1,ddos
BoT_adv_source_121,BoT-IoT,DDoS,known,clean,adv_source,False,False,-0.3040208789674621,0.7689611737250349,0.2009558713324623,0.7474574155078949,0.0,0.3682204419693358,0.0,1.366314641469638,1.5127475844204783,0.0,2.6885357842101167,0.1293377615376943,0.7636783240348451,-0.2574390876547226,0.0,0.0,0.0,1,ddos
BoT_adv_source_122,BoT-IoT,DDoS,known,clean,adv_source,False,False,-1.5161559439561614,-0.952072956654456,-1.5338883780765302,-0.4999999999999999,0.0,-1.6158194907454704,0.0,0.801042355536285,0.9140140123443096,0.0,3.019001905921653,0.2339784570988295,0.9185217871478332,-0.274325074151263,0.0,0.0,0.0,1,ddos
BoT_adv_source_123,BoT-IoT,DDoS,known,clean,adv_source,False,False,-0.8479135466944488,-1.4415057553718051,-0.7607252375225291,-0.8547556456757273,0.0,-0.7315980132930074,0.0,-0.5677883636620277,-0.5358446247547439,0.0,0.0,-0.86376692077995,-0.6096759255462858,-0.274325074151263,0.0,-1.0,-1.0,1,ddos
BoT_adv_source_124,BoT-IoT,DDoS,known,clean,adv_source,False,False,-0.1944475127592123,0.6068102004289732,0.0489154578359224,0.6299255022823318,0.0,0.1943407107678919,0.0,0.9539517859114536,1.0759749146048725,0.0,0.0,0.2251125643954476,0.1039705027063065,1.0523790223738174,0.0,0.0,0.0,1,ddos
BoT_adv_source_125,BoT-IoT,DDoS,known,clean,adv_source,False,False,-0.6527004192045966,-0.952072956654456,-0.176150980549795,-0.4999999999999999,0.0,-0.0630546153101017,0.0,-0.2307971677346634,-0.1789052390520456,0.0,0.0,-0.86376692077995,-0.6096759255462858,-0.274325074151263,0.0,-1.0,-1.0,1,ddos
BoT_adv_source_126,BoT-IoT,DDoS,known,clean,adv_source,False,False,0.9603209494291716,-0.572439384410403,0.2389373166196673,-0.2248301433933957,0.0,0.4116576001912967,0.0,-0.8035816209249804,-0.7855956610352808,0.0,0.0,-0.86376692077995,-0.6096759255462858,-0.274325074151263,0.0,-1.0,-1.0,1,ddos
BoT_adv_source_127,BoT-IoT,DDoS,known,clean,adv_source,False,False,0.3844076234053211,0.2271766281849193,0.7701544689352974,0.1900911776928238,0.6931471805599453,0.903925154656192,4.110873864173311,-0.1132005357469467,-0.219836465211806,0.0,0.0,-0.7993199318375872,-0.5917322852310691,-0.2078642244278608,0.0,-1.0,-1.3065713500137477,1,ddos
BoT_adv_source_128,BoT-IoT,DDoS,known,clean,adv_source,False,False,-1.5720623731851415,-0.952072956654456,-1.5338883780765302,-0.4999999999999999,0.0,-1.6158194907454704,0.0,0.9002565127541176,1.0191011504011065,0.0,2.844434704187847,0.1705037244540297,0.8301570869209963,-0.274325074151263,0.0,0.0,0.0,1,ddos
BoT_adv_source_129,BoT-IoT,DDoS,known,clean,adv_source,False,False,0.9759267333526088,-0.572439384410403,0.2389373166196673,-0.2248301433933957,0.0,0.4116576001912967,0.0,-0.8079041294416618,-0.790174040391433,0.0,0.0,-0.86376692077995,-0.6096759255462858,-0.274325074151263,0.0,-1.0,-1.0,1,ddos
BoT_adv_source_130,BoT-IoT,DDoS,known,clean,adv_source,False,False,0.5391076518808663,0.2271766281849193,-0.3136178163556272,0.3547556456757271,0.0,-0.2202673978152947,0.0,-0.2357190294338704,-0.1841184502951289,0.0,0.0,0.242693421126847,-0.3529541002441965,0.7887717301560218,0.0,0.0,0.0,1,ddos
BoT_adv_source_131,BoT-IoT,DDoS,known,clean,adv_source,False,False,0.7480006980125633,0.6068102004289732,0.0489154578359224,0.6299255022823318,0.0,0.1943407107678919,0.0,-0.1510943419106777,-0.0944844054154465,0.0,0.0,0.0680075942241441,-0.3084609151730007,0.6398671974984488,0.0,0.0,0.0,1,ddos
BoT_adv_source_132,BoT-IoT,DDoS,known,clean,adv_source,False,False,-0.3477687175431492,1.0531698750078118,0.4641163496719896,0.9534604492123409,0.0,0.6691816942061417,0.0,1.8916159432747364,2.069144090445383,0.0,0.0,0.0077803843290911,0.195368357991514,0.6363949857227569,0.0,0.0,0.0,1,ddos
BoT_adv_source_133,BoT-IoT,DDoS,known,clean,adv_source,False,False,0.0327881300194363,-0.2622561705324296,0.5610417602305166,0.0,0.0,0.7800296190895465,0.0,-0.1878621776991128,-0.133428712799579,0.0,0.0,0.2108043481462196,-0.2356918058242332,0.9252825470068792,0.0,-1.0,-1.0,1,ddos
BoT_adv_source_134,BoT-IoT,DDoS,known,clean,adv_source,False,False,-0.6746274711624732,0.0,-0.5358836503280104,0.1900911776928238,0.0,-0.4744598363754693,0.0,0.9244261210995028,1.044701478420762,0.0,2.8022663213358543,0.1589293399843459,0.811427772182886,-0.2694064417580027,0.0,0.0,0.0,1,ddos
BoT_adv_source_135,BoT-IoT,DDoS,known,clean,adv_source,False,False,-0.4110010189634588,1.0531698750078118,0.4641163496719896,0.9534604492123409,0.0,0.6691816942061417,0.0,2.032883459167327,2.218773935236093,0.0,2.455846759681023,0.0299495617039047,0.6338495710431167,-0.2734815198132833,0.0,0.0,0.0,1,ddos
BoT_adv_source_136,BoT-IoT,DDoS,known,clean,adv_source,False,False,-0.3982332397850771,0.0,0.8242906523192031,0.1900911776928238,0.0,1.0810919849617653,0.0,0.5135216921035287,0.609473566710113,0.0,1.7892384734226252,-0.1269938103127741,0.3375123022720658,-0.1714836513352671,0.0,-1.0,-1.0,1,ddos
BoT_adv_source_137,BoT-IoT,DDoS,known,clean,adv_source,False,False,0.1331728026442837,0.6068102004289732,0.952805353943138,0.3547556456757271,1.0986122886681096,1.0191795973367486,4.795790545596741,0.4808448515878756,0.1931998895102513,0.1470026217945986,0.0,0.0479220772364714,-0.3440167829216227,0.6558723803146395,0.0,-1.0,-1.3065713500137477,1,ddos
BoT_adv_source_138,BoT-IoT,DDoS,known,clean,adv_source,False,False,-0.2888892596223234,1.0531698750078118,0.4641163496719896,0.9534604492123409,0.0,0.6691816942061417,0.0,1.7648588060139845,1.934883565974478,0.0,2.502724699237738,0.0554611757377153,0.6648507551247153,-0.2640912471352032,0.0,0.0,0.0,1,ddos
BoT_adv_source_139,BoT-IoT,DDoS,known,clean,adv_source,False,False,-0.1959088424825605,0.427560615589597,-0.1210160334322007,0.5000000000000001,0.0,0.0,0.0,0.734540426192503,0.8435755020957207,0.0,0.0,0.128353279795146,0.1823231919237991,0.7272896848404774,0.0,0.0,0.0,1,ddos
BoT_adv_source_140,BoT-IoT,DDoS,known,clean,adv_source,False,False,-1.5768766952096531,-1.4415057553718051,-0.7607252375225291,-0.8547556456757273,0.0,-0.7315980132930074,0.0,-0.0161478262386807,0.0484502676229087,0.0,2.8298004780774693,0.1651825439539477,0.8227493437112083,-0.274325074151263,0.0,-1.0,-1.0,1,ddos
BoT_adv_source_141,BoT-IoT,DDoS,known,clean,adv_source,False,False,-3.486930428214933,-1.4415057553718051,-1.2850438315776818,-1.3547556456757268,0.6931471805599453,-1.8721892999651788,4.110873864173311,16.64141219771641,-1.1236916423550465,0.0,0.0276655890743664,-0.8537073800843611,-0.5956717972743378,-0.274325074151263,0.0,-1.0,-1.3065713500137477,1,ddos
BoT_adv_source_142,BoT-IoT,DDoS,known,clean,adv_source,False,False,-0.4131848210659815,-0.2622561705324296,0.1569988683812714,-0.2248301433933957,0.6931471805599453,0.1383989616993174,4.110873864173311,0.2388823947736206,-0.0107684204669644,0.0,0.0,0.1184742311237045,-0.1538755270772214,0.9194298157203398,0.0,-1.0,-1.3065713500137477,1,ddos
BoT_adv_source_143,BoT-IoT,DDoS,known,clean,adv_source,False,False,-1.5028258543199695,-1.4415057553718051,-0.7607252375225291,-0.8547556456757273,0.0,-0.7315980132930074,0.0,-0.0928601809097797,-0.0328030739570043,0.0,0.0,-0.86376692077995,-0.6096759255462858,-0.274325074151263,0.0,-1.0,-1.0,1,ddos
BoT_adv_source_144,BoT-IoT,DDoS,known,clean,adv_source,False,False,0.9738298775260504,-0.572439384410403,0.2389373166196673,-0.2248301433933957,0.0,0.4116576001912967,0.0,-0.8073261771696973,-0.7895618762417057,0.0,0.0,-0.86376692077995,-0.6096759255462858,-0.274325074151263,0.0,-1.0,-1.0,1,ddos
BoT_adv_source_145,BoT-IoT,DDoS,known,clean,adv_source,False,False,0.194816762283088,1.0531698750078118,0.4641163496719896,0.9534604492123409,0.0,0.6691816942061417,0.0,0.8842869520492533,1.0021862717430752,0.0,0.8060763307026999,0.0541883957743305,0.3204564523937463,0.3197973521161709,0.0,0.0,0.0,1,ddos
BoT_adv_source_146,BoT-IoT,DDoS,known,clean,adv_source,False,False,-0.4111037156759018,1.0531698750078118,0.4641163496719896,0.9534604492123409,0.0,0.6691816942061417,0.0,2.0331166762620603,2.2190209576139344,0.0,2.4528886152243574,0.0298788764038075,0.6334429636419028,-0.2721548701581047,0.0,0.0,0.0,1,ddos
BoT_adv_source_147,BoT-IoT,DDoS,known,clean,adv_source,False,False,-1.056689244277133,-0.572439384410403,-1.1200173616969509,-0.2248301433933957,0.0,-1.1424994081097612,0.0,0.6977693048642439,0.8046277146842741,0.0,1.6095943157655683,-0.2766737120424244,0.2063600638503585,-0.2719285087698562,0.0,0.0,0.0,1,ddos
BoT_adv_source_148,BoT-IoT,DDoS,known,clean,adv_source,False,False,-0.3318688487514862,-0.952072956654456,-0.176150980549795,-0.4999999999999999,0.0,-0.0630546153101017,0.0,-0.4511276672887641,-0.4122781998677951,0.0,0.0,-0.86376692077995,-0.6096759255462858,-0.274325074151263,0.0,-1.0,-1.0,1,ddos
BoT_adv_source_149,BoT-IoT,DDoS,known,clean,adv_source,False,False,-0.2858584592800991,0.6068102004289732,0.0489154578359224,0.6299255022823318,0.0,0.1943407107678919,0.0,1.106543241803979,1.2375990198871305,0.0,1.0103998125713805,0.2437790406415469,0.5866979657406961,0.6225943909080658,0.0,0.0,0.0,1,ddos
BoT_adv_source_150,BoT-IoT,DDoS,known,clean,adv_source,False,False,-0.268430141341765,-0.2622561705324296,0.3730909115748955,-0.2248301433933957,0.6931471805599453,0.4116576001912967,4.110873864173311,0.0831738607725604,-0.141074071790622,0.0,0.0,-0.85875159868532,-0.6079303605917592,-0.2687262114596455,0.0,-1.0,-1.3065713500137477,1,ddos
BoT_adv_source_151,BoT-IoT,DDoS,known,clean,adv_source,False,False,0.9624547841854212,-0.572439384410403,0.2389373166196673,-0.2248301433933957,0.0,0.4116576001912967,0.0,-0.8041805834123571,-0.786230079099868,0.0,0.0,-0.86376692077995,-0.6096759255462858,-0.274325074151263,0.0,-1.0,-1.0,1,ddos
BoT_adv_source_152,BoT-IoT,DDoS,known,clean,adv_source,False,False,-0.1211903605088608,-0.2622561705324296,0.5610417602305166,0.0,0.0,0.7800296190895465,0.0,-0.0576071295747827,0.0045367813262526,0.0,0.0,0.1771401405537181,-0.2474079164975692,0.8877008258895536,0.0,-1.0,-1.0,1,ddos
BoT_adv_source_153,BoT-IoT,DDoS,known,clean,adv_source,False,False,-0.4674160091849205,0.6068102004289732,0.0489154578359224,0.6299255022823318,0.0,0.1943407107678919,0.0,1.4392511361714635,1.5900015540458132,0.0,2.1224903492753118,-0.0797200150817535,0.4718564397375493,-0.2608941074262437,0.0,0.0,0.0,1,ddos
BoT_adv_source_154,BoT-IoT,DDoS,known,clean,adv_source,False,False,0.9732425403714964,-0.572439384410403,0.2389373166196673,-0.2248301433933957,0.0,0.4116576001912967,0.0,-0.8071656453486148,-0.789391841741412,0.0,0.0,-0.86376692077995,-0.6096759255462858,-0.274325074151263,0.0,-1.0,-1.0,1,ddos
BoT_adv_source_155,BoT-IoT,DDoS,known,clean,adv_source,False,False,0.7141091592489486,0.7689611737250349,0.2009558713324623,0.7474574155078949,0.0,0.3682204419693358,0.0,-0.0100698505132083,0.0548880290480875,0.0,0.0,0.197382810079657,-0.2573184303778431,0.7853304639878371,0.0,0.0,0.0,1,ddos
BoT_adv_source_156,BoT-IoT,DDoS,known,clean,adv_source,False,False,-1.520805046569829,-1.4415057553718051,-2.11603507540802,-0.8547556456757273,0.0,-2.2815866307046857,0.0,-0.0747877679200349,-0.0136608646984711,0.0,3.004154942826172,0.2285799228741132,0.9110063579596416,-0.274325074151263,0.0,0.0,0.0,1,ddos
BoT_adv_source_157,BoT-IoT,DDoS,known,clean,adv_source,False,False,-0.3023246137014691,0.916993414306946,0.3385162147166241,0.8547556456757273,0.0,0.5255401636245307,0.0,1.5823416091654592,1.7415622658615424,0.0,2.709587576037808,0.1318168594999069,0.7673937997322394,-0.2625754854341461,0.0,0.0,0.0,1,ddos
BoT_adv_source_158,BoT-IoT,DDoS,known,clean,adv_source,False,False,-0.3733940796404776,1.179249584839376,0.5796706984659329,1.0448468233685515,0.0,0.8013344465262084,0.0,2.159666068303204,2.353061439389464,0.0,0.0,-0.011112818351282,0.2778830483858165,0.6746810059442786,0.0,0.0,0.0,1,ddos
BoT_adv_source_159,BoT-IoT,DDoS,known,clean,adv_source,False,False,-0.7916980485073593,0.0,-0.5358836503280104,0.1900911776928238,0.0,-0.4744598363754693,0.0,1.1257593065198468,1.2579525793219106,0.0,2.4877909296713234,0.0541374934670278,0.6588936781987107,-0.2571817806589666,0.0,0.0,0.0,1,ddos
BoT_adv_source_160,BoT-IoT,DDoS,known,clean,adv_source,False,False,-0.3253995805051561,0.916993414306946,0.3385162147166241,0.8547556456757273,0.0,0.5255401636245307,0.0,1.6290981373972446,1.7910865462176433,0.0,2.6451203224799267,0.1113165665060039,0.7375446699540804,-0.260129063240644,0.0,0.0,0.0,1,ddos
BoT_adv_source_161,BoT-IoT,DDoS,known,clean,adv_source,False,False,-0.4451988624486421,0.427560615589597,-0.1210160334322007,0.5000000000000001,0.0,0.0,0.0,1.1363127246223228,1.2691307068815796,0.0,1.2033363639184014,0.0546042831846505,0.4389911742366866,0.3014678103360907,0.0,0.0,0.0,1,ddos
BoT_adv_source_162,BoT-IoT,DDoS,known,clean,adv_source,False,False,-1.8848664903056649,-1.4415057553718051,-0.7607252375225291,-0.8547556456757273,0.0,-0.7315980132930074,0.0,0.3785474080607381,0.4665094815525902,0.0,2.011657436601857,-0.1323040990527781,0.4086110411857092,-0.274325074151263,0.0,-1.0,-1.0,1,ddos
BoT_adv_source_163,BoT-IoT,DDoS,known,clean,adv_source,False,False,0.0394653968258984,0.916993414306946,0.3385162147166241,0.8547556456757273,0.0,0.5255401636245307,0.0,0.965589179363746,1.0883011834221068,0.0,0.0,0.2013196256457604,-0.0788057129887082,0.943472833553176,0.0,0.0,0.0,1,ddos
BoT_adv_source_164,BoT-IoT,DDoS,known,clean,adv_source,False,False,-0.3690932815441353,0.0,0.8242906523192031,0.1900911776928238,0.0,1.0810919849617653,0.0,0.4750077684414747,0.5686798118017586,0.0,1.7131550469022392,-0.1411991105433071,0.3264005327361505,-0.1694406681729727,0.0,-1.0,-1.0,1,ddos
BoT_adv_source_165,BoT-IoT,DDoS,known,clean,adv_source,False,False,-0.8768245605216636,-0.952072956654456,-0.176150980549795,-0.4999999999999999,0.0,-0.0630546153101017,0.0,-0.0348691607202725,0.0286207239726513,0.0,0.0,0.1285786725445123,0.0810581447036523,1.0048683457810603,0.0,-1.0,-1.0,1,ddos
BoT_adv_source_166,BoT-IoT,DDoS,known,clean,adv_source,False,False,-1.0034240055082766,-0.572439384410403,-1.1200173616969509,-0.2248301433933957,0.0,-1.1424994081097612,0.0,0.6172282198067218,0.7193190010689273,0.0,1.511494445226416,-0.2328561612491737,0.2120312159371535,-0.1695082900560444,0.0,0.0,0.0,1,ddos
BoT_adv_source_167,BoT-IoT,DDoS,known,clean,adv_source,False,False,0.7782651237538147,0.916993414306946,0.3385162147166241,0.8547556456757273,0.0,0.5255401636245307,0.0,0.0388364264163062,0.1066893124501311,0.0,0.0,0.2418065206633637,-0.033445160683416,0.9693657110347882,0.0,0.0,0.0,1,ddos
BoT_adv_source_168,BoT-IoT,DDoS,known,clean,adv_source,False,False,0.2795049031512848,0.2271766281849193,0.7701544689352974,0.1900911776928238,0.6931471805599453,0.903925154656192,4.110873864173311,-0.0211611385096098,-0.1362285069104626,0.0,0.0,-0.8214582121787104,-0.5978960697248143,-0.2306940598330455,0.0,-1.0,-1.0,1,ddos
BoT_adv_source_169,BoT-IoT,DDoS,known,clean,adv_source,False,False,-0.3021420034828375,0.7689611737250349,0.2009558713324623,0.7474574155078949,0.0,0.3682204419693358,0.0,1.3627750227224436,1.5089984379842685,0.0,2.707344056683403,0.1338487284564736,0.7677926710717864,-0.2593537038525418,0.0,0.0,0.0,1,ddos
BoT_adv_source_170,BoT-IoT,DDoS,known,clean,adv_source,False,False,-0.0878162080221706,-0.2622561705324296,-0.798644410998854,0.0,0.0,-0.7749639548858611,0.0,-0.0872458083484944,-0.026856358679721,0.0,0.0,0.2301965712628134,0.4050286257489861,1.0544460743419506,0.0,0.0,0.0,1,ddos
BoT_adv_source_171,BoT-IoT,DDoS,known,clean,adv_source,False,False,-0.9479655048341484,-0.2622561705324296,-0.798644410998854,0.0,0.0,-0.7749639548858611,0.0,0.9973485574471036,1.121940557507763,0.0,1.065051821782036,-0.0871321912359675,0.2004710642670228,0.2275949145478595,0.0,0.0,0.0,1,ddos
BoT_adv_source_172,BoT-IoT,DDoS,known,clean,adv_source,False,False,0.0892465262440789,-0.2622561705324296,0.5610417602305166,0.0,0.0,0.7800296190895465,0.0,-0.2316526260320574,-0.1798113361930283,0.0,0.0,0.1299399202734275,-0.2638352887260671,0.8350084792397235,0.0,-1.0,-1.0,1,ddos
BoT_adv_source_173,BoT-IoT,DDoS,known,clean,adv_source,False,False,0.0247005207383401,0.2271766281849193,0.7701544689352974,0.1900911776928238,0.6931471805599453,0.903925154656192,4.110873864173311,0.2363777534954767,0.0987433313623962,0.0,0.0,-0.0244661162067445,-0.3005122665314609,0.6458419920146005,0.0,-1.0,-1.0,1,ddos
BoT_adv_source_174,BoT-IoT,DDoS,known,clean,adv_source,False,False,-0.4089523459105506,0.916993414306946,0.3385162147166241,0.8547556456757273,0.0,0.5255401636245307,0.0,1.80420065177966,1.976554251825385,0.0,1.7888478443034248,0.1187834237414251,0.6030024893099232,0.1279328663698466,0.0,0.0,0.0,1,ddos
BoT_adv_source_175,BoT-IoT,DDoS,known,clean,adv_source,False,False,-0.3168431798253345,-0.572439384410403,0.2389373166196673,-0.2248301433933957,0.0,0.4116576001912967,0.0,-0.1555991842235657,-0.099255911814671,0.0,0.0,0.1229976457682871,-0.1517762693832827,0.9249272455873496,0.0,-1.0,-1.0,1,ddos
BoT_adv_source_176,BoT-IoT,DDoS,known,clean,adv_source,False,False,-0.1654953177600011,0.0,-0.5358836503280104,0.1900911776928238,0.0,-0.4744598363754693,0.0,0.2286967648428522,0.3077884313181644,0.0,0.0,-0.2301490031677795,-0.1743302930095245,0.5320435318737609,0.0,0.0,0.0,1,ddos
BoT_adv_source_177,BoT-IoT,DDoS,known,clean,adv_source,False,False,-0.4425786881917782,0.0,0.8242906523192031,0.1900911776928238,0.0,1.0810919849617653,0.0,0.5738056862708448,0.6733260711845173,0.0,1.7348737814044954,-0.2261964056636041,0.2736913407322059,-0.2670964094642556,0.0,-1.0,-1.0,1,ddos
BoT_adv_source_178,BoT-IoT,DDoS,known,clean,adv_source,False,False,-1.4006390608427446,-1.4415057553718051,-2.11603507540802,-0.8547556456757273,0.0,-2.2815866307046857,0.0,-0.1893348022200274,-0.1349885093112342,0.0,0.0,-0.86376692077995,-0.6096759255462858,-0.274325074151263,0.0,0.0,0.0,1,ddos
BoT_adv_source_179,BoT-IoT,DDoS,known,clean,adv_source,False,False,0.3440293297616587,0.6068102004289732,0.0489154578359224,0.6299255022823318,0.0,0.1943407107678919,0.0,0.2305366989981447,0.3097372803535708,0.0,0.0,0.2376947700935607,0.1659911279750379,0.9445203996739824,0.0,0.0,0.0,1,ddos
BoT_adv_source_180,BoT-IoT,DDoS,known,clean,adv_source,False,False,-0.3365782821052455,-0.572439384410403,-1.1200173616969509,-0.2248301433933957,0.0,-1.1424994081097612,0.0,-0.1390323646408664,-0.0817084195467404,0.0,0.0,-0.3334706843554036,-0.3635964455581622,0.3701641936685,0.0,0.0,0.0,1,ddos
BoT_adv_source_181,BoT-IoT,DDoS,known,clean,adv_source,False,False,-0.3196759946160094,-0.952072956654456,-0.176150980549795,-0.4999999999999999,0.0,-0.0630546153101017,0.0,-0.4583224989936039,-0.419898929548559,0.0,0.0,-0.0331793019882185,-0.0315352817790837,0.7963528309285302,0.0,-1.0,-1.0,1,ddos
BoT_adv_source_182,BoT-IoT,DDoS,known,clean,adv_source,False,False,0.1250925622211053,0.916993414306946,0.3385162147166241,0.8547556456757273,0.0,0.5255401636245307,0.0,0.8318220517522446,0.9466157123062524,0.0,0.829152180454759,0.1597373307574691,0.5136061078991841,0.48528242666285,0.0,0.0,0.0,1,ddos
BoT_adv_source_183,BoT-IoT,DDoS,known,clean,adv_source,False,False,-1.5287598706815009,-1.4415057553718051,-2.11603507540802,-0.8547556456757273,0.0,-2.2815866307046857,0.0,-0.0666791412217224,-0.0050722479406256,0.0,2.978891814531862,0.2193939457929325,0.8982183385817353,-0.274325074151263,0.0,0.0,0.0,1,ddos
BoT_adv_source_184,BoT-IoT,DDoS,known,clean,adv_source,False,False,0.0435990193905802,0.916993414306946,0.3385162147166241,0.8547556456757273,0.0,0.5255401636245307,0.0,0.95895112289818,1.0812701872841848,0.0,0.0,0.1764281750939343,0.4390957657904235,0.8526148107110197,0.0,0.0,0.0,1,ddos
BoT_adv_source_185,BoT-IoT,DDoS,known,clean,adv_source,False,False,-0.3884941122372624,0.916993414306946,0.3385162147166241,0.8547556456757273,0.0,0.5255401636245307,0.0,1.7604758428370637,1.930241153345203,0.0,1.839592339695728,0.1420144365834214,0.6316788321393754,0.1318807235942635,0.0,0.0,0.0,1,ddos
BoT_adv_source_186,BoT-IoT,DDoS,known,clean,adv_source,False,False,-0.3629402908555278,-0.952072956654456,-0.176150980549795,-0.4999999999999999,0.0,-0.0630546153101017,0.0,-0.4324317590455733,-0.392475587561814,0.0,0.0,-0.86376692077995,-0.6096759255462858,-0.274325074151263,0.0,-1.0,-1.0,1,ddos
BoT_adv_source_187,BoT-IoT,DDoS,known,clean,adv_source,False,False,1.6527261238151587,0.2271766281849193,-0.3136178163556272,0.3547556456757271,0.0,-0.2202673978152947,0.0,-0.7797921195761028,-0.760397940441203,0.0,0.0,-0.86376692077995,-0.6096759255462858,-0.274325074151263,0.0,0.0,0.0,1,ddos
BoT_adv_source_188,BoT-IoT,DDoS,known,clean,adv_source,False,False,-1.2124857515952303,-1.4415057553718051,-2.11603507540802,-0.8547556456757273,0.0,-2.2815866307046857,0.0,-0.3423514610283735,-0.2970629873907827,0.0,0.0,-0.86376692077995,-0.6096759255462858,-0.274325074151263,0.0,0.0,0.0,1,ddos
BoT_adv_source_189,BoT-IoT,DDoS,known,clean,adv_source,False,False,0.0128820782757012,0.6068102004289732,0.0489154578359224,0.6299255022823318,0.0,0.1943407107678919,0.0,0.6418810466174316,0.74543115166513,0.0,1.377701832304264,0.1497535878207893,0.364966966243076,0.2519370732532672,0.0,0.0,0.0,1,ddos
BoT_adv_source_190,BoT-IoT,DDoS,known,clean,adv_source,False,False,-0.3281047766276859,0.427560615589597,-0.1210160334322007,0.5000000000000001,0.0,0.0,0.0,0.9387739387562164,1.0598986149704823,0.0,1.3876692936322108,0.154822257311719,0.5644465768468646,0.343483922395866,0.0,0.0,0.0,1,ddos
BoT_adv_source_191,BoT-IoT,DDoS,known,clean,adv_source,False,False,-0.5996310316958195,-0.952072956654456,-0.176150980549795,-0.4999999999999999,0.0,-0.0630546153101017,0.0,-0.2717234251295625,-0.2222541257594434,0.0,0.0,0.1321029349125644,0.08351140457947,1.009411619416592,0.0,-1.0,-1.0,1,ddos
BoT_adv_source_192,BoT-IoT,DDoS,known,clean,adv_source,False,False,-0.6246156297544156,-1.4415057553718051,-0.7607252375225291,-0.8547556456757273,0.0,-0.7315980132930074,0.0,-0.67102880439753,-0.6451963821334408,0.0,0.0,-0.86376692077995,-0.6096759255462858,-0.274325074151263,0.0,-1.0,-1.0,1,ddos
BoT_adv_source_193,BoT-IoT,DDoS,known,clean,adv_source,False,False,0.9760628286774506,-0.2622561705324296,0.3730909115748955,-0.2248301433933957,0.6931471805599453,0.4116576001912967,4.110873864173311,-0.7067728129438694,-0.7902137198553526,0.0,0.0,-0.8532330328189291,-0.6060099606435598,-0.2625657432984493,0.0,-1.0,-1.0,1,ddos
BoT_adv_source_194,BoT-IoT,DDoS,known,clean,adv_source,False,False,-0.032572765367539,0.0,0.8242906523192031,0.1900911776928238,0.0,1.0810919849617653,0.0,0.0876936244695068,0.1584386117523696,0.0,0.0,0.0368807221681493,-0.1816832649027105,0.6741669650195724,0.0,-1.0,-1.0,1,ddos
BoT_adv_source_195,BoT-IoT,DDoS,known,clean,adv_source,False,False,-0.9692849845058588,-1.4415057553718051,-0.7607252375225291,-0.8547556456757273,0.0,-0.7315980132930074,0.0,-0.5015579449355732,-0.4656936971911983,0.0,0.0,-0.86376692077995,-0.6096759255462858,-0.274325074151263,0.0,-1.0,-1.0,1,ddos
BoT_adv_source_196,BoT-IoT,DDoS,known,clean,adv_source,False,False,-0.2558440354175673,-1.4415057553718051,-0.7607252375225291,-0.8547556456757273,0.0,-0.7315980132930074,0.0,-0.8000586519962264,-0.7818641500033124,0.0,0.0,-0.86376692077995,-0.6096759255462858,-0.274325074151263,0.0,-1.0,-1.0,1,ddos
BoT_adv_source_197,BoT-IoT,DDoS,known,clean,adv_source,False,False,-0.5528810999800754,-0.2622561705324296,0.5610417602305166,0.0,0.0,0.7800296190895465,0.0,0.4072527653727756,0.4969140521442313,0.0,0.0,-0.1125315534567306,0.0629161517672955,0.6082121332855968,0.0,-1.0,-1.0,1,ddos
BoT_adv_source_198,BoT-IoT,DDoS,known,clean,adv_source,False,False,-0.1870048703707574,-0.2622561705324296,0.5610417602305166,0.0,0.0,0.7800296190895465,0.0,0.0032490816590335,0.0689953752495016,0.0,0.0,0.0989644214544333,-0.2746156453801709,0.800429055117422,0.0,-1.0,-1.0,1,ddos
BoT_adv_source_199,BoT-IoT,DDoS,known,clean,adv_source,False,False,-0.4249431356011128,-0.572439384410403,0.2389373166196673,-0.2248301433933957,0.0,0.4116576001912967,0.0,-0.0613908387000758,0.0005290955849583,0.0,2.4601014993831085,0.0753635333314254,0.6666603746698443,-0.2168281354025056,0.0,-1.0,-1.0,1,ddos
BoT_adv_source_200,BoT-IoT,DoS,known,clean,adv_source,False,False,0.0871518016725361,0.0,0.0701354440243443,-0.2248301433933957,1.0986122886681096,-0.1891468228001862,4.795790545596741,-0.0272790188390796,-0.4009050844854909,0.0418393967910001,0.0806536038210741,-0.8300238034970885,-0.5657753227987771,-0.2686322285035119,0.0,-1.0,-1.3065713500137477,1,dos
BoT_adv_source_201,BoT-IoT,DoS,known,clean,adv_source,False,False,0.617054882385158,0.427560615589597,-0.1210160334322007,0.5000000000000001,0.0,0.0,0.0,-0.1646100902900192,-0.1088002183569639,0.0,0.0,0.2128491093902253,-0.1165573844808723,1.0173336949384877,0.0,0.0,0.0,1,dos
BoT_adv_source_202,BoT-IoT,DoS,known,clean,adv_source,False,False,0.7430293053970857,-0.952072956654456,-0.176150980549795,-0.4999999999999999,0.0,-0.0630546153101017,0.0,-0.8626374464063062,-0.8481472953931519,0.0,0.0,-0.86376692077995,-0.6096759255462858,-0.274325074151263,0.0,-1.0,-1.0,1,dos
BoT_adv_source_203,BoT-IoT,DoS,known,clean,adv_source,False,False,0.6352510734407862,-0.572439384410403,0.0,-0.4999999999999999,0.6931471805599453,-0.0630546153101017,4.110873864173311,-0.6989034874216461,-0.8206742338903363,0.0,0.0,-0.8538885389509623,-0.6050918448449282,-0.2623193245720014,0.0,-1.0,-1.3065713500137477,1,dos
BoT_adv_source_204,BoT-IoT,DoS,known,clean,adv_source,False,False,0.7676968010613642,0.2271766281849193,0.9151426769368184,0.1900911776928238,0.6931471805599453,1.0810919849617653,4.110873864173311,-0.3911112353151307,-0.4711141967623407,0.0,0.0,-0.8496529779655803,-0.60640109592144,-0.2607640212613515,0.0,-1.0,-1.0,1,dos
BoT_adv_source_205,BoT-IoT,DoS,known,clean,adv_source,False,False,0.6494603919679408,0.2271766281849193,0.9151426769368184,0.1900911776928238,0.6931471805599453,1.0810919849617653,4.110873864173311,-0.3143160942216878,-0.4018560047807215,0.0,0.0,-0.8486335981346194,-0.6061646818768985,-0.2597846500904227,0.0,-1.0,-1.3065713500137477,1,dos
BoT_adv_source_206,BoT-IoT,DoS,known,clean,adv_source,False,False,0.9004494018643405,0.0,0.8242906523192031,0.1900911776928238,0.0,1.0810919849617653,0.0,-0.5728378644152642,-0.5411930306441193,0.0,0.0,-0.2029665042256972,-0.425692574788763,0.407124137301649,0.0,-1.0,-1.0,1,dos
BoT_adv_source_207,BoT-IoT,DoS,known,clean,adv_source,False,False,0.5668448594171172,0.427560615589597,-0.1210160334322007,0.5000000000000001,0.0,0.0,0.0,-0.1237704488624779,-0.0655430748480662,0.0,0.0,0.1456027158270333,0.1765322856024002,0.9227816834668364,0.0,0.0,0.0,1,dos
BoT_adv_source_208,BoT-IoT,DoS,known,clean,adv_source,False,False,-0.7749411449057788,0.427560615589597,-0.1210160334322007,0.5000000000000001,0.0,0.0,0.0,1.786123973279342,1.957407524559432,0.0,2.7216017138776194,0.1264394419528926,0.7683970122092072,-0.2735525800971892,0.0,0.0,0.0,1,dos
BoT_adv_source_209,BoT-IoT,DoS,known,clean,adv_source,False,False,0.4859784773466252,1.296626986550999,0.6866678997910894,1.1299255022823314,0.0,0.9237008896176592,0.0,0.7238015664458612,0.8322009556759979,0.0,0.0,0.1980447623554098,0.3325445129120284,0.6379319508956245,0.0,0.0,0.0,1,dos
BoT_adv_source_210,BoT-IoT,DoS,known,clean,adv_source,False,False,0.1007813063008869,0.2271766281849193,-0.3136178163556272,0.3547556456757271,0.0,-0.2202673978152947,0.0,0.1541032805944891,0.2287793866700855,0.0,0.0,-0.006045037983624,0.2281191297797064,0.6257055705961714,0.0,0.0,0.0,1,dos
BoT_adv_source_211,BoT-IoT,DoS,known,clean,adv_source,False,False,-0.0164835145754539,0.2271766281849193,-0.3136178163556272,0.3547556456757271,0.0,-0.2202673978152947,0.0,0.2829521542704638,0.3652554678680643,0.0,0.0,0.0541043736251583,0.2442277762675266,0.6526563294010922,0.0,0.0,0.0,1,dos
BoT_adv_source_212,BoT-IoT,DoS,known,clean,adv_source,False,False,0.3010150724408666,-0.2622561705324296,0.3730909115748955,-0.2248301433933957,0.6931471805599453,0.4116576001912967,4.110873864173311,-0.3788793603222787,-0.5232425808084235,0.0,0.0,-0.8540285758662491,-0.6062866022087693,-0.2634534237804672,0.0,-1.0,-1.3065713500137477,1,dos
BoT_adv_source_213,BoT-IoT,DoS,known,clean,adv_source,False,False,-0.0038973313615224,2.096242999146322,1.4036371494787905,1.7095112913514543,0.0,1.7436566997104506,0.0,2.861493514236736,3.0964335525137607,0.0,0.0,0.1564542430768555,0.4199802668539,0.7066546953010958,0.0,0.0,0.0,1,dos
BoT_adv_source_214,BoT-IoT,DoS,known,clean,adv_source,False,False,0.219626282126097,-0.572439384410403,0.0,-0.4999999999999999,0.6931471805599453,-0.0630546153101017,4.110873864173311,-0.5144037373604071,-0.6864927330524172,0.0,0.0,-0.8472463435500079,-0.6020097978768224,-0.2542471055470144,0.0,-1.0,-1.3065713500137477,1,dos
BoT_adv_source_215,BoT-IoT,DoS,known,clean,adv_source,False,False,-0.1972944013349736,-0.2622561705324296,-0.798644410998854,0.0,0.0,-0.7749639548858611,0.0,0.0130615235982232,0.0793886645708426,0.0,0.0,0.1431233955840024,0.3156941328315826,0.9376367212040018,0.0,0.0,0.0,1,dos
BoT_adv_source_216,BoT-IoT,DoS,known,clean,adv_source,False,False,-0.2310035117885328,-0.2622561705324296,-0.798644410998854,0.0,0.0,-0.7749639548858611,0.0,0.0457807663145843,0.1140447224648674,0.0,0.0,0.101999666023071,0.2865217537280468,0.8992590102935692,0.0,0.0,0.0,1,dos
BoT_adv_source_217,BoT-IoT,DoS,known,clean,adv_source,False,False,0.1290019830363212,1.50956673225763,0.8794840812359668,1.284270648697022,0.0,1.1442134824861805,0.0,1.595385642826857,1.755378440938081,0.0,0.0,0.1577792590324505,0.4748075925422508,0.7397642030667956,0.0,0.0,0.0,1,dos
BoT_adv_source_218,BoT-IoT,DoS,known,clean,adv_source,False,False,-3.4752496229526355,-1.4415057553718051,-1.2850438315776818,-1.3547556456757268,0.6931471805599453,-1.8721892999651788,4.110873864173311,15.486958423821022,-1.1236916423550465,0.0,0.0342787750078668,-0.85130274619615,-0.5923242486698229,-0.274325074151263,0.0,-1.0,-1.3065713500137477,1,dos
BoT_adv_source_219,BoT-IoT,DoS,known,clean,adv_source,False,False,0.2480935882177448,0.0,0.0701354440243443,-0.2248301433933957,1.0986122886681096,-0.1891468228001862,4.795790545596741,-0.1655415899689204,-0.4950195749875412,0.0364351061809765,0.069810742025687,-0.8248997860824977,-0.5649531341648155,-0.2569445310014098,0.0,-1.0,-1.3065713500137477,1,dos
BoT_adv_source_220,BoT-IoT,DoS,known,clean,adv_source,False,False,-0.0756105765378064,0.0,-0.5358836503280104,0.1900911776928238,0.0,-0.4744598363754693,0.0,0.1317465139355404,0.2050992114786133,0.0,2.321574877229211,0.2100999402342451,0.6783978368733807,-0.0030318099355171,0.0,0.0,0.0,1,dos
BoT_adv_source_221,BoT-IoT,DoS,known,clean,adv_source,False,False,-1.5936128973162138,-1.4415057553718051,-2.11603507540802,-0.8547556456757273,0.0,-2.2815866307046857,0.0,0.0020479969145499,0.0677231923080658,0.0,2.7794074877611283,0.1468590470098922,0.7972407634131317,-0.274325074151263,0.0,0.0,0.0,1,dos
BoT_adv_source_222,BoT-IoT,DoS,known,clean,adv_source,False,False,-1.921213658844565,-1.4415057553718051,-2.11603507540802,-0.8547556456757273,0.0,-2.2815866307046857,0.0,0.4348079600919892,0.5261003762822491,0.0,1.9289510431371617,-0.1623771377510348,0.3667456415415371,-0.274325074151263,0.0,0.0,0.0,1,dos
BoT_adv_source_223,BoT-IoT,DoS,known,clean,adv_source,False,False,0.2985435495359647,0.0,-0.5358836503280104,0.1900911776928238,0.0,-0.4744598363754693,0.0,-0.2053328965136688,-0.1519336106034857,0.0,0.0,0.209755182685658,0.1291120842389038,1.094040406080869,0.0,0.0,0.0,1,dos
BoT_adv_source_224,BoT-IoT,DoS,known,clean,adv_source,False,False,-0.2454970862592438,0.916993414306946,0.3385162147166241,0.8547556456757273,0.0,0.5255401636245307,0.0,1.4700661496089955,1.6226406618318332,0.0,2.4092164019604203,0.2038903033049545,0.785929094043743,-0.0437132494048342,0.0,0.0,0.0,1,dos
BoT_adv_source_225,BoT-IoT,DoS,known,clean,adv_source,False,False,0.4360124389427221,1.869066370961402,1.201756304501531,1.544846823368551,0.0,1.5127773811655485,0.0,1.501838664911905,1.6562939507945946,0.0,0.5483430279961568,0.1856125962093896,0.5070465464905588,0.4530514303102769,0.0,0.0,0.0,1,dos
BoT_adv_source_226,BoT-IoT,DoS,known,clean,adv_source,False,False,-1.6732181255174885,-0.2622561705324296,-0.798644410998854,0.0,0.0,-0.7749639548858611,0.0,2.68199629840989,2.9063110011626305,0.0,2.5496344270795848,0.0633108005415871,0.680931242348068,-0.274325074151263,0.0,0.0,0.0,1,dos
BoT_adv_source_227,BoT-IoT,DoS,known,clean,adv_source,False,False,0.6256876958677491,0.427560615589597,-0.1210160334322007,0.5000000000000001,0.0,0.0,0.0,-0.1714733457967759,-0.1160697441906015,0.0,0.0,-0.1158041939389022,-0.2648057003015671,0.628928498311387,0.0,0.0,0.0,1,dos
BoT_adv_source_228,BoT-IoT,DoS,known,clean,adv_source,False,False,-0.194969523768894,-0.572439384410403,-1.1200173616969509,-0.2248301433933957,0.0,-1.1424994081097612,0.0,-0.2519945281246469,-0.2013573769344556,0.0,0.0,-0.86376692077995,-0.6096759255462858,-0.274325074151263,0.0,0.0,0.0,1,dos
BoT_adv_source_229,BoT-IoT,DoS,known,clean,adv_source,False,False,-1.7545129368181347,-1.4415057553718051,-2.11603507540802,-0.8547556456757273,0.0,-2.2815866307046857,0.0,0.1949239083271625,0.2720163909686771,0.0,2.331046563571756,-0.016170373801316,0.5702835900957988,-0.274325074151263,0.0,0.0,0.0,1,dos
BoT_adv_source_230,BoT-IoT,DoS,known,clean,adv_source,False,False,0.5088009849027826,0.427560615589597,-0.1210160334322007,0.5000000000000001,0.0,0.0,0.0,-0.0745150992228479,-0.0133720553810454,0.0,0.0,0.2275276454821007,0.0842645875433626,0.8456652295583845,0.0,0.0,0.0,1,dos
BoT_adv_source_231,BoT-IoT,DoS,known,clean,adv_source,False,False,0.0188264385329642,0.0,-0.5358836503280104,0.1900911776928238,0.0,-0.4744598363754693,0.0,0.0369976046378005,0.1047416416386418,0.0,0.0,0.1289078704358454,0.014055805163883,0.8941283431822026,0.0,0.0,0.0,1,dos
BoT_adv_source_232,BoT-IoT,DoS,known,clean,adv_source,False,False,0.6546267264411014,-0.572439384410403,0.0,-0.4999999999999999,0.6931471805599453,-0.0630546153101017,4.110873864173311,-0.706000104908801,-0.8253707302716564,0.0,0.0,-0.8506290130370477,-0.6035792900678095,-0.2583582868110537,0.0,-1.0,-1.3065713500137477,1,dos
BoT_adv_source_233,BoT-IoT,DoS,known,clean,adv_source,False,False,0.1986426444313634,0.0,0.0701354440243443,-0.2248301433933957,1.0986122886681096,-0.1891468228001862,4.795790545596741,-0.1249371441850771,-0.4674659672915143,0.0378486184155227,0.0860747290621798,-0.8316364508310663,-0.5655259121706352,-0.2732517200242005,0.0,-1.0,-1.3065713500137477,1,dos
BoT_adv_source_234,BoT-IoT,DoS,known,clean,adv_source,False,False,-0.0848144170681824,0.2271766281849193,-0.3136178163556272,0.3547556456757271,0.0,-0.2202673978152947,0.0,0.3635221442071766,0.4505947973865766,0.0,0.0,-0.1179947713994605,0.161735365730825,0.5506017273093123,0.0,0.0,0.0,1,dos
BoT_adv_source_235,BoT-IoT,DoS,known,clean,adv_source,False,False,-0.7049283556556887,-0.952072956654456,-1.5338883780765302,-0.4999999999999999,0.0,-1.6158194907454704,0.0,-0.1885864500051029,-0.13419585839598,0.0,0.0,-0.2001893276866596,-0.1477847710056122,0.5810665317667406,0.0,0.0,0.0,1,dos
BoT_adv_source_236,BoT-IoT,DoS,known,clean,adv_source,False,False,0.1181020949317257,-0.2622561705324296,-0.798644410998854,0.0,0.0,-0.7749639548858611,0.0,-0.2532607473931935,-0.2026985500373202,0.0,0.0,-0.86376692077995,-0.6096759255462858,-0.274325074151263,0.0,0.0,0.0,1,dos
BoT_adv_source_237,BoT-IoT,DoS,known,clean,adv_source,False,False,0.2239245175433348,0.0,0.0701354440243443,-0.2248301433933957,1.0986122886681096,-0.1891468228001862,4.795790545596741,-0.1458979702177679,-0.4816953321840996,0.036999016242146,0.0805551823998046,-0.8252585473226135,-0.5624834738382639,-0.262443107002031,0.0,-1.0,-1.3065713500137477,1,dos
BoT_adv_source_238,BoT-IoT,DoS,known,clean,adv_source,False,False,-0.3383514098389448,-0.2622561705324296,-0.798644410998854,0.0,0.0,-0.7749639548858611,0.0,0.1561255960488757,0.2309214130633845,0.0,0.0,0.0259231669681813,0.2097264884453409,0.7987900840531411,0.0,0.0,0.0,1,dos
BoT_adv_source_239,BoT-IoT,DoS,known,clean,adv_source,False,False,-0.727230866604093,0.2271766281849193,-0.3136178163556272,0.3547556456757271,0.0,-0.2202673978152947,0.0,1.3577515987773685,1.5036776525193984,0.0,2.5053509006400603,0.1776798383796172,0.7493310240673519,-0.1061379896157429,0.0,0.0,0.0,1,dos
BoT_adv_source_240,BoT-IoT,DoS,known,clean,adv_source,False,False,-1.5304490123143504,-1.4415057553718051,-2.11603507540802,-0.8547556456757273,0.0,-2.2815866307046857,0.0,-0.0649471118917337,-0.0032376911553544,0.0,2.973550160003583,0.2174516560059861,0.8955144303079092,-0.274325074151263,0.0,0.0,0.0,1,dos
BoT_adv_source_241,BoT-IoT,DoS,known,clean,adv_source,False,False,-1.3294408753331504,-1.4415057553718051,-0.7607252375225291,-0.8547556456757273,0.0,-0.7315980132930074,0.0,-0.2507382917472187,-0.2000267776598286,0.0,0.0,-0.86376692077995,-0.6096759255462858,-0.274325074151263,0.0,-1.0,-1.0,1,dos
BoT_adv_source_242,BoT-IoT,DoS,known,clean,adv_source,False,False,0.5653139184946521,-0.572439384410403,0.0,-0.4999999999999999,0.6931471805599453,-0.0630546153101017,4.110873864173311,-0.6722826482886569,-0.8013967878238794,0.0,0.0,-0.8525986433645979,-0.6044933831143744,-0.260751986858432,0.0,-1.0,-1.3065713500137477,1,dos
BoT_adv_source_243,BoT-IoT,DoS,known,clean,adv_source,False,False,0.1830662686183077,0.427560615589597,-0.1210160334322007,0.5000000000000001,0.0,0.0,0.0,0.2468960222810043,0.3270649935806973,0.0,0.992825170086429,0.1879516572563156,0.4683281767324947,0.3913355737380101,0.0,0.0,0.0,1,dos
BoT_adv_source_244,BoT-IoT,DoS,known,clean,adv_source,False,False,-0.4030940179217475,-0.2622561705324296,-0.798644410998854,0.0,0.0,-0.7749639548858611,0.0,0.2274311843924754,0.3064479348483034,0.0,0.0,-0.0340001850487809,0.1594263060444788,0.7328283755174971,0.0,0.0,0.0,1,dos
BoT_adv_source_245,BoT-IoT,DoS,known,clean,adv_source,False,False,-1.6851412191434252,-1.4415057553718051,-2.11603507540802,-0.8547556456757273,0.0,-2.2815866307046857,0.0,0.1075896981974897,0.1795124333245288,0.0,2.51658683680735,0.0512942995250692,0.6642027825994932,-0.274325074151263,0.0,0.0,0.0,1,dos
BoT_adv_source_246,BoT-IoT,DoS,known,clean,adv_source,False,False,-0.7574008710347826,-0.952072956654456,-1.5338883780765302,-0.4999999999999999,0.0,-1.6158194907454704,0.0,-0.1441462827217901,-0.0871250559467379,0.0,0.0,0.049158847707354,0.0257768669166858,0.902491107077676,0.0,0.0,0.0,1,dos
BoT_adv_source_247,BoT-IoT,DoS,known,clean,adv_source,False,False,-1.7546093410242087,-1.4415057553718051,-2.11603507540802,-0.8547556456757273,0.0,-2.2815866307046857,0.0,0.1950538978044114,0.2721540751714627,0.0,2.330796536482941,-0.0162612866558434,0.5701570281269276,-0.274325074151263,0.0,0.0,0.0,1,dos
BoT_adv_source_248,BoT-IoT,DoS,known,clean,adv_source,False,False,0.5654018712512183,-0.2622561705324296,0.3730909115748955,-0.2248301433933957,0.6931471805599453,0.4116576001912967,4.110873864173311,-0.5297900312060724,-0.6444550070973616,0.0,0.0,-0.8270261243866784,-0.5968891439382463,-0.2333089636674212,0.0,-1.0,-1.3065713500137477,1,dos
BoT_adv_source_249,BoT-IoT,DoS,known,clean,adv_source,False,False,0.1518404213210306,-0.952072956654456,-0.176150980549795,-0.4999999999999999,0.0,-0.0630546153101017,0.0,-0.6845745726280424,-0.6595439919508568,0.0,0.0,0.1729745980259794,0.1119603071959144,1.062097089264754,0.0,-1.0,-1.0,1,dos
BoT_adv_source_250,BoT-IoT,DoS,known,clean,adv_source,False,False,0.217421041964037,0.6068102004289732,0.0489154578359224,0.6299255022823318,0.0,0.1943407107678919,0.0,0.3761472611033108,0.4639672579249885,0.0,0.0,0.0104855418831241,0.2245862251376515,0.5183609888210425,0.0,0.0,0.0,1,dos
BoT_adv_source_251,BoT-IoT,DoS,known,clean,adv_source,False,False,0.2229043699071974,1.606810200428972,0.9670336735477508,1.3547556456757268,0.0,1.244338832239425,0.0,1.549297694762188,1.70656231734402,0.0,0.0,0.2278592884624307,0.5811638966666391,0.8287660625253133,0.0,0.0,0.0,1,dos
BoT_adv_source_252,BoT-IoT,DoS,known,clean,adv_source,False,False,0.5087882587119639,0.6068102004289732,0.0489154578359224,0.6299255022823318,0.0,0.1943407107678919,0.0,0.0605712170938205,0.1297106937994553,0.0,0.0,0.075271953634444,0.3428780346442502,0.6293800749542727,0.0,0.0,0.0,1,dos
BoT_adv_source_253,BoT-IoT,DoS,known,clean,adv_source,False,False,-0.2289413306161667,-0.2622561705324296,-0.798644410998854,0.0,0.0,-0.7749639548858611,0.0,0.0437554468238636,0.1118995142113398,0.0,0.0,0.1090392995264584,0.2893930703763454,0.903050420280032,0.0,0.0,0.0,1,dos
BoT_adv_source_254,BoT-IoT,DoS,known,clean,adv_source,False,False,0.4605721142928249,0.427560615589597,-0.1210160334322007,0.5000000000000001,0.0,0.0,0.0,-0.0318542775960879,0.0318140730669815,0.0,0.0,-0.0077559334391205,0.078650682312903,0.7674805791241217,0.0,0.0,0.0,1,dos
BoT_adv_source_255,BoT-IoT,DoS,known,clean,adv_source,False,False,0.1974502764899645,0.0,0.0701354440243443,-0.2248301433933957,1.0986122886681096,-0.1891468228001862,4.795790545596741,-0.1239364274208557,-0.4667838497880973,0.0381287710475887,0.0878408128264508,-0.8268349628832711,-0.5617367891661715,-0.26789010699014,0.0,-1.0,-1.3065713500137477,1,dos
BoT_adv_source_256,BoT-IoT,DoS,known,clean,adv_source,False,False,0.6465120623376791,-0.572439384410403,0.0,-0.4999999999999999,0.6931471805599453,-0.0630546153101017,4.110873864173311,-0.703041661367271,-0.82366611495396,0.0,0.0,-0.8532443691406428,-0.6047929234221181,-0.2615365153154252,0.0,-1.0,-1.3065713500137477,1,dos
BoT_adv_source_257,BoT-IoT,DoS,known,clean,adv_source,False,False,0.775589444529994,-0.572439384410403,0.0,-0.4999999999999999,0.6931471805599453,-0.0630546153101017,4.110873864173311,-0.7477192361700842,-0.8559421511078645,0.0,0.0,-0.8308746944680695,-0.5944126758774279,-0.2343496529865591,0.0,-1.0,-1.3065713500137477,1,dos
BoT_adv_source_258,BoT-IoT,DoS,known,clean,adv_source,False,False,-0.1742554106988431,-0.572439384410403,-1.1200173616969509,-0.2248301433933957,0.0,-1.1424994081097612,0.0,-0.2674121829594024,-0.2176876796610587,0.0,0.0,-0.1330465169846162,-0.2705913461010326,0.6137468124949765,0.0,0.0,0.0,1,dos
BoT_adv_source_259,BoT-IoT,DoS,known,clean,adv_source,False,False,0.3552006096867099,0.2271766281849193,-0.3136178163556272,0.3547556456757271,0.0,-0.2202673978152947,0.0,-0.0883343066735457,-0.0280092906499852,0.0,0.0,-0.0290779986168575,-0.1518573433095521,0.7642754164798826,0.0,0.0,0.0,1,dos
BoT_adv_source_260,BoT-IoT,DoS,known,clean,adv_source,False,False,0.7452121726977677,-0.952072956654456,-0.176150980549795,-0.4999999999999999,0.0,-0.0630546153101017,0.0,-0.8631346091048253,-0.8486738876316089,0.0,0.0,-0.86376692077995,-0.6096759255462858,-0.274325074151263,0.0,-1.0,-1.0,1,dos
BoT_adv_source_261,BoT-IoT,DoS,known,clean,adv_source,False,False,-0.712760477443611,-0.952072956654456,-1.5338883780765302,-0.4999999999999999,0.0,-1.6158194907454704,0.0,-0.182085708419308,-0.1273103054904799,0.0,0.0,-0.2216383152114265,-0.1627144416953919,0.5534177775924861,0.0,0.0,0.0,1,dos
BoT_adv_source_262,BoT-IoT,DoS,known,clean,adv_source,False,False,0.5554920723533181,0.427560615589597,-0.1210160334322007,0.5000000000000001,0.0,0.0,0.0,-0.114312976275845,-0.0555257672858221,0.0,0.0,0.0685799673302766,0.0100961793602803,0.7832324664121962,0.0,0.0,0.0,1,dos
BoT_adv_source_263,BoT-IoT,DoS,known,clean,adv_source,False,False,-0.7032486448366007,-0.572439384410403,-1.1200173616969509,-0.2248301433933957,0.0,-1.1424994081097612,0.0,0.2244532800921101,0.3032937535388222,0.0,2.722244204025161,0.1436770971014302,0.7805581011496251,-0.2516333478462501,0.0,0.0,0.0,1,dos
BoT_adv_source_264,BoT-IoT,DoS,known,clean,adv_source,False,False,-0.8128883099901256,-1.4415057553718051,-0.7607252375225291,-0.8547556456757273,0.0,-0.7315980132930074,0.0,-0.5854916581633478,-0.5545958655603855,0.0,0.0,-0.86376692077995,-0.6096759255462858,-0.274325074151263,0.0,-1.0,-1.0,1,dos
BoT_adv_source_265,BoT-IoT,DoS,known,clean,adv_source,False,False,-0.1600803235480277,0.0,-0.5358836503280104,0.1900911776928238,0.0,-0.4744598363754693,0.0,0.2226604322709997,0.3013947781125815,0.0,2.2749194556684094,-0.030996948917923,0.5464435235780459,-0.2681972707979912,0.0,0.0,0.0,1,dos
BoT_adv_source_266,BoT-IoT,DoS,known,clean,adv_source,False,False,0.6204628376883737,-0.572439384410403,0.0,-0.4999999999999999,0.6931471805599453,-0.0630546153101017,4.110873864173311,-0.6934098557383022,-0.8166930748115163,0.0,0.0,-0.8557476957120085,-0.6059545704420245,-0.2645789269868477,0.0,-1.0,-1.3065713500137477,1,dos
BoT_adv_source_267,BoT-IoT,DoS,known,clean,adv_source,False,False,0.6741438469833213,-0.572439384410403,0.0,-0.4999999999999999,0.6931471805599453,-0.0630546153101017,4.110873864173311,-0.7130319564520237,-0.8308869721429251,0.0,0.0,-0.8549737139040263,-0.6055956171806789,-0.263638524358706,0.0,-1.0,-1.3065713500137477,1,dos
BoT_adv_source_268,BoT-IoT,DoS,known,clean,adv_source,False,False,-3.3744367476103827,-0.952072956654456,-0.9292374101884822,-0.8547556456757273,0.6931471805599453,-1.3312305327106402,4.110873864173311,13.796216557576836,10.938849716429122,0.0,0.0942754953126798,-0.8294872176026402,-0.5619543272202457,-0.274325074151263,0.0,-1.0,-1.3065713500137477,1,dos
BoT_adv_source_269,BoT-IoT,DoS,known,clean,adv_source,False,False,0.0916490924775553,0.427560615589597,-0.1210160334322007,0.5000000000000001,0.0,0.0,0.0,0.3523381204053216,0.4387487354307653,0.0,1.9722277367764935,-0.0229243764536818,0.444116160369796,-0.1480492304500766,0.0,0.0,0.0,1,dos
BoT_adv_source_270,BoT-IoT,DoS,known,clean,adv_source,False,False,0.2122598458418259,-0.572439384410403,0.2389373166196673,-0.2248301433933957,0.0,0.4116576001912967,0.0,-0.5105027606884146,-0.4751680012045625,0.0,0.0,-0.86376692077995,-0.6096759255462858,-0.274325074151263,0.0,-1.0,-1.0,1,dos
BoT_adv_source_271,BoT-IoT,DoS,known,clean,adv_source,False,False,0.364839937474798,0.0,-0.5358836503280104,0.1900911776928238,0.0,-0.4744598363754693,0.0,-0.2552212779437907,-0.2047751341701958,0.0,0.0,-0.0329110090409944,-0.0590360526776288,0.747998026930988,0.0,0.0,0.0,1,dos
BoT_adv_source_272,BoT-IoT,DoS,known,clean,adv_source,False,False,0.5813520478516826,1.406426213024295,0.7862884042833839,1.2095112913514543,0.0,1.0376310358525391,0.0,0.7044258401737253,0.8116782835210538,0.0,1.969039127252632,0.0986174410976671,0.4978573430001096,-0.0597058247512997,0.0,0.0,0.0,1,dos
BoT_adv_source_273,BoT-IoT,DoS,known,clean,adv_source,False,False,0.1008683879188362,0.0,-0.5358836503280104,0.1900911776928238,0.0,-0.4744598363754693,0.0,-0.0397682705337505,0.0234316114128982,0.0,0.0,0.145460900665203,0.0163462983022284,0.8944578565954758,0.0,0.0,0.0,1,dos
BoT_adv_source_274,BoT-IoT,DoS,known,clean,adv_source,False,False,-2.080800750954225,-0.572439384410403,-1.1200173616969509,-0.2248301433933957,0.0,-1.1424994081097612,0.0,3.206553729398198,3.4619196029467245,0.0,1.59560013455003,-0.2835875346028717,0.1980057361350047,-0.274325074151263,0.0,0.0,0.0,1,dos
BoT_adv_source_275,BoT-IoT,DoS,known,clean,adv_source,False,False,0.595032856231606,1.50956673225763,0.8794840812359668,1.284270648697022,0.0,1.1442134824861805,0.0,0.7946437297335772,0.9072366199644436,0.0,1.5408698772528997,0.1706773257728217,0.5694217928261023,0.1338497811386235,0.0,0.0,0.0,1,dos
BoT_adv_source_276,BoT-IoT,DoS,known,clean,adv_source,False,False,0.6256450130493556,-0.952072956654456,-0.176150980549795,-0.4999999999999999,0.0,-0.0630546153101017,0.0,-0.8342636078841048,-0.8180938678421096,0.0,0.0,-0.86376692077995,-0.6096759255462858,-0.274325074151263,0.0,-1.0,-1.0,1,dos
BoT_adv_source_277,BoT-IoT,DoS,known,clean,adv_source,False,False,-0.023017091395358,0.2271766281849193,-0.3136178163556272,0.3547556456757271,0.0,-0.2202673978152947,0.0,0.2904761499042531,0.3732248463325788,0.0,0.0,-0.0465010359675369,0.2133859550562667,0.6069823319205804,0.0,0.0,0.0,1,dos
BoT_adv_source_278,BoT-IoT,DoS,known,clean,adv_source,False,False,-0.0337685017015034,0.2271766281849193,-0.3136178163556272,0.3547556456757271,0.0,-0.2202673978152947,0.0,0.3029397130307754,0.3864261899279367,0.0,0.0,-0.0686168659460508,0.198829162538833,0.590763968252672,0.0,0.0,0.0,1,dos
BoT_adv_source_279,BoT-IoT,DoS,known,clean,adv_source,False,False,0.2200210611707703,1.869066370961402,1.201756304501531,1.544846823368551,0.0,1.5127773811655485,0.0,1.941398576049577,2.1218736055664387,0.0,2.168338837444338,0.2234454582610805,0.6781267652725714,0.0051825296572816,0.0,0.0,0.0,1,dos
BoT_adv_source_280,BoT-IoT,DoS,known,clean,adv_source,False,False,-0.0375651177476737,2.165693357512401,1.465117099328905,1.7598510045646625,0.0,1.8139677236571168,0.0,3.081545377784986,3.329511383468657,0.0,0.0,0.1212236225605026,0.4443946585898056,0.7041933733706456,0.0,0.0,0.0,1,dos
BoT_adv_source_281,BoT-IoT,DoS,known,clean,adv_source,False,False,0.0726666180124467,-0.2622561705324296,-0.798644410998854,0.0,0.0,-0.7749639548858611,0.0,-0.2190031035063658,-0.1664130253341119,0.0,0.0,-0.86376692077995,-0.6096759255462858,-0.274325074151263,0.0,0.0,0.0,1,dos
BoT_adv_source_282,BoT-IoT,DoS,known,clean,adv_source,False,False,0.3941844367995118,0.0,-0.5358836503280104,0.1900911776928238,0.0,-0.4744598363754693,0.0,-0.2764617938254803,-0.2272729821331225,0.0,0.0,0.1522978140626515,0.0858421252384834,1.0140941482859067,0.0,0.0,0.0,1,dos
BoT_adv_source_283,BoT-IoT,DoS,known,clean,adv_source,False,False,0.1562494864640097,0.0,0.0701354440243443,-0.2248301433933957,1.0986122886681096,-0.1891468228001862,4.795790545596741,-0.0888244348966492,-0.4428996756865739,0.039317823822503,0.0818181554205674,-0.825881822736049,-0.5625976581084678,-0.2638385246738927,0.0,-1.0,-1.3065713500137477,1,dos
BoT_adv_source_284,BoT-IoT,DoS,known,clean,adv_source,False,False,-1.1893696793176596,-0.952072956654456,-1.5338883780765302,-0.4999999999999999,0.0,-1.6158194907454704,0.0,0.3134711560065361,0.3975810415435297,0.0,0.0,-0.2160579552776551,-0.1588303198536584,0.5606109121375406,0.0,0.0,0.0,1,dos
BoT_adv_source_285,BoT-IoT,DoS,known,clean,adv_source,False,False,0.9987831268612668,0.0,0.8242906523192031,0.1900911776928238,0.0,1.0810919849617653,0.0,-0.6173384749455791,-0.5883278542776402,0.0,0.0,-0.86376692077995,-0.6096759255462858,-0.274325074151263,0.0,-1.0,-1.0,1,dos
BoT_adv_source_286,BoT-IoT,DoS,known,clean,adv_source,False,False,0.5049365047713392,0.2271766281849193,-0.3136178163556272,0.3547556456757271,0.0,-0.2202673978152947,0.0,-0.2099389275109314,-0.1568122955500351,0.0,0.0,0.1007366664156744,-0.3858911563973284,0.6523783920003311,0.0,0.0,0.0,1,dos
BoT_adv_source_287,BoT-IoT,DoS,known,clean,adv_source,False,False,0.6358495839853939,0.0,-0.5358836503280104,0.1900911776928238,0.0,-0.4744598363754693,0.0,-0.4333433000568119,-0.3934410872322103,0.0,0.0,-0.86376692077995,-0.6096759255462858,-0.274325074151263,0.0,0.0,0.0,1,dos
BoT_adv_source_288,BoT-IoT,DoS,known,clean,adv_source,False,False,0.5965999545454775,1.6987946303229018,1.0495823929787085,1.4214287331857036,0.0,1.3387449760769972,0.0,1.004916851913752,1.1299568570740133,0.0,2.284430266054192,0.2396019395112766,0.7743175749241441,0.0056954244483766,0.0,0.0,0.0,1,dos
BoT_adv_source_289,BoT-IoT,DoS,known,clean,adv_source,False,False,0.1236537435327675,0.0,0.0701354440243443,-0.2248301433933957,1.0986122886681096,-0.1891468228001862,4.795790545596741,-0.0602137261902709,-0.4233956717748726,0.04048817880999,0.0616674392136923,-0.838788558428319,-0.5766816225368186,-0.2710310861521414,0.0,-1.0,-1.3065713500137477,1,dos
BoT_adv_source_290,BoT-IoT,DoS,known,clean,adv_source,False,False,1.1080084604195102,0.2271766281849193,0.9151426769368184,0.1900911776928238,0.6931471805599453,1.0810919849617653,4.110873864173311,-0.5749585612683287,-0.6363280283513478,0.0,0.0,-0.840000433447595,-0.6041616607900964,-0.251490081144827,0.0,-1.0,-1.3065713500137477,1,dos
BoT_adv_source_291,BoT-IoT,DoS,known,clean,adv_source,False,False,-0.0359559669898036,2.165693357512401,1.465117099328905,1.7598510045646625,0.0,1.8139677236571168,0.0,3.077138192484505,3.3248433148875094,0.0,0.0,0.1293177562640818,0.449228149919305,0.7155962566703185,0.0,0.0,0.0,1,dos
BoT_adv_source_292,BoT-IoT,DoS,known,clean,adv_source,False,False,0.1813841801285374,0.6068102004289732,0.0489154578359224,0.6299255022823318,0.0,0.1943407107678919,0.0,0.420142629534833,0.5105669316597772,0.0,0.0,-0.0296417027710916,0.1927151982822229,0.4927024956629586,0.0,0.0,0.0,1,dos
BoT_adv_source_293,BoT-IoT,DoS,known,clean,adv_source,False,False,0.6355356618945627,0.2271766281849193,-0.3136178163556272,0.3547556456757271,0.0,-0.2202673978152947,0.0,-0.3047748893732838,-0.2572620710301306,0.0,0.0,0.0877354613757903,-0.3889076015624987,0.6398866817698423,0.0,0.0,0.0,1,dos
BoT_adv_source_294,BoT-IoT,DoS,known,clean,adv_source,False,False,-0.0199729252926793,-1.4415057553718051,-0.7607252375225291,-0.8547556456757273,0.0,-0.7315980132930074,0.0,-0.8620646826722788,-0.8475406269168021,0.0,0.0,-0.86376692077995,-0.6096759255462858,-0.274325074151263,0.0,-1.0,-1.0,1,dos
BoT_adv_source_295,BoT-IoT,DoS,known,clean,adv_source,False,False,0.976668699578716,0.6068102004289732,0.6553919913501829,0.1900911776928238,1.3862943611198906,0.4798958976558779,5.198497031265826,-0.3196744528081556,-0.5780657470588028,0.0375086715229315,0.0748834187567082,-0.8331708553171377,-0.5696470669418434,-0.2707342375467927,0.0,-1.0,-1.3065713500137477,1,dos
BoT_adv_source_296,BoT-IoT,DoS,known,clean,adv_source,False,False,0.0284566935891093,-0.952072956654456,-0.176150980549795,-0.4999999999999999,0.0,-0.0630546153101017,0.0,-0.6341700507393786,-0.6061557749973915,0.0,0.0,0.112385737240178,0.0697870122973984,0.9839949604505108,0.0,-1.0,-1.0,1,dos
BoT_adv_source_297,BoT-IoT,DoS,known,clean,adv_source,False,False,-0.0277821151131319,0.0,-0.5358836503280104,0.1900911776928238,0.0,-0.4744598363754693,0.0,0.0828812541726077,0.1533413732538323,0.0,2.849748849623225,0.1966130516072152,0.8508399119512404,-0.248706122602772,0.0,0.0,0.0,1,dos
BoT_adv_source_298,BoT-IoT,DoS,known,clean,adv_source,False,False,0.0644316250219066,0.0,-0.5358836503280104,0.1900911776928238,0.0,-0.4744598363754693,0.0,-0.0062877821733956,0.0588939768776247,0.0,0.0,0.1706651003278364,0.0788298495011091,1.0034116099609895,0.0,0.0,0.0,1,dos
BoT_adv_source_299,BoT-IoT,DoS,known,clean,adv_source,False,False,0.6710658651982544,-0.572439384410403,0.0,-0.4999999999999999,0.6931471805599453,-0.0630546153101017,4.110873864173311,-0.7119268984522834,-0.830093735485316,0.0,0.0,-0.8561166818697484,-0.6061260015685639,-0.265027638295705,0.0,-1.0,-1.3065713500137477,1,dos
BoT_adv_source_300,BoT-IoT,DoS,known,clean,adv_source,False,False,1.0216087479780658,0.2271766281849193,0.9151426769368184,0.1900911776928238,0.6931471805599453,1.0810919849617653,4.110873864173311,-0.5330364676310655,-0.598728348700252,0.0,0.0,-0.849466706640167,-0.6063580834185718,-0.2605852244179754,0.0,-1.0,-1.0,1,dos
BoT_adv_source_301,BoT-IoT,DoS,known,clean,adv_source,False,False,0.2530956635926554,0.0,0.0701354440243443,-0.2248301433933957,1.0986122886681096,-0.1891468228001862,4.795790545596741,-0.16956073878122,-0.4977398076587188,0.0360425913469293,0.0759905069176963,-0.8250027021011928,-0.5634606931480308,-0.2599737621363013,0.0,-1.0,-1.3065713500137477,1,dos
BoT_adv_source_302,BoT-IoT,DoS,known,clean,adv_source,False,False,-0.3557062262402569,-0.572439384410403,-1.1200173616969509,-0.2248301433933957,0.0,-1.1424994081097612,0.0,-0.1227130426591786,-0.0644230754973259,0.0,0.0,0.2191876691939068,-0.107140121892482,1.0418305816814324,0.0,0.0,0.0,1,dos
BoT_adv_source_303,BoT-IoT,DoS,known,clean,adv_source,False,False,0.9498914048795246,0.6068102004289732,0.6553919913501829,0.1900911776928238,1.3862943611198906,0.4798958976558779,5.198497031265826,-0.3014757215423528,-0.5653801596332367,0.0383126086434722,0.0812838677051043,-0.8275022498986538,-0.5651211614242213,-0.2665302194602312,0.0,-1.0,-1.3065713500137477,1,dos
BoT_adv_source_304,BoT-IoT,DoS,known,clean,adv_source,False,False,-0.0901796518195826,-0.2622561705324296,-0.798644410998854,0.0,0.0,-0.7749639548858611,0.0,-0.0851730573447504,-0.0246609112053291,0.0,0.0,0.1504213193978078,-0.2567069720636888,0.8578732717200557,0.0,0.0,0.0,1,dos
BoT_adv_source_305,BoT-IoT,DoS,known,clean,adv_source,False,False,0.2735304587775278,0.6068102004289732,0.0489154578359224,0.6299255022823318,0.0,0.1943407107678919,0.0,0.3099277146974795,0.393827846268954,0.0,0.0,0.2143026036585755,0.3204889438527474,0.6819469199736561,0.0,0.0,0.0,1,dos
BoT_adv_source_306,BoT-IoT,DoS,known,clean,adv_source,False,False,0.4378632048650433,0.6068102004289732,0.0489154578359224,0.6299255022823318,0.0,0.1943407107678919,0.0,0.1311572219482051,0.2044750363592006,0.0,0.0,0.1931592522584426,0.4099441193321549,0.7219647480819812,0.0,0.0,0.0,1,dos
BoT_adv_source_307,BoT-IoT,DoS,known,clean,adv_source,False,False,0.8081883993273307,0.2271766281849193,1.0469053818404443,0.3547556456757271,0.0,1.3356834349614488,0.0,-0.4157644563673621,-0.3748216641027455,0.0,0.0,-0.86376692077995,-0.6096759255462858,-0.274325074151263,0.0,-1.0,-1.0,1,dos
BoT_adv_source_308,BoT-IoT,DoS,known,clean,adv_source,False,False,0.2540013953476999,-0.952072956654456,-0.176150980549795,-0.4999999999999999,0.0,-0.0630546153101017,0.0,-0.7223440598901617,-0.699549243555568,0.0,0.0,-0.86376692077995,-0.6096759255462858,-0.274325074151263,0.0,-1.0,-1.0,1,dos
BoT_adv_source_309,BoT-IoT,DoS,known,clean,adv_source,False,False,-0.2486072919789299,-0.2622561705324296,-0.798644410998854,0.0,0.0,-0.7749639548858611,0.0,0.0632282958930882,0.1325250583461738,0.0,0.0,0.0841282882626558,0.2689967890702445,0.8763122692600231,0.0,0.0,0.0,1,dos
BoT_adv_source_310,BoT-IoT,DoS,known,clean,adv_source,False,False,0.6877267037916232,-0.2622561705324296,0.1569988683812714,-0.4999999999999999,1.0986122886681096,-0.0630546153101017,4.795790545596741,-0.5890688359085235,-0.8341352014189267,0.0492700490062827,0.0,-0.8530247556925422,-0.6011337662536589,-0.2626797835927821,0.0,-1.0,-1.3065713500137477,1,dos
BoT_adv_source_311,BoT-IoT,DoS,known,clean,adv_source,False,False,0.6956458632857412,-0.952072956654456,-0.176150980549795,-0.4999999999999999,0.0,-0.0630546153101017,0.0,-0.8515383226094502,-0.8363911590971107,0.0,0.0,-0.86376692077995,-0.6096759255462858,-0.274325074151263,0.0,-1.0,-1.0,1,dos
BoT_adv_source_312,BoT-IoT,DoS,known,clean,adv_source,False,False,0.8308887310404945,0.2271766281849193,1.0469053818404443,0.3547556456757271,0.0,1.3356834349614488,0.0,-0.4292325110286424,-0.3890869600971368,0.0,0.0,-0.86376692077995,-0.6096759255462858,-0.274325074151263,0.0,-1.0,-1.0,1,dos
BoT_adv_source_313,BoT-IoT,DoS,known,clean,adv_source,False,False,0.2143615675653013,0.0,0.0701354440243443,-0.2248301433933957,1.0986122886681096,-0.1891468228001862,4.795790545596741,-0.1380196437111935,-0.4763513258230547,0.0373179424943585,0.0972770430048121,-0.8267518298573707,-0.5592906464670876,-0.2722058731038114,0.0,-1.0,-1.3065713500137477,1,dos
BoT_adv_source_314,BoT-IoT,DoS,known,clean,adv_source,False,False,1.0923308658387034,0.0,0.8242906523192031,0.1900911776928238,0.0,1.0810919849617653,0.0,-0.6564054887709452,-0.6297074395148481,0.0,0.0,-0.86376692077995,-0.6096759255462858,-0.274325074151263,0.0,-1.0,-1.0,1,dos
BoT_adv_source_315,BoT-IoT,DoS,known,clean,adv_source,False,False,0.4331060948962766,0.2271766281849193,-0.3136178163556272,0.3547556456757271,0.0,-0.2202673978152947,0.0,-0.1534011358203094,-0.0969277499627151,0.0,0.0,0.2075799426015358,-0.104898211221405,0.9017174668899908,0.0,0.0,0.0,1,dos
BoT_adv_source_316,BoT-IoT,DoS,known,clean,adv_source,False,False,0.2493569848456644,0.2271766281849193,-0.3136178163556272,0.3547556456757271,0.0,-0.2202673978152947,0.0,0.0067210547521284,0.0726728717479345,0.0,0.0,0.0704186742560747,-0.1262949200222736,0.8273419915131672,0.0,0.0,0.0,1,dos
BoT_adv_source_317,BoT-IoT,DoS,known,clean,adv_source,False,False,-0.0755115288273802,0.2271766281849193,-0.3136178163556272,0.3547556456757271,0.0,-0.2202673978152947,0.0,0.352307604126269,0.4387164127409426,0.0,0.0,-0.1255856613312787,0.1549687873119923,0.5433054407392331,0.0,0.0,0.0,1,dos
BoT_adv_source_318,BoT-IoT,DoS,known,clean,adv_source,False,False,0.6084076075474003,-0.572439384410403,0.2389373166196673,-0.2248301433933957,0.0,0.4116576001912967,0.0,-0.6888752023789324,-0.6640991974279409,0.0,0.0,-0.86376692077995,-0.6096759255462858,-0.274325074151263,0.0,-1.0,-1.0,1,dos
BoT_adv_source_319,BoT-IoT,DoS,known,clean,adv_source,False,False,-0.5608218566279399,-1.4415057553718051,-0.7607252375225291,-0.8547556456757273,0.0,-0.7315980132930074,0.0,-0.6966886025442484,-0.6723751117217325,0.0,0.0,-0.86376692077995,-0.6096759255462858,-0.274325074151263,0.0,-1.0,-1.0,1,dos
BoT_adv_source_320,BoT-IoT,DoS,known,clean,adv_source,False,False,-0.0452427044511616,0.2271766281849193,-0.3136178163556272,0.3547556456757271,0.0,-0.2202673978152947,0.0,0.3163543272231459,0.400634882045506,0.0,0.0,-0.0485855854779495,0.1981901638451444,0.5920848872397937,0.0,0.0,0.0,1,dos
BoT_adv_source_321,BoT-IoT,DoS,known,clean,adv_source,False,False,-0.1980613348918073,-0.2622561705324296,-0.798644410998854,0.0,0.0,-0.7749639548858611,0.0,0.0137928371575883,0.0801632682275271,0.0,0.0,0.1400279129137097,0.3137372186723154,0.935040728574214,0.0,0.0,0.0,1,dos
BoT_adv_source_322,BoT-IoT,DoS,known,clean,adv_source,False,False,1.0754989297887807,0.2271766281849193,1.0469053818404443,0.3547556456757271,0.0,1.3356834349614488,0.0,-0.5595361837323167,-0.5271039571337001,0.0,0.0,-0.86376692077995,-0.6096759255462858,-0.274325074151263,0.0,-1.0,-1.0,1,dos
BoT_adv_source_323,BoT-IoT,DoS,known,clean,adv_source,False,False,0.4136761109185889,1.296626986550999,0.6866678997910894,1.1299255022823314,0.0,0.9237008896176592,0.0,0.8297709993860745,0.9444432479200238,0.0,2.0398530341994574,0.0892812021835756,0.5574804080370253,-0.0970124738018927,0.0,0.0,0.0,1,dos
BoT_adv_source_324,BoT-IoT,DoS,known,clean,adv_source,False,False,0.6400969544316187,-0.572439384410403,0.2389373166196673,-0.2248301433933957,0.0,0.4116576001912967,0.0,-0.7006886227381885,-0.6766119130627715,0.0,0.0,-0.86376692077995,-0.6096759255462858,-0.274325074151263,0.0,-1.0,-1.0,1,dos
BoT_adv_source_325,BoT-IoT,DoS,known,clean,adv_source,False,False,0.5043853184070806,0.427560615589597,-0.1210160334322007,0.5000000000000001,0.0,0.0,0.0,-0.0706756271091785,-0.009305305761951,0.0,0.0,0.0760454908807905,0.1192814065150326,0.8321408529440375,0.0,0.0,0.0,1,dos
BoT_adv_source_326,BoT-IoT,DoS,known,clean,adv_source,False,False,0.6005132523699473,1.406426213024295,0.7862884042833839,1.2095112913514543,0.0,1.0376310358525391,0.0,0.6775056281235198,0.7831645298434716,0.0,1.7939847089178826,0.1693174117288141,0.5876810644573299,0.0629264601992925,0.0,0.0,0.0,1,dos
BoT_adv_source_327,BoT-IoT,DoS,known,clean,adv_source,False,False,0.9177918540033314,0.6068102004289732,1.308455782497228,0.5000000000000001,0.6931471805599453,1.5562502354944958,4.110873864173311,-0.2791370963113773,-0.3347863968104633,0.0,0.0,-0.0627955536056588,-0.4475540661745809,0.4462474081262879,0.0,-1.0,-1.0,1,dos
BoT_adv_source_328,BoT-IoT,DoS,known,clean,adv_source,False,False,0.6982828307190259,-0.572439384410403,0.0,-0.4999999999999999,0.6931471805599453,-0.0630546153101017,4.110873864173311,-0.7215639518663338,-0.8370538295367973,0.0,0.0,-0.852087842045028,-0.6042563501848995,-0.2601307824410611,0.0,-1.0,-1.3065713500137477,1,dos
BoT_adv_source_329,BoT-IoT,DoS,known,clean,adv_source,False,False,-0.0460985153506491,-0.952072956654456,-0.504198313864275,-0.8547556456757273,0.6931471805599453,-0.7315980132930074,4.110873864173311,-0.6009334496510265,-0.8402825396396777,0.0,0.0,-0.8526717737536923,-0.6019528604629537,-0.2600224728147852,0.0,-1.0,-1.3065713500137477,1,dos
BoT_adv_source_330,BoT-IoT,DoS,known,clean,adv_source,False,False,-1.178848819505206,-0.952072956654456,-1.5338883780765302,-0.4999999999999999,0.0,-1.6158194907454704,0.0,0.3000716957809389,0.3833884004316139,0.0,0.0,-0.2083594814299658,-0.1534717046582076,0.5705347100117206,0.0,0.0,0.0,1,dos
BoT_adv_source_331,BoT-IoT,DoS,known,clean,adv_source,False,False,-0.0983401423486382,-1.4415057553718051,-0.7607252375225291,-0.8547556456757273,0.0,-0.7315980132930074,0.0,-0.8429482214947495,-0.8272925670506104,0.0,0.0,-0.86376692077995,-0.6096759255462858,-0.274325074151263,0.0,-1.0,-1.0,1,dos
BoT_adv_source_332,BoT-IoT,DoS,known,clean,adv_source,False,False,0.6284607458603577,0.427560615589597,-0.1210160334322007,0.5000000000000001,0.0,0.0,0.0,-0.1736640750763111,-0.118390153663396,0.0,0.0,0.2070884797131243,0.1035230488994911,0.8468268359735236,0.0,0.0,0.0,1,dos
BoT_adv_source_333,BoT-IoT,DoS,known,clean,adv_source,False,False,1.0341667671411492,0.0,0.6693759998096241,0.0,0.6931471805599453,0.7800296190895465,4.110873864173311,-0.6324784121960946,-0.7046881759668424,0.0,0.0,-0.0498559203523373,-0.3145990159420117,0.6223754793882913,0.0,-1.0,-1.3065713500137477,1,dos
BoT_adv_source_334,BoT-IoT,DoS,known,clean,adv_source,False,False,-0.0437136673701441,-1.4415057553718051,-0.7607252375225291,-0.8547556456757273,0.0,-0.7315980132930074,0.0,-0.8564158002906616,-0.8415573590107888,0.0,0.0,-0.86376692077995,-0.6096759255462858,-0.274325074151263,0.0,-1.0,-1.0,1,dos
BoT_adv_source_335,BoT-IoT,DoS,known,clean,adv_source,False,False,-0.7138116767905818,-0.2622561705324296,-0.798644410998854,0.0,0.0,-0.7749639548858611,0.0,0.6257997734362136,0.7283979477120557,0.0,2.0079742747189453,0.1774193252610202,0.6232654009128861,0.1266537812595405,0.0,0.0,0.0,1,dos
BoT_adv_source_336,BoT-IoT,DoS,known,clean,adv_source,False,False,0.6359435831961753,0.2271766281849193,-0.3136178163556272,0.3547556456757271,0.0,-0.2202673978152947,0.0,-0.3050588839394636,-0.2575628766512275,0.0,0.0,0.0902156707420927,-0.3883323480169456,0.6422700666147181,0.0,0.0,0.0,1,dos
BoT_adv_source_337,BoT-IoT,DoS,known,clean,adv_source,False,False,0.5955082853170086,1.6987946303229018,1.0495823929787085,1.4214287331857036,0.0,1.3387449760769972,0.0,1.0066685165041462,1.1318122114286926,0.0,0.0,0.2402547782734949,0.4884960894981879,0.6807199839426681,0.0,0.0,0.0,1,dos
BoT_adv_source_338,BoT-IoT,DoS,known,clean,adv_source,False,False,-0.4037468987254919,-0.2622561705324296,-0.798644410998854,0.0,0.0,-0.7749639548858611,0.0,0.2281709594528534,0.3072315008844511,0.0,0.0,-0.0359942662663019,0.1585050958211805,0.7316192045574857,0.0,0.0,0.0,1,dos
BoT_adv_source_339,BoT-IoT,DoS,known,clean,adv_source,False,False,1.0470329371095315,-0.2622561705324296,0.3730909115748955,-0.2248301433933957,0.6931471805599453,0.4116576001912967,4.110873864173311,-0.7315870344978669,-0.8102741157963367,0.0,0.0,-0.8533226119885491,-0.6060409048902275,-0.2626654569226398,0.0,-1.0,-1.3065713500137477,1,dos
BoT_adv_source_340,BoT-IoT,DoS,known,clean,adv_source,False,False,0.0180993044131993,0.0,-0.5358836503280104,0.1900911776928238,0.0,-0.4744598363754693,0.0,0.0376981786410221,0.105483686111528,0.0,2.641019022384913,0.1486346261834021,0.7519222952833076,-0.2117301330990635,0.0,0.0,0.0,1,dos
BoT_adv_source_341,BoT-IoT,DoS,known,clean,adv_source,False,False,-0.2205212345636399,0.0,-0.5358836503280104,0.1900911776928238,0.0,-0.4744598363754693,0.0,0.2914897571588213,0.3742984540563467,0.0,2.1063088895175226,-0.0459364426900313,0.4865626929663882,-0.2173456147280461,0.0,0.0,0.0,1,dos
BoT_adv_source_342,BoT-IoT,DoS,known,clean,adv_source,False,False,0.6137770231802508,0.427560615589597,-0.1210160334322007,0.5000000000000001,0.0,0.0,0.0,-0.1619931581095552,-0.1060283769076645,0.0,0.0,-0.0029264381082679,-0.2340437152467099,0.7124323548360892,0.0,0.0,0.0,1,dos
BoT_adv_source_343,BoT-IoT,DoS,known,clean,adv_source,False,False,-1.7396349671178863,-1.4415057553718051,-2.11603507540802,-0.8547556456757273,0.0,-2.2815866307046857,0.0,0.1756254754030352,0.251575587540544,0.0,2.3698887914353803,-0.0020468729117759,0.5899452549860076,-0.274325074151263,0.0,0.0,0.0,1,dos
BoT_adv_source_344,BoT-IoT,DoS,known,clean,adv_source,False,False,0.1680699547602022,0.0,0.0701354440243443,-0.2248301433933957,1.0986122886681096,-0.1891468228001862,4.795790545596741,-0.0990183526191313,-0.4498364287526706,0.0389023932641114,0.0818340495631327,-0.8225104895707229,-0.5602468236891205,-0.2594998358879935,0.0,-1.0,-1.3065713500137477,1,dos
BoT_adv_source_345,BoT-IoT,DoS,known,clean,adv_source,False,False,0.1896169053941902,0.0,0.0701354440243443,-0.2248301433933957,1.0986122886681096,-0.1891468228001862,4.795790545596741,-0.1173531845661381,-0.4623063604588959,0.0381566857383703,0.0806542151342497,-0.8270381275508459,-0.5636971071925723,-0.2647835118364799,0.0,-1.0,-1.3065713500137477,1,dos
BoT_adv_source_346,BoT-IoT,DoS,known,clean,adv_source,False,False,0.1526610120547298,0.6068102004289732,0.0489154578359224,0.6299255022823318,0.0,0.1943407107678919,0.0,0.4560522659547648,0.5486022385741466,0.0,0.0,-0.2677120163065207,0.0379268159283033,0.3257177052857818,0.0,0.0,0.0,1,dos
BoT_adv_source_347,BoT-IoT,DoS,known,clean,adv_source,False,False,0.4098676666210665,0.2271766281849193,-0.3136178163556272,0.3547556456757271,0.0,-0.2202673978152947,0.0,-0.1344124070052513,-0.0768149835746494,0.0,0.0,0.0945819328484092,-0.0912750066259368,0.902332367572499,0.0,0.0,0.0,1,dos
BoT_adv_source_348,BoT-IoT,DoS,known,clean,adv_source,False,False,0.1731058819096002,1.606810200428972,0.9670336735477508,1.3547556456757268,0.0,1.244338832239425,0.0,1.6477797777769834,1.810874046074168,0.0,1.4794738610891678,0.0950496116893036,0.5011269121030221,0.1481867664834428,0.0,0.0,0.0,1,dos
BoT_adv_source_349,BoT-IoT,DoS,known,clean,adv_source,False,False,1.0103678104690426,0.6068102004289732,0.6553919913501829,0.1900911776928238,1.3862943611198906,0.4798958976558779,5.198497031265826,-0.3420409449609554,-0.5936300705094627,0.0363232503283399,0.0906473516155708,-0.8284565014499655,-0.5617708278375061,-0.2716551559035408,0.0,-1.0,-1.3065713500137477,1,dos
BoT_adv_source_350,BoT-IoT,DoS,known,clean,adv_source,False,False,0.6019645576222682,0.427560615589597,-0.1210160334322007,0.5000000000000001,0.0,0.0,0.0,-0.1525049967219509,-0.0959785639212459,0.0,0.0,0.0447103416984087,-0.2297987834888306,0.7295326683179586,0.0,0.0,0.0,1,dos
BoT_adv_source_351,BoT-IoT,DoS,known,clean,adv_source,False,False,-0.219929809583615,-0.2622561705324296,-0.798644410998854,0.0,0.0,-0.7749639548858611,0.0,0.0349368611911913,0.1025589125085844,0.0,0.0,0.1089514986033817,0.2877075372603542,0.9008750586856225,0.0,0.0,0.0,1,dos
BoT_adv_source_352,BoT-IoT,DoS,known,clean,adv_source,False,False,0.2206150799293083,0.0,0.0701354440243443,-0.2248301433933957,1.0986122886681096,-0.1891468228001862,4.795790545596741,-0.1431802306282671,-0.479848877806236,0.037108869395572,0.0687922942751591,-0.8272361797596088,-0.5668373293444136,-0.2594786324161828,0.0,-1.0,-1.3065713500137477,1,dos
BoT_adv_source_353,BoT-IoT,DoS,known,clean,adv_source,False,False,0.9168797116004342,0.6068102004289732,0.6553919913501829,0.1900911776928238,1.3862943611198906,0.4798958976558779,5.198497031265826,-0.2784937386637378,-0.5493443931485318,0.0394437651984011,0.0580918684496838,-0.8268923113342933,-0.5659851247911842,-0.2556029816092833,0.0,-1.0,-1.3065713500137477,1,dos
BoT_adv_source_354,BoT-IoT,DoS,known,clean,adv_source,False,False,0.649734757205321,1.606810200428972,0.9670336735477508,1.3547556456757268,0.0,1.244338832239425,0.0,0.8192597127444324,0.933309745792504,0.0,0.0,0.1558605310122028,0.3799464571699907,0.6063129898915314,0.0,0.0,0.0,1,dos
BoT_adv_source_355,BoT-IoT,DoS,known,clean,adv_source,False,False,0.7741121378409533,-0.2622561705324296,0.5610417602305166,0.0,0.0,0.7800296190895465,0.0,-0.6273961617940035,-0.5989809057776578,0.0,0.0,0.1726027222176068,-0.2489870014050235,0.882635488394036,0.0,-1.0,-1.0,1,dos
BoT_adv_source_356,BoT-IoT,DoS,known,clean,adv_source,False,False,0.0887633036246431,0.427560615589597,-0.1210160334322007,0.5000000000000001,0.0,0.0,0.0,0.3557854002469486,0.4424000769610077,0.0,1.9716971169400843,-0.0359940439854839,0.4408286436038163,-0.1633999709741662,0.0,0.0,0.0,1,dos
BoT_adv_source_357,BoT-IoT,DoS,known,clean,adv_source,False,False,1.0592835067373811,0.0,0.8242906523192031,0.1900911776928238,0.0,1.0810919849617653,0.0,-0.6429529022139275,-0.6154585272589645,0.0,0.0,0.1004645946945458,-0.3412098303063929,0.7200369513476309,0.0,-1.0,-1.0,1,dos
BoT_adv_source_358,BoT-IoT,DoS,known,clean,adv_source,False,False,0.4599432871192881,0.7689611737250349,0.2009558713324623,0.7474574155078949,0.0,0.3682204419693358,0.0,0.2454523631182326,0.3255358770312108,0.0,0.0,-0.0343413861042813,0.1277186648114559,0.693036335730615,0.0,0.0,0.0,1,dos
BoT_adv_source_359,BoT-IoT,DoS,known,clean,adv_source,False,False,0.2336876937130824,0.0,0.0701354440243443,-0.2248301433933957,1.0986122886681096,-0.1891468228001862,4.795790545596741,-0.1538778633877265,-0.4871087751644652,0.036676132297805,0.0692238813771235,-0.8250762770519228,-0.5652245152080915,-0.2568969664565373,0.0,-1.0,-1.3065713500137477,1,dos
BoT_adv_source_360,BoT-IoT,DoS,known,clean,adv_source,False,False,0.2522501781503555,1.0531698750078118,0.4641163496719896,0.9534604492123409,0.0,0.6691816942061417,0.0,0.7971387650638266,0.9098793488809512,0.0,0.882127968937955,-0.2850319153576873,0.1320341494517375,-0.0296679550641125,0.0,0.0,0.0,1,dos
BoT_adv_source_361,BoT-IoT,DoS,known,clean,adv_source,False,False,0.7030781754919393,-0.572439384410403,0.0,-0.4999999999999999,0.6931471805599453,-0.0630546153101017,4.110873864173311,-0.723234990472474,-0.8380308308133069,0.0,0.0,-0.8559995398787068,-0.6060715396944286,-0.2648849446610876,0.0,-1.0,-1.3065713500137477,1,dos
BoT_adv_source_362,BoT-IoT,DoS,known,clean,adv_source,False,False,0.2600184698173871,0.0,0.0701354440243443,-0.2248301433933957,1.0986122886681096,-0.1891468228001862,4.795790545596741,-0.1750947251111174,-0.5014875467156265,0.0360290868668178,0.0996452702470362,-0.8269434359224139,-0.5588246261122716,-0.2735628952996917,0.0,-1.0,-1.3065713500137477,1,dos
BoT_adv_source_363,BoT-IoT,DoS,known,clean,adv_source,False,False,0.001257063876471,0.2271766281849193,-0.3136178163556272,0.3547556456757271,0.0,-0.2202673978152947,0.0,0.2627121475037778,0.3438173541451274,0.0,0.0,-0.1069320773726184,0.1781986332854574,0.568098603020721,0.0,0.0,0.0,1,dos
BoT_adv_source_364,BoT-IoT,DoS,known,clean,adv_source,False,False,0.1431449843127067,1.0531698750078118,0.4641163496719896,0.9534604492123409,0.0,0.6691816942061417,0.0,0.965636119008822,1.0883509016589064,0.0,2.704517344559489,0.1379295819925864,0.775276537128377,-0.2563726103293285,0.0,0.0,0.0,1,dos
BoT_adv_source_365,BoT-IoT,DoS,known,clean,adv_source,False,False,0.3143706819734961,0.2271766281849193,-0.3136178163556272,0.3547556456757271,0.0,-0.2202673978152947,0.0,-0.0525988970968485,0.0098414760652673,0.0,0.0,0.1453041926885725,-0.1477631100329447,0.8135012820220776,0.0,0.0,0.0,1,dos
BoT_adv_source_366,BoT-IoT,DoS,known,clean,adv_source,False,False,0.6108563879028629,0.2271766281849193,-0.3136178163556272,0.3547556456757271,0.0,-0.2202673978152947,0.0,-0.2876099203127242,-0.2390810218332175,0.0,0.0,-0.0020606543224866,-0.1651404706341419,0.7392323970711129,0.0,0.0,0.0,1,dos
BoT_adv_source_367,BoT-IoT,DoS,known,clean,adv_source,False,False,0.2178108304244743,0.0,0.0701354440243443,-0.2248301433933957,1.0986122886681096,-0.1891468228001862,4.795790545596741,-0.1408680861899227,-0.47828279832087,0.0374007888644826,0.0869140620522608,-0.8320574507001984,-0.565606676654438,-0.2741852458506739,0.0,-1.0,-1.3065713500137477,1,dos
BoT_adv_source_368,BoT-IoT,DoS,known,clean,adv_source,False,False,0.2015892216834662,0.0,0.0701354440243443,-0.2248301433933957,1.0986122886681096,-0.1891468228001862,4.795790545596741,-0.1274041214523763,-0.4691366774510408,0.0377484760977991,0.0859524664270624,-0.8269369897786945,-0.5622857401020572,-0.267136524140654,0.0,-1.0,-1.3065713500137477,1,dos
BoT_adv_source_369,BoT-IoT,DoS,known,clean,adv_source,False,False,0.7513092398674653,-0.572439384410403,0.0,-0.4999999999999999,0.6931471805599453,-0.0630546153101017,4.110873864173311,-0.7396923297459359,-0.8501508823069953,0.0,0.0,-0.8549943860200924,-0.6056052098971458,-0.2636637392981565,0.0,-1.0,-1.3065713500137477,1,dos
BoT_adv_source_370,BoT-IoT,DoS,known,clean,adv_source,False,False,0.7609214061030173,-0.572439384410403,0.2389373166196673,-0.2248301433933957,0.0,0.4116576001912967,0.0,-0.7428922029348584,-0.7213137336797733,0.0,0.0,-0.86376692077995,-0.6096759255462858,-0.274325074151263,0.0,-1.0,-1.0,1,dos
BoT_adv_source_371,BoT-IoT,DoS,known,clean,adv_source,False,False,-3.504608629946736,-1.4415057553718051,-1.2850438315776818,-1.3547556456757268,0.6931471805599453,-1.8721892999651788,4.110873864173311,19.05294948445566,-1.1236916423550465,0.0,0.0177855455305289,-0.8572998826635131,-0.6006730064207765,-0.274325074151263,0.0,-1.0,-1.3065713500137477,1,dos
BoT_adv_source_372,BoT-IoT,DoS,known,clean,adv_source,False,False,0.5103875945306726,0.0,-0.5358836503280104,0.1900911776928238,0.0,-0.4744598363754693,0.0,-0.3557692053368214,-0.3112749949116128,0.0,0.0,0.1153905293367611,0.0718070527198677,0.987736513624878,0.0,0.0,0.0,1,dos
BoT_adv_source_373,BoT-IoT,DoS,known,clean,adv_source,False,False,0.26714064061594,-0.952072956654456,-1.5338883780765302,-0.4999999999999999,0.0,-1.6158194907454704,0.0,-0.7269636597520568,-0.7044423005755279,0.0,0.0,-0.86376692077995,-0.6096759255462858,-0.274325074151263,0.0,0.0,0.0,1,dos
BoT_adv_source_374,BoT-IoT,DoS,known,clean,adv_source,False,False,0.5662844977836523,0.7689611737250349,0.2009558713324623,0.7474574155078949,0.0,0.3682204419693358,0.0,0.1325850159580386,0.2059873486182122,0.0,0.0,0.0937274853843416,0.1657971075484312,0.7544490399626703,0.0,0.0,0.0,1,dos
BoT_adv_source_375,BoT-IoT,DoS,known,clean,adv_source,False,False,0.7472127962415206,-0.572439384410403,0.0,-0.4999999999999999,0.6931471805599453,-0.0630546153101017,4.110873864173311,-0.7383230196799908,-0.8480786128601963,0.0,0.0,-0.8256297562885327,-0.5919786014345443,-0.2279754309068395,0.0,-1.0,-1.3065713500137477,1,dos
BoT_adv_source_376,BoT-IoT,DoS,known,clean,adv_source,False,False,-0.0347621683251086,2.165693357512401,1.465117099328905,1.7598510045646625,0.0,1.8139677236571168,0.0,3.07387029819345,3.32138197763334,0.0,0.0,0.127249210972559,0.4476264757117834,0.7070443807289668,0.0,0.0,0.0,1,dos
BoT_adv_source_377,BoT-IoT,DoS,known,clean,adv_source,False,False,0.564447902948968,0.427560615589597,-0.1210160334322007,0.5000000000000001,0.0,0.0,0.0,-0.1217790858549067,-0.0634338331312982,0.0,0.0,0.2208767811292475,0.1338323196255993,0.8831758903918043,0.0,0.0,0.0,1,dos
BoT_adv_source_378,BoT-IoT,DoS,known,clean,adv_source,False,False,-0.0060333472357558,0.0,-0.5358836503280104,0.1900911776928238,0.0,-0.4744598363754693,0.0,0.0612596992457058,0.1304399306440112,0.0,0.0,0.0393931622530494,-0.0350097017949364,0.7992708871031171,0.0,0.0,0.0,1,dos
BoT_adv_source_379,BoT-IoT,DoS,known,clean,adv_source,False,False,1.0254948273002922,0.6068102004289732,0.6553919913501829,0.1900911776928238,1.3862943611198906,0.4798958976558779,5.198497031265826,-0.3518822378139621,-0.6004799961915772,0.035841934581229,0.0779748294856518,-0.8274671295294231,-0.5641702447241219,-0.2658568659635423,0.0,-1.0,-1.3065713500137477,1,dos
BoT_adv_source_380,BoT-IoT,DoS,known,clean,adv_source,False,False,0.7372156478489953,-0.572439384410403,0.2389373166196673,-0.2248301433933957,0.0,0.4116576001912967,0.0,-0.7349513831009679,-0.7129028571116636,0.0,0.0,0.1555686762982797,-0.1366621709833632,0.9645118351905714,0.0,-1.0,-1.0,1,dos
BoT_adv_source_381,BoT-IoT,DoS,known,clean,adv_source,False,False,0.0735536518899466,1.9482107585644104,1.2722293454414495,1.6022130611836225,0.0,1.5933732775708176,0.0,2.404513707044153,2.6124028311502983,0.0,0.0,0.0593377532021635,0.3967866256490361,0.6580242461700154,0.0,0.0,0.0,1,dos
BoT_adv_source_382,BoT-IoT,DoS,known,clean,adv_source,False,False,0.0185186129183522,0.0,-0.5358836503280104,0.1900911776928238,0.0,-0.4744598363754693,0.0,0.0372972028210966,0.1050589745327819,0.0,0.0,-0.0020490957199551,-0.0510669808332883,0.7657940435149683,0.0,0.0,0.0,1,dos
BoT_adv_source_383,BoT-IoT,DoS,known,clean,adv_source,False,False,-1.8978082328573336,-1.4415057553718051,-2.11603507540802,-0.8547556456757273,0.0,-2.2815866307046857,0.0,0.3983087861361972,0.4874406341647003,0.0,1.9819048243460364,-0.1431225064607308,0.393550476332525,-0.274325074151263,0.0,0.0,0.0,1,dos
BoT_adv_source_384,BoT-IoT,DoS,known,clean,adv_source,False,False,0.4568232428060879,0.2271766281849193,-0.3136178163556272,0.3547556456757271,0.0,-0.2202673978152947,0.0,-0.1724298918095895,-0.1170829129330978,0.0,0.0,0.1619603612174432,-0.1241650275241337,0.8550921785120291,0.0,0.0,0.0,1,dos
BoT_adv_source_385,BoT-IoT,DoS,known,clean,adv_source,False,False,0.0830141669889692,0.0,-0.5358836503280104,0.1900911776928238,0.0,-0.4744598363754693,0.0,-0.0234854333650458,0.0406783109312656,0.0,2.73381819637855,0.2371517380553929,0.8401458897453398,-0.1597094207455054,0.0,0.0,0.0,1,dos
BoT_adv_source_386,BoT-IoT,DoS,known,clean,adv_source,False,False,0.5668543923704722,0.0,0.8242906523192031,0.1900911776928238,0.0,1.0810919849617653,0.0,-0.3916730565632473,-0.3493041741780167,0.0,0.0,-0.86376692077995,-0.6096759255462858,-0.274325074151263,0.0,-1.0,-1.0,1,dos
BoT_adv_source_387,BoT-IoT,DoS,known,clean,adv_source,False,False,-0.0629296510650403,2.0238364323422187,1.3394259010906455,1.6570288291522133,0.0,1.670222049323277,0.0,2.8844234524184813,3.120720828109403,0.0,0.0,0.0927054381835655,0.4252822540779488,0.6862185599432893,0.0,0.0,0.0,1,dos
BoT_adv_source_388,BoT-IoT,DoS,known,clean,adv_source,False,False,-0.0390025476138728,0.2271766281849193,-0.3136178163556272,0.3547556456757271,0.0,-0.2202673978152947,0.0,0.3090448022238101,0.3928926698020628,0.0,0.0,-0.0297359498378878,0.2081780383420876,0.6039771695915279,0.0,0.0,0.0,1,dos
BoT_adv_source_389,BoT-IoT,DoS,known,clean,adv_source,False,False,0.484326873773327,0.2271766281849193,-0.3136178163556272,0.3547556456757271,0.0,-0.2202673978152947,0.0,-0.194047857452686,-0.139980553791502,0.0,0.0,0.2207145161321692,0.4203088947535112,0.8384342726041544,0.0,0.0,0.0,1,dos
BoT_adv_source_390,BoT-IoT,DoS,known,clean,adv_source,False,False,-0.0975526010728157,0.0,-0.5358836503280104,0.1900911776928238,0.0,-0.4744598363754693,0.0,0.1547895043601035,0.2295062314432225,0.0,2.3933436553563032,0.0137223951536113,0.6070376190753952,-0.2667027125687447,0.0,0.0,0.0,1,dos
BoT_adv_source_391,BoT-IoT,DoS,known,clean,adv_source,False,False,0.6257982415283584,1.406426213024295,0.7862884042833839,1.2095112913514543,0.0,1.0376310358525391,0.0,0.6425230164943634,0.7461111229411779,0.0,1.0160459010611025,0.0923004425333232,0.3442185394098963,0.1934733708033063,0.0,0.0,0.0,1,dos
BoT_adv_source_392,BoT-IoT,DoS,known,clean,adv_source,False,False,0.6268731504949726,0.427560615589597,-0.1210160334322007,0.5000000000000001,0.0,0.0,0.0,-0.1724107593044348,-0.1170626478795314,0.0,0.0,-0.1811823172275135,-0.4739269192820873,0.3414713117742735,0.0,0.0,0.0,1,dos
BoT_adv_source_393,BoT-IoT,DoS,known,clean,adv_source,False,False,0.0003850535774238,0.0,-0.5358836503280104,0.1900911776928238,0.0,-0.4744598363754693,0.0,0.0549500695470858,0.1237568024915405,0.0,2.36755051853876,0.1915548293147277,0.7317633563491482,-0.068681770128864,0.0,0.0,0.0,1,dos
BoT_adv_source_394,BoT-IoT,DoS,known,clean,adv_source,False,False,0.5481691575396247,1.786059785268348,1.12767080537661,1.4846811479580584,0.0,1.4280501275524211,0.0,1.19035815783929,1.3263753588654807,0.0,1.870901966609769,0.2170015373497068,0.6309940359606184,0.0468714205710065,0.0,0.0,0.0,1,dos
BoT_adv_source_395,BoT-IoT,DoS,known,clean,adv_source,False,False,0.8006664185886305,-0.572439384410403,0.2389373166196673,-0.2248301433933957,0.0,0.4116576001912967,0.0,-0.7558370858381064,-0.7350248887702303,0.0,0.0,-0.86376692077995,-0.6096759255462858,-0.274325074151263,0.0,-1.0,-1.0,1,dos
BoT_adv_source_396,BoT-IoT,DoS,known,clean,adv_source,False,False,0.352646146606521,1.786059785268348,1.12767080537661,1.4846811479580584,0.0,1.4280501275524211,0.0,1.547910933345498,1.705093466602008,0.0,2.2539025086917275,0.2235763816628327,0.7173931576391209,-0.0291223954650931,0.0,0.0,0.0,1,dos
BoT_adv_source_397,BoT-IoT,DoS,known,clean,adv_source,False,False,0.8014811006561319,-0.572439384410403,0.0,-0.4999999999999999,0.6931471805599453,-0.0630546153101017,4.110873864173311,-0.7560969221745165,-0.8619856994709686,0.0,0.0,-0.8280190528003076,-0.593087333792649,-0.2308791604112843,0.0,-1.0,-1.3065713500137477,1,dos
BoT_adv_source_398,BoT-IoT,DoS,known,clean,adv_source,False,False,0.4468348470760335,1.50956673225763,0.8794840812359668,1.284270648697022,0.0,1.1442134824861805,0.0,1.023872782997726,1.1500348842696992,0.0,0.0,0.2326489955268764,0.379370894181971,0.7624393104344434,0.0,0.0,0.0,1,dos
BoT_adv_source_399,BoT-IoT,DoS,known,clean,adv_source,False,False,0.2687532662967321,0.0,-0.5358836503280104,0.1900911776928238,0.0,-0.4744598363754693,0.0,-0.1820330043186548,-0.1272544815712247,0.0,0.0,0.209444211821394,0.0706998675740963,0.9977181912464328,0.0,0.0,0.0,1,dos
BoT_adv_source_400,BoT-IoT,Reconnaissance,known,clean,adv_source,False,False,-3.5164491329614305,-1.4415057553718051,-2.11603507540802,-1.3547556456757268,0.6931471805599453,-3.4139126207964807,4.110873864173311,21.58350070923773,-1.1236916423550465,0.0,0.0112536642493815,-0.8596749532029415,-0.6039793991772233,-0.274325074151263,0.0,-1.0,-1.3065713500137477,1,recon
BoT_adv_source_401,BoT-IoT,Reconnaissance,known,clean,adv_source,False,False,-3.4791977861934957,-1.4415057553718051,-2.11603507540802,-1.3547556456757268,0.6931471805599453,-3.4139126207964807,4.110873864173311,15.85014359723335,-1.1236916423550465,0.0,0.032035866966638,-0.8521182945170824,-0.5934595930800618,-0.274325074151263,0.0,-1.0,-1.3065713500137477,1,recon
BoT_adv_source_402,BoT-IoT,Reconnaissance,known,clean,adv_source,False,False,-3.5177342399180325,-1.4415057553718051,-2.11603507540802,-1.3547556456757268,0.6931471805599453,-3.4139126207964807,4.110873864173311,21.94304713180335,-1.1236916423550465,0.0,0.0105488201579297,-0.8599312429859981,-0.6043361863413024,-0.274325074151263,0.0,-1.0,-1.3065713500137477,1,recon
BoT_adv_source_403,BoT-IoT,Reconnaissance,known,clean,adv_source,False,False,-3.4969969365337263,-1.4415057553718051,-2.11603507540802,-1.3547556456757268,0.6931471805599453,-3.4139126207964807,4.110873864173311,17.882383507087084,-1.1236916423550465,0.0,0.0220207232109958,-0.8557599211569938,-0.5985291890116361,-0.274325074151263,0.0,-1.0,-1.3065713500137477,1,recon
BoT_adv_source_404,BoT-IoT,Reconnaissance,known,clean,adv_source,False,False,-3.5357998340874985,-1.4415057553718051,-2.11603507540802,-1.3547556456757268,0.6931471805599453,-3.4139126207964807,4.110873864173311,37.007324289366224,-1.1236916423550465,0.0,0.0007244061130706,-0.86350351801072,-0.6093092362232733,-0.274325074151263,0.0,-1.0,-1.3065713500137477,1,recon
BoT_adv_source_405,BoT-IoT,Reconnaissance,known,clean,adv_source,False,False,-3.5364028085846524,-1.4415057553718051,-2.11603507540802,-1.3547556456757268,0.6931471805599453,-3.4139126207964807,4.110873864173311,40.37601350329039,-1.1236916423550465,0.0,0.0003991875036583,-0.8636217714058512,-0.6094738596155456,-0.274325074151263,0.0,-1.0,-1.3065713500137477,1,recon
BoT_adv_source_406,BoT-IoT,Reconnaissance,known,clean,adv_source,False,False,-3.536212360959944,-1.4415057553718051,-2.11603507540802,-1.3547556456757268,0.6931471805599453,-3.4139126207964807,4.110873864173311,39.0815958760744,-1.1236916423550465,0.0,0.0005018881171569,-0.8635844282284413,-0.6094218732811437,-0.274325074151263,0.0,-1.0,-1.3065713500137477,1,recon
BoT_adv_source_407,BoT-IoT,Reconnaissance,known,clean,adv_source,False,False,-3.4865430299893365,-1.4415057553718051,-2.11603507540802,-1.3547556456757268,0.6931471805599453,-3.4139126207964807,4.110873864173311,16.59888664797677,-1.1236916423550465,0.0,0.0278838278780509,-0.8536280258323652,-0.595561326313734,-0.274325074151263,0.0,-1.0,-1.3065713500137477,1,recon
BoT_adv_source_408,BoT-IoT,Reconnaissance,known,clean,adv_source,False,False,-3.4661617248026544,-1.4415057553718051,-2.11603507540802,-1.3547556456757268,0.6931471805599453,-3.4139126207964807,4.110873864173311,14.7342474920529,-1.1236916423550465,0.0,0.039471269121303,-0.8494146929287748,-0.5896958443578658,-0.274325074151263,0.0,-1.0,-1.3065713500137477,1,recon
BoT_adv_source_409,BoT-IoT,Reconnaissance,known,clean,adv_source,False,False,-3.520040603020942,-1.4415057553718051,-2.11603507540802,-1.3547556456757268,0.6931471805599453,-3.4139126207964807,4.110873864173311,22.653062194672543,-1.1236916423550465,0.0,0.0092858471371669,-0.8603904751558118,-0.6049754944774576,-0.274325074151263,0.0,-1.0,-1.3065713500137477,1,recon
BoT_adv_source_410,BoT-IoT,Reconnaissance,known,clean,adv_source,False,False,-3.495579786803478,-1.4415057553718051,-2.11603507540802,-1.3547556456757268,0.6931471805599453,-3.4139126207964807,4.110873864173311,17.689617131099045,-1.1236916423550465,0.0,0.022812373773381,-0.8554720674977931,-0.598128461017289,-0.274325074151263,0.0,-1.0,-1.3065713500137477,1,recon
BoT_adv_source_411,BoT-IoT,Reconnaissance,known,clean,adv_source,False,False,-3.535593626891139,-1.4415057553718051,-2.11603507540802,-1.3547556456757268,0.6931471805599453,-3.4139126207964807,4.110873864173311,36.1999667802828,-1.1236916423550465,0.0,0.0008356651110274,-0.8634630629018594,-0.609252917694338,-0.274325074151263,0.0,-1.0,-1.3065713500137477,1,recon
BoT_adv_source_412,BoT-IoT,Reconnaissance,known,clean,adv_source,False,False,-3.528476440579143,-1.4415057553718051,-2.11603507540802,-1.3547556456757268,0.6931471805599453,-3.4139126207964807,4.110873864173311,26.47792808683804,-1.1236916423550465,0.0,0.0046881607435768,-0.8620622491873552,-0.6073028112693376,-0.274325074151263,0.0,-1.0,-1.3065713500137477,1,recon
BoT_adv_source_413,BoT-IoT,Reconnaissance,known,clean,adv_source,False,False,-3.49256316497301,-1.4415057553718051,-2.11603507540802,-1.3547556456757268,0.6931471805599453,-3.4139126207964807,4.110873864173311,17.300663911378003,-1.1236916423550465,0.0,0.0245008207643523,-0.8548581278787102,-0.5972737809243263,-0.274325074151263,0.0,-1.0,-1.3065713500137477,1,recon
BoT_adv_source_414,BoT-IoT,Reconnaissance,known,clean,adv_source,False,False,-3.4703991765990247,-1.4415057553718051,-2.11603507540802,-1.3547556456757268,0.6931471805599453,-3.4139126207964807,4.110873864173311,15.072057530191808,-1.1236916423550465,0.0,0.0370449671273981,-0.8502969254950818,-0.590924021508108,-0.274325074151263,0.0,-1.0,-1.3065713500137477,1,recon
BoT_adv_source_415,BoT-IoT,Reconnaissance,known,clean,adv_source,False,False,-3.5321243217358904,-1.4415057553718051,-2.11603507540802,-1.3547556456757268,0.6931471805599453,-3.4139126207964807,4.110873864173311,29.55964164880961,-1.1236916423550465,0.0,0.0027105626205528,-0.8627813276333122,-0.6083038576490386,-0.274325074151263,0.0,-1.0,-1.3065713500137477,1,recon
BoT_adv_source_416,BoT-IoT,Reconnaissance,known,clean,adv_source,False,False,4.8879579876072885,-0.2622561705324296,0.2248109605431441,0.0,0.0,0.3955021127064009,0.0,-1.1093212745451622,-1.1094335697611386,0.0,1.71167689164367e-05,-0.8637386911160747,-0.6096567401133518,-0.274302724545841,0.0,0.0,0.0,1,recon
BoT_adv_source_417,BoT-IoT,Reconnaissance,known,clean,adv_source,False,False,-3.471650267841196,-1.4415057553718051,-2.11603507540802,-1.3547556456757268,0.6931471805599453,-3.4139126207964807,4.110873864173311,15.17603057800246,-1.1236916423550465,0.0,0.0363303420251368,-0.8505567717712252,-0.5912857597516538,-0.274325074151263,0.0,-1.0,-1.3065713500137477,1,recon
BoT_adv_source_418,BoT-IoT,Reconnaissance,known,clean,adv_source,False,False,-3.502834084948437,-1.4415057553718051,-2.11603507540802,-1.3547556456757268,0.6931471805599453,-3.4139126207964807,4.110873864173311,18.756872240880607,-1.1236916423550465,0.0,0.0187703710563996,-0.8569417882658511,-0.6001744946069593,-0.274325074151263,0.0,-1.0,-1.3065713500137477,1,recon
BoT_adv_source_419,BoT-IoT,Reconnaissance,known,clean,adv_source,False,False,-3.5282164063363384,-1.4415057553718051,-2.11603507540802,-1.3547556456757268,0.6931471805599453,-3.4139126207964807,4.110873864173311,26.311316603479845,-1.1236916423550465,0.0,0.0048293740871374,-0.8620109023184167,-0.6072313300595351,-0.274325074151263,0.0,-1.0,-1.3065713500137477,1,recon
BoT_adv_source_420,BoT-IoT,Reconnaissance,known,clean,adv_source,False,False,-3.531457016435555,-1.4415057553718051,-2.11603507540802,-1.3547556456757268,0.6931471805599453,-3.4139126207964807,4.110873864173311,28.85502638964169,-1.1236916423550465,0.0,0.0030718487073248,-0.8626499596699241,-0.6081209771512324,-0.274325074151263,0.0,-1.0,-1.3065713500137477,1,recon
BoT_adv_source_421,BoT-IoT,Reconnaissance,known,clean,adv_source,False,False,-3.485561562401051,-1.4415057553718051,-2.11603507540802,-1.3547556456757268,0.6931471805599453,-3.4139126207964807,4.110873864173311,16.49262222724844,-1.1236916423550465,0.0,0.0284370663019572,-0.8534268616921515,-0.595281280881391,-0.274325074151263,0.0,-1.0,-1.3065713500137477,1,recon
BoT_adv_source_422,BoT-IoT,Reconnaissance,known,clean,adv_source,False,False,-3.521196663905511,-1.4415057553718051,-2.11603507540802,-1.3547556456757268,0.6931471805599453,-3.4139126207964807,4.110873864173311,23.04617555616334,-1.1236916423550465,0.0,0.0086537493136099,-0.8606203135215366,-0.6052954579880019,-0.274325074151263,0.0,-1.0,-1.3065713500137477,1,recon
BoT_adv_source_423,BoT-IoT,Reconnaissance,known,clean,adv_source,False,False,-3.492347219669957,-1.4415057553718051,-2.11603507540802,-1.3547556456757268,0.6931471805599453,-3.4139126207964807,4.110873864173311,17.27385818349974,-1.1236916423550465,0.0,0.0246218607731186,-0.8548141162767628,-0.5972125113159242,-0.274325074151263,0.0,-1.0,-1.3065713500137477,1,recon
BoT_adv_source_424,BoT-IoT,Reconnaissance,known,clean,adv_source,False,False,-3.4883368076378347,-1.4415057553718051,-2.11603507540802,-1.3547556456757268,0.6931471805599453,-3.4139126207964807,4.110873864173311,16.79866192709305,-1.1236916423550465,0.0,0.0268739385119812,-0.8539952337435618,-0.5960725252686849,-0.274325074151263,0.0,-1.0,-1.3065713500137477,1,recon
BoT_adv_source_425,BoT-IoT,Reconnaissance,known,clean,adv_source,False,False,-3.46356877746293,-1.4415057553718051,-2.11603507540802,-1.3547556456757268,0.6931471805599453,-3.4139126207964807,4.110873864173311,14.537645377716808,-1.1236916423550465,0.0,0.040960428017033,-0.8488732168563324,-0.5889420425090398,-0.274325074151263,0.0,-1.0,-1.3065713500137477,1,recon
BoT_adv_source_426,BoT-IoT,Reconnaissance,known,clean,adv_source,False,False,-3.462968221232773,-1.4415057553718051,-2.11603507540802,-1.3547556456757268,0.6931471805599453,-3.4139126207964807,4.110873864173311,14.49313076830499,-1.1236916423550465,0.0,0.0413058199612397,-0.84874762819421,-0.5887672075153672,-0.274325074151263,0.0,-1.0,-1.3065713500137477,1,recon
BoT_adv_source_427,BoT-IoT,Reconnaissance,known,clean,adv_source,False,False,-3.5216632231802354,-1.4415057553718051,-2.11603507540802,-1.3547556456757268,0.6931471805599453,-3.4139126207964807,4.110873864173311,23.213021745131787,-1.1236916423550465,0.0,0.0083988317193901,-0.8607130046226074,-0.6054244954966064,-0.274325074151263,0.0,-1.0,-1.3065713500137477,1,recon
BoT_adv_source_428,BoT-IoT,Reconnaissance,known,clean,adv_source,False,False,-3.4852884208384745,-1.4415057553718051,-2.11603507540802,-1.3547556456757268,0.6931471805599453,-3.4139126207964807,4.110873864173311,16.463416490001496,-1.1236916423550465,0.0,0.0285911172222051,-0.8533708469260368,-0.5952033013797884,-0.274325074151263,0.0,-1.0,-1.3065713500137477,1,recon
BoT_adv_source_429,BoT-IoT,Reconnaissance,known,clean,adv_source,False,False,-3.47595990247222,-1.4415057553718051,-2.11603507540802,-1.3547556456757268,0.6931471805599453,-3.4139126207964807,4.110873864173311,15.5505085758141,-1.1236916423550465,0.0,0.0338746969988038,-0.8514496738167922,-0.5925287901402966,-0.274325074151263,0.0,-1.0,-1.3065713500137477,1,recon
BoT_adv_source_430,BoT-IoT,Reconnaissance,known,clean,adv_source,False,False,-3.530563374610386,-1.4415057553718051,-2.11603507540802,-1.3547556456757268,0.6931471805599453,-3.4139126207964807,4.110873864173311,28.03138904604589,-1.1236916423550465,0.0,0.0035560087423897,-0.862473913262135,-0.6078758987176239,-0.274325074151263,0.0,-1.0,-1.3065713500137477,1,recon
BoT_adv_source_431,BoT-IoT,Reconnaissance,known,clean,adv_source,False,False,-3.494884444340174,-1.4415057553718051,-2.11603507540802,-1.3547556456757268,0.6931471805599453,-3.4139126207964807,4.110873864173311,17.597467785691368,-1.1236916423550465,0.0,0.0232011689530543,-0.8553306968975988,-0.5979316556084822,-0.274325074151263,0.0,-1.0,-1.3065713500137477,1,recon
BoT_adv_source_432,BoT-IoT,Reconnaissance,known,clean,adv_source,False,False,-3.4769460045385903,-1.4415057553718051,-2.11603507540802,-1.3547556456757268,0.6931471805599453,-3.4139126207964807,4.110873864173311,15.640004177487183,-1.1236916423550465,0.0,0.0333141228167905,-0.8516535053268209,-0.5928125488822396,-0.274325074151263,0.0,-1.0,-1.3065713500137477,1,recon
BoT_adv_source_433,BoT-IoT,Reconnaissance,known,clean,adv_source,False,False,-3.505806446387321,-1.4415057553718051,-2.11603507540802,-1.3547556456757268,0.6931471805599453,-3.4139126207964807,4.110873864173311,19.26221385065237,-1.1236916423550465,0.0,0.0171216594218413,-0.8575412796317696,-0.601009060939588,-0.274325074151263,0.0,-1.0,-1.3065713500137477,1,recon
BoT_adv_source_434,BoT-IoT,Reconnaissance,known,clean,adv_source,False,False,-3.3323909422980518,1.179249584839376,1.0930520234855472,0.3547556456757271,1.9459101490553128,0.169711104701885,6.366470447731438,22.19796794507338,19.51998124176071,3.268739203413201,0.1209171348179379,-0.81979999727706,-0.5484685150799823,-0.274325074151263,0.0,-1.0,-1.9549353863073964,1,recon
BoT_adv_source_435,BoT-IoT,Reconnaissance,known,clean,adv_source,False,False,-3.5278922912572512,-1.4415057553718051,-2.11603507540802,-1.3547556456757268,0.6931471805599453,-3.4139126207964807,4.110873864173311,26.11033873042676,-1.1236916423550465,0.0,0.0050054322817065,-0.8619468854428569,-0.607142210629132,-0.274325074151263,0.0,-1.0,-1.3065713500137477,1,recon
BoT_adv_source_436,BoT-IoT,Reconnaissance,known,clean,adv_source,False,False,-3.523196275367258,-1.4415057553718051,-2.11603507540802,-1.3547556456757268,0.6931471805599453,-3.4139126207964807,4.110873864173311,23.79925983446035,-1.1236916423550465,0.0,0.0075619439820115,-0.8610173070623338,-0.6058481222334876,-0.274325074151263,0.0,-1.0,-1.3065713500137477,1,recon
BoT_adv_source_437,BoT-IoT,Reconnaissance,known,clean,adv_source,False,False,-3.4967002281940767,-1.4415057553718051,-2.11603507540802,-1.3547556456757268,0.6931471805599453,-3.4139126207964807,4.110873864173311,17.841456596975718,-1.1236916423550465,0.0,0.0221863890815798,-0.8556996830553387,-0.5984453301031666,-0.274325074151263,0.0,-1.0,-1.3065713500137477,1,recon
BoT_adv_source_438,BoT-IoT,Reconnaissance,known,clean,adv_source,False,False,-3.5328123619376366,-1.4415057553718051,-2.11603507540802,-1.3547556456757268,0.6931471805599453,-3.4139126207964807,4.110873864173311,30.392137051670822,-1.1236916423550465,0.0,0.0023382728966203,-0.8629166966514228,-0.6084923081112451,-0.274325074151263,0.0,-1.0,-1.3065713500137477,1,recon
BoT_adv_source_439,BoT-IoT,Reconnaissance,known,clean,adv_source,False,False,-3.533723612231352,-1.4415057553718051,-2.11603507540802,-1.3547556456757268,0.6931471805599453,-3.4139126207964807,4.110873864173311,31.726451491216157,-1.1236916423550465,0.0,0.0018455544770972,-0.8630958549906628,-0.608741718739387,-0.274325074151263,0.0,-1.0,-1.3065713500137477,1,recon
BoT_adv_source_440,BoT-IoT,Reconnaissance,known,clean,adv_source,False,False,-3.5106613791473382,-1.4415057553718051,-2.11603507540802,-1.3547556456757268,0.6931471805599453,-3.4139126207964807,4.110873864173311,20.202575802643008,-1.1236916423550465,0.0,0.0144379945810143,-0.8585170924224191,-0.6023675133683013,-0.274325074151263,0.0,-1.0,-1.3065713500137477,1,recon
BoT_adv_source_441,BoT-IoT,Reconnaissance,known,clean,adv_source,False,False,-3.536964134860206,-0.952072956654456,-1.3538942534261649,-0.8547556456757273,0.6931471805599453,-2.15030882639709,4.31748811353631,52.32311051584514,51.33245382590759,0.0,9.658748174274994e-05,-0.8637318004107193,-0.6096270336365508,-0.274325074151263,0.0,-1.0,-1.3065713500137477,1,recon
BoT_adv_source_442,BoT-IoT,Reconnaissance,known,clean,adv_source,False,False,-3.536688539981958,-1.4415057553718051,-2.11603507540802,-1.3547556456757268,0.6931471805599453,-3.4139126207964807,4.110873864173311,43.13349876472654,-1.1236916423550465,0.0,0.0002451365834103,-0.8636777861719659,-0.6095518391171482,-0.274325074151263,0.0,-1.0,-1.3065713500137477,1,recon
BoT_adv_source_443,BoT-IoT,Reconnaissance,known,clean,adv_source,False,False,-3.5316116698593745,-1.4415057553718051,-2.11603507540802,-1.3547556456757268,0.6931471805599453,-3.4139126207964807,4.110873864173311,29.01065390411225,-1.1236916423550465,0.0,0.0029880988022693,-0.8626804121419785,-0.6081633707691672,-0.274325074151263,0.0,-1.0,-1.3065713500137477,1,recon
BoT_adv_source_444,BoT-IoT,Reconnaissance,known,clean,adv_source,False,False,-3.535635545099047,-1.4415057553718051,-2.11603507540802,-1.3547556456757268,0.6931471805599453,-3.4139126207964807,4.110873864173311,36.355010168794415,-1.1236916423550465,0.0,0.0008130465235307,-0.8634712872921223,-0.6092643670656049,-0.274325074151263,0.0,-1.0,-1.3065713500137477,1,recon
BoT_adv_source_445,BoT-IoT,Reconnaissance,known,clean,adv_source,False,False,-3.5262371476961936,-1.4415057553718051,-2.11603507540802,-1.3547556456757268,0.6931471805599453,-3.4139126207964807,4.110873864173311,25.183197218415057,-1.1236916423550465,0.0,0.0059052852761706,-0.8616196880788852,-0.6066867113181831,-0.274325074151263,0.0,-1.0,-1.3065713500137477,1,recon
BoT_adv_source_446,BoT-IoT,Reconnaissance,known,clean,adv_source,False,False,-3.5367384369716204,-1.4415057553718051,-2.11603507540802,-1.3547556456757268,0.6931471805599453,-3.4139126207964807,4.110873864173311,43.79084970785943,-1.1236916423550465,0.0,0.0002182388036845,-0.8636875665279541,-0.609565454585682,-0.274325074151263,0.0,-1.0,-1.3065713500137477,1,recon
BoT_adv_source_447,BoT-IoT,Reconnaissance,known,clean,adv_source,False,False,-3.501286517117774,-1.4415057553718051,-2.11603507540802,-1.3547556456757268,0.6931471805599453,-3.4139126207964807,4.110873864173311,18.511089931094173,-1.1236916423550465,0.0,0.0196304886944505,-0.8566290391550438,-0.5997391090563443,-0.274325074151263,0.0,-1.0,-1.3065713500137477,1,recon
BoT_adv_source_448,BoT-IoT,Reconnaissance,known,clean,adv_source,False,False,-3.530437057812701,-1.4415057553718051,-2.11603507540802,-1.3547556456757268,0.6931471805599453,-3.4139126207964807,4.110873864173311,27.924116381777885,-1.1236916423550465,0.0,0.0036244758180554,-0.8624490178105283,-0.6078412411613561,-0.274325074151263,0.0,-1.0,-1.3065713500137477,1,recon
BoT_adv_source_449,BoT-IoT,Reconnaissance,known,clean,adv_source,False,False,-3.53647990361835,-1.4415057553718051,-2.11603507540802,-1.3547556456757268,0.6931471805599453,-3.4139126207964807,4.110873864173311,40.997808303364245,-1.1236916423550465,0.0,0.0003576182077184,-0.8636368865014694,-0.6094949017032796,-0.274325074151263,0.0,-1.0,-1.3065713500137477,1,recon
BoT_adv_source_450,BoT-IoT,Reconnaissance,known,clean,adv_source,False,False,-3.5227626896807447,-1.4415057553718051,-2.11603507540802,-1.3547556456757268,0.6931471805599453,-3.4139126207964807,4.110873864173311,23.62712343272362,-1.1236916423550465,0.0,0.0077985221809636,-0.8609312843858005,-0.6057283679988835,-0.274325074151263,0.0,-1.0,-1.3065713500137477,1,recon
BoT_adv_source_451,BoT-IoT,Reconnaissance,known,clean,adv_source,False,False,-3.484930834877836,-1.4415057553718051,-2.11603507540802,-1.3547556456757268,0.6931471805599453,-3.4139126207964807,4.110873864173311,16.425418571675312,-1.1236916423550465,0.0,0.0287928505701488,-0.8532974942561247,-0.5951011853657849,-0.274325074151263,0.0,-1.0,-1.3065713500137477,1,recon
BoT_adv_source_452,BoT-IoT,Reconnaissance,known,clean,adv_source,False,False,-3.4924704561458007,-1.4415057553718051,-2.11603507540802,-1.3547556456757268,0.6931471805599453,-3.4139126207964807,4.110873864173311,17.28913926226681,-1.1236916423550465,0.0,0.0245527823842772,-0.8548392340091875,-0.5972474783146586,-0.274325074151263,0.0,-1.0,-1.3065713500137477,1,recon
BoT_adv_source_453,BoT-IoT,Reconnaissance,known,clean,adv_source,False,False,-3.5328168824648083,-1.4415057553718051,-1.957766244816019,-1.3547556456757268,0.6931471805599453,-3.072331387892628,4.110873864173311,30.398034997660808,-1.1236916423550465,0.0,0.002335827643918,-0.8629175857746946,-0.6084935458811118,-0.274325074151263,0.0,-1.0,-1.3065713500137477,1,recon
BoT_adv_source_454,BoT-IoT,Reconnaissance,known,clean,adv_source,False,False,-3.457562667404599,-1.4415057553718051,-2.11603507540802,-1.3547556456757268,0.6931471805599453,-3.4139126207964807,4.110873864173311,14.10846376990018,-1.1236916423550465,0.0,0.0444229058435579,-0.8476142183036582,-0.5871893603777797,-0.274325074151263,0.0,-1.0,-1.3065713500137477,1,recon
BoT_adv_source_455,BoT-IoT,Reconnaissance,known,clean,adv_source,False,False,-3.4896927084560088,-1.4415057553718051,-2.11603507540802,-1.3547556456757268,0.6931471805599453,-3.4139126207964807,4.110873864173311,16.95471387017056,-1.1236916423550465,0.0,0.0261116309820241,-0.8542724179235025,-0.5964584000246316,-0.274325074151263,0.0,-1.0,-1.3065713500137477,1,recon
BoT_adv_source_456,BoT-IoT,Reconnaissance,known,clean,adv_source,False,False,-3.536697611998661,0.6068102004289732,1.6308052682648206,0.0,1.6094379124341005,0.9529279041324448,6.634633357861686,55.01092372015222,54.17919309774112,8.940444239902575,0.0002402460780057,-0.8636795644185092,-0.6095543146568816,-0.274325074151263,0.0,-1.0,-1.3065713500137477,1,recon
BoT_adv_source_457,BoT-IoT,Reconnaissance,known,clean,adv_source,False,False,-3.5365354606406965,-1.4415057553718051,-2.11603507540802,-1.3547556456757268,0.6931471805599453,-3.4139126207964807,4.110873864173311,41.49247636464507,-1.1236916423550465,0.0,0.0003276638621146,-0.8636477782615473,-0.6095100643841467,-0.274325074151263,0.0,-1.0,-1.3065713500137477,1,recon
BoT_adv_source_458,BoT-IoT,Reconnaissance,known,clean,adv_source,False,False,-3.4904708811989944,-1.4415057553718051,-2.11603507540802,-1.3547556456757268,0.6931471805599453,-3.4139126207964807,4.110873864173311,17.04634445360904,-1.1236916423550465,0.0,0.0256745420614794,-0.8544313487083122,-0.5966796513883059,-0.274325074151263,0.0,-1.0,-1.3065713500137477,1,recon
BoT_adv_source_459,BoT-IoT,Reconnaissance,known,clean,adv_source,False,False,-3.499429364964679,-1.4415057553718051,-2.11603507540802,-1.3547556456757268,0.6931471805599453,-3.4139126207964807,4.110873864173311,18.22998663419701,-1.1236916423550465,0.0,0.0206642192743682,-0.8562531622919486,-0.599215841845193,-0.274325074151263,0.0,-1.0,-1.3065713500137477,1,recon
BoT_adv_source_460,BoT-IoT,Reconnaissance,known,clean,adv_source,False,False,-3.4831435121027776,-1.4415057553718051,-2.11603507540802,-1.3547556456757268,0.6931471805599453,-3.4139126207964807,4.110873864173311,16.23940079677973,-1.1236916423550465,0.0,0.029802128623043,-0.852930508625746,-0.5945902958533007,-0.274325074151263,0.0,-1.0,-1.3065713500137477,1,recon
BoT_adv_source_461,BoT-IoT,Reconnaissance,known,clean,adv_source,False,False,-3.5369471208917176,-1.4415057553718051,-2.11603507540802,-1.3547556456757268,0.6931471805599453,-3.4139126207964807,4.110873864173311,47.88868573161562,-1.1236916423550465,0.0,0.0001057571793765,-0.8637284661984506,-0.6096223919995506,-0.274325074151263,0.0,-1.0,-1.3065713500137477,1,recon
BoT_adv_source_462,BoT-IoT,Reconnaissance,known,clean,adv_source,False,False,-3.498118779139028,-1.4415057553718051,-2.11603507540802,-1.3547556456757268,0.6931471805599453,-3.4139126207964807,4.110873864173311,18.039957948435543,-1.1236916423550465,0.0,0.0213947385191947,-0.8559875367145395,-0.5988460580975136,-0.274325074151263,0.0,-1.0,-1.3065713500137477,1,recon
BoT_adv_source_463,BoT-IoT,Reconnaissance,known,clean,adv_source,False,False,-3.4857675459612936,-1.4415057553718051,-2.11603507540802,-1.3547556456757268,0.6931471805599453,-3.4139126207964807,4.110873864173311,16.514751695788544,-1.1236916423550465,0.0,0.0283209167985956,-0.8534690950475555,-0.5953400749500598,-0.274325074151263,0.0,-1.0,-1.3065713500137477,1,recon
BoT_adv_source_464,BoT-IoT,Reconnaissance,known,clean,adv_source,False,False,-3.481797572584982,-1.4415057553718051,-2.11603507540802,-1.3547556456757268,0.6931471805599453,-3.4139126207964807,4.110873864173311,16.103434992928815,-1.1236916423550465,0.0,0.0305632135266489,-0.852653769007441,-0.5942050399822875,-0.274325074151263,0.0,-1.0,-1.3065713500137477,1,recon
BoT_adv_source_465,BoT-IoT,Reconnaissance,known,clean,adv_source,False,False,-3.4945423960606643,-1.4415057553718051,-2.11603507540802,-1.3547556456757268,0.6931471805599453,-3.4139126207964807,4.110873864173311,17.55270400969377,-1.1236916423550465,0.0,0.023392509977013,-0.8552611230015912,-0.5978348001164122,-0.274325074151263,0.0,-1.0,-1.3065713500137477,1,recon
BoT_adv_source_466,BoT-IoT,Reconnaissance,known,clean,adv_source,False,False,-3.475780410136368,-1.4415057553718051,-2.11603507540802,-1.3547556456757268,0.6931471805599453,-3.4139126207964807,4.110873864173311,15.534377638854822,-1.1236916423550465,0.0,0.0339767862991268,-0.8514125529202003,-0.5924771132483614,-0.274325074151263,0.0,-1.0,-1.3065713500137477,1,recon
BoT_adv_source_467,BoT-IoT,Reconnaissance,known,clean,adv_source,False,False,-3.515709714065935,-1.4415057553718051,-2.11603507540802,-1.3547556456757268,0.6931471805599453,-3.4139126207964807,4.110873864173311,21.386704274432272,-1.1236916423550465,0.0,0.0116595761979713,-0.8595273587398454,-0.6037739293793497,-0.274325074151263,0.0,-1.0,-1.3065713500137477,1,recon
BoT_adv_source_468,BoT-IoT,Reconnaissance,known,clean,adv_source,False,False,-3.529333512044983,-1.4415057553718051,-2.11603507540802,-1.3547556456757268,0.6931471805599453,-3.4139126207964807,4.110873864173311,27.06494498454945,-1.1236916423550465,0.0,0.0042229514169551,-0.862231404889789,-0.607538296986479,-0.274325074151263,0.0,-1.0,-1.3065713500137477,1,recon
BoT_adv_source_469,BoT-IoT,Reconnaissance,known,clean,adv_source,False,False,-3.52280749706062,-1.4415057553718051,-2.11603507540802,-1.3547556456757268,0.6931471805599453,-3.4139126207964807,4.110873864173311,23.64466831707951,-1.1236916423550465,0.0,0.0077740696539401,-0.8609401756185172,-0.6057407456975505,-0.274325074151263,0.0,-1.0,-1.3065713500137477,1,recon
BoT_adv_source_470,BoT-IoT,Reconnaissance,known,clean,adv_source,False,False,-3.4939263136981675,-1.4415057553718051,-2.11603507540802,-1.3547556456757268,0.6931471805599453,-3.4139126207964807,4.110873864173311,17.472992717762683,-1.1236916423550465,0.0,0.0237372906080441,-0.8551357566202867,-0.5976602745652062,-0.274325074151263,0.0,-1.0,-1.3065713500137477,1,recon
BoT_adv_source_471,BoT-IoT,Reconnaissance,known,clean,adv_source,False,False,-3.512381620370962,-1.4415057553718051,-2.11603507540802,-1.3547556456757268,0.6931471805599453,-3.4139126207964807,4.110873864173311,20.57831800796621,-1.1236916423550465,0.0,0.0134898478456788,-0.8588618499710062,-0.6028474586341178,-0.274325074151263,0.0,-1.0,-1.3065713500137477,1,recon
BoT_adv_source_472,BoT-IoT,Reconnaissance,known,clean,adv_source,False,False,-3.531468304293375,-1.4415057553718051,-2.11603507540802,-1.3547556456757268,0.6931471805599453,-3.4139126207964807,4.110873864173311,28.866241399346247,-1.1236916423550465,0.0,0.0030657355755689,-0.8626521824781032,-0.6081240715758991,-0.274325074151263,0.0,-1.0,-1.3065713500137477,1,recon
BoT_adv_source_473,BoT-IoT,Reconnaissance,known,clean,adv_source,False,False,-3.5368643232208656,-1.4415057553718051,-2.11603507540802,-1.3547556456757268,0.6931471805599453,-3.4139126207964807,4.110873864173311,45.897270227071374,-1.1236916423550465,0.0,0.0001503830411944,-0.8637122396987427,-0.6095998026994832,-0.274325074151263,0.0,-1.0,-1.3065713500137477,1,recon
BoT_adv_source_474,BoT-IoT,Reconnaissance,known,clean,adv_source,False,False,-3.4813795213286047,-1.4415057553718051,-2.11603507540802,-1.3547556456757268,0.6931471805599453,-3.4139126207964807,4.110873864173311,16.061892101830797,-1.1236916423550465,0.0,0.030799791725601,-0.8525677463309077,-0.5940852857476834,-0.274325074151263,0.0,-1.0,-1.3065713500137477,1,recon
BoT_adv_source_475,BoT-IoT,Reconnaissance,known,clean,adv_source,False,False,-3.512945619628652,-1.4415057553718051,-2.11603507540802,-1.3547556456757268,0.6931471805599453,-3.4139126207964807,4.110873864173311,20.70727870528256,-1.1236916423550465,0.0,0.0131793007524806,-0.8589747686265073,-0.6030046554071898,-0.274325074151263,0.0,-1.0,-1.3065713500137477,1,recon
BoT_adv_source_476,BoT-IoT,Reconnaissance,known,clean,adv_source,False,False,-3.536978880505968,0.0,0.3428835461398074,-0.4999999999999999,1.3862943611198906,-0.0846188131737645,5.332718793265369,57.992963346073296,56.00044780387184,9.531996498385292,8.864041046011862e-05,-0.8637346900613523,-0.6096310563886176,-0.274325074151263,0.0,-1.0,-1.3065713500137477,1,recon
BoT_adv_source_477,BoT-IoT,Reconnaissance,known,clean,adv_source,False,False,-3.490153017494928,-1.4415057553718051,-2.11603507540802,-1.3547556456757268,0.6931471805599453,-3.4139126207964807,4.110873864173311,17.008728600691445,-1.1236916423550465,0.0,0.0258530455087508,-0.8543664427094809,-0.596589294188036,-0.274325074151263,0.0,-1.0,-1.3065713500137477,1,recon
BoT_adv_source_478,BoT-IoT,Reconnaissance,known,clean,adv_source,False,False,-3.5051378956224086,-1.4415057553718051,-2.11603507540802,-1.3547556456757268,0.6931471805599453,-3.4139126207964807,4.110873864173311,19.144434922725907,-1.1236916423550465,0.0,0.0174921152062471,-0.8574065774561127,-0.6008215388047815,-0.274325074151263,0.0,-1.0,-1.3065713500137477,1,recon
BoT_adv_source_479,BoT-IoT,Reconnaissance,known,clean,adv_source,False,False,-3.5369425838765487,-1.4415057553718051,-2.11603507540802,-1.3547556456757268,0.6931471805599453,-3.4139126207964807,4.110873864173311,47.75937784602854,-1.1236916423550465,0.0,0.0001082024320789,-0.863727577075179,-0.6096211542296839,-0.274325074151263,0.0,-1.0,-1.3065713500137477,1,recon
BoT_adv_source_480,BoT-IoT,Reconnaissance,known,clean,adv_source,False,False,-3.4810771513260934,-1.4415057553718051,-2.11603507540802,-1.3547556456757268,0.6931471805599453,-3.4139126207964807,4.110873864173311,16.03204375970296,-1.1236916423550465,0.0,0.0309709594147654,-0.8525055077018914,-0.5939986418570137,-0.274325074151263,0.0,-1.0,-1.3065713500137477,1,recon
BoT_adv_source_481,BoT-IoT,Reconnaissance,known,clean,adv_source,False,False,-3.537143364162758,-2.131322541493832,-3.1061407683308198,-1.3547556456757268,0.0,-3.4139126207964807,0.0,-1.1227825094984891,-1.1236916423550465,0.0,0.0,-0.86376692077995,-0.6096759255462858,-0.274325074151263,0.0,-1.0,-1.0,1,recon
BoT_adv_source_482,BoT-IoT,Reconnaissance,known,clean,adv_source,False,False,-3.495361079708803,-1.4415057553718051,-2.11603507540802,-1.3547556456757268,0.6931471805599453,-3.4139126207964807,4.110873864173311,17.660465094374967,-1.1236916423550465,0.0,0.0229346364084984,-0.8554276113342101,-0.5980665725239535,-0.274325074151263,0.0,-1.0,-1.3065713500137477,1,recon
BoT_adv_source_483,BoT-IoT,Reconnaissance,known,clean,adv_source,False,False,-3.5026106736535545,-1.4415057553718051,-2.11603507540802,-1.3547556456757268,0.6931471805599453,-3.4139126207964807,4.110873864173311,18.72070321323635,-1.1236916423550465,0.0,0.0188944676310437,-0.8568966652598142,-0.6001116777862238,-0.274325074151263,0.0,-1.0,-1.3065713500137477,1,recon
BoT_adv_source_484,BoT-IoT,Reconnaissance,known,clean,adv_source,False,False,-3.536909691059208,-2.131322541493832,-3.1061407683308198,-1.3547556456757268,0.0,-3.4139126207964807,0.0,-1.1227825094984891,-1.1236916423550465,0.0,0.0001259305141709,-0.8637211309314594,-0.6096121803981503,-0.274325074151263,0.0,0.0,0.0,1,recon
BoT_adv_source_485,BoT-IoT,Reconnaissance,known,clean,adv_source,False,False,-3.5075259672427053,-1.4415057553718051,-2.11603507540802,-1.3547556456757268,0.6931471805599453,-3.4139126207964807,4.110873864173311,19.577252525915704,-1.1236916423550465,0.0,0.0161698448074523,-0.8578873708652642,-0.6014908628602046,-0.274325074151263,0.0,-1.0,-1.3065713500137477,1,recon
BoT_adv_source_486,BoT-IoT,Reconnaissance,known,clean,adv_source,False,False,-3.5350963911937514,-1.4415057553718051,-2.11603507540802,-1.3547556456757268,0.6931471805599453,-3.4139126207964807,4.110873864173311,34.62672804177357,-1.1236916423550465,0.0,0.0011040315951101,-0.8633654816227944,-0.6091170724514665,-0.274325074151263,0.0,-1.0,-1.3065713500137477,1,recon
BoT_adv_source_487,BoT-IoT,Reconnaissance,known,clean,adv_source,False,False,-3.486087436674976,-1.4415057553718051,-2.11603507540802,-1.3547556456757268,0.6931471805599453,-3.4139126207964807,4.110873864173311,16.5492996421998,-1.1236916423550465,0.0,0.0281405794117975,-0.8535346678888407,-0.5954313604777296,-0.274325074151263,0.0,-1.0,-1.3065713500137477,1,recon
BoT_adv_source_488,BoT-IoT,Reconnaissance,known,clean,adv_source,False,False,-3.506666433214764,-1.4415057553718051,-2.11603507540802,-1.3547556456757268,0.6931471805599453,-3.4139126207964807,4.110873864173311,19.41752294106312,-1.1236916423550465,0.0,0.0166454464580591,-0.8577144363889257,-0.6012501166211296,-0.274325074151263,0.0,-1.0,-1.3065713500137477,1,recon
BoT_adv_source_489,BoT-IoT,Reconnaissance,known,clean,adv_source,False,False,-3.537076433452281,-2.131322541493832,-3.1061407683308198,-1.3547556456757268,0.0,-3.4139126207964807,0.0,-1.1227825094984891,-1.1236916423550465,0.0,3.606747735963447e-05,-0.8637538062116931,-0.6096576684407518,-0.274325074151263,0.0,0.0,0.0,1,recon
BoT_adv_source_490,BoT-IoT,Reconnaissance,known,clean,adv_source,False,False,-3.5368405058320054,-1.4415057553718051,-2.11603507540802,-1.3547556456757268,0.6931471805599453,-3.4139126207964807,4.110873864173311,45.43390538661457,-1.1236916423550465,0.0,0.0001632206178817,-0.8637075718015665,-0.6095933044076829,-0.274325074151263,0.0,-1.0,-1.3065713500137477,1,recon
BoT_adv_source_491,BoT-IoT,Reconnaissance,known,clean,adv_source,False,False,-3.5062170391312475,-1.4415057553718051,-2.11603507540802,-1.3547556456757268,0.6931471805599453,-3.4139126207964807,4.110873864173311,19.33581829828009,-1.1236916423550465,0.0,0.016894250920523,-0.8576239680960341,-0.6011241735371918,-0.274325074151263,0.0,-1.0,-1.3065713500137477,1,recon
BoT_adv_source_492,BoT-IoT,Reconnaissance,known,clean,adv_source,False,False,-3.536043478802889,-1.4415057553718051,-2.11603507540802,-1.3547556456757268,0.6931471805599453,-3.4139126207964807,4.110873864173311,38.13884380504941,-1.1236916423550465,0.0,0.0005929737803194,-0.8635513083865719,-0.6093757663536088,-0.274325074151263,0.0,-1.0,-1.3065713500137477,1,recon
BoT_adv_source_493,BoT-IoT,Reconnaissance,known,clean,adv_source,False,False,-3.4937679777794126,-1.4415057553718051,-2.11603507540802,-1.3547556456757268,0.6931471805599453,-3.4139126207964807,4.110873864173311,17.452693820013526,-1.1236916423550465,0.0,0.0238259310185043,-0.855103525901689,-0.597615405407538,-0.274325074151263,0.0,-1.0,-1.3065713500137477,1,recon
BoT_adv_source_494,BoT-IoT,Reconnaissance,known,clean,adv_source,False,False,-3.525710302434624,-1.4415057553718051,-2.11603507540802,-1.3547556456757268,0.6931471805599453,-3.4139126207964807,4.110873864173311,24.917586619981623,-1.1236916423550465,0.0,0.0061919911555209,-0.8615154383752828,-0.6065415828013114,-0.274325074151263,0.0,-1.0,-1.3065713500137477,1,recon
BoT_adv_source_495,BoT-IoT,Reconnaissance,known,clean,adv_source,False,False,-3.500998574743058,-1.4415057553718051,-2.11603507540802,-1.3547556456757268,0.6931471805599453,-3.4139126207964807,4.110873864173311,18.466550426676687,-1.1236916423550465,0.0,0.0197906527464543,-0.8565708015807499,-0.5996580351300749,-0.274325074151263,0.0,-1.0,-1.3065713500137477,1,recon
BoT_adv_source_496,BoT-IoT,Reconnaissance,known,clean,adv_source,False,False,-3.5041864970877694,-1.4415057553718051,-2.11603507540802,-1.3547556456757268,0.6931471805599453,-3.4139126207964807,4.110873864173311,18.98105801738857,-1.1236916423550465,0.0,0.0180196784767787,-0.8572147491102515,-0.600554489956039,-0.274325074151263,0.0,-1.0,-1.3065713500137477,1,recon
BoT_adv_source_497,BoT-IoT,Reconnaissance,known,clean,adv_source,False,False,-3.4980332872402826,-1.4415057553718051,-2.11603507540802,-1.3547556456757268,0.6931471805599453,-3.4139126207964807,4.110873864173311,18.027788306881344,-1.1236916423550465,0.0,0.0214424209468904,-0.8559701988107419,-0.5988219215851128,-0.274325074151263,0.0,-1.0,-1.3065713500137477,1,recon
BoT_adv_source_498,BoT-IoT,Reconnaissance,known,clean,adv_source,False,False,-3.48433294293002,-1.4415057553718051,-2.11603507540802,-1.3547556456757268,0.6931471805599453,-3.4139126207964807,4.110873864173311,16.36247657452564,-1.1236916423550465,0.0,0.0291302954430729,-0.8531747952446354,-0.5949303731241791,-0.274325074151263,0.0,-1.0,-1.3065713500137477,1,recon
BoT_adv_source_499,BoT-IoT,Reconnaissance,known,clean,adv_source,False,False,-3.536684004000812,-1.4415057553718051,-2.11603507540802,-1.3547556456757268,0.6931471805599453,-3.4139126207964807,4.110873864173311,43.07736228674767,-1.1236916423550465,0.0,0.0002475818361127,-0.8636768970486941,-0.6095506013472815,-0.274325074151263,0.0,-1.0,-1.3065713500137477,1,recon
BoT_adv_source_500,BoT-IoT,Reconnaissance,known,clean,adv_source,False,False,-3.4648091614182683,-1.4415057553718051,-2.11603507540802,-1.3547556456757268,0.6931471805599453,-3.4139126207964807,4.110873864173311,14.630785513618925,-1.1236916423550465,0.0,0.0402476368542985,-0.849132396290022,-0.5893028524251857,-0.274325074151263,0.0,-1.0,-1.3065713500137477,1,recon
BoT_adv_source_501,BoT-IoT,Reconnaissance,known,clean,adv_source,False,False,-3.527567143835054,-1.4415057553718051,-2.11603507540802,-1.3547556456757268,0.6931471805599453,-3.4139126207964807,4.110873864173311,25.915703514717144,-1.1236916423550465,0.0,0.0051821017894512,-0.8618826462864793,-0.6070527817562623,-0.274325074151263,0.0,-1.0,-1.3065713500137477,1,recon
BoT_adv_source_502,BoT-IoT,Reconnaissance,known,clean,adv_source,False,False,-3.5100542058635003,-1.4415057553718051,-2.11603507540802,-1.3547556456757268,0.6931471805599453,-3.4139126207964807,4.110873864173311,20.07582462947293,-1.1236916423550465,0.0,0.014772994201236,-0.8583952825342013,-0.6021979388965621,-0.274325074151263,0.0,-1.0,-1.3065713500137477,1,recon
BoT_adv_source_503,BoT-IoT,Reconnaissance,known,clean,adv_source,False,False,-3.4857556195772554,-1.4415057553718051,-2.11603507540802,-1.3547556456757268,0.6931471805599453,-3.4139126207964807,4.110873864173311,16.51346765523053,-1.1236916423550465,0.0,0.0283276412435271,-0.8534666499585585,-0.5953366710829264,-0.274325074151263,0.0,-1.0,-1.3065713500137477,1,recon
BoT_adv_source_504,BoT-IoT,Reconnaissance,known,clean,adv_source,False,False,-3.536613698612165,-1.4415057553718051,-2.11603507540802,-1.3547556456757268,0.6931471805599453,-3.4139126207964807,4.110873864173311,42.27178087365589,-1.1236916423550465,0.0,0.0002854832529991,-0.8636631156379835,-0.6095314159143476,-0.274325074151263,0.0,-1.0,-1.3065713500137477,1,recon
BoT_adv_source_505,BoT-IoT,Reconnaissance,known,clean,adv_source,False,False,-3.471634205747585,-1.4415057553718051,-2.11603507540802,-1.3547556456757268,0.6931471805599453,-3.4139126207964807,4.110873864173311,15.17468277925279,-1.1236916423550465,0.0,0.0363395117227706,-0.8505534375589564,-0.5912811181146537,-0.274325074151263,0.0,-1.0,-1.3065713500137477,1,recon
BoT_adv_source_506,BoT-IoT,Reconnaissance,known,clean,adv_source,False,False,-3.4901203653096746,-1.4415057553718051,-2.11603507540802,-1.3547556456757268,0.6931471805599453,-3.4139126207964807,4.110873864173311,17.004879206299954,-1.1236916423550465,0.0,0.0258713849040184,-0.8543597742849434,-0.5965800109140357,-0.274325074151263,0.0,-1.0,-1.3065713500137477,1,recon
BoT_adv_source_507,BoT-IoT,Reconnaissance,known,clean,adv_source,False,False,-3.5273421828671987,-1.4415057553718051,-2.11603507540802,-1.3547556456757268,0.6931471805599453,-3.4139126207964807,4.110873864173311,25.78488554004993,-1.1236916423550465,0.0,0.0053043644245686,-0.8618381901228962,-0.6069908932629268,-0.274325074151263,0.0,-1.0,-1.3065713500137477,1,recon
BoT_adv_source_508,BoT-IoT,Reconnaissance,known,clean,adv_source,False,False,-1.3238007971172612,0.7689611737250349,0.8567423599641163,0.1900911776928238,1.6094379124341005,0.2893460492581026,5.924255797414532,4.041336991093077,2.492592419058432,0.4034818093373886,0.0005385669076921,-0.8572080806857141,-0.6049742567075909,-0.2661227689613837,0.0,-1.0,-1.9549353863073964,1,recon
BoT_adv_source_509,BoT-IoT,Reconnaissance,known,clean,adv_source,False,False,-3.486954305822869,-1.4415057553718051,-2.11603507540802,-1.3547556456757268,0.6931471805599453,-3.4139126207964807,4.110873864173311,16.644044280814455,-1.1236916423550465,0.0,0.0276521401845034,-0.8537122702623552,-0.5956786050086048,-0.274325074151263,0.0,-1.0,-1.3065713500137477,1,recon
BoT_adv_source_510,BoT-IoT,Reconnaissance,known,clean,adv_source,False,False,-3.471929784680692,-1.4415057553718051,-2.11603507540802,-1.3547556456757268,0.6931471805599453,-3.4139126207964807,4.110873864173311,15.199539314129307,-1.1236916423550465,0.0,0.0361707892863086,-0.8506147870647012,-0.5913665242354565,-0.274325074151263,0.0,-1.0,-1.3065713500137477,1,recon
BoT_adv_source_511,BoT-IoT,Reconnaissance,known,clean,adv_source,False,False,-3.537138826362687,-2.131322541493832,-3.1061407683308198,-1.3547556456757268,0.0,-3.4139126207964807,0.0,-1.1227825094984891,-1.1236916423550465,0.0,2.4452527023481e-06,-0.8637660316566783,-0.6096746877764191,-0.274325074151263,0.0,0.0,0.0,1,recon
BoT_adv_source_512,BoT-IoT,Reconnaissance,known,clean,adv_source,False,False,-3.535445226225327,-1.4415057553718051,-2.11603507540802,-1.3547556456757268,0.6931471805599453,-3.4139126207964807,4.110873864173311,35.68293418830286,-1.1236916423550465,0.0,0.0009157471370293,-0.8634339441147124,-0.6092123807312032,-0.274325074151263,0.0,-1.0,-1.3065713500137477,1,recon
BoT_adv_source_513,BoT-IoT,Reconnaissance,known,clean,adv_source,False,False,-3.5272432141719,-1.4415057553718051,-2.11603507540802,-1.3547556456757268,0.6931471805599453,-3.4139126207964807,4.110873864173311,25.7282869121973,-1.1236916423550465,0.0,0.0053581599840202,-0.8618186294109197,-0.6069636623258593,-0.274325074151263,0.0,-1.0,-1.3065713500137477,1,recon
BoT_adv_source_514,BoT-IoT,Reconnaissance,known,clean,adv_source,False,False,-3.4964429977930824,-1.4415057553718051,-2.11603507540802,-1.3547556456757268,0.6931471805599453,-3.4139126207964807,4.110873864173311,17.806222353974118,-1.1236916423550465,0.0,0.0223300476778428,-0.8556474470631286,-0.5983726111234974,-0.274325074151263,0.0,-1.0,-1.3065713500137477,1,recon
BoT_adv_source_515,BoT-IoT,Reconnaissance,known,clean,adv_source,False,False,-3.50058876756224,-1.4415057553718051,-2.11603507540802,-1.3547556456757268,0.6931471805599453,-3.4139126207964807,4.110873864173311,18.403777834956976,-1.1236916423550465,0.0,0.0200186725609483,-0.8564878908356675,-0.5995426130900041,-0.274325074151263,0.0,-1.0,-1.3065713500137477,1,recon
BoT_adv_source_516,BoT-IoT,Reconnaissance,known,clean,adv_source,False,False,-3.536161353631716,-1.4415057553718051,-2.11603507540802,-1.3547556456757268,0.6931471805599453,-3.4139126207964807,4.110873864173311,38.77993145865465,-1.1236916423550465,0.0,0.0005293972100583,-0.8635744255916351,-0.6094079483701432,-0.274325074151263,0.0,-1.0,-1.3065713500137477,1,recon
BoT_adv_source_517,BoT-IoT,Reconnaissance,known,clean,adv_source,False,False,-3.51667862897918,-1.4415057553718051,-2.11603507540802,-1.3547556456757268,0.6931471805599453,-3.4139126207964807,4.110873864173311,21.64602685547696,-1.1236916423550465,0.0,0.0111277337352106,-0.8597207430514321,-0.6040431443253589,-0.274325074151263,0.0,-1.0,-1.3065713500137477,1,recon
BoT_adv_source_518,BoT-IoT,Reconnaissance,known,clean,adv_source,False,False,-1.5033007863930714,0.7689611737250349,0.456074128086562,0.1900911776928238,1.6094379124341005,-0.1738034947587885,5.652489180268651,4.698236900298617,3.026529555925827,0.4695372705174065,0.0002390234516545,-0.818042867411437,-0.5777884982401233,-0.2154963281460758,0.0,-1.0,-1.9549353863073964,1,recon
BoT_adv_source_519,BoT-IoT,Reconnaissance,known,clean,adv_source,False,False,-3.5367112201597424,0.7689611737250349,1.6835055976128974,0.1900911776928238,1.6094379124341005,1.06492772195008,6.634633357861686,55.852751525603296,55.702175143630825,8.971450509786978,0.0002329103198986,-0.8636822317883242,-0.6095580279664817,-0.274325074151263,0.0,-1.0,-1.3065713500137477,1,recon
BoT_adv_source_520,BoT-IoT,Reconnaissance,known,clean,adv_source,False,False,-3.52239309630839,-1.4415057553718051,-2.11603507540802,-1.3547556456757268,0.6931471805599453,-3.4139126207964807,4.110873864173311,23.48446668722064,-1.1236916423550465,0.0,0.0080002555289073,-0.8608579317158883,-0.6056262519848798,-0.274325074151263,0.0,-1.0,-1.3065713500137477,1,recon
BoT_adv_source_521,BoT-IoT,Reconnaissance,known,clean,adv_source,False,False,-3.4922076405388105,-1.4415057553718051,-2.11603507540802,-1.3547556456757268,0.6931471805599453,-3.4139126207964807,4.110873864173311,17.256601534997337,-1.1236916423550465,0.0,0.0247001088595937,-0.8547856643320698,-0.5971729026801895,-0.274325074151263,0.0,-1.0,-1.3065713500137477,1,recon
BoT_adv_source_522,BoT-IoT,Reconnaissance,known,clean,adv_source,False,False,-3.477693948844156,-1.4415057553718051,-2.11603507540802,-1.3547556456757268,0.6931471805599453,-3.4139126207964807,4.110873864173311,15.70889537276293,-1.1236916423550465,0.0,0.0328892601597575,-0.8518079904952721,-0.5930276113965803,-0.274325074151263,0.0,-1.0,-1.3065713500137477,1,recon
BoT_adv_source_523,BoT-IoT,Reconnaissance,known,clean,adv_source,False,False,-3.53536706879378,-1.4415057553718051,-2.11603507540802,-1.3547556456757268,0.6931471805599453,-3.4139126207964807,4.110873864173311,35.42853371379372,-1.1236916423550465,0.0,0.0009579277461448,-0.8634186067382762,-0.6091910292010024,-0.274325074151263,0.0,-1.0,-1.3065713500137477,1,recon
BoT_adv_source_524,BoT-IoT,Reconnaissance,known,clean,adv_source,False,False,-3.471982268701576,-1.4415057553718051,-2.11603507540802,-1.3547556456757268,0.6931471805599453,-3.4139126207964807,4.110873864173311,15.203964832181097,-1.1236916423550465,0.0,0.0361408349407049,-0.850625678824779,-0.5913816869163238,-0.274325074151263,0.0,-1.0,-1.3065713500137477,1,recon
BoT_adv_source_525,BoT-IoT,Reconnaissance,known,clean,adv_source,False,False,-3.487756668497452,-1.4415057553718051,-2.11603507540802,-1.3547556456757268,0.6931471805599453,-3.4139126207964807,4.110873864173311,16.73324113781446,-1.1236916423550465,0.0,0.0272003797477446,-0.8538765357867949,-0.5959072829914792,-0.274325074151263,0.0,-1.0,-1.3065713500137477,1,recon
BoT_adv_source_526,BoT-IoT,Reconnaissance,known,clean,adv_source,False,False,-3.45379330905263,-1.4415057553718051,-2.11603507540802,-1.3547556456757268,0.6931471805599453,-3.4139126207964807,4.110873864173311,13.855913477558364,-1.1236916423550465,0.0,0.0466052938804036,-0.8468206757836996,-0.5860846507717418,-0.274325074151263,0.0,-1.0,-1.3065713500137477,1,recon
BoT_adv_source_527,BoT-IoT,Reconnaissance,known,clean,adv_source,False,False,-3.4576398747371813,-1.4415057553718051,-2.11603507540802,-1.3547556456757268,0.6931471805599453,-3.4139126207964807,4.110873864173311,14.113765377903633,-1.1236916423550465,0.0,0.04437827998174,-0.8476304448033661,-0.5872119496778471,-0.274325074151263,0.0,-1.0,-1.3065713500137477,1,recon
BoT_adv_source_528,BoT-IoT,Reconnaissance,known,clean,adv_source,False,False,-3.537057149065103,-1.4415057553718051,-2.11603507540802,-1.3547556456757268,0.6931471805599453,-3.4139126207964807,4.110873864173311,52.54213874104419,-1.1236916423550465,0.0,4.645980134461391e-05,-0.8637500274377885,-0.6096524079188184,-0.274325074151263,0.0,-1.0,-1.3065713500137477,1,recon
BoT_adv_source_529,BoT-IoT,Reconnaissance,known,clean,adv_source,False,False,-3.490865068794051,-1.4415057553718051,-2.11603507540802,-1.3547556456757268,0.6931471805599453,-3.4139126207964807,4.110873864173311,17.093357380061185,-1.1236916423550465,0.0,0.0254532466919169,-0.8545118143643977,-0.5967916695612431,-0.274325074151263,0.0,-1.0,-1.3065713500137477,1,recon
BoT_adv_source_530,BoT-IoT,Reconnaissance,known,clean,adv_source,False,False,-3.5056530641101222,-1.4415057553718051,-2.11603507540802,-1.3547556456757268,0.6931471805599453,-3.4139126207964807,4.110873864173311,19.234968659922966,-1.1236916423550465,0.0,0.0172066319532479,-0.8575103825980793,-0.6009660484367199,-0.274325074151263,0.0,-1.0,-1.3065713500137477,1,recon
BoT_adv_source_531,BoT-IoT,Reconnaissance,known,clean,adv_source,False,False,-3.472839494287678,-1.4415057553718051,-2.11603507540802,-1.3547556456757268,0.6931471805599453,-3.4139126207964807,4.110873864173311,15.276774710392155,-1.1236916423550465,0.0,0.0356517844002352,-0.8508035034791115,-0.5916292408896656,-0.274325074151263,0.0,-1.0,-1.3065713500137477,1,recon
BoT_adv_source_532,BoT-IoT,Reconnaissance,known,clean,adv_source,False,False,-3.535416907693301,-1.4415057553718051,-2.11603507540802,-1.3547556456757268,0.6931471805599453,-3.4139126207964807,4.110873864173311,35.589429265000085,-1.1236916423550465,0.0,0.000931029966419,-0.8634283870942645,-0.6092046446695363,-0.274325074151263,0.0,-1.0,-1.3065713500137477,1,recon
BoT_adv_source_533,BoT-IoT,Reconnaissance,known,clean,adv_source,False,False,-3.5198528822828994,-1.4415057553718051,-2.11603507540802,-1.3547556456757268,0.6931471805599453,-3.4139126207964807,4.110873864173311,22.591765504480357,-1.1236916423550465,0.0,0.0093885477506655,-0.860353131978402,-0.6049235081430558,-0.274325074151263,0.0,-1.0,-1.3065713500137477,1,recon
BoT_adv_source_534,BoT-IoT,Reconnaissance,known,clean,adv_source,False,False,-3.513459902674711,-1.4415057553718051,-2.11603507540802,-1.3547556456757268,0.6931471805599453,-3.4139126207964807,4.110873864173311,20.827547418737105,-1.1236916423550465,0.0,0.0128962627521838,-0.8590776846452023,-0.6031479272692615,-0.274325074151263,0.0,-1.0,-1.3065713500137477,1,recon
BoT_adv_source_535,BoT-IoT,Reconnaissance,known,clean,adv_source,False,False,-3.5371252130713797,-1.4415057553718051,-1.957766244816019,-1.3547556456757268,0.6931471805599453,-3.072331387892628,4.110873864173311,61.357719005933824,-1.1236916423550465,0.0,9.7810108093924e-06,-0.8637633642868633,-0.609670974466819,-0.274325074151263,0.0,-1.0,-1.3065713500137477,1,recon
BoT_adv_source_536,BoT-IoT,Reconnaissance,known,clean,adv_source,False,False,-3.536814420694121,-1.4415057553718051,-2.11603507540802,-1.3547556456757268,0.6931471805599453,-3.4139126207964807,4.110873864173311,44.96650544587407,-1.1236916423550465,0.0,0.0001772808209202,-0.8637024593427544,-0.6095861872309494,-0.274325074151263,0.0,-1.0,-1.3065713500137477,1,recon
BoT_adv_source_537,BoT-IoT,Reconnaissance,known,clean,adv_source,False,False,-3.5314254110311585,-1.4415057553718051,-2.11603507540802,-1.3547556456757268,0.6931471805599453,-3.4139126207964807,4.110873864173311,28.823744639633176,-1.1236916423550465,0.0,0.0030889654762412,-0.8626437358070224,-0.6081123127621654,-0.274325074151263,0.0,-1.0,-1.3065713500137477,1,recon
BoT_adv_source_538,BoT-IoT,Reconnaissance,known,clean,adv_source,False,False,-3.5272926974403056,-1.4415057553718051,-2.11603507540802,-1.3547556456757268,0.6931471805599453,-3.4139126207964807,4.110873864173311,25.75651460386273,-1.1236916423550465,0.0,0.0053312622042944,-0.861828409766908,-0.6069772777943931,-0.274325074151263,0.0,-1.0,-1.3065713500137477,1,recon
BoT_adv_source_539,BoT-IoT,Reconnaissance,known,clean,adv_source,False,False,-3.53660576118072,-1.4415057553718051,-2.11603507540802,-1.3547556456757268,0.6931471805599453,-3.4139126207964807,4.110873864173311,42.187640794030656,-1.1236916423550465,0.0,0.0002897624452282,-0.8636615596722579,-0.6095292498170807,-0.274325074151263,0.0,-1.0,-1.3065713500137477,1,recon
BoT_adv_source_540,BoT-IoT,Reconnaissance,known,clean,adv_source,False,False,-3.5239304997439085,-1.4415057553718051,-2.11603507540802,-1.3547556456757268,0.6931471805599453,-3.4139126207964807,4.110873864173311,24.10341427522519,-1.1236916423550465,0.0,0.0071615338520019,-0.8611629009980686,-0.6060508070491613,-0.274325074151263,0.0,-1.0,-1.3065713500137477,1,recon
BoT_adv_source_541,BoT-IoT,Reconnaissance,known,clean,adv_source,False,False,-3.536279240709555,-1.4415057553718051,-2.11603507540802,-1.3547556456757268,0.6931471805599453,-3.4139126207964807,4.110873864173311,39.50321369401904,-1.1236916423550465,0.0,0.0004658206397973,-0.8635975427966983,-0.6094401303866777,-0.274325074151263,0.0,-1.0,-1.3065713500137477,1,recon
BoT_adv_source_542,BoT-IoT,Reconnaissance,known,clean,adv_source,False,False,-3.4814475656871657,-1.4415057553718051,-2.11603507540802,-1.3547556456757268,0.6931471805599453,-3.4139126207964807,4.110873864173311,16.068632435681604,-1.1236916423550465,0.0,0.030761278995539,-0.8525817500224363,-0.594104780623084,-0.274325074151263,0.0,-1.0,-1.3065713500137477,1,recon
BoT_adv_source_543,BoT-IoT,Reconnaissance,known,clean,adv_source,False,False,-3.487328815880369,-1.4415057553718051,-2.11603507540802,-1.3547556456757268,0.6931471805599453,-3.4139126207964807,4.110873864173311,16.685494878742812,-1.1236916423550465,0.0,0.0274412371389259,-0.8537889571445361,-0.5957853626596084,-0.274325074151263,0.0,-1.0,-1.3065713500137477,1,recon
BoT_adv_source_544,BoT-IoT,Reconnaissance,known,clean,adv_source,False,False,-3.492290513576714,-1.4415057553718051,-2.11603507540802,-1.3547556456757268,0.6931471805599453,-3.4139126207964807,4.110873864173311,17.266840548102614,-1.1236916423550465,0.0,0.0246536490582491,-0.8548025576742313,-0.597196420307657,-0.274325074151263,0.0,-1.0,-1.3065713500137477,1,recon
BoT_adv_source_545,BoT-IoT,Reconnaissance,known,clean,adv_source,False,False,-3.496642209435184,-1.4415057553718051,-2.11603507540802,-1.3547556456757268,0.6931471805599453,-3.4139126207964807,4.110873864173311,17.833489607587143,-1.1236916423550465,0.0,0.022218788679886,-0.8556879021719892,-0.5984289296524327,-0.274325074151263,0.0,-1.0,-1.3065713500137477,1,recon
BoT_adv_source_546,BoT-IoT,Reconnaissance,known,clean,adv_source,False,False,-3.536305313544487,-1.4415057553718051,-2.11603507540802,-1.3547556456757268,0.6931471805599453,-3.4139126207964807,4.110873864173311,39.67649283547513,-1.1236916423550465,0.0,0.0004517604367588,-0.8636026552555104,-0.6094472475634112,-0.274325074151263,0.0,-1.0,-1.3065713500137477,1,recon
BoT_adv_source_547,BoT-IoT,Reconnaissance,known,clean,adv_source,False,False,-3.531373489778243,-1.4415057553718051,-2.11603507540802,-1.3547556456757268,0.6931471805599453,-3.4139126207964807,4.110873864173311,28.772729245262852,-1.1236916423550465,0.0,0.0031170858823182,-0.8626335108893983,-0.6080980784086983,-0.274325074151263,0.0,-1.0,-1.3065713500137477,1,recon
BoT_adv_source_548,BoT-IoT,Reconnaissance,known,clean,adv_source,False,False,-3.500875507168277,-1.4415057553718051,-2.11603507540802,-1.3547556456757268,0.6931471805599453,-3.4139126207964807,4.110873864173311,18.447623741423424,-1.1236916423550465,0.0,0.01985911982212,-0.8565459061291435,-0.5996233775738069,-0.274325074151263,0.0,-1.0,-1.3065713500137477,1,recon
BoT_adv_source_549,BoT-IoT,Reconnaissance,known,clean,adv_source,False,False,-3.5342870088730267,-1.4415057553718051,-2.11603507540802,-1.3547556456757268,0.6931471805599453,-3.4139126207964807,4.110873864173311,32.74360188219926,-1.1236916423550465,0.0,0.0015411205156548,-0.8632065508379847,-0.6088958210877924,-0.274325074151263,0.0,-1.0,-1.3065713500137477,1,recon
BoT_adv_source_550,BoT-IoT,Reconnaissance,known,clean,adv_source,False,False,-3.5264472800433087,-1.4415057553718051,-2.11603507540802,-1.3547556456757268,0.6931471805599453,-3.4139126207964807,4.110873864173311,25.292750972873822,-1.1236916423550465,0.0,0.0057909697123358,-0.8616612545918354,-0.6067445770594517,-0.274325074151263,0.0,-1.0,-1.3065713500137477,1,recon
BoT_adv_source_551,BoT-IoT,Reconnaissance,known,clean,adv_source,False,False,-3.495239715462988,-1.4415057553718051,-2.11603507540802,-1.3547556456757268,0.6931471805599453,-3.4139126207964807,4.110873864173311,17.644355164311172,-1.1236916423550465,0.0,0.0230024921709885,-0.8554029381634213,-0.5980322244101524,-0.274325074151263,0.0,-1.0,-1.3065713500137477,1,recon
BoT_adv_source_552,BoT-IoT,Reconnaissance,known,clean,adv_source,False,False,-3.532787499360176,-1.4415057553718051,-2.11603507540802,-1.3547556456757268,0.6931471805599453,-3.4139126207964807,4.110873864173311,30.359811956501638,-1.1236916423550465,0.0,0.0023517217864832,-0.8629118064734287,-0.6084855003769782,-0.274325074151263,0.0,-1.0,-1.3065713500137477,1,recon
BoT_adv_source_553,BoT-IoT,Reconnaissance,known,clean,adv_source,False,False,-3.53697774621872,-1.4415057553718051,-2.11603507540802,-1.3547556456757268,0.6931471805599453,-3.4139126207964807,4.110873864173311,48.84860334935441,-1.1236916423550465,0.0,8.925172363570564e-05,-0.8637344677805343,-0.6096307469461509,-0.274325074151263,0.0,-1.0,-1.3065713500137477,1,recon
BoT_adv_source_554,BoT-IoT,Reconnaissance,known,clean,adv_source,False,False,-3.536916496391445,-1.4415057553718051,-2.11603507540802,-1.3547556456757268,0.6931471805599453,-3.4139126207964807,4.110873864173311,47.06828809844594,-1.1236916423550465,0.0,0.0001222626351174,-0.8637224646163669,-0.6096140370529504,-0.274325074151263,0.0,-1.0,-1.3065713500137477,1,recon
BoT_adv_source_555,BoT-IoT,Reconnaissance,known,clean,adv_source,False,False,-3.480088532165832,-1.4415057553718051,-2.11603507540802,-1.3547556456757268,0.6931471805599453,-3.4139126207964807,4.110873864173311,15.93559086719766,-1.1236916423550465,0.0,0.0315309222836031,-0.8523018984726807,-0.5937151925575372,-0.274325074151263,0.0,-1.0,-1.3065713500137477,1,recon
BoT_adv_source_556,BoT-IoT,Reconnaissance,known,clean,adv_source,False,False,-3.532404458514897,-1.4415057553718051,-2.11603507540802,-1.3547556456757268,0.6931471805599453,-3.4139126207964807,4.110873864173311,29.88389591105969,-1.1236916423550465,0.0,0.0025589569530072,-0.8628364532761553,-0.6083805993807746,-0.274325074151263,0.0,-1.0,-1.3065713500137477,1,recon
BoT_adv_source_557,BoT-IoT,Reconnaissance,known,clean,adv_source,False,False,-3.5365071148811773,-1.4415057553718051,-2.11603507540802,-1.3547556456757268,0.6931471805599453,-3.4139126207964807,4.110873864173311,41.23468957790174,-1.1236916423550465,0.0,0.0003429466915043,-0.8636422212410994,-0.6095023283224797,-0.274325074151263,0.0,-1.0,-1.3065713500137477,1,recon
BoT_adv_source_558,BoT-IoT,Reconnaissance,known,clean,adv_source,False,False,-3.5361398178928085,-1.4415057553718051,-2.11603507540802,-1.3547556456757268,0.6931471805599453,-3.4139126207964807,4.110873864173311,38.65724571674854,-1.1236916423550465,0.0,0.0005410121603945,-0.8635702022560947,-0.6094020689632763,-0.274325074151263,0.0,-1.0,-1.3065713500137477,1,recon
BoT_adv_source_559,BoT-IoT,Reconnaissance,known,clean,adv_source,False,False,-3.52237182035546,-1.4415057553718051,-2.11603507540802,-1.3547556456757268,0.6931471805599453,-3.4139126207964807,4.110873864173311,23.47636472466701,-1.1236916423550465,0.0,0.0080118704792435,-0.860853708380348,-0.605620372578013,-0.274325074151263,0.0,-1.0,-1.3065713500137477,1,recon
BoT_adv_source_560,BoT-IoT,Reconnaissance,known,clean,adv_source,False,False,-3.537054880335222,-1.4415057553718051,-2.11603507540802,-1.3547556456757268,0.6931471805599453,-3.4139126207964807,4.110873864173311,52.39518183496004,-1.1236916423550465,0.0,4.7682427695787954e-05,-0.8637495828761527,-0.609651789033885,-0.274325074151263,0.0,-1.0,-1.3065713500137477,1,recon
BoT_adv_source_561,BoT-IoT,Reconnaissance,known,clean,adv_source,False,False,-3.4813417206706294,-1.4415057553718051,-2.11603507540802,-1.3547556456757268,0.6931471805599453,-3.4139126207964807,4.110873864173311,16.058152176659256,-1.1236916423550465,0.0,0.0308211876867466,-0.8525599665022807,-0.5940744552613496,-0.274325074151263,0.0,-1.0,-1.3065713500137477,1,recon
BoT_adv_source_562,BoT-IoT,Reconnaissance,known,clean,adv_source,False,False,-3.5109451335434745,-1.4415057553718051,-2.11603507540802,-1.3547556456757268,0.6931471805599453,-3.4139126207964807,4.110873864173311,20.262823014437146,-1.1236916423550465,0.0,0.014281498408064,-0.8585739963118054,-0.6024467306397706,-0.274325074151263,0.0,-1.0,-1.3065713500137477,1,recon
BoT_adv_source_563,BoT-IoT,Reconnaissance,known,clean,adv_source,False,False,-3.532838355214869,-1.4415057553718051,-2.11603507540802,-1.3547556456757268,0.6931471805599453,-3.4139126207964807,4.110873864173311,30.426132221611702,-1.1236916423550465,0.0,0.0023242126935818,-0.8629218091102349,-0.6084994252879786,-0.274325074151263,0.0,-1.0,-1.3065713500137477,1,recon
BoT_adv_source_564,BoT-IoT,Reconnaissance,known,clean,adv_source,False,False,-3.537077567838206,-2.131322541493832,-3.1061407683308198,-1.3547556456757268,0.0,-3.4139126207964807,0.0,-1.1227825094984891,-1.1236916423550465,0.0,3.545616418404745e-05,-0.8637540284925109,-0.6096579778832186,-0.274325074151263,0.0,0.0,0.0,1,recon
BoT_adv_source_565,BoT-IoT,Reconnaissance,known,clean,adv_source,False,False,-3.457681124643771,-1.4415057553718051,-2.11603507540802,-1.3547556456757268,0.6931471805599453,-3.4139126207964807,4.110873864173311,14.116600338893392,-1.1236916423550465,0.0,0.0443544387678921,-0.8476391137552649,-0.5872240179340475,-0.274325074151263,0.0,-1.0,-1.3065713500137477,1,recon
BoT_adv_source_566,BoT-IoT,Reconnaissance,known,clean,adv_source,False,False,-3.4997608155815314,-1.4415057553718051,-2.11603507540802,-1.3547556456757268,0.6931471805599453,-3.4139126207964807,4.110873864173311,18.27910976296745,-1.1236916423550465,0.0,0.0204796026953409,-0.8563202910989591,-0.5993092934701295,-0.274325074151263,0.0,-1.0,-1.3065713500137477,1,recon
BoT_adv_source_567,BoT-IoT,Reconnaissance,known,clean,adv_source,False,False,-3.4667437166020205,-1.4415057553718051,-2.11603507540802,-1.3547556456757268,0.6931471805599453,-3.4139126207964807,4.110873864173311,14.779393245000891,-1.1236916423550465,0.0,0.0391374921274325,-0.8495360582553567,-0.5898647999446716,-0.274325074151263,0.0,-1.0,-1.3065713500137477,1,recon
BoT_adv_source_568,BoT-IoT,Reconnaissance,known,clean,adv_source,False,False,-3.5251825791741456,-1.4415057553718051,-2.11603507540802,-1.3547556456757268,0.6931471805599453,-3.4139126207964807,4.110873864173311,24.66359005402533,-1.1236916423550465,0.0,0.0064793083480468,-0.8614109663908625,-0.606396144841973,-0.274325074151263,0.0,-1.0,-1.3065713500137477,1,recon
BoT_adv_source_569,BoT-IoT,Reconnaissance,known,clean,adv_source,False,False,-3.5015789303451013,-1.4415057553718051,-2.11603507540802,-1.3547556456757268,0.6931471805599453,-3.4139126207964807,4.110873864173311,18.55669372976797,-1.1236916423550465,0.0,0.0194678793897443,-0.8566881658526094,-0.5998214207524805,-0.274325074151263,0.0,-1.0,-1.3065713500137477,1,recon
BoT_adv_source_570,BoT-IoT,Reconnaissance,known,clean,adv_source,False,False,-3.5116193348210127,-1.4415057553718051,-2.11603507540802,-1.3547556456757268,0.6931471805599453,-3.4139126207964807,4.110873864173311,20.40865970546788,-1.1236916423550465,0.0,0.0139098199973071,-0.8587091430490982,-0.6026348716595105,-0.274325074151263,0.0,-1.0,-1.3065713500137477,1,recon
BoT_adv_source_571,BoT-IoT,Reconnaissance,known,clean,adv_source,False,False,-3.5325761894486623,-1.4415057553718051,-2.11603507540802,-1.3547556456757268,0.6931471805599453,-3.4139126207964807,4.110873864173311,30.09231195001868,-1.1236916423550465,0.0,0.002466037350318,-0.8628702399604784,-0.6084276346357096,-0.274325074151263,0.0,-1.0,-1.3065713500137477,1,recon
BoT_adv_source_572,BoT-IoT,Reconnaissance,known,clean,adv_source,False,False,-3.5369947606465217,-1.4415057553718051,-2.11603507540802,-1.3547556456757268,0.6931471805599453,-3.4139126207964807,4.110873864173311,49.46189452028283,-1.1236916423550465,0.0,8.008202600190028e-05,-0.863737801992803,-0.609635388583151,-0.274325074151263,0.0,-1.0,-1.3065713500137477,1,recon
BoT_adv_source_573,BoT-IoT,Reconnaissance,known,clean,adv_source,False,False,-3.5364243493166385,-1.4415057553718051,-2.11603507540802,-1.3547556456757268,0.6931471805599453,-3.4139126207964807,4.110873864173311,40.542975507668594,-1.1236916423550465,0.0,0.0003875725533221,-0.8636259947413916,-0.6094797390224124,-0.274325074151263,0.0,-1.0,-1.3065713500137477,1,recon
BoT_adv_source_574,BoT-IoT,Reconnaissance,known,clean,adv_source,False,False,-3.537052611609878,-1.4415057553718051,-2.11603507540802,-1.3547556456757268,0.6931471805599453,-3.4139126207964807,4.110873864173311,52.251945627174784,-1.1236916423550465,0.0,4.890505404696201e-05,-0.8637491383145168,-0.6096511701489515,-0.274325074151263,0.0,-1.0,-1.3065713500137477,1,recon
BoT_adv_source_575,BoT-IoT,Reconnaissance,known,clean,adv_source,False,False,-3.536756581875636,-1.4415057553718051,-2.11603507540802,-1.3547556456757268,0.6931471805599453,-3.4139126207964807,4.110873864173311,44.0501954590438,-1.1236916423550465,0.0,0.0002084577928751,-0.8636911230210407,-0.6095704056651489,-0.274325074151263,0.0,-1.0,-1.3065713500137477,1,recon
BoT_adv_source_576,BoT-IoT,Reconnaissance,known,clean,adv_source,False,False,-3.5029540628646774,-1.4415057553718051,-2.11603507540802,-1.3547556456757268,0.6931471805599453,-3.4139126207964807,4.110873864173311,18.776395133764,-1.1236916423550465,0.0,0.0187037379202606,-0.856966016875004,-0.6002082238358271,-0.274325074151263,0.0,-1.0,-1.3065713500137477,1,recon
BoT_adv_source_577,BoT-IoT,Reconnaissance,known,clean,adv_source,False,False,-3.5352968449696545,-1.4415057553718051,-2.11603507540802,-1.3547556456757268,0.6931471805599453,-3.4139126207964807,4.110873864173311,35.20933638518036,-1.1236916423550465,0.0,0.0009958291630312,-0.8634048253275656,-0.6091718437680684,-0.274325074151263,0.0,-1.0,-1.3065713500137477,1,recon
BoT_adv_source_578,BoT-IoT,Reconnaissance,known,clean,adv_source,False,False,-3.501914308972527,-1.4415057553718051,-2.11603507540802,-1.3547556456757268,0.6931471805599453,-3.4139126207964807,4.110873864173311,18.609470553436715,-1.1236916423550465,0.0,0.0192814288711903,-0.8567559615020737,-0.5999158007048171,-0.274325074151263,0.0,-1.0,-1.3065713500137477,1,recon
BoT_adv_source_579,BoT-IoT,Reconnaissance,known,clean,adv_source,False,False,-3.51774427683671,-1.4415057553718051,-2.11603507540802,-1.3547556456757268,0.6931471805599453,-3.4139126207964807,4.110873864173311,21.945948269665017,-1.1236916423550465,0.0,0.0105433183393494,-0.8599332435133595,-0.6043389713235023,-0.274325074151263,0.0,-1.0,-1.3065713500137477,1,recon
BoT_adv_source_580,BoT-IoT,Reconnaissance,known,clean,adv_source,False,False,-3.536790604352911,-1.4415057553718051,-2.11603507540802,-1.3547556456757268,0.6931471805599453,-3.4139126207964807,4.110873864173311,44.57106495227375,-1.1236916423550465,0.0,0.0001901183976075,-0.8636977914455782,-0.6095796889391492,-0.274325074151263,0.0,-1.0,-1.3065713500137477,1,recon
BoT_adv_source_581,BoT-IoT,Reconnaissance,known,clean,adv_source,False,False,-3.536826896120017,0.7689611737250349,1.6835055976128974,0.1900911776928238,1.6094379124341005,1.06492772195008,6.634633357861686,57.61563764821733,57.56936036774256,9.283004088845148,0.0001705563759887,-0.8637049044317515,-0.6095895910980829,-0.274325074151263,0.0,-1.0,-1.3065713500137477,1,recon
BoT_adv_source_582,BoT-IoT,Reconnaissance,known,clean,adv_source,False,False,-3.1599484730030283,1.50956673225763,1.2467863820730234,0.6299255022823318,2.079441541679836,0.6226742186894731,6.289715570908998,19.609692606205105,17.201736160090697,2.785724259585981,0.2411245350390193,-0.7760911418037699,-0.4876203673174911,-0.274325074151263,0.0,-1.0,-1.9549353863073964,1,recon
BoT_adv_source_583,BoT-IoT,Reconnaissance,known,clean,adv_source,False,False,-3.514197856153586,-1.4415057553718051,-2.11603507540802,-1.3547556456757268,0.6931471805599453,-3.4139126207964807,4.110873864173311,21.00481529420547,-1.1236916423550465,0.0,0.012490350803594,-0.8592252791082982,-0.6033533970671351,-0.274325074151263,0.0,-1.0,-1.3065713500137477,1,recon
BoT_adv_source_584,BoT-IoT,Reconnaissance,known,clean,adv_source,False,False,-3.507717186099221,-1.4415057553718051,-2.11603507540802,-1.3547556456757268,0.6931471805599453,-3.4139126207964807,4.110873864173311,19.613425328686045,-1.1236916423550465,0.0,0.0160640876280758,-0.8579258254467635,-0.6015443964069396,-0.274325074151263,0.0,-1.0,-1.3065713500137477,1,recon
BoT_adv_source_585,BoT-IoT,Reconnaissance,known,clean,adv_source,False,False,-3.5259675161427046,-1.4415057553718051,-2.11603507540802,-1.3547556456757268,0.6931471805599453,-3.4139126207964807,4.110873864173311,25.0456893475738,-1.1236916423550465,0.0,0.0060520004383115,-0.8615663406825854,-0.6066124451261805,-0.274325074151263,0.0,-1.0,-1.3065713500137477,1,recon
BoT_adv_source_586,BoT-IoT,Reconnaissance,known,clean,adv_source,False,False,-3.5320034776290314,-1.4415057553718051,-2.11603507540802,-1.3547556456757268,0.6931471805599453,-3.4139126207964807,4.110873864173311,29.425329245525635,-1.1236916423550465,0.0,0.0027759731303406,-0.8627575435857952,-0.6082707473051042,-0.274325074151263,0.0,-1.0,-1.3065713500137477,1,recon
BoT_adv_source_587,BoT-IoT,Reconnaissance,known,clean,adv_source,False,False,-3.506590233478465,-1.4415057553718051,-2.11603507540802,-1.3547556456757268,0.6931471805599453,-3.4139126207964807,4.110873864173311,19.403583280888014,-1.1236916423550465,0.0,0.0166876270671746,-0.8576990990124896,-0.6012287650909288,-0.274325074151263,0.0,-1.0,-1.3065713500137477,1,recon
BoT_adv_source_588,BoT-IoT,Reconnaissance,known,clean,adv_source,False,False,-3.500449269134804,-1.4415057553718051,-2.11603507540802,-1.3547556456757268,0.6931471805599453,-3.4139126207964807,4.110873864173311,18.382573240844074,-1.1236916423550465,0.0,0.0200963093342478,-0.8564596611717922,-0.5995033138967362,-0.274325074151263,0.0,-1.0,-1.3065713500137477,1,recon
BoT_adv_source_589,BoT-IoT,Reconnaissance,known,clean,adv_source,False,False,-3.497406543430408,-1.4415057553718051,-2.11603507540802,-1.3547556456757268,0.6931471805599453,-3.4139126207964807,4.110873864173311,17.93939177892928,-1.1236916423550465,0.0,0.0217920920833262,-0.8558430541828943,-0.5986449204941734,-0.274325074151263,0.0,-1.0,-1.3065713500137477,1,recon
BoT_adv_source_590,BoT-IoT,Reconnaissance,known,clean,adv_source,False,False,-3.486481188736521,-1.4415057553718051,-2.11603507540802,-1.3547556456757268,0.6931471805599453,-3.4139126207964807,4.110873864173311,16.592129168913075,-1.1236916423550465,0.0,0.0279186727290594,-0.853615355825744,-0.5955436880931334,-0.274325074151263,0.0,-1.0,-1.3065713500137477,1,recon
BoT_adv_source_591,BoT-IoT,Reconnaissance,known,clean,adv_source,False,False,-3.522683160939777,-1.4415057553718051,-2.11603507540802,-1.3547556456757268,0.6931471805599453,-3.4139126207964807,4.110873864173311,23.59611761251675,-1.1236916423550465,0.0,0.0078419254164303,-0.8609155024477285,-0.6057063975837494,-0.274325074151263,0.0,-1.0,-1.3065713500137477,1,recon
BoT_adv_source_592,BoT-IoT,Reconnaissance,known,clean,adv_source,False,False,-3.4813924818441526,-1.4415057553718051,-2.11603507540802,-1.3547556456757268,0.6931471805599453,-3.4139126207964807,4.110873864173311,16.06317590938739,-1.1236916423550465,0.0,0.030792455967494,-0.8525704137007227,-0.5940889990572834,-0.274325074151263,0.0,-1.0,-1.3065713500137477,1,recon
BoT_adv_source_593,BoT-IoT,Reconnaissance,known,clean,adv_source,False,False,-3.4905002772047373,-1.4415057553718051,-2.11603507540802,-1.3547556456757268,0.6931471805599453,-3.4139126207964807,4.110873864173311,17.04983620136749,-1.1236916423550465,0.0,0.0256580366057386,-0.854437350290396,-0.5966880063349062,-0.274325074151263,0.0,-1.0,-1.3065713500137477,1,recon
BoT_adv_source_594,BoT-IoT,Reconnaissance,known,clean,adv_source,False,False,-3.51581102159508,-1.4415057553718051,-2.11603507540802,-1.3547556456757268,0.6931471805599453,-3.4139126207964807,4.110873864173311,21.41325803619391,-1.1236916423550465,0.0,0.0116039466989929,-0.859547586294276,-0.6038020886438172,-0.274325074151263,0.0,-1.0,-1.3065713500137477,1,recon
BoT_adv_source_595,BoT-IoT,Reconnaissance,known,clean,adv_source,False,False,-3.517504530275858,-1.4415057553718051,-2.11603507540802,-1.3547556456757268,0.6931471805599453,-3.4139126207964807,4.110873864173311,21.87704853568859,-1.1236916423550465,0.0,0.0106747506721006,-0.8598854531375075,-0.6042724411931667,-0.274325074151263,0.0,-1.0,-1.3065713500137477,1,recon
BoT_adv_source_596,BoT-IoT,Reconnaissance,known,clean,adv_source,False,False,-3.4481332827703546,-1.4415057553718051,-2.11603507540802,-1.3547556456757268,0.6931471805599453,-3.4139126207964807,4.110873864173311,13.49811930813924,-1.1236916423550465,0.0,0.0498959927045885,-0.8456241381408598,-0.5844189219736178,-0.274325074151263,0.0,-1.0,-1.3065713500137477,1,recon
BoT_adv_source_597,BoT-IoT,Reconnaissance,known,clean,adv_source,False,False,-3.5089559151527348,-1.4415057553718051,-2.11603507540802,-1.3547556456757268,0.6931471805599453,-3.4139126207964807,4.110873864173311,19.85368678835288,-1.1236916423550465,0.0,0.0153794168714183,-0.8581747799628291,-0.6018909719696183,-0.274325074151263,0.0,-1.0,-1.3065713500137477,1,recon
BoT_adv_source_598,BoT-IoT,Reconnaissance,known,clean,adv_source,False,False,-3.4857968203446097,-1.4415057553718051,-2.11603507540802,-1.3547556456757268,0.6931471805599453,-3.4139126207964807,4.110873864173311,16.517904063236625,-1.1236916423550465,0.0,0.0283044113428548,-0.8534750966296393,-0.5953484298966601,-0.274325074151263,0.0,-1.0,-1.3065713500137477,1,recon
BoT_adv_source_599,BoT-IoT,Reconnaissance,known,clean,adv_source,False,False,-3.5363427234413,-1.4415057553718051,-2.11603507540802,-1.3547556456757268,0.6931471805599453,-3.4139126207964807,4.110873864173311,39.934776507383525,-1.1236916423550465,0.0,0.0004315871019644,-0.8636099905225015,-0.6094574591648116,-0.274325074151263,0.0,-1.0,-1.3065713500137477,1,recon
