proto,service,duration,src_bytes,dst_bytes,conn_state,missed_bytes,src_pkts,src_ip_bytes,dst_pkts,dst_ip_bytes,dns_query,dns_qclass,dns_qtype,dns_rcode,dns_AA,dns_RD,dns_RA,dns_rejected,http_request_body_len,http_response_body_len,http_status_code,label_multiclass,label_binary
1,4,0.3485030112808139,1.0435672646562266,1.6902692687655132,10,0.0,1.1989778467157899,0.7137336988656802,1.0,0.8139382774325007,408,0.0,0.0,0.0,2,2,2,2,0.0,0.0,0.0,password,1
2,1,-0.00260898246547272,1.0,0.0,6,0.0,0.4425070493497599,0.37976591483421657,-0.6309297535714575,-0.7570568896624595,122,0.6931471805599453,3.367295829986474,0.0,0,1,0,0,0.0,0.0,0.0,normal,0
1,4,1.2019328747244724,1.1406064744399462,1.6800889412878106,10,0.0,1.1989778467157899,0.8650642787888881,1.140313995589965,0.8155830730889999,408,0.0,0.0,0.0,2,2,2,2,0.0,0.0,0.0,injection,1
1,4,36.85347364532642,1.2021638992075827,2.0869757966852376,10,0.0,1.1989778467157899,0.939406975402353,1.7712437491614226,1.1687309669289507,408,0.0,0.0,0.0,2,2,2,2,0.0,0.0,0.0,injection,1
2,1,0.08166040241855499,0.8143858905274319,0.882324410236827,10,0.0,0.0,-0.011403923836142249,0.0,0.13880508610057624,32,0.6931471805599453,0.6931471805599453,1.3862943611198906,0,1,0,1,0.0,0.0,0.0,ddos,1
1,5,0.012548333968396446,0.0,0.0,7,0.0,0.4425070493497599,0.14425745260958278,0.0,0.08099480975365105,408,0.0,0.0,0.0,2,2,2,2,0.0,0.0,0.0,ddos,1
1,4,0.039299115445040285,1.0331792271140867,1.3998257056044836,10,0.0,1.1989778467157899,0.7602933027638636,1.0,0.6087178411660612,408,0.0,0.0,0.0,2,2,2,2,0.0,0.0,0.0,password,1
1,5,-0.00319510775845411,0.0,0.0,11,0.0,0.0,-0.20971342379345861,-0.6309297535714575,-0.7570568896624595,408,0.0,0.0,0.0,2,2,2,2,0.0,0.0,0.0,xss,1
2,1,-0.00319510775845411,0.0,0.0,6,0.0,0.0,-0.07964288010775397,-0.6309297535714575,-0.7570568896624595,285,0.6931471805599453,0.6931471805599453,0.0,0,1,0,0,0.0,0.0,0.0,normal,0
1,5,-0.0017014694708334616,0.0,0.0,1,0.0,0.0,-0.2464018622082859,0.0,0.0,408,0.0,0.0,0.0,2,2,2,2,0.0,0.0,0.0,backdoor,1
1,5,3.471362476053436,0.0,0.0,6,0.0,4.477447192601595,1.8971459033366327,-0.6309297535714575,-0.7570568896624595,408,0.0,0.0,0.0,2,2,2,2,0.0,0.0,0.0,normal,0
1,2,28.962409633452953,0.9160466382357997,1.1945568371761033,10,0.0,2.456962315881736,1.1779349892604027,1.7037877659013354,0.6117085379996572,408,0.0,0.0,0.0,2,2,2,2,0.0,0.0,0.0,password,1
1,5,-0.00319510775845411,0.0,0.0,0,0.0,0.0,1.3535432460990353,-0.6309297535714575,-0.7570568896624595,408,0.0,0.0,0.0,2,2,2,2,0.0,0.0,0.0,ransomware,1
2,1,0.027542495034924046,0.7666704279836494,1.0,10,0.0,0.0,-0.07964288010775397,0.0,0.21550526841187148,285,0.6931471805599453,0.6931471805599453,1.3862943611198906,0,1,0,0,0.0,0.0,0.0,normal,0
1,4,0.050011465045972155,1.0250276947729464,1.8097470787469516,10,0.0,1.1989778467157899,0.7535981377917141,1.2618595071429148,0.9240256046565829,408,0.0,0.0,0.0,2,2,2,2,0.0,0.0,0.0,password,1
1,4,16.149509797344553,1.5370285040979397,1.5427667422186653,7,0.0,1.1989778467157899,1.502460686238746,0.6309297535714575,0.6881716602627987,408,0.0,0.0,0.0,2,2,2,2,0.0,0.0,0.0,xss,1
1,5,-0.00319510775845411,0.0,0.0,6,0.0,0.0,-0.2862163478571042,-0.6309297535714575,-0.7570568896624595,408,0.0,0.0,0.0,2,2,2,2,0.0,0.0,0.0,scanning,1
1,5,-0.00319510775845411,0.0,0.0,0,0.0,0.0,0.1054532639208707,-0.6309297535714575,-0.7570568896624595,408,0.0,0.0,0.0,2,2,2,2,0.0,0.0,0.0,ransomware,1
1,5,0.0002079468796148756,0.0,0.0,1,0.0,0.0,-0.2464018622082859,0.0,0.0,408,0.0,0.0,0.0,2,2,2,2,0.0,0.0,0.0,backdoor,1
1,5,-0.00319510775845411,0.0,0.0,0,0.0,0.0,-0.20971342379345861,-0.6309297535714575,-0.7570568896624595,408,0.0,0.0,0.0,2,2,2,2,0.0,0.0,0.0,ransomware,1
2,1,-0.00228756663158718,1.0,0.0,6,0.0,0.4425070493497599,0.37976591483421657,-0.6309297535714575,-0.7570568896624595,122,0.6931471805599453,3.367295829986474,0.0,0,1,0,0,0.0,0.0,0.0,normal,0
1,5,-7.561761416517928e-05,0.0,0.0,7,0.0,0.4425070493497599,0.14425745260958278,0.0,0.08099480975365105,408,0.0,0.0,0.0,2,2,2,2,0.0,0.0,0.0,ddos,1
2,1,-0.002892589209369472,0.7982898004126693,0.8648855358864512,10,0.0,0.0,-0.03508177807890498,0.0,0.1284807444263108,31,0.6931471805599453,0.6931471805599453,1.3862943611198906,0,1,0,1,0.0,0.0,0.0,ddos,1
2,1,-0.0025711685543645412,0.8856027412448122,1.0024556230143338,10,0.0,0.4425070493497599,0.21336396802988652,0.3690702464285425,0.2603035666191386,620,0.6931471805599453,0.6931471805599453,0.0,0,1,1,0,0.0,0.0,0.0,xss,1
1,5,-0.0010397687047067133,0.0,0.0,1,0.0,0.0,-0.2464018622082859,0.0,0.0,408,0.0,0.0,0.0,2,2,2,2,0.0,0.0,0.0,backdoor,1
1,5,-0.0029493110686325385,0.0,0.0,1,0.0,0.0,-0.2464018622082859,0.0,0.0,408,0.0,0.0,0.0,2,2,2,2,0.0,0.0,0.0,backdoor,1
1,5,-0.002779146001330118,0.0,0.0,1,0.0,0.0,-0.2464018622082859,0.0,0.0,408,0.0,0.0,0.0,2,2,2,2,0.0,0.0,0.0,backdoor,1
2,1,-0.002155220523374585,1.0,0.0,6,0.0,0.4425070493497599,0.37976591483421657,-0.6309297535714575,-0.7570568896624595,122,0.6931471805599453,3.367295829986474,0.0,0,1,0,0,0.0,0.0,0.0,normal,0
1,5,0.0016446082919445903,0.0,0.0,1,0.0,0.0,-0.3297396299311669,0.0,0.0,408,0.0,0.0,0.0,2,2,2,2,0.0,0.0,0.0,dos,1
1,5,-0.00319510775845411,0.0,0.0,0,0.0,-0.7564707973660301,-2.065974564076003,-0.6309297535714575,-0.7570568896624595,408,0.0,0.0,0.0,2,2,2,2,0.0,0.0,0.0,normal,0
1,5,-0.0002457583517678919,0.0,0.0,1,0.0,0.0,-0.2464018622082859,0.0,0.0,408,0.0,0.0,0.0,2,2,2,2,0.0,0.0,0.0,backdoor,1
1,5,-0.003100570191914524,0.0,0.0,7,0.0,0.4425070493497599,0.14425745260958278,0.0,0.08099480975365105,408,0.0,0.0,0.0,2,2,2,2,0.0,0.0,0.0,ddos,1
1,8,3.567517118909299,1.290905549380737,1.8509525184749034,10,0.0,2.1236820163783654,1.2631016040766858,1.6309297535714575,0.9705720036532653,408,0.0,0.0,0.0,2,2,2,2,0.0,0.0,0.0,mitm,1
2,1,0.004952295210842229,0.0,1.266818819244037,12,0.0,-0.7564707973660301,-2.065974564076003,0.3690702464285425,0.440045832347494,408,0.0,0.0,0.0,2,2,2,2,0.0,0.0,0.0,normal,0
1,5,-0.0028547747310622685,0.0,0.0,1,0.0,0.0,-0.14398606226810373,0.0,0.0,408,0.0,0.0,0.0,2,2,2,2,0.0,0.0,0.0,password,1
2,1,0.04701337318255203,0.8363840832658498,0.9061577583583547,10,0.0,0.0,0.02200583566091937,0.0,0.15337286613529494,622,0.6931471805599453,0.6931471805599453,1.3862943611198906,0,1,0,1,0.0,0.0,0.0,ddos,1
1,4,9.775462009498318,1.0938467593684598,1.7384835945084791,10,0.0,1.1989778467157899,0.8156074493286232,1.140313995589965,0.8623075958486099,408,0.0,0.0,0.0,2,2,2,2,0.0,0.0,0.0,injection,1
1,5,-0.0013800690635581204,0.0,0.0,1,0.0,0.0,-0.2464018622082859,0.0,0.0,408,0.0,0.0,0.0,2,2,2,2,0.0,0.0,0.0,backdoor,1
1,4,0.022558350310144377,1.0331792271140867,1.3998257056044836,10,0.0,1.1989778467157899,0.7602933027638636,1.0,0.6087178411660612,408,0.0,0.0,0.0,2,2,2,2,0.0,0.0,0.0,password,1
1,5,0.5299542758597029,0.0,0.0,1,0.0,1.6414848960655501,0.6323917307866751,1.369070246428543,0.4195216678729709,408,0.0,0.0,0.0,2,2,2,2,0.0,0.0,0.0,dos,1
1,5,0.031543963347551315,0.0,0.0,1,0.0,0.4425070493497599,-0.011403923836142249,0.0,0.0,408,0.0,0.0,0.0,2,2,2,2,0.0,0.0,0.0,dos,1
1,5,4.069098002361818,0.0,0.0,6,0.0,4.477447192601595,1.8971459033366327,-0.6309297535714575,-0.7570568896624595,408,0.0,0.0,0.0,2,2,2,2,0.0,0.0,0.0,normal,0
1,5,3.5138425472842827,0.0,0.0,6,0.0,4.477447192601595,1.8971459033366327,-0.6309297535714575,-0.7570568896624595,408,0.0,0.0,0.0,2,2,2,2,0.0,0.0,0.0,normal,0
1,5,3.3130829648835127,0.0,0.0,6,0.0,4.477447192601595,1.8971459033366327,-0.6309297535714575,-0.7570568896624595,408,0.0,0.0,0.0,2,2,2,2,0.0,0.0,0.0,normal,0
2,5,-0.00319510775845411,0.0,0.0,6,0.0,0.0,-0.12153994246347301,-0.6309297535714575,-0.7570568896624595,408,0.0,0.0,0.0,2,2,2,2,0.0,0.0,0.0,normal,0
2,1,-0.0020228753415305555,1.0,0.0,6,0.0,0.4425070493497599,0.37976591483421657,-0.6309297535714575,-0.7570568896624595,122,0.6931471805599453,3.367295829986474,0.0,0,1,0,0,0.0,0.0,0.0,normal,0
1,4,9.64817208685819,1.3304406691553454,1.749169447910772,10,0.0,1.367211219012335,1.1523036854735826,1.140313995589965,0.8710200725979674,408,0.0,0.0,0.0,2,2,2,2,0.0,0.0,0.0,injection,1
1,4,38.37098284935433,1.1233316702626421,2.0907464215856058,8,9.407960966059306,1.1989778467157899,0.8460891303651796,0.3690702464285425,0.20667868729074057,408,0.0,0.0,0.0,2,2,2,2,0.0,0.0,0.0,injection,1
1,5,0.09381608442880845,0.0,0.0,1,0.0,0.4425070493497599,0.032632149841456785,0.0,0.0,408,0.0,0.0,0.0,2,2,2,2,0.0,0.0,0.0,scanning,1
2,1,-0.0024388204610327796,1.0,0.0,6,0.0,0.4425070493497599,0.37976591483421657,-0.6309297535714575,-0.7570568896624595,122,0.6931471805599453,0.6931471805599453,0.0,0,1,0,0,0.0,0.0,0.0,normal,0
2,1,-0.00319510775845411,0.0,0.0,6,0.0,0.0,0.03785608907831753,-0.6309297535714575,-0.7570568896624595,104,0.6931471805599453,2.5649493574615367,0.0,0,0,0,0,0.0,0.0,0.0,normal,0
1,4,2.196901711184198,1.0250276947729464,1.8097470787469516,10,0.0,1.1989778467157899,0.7535981377917141,1.140313995589965,0.921226291262849,408,0.0,0.0,0.0,2,2,2,2,0.0,0.0,0.0,password,1
1,5,-0.00037809109506170785,0.0,0.0,1,0.0,0.0,-0.3297396299311669,0.0,0.0,408,0.0,0.0,0.0,2,2,2,2,0.0,0.0,0.0,dos,1
1,4,15.6124732211324,1.1081966582482397,2.0907281827065596,10,0.0,1.367211219012335,0.8772996083662502,1.7037877659013354,1.1711632603857285,408,0.0,0.0,0.0,2,2,2,2,0.0,0.0,0.0,injection,1
1,4,15.789079759519483,1.1876360662044856,2.0907281827065596,10,0.0,1.367211219012335,0.9600913208842764,1.7037877659013354,1.1711632603857285,408,0.0,0.0,0.0,2,2,2,2,0.0,0.0,0.0,injection,1
1,4,0.04590075274365121,1.0331792271140867,1.3644765005751047,10,0.0,1.1989778467157899,0.7602933027638636,1.0,0.5875732914955154,408,0.0,0.0,0.0,2,2,2,2,0.0,0.0,0.0,password,1
1,5,0.08918806180531985,0.0,0.0,1,0.0,0.4425070493497599,0.032632149841456785,0.0,0.0,408,0.0,0.0,0.0,2,2,2,2,0.0,0.0,0.0,scanning,1
1,4,0.28023083578889896,1.0435672646562266,1.6902692687655132,10,0.0,1.1989778467157899,0.7137336988656802,1.0,0.8139382774325007,408,0.0,0.0,0.0,2,2,2,2,0.0,0.0,0.0,password,1
1,5,-0.0014178805926161947,0.0,0.0,1,0.0,0.0,-0.2464018622082859,0.0,0.0,408,0.0,0.0,0.0,2,2,2,2,0.0,0.0,0.0,backdoor,1
1,5,61.46158673127712,0.0,0.0,9,0.0,0.7564707973660301,0.32124742714616983,0.3690702464285425,0.20667868729074057,408,0.0,0.0,0.0,2,2,2,2,0.0,0.0,0.0,ddos,1
1,0,-0.00319510775845411,0.0,0.0,0,0.0,-0.7564707973660301,-2.065974564076003,0.0,0.20667868729074057,408,0.0,0.0,0.0,2,2,2,2,0.0,0.0,0.0,ransomware,1
1,5,4.1502652575315935,0.0,0.0,6,0.0,4.477447192601595,1.8971459033366327,-0.6309297535714575,-0.7570568896624595,408,0.0,0.0,0.0,2,2,2,2,0.0,0.0,0.0,normal,0
1,4,21.102273262889153,1.1587170454163234,2.0907281827065596,10,0.0,1.1989778467157899,0.8858471535179862,1.7037877659013354,1.1711632603857285,408,0.0,0.0,0.0,2,2,2,2,0.0,0.0,0.0,injection,1
1,5,-0.001001957931792264,0.0,0.0,1,0.0,0.0,-0.2464018622082859,0.0,0.0,408,0.0,0.0,0.0,2,2,2,2,0.0,0.0,0.0,backdoor,1
1,5,-0.00319510775845411,0.0,0.0,0,0.0,0.0,-0.03508177807890498,-0.6309297535714575,-0.7570568896624595,408,0.0,0.0,0.0,2,2,2,2,0.0,0.0,0.0,ransomware,1
1,5,-0.0021363140121092978,0.0,0.0,1,0.0,0.0,-0.3297396299311669,0.0,0.0,408,0.0,0.0,0.0,2,2,2,2,0.0,0.0,0.0,dos,1
2,1,9.026276211622136,0.7808222390618621,0.0,6,0.0,0.4425070493497599,0.09176825677077866,-0.6309297535714575,-0.7570568896624595,686,0.6931471805599453,3.367295829986474,0.0,0,0,0,0,0.0,0.0,0.0,normal,0
1,5,-0.003138385161807979,0.0,0.0,1,0.0,0.0,-0.3297396299311669,0.0,0.0,408,0.0,0.0,0.0,2,2,2,2,0.0,0.0,0.0,dos,1
2,1,-0.0025900755004654554,1.0,0.0,6,0.0,0.4425070493497599,0.37976591483421657,-0.6309297535714575,-0.7570568896624595,122,0.6931471805599453,3.367295829986474,0.0,0,1,0,0,0.0,0.0,0.0,normal,0
1,5,-0.0028358675202690056,0.0,0.0,1,0.0,0.0,-0.14398606226810373,0.0,0.0,408,0.0,0.0,0.0,2,2,2,2,0.0,0.0,0.0,password,1
1,5,30.592880964852753,0.0,0.0,11,0.0,0.4425070493497599,0.10992734301678915,-0.6309297535714575,-0.7570568896624595,408,0.0,0.0,0.0,2,2,2,2,0.0,0.0,0.0,xss,1
1,5,77.9930762750851,0.0,0.15403922195426356,7,0.6931471805599453,0.4425070493497599,0.14425745260958278,0.0,0.08099480975365105,408,0.0,0.0,0.0,2,2,2,2,0.0,0.0,0.0,ddos,1
1,4,1.0842347069278973,1.244279500490171,1.8097470787469516,10,0.0,1.1989778467157899,0.9962340643958533,1.140313995589965,0.921226291262849,408,0.0,0.0,0.0,2,2,2,2,0.0,0.0,0.0,injection,1
1,5,3.789401325785168,0.0,0.0,6,0.0,4.477447192601595,1.8971459033366327,-0.6309297535714575,-0.7570568896624595,408,0.0,0.0,0.0,2,2,2,2,0.0,0.0,0.0,normal,0
1,4,0.1702776513267979,1.035825972256996,1.5304050942281457,10,0.0,1.1989778467157899,0.7063318920677596,0.8340437671464698,0.6798425149751135,408,0.0,0.0,0.0,2,2,2,2,0.0,0.0,0.0,password,1
1,5,-0.0021741270535453536,1.1572674287639964,1.8097470787469516,12,0.0,0.4425070493497599,0.7186039272543773,1.0,0.9179478151711794,408,0.0,0.0,0.0,2,2,2,2,0.0,0.0,0.0,injection,1
2,1,0.029750957261825018,0.7666704279836494,1.0,10,0.0,0.0,-0.07964288010775397,0.0,0.21550526841187148,285,0.6931471805599453,0.6931471805599453,1.3862943611198906,0,1,0,0,0.0,0.0,0.0,normal,0
1,5,0.17983002732058687,0.0,0.0,1,0.0,0.0,-0.2862163478571042,0.0,0.0,408,0.0,0.0,0.0,2,2,2,2,0.0,0.0,0.0,scanning,1
1,4,34.084267591951594,1.59042250652299,1.578033834578359,9,0.0,1.367211219012335,1.6193048053399,0.8340437671464698,0.7239468269616597,408,0.0,0.0,0.0,2,2,2,2,0.0,0.0,0.0,xss,1
2,1,-0.0021363140121092978,1.0,0.0,6,0.0,0.4425070493497599,0.37976591483421657,-0.6309297535714575,-0.7570568896624595,122,0.6931471805599453,3.367295829986474,0.0,0,1,0,0,0.0,0.0,0.0,normal,0
1,5,31.446974965686444,0.0,0.0,11,0.0,0.4425070493497599,0.10992734301678915,-0.6309297535714575,-0.7570568896624595,408,0.0,0.0,0.0,2,2,2,2,0.0,0.0,0.0,xss,1
2,1,0.05029427936277523,0.8143858905274319,0.882324410236827,10,0.0,0.0,-0.011403923836142249,0.0,0.13880508610057624,32,0.6931471805599453,0.6931471805599453,1.3862943611198906,0,1,0,1,0.0,0.0,0.0,ddos,1
1,5,-0.003157292675115859,0.0,0.0,1,0.0,0.0,-0.3297396299311669,0.0,0.0,408,0.0,0.0,0.0,2,2,2,2,0.0,0.0,0.0,dos,1
1,5,2.3327742051121034,1.2878497028799734,1.8097470787469516,10,0.0,1.1989778467157899,1.0552244549225047,1.140313995589965,0.9207921954310161,408,0.0,0.0,0.0,2,2,2,2,0.0,0.0,0.0,injection,1
1,5,-0.00319510775845411,0.0,0.0,5,0.0,-0.7564707973660301,-2.065974564076003,0.0,0.0,408,0.0,0.0,0.0,2,2,2,2,0.0,0.0,0.0,ransomware,1
1,4,2.4967229474897796,1.1233316702626421,1.6837622748646055,10,0.0,1.1989778467157899,0.7995874599508727,1.0,0.8085462593646315,408,0.0,0.0,0.0,2,2,2,2,0.0,0.0,0.0,injection,1
1,5,0.0008506773213862264,0.0,0.0,1,0.0,0.0,-0.2464018622082859,0.0,0.0,408,0.0,0.0,0.0,2,2,2,2,0.0,0.0,0.0,backdoor,1
1,5,3.943544465403438,0.0,0.0,6,0.0,4.477447192601595,1.8971459033366327,-0.6309297535714575,-0.7570568896624595,408,0.0,0.0,0.0,2,2,2,2,0.0,0.0,0.0,normal,0
1,5,0.002835442243906803,0.0,0.0,2,0.0,0.4425070493497599,-0.011403923836142249,0.0,0.018977616396781458,408,0.0,0.0,0.0,2,2,2,2,0.0,0.0,0.0,dos,1
1,4,91.45961193869468,1.538734529202131,1.7924267953960187,4,0.0,1.367211219012335,1.5040436448892662,1.2618595071429148,0.9051027499641857,408,0.0,0.0,0.0,2,2,2,2,0.0,0.0,0.0,xss,1
1,5,4.054061488982954,0.0,0.0,6,0.0,4.477447192601595,1.8971459033366327,-0.6309297535714575,-0.7570568896624595,408,0.0,0.0,0.0,2,2,2,2,0.0,0.0,0.0,normal,0
1,4,0.2836577549085059,1.035825972256996,1.5304050942281457,10,0.0,1.1989778467157899,0.7063318920677596,0.8340437671464698,0.6798425149751135,408,0.0,0.0,0.0,2,2,2,2,0.0,0.0,0.0,password,1
1,5,0.0,0.0,0.0,1,0.0,0.0,-0.2464018622082859,0.0,0.0,408,0.0,0.0,0.0,2,2,2,2,0.0,0.0,0.0,backdoor,1
1,5,-0.0009074313303110372,0.0,0.0,1,0.0,0.0,-0.2464018622082859,0.0,0.0,408,0.0,0.0,0.0,2,2,2,2,0.0,0.0,0.0,backdoor,1
1,4,0.09415467575807773,1.0250276947729464,1.8097470787469516,10,0.0,1.1989778467157899,0.7535981377917141,1.2618595071429148,0.9240256046565829,408,0.0,0.0,0.0,2,2,2,2,0.0,0.0,0.0,password,1
1,5,3.2877123585903116,0.0,0.0,6,0.0,4.477447192601595,1.8971459033366327,-0.6309297535714575,-0.7570568896624595,408,0.0,0.0,0.0,2,2,2,2,0.0,0.0,0.0,normal,0
1,5,78.00768789768334,0.0,0.0,9,0.0,0.7564707973660301,0.32124742714616983,0.3690702464285425,0.20667868729074057,408,0.0,0.0,0.0,2,2,2,2,0.0,0.0,0.0,ddos,1
1,5,-0.00319510775845411,0.0,0.0,6,0.0,0.0,-0.14398606226810373,-0.6309297535714575,-0.7570568896624595,408,0.0,0.0,0.0,2,2,2,2,0.0,0.0,0.0,ransomware,1
1,5,3.9868306100117494,0.0,0.0,6,0.0,4.477447192601595,1.8971459033366327,-0.6309297535714575,-0.7570568896624595,408,0.0,0.0,0.0,2,2,2,2,0.0,0.0,0.0,normal,0
1,5,0.0047633001169840265,0.0,0.0,1,0.0,0.0,-0.3297396299311669,0.0,0.0,408,0.0,0.0,0.0,2,2,2,2,0.0,0.0,0.0,dos,1
1,5,-0.00319510775845411,0.0,0.0,0,0.0,0.0,0.4135204026032318,-0.6309297535714575,-0.7570568896624595,408,0.0,0.0,0.0,2,2,2,2,0.0,0.0,0.0,ransomware,1
2,1,-0.00319510775845411,0.0,0.0,6,0.0,0.0,0.05818701819691619,-0.6309297535714575,-0.7570568896624595,109,0.6931471805599453,2.5649493574615367,0.0,0,0,0,0,0.0,0.0,0.0,normal,0
1,5,-0.00319510775845411,0.0,0.0,0,0.0,-0.7564707973660301,-2.065974564076003,0.0,0.052335467113126644,408,0.0,0.0,0.0,2,2,2,2,0.0,0.0,0.0,ransomware,1
1,5,0.019140431138595173,0.0,0.0,7,0.0,0.4425070493497599,0.14425745260958278,0.0,0.08099480975365105,408,0.0,0.0,0.0,2,2,2,2,0.0,0.0,0.0,ddos,1
2,1,2.170357995439943,0.9112761929343167,1.3449655901735555,10,0.0,0.4425070493497599,0.24775724132145974,0.3690702464285425,0.5019688630338692,253,0.6931471805599453,0.6931471805599453,0.0,0,1,1,0,0.0,0.0,0.0,password,1
1,5,3.998325242733493,0.0,0.0,6,0.0,4.477447192601595,1.8971459033366327,-0.6309297535714575,-0.7570568896624595,408,0.0,0.0,0.0,2,2,2,2,0.0,0.0,0.0,normal,0
1,5,-0.0007561897508943694,0.0,0.0,1,0.0,0.0,-0.2464018622082859,0.0,0.0,408,0.0,0.0,0.0,2,2,2,2,0.0,0.0,0.0,backdoor,1
1,5,-0.0001323310232528191,0.0,0.0,1,0.0,0.0,-0.3297396299311669,0.0,0.0,408,0.0,0.0,0.0,2,2,2,2,0.0,0.0,0.0,dos,1
1,4,2.2177433861594418,1.1358174654113515,1.6232944239003864,10,0.0,1.8604881976177823,0.9792060462806367,1.369070246428543,0.7731412169780891,408,0.0,0.0,0.0,2,2,2,2,0.0,0.0,0.0,ddos,1
2,1,49.902435229129935,1.2079260731268466,0.0,6,0.0,1.0,0.8136347135003332,-0.6309297535714575,-0.7570568896624595,114,10.39726874169286,2.5649493574615367,0.0,0,0,0,0,0.0,0.0,0.0,normal,0
2,1,-0.0028169603283825844,1.0,0.0,6,0.0,0.4425070493497599,0.37976591483421657,-0.6309297535714575,-0.7570568896624595,122,0.6931471805599453,0.6931471805599453,0.0,0,1,0,0,0.0,0.0,0.0,normal,0
1,5,-0.0013044462322888398,0.0,0.0,1,0.0,0.0,-0.2464018622082859,0.0,0.0,408,0.0,0.0,0.0,2,2,2,2,0.0,0.0,0.0,backdoor,1
1,4,37.36351198954567,1.5390740380839134,1.5440513216429048,9,0.0,1.367211219012335,1.5180541462516257,0.8340437671464698,0.6978021204707326,408,0.0,0.0,0.0,2,2,2,2,0.0,0.0,0.0,xss,1
2,1,6.053281342818126,0.0,1.1914486519417458,12,0.0,-0.7564707973660301,-2.065974564076003,0.3690702464285425,0.38349315744068935,408,0.0,0.0,0.0,2,2,2,2,0.0,0.0,0.0,normal,0
1,5,65.58199291875614,0.0,1.8293903179598248,12,0.0,-0.7564707973660301,-2.065974564076003,1.551728585072681,0.8588039705713971,408,0.0,0.0,0.0,2,2,2,2,0.0,0.0,0.0,normal,0
2,1,-0.00319510775845411,0.0,0.0,6,0.0,0.0,-0.053661879839773406,-0.6309297535714575,-0.7570568896624595,110,0.6931471805599453,2.5649493574615367,0.0,0,0,0,0,0.0,0.0,0.0,normal,0
1,5,-0.0003024722711973657,0.0,0.0,1,0.0,0.0,-0.2464018622082859,0.0,0.0,408,0.0,0.0,0.0,2,2,2,2,0.0,0.0,0.0,backdoor,1
1,4,15.90245397131022,1.0938467593684598,1.7384835945084791,10,0.0,1.367211219012335,0.8641779511345267,1.140313995589965,0.8623075958486099,408,0.0,0.0,0.0,2,2,2,2,0.0,0.0,0.0,injection,1
2,1,0.00918529028138096,0.8684995137421558,0.0,6,0.0,0.4425070493497599,0.19144412422090287,-0.6309297535714575,-0.7570568896624595,242,0.6931471805599453,0.6931471805599453,0.0,0,1,0,0,0.0,0.0,0.0,normal,0
1,5,-0.00319510775845411,0.0,0.0,0,0.0,-0.7564707973660301,-2.065974564076003,0.0,0.08099480975365105,408,0.0,0.0,0.0,2,2,2,2,0.0,0.0,0.0,ransomware,1
2,1,-0.00319510775845411,0.0,0.0,6,0.0,0.0,-0.04119346899847058,-0.6309297535714575,-0.7570568896624595,301,0.6931471805599453,3.367295829986474,0.0,0,1,0,0,0.0,0.0,0.0,normal,0
1,5,0.0036481906080104397,0.0,0.0,1,0.0,0.0,-0.3297396299311669,0.0,0.0,408,0.0,0.0,0.0,2,2,2,2,0.0,0.0,0.0,dos,1
1,5,77.85288153248744,0.0,0.0,9,0.0,0.4425070493497599,0.14425745260958278,0.3690702464285425,0.20667868729074057,408,0.0,0.0,0.0,2,2,2,2,0.0,0.0,0.0,ddos,1
2,1,-0.0028358675202690056,1.0,0.0,6,0.0,0.4425070493497599,0.37976591483421657,-0.6309297535714575,-0.7570568896624595,122,0.6931471805599453,0.6931471805599453,0.0,0,1,0,0,0.0,0.0,0.0,normal,0
1,4,14.71755158419499,1.1406064744399462,2.0907281827065596,10,0.0,1.367211219012335,0.9089809455707661,1.7037877659013354,1.1711632603857285,408,0.0,0.0,0.0,2,2,2,2,0.0,0.0,0.0,injection,1
1,5,0.006275207974400622,0.0,0.0,1,0.0,0.0,-0.3297396299311669,0.0,0.0,408,0.0,0.0,0.0,2,2,2,2,0.0,0.0,0.0,dos,1
1,5,3.471441143717174,0.0,0.0,6,0.0,4.477447192601595,1.8971459033366327,-0.6309297535714575,-0.7570568896624595,408,0.0,0.0,0.0,2,2,2,2,0.0,0.0,0.0,normal,0
1,4,79.44282880937455,1.6613797853535979,1.2839770449221253,9,0.0,1.51294159473206,1.770912644581154,1.140313995589965,0.5611454570562465,408,0.0,0.0,0.0,2,2,2,2,0.0,0.0,0.0,xss,1
1,5,-0.00319510775845411,0.0,0.0,0,0.0,0.0,1.293818799080795,-0.6309297535714575,-0.7570568896624595,408,0.0,0.0,0.0,2,2,2,2,0.0,0.0,0.0,ransomware,1
1,4,2.516227467260812,1.1746904520834522,1.6800889412878106,10,0.0,1.1989778467157899,0.9049329748496933,1.140313995589965,0.8155830730889999,408,0.0,0.0,0.0,2,2,2,2,0.0,0.0,0.0,injection,1
2,1,-0.0017960000421282597,1.0,0.0,6,0.0,0.4425070493497599,0.37976591483421657,-0.6309297535714575,-0.7570568896624595,122,0.6931471805599453,3.367295829986474,0.0,0,1,0,0,0.0,0.0,0.0,normal,0
2,1,-0.0017770938900599261,1.0,0.0,6,0.0,0.4425070493497599,0.37976591483421657,-0.6309297535714575,-0.7570568896624595,122,0.6931471805599453,3.367295829986474,0.0,0,1,0,0,0.0,0.0,0.0,normal,0
2,1,0.07407325358886155,0.7808222390618621,0.8459607780457364,10,0.0,0.4425070493497599,0.09176825677077866,0.3690702464285425,0.1837916306135974,686,0.6931471805599453,0.6931471805599453,0.0,0,1,0,1,0.0,0.0,0.0,dos,1
1,8,25.100107520240886,1.5229664092750943,1.978437376156996,10,0.0,2.456962315881736,1.5831885118436966,1.8340437671464698,1.1448482022614186,408,0.0,0.0,0.0,2,2,2,2,0.0,0.0,0.0,dos,1
1,5,2.9670110632110065,0.0,0.0,6,0.0,4.477447192601595,1.8971459033366327,-0.6309297535714575,-0.7570568896624595,408,0.0,0.0,0.0,2,2,2,2,0.0,0.0,0.0,normal,0
1,4,58.47057581370974,1.0867903420715401,1.0425658474316806,7,0.6931471805599453,1.1989778467157899,0.8086661471053795,0.6309297535714575,0.38575412898562883,408,0.0,0.0,0.0,2,2,2,2,0.0,0.0,0.0,ddos,1
1,5,-0.00319510775845411,0.0,0.0,0,0.0,0.0,0.8442411528697472,-0.6309297535714575,-0.7570568896624595,408,0.0,0.0,0.0,2,2,2,2,0.0,0.0,0.0,ransomware,1
1,5,4.5348700378538505,0.0,0.0,6,0.0,4.477447192601595,1.8971459033366327,-0.6309297535714575,-0.7570568896624595,408,0.0,0.0,0.0,2,2,2,2,0.0,0.0,0.0,normal,0
1,4,0.0380917095939006,1.035825972256996,1.4400708111396738,10,0.0,1.1989778467157899,0.7625038870128064,1.0,0.6341747901692649,408,0.0,0.0,0.0,2,2,2,2,0.0,0.0,0.0,password,1
1,5,3.1316782642456364,0.0,0.0,6,0.0,4.477447192601595,1.8971459033366327,-0.6309297535714575,-0.7570568896624595,408,0.0,0.0,0.0,2,2,2,2,0.0,0.0,0.0,normal,0
2,1,1.3301126655881679,0.8143858905274319,0.882324410236827,10,0.0,0.4425070493497599,0.127407423682577,0.3690702464285425,0.19933150734444802,687,0.6931471805599453,0.6931471805599453,1.3862943611198906,0,1,0,1,0.0,0.0,0.0,scanning,1
2,1,0.00886406942085632,0.7666704279836494,1.0,10,0.0,0.0,-0.07964288010775397,0.0,0.21550526841187148,285,0.6931471805599453,0.6931471805599453,1.3862943611198906,0,1,0,0,0.0,0.0,0.0,normal,0
1,5,78.01333360447066,0.0,0.0,9,0.0,0.7564707973660301,0.32124742714616983,0.3690702464285425,0.20667868729074057,408,0.0,0.0,0.0,2,2,2,2,0.0,0.0,0.0,ddos,1
1,4,34.07495004974363,1.2274244269477117,1.392348048418205,9,0.0,1.1989778467157899,0.9729209041635132,0.8340437671464698,0.5903394421840991,408,0.0,0.0,0.0,2,2,2,2,0.0,0.0,0.0,xss,1
1,5,0.004460904037331898,0.0,0.0,7,0.0,0.4425070493497599,0.14425745260958278,0.0,0.08099480975365105,408,0.0,0.0,0.0,2,2,2,2,0.0,0.0,0.0,ddos,1
1,5,0.0011342279235830714,0.0,0.0,7,0.0,0.4425070493497599,0.14425745260958278,0.0,0.08099480975365105,408,0.0,0.0,0.0,2,2,2,2,0.0,0.0,0.0,ddos,1
2,1,-0.0024388204610327796,1.0,0.0,6,0.0,0.4425070493497599,0.37976591483421657,-0.6309297535714575,-0.7570568896624595,122,0.6931471805599453,3.367295829986474,0.0,0,1,0,0,0.0,0.0,0.0,normal,0
1,4,15.976310150430438,1.11634819058938,1.7054394482241353,10,0.0,1.367211219012335,0.8849993968076434,1.140313995589965,0.835674031940416,408,0.0,0.0,0.0,2,2,2,2,0.0,0.0,0.0,injection,1
1,5,0.0012665500827182396,0.0,0.0,1,0.0,0.0,-0.2464018622082859,0.0,0.0,408,0.0,0.0,0.0,2,2,2,2,0.0,0.0,0.0,backdoor,1
1,5,-0.002911496476883488,0.0,0.0,1,0.0,0.0,-0.3297396299311669,0.0,0.0,408,0.0,0.0,0.0,2,2,2,2,0.0,0.0,0.0,dos,1
1,5,4.603858932218516,0.0,0.0,6,0.0,4.477447192601595,1.8971459033366327,-0.6309297535714575,-0.7570568896624595,408,0.0,0.0,0.0,2,2,2,2,0.0,0.0,0.0,normal,0
1,5,0.15698995255656334,0.0,0.0,1,0.0,2.19897784671579,0.8934085748941814,0.0,0.0,408,0.0,0.0,0.0,2,2,2,2,0.0,0.0,0.0,dos,1
1,4,0.028542941507478516,1.0345068686589354,1.3819695887793655,10,0.0,1.1989778467157899,0.7613999013814245,1.0,0.5978907565045866,408,0.0,0.0,0.0,2,2,2,2,0.0,0.0,0.0,password,1
2,1,-0.00319510775845411,0.0,0.0,6,0.0,0.0,-0.1363836557770318,-0.6309297535714575,-0.7570568896624595,201,0.6931471805599453,0.6931471805599453,0.0,0,0,0,0,0.0,0.0,0.0,normal,0
2,1,1.1604644501232988,0.7853305502668625,1.2805100226288615,10,0.0,0.0,0.05818701819691619,0.0,0.4462667975949626,653,0.6931471805599453,3.367295829986474,0.0,1,0,0,0,0.0,0.0,0.0,normal,0
1,4,46.636918802172254,1.4966395788843578,1.5218433170027281,9,0.0,1.6414848960655501,1.7332025445794381,0.8340437671464698,0.3506735126054515,408,0.0,0.0,0.0,2,2,2,2,0.0,0.0,0.0,xss,1
1,4,92.21830182693184,1.6721189589897871,1.8280858596585334,4,0.0,1.51294159473206,1.7841190258259527,1.369070246428543,0.9372727704279595,408,0.0,0.0,0.0,2,2,2,2,0.0,0.0,0.0,xss,1
2,1,-0.00319510775845411,0.0,0.0,6,0.0,0.0,-0.1363836557770318,-0.6309297535714575,-0.7570568896624595,251,0.6931471805599453,5.545177444479562,0.0,0,0,0,0,0.0,0.0,0.0,normal,0
1,5,-0.0028547747310622685,0.0,0.0,1,0.0,0.0,-0.3297396299311669,0.0,0.0,408,0.0,0.0,0.0,2,2,2,2,0.0,0.0,0.0,dos,1
1,5,0.0031756667406609503,0.0,0.0,7,0.0,0.4425070493497599,0.14425745260958278,0.0,0.08099480975365105,408,0.0,0.0,0.0,2,2,2,2,0.0,0.0,0.0,ddos,1
1,5,77.96580706622555,0.0,0.15403922195426356,7,0.6931471805599453,0.7564707973660301,0.32124742714616983,0.0,0.08099480975365105,408,0.0,0.0,0.0,2,2,2,2,0.0,0.0,0.0,ddos,1
1,4,0.31012095220715324,1.035825972256996,1.5304050942281457,10,0.0,1.1989778467157899,0.7063318920677596,0.8340437671464698,0.6798425149751135,408,0.0,0.0,0.0,2,2,2,2,0.0,0.0,0.0,password,1
1,5,0.16471257271042233,0.0,0.0,2,0.0,1.8604881976177823,0.7364283614829901,0.8340437671464698,0.2981642684520775,408,0.0,0.0,0.0,2,2,2,2,0.0,0.0,0.0,dos,1
1,5,-0.0017014694708334616,0.0,0.0,1,0.0,0.0,-0.3297396299311669,0.0,0.0,408,0.0,0.0,0.0,2,2,2,2,0.0,0.0,0.0,dos,1
1,5,1.2612687922383468,0.0,0.0,10,0.0,1.0,0.36451876919115095,0.6309297535714575,0.2399003347763664,408,0.0,0.0,0.0,2,2,2,2,0.0,0.0,0.0,injection,1
1,4,0.04627791954983285,1.0510269922856708,1.7736416302870395,10,0.0,1.367211219012335,0.8282312485381614,1.2618595071429148,0.8943833678088192,408,0.0,0.0,0.0,2,2,2,2,0.0,0.0,0.0,password,1
1,5,-0.0028169603283825844,0.0,0.0,1,0.0,0.0,-0.2464018622082859,0.0,0.0,408,0.0,0.0,0.0,2,2,2,2,0.0,0.0,0.0,backdoor,1
2,1,-0.00260898246547272,1.0,0.0,6,0.0,0.4425070493497599,0.37976591483421657,-0.6309297535714575,-0.7570568896624595,122,0.6931471805599453,0.6931471805599453,0.0,0,1,0,0,0.0,0.0,0.0,normal,0
1,5,0.000964098072543532,0.0,0.0,1,0.0,0.0,-0.3297396299311669,0.0,0.0,408,0.0,0.0,0.0,2,2,2,2,0.0,0.0,0.0,dos,1
1,5,3.6231625246426953,0.0,0.0,6,0.0,4.477447192601595,1.8971459033366327,-0.6309297535714575,-0.7570568896624595,408,0.0,0.0,0.0,2,2,2,2,0.0,0.0,0.0,normal,0
1,5,4.354510096649335,0.0,0.0,6,0.0,4.477447192601595,1.8971459033366327,-0.6309297535714575,-0.7570568896624595,408,0.0,0.0,0.0,2,2,2,2,0.0,0.0,0.0,normal,0
1,5,-0.0029871257360098644,0.0,0.0,1,0.0,0.0,-0.3297396299311669,0.0,0.0,408,0.0,0.0,0.0,2,2,2,2,0.0,0.0,0.0,dos,1
1,5,0.001096421422312026,0.0,0.0,7,0.0,0.4425070493497599,0.14425745260958278,0.0,0.08099480975365105,408,0.0,0.0,0.0,2,2,2,2,0.0,0.0,0.0,ddos,1
1,4,0.5602416882394281,1.1437381368360773,1.8097470787469516,10,0.0,1.1989778467157899,0.868592881935388,1.140313995589965,0.921226291262849,408,0.0,0.0,0.0,2,2,2,2,0.0,0.0,0.0,injection,1
1,5,3.762369420345957,0.0,0.0,6,0.0,4.477447192601595,1.8971459033366327,-0.6309297535714575,-0.7570568896624595,408,0.0,0.0,0.0,2,2,2,2,0.0,0.0,0.0,normal,0
1,5,-0.0024199136661813086,0.0,0.0,2,0.0,0.4425070493497599,-0.011403923836142249,0.0,0.018977616396781458,408,0.0,0.0,0.0,2,2,2,2,0.0,0.0,0.0,dos,1
1,5,-0.0008885260667239007,0.0,0.0,1,0.0,0.0,-0.2464018622082859,0.0,0.0,408,0.0,0.0,0.0,2,2,2,2,0.0,0.0,0.0,backdoor,1
1,5,0.2770082202080873,0.0,0.0,1,0.0,0.7564707973660301,0.17623830605047572,0.6309297535714575,0.2206234161742418,408,0.0,0.0,0.0,2,2,2,2,0.0,0.0,0.0,dos,1
1,4,15.626458777153994,1.191980674366015,2.0907281827065596,10,0.0,1.367211219012335,0.965122520677964,1.7037877659013354,1.1711632603857285,408,0.0,0.0,0.0,2,2,2,2,0.0,0.0,0.0,injection,1
1,4,0.36009890047660276,1.035825972256996,1.5304050942281457,10,0.0,1.1989778467157899,0.7063318920677596,0.8340437671464698,0.6798425149751135,408,0.0,0.0,0.0,2,2,2,2,0.0,0.0,0.0,password,1
1,4,34.28482890944482,1.5778991368121305,1.5720924515632135,9,0.0,1.51294159473206,1.7228558933799907,1.0,0.7284616064227774,408,0.0,0.0,0.0,2,2,2,2,0.0,0.0,0.0,xss,1
1,4,0.04441087030131571,1.035825972256996,1.440751459823715,10,0.0,1.1989778467157899,0.7625038870128064,1.0,0.6346174877981628,408,0.0,0.0,0.0,2,2,2,2,0.0,0.0,0.0,password,1
1,5,1.5103684961784836,0.0,0.0,1,0.0,0.0,-0.2862163478571042,0.0,0.0,408,0.0,0.0,0.0,2,2,2,2,0.0,0.0,0.0,scanning,1
1,5,-0.00319510775845411,0.0,0.0,0,0.0,0.0,-0.3297396299311669,-0.6309297535714575,-0.7570568896624595,408,0.0,0.0,0.0,2,2,2,2,0.0,0.0,0.0,ransomware,1
1,4,0.758015650043565,1.1207406475678712,1.8097470787469516,10,0.0,1.1989778467157899,0.8433144177840509,1.140313995589965,0.921226291262849,408,0.0,0.0,0.0,2,2,2,2,0.0,0.0,0.0,injection,1
1,5,0.006218513611504863,0.0,0.0,7,0.0,0.4425070493497599,0.14425745260958278,0.0,0.08099480975365105,408,0.0,0.0,0.0,2,2,2,2,0.0,0.0,0.0,ddos,1
1,4,0.34837309704191227,1.0250276947729464,1.8097470787469516,10,0.0,1.1989778467157899,0.7535981377917141,1.140313995589965,0.921226291262849,408,0.0,0.0,0.0,2,2,2,2,0.0,0.0,0.0,password,1
1,4,14.77227653287569,1.134195955760964,2.0907281827065596,10,0.0,1.367211219012335,0.9024872620486882,1.7037877659013354,1.1711632603857285,408,0.0,0.0,0.0,2,2,2,2,0.0,0.0,0.0,injection,1
2,1,-0.0026657034739329967,1.0,0.0,6,0.0,0.4425070493497599,0.37976591483421657,-0.6309297535714575,-0.7570568896624595,122,0.6931471805599453,3.367295829986474,0.0,0,1,0,0,0.0,0.0,0.0,normal,0
2,5,-0.00319510775845411,0.0,0.0,0,0.0,-0.7564707973660301,-2.065974564076003,-0.6309297535714575,-0.7570568896624595,408,0.0,0.0,0.0,2,2,2,2,0.0,0.0,0.0,normal,0
2,1,-0.00260898246547272,0.9252670625350052,0.0,6,0.0,0.4425070493497599,0.26724079785167915,-0.6309297535714575,-0.7570568896624595,572,0.6931471805599453,3.367295829986474,0.0,0,1,0,0,0.0,0.0,0.0,normal,0
1,5,77.97818026446058,0.0,0.15403922195426356,7,0.6931471805599453,0.7564707973660301,0.32124742714616983,0.0,0.08099480975365105,408,0.0,0.0,0.0,2,2,2,2,0.0,0.0,0.0,ddos,1
1,4,0.630291481243334,1.0250276947729464,1.8097470787469516,10,0.0,1.1989778467157899,0.7535981377917141,1.2618595071429148,0.9240256046565829,408,0.0,0.0,0.0,2,2,2,2,0.0,0.0,0.0,password,1
1,5,26.37757202964708,0.0,0.0,6,0.0,0.7564707973660301,0.36451876919115095,-0.6309297535714575,-0.7570568896624595,408,0.0,0.0,0.0,2,2,2,2,0.0,0.0,0.0,xss,1
2,1,-0.0023253799755133505,1.0,0.0,6,0.0,0.4425070493497599,0.37976591483421657,-0.6309297535714575,-0.7570568896624595,122,0.6931471805599453,0.6931471805599453,0.0,0,1,0,0,0.0,0.0,0.0,normal,0
1,5,-0.0004726150501857838,0.0,0.0,1,0.0,0.0,-0.2464018622082859,0.0,0.0,408,0.0,0.0,0.0,2,2,2,2,0.0,0.0,0.0,backdoor,1
2,1,-0.0028547747310622685,1.0,0.0,6,0.0,0.4425070493497599,0.37976591483421657,-0.6309297535714575,-0.7570568896624595,122,0.6931471805599453,0.6931471805599453,0.0,0,1,0,0,0.0,0.0,0.0,normal,0
1,4,0.7224947942128798,1.0318429363776707,1.3893707381421374,10,0.0,1.1989778467157899,0.7025865767309635,0.8340437671464698,0.5758225348514624,408,0.0,0.0,0.0,2,2,2,2,0.0,0.0,0.0,password,1
1,4,16.067796179855552,1.146055900508977,2.0907281827065596,10,0.0,1.1989778467157899,0.8712219668256784,1.7037877659013354,1.1711632603857285,408,0.0,0.0,0.0,2,2,2,2,0.0,0.0,0.0,injection,1
1,5,-0.00319510775845411,0.0,0.0,11,0.0,0.0,-0.3297396299311669,-0.6309297535714575,-0.7570568896624595,408,0.0,0.0,0.0,2,2,2,2,0.0,0.0,0.0,ransomware,1
1,4,0.056515124316188464,1.035825972256996,1.1955833130039033,10,0.0,1.1989778467157899,0.7625038870128064,1.0,0.5036571722939589,408,0.0,0.0,0.0,2,2,2,2,0.0,0.0,0.0,password,1
1,8,78.24643303445339,1.4485960596256195,1.8328513000596238,10,0.0,2.335575477358633,1.4893673969003876,1.8340437671464698,0.9602294249903047,408,0.0,0.0,0.0,2,2,2,2,0.0,0.0,0.0,scanning,1
2,1,49.92604556664857,1.2935425725101093,0.0,6,0.0,1.51294159473206,1.0254038781537764,-0.6309297535714575,-0.7570568896624595,114,10.39726874169286,2.5649493574615367,0.0,0,0,0,0,0.0,0.0,0.0,normal,0
1,5,-0.00319510775845411,0.0,0.0,0,0.0,0.0,1.3050094651920372,-0.6309297535714575,-0.7570568896624595,408,0.0,0.0,0.0,2,2,2,2,0.0,0.0,0.0,ransomware,1
1,5,-0.0005104247645499646,0.0,0.0,1,0.0,0.0,-0.2464018622082859,0.0,0.0,408,0.0,0.0,0.0,2,2,2,2,0.0,0.0,0.0,backdoor,1
1,5,-0.0004915198979167971,0.0,0.0,1,0.0,0.0,-0.2464018622082859,0.0,0.0,408,0.0,0.0,0.0,2,2,2,2,0.0,0.0,0.0,backdoor,1
1,5,0.03288388845943385,0.0,0.0,1,0.0,0.0,-0.2862163478571042,0.0,0.0,408,0.0,0.0,0.0,2,2,2,2,0.0,0.0,0.0,scanning,1
2,1,1.5278831866472333,0.7108914107550535,1.0384503294155867,10,0.0,0.0,-0.15171413404622602,0.0,0.24294311033754046,284,0.6931471805599453,0.6931471805599453,1.3862943611198906,0,1,0,0,0.0,0.0,0.0,normal,0
2,1,-0.002741331749904566,0.8143858905274319,0.882324410236827,10,0.0,0.0,-0.011403923836142249,0.0,0.13880508610057624,32,0.6931471805599453,0.6931471805599453,1.3862943611198906,0,1,0,1,0.0,0.0,0.0,ddos,1
1,5,0.0022494857037933234,0.0,0.0,1,0.0,0.0,-0.3297396299311669,0.0,0.0,408,0.0,0.0,0.0,2,2,2,2,0.0,0.0,0.0,dos,1
1,5,0.0697794234964536,0.0,0.0,1,0.0,0.4425070493497599,-0.011403923836142249,0.3690702464285425,0.13880508610057624,408,0.0,0.0,0.0,2,2,2,2,0.0,0.0,0.0,dos,1
1,5,-0.00319510775845411,0.0,0.0,0,0.0,0.0,1.3522956464323646,-0.6309297535714575,-0.7570568896624595,408,0.0,0.0,0.0,2,2,2,2,0.0,0.0,0.0,ransomware,1
1,5,-0.00319510775845411,0.0,0.0,0,0.0,0.0,0.37473857932377386,-0.6309297535714575,-0.7570568896624595,408,0.0,0.0,0.0,2,2,2,2,0.0,0.0,0.0,ransomware,1
1,5,-0.00319510775845411,0.0,0.0,11,0.0,0.0,1.2512354995986188,-0.6309297535714575,-0.7570568896624595,408,0.0,0.0,0.0,2,2,2,2,0.0,0.0,0.0,ransomware,1
1,4,7.5877460888186254,1.1233316702626421,1.6837622748646055,10,0.0,1.367211219012335,0.8386529863723994,1.0,0.8085462593646315,408,0.0,0.0,0.0,2,2,2,2,0.0,0.0,0.0,injection,1
1,4,0.14498739036040223,1.035825972256996,1.5304050942281457,10,0.0,1.1989778467157899,0.7063318920677596,0.8340437671464698,0.6798425149751135,408,0.0,0.0,0.0,2,2,2,2,0.0,0.0,0.0,password,1
1,4,0.24030992375402585,1.035825972256996,1.5304050942281457,10,0.0,1.1989778467157899,0.7063318920677596,0.8340437671464698,0.6798425149751135,408,0.0,0.0,0.0,2,2,2,2,0.0,0.0,0.0,password,1
1,4,5.4075991101839245,1.2763742379119747,1.391925152721386,10,0.0,1.1989778467157899,1.012663643061994,0.8340437671464698,0.5775850430458772,408,0.0,0.0,0.0,2,2,2,2,0.0,0.0,0.0,injection,1
1,5,-0.0008696208220397115,0.0,0.0,1,0.0,0.0,-0.3297396299311669,0.0,0.0,408,0.0,0.0,0.0,2,2,2,2,0.0,0.0,0.0,dos,1
1,5,1.0185189086242896,0.0,0.0,1,0.0,1.9554486440818202,0.7808834579116445,1.6309297535714575,0.4842690605598976,408,0.0,0.0,0.0,2,2,2,2,0.0,0.0,0.0,dos,1
1,5,-0.003119477667407547,0.0,0.0,7,0.0,0.4425070493497599,0.14425745260958278,0.0,0.08099480975365105,408,0.0,0.0,0.0,2,2,2,2,0.0,0.0,0.0,ddos,1
2,5,0.3340213584964931,0.7982898004126693,0.8648855358864512,10,0.0,0.0,-0.03508177807890498,0.0,0.1284807444263108,408,0.0,0.0,0.0,2,2,2,2,0.0,0.0,0.0,normal,0
2,1,20.570495311345265,0.8328776747605062,1.171827242679074,10,0.0,0.0,0.0166007153725156,0.0,0.3452609244644517,672,0.6931471805599453,0.6931471805599453,0.0,0,0,0,0,0.0,0.0,0.0,normal,0
1,5,-0.00319510775845411,0.0,0.0,0,0.0,0.0,0.3324464703052144,-0.6309297535714575,-0.7570568896624595,408,0.0,0.0,0.0,2,2,2,2,0.0,0.0,0.0,ransomware,1
1,5,4.040677171495037,0.0,0.0,6,0.0,4.477447192601595,1.8971459033366327,-0.6309297535714575,-0.7570568896624595,408,0.0,0.0,0.0,2,2,2,2,0.0,0.0,0.0,normal,0
2,1,6.50375825986024,0.7982898004126693,0.0,6,0.0,0.4425070493497599,0.2608360716999227,-0.6309297535714575,-0.7570568896624595,377,0.6931471805599453,0.6931471805599453,0.0,0,0,0,0,0.0,0.0,0.0,normal,0
1,5,-0.00319510775845411,0.0,0.0,0,0.0,0.0,0.722223592025467,-0.6309297535714575,-0.7570568896624595,408,0.0,0.0,0.0,2,2,2,2,0.0,0.0,0.0,ransomware,1
2,1,-0.0029493110686325385,0.8856027412448122,1.0024556230143338,10,0.0,0.4425070493497599,0.21336396802988652,0.3690702464285425,0.2603035666191386,620,0.6931471805599453,0.6931471805599453,0.0,0,1,1,0,0.0,0.0,0.0,injection,1
2,1,-0.0027602388661639964,1.0,0.0,6,0.0,0.4425070493497599,0.37976591483421657,-0.6309297535714575,-0.7570568896624595,122,0.6931471805599453,0.6931471805599453,0.0,0,1,0,0,0.0,0.0,0.0,normal,0
1,5,5.330837288483375,0.0,0.0,2,0.0,4.854918009313317,2.0599637701993143,3.380238966019956,0.9103154191834305,408,0.0,0.0,0.0,2,2,2,2,0.0,0.0,0.0,dos,1
2,1,0.006029531174078329,0.0,1.266818819244037,12,0.0,-0.7564707973660301,-2.065974564076003,0.3690702464285425,0.440045832347494,408,0.0,0.0,0.0,2,2,2,2,0.0,0.0,0.0,normal,0
1,5,65.8904596276693,0.0,0.0,7,0.0,0.7564707973660301,0.32124742714616983,0.3690702464285425,0.2206234161742418,408,0.0,0.0,0.0,2,2,2,2,0.0,0.0,0.0,ddos,1
2,1,0.4898945637953082,0.7714970013201197,1.0601969803126183,10,0.0,0.0,-0.07301102852153069,0.0,0.2589120105129641,344,0.6931471805599453,0.6931471805599453,1.3862943611198906,0,1,0,0,0.0,0.0,0.0,ddos,1
1,5,-0.0007750948821616644,0.0,0.0,1,0.0,0.0,-0.2464018622082859,0.0,0.0,408,0.0,0.0,0.0,2,2,2,2,0.0,0.0,0.0,backdoor,1
2,1,-0.0017581877568963174,0.9160466382357997,0.0,6,0.0,0.4425070493497599,0.2543423881778448,-0.6309297535714575,-0.7570568896624595,554,0.6931471805599453,3.367295829986474,0.0,0,1,0,0,0.0,0.0,0.0,normal,0
1,4,4.198668682701191,1.1413938838621038,1.391925152721386,10,0.0,1.1989778467157899,0.8214762004154137,0.8340437671464698,0.5775850430458772,408,0.0,0.0,0.0,2,2,2,2,0.0,0.0,0.0,injection,1
1,5,23.35739201008979,0.0,0.0,11,0.0,0.7564707973660301,0.29801095853699716,-0.6309297535714575,-0.7570568896624595,408,0.0,0.0,0.0,2,2,2,2,0.0,0.0,0.0,xss,1
2,1,63.22957907996585,1.2659386253023404,0.0,6,0.0,1.367211219012335,0.9600913208842764,-0.6309297535714575,-0.7570568896624595,103,10.39726874169286,2.5649493574615367,0.0,0,0,0,0,0.0,0.0,0.0,normal,0
1,5,3.6022053089568287,0.0,0.0,6,0.0,4.477447192601595,1.8971459033366327,-0.6309297535714575,-0.7570568896624595,408,0.0,0.0,0.0,2,2,2,2,0.0,0.0,0.0,normal,0
1,5,1.033076540502712,0.0,0.0,12,0.0,0.0,-0.20971342379345861,0.0,0.052335467113126644,408,0.0,0.0,0.0,2,2,2,2,0.0,0.0,0.0,xss,1
1,4,16.186359976687797,1.1615859020076615,2.0907281827065596,10,0.0,1.1989778467157899,0.8892228916320124,1.7037877659013354,1.1711632603857285,408,0.0,0.0,0.0,2,2,2,2,0.0,0.0,0.0,injection,1
1,5,31.151762242226066,0.0,0.0,11,0.0,1.0,0.43176809219392526,-0.6309297535714575,-0.7570568896624595,408,0.0,0.0,0.0,2,2,2,2,0.0,0.0,0.0,xss,1
1,5,-0.0011342959678003809,0.0,0.0,1,0.0,0.0,-0.2464018622082859,0.0,0.0,408,0.0,0.0,0.0,2,2,2,2,0.0,0.0,0.0,backdoor,1
1,4,91.45534747968354,1.6556956804999692,1.8227291712523117,4,0.0,1.51294159473206,1.7497759239731316,1.2618595071429148,0.9307050352520788,408,0.0,0.0,0.0,2,2,2,2,0.0,0.0,0.0,xss,1
1,4,2.5602951213220106,1.1366234385606206,1.6232944239003864,10,0.0,1.8604881976177823,0.9798992083018296,1.369070246428543,0.7731412169780891,408,0.0,0.0,0.0,2,2,2,2,0.0,0.0,0.0,ddos,1
1,5,4.710534697491991,0.0,0.0,6,0.0,4.477447192601595,1.8971459033366327,-0.6309297535714575,-0.7570568896624595,408,0.0,0.0,0.0,2,2,2,2,0.0,0.0,0.0,normal,0
1,4,38.59529908644537,1.178660638656382,1.3985967718462575,9,0.0,1.1989778467157899,0.9097863509338582,0.8340437671464698,0.5944195419081841,408,0.0,0.0,0.0,2,2,2,2,0.0,0.0,0.0,xss,1
1,5,77.94534616792708,0.0,0.15403922195426356,7,0.6931471805599453,0.7564707973660301,0.32124742714616983,0.0,0.08099480975365105,408,0.0,0.0,0.0,2,2,2,2,0.0,0.0,0.0,ddos,1
1,4,0.26482065024694423,1.035825972256996,1.4400708111396738,10,0.0,1.1989778467157899,0.7625038870128064,1.0,0.6341747901692649,408,0.0,0.0,0.0,2,2,2,2,0.0,0.0,0.0,password,1
1,5,3.7915052822509785,0.0,0.0,6,0.0,4.477447192601595,1.8971459033366327,-0.6309297535714575,-0.7570568896624595,408,0.0,0.0,0.0,2,2,2,2,0.0,0.0,0.0,normal,0
1,4,27.030855208824818,1.1406064744399462,1.7109470764012074,10,0.0,1.1989778467157899,0.8650642787888881,1.140313995589965,0.8400793884818766,408,0.0,0.0,0.0,2,2,2,2,0.0,0.0,0.0,injection,1
1,5,3.4617153397219163,0.0,0.0,6,0.0,4.477447192601595,1.8971459033366327,-0.6309297535714575,-0.7570568896624595,408,0.0,0.0,0.0,2,2,2,2,0.0,0.0,0.0,normal,0
2,1,-0.0022119401706034844,1.0,0.0,6,0.0,0.4425070493497599,0.37976591483421657,-0.6309297535714575,-0.7570568896624595,122,0.6931471805599453,0.6931471805599453,0.0,0,1,0,0,0.0,0.0,0.0,normal,0
1,4,0.8167855407226063,1.1250410126762271,1.6800889412878106,10,0.0,1.1989778467157899,0.847929832339829,1.140313995589965,0.8155830730889999,408,0.0,0.0,0.0,2,2,2,2,0.0,0.0,0.0,injection,1
1,4,10.236989310871795,1.0938467593684598,1.7384835945084791,10,0.0,1.1989778467157899,0.8156074493286232,1.140313995589965,0.8623075958486099,408,0.0,0.0,0.0,2,2,2,2,0.0,0.0,0.0,injection,1
1,4,15.343570676337398,1.1081966582482397,2.0907281827065596,10,0.0,1.367211219012335,0.8772996083662502,1.7037877659013354,1.1711632603857285,408,0.0,0.0,0.0,2,2,2,2,0.0,0.0,0.0,injection,1
2,1,-0.0026846105145660417,1.0,0.0,6,0.0,0.4425070493497599,0.37976591483421657,-0.6309297535714575,-0.7570568896624595,122,0.6931471805599453,3.367295829986474,0.0,0,1,0,0,0.0,0.0,0.0,normal,0
1,4,-0.0021174075197494535,1.0318429363776707,1.817240168940306,10,0.0,1.1989778467157899,0.759184078761594,1.2618595071429148,0.9302388275525282,408,0.0,0.0,0.0,2,2,2,2,0.0,0.0,0.0,password,1
1,5,-0.0004726150501857838,0.0,0.0,1,0.0,0.0,-0.3297396299311669,0.0,0.0,408,0.0,0.0,0.0,2,2,2,2,0.0,0.0,0.0,dos,1
1,5,-0.003157292675115859,0.0,0.0,1,0.0,0.0,-0.2464018622082859,0.0,0.0,408,0.0,0.0,0.0,2,2,2,2,0.0,0.0,0.0,backdoor,1
1,5,-0.002892589209369472,0.0,0.0,1,0.0,0.0,-0.3297396299311669,0.0,0.0,408,0.0,0.0,0.0,2,2,2,2,0.0,0.0,0.0,dos,1
1,5,-9.452206495968635e-05,0.0,0.0,1,0.0,0.0,-0.2464018622082859,0.0,0.0,408,0.0,0.0,0.0,2,2,2,2,0.0,0.0,0.0,backdoor,1
1,5,4.742468961410654,0.0,0.0,6,0.0,4.477447192601595,1.8971459033366327,-0.6309297535714575,-0.7570568896624595,408,0.0,0.0,0.0,2,2,2,2,0.0,0.0,0.0,normal,0
1,5,3.438040906758133,0.0,0.0,6,0.0,4.477447192601595,1.8971459033366327,-0.6309297535714575,-0.7570568896624595,408,0.0,0.0,0.0,2,2,2,2,0.0,0.0,0.0,normal,0
1,5,-0.0013422576101157697,0.0,0.0,1,0.0,0.0,-0.2464018622082859,0.0,0.0,408,0.0,0.0,0.0,2,2,2,2,0.0,0.0,0.0,backdoor,1
1,4,2.1876762688241,1.1390225290974343,1.8097470787469516,10,0.0,1.1989778467157899,0.8632899400458123,1.2618595071429148,0.9240256046565829,408,0.0,0.0,0.0,2,2,2,2,0.0,0.0,0.0,injection,1
1,4,0.3623615886943036,1.0435672646562266,1.6902692687655132,10,0.0,1.1989778467157899,0.7137336988656802,1.0,0.8139382774325007,408,0.0,0.0,0.0,2,2,2,2,0.0,0.0,0.0,password,1
2,1,-0.00319510775845411,0.0,0.0,6,0.0,0.0,-0.2009741469606858,-0.6309297535714575,-0.7570568896624595,683,0.6931471805599453,5.545177444479562,0.0,0,0,0,0,0.0,0.0,0.0,normal,0
2,1,0.20251162454349952,0.9013889825052162,1.0505750609592723,10,0.0,0.4425070493497599,0.23430199049482223,0.3690702464285425,0.28873543525927536,703,0.6931471805599453,3.367295829986474,0.0,0,1,0,1,0.0,0.0,0.0,xss,1
1,4,3.0020434006507197,1.1429596922487186,1.391925152721386,10,0.0,1.1989778467157899,0.8234161936455796,0.8340437671464698,0.5775850430458772,408,0.0,0.0,0.0,2,2,2,2,0.0,0.0,0.0,injection,1
1,4,1.381669429874936,1.1325615255787729,1.6800889412878106,10,0.0,1.367211219012335,0.9008496502250416,1.140313995589965,0.8155830730889999,408,0.0,0.0,0.0,2,2,2,2,0.0,0.0,0.0,injection,1
1,5,0.08969607085447548,0.0,0.0,1,0.0,0.4425070493497599,0.032632149841456785,0.0,0.0,408,0.0,0.0,0.0,2,2,2,2,0.0,0.0,0.0,scanning,1
1,5,3.8269588426272243,0.0,0.0,6,0.0,4.477447192601595,1.8971459033366327,-0.6309297535714575,-0.7570568896624595,408,0.0,0.0,0.0,2,2,2,2,0.0,0.0,0.0,normal,0
2,1,-0.002476634107453904,1.0,0.0,6,0.0,0.4425070493497599,0.37976591483421657,-0.6309297535714575,-0.7570568896624595,122,0.6931471805599453,3.367295829986474,0.0,0,1,0,0,0.0,0.0,0.0,normal,0
1,5,1.846697898488946,0.0,0.0,10,0.0,1.0,0.36451876919115095,0.6309297535714575,0.2399003347763664,408,0.0,0.0,0.0,2,2,2,2,0.0,0.0,0.0,injection,1
2,1,0.09622371325496464,0.9768166535812788,0.0,6,0.0,0.4425070493497599,0.3433835233631055,-0.6309297535714575,-0.7570568896624595,252,0.6931471805599453,5.545177444479562,0.0,1,0,0,0,0.0,0.0,0.0,normal,0
1,4,16.136268325985753,1.1109499868711163,2.0907281827065596,10,0.0,1.367211219012335,0.8798803197815456,1.7037877659013354,1.1711632603857285,408,0.0,0.0,0.0,2,2,2,2,0.0,0.0,0.0,injection,1
1,4,0.7055652901864788,1.1622968902501252,1.8097470787469516,10,0.0,1.1989778467157899,0.8900630314765097,1.140313995589965,0.921226291262849,408,0.0,0.0,0.0,2,2,2,2,0.0,0.0,0.0,injection,1
2,1,-0.003062755297650555,0.8219837925659954,0.8905561521090628,10,0.0,0.0,0.0,0.0,0.14377758085894815,621,0.6931471805599453,0.6931471805599453,1.3862943611198906,0,1,0,1,0.0,0.0,0.0,ddos,1
1,5,-0.00319510775845411,0.0,0.0,0,0.0,0.0,0.2025324944719487,-0.6309297535714575,-0.7570568896624595,408,0.0,0.0,0.0,2,2,2,2,0.0,0.0,0.0,ransomware,1
1,5,7.15867942993913,0.0,0.0,1,0.0,0.0,-0.2862163478571042,0.0,0.0,408,0.0,0.0,0.0,2,2,2,2,0.0,0.0,0.0,scanning,1
2,1,0.011679290107244453,0.0,1.1528011595788283,12,0.0,-0.7564707973660301,-2.065974564076003,0.3690702464285425,0.3559461042049281,408,0.0,0.0,0.0,2,2,2,2,0.0,0.0,0.0,normal,0
1,5,3.6331020507245797,0.0,0.0,6,0.0,4.477447192601595,1.8971459033366327,-0.6309297535714575,-0.7570568896624595,408,0.0,0.0,0.0,2,2,2,2,0.0,0.0,0.0,normal,0
1,5,0.0006616412241623609,0.0,0.0,1,0.0,0.0,-0.3297396299311669,0.0,0.0,408,0.0,0.0,0.0,2,2,2,2,0.0,0.0,0.0,dos,1
1,5,0.0043853042617347186,0.0,0.0,7,0.0,0.4425070493497599,0.14425745260958278,0.0,0.08099480975365105,408,0.0,0.0,0.0,2,2,2,2,0.0,0.0,0.0,ddos,1
1,4,2.6253161490771624,1.1118596109896646,1.8097470787469516,10,0.0,1.1989778467157899,0.8339446112567166,1.140313995589965,0.921226291262849,408,0.0,0.0,0.0,2,2,2,2,0.0,0.0,0.0,injection,1
1,4,40.829959040207584,1.559710810541923,1.5573104480744688,9,0.0,1.51294159473206,1.5741434584783767,1.2618595071429148,0.730682046922575,408,0.0,0.0,0.0,2,2,2,2,0.0,0.0,0.0,xss,1
2,1,0.0034402815612402464,0.7666704279836494,1.0,10,0.0,0.0,-0.07964288010775397,0.0,0.21550526841187148,285,0.6931471805599453,0.6931471805599453,1.3862943611198906,0,1,0,0,0.0,0.0,0.0,normal,0
1,5,-0.003062755297650555,0.0,0.0,7,0.0,0.4425070493497599,0.14425745260958278,0.0,0.08099480975365105,408,0.0,0.0,0.0,2,2,2,2,0.0,0.0,0.0,ddos,1
2,1,-0.00319510775845411,0.0,0.0,6,0.0,0.0,-0.19239523291379498,-0.6309297535714575,-0.7570568896624595,687,0.6931471805599453,3.367295829986474,0.0,0,1,0,0,0.0,0.0,0.0,normal,0
1,5,3.6557234614457124,0.0,0.0,6,0.0,4.477447192601595,1.8971459033366327,-0.6309297535714575,-0.7570568896624595,408,0.0,0.0,0.0,2,2,2,2,0.0,0.0,0.0,normal,0
1,5,4.791142505629219,0.0,0.0,6,0.0,4.477447192601595,1.8971459033366327,-0.6309297535714575,-0.7570568896624595,408,0.0,0.0,0.0,2,2,2,2,0.0,0.0,0.0,normal,0
2,5,-0.00319510775845411,0.0,0.0,6,0.0,0.0,0.6175949991038299,-0.6309297535714575,-0.7570568896624595,408,0.0,0.0,0.0,2,2,2,2,0.0,0.0,0.0,normal,0
1,5,-0.00011342653465555382,0.0,0.0,1,0.0,0.0,-0.3297396299311669,0.0,0.0,408,0.0,0.0,0.0,2,2,2,2,0.0,0.0,0.0,dos,1
1,5,-0.0028736819607624114,0.0,0.0,1,0.0,0.0,-0.14398606226810373,0.0,0.0,408,0.0,0.0,0.0,2,2,2,2,0.0,0.0,0.0,password,1
2,1,-0.00319510775845411,0.0,0.0,6,0.0,0.0,-0.053661879839773406,-0.6309297535714575,-0.7570568896624595,572,0.6931471805599453,0.6931471805599453,0.0,0,1,0,0,0.0,0.0,0.0,normal,0
1,4,13.53266948945344,1.1413938838621038,1.6954059057109019,9,0.6931471805599453,1.0,0.8165907045756793,1.0,0.8231757513495698,408,0.0,0.0,0.0,2,2,2,2,0.0,0.0,0.0,ddos,1
2,1,0.05587428334222453,0.9112761929343167,1.3511534132618883,10,0.0,0.4425070493497599,0.24775724132145974,0.3690702464285425,0.5069924152404132,253,0.6931471805599453,0.6931471805599453,0.0,0,1,1,0,0.0,0.0,0.0,mitm,1
1,4,32.57246174026929,1.8206986654083488,1.7669313682630565,10,0.0,1.9554486440818202,2.1211556718438964,1.2618595071429148,0.9622339856643489,408,0.0,0.0,0.0,2,2,2,2,0.0,0.0,0.0,xss,1
1,5,-0.0009452419141943061,0.0,0.0,1,0.0,0.0,-0.2464018622082859,0.0,0.0,408,0.0,0.0,0.0,2,2,2,2,0.0,0.0,0.0,backdoor,1
1,4,1.2310395979285353,1.166511831075104,1.6800889412878106,10,0.0,1.1989778467157899,0.8950724118731258,1.140313995589965,0.8155830730889999,408,0.0,0.0,0.0,2,2,2,2,0.0,0.0,0.0,injection,1
1,5,-0.00043480541143006886,0.0,0.0,1,0.0,0.0,-0.3297396299311669,0.0,0.0,408,0.0,0.0,0.0,2,2,2,2,0.0,0.0,0.0,dos,1
1,5,0.0016068028111888477,0.0,0.0,7,0.0,0.4425070493497599,0.14425745260958278,0.0,0.08099480975365105,408,0.0,0.0,0.0,2,2,2,2,0.0,0.0,0.0,ddos,1
1,5,86.11302613163633,0.0,0.15403922195426356,7,0.6931471805599453,0.7564707973660301,0.32124742714616983,0.0,0.08099480975365105,408,0.0,0.0,0.0,2,2,2,2,0.0,0.0,0.0,ddos,1
1,4,23.053683854767616,1.2021638992075827,2.0869757966852376,10,0.0,1.51294159473206,1.012017426376317,1.7037877659013354,1.1678921595059737,408,0.0,0.0,0.0,2,2,2,2,0.0,0.0,0.0,injection,1
1,4,0.4170288433851004,1.0435672646562266,1.6902692687655132,10,0.0,1.1989778467157899,0.7137336988656802,1.0,0.8139382774325007,408,0.0,0.0,0.0,2,2,2,2,0.0,0.0,0.0,password,1
1,5,7.395114499677575,0.0,0.0,6,0.0,4.213433113247767,1.783001553702179,-0.6309297535714575,-0.7570568896624595,408,0.0,0.0,0.0,2,2,2,2,0.0,0.0,0.0,dos,1
1,4,15.76927079065983,1.166511831075104,1.391925152721386,10,0.0,1.1989778467157899,0.8534088524372131,1.0,0.5889610584475213,408,0.0,0.0,0.0,2,2,2,2,0.0,0.0,0.0,injection,1
1,5,0.006804347163899092,0.0,0.0,7,0.0,0.4425070493497599,0.14425745260958278,0.0,0.08099480975365105,408,0.0,0.0,0.0,2,2,2,2,0.0,0.0,0.0,injection,1
2,1,-0.0023064732940973735,1.0,0.0,6,0.0,0.4425070493497599,0.37976591483421657,-0.6309297535714575,-0.7570568896624595,122,0.6931471805599453,3.367295829986474,0.0,0,1,0,0,0.0,0.0,0.0,normal,0
2,1,0.09381608442880845,0.8143858905274319,0.882324410236827,10,0.0,0.4425070493497599,0.127407423682577,0.3690702464285425,0.19933150734444802,687,0.6931471805599453,0.6931471805599453,1.3862943611198906,0,1,0,1,0.0,0.0,0.0,scanning,1
1,5,3.31955511468434,0.0,0.0,6,0.0,4.477447192601595,1.8971459033366327,-0.6309297535714575,-0.7570568896624595,408,0.0,0.0,0.0,2,2,2,2,0.0,0.0,0.0,normal,0
1,5,4.027497259385444,0.0,0.0,6,0.0,4.477447192601595,1.8971459033366327,-0.6309297535714575,-0.7570568896624595,408,0.0,0.0,0.0,2,2,2,2,0.0,0.0,0.0,normal,0
2,1,0.9969393933564159,0.7666704279836494,1.0,10,0.0,0.0,-0.07964288010775397,0.0,0.21550526841187148,285,0.6931471805599453,0.6931471805599453,1.3862943611198906,0,1,0,0,0.0,0.0,0.0,normal,0
1,5,-0.0013233519117503963,0.0,0.0,1,0.0,0.0,-0.2464018622082859,0.0,0.0,408,0.0,0.0,0.0,2,2,2,2,0.0,0.0,0.0,backdoor,1
2,1,-0.0028736819607624114,1.0,0.0,6,0.0,0.4425070493497599,0.37976591483421657,-0.6309297535714575,-0.7570568896624595,122,0.6931471805599453,3.367295829986474,0.0,0,1,0,0,0.0,0.0,0.0,normal,0
1,5,-0.00319510775845411,0.0,0.0,0,0.0,0.0,0.9340896737617508,-0.6309297535714575,-0.7570568896624595,408,0.0,0.0,0.0,2,2,2,2,0.0,0.0,0.0,ransomware,1
1,5,0.023332489272641158,0.0,0.0,1,0.0,0.4425070493497599,-0.011403923836142249,0.0,0.0,408,0.0,0.0,0.0,2,2,2,2,0.0,0.0,0.0,dos,1
1,5,-0.0006049493812494374,0.0,0.0,1,0.0,0.0,-0.14398606226810373,0.0,0.0,408,0.0,0.0,0.0,2,2,2,2,0.0,0.0,0.0,password,1
1,4,16.059462255361755,1.285916418987088,2.0907281827065596,10,0.0,1.367211219012335,1.086576323948228,1.7037877659013354,1.1711632603857285,408,0.0,0.0,0.0,2,2,2,2,0.0,0.0,0.0,injection,1
2,1,1.3646694756120192,0.7514694079549746,1.5694422986046483,10,0.0,0.0,0.02200583566091937,0.0,0.6908740982190582,668,0.6931471805599453,3.784189633918261,0.0,0,0,0,0,0.0,0.0,0.0,normal,0
1,4,0.04060076351033998,1.0318429363776707,1.817240168940306,10,0.0,1.367211219012335,0.8136347135003332,1.2618595071429148,0.9302388275525282,408,0.0,0.0,0.0,2,2,2,2,0.0,0.0,0.0,password,1
1,4,2.2965286375887435,1.099707726740606,1.8097470787469516,10,0.0,1.1989778467157899,0.8214762004154137,1.140313995589965,0.921226291262849,408,0.0,0.0,0.0,2,2,2,2,0.0,0.0,0.0,injection,1
1,5,90.04040818615636,0.0,1.8762794885532819,12,0.0,-0.7564707973660301,-2.065974564076003,2.095903274289385,0.9114559098670342,408,0.0,0.0,0.0,2,2,2,2,0.0,0.0,0.0,normal,0
1,5,-0.001493503877580723,0.0,0.0,1,0.0,0.0,-0.2464018622082859,0.0,0.0,408,0.0,0.0,0.0,2,2,2,2,0.0,0.0,0.0,backdoor,1
2,1,-0.0025522616271699394,1.0,0.0,6,0.0,0.4425070493497599,0.37976591483421657,-0.6309297535714575,-0.7570568896624595,122,0.6931471805599453,0.6931471805599453,0.0,0,1,0,0,0.0,0.0,0.0,normal,0
1,5,0.0009073877820119873,0.0,0.0,1,0.0,0.0,-0.2464018622082859,0.0,0.0,408,0.0,0.0,0.0,2,2,2,2,0.0,0.0,0.0,backdoor,1
1,5,0.00034027552134628495,0.0,0.0,1,0.0,0.0,-0.2464018622082859,0.0,0.0,408,0.0,0.0,0.0,2,2,2,2,0.0,0.0,0.0,backdoor,1
2,1,-0.003100570191914524,0.8143858905274319,0.882324410236827,10,0.0,0.0,-0.011403923836142249,0.0,0.13880508610057624,32,0.6931471805599453,0.6931471805599453,1.3862943611198906,0,1,0,1,0.0,0.0,0.0,ddos,1
1,5,3.677244011221625,0.0,0.0,6,0.0,4.477447192601595,1.8971459033366327,-0.6309297535714575,-0.7570568896624595,408,0.0,0.0,0.0,2,2,2,2,0.0,0.0,0.0,normal,0
2,1,50.076499025080636,1.2526719397959183,0.0,6,0.0,1.0,0.8934085748941814,-0.6309297535714575,-0.7570568896624595,114,10.39726874169286,2.5649493574615367,0.0,0,0,0,0,0.0,0.0,0.0,normal,0
1,4,1.4618043126957145,1.1358174654113515,1.8097470787469516,10,0.0,1.1989778467157899,0.8597209326563063,1.140313995589965,0.921226291262849,408,0.0,0.0,0.0,2,2,2,2,0.0,0.0,0.0,injection,1
1,4,0.03586535290395627,1.035825972256996,1.4393880713657614,10,0.0,1.1989778467157899,0.7625038870128064,1.0,0.6337311291062472,408,0.0,0.0,0.0,2,2,2,2,0.0,0.0,0.0,password,1
0,5,78.64878659990386,1.5779926920714862,0.0,0,0.0,1.0,1.554093131850578,-0.6309297535714575,-0.7570568896624595,408,0.0,0.0,0.0,2,2,2,2,0.0,0.0,0.0,normal,0
1,5,3.7621525134114173,0.0,0.0,6,0.0,4.477447192601595,1.8971459033366327,-0.6309297535714575,-0.7570568896624595,408,0.0,0.0,0.0,2,2,2,2,0.0,0.0,0.0,normal,0
2,1,6.498155324618316,0.8624661404741011,0.0,6,0.0,0.4425070493497599,0.3155456772416057,-0.6309297535714575,-0.7570568896624595,246,0.6931471805599453,5.545177444479562,0.0,0,0,0,0,0.0,0.0,0.0,normal,0
1,5,0.0016824136971087976,0.0,0.0,1,0.0,0.0,-0.2464018622082859,0.0,0.0,408,0.0,0.0,0.0,2,2,2,2,0.0,0.0,0.0,backdoor,1
1,4,3.4663428024007574,1.1857455468072373,0.0,7,0.0,0.7564707973660301,0.8282312485381614,0.3690702464285425,0.20667868729074057,408,0.0,0.0,0.0,2,2,2,2,0.0,0.0,0.0,injection,1
2,1,-0.00319510775845411,0.0,0.0,6,0.0,0.0,-0.029048949890007468,-0.6309297535714575,-0.7570568896624595,587,0.6931471805599453,3.367295829986474,0.0,0,1,0,0,0.0,0.0,0.0,normal,0
1,5,-0.00032137694881069224,0.0,0.0,1,0.0,0.0,-0.2464018622082859,0.0,0.0,408,0.0,0.0,0.0,2,2,2,2,0.0,0.0,0.0,backdoor,1
1,5,-0.00022685374976144342,0.0,0.0,1,0.0,0.0,-0.2464018622082859,0.0,0.0,408,0.0,0.0,0.0,2,2,2,2,0.0,0.0,0.0,backdoor,1
2,1,0.005292481619211626,0.0,1.266818819244037,12,0.0,-0.7564707973660301,-2.065974564076003,0.3690702464285425,0.440045832347494,408,0.0,0.0,0.0,2,2,2,2,0.0,0.0,0.0,normal,0
1,4,0.18072882604210402,1.0250276947729464,1.5304050942281457,10,0.0,1.1989778467157899,0.696276930393443,0.8340437671464698,0.6798425149751135,408,0.0,0.0,0.0,2,2,2,2,0.0,0.0,0.0,password,1
1,5,-5.671318227199518e-05,0.0,0.0,1,0.0,0.0,-0.2464018622082859,0.0,0.0,408,0.0,0.0,0.0,2,2,2,2,0.0,0.0,0.0,backdoor,1
1,5,0.0017202190266817723,0.0,0.0,1,0.0,0.0,-0.2464018622082859,0.0,0.0,408,0.0,0.0,0.0,2,2,2,2,0.0,0.0,0.0,backdoor,1
2,1,2.8688661663967725,0.7666704279836494,1.475008615374906,10,0.0,0.0,0.03785608907831753,0.0,0.6084666246487559,115,0.6931471805599453,3.784189633918261,0.0,0,0,0,0,0.0,0.0,0.0,normal,0
1,5,0.23612836322044758,0.0,0.0,1,0.0,0.0,-0.2464018622082859,0.0,0.0,408,0.0,0.0,0.0,2,2,2,2,0.0,0.0,0.0,backdoor,1
1,5,0.21507584414258127,0.0,0.0,1,0.0,0.0,-0.2862163478571042,0.0,0.0,408,0.0,0.0,0.0,2,2,2,2,0.0,0.0,0.0,scanning,1
1,5,-0.0009830525736898206,0.0,0.0,1,0.0,0.0,-0.2464018622082859,0.0,0.0,408,0.0,0.0,0.0,2,2,2,2,0.0,0.0,0.0,backdoor,1
1,4,0.031147629272283518,1.0510269922856708,1.7650440395385438,10,0.0,1.1989778467157899,0.7755522975534204,1.140313995589965,0.884046980461339,408,0.0,0.0,0.0,2,2,2,2,0.0,0.0,0.0,password,1
2,1,12.394437509881781,0.874360481114302,1.3635165352741279,10,0.0,0.4425070493497599,0.19886551333951696,0.3690702464285425,0.5170766756439741,667,0.6931471805599453,0.6931471805599453,0.0,0,1,1,0,0.0,0.0,0.0,dos,1
1,5,-0.0021741270535453536,0.0,0.0,1,0.0,0.0,-0.3297396299311669,0.0,0.0,408,0.0,0.0,0.0,2,2,2,2,0.0,0.0,0.0,dos,1
1,4,16.33648098578025,1.1284175482219234,2.0907281827065596,10,0.0,1.367211219012335,0.8967303487085514,1.7712437491614226,1.1719887430006015,408,0.0,0.0,0.0,2,2,2,2,0.0,0.0,0.0,injection,1
2,1,0.010035554453497486,0.0,1.1914486519417458,12,0.0,-0.7564707973660301,-2.065974564076003,0.3690702464285425,0.38349315744068935,408,0.0,0.0,0.0,2,2,2,2,0.0,0.0,0.0,normal,0
1,5,3.1218722275124593,0.0,0.0,6,0.0,4.477447192601595,1.8971459033366327,-0.6309297535714575,-0.7570568896624595,408,0.0,0.0,0.0,2,2,2,2,0.0,0.0,0.0,normal,0
1,5,-0.0011532014771292814,0.0,0.0,1,0.0,0.0,-0.2464018622082859,0.0,0.0,408,0.0,0.0,0.0,2,2,2,2,0.0,0.0,0.0,backdoor,1
2,5,-0.00319510775845411,0.0,0.0,6,0.0,0.0,0.4765325156861464,-0.6309297535714575,-0.7570568896624595,408,0.0,0.0,0.0,2,2,2,2,0.0,0.0,0.0,normal,0
1,5,-0.00018904460245338351,0.0,0.0,1,0.0,0.0,-0.3297396299311669,0.0,0.0,408,0.0,0.0,0.0,2,2,2,2,0.0,0.0,0.0,dos,1
2,1,-0.0015691274650117741,1.0,0.0,6,0.0,0.4425070493497599,0.37976591483421657,-0.6309297535714575,-0.7570568896624595,122,0.6931471805599453,0.6931471805599453,0.0,0,1,0,0,0.0,0.0,0.0,normal,0
1,5,0.011792645919612986,0.0,0.0,7,0.0,0.4425070493497599,0.14425745260958278,0.0,0.08099480975365105,408,0.0,0.0,0.0,2,2,2,2,0.0,0.0,0.0,ddos,1
2,1,-0.0019283436359420634,1.0,0.0,6,0.0,0.4425070493497599,0.37976591483421657,-0.6309297535714575,-0.7570568896624595,122,0.6931471805599453,3.367295829986474,0.0,0,1,0,0,0.0,0.0,0.0,normal,0
1,4,4.064615749443446,1.1498615737291054,1.8097470787469516,10,0.0,1.1989778467157899,0.8755711860737045,1.140313995589965,0.921226291262849,408,0.0,0.0,0.0,2,2,2,2,0.0,0.0,0.0,injection,1
2,1,0.36881432671087055,0.7982898004126693,0.8648855358864512,10,0.0,0.0,-0.03508177807890498,0.0,0.1284807444263108,31,0.6931471805599453,0.6931471805599453,1.3862943611198906,0,1,0,1,0.0,0.0,0.0,ddos,1
1,5,0.01453187140836353,0.0,0.0,1,0.0,0.0,-0.3297396299311669,0.0,0.0,408,0.0,0.0,0.0,2,2,2,2,0.0,0.0,0.0,dos,1
1,5,0.002117170423453413,0.0,0.0,2,0.0,0.4425070493497599,-0.011403923836142249,0.0,0.018977616396781458,408,0.0,0.0,0.0,2,2,2,2,0.0,0.0,0.0,dos,1
1,5,3.4504882497411073,0.0,0.0,6,0.0,4.477447192601595,1.8971459033366327,-0.6309297535714575,-0.7570568896624595,408,0.0,0.0,0.0,2,2,2,2,0.0,0.0,0.0,normal,0
1,4,3.5615520972916825,1.2676444139484904,1.6800889412878106,10,0.0,1.1989778467157899,1.0297821895931423,1.140313995589965,0.8155830730889999,408,0.0,0.0,0.0,2,2,2,2,0.0,0.0,0.0,injection,1
1,5,0.009506505684771778,0.0,0.0,7,0.0,0.4425070493497599,0.14425745260958278,0.0,0.08099480975365105,408,0.0,0.0,0.0,2,2,2,2,0.0,0.0,0.0,ddos,1
1,5,-0.0029493110686325385,0.0,0.0,1,0.0,0.0,-0.3297396299311669,0.0,0.0,408,0.0,0.0,0.0,2,2,2,2,0.0,0.0,0.0,dos,1
1,4,3.2342720347900875,1.1207406475678712,1.6800889412878106,10,0.0,1.1989778467157899,0.8433144177840509,1.140313995589965,0.8155830730889999,408,0.0,0.0,0.0,2,2,2,2,0.0,0.0,0.0,injection,1
1,8,7.901438921850794,1.2693361340745184,1.6601200235546154,7,7.305860032684009,1.367211219012335,0.9785118550652707,1.2618595071429148,0.5986834814619704,408,0.0,0.0,0.0,2,2,2,2,0.0,0.0,0.0,ddos,1
1,4,2.8467627788820113,1.1325615255787729,1.391925152721386,10,0.0,1.1989778467157899,0.8106599142958848,0.8340437671464698,0.5775850430458772,408,0.0,0.0,0.0,2,2,2,2,0.0,0.0,0.0,injection,1
2,1,-0.0022308467574909223,0.8684995137421558,0.0,6,0.0,0.4425070493497599,0.19144412422090287,-0.6309297535714575,-0.7570568896624595,242,0.6931471805599453,3.367295829986474,0.0,0,1,0,0,0.0,0.0,0.0,normal,0
1,5,0.0003024674324974763,0.0,0.0,1,0.0,0.0,-0.2464018622082859,0.0,0.0,408,0.0,0.0,0.0,2,2,2,2,0.0,0.0,0.0,backdoor,1
1,5,0.0024007020332392198,0.0,0.0,1,0.0,0.0,-0.3297396299311669,0.0,0.0,408,0.0,0.0,0.0,2,2,2,2,0.0,0.0,0.0,dos,1
1,5,-0.00319510775845411,0.0,0.0,0,0.0,0.0,0.620592045890025,-0.6309297535714575,-0.7570568896624595,408,0.0,0.0,0.0,2,2,2,2,0.0,0.0,0.0,ransomware,1
1,4,14.240727893622786,1.1706419015264542,2.0907281827065596,10,0.0,1.367211219012335,0.9409151628316514,1.7712437491614226,1.1719887430006015,408,0.0,0.0,0.0,2,2,2,2,0.0,0.0,0.0,injection,1
1,5,4.510968872428564,0.0,0.0,6,0.0,4.477447192601595,1.8971459033366327,-0.6309297535714575,-0.7570568896624595,408,0.0,0.0,0.0,2,2,2,2,0.0,0.0,0.0,normal,0
2,1,0.046919085853956946,0.8856027412448122,1.0024556230143338,10,0.0,0.4425070493497599,0.21336396802988652,0.3690702464285425,0.2603035666191386,620,0.6931471805599453,0.6931471805599453,0.0,0,1,1,0,0.0,0.0,0.0,ddos,1
1,5,1.4019193249617836,0.0,0.0,1,0.0,0.0,-0.2862163478571042,0.0,0.0,408,0.0,0.0,0.0,2,2,2,2,0.0,0.0,0.0,scanning,1
1,4,15.739156550579665,1.1374262572080855,2.0907281827065596,10,0.0,1.1989778467157899,0.86150884190073,1.7037877659013354,1.1711632603857285,408,0.0,0.0,0.0,2,2,2,2,0.0,0.0,0.0,injection,1
2,1,-0.00319510775845411,0.0,0.0,6,0.0,0.0,-0.005667192995745202,-0.6309297535714575,-0.7570568896624595,253,0.6931471805599453,3.367295829986474,0.0,0,0,0,0,0.0,0.0,0.0,normal,0
1,5,-0.00319510775845411,0.0,0.0,0,0.0,0.0,0.5701687965896272,-0.6309297535714575,-0.7570568896624595,408,0.0,0.0,0.0,2,2,2,2,0.0,0.0,0.0,ransomware,1
2,1,-0.0023631933950628054,0.9252670625350052,0.0,6,0.0,0.4425070493497599,0.26724079785167915,-0.6309297535714575,-0.7570568896624595,572,0.6931471805599453,3.367295829986474,0.0,0,1,0,0,0.0,0.0,0.0,normal,0
2,1,-0.002741331749904566,1.0,0.0,6,0.0,0.4425070493497599,0.37976591483421657,-0.6309297535714575,-0.7570568896624595,122,0.6931471805599453,3.367295829986474,0.0,0,1,0,0,0.0,0.0,0.0,normal,0
2,1,-0.002495540959023633,1.0,0.0,6,0.0,0.4425070493497599,0.37976591483421657,-0.6309297535714575,-0.7570568896624595,122,0.6931471805599453,0.6931471805599453,0.0,0,1,0,0,0.0,0.0,0.0,normal,0
1,5,0.0009262912310884762,0.0,0.0,1,0.0,0.0,-0.3297396299311669,0.0,0.0,408,0.0,0.0,0.0,2,2,2,2,0.0,0.0,0.0,dos,1
1,5,-0.00079400003233168,0.0,0.0,1,0.0,0.0,-0.2464018622082859,0.0,0.0,408,0.0,0.0,0.0,2,2,2,2,0.0,0.0,0.0,backdoor,1
2,1,-0.002041781739363751,1.0,0.0,6,0.0,0.4425070493497599,0.37976591483421657,-0.6309297535714575,-0.7570568896624595,122,0.6931471805599453,3.367295829986474,0.0,0,1,0,0,0.0,0.0,0.0,normal,0
1,5,-0.0002646629726760037,0.0,0.0,1,0.0,0.0,-0.20971342379345861,0.0,0.0,408,0.0,0.0,0.0,2,2,2,2,0.0,0.0,0.0,backdoor,1
1,5,0.0055759656174216715,0.0,0.0,1,0.0,0.0,-0.3297396299311669,0.0,0.0,408,0.0,0.0,0.0,2,2,2,2,0.0,0.0,0.0,dos,1
1,5,-0.0011532014771292814,0.0,0.0,1,0.0,0.0,-0.14398606226810373,0.0,0.0,408,0.0,0.0,0.0,2,2,2,2,0.0,0.0,0.0,password,1
1,4,53.70744072464103,1.559710810541923,1.5601083651604037,2,0.0,1.7564707973660303,1.5864175073556848,1.2618595071429148,0.7374690311774816,408,0.0,0.0,0.0,2,2,2,2,0.0,0.0,0.0,xss,1
1,4,0.043995945430039374,1.0250276947729464,1.8097470787469516,10,0.0,1.1989778467157899,0.7535981377917141,1.2618595071429148,0.9240256046565829,408,0.0,0.0,0.0,2,2,2,2,0.0,0.0,0.0,password,1
1,5,-0.0013989748186351732,0.0,0.0,1,0.0,0.0,-0.2464018622082859,0.0,0.0,408,0.0,0.0,0.0,2,2,2,2,0.0,0.0,0.0,backdoor,1
1,4,2.005497444523476,1.144513638336686,1.8097470787469516,10,0.0,1.0,0.8214762004154137,1.140313995589965,0.921226291262849,408,0.0,0.0,0.0,2,2,2,2,0.0,0.0,0.0,injection,1
1,4,79.4464604094304,1.6253106917868039,1.2839770449221253,9,0.0,1.367211219012335,1.6899119262064477,1.0,0.543954023214009,408,0.0,0.0,0.0,2,2,2,2,0.0,0.0,0.0,xss,1
1,5,4.1350805100975885,0.0,0.0,6,0.0,4.477447192601595,1.8971459033366327,-0.6309297535714575,-0.7570568896624595,408,0.0,0.0,0.0,2,2,2,2,0.0,0.0,0.0,normal,0
1,5,0.47622135402377996,0.0,0.0,12,0.0,0.0,-0.20971342379345861,0.0,0.052335467113126644,408,0.0,0.0,0.0,2,2,2,2,0.0,0.0,0.0,ddos,1
1,4,0.04320379084476576,1.0510269922856708,1.776735041798131,10,0.0,1.367211219012335,0.8282312485381614,1.2618595071429148,0.8969028721604153,408,0.0,0.0,0.0,2,2,2,2,0.0,0.0,0.0,password,1
2,1,0.005878343864122254,0.7108914107550535,1.0384503294155867,10,0.0,0.0,-0.15171413404622602,0.0,0.24294311033754046,284,0.6931471805599453,0.6931471805599453,1.3862943611198906,0,1,0,0,0.0,0.0,0.0,normal,0
1,5,3.659727328404636,0.0,0.0,6,0.0,4.477447192601595,1.8971459033366327,-0.6309297535714575,-0.7570568896624595,408,0.0,0.0,0.0,2,2,2,2,0.0,0.0,0.0,normal,0
1,5,26.385773245342406,0.0,0.0,6,0.0,0.7564707973660301,0.36451876919115095,-0.6309297535714575,-0.7570568896624595,408,0.0,0.0,0.0,2,2,2,2,0.0,0.0,0.0,xss,1
1,4,15.888573252621931,1.0967981757929035,1.6854634693543402,10,0.0,1.367211219012335,0.8668319092409315,1.140313995589965,0.8198162812397379,408,0.0,0.0,0.0,2,2,2,2,0.0,0.0,0.0,injection,1
1,4,58.63828321724913,1.0651788033638836,1.0425658474316806,7,0.6931471805599453,1.1989778467157899,0.7882464084703856,0.6309297535714575,0.38575412898562883,408,0.0,0.0,0.0,2,2,2,2,0.0,0.0,0.0,ddos,1
1,5,-0.00319510775845411,0.0,0.0,0,0.0,0.0,1.1860271898834536,-0.6309297535714575,-0.7570568896624595,408,0.0,0.0,0.0,2,2,2,2,0.0,0.0,0.0,ransomware,1
1,5,3.028911324111221,0.0,0.0,6,0.0,4.477447192601595,1.8971459033366327,-0.6309297535714575,-0.7570568896624595,408,0.0,0.0,0.0,2,2,2,2,0.0,0.0,0.0,normal,0
1,4,0.15624001559829948,1.0331792271140867,1.3644765005751047,10,0.0,1.1989778467157899,0.7602933027638636,1.0,0.5875732914955154,408,0.0,0.0,0.0,2,2,2,2,0.0,0.0,0.0,password,1
1,4,0.7816652478466349,1.0435672646562266,1.6902692687655132,10,0.0,1.1989778467157899,0.7137336988656802,1.0,0.8139382774325007,408,0.0,0.0,0.0,2,2,2,2,0.0,0.0,0.0,password,1
1,4,9.550171363018435,1.0938467593684598,1.7384835945084791,10,0.0,1.367211219012335,0.8641779511345267,1.140313995589965,0.8623075958486099,408,0.0,0.0,0.0,2,2,2,2,0.0,0.0,0.0,injection,1
1,5,8.795052453787925,0.0,0.0,1,0.0,0.0,-0.2862163478571042,0.0,0.0,408,0.0,0.0,0.0,2,2,2,2,0.0,0.0,0.0,scanning,1
1,4,1.1034145967994422,1.1374262572080855,1.6800889412878106,10,0.0,1.367211219012335,0.9057453776564575,1.140313995589965,0.8155830730889999,408,0.0,0.0,0.0,2,2,2,2,0.0,0.0,0.0,injection,1
1,5,3.4338794609285124,0.0,0.0,6,0.0,4.477447192601595,1.8971459033366327,-0.6309297535714575,-0.7570568896624595,408,0.0,0.0,0.0,2,2,2,2,0.0,0.0,0.0,normal,0
1,5,-0.00319510775845411,0.0,0.0,0,0.0,0.0,0.5136426600599648,-0.6309297535714575,-0.7570568896624595,408,0.0,0.0,0.0,2,2,2,2,0.0,0.0,0.0,ransomware,1
1,5,77.99121281441596,0.0,0.15403922195426356,7,0.6931471805599453,0.7564707973660301,0.32124742714616983,0.0,0.08099480975365105,408,0.0,0.0,0.0,2,2,2,2,0.0,0.0,0.0,ddos,1
1,5,0.001247646973823722,0.0,0.0,7,0.0,0.4425070493497599,0.14425745260958278,0.0,0.08099480975365105,408,0.0,0.0,0.0,2,2,2,2,0.0,0.0,0.0,ddos,1
1,5,-0.0004915198979167971,0.0,0.0,1,0.0,0.0,-0.3297396299311669,0.0,0.0,408,0.0,0.0,0.0,2,2,2,2,0.0,0.0,0.0,dos,1
1,5,0.008637321998304722,0.0,0.0,7,0.0,0.4425070493497599,0.14425745260958278,0.0,0.08099480975365105,408,0.0,0.0,0.0,2,2,2,2,0.0,0.0,0.0,ddos,1
1,5,-0.002892589209369472,0.0,0.0,1,0.0,0.0,-0.14398606226810373,0.0,0.0,408,0.0,0.0,0.0,2,2,2,2,0.0,0.0,0.0,password,1
1,5,0.17818211868807604,0.0,0.0,1,0.0,0.0,-0.2862163478571042,0.0,0.0,408,0.0,0.0,0.0,2,2,2,2,0.0,0.0,0.0,scanning,1
2,1,0.0736778100060512,0.8363840832658498,0.9061577583583547,10,0.0,0.0,0.02200583566091937,0.0,0.15337286613529494,622,0.6931471805599453,0.6931471805599453,1.3862943611198906,0,1,0,1,0.0,0.0,0.0,ddos,1
1,4,10.138473779151859,1.6634251133096696,1.643699586355605,7,0.0,1.367211219012335,1.76848254302069,1.0,0.7818081729738316,408,0.0,0.0,0.0,2,2,2,2,0.0,0.0,0.0,xss,1
1,5,0.2018570093035929,0.0,0.0,1,0.0,0.4425070493497599,-0.011403923836142249,0.3690702464285425,0.13880508610057624,408,0.0,0.0,0.0,2,2,2,2,0.0,0.0,0.0,dos,1
1,4,0.40809511066927645,1.0435672646562266,1.6902692687655132,10,0.0,1.1989778467157899,0.7137336988656802,1.0,0.8139382774325007,408,0.0,0.0,0.0,2,2,2,2,0.0,0.0,0.0,password,1
2,1,0.00812713035508537,0.0,1.1914486519417458,12,0.0,-0.7564707973660301,-2.065974564076003,0.3690702464285425,0.38349315744068935,408,0.0,0.0,0.0,2,2,2,2,0.0,0.0,0.0,normal,0
2,1,0.0077303051146149285,0.0,1.266818819244037,12,0.0,-0.7564707973660301,-2.065974564076003,0.3690702464285425,0.440045832347494,408,0.0,0.0,0.0,2,2,2,2,0.0,0.0,0.0,normal,0
2,1,0.1869069109241885,0.8856027412448122,1.0024556230143338,10,0.0,0.4425070493497599,0.21336396802988652,0.3690702464285425,0.2603035666191386,620,0.6931471805599453,3.367295829986474,0.0,0,1,0,1,0.0,0.0,0.0,xss,1
1,5,-0.0005482345545229135,0.0,0.0,1,0.0,0.0,-0.3297396299311669,0.0,0.0,408,0.0,0.0,0.0,2,2,2,2,0.0,0.0,0.0,dos,1
1,5,77.85285105584379,0.0,0.0,9,0.0,0.7564707973660301,0.32124742714616983,0.3690702464285425,0.20667868729074057,408,0.0,0.0,0.0,2,2,2,2,0.0,0.0,0.0,ddos,1
2,1,0.007635821686944054,0.7108914107550535,1.0384503294155867,10,0.0,0.0,-0.15171413404622602,0.0,0.24294311033754046,284,0.6931471805599453,0.6931471805599453,1.3862943611198906,0,1,0,0,0.0,0.0,0.0,normal,0
1,5,0.017610664959144023,0.0,0.0,7,0.0,0.4425070493497599,0.14425745260958278,0.0,0.08099480975365105,408,0.0,0.0,0.0,2,2,2,2,0.0,0.0,0.0,ddos,1
1,5,-0.0005860444201049318,0.0,0.0,7,0.0,0.4425070493497599,0.14425745260958278,0.0,0.08099480975365105,408,0.0,0.0,0.0,2,2,2,2,0.0,0.0,0.0,ddos,1
1,4,8.278110127200252,1.1406064744399462,1.670751594407167,10,0.0,1.1989778467157899,0.8205031767600391,1.0,0.7978116470695379,408,0.0,0.0,0.0,2,2,2,2,0.0,0.0,0.0,injection,1
1,5,-0.0006238543612963237,0.0,0.0,1,0.0,0.0,-0.2464018622082859,0.0,0.0,408,0.0,0.0,0.0,2,2,2,2,0.0,0.0,0.0,backdoor,1
1,4,0.7803773515226494,1.0898442928158303,1.6232944239003864,10,0.0,1.8604881976177823,0.9424185007753154,1.369070246428543,0.7731412169780891,408,0.0,0.0,0.0,2,2,2,2,0.0,0.0,0.0,ddos,1
1,4,2.501162076889679,1.2118653967198947,1.6800889412878106,10,0.0,1.1989778467157899,0.9520741101373499,1.140313995589965,0.8155830730889999,408,0.0,0.0,0.0,2,2,2,2,0.0,0.0,0.0,injection,1
1,4,2.5230277928647236,1.1413938838621038,1.391925152721386,10,0.0,1.1989778467157899,0.8214762004154137,0.8340437671464698,0.5775850430458772,408,0.0,0.0,0.0,2,2,2,2,0.0,0.0,0.0,injection,1
2,1,-0.00319510775845411,0.0,0.0,6,0.0,0.0,-0.005667192995745202,-0.6309297535714575,-0.7570568896624595,253,0.6931471805599453,0.6931471805599453,0.0,0,0,0,0,0.0,0.0,0.0,normal,0
1,4,0.06819724025797447,1.0546575278160315,1.782430755411994,10,0.0,1.1989778467157899,0.7787582828996119,1.2618595071429148,0.9015520852653273,408,0.0,0.0,0.0,2,2,2,2,0.0,0.0,0.0,password,1
1,4,16.101022586527055,1.1506143081613094,2.0907281827065596,10,0.0,1.367211219012335,0.9193445243144062,1.7037877659013354,1.1711632603857285,408,0.0,0.0,0.0,2,2,2,2,0.0,0.0,0.0,injection,1
1,4,0.22791189024450928,1.035825972256996,1.5304050942281457,10,0.0,1.1989778467157899,0.7063318920677596,0.8340437671464698,0.6798425149751135,408,0.0,0.0,0.0,2,2,2,2,0.0,0.0,0.0,password,1
2,1,-0.002627889449386373,1.0,0.0,6,0.0,0.4425070493497599,0.37976591483421657,-0.6309297535714575,-0.7570568896624595,122,0.6931471805599453,0.6931471805599453,0.0,0,1,0,0,0.0,0.0,0.0,normal,0
1,4,0.030543675658191518,1.0345068686589354,1.3819695887793655,10,0.0,1.1989778467157899,0.7613999013814245,1.0,0.5978907565045866,408,0.0,0.0,0.0,2,2,2,2,0.0,0.0,0.0,password,1
1,2,45.4909559357729,0.920708654882673,1.1648819392565382,4,0.0,2.3979556934315798,1.1546927438025074,1.9479721695911087,0.6546096751722583,408,0.0,0.0,0.0,2,2,2,2,0.0,0.0,0.0,password,1
2,1,0.5394736814390901,0.8219837925659954,0.8905561521090628,10,0.0,0.0,0.0,0.0,0.14377758085894815,621,0.6931471805599453,0.6931471805599453,1.3862943611198906,0,1,0,1,0.0,0.0,0.0,ddos,1
1,5,-0.0024199136661813086,0.0,0.0,1,0.0,0.0,-0.3297396299311669,0.0,0.0,408,0.0,0.0,0.0,2,2,2,2,0.0,0.0,0.0,dos,1
2,1,-0.0009263366128011598,1.0,0.0,6,0.0,0.4425070493497599,0.37976591483421657,-0.6309297535714575,-0.7570568896624595,122,0.6931471805599453,0.6931471805599453,0.0,0,1,0,0,0.0,0.0,0.0,normal,0
2,1,0.042147533102253935,0.8856027412448122,1.0024556230143338,10,0.0,0.4425070493497599,0.21336396802988652,0.3690702464285425,0.2603035666191386,620,0.6931471805599453,0.6931471805599453,0.0,0,1,1,0,0.0,0.0,0.0,xss,1
1,4,16.92288165706495,1.2882341826599877,2.0907281827065596,10,0.0,1.367211219012335,1.0898727256011767,1.7037877659013354,1.1711632603857285,408,0.0,0.0,0.0,2,2,2,2,0.0,0.0,0.0,injection,1
1,5,27.952218557753973,0.0,0.0,10,0.0,1.0,0.4493302582214051,0.3690702464285425,0.20667868729074057,408,0.0,0.0,0.0,2,2,2,2,0.0,0.0,0.0,injection,1
2,1,0.13303351961905047,0.7108914107550535,1.0384503294155867,10,0.0,0.0,-0.15171413404622602,0.0,0.24294311033754046,284,0.6931471805599453,0.6931471805599453,1.3862943611198906,0,1,0,0,0.0,0.0,0.0,normal,0
2,1,0.018762722601454906,0.8219837925659954,0.8905561521090628,10,0.0,0.0,0.0,0.0,0.14377758085894815,621,0.6931471805599453,0.6931471805599453,1.3862943611198906,0,1,0,1,0.0,0.0,0.0,ddos,1
1,4,2.141734615354431,1.1437381368360773,1.391925152721386,10,0.0,1.1989778467157899,0.8243831799213192,0.8340437671464698,0.5775850430458772,408,0.0,0.0,0.0,2,2,2,2,0.0,0.0,0.0,injection,1
1,5,3.3372628841098453,0.0,0.0,6,0.0,4.477447192601595,1.8971459033366327,-0.6309297535714575,-0.7570568896624595,408,0.0,0.0,0.0,2,2,2,2,0.0,0.0,0.0,normal,0
1,5,2.1654359030056862,0.0,0.0,1,0.0,0.0,-0.2862163478571042,0.0,0.0,408,0.0,0.0,0.0,2,2,2,2,0.0,0.0,0.0,scanning,1
1,4,16.163714947392467,1.1857455468072373,2.0907281827065596,10,0.0,1.367211219012335,0.9579184074564582,1.7037877659013354,1.1711632603857285,408,0.0,0.0,0.0,2,2,2,2,0.0,0.0,0.0,injection,1
1,5,0.0041963035002680745,0.0,0.0,1,0.0,0.0,-0.3297396299311669,0.0,0.0,408,0.0,0.0,0.0,2,2,2,2,0.0,0.0,0.0,dos,1
1,5,0.07098480758122322,0.0,0.0,1,0.0,0.0,-0.2862163478571042,0.0,0.0,408,0.0,0.0,0.0,2,2,2,2,0.0,0.0,0.0,scanning,1
2,1,0.008221611327663867,0.0,1.1914486519417458,12,0.0,-0.7564707973660301,-2.065974564076003,0.3690702464285425,0.38349315744068935,408,0.0,0.0,0.0,2,2,2,2,0.0,0.0,0.0,normal,0
2,1,0.05926672398871268,0.8856027412448122,1.0024556230143338,10,0.0,0.4425070493497599,0.21336396802988652,0.3690702464285425,0.2603035666191386,620,0.6931471805599453,0.6931471805599453,0.0,0,1,1,0,0.0,0.0,0.0,xss,1
1,5,-0.002911496476883488,0.0,0.0,7,0.0,0.0,-0.20971342379345861,0.0,0.08099480975365105,408,0.0,0.0,0.0,2,2,2,2,0.0,0.0,0.0,ddos,1
1,5,1.825030996717488,0.0,0.0,10,0.0,1.0,0.4493302582214051,0.3690702464285425,0.20667868729074057,408,0.0,0.0,0.0,2,2,2,2,0.0,0.0,0.0,injection,1
1,5,0.008410571856470006,0.0,0.0,1,0.0,0.0,-0.14398606226810373,0.0,0.0,408,0.0,0.0,0.0,2,2,2,2,0.0,0.0,0.0,password,1
2,1,-0.0018149062131013558,1.0,0.0,6,0.0,0.4425070493497599,0.37976591483421657,-0.6309297535714575,-0.7570568896624595,122,0.6931471805599453,3.367295829986474,0.0,0,1,0,0,0.0,0.0,0.0,normal,0
2,1,-0.00319510775845411,0.0,0.0,6,0.0,0.0,0.02200583566091937,-0.6309297535714575,-0.7570568896624595,510,0.6931471805599453,3.784189633918261,0.0,0,0,0,0,0.0,0.0,0.0,normal,0
1,8,98.47498043505834,1.6088490135668903,1.9581284172217412,10,4.9344739331306915,3.8485170720906936,2.0009867548447846,2.813588092215596,1.0959310293835094,408,0.0,0.0,0.0,2,2,2,2,0.0,0.0,0.0,dos,1
1,4,3.4843853823647954,1.1233316702626421,1.6837622748646055,10,0.0,1.1989778467157899,0.7995874599508727,1.0,0.8085462593646315,408,0.0,0.0,0.0,2,2,2,2,0.0,0.0,0.0,injection,1
1,4,16.194365229843854,1.1608724407576376,2.0907281827065596,10,0.0,1.51294159473206,0.9686833733638905,1.7037877659013354,1.1711632603857285,408,0.0,0.0,0.0,2,2,2,2,0.0,0.0,0.0,injection,1
1,5,-0.0006616643780973902,0.0,0.0,7,0.0,0.4425070493497599,0.14425745260958278,0.0,0.08099480975365105,408,0.0,0.0,0.0,2,2,2,2,0.0,0.0,0.0,ddos,1
1,5,81.44435685348635,0.0,0.0,9,0.0,0.7564707973660301,0.32124742714616983,0.3690702464285425,0.20667868729074057,408,0.0,0.0,0.0,2,2,2,2,0.0,0.0,0.0,ddos,1
2,1,0.3193427287738421,0.7666704279836494,1.0,10,0.0,0.0,-0.07964288010775397,0.0,0.21550526841187148,285,0.6931471805599453,0.6931471805599453,1.3862943611198906,0,1,0,0,0.0,0.0,0.0,normal,0
1,5,0.0027220327178567286,0.0,0.0,7,0.0,0.4425070493497599,0.14425745260958278,0.0,0.08099480975365105,408,0.0,0.0,0.0,2,2,2,2,0.0,0.0,0.0,ddos,1
1,5,78.11425559166942,0.0,0.0,9,0.0,0.7564707973660301,0.32124742714616983,0.3690702464285425,0.20667868729074057,408,0.0,0.0,0.0,2,2,2,2,0.0,0.0,0.0,ddos,1
1,4,16.243606828391734,1.1932052744366815,2.0907281827065596,10,0.0,1.367211219012335,0.9665501178105195,1.7037877659013354,1.1711632603857285,408,0.0,0.0,0.0,2,2,2,2,0.0,0.0,0.0,injection,1
1,5,64.44657187071763,1.6654502477206268,0.0,0,0.0,1.6414848960655501,2.2415606651814186,-0.6309297535714575,-0.7570568896624595,408,0.0,0.0,0.0,2,2,2,2,0.0,0.0,0.0,xss,1
1,5,4.357407879571615,0.0,0.0,6,0.0,4.477447192601595,1.8971459033366327,-0.6309297535714575,-0.7570568896624595,408,0.0,0.0,0.0,2,2,2,2,0.0,0.0,0.0,normal,0
2,1,0.056213554798782886,0.7666704279836494,1.0,10,0.0,0.0,-0.07964288010775397,0.0,0.21550526841187148,285,0.6931471805599453,0.6931471805599453,1.3862943611198906,0,1,0,0,0.0,0.0,0.0,normal,0
1,4,0.032506454372652954,1.035825972256996,1.4400708111396738,10,0.0,1.1989778467157899,0.7625038870128064,1.0,0.6341747901692649,408,0.0,0.0,0.0,2,2,2,2,0.0,0.0,0.0,password,1
1,4,34.16471097347797,1.6982266005509545,1.6613827066198337,9,0.0,1.51294159473206,1.8470302982002906,1.0,0.7958159172006184,408,0.0,0.0,0.0,2,2,2,2,0.0,0.0,0.0,xss,1
2,1,0.005481471423608615,0.0,1.1914486519417458,12,0.0,-0.7564707973660301,-2.065974564076003,0.3690702464285425,0.38349315744068935,408,0.0,0.0,0.0,2,2,2,2,0.0,0.0,0.0,normal,0
1,5,0.07358365555302318,0.0,0.0,1,0.0,0.4425070493497599,0.032632149841456785,0.0,0.0,408,0.0,0.0,0.0,2,2,2,2,0.0,0.0,0.0,scanning,1
2,1,0.0043475042605818455,0.0,1.266818819244037,12,0.0,-0.7564707973660301,-2.065974564076003,0.3690702464285425,0.440045832347494,408,0.0,0.0,0.0,2,2,2,2,0.0,0.0,0.0,normal,0
1,5,77.85458075852854,0.0,0.15403922195426356,7,0.6931471805599453,0.7564707973660301,0.32124742714616983,0.0,0.08099480975365105,408,0.0,0.0,0.0,2,2,2,2,0.0,0.0,0.0,ddos,1
1,5,-0.00319510775845411,0.0,0.0,0,0.0,-0.7564707973660301,-2.065974564076003,0.0,0.33106524840061896,408,0.0,0.0,0.0,2,2,2,2,0.0,0.0,0.0,ransomware,1
1,4,15.83725178922005,1.1594380299989815,2.0907281827065596,10,0.0,1.367211219012335,0.9287112021494442,1.7037877659013354,1.1711632603857285,408,0.0,0.0,0.0,2,2,2,2,0.0,0.0,0.0,injection,1
1,4,4.544207986141408,1.1233316702626421,1.6837622748646055,10,0.0,1.1989778467157899,0.7995874599508727,1.0,0.8085462593646315,408,0.0,0.0,0.0,2,2,2,2,0.0,0.0,0.0,injection,1
1,5,-0.0030438478788795327,0.0,0.0,1,0.0,0.0,-0.2464018622082859,0.0,0.0,408,0.0,0.0,0.0,2,2,2,2,0.0,0.0,0.0,backdoor,1
2,1,6.496184519691474,0.8624661404741011,0.0,6,0.0,0.4425070493497599,0.18390303012879794,-0.6309297535714575,-0.7570568896624595,246,0.6931471805599453,5.545177444479562,0.0,0,0,0,0,0.0,0.0,0.0,normal,0
1,5,-0.00319510775845411,0.0,0.0,0,0.0,0.0,0.011132375869945857,-0.6309297535714575,-0.7570568896624595,408,0.0,0.0,0.0,2,2,2,2,0.0,0.0,0.0,ransomware,1
1,5,-0.00319510775845411,0.0,0.0,0,0.0,0.0,0.9000286882974126,-0.6309297535714575,-0.7570568896624595,408,0.0,0.0,0.0,2,2,2,2,0.0,0.0,0.0,ransomware,1
1,5,0.3119619483715013,0.0,0.0,1,0.0,1.367211219012335,0.4983747663163519,1.140313995589965,0.36108575906326856,408,0.0,0.0,0.0,2,2,2,2,0.0,0.0,0.0,dos,1
1,5,3.4573701601963736,0.0,0.0,6,0.0,4.477447192601595,1.8971459033366327,-0.6309297535714575,-0.7570568896624595,408,0.0,0.0,0.0,2,2,2,2,0.0,0.0,0.0,normal,0
1,4,3.244975374494847,1.1207406475678712,1.8097470787469516,10,0.0,1.1989778467157899,0.8433144177840509,1.2618595071429148,0.9240256046565829,408,0.0,0.0,0.0,2,2,2,2,0.0,0.0,0.0,injection,1
1,5,0.007125603018688116,0.0,0.0,2,0.0,0.4425070493497599,-0.011403923836142249,0.0,0.018977616396781458,408,0.0,0.0,0.0,2,2,2,2,0.0,0.0,0.0,dos,1
1,4,2.489962868168729,1.1275786108455714,1.6800889412878106,9,0.0,1.0,0.8006049526215682,1.0,0.8107947620629883,408,0.0,0.0,0.0,2,2,2,2,0.0,0.0,0.0,injection,1
2,1,0.011811538488935893,0.0,1.1914486519417458,12,0.0,-0.7564707973660301,-2.065974564076003,0.3690702464285425,0.38349315744068935,408,0.0,0.0,0.0,2,2,2,2,0.0,0.0,0.0,normal,0
2,1,0.04094030913850666,0.7808222390618621,0.8459607780457364,10,0.0,0.4425070493497599,0.09176825677077866,0.3690702464285425,0.1837916306135974,686,0.6931471805599453,0.6931471805599453,0.0,0,1,0,1,0.0,0.0,0.0,dos,1
1,5,0.0026842293913412665,0.0,0.0,1,0.0,0.0,-0.14398606226810373,0.0,0.0,408,0.0,0.0,0.0,2,2,2,2,0.0,0.0,0.0,password,1
1,4,79.45756029646209,1.6059314153878725,1.2839770449221253,9,0.0,1.367211219012335,1.650525374207934,1.0,0.543954023214009,408,0.0,0.0,0.0,2,2,2,2,0.0,0.0,0.0,xss,1
1,5,77.80188608618607,0.0,0.0,9,0.0,0.4425070493497599,0.14425745260958278,0.3690702464285425,0.20667868729074057,408,0.0,0.0,0.0,2,2,2,2,0.0,0.0,0.0,ddos,1
2,1,6.492751879159113,0.8624661404741011,0.0,6,0.0,0.4425070493497599,0.18390303012879794,-0.6309297535714575,-0.7570568896624595,246,0.6931471805599453,5.545177444479562,0.0,0,0,0,0,0.0,0.0,0.0,normal,0
1,4,91.76133962399227,1.534962365617686,1.7916574640729233,4,0.0,1.367211219012335,1.4965337516060722,1.2618595071429148,0.9044564073106605,408,0.0,0.0,0.0,2,2,2,2,0.0,0.0,0.0,xss,1
2,1,0.2525879123048235,1.364104590585211,0.0,6,0.0,2.0428037868210893,1.2120322813400655,-0.6309297535714575,-0.7570568896624595,248,0.6931471805599453,5.545177444479562,0.0,1,0,0,0,0.0,0.0,0.0,normal,0
2,1,30.5477132542748,1.1938148436893996,0.0,6,0.0,0.7564707973660301,0.759184078761594,-0.6309297535714575,-0.7570568896624595,114,10.39726874169286,2.5649493574615367,0.0,0,0,0,0,0.0,0.0,0.0,normal,0
1,5,78.0354312886571,0.0,0.0,9,0.0,0.7564707973660301,0.32124742714616983,0.3690702464285425,0.20667868729074057,408,0.0,0.0,0.0,2,2,2,2,0.0,0.0,0.0,ddos,1
1,5,97.32847013546896,0.0,1.7938881640733466,12,0.0,-0.7564707973660301,-2.065974564076003,1.9479721695911087,0.9360163743768314,408,0.0,0.0,0.0,2,2,2,2,0.0,0.0,0.0,normal,0
2,1,0.008467259646865047,0.7666704279836494,1.0,10,0.0,0.0,-0.07964288010775397,0.0,0.21550526841187148,285,0.6931471805599453,0.6931471805599453,1.3862943611198906,0,1,0,0,0.0,0.0,0.0,normal,0
1,4,2.3543513746509173,1.1746904520834522,1.6800889412878106,10,0.0,1.367211219012335,0.9454107522538906,1.140313995589965,0.8155830730889999,408,0.0,0.0,0.0,2,2,2,2,0.0,0.0,0.0,injection,1
1,5,26.45957847458172,0.0,0.0,6,0.0,0.7564707973660301,0.36451876919115095,-0.6309297535714575,-0.7570568896624595,408,0.0,0.0,0.0,2,2,2,2,0.0,0.0,0.0,xss,1
1,5,-0.0028736819607624114,0.0,0.0,1,0.0,0.0,-0.3297396299311669,0.0,0.0,408,0.0,0.0,0.0,2,2,2,2,0.0,0.0,0.0,dos,1
1,5,2.4575206415143507,1.2823899154631067,1.809811652805699,8,8.143807976771484,0.7564707973660301,0.32124742714616983,0.3690702464285425,0.20667868729074057,408,0.0,0.0,0.0,2,2,2,2,0.0,0.0,0.0,injection,1
1,4,0.10464800064991502,1.0546575278160315,1.7747027655578143,10,0.0,1.367211219012335,0.8310966570842018,1.2618595071429148,0.8952471918894072,408,0.0,0.0,0.0,2,2,2,2,0.0,0.0,0.0,password,1
2,1,-0.0027980531554029683,1.0,0.0,6,0.0,0.4425070493497599,0.37976591483421657,-0.6309297535714575,-0.7570568896624595,122,0.6931471805599453,3.367295829986474,0.0,0,1,0,0,0.0,0.0,0.0,normal,0
1,5,-0.0014367863855012228,0.0,0.0,1,0.0,0.0,-0.2464018622082859,0.0,0.0,408,0.0,0.0,0.0,2,2,2,2,0.0,0.0,0.0,backdoor,1
2,1,0.004045101530816158,0.0,1.266818819244037,12,0.0,-0.7564707973660301,-2.065974564076003,0.3690702464285425,0.440045832347494,408,0.0,0.0,0.0,2,2,2,2,0.0,0.0,0.0,normal,0
1,5,-0.0014745980279834486,0.0,0.0,1,0.0,0.0,-0.2464018622082859,0.0,0.0,408,0.0,0.0,0.0,2,2,2,2,0.0,0.0,0.0,backdoor,1
1,4,0.04797507707806215,1.0510269922856708,1.776735041798131,10,0.0,1.1989778467157899,0.7755522975534204,1.2618595071429148,0.8969028721604153,408,0.0,0.0,0.0,2,2,2,2,0.0,0.0,0.0,password,1
1,4,0.18546553833623722,1.035825972256996,1.5304050942281457,10,0.0,1.1989778467157899,0.7063318920677596,0.8340437671464698,0.6798425149751135,408,0.0,0.0,0.0,2,2,2,2,0.0,0.0,0.0,password,1
1,3,-0.00319510775845411,0.0,0.0,0,0.0,-0.7564707973660301,-2.065974564076003,0.0,0.30607127199154166,408,0.0,0.0,0.0,2,2,2,2,0.0,0.0,0.0,ransomware,1
1,8,39.37109262557,1.0061694846881661,0.0,4,0.0,1.0,0.6294696106641934,1.4649735207179275,0.4767351897388641,408,0.0,0.0,0.0,2,2,2,2,0.0,0.0,0.0,normal,0
1,5,-0.00319510775845411,0.0,0.0,0,0.0,0.0,0.5427594723055098,-0.6309297535714575,-0.7570568896624595,408,0.0,0.0,0.0,2,2,2,2,0.0,0.0,0.0,ransomware,1
1,5,0.002003756589039074,0.0,0.0,1,0.0,0.0,-0.2464018622082859,0.0,0.0,408,0.0,0.0,0.0,2,2,2,2,0.0,0.0,0.0,backdoor,1
1,4,2.2162974902426065,1.1594380299989815,1.8097470787469516,10,0.0,1.1989778467157899,0.8866933758262051,1.140313995589965,0.921226291262849,408,0.0,0.0,0.0,2,2,2,2,0.0,0.0,0.0,injection,1
1,4,16.17683276193837,1.3072947343579857,2.0907281827065596,10,0.0,1.1989778467157899,1.0898727256011767,1.7037877659013354,1.1711632603857285,408,0.0,0.0,0.0,2,2,2,2,0.0,0.0,0.0,injection,1
1,4,0.04137416412335702,1.0510269922856708,1.7956154510342313,10,0.0,1.1989778467157899,0.7755522975534204,1.2618595071429148,0.9123637306958955,408,0.0,0.0,0.0,2,2,2,2,0.0,0.0,0.0,password,1
1,5,13.763913728038512,1.191980674366015,2.0907281827065596,10,5.8111409929767,1.1989778467157899,0.5497639133902583,1.7037877659013354,1.1711632603857285,408,0.0,0.0,0.0,2,2,2,2,0.0,0.0,0.0,injection,1
1,4,16.181572870180318,1.1608724407576376,2.0907281827065596,10,0.0,1.367211219012335,0.9302542322551589,1.7037877659013354,1.1711632603857285,408,0.0,0.0,0.0,2,2,2,2,0.0,0.0,0.0,injection,1
1,4,2.5305036735650814,1.1413938838621038,1.6800889412878106,10,0.0,1.0,0.8175718963264716,1.140313995589965,0.8155830730889999,408,0.0,0.0,0.0,2,2,2,2,0.0,0.0,0.0,injection,1
2,1,30.4390612126504,1.2221914925727277,0.0,6,0.0,1.1989778467157899,0.8641779511345267,-0.6309297535714575,-0.7570568896624595,114,10.39726874169286,2.5649493574615367,0.0,0,0,0,0,0.0,0.0,0.0,normal,0
1,5,3.594484951870354,0.0,0.0,6,0.0,4.477447192601595,1.8971459033366327,-0.6309297535714575,-0.7570568896624595,408,0.0,0.0,0.0,2,2,2,2,0.0,0.0,0.0,normal,0
2,1,0.007994856200307371,0.0,1.1914486519417458,12,0.0,-0.7564707973660301,-2.065974564076003,0.3690702464285425,0.38349315744068935,408,0.0,0.0,0.0,2,2,2,2,0.0,0.0,0.0,normal,0
2,1,18.934884509239087,0.0,1.1914486519417458,12,0.0,-0.7564707973660301,-2.065974564076003,0.3690702464285425,0.38349315744068935,408,0.0,0.0,0.0,2,2,2,2,0.0,0.0,0.0,normal,0
1,5,0.006048429502821401,0.0,0.0,1,0.0,0.0,-0.14398606226810373,0.0,0.0,408,0.0,0.0,0.0,2,2,2,2,0.0,0.0,0.0,password,1
1,5,4.615251193445484,0.0,0.0,10,0.0,1.0,0.4493302582214051,0.3690702464285425,0.20667868729074057,408,0.0,0.0,0.0,2,2,2,2,0.0,0.0,0.0,injection,1
1,4,47.67567805320967,1.6623120089059842,1.633088523583763,9,0.0,1.9554486440818202,2.112266160154818,1.140313995589965,0.7792139214902161,408,0.0,0.0,0.0,2,2,2,2,0.0,0.0,0.0,xss,1
1,4,0.03201577879569014,1.0546575278160315,1.7747027655578143,10,0.0,1.1989778467157899,0.7787582828996119,1.2618595071429148,0.8952471918894072,408,0.0,0.0,0.0,2,2,2,2,0.0,0.0,0.0,password,1
1,5,-0.003138385161807979,0.0,0.0,1,0.0,0.4425070493497599,-0.011403923836142249,0.0,0.0,408,0.0,0.0,0.0,2,2,2,2,0.0,0.0,0.0,dos,1
1,5,-3.780876928009563e-05,0.0,0.0,1,0.0,0.0,-0.2464018622082859,0.0,0.0,408,0.0,0.0,0.0,2,2,2,2,0.0,0.0,0.0,backdoor,1
1,5,0.3842696901517084,0.0,1.582208173150374,0,0.0,0.0,-0.20971342379345861,0.0,0.7027687531619613,408,0.0,0.0,0.0,2,2,2,2,0.0,0.0,0.0,xss,1
1,5,0.014361862066892696,0.0,0.0,1,0.0,0.0,-0.14398606226810373,0.0,0.0,408,0.0,0.0,0.0,2,2,2,2,0.0,0.0,0.0,password,1
2,1,-0.003024940479015769,0.8219837925659954,0.8905561521090628,10,0.0,0.0,0.0,0.0,0.14377758085894815,621,0.6931471805599453,0.6931471805599453,1.3862943611198906,0,1,0,1,0.0,0.0,0.0,ddos,1
1,4,91.46087283260343,1.6564627237219463,1.8229727127798265,4,0.0,1.367211219012335,1.746023809959106,1.2618595071429148,0.9309118969420715,408,0.0,0.0,0.0,2,2,2,2,0.0,0.0,0.0,xss,1
1,4,0.9705588748822951,1.107270607453733,1.6232944239003864,7,0.0,1.6414848960655501,0.8934085748941814,1.140313995589965,0.7639721762626663,408,0.0,0.0,0.0,2,2,2,2,0.0,0.0,0.0,ddos,1
1,5,-0.0008129052014044551,0.0,0.0,1,0.0,0.0,-0.14398606226810373,0.0,0.0,408,0.0,0.0,0.0,2,2,2,2,0.0,0.0,0.0,password,1
1,4,0.22836015357675052,1.035825972256996,1.5304050942281457,10,0.0,1.1989778467157899,0.7063318920677596,0.8340437671464698,0.6798425149751135,408,0.0,0.0,0.0,2,2,2,2,0.0,0.0,0.0,password,1
2,1,6.496466075829762,0.8624661404741011,0.0,6,0.0,0.4425070493497599,0.18390303012879794,-0.6309297535714575,-0.7570568896624595,246,0.6931471805599453,5.545177444479562,0.0,0,0,0,0,0.0,0.0,0.0,normal,0
2,1,28.812282567326356,0.946653070815784,1.0256257164100302,10,0.0,0.4425070493497599,0.29801095853699716,0.3690702464285425,0.27372039269764076,32,0.6931471805599453,0.6931471805599453,1.3862943611198906,0,1,0,1,0.0,0.0,0.0,ddos,1
1,5,3.170164238592665,0.0,0.0,6,0.0,4.477447192601595,1.8971459033366327,-0.6309297535714575,-0.7570568896624595,408,0.0,0.0,0.0,2,2,2,2,0.0,0.0,0.0,normal,0
1,4,4.096715106906976,1.1233316702626421,1.6837622748646055,10,0.0,1.1989778467157899,0.7995874599508727,1.0,0.8085462593646315,408,0.0,0.0,0.0,2,2,2,2,0.0,0.0,0.0,injection,1
1,4,4.759246320605168,1.1615859020076615,1.6800889412878106,10,0.0,1.1989778467157899,0.8892228916320124,1.140313995589965,0.8155830730889999,408,0.0,0.0,0.0,2,2,2,2,0.0,0.0,0.0,injection,1
2,1,0.00827829968459377,0.0,1.1528011595788283,12,0.0,-0.7564707973660301,-2.065974564076003,0.3690702464285425,0.3559461042049281,408,0.0,0.0,0.0,2,2,2,2,0.0,0.0,0.0,normal,0
1,8,98.31350386345821,1.4452290050596588,1.9699328131495923,10,0.0,2.7992745841871196,1.528025193652389,2.095903274289385,1.089622620006472,408,0.0,0.0,0.0,2,2,2,2,0.0,0.0,0.0,mitm,1
1,5,-0.0003591863607428257,0.0,0.0,1,0.0,0.0,-0.2464018622082859,0.0,0.0,408,0.0,0.0,0.0,2,2,2,2,0.0,0.0,0.0,backdoor,1
1,5,-0.00319510775845411,0.0,0.0,0,0.0,0.0,0.4493302582214051,-0.6309297535714575,-0.7570568896624595,408,0.0,0.0,0.0,2,2,2,2,0.0,0.0,0.0,ransomware,1
1,4,91.46193235615566,1.581516538364412,1.8020593647420164,4,0.0,1.367211219012335,1.590375721544039,1.2618595071429148,0.9132111567935045,408,0.0,0.0,0.0,2,2,2,2,0.0,0.0,0.0,xss,1
1,5,-0.0008129052014044551,0.0,0.0,1,0.0,0.0,-0.3297396299311669,0.0,0.0,408,0.0,0.0,0.0,2,2,2,2,0.0,0.0,0.0,dos,1
1,5,-0.0006994744705084338,0.0,0.0,1,0.0,0.0,-0.2464018622082859,0.0,0.0,408,0.0,0.0,0.0,2,2,2,2,0.0,0.0,0.0,backdoor,1
1,4,0.23922728698165696,1.1127652190946136,1.8420303118772954,10,0.0,1.7564707973660303,0.9600913208842764,1.369070246428543,0.9490504239448205,408,0.0,0.0,0.0,2,2,2,2,0.0,0.0,0.0,normal,0
1,5,3.9913772588484817,0.0,0.0,6,0.0,4.477447192601595,1.8971459033366327,-0.6309297535714575,-0.7570568896624595,408,0.0,0.0,0.0,2,2,2,2,0.0,0.0,0.0,normal,0
1,5,-0.00319510775845411,0.0,0.0,0,0.0,0.0,1.0260318670966209,-0.6309297535714575,-0.7570568896624595,408,0.0,0.0,0.0,2,2,2,2,0.0,0.0,0.0,ransomware,1
1,5,-0.00319510775845411,0.0,0.0,0,0.0,0.0,0.8588244075538781,-0.6309297535714575,-0.7570568896624595,408,0.0,0.0,0.0,2,2,2,2,0.0,0.0,0.0,ransomware,1
1,5,77.97950407533315,0.0,0.15403922195426356,7,0.6931471805599453,0.7564707973660301,0.32124742714616983,0.0,0.08099480975365105,408,0.0,0.0,0.0,2,2,2,2,0.0,0.0,0.0,ddos,1
1,5,-0.0025522616271699394,0.0,0.0,1,0.0,0.0,-0.2464018622082859,0.0,0.0,408,0.0,0.0,0.0,2,2,2,2,0.0,0.0,0.0,backdoor,1
1,4,0.04633449392184664,1.0546575278160315,1.782430755411994,10,0.0,1.1989778467157899,0.7787582828996119,1.2618595071429148,0.9015520852653273,408,0.0,0.0,0.0,2,2,2,2,0.0,0.0,0.0,password,1
1,5,0.0017391216631216428,0.0,0.0,1,0.0,0.0,-0.14398606226810373,0.0,0.0,408,0.0,0.0,0.0,2,2,2,2,0.0,0.0,0.0,password,1
1,4,0.12077154493397364,1.0250276947729464,1.8097470787469516,10,0.0,1.1989778467157899,0.7535981377917141,1.2618595071429148,0.9240256046565829,408,0.0,0.0,0.0,2,2,2,2,0.0,0.0,0.0,password,1
1,5,4.389284190453562,0.0,0.0,6,0.0,4.477447192601595,1.8971459033366327,-0.6309297535714575,-0.7570568896624595,408,0.0,0.0,0.0,2,2,2,2,0.0,0.0,0.0,normal,0
1,5,-0.0006616643780973902,0.0,0.0,1,0.0,0.0,-0.3297396299311669,0.0,0.0,408,0.0,0.0,0.0,2,2,2,2,0.0,0.0,0.0,dos,1
2,1,0.005160187632145696,0.0,1.266818819244037,12,0.0,-0.7564707973660301,-2.065974564076003,0.3690702464285425,0.440045832347494,408,0.0,0.0,0.0,2,2,2,2,0.0,0.0,0.0,normal,0
2,1,0.008618426257014236,0.7108914107550535,1.0384503294155867,10,0.0,0.0,-0.15171413404622602,0.0,0.24294311033754046,284,0.6931471805599453,0.6931471805599453,1.3862943611198906,0,1,0,0,0.0,0.0,0.0,normal,0
1,4,91.46921626599391,1.793439639799625,1.8776159370409176,4,0.0,1.7564707973660303,2.0493959254904763,1.369070246428543,0.9793581933166634,408,0.0,0.0,0.0,2,2,2,2,0.0,0.0,0.0,xss,1
1,2,29.295254276848496,0.90884871013466,1.1945568371761033,10,0.0,2.456962315881736,1.176572566642137,1.7037877659013354,0.6117085379996572,408,0.0,0.0,0.0,2,2,2,2,0.0,0.0,0.0,password,1
1,5,6.968352245898499,0.0,0.0,6,0.0,4.280271752022878,1.8119231787143066,-0.6309297535714575,-0.7570568896624595,408,0.0,0.0,0.0,2,2,2,2,0.0,0.0,0.0,dos,1
1,5,-0.00319510775845411,0.0,0.0,0,0.0,0.0,1.0335026683583433,-0.6309297535714575,-0.7570568896624595,408,0.0,0.0,0.0,2,2,2,2,0.0,0.0,0.0,ransomware,1
2,1,0.0378464458587114,0.8219837925659954,0.8905561521090628,10,0.0,0.0,0.0,0.0,0.14377758085894815,621,0.6931471805599453,0.6931471805599453,1.3862943611198906,0,1,0,1,0.0,0.0,0.0,ddos,1
1,5,-0.00037809109506170785,0.0,0.0,1,0.0,0.0,-0.2464018622082859,0.0,0.0,408,0.0,0.0,0.0,2,2,2,2,0.0,0.0,0.0,backdoor,1
1,5,12.498840413736387,0.0,0.0,1,0.0,0.0,-0.2862163478571042,0.0,0.0,408,0.0,0.0,0.0,2,2,2,2,0.0,0.0,0.0,scanning,1
1,4,15.148137286308245,1.1216079634587375,2.0907281827065596,10,0.0,1.367211219012335,0.8900630314765097,1.7037877659013354,1.1711632603857285,408,0.0,0.0,0.0,2,2,2,2,0.0,0.0,0.0,injection,1
1,5,5.3294968111887275,0.0,0.0,3,0.0,0.4425070493497599,0.09176825677077866,0.0,0.052335467113126644,408,0.0,0.0,0.0,2,2,2,2,0.0,0.0,0.0,xss,1
1,5,-0.002911496476883488,0.0,0.0,1,0.0,0.0,-0.2464018622082859,0.0,0.0,408,0.0,0.0,0.0,2,2,2,2,0.0,0.0,0.0,backdoor,1
1,4,16.3558242166541,1.1706419015264542,2.0907281827065596,10,0.0,1.367211219012335,0.9409151628316514,1.7037877659013354,1.1711632603857285,408,0.0,0.0,0.0,2,2,2,2,0.0,0.0,0.0,injection,1
1,5,0.017856191326192566,0.0,0.0,7,0.0,0.4425070493497599,0.14425745260958278,0.0,0.08099480975365105,408,0.0,0.0,0.0,2,2,2,2,0.0,0.0,0.0,ddos,1
1,4,3.0287663687962603,1.1740212185286814,1.8097470787469516,9,0.0,1.0,0.8597209326563063,1.0,0.9183880035807923,408,0.0,0.0,0.0,2,2,2,2,0.0,0.0,0.0,injection,1
1,5,3.684759530622815,0.0,0.0,6,0.0,4.477447192601595,1.8971459033366327,-0.6309297535714575,-0.7570568896624595,408,0.0,0.0,0.0,2,2,2,2,0.0,0.0,0.0,normal,0
2,1,-0.0022686599879827326,1.0,0.0,6,0.0,0.4425070493497599,0.37976591483421657,-0.6309297535714575,-0.7570568896624595,122,0.6931471805599453,3.367295829986474,0.0,0,1,0,0,0.0,0.0,0.0,normal,0
1,5,0.10256108277010516,0.0,0.0,7,0.0,0.4425070493497599,0.14425745260958278,0.0,0.08099480975365105,408,0.0,0.0,0.0,2,2,2,2,0.0,0.0,0.0,injection,1
1,5,0.00015123432107654877,0.0,0.0,1,0.0,0.0,-0.3297396299311669,0.0,0.0,408,0.0,0.0,0.0,2,2,2,2,0.0,0.0,0.0,dos,1
1,4,2.01746298605497,1.1145645280233192,1.8097470787469516,10,0.0,1.1989778467157899,0.8367753224123279,1.140313995589965,0.921226291262849,408,0.0,0.0,0.0,2,2,2,2,0.0,0.0,0.0,injection,1
2,1,-0.002401006890235848,1.0,0.0,6,0.0,0.4425070493497599,0.37976591483421657,-0.6309297535714575,-0.7570568896624595,122,0.6931471805599453,3.367295829986474,0.0,0,1,0,0,0.0,0.0,0.0,normal,0
1,5,-0.00319510775845411,0.0,0.0,0,0.0,0.0,1.1470043864179242,-0.6309297535714575,-0.7570568896624595,408,0.0,0.0,0.0,2,2,2,2,0.0,0.0,0.0,ransomware,1
2,1,-0.0015502215397976424,1.0,0.0,6,0.0,0.4425070493497599,0.37976591483421657,-0.6309297535714575,-0.7570568896624595,122,0.6931471805599453,0.6931471805599453,0.0,0,1,0,0,0.0,0.0,0.0,normal,0
1,4,3.444328626965259,1.1760224041830414,1.391925152721386,10,0.0,1.1989778467157899,0.8659489293795152,0.8340437671464698,0.5775850430458772,408,0.0,0.0,0.0,2,2,2,2,0.0,0.0,0.0,injection,1
2,1,-0.0029493110686325385,0.8143858905274319,0.882324410236827,10,0.0,0.0,-0.011403923836142249,0.0,0.13880508610057624,32,0.6931471805599453,0.6931471805599453,1.3862943611198906,0,1,0,1,0.0,0.0,0.0,ddos,1
1,4,1.1527467952820112,1.1198696487959356,1.6232944239003864,10,0.0,1.8604881976177823,0.965836864128855,1.369070246428543,0.7731412169780891,408,0.0,0.0,0.0,2,2,2,2,0.0,0.0,0.0,ddos,1
2,1,-0.00319510775845411,0.0,0.0,6,0.0,0.0,0.09176825677077866,-0.6309297535714575,-0.7570568896624595,156,0.6931471805599453,3.367295829986474,0.0,0,0,0,0,0.0,0.0,0.0,normal,0
2,1,-0.00319510775845411,0.0,0.0,6,0.0,0.0,-0.03508177807890498,-0.6309297535714575,-0.7570568896624595,0,0.6931471805599453,1.0986122886681096,0.0,0,0,0,0,0.0,0.0,0.0,normal,0
1,5,3.9307726852658478,0.0,0.0,6,0.0,4.477447192601595,1.8971459033366327,-0.6309297535714575,-0.7570568896624595,408,0.0,0.0,0.0,2,2,2,2,0.0,0.0,0.0,normal,0
2,1,0.226809864374556,0.7108914107550535,1.0384503294155867,10,0.0,0.0,-0.15171413404622602,0.0,0.24294311033754046,284,0.6931471805599453,0.6931471805599453,1.3862943611198906,0,1,0,0,0.0,0.0,0.0,normal,0
1,4,79.43480840623403,1.6014756992624921,1.2839770449221253,9,0.0,1.367211219012335,1.6415275784477648,1.0,0.543954023214009,408,0.0,0.0,0.0,2,2,2,2,0.0,0.0,0.0,xss,1
1,5,3.515286731696929,0.0,0.0,6,0.0,4.477447192601595,1.8971459033366327,-0.6309297535714575,-0.7570568896624595,408,0.0,0.0,0.0,2,2,2,2,0.0,0.0,0.0,normal,0
1,5,-0.00319510775845411,0.0,0.0,0,0.0,-0.7564707973660301,-2.065974564076003,0.0,0.25751089037225916,408,0.0,0.0,0.0,2,2,2,2,0.0,0.0,0.0,ransomware,1
1,5,3.30784651673301,0.0,0.0,6,0.0,4.477447192601595,1.8971459033366327,-0.6309297535714575,-0.7570568896624595,408,0.0,0.0,0.0,2,2,2,2,0.0,0.0,0.0,normal,0
1,5,0.018762722601454906,0.0,0.0,7,0.0,0.4425070493497599,0.14425745260958278,0.0,0.08099480975365105,408,0.0,0.0,0.0,2,2,2,2,0.0,0.0,0.0,ddos,1
1,4,0.06495711856074486,1.0522443246573414,1.6800889412878106,10,0.0,1.1989778467157899,0.776623403858445,1.140313995589965,0.8155830730889999,408,0.0,0.0,0.0,2,2,2,2,0.0,0.0,0.0,password,1
2,1,0.04838991463776542,0.8856027412448122,1.0024556230143338,10,0.0,0.4425070493497599,0.21336396802988652,0.3690702464285425,0.2603035666191386,620,0.6931471805599453,0.6931471805599453,0.0,0,1,1,0,0.0,0.0,0.0,injection,1
1,5,27.419727351051108,0.0,0.0,10,0.0,1.0,0.4493302582214051,0.3690702464285425,0.20667868729074057,408,0.0,0.0,0.0,2,2,2,2,0.0,0.0,0.0,injection,1
1,4,0.1381575325230003,1.078416938532368,1.5333366548319953,10,0.0,1.1989778467157899,0.7399131306416221,1.0,0.6890200267721621,408,0.0,0.0,0.0,2,2,2,2,0.0,0.0,0.0,normal,0
1,4,92.32158842179005,1.6676369182641488,1.8265941664378953,4,0.0,1.1989778467157899,1.763454514358116,1.369070246428543,0.9360163743768314,408,0.0,0.0,0.0,2,2,2,2,0.0,0.0,0.0,xss,1
1,4,24.860998387280695,1.1284175482219234,2.0907281827065596,10,0.0,1.1989778467157899,0.8515896373105813,1.7037877659013354,1.1711632603857285,408,0.0,0.0,0.0,2,2,2,2,0.0,0.0,0.0,injection,1
1,5,-0.0028358675202690056,0.0,0.0,1,0.0,0.4425070493497599,-0.011403923836142249,0.0,0.0,408,0.0,0.0,0.0,2,2,2,2,0.0,0.0,0.0,dos,1
1,5,-0.0029304037633044976,0.0,0.0,1,0.0,0.0,-0.3297396299311669,0.0,0.0,408,0.0,0.0,0.0,2,2,2,2,0.0,0.0,0.0,dos,1
1,5,0.006804347163899092,0.0,0.0,1,0.0,0.0,-0.3297396299311669,0.0,0.0,408,0.0,0.0,0.0,2,2,2,2,0.0,0.0,0.0,dos,1
1,4,0.03986506039706613,1.0510269922856708,1.7736416302870395,10,0.0,1.1989778467157899,0.7755522975534204,1.2618595071429148,0.8943833678088192,408,0.0,0.0,0.0,2,2,2,2,0.0,0.0,0.0,password,1
1,4,0.23138565312579845,1.035825972256996,1.5304050942281457,10,0.0,1.1989778467157899,0.7063318920677596,0.8340437671464698,0.6798425149751135,408,0.0,0.0,0.0,2,2,2,2,0.0,0.0,0.0,password,1
1,5,-0.00039699584828251674,0.0,0.0,1,0.0,0.0,-0.2464018622082859,0.0,0.0,408,0.0,0.0,0.0,2,2,2,2,0.0,0.0,0.0,backdoor,1
2,1,0.060435090401021574,0.0,1.1914486519417458,12,0.0,-0.7564707973660301,-2.065974564076003,0.3690702464285425,0.38349315744068935,408,0.0,0.0,0.0,2,2,2,2,0.0,0.0,0.0,normal,0
1,8,98.35977744007796,1.5835293278679288,2.4959187200740955,10,0.0,3.9982524309029097,2.0215830994706083,3.4445178457870536,1.5444440215492719,408,0.0,0.0,0.0,2,2,2,2,0.0,0.0,0.0,password,1
2,1,4.798184132672854,0.8024337777695189,1.2113931150260449,10,0.0,0.0,-0.029048949890007468,0.0,0.3773383600760539,587,0.6931471805599453,3.367295829986474,0.0,0,1,1,0,0.0,0.0,0.0,normal,0
2,1,-0.0027224246525517884,0.8143858905274319,0.882324410236827,10,0.0,0.0,-0.011403923836142249,0.0,0.13880508610057624,32,0.6931471805599453,0.6931471805599453,1.3862943611198906,0,1,0,1,0.0,0.0,0.0,ddos,1
1,5,0.45526853031945974,0.0,0.0,10,0.0,1.0,0.4493302582214051,0.3690702464285425,0.20667868729074057,408,0.0,0.0,0.0,2,2,2,2,0.0,0.0,0.0,injection,1
1,5,-0.0028169603283825844,0.0,0.0,1,0.0,0.0,-0.14398606226810373,0.0,0.0,408,0.0,0.0,0.0,2,2,2,2,0.0,0.0,0.0,password,1
2,1,0.32766821121557044,0.7108914107550535,1.0384503294155867,10,0.0,0.0,-0.15171413404622602,0.0,0.24294311033754046,284,0.6931471805599453,0.6931471805599453,1.3862943611198906,0,1,0,0,0.0,0.0,0.0,normal,0
2,1,21.10111525531828,0.7666704279836494,1.2712341622634824,10,0.0,0.0,-0.07964288010775397,0.0,0.42700368845451964,228,0.6931471805599453,3.367295829986474,0.0,0,1,1,0,0.0,0.0,0.0,normal,0
1,5,4.428930763573159,0.0,0.0,6,0.0,4.477447192601595,1.8971459033366327,-0.6309297535714575,-0.7570568896624595,408,0.0,0.0,0.0,2,2,2,2,0.0,0.0,0.0,normal,0
1,4,2.057400907508109,1.0331792271140867,1.3998257056044836,10,0.0,1.1989778467157899,0.7602933027638636,1.0,0.6087178411660612,408,0.0,0.0,0.0,2,2,2,2,0.0,0.0,0.0,password,1
2,1,0.08679835464813877,0.9013889825052162,1.0505750609592723,10,0.0,0.4425070493497599,0.23430199049482223,0.3690702464285425,0.28873543525927536,703,0.6931471805599453,0.6931471805599453,0.0,0,1,1,0,0.0,0.0,0.0,xss,1
1,5,-0.001606939372153002,0.0,0.0,1,0.0,0.0,-0.2464018622082859,0.0,0.0,408,0.0,0.0,0.0,2,2,2,2,0.0,0.0,0.0,backdoor,1
1,4,2.775939411125054,1.1437381368360773,1.6800889412878106,10,0.0,1.1989778467157899,0.868592881935388,1.140313995589965,0.8155830730889999,408,0.0,0.0,0.0,2,2,2,2,0.0,0.0,0.0,injection,1
2,1,0.042694531085387094,0.746141318714434,0.886478393267576,10,0.0,0.0,-0.10715303201737703,0.0,0.1413064939005528,620,0.6931471805599453,0.6931471805599453,0.0,0,1,1,0,0.0,0.0,0.0,dos,1
1,4,8.949523234173801,1.2039096110431644,1.6800889412878106,10,0.0,1.1989778467157899,0.9416674360392516,1.140313995589965,0.8155830730889999,408,0.0,0.0,0.0,2,2,2,2,0.0,0.0,0.0,injection,1
2,1,0.01948036237088658,0.7350510555546294,0.937708039741693,10,0.0,0.0,-0.12153994246347301,0.0,0.17344107378106322,183,0.6931471805599453,0.6931471805599453,0.0,0,1,1,0,0.0,0.0,0.0,dos,1
1,4,0.07008077672193783,1.0331792271140867,1.3644765005751047,10,0.0,1.367211219012335,0.8146221218877335,0.8340437671464698,0.572551153262799,408,0.0,0.0,0.0,2,2,2,2,0.0,0.0,0.0,password,1
1,4,16.457351644047034,1.1615859020076615,2.0907281827065596,10,0.0,1.367211219012335,0.9310238418077945,1.7037877659013354,1.1711632603857285,408,0.0,0.0,0.0,2,2,2,2,0.0,0.0,0.0,injection,1
1,5,-0.0019283436359420634,0.0,0.0,1,0.0,0.0,-0.2464018622082859,0.0,0.0,408,0.0,0.0,0.0,2,2,2,2,0.0,0.0,0.0,backdoor,1
2,1,-0.0025900755004654554,1.0,0.0,6,0.0,0.4425070493497599,0.37976591483421657,-0.6309297535714575,-0.7570568896624595,122,0.6931471805599453,0.6931471805599453,0.0,0,1,0,0,0.0,0.0,0.0,normal,0
2,1,0.0886612231889415,0.0,1.1528011595788283,12,0.0,-0.7564707973660301,-2.065974564076003,0.3690702464285425,0.3559461042049281,408,0.0,0.0,0.0,2,2,2,2,0.0,0.0,0.0,normal,0
1,5,0.00015123432107654877,0.0,0.0,1,0.0,0.0,-0.2464018622082859,0.0,0.0,408,0.0,0.0,0.0,2,2,2,2,0.0,0.0,0.0,backdoor,1
1,2,46.707387318414504,0.90884871013466,1.1648819392565382,4,0.0,2.3979556934315798,1.1523036854735826,1.9479721695911087,0.6546096751722583,408,0.0,0.0,0.0,2,2,2,2,0.0,0.0,0.0,password,1
1,5,0.011093607583388246,0.0,0.0,1,0.0,0.0,-0.14398606226810373,0.0,0.0,408,0.0,0.0,0.0,2,2,2,2,0.0,0.0,0.0,password,1
2,1,-0.0025711685543645412,1.0,0.0,6,0.0,0.4425070493497599,0.37976591483421657,-0.6309297535714575,-0.7570568896624595,122,0.6931471805599453,3.367295829986474,0.0,0,1,0,0,0.0,0.0,0.0,normal,0
1,5,0.028052163060129462,0.0,0.0,7,0.0,0.4425070493497599,0.14425745260958278,0.0,0.08099480975365105,408,0.0,0.0,0.0,2,2,2,2,0.0,0.0,0.0,ddos,1
1,5,4.162404281229254,0.0,0.0,6,0.0,4.477447192601595,1.8971459033366327,-0.6309297535714575,-0.7570568896624595,408,0.0,0.0,0.0,2,2,2,2,0.0,0.0,0.0,normal,0
1,5,-0.002476634107453904,0.0,0.0,1,0.0,0.0,-0.3297396299311669,0.0,0.0,408,0.0,0.0,0.0,2,2,2,2,0.0,0.0,0.0,dos,1
1,5,0.03694082912122702,0.0,0.0,1,0.0,0.0,-0.3297396299311669,0.0,0.0,408,0.0,0.0,0.0,2,2,2,2,0.0,0.0,0.0,dos,1
1,5,-0.0016636573746478217,0.0,0.0,1,0.0,0.0,-0.2464018622082859,0.0,0.0,408,0.0,0.0,0.0,2,2,2,2,0.0,0.0,0.0,backdoor,1
1,5,-0.0016258453540801735,0.0,0.0,1,0.0,0.0,-0.2464018622082859,0.0,0.0,408,0.0,0.0,0.0,2,2,2,2,0.0,0.0,0.0,backdoor,1
1,5,0.0033457766933032203,0.0,0.0,1,0.0,0.0,-0.2464018622082859,0.0,0.0,408,0.0,0.0,0.0,2,2,2,2,0.0,0.0,0.0,backdoor,1
1,4,0.024635236950412417,1.0331792271140867,1.3998257056044836,10,0.0,1.1989778467157899,0.7602933027638636,1.0,0.6087178411660612,408,0.0,0.0,0.0,2,2,2,2,0.0,0.0,0.0,password,1
1,5,3.5183003264989665,0.0,0.0,6,0.0,4.477447192601595,1.8971459033366327,-0.6309297535714575,-0.7570568896624595,408,0.0,0.0,0.0,2,2,2,2,0.0,0.0,0.0,normal,0
2,1,-0.002892589209369472,1.0,0.0,6,0.0,0.4425070493497599,0.37976591483421657,-0.6309297535714575,-0.7570568896624595,122,0.6931471805599453,3.367295829986474,0.0,0,1,0,0,0.0,0.0,0.0,normal,0
1,5,0.672262801422272,0.0,0.0,1,0.0,2.0428037868210893,0.8214762004154137,0.0,0.0,408,0.0,0.0,0.0,2,2,2,2,0.0,0.0,0.0,dos,1
2,1,-0.0026657034739329967,1.0,0.0,6,0.0,0.4425070493497599,0.37976591483421657,-0.6309297535714575,-0.7570568896624595,122,0.6931471805599453,0.6931471805599453,0.0,0,1,0,0,0.0,0.0,0.0,normal,0
1,5,0.008542843103012435,0.0,0.0,7,0.0,0.4425070493497599,0.14425745260958278,0.0,0.08099480975365105,408,0.0,0.0,0.0,2,2,2,2,0.0,0.0,0.0,ddos,1
2,1,2.3672658512798175,0.7853305502668625,1.271961598662971,10,0.0,0.0,0.05818701819691619,0.0,0.4394707623526303,651,0.6931471805599453,0.6931471805599453,0.0,1,0,0,0,0.0,0.0,0.0,normal,0
1,4,34.19863039419341,1.558171249379554,1.5563025931877845,9,0.0,1.367211219012335,1.5553085684908685,0.8340437671464698,0.7071530549987302,408,0.0,0.0,0.0,2,2,2,2,0.0,0.0,0.0,xss,1
1,5,0.05191566646406123,0.0,0.0,10,0.0,1.51294159473206,0.5701687965896272,0.3690702464285425,0.13880508610057624,408,0.0,0.0,0.0,2,2,2,2,0.0,0.0,0.0,ddos,1
1,4,0.04688137079086599,1.035825972256996,1.1955833130039033,10,0.0,1.1989778467157899,0.7625038870128064,1.0,0.5036571722939589,408,0.0,0.0,0.0,2,2,2,2,0.0,0.0,0.0,password,1
1,5,77.82106180986798,0.0,0.15403922195426356,7,0.6931471805599453,0.7564707973660301,0.32124742714616983,0.0,0.08099480975365105,408,0.0,0.0,0.0,2,2,2,2,0.0,0.0,0.0,ddos,1
1,5,-0.0007372846385297584,0.0,0.0,1,0.0,0.0,-0.2464018622082859,0.0,0.0,408,0.0,0.0,0.0,2,2,2,2,0.0,0.0,0.0,backdoor,1
1,5,-0.00319510775845411,0.0,0.0,0,0.0,0.0,0.32124742714616983,-0.6309297535714575,-0.7570568896624595,408,0.0,0.0,0.0,2,2,2,2,0.0,0.0,0.0,ransomware,1
1,5,3.5358230228326675,0.0,0.0,6,0.0,4.477447192601595,1.8971459033366327,-0.6309297535714575,-0.7570568896624595,408,0.0,0.0,0.0,2,2,2,2,0.0,0.0,0.0,normal,0
1,4,29.556707804277867,1.09777261896795,1.8097470787469516,10,0.0,1.1989778467157899,0.8195281238567812,1.140313995589965,0.921226291262849,408,0.0,0.0,0.0,2,2,2,2,0.0,0.0,0.0,injection,1
1,5,-0.0028358675202690056,0.0,0.0,1,0.0,0.0,-0.2464018622082859,0.0,0.0,408,0.0,0.0,0.0,2,2,2,2,0.0,0.0,0.0,backdoor,1
1,5,77.99027306919685,0.0,0.0,9,0.0,0.4425070493497599,0.14425745260958278,0.3690702464285425,0.20667868729074057,408,0.0,0.0,0.0,2,2,2,2,0.0,0.0,0.0,ddos,1
1,4,0.21191687821841748,1.035825972256996,1.5304050942281457,10,0.0,1.1989778467157899,0.7063318920677596,0.8340437671464698,0.6798425149751135,408,0.0,0.0,0.0,2,2,2,2,0.0,0.0,0.0,password,1
1,5,0.00198485421716349,0.0,0.0,1,0.0,0.0,-0.3297396299311669,0.0,0.0,408,0.0,0.0,0.0,2,2,2,2,0.0,0.0,0.0,dos,1
1,5,0.016911841693912542,0.0,0.0,1,0.0,0.0,-0.2464018622082859,0.0,0.0,408,0.0,0.0,0.0,2,2,2,2,0.0,0.0,0.0,backdoor,1
1,4,0.05647742838955515,1.0510269922856708,1.7783773387164998,10,0.0,1.1989778467157899,0.7755522975534204,1.2618595071429148,0.8982420731292059,408,0.0,0.0,0.0,2,2,2,2,0.0,0.0,0.0,password,1
1,4,1.8297679271192941,1.1572674287639964,1.8097470787469516,7,0.0,0.7564707973660301,0.7861545137158791,1.0,0.9183880035807923,408,0.0,0.0,0.0,2,2,2,2,0.0,0.0,0.0,injection,1
1,5,78.03270997864105,0.0,0.0,9,0.0,0.7564707973660301,0.32124742714616983,0.3690702464285425,0.20667868729074057,408,0.0,0.0,0.0,2,2,2,2,0.0,0.0,0.0,ddos,1
1,5,78.00900720176058,0.0,0.0,9,0.0,0.4425070493497599,0.14425745260958278,0.3690702464285425,0.20667868729074057,408,0.0,0.0,0.0,2,2,2,2,0.0,0.0,0.0,ddos,1
1,5,-0.003024940479015769,0.0,0.0,7,0.0,0.4425070493497599,0.14425745260958278,0.0,0.08099480975365105,408,0.0,0.0,0.0,2,2,2,2,0.0,0.0,0.0,ddos,1
2,1,70.18195293172677,1.3779554446039628,0.0,6,0.0,1.8604881976177823,1.2111883502487284,-0.6309297535714575,-0.7570568896624595,114,0.6931471805599453,2.5649493574615367,0.0,0,0,0,0,0.0,0.0,0.0,normal,0
1,5,-0.0030816627353288726,0.0,0.0,1,0.0,0.4425070493497599,-0.011403923836142249,0.3690702464285425,0.13880508610057624,408,0.0,0.0,0.0,2,2,2,2,0.0,0.0,0.0,dos,1
1,5,0.0017391216631216428,0.0,0.0,1,0.0,0.0,-0.2464018622082859,0.0,0.0,408,0.0,0.0,0.0,2,2,2,2,0.0,0.0,0.0,backdoor,1
1,4,1.0418451025723032,1.1250410126762271,1.6800889412878106,10,0.0,1.1989778467157899,0.847929832339829,1.140313995589965,0.8155830730889999,408,0.0,0.0,0.0,2,2,2,2,0.0,0.0,0.0,injection,1
2,1,6.494910760963928,0.7982898004126693,0.0,6,0.0,0.4425070493497599,0.10992734301678915,-0.6309297535714575,-0.7570568896624595,377,0.6931471805599453,0.6931471805599453,0.0,0,0,0,0,0.0,0.0,0.0,normal,0
1,5,0.00944982101011611,0.0,0.0,1,0.0,0.0,-0.2464018622082859,0.0,0.0,408,0.0,0.0,0.0,2,2,2,2,0.0,0.0,0.0,backdoor,1
1,5,-0.003006033098059226,0.0,0.0,1,0.0,0.0,-0.3297396299311669,0.0,0.0,408,0.0,0.0,0.0,2,2,2,2,0.0,0.0,0.0,dos,1
1,5,-7.561761416517928e-05,0.0,0.0,1,0.0,0.0,-0.3297396299311669,0.0,0.0,408,0.0,0.0,0.0,2,2,2,2,0.0,0.0,0.0,dos,1
2,1,0.0077303051146149285,0.0,1.1914486519417458,12,0.0,-0.7564707973660301,-2.065974564076003,0.3690702464285425,0.38349315744068935,408,0.0,0.0,0.0,2,2,2,2,0.0,0.0,0.0,normal,0
2,1,0.0108668868969804,0.0,1.1914486519417458,12,0.0,-0.7564707973660301,-2.065974564076003,0.3690702464285425,0.38349315744068935,408,0.0,0.0,0.0,2,2,2,2,0.0,0.0,0.0,normal,0
2,1,-0.003157292675115859,0.9013889825052162,0.0,6,0.0,0.4425070493497599,0.23430199049482223,-0.6309297535714575,-0.7570568896624595,703,0.6931471805599453,0.6931471805599453,0.0,0,1,0,0,0.0,0.0,0.0,xss,1
2,1,0.04544814264472571,0.7350510555546294,0.937708039741693,10,0.0,0.0,-0.12153994246347301,0.0,0.17344107378106322,183,0.6931471805599453,0.6931471805599453,0.0,0,1,1,0,0.0,0.0,0.0,dos,1
1,4,0.2662932662981741,1.1127652190946136,1.8420303118772954,10,7.198183577101943,1.51294159473206,0.8570261834230704,1.4649735207179275,0.9509332558738576,408,0.0,0.0,0.0,2,2,2,2,0.0,7.277938572945661,5.303304908059076,normal,0
1,4,11.811459904836536,1.1550736121022893,2.0907281827065596,10,0.0,1.367211219012335,0.9240513194117465,1.7037877659013354,1.1711632603857285,408,0.0,0.0,0.0,2,2,2,2,0.0,0.0,0.0,injection,1
1,5,4.448214919949645,0.0,0.0,6,0.0,4.477447192601595,1.8971459033366327,-0.6309297535714575,-0.7570568896624595,408,0.0,0.0,0.0,2,2,2,2,0.0,0.0,0.0,normal,0
1,4,0.026995058519543626,1.0331792271140867,1.3644765005751047,10,0.0,1.1989778467157899,0.7602933027638636,1.0,0.5875732914955154,408,0.0,0.0,0.0,2,2,2,2,0.0,0.0,0.0,password,1
0,5,-0.00319510775845411,0.0,0.0,0,0.0,0.0,0.40884498666461716,-0.6309297535714575,-0.7570568896624595,408,0.0,0.0,0.0,2,2,2,2,0.0,0.0,0.0,normal,0
1,4,91.46700133003941,1.501585777345713,1.7853329399366613,4,0.0,1.367211219012335,1.430879968648854,1.2618595071429148,0.8991501466929867,408,0.0,0.0,0.0,2,2,2,2,0.0,0.0,0.0,xss,1
1,5,0.004876697399996337,0.0,0.0,1,0.0,0.0,-0.14398606226810373,0.0,0.0,408,0.0,0.0,0.0,2,2,2,2,0.0,0.0,0.0,password,1
1,5,4.653008389399054,0.0,0.0,6,0.0,4.477447192601595,1.8971459033366327,-0.6309297535714575,-0.7570568896624595,408,0.0,0.0,0.0,2,2,2,2,0.0,0.0,0.0,normal,0
2,1,4.564058102089053,0.0,1.266818819244037,12,0.0,-0.7564707973660301,-2.065974564076003,0.3690702464285425,0.440045832347494,408,0.0,0.0,0.0,2,2,2,2,0.0,0.0,0.0,normal,0
1,4,0.07441219864872489,1.035825972256996,1.4400708111396738,10,0.0,1.1989778467157899,0.7625038870128064,1.0,0.6341747901692649,408,0.0,0.0,0.0,2,2,2,2,0.0,0.0,0.0,password,1
1,4,63.374317575869874,1.5253982089798155,1.7897577362518637,4,0.0,1.1989778467157899,1.4679169516583648,1.7037877659013354,0.9143916662932732,408,0.0,0.0,0.0,2,2,2,2,0.0,0.0,0.0,xss,1
1,5,27.773146786298664,0.0,0.0,11,0.0,0.7564707973660301,0.29801095853699716,-0.6309297535714575,-0.7570568896624595,408,0.0,0.0,0.0,2,2,2,2,0.0,0.0,0.0,xss,1
1,5,0.001701316371344171,0.0,0.0,1,0.0,0.0,-0.2464018622082859,0.0,0.0,408,0.0,0.0,0.0,2,2,2,2,0.0,0.0,0.0,backdoor,1
1,5,0.001228743846030527,0.0,0.0,1,0.0,0.0,-0.2464018622082859,0.0,0.0,408,0.0,0.0,0.0,2,2,2,2,0.0,0.0,0.0,backdoor,1
1,5,3.3221084662758407,0.0,0.0,6,0.0,4.477447192601595,1.8971459033366327,-0.6309297535714575,-0.7570568896624595,408,0.0,0.0,0.0,2,2,2,2,0.0,0.0,0.0,normal,0
1,5,0.00410180241105773,0.0,0.0,7,0.0,0.4425070493497599,0.14425745260958278,0.0,0.08099480975365105,408,0.0,0.0,0.0,2,2,2,2,0.0,0.0,0.0,ddos,1
2,1,-0.0021174075197494535,1.0,0.0,6,0.0,0.4425070493497599,0.37976591483421657,-0.6309297535714575,-0.7570568896624595,122,0.6931471805599453,3.367295829986474,0.0,0,1,0,0,0.0,0.0,0.0,normal,0
1,4,0.04295859341357087,1.0510269922856708,1.7698872401988515,10,0.0,1.367211219012335,0.8282312485381614,1.140313995589965,0.8880406168741877,408,0.0,0.0,0.0,2,2,2,2,0.0,0.0,0.0,password,1
2,1,0.09494469861395105,0.7617275405513029,0.8252731423708748,10,0.0,0.0,-0.08637015728827861,0.0,0.10611728423064229,341,0.6931471805599453,0.6931471805599453,1.3862943611198906,0,1,0,1,0.0,0.0,0.0,ddos,1
1,5,-0.001531315633487782,0.0,0.0,1,0.0,0.0,-0.2464018622082859,0.0,0.0,408,0.0,0.0,0.0,2,2,2,2,0.0,0.0,0.0,backdoor,1
2,1,0.4916444630919409,0.7666704279836494,1.0,10,0.0,0.0,-0.07964288010775397,0.0,0.21550526841187148,285,0.6931471805599453,0.6931471805599453,1.3862943611198906,0,1,0,0,0.0,0.0,0.0,normal,0
2,5,-0.0025522616271699394,1.2305012831783517,0.0,6,0.0,0.4425070493497599,0.7995874599508727,-0.6309297535714575,-0.7570568896624595,408,0.0,0.0,0.0,2,2,2,2,0.0,0.0,0.0,normal,0
1,5,4.4721805720541745,0.0,0.0,6,0.0,4.477447192601595,1.8971459033366327,-0.6309297535714575,-0.7570568896624595,408,0.0,0.0,0.0,2,2,2,2,0.0,0.0,0.0,normal,0
2,1,0.35202891401617387,0.8498393914589427,1.29926356965863,10,0.0,0.4425070493497599,0.16844583070483587,0.3690702464285425,0.4653928933704825,259,0.6931471805599453,3.367295829986474,0.0,0,1,0,0,0.0,0.0,0.0,mitm,1
1,4,0.16488123552433065,1.035825972256996,1.5304050942281457,10,0.0,1.1989778467157899,0.7063318920677596,0.8340437671464698,0.6798425149751135,408,0.0,0.0,0.0,2,2,2,2,0.0,0.0,0.0,password,1
1,5,2.879908177930379,0.0,0.0,6,0.0,4.477447192601595,1.8971459033366327,-0.6309297535714575,-0.7570568896624595,408,0.0,0.0,0.0,2,2,2,2,0.0,0.0,0.0,normal,0
1,5,-0.0008129052014044551,0.0,0.0,1,0.0,0.0,-0.2464018622082859,0.0,0.0,408,0.0,0.0,0.0,2,2,2,2,0.0,0.0,0.0,backdoor,1
1,5,0.004139602903420521,0.0,0.0,1,0.0,0.0,-0.3297396299311669,0.0,0.0,408,0.0,0.0,0.0,2,2,2,2,0.0,0.0,0.0,dos,1
2,1,-0.0021930336026216406,1.0,0.0,6,0.0,0.4425070493497599,0.37976591483421657,-0.6309297535714575,-0.7570568896624595,122,0.6931471805599453,3.367295829986474,0.0,0,1,0,0,0.0,0.0,0.0,normal,0
1,5,4.076611777174913,0.0,0.0,6,0.0,4.477447192601595,1.8971459033366327,-0.6309297535714575,-0.7570568896624595,408,0.0,0.0,0.0,2,2,2,2,0.0,0.0,0.0,normal,0
1,5,0.001228743846030527,0.0,0.0,1,0.0,0.0,-0.20971342379345861,0.0,0.0,408,0.0,0.0,0.0,2,2,2,2,0.0,0.0,0.0,backdoor,1
1,4,0.04716423193032082,1.0510269922856708,1.776735041798131,10,0.0,1.1989778467157899,0.7755522975534204,1.2618595071429148,0.8969028721604153,408,0.0,0.0,0.0,2,2,2,2,0.0,0.0,0.0,password,1
2,5,0.24163513610794823,0.7982898004126693,0.8648855358864512,10,0.0,0.0,-0.03508177807890498,0.0,0.1284807444263108,408,0.0,0.0,0.0,2,2,2,2,0.0,0.0,0.0,normal,0
1,5,-0.0015880334091302145,0.0,0.0,1,0.0,0.0,-0.2464018622082859,0.0,0.0,408,0.0,0.0,0.0,2,2,2,2,0.0,0.0,0.0,backdoor,1
1,4,57.98874143824509,1.6078810845859695,1.5929138584633427,10,0.0,1.51294159473206,1.6629025738596905,1.0,0.7424801261448152,408,0.0,0.0,0.0,2,2,2,2,0.0,0.0,0.0,xss,1
1,5,5.389553814899872,0.0,0.0,2,0.0,0.4425070493497599,0.09176825677077866,0.0,0.08099480975365105,408,0.0,0.0,0.0,2,2,2,2,0.0,0.0,0.0,injection,1
1,5,5.362553191115029,0.0,0.0,6,0.0,4.477447192601595,1.8971459033366327,-0.6309297535714575,-0.7570568896624595,408,0.0,0.0,0.0,2,2,2,2,0.0,0.0,0.0,normal,0
1,4,0.03058142332426558,1.0345068686589354,1.3819695887793655,10,0.0,1.1989778467157899,0.7613999013814245,1.0,0.5978907565045866,408,0.0,0.0,0.0,2,2,2,2,0.0,0.0,0.0,password,1
1,5,-0.0007561897508943694,0.0,0.0,1,0.0,0.0,-0.3297396299311669,0.0,0.0,408,0.0,0.0,0.0,2,2,2,2,0.0,0.0,0.0,dos,1
2,1,6.497860387292113,0.8624661404741011,0.0,6,0.0,0.4425070493497599,0.18390303012879794,-0.6309297535714575,-0.7570568896624595,246,0.6931471805599453,5.545177444479562,0.0,0,0,0,0,0.0,0.0,0.0,normal,0
1,2,28.773613552371533,0.9112761929343167,1.1945568371761033,10,0.0,2.456962315881736,1.1770271487855377,1.7037877659013354,0.6117085379996572,408,0.0,0.0,0.0,2,2,2,2,0.0,0.0,0.0,password,1
1,5,0.012680576271746862,0.0,0.0,7,0.0,0.4425070493497599,0.14425745260958278,0.0,0.08099480975365105,408,0.0,0.0,0.0,2,2,2,2,0.0,0.0,0.0,ddos,1
1,5,10.317519587984972,1.7989597625844724,1.7532040208395063,7,6.473890696352274,1.51294159473206,2.0140602067137214,1.369070246428543,0.8820861236189996,408,0.0,0.0,0.0,2,2,2,2,0.0,0.0,0.0,xss,1
1,5,4.3804991940792135,0.0,1.584355355280197,0,0.0,0.0,-0.20971342379345861,0.0,0.7046592969549599,408,0.0,0.0,0.0,2,2,2,2,0.0,0.0,0.0,xss,1
1,5,-0.0030438478788795327,0.0,0.0,7,0.0,0.4425070493497599,0.14425745260958278,0.0,0.08099480975365105,408,0.0,0.0,0.0,2,2,2,2,0.0,0.0,0.0,ddos,1
1,5,3.9477026423905937,0.0,0.0,6,0.0,4.477447192601595,1.8971459033366327,-0.6309297535714575,-0.7570568896624595,408,0.0,0.0,0.0,2,2,2,2,0.0,0.0,0.0,normal,0
2,1,6.4963990390342685,0.7982898004126693,0.0,6,0.0,0.4425070493497599,0.10992734301678915,-0.6309297535714575,-0.7570568896624595,377,0.6931471805599453,0.6931471805599453,0.0,0,0,0,0,0.0,0.0,0.0,normal,0
2,1,-0.002741331749904566,1.0,0.0,6,0.0,0.4425070493497599,0.37976591483421657,-0.6309297535714575,-0.7570568896624595,122,0.6931471805599453,0.6931471805599453,0.0,0,1,0,0,0.0,0.0,0.0,normal,0
1,5,-0.00319510775845411,0.0,0.0,0,0.0,-0.7564707973660301,-2.065974564076003,0.0,0.19364196101367934,408,0.0,0.0,0.0,2,2,2,2,0.0,0.0,0.0,ransomware,1
2,1,-0.00319510775845411,0.0,0.0,6,0.0,0.0,0.032632149841456785,-0.6309297535714575,-0.7570568896624595,414,0.6931471805599453,3.784189633918261,0.0,0,0,0,0,0.0,0.0,0.0,normal,0
1,5,-0.00319510775845411,0.0,0.0,0,0.0,0.0,0.5960598511671318,-0.6309297535714575,-0.7570568896624595,408,0.0,0.0,0.0,2,2,2,2,0.0,0.0,0.0,ransomware,1
1,5,1.160286659426433,0.0,1.5465984168221916,0,0.0,0.0,-0.20971342379345861,0.0,0.6715278340220082,408,0.0,0.0,0.0,2,2,2,2,0.0,0.0,0.0,xss,1
1,4,0.03899727121058095,1.035825972256996,1.4400708111396738,10,0.0,1.1989778467157899,0.7625038870128064,1.0,0.6341747901692649,408,0.0,0.0,0.0,2,2,2,2,0.0,0.0,0.0,password,1
2,1,0.01681740413649624,0.7982898004126693,0.8648855358864512,10,0.0,0.0,-0.03508177807890498,0.0,0.1284807444263108,31,0.6931471805599453,0.6931471805599453,1.3862943611198906,0,1,0,1,0.0,0.0,0.0,ddos,1
1,5,4.534037130567832,0.0,0.0,6,0.0,4.477447192601595,1.8971459033366327,-0.6309297535714575,-0.7570568896624595,408,0.0,0.0,0.0,2,2,2,2,0.0,0.0,0.0,normal,0
1,5,0.06704819087027053,0.0,0.0,1,0.0,0.0,-0.2862163478571042,0.0,0.0,408,0.0,0.0,0.0,2,2,2,2,0.0,0.0,0.0,scanning,1
1,4,14.406430471840775,1.18383744093057,2.0907281827065596,10,0.0,1.1989778467157899,0.9161801284942354,1.7037877659013354,1.1711632603857285,408,0.0,0.0,0.0,2,2,2,2,0.0,0.0,0.0,injection,1
1,4,0.04848419463200467,1.035825972256996,1.4400708111396738,10,0.0,1.1989778467157899,0.7625038870128064,1.0,0.6341747901692649,408,0.0,0.0,0.0,2,2,2,2,0.0,0.0,0.0,password,1
1,5,-0.0009641472344905136,0.0,0.0,1,0.0,0.0,-0.14398606226810373,0.0,0.0,408,0.0,0.0,0.0,2,2,2,2,0.0,0.0,0.0,password,1
1,4,2.244405382276783,1.1543370946051121,1.391925152721386,10,0.0,1.1989778467157899,0.8377150969953866,0.8340437671464698,0.5775850430458772,408,0.0,0.0,0.0,2,2,2,2,0.0,0.0,0.0,injection,1
2,1,-0.002476634107453904,0.9252670625350052,0.0,6,0.0,0.4425070493497599,0.26724079785167915,-0.6309297535714575,-0.7570568896624595,572,0.6931471805599453,0.6931471805599453,0.0,0,1,0,0,0.0,0.0,0.0,normal,0
1,5,6.359659957049055,0.0,0.0,6,0.0,4.280271752022878,1.8119231787143066,-0.6309297535714575,-0.7570568896624595,408,0.0,0.0,0.0,2,2,2,2,0.0,0.0,0.0,dos,1
1,5,3.5640729790672556,0.0,0.0,6,0.0,4.477447192601595,1.8971459033366327,-0.6309297535714575,-0.7570568896624595,408,0.0,0.0,0.0,2,2,2,2,0.0,0.0,0.0,normal,0
2,1,30.402113978209815,1.2027474555117945,0.0,6,0.0,0.7564707973660301,0.7755522975534204,-0.6309297535714575,-0.7570568896624595,114,10.39726874169286,2.5649493574615367,0.0,0,0,0,0,0.0,0.0,0.0,normal,0
1,5,0.0009262912310884762,0.0,0.0,1,0.0,0.0,-0.2464018622082859,0.0,0.0,408,0.0,0.0,0.0,2,2,2,2,0.0,0.0,0.0,backdoor,1
1,5,0.0021738770855513965,0.0,0.0,1,0.0,0.0,-0.2464018622082859,0.0,0.0,408,0.0,0.0,0.0,2,2,2,2,0.0,0.0,0.0,backdoor,1
1,4,25.206357876894764,1.1637115158748643,2.0907281827065596,10,0.0,1.367211219012335,0.9333250984521033,1.7037877659013354,1.1711632603857285,408,0.0,0.0,0.0,2,2,2,2,0.0,0.0,0.0,injection,1
1,5,0.18988290405999253,0.0,0.0,1,0.0,0.0,-0.2464018622082859,0.0,0.0,408,0.0,0.0,0.0,2,2,2,2,0.0,0.0,0.0,backdoor,1
1,5,-0.0008318103893800266,0.0,0.0,1,0.0,0.0,-0.2464018622082859,0.0,0.0,408,0.0,0.0,0.0,2,2,2,2,0.0,0.0,0.0,backdoor,1
1,4,2.0198755727172113,1.1491060667881312,1.391925152721386,10,0.0,1.1989778467157899,0.8310966570842018,0.8340437671464698,0.5775850430458772,408,0.0,0.0,0.0,2,2,2,2,0.0,0.0,0.0,injection,1
1,4,53.31839348190309,1.1063403568680166,1.561296772386126,9,0.0,1.1989778467157899,0.8282312485381614,0.8340437671464698,0.7109894907228073,408,0.0,0.0,0.0,2,2,2,2,0.0,0.0,0.0,ddos,1
1,5,0.019197086768387342,0.0,0.0,7,0.0,0.4425070493497599,0.14425745260958278,0.0,0.08099480975365105,408,0.0,0.0,0.0,2,2,2,2,0.0,0.0,0.0,ddos,1
1,5,3.5957041652172212,0.0,0.0,6,0.0,4.477447192601595,1.8971459033366327,-0.6309297535714575,-0.7570568896624595,408,0.0,0.0,0.0,2,2,2,2,0.0,0.0,0.0,normal,0
1,4,2.762827478939264,1.1740212185286814,1.6800889412878106,10,0.0,1.1989778467157899,0.9041191579381134,1.140313995589965,0.8155830730889999,408,0.0,0.0,0.0,2,2,2,2,0.0,0.0,0.0,injection,1
1,5,-0.0009641472344905136,0.0,0.0,1,0.0,0.0,-0.3297396299311669,0.0,0.0,408,0.0,0.0,0.0,2,2,2,2,0.0,0.0,0.0,dos,1
2,1,0.01657186427969547,0.0,1.1528011595788283,12,0.0,-0.7564707973660301,-2.065974564076003,0.3690702464285425,0.3559461042049281,408,0.0,0.0,0.0,2,2,2,2,0.0,0.0,0.0,normal,0
1,5,4.701425979716924,0.0,0.0,6,0.0,4.477447192601595,1.8971459033366327,-0.6309297535714575,-0.7570568896624595,408,0.0,0.0,0.0,2,2,2,2,0.0,0.0,0.0,normal,0
1,5,4.697916920940057,0.0,0.0,6,0.0,4.477447192601595,1.8971459033366327,-0.6309297535714575,-0.7570568896624595,408,0.0,0.0,0.0,2,2,2,2,0.0,0.0,0.0,normal,0
1,4,15.442331095724994,1.1950285744649578,2.0907281827065596,10,0.0,1.367211219012335,0.9686833733638905,1.7037877659013354,1.1711632603857285,408,0.0,0.0,0.0,2,2,2,2,0.0,0.0,0.0,injection,1
1,5,-0.003157292675115859,0.0,0.0,1,0.0,0.0,-0.14398606226810373,0.0,0.0,408,0.0,0.0,0.0,2,2,2,2,0.0,0.0,0.0,password,1
2,1,-0.0028358675202690056,0.8143858905274319,0.882324410236827,10,0.0,0.0,-0.011403923836142249,0.0,0.13880508610057624,32,0.6931471805599453,0.6931471805599453,1.3862943611198906,0,1,0,1,0.0,0.0,0.0,ddos,1
1,4,91.8981863154183,1.1888868011930163,1.3994168156609514,4,0.0,1.1989778467157899,0.8832992578518264,0.8340437671464698,0.5827829438944817,408,0.0,0.0,0.0,2,2,2,2,0.0,0.0,0.0,xss,1
1,4,2.369200594390917,1.1521115403752495,0.0,7,0.0,0.4425070493497599,0.7198135985570244,0.3690702464285425,0.20667868729074057,408,0.0,0.0,0.0,2,2,2,2,0.0,0.0,0.0,injection,1
2,1,-0.0026846105145660417,1.0,0.0,6,0.0,0.4425070493497599,0.37976591483421657,-0.6309297535714575,-0.7570568896624595,122,0.6931471805599453,0.6931471805599453,0.0,0,1,0,0,0.0,0.0,0.0,normal,0
2,1,0.1239645552121614,0.0,1.1914486519417458,12,0.0,-0.7564707973660301,-2.065974564076003,0.3690702464285425,0.38349315744068935,408,0.0,0.0,0.0,2,2,2,2,0.0,0.0,0.0,normal,0
1,5,-0.0028169603283825844,0.0,0.0,1,0.0,0.0,-0.3297396299311669,0.0,0.0,408,0.0,0.0,0.0,2,2,2,2,0.0,0.0,0.0,dos,1
1,4,92.22952284089936,1.3869331476339655,1.6577009788666939,10,0.0,2.5661890657281248,1.4666959070947694,2.0,0.8481494922950347,408,0.0,0.0,0.0,2,2,2,2,0.0,0.0,0.0,mitm,1
2,1,-0.002382100133196359,0.9252670625350052,0.0,6,0.0,0.4425070493497599,0.26724079785167915,-0.6309297535714575,-0.7570568896624595,572,0.6931471805599453,0.6931471805599453,0.0,0,1,0,0,0.0,0.0,0.0,normal,0
1,5,3.3169696931252957,0.0,0.0,6,0.0,4.477447192601595,1.8971459033366327,-0.6309297535714575,-0.7570568896624595,408,0.0,0.0,0.0,2,2,2,2,0.0,0.0,0.0,normal,0
1,5,0.004404204233972528,0.0,0.0,1,0.0,0.0,-0.14398606226810373,0.0,0.0,408,0.0,0.0,0.0,2,2,2,2,0.0,0.0,0.0,password,1
1,5,0.010772419141937262,0.0,0.0,7,0.0,0.4425070493497599,0.14425745260958278,0.0,0.08099480975365105,408,0.0,0.0,0.0,2,2,2,2,0.0,0.0,0.0,ddos,1
1,5,4.1600681248124385,0.0,0.0,6,0.0,4.477447192601595,1.8971459033366327,-0.6309297535714575,-0.7570568896624595,408,0.0,0.0,0.0,2,2,2,2,0.0,0.0,0.0,normal,0
2,1,-0.00319510775845411,0.0,0.0,6,0.0,0.0,-0.005667192995745202,-0.6309297535714575,-0.7570568896624595,251,0.6931471805599453,5.545177444479562,0.0,0,0,0,0,0.0,0.0,0.0,normal,0
1,5,0.008391675888569653,0.0,0.0,2,0.0,0.4425070493497599,-0.011403923836142249,0.0,0.018977616396781458,408,0.0,0.0,0.0,2,2,2,2,0.0,0.0,0.0,dos,1
1,5,59.42750558465494,0.0,0.0,7,0.0,1.1989778467157899,0.5497639133902583,0.8340437671464698,0.36108575906326856,408,0.0,0.0,0.0,2,2,2,2,0.0,0.0,0.0,ddos,1
1,5,-0.001172107005361659,0.0,0.0,1,0.0,0.0,-0.2464018622082859,0.0,0.0,408,0.0,0.0,0.0,2,2,2,2,0.0,0.0,0.0,backdoor,1
1,5,3.7603396938729805,0.0,0.0,6,0.0,4.477447192601595,1.8971459033366327,-0.6309297535714575,-0.7570568896624595,408,0.0,0.0,0.0,2,2,2,2,0.0,0.0,0.0,normal,0
1,4,14.950774184683304,1.1806172821344547,2.0907281827065596,10,0.0,1.367211219012335,0.9520741101373499,1.7037877659013354,1.1711632603857285,408,0.0,0.0,0.0,2,2,2,2,0.0,0.0,0.0,injection,1
1,2,28.897541191267276,0.9230005212128728,1.1945568371761033,10,0.0,2.456962315881736,1.1792934532601556,1.7037877659013354,0.6117085379996572,408,0.0,0.0,0.0,2,2,2,2,0.0,0.0,0.0,password,1
1,4,34.90625869260717,1.6598793587724334,1.6313657892078115,7,0.6931471805599453,1.51294159473206,1.7678409377358968,0.8340437671464698,0.7660714620922956,408,0.0,0.0,0.0,2,2,2,2,0.0,0.0,0.0,xss,1
1,5,4.9922600948695415,0.0,0.0,6,0.0,4.477447192601595,1.8971459033366327,-0.6309297535714575,-0.7570568896624595,408,0.0,0.0,0.0,2,2,2,2,0.0,0.0,0.0,normal,0
1,5,-0.00041590062040529124,0.0,0.0,1,0.0,0.0,-0.2464018622082859,0.0,0.0,408,0.0,0.0,0.0,2,2,2,2,0.0,0.0,0.0,backdoor,1
1,4,0.1456252181479647,1.0546575278160315,1.7747027655578143,10,0.0,1.1989778467157899,0.7787582828996119,1.2618595071429148,0.8952471918894072,408,0.0,0.0,0.0,2,2,2,2,0.0,0.0,0.0,password,1
1,4,2.3615605423183736,1.1760224041830414,1.6800889412878106,9,0.0,1.0,0.8624002391157577,0.8340437671464698,0.8051263103785775,408,0.0,0.0,0.0,2,2,2,2,0.0,0.0,0.0,injection,1
1,4,0.722422011590667,1.055853565622141,1.6232944239003864,10,0.0,1.8604881976177823,0.9185554309664917,1.369070246428543,0.7731412169780891,408,0.0,0.0,0.0,2,2,2,2,0.0,0.0,0.0,ddos,1
1,5,4.840100851778168,0.0,0.0,6,0.0,4.477447192601595,1.8971459033366327,-0.6309297535714575,-0.7570568896624595,408,0.0,0.0,0.0,2,2,2,2,0.0,0.0,0.0,normal,0
1,4,91.89019345799075,1.62216760368937,1.812698234873783,4,0.0,1.367211219012335,1.6741767409674644,1.2618595071429148,0.9221996403808514,408,0.0,0.0,0.0,2,2,2,2,0.0,0.0,0.0,xss,1
2,1,-0.0021741270535453536,1.0,0.0,6,0.0,0.4425070493497599,0.37976591483421657,-0.6309297535714575,-0.7570568896624595,122,0.6931471805599453,0.6931471805599453,0.0,0,1,0,0,0.0,0.0,0.0,normal,0
1,5,0.08685480790669235,0.0,0.0,7,0.0,0.4425070493497599,0.14425745260958278,0.0,0.08099480975365105,408,0.0,0.0,0.0,2,2,2,2,0.0,0.0,0.0,ddos,1
1,5,-0.0027602388661639964,0.0,0.0,1,0.0,0.0,-0.2464018622082859,0.0,0.0,408,0.0,0.0,0.0,2,2,2,2,0.0,0.0,0.0,backdoor,1
2,1,0.029486710410528156,0.746141318714434,0.886478393267576,10,0.0,0.0,-0.10715303201737703,0.0,0.1413064939005528,620,0.6931471805599453,0.6931471805599453,0.0,0,1,1,0,0.0,0.0,0.0,dos,1
1,5,3.4389235199560977,0.0,0.0,6,0.0,4.477447192601595,1.8971459033366327,-0.6309297535714575,-0.7570568896624595,408,0.0,0.0,0.0,2,2,2,2,0.0,0.0,0.0,normal,0
1,5,-3.780876928009563e-05,0.0,0.0,1,0.0,0.0,-0.3297396299311669,0.0,0.0,408,0.0,0.0,0.0,2,2,2,2,0.0,0.0,0.0,dos,1
1,4,4.020636404594847,1.1233316702626421,1.6837622748646055,10,0.0,1.1989778467157899,0.7995874599508727,1.0,0.8085462593646315,408,0.0,0.0,0.0,2,2,2,2,0.0,0.0,0.0,injection,1
1,8,79.68278314616695,1.411724903573483,1.430671988680779,4,0.0,1.51294159473206,1.274305120125009,1.2618595071429148,0.6335089359747194,408,0.0,0.0,0.0,2,2,2,2,0.0,0.0,0.0,normal,0
1,5,-0.0029304037633044976,0.0,0.0,1,0.0,0.0,-0.2464018622082859,0.0,0.0,408,0.0,0.0,0.0,2,2,2,2,0.0,0.0,0.0,backdoor,1
2,1,0.3596352014274775,0.9013889825052162,1.3990071720028112,10,0.0,0.4425070493497599,0.23430199049482223,0.3690702464285425,0.5463544466513035,310,0.6931471805599453,0.6931471805599453,0.0,0,1,1,0,0.0,0.0,0.0,mitm,1
1,5,77.90222952883954,0.0,0.15403922195426356,7,0.6931471805599453,0.7564707973660301,0.32124742714616983,0.0,0.08099480975365105,408,0.0,0.0,0.0,2,2,2,2,0.0,0.0,0.0,ddos,1
2,1,-0.0019094373515395982,0.9622888205781815,0.0,6,0.0,0.4425070493497599,0.32124742714616983,-0.6309297535714575,-0.7570568896624595,210,0.6931471805599453,3.367295829986474,0.0,0,1,0,0,0.0,0.0,0.0,normal,0
1,5,-0.0028736819607624114,0.0,0.0,1,0.0,0.0,-0.2464018622082859,0.0,0.0,408,0.0,0.0,0.0,2,2,2,2,0.0,0.0,0.0,backdoor,1
1,5,11.500935824445548,0.0,0.0,1,0.0,0.0,-0.2862163478571042,0.0,0.0,408,0.0,0.0,0.0,2,2,2,2,0.0,0.0,0.0,scanning,1
1,5,0.0006427375104914302,0.0,0.0,1,0.0,0.0,-0.2464018622082859,0.0,0.0,408,0.0,0.0,0.0,2,2,2,2,0.0,0.0,0.0,backdoor,1
1,5,0.6355384243807417,0.0,0.0,6,0.0,1.9554486440818202,0.7808834579116445,-0.6309297535714575,-0.7570568896624595,408,0.0,0.0,0.0,2,2,2,2,0.0,0.0,0.0,dos,1
1,5,0.02265275919769193,0.0,0.0,7,0.0,0.4425070493497599,0.14425745260958278,0.0,0.08099480975365105,408,0.0,0.0,0.0,2,2,2,2,0.0,0.0,0.0,ddos,1
2,1,0.24831577822121356,0.6906993926094956,1.5558981679230928,10,0.0,0.0,-0.03508177807890498,0.0,0.6789549986495585,0,0.6931471805599453,1.0986122886681096,0.0,1,0,0,0,0.0,0.0,0.0,normal,0
1,4,0.9148415636130304,1.0435672646562266,1.6902692687655132,10,0.0,1.367211219012335,0.7602933027638636,1.0,0.8139382774325007,408,0.0,0.0,0.0,2,2,2,2,0.0,0.0,0.0,password,1
1,5,6.357769205041424,0.0,0.0,1,0.0,0.0,-0.2862163478571042,0.0,0.0,408,0.0,0.0,0.0,2,2,2,2,0.0,0.0,0.0,scanning,1
2,1,0.00625630987232405,0.0,1.1528011595788283,12,0.0,-0.7564707973660301,-2.065974564076003,0.3690702464285425,0.3559461042049281,408,0.0,0.0,0.0,2,2,2,2,0.0,0.0,0.0,normal,0
1,5,0.0047821997113816515,0.0,0.0,7,0.0,0.4425070493497599,0.14425745260958278,0.0,0.08099480975365105,408,0.0,0.0,0.0,2,2,2,2,0.0,0.0,0.0,ddos,1
1,4,0.1931578268063713,1.035825972256996,1.5304050942281457,10,0.0,1.1989778467157899,0.7063318920677596,0.8340437671464698,0.6798425149751135,408,0.0,0.0,0.0,2,2,2,2,0.0,0.0,0.0,password,1
1,5,-0.003176200207331223,0.0,0.0,1,0.0,0.0,-0.3297396299311669,0.0,0.0,408,0.0,0.0,0.0,2,2,2,2,0.0,0.0,0.0,dos,1
1,5,0.027315971502647224,0.0,0.0,7,0.0,0.4425070493497599,0.14425745260958278,0.0,0.08099480975365105,408,0.0,0.0,0.0,2,2,2,2,0.0,0.0,0.0,ddos,1
1,4,0.2331596406571498,1.035825972256996,1.5304050942281457,10,0.0,1.1989778467157899,0.7063318920677596,0.8340437671464698,0.6798425149751135,408,0.0,0.0,0.0,2,2,2,2,0.0,0.0,0.0,password,1
2,1,0.04759794412548833,0.8143858905274319,0.882324410236827,10,0.0,0.4425070493497599,0.127407423682577,0.3690702464285425,0.19933150734444802,687,0.6931471805599453,3.367295829986474,1.3862943611198906,0,1,0,1,0.0,0.0,0.0,scanning,1
1,4,17.88403644262933,1.2146335885653117,1.4054725478904828,10,0.0,1.367211219012335,0.9922035420410251,0.8340437671464698,0.5989470395827076,408,0.0,0.0,0.0,2,2,2,2,0.0,0.0,0.0,xss,1
1,4,6.421383598441839,1.1413938838621038,1.6800889412878106,10,0.0,1.367211219012335,0.9097863509338582,1.140313995589965,0.8155830730889999,408,0.0,0.0,0.0,2,2,2,2,0.0,0.0,0.0,injection,1
1,5,24.7898668424639,1.1154582980761165,0.0,6,0.0,0.4425070493497599,0.14425745260958278,-0.6309297535714575,-0.7570568896624595,408,0.0,0.0,0.0,2,2,2,2,0.0,0.0,0.0,injection,1
1,5,-0.0029304037633044976,0.0,0.0,7,0.0,0.4425070493497599,0.14425745260958278,0.0,0.08099480975365105,408,0.0,0.0,0.0,2,2,2,2,0.0,0.0,0.0,ddos,1
1,5,4.2693153055451765,0.0,0.0,6,0.0,4.477447192601595,1.8971459033366327,-0.6309297535714575,-0.7570568896624595,408,0.0,0.0,0.0,2,2,2,2,0.0,0.0,0.0,normal,0
1,5,37.285721395199126,1.2129771604311899,2.0869757966852376,10,5.91350300563827,1.0,0.4493302582214051,1.7037877659013354,1.1678921595059737,408,0.0,0.0,0.0,2,2,2,2,0.0,0.0,0.0,injection,1
1,4,0.2137487689005513,1.0435672646562266,1.6902692687655132,10,0.0,1.1989778467157899,0.7137336988656802,1.0,0.8139382774325007,408,0.0,0.0,0.0,2,2,2,2,0.0,0.0,0.0,password,1
1,4,0.051142696932497386,1.0345068686589354,1.3819695887793655,10,0.0,1.1989778467157899,0.7613999013814245,1.0,0.5978907565045866,408,0.0,0.0,0.0,2,2,2,2,0.0,0.0,0.0,password,1
1,4,1.26144563592032,1.1390225290974343,1.6232944239003864,10,0.0,1.8604881976177823,0.9819725496049694,1.369070246428543,0.7731412169780891,408,0.0,0.0,0.0,2,2,2,2,0.0,0.0,0.0,ddos,1
2,1,12.882730454559065,0.9870747861776068,0.0,6,0.0,0.4425070493497599,0.35932385243778153,-0.6309297535714575,-0.7570568896624595,99,0.6931471805599453,2.5649493574615367,0.0,0,0,0,0,0.0,0.0,0.0,normal,0
2,1,0.010526800769894736,0.0,1.1914486519417458,12,0.0,-0.7564707973660301,-2.065974564076003,0.3690702464285425,0.38349315744068935,408,0.0,0.0,0.0,2,2,2,2,0.0,0.0,0.0,normal,0
1,4,0.042977454867323836,1.0510269922856708,1.7698872401988515,10,0.0,1.1989778467157899,0.7755522975534204,1.140313995589965,0.8880406168741877,408,0.0,0.0,0.0,2,2,2,2,0.0,0.0,0.0,password,1
1,4,0.04001597619000915,1.0510269922856708,1.7956154510342313,10,0.0,1.367211219012335,0.8282312485381614,1.2618595071429148,0.9123637306958955,408,0.0,0.0,0.0,2,2,2,2,0.0,0.0,0.0,password,1
1,5,-0.00319510775845411,0.0,0.0,11,0.0,0.0,1.2547116323227911,-0.6309297535714575,-0.7570568896624595,408,0.0,0.0,0.0,2,2,2,2,0.0,0.0,0.0,xss,1
2,1,0.016647415344486313,0.8143858905274319,0.882324410236827,10,0.0,0.0,-0.011403923836142249,0.0,0.13880508610057624,32,0.6931471805599453,0.6931471805599453,1.3862943611198906,0,1,0,1,0.0,0.0,0.0,ddos,1
1,4,44.222838776748134,1.6850058138751078,1.6508105316475754,9,0.0,1.51294159473206,1.8195727018677172,1.2618595071429148,0.798010149692812,408,0.0,0.0,0.0,2,2,2,2,0.0,0.0,0.0,xss,1
1,5,-0.0005293296500853237,0.0,0.0,1,0.0,0.0,-0.3297396299311669,0.0,0.0,408,0.0,0.0,0.0,2,2,2,2,0.0,0.0,0.0,dos,1
1,5,0.00026465926804640055,0.0,0.0,1,0.0,0.0,-0.3297396299311669,0.0,0.0,408,0.0,0.0,0.0,2,2,2,2,0.0,0.0,0.0,dos,1
2,1,-0.001720375547283123,1.0,0.0,6,0.0,0.4425070493497599,0.37976591483421657,-0.6309297535714575,-0.7570568896624595,122,0.6931471805599453,0.6931471805599453,0.0,0,1,0,0,0.0,0.0,0.0,normal,0
1,5,0.045221833532222186,0.0,0.0,7,0.0,0.4425070493497599,0.14425745260958278,0.0,0.08099480975365105,408,0.0,0.0,0.0,2,2,2,2,0.0,0.0,0.0,ddos,1
1,5,-0.0028547747310622685,0.0,0.0,1,0.0,0.0,-0.2464018622082859,0.0,0.0,408,0.0,0.0,0.0,2,2,2,2,0.0,0.0,0.0,backdoor,1
1,5,0.005840546847739767,0.0,0.0,7,0.0,0.4425070493497599,0.14425745260958278,0.0,0.08099480975365105,408,0.0,0.0,0.0,2,2,2,2,0.0,0.0,0.0,ddos,1
1,5,7.561731174643671e-05,0.0,0.0,1,0.0,0.0,-0.3297396299311669,0.0,0.0,408,0.0,0.0,0.0,2,2,2,2,0.0,0.0,0.0,dos,1
1,4,15.898312026846387,1.1154582980761165,1.8097470787469516,10,0.0,1.1989778467157899,0.8377150969953866,1.140313995589965,0.921226291262849,408,0.0,0.0,0.0,2,2,2,2,0.0,0.0,0.0,injection,1
1,4,67.24855584465772,1.6838367191227563,1.6480201427877528,9,0.0,2.19897784671579,1.8674972865885293,1.7712437491614226,0.8427254243994575,408,0.0,0.0,0.0,2,2,2,2,0.0,0.0,0.0,xss,1
1,5,-0.00111539047737492,0.0,0.0,1,0.0,0.0,-0.2464018622082859,0.0,0.0,408,0.0,0.0,0.0,2,2,2,2,0.0,0.0,0.0,backdoor,1
1,4,0.0661251334068013,1.0522443246573414,1.6800889412878106,10,0.0,1.1989778467157899,0.776623403858445,1.140313995589965,0.8155830730889999,408,0.0,0.0,0.0,2,2,2,2,0.0,0.0,0.0,password,1
1,5,0.0030811605500981913,0.0,0.0,1,0.0,0.0,-0.3297396299311669,0.0,0.0,408,0.0,0.0,0.0,2,2,2,2,0.0,0.0,0.0,dos,1
1,4,3.3659532432856114,1.1594380299989815,1.8097470787469516,10,0.0,1.1989778467157899,0.8866933758262051,1.2618595071429148,0.9240256046565829,408,0.0,0.0,0.0,2,2,2,2,0.0,0.0,0.0,injection,1
1,5,0.0070878084955498894,0.0,0.0,7,0.0,0.4425070493497599,0.14425745260958278,0.0,0.08099480975365105,408,0.0,0.0,0.0,2,2,2,2,0.0,0.0,0.0,ddos,1
1,5,43.61705601098723,1.3611647110376555,0.0,11,0.0,0.4425070493497599,1.0963966132802914,-0.6309297535714575,-0.7570568896624595,408,0.0,0.0,0.0,2,2,2,2,0.0,0.0,0.0,xss,1
2,1,-0.0029493110686325385,0.8219837925659954,0.8905561521090628,10,0.0,0.0,0.0,0.0,0.14377758085894815,621,0.6931471805599453,0.6931471805599453,1.3862943611198906,0,1,0,1,0.0,0.0,0.0,ddos,1
1,5,0.19100579861834197,0.0,0.0,1,0.0,0.4425070493497599,-0.011403923836142249,0.0,0.0,408,0.0,0.0,0.0,2,2,2,2,0.0,0.0,0.0,dos,1
1,4,2.2974159529642293,1.1275786108455714,1.6800889412878106,10,0.0,1.367211219012335,0.8959021151923031,1.140313995589965,0.8155830730889999,408,0.0,0.0,0.0,2,2,2,2,0.0,0.0,0.0,injection,1
1,5,0.0017202190266817723,0.0,0.0,7,0.0,0.4425070493497599,0.14425745260958278,0.0,0.08099480975365105,408,0.0,0.0,0.0,2,2,2,2,0.0,0.0,0.0,ddos,1
1,4,9.559945296875213,1.146055900508977,1.6854634693543402,10,0.0,1.367211219012335,0.9145898626833121,1.140313995589965,0.8198162812397379,408,0.0,0.0,0.0,2,2,2,2,0.0,0.0,0.0,injection,1
1,4,0.6103324859929449,1.0250276947729464,1.5304050942281457,10,0.0,1.1989778467157899,0.696276930393443,0.8340437671464698,0.6798425149751135,408,0.0,0.0,0.0,2,2,2,2,0.0,0.0,0.0,password,1
1,5,3.3403841999148294,0.0,0.0,6,0.0,4.477447192601595,1.8971459033366327,-0.6309297535714575,-0.7570568896624595,408,0.0,0.0,0.0,2,2,2,2,0.0,0.0,0.0,normal,0
1,5,3.3880272014616875,0.0,0.0,6,0.0,4.477447192601595,1.8971459033366327,-0.6309297535714575,-0.7570568896624595,408,0.0,0.0,0.0,2,2,2,2,0.0,0.0,0.0,normal,0
1,5,4.550391095098069,0.0,0.0,6,0.0,4.477447192601595,1.8971459033366327,-0.6309297535714575,-0.7570568896624595,408,0.0,0.0,0.0,2,2,2,2,0.0,0.0,0.0,normal,0
1,5,12.170304646794479,0.0,0.0,1,0.0,0.0,-0.2862163478571042,0.0,0.0,408,0.0,0.0,0.0,2,2,2,2,0.0,0.0,0.0,scanning,1
1,5,0.002608622511560373,0.0,0.0,1,0.0,0.0,-0.3297396299311669,0.0,0.0,408,0.0,0.0,0.0,2,2,2,2,0.0,0.0,0.0,dos,1
1,4,6.766311385073435,1.2775915702836453,1.6800889412878106,10,0.0,1.367211219012335,1.0748523763349116,1.140313995589965,0.8155830730889999,408,0.0,0.0,0.0,2,2,2,2,0.0,0.0,0.0,injection,1
2,1,0.48064503754795457,0.6906993926094956,1.5558981679230928,10,0.0,0.0,-0.03508177807890498,0.0,0.6789549986495585,0,0.6931471805599453,1.0986122886681096,0.0,1,0,0,0,0.0,0.0,0.0,normal,0
1,5,0.0006238337779206134,0.0,0.0,1,0.0,0.0,-0.3297396299311669,0.0,0.0,408,0.0,0.0,0.0,2,2,2,2,0.0,0.0,0.0,dos,1
1,5,77.77855492627157,0.0,0.0,9,0.0,0.7564707973660301,0.32124742714616983,0.3690702464285425,0.20667868729074057,408,0.0,0.0,0.0,2,2,2,2,0.0,0.0,0.0,ddos,1
1,5,-0.0001323310232528191,0.0,0.0,1,0.0,0.0,-0.2464018622082859,0.0,0.0,408,0.0,0.0,0.0,2,2,2,2,0.0,0.0,0.0,backdoor,1
1,8,18.37841112264804,1.5666476506123699,1.9554625388401305,2,0.0,2.26941239209809,1.6257875379483586,1.6309297535714575,1.0502160603911066,408,0.0,0.0,0.0,2,2,2,2,0.0,0.0,0.0,normal,0
1,4,2.322996252039835,1.1189949357322895,1.8097470787469516,10,0.0,1.1989778467157899,0.8414554185250973,1.0,0.9179478151711794,408,0.0,0.0,0.0,2,2,2,2,0.0,0.0,0.0,injection,1
1,5,91.44465031895413,0.0,0.0,5,0.0,0.4425070493497599,-0.011403923836142249,0.3690702464285425,0.13880508610057624,408,0.0,0.0,0.0,2,2,2,2,0.0,0.0,0.0,xss,1
1,5,0.008089337833859728,0.0,0.0,7,0.0,0.4425070493497599,0.14425745260958278,0.0,0.08099480975365105,408,0.0,0.0,0.0,2,2,2,2,0.0,0.0,0.0,ddos,1
1,5,3.460692108346558,0.0,0.0,6,0.0,4.477447192601595,1.8971459033366327,-0.6309297535714575,-0.7570568896624595,408,0.0,0.0,0.0,2,2,2,2,0.0,0.0,0.0,normal,0
1,5,-0.00018904460245338351,0.0,0.0,1,0.0,0.0,-0.2464018622082859,0.0,0.0,408,0.0,0.0,0.0,2,2,2,2,0.0,0.0,0.0,backdoor,1
1,5,0.0555350057977742,0.0,0.0,1,0.0,0.4425070493497599,-0.011403923836142249,0.0,0.0,408,0.0,0.0,0.0,2,2,2,2,0.0,0.0,0.0,dos,1
1,5,-0.0009830525736898206,0.0,0.0,1,0.0,0.0,-0.14398606226810373,0.0,0.0,408,0.0,0.0,0.0,2,2,2,2,0.0,0.0,0.0,password,1
1,4,72.09647203013218,2.0124964769880727,1.3897985181040937,10,0.0,2.456962315881736,2.54507161320029,1.369070246428543,0.6394247501135296,408,0.0,0.0,0.0,2,2,2,2,0.0,0.0,0.0,xss,1
1,5,3.636190509564897,0.0,0.0,6,0.0,4.477447192601595,1.8971459033366327,-0.6309297535714575,-0.7570568896624595,408,0.0,0.0,0.0,2,2,2,2,0.0,0.0,0.0,normal,0
2,1,0.7717588863256303,0.8024337777695189,1.2113931150260449,10,0.0,0.0,-0.029048949890007468,0.0,0.3773383600760539,587,0.6931471805599453,3.367295829986474,0.0,0,1,1,0,0.0,0.0,0.0,normal,0
2,1,40.736938380685,0.946653070815784,1.0256257164100302,10,0.0,0.4425070493497599,0.29801095853699716,0.3690702464285425,0.27372039269764076,31,0.6931471805599453,0.6931471805599453,1.3862943611198906,0,1,0,1,0.0,0.0,0.0,ddos,1
2,1,0.054743334517693865,0.8363840832658498,0.9061577583583547,10,0.0,0.0,0.02200583566091937,0.0,0.15337286613529494,622,0.6931471805599453,0.6931471805599453,1.3862943611198906,0,1,0,1,0.0,0.0,0.0,ddos,1
2,1,0.04929498317672507,0.9112761929343167,1.3511534132618883,10,0.0,0.4425070493497599,0.24775724132145974,0.3690702464285425,0.5069924152404132,253,0.6931471805599453,0.6931471805599453,0.0,0,1,1,0,0.0,0.0,0.0,mitm,1
1,4,91.45114489383695,1.635735400119967,1.816614868523213,4,0.0,1.51294159473206,1.7083540990352426,1.2618595071429148,0.9255171558578532,408,0.0,0.0,0.0,2,2,2,2,0.0,0.0,0.0,xss,1
1,4,0.157402405205153,1.035825972256996,1.5304050942281457,10,0.0,1.367211219012335,0.7535981377917141,0.8340437671464698,0.6798425149751135,408,0.0,0.0,0.0,2,2,2,2,0.0,0.0,0.0,password,1
1,4,0.11804766882166483,1.078416938532368,1.5333366548319953,10,0.0,1.1989778467157899,0.7399131306416221,1.0,0.6890200267721621,408,0.0,0.0,0.0,2,2,2,2,0.0,0.0,0.0,normal,0
2,1,0.006010632826446138,0.7666704279836494,1.0,10,0.0,0.0,-0.07964288010775397,0.0,0.21550526841187148,285,0.6931471805599453,0.6931471805599453,1.3862943611198906,0,1,0,0,0.0,0.0,0.0,normal,0
1,4,1.5876145133636368,1.1491060667881312,1.8097470787469516,10,0.0,1.1989778467157899,0.8747045728549536,1.2618595071429148,0.9240256046565829,408,0.0,0.0,0.0,2,2,2,2,0.0,0.0,0.0,injection,1
1,4,0.13113747057933706,1.0546575278160315,1.782430755411994,10,0.0,1.1989778467157899,0.7787582828996119,1.2618595071429148,0.9015520852653273,408,0.0,0.0,0.0,2,2,2,2,0.0,0.0,0.0,password,1
1,5,0.10045513033718982,0.0,0.0,1,0.0,0.0,-0.2862163478571042,0.0,0.0,408,0.0,0.0,0.0,2,2,2,2,0.0,0.0,0.0,scanning,1
2,1,0.094869459764141,0.8856027412448122,1.0024556230143338,10,0.0,0.4425070493497599,0.21336396802988652,0.3690702464285425,0.2603035666191386,620,0.6931471805599453,0.6931471805599453,0.0,0,1,1,0,0.0,0.0,0.0,xss,1
1,4,0.03467659748763957,1.035825972256996,1.4393880713657614,10,0.0,1.1989778467157899,0.7625038870128064,1.0,0.6337311291062472,408,0.0,0.0,0.0,2,2,2,2,0.0,0.0,0.0,password,1
2,1,0.2088508681514115,0.8143858905274319,0.882324410236827,10,0.0,0.4425070493497599,0.127407423682577,0.3690702464285425,0.19933150734444802,687,0.6931471805599453,0.6931471805599453,1.3862943611198906,0,1,0,1,0.0,0.0,0.0,injection,1
2,1,0.11011801643849094,0.8143858905274319,0.882324410236827,10,0.0,0.0,-0.011403923836142249,0.0,0.13880508610057624,32,0.6931471805599453,0.6931471805599453,1.3862943611198906,0,1,0,1,0.0,0.0,0.0,ddos,1
1,5,77.89423460860473,0.0,0.15403922195426356,7,0.6931471805599453,0.7564707973660301,0.32124742714616983,0.0,0.08099480975365105,408,0.0,0.0,0.0,2,2,2,2,0.0,0.0,0.0,ddos,1
1,5,0.006142920863201277,0.0,0.0,1,0.0,0.0,-0.3297396299311669,0.0,0.0,408,0.0,0.0,0.0,2,2,2,2,0.0,0.0,0.0,dos,1
1,4,0.06184834038236994,1.0345068686589354,1.3819695887793655,10,0.0,1.1989778467157899,0.7613999013814245,1.0,0.5978907565045866,408,0.0,0.0,0.0,2,2,2,2,0.0,0.0,0.0,password,1
1,4,0.12212394452517743,1.0250276947729464,1.4400708111396738,10,0.0,1.1989778467157899,0.7535981377917141,1.0,0.6341747901692649,408,0.0,0.0,0.0,2,2,2,2,0.0,0.0,0.0,password,1
1,4,-0.002779146001330118,1.035825972256996,1.440751459823715,10,0.0,1.1989778467157899,0.7625038870128064,1.0,0.6346174877981628,408,0.0,0.0,0.0,2,2,2,2,0.0,0.0,0.0,password,1
1,5,-0.0010775795532341648,0.0,0.0,1,0.0,0.0,-0.2464018622082859,0.0,0.0,408,0.0,0.0,0.0,2,2,2,2,0.0,0.0,0.0,backdoor,1
1,5,-0.002911496476883488,0.0,0.0,1,0.0,0.0,-0.14398606226810373,0.0,0.0,408,0.0,0.0,0.0,2,2,2,2,0.0,0.0,0.0,password,1
1,5,0.0027220327178567286,0.0,0.0,1,0.0,0.0,-0.2464018622082859,0.0,0.0,408,0.0,0.0,0.0,2,2,2,2,0.0,0.0,0.0,backdoor,1
1,5,-0.00319510775845411,0.0,0.0,0,0.0,-0.7564707973660301,-2.065974564076003,0.0,0.16476477809098888,408,0.0,0.0,0.0,2,2,2,2,0.0,0.0,0.0,ransomware,1
2,1,29.900855108366216,1.490427627406344,0.0,6,0.0,1.8604881976177823,1.414765644228866,-0.6309297535714575,-0.7570568896624595,409,0.6931471805599453,5.545177444479562,0.0,1,0,0,0,0.0,0.0,0.0,normal,0
2,1,-0.00319510775845411,0.0,0.0,6,0.0,0.0,0.04813205652259955,-0.6309297535714575,-0.7570568896624595,327,0.6931471805599453,3.784189633918261,0.0,0,0,0,0,0.0,0.0,0.0,normal,0
1,5,2.903221355535379,0.0,0.0,6,0.0,4.477447192601595,1.8971459033366327,-0.6309297535714575,-0.7570568896624595,408,0.0,0.0,0.0,2,2,2,2,0.0,0.0,0.0,normal,0
2,1,-0.003100570191914524,0.7350510555546294,0.937708039741693,10,0.0,0.0,-0.12153994246347301,0.0,0.17344107378106322,183,0.6931471805599453,0.6931471805599453,0.0,0,1,1,0,0.0,0.0,0.0,dos,1
1,4,16.47726763021585,1.246645384880203,1.8027269279403457,10,0.0,1.367211219012335,1.0328846409085946,1.2618595071429148,0.9182230442908782,408,0.0,0.0,0.0,2,2,2,2,0.0,0.0,0.0,injection,1
1,4,4.112767186281463,1.146055900508977,1.6800889412878106,10,0.0,1.367211219012335,0.9145898626833121,1.140313995589965,0.8155830730889999,408,0.0,0.0,0.0,2,2,2,2,0.0,0.0,0.0,injection,1
2,1,-0.0012477293073266979,1.0,0.0,6,0.0,0.4425070493497599,0.37976591483421657,-0.6309297535714575,-0.7570568896624595,122,0.6931471805599453,0.6931471805599453,0.0,0,1,0,0,0.0,0.0,0.0,normal,0
1,4,0.3522515805365386,1.1198696487959356,1.6800889412878106,10,0.0,1.367211219012335,0.8883812393837387,1.140313995589965,0.8155830730889999,408,0.0,0.0,0.0,2,2,2,2,0.0,0.0,0.0,injection,1
1,5,20.18592943895549,0.0,0.0,10,0.0,1.0,0.4493302582214051,0.3690702464285425,0.20667868729074057,408,0.0,0.0,0.0,2,2,2,2,0.0,0.0,0.0,injection,1
2,1,0.03107213612553128,1.2221914925727277,0.0,6,0.0,1.367211219012335,0.8883812393837387,-0.6309297535714575,-0.7570568896624595,248,0.6931471805599453,5.545177444479562,0.0,1,0,0,0,0.0,0.0,0.0,normal,0
1,5,-0.0017770938900599261,0.0,0.0,1,0.0,0.0,-0.2464018622082859,0.0,0.0,408,0.0,0.0,0.0,2,2,2,2,0.0,0.0,0.0,backdoor,1
1,4,0.04642878416569492,1.035825972256996,1.1955833130039033,10,0.0,1.1989778467157899,0.7625038870128064,1.0,0.5036571722939589,408,0.0,0.0,0.0,2,2,2,2,0.0,0.0,0.0,password,1
1,5,0.0,0.0,0.0,1,0.0,0.0,-0.3297396299311669,0.0,0.0,408,0.0,0.0,0.0,2,2,2,2,0.0,0.0,0.0,dos,1
2,1,0.07288689802796282,0.7108914107550535,1.0384503294155867,10,0.0,0.0,-0.15171413404622602,0.0,0.24294311033754046,284,0.6931471805599453,0.6931471805599453,1.3862943611198906,0,1,0,0,0.0,0.0,0.0,normal,0
1,5,-0.0005860444201049318,0.0,0.0,1,0.0,0.0,-0.2464018622082859,0.0,0.0,408,0.0,0.0,0.0,2,2,2,2,0.0,0.0,0.0,backdoor,1
1,5,-0.0010586741195187952,0.0,0.0,1,0.0,0.0,-0.2464018622082859,0.0,0.0,408,0.0,0.0,0.0,2,2,2,2,0.0,0.0,0.0,backdoor,1
1,4,15.892521568024481,1.1109499868711163,2.0907281827065596,10,0.0,1.51294159473206,0.9224876467245824,1.7037877659013354,1.1711632603857285,408,0.0,0.0,0.0,2,2,2,2,0.0,0.0,0.0,injection,1
1,4,39.367696869665664,1.6361584732900587,1.6133614846492716,9,0.0,1.367211219012335,1.7121304414478868,0.8340437671464698,0.7517742357508983,408,0.0,0.0,0.0,2,2,2,2,0.0,0.0,0.0,xss,1
1,5,0.02982645568388684,0.0,0.0,1,0.0,0.0,-0.2862163478571042,0.0,0.0,408,0.0,0.0,0.0,2,2,2,2,0.0,0.0,0.0,scanning,1
1,5,0.12283767197878774,0.0,0.0,1,0.0,0.0,-0.2862163478571042,0.0,0.0,408,0.0,0.0,0.0,2,2,2,2,0.0,0.0,0.0,scanning,1
1,5,-0.003119477667407547,0.0,0.0,1,0.0,0.0,-0.3297396299311669,0.0,0.0,408,0.0,0.0,0.0,2,2,2,2,0.0,0.0,0.0,dos,1
1,5,0.009827715631214196,0.0,0.0,1,0.0,0.0,-0.3297396299311669,0.0,0.0,408,0.0,0.0,0.0,2,2,2,2,0.0,0.0,0.0,dos,1
1,4,8.154236537412311,1.2205952206833788,1.8366028643885068,10,0.0,1.8604881976177823,1.0569898605354606,1.7037877659013354,0.952054664218853,408,0.0,0.0,0.0,2,2,2,2,0.0,0.0,0.0,normal,0
2,1,0.023143677814103474,0.0,1.1528011595788283,12,0.0,-0.7564707973660301,-2.065974564076003,0.3690702464285425,0.3559461042049281,408,0.0,0.0,0.0,2,2,2,2,0.0,0.0,0.0,normal,0
1,5,-0.00319510775845411,0.0,0.0,3,0.0,0.0,-0.3297396299311669,-0.6309297535714575,-0.7570568896624595,408,0.0,0.0,0.0,2,2,2,2,0.0,0.0,0.0,ransomware,1
1,4,0.04227956854706405,1.0331792271140867,1.3644765005751047,10,0.0,1.1989778467157899,0.7602933027638636,1.0,0.5875732914955154,408,0.0,0.0,0.0,2,2,2,2,0.0,0.0,0.0,password,1
1,4,0.04412796796767611,1.0510269922856708,1.7956154510342313,10,0.0,1.1989778467157899,0.7755522975534204,1.2618595071429148,0.9123637306958955,408,0.0,0.0,0.0,2,2,2,2,0.0,0.0,0.0,password,1
2,1,0.24824114721346946,0.8256797466593668,1.1976221495210415,10,0.0,0.0,0.005599320788664,0.0,0.3660990160668143,627,0.6931471805599453,3.367295829986474,0.0,1,0,0,0,0.0,0.0,0.0,normal,0
2,5,0.2651189108615579,0.7982898004126693,0.8648855358864512,10,0.0,0.0,-0.03508177807890498,0.0,0.1284807444263108,408,0.0,0.0,0.0,2,2,2,2,0.0,0.0,0.0,normal,0
2,1,0.013039515004260937,0.0,1.1914486519417458,12,0.0,-0.7564707973660301,-2.065974564076003,0.3690702464285425,0.38349315744068935,408,0.0,0.0,0.0,2,2,2,2,0.0,0.0,0.0,normal,0
1,4,0.869687005495778,1.1594380299989815,1.6800889412878106,10,0.0,1.1989778467157899,0.8866933758262051,1.140313995589965,0.8155830730889999,408,0.0,0.0,0.0,2,2,2,2,0.0,0.0,0.0,injection,1
1,4,15.272515282635906,1.1550736121022893,2.0907281827065596,10,0.0,1.367211219012335,0.9240513194117465,1.7037877659013354,1.1711632603857285,408,0.0,0.0,0.0,2,2,2,2,0.0,0.0,0.0,injection,1
1,5,78.05841492088662,0.0,0.15403922195426356,7,0.6931471805599453,0.7564707973660301,0.32124742714616983,0.0,0.08099480975365105,408,0.0,0.0,0.0,2,2,2,2,0.0,0.0,0.0,ddos,1
2,1,0.010035554453497486,0.7108914107550535,1.0384503294155867,10,0.0,0.0,-0.15171413404622602,0.0,0.24294311033754046,284,0.6931471805599453,0.6931471805599453,1.3862943611198906,0,1,0,0,0.0,0.0,0.0,normal,0
2,1,0.07049512956467141,0.8856027412448122,1.0024556230143338,10,0.0,0.4425070493497599,0.21336396802988652,0.3690702464285425,0.2603035666191386,620,0.6931471805599453,0.6931471805599453,0.0,0,1,1,0,0.0,0.0,0.0,injection,1
2,1,-0.0014178805926161947,1.0,0.0,6,0.0,0.4425070493497599,0.37976591483421657,-0.6309297535714575,-0.7570568896624595,122,0.6931471805599453,3.367295829986474,0.0,0,1,0,0,0.0,0.0,0.0,normal,0
2,1,-0.00319510775845411,0.0,0.0,12,0.0,-0.7564707973660301,-2.065974564076003,0.0,0.13880508610057624,408,0.0,0.0,1.3862943611198906,0,0,0,1,0.0,0.0,0.0,ddos,1
2,1,0.0029110482166962827,0.0,1.266818819244037,12,0.0,-0.7564707973660301,-2.065974564076003,0.3690702464285425,0.440045832347494,408,0.0,0.0,0.0,2,2,2,2,0.0,0.0,0.0,normal,0
1,5,3.501641066133066,1.146055900508977,1.6800889412878106,10,0.0,1.0,0.8156074493286232,1.0,0.8100480133232768,408,0.0,0.0,0.0,2,2,2,2,0.0,0.0,0.0,injection,1
1,5,3.434052872792382,0.0,0.0,6,0.0,4.477447192601595,1.8971459033366327,-0.6309297535714575,-0.7570568896624595,408,0.0,0.0,0.0,2,2,2,2,0.0,0.0,0.0,normal,0
1,4,16.172187910060416,1.2905260489901875,2.0907281827065596,10,0.0,1.367211219012335,1.093146048406906,1.7037877659013354,1.1711632603857285,408,0.0,0.0,0.0,2,2,2,2,0.0,0.0,0.0,injection,1
1,5,97.36717405314086,0.0,1.7663040379336612,5,0.0,0.4425070493497599,0.10992734301678915,2.261859507142915,0.9392174164422233,408,0.0,0.0,0.0,2,2,2,2,0.0,0.0,0.0,normal,0
1,5,3.427509413974312,0.0,0.0,6,0.0,4.477447192601595,1.8971459033366327,-0.6309297535714575,-0.7570568896624595,408,0.0,0.0,0.0,2,2,2,2,0.0,0.0,0.0,normal,0
2,1,0.0464476421580387,0.9013889825052162,1.0505750609592723,10,0.0,0.4425070493497599,0.23430199049482223,0.3690702464285425,0.28873543525927536,703,0.6931471805599453,0.6931471805599453,0.0,0,1,1,0,0.0,0.0,0.0,injection,1
1,5,3.5828985022985553,0.0,0.0,6,0.0,4.477447192601595,1.8971459033366327,-0.6309297535714575,-0.7570568896624595,408,0.0,0.0,0.0,2,2,2,2,0.0,0.0,0.0,normal,0
1,5,0.452130986205534,0.0,0.0,2,0.0,2.0428037868210893,0.8214762004154137,0.3690702464285425,0.15800629690199938,408,0.0,0.0,0.0,2,2,2,2,0.0,0.0,0.0,dos,1
2,1,-0.001606939372153002,1.0,0.0,6,0.0,0.4425070493497599,0.37976591483421657,-0.6309297535714575,-0.7570568896624595,122,0.6931471805599453,0.6931471805599453,0.0,0,1,0,0,0.0,0.0,0.0,normal,0
2,1,0.0098655046779253,0.0,1.1528011595788283,12,0.0,-0.7564707973660301,-2.065974564076003,0.3690702464285425,0.3559461042049281,408,0.0,0.0,0.0,2,2,2,2,0.0,0.0,0.0,normal,0
1,4,0.2223824351532882,1.1127652190946136,1.8420303118772954,10,0.0,1.51294159473206,0.8570261834230704,1.4649735207179275,0.9509332558738576,408,0.0,0.0,0.0,2,2,2,2,0.0,0.0,0.0,normal,0
1,5,0.00045369933428213383,0.0,0.0,1,0.0,0.0,-0.2464018622082859,0.0,0.0,408,0.0,0.0,0.0,2,2,2,2,0.0,0.0,0.0,backdoor,1
1,5,-0.0018905310860421222,0.0,0.0,1,0.0,0.0,-0.2464018622082859,0.0,0.0,408,0.0,0.0,0.0,2,2,2,2,0.0,0.0,0.0,backdoor,1
1,4,15.468967927623678,1.1594380299989815,2.0907281827065596,10,0.0,1.367211219012335,0.9287112021494442,1.7037877659013354,1.1711632603857285,408,0.0,0.0,0.0,2,2,2,2,0.0,0.0,0.0,injection,1
1,4,10.957150304104632,1.1241881220396008,1.391925152721386,10,0.0,1.1989778467157899,0.8006049526215682,0.8340437671464698,0.5775850430458772,408,0.0,0.0,0.0,2,2,2,2,0.0,0.0,0.0,injection,1
1,5,-0.0013044462322888398,0.0,0.0,1,0.0,0.0,-0.20971342379345861,0.0,0.0,408,0.0,0.0,0.0,2,2,2,2,0.0,0.0,0.0,backdoor,1
2,1,-0.0023631933950628054,1.0,0.0,6,0.0,0.4425070493497599,0.37976591483421657,-0.6309297535714575,-0.7570568896624595,122,0.6931471805599453,3.367295829986474,0.0,0,1,0,0,0.0,0.0,0.0,normal,0
1,5,0.0005104109855959792,0.0,0.0,1,0.0,0.0,-0.3297396299311669,0.0,0.0,408,0.0,0.0,0.0,2,2,2,2,0.0,0.0,0.0,dos,1
0,5,81.009365080415,1.3543221852308425,0.0,0,0.0,1.367211219012335,1.116991665290119,-0.6309297535714575,-0.7570568896624595,408,0.0,0.0,0.0,2,2,2,2,0.0,0.0,0.0,normal,0
2,1,-0.00228756663158718,1.0,0.0,6,0.0,0.4425070493497599,0.37976591483421657,-0.6309297535714575,-0.7570568896624595,122,0.6931471805599453,0.6931471805599453,0.0,0,1,0,0,0.0,0.0,0.0,normal,0
2,1,-0.0028358675202690056,0.8219837925659954,0.8905561521090628,10,0.0,0.0,0.0,0.0,0.14377758085894815,621,0.6931471805599453,0.6931471805599453,1.3862943611198906,0,1,0,1,0.0,0.0,0.0,ddos,1
1,4,5.390634175450615,1.1233316702626421,1.6837622748646055,10,0.0,1.1989778467157899,0.7995874599508727,1.0,0.8085462593646315,408,0.0,0.0,0.0,2,2,2,2,0.0,0.0,0.0,injection,1
1,5,3.610703433159524,0.0,0.0,6,0.0,4.477447192601595,1.8971459033366327,-0.6309297535714575,-0.7570568896624595,408,0.0,0.0,0.0,2,2,2,2,0.0,0.0,0.0,normal,0
1,4,0.040563035841922036,1.0331792271140867,1.3644765005751047,10,0.0,1.1989778467157899,0.7602933027638636,1.0,0.5875732914955154,408,0.0,0.0,0.0,2,2,2,2,0.0,0.0,0.0,password,1
2,1,-0.0016825634132883738,1.0,0.0,6,0.0,0.4425070493497599,0.37976591483421657,-0.6309297535714575,-0.7570568896624595,122,0.6931471805599453,0.6931471805599453,0.0,0,1,0,0,0.0,0.0,0.0,normal,0
2,1,0.011943785945626348,0.0,1.1914486519417458,12,0.0,-0.7564707973660301,-2.065974564076003,0.3690702464285425,0.38349315744068935,408,0.0,0.0,0.0,2,2,2,2,0.0,0.0,0.0,normal,0
1,5,-0.0025144478294995233,0.0,0.0,1,0.0,0.0,-0.3297396299311669,0.0,0.0,408,0.0,0.0,0.0,2,2,2,2,0.0,0.0,0.0,dos,1
1,5,0.0022683878111120245,0.0,0.0,7,0.0,0.4425070493497599,0.14425745260958278,0.0,0.08099480975365105,408,0.0,0.0,0.0,2,2,2,2,0.0,0.0,0.0,ddos,1
1,4,31.301473939434516,1.1154582980761165,1.8097470787469516,10,0.0,1.1989778467157899,0.8377150969953866,1.2618595071429148,0.9240256046565829,408,0.0,0.0,0.0,2,2,2,2,0.0,0.0,0.0,injection,1
2,1,0.3398339183238893,0.8143858905274319,0.882324410236827,10,0.0,0.0,-0.011403923836142249,0.0,0.13880508610057624,32,0.6931471805599453,0.6931471805599453,1.3862943611198906,0,1,0,1,0.0,0.0,0.0,ddos,1
2,1,-0.002401006890235848,1.0,0.0,6,0.0,0.4425070493497599,0.37976591483421657,-0.6309297535714575,-0.7570568896624595,122,0.6931471805599453,0.6931471805599453,0.0,0,1,0,0,0.0,0.0,0.0,normal,0
1,5,-0.00319510775845411,0.0,0.0,0,0.0,0.0,0.9378939070990815,-0.6309297535714575,-0.7570568896624595,408,0.0,0.0,0.0,2,2,2,2,0.0,0.0,0.0,ransomware,1
1,4,0.5464723486614299,1.0435672646562266,1.6902692687655132,10,0.0,1.1989778467157899,0.7137336988656802,1.0,0.8139382774325007,408,0.0,0.0,0.0,2,2,2,2,0.0,0.0,0.0,password,1
1,4,0.038035110552775905,1.035825972256996,1.4400708111396738,10,0.0,1.1989778467157899,0.7625038870128064,1.0,0.6341747901692649,408,0.0,0.0,0.0,2,2,2,2,0.0,0.0,0.0,password,1
1,4,2.239267430799295,1.8698340362035495,1.3897985181040937,10,0.0,2.0428037868210893,2.2466607898070525,1.140313995589965,0.6185207959116352,408,0.0,0.0,0.0,2,2,2,2,0.0,0.0,0.0,xss,1
1,5,4.116842701190703,0.0,0.0,6,0.0,4.477447192601595,1.8971459033366327,-0.6309297535714575,-0.7570568896624595,408,0.0,0.0,0.0,2,2,2,2,0.0,0.0,0.0,normal,0
1,5,77.99304021773298,0.0,0.0,9,0.0,0.7564707973660301,0.32124742714616983,0.3690702464285425,0.20667868729074057,408,0.0,0.0,0.0,2,2,2,2,0.0,0.0,0.0,ddos,1
1,5,-0.003062755297650555,0.0,0.0,1,0.0,0.0,-0.3297396299311669,0.8340437671464698,0.27884927146030297,408,0.0,0.0,0.0,2,2,2,2,0.0,0.0,0.0,dos,1
1,4,5.365798718608817,1.3155280765038149,1.8097470787469516,10,0.0,1.1989778467157899,1.1028307198350336,1.140313995589965,0.921226291262849,408,0.0,0.0,0.0,2,2,2,2,0.0,0.0,0.0,injection,1
1,4,22.577141749905433,1.147586653154839,1.7384835945084791,10,0.0,1.367211219012335,0.9161801284942354,1.140313995589965,0.8623075958486099,408,0.0,0.0,0.0,2,2,2,2,0.0,0.0,0.0,injection,1
1,5,0.4083356183882287,0.0,0.0,1,0.0,0.0,-0.2862163478571042,0.0,0.0,408,0.0,0.0,0.0,2,2,2,2,0.0,0.0,0.0,scanning,1
1,4,0.16355063244135212,1.0318429363776707,1.3893707381421374,10,0.0,1.1989778467157899,0.7025865767309635,0.8340437671464698,0.5758225348514624,408,0.0,0.0,0.0,2,2,2,2,0.0,0.0,0.0,password,1
1,5,-0.00319510775845411,0.0,0.0,11,0.0,0.0,0.5427594723055098,-0.6309297535714575,-0.7570568896624595,408,0.0,0.0,0.0,2,2,2,2,0.0,0.0,0.0,ransomware,1
1,4,0.04026121178443777,1.0510269922856708,1.7783773387164998,10,0.0,1.1989778467157899,0.7755522975534204,1.2618595071429148,0.8982420731292059,408,0.0,0.0,0.0,2,2,2,2,0.0,0.0,0.0,password,1
1,5,0.0007372558898479742,0.0,0.0,1,0.0,0.0,-0.2464018622082859,0.0,0.0,408,0.0,0.0,0.0,2,2,2,2,0.0,0.0,0.0,backdoor,1
2,1,0.004838898381224998,0.0,1.266818819244037,12,0.0,-0.7564707973660301,-2.065974564076003,0.3690702464285425,0.440045832347494,408,0.0,0.0,0.0,2,2,2,2,0.0,0.0,0.0,normal,0
2,1,-0.003062755297650555,0.7982898004126693,0.8648855358864512,10,0.0,0.0,-0.03508177807890498,0.0,0.1284807444263108,31,0.6931471805599453,0.6931471805599453,1.3862943611198906,0,1,0,1,0.0,0.0,0.0,ddos,1
1,5,0.24475181876335073,0.0,0.0,1,0.0,0.0,-0.14398606226810373,0.0,0.0,408,0.0,0.0,0.0,2,2,2,2,0.0,0.0,0.0,password,1
2,1,0.006048429502821401,0.7108914107550535,1.0384503294155867,10,0.0,0.0,-0.15171413404622602,0.0,0.24294311033754046,284,0.6931471805599453,0.6931471805599453,1.3862943611198906,0,1,0,0,0.0,0.0,0.0,normal,0
2,1,0.044882364784483625,0.7350510555546294,0.937708039741693,10,0.0,0.0,-0.12153994246347301,0.0,0.17344107378106322,183,0.6931471805599453,0.6931471805599453,0.0,0,1,1,0,0.0,0.0,0.0,dos,1
1,5,0.001833634561856329,0.0,0.0,1,0.0,0.0,-0.3297396299311669,0.0,0.0,408,0.0,0.0,0.0,2,2,2,2,0.0,0.0,0.0,dos,1
1,5,0.002892146751842036,0.0,0.0,1,0.0,0.0,-0.14398606226810373,0.0,0.0,408,0.0,0.0,0.0,2,2,2,2,0.0,0.0,0.0,password,1
1,5,4.53247533050633,0.0,0.0,6,0.0,4.477447192601595,1.8971459033366327,-0.6309297535714575,-0.7570568896624595,408,0.0,0.0,0.0,2,2,2,2,0.0,0.0,0.0,normal,0
1,5,-0.00043480541143006886,0.0,0.0,1,0.0,0.0,-0.2464018622082859,0.0,0.0,408,0.0,0.0,0.0,2,2,2,2,0.0,0.0,0.0,backdoor,1
1,5,0.0008884843140361413,0.0,0.0,1,0.0,0.0,-0.3297396299311669,0.0,0.0,408,0.0,0.0,0.0,2,2,2,2,0.0,0.0,0.0,dos,1
1,5,-0.0007372846385297584,0.0,0.0,1,0.0,0.0,-0.14398606226810373,0.0,0.0,408,0.0,0.0,0.0,2,2,2,2,0.0,0.0,0.0,password,1
1,5,77.9550470884461,0.0,0.15403922195426356,7,0.6931471805599453,0.7564707973660301,0.32124742714616983,0.0,0.08099480975365105,408,0.0,0.0,0.0,2,2,2,2,0.0,0.0,0.0,ddos,1
1,5,0.00824050746552519,0.0,0.0,1,0.0,0.0,-0.3297396299311669,0.0,0.0,408,0.0,0.0,0.0,2,2,2,2,0.0,0.0,0.0,dos,1
1,5,0.0004915071207248988,0.0,0.0,1,0.0,0.0,-0.14398606226810373,0.0,0.0,408,0.0,0.0,0.0,2,2,2,2,0.0,0.0,0.0,password,1
1,5,0.08339202947945891,0.0,0.0,1,0.0,0.0,-0.2464018622082859,0.0,0.0,408,0.0,0.0,0.0,2,2,2,2,0.0,0.0,0.0,backdoor,1
1,4,0.05299023014078385,1.0510269922856708,1.7778561049874155,10,0.0,1.1989778467157899,0.7755522975534204,1.2618595071429148,0.8978169172337221,408,0.0,0.0,0.0,2,2,2,2,0.0,0.0,0.0,password,1
2,5,-0.00319510775845411,0.0,0.0,6,0.0,0.0,-0.03508177807890498,-0.6309297535714575,-0.7570568896624595,408,0.0,0.0,0.0,2,2,2,2,0.0,0.0,0.0,ransomware,1
1,4,0.20174478727249362,1.035825972256996,1.5304050942281457,10,0.0,1.1989778467157899,0.7063318920677596,0.8340437671464698,0.6798425149751135,408,0.0,0.0,0.0,2,2,2,2,0.0,0.0,0.0,password,1
