flgs,proto,pkts,bytes,state,dur,mean,stddev,sum,min,max,spkts,dpkts,sbytes,dbytes,rate,srate,drate,label_multiclass,label_binary
0,6,-0.19009117769282388,-0.597652783571728,4,0.2761885666740427,-0.18781243748094845,1.0144499448654483,-0.01032074145436994,0.0,0.15715358015534617,0.0,0.0,-0.5662936283753135,0.0,-0.31212229709628214,-0.27710955050219477,0.0,DoS,1
0,6,0.30990882230717626,0.0,4,0.531948981166596,0.11496815748900133,0.9517273537761303,0.2966139777356126,0.0,0.15411926689743632,0.5000000000000001,0.0,0.05015726709112405,0.0,-0.09145059632401514,-0.02920912062834554,0.0,DoS,1
0,6,0.5573662378150711,0.283971881174006,4,-0.3642411321689579,0.5146375835664748,0.8004357975740798,0.28391401449681214,1.1448059301493652,0.2787046257063721,0.7474574155078949,0.0,0.34306098183805855,0.0,1.657998188281323,1.9361045295959447,0.0,DDoS,1
9,5,-0.19009117769282388,0.6015594276070859,6,-0.2343885636330101,0.09315109904153758,0.716372615723905,0.09497576948719577,0.0,-0.15674484489901075,0.0,0.0,0.670637683175658,0.0,0.16632920913796803,0.26037819103501736,0.0,DDoS,1
0,6,0.8547556456757275,0.6179897265142288,4,0.39756449486204914,0.5381914488768501,0.19685263824695584,0.4904647872369035,2.2665545564006178,0.05321670635157648,1.0448468233685515,0.0,0.6875847680926881,0.0,0.6950884069018421,0.8543811010895789,0.0,DoS,1
9,5,-0.6900911776928237,-0.048627766645839815,6,0.10461710286697022,-0.13003804944976927,0.6450877460526007,-0.18432466436629252,0.0,-0.25614841235102564,-0.4999999999999999,0.0,0.0,0.0,-0.5894606742265934,-0.5886687702413502,0.0,DoS,1
0,6,-1.044846823368551,-1.2746134186016944,4,-1.227520621507041,-0.5381826133768208,-0.11355430166811346,-0.7176180923240948,0.0,-0.8326677084884105,-0.8547556456757273,0.0,-1.2645468635828538,0.0,-0.06916599015434133,-0.004174812061826126,0.0,Normal,0
9,5,0.0,0.5440575067279088,7,0.6696108360952452,-0.14677217095177897,0.9153391361471507,-0.06959537955753499,0.0,-0.0033454334421214676,0.0,0.6931471805599453,0.49965536780466707,4.110873864173311,-0.433761329569618,-0.5432688790701574,0.0,DDoS,1
0,6,0.30990882230717626,0.0,4,0.31971123674997043,0.042678620677468304,0.8077692794969853,0.252193481079287,0.0,0.036812694060100515,0.5000000000000001,0.0,0.05015726709112405,0.0,0.12396299697076638,0.21278440274399105,0.0,DDoS,1
9,5,-0.19009117769282388,0.6015594276070859,6,0.8824625459361589,-0.5381826133768208,-0.11355430166811346,-0.7176180923240948,0.0,-0.8326677084884105,0.0,0.0,0.670637683175658,0.0,-0.6436549237238344,-0.6495500599583373,0.0,DoS,1
0,6,-0.6900911776928237,-1.2461212038380718,4,-0.5684200501788481,0.2013701967224082,1.2610955352743825,0.008140850360726114,0.0,0.2119778150805035,-0.4999999999999999,0.0,-1.2351584765667507,0.0,-0.1386126162367557,-0.08219047242457347,0.0,DoS,1
0,6,0.0,-0.36590378186628003,4,-0.006218616802768001,0.7205564850361341,-0.07090596626234662,0.35224899652172703,3.575307514908492,0.07409028547282695,0.19009117769282388,0.0,-0.32725537146132955,0.0,0.13888026998701344,0.22954232131865027,0.0,DoS,1
7,5,0.0,0.16859124612814108,7,0.191630105265588,-0.5001309547325778,-0.10604309879642446,-0.6274083368948217,0.09899073207513899,-0.8029390159865853,-0.22483014339339577,1.0986122886681096,-0.10030099300560465,4.795790545596741,-0.06793737300652977,-0.4148162855839691,0.03890912615355506,DoS,1
9,5,0.0,0.5440575067279088,6,0.046012237438958,-0.5206529813185974,-0.05711763601811228,-0.6338373047767565,0.0,-0.7831447742952325,0.0,0.6931471805599453,0.49965536780466707,4.110873864173311,0.08054195127939033,-0.06693931664521614,0.0,DDoS,1
0,6,0.16466446798290324,-0.1698703824925649,4,0.239822918464906,0.539187020398014,1.0457047838021727,0.4033980793390165,0.0,0.2338968560815082,0.3547556456757271,0.0,-0.12505608801943602,0.0,0.05429481149029659,0.1345198447209261,0.0,DoS,1
0,6,0.0,-0.36590378186628003,4,-0.1398161145129335,0.580213718123567,-0.056066560307815025,0.3069125836416995,3.1687293179979226,-0.012650512189403575,0.19009117769282388,0.0,-0.32725537146132955,0.0,0.3014808071565005,0.4122061740961898,0.0,DoS,1
0,6,-1.544846823368551,-2.6328119750939596,4,-2.969436922654375,-0.5381826133768208,-0.11355430166811346,-0.7176180923240948,0.0,-0.8326677084884105,-1.3547556456757268,0.0,-2.6654651549144535,0.0,-1.0367484476861053,-1.091147479246094,0.0,Reconnaissance,1
9,5,-0.41492132108621965,0.10673338312259498,7,0.5886073275469786,-0.5330608633419521,-0.10009032681885367,-0.6977666402586914,0.0,-0.821815497707606,-0.4999999999999999,0.6931471805599453,0.0,4.110873864173311,-0.6349617903021039,-0.786127428298697,0.0,DoS,1
0,5,0.5573662378150711,1.4543379864004138,7,0.5991828151326569,-0.538152951341008,-0.1134768786805246,-0.7175007843771418,0.0,-0.8326050832937375,0.19009117769282388,1.6094379124341003,0.6148910336852085,6.642486801367256,0.07677786816357711,-0.36437067866321754,0.46655707168381755,DDoS,1
0,6,0.4398343245895079,0.14987570198519154,4,0.6862071602158185,-0.22823232568662882,0.8318032517654788,0.14406196255598613,0.0,0.11321454009929097,0.6299255022823318,0.0,0.20474704436159807,0.0,-0.11703733542712712,-0.05795301302838381,0.0,DDoS,1
0,6,0.8547556456757275,0.6179897265142288,4,-0.10776892430615202,0.5710964287539989,0.19452115055251862,0.41476440786528296,2.41856468857256,0.0413544692993912,1.0448468233685515,0.0,0.6875847680926881,0.0,1.6705620206659322,1.9502186159881179,0.0,DDoS,1
0,5,-1.544846823368551,-1.4438337930984049,6,-2.969436922654375,-0.5381826133768208,-0.11355430166811346,-0.7176180923240948,0.0,-0.8326677084884105,-1.3547556456757268,0.0,-1.4390897658450055,0.0,-1.0367484476861053,-1.091147479246094,0.0,DoS,1
0,6,0.7633692715195171,0.5160734247523158,4,-0.3020924342841801,0.7289912320284354,-0.11047321868474766,0.3548231565130351,3.6814271373583436,0.06332900380030188,0.9534604492123409,0.0,0.5824628692063613,0.0,1.9486182772417968,2.2625842944735806,0.0,DDoS,1
0,6,-0.19009117769282388,-0.597652783571728,4,-0.24033022924973843,0.298472973152071,0.986128967928114,0.19764582694381302,0.0,0.05763389979790561,0.0,0.0,-0.5662936283753135,0.0,0.1733798251171937,0.26829878405174157,0.0,DoS,1
9,5,0.16466446798290324,1.0300800673922044,6,0.7610121497926144,-0.5381826133768208,-0.11355430166811346,-0.7176180923240948,0.0,-0.8326677084884105,0.3547556456757271,0.0,1.112636682231074,0.0,-0.3829529298037171,-0.3566799903681142,0.0,DoS,1
0,6,0.0,-0.36590378186628003,4,-0.15783992462275545,0.5504191498103208,-0.10222473781761021,0.29661986387399725,3.1434043987512963,-0.060364001700909185,0.19009117769282388,0.0,-0.32725537146132955,0.0,0.3249733199646278,0.43859743316371214,0.0,DoS,1
9,5,-0.19009117769282388,0.43579106312820687,6,0.8805017704830076,-0.5332397822175464,-0.09764094502967882,-0.6922445200953219,0.0,-0.8187038501345661,-0.22483014339339577,0.6931471805599453,0.3776133954227509,4.110873864173311,-0.642869028937144,-0.7562755899126273,0.0,DDoS,1
9,5,-0.19009117769282388,0.6015594276070859,6,-0.03277622135992253,-0.19572399665008325,0.9889789550242828,-0.018087756167583947,0.0,0.13480307162093605,0.0,0.0,0.670637683175658,0.0,-0.05086423862070908,0.016385196569792683,0.0,DDoS,1
0,6,1.354755645675727,1.1666550516031418,4,0.0528584809475018,0.9039240348951763,-0.09365248809328296,0.5178731927182555,4.171025404823069,0.1985345704446523,1.544846823368551,0.0,1.2535073911600865,0.0,2.32962419897418,2.690602619666143,0.0,DoS,1
0,6,0.6646644679829034,0.40529696857346387,4,0.6837848264334667,-0.23043520517608837,0.6249313750791826,0.19049370913884378,0.0,-0.25263092677264964,0.8547556456757273,0.0,0.4682021354071417,0.0,0.09276781304625069,0.17774003829754131,0.0,DDoS,1
9,5,-0.19009117769282388,0.6015594276070859,6,-0.06043340171894931,-0.29988728426391137,0.6536294958121203,-0.13665443018630152,0.0,-0.15946558645263267,0.0,0.0,0.670637683175658,0.0,-0.023477447332225666,0.047151249985436,0.0,DDoS,1
9,5,-0.41492132108621965,0.3174706501917522,6,-0.28036505087118213,-0.25857721943027434,0.6214391291086971,-0.17609629325914114,0.0,-0.24023826992216651,-0.22483014339339577,0.0,0.3776133954227509,0.0,-0.06609720864333263,-0.0007273729334483923,0.0,DDoS,1
9,5,-0.41492132108621965,0.3174706501917522,6,0.8790401931068367,-0.5381826133768208,-0.11355430166811346,-0.7176180923240948,0.0,-0.8326677084884105,-0.22483014339339577,0.0,0.3776133954227509,0.0,-0.7382124382145135,-0.7557750467056548,0.0,DDoS,1
0,6,0.9398343245895074,0.7123588192549979,4,0.46297607115058703,0.5122766117372044,0.46936161227506273,0.5530207843470276,1.3194407834615622,0.23352912807008308,1.1299255022823314,0.0,0.7849220738385763,0.0,0.7105108791073218,0.8717065554911901,0.0,DoS,1
0,6,0.0,-0.36590378186628003,4,-0.15754328215111435,0.46166465869410056,0.013920887783591022,0.26436365740378676,2.6718800083393877,-0.06577807235639219,0.19009117769282388,0.0,-0.32725537146132955,0.0,0.32458310600836887,0.4381590706226123,0.0,DDoS,1
0,6,0.16466446798290324,-0.1698703824925649,4,0.5816445030962144,-0.3492420718742683,0.6717411960678507,-0.08112835420797324,0.0,-0.03201150342365929,0.3547556456757271,0.0,-0.12505608801943602,0.0,-0.25588522783386247,-0.21393337704537904,0.0,DoS,1
10,6,0.0,-0.36590378186628003,4,0.11050578805109894,0.8937846675043563,-0.06738908570490111,0.40217064133359126,4.066022599004968,0.19299926097812967,0.19009117769282388,0.0,-0.32725537146132955,0.0,0.012292157681837562,0.08733447433351457,0.0,DoS,1
9,5,-0.41492132108621965,0.3174706501917522,6,-0.08777863892364812,-0.15924821254678873,0.882543462449851,-0.08021884792524529,0.0,-0.029779505827040403,-0.22483014339339577,0.0,0.3776133954227509,0.0,-0.2375851348184672,-0.1933752315769228,0.0,DDoS,1
9,5,-0.41492132108621965,0.3174706501917522,6,0.8880253625390588,-0.5381826133768208,-0.11355430166811346,-0.7176180923240948,0.0,-0.8326677084884105,-0.22483014339339577,0.0,0.3776133954227509,0.0,-0.7409471708396511,-0.7588472185835581,0.0,DDoS,1
0,6,0.8547556456757275,0.6179897265142288,4,-0.3050699267226954,0.7486975526296026,0.5594807967529267,0.36077591386352703,2.255222908701159,0.2606509632690975,1.0448468233685515,0.0,0.6875847680926881,0.0,2.1606088951261158,2.5007324807558793,0.0,DDoS,1
0,6,1.4121218834907983,1.2288106673932493,4,0.10459827102396978,0.4832217009978435,0.8965699270346996,0.46982101203389176,0.0,0.28128674494295974,1.6022130611836223,0.0,1.3176180019784514,0.0,2.3182483163061054,2.6778230643641217,0.0,DoS,1
0,6,0.5573662378150711,0.283971881174006,4,0.44416750224890517,0.1740842793103513,0.8724514933252,0.4001466118639069,0.0,0.16092691528348926,0.7474574155078949,0.0,0.34306098183805855,0.0,0.25373412667156714,0.3585680203327425,0.0,DDoS,1
0,6,-1.044846823368551,-1.2461212038380718,1,-2.7273455726215885,-0.4485082835968311,-0.11355430166811346,-0.6131863409377613,0.26100170002268536,-0.769333578782495,-1.3547556456757268,0.6931471805599453,-2.1394538002496493,4.51085950651685,7.037584043614897,-1.091147479246094,0.0,Normal,0
0,6,0.30990882230717626,0.0,4,0.24553954525521807,0.15460168619206996,0.9548594655467706,0.3191005403207808,0.0,0.11370930142375374,0.5000000000000001,0.0,0.05015726709112405,0.0,0.20949539075456397,0.3088706571796007,0.0,DoS,1
0,6,-1.044846823368551,-1.2746134186016944,4,-1.2275705556796996,-0.5381826133768208,-0.11355430166811346,-0.7176180923240948,0.0,-0.8326677084884105,-0.8547556456757273,0.0,-1.2645468635828538,0.0,-0.06910790372084698,-0.004109558330683011,0.0,Normal,0
9,5,-0.19009117769282388,0.6015594276070859,6,-0.2050088155495531,0.3194314103288257,1.0142387912629334,0.20683485200020288,0.0,0.0929578525753886,0.0,0.0,0.670637683175658,0.0,0.13203794607081748,0.22185572156786668,0.0,DDoS,1
0,6,0.16466446798290324,-0.1698703824925649,4,1.4577635715859543,-0.5381826133768208,-0.11355430166811346,-0.7176180923240948,0.0,-0.8326677084884105,0.3547556456757271,0.0,-0.12505608801943602,0.0,-0.7119895350966434,-0.7263164938748639,0.0,DDoS,1
9,5,-1.044846823368551,-0.5642089368717931,6,-0.9996997649347719,-0.5381826133768208,-0.11355430166811346,-0.7176180923240948,0.0,-0.8326677084884105,-0.8547556456757273,0.0,-0.5317978645928584,0.0,-0.28709127834524445,-0.24898994890920942,0.0,DDoS,1
0,6,0.5573662378150711,0.283971881174006,4,-0.4088982412707436,0.5335900466829956,0.6977435891420125,0.290692032198131,1.3229234879579432,0.14532254426776656,0.7474574155078949,0.0,0.34306098183805855,0.0,1.7645493451318128,2.055803056839597,0.0,DDoS,1
0,6,0.16466446798290324,-0.1698703824925649,4,0.5269056302155548,0.0250439092796101,1.1688079206062456,0.2406002743102151,0.0,0.17450499352352966,0.3547556456757271,0.0,-0.12505608801943602,0.0,-0.21261485978973604,-0.16532386888733663,0.0,DoS,1
0,6,1.4121218834907983,1.2288106673932493,4,0.15843665506827848,0.6256423881851694,0.9859283720057247,0.5213380726874134,0.0,0.2607338692207643,1.6022130611836223,0.0,1.3176180019784514,0.0,2.17595358001627,2.5179705496484273,0.0,DoS,1
0,6,-1.044846823368551,-1.7595613217927404,4,-1.848744578625198,0.15071091064343262,-0.11355430166811346,-0.23418130601854503,2.005059656927891,-0.34612410218648854,-0.8547556456757273,0.0,-1.7647479458736606,0.0,0.9820479220281746,1.1767486131323799,0.0,DDoS,1
0,6,6.338389188767286,9.912836808829883,4,-0.2852896812553311,1.03799391234048,-0.11172137109072566,0.4396110739004888,4.585020880613588,0.28151005613535246,6.52848036646011,0.0,10.274784835787878,0.0,22.454209691716823,25.2983650886402,0.0,Normal,0
9,5,0.30990882230717626,1.2001813494853837,6,0.8766411059735802,-0.4412038495011414,0.3279907561645121,-0.23837660580150477,0.0,-0.35321657263229966,0.5000000000000001,0.0,1.2880881994810471,0.0,-0.36281669149679224,-0.3340591372416843,0.0,DoS,1
9,5,-0.41492132108621965,0.3174706501917522,6,-0.04765670356519761,-0.017141501164077123,1.256096473734838,0.027243623068766213,0.0,0.27131663565865216,-0.22483014339339577,0.0,0.3776133954227509,0.0,-0.26937083291096586,-0.2290829738628385,0.0,DDoS,1
0,6,0.0,-0.36590378186628003,4,-0.14236115764108798,0.5617711895801686,-0.0764634117729864,0.3005715342779424,3.1273547518435283,-0.039368069441311986,0.19009117769282388,0.0,-0.32725537146132955,0.0,0.304773554982372,0.4159052147916804,0.0,DoS,1
9,5,0.0,0.697107757612217,7,-0.5169331752041156,0.44560171964074863,-0.03587968936958919,0.2582499412005246,2.6914711395662603,-0.11564199070561887,0.0,0.6931471805599453,0.670637683175658,4.110873864173311,0.8816265794177351,0.6903219100844353,0.0,DDoS,1
0,6,0.0,-0.36590378186628003,4,0.055043500798624544,0.8248737627933308,-0.1011842197874387,0.38302039816807515,3.943176443251296,0.13566600668774673,0.19009117769282388,0.0,-0.32725537146132955,0.0,0.07073502478270985,0.15298861950330275,0.0,DoS,1
0,6,0.16466446798290324,-0.1698703824925649,4,-0.4770417154862143,0.30984773277913713,1.001046969945804,0.2026581343877564,0.0,0.06624029532348029,0.3547556456757271,0.0,-0.12505608801943602,0.0,1.1143894541613661,1.3254197956681024,0.0,DDoS,1
9,5,0.16466446798290324,0.9138683649847942,6,0.911168050891632,-0.5354849458857179,-0.10234145883677827,-0.6967319689437972,0.0,-0.8212356017768618,0.19009117769282388,0.6931471805599453,0.9101200021442967,4.110873864173311,-0.47379230697245944,-0.5596191888208295,0.0,DoS,1
9,5,-0.19009117769282388,0.6015594276070859,6,0.7042142776031344,-0.5381826133768208,-0.11355430166811346,-0.7176180923240948,0.0,-0.8326677084884105,0.0,0.0,0.670637683175658,0.0,-0.5658222320328739,-0.5621135755296426,0.0,DoS,1
0,6,0.30990882230717626,0.0,4,0.4618235395001196,0.29187885014802617,1.1986298477347912,0.38877584896224493,0.0,0.27424687074605536,0.5000000000000001,0.0,0.05015726709112405,0.0,-0.024819978295533212,0.0456430638348867,0.0,DDoS,1
0,6,-1.044846823368551,-1.2746134186016944,4,-1.2277848857608322,-0.5381826133768208,-0.11355430166811346,-0.7176180923240948,0.0,-0.8326677084884105,-0.8547556456757273,0.0,-1.2645468635828538,0.0,-0.06887556428927427,-0.0038485504861703163,0.0,Normal,0
0,6,0.6646644679829034,0.40529696857346387,4,-0.1688952744952889,0.8820246169652961,0.1360967083499519,0.3989640392628069,3.5808071020720806,0.23921754610863522,0.8547556456757273,0.0,0.4682021354071417,0.0,1.4334402998472935,1.683838394520432,0.0,DoS,1
0,6,0.0,-0.36590378186628003,4,0.1071220659433262,0.15874080240224625,1.1836092016047672,0.2367913975856871,0.0,0.18797498201475718,0.19009117769282388,0.0,-0.32725537146132955,0.0,0.015772009393596055,0.09124370570402202,0.0,DoS,1
0,6,-1.044846823368551,-1.7595613217927404,4,-0.9327770987094384,-0.5381826133768208,-0.11355430166811346,-0.7176180923240948,0.0,-0.8326677084884105,-0.8547556456757273,0.0,-1.7647479458736606,0.0,-0.3405837959695656,-0.30908291990501835,0.0,DoS,1
0,6,-0.6900911776928237,-1.2461212038380718,4,-0.8973333036005328,-0.011503189931064162,0.86541538605917,-0.10492439829611641,0.0,-0.08871404845808306,-0.4999999999999999,0.0,-1.2351584765667507,0.0,0.22775389544660618,0.32938208273244984,0.0,DDoS,1
0,6,0.0,-0.36590378186628003,4,-0.15777505612287313,0.549637523611296,-0.10451282171597494,0.29634643873979893,3.1462276671114955,-0.0615035128054037,0.19009117769282388,0.0,-0.32725537146132955,0.0,0.32488614697364465,0.43849950387843234,0.0,DoS,1
9,5,-0.19009117769282388,0.6015594276070859,6,-0.06043761911475327,-0.2994982067090476,0.654881167444807,-0.13614289339174918,0.0,-0.15836708259304857,0.0,0.0,0.670637683175658,0.0,-0.023473017094334487,0.04715622687134309,0.0,DDoS,1
7,5,0.0,0.16859124612814108,7,0.24215727075336832,-0.4848909793962451,-0.1070179245947024,-0.5961179758725216,0.1448729758846593,-0.7925459080564082,-0.22483014339339577,1.0986122886681096,-0.10030099300560465,4.795790545596741,-0.11491432526180338,-0.44866710012809025,0.03689300614410311,DoS,1
9,5,0.30990882230717626,0.7363873005327719,7,0.05361919006066296,-0.18741452442605538,0.9510909602796612,-0.0099337314289439,0.0,0.1150703407969491,0.19009117769282388,1.0986122886681096,0.6113271410157639,4.795790545596741,0.458664394090595,0.1547194543540522,0.045008737866075066,DDoS,1
0,6,0.4398343245895079,0.14987570198519154,4,0.7146575697440883,0.10366913071932965,1.149572413954907,0.3598220379613124,0.0,0.26849805616744504,0.6299255022823318,0.0,0.20474704436159807,0.0,-0.14213090355633837,-0.08614288198090506,0.0,DDoS,1
0,5,-1.044846823368551,-1.6199718206924152,7,-2.9692375565475433,-0.5381176093408907,-0.11355430166811346,-0.7175320911030652,0.0001891975543920008,-0.8326217982033478,-1.3547556456757268,0.6931471805599453,-2.3937517989956962,4.110873864173311,44.40197939734474,-1.091147479246094,0.0,Theft,1
10,6,-0.19009117769282388,-0.597652783571728,4,-0.14330447896471793,0.3874035431617332,1.103065833000962,0.2353175722515309,0.0,0.1545944160612898,0.0,0.0,-0.5662936283753135,0.0,0.06305089909106701,0.14435634787310944,0.0,DoS,1
9,5,-1.044846823368551,-0.5642089368717931,6,-0.01093447403761085,-0.5381826133768208,-0.11355430166811346,-0.7176180923240948,0.0,-0.8326677084884105,-0.8547556456757273,0.0,-0.5317978645928584,0.0,-0.7787788271192764,-0.8013469311508591,0.0,DoS,1
9,5,-1.044846823368551,-0.5642089368717931,6,-1.1116167143473488,-0.5381826133768208,-0.11355430166811346,-0.7176180923240948,0.0,-0.8326677084884105,-0.8547556456757273,0.0,-0.5317978645928584,0.0,-0.18753210501945317,-0.13714614755645124,0.0,DDoS,1
0,6,-0.6900911776928237,-1.2461212038380718,4,-0.7941782314762049,0.1815815166388243,1.224313164254041,-0.0011699539013140733,0.0,0.18402513744113,-0.4999999999999999,0.0,-1.2351584765667507,0.0,0.09890709554186064,0.1846368481941095,0.0,DDoS,1
0,6,0.9398343245895074,0.7123588192549979,4,0.39128138867039425,0.6900014326132191,0.12061738967224268,0.5426843060515091,3.069713788185072,0.14926882299401015,1.1299255022823314,0.0,0.7849220738385763,0.0,0.8275119256336302,1.0031443865681111,0.0,DoS,1
0,6,-0.19009117769282388,-0.597652783571728,4,-0.16280165942355762,0.36815414413351205,1.0776822372897261,0.22744667343634517,0.0,0.12837630030853497,0.0,0.0,-0.5662936283753135,0.0,0.08441193696620208,0.16835312885257186,0.0,DoS,1
0,6,1.4121218834907983,1.2288106673932493,4,0.09897198653187976,0.4874886164048729,1.003868803228304,0.47146049784387634,0.0,0.28159741939624855,1.6022130611836223,0.0,1.3176180019784514,0.0,2.333396531810473,2.6948404214706856,0.0,DoS,1
9,5,-0.41492132108621965,0.10673338312259498,7,0.6128852678736849,-0.5325550309652721,-0.09876123219857823,-0.6958567688292582,0.0,-0.8207439605688597,-0.4999999999999999,0.6931471805599453,0.0,4.110873864173311,-0.644799154032511,-0.7940557667185244,0.0,DoS,1
0,6,-0.19009117769282388,-0.597652783571728,4,-0.09570596314437692,0.39476824798976595,1.113441099875654,0.23829011786689716,0.0,0.17606683467750917,0.0,0.0,-0.5662936283753135,0.0,0.01252099111428577,0.08759154357290908,0.0,DoS,1
9,5,-0.41492132108621965,0.3174706501917522,6,0.1957503471801316,-0.5381826133768208,-0.11355430166811346,-0.7176180923240948,0.0,-0.8326677084884105,-0.22483014339339577,0.0,0.3776133954227509,0.0,-0.4372158587915167,-0.41763843395292133,0.0,DDoS,1
0,6,1.354755645675727,1.1666550516031418,4,0.21441902103748414,0.7499058072586159,0.4363541984374633,0.5616178722390944,2.0615002263941613,0.23696749640963735,1.544846823368551,0.0,1.2535073911600865,0.0,1.9149377475305207,2.224747916883774,0.0,DoS,1
0,6,-1.044846823368551,-1.7595613217927404,4,-1.6895270458150924,0.3303079108649513,-0.11355430166811346,-0.16549910898623274,2.527785865105818,-0.21928044765648053,-0.8547556456757273,0.0,-1.7647479458736606,0.0,0.6224528279624045,0.7727830022839461,0.0,DoS,1
9,5,-1.044846823368551,-0.5642089368717931,6,-1.410157223896917,0.7264961499308623,-0.11355430166811346,-0.044986419113372964,3.6809118954747806,0.06053471664439497,-0.8547556456757273,0.0,-0.5317978645928584,0.0,0.15574012780969898,0.24848252066106183,0.0,DDoS,1
9,5,-0.6900911776928237,-0.048627766645839815,6,0.5382311421817478,-0.5381826133768208,-0.11355430166811346,-0.7176180923240948,0.0,-0.8326677084884105,-0.4999999999999999,0.0,0.0,0.0,-0.7510727707864017,-0.7702222185076333,0.0,DoS,1
0,6,0.30990882230717626,0.0,4,0.5837543848692851,0.3289683859497879,1.2061645121178706,0.4057634449229147,0.0,0.22948345134802398,0.5000000000000001,0.0,0.05015726709112405,0.0,-0.13799251443199212,-0.08149385612339634,0.0,DDoS,1
7,5,0.0,0.16859124612814108,7,0.23307357257343816,-0.4918113847942307,-0.10371982263097389,-0.6100370177275486,0.1195664253326341,-0.7961803980020558,-0.22483014339339577,1.0986122886681096,-0.10030099300560465,4.795790545596741,-0.10663317174355173,-0.4427087842948583,0.03724761402666646,DoS,1
0,6,1.164664467982903,0.9596350412243593,4,0.3923490659314266,0.350780395540092,1.0826795392159165,0.48692552684733176,0.0,0.22406314045961995,1.3547556456757268,0.0,1.039975932283922,0.0,1.1769463657667494,1.3956956181876332,0.0,DoS,1
9,5,-0.6900911776928237,-0.048627766645839815,6,0.6777372860157235,-0.5381826133768208,-0.11355430166811346,-0.7176180923240948,0.0,-0.8326677084884105,-0.4999999999999999,0.0,0.0,0.0,-0.7894312270507327,-0.8133137330242058,0.0,DoS,1
0,6,0.30990882230717626,0.0,4,0.315100916058173,0.7175732415619398,0.40215493982122325,0.4633027729857708,2.3323567310703717,0.264694411336542,0.5000000000000001,0.0,0.05015726709112405,0.0,0.12911514439845048,0.21857227476213634,0.0,DoS,1
0,6,0.6646644679829034,0.40529696857346387,4,0.029775236791948972,0.31476689742047576,0.8421779321023861,0.31330233848354355,0.0,0.11172958752951856,0.8547556456757273,0.0,0.4682021354071417,0.0,1.034412173595259,1.2355741010770218,0.0,DDoS,1
0,6,0.0,-0.36590378186628003,4,-0.15558316081834034,0.5542711122695433,-0.10427937967763884,0.2979649855751326,3.1621808783726073,-0.05672037427134137,0.19009117769282388,0.0,-0.32725537146132955,0.0,0.3220127950016977,0.43527160838240037,0.0,DoS,1
0,6,-1.044846823368551,-1.7595613217927404,4,-1.5066412078849778,0.576568758807889,-0.11355430166811346,-0.08660703640201034,3.2445405943558514,-0.04535423573638766,-0.8547556456757273,0.0,-1.7647479458736606,0.0,0.2976186264793202,0.4078674381061521,0.0,DoS,1
0,6,1.4121218834907983,1.2288106673932493,4,0.08691207777959147,0.4898432771626938,0.8422694319968093,0.4723625816823983,0.0,0.09340937800032634,1.6022130611836223,0.0,1.3176180019784514,0.0,2.366046309428922,2.731518862242989,0.0,DoS,1
0,6,-1.044846823368551,-1.7595613217927404,4,-1.5676395986112066,0.48921027669630557,-0.11355430166811346,-0.11292011522298115,2.9902792868170636,-0.10705275582057727,-0.8547556456757273,0.0,-1.7647479458736606,0.0,0.3971120461463387,0.5196373724418958,0.0,DoS,1
0,6,0.4398343245895079,0.14987570198519154,4,-0.37849441728527383,0.4097699803788788,0.5976708584567019,0.24428044248209493,1.3867886837820043,0.1657668845102263,0.6299255022823318,0.0,0.20474704436159807,0.0,1.4486856939980857,1.7009649211677158,0.0,DDoS,1
9,5,-1.044846823368551,-0.5642089368717931,6,-1.36512221196202,0.801759779162988,-0.11355430166811346,-0.02555951613055785,3.8999705182451656,0.11369102645591324,-0.8547556456757273,0.0,-0.5317978645928584,0.0,0.09535522863827643,0.1806467156616109,0.0,DDoS,1
0,6,0.7633692715195171,0.5160734247523158,4,-0.2658634565518039,0.7814441246133682,-0.08866398423386435,0.37048397639936226,3.7860350162425185,0.10722413936044736,0.9534604492123409,0.0,0.5824628692063613,0.0,1.858308579696656,2.161131263727595,0.0,DDoS,1
0,6,0.0,-0.36590378186628003,4,0.5562307249546793,0.1330272884418406,1.1628481101752575,0.22271842761083382,0.0,0.26028434958497987,0.19009117769282388,0.0,-0.32725537146132955,0.0,-0.36147633558399317,-0.33255339452159827,0.0,DoS,1
9,5,-0.41492132108621965,0.3174706501917522,6,-0.24782056233781483,-0.10113807551449434,1.0352966708115336,-0.03288920118289693,0.0,0.09334430128557701,-0.22483014339339577,0.0,0.3776133954227509,0.0,-0.09741694356391482,-0.03591165675042932,0.0,DDoS,1
0,6,0.16466446798290324,-0.1698703824925649,4,0.47937944078568645,0.00828706792038205,1.1492979142716373,0.2292777983115194,0.0,0.26268349627770105,0.3547556456757271,0.0,-0.12505608801943602,0.0,-0.17319376641334522,-0.1210385982345779,0.0,DDoS,1
9,5,-0.19009117769282388,0.43579106312820687,7,0.873247551551209,-0.5353088669922759,-0.10430225465124462,-0.7026785796992223,0.0,-0.8245489425925315,-0.22483014339339577,0.6931471805599453,0.3776133954227509,4.110873864173311,-0.6399602325917699,-0.7537789762419876,0.0,DDoS,1
9,5,-0.6900911776928237,-0.048627766645839815,6,0.6896176118758617,-0.5381826133768208,-0.11355430166811346,-0.7176180923240948,0.0,-0.8326677084884105,-0.4999999999999999,0.0,0.0,0.0,-0.792453094211193,-0.8167084690301284,0.0,DoS,1
9,5,-0.41492132108621965,0.3174706501917522,6,0.6986581647772037,-0.5381826133768208,-0.11355430166811346,-0.7176180923240948,0.0,-0.8326677084884105,-0.22483014339339577,0.0,0.3776133954227509,0.0,-0.6776931715228264,-0.687788294548421,0.0,DoS,1
9,5,-0.41492132108621965,0.3174706501917522,6,0.2656133905474083,-0.5381826133768208,-0.11355430166811346,-0.7176180923240948,0.0,-0.8326677084884105,-0.22483014339339577,0.0,0.3776133954227509,0.0,-0.47831928387969624,-0.463813619592891,0.0,DoS,1
0,6,0.9398343245895074,0.7123588192549979,4,-0.22580428548697795,0.8910996221561523,0.18448490251742014,0.4014406568976189,3.501252285754435,0.26524778627737117,1.1299255022823314,0.0,0.7849220738385763,0.0,2.1433288543768954,2.481320252024339,0.0,DDoS,1
0,6,1.4121218834907983,1.2288106673932493,4,0.13605893294719182,0.6703493872265177,0.6948513713253408,0.5362811632027936,0.9966550607131279,0.22019954481958148,1.6022130611836223,0.0,1.3176180019784514,0.0,2.2345141081073385,2.583756874023555,0.0,DoS,1
0,6,1.4121218834907983,1.2288106673932493,4,0.12976938625351925,0.6275401273700439,0.9886258592778547,0.52198343634392,0.0,0.26489655031009496,1.6022130611836223,0.0,1.3176180019784514,0.0,2.251123318847326,2.6024154988852786,0.0,DoS,1
0,6,0.8547556456757275,0.6179897265142288,4,0.43608836211905677,0.44902989365213497,0.28799357154587896,0.5283670836653741,2.4400037104763097,0.1670196112691475,1.0448468233685515,0.0,0.6875847680926881,0.0,0.6352581269200289,0.7871683498620402,0.0,DDoS,1
9,5,-0.6900911776928237,-0.048627766645839815,6,0.638943543449159,-0.5381826133768208,-0.11355430166811346,-0.7176180923240948,0.0,-0.8326677084884105,-0.4999999999999999,0.0,0.0,0.0,-0.7793145154301718,-0.80194871815882,0.0,DoS,1
9,5,-0.19009117769282388,0.6015594276070859,6,-0.2647254500683644,0.08571413244540764,0.7071387513783639,0.09073839905558241,0.0,-0.15616004592811433,0.0,0.0,0.670637683175658,0.0,0.20274278598383802,0.30128484703913916,0.0,DDoS,1
0,6,0.16466446798290324,-0.1698703824925649,4,0.26125662477419553,0.2538041560929924,0.8279168524036319,0.28505251905947554,0.0,0.16440874238803005,0.3547556456757271,0.0,-0.12505608801943602,0.0,0.0318353208172183,0.1092890726141316,0.0,DoS,1
9,5,0.0,0.697107757612217,6,0.39257280236983383,-0.5251997927444136,-0.06529045351101517,-0.639510606169642,0.0,-0.786820940082175,0.0,0.6931471805599453,0.670637683175658,4.110873864173311,-0.24220275391270418,-0.36679603023975116,0.0,DoS,1
0,6,-0.19009117769282388,-0.597652783571728,4,-0.0375728091224826,0.296350559823593,0.9842925181240176,0.19670374367100568,0.0,0.07308583083798303,0.0,0.0,-0.5662936283753135,0.0,-0.046168423876592236,0.021660428915402187,0.0,DoS,1
0,6,-0.41492132108621965,-0.8810964009112113,4,-0.8513260674266756,0.31072244728204235,-0.05393918776247566,0.05615263164110447,2.3774353444910905,-0.21046188421158674,-0.22483014339339577,0.0,-0.8586524636825708,0.0,0.6826702132041476,0.8404306237735402,0.0,DDoS,1
9,5,0.16466446798290324,0.9138683649847942,6,0.7590970264366104,-0.5299911581888992,-0.07950812941369682,-0.6571798077691837,0.0,-0.7979552985372003,0.19009117769282388,0.6931471805599453,0.9101200021442967,4.110873864173311,-0.3817069961178049,-0.4718379422404126,0.0,DoS,1
0,6,-1.044846823368551,-1.7595613217927404,4,-1.609353990423385,0.4325614682581506,-0.11355430166811346,-0.13091459125185018,2.8254000472075456,-0.1470620091945375,-0.8547556456757273,0.0,-1.7647479458736606,0.0,0.47002103201889694,0.6015426139215276,0.0,DoS,1
0,6,0.5573662378150711,0.283971881174006,4,-0.2590555194346198,0.27316336776443545,0.7571891936278535,0.29423234516340724,0.0,-0.06342372162142647,0.7474574155078949,0.0,0.34306098183805855,0.0,1.4206653454390872,1.6694871357123013,0.0,DDoS,1
9,5,0.0,0.8337389500969058,6,0.648074870589147,-0.5381826133768208,-0.11355430166811346,-0.7176180923240948,0.0,-0.8326677084884105,0.19009117769282388,0.0,0.9101200021442967,0.0,-0.42063341705204754,-0.39900988112450586,0.0,DoS,1
0,6,0.0,-0.36590378186628003,4,0.40143859964975276,-0.32635875790540586,0.6739043474180607,-0.10317093445759096,0.0,-0.08464519372803105,0.19009117769282388,0.0,-0.32725537146132955,0.0,-0.24915283267212854,-0.20637027018195375,0.0,DoS,1
0,6,-1.044846823368551,-1.7595613217927404,4,-1.2355448134230684,1.0389099643613797,-0.11355430166811346,0.030336717533614846,4.5902081999689575,0.28118266677245346,-0.8547556456757273,0.0,-1.7647479458736606,0.0,-0.06032623383486405,0.005755683710443246,0.0,DDoS,1
0,6,-0.19009117769282388,-0.597652783571728,4,-1.195152862631956,0.08358698581334251,1.0421650282711212,-0.0506096376713736,0.0,0.04560429078415656,0.0,0.0,-0.5662936283753135,0.0,1.9938631727302178,2.3134119674462563,0.0,DDoS,1
9,5,-0.41492132108621965,0.3174706501917522,6,-0.459374945788964,-0.25684640808523984,0.6259889027051123,-0.1742224505286883,0.0,-0.2365710187536829,-0.22483014339339577,0.0,0.3776133954227509,0.0,0.12536352773749665,0.2143577453063085,0.0,DDoS,1
9,5,0.30990882230717626,0.7363873005327719,7,0.27541045262779956,-0.4976036861706123,-0.03805633108884874,-0.5443417049717999,0.0,-0.7735847374600291,0.19009117769282388,1.0986122886681096,0.6113271410157639,4.795790545596741,0.17436617075367877,-0.08895235041205711,0.035944197387081524,DDoS,1
0,6,-0.19009117769282388,-0.597652783571728,4,-0.07259600322861001,0.4485878030970952,1.1838561340121532,0.25939323677716775,0.0,0.22876493310024565,0.0,0.0,-0.5662936283753135,0.0,-0.011202046932837334,0.06094131470706717,0.0,DoS,1
0,6,0.5573662378150711,0.283971881174006,4,0.13284222399813359,0.23541274722833525,0.7397502522112476,0.2761407840567786,0.0,0.01767233963269985,0.7474574155078949,0.0,0.34306098183805855,0.0,0.6890070137207822,0.8475493234826602,0.0,DDoS,1
9,5,0.4398343245895079,0.9470859876446064,7,-0.434406777649687,0.1788668092548076,0.831188560167046,0.14094152109956123,0.0,-0.042390570829763774,0.3547556456757271,1.0986122886681096,0.8608713286398265,4.795790545596741,1.574720868633912,1.23220346325729,0.1422683638922087,DDoS,1
0,6,0.30990882230717626,0.0,4,0.5583518165966126,0.20544146891450205,1.0357283626211202,0.34627826390775146,0.0,0.1862023101342274,0.5000000000000001,0.0,0.05015726709112405,0.0,-0.11544612562909773,-0.0561654635076682,0.0,DoS,1
0,6,0.30990882230717626,0.0,4,0.6004416768843507,-0.11590030274209742,1.0030576214719753,0.201137320526678,0.0,0.14164437269167085,0.5000000000000001,0.0,0.05015726709112405,0.0,-0.15251812418108163,-0.09781178401527041,0.0,DDoS,1
0,6,0.6646644679829034,0.40529696857346387,4,-0.1765619273633737,0.876963453216343,0.1430718156863665,0.39757647039259203,3.551359329322223,0.24195500257186733,0.8547556456757273,0.0,0.4682021354071417,0.0,1.450078663643702,1.7025297696405421,0.0,DoS,1
0,6,0.16466446798290324,-0.1698703824925649,4,-0.01742455529536603,0.3420834235290628,0.8311574736644535,0.3253659358271295,0.0,0.001232223136465798,0.3547556456757271,0.0,-0.12505608801943602,0.0,0.3607972259555259,0.47884165869795464,0.0,DoS,1
7,5,0.0,0.16859124612814108,7,0.20790953504548473,-0.4936308666931311,-0.10317903479342139,-0.6137752397795869,0.11342301542327443,-0.7972599582974148,-0.22483014339339577,1.0986122886681096,-0.10030099300560465,4.795790545596741,-0.08331763131363379,-0.4259082314674939,0.038248124958062936,DoS,1
9,5,-0.41492132108621965,0.3174706501917522,6,0.0815684711989036,-0.5381826133768208,-0.11355430166811346,-0.7176180923240948,0.0,-0.8326677084884105,-0.22483014339339577,0.0,0.3776133954227509,0.0,-0.36353892376803504,-0.33487048590978846,0.0,DDoS,1
0,6,1.4669376514593893,1.2880764978391182,4,0.0030224213410001573,0.8514288581315316,0.35533397461464467,0.5032083615553877,2.7753793365043826,0.26091260732086285,1.6570288291522133,0.0,1.3787479343625666,0.0,2.7303178140434077,3.140737906953745,0.0,DoS,1
0,6,-1.044846823368551,-1.1061665078642287,1,-2.8106553618307526,-0.48192856245783416,-0.11355430166811346,-0.6491239619785832,0.16373027776221544,-0.7929372598067489,-1.3547556456757268,0.6931471805599453,-2.028645079138549,4.6443908991413725,9.073122160535243,-1.091147479246094,0.0,Normal,0
9,5,-0.41492132108621965,-0.14587017168679695,7,-0.172340872949104,-0.4913191212211671,-0.02644640217722825,-0.6090311275025834,0.0,-0.7664710947953783,-0.4999999999999999,0.6931471805599453,-0.2984306429185764,4.110873864173311,-0.16629604270091722,-0.42190911501163175,0.0,DDoS,1
0,6,-1.044846823368551,-1.0936050904849697,1,-2.961902216619612,-0.5357165622079157,-0.11355430166811346,-0.7143678211050493,0.0071775674154052746,-0.830926014907025,-1.3547556456757268,0.6931471805599453,-2.5819402254004045,4.941642422609304,24.978027980634064,-1.091147479246094,0.0,Normal,0
9,5,-0.41492132108621965,0.3174706501917522,6,-0.2645445914396873,-0.2587971602702906,0.6208608028529198,-0.17633524140445053,0.0,-0.24070472733302253,-0.22483014339339577,0.0,0.3776133954227509,0.0,-0.08144978105435231,-0.017974302589774706,0.0,DDoS,1
0,6,-1.044846823368551,-1.2746134186016944,4,-1.2277126901189797,-0.5381826133768208,-0.11355430166811346,-0.7176180923240948,0.0,-0.8326677084884105,-0.8547556456757273,0.0,-1.2645468635828538,0.0,-0.0689515203017172,-0.0039338787274908376,0.0,Normal,0
0,6,0.7633692715195171,0.5160734247523158,4,-0.060640123662082525,0.641647580934758,0.2830989137320226,0.4388481437664381,2.4216680795254266,0.1657488324078473,0.9534604492123409,0.0,0.5824628692063613,0.0,1.3888032321226933,1.6336935493114122,0.0,DDoS,1
0,6,0.4398343245895079,0.14987570198519154,4,0.43404115362329226,0.5227548836648646,0.8844784506017878,0.48477000157491457,0.0,0.17919809441115822,0.6299255022823318,0.0,0.20474704436159807,0.0,0.1360859081863928,0.226403162608346,0.0,DoS,1
0,6,-0.41492132108621965,-0.8810964009112113,4,-0.8522616897321486,0.2951527184624716,-0.1091118644863102,0.049644575874777754,2.4184710082300938,-0.2424123224988032,-0.22483014339339577,0.0,-0.8586524636825708,0.0,0.6842735543121514,0.8422318014892036,0.0,DDoS,1
9,5,0.30990882230717626,0.9892582181426315,7,-0.16652245106819413,0.5364836729426066,-0.055735166459423315,0.2917173213905883,3.0060736088698756,-0.05058956829177194,0.3547556456757271,0.6931471805599453,0.9927697461405316,4.110873864173311,0.8002252847794146,0.7176201733642511,0.0,DDoS,1
9,5,-0.6900911776928237,-0.048627766645839815,6,0.653231203444659,-0.5381826133768208,-0.11355430166811346,-0.7176180923240948,0.0,-0.8326677084884105,-0.4999999999999999,0.0,0.0,0.0,-0.7830913634501386,-0.8061915922765311,0.0,DoS,1
9,5,-0.41492132108621965,0.10673338312259498,7,0.6245331644829022,-0.5339964796843455,-0.10255085282593905,-0.7013239831666456,0.0,-0.8237983317183016,-0.4999999999999999,0.6931471805599453,0.0,4.110873864173311,-0.6494382792882851,-0.7976114677036671,0.0,DoS,1
0,6,0.16466446798290324,-0.1698703824925649,4,0.4100380991238963,0.006918196522978313,1.128364380733407,0.22833919547147166,0.0,0.15965056478565234,0.3547556456757271,0.0,-0.12505608801943602,0.0,-0.11244980490429914,-0.05279942611765392,0.0,DoS,1
9,5,-1.044846823368551,-0.5642089368717931,6,-1.2588850790864543,0.9938157810866026,-0.11355430166811346,0.0202683494538814,4.458959284869983,0.24933407800112864,-0.8547556456757273,0.0,-0.5317978645928584,0.0,-0.03412059555553029,0.035194841390519795,0.0,DDoS,1
0,6,-0.19009117769282388,-0.597652783571728,4,0.48419632566785686,-0.14623352100356135,1.148311944255449,0.028280956983372938,0.0,0.2746172731430181,0.0,0.0,-0.5662936283753135,0.0,-0.44871510578598195,-0.4305565755323683,0.0,DoS,1
0,6,0.0,-0.36590378186628003,4,-0.2972317377024935,0.3725630586481559,-0.034686084977594255,0.22926258215899467,2.5273909381718926,-0.14849191399532702,0.19009117769282388,0.0,-0.32725537146132955,0.0,0.5201855067755311,0.6578968941171527,0.0,DDoS,1
9,5,0.16466446798290324,1.0300800673922044,6,0.8720229153769469,-0.2896762862121391,0.9193158623278512,0.010907848645231356,0.0,0.22040569537144086,0.3547556456757271,0.0,1.112636682231074,0.0,-0.45136343016951386,-0.43353167723696107,0.0,DoS,1
9,5,-0.19009117769282388,0.6015594276070859,6,-0.3358889664563105,0.21586010121696395,0.8810753583745866,0.15931613997609995,0.0,0.005299294942826112,0.0,0.0,0.670637683175658,0.0,0.29235473587176813,0.40195403489289755,0.0,DDoS,1
0,6,0.16466446798290324,-0.1698703824925649,4,0.504050195338287,-0.022066661323292856,1.0914553175515567,0.20795190412689105,0.0,0.23934012211244365,0.3547556456757271,0.0,-0.12505608801943602,0.0,-0.1938763940774206,-0.14427325981964606,0.0,DoS,1
0,6,0.30990882230717626,0.0,4,0.38788563830414874,0.18888027077020947,1.032051357248434,0.33761783283477914,0.0,0.15385962863482427,0.5000000000000001,0.0,0.05015726709112405,0.0,0.0502019830654316,0.12992200130750617,0.0,DDoS,1
0,6,0.6646644679829034,0.40529696857346387,4,-0.20398658750163629,0.8752174952998296,-0.08605623724280317,0.39709664891885477,4.074867125455429,0.1801363580039455,0.8547556456757273,0.0,0.4682021354071417,0.0,1.5103912178121144,1.770284302971344,0.0,DDoS,1
9,5,-0.41492132108621965,0.3174706501917522,6,0.8787534133507309,-0.5381826133768208,-0.11355430166811346,-0.7176180923240948,0.0,-0.8326677084884105,-0.22483014339339577,0.0,0.3776133954227509,0.0,-0.7381213045156599,-0.7556726679998998,0.0,DDoS,1
0,6,0.16466446798290324,-0.1698703824925649,4,0.01854679002090975,0.28421752496186536,0.7696261408159915,0.2993848426085856,0.0,-0.037795976476104824,0.3547556456757271,0.0,-0.12505608801943602,0.0,0.31357067342950706,0.42578781159527573,0.0,DoS,1
0,6,-0.6900911776928237,-1.2461212038380718,4,-0.3577764146228819,-0.5381826133768208,-0.11355430166811346,-0.7176180923240948,0.0,-0.8326677084884105,-0.4999999999999999,0.0,-1.2351584765667507,0.0,-0.3148676174425229,-0.28019361652240843,0.0,DoS,1
9,5,-0.41492132108621965,0.3174706501917522,6,-0.1020573503821196,-0.05334527808789678,1.1609283720057246,0.002379544923068916,0.0,0.19460790387901783,-0.22483014339339577,0.0,0.3776133954227509,0.0,-0.2259641608703694,-0.18032034312858808,0.0,DDoS,1
0,6,-0.6900911776928237,-1.2461212038380718,4,-1.5484771367891075,0.5160629390533519,-0.11355430166811346,-0.1046539402907313,3.068435327040831,-0.08808757364589181,-0.4999999999999999,0.0,-1.2351584765667507,0.0,1.4747923070894036,1.730292834920313,0.0,DDoS,1
9,5,-0.19009117769282388,0.6015594276070859,6,0.10388077167072084,-0.17461314709782225,1.056944607371607,0.0023244608256343786,0.0,0.19444298343753036,0.0,0.0,0.670637683175658,0.0,-0.1760510701986121,-0.12424846535468873,0.0,DDoS,1
0,6,0.5573662378150711,0.283971881174006,4,0.4071630126269308,0.14623225878927149,0.7860280834291347,0.3846589850084867,0.0,-0.1027030906090735,0.7474574155078949,0.0,0.34306098183805855,0.0,0.29963348088789604,0.4101309058379508,0.0,DDoS,1
0,6,0.16466446798290324,-0.1698703824925649,4,1.457353941453921,-0.5381826133768208,-0.11355430166811346,-0.7176180923240948,0.0,-0.8326677084884105,0.3547556456757271,0.0,-0.12505608801943602,0.0,-0.7118535030916954,-0.7261636768512709,0.0,DDoS,1
9,5,0.0,0.5440575067279088,7,0.1218254819982419,-0.5109386645899034,-0.025842854796705998,-0.5937576489887325,0.0,-0.755701121369856,0.0,0.6931471805599453,0.49965536780466707,4.110873864173311,0.0007277413314774546,-0.14138134517137962,0.0,DDoS,1
0,6,1.2313375554928798,1.0324411301980174,4,0.3205373557712121,0.7235996836890989,0.47427445276024677,0.5534089716226646,1.8709130802555822,0.23385295158559868,1.4214287331857036,0.0,1.1150720080940235,0.0,1.4373130491968649,1.6881890032536435,0.0,DoS,1
0,5,-1.044846823368551,-1.7595613217927404,7,-2.9693914325965904,-0.5381677823589145,-0.11355430166811346,-0.7175984691264693,4.316643231273805e-05,-0.8326572338117215,-1.3547556456757268,0.6931471805599453,-2.6654651549144535,4.110873864173311,52.31198677836011,-1.091147479246094,0.0,Reconnaissance,1
0,6,0.16466446798290324,-0.1698703824925649,4,-0.22118823124852452,0.6715349219983123,0.5241377894563967,0.336966215438566,2.109271690443411,0.20064243197923246,0.3547556456757271,0.0,-0.12505608801943602,0.0,0.6584803868522419,0.8132560094925738,0.0,DDoS,1
9,5,-1.044846823368551,-0.5642089368717931,6,-0.746006509262831,-0.5381826133768208,-0.11355430166811346,-0.7176180923240948,0.0,-0.8326677084884105,-0.8547556456757273,0.0,-0.5317978645928584,0.0,-0.4694858322792347,-0.45389020648028644,0.0,DDoS,1
0,6,0.16466446798290324,-0.1698703824925649,4,0.21802479348288306,0.48683510495627375,0.993660113084485,0.38405250022888493,0.0,0.18683346512110946,0.3547556456757271,0.0,-0.12505608801943602,0.0,0.07759523816907417,0.16069531610986545,0.0,DoS,1
9,5,0.4398343245895079,0.9470859876446064,7,0.16323470370322327,-0.5074514820604639,-0.04338268071229149,-0.551977579002739,0.0,-0.7751327609553975,0.3547556456757271,1.0986122886681096,0.8608713286398265,4.795790545596741,0.47882524619089945,0.2288180455000457,0.07723970600916946,DDoS,1
0,6,0.9398343245895074,0.7123588192549979,4,0.3517306064821565,0.4834204997485038,0.8526781315252329,0.4698975643371555,0.0,0.16430198983198618,1.1299255022823314,0.0,0.7849220738385763,0.0,0.8949433211280701,1.0788961566028035,0.0,DoS,1
0,6,-0.19009117769282388,-0.597652783571728,4,-0.7604496026660803,0.2878022135452002,0.40003460572930105,0.04653656443211231,1.5998637042860595,-0.054153409886133645,0.0,0.0,-0.5662936283753135,0.0,0.9693659360722461,1.1625017941740519,0.0,DDoS,1
0,6,0.30990882230717626,0.0,4,0.4330222845359003,0.1671354740908429,0.9604620744668373,0.32596701137374684,0.0,0.058316313840925754,0.5000000000000001,0.0,0.05015726709112405,0.0,0.0038096214338459514,0.07780527609496135,0.0,DDoS,1
0,6,-0.19009117769282388,-0.597652783571728,4,-0.11123984528573161,0.4172545955644528,1.1426125566008962,0.24723724208786257,0.0,0.19422880972905796,0.0,0.0,-0.5662936283753135,0.0,0.028760762776809022,0.10583514418913553,0.0,DoS,1
0,6,0.16466446798290324,-0.1698703824925649,4,0.3911856375537694,0.43919345769089263,0.9533579288177745,0.3656328870134208,0.0,0.19753435025357632,0.3547556456757271,0.0,-0.12505608801943602,0.0,-0.09524781786396345,-0.03347488215909515,0.0,DoS,1
9,5,-1.044846823368551,-0.5642089368717931,6,-0.7236024247971223,-0.5381826133768208,-0.11355430166811346,-0.7176180923240948,0.0,-0.8326677084884105,-0.8547556456757273,0.0,-0.5317978645928584,0.0,-0.48316386834563063,-0.469255978388615,0.0,DDoS,1
9,5,-1.044846823368551,-0.5642089368717931,6,-1.4201896888897005,0.7102012790017399,-0.11355430166811346,-0.04931415692712213,3.633484844449302,0.049026167079562026,-0.8547556456757273,0.0,-0.5317978645928584,0.0,0.16967620466071692,0.26413817306248893,0.0,DDoS,1
9,5,-0.41492132108621965,0.3174706501917522,6,-0.1572047290875918,-0.19291777873004837,0.7940372568800883,-0.11031607651137117,0.0,-0.10111874004348556,-0.22483014339339577,0.0,0.3776133954227509,0.0,-0.17949826952041362,-0.12812101534974832,0.0,DDoS,1
0,6,0.6646644679829034,0.40529696857346387,4,-0.37800465713406417,0.5990516352932788,0.2512463927926237,0.3132916988436494,2.502610650720191,0.07426657205284937,0.8547556456757273,0.0,0.4682021354071417,0.0,1.9227818387025732,2.2335598921697586,0.0,DDoS,1
9,5,-0.6900911776928237,-0.048627766645839815,6,0.053711665093016836,-0.5381826133768208,-0.11355430166811346,-0.7176180923240948,0.0,-0.8326677084884105,-0.4999999999999999,0.0,0.0,0.0,-0.5652780729046296,-0.5615022724883398,0.0,DDoS,1
9,5,0.30990882230717626,0.9892582181426315,7,0.06442955184626023,0.1003009118867137,1.029477629448889,0.20409281059825032,0.0,0.0768912585925779,0.3547556456757271,0.6931471805599453,0.9927697461405316,4.110873864173311,0.4434927568361501,0.3605336033862093,0.0,DDoS,1
0,6,0.30990882230717626,0.0,4,0.5907813139188816,0.32113950181664197,1.1920864322079627,0.40223480565319936,0.0,0.2023297463880195,0.5000000000000001,0.0,0.05015726709112405,0.0,-0.14413332963720132,-0.08839238785093423,0.0,DDoS,1
9,5,0.16466446798290324,1.0300800673922044,6,0.7234900128228449,-0.38200757707238236,0.5355576801257537,-0.14199700471830878,0.0,-0.17085846884296282,0.3547556456757271,0.0,1.112636682231074,0.0,-0.35813634533098143,-0.32880128214561877,0.0,DoS,1
0,6,0.30990882230717626,0.0,4,0.4345169641426864,0.16342014632850257,0.9521602186612863,0.3239433632256692,0.0,0.02378620783719769,0.5000000000000001,0.0,0.05015726709112405,0.0,0.002301970437662952,0.076111595714806,0.0,DoS,1
0,5,-0.6900911776928237,-0.7128328322009408,7,-2.851862692046798,-0.4974257139557354,-0.11355430166811346,-0.6668997051591382,0.11862502973432439,-0.8038824054849865,-0.8547556456757273,0.6931471805599453,-1.0087800535260687,4.110873864173311,13.96575948140713,11.948155980787101,0.0,DoS,1
9,5,-0.6900911776928237,-0.048627766645839815,6,0.5776193435857843,-0.5381826133768208,-0.11355430166811346,-0.7176180923240948,0.0,-0.8326677084884105,-0.4999999999999999,0.0,0.0,0.0,-0.7624685734319354,-0.7830241517174596,0.0,DoS,1
0,6,-0.6900911776928237,-1.2461212038380718,4,-1.3574778619228522,0.8148864922244445,-0.11355430166811346,-0.02226194741241743,3.938176484580859,0.12296200678759046,-0.4999999999999999,0.0,-1.2351584765667507,0.0,1.012680285742831,1.2111607108609972,0.0,DDoS,1
0,6,0.0,-0.36590378186628003,4,-0.4047835935403391,0.15330791654491557,0.9353195457851395,0.12775684026951853,0.0,0.14354719800169913,0.19009117769282388,0.0,-0.32725537146132955,0.0,0.6883670774282892,0.8468304253120034,0.0,DDoS,1
9,5,-0.19009117769282388,0.43579106312820687,7,0.22605214297423748,-0.20660870157909317,0.7580478849447483,-0.12320313705825982,0.0,-0.13012713137384077,-0.22483014339339577,0.6931471805599453,0.3776133954227509,4.110873864173311,-0.27484239187826237,-0.4380618317352862,0.0,DoS,1
0,6,0.16466446798290324,-0.1698703824925649,4,1.4577581597179632,-0.5381826133768208,-0.11355430166811346,-0.7176180923240948,0.0,-0.8326677084884105,0.3547556456757271,0.0,-0.12505608801943602,0.0,-0.7119895350966434,-0.7263164938748639,0.0,DDoS,1
7,5,0.0,0.16859124612814108,7,0.3124489621536721,-0.4970524140794955,-0.11164042887642822,-0.6208959937309179,0.11671468549580322,-0.8028915456432922,-0.22483014339339577,1.0986122886681096,-0.10030099300560465,4.795790545596741,-0.17665736104838975,-0.49300187294979886,0.034264219237183736,DoS,1
9,5,-0.19009117769282388,0.43579106312820687,7,-0.1810227056081004,-0.5370434649801802,-0.10988668089998357,-0.7116317399543567,0.0,-0.8294493083593268,-0.22483014339339577,0.6931471805599453,0.3776133954227509,4.110873864173311,0.10474090181027129,-0.1046831326284855,0.0,DDoS,1
0,6,-0.6900911776928237,-1.2461212038380718,4,-1.7169732009998435,0.29720413223714226,-0.11355430166811346,-0.17733864829392174,2.431435632879596,-0.2426605946228805,-0.4999999999999999,0.0,-1.2351584765667507,0.0,1.9757915586420902,2.293110492969543,0.0,DDoS,1
0,6,0.0,-0.36590378186628003,4,0.04659372894375645,0.8233089326274189,-0.09171046148792905,0.38257516908922423,3.9278716469096056,0.1401917356138115,0.19009117769282388,0.0,-0.32725537146132955,0.0,0.07990754535587251,0.16329293938281636,0.0,DoS,1
0,6,0.16466446798290324,-0.1698703824925649,4,1.4575661686021744,-0.5381826133768208,-0.11355430166811346,-0.7176180923240948,0.0,-0.8326677084884105,0.3547556456757271,0.0,-0.12505608801943602,0.0,-0.7119240377738856,-0.726242914823221,0.0,DDoS,1
9,5,0.0,0.697107757612217,7,0.8575434597006917,-0.5352962448493769,-0.10282417943363911,-0.6989459957391924,0.0,-0.8224747337426331,0.0,0.6931471805599453,0.670637683175658,4.110873864173311,-0.5373698417715753,-0.6382390651091994,0.0,DoS,1
0,6,-0.41492132108621965,-0.8810964009112113,4,0.20894492297629047,-0.5381826133768208,-0.11355430166811346,-0.7176180923240948,0.0,-0.8326677084884105,-0.22483014339339577,0.0,-0.8586524636825708,0.0,-0.445200423396223,-0.42660821571893465,0.0,DoS,1
9,5,0.30990882230717626,0.7363873005327719,7,0.20525611716331515,-0.49995992469629547,-0.04250170095957582,-0.5526584991455263,0.0,-0.7781804461409954,0.19009117769282388,1.0986122886681096,0.6113271410157639,4.795790545596741,0.2583720736193325,-0.017275023683368595,0.05160524572567194,DDoS,1
0,6,-0.19009117769282388,-0.597652783571728,4,-0.8287819084484044,0.42423053839119435,0.4910834525960162,0.1007603374835756,1.8543748260714232,0.0767969865023761,0.0,0.0,-0.5662936283753135,0.0,1.1050719025659235,1.31495254935696,0.0,DDoS,1
0,6,0.16466446798290324,-0.1698703824925649,4,0.18337555712404402,0.4138614479996112,0.9082132886000517,0.3554973893527843,0.0,0.06984447556636801,0.3547556456757271,0.0,-0.12505608801943602,0.0,0.11559095907290358,0.203379337270996,0.0,DoS,1
0,6,0.5573662378150711,0.283971881174006,4,0.4220271634380421,0.5915768022684514,-0.09451997747694905,0.5095816012279741,3.249776590751914,-0.022331342104723637,0.7474574155078949,0.0,0.34306098183805855,0.0,0.2810204415066576,0.3892211994835791,0.0,DDoS,1
0,6,0.9398343245895074,0.7123588192549979,4,0.3942782401390486,0.6788563959869159,0.10190331511155949,0.5390651127621063,3.0671945217205225,0.123141636349535,1.1299255022823314,0.0,0.7849220738385763,0.0,0.8224871185124233,0.9974995674045253,0.0,DoS,1
0,6,0.16466446798290324,-0.1698703824925649,4,-0.12344437653418107,0.16612065380175792,0.6524787086784131,0.24074438275859372,0.0,-0.09257808982904443,0.3547556456757271,0.0,-0.12505608801943602,0.0,0.5090552254807461,0.6453932449952312,0.0,DDoS,1
9,5,0.16466446798290324,0.7859920702989767,7,0.6222468629182071,-0.5226024712893582,-0.05563486849822865,-0.6254972858572388,0.0,-0.7776491348808517,0.19009117769282388,0.6931471805599453,0.7691913170096358,4.110873864173311,-0.2865700718590787,-0.3809144547486293,0.0,DDoS,1
0,6,1.5194201136586307,1.344709355325987,4,0.04563692385640789,0.9329489680451521,0.1113829387889168,0.525765731495269,3.6779040217338395,0.2685054107276736,1.7095112913514545,0.0,1.4371620782773058,0.0,2.7313983558844597,3.141951777087323,0.0,DoS,1
9,5,0.0,0.8337389500969058,6,0.811824560634498,-0.5381826133768208,-0.11355430166811346,-0.7176180923240948,0.0,-0.8326677084884105,0.19009117769282388,0.0,0.9101200021442967,0.0,-0.5138821122419778,-0.5037645530732001,0.0,DoS,1
0,6,0.0,-0.36590378186628003,4,-0.4269283761759318,0.3831252678260946,1.1069698284963518,0.23358091928151625,0.0,0.21451179537741366,0.19009117769282388,0.0,-0.32725537146132955,0.0,0.725033937740384,0.8880216174842761,0.0,DDoS,1
0,5,0.4398343245895079,0.9470859876446064,7,0.49906801730093187,-0.5115745050384439,-0.05297022734204537,-0.5707364932515441,0.0,-0.7850155069788091,0.3547556456757271,1.0986122886681096,0.8608713286398265,4.795790545596741,0.06522570213153603,-0.139625301307726,0.10456720106700162,DDoS,1
0,6,0.30990882230717626,0.0,4,-0.21476409193961235,0.8261564880654484,0.3303099265654693,0.3833849784597932,2.988460786051548,0.25602115617252647,0.5000000000000001,0.0,0.05015726709112405,0.0,0.8839343471983667,1.0665287829880963,0.0,DDoS,1
0,6,-1.044846823368551,-1.7595613217927404,4,-1.2846863514939737,0.9452161131751823,-0.11355430166811346,0.009138368704266793,4.31750747835479,0.21500967681833705,-0.8547556456757273,0.0,-1.7647479458736606,0.0,-0.004249337793641902,0.0687519201374985,0.0,DoS,1
0,6,0.7633692715195171,0.5160734247523158,4,0.2931053964035903,0.2433476573618333,0.6635824554817822,0.43634127166735925,0.0,0.18446485099660978,0.9534604492123409,0.0,0.5824628692063613,0.0,0.731732500952135,0.8955467178660597,0.0,DDoS,1
0,6,-0.19009117769282388,-0.597652783571728,4,-0.7599783516622266,0.28929856858588454,0.40027860544776295,0.047171092724202265,1.6038368529282916,-0.05300409270133447,0.0,0.0,-0.5662936283753135,0.0,0.9684605068201586,1.1614846438098352,0.0,DDoS,1
9,5,-0.41492132108621965,0.10673338312259498,7,0.6062809027355688,-0.5338162985944612,-0.10207693029584966,-0.7006363027082093,0.0,-0.8234163403173427,-0.4999999999999999,0.6931471805599453,0.0,4.110873864173311,-0.6421478978890924,-0.7917093541139995,0.0,DoS,1
9,5,0.0,0.697107757612217,7,0.46838569342547715,-0.15794560739960503,1.0850767191422472,0.017763599776992937,0.0,0.22463835621567305,0.0,0.6931471805599453,0.670637683175658,4.110873864173311,-0.29978341553433085,-0.418536423616254,0.0,DoS,1
0,6,-1.044846823368551,-1.7595613217927404,4,-1.6800697802470232,0.34193385113570884,-0.11355430166811346,-0.1614194968626878,2.561623755865354,-0.2110694154595531,-0.8547556456757273,0.0,-1.7647479458736606,0.0,0.6035714822659662,0.7515718832398496,0.0,DDoS,1
0,6,-1.044846823368551,-1.7595613217927404,4,-1.5828293427778801,0.4682991725554223,-0.11355430166811346,-0.11947256571830552,2.929416454125563,-0.12182160422125014,-0.8547556456757273,0.0,-1.7647479458736606,0.0,0.42318184686622756,0.5489239315365554,0.0,DoS,1
9,5,-0.19009117769282388,0.43579106312820687,7,0.8703766311141642,-0.5349917356519369,-0.10328109236797034,-0.7010622582709123,0.0,-0.8236530234374234,-0.22483014339339577,0.6931471805599453,0.3776133954227509,4.110873864173311,-0.6388021263258881,-0.7527840318587053,0.0,DDoS,1
0,6,0.5573662378150711,0.283971881174006,4,0.6850478117503812,-0.1859330004032775,0.642536306688877,0.19105983773019886,0.0,-0.2457062740193251,0.7474574155078949,0.0,0.34306098183805855,0.0,-0.011290449517957525,0.06084200410776259,0.0,DDoS,1
0,6,0.0,-0.36590378186628003,4,-0.10847909600265124,0.6654037160850909,0.22896147619829668,0.3350148363177792,3.110644750364848,0.201402403202844,0.19009117769282388,0.0,-0.32725537146132955,0.0,0.26154021812301514,0.36733730710434165,0.0,DoS,1
0,6,0.0,-0.36590378186628003,4,0.39831649902581695,-0.5381826133768208,-0.11355430166811346,-0.7176180923240948,0.0,-0.8326677084884105,0.19009117769282388,0.0,-0.32725537146132955,0.0,-0.2467135049968947,-0.20362995333490275,0.0,DoS,1
9,5,-0.41492132108621965,0.10673338312259498,7,0.6200437700105955,-0.5343293887033084,-0.1034253806630223,-0.7025960037674001,0.0,-0.8245032551729303,-0.4999999999999999,0.6931471805599453,0.0,4.110873864173311,-0.6476558221385325,-0.7962427606525081,0.0,DoS,1
9,5,-1.044846823368551,-0.5642089368717931,6,-1.1628610045192387,-0.5381826133768208,-0.11355430166811346,-0.7176180923240948,0.0,-0.8326677084884105,-0.8547556456757273,0.0,-0.5317978645928584,0.0,-0.13726387344761776,-0.08067530796965496,0.0,DDoS,1
0,6,0.4398343245895079,0.14987570198519154,4,0.35743770774293976,0.4333591876893716,0.8437762475658682,0.4501692387096822,0.0,0.19239953002131485,0.6299255022823318,0.0,0.20474704436159807,0.0,0.22497171819669917,0.326256612027219,0.0,DoS,1
0,0,0.0,-0.36590378186628003,1,3.17002003517155,-0.5381456936088411,-0.11354960936583534,-0.717471984262398,9.643564665611693e-05,-0.8326400731711884,-0.4999999999999999,1.3862943611198906,-1.2351584765667507,5.198497031265826,-0.9897916160768137,-1.0699915848612362,0.0035178052612403936,Normal,0
0,6,-0.19009117769282388,-0.597652783571728,4,0.252596711710961,-0.26940828025196323,0.7517543345142295,-0.09834615206201758,0.0,-0.07336084681743665,0.0,0.0,-0.5662936283753135,0.0,-0.2948082769667158,-0.25765914966718473,0.0,DoS,1
9,5,0.0,0.8337389500969058,6,0.8492370749723506,-0.5381826133768208,-0.11355430166811346,-0.7176180923240948,0.0,-0.8326677084884105,0.19009117769282388,0.0,0.9101200021442967,0.0,-0.5331776108046012,-0.5254409273956195,0.0,DoS,1
9,5,-0.41492132108621965,0.10673338312259498,7,0.6362163306923672,-0.5347695859369133,-0.10458261971236187,-0.7042858149590686,0.0,-0.8254363928601038,-0.4999999999999999,0.6931471805599453,0.0,4.110873864173311,-0.6540315876169212,-0.8009056589470632,0.0,DoS,1
9,5,-1.044846823368551,-0.5642089368717931,6,-1.2408747858957008,1.0285162607911433,-0.11355430166811346,0.028037509569007434,4.559956796830298,0.273841924202565,-0.8547556456757273,0.0,-0.5317978645928584,0.0,-0.05440997029863269,0.012401956289781864,0.0,DDoS,1
0,6,0.16466446798290324,-0.1698703824925649,4,-0.708056352560605,0.6235508991067942,0.19960760622199278,0.16913524560866863,2.890918425545711,0.10681896995149547,0.3547556456757271,0.0,-0.12505608801943602,0.0,1.6185251135257654,1.8917608635703502,0.0,DoS,1
7,5,0.0,0.16859124612814108,7,0.21747894995741615,-0.49213135611672204,-0.10685721324167702,-0.6106922614263252,0.12354692145270658,-0.7975984909333873,-0.22483014339339577,1.0986122886681096,-0.10030099300560465,4.795790545596741,-0.09224931521588137,-0.4323457718916084,0.03786402403587851,DoS,1
0,6,0.0,-0.36590378186628003,4,0.4262098033184071,0.1930111825875015,1.2456396781080636,0.25483924972475086,0.0,0.20818731931182702,0.19009117769282388,0.0,-0.32725537146132955,0.0,-0.26826235180567715,-0.22783771703313882,0.0,DoS,1
0,6,0.30990882230717626,0.0,4,-0.21137117668983918,0.8324214886934002,0.3412001736151843,0.38516125191996414,2.982209919278772,0.2592221727956154,0.5000000000000001,0.0,0.05015726709112405,0.0,0.87793657287241,1.0597909419849791,0.0,DDoS,1
0,6,0.16466446798290324,-0.1698703824925649,4,0.12738696682514622,0.2434439012014387,0.7306190319780401,0.2800557853132383,0.0,-0.03820627179067055,0.3547556456757271,0.0,-0.12505608801943602,0.0,0.1795724298076827,0.2752554955803998,0.0,DoS,1
0,6,0.4398343245895079,0.14987570198519154,4,-0.3678348614859492,0.5440112034140372,-0.10963564272810454,0.2943727330390627,3.1428147636545987,-0.0663974154738164,0.6299255022823318,0.0,0.20474704436159807,0.0,1.4252673009321428,1.6746569274934693,0.0,DDoS,1
0,6,0.16466446798290324,-0.1698703824925649,4,0.40100244576819594,0.5224005170029732,1.0406312319639632,0.39729204307188787,0.0,0.25825716534745174,0.3547556456757271,0.0,-0.12505608801943602,0.0,-0.10424442081607332,-0.043581577904074284,0.0,DoS,1
9,5,-0.41492132108621965,0.3174706501917522,6,0.8789853242024838,-0.5381826133768208,-0.11355430166811346,-0.7176180923240948,0.0,-0.8326677084884105,-0.22483014339339577,0.0,0.3776133954227509,0.0,-0.7381921861473614,-0.7557522957315367,0.0,DDoS,1
0,6,0.30990882230717626,0.0,4,0.4601934968082149,0.29405048983381055,1.1990204818994439,0.38978977726205544,0.0,0.2748722312309394,0.5000000000000001,0.0,0.05015726709112405,0.0,-0.023216069569441302,0.04744487920715745,0.0,DDoS,1
9,5,0.0,0.8337389500969058,6,0.6453902437351365,-0.5381826133768208,-0.11355430166811346,-0.7176180923240948,0.0,-0.8326677084884105,0.19009117769282388,0.0,0.9101200021442967,0.0,-0.41897799446112044,-0.39715019558042597,0.0,DoS,1
0,6,0.16466446798290324,-0.1698703824925649,4,0.6021897849298885,-0.2910659841453263,0.9135390516857097,0.008976042080611804,0.0,0.2145158069557201,0.3547556456757271,0.0,-0.12505608801943602,0.0,-0.27156064161275795,-0.23154298353610414,0.0,DDoS,1
0,6,-0.41492132108621965,-0.8810964009112113,4,-1.4029771882339108,0.7382621959877996,-0.11355430166811346,-0.04188914323299763,3.715157571254463,0.06884470110621502,-0.22483014339339577,0.0,-0.8586524636825708,0.0,1.9334553666331327,2.2455504290306085,0.0,DDoS,1
0,6,0.7633692715195171,0.5160734247523158,4,0.7264048751736509,0.38030516554887067,1.1127812448677943,0.4998169532773935,0.0,0.2545085682855317,0.9534604492123409,0.0,0.5824628692063613,0.0,0.14500556459542016,0.2364234173595742,0.0,DDoS,1
0,6,0.6646644679829034,0.40529696857346387,4,-0.17122002989393909,0.2943199725847056,0.6939774300260423,0.304038797819494,1.1636310868113693,0.10975811965735773,0.8547556456757273,0.0,0.4682021354071417,0.0,1.4384763508096163,1.6894958449051318,0.0,DDoS,1
3,5,5.64493968229818,9.206754821934323,1,-0.023684342202525743,1.012651489381307,-0.07565809539450531,0.5467012052720677,4.434404013927145,0.28096737873667377,4.967534049871543,5.84354441703136,8.659647496455875,12.68472005939985,17.994574357141293,16.21362079367055,2.8997259264814566,Normal,0
0,6,0.6646644679829034,0.40529696857346387,4,0.1891347983119592,0.8949140337402504,-0.040485770593341616,0.5153925242162093,4.0490196168474,0.22275402873894695,0.8547556456757273,0.0,0.4682021354071417,0.0,0.7561994584691247,0.9230326585867795,0.0,DoS,1
9,5,-0.41492132108621965,0.3174706501917522,6,0.08581856925435406,-0.5381826133768208,-0.11355430166811346,-0.7176180923240948,0.0,-0.8326677084884105,-0.22483014339339577,0.0,0.3776133954227509,0.0,-0.3664335509615831,-0.3381222817816372,0.0,DDoS,1
0,6,1.5194201136586307,1.344709355325987,4,0.37816503746269764,0.630878684166847,0.31106327569622033,0.5956604656617738,2.3645993007037966,0.1832932472656636,1.7095112913514545,0.0,1.4371620782773058,0.0,1.8506222403692845,2.1524965053206797,0.0,DoS,1
9,5,-0.19009117769282388,0.6015594276070859,6,-0.055636528739943326,-0.27641136068593775,0.7292089951434672,-0.10684224966822613,0.0,-0.09314483669756177,0.0,0.0,0.670637683175658,0.0,-0.028277548308267512,0.04175886350708697,0.0,DDoS,1
9,5,-0.6900911776928237,-0.048627766645839815,6,-0.5885882661268872,-0.5381826133768208,-0.11355430166811346,-0.7176180923240948,0.0,-0.8326677084884105,-0.4999999999999999,0.0,0.0,0.0,-0.11961222039633616,-0.06084561361336493,0.0,DDoS,1
9,5,0.0,0.5440575067279088,7,0.6127611582104284,-0.5120819151829864,-0.029523379396100693,-0.5982795893155977,0.0,-0.7589308876374745,0.0,0.6931471805599453,0.49965536780466707,4.110873864173311,-0.39850647540127565,-0.5108757574176781,0.0,DDoS,1
0,5,1.2313375554928798,3.445959597437408,1,-0.05438557724236516,0.143844780459913,0.42958731201463995,0.22869681353889312,1.134398227788345,-0.1445817394738414,0.6299255022823318,2.302585092994046,3.4908928688260374,6.38856140554563,2.3421095277506496,0.9923045422095275,0.34643671164592177,Normal,0
0,6,-0.19009117769282388,-0.597652783571728,4,-0.15390270409206788,0.21136093838059164,0.8717036576496259,0.1571240644409317,0.0,-0.03198587389559026,0.0,0.0,-0.5662936283753135,0.0,0.07461210386086325,0.1573440922112465,0.0,DoS,1
9,5,-0.41492132108621965,0.3174706501917522,6,-0.7981585586288851,0.3478706760482847,-0.11156593857776317,0.07128251060138942,2.5758815366147783,-0.20614319729922723,-0.22483014339339577,0.0,0.3776133954227509,0.0,0.5940070884786043,0.7408273368250979,0.0,DDoS,1
0,6,0.0,-0.36590378186628003,4,0.30715928123807595,0.8182998352179246,0.027457006780376787,0.3811467383916106,3.7121726583817733,0.19698275823643877,0.19009117769282388,0.0,-0.32725537146132955,0.0,-0.1721505698486675,-0.11986668141913895,0.0,DoS,1
0,6,0.5573662378150711,0.283971881174006,4,-0.38014988164589936,0.567444842813299,0.7124510240949723,0.30253257979105347,1.388835874795304,0.17091307088102273,0.7474574155078949,0.0,0.34306098183805855,0.0,1.6955533706212385,1.978293654044048,0.0,DDoS,1
0,6,0.0,-0.36590378186628003,4,0.11778354030939363,0.946773685608927,0.0013895080121061457,0.4163211446339779,4.176324773215505,0.27764646049531405,0.19009117769282388,0.0,-0.32725537146132955,0.0,0.004840927529067117,0.07896383527333416,0.0,DoS,1
9,5,0.16466446798290324,0.7859920702989767,6,0.25859896405851507,-0.22167827798628859,0.9054201956690051,-0.044632810043980765,0.0,0.06148033479741078,0.19009117769282388,0.6931471805599453,0.7691913170096358,4.110873864173311,0.034596969926916674,-0.07220657219586561,0.0,DDoS,1
9,5,0.4398343245895079,0.9470859876446064,7,0.26963421307464813,-0.2186495947976576,0.9998756539896301,0.03485060142764909,0.0,0.2379599163095618,0.3547556456757271,1.0986122886681096,0.8608713286398265,4.795790545596741,0.33447496359680645,0.09956274623761044,0.06862547067020279,DDoS,1
0,6,-0.19009117769282388,-0.597652783571728,4,-0.4783619956582571,0.73453929493972,0.12807052530324003,0.20285560110020392,3.325973609696467,0.158024761244231,0.0,0.0,-0.5662936283753135,0.0,0.4906866051833027,0.6247581166485068,0.0,DoS,1
0,6,0.4398343245895079,0.14987570198519154,4,0.23886691473676283,-0.1193073346641279,0.6654617225441664,0.19813095360258481,0.0,-0.22209568416576553,0.6299255022823318,0.0,0.20474704436159807,0.0,0.3748682917334905,0.49464895633935224,0.0,DoS,1
0,6,-1.044846823368551,-1.7595613217927404,4,-1.5660591304673448,0.4914049517928808,-0.11355430166811346,-0.1122383434196869,2.996667000364619,-0.10550272653605562,-0.8547556456757273,0.0,-1.7647479458736606,0.0,0.3944288217889696,0.5166230644481117,0.0,DoS,1
9,5,-0.41492132108621965,0.3174706501917522,6,-0.21859491282936475,-0.02565418988877999,1.233719470708303,0.021529011511093384,0.0,0.25327991099644925,-0.22483014339339577,0.0,0.3776133954227509,0.0,-0.1246979862706016,-0.06655891324379311,0.0,DDoS,1
9,5,-0.41492132108621965,0.10673338312259498,7,-0.5973595408979713,0.4721972058362265,0.2914388944935833,0.11826666102199163,2.3065992290658874,0.03481604239079365,-0.4999999999999999,0.6931471805599453,0.0,4.110873864173311,0.2977229336215882,0.4788184978542348,0.0,DDoS,1
0,6,1.5697598268718387,1.3989332697578425,4,0.015844353361164555,0.8993330459692135,0.026820026746122994,0.516611090701239,4.028123389869114,0.27420162905737705,1.7598510045646625,0.0,1.49309151009129,0.0,2.942787173749355,3.3794239071150547,0.0,DoS,1
0,6,-1.044846823368551,-1.2746134186016944,4,-1.2276224131242572,-0.5381826133768208,-0.11355430166811346,-0.7176180923240948,0.0,-0.8326677084884105,-0.8547556456757273,0.0,-1.2645468635828538,0.0,-0.06905428603394179,-0.00404932474574157,0.0,Normal,0
0,6,-1.044846823368551,-0.4650163566131224,1,-2.7038145375285114,-0.43853584404585116,-0.11355430166811346,-0.6030356800142278,0.29002699279671645,-0.7622903616036686,-1.3547556456757268,0.6931471805599453,-2.028645079138549,5.4638318050256105,6.6032343947586005,-1.091147479246094,0.0,Normal,0
9,5,-0.41492132108621965,0.3174706501917522,6,0.8710484016921956,-0.5381826133768208,-0.11355430166811346,-0.7176180923240948,0.0,-0.8326677084884105,-0.22483014339339577,0.0,0.3776133954227509,0.0,-0.7357574334323889,-0.7530171183500877,0.0,DoS,1
0,6,1.2313375554928798,1.0324411301980174,4,0.6021784500346093,0.3366874574397119,0.6481653098092579,0.5415944852536738,0.0,0.12062325663492753,1.4214287331857036,0.0,1.1150720080940235,0.0,0.8980547513711322,1.0823915068995484,0.0,DoS,1
9,5,-0.41492132108621965,0.3174706501917522,6,0.4158095416502634,-0.5381826133768208,-0.11355430166811346,-0.7176180923240948,0.0,-0.8326677084884105,-0.22483014339339577,0.0,0.3776133954227509,0.0,-0.5575041107055969,-0.552769079404592,0.0,DoS,1
0,6,0.16466446798290324,-0.1698703824925649,4,1.4601837254350285,-0.5381826133768208,-0.11355430166811346,-0.7176180923240948,0.0,-0.8326677084884105,0.3547556456757271,0.0,-0.12505608801943602,0.0,-0.7127856435427783,-0.7272108343151303,0.0,DDoS,1
0,6,-0.6900911776928237,-1.2461212038380718,4,-0.5802383691073982,-0.5381826133768208,-0.11355430166811346,-0.7176180923240948,0.0,-0.8326677084884105,-0.4999999999999999,0.0,-1.2351584765667507,0.0,-0.12752951612618227,-0.06973982618343409,0.0,DDoS,1
0,6,-1.044846823368551,-1.7595613217927404,4,-1.2651383375732617,0.9819178336363699,-0.11355430166811346,0.017570860528480645,4.424329703373135,0.2409309357764141,-0.8547556456757273,0.0,-1.7647479458736606,0.0,-0.026969615007025494,0.04322818298253177,0.0,DDoS,1
9,5,-0.6900911776928237,-0.048627766645839815,6,-0.47838347311505364,-0.5381826133768208,-0.11355430166811346,-0.7176180923240948,0.0,-0.8326677084884105,-0.4999999999999999,0.0,0.0,0.0,-0.2187178620816886,-0.1721799219580359,0.0,DDoS,1
9,5,-0.41492132108621965,0.10673338312259498,7,0.6146441823998425,-0.5332410444318364,-0.10056424934894306,-0.6984496066147019,0.0,-0.8221974891085649,-0.4999999999999999,0.6931471805599453,0.0,4.110873864173311,-0.6455057140025455,-0.7945938537607515,0.0,DoS,1
0,6,0.30990882230717626,0.0,4,0.5843677939223042,0.19039650568595987,1.0377777256410858,0.33841830447048565,0.0,0.24744172736778952,0.5000000000000001,0.0,0.05015726709112405,0.0,-0.1385311389081233,-0.08209894159065928,0.0,DoS,1
9,5,0.0,0.8337389500969058,6,0.18636668547027757,-0.23672324121483077,1.007125847547099,0.014648372929860463,0.0,0.23188794681182037,0.19009117769282388,0.0,0.9101200021442967,0.0,-0.06291414611166535,0.0028484483755557583,0.0,DDoS,1
7,5,0.0,0.16859124612814108,7,0.26634833484450515,-0.48391528775014725,-0.1105934589306243,-0.5941920496337338,0.1533124726191646,-0.7932153959026631,-0.22483014339339577,1.0986122886681096,-0.10030099300560465,4.795790545596741,-0.13662582832072281,-0.4642796049177176,0.036196915311818276,DoS,1
0,6,0.6646644679829034,0.40529696857346387,4,-0.3795795737418657,0.5989910490073631,0.2634205710531872,0.3132713378466503,2.475059445687903,0.07372144313409454,0.8547556456757273,0.0,0.4682021354071417,0.0,1.9267565145690375,2.2380250041549274,0.0,DDoS,1
0,5,-0.6900911776928237,-0.7128328322009408,7,-2.821685212612429,-0.48614151820397006,-0.11355430166811346,-0.6538819454195629,0.15146825568120764,-0.7959127365828307,-0.8547556456757273,0.6931471805599453,-1.0087800535260687,4.110873864173311,12.74650998642045,10.66580131245848,0.0,DoS,1
0,6,0.7633692715195171,0.5160734247523158,4,-0.1645463211788469,0.8129038691285737,-0.10841388452244094,0.3796025304873926,3.924599263966407,0.12424972342396236,0.9534604492123409,0.0,0.5824628692063613,0.0,1.6177719971346898,1.8909148199841572,0.0,DDoS,1
0,6,-1.044846823368551,-1.7595613217927404,4,-1.262744375184271,0.9864636984014687,-0.11355430166811346,0.01860355205174841,4.437560674094355,0.2441415356143464,-0.8547556456757273,0.0,-1.7647479458736606,0.0,-0.029714426416443077,0.040144688696966455,0.0,DoS,1
7,5,0.0,0.16859124612814108,7,0.1688383877360554,-0.49072714271920087,-0.10226344931140464,-0.6078253876727215,0.12044169363037963,-0.7948612573356167,-0.22483014339339577,1.0986122886681096,-0.10030099300560465,4.795790545596741,-0.04600826019643905,-0.3989723601702121,0.03985512725470726,DoS,1
0,6,0.4398343245895079,0.14987570198519154,4,0.18217962353359107,0.2281304018827189,0.9108486028669968,0.27255867939232664,0.0,0.2454143202647999,0.6299255022823318,0.0,0.20474704436159807,0.0,0.45215015545565823,0.5814666460165114,0.0,DDoS,1
0,6,0.7633692715195171,0.5160734247523158,4,0.43633176055611217,0.3081670944521264,0.6890815991366165,0.46758797920685996,0.0,0.16920101840601262,0.9534604492123409,0.0,0.5824628692063613,0.0,0.5138779831368838,0.6508110837663557,0.0,DDoS,1
0,6,0.6646644679829034,0.40529696857346387,4,-0.362437735358286,0.6229308363368774,0.26438542570912416,0.3212403840071904,2.5434350744712804,0.09690948007270761,0.8547556456757273,0.0,0.4682021354071417,0.0,1.8837344744342488,2.1896944651409074,0.0,DDoS,1
0,6,-1.044846823368551,-1.7595613217927404,4,-1.1518671981641242,-0.5381826133768208,-0.11355430166811346,-0.7176180923240948,0.0,-0.8326677084884105,-0.8547556456757273,0.0,-1.7647479458736606,0.0,-0.14831274839755867,-0.0930875060001556,0.0,DoS,1
0,6,-0.6900911776928237,-1.2461212038380718,4,-1.3439943787393915,0.8382942562307633,-0.11355430166811346,-0.016445532396159004,4.00630597285658,0.1394941667194115,-0.4999999999999999,0.0,-1.2351584765667507,0.0,0.9836484948010472,1.1785466809274388,0.0,DDoS,1
0,6,-0.19009117769282388,-0.597652783571728,4,-0.03318122738037351,-0.17963959995380294,1.0407614433521808,-0.002446190798790071,0.0,0.18024199623268225,0.0,0.0,-0.5662936283753135,0.0,-0.05046793967650982,0.016830394926816886,0.0,DoS,1
0,6,0.0,-0.36590378186628003,4,0.09021338950473001,0.1273406975122387,1.1240545010909604,0.21954101603352294,0.0,0.1274509629125128,0.19009117769282388,0.0,-0.32725537146132955,0.0,0.03332591157952454,0.11096358769444561,0.0,DoS,1
0,6,0.30990882230717626,0.0,4,0.4104216166606598,0.2855381166626802,1.1368902939727379,0.3858011029413366,0.0,0.1497577898164747,0.5000000000000001,0.0,0.05015726709112405,0.0,0.026803705053102977,0.10363660468770963,0.0,DDoS,1
0,5,-1.044846823368551,-1.7595613217927404,7,-2.9691243426236724,-0.5380806895729109,-0.11355430166811346,-0.7174832536359292,0.0002966544178088168,-0.8325957229443559,-1.3547556456757268,0.6931471805599453,-2.6654651549144535,4.110873864173311,41.9947779535977,-1.091147479246094,0.0,Reconnaissance,1
9,5,-0.19009117769282388,0.6015594276070859,6,0.9114027722254116,-0.22157635418237862,0.9057480702906883,-0.044525194993335813,0.0,0.061768276973629674,0.0,0.0,0.670637683175658,0.0,-0.6550384571907856,-0.6623382100929701,0.0,DoS,1
9,5,0.0,0.5440575067279088,7,-0.32494484851708977,0.9189929801952268,-0.03099382962250428,0.253493925979573,4.1119057612492185,0.22785943073029447,0.0,0.6931471805599453,0.49965536780466707,4.110873864173311,0.5619951788638061,0.3860325979015013,0.0,DDoS,1
9,5,0.16466446798290324,1.0300800673922044,6,-0.21764398803863225,0.1319553529561374,0.6097353541515146,0.22212133301231496,0.0,-0.15395144920494974,0.3547556456757271,0.0,1.112636682231074,0.0,0.6528375112272479,0.8069168582182366,0.0,DDoS,1
0,6,1.354755645675727,1.1666550516031418,4,0.5839535699630221,0.6771205357847219,0.2751032306501185,0.6111727453944948,2.4968226750513636,0.22329938052316328,1.544846823368551,0.0,1.2535073911600865,0.0,1.119820492933293,1.3315209714940488,0.0,DoS,1
0,5,-0.6900911776928237,-0.7128328322009408,7,-2.818455202896347,-0.48491275259274597,-0.11355430166811346,-0.6524886053782949,0.15504464052005448,-0.7950448984758678,-0.8547556456757273,0.6931471805599453,-1.0087800535260687,4.110873864173311,12.631198774838515,10.545522878022622,0.0,DoS,1
9,5,0.0,0.8337389500969058,6,-0.3412902592739344,0.34423486778620865,0.11252844708256106,0.21745492928471144,2.2150790450850426,-0.09202850360106017,0.19009117769282388,0.0,0.9101200021442967,0.0,0.5871417502540858,0.7331148830254879,0.0,DDoS,1
0,6,-0.6900911776928237,-1.2461212038380718,4,-0.68429459371459,0.10076319787039202,1.0740914529714005,-0.04150995051606588,0.0,0.06986631638159192,-0.4999999999999999,0.0,-1.2351584765667507,0.0,-0.023747698776750866,0.04684765215645582,0.0,DDoS,1
9,5,-0.19009117769282388,0.43579106312820687,7,0.868857399379938,-0.5346563022043942,-0.10220127630621964,-0.6993594385292313,0.0,-0.8227053994952543,-0.22483014339339577,0.6931471805599453,0.3776133954227509,4.110873864173311,-0.6381908665296037,-0.7522553569595251,0.0,DDoS,1
0,6,-0.6900911776928237,-1.2461212038380718,4,0.4137986019593686,-0.5381826133768208,-0.11355430166811346,-0.7176180923240948,0.0,-0.8326677084884105,-0.4999999999999999,0.0,-1.2351584765667507,0.0,-0.7118585412524604,-0.7261693366717873,0.0,DDoS,1
7,5,0.0,0.16859124612814108,7,0.19034787962663735,-0.48874167964117776,-0.10050911479717523,-0.6038055732186787,0.12347344667430193,-0.7927923972567936,-0.22483014339339577,1.0986122886681096,-0.10030099300560465,4.795790545596741,-0.06671797009471823,-0.4139349715851849,0.03896202585045213,DoS,1
0,6,0.7633692715195171,0.5160734247523158,4,0.4139740189631638,0.3124829206628897,0.17922307205030147,0.46958779449984084,1.7391360651868235,-0.04149353734734832,0.9534604492123409,0.0,0.5824628692063613,0.0,0.5462218612388049,0.687145880014327,0.0,DDoS,1
0,6,0.6646644679829034,0.40529696857346387,4,0.7673126006308862,0.12421577048400234,1.0589951434671423,0.4319473558446374,0.0,0.24480589755498752,0.8547556456757273,0.0,0.4682021354071417,0.0,0.006065896258909357,0.08033995316088922,0.0,DDoS,1
0,6,0.16466446798290324,-0.1698703824925649,4,0.4726104148787047,-0.0791007606734418,0.9360005161532506,0.16467240535687908,0.0,0.03594062150936969,0.3547556456757271,0.0,-0.12505608801943602,0.0,-0.16743821981238036,-0.11457287348806579,0.0,DoS,1
0,6,0.9398343245895074,0.7123588192549979,4,0.4963601493555419,0.4537540461856831,0.7543292353893439,0.5302596669075645,0.0,0.1999952306791245,1.1299255022823314,0.0,0.7849220738385763,0.0,0.6582658634348078,0.8130150159840549,0.0,DoS,1
0,6,0.16466446798290324,-0.1698703824925649,4,0.4884585124100524,-0.09453953476043488,0.898125425239894,0.1521419574615669,0.0,-0.013871814918257416,0.3547556456757271,0.0,-0.12505608801943602,0.0,-0.1808622587747583,-0.12965330753452792,0.0,DoS,1
0,6,0.30990882230717626,0.0,4,0.5347414034679031,-0.345143346521369,0.7653555592051241,-0.022710907998887673,0.0,0.1216954623700582,0.5000000000000001,0.0,0.05015726709112405,0.0,-0.09401320095540067,-0.03208792560195105,0.0,DDoS,1
9,5,-0.19009117769282388,0.43579106312820687,7,0.8791139398579241,-0.5354076352604611,-0.10462074466837154,-0.7031840585270686,0.0,-0.8248284158812145,-0.22483014339339577,0.6931471805599453,0.3776133954227509,4.110873864173311,-0.6423169819684039,-0.755797797765841,0.0,DDoS,1
9,5,-0.6900911776928237,-0.048627766645839815,6,0.07060840845980777,-0.5381826133768208,-0.11355430166811346,-0.7176180923240948,0.0,-0.8326677084884105,-0.4999999999999999,0.0,0.0,0.0,-0.5734462733483489,-0.5706783489594387,0.0,DoS,1
9,5,-1.044846823368551,-0.5642089368717931,6,-1.122690483871027,-0.5381826133768208,-0.11355430166811346,-0.7176180923240948,0.0,-0.8326677084884105,-0.8547556456757273,0.0,-0.5317978645928584,0.0,-0.1769354572653752,-0.12524197713376228,0.0,DDoS,1
0,6,0.30990882230717626,0.0,4,0.5613742021671476,0.22202444025529547,1.0784001595382775,0.35477380773055117,0.0,0.25935165762872936,0.5000000000000001,0.0,0.05015726709112405,0.0,-0.118155522122744,-0.0592091730233109,0.0,DoS,1
9,5,-1.044846823368551,-0.5642089368717931,6,-1.2304071050167285,-0.5381826133768208,-0.11355430166811346,-0.7176180923240948,0.0,-0.8326677084884105,-0.8547556456757273,0.0,-0.5317978645928584,0.0,-0.06599449966007316,-0.0006119906664299171,0.0,DDoS,1
9,5,-0.19009117769282388,0.43579106312820687,7,-0.5534984301080371,0.6314785515081253,0.19337036341881145,0.1716361895157171,2.923757977753674,0.11004806762272973,-0.22483014339339577,0.6931471805599453,0.3776133954227509,4.110873864173311,0.6063291629924449,0.34357349990187086,0.0,DDoS,1
9,5,0.0,0.8337389500969058,6,0.3507369868670506,-0.5381826133768208,-0.11355430166811346,-0.7176180923240948,0.0,-0.8326677084884105,0.19009117769282388,0.0,0.9101200021442967,0.0,-0.2086005005679427,-0.1608141770090036,0.0,DoS,1
9,5,-0.41492132108621965,0.10673338312259498,7,0.616361014265343,-0.5335900466829956,-0.10148218098209887,-0.6997752914098131,0.0,-0.8229371795751828,-0.4999999999999999,0.6931471805599453,0.0,4.110873864173311,-0.6461874834985432,-0.7951205387653588,0.0,DoS,1
0,6,-0.6900911776928237,-1.2461212038380718,4,-1.0588402014805356,-0.16970597349223768,0.5713546676676912,-0.21466722258117255,0.0,-0.3121810238082715,-0.4999999999999999,0.0,-1.2351584765667507,0.0,0.4601500533459138,0.5904536530455092,0.0,DoS,1
0,6,-0.41492132108621965,-0.8810964009112113,4,-1.4253143916872073,0.7019426109028808,-0.11355430166811346,-0.05152481702879702,3.6094475706942175,0.04319333222197754,-0.22483014339339577,0.0,-0.8586524636825708,0.0,1.9998046994079584,2.3200866203916237,0.0,DDoS,1
9,5,0.0,0.8337389500969058,6,0.6111311730216393,-0.5381826133768208,-0.11355430166811346,-0.7176180923240948,0.0,-0.8326677084884105,0.19009117769282388,0.0,0.9101200021442967,0.0,-0.39747069907378224,-0.37298911034255366,0.0,DoS,1
0,6,-0.41492132108621965,-0.8810964009112113,4,-1.3515409312507003,0.8251530277049727,-0.11355430166811346,-0.019700913869219423,3.9680577585233046,0.13021293457650662,-0.22483014339339577,0.0,-0.8586524636825708,0.0,1.786156583084133,2.0800764165772585,0.0,DDoS,1
0,6,0.6646644679829034,0.40529696857346387,4,0.14953361939349552,0.429670050873547,0.889336156535204,0.44867793704726927,0.0,0.14057060689831008,0.8547556456757273,0.0,0.4682021354071417,0.0,0.8220634429078569,0.9970236143750635,0.0,DDoS,1
9,5,0.16466446798290324,1.0300800673922044,6,0.6207555362020767,-0.3502846608777312,0.6674084414517985,-0.08293433966385141,0.0,-0.036429142600911325,0.3547556456757271,0.0,1.112636682231074,0.0,-0.2854673289778606,-0.24716562007656365,0.0,DoS,1
0,0,-1.044846823368551,-1.7595613217927404,1,-2.969300458894466,-0.5381381203231016,-0.11355430166811346,-0.7175592254978074,0.00012949929693821416,-0.8326362844583434,-1.3547556456757268,0.6931471805599453,-2.6654651549144535,4.110873864173311,46.431189014012816,-1.091147479246094,0.0,Normal,0
0,6,0.30990882230717626,0.0,4,0.557963772367605,0.20236355936856468,1.0221570513572484,0.34468221581599634,0.0,0.15111348041859482,0.5000000000000001,0.0,0.05015726709112405,0.0,-0.11509909736665974,-0.05577561535253237,0.0,DoS,1
0,6,0.30990882230717626,0.0,4,0.3435509373502673,0.04223905455100826,0.7784183422096053,0.2519083464647669,0.0,-0.0746568094758829,0.5000000000000001,0.0,0.05015726709112405,0.0,0.09765554793554565,0.18323087185673917,0.0,DoS,1
0,6,0.30990882230717626,0.0,4,0.5584689176239086,0.2062316150599836,1.0373548318982708,0.34668700305463274,0.0,0.1876467011900124,0.5000000000000001,0.0,0.05015726709112405,0.0,-0.11555429488104697,-0.05628697978711639,0.0,DoS,1
9,5,-0.41492132108621965,0.3174706501917522,6,0.7620160336999494,-0.06010475116391936,1.143160382891866,-0.002431281992658917,0.0,0.18028612359405327,-0.22483014339339577,0.0,0.3776133954227509,0.0,-0.7002229621967422,-0.7130980409884297,0.0,DoS,1
0,6,0.0,-0.36590378186628003,4,-0.5674867938559978,0.8465803774904277,-0.11098937193534007,0.2343398963709175,4.026406835358635,0.14632098153515075,0.19009117769282388,0.0,-0.32725537146132955,0.0,0.9751408840040455,1.1689893141858256,0.0,DDoS,1
0,6,0.0,-0.36590378186628003,4,0.11123669698640466,0.16384172590133145,1.1931680078830678,0.23952761597739025,0.0,0.19610645124194,0.19009117769282388,0.0,-0.32725537146132955,0.0,0.011539578760838182,0.08648903453594724,0.0,DoS,1
0,6,-0.41492132108621965,-0.8810964009112113,4,-1.3064508420273853,0.9052155956673232,-0.11355430166811346,-0.0002502520131922534,4.2010839366684145,0.1867585823260557,-0.22483014339339577,0.0,-0.8586524636825708,0.0,1.663063469883366,1.9417948173953503,0.0,DDoS,1
9,5,-0.41492132108621965,0.3174706501917522,6,0.40220783705838387,-0.5381826133768208,-0.11355430166811346,-0.7176180923240948,0.0,-0.8326677084884105,-0.22483014339339577,0.0,0.3776133954227509,0.0,-0.5508119737076416,-0.5452511981685204,0.0,DoS,1
9,5,-0.19009117769282388,0.43579106312820687,6,0.8815050477505051,-0.533408918932394,-0.09818583863172466,-0.6930877629887492,0.0,-0.8191816736839571,-0.22483014339339577,0.6931471805599453,0.3776133954227509,4.110873864173311,-0.6432719099535077,-0.756616893259369,0.0,DDoS,1
0,6,0.0,-0.36590378186628003,4,-0.1270786495441289,0.3203304224568118,1.044356333435,0.207224578958469,0.0,0.19776479314073592,0.19009117769282388,0.0,-0.32725537146132955,0.0,0.2851079018715435,0.3938130124709328,0.0,DoS,1
0,6,-0.19009117769282388,-0.597652783571728,4,-0.122779417495644,0.40527902193539106,1.1266206038993034,0.2424961169923663,0.0,0.17567659725447585,0.0,0.0,-0.5662936283753135,0.0,0.040978379398664014,0.11956029518036937,0.0,DoS,1
0,5,-1.044846823368551,-1.7595613217927404,7,-2.9165806952655435,-0.5204712224608509,-0.11355430166811346,-0.6948173256005321,0.05154990452870981,-0.8201587158670403,-1.3547556456757268,0.6931471805599453,-2.6654651549144535,4.110873864173311,14.674007933783525,-1.091147479246094,0.0,Reconnaissance,1
0,6,-0.19009117769282388,-0.597652783571728,4,-0.10623848609328647,0.4133414157121697,1.137075639912723,0.24569397120475106,0.0,0.1767813413469811,0.0,0.0,-0.5662936283753135,0.0,0.02350668318119001,0.09993276257070798,0.0,DoS,1
9,5,-0.41492132108621965,0.3174706501917522,6,-0.585086333392288,0.46701423840829737,0.3211024564202426,0.11641009017214343,2.245066857456175,0.04242645216906036,-0.22483014339339577,0.0,0.3776133954227509,0.0,0.2814305835004618,0.3896819489871065,0.0,DDoS,1
0,6,-1.044846823368551,-1.7595613217927404,4,-1.6898314736538842,0.32993555764942883,-0.11355430166811346,-0.16563043103624192,2.5267021121243487,-0.21954342890101478,-0.8547556456757273,0.0,-1.7647479458736606,0.0,0.6230653557679751,0.7734711100285242,0.0,DoS,1
0,6,1.164664467982903,0.9596350412243593,4,0.39662014063618156,0.34098782152542384,1.0775056894165123,0.48256030690782264,0.0,0.22373842548225856,1.3547556456757268,0.0,1.039975932283922,0.0,1.1687016921781295,1.3864336325336697,0.0,DoS,1
0,6,-0.41492132108621965,-0.8810964009112113,4,0.004117904747265216,-0.5381826133768208,-0.11355430166811346,-0.7176180923240948,0.0,-0.8326677084884105,-0.22483014339339577,0.0,-0.8586524636825708,0.0,-0.30856062390156996,-0.2731084016781754,0.0,DoS,1
0,6,0.16466446798290324,-0.1698703824925649,4,0.3078323687852667,0.43068708003763917,0.9415116251788941,0.3622567755247706,0.0,0.19085841535525197,0.3547556456757271,0.0,-0.12505608801943602,0.0,-0.015477983846470074,0.05613776900866816,0.0,DoS,1
9,5,-0.19009117769282388,0.6015594276070859,6,-0.18140379760397965,0.28425507583699,0.9759959411585295,0.19129487097099424,0.0,0.10215595590116536,0.0,0.0,0.670637683175658,0.0,0.10516909851786996,0.19167152107781588,0.0,DDoS,1
0,6,-1.044846823368551,-1.7595613217927404,4,-1.2636083171597559,0.9848218731638727,-0.11355430166811346,0.018230870526432377,4.432782058193862,0.24298196661831967,-0.8547556456757273,0.0,-1.7647479458736606,0.0,-0.028725422643212373,0.04125572586064776,0.0,DoS,1
0,5,-0.6900911776928237,-0.7128328322009408,7,-2.822916512970702,-0.48660885304480794,-0.11355430166811346,-0.6544130955530958,0.15010805384599138,-0.7962428003312673,-0.8547556456757273,0.6931471805599453,-1.0087800535260687,4.110873864173311,12.791137958599672,10.712400820132977,0.0,DoS,1
0,6,0.4398343245895079,0.14987570198519154,4,0.3643347734655453,0.2788149322474925,0.6672934800459847,0.3826238241248748,0.0,-0.011098254250267219,0.6299255022823318,0.0,0.20474704436159807,0.0,0.21671816200750457,0.3169846477466661,0.0,DoS,1
0,6,-0.6900911776928237,-1.2461212038380718,4,-1.190240166932932,-0.11329130580486041,0.676215892827816,-0.17214878698473987,0.0,-0.2324934722706336,-0.4999999999999999,0.0,-1.2351584765667507,0.0,0.6813188410335385,0.8389125054971995,0.0,DDoS,1
0,6,0.16466446798290324,-0.1698703824925649,4,0.4629825733711403,0.05235727985247236,1.2349359500739037,0.2584219899936608,0.0,0.2733357967395674,0.3547556456757271,0.0,-0.12505608801943602,0.0,-0.15918453542871375,-0.10530076519509717,0.0,DoS,1
0,6,0.6646644679829034,0.40529696857346387,4,-0.10700742568565706,0.29992578179975354,1.0443440161415198,0.3065990184630232,0.0,0.18383347314426618,0.8547556456757273,0.0,0.4682021354071417,0.0,1.302579375750378,1.53683051256826,0.0,DDoS,1
0,6,0.16466446798290324,-0.1698703824925649,4,-0.3700062713169996,0.42112422902373403,1.1473312530793234,0.24875783236306873,0.0,0.18766408469600707,0.3547556456757271,0.0,-0.12505608801943602,0.0,0.9115725618238244,1.0975772829208876,0.0,DDoS,1
0,6,-1.044846823368551,-1.7595613217927404,4,-1.3960892474080038,0.749631906757706,-0.11355430166811346,-0.03891786927464479,3.7482496930131917,0.07687476654842901,-0.8547556456757273,0.0,-1.7647479458736606,0.0,0.13649870574429723,0.22686689534660498,0.0,DoS,1
9,5,0.16466446798290324,0.7859920702989767,7,0.012471285594391526,-0.19838821546250368,0.9804008399221078,-0.02073642336276926,0.0,0.12727579065979766,0.19009117769282388,0.6931471805599453,0.7691913170096358,4.110873864173311,0.3214396010145876,0.20572592369316572,0.0,DDoS,1
0,6,1.0194201136586305,0.800221833529047,4,-0.27585353845077415,0.8442967162864141,0.3678806043685334,0.38850744291618766,2.957955894927393,0.27835606412463354,1.2095112913514543,0.0,0.8755486639197341,0.0,2.464045377537614,2.84161005665696,0.0,DDoS,1
9,5,-0.41492132108621965,0.10673338312259498,7,0.5645671735852185,-0.5345161964182145,-0.10391689932665463,-0.7033127429437535,0.0,-0.8248995099634233,-0.4999999999999999,0.6931471805599453,0.0,4.110873864173311,-0.6249739279995044,-0.7788432619210377,0.0,DoS,1
0,6,-1.044846823368551,-1.7595613217927404,4,-1.1958943774829096,-0.5381826133768208,-0.11355430166811346,-0.7176180923240948,0.0,-0.8326677084884105,-0.8547556456757273,0.0,-1.7647479458736606,0.0,-0.1031471223459485,-0.04234888353732089,0.0,DDoS,1
9,5,0.30990882230717626,1.0990765337571664,6,0.8196068965838381,-0.44900086272346723,0.29249055674166524,-0.26194625961889595,0.0,-0.39176472004086466,0.3547556456757271,0.6931471805599453,1.112636682231074,4.110873864173311,-0.3237445852573465,-0.3982648659993456,0.0,DoS,1
0,3,-1.544846823368551,-2.439263323838255,5,-2.969436922654375,-0.5381826133768208,-0.11355430166811346,-0.7176180923240948,0.0,-0.8326677084884105,-1.3547556456757268,0.0,-2.465828772950576,0.0,-1.0367484476861053,-1.091147479246094,0.0,Normal,0
0,6,-1.044846823368551,-1.7595613217927404,4,-1.4073932490055527,0.7310151926423005,-0.11355430166811346,-0.04379411406548951,3.694064799243945,0.06372637291810224,-0.8547556456757273,0.0,-1.7647479458736606,0.0,0.1519299566822579,0.24420221169040524,0.0,DDoS,1
0,6,0.16466446798290324,-0.1698703824925649,4,0.019850457538499195,0.30371242466947346,0.7899831077117989,0.3083195574508489,0.0,-0.03462237230477654,0.3547556456757271,0.0,-0.12505608801943602,0.0,0.31188564385317996,0.42389486585343483,0.0,DoS,1
0,6,-0.19009117769282388,-0.597652783571728,4,-0.15393242180778105,0.2106408451282,0.8707575722028013,0.15677226186907545,0.0,-0.032732918922436634,0.0,0.0,-0.5662936283753135,0.0,0.07464690218072631,0.15738318430335776,0.0,DoS,1
9,5,0.0,0.8337389500969058,6,0.33318664972935425,-0.04861071228645704,0.7976720315322714,0.10695018762202108,0.0,-0.11568990677983482,0.19009117769282388,0.0,0.9101200021442967,0.0,-0.1941005013923739,-0.14452501978488116,0.0,DDoS,1
9,5,-0.19009117769282388,0.43579106312820687,7,0.8698957238720288,-0.535848463601211,-0.10603957956971588,-0.7054436069000056,0.0,-0.8260735652144456,-0.22483014339339577,0.6931471805599453,0.3776133954227509,4.110873864173311,-0.6386083046874351,-0.7526191712583811,0.0,DDoS,1
0,6,0.16466446798290324,-0.1698703824925649,4,0.16031648171400856,0.4692594020764687,0.9810213968983882,0.37735138589106276,0.0,0.2077759096699541,0.3547556456757271,0.0,-0.12505608801943602,0.0,0.141552894265688,0.2325447212877268,0.0,DoS,1
9,5,-0.41492132108621965,0.3174706501917522,6,-0.8165622775639021,0.29827228107997583,0.06004211341294607,0.05095668653004981,2.1627172442549614,-0.17594515013554685,-0.22483014339339577,0.0,0.3776133954227509,0.0,0.6241802905882639,0.77472361689852,0.0,DDoS,1
7,5,0.4398343245895079,0.6847741808938281,7,0.8753443789265698,-0.4910426962916775,-0.10448818712901485,-0.5630104426536462,0.12099275446841458,-0.7949185337592144,0.19009117769282388,1.3862943611198906,0.43189406139687575,5.198497031265826,-0.27213607894253733,-0.5401018194192372,0.03766469549315275,DoS,1
0,5,-1.044846823368551,-1.6199718206924152,7,-2.9692656201664893,-0.5381267603944925,-0.11355430166811346,-0.7175441969997707,0.00016256294722031138,-0.8326282613017305,-1.3547556456757268,0.6931471805599453,-2.3937517989956962,4.110873864173311,45.21407512059709,-1.091147479246094,0.0,Theft,1
9,5,0.16466446798290324,1.0300800673922044,6,0.51966557858744,-0.3511527487556145,0.6638000609999296,-0.08444427929555916,0.0,-0.040107982773391324,0.3547556456757271,0.0,1.112636682231074,0.0,-0.20672052175616806,-0.1587022272031986,0.0,DoS,1
0,6,8.517781774021282,8.633577123117268,4,3.209428463510855,0.9944093373564312,0.22008481336367688,1.934838900109348,0.25956526810487424,0.28156153805695183,8.707872951714107,0.0,8.95528829788376,0.0,12.624913872750273,14.256230323051499,0.0,Normal,0
0,6,0.8547556456757275,0.6179897265142288,4,0.43871408351705876,0.4614314646040402,0.3124076202988996,0.5333173438731509,2.3612231346361026,0.1784247512598584,1.0448468233685515,0.0,0.6875847680926881,0.0,0.6312453045008432,0.7826603844127223,0.0,DDoS,1
0,6,1.164664467982903,0.9596350412243593,4,0.6076163737638953,0.8035729499904387,0.3260733641461183,0.6508661595108838,2.4597757733450036,0.24088391116404417,1.3547556456757268,0.0,1.039975932283922,0.0,0.7927295335295345,0.9640701875454436,0.0,DoS,1
0,6,-1.044846823368551,-1.7595613217927404,4,-1.3806385094292732,0.7754321979505427,-0.11355430166811346,-0.032252833009980095,3.823342753412215,0.0950966924091132,-0.8547556456757273,0.0,-1.7647479458736606,0.0,0.11576793816536417,0.20357815385212588,0.0,DDoS,1
0,6,-1.044846823368551,-1.2746134186016944,4,-1.2275006165516722,-0.5381826133768208,-0.11355430166811346,-0.7176180923240948,0.0,-0.8326677084884105,-0.8547556456757273,0.0,-1.2645468635828538,0.0,-0.06918386302990771,-0.004194890275391724,0.0,Normal,0
0,6,0.30990882230717626,0.0,4,-0.19601084702206653,0.5038677401378465,0.6757525279778523,0.2800126450143724,1.5156505870175578,0.2697403082496771,0.5000000000000001,0.0,0.05015726709112405,0.0,0.8509929305653866,1.029522717799897,0.0,DDoS,1
0,6,0.5573662378150711,0.283971881174006,4,0.7256692014162136,0.2609583866881832,0.9464555521666707,0.4450647041672953,0.0,0.12895441331558719,0.7474574155078949,0.0,0.34306098183805855,0.0,-0.050650500714226485,0.01662530764299302,0.0,DDoS,1
0,6,0.16466446798290324,-0.1698703824925649,4,0.48611344473404816,0.07034414903721449,1.2718585036248033,0.26975589374934317,0.0,0.251749493872537,0.3547556456757271,0.0,-0.12505608801943602,0.0,-0.17888709612324302,-0.1274344291343169,0.0,DoS,1
0,6,1.4121218834907983,1.2288106673932493,4,0.11005369255944827,0.48752742949428746,0.8401338479224831,0.4714753573707033,0.0,0.09276707974037061,1.6022130611836223,0.0,1.3176180019784514,0.0,2.303610747646255,2.661379362927164,0.0,DoS,1
0,6,-0.41492132108621965,-0.8810964009112113,4,-1.2937229216214223,0.9284987160125137,-0.11355430166811346,0.005240233373090816,4.268850643225764,0.20320271040059615,-0.22483014339339577,0.0,-0.8586524636825708,0.0,1.6292951415593475,1.9038598077029,0.0,DDoS,1
9,5,-0.19009117769282388,0.6015594276070859,6,-0.07642245126579604,-0.340762831828248,0.5220315322713089,-0.1942580377972532,0.0,-0.2749422109858409,0.0,0.0,0.670637683175658,0.0,-0.007309360825546157,0.06531432019886478,0.0,DDoS,1
10,6,-1.544846823368551,-2.6328119750939596,4,-2.9693875612010294,-0.5381665201446245,-0.11355430166811346,-0.7175967991096815,4.684017123297107e-05,-0.8326563423498756,-1.3547556456757268,0.0,-2.6654651549144535,0.0,-1.0367484476861053,-1.091147479246094,0.0,Reconnaissance,1
0,6,11.404434172746093,15.219455847852371,1,4.248377303614129,1.0219417021085921,0.02923069704150341,2.392147169578104,0.3853311278654016,0.28165937599453705,10.73978666661035,10.500976992899632,14.847990744351398,17.411192558894435,19.097235424195016,17.49683189781746,3.090811972254132,Normal,0
0,6,-1.044846823368551,-1.7595613217927404,4,-1.154263458099175,-0.5381826133768208,-0.11355430166811346,-0.7176180923240948,0.0,-0.8326677084884105,-0.8547556456757273,0.0,-1.7647479458736606,0.0,-0.14591892931207506,-0.09039831305763132,0.0,DoS,1
0,6,-1.044846823368551,-1.7595613217927404,4,-1.2414235584073483,1.0274493741625998,-0.11355430166811346,0.027800783744246386,4.556851569007971,0.27308841607733614,-0.8547556456757273,0.0,-1.7647479458736606,0.0,-0.05379954512123541,0.013087701962439613,0.0,DDoS,1
0,6,-1.044846823368551,-1.7595613217927404,4,-1.3011848225871503,0.9148115798063384,-0.11355430166811346,0.002021368318982941,4.229013536809487,0.19353592100934866,-0.8547556456757273,0.0,-1.7647479458736606,0.0,0.015367389389909577,0.09078915955017264,0.0,DoS,1
0,6,-1.044846823368551,-1.7595613217927404,4,-1.3169630646214794,0.8862151684077861,-0.11355430166811346,-0.004784944460136584,4.145782226267417,0.1733391842945817,-0.8547556456757273,0.0,-1.7647479458736606,0.0,0.03450932041867929,0.11229301760737193,0.0,DDoS,1
9,5,-0.41492132108621965,0.10673338312259498,7,0.5741367124611189,-0.5340801013810518,-0.10277021795744082,-0.7016433330572347,0.0,-0.8239755097601701,-0.4999999999999999,0.6931471805599453,0.0,4.110873864173311,-0.6289807271943971,-0.781915818578291,0.0,DoS,1
0,6,0.30990882230717626,0.0,4,-0.3672271491141635,0.3623874025965011,0.35711646294254273,0.22505948637514048,1.5788838997473387,-0.06922112087063736,0.5000000000000001,0.0,0.05015726709112405,0.0,1.1714914924808084,1.3895676669018102,0.0,DDoS,1
9,5,-0.41492132108621965,0.3174706501917522,6,0.86854378140043,-0.5381826133768208,-0.11355430166811346,-0.7176180923240948,0.0,-0.8326677084884105,-0.22483014339339577,0.0,0.3776133954227509,0.0,-0.734983201548871,-0.7521473538262523,0.0,DDoS,1
0,6,0.0,-0.36590378186628003,4,-0.5842258764252289,0.8413040062050456,0.08354937475072145,0.23290927426743524,3.706426930710529,0.21651357295233445,0.19009117769282388,0.0,-0.32725537146132955,0.0,1.0070224582732041,1.2048047628306693,0.0,DDoS,1
9,5,-0.41492132108621965,0.10673338312259498,7,0.500070315032464,-0.5334228032895829,-0.1010422776435258,-0.6991388847613413,0.0,-0.822582377760523,-0.4999999999999999,0.6931471805599453,0.0,4.110873864173311,-0.5969606786664681,-0.7573109364706139,0.0,DDoS,1
0,6,-0.19009117769282388,-0.597652783571728,4,0.023398333924470986,-0.1516717712716241,1.1308026183046713,0.023430200630356578,0.0,0.25925315109475966,0.0,0.0,-0.5662936283753135,0.0,-0.10431638267258138,-0.04366241914969135,0.0,DoS,1
7,5,0.7633692715195171,1.0511738609499721,7,0.19422472645034386,-0.12397216312605044,1.0020810360603432,0.04756906246070584,0.13130861335642893,0.19384191528794656,0.5000000000000001,1.6094379124341003,0.8097063285221396,5.484796933490655,0.8975400352377749,0.37915583273877396,0.11216461518305443,DDoS,1
9,5,0.0,0.5440575067279088,7,-0.30841840022813055,0.3356628549898802,1.0382610327757316,0.21381510906300955,0.0,0.13353719579978826,0.0,0.6931471805599453,0.49965536780466707,4.110873864173311,0.5369374079110069,0.36229546710636923,0.0,DDoS,1
0,6,-1.044846823368551,-1.7595613217927404,4,-0.9898963217967675,-0.5381826133768208,-0.11355430166811346,-0.7176180923240948,0.0,-0.8326677084884105,-0.8547556456757273,0.0,-1.7647479458736606,0.0,-0.2951951181977157,-0.2580937233217232,0.0,DDoS,1
0,6,-1.044846823368551,-1.7595613217927404,4,-1.6892753202047135,0.33061589115168843,-0.11355430166811346,-0.16539052127189643,2.5286822574023544,-0.2190629309660862,-0.8547556456757273,0.0,-1.7647479458736606,0.0,0.6219462616400816,0.7722139306330548,0.0,DoS,1
7,5,0.0,0.16859124612814108,7,0.28000539034411837,-0.49584636832548973,-0.10273795837927878,-0.6183720332823393,0.10628494070126165,-0.7986571018753683,-0.22483014339339577,1.0986122886681096,-0.10030099300560465,4.795790545596741,-0.14866647152506257,-0.47292855825865104,0.03545304748337479,DoS,1
9,5,-0.19009117769282388,0.43579106312820687,7,0.6722906223401804,-0.5251057577798155,-0.07145437909110106,-0.6535799109522485,0.0,-0.7957248609988117,-0.22483014339339577,0.6931471805599453,0.3776133954227509,4.110873864173311,-0.550367106236706,-0.6767700885116044,0.0,DoS,1
0,6,0.0,-0.36590378186628003,4,-0.13967015424971674,0.5798738669260097,-0.052030593810853294,0.3067966354119775,3.1581682370369832,-0.011056801274433902,0.19009117769282388,0.0,-0.32725537146132955,0.0,0.3012931845894368,0.41199540073981317,0.0,DoS,1
9,5,-0.19009117769282388,0.6015594276070859,6,0.5858986839467736,-0.5381826133768208,-0.11355430166811346,-0.7176180923240948,0.0,-0.8326677084884105,0.0,0.0,0.670637683175658,0.0,-0.5060126877787214,-0.4949241186157057,0.0,DoS,1
9,5,-0.6900911776928237,-0.048627766645839815,6,0.42227068880603436,-0.5381826133768208,-0.11355430166811346,-0.7176180923240948,0.0,-0.8326677084884105,-0.4999999999999999,0.0,0.0,0.0,-0.7146907379856218,-0.7293509987751785,0.0,DoS,1
0,6,0.16466446798290324,-0.1698703824925649,4,0.41239456130572605,0.4696065110061931,0.978774370644957,0.3774848647834083,0.0,0.21149709428011332,0.3547556456757271,0.0,-0.12505608801943602,0.0,-0.11458085028754755,-0.055193421653733796,0.0,DoS,1
0,6,0.7633692715195171,0.5160734247523158,4,0.6900317797185763,0.15995978585272358,1.1842631912347792,0.39236427751495556,0.0,0.1676188964950395,0.9534604492123409,0.0,0.5824628692063613,0.0,0.18640116501257367,0.2829268299058382,0.0,DDoS,1
0,6,0.30990882230717626,0.0,4,0.5121275470600122,0.2521061623194955,1.0950161884428595,0.36975693534214465,0.0,0.20035382120662926,0.5000000000000001,0.0,0.05015726709112405,0.0,-0.07304580326504458,-0.00853335615519003,0.0,DoS,1
9,5,0.0,0.8337389500969058,6,0.18066786006278662,-0.09941799299092405,0.712983600403538,0.0678588264090079,0.0,-0.14074020751448846,0.19009117769282388,0.0,0.9101200021442967,0.0,-0.05744976534025423,0.00898708027754659,0.0,DDoS,1
0,5,-1.044846823368551,-1.026645985834746,7,-2.935961308377377,-0.5270779676077947,-0.11355430166811346,-0.7031776051806805,0.0323206365854801,-0.824824850033831,-1.3547556456757268,0.6931471805599453,-1.4390897658450055,4.110873864173311,17.066015353038516,-1.091147479246094,0.0,DDoS,1
9,5,-0.41492132108621965,0.3174706501917522,6,0.002487125602105762,-0.07024443410831187,1.1165063463388312,-0.009753540626464307,0.0,0.15880211597383745,-0.22483014339339577,0.0,0.3776133954227509,0.0,-0.30735523983770563,-0.27175428501278814,0.0,DDoS,1
0,6,0.16466446798290324,-0.1698703824925649,4,0.009285287541094566,0.26180533247671056,0.7471928301621191,0.2888710178455549,0.0,-0.04106296127578888,0.3547556456757271,0.0,-0.12505608801943602,0.0,0.32558349115878715,0.4392828935140851,0.0,DoS,1
9,5,-0.41492132108621965,0.3174706501917522,6,0.623385546087001,-0.5381826133768208,-0.11355430166811346,-0.7176180923240948,0.0,-0.8326677084884105,-0.22483014339339577,0.0,0.3776133954227509,0.0,-0.6489801610105322,-0.6555323794308056,0.0,DoS,1
7,5,0.0,0.16859124612814108,7,0.2431277184331881,-0.486270579615113,-0.11034593998545386,-0.5988559877904345,0.14606877790319514,-0.7947848144823326,-0.22483014339339577,1.0986122886681096,-0.10030099300560465,4.795790545596741,-0.11579317638875732,-0.4493048761679537,0.0368554180469961,DoS,1
0,6,0.0,-0.36590378186628003,4,0.10721521055923555,0.15727253162951227,1.1805990896933578,0.2360004581560714,0.0,0.1828312471640369,0.19009117769282388,0.0,-0.32725537146132955,0.0,0.015675255218307982,0.09113501301002427,0.0,DoS,1
0,6,0.5573662378150711,0.283971881174006,4,0.07685670219681338,-0.031088969067545505,1.0523203434765267,0.20139725142247097,0.0,0.16071831321155358,0.7474574155078949,0.0,0.34306098183805855,0.0,0.7800175242997665,0.9497896407349942,0.0,DDoS,1
0,6,-0.6900911776928237,-1.2461212038380718,4,-1.4024067977037353,0.7392006523123452,-0.11355430166811346,-0.04164309197163562,3.717888996141656,0.06950750298862586,-0.4999999999999999,0.0,-1.2351584765667507,0.0,1.112630435372565,1.323443731168785,0.0,DDoS,1
0,6,0.5573662378150711,0.283971881174006,4,0.391169016887936,0.5905345288185612,0.20375736104919878,0.5092166947677369,3.019897888426712,0.2056052000752394,0.7474574155078949,0.0,0.34306098183805855,0.0,0.31993155850580357,0.4329335676631069,0.0,DoS,1
9,5,0.16466446798290324,1.0300800673922044,6,-0.24577970804802013,0.07757916134695937,0.5473746568753959,0.1906543869683534,0.0,-0.24520816971294043,0.3547556456757271,0.0,1.112636682231074,0.0,0.6981090927149536,0.8577745099814466,0.0,DDoS,1
9,5,-0.41492132108621965,0.3174706501917522,6,-0.5134775769349399,0.620761721079673,-0.1106263050465711,0.16825179882707558,3.3685816336933296,-0.013029383473902043,-0.22483014339339577,0.0,0.3776133954227509,0.0,0.19017837558657996,0.2871701113132106,0.0,DDoS,1
0,6,1.164664467982903,0.9596350412243593,4,0.19336332916944335,0.5653401004848796,0.9290688126129086,0.5002958829961766,0.0,0.27492839332722974,1.3547556456757268,0.0,1.039975932283922,0.0,1.5907430229389563,1.8605507347900778,0.0,DoS,1
9,5,-0.41492132108621965,0.3174706501917522,6,-0.18695062886528124,-0.023441212685001194,1.2395367524575933,0.023022205344386183,0.0,0.25796900030577136,-0.22483014339339577,0.0,0.3776133954227509,0.0,-0.15336231933316108,-0.0987601445905754,0.0,DDoS,1
0,6,0.16466446798290324,-0.1698703824925649,4,0.292192964967212,0.2660577324194061,1.0362961311967718,0.29088631898822337,0.0,0.20886594464200225,0.3547556456757271,0.0,-0.12505608801943602,0.0,0.00018525263424479515,0.07373369564174444,0.0,DoS,1
0,6,1.6181249171952443,1.4509448412153036,4,0.25092786658506455,0.7917523131654632,0.27700126692161503,0.574352301957676,2.716616964040525,0.26376171938029147,1.8082160948880681,0.0,1.5467390135931633,0.0,2.381093990521852,2.748423279975246,0.0,DoS,1
0,5,-0.19009117769282388,0.24520280649978932,7,0.6018606805937087,-0.5284304302194297,-0.09988562513197101,-0.6805980913892786,0.0,-0.82012684610605,-0.4999999999999999,1.0986122886681096,0.0,4.795790545596741,-0.5144987641760566,-0.7902275797850855,0.04901775731576597,DoS,1
0,6,0.30990882230717626,0.0,4,0.4321674325307311,-0.07817902868823748,1.0982251366633038,0.23305156342675906,0.0,0.19397518883390544,0.5000000000000001,0.0,0.05015726709112405,0.0,0.0046690569762427485,0.07877075757565608,0.0,DoS,1
9,5,-1.044846823368551,-0.5642089368717931,6,-1.463248340689973,0.6421515199900033,-0.11355430166811346,-0.06788851086098958,3.435422558042779,0.0009647845827022092,-0.8547556456757273,0.0,-0.5317978645928584,0.0,0.23159075816282335,0.33369237677282065,0.0,DDoS,1
0,6,0.7633692715195171,0.5160734247523158,4,-0.03663400492516973,0.48447476423414826,0.5585792881777444,0.38315880514670503,1.1582545699016082,0.0636410154463593,0.9534604492123409,0.0,0.5824628692063613,0.0,1.338359164392285,1.577025177104234,0.0,DDoS,1
0,6,0.5573662378150711,0.283971881174006,4,-0.4047687503633285,0.569479847802201,0.2470174553644746,0.30323372206650356,2.4264062842977974,0.05466354892743769,0.7474574155078949,0.0,0.34306098183805855,0.0,1.7545472832190476,2.0445668383343607,0.0,DDoS,1
0,6,0.5573662378150711,0.283971881174006,4,-0.5798503560293667,0.9781182530701784,-0.10605658916547404,0.2685068134079605,4.401530479634169,0.24109630194882478,0.7474574155078949,0.0,0.34306098183805855,0.0,2.2061494213180275,2.5518922623687783,0.0,DoS,1
0,5,-1.044846823368551,-1.7595613217927404,7,-2.9689995323628744,-0.5380399831620615,-0.11355430166811346,-0.7174294138183382,0.0004151324979863319,-0.8325669732998262,-1.3547556456757268,0.6931471805599453,-2.6654651549144535,4.110873864173311,40.196568954956,-1.091147479246094,0.0,Reconnaissance,1
0,6,0.0,-0.36590378186628003,4,-0.7589842631922855,0.6130628450183874,0.280763320273092,0.16580331470962317,2.7333131889982543,0.1302483701848803,0.19009117769282388,0.0,-0.32725537146132955,0.0,1.3688349490740082,1.6112613754790261,0.0,DDoS,1
9,5,-0.6900911776928237,-0.048627766645839815,6,-0.23970031403204944,-0.5381826133768208,-0.11355430166811346,-0.7176180923240948,0.0,-0.8326677084884105,-0.4999999999999999,0.0,0.0,0.0,-0.39797905966057284,-0.3735601976525952,0.0,DDoS,1
0,6,0.7633692715195171,0.5160734247523158,4,-0.3488610886551237,0.6662153198735008,-0.10679855946320062,0.3352736742474367,3.4905819110606178,0.020012426978131496,0.9534604492123409,0.0,0.5824628692063613,0.0,2.0686456034798804,2.397421818573404,0.0,DDoS,1
9,5,-0.6900911776928237,-0.048627766645839815,6,-0.500297810744089,0.23240299725405283,1.3187780071792226,0.02233616966092091,0.0,0.2558125541005908,-0.4999999999999999,0.0,0.0,0.0,-0.19991227224608632,-0.15105390630690266,0.0,DDoS,1
0,6,0.8547556456757275,0.6179897265142288,4,-0.2475827079368461,0.38661055703409936,0.8790136780611407,0.34431246603953675,0.0,0.044532753645410296,1.0448468233685515,0.0,0.6875847680926881,0.0,2.010840975049432,2.3324846644822474,0.0,DDoS,1
0,6,-0.41492132108621965,-0.8810964009112113,4,-0.3964060651692851,0.792881679401357,0.19660687891513973,0.21954610438765096,3.3884602349907103,0.22527240845355442,-0.22483014339339577,0.0,-0.8586524636825708,0.0,0.05413762080044842,0.13434325823770618,0.0,DoS,1
9,5,-0.6900911776928237,-0.33795803732122437,7,-0.16785964468952658,-0.5316516010872714,-0.101414729136851,-0.7006832087213417,0.0,-0.8234424155763346,-0.8547556456757273,0.6931471805599453,-0.5317978645928584,4.110873864173311,-0.4437721942743705,-0.7488570302600883,0.0,DDoS,1
0,6,0.7633692715195171,0.5160734247523158,4,-0.26788295449954813,0.6700025938503659,-0.10174905567416652,0.3364793671183636,3.491799755512675,0.0254260519026916,0.9534604492123409,0.0,0.5824628692063613,0.0,1.8632813485503448,2.166717623610528,0.0,DDoS,1
9,5,-0.19009117769282388,0.6015594276070859,6,0.14784370539915534,0.5039437885488134,1.2562648100790652,0.28004035943617434,0.0,0.279435847285454,0.0,0.0,0.670637683175658,0.0,-0.212954497980293,-0.16570541510801645,0.0,DDoS,1
0,6,-0.19009117769282388,-0.597652783571728,4,-0.15019594537940917,0.3730938197570616,1.0841752105670648,0.2294806129722767,0.0,0.13377855909456002,0.0,0.0,-0.5662936283753135,0.0,0.07055655063163481,0.15278812338795114,0.0,DoS,1
0,6,0.16466446798290324,-0.1698703824925649,4,0.47105217081077505,-0.005695741983203683,1.1263584215095137,0.21958888835604473,0.0,0.2641178583877199,0.3547556456757271,0.0,-0.12505608801943602,0.0,-0.16610494522903643,-0.11307508586421486,0.0,DDoS,1
0,6,1.0194201136586305,0.800221833529047,4,-0.36754639242345205,0.6918654075658387,0.7753595476620605,0.34337238204893367,1.611822642906148,0.280281844577193,1.2095112913514543,0.0,0.8755486639197341,0.0,2.731236818151404,3.14177030717829,0.0,DDoS,1
0,6,0.16466446798290324,-0.1698703824925649,4,1.457699885362444,-0.5381826133768208,-0.11355430166811346,-0.7176180923240948,0.0,-0.8326677084884105,0.3547556456757271,0.0,-0.12505608801943602,0.0,-0.7119693819889061,-0.7262938540707844,0.0,DDoS,1
9,5,-1.044846823368551,-0.5642089368717931,6,0.169878551404653,-0.5381826133768208,-0.11355430166811346,-0.7176180923240948,0.0,-0.8326677084884105,-0.8547556456757273,0.0,-0.5317978645928584,0.0,-0.8236250107080665,-0.851726695075984,0.0,DoS,1
0,6,0.16466446798290324,-0.1698703824925649,4,0.5596049797339451,-0.07042429964462356,0.9515015367289962,0.17155290844086943,0.0,0.005676160438171269,0.3547556456757271,0.0,-0.12505608801943602,0.0,-0.23873340123110445,-0.19466518283168854,0.0,DoS,1
9,5,-0.41492132108621965,0.10673338312259498,7,0.6088620411859865,-0.5337976809336852,-0.10202766112192947,-0.7005653523438464,0.0,-0.8233768931306624,-0.4999999999999999,0.6931471805599453,0.0,4.110873864173311,-0.6431873521644998,-0.7928194937781714,0.0,DoS,1
0,6,0.6646644679829034,0.40529696857346387,4,-0.38821439309531414,0.5894506022971038,0.25526945545832064,0.310052700080351,2.4652909738990036,0.0631215160556735,0.8547556456757273,0.0,0.4682021354071417,0.0,1.9486274724508243,2.262594624281448,0.0,DDoS,1
0,6,-1.044846823368551,-1.7595613217927404,4,-1.7215035406780812,0.2918296237907198,-0.11355430166811346,-0.17929291599869218,2.415792852557244,-0.2464564391626321,-0.8547556456757273,0.0,-1.7647479458736606,0.0,0.6881847785456339,0.846625632530611,0.0,DDoS,1
7,5,0.0,0.16859124612814108,7,0.18374492681480026,-0.4881825187107491,-0.11271496609811604,-0.6026804327221956,0.14421353974847748,-0.7970353099122534,-0.22483014339339577,1.0986122886681096,-0.10030099300560465,4.795790545596741,-0.06040652954646067,-0.40937462324749263,0.03923417460113714,DoS,1
4,5,7.191079253170792,10.815075856041664,1,-0.2859314135521201,1.0370548249087894,-0.11237242803181381,0.4393778094903027,4.582193020079739,0.2802047331275244,6.527448008315941,7.084226422097916,10.336026131118004,13.93218453439733,26.130837480541846,25.297585156818602,4.3870935262704505,Normal,0
0,6,0.5573662378150711,0.283971881174006,4,-0.2751352281637531,0.7381476500409905,0.2994656640780799,0.3575996099475636,2.8004232147236108,0.18390077851362993,0.7474574155078949,0.0,0.34306098183805855,0.0,1.455737659329572,1.7088870300335695,0.0,DDoS,1
7,5,0.0,0.16859124612814108,7,0.31002690643996744,-0.49049647305772043,-0.10449757173357106,-0.6073563766652981,0.1246113873048441,-0.7955472372260204,-0.22483014339339577,1.0986122886681096,-0.10030099300560465,4.795790545596741,-0.17459716366579903,-0.4915265713938647,0.034549241879089594,DoS,1
0,6,-0.6900911776928237,-1.2461212038380718,4,-0.6474278860333441,0.24223091326883842,1.3370457264857,0.026732975750088303,0.0,0.26969484369553726,-0.4999999999999999,0.0,-1.2351584765667507,0.0,-0.061820823652550386,0.004076676130436946,0.0,DDoS,1
0,6,-1.044846823368551,-1.7595613217927404,4,-1.526371474382776,0.5477075979620288,-0.11355430166811346,-0.09511814712697073,3.160538717075263,-0.06573795657332769,-0.8547556456757273,0.0,-1.7647479458736606,0.0,0.32891537617055927,0.44302590054134744,0.0,DoS,1
10,6,0.16466446798290324,-0.1698703824925649,4,1.4606223853861982,-0.5354786348142683,-0.1012428735659151,-0.6932956888911741,0.0,-0.8192993466476132,0.3547556456757271,0.0,-0.12505608801943602,0.0,-0.7129267384023481,-0.7273693389000769,0.0,DDoS,1
0,6,0.6646644679829034,0.40529696857346387,4,0.42910192356867677,0.30470073845847034,0.710676160758276,0.4659749487131302,0.0,0.17848938224368455,0.8547556456757273,0.0,0.4682021354071417,0.0,0.39974071120335497,0.522590389051403,0.0,DDoS,1
0,6,0.16466446798290324,-0.1698703824925649,4,0.3661477764950235,0.2856659158595332,0.7822009243835488,0.30005527554284295,0.0,0.03173938469520468,0.3547556456757271,0.0,-0.12505608801943602,0.0,-0.0719280572376644,-0.007277691202649119,0.0,DoS,1
9,5,0.4398343245895079,0.9470859876446064,7,0.1704609629019913,-0.5043792524788311,-0.03519461323698473,-0.5385280289429972,0.0,-0.7641029264018016,0.3547556456757271,1.0986122886681096,0.8608713286398265,4.795790545596741,0.4685987279317998,0.21963632720335177,0.05395395169762519,DDoS,1
9,5,-1.044846823368551,-0.5642089368717931,6,-0.6232635284471947,-0.5381826133768208,-0.11355430166811346,-0.7176180923240948,0.0,-0.8326677084884105,-0.8547556456757273,0.0,-0.5317978645928584,0.0,-0.540286840962882,-0.533427367007687,0.0,DDoS,1
0,6,0.16466446798290324,-0.1698703824925649,4,-0.37181107893499543,0.4204511532536413,1.1464174272106609,0.24849374885732692,0.0,0.18350875816690482,0.3547556456757271,0.0,-0.12505608801943602,0.0,0.9148453740914457,1.1012539282052642,0.0,DDoS,1
0,6,-0.41492132108621965,-0.8810964009112113,4,-0.19654747352606364,-0.022840083129433142,1.2411168852497478,0.023426874269929735,0.0,0.2592426764180707,-0.22483014339339577,0.0,-0.8586524636825708,0.0,-0.14476320670820433,-0.08909998559057584,0.0,DDoS,1
0,6,0.4398343245895079,0.14987570198519154,4,-0.3802335061641594,0.4098334066469467,0.602305093494123,0.2443055458787064,1.3896229733589638,0.17079963236113482,0.6299255022823318,0.0,0.20474704436159807,0.0,1.4525238954299613,1.705276719108161,0.0,DDoS,1
0,6,-0.41492132108621965,-0.8810964009112113,4,-0.40595507531299524,0.8512521481309446,-0.04609131220233208,0.23560250989837286,3.9383913983076924,0.17427767075283068,-0.22483014339339577,0.0,-0.8586524636825708,0.0,0.0646548473750298,0.14615820768430537,0.0,DoS,1
0,6,-1.044846823368551,-1.7595613217927404,4,-1.4523790812599753,0.6590446804925414,-0.11355430166811346,-0.06319980224585994,3.484590961316448,0.01289588706248165,-0.8547556456757273,0.0,-1.7647479458736606,0.0,0.2156294359601524,0.31576158355579376,0.0,DoS,1
0,6,0.0,-0.36590378186628003,4,-0.3721691378609992,0.17989456724036412,0.9742263566618962,0.1414630301823965,0.0,0.17975436660298652,0.19009117769282388,0.0,-0.32725537146132955,0.0,0.6356615939796724,0.7876216008098306,0.0,DDoS,1
0,6,-1.044846823368551,-1.7595613217927404,4,-1.1695638861817073,-0.5381826133768208,-0.11355430166811346,-0.7176180923240948,0.0,-0.8326677084884105,-0.8547556456757273,0.0,-1.7647479458736606,0.0,-0.13045293684262563,-0.07302396841722389,0.0,DDoS,1
0,6,0.0,-0.36590378186628003,4,-0.10062198113175161,0.6436469283699702,0.06761900851652863,0.32801556933140336,3.237233527643508,0.09937437207656222,0.19009117769282388,0.0,-0.32725537146132955,0.0,0.2517019195714754,0.35628505875705163,0.0,DoS,1
0,6,1.2945899702652346,1.1013133300339997,4,0.22520345958228843,0.4383209520629946,0.8591980855406707,0.45216685502530607,0.0,0.16198931493831528,1.4846811479580584,0.0,1.1861104612371756,0.0,1.768814380242793,2.060594355559546,0.0,DoS,1
0,6,0.0,-0.36590378186628003,4,0.17944878721399452,-0.3128653715927314,0.7240656453088709,-0.08316669054273029,0.0,-0.03699611233489017,0.19009117769282388,0.0,-0.32725537146132955,0.0,-0.05627732318355694,0.010304190326684384,0.0,DDoS,1
9,5,-0.41492132108621965,0.3174706501917522,6,-0.2740884627072909,-0.19192189165531198,0.7966549750134904,-0.10939409824898833,0.0,-0.09900887271975202,-0.22483014339339577,0.0,0.3776133954227509,0.0,-0.07221417799650817,-0.007599116464089427,0.0,DDoS,1
0,5,4.50866005324561,6.51884625302051,1,-0.651366553940649,1.0287055929346294,-0.11226861084391056,0.28093671690382477,4.558494648740045,0.27446416457098843,4.698751230938433,0.0,6.774042306271626,0.0,16.799375887504333,18.945780112752672,0.0,Normal,0
0,6,0.16466446798290324,-0.1698703824925649,4,0.5035047745595547,-0.01350758622343588,1.111869765150271,0.21407654819916833,0.0,0.25827922902813716,0.3547556456757271,0.0,-0.12505608801943602,0.0,-0.19342363445264296,-0.14376463408640025,0.0,DoS,1
0,6,0.0,-0.36590378186628003,4,0.08865459021560906,0.7734716636047453,0.13075100297961192,0.3681411465389032,3.3062493054337354,0.19285707281371214,0.19009117769282388,0.0,-0.32725537146132955,0.0,0.03495631790789318,0.11279517021389492,0.0,DoS,1
7,5,0.4398343245895079,0.6847741808938281,7,0.8298042397899283,-0.4900774179134714,-0.10450461018698824,-0.5603726531164013,0.12078059604577114,-0.7951750519053661,0.19009117769282388,1.3862943611198906,0.43189406139687575,5.198497031265826,-0.23723470898349183,-0.5142842565659184,0.03958218627553814,DoS,1
9,5,0.0,0.5440575067279088,7,0.09113001706500261,-0.5173705930576952,-0.04655057128780236,-0.6198606585728581,0.0,-0.773872233905325,0.0,0.6931471805599453,0.49965536780466707,4.110873864173311,0.03236584333585798,-0.111894499157304,0.0,DDoS,1
9,5,-0.41492132108621965,0.3174706501917522,6,-0.22737997388557957,-0.0835248217595646,1.0815956173896721,-0.01954242377382741,0.0,0.13066312280867534,-0.22483014339339577,0.0,0.3776133954227509,0.0,-0.11658201179806164,-0.05744150691780402,0.0,DDoS,1
9,5,-0.19009117769282388,0.43579106312820687,7,0.8785085491819836,-0.5351536146346174,-0.10380252445862562,-0.7018873282806471,0.0,-0.8241107890952821,-0.22483014339339577,0.6931471805599453,0.3776133954227509,4.110873864173311,-0.6420733036694743,-0.755593041322561,0.0,DDoS,1
9,5,-1.044846823368551,-0.5642089368717931,6,-1.5299207193512037,0.5425779590878482,-0.11355430166811346,-0.09664919674151425,3.1456086421034364,-0.0693608575149788,-0.8547556456757273,0.0,-0.5317978645928584,0.0,0.33463656545365517,0.4494530286130743,0.0,DDoS,1
0,6,0.6646644679829034,0.40529696857346387,4,0.15467391849269974,0.8420982545469694,0.10829892311662719,0.5005470155754191,3.435341735786534,0.22146809502626688,0.8547556456757273,0.0,0.4682021354071417,0.0,0.8133972193096065,0.9872880635641949,0.0,DoS,1
0,6,-0.19009117769282388,-0.597652783571728,4,-0.23155393826898088,0.29198613836266823,0.9775778335640383,0.19476012311562596,0.0,0.048713932568043,0.0,0.0,-0.5662936283753135,0.0,0.16297584113641025,0.25661105022719227,0.0,DoS,1
9,5,-0.41492132108621965,0.3174706501917522,6,0.8720256402973676,-0.5381826133768208,-0.11355430166811346,-0.7176180923240948,0.0,-0.8326677084884105,-0.22483014339339577,0.0,0.3776133954227509,0.0,-0.7360610843469705,-0.7533582368169909,0.0,DDoS,1
0,5,6.503311611302158,9.701198207982074,1,0.361689558820165,0.9501570510130218,0.19589599512000558,0.6926021404591619,3.254846350461835,0.2812477434872026,6.693402788994982,0.0,10.056489516843316,0.0,19.472222830377287,21.948430220611368,0.0,Normal,0
0,6,0.0,-0.36590378186628003,4,0.48228752030674327,-0.25159969883567046,0.9518217863594773,-0.0027463625793563537,0.0,0.17935387736872554,0.19009117769282388,0.0,-0.32725537146132955,0.0,-0.3098971421057067,-0.2746098331538934,0.0,DoS,1
0,6,0.16466446798290324,-0.1698703824925649,4,0.5851449425908998,-0.029091514953768265,1.0619213804753302,0.20285735102910524,0.0,0.18422549349099132,0.3547556456757271,0.0,-0.12505608801943602,0.0,-0.25857870668893645,-0.21695920484156775,0.0,DDoS,1
9,5,-0.41492132108621965,0.10673338312259498,7,0.6003765692508004,-0.5331470094672384,-0.10031731694155736,-0.6980928424581189,0.0,-0.8219980245205496,-0.4999999999999999,0.6931471805599453,0.0,4.110873864173311,-0.639761398251338,-0.7901875368968555,0.0,DoS,1
9,5,-0.6900911776928237,-0.048627766645839815,6,0.5953616691414665,-0.5381826133768208,-0.11355430166811346,-0.7176180923240948,0.0,-0.8326677084884105,-0.4999999999999999,0.0,0.0,0.0,-0.7674551937342715,-0.7886260721822977,0.0,DoS,1
0,6,0.30990882230717626,0.0,4,0.030570526976475207,0.49644181791675324,0.35970074842221333,0.3876702778675535,2.012478772677302,0.14986275944882693,0.5000000000000001,0.0,0.05015726709112405,0.0,0.4914914514891751,0.6256622731149222,0.0,DDoS,1
0,6,1.354755645675727,1.1666550516031418,4,0.22812894999028685,0.77441895542932,0.4561762428735659,0.5691245624723965,2.0621826233985945,0.23902610467723293,1.544846823368551,0.0,1.2535073911600865,0.0,1.8817050892123213,2.1874146736355407,0.0,DoS,1
0,6,0.16466446798290324,-0.1698703824925649,4,0.5889852656094102,0.02213387423423039,1.1633689557281282,0.23865597051330975,0.0,0.1920623345781112,0.3547556456757271,0.0,-0.12505608801943602,0.0,-0.2615236464066494,-0.220267521310869,0.0,DoS,1
9,5,-1.044846823368551,-0.5642089368717931,6,-0.8397262458311581,-0.5381826133768208,-0.11355430166811346,-0.7176180923240948,0.0,-0.8326677084884105,-0.8547556456757273,0.0,-0.5317978645928584,0.0,-0.40829923306234966,-0.3851537794925855,0.0,DDoS,1
0,6,0.16466446798290324,-0.1698703824925649,4,0.26157905943010074,0.5221477585914194,1.0250346057293012,0.39719944608497376,0.0,0.18934025583172048,0.3547556456757271,0.0,-0.12505608801943602,0.0,0.03150207317794106,0.10891470547624231,0.0,DoS,1
7,5,0.0,0.16859124612814108,7,0.16823679767769345,-0.4830740219259244,-0.11227564929732774,-0.5925391463455781,0.15839417198057695,-0.7932604147258799,-0.22483014339339577,1.0986122886681096,-0.10030099300560465,4.795790545596741,-0.04542548280078189,-0.39854892562837557,0.039880111087286126,DoS,1
9,5,-0.41492132108621965,0.10673338312259498,7,0.6070268099922282,-0.5237561351503329,-0.07563170119419094,-0.6639545793960705,0.0,-0.8021010418514593,-0.4999999999999999,0.6931471805599453,0.0,4.110873864173311,-0.6424462851619679,-0.7922529536025357,0.0,DoS,1
9,5,0.30990882230717626,0.7363873005327719,7,0.0031226413397493708,-0.04679407036970891,0.9947804002533843,0.006989911057354557,0.16804049195037882,0.10987289537001461,0.19009117769282388,1.0986122886681096,0.6113271410157639,4.795790545596741,0.5314404755214673,0.2175854397010008,0.04747692129096952,DDoS,1
9,5,-0.19009117769282388,0.6015594276070859,6,-0.05325530268891325,-0.20584443082655474,0.9563961945428524,-0.028238942515914047,0.0,0.1062116615689906,0.0,0.0,0.670637683175658,0.0,-0.030654814695647223,0.039088265703681874,0.0,DDoS,1
0,6,-0.19009117769282388,-0.597652783571728,4,-0.1021780822142642,0.4183893262110788,1.1437340168453651,0.24768378446325406,0.0,0.18454129384989387,0.0,0.0,-0.5662936283753135,0.0,0.019258390610621443,0.09516027225686986,0.0,DoS,1
0,6,0.30990882230717626,0.0,4,0.36932897597714853,0.047997591695134886,0.8189041128029467,0.2556278754905052,0.0,0.051129348439451446,0.5000000000000001,0.0,0.05015726709112405,0.0,0.06983388715119716,0.15197629030365592,0.0,DDoS,1
0,6,0.30990882230717626,0.0,4,0.13235858418591895,0.5249356744042506,-0.1027526218238979,0.3982199424942754,3.0668372506105297,-0.07736930500743038,0.5000000000000001,0.0,0.05015726709112405,0.0,0.3513504890984475,0.4682292869276766,0.0,DoS,1
9,5,0.0,0.8337389500969058,6,0.8709804455613909,-0.5381826133768208,-0.11355430166811346,-0.7176180923240948,0.0,-0.8326677084884105,0.19009117769282388,0.0,0.9101200021442967,0.0,-0.5440695991760425,-0.5376768805786142,0.0,DoS,1
0,6,0.30990882230717626,0.0,4,0.12582080527964395,0.5354063730461711,0.0054424841048260385,0.40203067977084883,2.9784075994963306,0.0032195144563910145,0.5000000000000001,0.0,0.05015726709112405,0.0,0.35998073532263875,0.47792442110848427,0.0,DoS,1
9,5,-0.41492132108621965,0.10673338312259498,7,0.5384760565605551,-0.5339649243270979,-0.10246756446050254,-0.7012035372234832,0.0,-0.8237314720798607,-0.4999999999999999,0.6931471805599453,0.0,4.110873864173311,-0.6138618382360074,-0.7703020391172537,0.0,DoS,1
0,5,-1.044846823368551,-1.7595613217927404,7,-2.969410789806669,-0.5381740934303639,-0.11355430166811346,-0.7176068193106051,2.479773771157292e-05,-0.8326616911209509,-1.3547556456757268,0.6931471805599453,-2.6654651549144535,4.110873864173311,55.279321516307974,-1.091147479246094,0.0,Reconnaissance,1
0,6,0.0,-0.36590378186628003,4,0.11941146486080083,0.940792998749777,0.0003871149379442988,0.41474785776774925,4.117488007538513,0.27015840385539425,0.19009117769282388,0.0,-0.32725537146132955,0.0,0.00318368923371481,0.07710210998466556,0.0,DoS,1
0,6,0.4398343245895079,0.14987570198519154,4,0.5977778434110749,0.1392553693018125,1.1456912934331231,0.3806876548168739,0.0,0.12953386351540838,0.6299255022823318,0.0,0.20474704436159807,0.0,-0.0347509786643808,0.03448667517291073,0.0,DDoS,1
9,5,-0.6900911776928237,-0.048627766645839815,6,-0.3058789248436589,-0.5381826133768208,-0.11355430166811346,-0.7176180923240948,0.0,-0.8326677084884105,-0.4999999999999999,0.0,0.0,0.0,-0.3526591225078607,-0.3226482236083678,0.0,DDoS,1
0,6,-0.41492132108621965,-0.8810964009112113,4,-0.12334955167975134,-0.5381826133768208,-0.11355430166811346,-0.7176180923240948,0.0,-0.8326677084884105,-0.22483014339339577,0.0,-0.8586524636825708,0.0,-0.20832534047593512,-0.16050506485346175,0.0,DoS,1
9,5,0.0,0.5440575067279088,7,-0.25730298858745193,-0.06839087242358399,1.0333921826244048,-0.008405461048512352,0.0,0.11482853177125435,0.0,0.6931471805599453,0.49965536780466707,4.110873864173311,0.46174455300632405,0.29116667717717926,0.0,DDoS,1
0,6,-0.6900911776928237,-1.2461212038380718,4,-1.3568862774428523,0.8159066769242616,-0.11355430166811346,-0.022006753646382434,3.941145784063137,0.12368253082452191,-0.4999999999999999,0.0,-1.2351584765667507,0.0,1.011398758320124,1.2097210554911766,0.0,DDoS,1
0,6,0.8547556456757275,0.6179897265142288,4,0.5050685381257065,0.418041901727782,0.2648001079229524,0.5157349016435657,1.630093064991197,-0.027450784620143713,1.0448468233685515,0.0,0.6875847680926881,0.0,0.5326904555609568,0.6719448312500463,0.0,DoS,1
0,6,0.30990882230717626,0.0,4,0.5130044062342064,0.26508961405904763,1.113046359946508,0.3760612067921967,0.0,0.19789984961038662,0.5000000000000001,0.0,0.05015726709112405,0.0,-0.07386861345902661,-0.009457693077771844,0.0,DoS,1
9,5,0.0,0.8337389500969058,6,0.9104540540850108,-0.5381826133768208,-0.11355430166811346,-0.7176180923240948,0.0,-0.8326677084884105,0.19009117769282388,0.0,0.9101200021442967,0.0,-0.5632636948624816,-0.559239339901926,0.0,DoS,1
0,6,-0.19009117769282388,-0.597652783571728,4,-0.3640159663975523,0.2366064863930144,0.9262018159209817,0.1692777054061788,0.0,0.08585290166373531,0.0,0.0,-0.5662936283753135,0.0,0.3294504421311853,0.44362698840710396,0.0,DDoS,1
0,5,-1.044846823368551,-1.7595613217927404,7,-2.933520317359815,-0.5262531105693407,-0.11355430166811346,-0.7021246267613864,0.03472142496985238,-0.8242422797175493,-1.3547556456757268,0.6931471805599453,-2.6654651549144535,4.110873864173311,16.695940724745547,-1.091147479246094,0.0,Reconnaissance,1
0,6,1.0194201136586305,0.800221833529047,4,-0.3509181575615195,0.7200187817486338,0.3691440067569153,0.35208436218434735,2.7382672259321885,0.2810520676120322,1.2095112913514543,0.0,0.8755486639197341,0.0,2.6816293533277133,3.0860417664922513,0.0,DDoS,1
0,6,0.0,-0.36590378186628003,4,0.5541908198831764,-0.3230747918766413,0.6861131314079254,-0.09821325182585817,0.0,-0.07304816657499473,0.19009117769282388,0.0,-0.32725537146132955,0.0,-0.3601032907422764,-0.3310109293785534,0.0,DoS,1
9,5,-0.41492132108621965,0.10673338312259498,7,0.6080519451960122,-0.534562898346941,-0.10403889918588555,-0.7034911110640546,0.0,-0.8249980164973929,-0.4999999999999999,0.6931471805599453,0.0,4.110873864173311,-0.642859081641277,-0.7925676915555734,0.0,DoS,1
9,5,0.0,0.5440575067279088,6,0.22171436650329981,-0.5225737559142628,-0.06330267695844966,-0.6422402947591532,0.0,-0.7885719940129422,0.0,0.6931471805599453,0.49965536780466707,4.110873864173311,-0.09617733554535979,-0.23151170591138462,0.0,DDoS,1
9,5,0.0,0.8337389500969058,6,-0.4118262681440884,0.2901726519816449,-0.10393214930905849,0.19394987703789185,2.3934482540096567,-0.2429527712428672,0.19009117769282388,0.0,0.9101200021442967,0.0,0.6999516484941128,0.8598444191185113,0.0,DDoS,1
9,5,-0.6900911776928237,-0.048627766645839815,6,-0.3984440842246946,0.23250586771868018,1.3189692184970554,0.022382432387490374,0.0,0.25595786238146895,-0.4999999999999999,0.0,0.0,0.0,-0.28378805997237105,-0.2452791457036476,0.0,DDoS,1
7,5,0.0,0.16859124612814108,7,0.26226409124716715,-0.4921054807237789,-0.10355265936231611,-0.6106389380251255,0.1184486902661532,-0.7963245919556265,-0.22483014339339577,1.0986122886681096,-0.10030099300560465,4.795790545596741,-0.1329935877342298,-0.4616738018044561,0.03612072083067307,DoS,1
9,5,-0.6900911776928237,-0.048627766645839815,6,-0.49837651745843975,-0.5381826133768208,-0.11355430166811346,-0.7176180923240948,0.0,-0.8326677084884105,-0.4999999999999999,0.0,0.0,0.0,-0.20157917213986698,-0.15292648534072878,0.0,DoS,1
0,6,-0.19009117769282388,-0.597652783571728,4,0.00891071329556911,-0.5381826133768208,-0.11355430166811346,-0.7176180923240948,0.0,-0.8326677084884105,0.0,0.0,-0.5662936283753135,0.0,-0.09080452890167277,-0.02848333480639527,0.0,DoS,1
9,5,-0.6900911776928237,-0.048627766645839815,6,-0.22126247190907636,-0.5381826133768208,-0.11355430166811346,-0.7176180923240948,0.0,-0.8326677084884105,-0.4999999999999999,0.0,0.0,0.0,-0.4100608809993562,-0.3871327975512762,0.0,DDoS,1
0,6,0.0,-0.36590378186628003,4,0.25974884389551983,0.10458928493667158,1.0996175773643337,0.2065812064636842,0.0,0.18842361018869563,0.19009117769282388,0.0,-0.32725537146132955,0.0,-0.1307512426181772,-0.07335908220723088,0.0,DoS,1
0,6,0.30990882230717626,0.0,4,1.606523295288552,-0.5381826133768208,-0.11355430166811346,-0.7176180923240948,0.0,-0.8326677084884105,0.5000000000000001,0.0,0.05015726709112405,0.0,-0.7123119951388301,-0.7266787423317139,0.0,DDoS,1
9,5,-0.41492132108621965,0.10673338312259498,7,-0.9036084783713514,0.6374977359031175,-0.04457745817985594,0.1735251991275129,3.3138732321279494,0.023886051563936108,-0.4999999999999999,0.6931471805599453,0.0,4.110873864173311,0.7744555790171221,0.3387108299695478,0.0,DDoS,1
0,5,-1.044846823368551,-1.7595613217927404,7,-2.969393368300177,-0.5381684134660594,-0.11355430166811346,-0.7175993041373679,4.132956285262154e-05,-0.8326576795426445,-1.3547556456757268,0.6931471805599453,-2.6654651549144535,4.110873864173311,52.544768990763565,-1.091147479246094,0.0,Reconnaissance,1
0,6,-1.044846823368551,-1.7595613217927404,4,-1.512970382340814,0.5672463596162112,-0.11355430166811346,-0.0893372734516328,3.2174072771257403,-0.05193835006458644,-0.8547556456757273,0.0,-1.7647479458736606,0.0,0.3075687168393489,0.4190452722774685,0.0,DoS,1
0,6,1.354755645675727,1.1666550516031418,4,0.24211870606453748,0.8018755873240869,0.4757454895244352,0.5773755420451038,2.068153367578703,0.265201653126847,1.544846823368551,0.0,1.2535073911600865,0.0,1.8481024384348057,2.1496657844780516,0.0,DoS,1
0,6,1.0194201136586305,0.800221833529047,4,0.3282570102234274,0.47692419835192684,0.9011595852004787,0.4673895349275301,0.0,0.22094592125004348,1.2095112913514543,0.0,0.8755486639197341,0.0,1.0614020088283933,1.2658942179434036,0.0,DoS,1
0,6,0.5573662378150711,0.283971881174006,4,0.7445032714264189,0.32315273360904306,1.0481224925509702,0.4744908907809067,0.0,0.22977027919693557,0.7474574155078949,0.0,0.34306098183805855,0.0,-0.06841985084479463,-0.0033366064607676955,0.0,DDoS,1
9,5,-0.6900911776928237,-0.048627766645839815,6,-0.539307066475278,-0.5381826133768208,-0.11355430166811346,-0.7176180923240948,0.0,-0.8326677084884105,-0.4999999999999999,0.0,0.0,0.0,-0.16534517276035246,-0.11222156490555124,0.0,DDoS,1
10,6,0.0,-0.36590378186628003,4,0.47976025544148265,0.1500656035877179,1.1659092508739413,0.23209642721492166,0.0,0.15092181612173083,0.19009117769282388,0.0,-0.32725537146132955,0.0,-0.3080653557405959,-0.2725520222712164,0.0,DoS,1
0,6,0.5573662378150711,0.283971881174006,4,-0.455672867814888,0.4800437609694311,0.639594819698285,0.271250890669906,1.2960565167995488,0.09513992830863822,0.7474574155078949,0.0,0.34306098183805855,0.0,1.8799791962366939,2.1854758223506816,0.0,DDoS,1
0,6,1.164664467982903,0.9596350412243593,4,0.5896547673967175,0.5863774260547536,0.2183656711165333,0.5801672813392617,2.4431704734255506,0.14643352859319303,1.3547556456757268,0.0,1.039975932283922,0.0,0.8224265954788958,0.9974315764207417,0.0,DoS,1
7,5,0.0,0.16859124612814108,7,0.1906979981065746,-0.49724079956226414,-0.11196009196912465,-0.6212916201310482,0.11666692688984019,-0.8031460580002906,-0.22483014339339577,1.0986122886681096,-0.10030099300560465,4.795790545596741,-0.06705294322386084,-0.4141714090056634,0.03894759893791215,DoS,1
9,5,-1.044846823368551,-0.5642089368717931,6,-1.2555772174161517,1.0001407368933246,-0.11355430166811346,0.021695272751746614,4.47736839059927,0.25380119331082684,-0.8547556456757273,0.0,-0.5317978645928584,0.0,-0.03788179721434561,0.030969544241861876,0.0,DDoS,1
0,5,-1.044846823368551,-1.7595613217927404,7,-2.9694011111532386,-0.5381709378946392,-0.11355430166811346,-0.7176026441976624,3.3982085012155485e-05,-0.8326594624663363,-1.3547556456757268,0.6931471805599453,-2.6654651549144535,4.110873864173311,53.59262298002636,-1.091147479246094,0.0,Reconnaissance,1
9,5,-0.19009117769282388,0.6015594276070859,6,0.9384111956462062,-0.5381826133768208,-0.11355430166811346,-0.7176180923240948,0.0,-0.8326677084884105,0.0,0.0,0.670637683175658,0.0,-0.6653673062847669,-0.6739415381207111,0.0,DoS,1
9,5,0.4398343245895079,1.2607615591534491,6,0.9230941401348605,-0.47836754039243506,0.15017713441099878,-0.36500472573470927,0.0,-0.5450555960180182,0.5000000000000001,0.6931471805599453,1.2880881994810471,4.110873864173311,-0.30717772557903233,-0.36809706135648784,0.0,DoS,1
0,6,1.5697598268718387,1.3989332697578425,4,-0.006634600181765452,0.5148941286208983,0.8675867489383666,0.4818399117422452,0.0,0.12424170026734932,1.7598510045646625,0.0,1.49309151009129,0.0,3.01155817490484,3.4566805770443514,0.0,DoS,1
9,5,-0.41492132108621965,0.3174706501917522,6,-0.06182527696259295,-0.13252871379732753,0.9527801890997818,-0.057788364049922145,0.0,0.026833670157334108,-0.22483014339339577,0.0,0.3776133954227509,0.0,-0.25829170801316587,-0.21663679333684033,0.0,DDoS,1
9,5,-0.19009117769282388,0.43579106312820687,7,0.8819117807190239,-0.5353520978317052,-0.10444126410623372,-0.7028989964140688,0.0,-0.8246708499999554,-0.22483014339339577,0.6931471805599453,0.3776133954227509,4.110873864173311,-0.643436055356748,-0.7567591087041098,0.0,DDoS,1
0,6,0.16466446798290324,-0.1698703824925649,4,-0.3851003546102389,0.40346111780435295,1.124094972198109,0.24177172150423593,0.0,0.16710184862442984,0.3547556456757271,0.0,-0.12505608801943602,0.0,0.9390799233891108,1.1284787838059838,0.0,DDoS,1
0,6,0.30990882230717626,0.0,4,1.6068021342758987,-0.5381826133768208,-0.11355430166811346,-0.7176180923240948,0.0,-0.8326677084884105,0.5000000000000001,0.0,0.05015726709112405,0.0,-0.7124026905254119,-0.7267806286417505,0.0,DDoS,1
0,6,-1.044846823368551,-1.7595613217927404,4,-1.5713088119004752,0.48412891751871384,-0.11355430166811346,-0.11450291597136161,2.9754897323589353,-0.1106415583466236,-0.8547556456757273,0.0,-1.7647479458736606,0.0,0.40336222352862455,0.5266587605692999,0.0,DoS,1
0,6,0.30990882230717626,0.0,4,0.15993218274740217,0.6176036609263265,-0.09034089576050489,0.43079547102590904,3.3284772627706056,-0.0016558903787197961,0.5000000000000001,0.0,0.05015726709112405,0.0,0.3154797326667306,0.4279324300665438,0.0,DoS,1
0,6,0.8547556456757275,0.6179897265142288,4,0.41233172339362184,0.5757054042335928,0.24201076883372827,0.5039891676289482,2.2185139909754605,0.11875519833688883,1.0448468233685515,0.0,0.6875847680926881,0.0,0.6719313744835733,0.8283667174101064,0.0,DoS,1
0,6,0.30990882230717626,0.0,4,0.4543078917031455,0.16598370355130296,0.9581522886704362,0.32534072913022516,0.0,0.05193300129351112,0.5000000000000001,0.0,0.05015726709112405,0.0,-0.01742030738350602,0.05395578174840674,0.0,DDoS,1
9,5,0.0,0.8337389500969058,6,-0.332276831258592,0.35051469943206665,-0.0905919339323839,0.22010137987216555,2.554608751397169,-0.19282364299449167,0.19009117769282388,0.0,0.9101200021442967,0.0,0.5732300512550128,0.7174866164644534,0.0,DDoS,1
0,6,0.16466446798290324,-0.1698703824925649,4,0.5065114375669755,-0.048416015732238915,1.011143631372733,0.18851288841234623,0.0,0.12084255624901387,0.3547556456757271,0.0,-0.12505608801943602,0.0,-0.19591199875262008,-0.14656003819797533,0.0,DoS,1
0,6,0.5573662378150711,0.283971881174006,4,0.5319453949292995,0.25307333401913645,0.9399004058841471,0.4411812723450077,0.0,0.12865555073175652,0.7474574155078949,0.0,0.34306098183805855,0.0,0.1505835336210948,0.2426896531952004,0.0,DoS,1
0,6,0.30990882230717626,0.0,4,0.4126770609724582,0.265260012988185,1.1331417309903105,0.37614334726401766,0.0,0.26816108358970286,0.5000000000000001,0.0,0.05015726709112405,0.0,0.02448590431153955,0.10103281000907763,0.0,DoS,1
9,5,0.0,0.8337389500969058,6,0.5866025472451851,-0.24680360008759766,0.9696519484785211,0.0029412110006383843,0.0,0.19629076097857545,0.19009117769282388,0.0,0.9101200021442967,0.0,-0.3816217336911913,-0.3551845376780472,0.0,DoS,1
0,6,0.30990882230717626,0.0,4,0.35603544138581733,0.8888948493452581,0.19355570935879687,0.5137270706925526,3.362977344970514,0.26934851076841326,0.5000000000000001,0.0,0.05015726709112405,0.0,0.08409931473035358,0.1680019320911215,0.0,DoS,1
9,5,-0.41492132108621965,0.3174706501917522,6,0.8814062537757397,-0.5381826133768208,-0.11355430166811346,-0.7176180923240948,0.0,-0.8326677084884105,-0.22483014339339577,0.0,0.3776133954227509,0.0,-0.7389314362394053,-0.7565827620530479,0.0,DDoS,1
7,5,0.0,0.16859124612814108,7,0.2463999811520138,-0.4948719388936818,-0.09822396358773432,-0.6163435470958505,0.10205371189988327,-0.7962537207388792,-0.22483014339339577,1.0986122886681096,-0.10030099300560465,4.795790545596741,-0.11875980085073257,-0.45143488963517026,0.036729150248249576,DoS,1
9,5,0.16466446798290324,1.0300800673922044,6,0.8693521732742082,-0.5381826133768208,-0.11355430166811346,-0.7176180923240948,0.0,-0.8326677084884105,0.3547556456757271,0.0,1.112636682231074,0.0,-0.4497992251361639,-0.43177446460470575,0.0,DoS,1
7,5,0.0,0.16859124612814108,7,0.29890517102904957,-0.4855258731840681,-0.11313023484972902,-0.5973760957325295,0.15259425666025905,-0.7953165714733993,-0.22483014339339577,1.0986122886681096,-0.10030099300560465,4.795790545596741,-0.16507677592677006,-0.4847046072534799,0.03475498739579472,DoS,1
0,6,-1.044846823368551,-1.2746134186016944,4,-1.2288929878494106,-0.5381826133768208,-0.11355430166811346,-0.7176180923240948,0.0,-0.8326677084884105,-0.8547556456757273,0.0,-1.2645468635828538,0.0,-0.06766041463366582,-0.0024834632505520465,0.0,Normal,0
0,6,1.164664467982903,0.9596350412243593,4,0.20773063856278295,0.3929266773407922,0.8163567792037163,0.4335257282688743,0.0,0.1335637167897033,1.3547556456757268,0.0,1.039975932283922,0.0,1.5588616010800047,1.8247354573613694,0.0,DoS,1
9,5,0.0,0.5440575067279088,7,-0.6023200824445998,0.21841734736831478,0.8808794547544754,0.16055688718922254,0.0,-0.02984837125463456,0.0,0.6931471805599453,0.49965536780466707,4.110873864173311,1.0420057093261226,0.8440367991585966,0.0,DDoS,1
0,6,-0.41492132108621965,-0.8810964009112113,4,-0.04823559507833952,-0.0158395271240384,1.2595195082467212,0.028110859631880453,0.0,0.2740754872061854,-0.22483014339339577,0.0,-0.8586524636825708,0.0,-0.26892091960037057,-0.22857754565110036,0.0,DoS,1
0,6,-0.6900911776928237,-1.2461212038380718,4,-0.6928574478176606,0.07435799047911763,1.0250105576801258,-0.055582006133388366,0.0,0.03256844421187188,-0.4999999999999999,0.0,-1.2351584765667507,0.0,-0.014690636560860398,0.05702226724690885,0.0,DDoS,1
0,6,0.4398343245895079,0.14987570198519154,4,-0.3504900061336747,0.5643063469814461,-0.09968678882293597,0.3014488536514846,3.1881937052320475,-0.046728869902732596,0.6299255022823318,0.0,0.20474704436159807,0.0,1.3875746255804722,1.6323133447410185,0.0,DDoS,1
0,6,-1.044846823368551,-1.7595613217927404,4,-0.22437880694966814,-0.5381826133768208,-0.11355430166811346,-0.7176180923240948,0.0,-0.8326677084884105,-0.8547556456757273,0.0,-1.7647479458736606,0.0,-0.7131686239565194,-0.7276410707653297,0.0,DDoS,1
0,6,0.6646644679829034,0.40529696857346387,4,-0.038979935955811604,0.6646728940112351,0.28709206297069656,0.33478162403705514,2.748372763267019,0.20691765477783433,0.8547556456757273,0.0,0.4682021354071417,0.0,1.1656691931811167,1.3830269528265728,0.0,DDoS,1
0,6,0.5573662378150711,0.283971881174006,4,0.42249582103235855,0.5923473840924396,-0.09615759097201042,0.5098512528811145,3.2483419957035626,-0.025597658308023293,0.7474574155078949,0.0,0.34306098183805855,0.0,0.2804344698590161,0.38856292466702647,0.0,DDoS,1
9,5,-0.6900911776928237,-0.048627766645839815,6,-0.05491851965812991,-0.5381826133768208,-0.11355430166811346,-0.7176180923240948,0.0,-0.8326677084884105,-0.4999999999999999,0.0,0.0,0.0,-0.5091939966115354,-0.49849796983657413,0.0,DDoS,1
0,6,0.6646644679829034,0.40529696857346387,4,0.02979697925032921,0.31575489565590026,0.8430254792013702,0.31374486279809954,0.0,0.11184324891486795,0.8547556456757273,0.0,0.4682021354071417,0.0,1.0343685432328722,1.235525087154741,0.0,DDoS,1
7,5,0.4398343245895079,0.6847741808938281,7,0.812163775718907,-0.4932228559239188,-0.11075651643478873,-0.5690289050882068,0.12719127046157774,-0.7994197474845176,0.19009117769282388,1.3862943611198906,0.43189406139687575,5.198497031265826,-0.22331462994410564,-0.5039663669442859,0.04020580471430415,DoS,1
9,5,-0.41492132108621965,0.3174706501917522,6,0.8778605345992306,-0.5381826133768208,-0.11355430166811346,-0.7176180923240948,0.0,-0.8326677084884105,-0.22483014339339577,0.0,0.3776133954227509,0.0,-0.7378479127272419,-0.7553655423393115,0.0,DDoS,1
9,5,-0.41492132108621965,0.3174706501917522,6,-0.5314351508448865,0.6752701296357188,0.22182624404664147,0.1851878669489637,3.0066577333581925,0.15178920849777092,-0.22483014339339577,0.0,0.3776133954227509,0.0,0.21246367106219932,0.3122051942392859,0.0,DDoS,1
0,6,-1.044846823368551,-1.7595613217927404,4,-2.13980265529528,-0.11015312552658,-0.11355430166811346,-0.359735997244307,1.2458016052402214,-0.5303640819324753,-0.8547556456757273,0.0,-1.7647479458736606,0.0,1.9198674595318068,2.2302859071199315,0.0,DoS,1
0,6,-0.41492132108621965,-0.8810964009112113,4,-0.8026215666294899,0.33198192256694,-0.008429721042629564,0.0648783194853564,2.3680489415498953,-0.1781541925896343,-0.22483014339339577,0.0,-0.8586524636825708,0.0,0.601273643431877,0.7489905135727918,0.0,DDoS,1
0,6,0.4398343245895079,0.14987570198519154,4,0.7998525691446143,0.04299007205350272,0.9694267179691716,0.32164644571888157,0.0,0.04654121718417512,0.6299255022823318,0.0,0.20474704436159807,0.0,-0.2134639956717778,-0.1662777798303474,0.0,DDoS,1
9,5,-0.41492132108621965,0.3174706501917522,6,-0.05288936257791546,-0.5381826133768208,-0.11355430166811346,-0.7176180923240948,0.0,-0.8326677084884105,-0.22483014339339577,0.0,0.3776133954227509,0.0,-0.26529979889444916,-0.224509614074548,0.0,DDoS,1
9,5,-0.19009117769282388,0.6015594276070859,6,-0.4046074053506992,0.1602548284429893,0.8071334725383009,0.13138187897521406,0.0,-0.059933871360272756,0.0,0.0,0.670637683175658,0.0,0.38473343335403976,0.5057313599277687,0.0,DDoS,1
9,5,0.0,0.8337389500969058,6,0.9087027105471399,-0.5381826133768208,-0.11355430166811346,-0.7176180923240948,0.0,-0.8326677084884105,0.19009117769282388,0.0,0.9101200021442967,0.0,-0.5624258192021725,-0.5582980785818539,0.0,DoS,1
9,5,-1.044846823368551,-0.5642089368717931,6,-1.1295304858293507,-0.5381826133768208,-0.11355430166811346,-0.7176180923240948,0.0,-0.8326677084884105,-0.8547556456757273,0.0,-0.5317978645928584,0.0,-0.17031521962378982,-0.11780486693126412,0.0,DDoS,1
9,5,-0.41492132108621965,0.3174706501917522,6,0.8892582262510195,-0.5381826133768208,-0.11355430166811346,-0.7176180923240948,0.0,-0.8326677084884105,-0.22483014339339577,0.0,0.3776133954227509,0.0,-0.7413169733922489,-0.7592626511534645,0.0,DDoS,1
0,6,0.9398343245895074,0.7123588192549979,4,-0.3581685593290834,0.712258057187143,0.38353119207939373,0.3497009847941315,2.6570610639698975,0.2740253424773546,1.1299255022823314,0.0,0.7849220738385763,0.0,2.5074261119060752,2.8903435492640757,0.0,DDoS,1
0,6,-0.19009117769282388,-0.597652783571728,4,-0.6305050800398974,0.6309572570063937,0.20124287356591508,0.17147229162690314,2.909914411067506,0.11267141696968945,0.0,0.0,-0.5662936283753135,0.0,0.7334558325005366,0.8974826916686308,0.0,DoS,1
9,5,0.0,0.8337389500969058,6,0.6697324194176559,-0.5381826133768208,-0.11355430166811346,-0.7176180923240948,0.0,-0.8326677084884105,0.19009117769282388,0.0,0.9101200021442967,0.0,-0.4338378600858911,-0.41384362325310214,0.0,DoS,1
0,5,-1.044846823368551,-1.6199718206924152,7,-2.9692694910743396,-0.5381280226087823,-0.11355430166811346,-0.717545866806173,0.00015888920830007836,-0.8326291527635763,-1.3547556456757268,0.6931471805599453,-2.3937517989956962,4.110873864173311,45.33642233599792,-1.091147479246094,0.0,Theft,1
0,6,0.30990882230717626,0.0,4,-0.611479586069047,0.8709051401783636,-0.10618680055369167,0.24087263361505257,4.089608002872864,0.1653443315952799,0.5000000000000001,0.0,0.05015726709112405,0.0,1.7124294543930907,1.9972520814590193,0.0,DoS,1
0,5,-1.044846823368551,-1.7595613217927404,7,-2.969388529048468,-0.538166835698197,-0.11355430166811346,-0.7175972166132523,4.592173650291282e-05,-0.8326565652153372,-1.3547556456757268,0.6931471805599453,-2.6654651549144535,4.110873864173311,51.98075962337939,-1.091147479246094,0.0,Reconnaissance,1
9,5,-0.41492132108621965,0.10673338312259498,7,0.5860936685791939,-0.5342101094529121,-0.1031115829481735,-0.702139512686596,0.0,-0.8242505257396237,-0.4999999999999999,0.6931471805599453,0.0,4.110873864173311,-0.6339288971332239,-0.7854186199864529,0.0,DoS,1
0,5,-1.044846823368551,-1.7595613217927404,7,-2.940995288738118,-0.5287724902919944,-0.11355430166811346,-0.7053491300428675,0.027388642085067263,-0.8260216375619231,-1.3547556456757268,0.6931471805599453,-2.6654651549144535,4.110873864173311,17.924573901404777,-1.091147479246094,0.0,Reconnaissance,1
0,6,0.7633692715195171,0.5160734247523158,4,-0.19825069951111596,0.7619716292094058,-0.10267754498744809,0.3647383398865969,3.7603078225841267,0.08902293998767997,0.9534604492123409,0.0,0.5824628692063613,0.0,1.6958554257726182,1.9786329798461813,0.0,DDoS,1
9,5,-0.19009117769282388,0.43579106312820687,6,0.879418761871553,-0.5357900861903028,-0.10585188747859137,-0.7051436254855128,0.0,-0.8259086447729581,-0.22483014339339577,0.6931471805599453,0.3776133954227509,4.110873864173311,-0.642436338651582,-0.7559058664771123,0.0,DDoS,1
0,6,0.4398343245895079,0.14987570198519154,4,-0.3509532253379203,0.5608800662914945,-0.10325939046993407,0.30026261419040323,3.184102996944368,-0.050993400507954936,0.6299255022823318,0.0,0.20474704436159807,0.0,1.3885752295023364,1.6334374133981933,0.0,DDoS,1
0,6,-1.044846823368551,-1.7595613217927404,4,-1.3897640272225458,0.7601442584711936,-0.11355430166811346,-0.03618933799179594,3.778846427610353,0.08429930653183015,-0.8547556456757273,0.0,-1.7647479458736606,0.0,0.1279610808083348,0.2172758110149036,0.0,DDoS,1
9,5,-0.19009117769282388,0.6015594276070859,6,-0.06216945380521708,-0.34207206360045367,0.5178166717499941,-0.19624109731979877,0.0,-0.2786408861843918,0.0,0.0,0.670637683175658,0.0,-0.021732217388232975,0.049111824231387866,0.0,DDoS,1
9,5,0.0,0.8337389500969058,6,-0.13175590639084825,0.5868226721455181,0.20534570537033997,0.30916173573737654,2.690477393188337,0.11620026868660037,0.19009117769282388,0.0,0.9101200021442967,0.0,0.29109748254013285,0.40054164879952003,0.0,DDoS,1
0,6,-0.41492132108621965,-0.8810964009112113,4,-0.2956109468156498,-0.28758416602661885,0.5451886305515802,-0.20882069523625582,0.0,-0.3016987696935065,-0.22483014339339577,0.0,-0.8586524636825708,0.0,-0.051073531923277994,0.01615007852114857,0.0,DDoS,1
0,6,0.16466446798290324,-0.1698703824925649,4,0.18498348537287726,0.46507484615185574,0.9749348943058913,0.37573997091343414,0.0,0.19667787828514838,0.3547556456757271,0.0,-0.12505608801943602,0.0,0.11380357400365455,0.20137140636972375,0.0,DoS,1
0,6,0.30990882230717626,0.0,4,0.5886399493006099,0.32883238236005036,1.2061762428735658,0.4057024553132875,0.0,0.23199625942609473,0.5000000000000001,0.0,0.05015726709112405,0.0,-0.14226679113791646,-0.08629553676069711,0.0,DDoS,1
9,5,0.0,0.8337389500969058,6,-0.02785976483186958,0.02824646248667578,0.942372076109143,0.1598968323990306,0.0,0.010682164433703258,0.19009117769282388,0.0,0.9101200021442967,0.0,0.16388710431324904,0.2576347543654029,0.0,DDoS,1
0,5,-1.044846823368551,-1.7595613217927404,7,-2.969320782064903,-0.5381447469481236,-0.11355430166811346,-0.7175679923714776,0.00011021216760699077,-0.8326409646330343,-1.3547556456757268,0.6931471805599453,-2.6654651549144535,4.110873864173311,47.29440835152006,-1.091147479246094,0.0,Reconnaissance,1
9,5,-0.41492132108621965,0.3174706501917522,6,-0.31608341586945776,-0.07449052297955779,1.1053445322947706,-0.012858443905397206,0.0,0.14980526015976783,-0.22483014339339577,0.0,0.3776133954227509,0.0,-0.030543911259589072,0.0392128535388102,0.0,DDoS,1
0,6,0.16466446798290324,-0.1698703824925649,4,0.4250629756397407,-0.07219865738265986,0.9474778875255144,0.170154902616048,0.0,0.0030122495772242383,0.3547556456757271,0.0,-0.12505608801943602,0.0,-0.12594873265713902,-0.06796398949870346,0.0,DoS,1
0,6,-1.044846823368551,1.2696053417856366,1,-2.8231328381627874,-0.4866908969736519,-0.11355430166811346,-0.654506412471174,0.14986926081617621,-0.7963007453512494,-1.3547556456757268,0.6931471805599453,-2.2137716285135745,7.104144092987527,9.477655874993141,-1.091147479246094,0.0,Normal,0
9,5,-0.6900911776928237,-0.048627766645839815,6,0.5599842882203885,-0.5381826133768208,-0.11355430166811346,-0.7176180923240948,0.0,-0.8326677084884105,-0.4999999999999999,0.0,0.0,0.0,-0.7574256186767975,-0.7773589456794493,0.0,DoS,1
9,5,-0.41492132108621965,0.10673338312259498,7,0.6087917126320743,-0.5332284222889373,-0.10053140323299627,-0.6984017546141967,0.0,-0.8221707452531886,-0.4999999999999999,0.6931471805599453,0.0,4.110873864173311,-0.6431575085578466,-0.7927966022313647,0.0,DoS,1
0,6,0.5573662378150711,0.283971881174006,4,0.7712274498810396,-0.30702037276974625,0.6570572226262816,0.08644200344776683,0.0,-0.027666741252307833,0.7474574155078949,0.0,0.34306098183805855,0.0,-0.09311547655504025,-0.03107943079278991,0.0,DDoS,1
9,5,-0.6900911776928237,-0.048627766645839815,6,-0.2696184770468145,-0.5381826133768208,-0.11355430166811346,-0.7176180923240948,0.0,-0.8326677084884105,-0.4999999999999999,0.0,0.0,0.0,-0.3778762641127636,-0.35097691379459395,0.0,DDoS,1
9,5,-1.044846823368551,-0.5642089368717931,6,-0.8152754442501673,-0.5381826133768208,-0.11355430166811346,-0.7176180923240948,0.0,-0.8326677084884105,-0.8547556456757273,0.0,-0.5317978645928584,0.0,-0.4249055313587031,-0.40380913254362233,0.0,DDoS,1
9,5,0.0,0.5440575067279088,7,0.8784545584787213,-0.5317323828018254,-0.1013068061844544,-0.6848035595946289,0.0,-0.8222119753635605,-0.22483014339339577,1.0986122886681096,0.3776133954227509,4.795790545596741,-0.5477621960342999,-0.7555702910369638,0.028204487512966694,DDoS,1
9,5,-0.19009117769282388,0.6015594276070859,6,0.6996234402703473,-0.5381826133768208,-0.11355430166811346,-0.7176180923240948,0.0,-0.8326677084884105,0.0,0.0,0.670637683175658,0.0,-0.5636312255630238,-0.5596522202954581,0.0,DoS,1
0,6,0.6646644679829034,0.40529696857346387,4,0.7784028912253166,0.1295902789304248,1.0030763906810878,0.4351071336316059,0.0,0.18815305151847142,0.8547556456757273,0.0,0.4682021354071417,0.0,-0.004968926165304323,0.06794354160031837,0.0,DDoS,1
0,6,0.30990882230717626,0.0,4,0.3779326435682815,0.8201685434741314,0.21907890106280645,0.4942244252267485,3.2229840128066543,0.27517421393123087,0.5000000000000001,0.0,0.05015726709112405,0.0,0.06069204788404483,0.14170643750316708,0.0,DoS,1
4,5,0.16466446798290324,0.6438455895483813,7,-0.32343951073269084,0.3255843894385481,1.0222057339933839,0.20949469245919874,0.0,0.09770822988661496,0.0,1.0986122886681096,0.49965536780466707,4.795790545596741,0.8288949046759583,0.38385415918815535,0.0922026290935406,DDoS,1
0,6,0.0,-0.36590378186628003,4,0.18339943614328308,0.22582622969649427,1.3065944443141027,0.27141879901562666,0.0,0.2523376358253555,0.19009117769282388,0.0,-0.32725537146132955,0.0,-0.06007197202660389,0.0060413189384657395,0.0,DoS,1
0,6,0.7633692715195171,0.5160734247523158,4,0.4373617678101887,0.6144973515588662,0.28661344813832906,0.5175280785941802,2.5611948468464165,0.25411677080426787,0.9534604492123409,0.0,0.5824628692063613,0.0,0.5123991453013127,0.64914977180896,0.0,DoS,1
0,5,-0.6900911776928237,-0.7128328322009408,7,-2.7776611705796483,-0.4690356745935828,-0.11355430166811346,-0.6348911478881097,0.20125568396293567,-0.7838314227820207,-0.8547556456757273,0.6931471805599453,-1.0087800535260687,4.110873864173311,11.357472918348423,9.23017695913443,0.0,DDoS,1
0,6,-1.044846823368551,-1.7595613217927404,4,-1.3414183664043509,0.8428035167814546,-0.11355430166811346,-0.01533430938176933,4.019430405149113,0.14267891416381323,-0.8547556456757273,0.0,-1.7647479458736606,0.0,0.06494246119686864,0.1464813102381081,0.0,DoS,1
0,6,-1.044846823368551,-1.7595613217927404,4,-1.2211712094533766,-0.5381826133768208,-0.11355430166811346,-0.7176180923240948,0.0,-0.8326677084884105,-0.8547556456757273,0.0,-1.7647479458736606,0.0,-0.07609172768175944,-0.011955117847443068,0.0,DDoS,1
0,6,0.0,-0.36590378186628003,4,0.3967187026658629,-0.33256285669386954,0.6508410951833519,-0.11270051316558928,0.0,-0.10655376005234668,0.19009117769282388,0.0,-0.32725537146132955,0.0,-0.24545731529817152,-0.20221876211633344,0.0,DoS,1
0,6,0.6646644679829034,0.40529696857346387,4,0.029712713587631754,0.3182338845212768,0.845069563381273,0.3148528588882223,0.0,0.11182452821610465,0.8547556456757273,0.0,0.4682021354071417,0.0,1.0345248837189507,1.2357007185273632,0.0,DDoS,1
0,6,8.895411403220889,12.575881969071965,1,1.0126559682181386,0.9178390007806795,0.6534118902939727,0.9986660336830048,0.07760406095100243,0.2815314512196534,8.231006409564285,8.466320861042481,12.079047618033034,15.369393687701463,26.093566044519317,25.25597588136072,4.380795639810507,Normal,0
0,6,0.6646644679829034,0.40529696857346387,4,-0.3838408312005,0.49239547445688503,0.7836702015343828,0.27581648950407633,1.1292715251251597,0.2630391895542067,0.8547556456757273,0.0,0.4682021354071417,0.0,1.93753270113927,2.250130866727303,0.0,DDoS,1
10,6,0.16466446798290324,-0.1698703824925649,4,0.3978610863603258,-0.009282008334400947,1.09149754827206,0.21706729577914638,0.0,0.1307885960634827,0.3547556456757271,0.0,-0.12505608801943602,0.0,-0.10137123465128489,-0.040353868674182114,0.0,DoS,1
0,6,-0.41492132108621965,-0.8810964009112113,4,-0.7473046773090833,0.42938289712259314,0.04504610186988246,0.10267641472257248,2.567802984729186,-0.08904388934105818,-0.22483014339339577,0.0,-0.8586524636825708,0.0,0.5133930975874448,0.6502663680836247,0.0,DDoS,1
9,5,-0.41492132108621965,0.3174706501917522,6,-0.04604330350748169,-0.14890720642315608,0.9097265560847431,-0.07139424522475273,0.0,-0.007868933713571552,-0.22483014339339577,0.0,0.3776133954227509,0.0,-0.2706233680731257,-0.23049005961078395,0.0,DDoS,1
0,6,0.16466446798290324,-0.1698703824925649,4,1.5609753343774173,-0.5381826133768208,-0.11355430166811346,-0.7176180923240948,0.0,-0.8326677084884105,0.3547556456757271,0.0,-0.12505608801943602,0.0,-0.7442560387836785,-0.7625643684620861,0.0,DDoS,1
0,6,-0.41492132108621965,-0.8810964009112113,4,-0.4596452174536577,0.7429248155747146,0.2923527203622457,0.20529587479792105,3.0931347922362877,0.22636935225490812,-0.22483014339339577,0.0,-0.8586524636825708,0.0,0.12567805810823893,0.21471108564783176,0.0,DoS,1
0,5,-0.6900911776928237,-0.7128328322009408,7,-2.784266882259531,-0.47165224481655926,-0.11355430166811346,-0.6377406757204336,0.1936400231812926,-0.7856794231885272,-0.8547556456757273,0.6931471805599453,-1.0087800535260687,4.110873864173311,11.543940412856209,9.421122994057919,0.0,DDoS,1
9,5,-1.044846823368551,-0.5642089368717931,6,-0.885989204969387,-0.5381826133768208,-0.11355430166811346,-0.7176180923240948,0.0,-0.8326677084884105,-0.8547556456757273,0.0,-0.5317978645928584,0.0,-0.37555264408955435,-0.3483665817918895,0.0,DDoS,1
0,6,0.5573662378150711,0.283971881174006,4,0.41066984659307015,0.5822768073804194,0.24624498510194026,0.5063136904412915,2.962082422169545,0.23204907854046292,0.7474574155078949,0.0,0.34306098183805855,0.0,0.2952190011064529,0.40517172243718236,0.0,DDoS,1
0,6,0.5573662378150711,0.283971881174006,4,-0.39464379254515913,0.5457429614197892,0.7049398212232832,0.2949812004146401,1.342341035020835,0.1553240775821416,0.7474574155078949,0.0,0.34306098183805855,0.0,1.7301561265186884,2.0171660515095042,0.0,DDoS,1
9,5,-1.044846823368551,-0.5642089368717931,6,-0.16457727477301387,-0.5381826133768208,-0.11355430166811346,-0.7176180923240948,0.0,-0.8326677084884105,-0.8547556456757273,0.0,-0.5317978645928584,0.0,-0.7331163969664081,-0.750050203820776,0.0,DDoS,1
0,6,0.30990882230717626,0.0,4,0.37775334407705463,0.08275139995342433,0.8842098162963659,0.2773985090199395,0.0,0.12563282647784313,0.5000000000000001,0.0,0.05015726709112405,0.0,0.06087957316101372,0.14191710156480306,0.0,DoS,1
9,5,0.16466446798290324,1.0300800673922044,6,0.8845371973471966,-0.5381826133768208,-0.11355430166811346,-0.7176180923240948,0.0,-0.8326677084884105,0.3547556456757271,0.0,1.112636682231074,0.0,-0.4586242524034442,-0.4416884139038275,0.0,DoS,1
0,6,0.4398343245895079,0.14987570198519154,4,0.4279043522235028,0.5218637603761903,0.8868703516880557,0.48443881807029204,0.0,0.19958070092079094,0.6299255022823318,0.0,0.20474704436159807,0.0,0.14298748293238567,0.23415632416168805,0.0,DoS,1
0,6,-1.044846823368551,-1.2746134186016944,4,-1.22889202623962,-0.5381826133768208,-0.11355430166811346,-0.7176180923240948,0.0,-0.8326677084884105,-0.8547556456757273,0.0,-1.2645468635828538,0.0,-0.06766041463366582,-0.0024834632505520465,0.0,Normal,0
9,5,0.0,0.5440575067279088,7,-0.07938828389271625,-0.5227242749683342,-0.06378598409309527,-0.6429044798413853,0.0,-0.7889963298515805,0.0,0.6931471805599453,0.49965536780466707,4.110873864173311,0.22546652715006724,0.06871224765279944,0.0,DDoS,1
9,5,-0.6900911776928237,-0.048627766645839815,6,-0.5734498548124799,0.11623352731463275,1.1028470544072448,-0.03348030638561359,0.0,0.09171894347507867,-0.4999999999999999,0.0,0.0,0.0,-0.13391159265887698,-0.07690938852607253,0.0,DDoS,1
0,6,0.16466446798290324,-0.1698703824925649,4,0.0015857521255568904,0.4108012094537326,0.9347412195293622,0.3542562544005831,0.0,0.20553343739664603,0.3547556456757271,0.0,-0.12505608801943602,0.0,0.3356516450402148,0.45059335909035636,0.0,DoS,1
0,6,0.4398343245895079,0.14987570198519154,4,0.4749761769786025,0.01908909781340309,0.9254815475212914,0.3055957023252156,0.0,0.01564448679878722,0.6299255022823318,0.0,0.20474704436159807,0.0,0.0910031458893406,0.17575762847674722,0.0,DDoS,1
0,6,-0.6900911776928237,-1.2461212038380718,4,-1.2872033595322114,0.9405440269810929,-0.11355430166811346,0.00805259856976566,4.303909133741548,0.2117099307958169,-0.4999999999999999,0.0,-1.2351584765667507,0.0,0.8659958688570508,1.0463768719069186,0.0,DDoS,1
0,6,0.0,-0.36590378186628003,4,0.064784469971176,0.8563713737372335,0.047838608263144324,0.39188264191169525,3.7857659148666114,0.23383735100329578,0.19009117769282388,0.0,-0.32725537146132955,0.0,0.060251555699146454,0.14121159289187246,0.0,DoS,1
0,6,0.30990882230717626,0.0,4,0.3549326326380483,0.2499452514551753,1.082603289303897,0.36869837165651415,0.0,0.10123596727621857,0.5000000000000001,0.0,0.05015726709112405,0.0,0.0852889185712679,0.1693383214084204,0.0,DDoS,1
9,5,-0.41492132108621965,0.10673338312259498,7,0.6023553462763677,-0.5325840618939399,-0.09883748211059756,-0.6959661676746087,0.0,-0.8208054714362253,-0.4999999999999999,0.6931471805599453,0.0,4.110873864173311,-0.6405617514343407,-0.7908053711364184,0.0,DoS,1
9,5,0.16466446798290324,1.0300800673922044,6,0.3269208401518164,0.4334525915468247,0.9742914623560051,0.3633573930531854,0.0,0.26824554959959984,0.3547556456757271,0.0,1.112636682231074,0.0,-0.03428928235275849,0.0350053402927326,0.0,DDoS,1
0,6,1.5697598268718387,1.3989332697578425,4,0.15754505377351827,0.6686166825600484,0.38358749970673106,0.5357119300805957,2.3190357537456063,0.1978570594417844,1.7598510045646625,0.0,1.49309151009129,0.0,2.5290774924605945,2.9146664983692117,0.0,DoS,1
0,6,0.30990882230717626,0.0,4,0.7504853470163438,-0.3448972147348372,0.7664752598362388,-0.022279950263744023,0.0,0.1229111934623754,0.5000000000000001,0.0,0.05015726709112405,0.0,-0.27348210132964285,-0.23370153258491314,0.0,DDoS,1
9,5,0.4398343245895079,0.9470859876446064,7,0.1703841312388467,-0.5091027739052343,-0.04735295497735964,-0.5593899777698395,0.0,-0.7811211559050879,0.3547556456757271,1.0986122886681096,0.8608713286398265,4.795790545596741,0.46870783850227693,0.21973304990872525,0.05321844010480363,DDoS,1
0,0,-0.41492132108621965,-0.8810964009112113,1,2.2672656505764013,-0.5381460091624135,-0.1135501959036201,-0.7175216552669293,9.919095084629168e-05,-0.8326402960366498,-0.8547556456757273,1.0986122886681096,-1.7647479458736606,4.795790545596741,-0.9651196162798487,-1.0642052972689053,0.004479950021705872,Normal,0
0,6,0.7633692715195171,0.5160734247523158,4,0.263335509598084,0.21672408689840503,0.13969277150834056,0.4227974072626944,1.3107817808265732,-0.2534348024921707,0.9534604492123409,0.0,0.5824628692063613,0.0,0.7802806007786683,0.9500851782777839,0.0,DoS,1
0,6,0.0,-0.36590378186628003,4,0.09237049661878197,0.8662649248950943,0.11934812190601318,0.3946279444998764,3.586213927327934,0.2453960452969592,0.19009117769282388,0.0,-0.32725537146132955,0.0,0.031072328493213085,0.10843193450149911,0.0,DoS,1
0,6,-0.6900911776928237,-1.2461212038380718,4,-0.4050649045175117,-0.03704598940875988,0.8179374985336556,-0.12080382450599836,0.0,-0.12479396088087127,-0.4999999999999999,0.0,-1.2351584765667507,0.0,-0.27860472163884564,-0.2394562341270126,0.0,DoS,1
0,6,-1.044846823368551,-1.7595613217927404,4,-1.2689744212033662,0.9746569459336821,-0.11355430166811346,0.015916076365799902,4.403196520234495,0.2358028015079969,-0.8547556456757273,0.0,-1.7647479458736606,0.0,-0.022551607293973975,0.04819132962715625,0.0,DoS,1
9,5,-1.044846823368551,-0.5642089368717931,6,-0.7784899640317343,-0.5381826133768208,-0.11355430166811346,-0.7176180923240948,0.0,-0.8326677084884105,-0.8547556456757273,0.0,-0.5317978645928584,0.0,-0.4490220907532593,-0.43090143944145376,0.0,DDoS,1
9,5,-0.19009117769282388,0.6015594276070859,6,0.0744685712513952,0.346420391829182,1.0823029819580978,0.21837787393144578,0.0,0.23467933671672817,0.0,0.0,0.670637683175658,0.0,-0.15047626702961506,-0.09551798166626903,0.0,DDoS,1
9,5,-0.6900911776928237,-0.048627766645839815,6,0.6887659149384727,-0.5381826133768208,-0.11355430166811346,-0.7176180923240948,0.0,-0.8326677084884105,-0.4999999999999999,0.0,0.0,0.0,-0.7922382859172601,-0.8164671554941377,0.0,DoS,1
7,5,0.0,0.16859124612814108,7,0.2602315921275874,-0.48657540436612545,-0.10756868357459588,-0.599463699817424,0.14083186307240297,-0.7939448345580533,-0.22483014339339577,1.0986122886681096,-0.10030099300560465,4.795790545596741,-0.1311851716033132,-0.46036861596824613,0.03619787976171294,DoS,1
0,6,0.0,-0.36590378186628003,4,0.43716030222045216,-0.22411340490509096,1.054003120381015,0.02884581810529387,0.0,0.2764180260716931,0.19009117769282388,0.0,-0.32725537146132955,0.0,-0.2765699483401178,-0.23717038970887844,0.0,DoS,1
0,6,0.30990882230717626,0.0,4,0.5862736516648683,0.2926973961150307,1.1596508927105085,0.3891582839191522,0.0,0.2465692090861357,0.5000000000000001,0.0,0.05015726709112405,0.0,-0.14019714415886478,-0.08397051559124724,0.0,DoS,1
0,6,1.094179471004198,0.8824182963566151,4,0.42939955376666394,0.45112232939122776,0.9311351852286325,0.5292063334709838,0.0,0.2631051577308016,1.2842706486970221,0.0,0.9603304711948721,0.0,0.9947622050976699,1.1910317143521345,0.0,DoS,1
9,5,0.16466446798290324,0.7859920702989767,7,0.015610369527976056,-0.1923601955674821,0.9268909978180795,-0.014767861535318928,0.0,0.0954448082599288,0.19009117769282388,0.6931471805599453,0.7691913170096358,4.110873864173311,0.31736732658743466,0.201764315170904,0.0,DDoS,1
0,6,0.5573662378150711,0.283971881174006,4,-0.020839652529053995,0.24291882005683754,0.7392276470450226,0.2798009364820976,0.0,-0.012993725000066859,0.7474574155078949,0.0,0.34306098183805855,0.0,0.9491081120856787,1.1397443528845526,0.0,DDoS,1
9,5,-0.41492132108621965,0.3174706501917522,6,0.868154287547364,-0.5381826133768208,-0.11355430166811346,-0.7176180923240948,0.0,-0.8326677084884105,-0.22483014339339577,0.0,0.3776133954227509,0.0,-0.7348617635694281,-0.7520109315881423,0.0,DDoS,1
0,6,0.4398343245895079,0.14987570198519154,4,0.5464149866880367,0.14018278125132141,1.168252469324074,0.3812177008290814,0.0,0.2764900116157477,0.6299255022823318,0.0,0.20474704436159807,0.0,0.0161634061664883,0.09168339700975658,0.0,DoS,1
0,6,-0.19009117769282388,-0.597652783571728,4,0.17972655179010666,-0.1747624039376037,1.0564636463881005,0.0021834421990747496,0.0,0.19402087625350678,0.0,0.0,-0.5662936283753135,0.0,-0.23875184928809842,-0.19468590719844306,0.0,DoS,1
0,6,0.30990882230717626,0.0,4,1.6054833318270099,-0.5381826133768208,-0.11355430166811346,-0.7176180923240948,0.0,-0.8326677084884105,0.5000000000000001,0.0,0.05015726709112405,0.0,-0.7119693819889061,-0.7262938540707844,0.0,DDoS,1
0,6,0.30990882230717626,0.0,4,1.6055043921661172,-0.5381826133768208,-0.11355430166811346,-0.7176180923240948,0.0,-0.8326677084884105,0.5000000000000001,0.0,0.05015726709112405,0.0,-0.7119794585332913,-0.7263051739621705,0.0,DDoS,1
0,6,0.30990882230717626,0.0,4,0.620840197035926,-0.2607210904016808,0.7458572836262113,0.04924385684929194,0.0,0.0543760524821418,0.5000000000000001,0.0,0.05015726709112405,0.0,-0.16996916949566873,-0.11741611760265107,0.0,DoS,1
0,6,1.354755645675727,1.1666550516031418,4,0.3997722859365665,0.5803096464095999,0.6175157778664102,0.5780095880482089,0.8198857650882755,0.2118204720647059,1.544846823368551,0.0,1.2535073911600865,0.0,1.4905549834951524,1.7480004713923774,0.0,DoS,1
0,6,0.30990882230717626,0.0,4,0.5592896936422448,-0.09207853244868944,1.0608527086314903,0.2215737588660828,0.0,0.1546135824909761,0.5000000000000001,0.0,0.05015726709112405,0.0,-0.11628900221984682,-0.0571123428240738,0.0,DoS,1
0,6,0.0,-0.36590378186628003,4,0.06348735796964666,0.8463468678467951,0.06900617037749572,0.3890824676159893,3.7250399289498892,0.23798443151032353,0.19009117769282388,0.0,-0.32725537146132955,0.0,0.06164268966797099,0.142774379183349,0.0,DoS,1
9,5,-0.19009117769282388,0.43579106312820687,6,0.881705846439565,-0.5350188732591699,-0.1033684864979002,-0.701199924381956,0.0,-0.8237294662907074,-0.22483014339339577,0.6931471805599453,0.3776133954227509,4.110873864173311,-0.6433514949750143,-0.7566851562531356,0.0,DDoS,1
0,6,0.6646644679829034,0.40529696857346387,4,-0.36648140807355634,0.6189526524486642,0.2670846725946085,0.3199265950302816,2.525506310105813,0.09296097269184922,0.8547556456757273,0.0,0.4682021354071417,0.0,1.8938358144647618,2.20104221171241,0.0,DDoS,1
0,6,0.16466446798290324,-0.1698703824925649,4,0.2095214894025571,0.5092794839058212,1.0237090303357343,0.39245628609180166,0.0,0.24630578211067852,0.3547556456757271,0.0,-0.12505608801943602,0.0,0.08680810112173355,0.1710449562238467,0.0,DoS,1
0,6,-0.41492132108621965,-0.8810964009112113,4,-0.17745920034166557,-0.2882616595467262,0.5434079018370364,-0.20961639379769226,0.0,-0.30313402326537126,-0.22483014339339577,0.0,-0.8586524636825708,0.0,-0.16178432357547404,-0.10822134176611804,0.0,DDoS,1
0,6,-0.6900911776928237,-1.2461212038380718,4,-0.424600457534534,-0.5381826133768208,-0.11355430166811346,-0.7176180923240948,0.0,-0.8326677084884105,-0.4999999999999999,0.0,-1.2351584765667507,0.0,-0.2630940169790894,-0.22203166024942228,0.0,DoS,1
0,6,-0.6900911776928237,-1.2461212038380718,4,-0.5451650093367235,0.035391542028264784,0.9525813527907468,-0.07725546077096569,0.0,-0.02247330740367977,-0.4999999999999999,0.0,-1.2351584765667507,0.0,-0.1600343272687903,-0.10625541303494714,0.0,DDoS,1
0,6,-1.044846823368551,-1.7595613217927404,4,-0.22668598391655465,-0.5381826133768208,-0.11355430166811346,-0.7176180923240948,0.0,-0.8326677084884105,-0.8547556456757273,0.0,-1.7647479458736606,0.0,-0.7123724585591587,-0.7267466663466131,0.0,DDoS,1
0,6,-1.044846823368551,-1.7595613217927404,4,-1.2487419478609618,1.013279125436963,-0.11355430166811346,0.024643825728750846,4.515608339019976,0.2630804196645786,-0.8547556456757273,0.0,-1.7647479458736606,0.0,-0.04560342336896257,0.02229514495842069,0.0,DDoS,1
0,6,0.0,-0.36590378186628003,4,-0.008027982199067363,0.7946939035680907,0.20427762006428452,0.3743486994936556,3.48982879458197,0.27915147095661874,0.19009117769282388,0.0,-0.32725537146132955,0.0,0.1409514553131569,0.2318690706521738,0.0,DoS,1
9,5,0.16466446798290324,1.0300800673922044,6,0.1001645045618753,0.23171761489463344,0.8030664195387467,0.2743269533703948,0.0,0.10971042644860327,0.3547556456757271,0.0,1.112636682231074,0.0,0.21187014665122525,0.3115384347222922,0.0,DDoS,1
9,5,-0.41492132108621965,0.3174706501917522,6,-0.1623785646812722,-0.09497436758330774,1.0514986040400722,-0.028169824861132807,0.0,0.1064039944622389,-0.22483014339339577,0.0,0.3776133954227509,0.0,-0.1750073167468132,-0.12307592293770571,0.0,DDoS,1
9,5,-0.6900911776928237,-0.048627766645839815,6,0.7098912838145965,-0.5381826133768208,-0.11355430166811346,-0.7176180923240948,0.0,-0.8326677084884105,-0.4999999999999999,0.0,0.0,0.0,-0.7975189302620794,-0.8223993796919408,0.0,DoS,1
0,6,1.0194201136586305,0.800221833529047,4,-0.3699281445101881,0.6939748831978452,0.6922952396593389,0.34403149057160703,1.8017668847336863,0.25623131830269225,1.2095112913514543,0.0,0.8755486639197341,0.0,2.7383848307867855,3.1498003146457343,0.0,DDoS,1
0,6,-0.6900911776928237,-1.2461212038380718,4,-0.6142521284182233,-0.5381826133768208,-0.11355430166811346,-0.7176180923240948,0.0,-0.8326677084884105,-0.4999999999999999,0.0,-1.2351584765667507,0.0,-0.09484373007633472,-0.0330209338915585,0.0,DDoS,1
0,1,-1.544846823368551,-2.439263323838255,8,-2.969436922654375,-0.5381826133768208,-0.11355430166811346,-0.7176180923240948,0.0,-0.8326677084884105,-1.3547556456757268,0.0,-2.465828772950576,0.0,-1.0367484476861053,-1.091147479246094,0.0,Reconnaissance,1
0,6,-1.044846823368551,-1.2461212038380718,1,-2.954021724562441,-0.5331167163242805,-0.11355430166811346,-0.7109683870186806,0.014744551156355246,-0.8290898263699763,-1.3547556456757268,0.6931471805599453,-2.1394538002496493,4.51085950651685,21.167637831168317,-1.091147479246094,0.0,Normal,0
9,5,-0.41492132108621965,0.3174706501917522,6,-0.18263986313152777,-0.2895481714617136,0.5400265115078714,-0.21113166680078468,0.0,-0.3058596678591455,-0.22483014339339577,0.0,0.3776133954227509,0.0,-0.15719918403855868,-0.10307044086557197,0.0,DDoS,1
7,5,0.0,0.16859124612814108,7,0.21108431776609152,-0.48788684501333845,-0.10662318466555616,-0.6020867030274866,0.13553524998415703,-0.7945118042920322,-0.22483014339339577,1.0986122886681096,-0.10030099300560465,4.795790545596741,-0.08628872130868612,-0.42805151733635693,0.038120107709248285,DoS,1
9,5,0.0,0.5440575067279088,7,-0.2837075805503874,-0.07275182279521142,1.0409180489407128,-0.011584355184875352,0.0,0.11603646257242002,0.0,0.6931471805599453,0.49965536780466707,4.110873864173311,0.5001560029186338,0.32748229413193264,0.0,DDoS,1
0,6,-0.19009117769282388,-0.597652783571728,4,-0.2606094708013082,0.27127288631172786,0.9503460572930109,0.1854101910898189,0.0,0.025029128515814042,0.0,0.0,-0.5662936283753135,0.0,0.19774181444887778,0.2956668045399655,0.0,DoS,1
0,6,1.164664467982903,0.9596350412243593,4,0.6128218046932125,0.6693787444375795,0.2572718954555053,0.6086155173047189,2.2807847841081403,0.14171791829395605,1.3547556456757268,0.0,1.039975932283922,0.0,0.7842023385234073,0.9544908200948857,0.0,DoS,1
9,5,0.16466446798290324,0.7859920702989767,7,0.22985394069607235,-0.1927306554615697,0.9308624451587172,-0.015132134579359927,0.0,0.09792128926777986,0.19009117769282388,0.6931471805599453,0.7691913170096358,4.110873864173311,0.0648945266329527,-0.042950043077997296,0.0,DDoS,1
7,5,0.4398343245895079,0.6847741808938281,7,0.8935119792000353,-0.48960345644761144,-0.11065973770030266,-0.5590834011265067,0.13531849938786325,-0.7971904242734363,0.19009117769282388,1.3862943611198906,0.43189406139687575,5.198497031265826,-0.2856534299867728,-0.5500861837126563,0.03696335955436913,DoS,1
0,6,-1.044846823368551,-0.9517953475509959,1,-2.8386785645655377,-0.49253905133236187,-0.11355430166811346,-0.6612124242084464,0.13284790996400656,-0.800431110948667,-1.3547556456757268,0.6931471805599453,-2.3591425492285167,5.0238805208462765,10.037068933663301,-1.091147479246094,0.0,Normal,0
0,6,0.0,-0.36590378186628003,4,-0.026612247659424326,-0.015413214247622471,0.8581757501818268,0.13064795410284694,0.0,-0.0902816841140608,0.19009117769282388,0.0,-0.32725537146132955,0.0,0.1624324319895506,0.2560005897076401,0.0,DoS,1
9,5,-1.044846823368551,-0.5642089368717931,6,-0.6428526479145447,-0.5381826133768208,-0.11355430166811346,-0.7176180923240948,0.0,-0.8326677084884105,-0.8547556456757273,0.0,-0.5317978645928584,0.0,-0.5296411416175213,-0.52146809250721,0.0,DDoS,1
0,6,0.16466446798290324,-0.1698703824925649,4,1.6046022357180918,-0.5381826133768208,-0.11355430166811346,-0.7176180923240948,0.0,-0.8326677084884105,0.3547556456757271,0.0,-0.12505608801943602,0.0,-0.7569276812869901,-0.7767995676869313,0.0,DDoS,1
0,6,0.16466446798290324,-0.1698703824925649,4,0.5542833360536424,-0.3072040249489277,0.8464637636956573,-0.01413387705474445,0.0,0.14612887150736395,0.3547556456757271,0.0,-0.12505608801943602,0.0,-0.23453351138849027,-0.18994706766892314,0.0,DoS,1
0,0,-1.044846823368551,-1.7595613217927404,1,-2.9694320831848997,-0.5381810356089585,-0.11355430166811346,-0.7176160047060407,4.5921736502912825e-06,-0.8326665941611032,-1.3547556456757268,0.6931471805599453,-2.6654651549144535,4.110873864173311,64.30715687261453,-1.091147479246094,0.0,Normal,0
0,6,1.5697598268718387,1.3989332697578425,4,0.018852880348034163,0.5400513216330276,0.8909855007859607,0.49114574067260963,0.0,0.16117607886941238,1.7598510045646625,0.0,1.49309151009129,0.0,2.933648342214255,3.3691574331713294,0.0,DoS,1
0,6,0.0,-0.36590378186628003,4,0.30703922978931847,0.029502996812277818,0.9452097459118317,0.1607090281060967,0.0,0.015916828392703135,0.19009117769282388,0.0,-0.32725537146132955,0.0,-0.17205036079336725,-0.11975410754673371,0.0,DoS,1
9,5,0.0,0.8337389500969058,6,0.6166943921179554,-0.5381826133768208,-0.11355430166811346,-0.7176180923240948,0.0,-0.8326677084884105,0.19009117769282388,0.0,0.9101200021442967,0.0,-0.401011221518453,-0.37696649862088877,0.0,DoS,1
0,6,-0.19009117769282388,-0.597652783571728,4,-0.21292055085932274,0.41281191681755386,1.1363782464866385,0.24548466260256077,0.0,0.17581187658958786,0.0,0.0,-0.5662936283753135,0.0,0.14117915086478514,0.23212486160738674,0.0,DoS,1
0,0,0.0,-0.36590378186628003,1,3.488710582521098,-0.538132440358797,-0.11351676324988855,-0.7174189805482262,6.612730056419446e-05,-0.8326177866250414,-0.4999999999999999,1.3862943611198906,-1.2351584765667507,5.198497031265826,-1.0029416863757543,-1.0759274132468655,0.0025307948354494755,Normal,0
0,6,0.5573662378150711,0.283971881174006,4,0.39802327018416567,0.600365284815499,0.403702226497431,0.5126464861430511,2.1941809812372974,0.1990895054437118,0.7474574155078949,0.0,0.34306098183805855,0.0,0.31119899823667163,0.42312349488512446,0.0,DoS,1
9,5,0.0,0.5440575067279088,7,0.8703886667634098,-0.5316724276230549,-0.10126046969945804,-0.6845103280556171,0.0,-0.8223060245883007,-0.22483014339339577,1.0986122886681096,0.3776133954227509,4.795790545596741,-0.543776644998715,-0.7524941076106755,0.019121022507384296,DDoS,1
0,6,-0.19009117769282388,-0.597652783571728,4,0.1804301245762726,0.36926457715505734,1.085855641320414,0.22790477439130402,0.0,0.18766519902331438,0.0,0.0,-0.5662936283753135,0.0,-0.23930993306243287,-0.19531285305094231,0.0,DoS,1
0,6,-0.41492132108621965,-0.4090055837892391,4,4.3687794984041215,-0.5381826133768208,-0.11355430166811346,-0.7176180923240948,0.0,-0.8326677084884105,-0.22483014339339577,0.0,-0.3717128643769236,0.0,-1.028564019060521,-1.0819531721942441,0.0,Normal,0
0,6,1.164664467982903,0.9596350412243593,4,0.4792387576850061,0.4727484779273432,0.7523666799615232,0.5377840136995249,0.0,0.13444202957335516,1.3547556456757268,0.0,1.039975932283922,0.0,1.014286325663503,1.2129649203964104,0.0,DoS,1
0,6,0.7633692715195171,0.5160734247523158,4,-0.24295995351676736,0.8156425585840986,-0.09904101072191071,0.38038702755501475,3.912620119782258,0.13029784631732655,0.9534604492123409,0.0,0.5824628692063613,0.0,1.802397108043898,2.098320863440237,0.0,DDoS,1
0,6,0.16466446798290324,-0.1698703824925649,4,0.4785925656504842,0.37406919584958703,1.0172811627525045,0.3390624771291208,0.0,0.23480503283699702,0.3547556456757271,0.0,-0.12505608801943602,0.0,-0.1725286481734267,-0.12029141091053175,0.0,DoS,1
0,6,0.30990882230717626,0.0,4,-0.38938355040042366,0.3379127519616388,1.1050096192196703,0.2147735614431649,0.0,0.28101730060004304,0.5000000000000001,0.0,0.05015726709112405,0.0,1.21633235414588,1.4399414522298928,0.0,DDoS,1
0,6,0.30990882230717626,0.0,4,-0.3312209630636415,0.5363012829777151,0.45829247120099476,0.29165280961571155,1.861180427421155,0.08417873631717503,0.5000000000000001,0.0,0.05015726709112405,0.0,1.1003118679135808,1.3096051729946963,0.0,DDoS,1
9,5,-0.19009117769282388,0.6015594276070859,6,0.9245057334022447,-0.5381826133768208,-0.11355430166811346,-0.7176180923240948,0.0,-0.8326677084884105,0.0,0.0,0.670637683175658,0.0,-0.6600856269497749,-0.668008151225073,0.0,DoS,1
0,6,-0.41492132108621965,-0.8810964009112113,4,0.24333804357758046,-0.5381826133768208,-0.11355430166811346,-0.7176180923240948,0.0,-0.8326677084884105,-0.22483014339339577,0.0,-0.8586524636825708,0.0,-0.46552443087267603,-0.44944000689351565,0.0,DoS,1
0,6,-0.41492132108621965,-0.8810964009112113,4,-0.46687545950409925,0.17086721063895177,1.204397860310161,-0.006299083986224825,0.0,0.16889078968364682,-0.22483014339339577,0.0,-0.8586524636825708,0.0,0.13414189181826452,0.224219273638196,0.0,DoS,1
0,6,1.354755645675727,1.1666550516031418,4,0.13768466966634083,0.6729126288957454,0.6968966285808131,0.5371220005764588,0.9978306571676024,0.22063190381483272,1.544846823368551,0.0,1.2535073911600865,0.0,2.10654453191488,2.4399971040219475,0.0,DoS,1
9,5,0.0,0.8337389500969058,6,0.6570785419203073,-0.5381826133768208,-0.11355430166811346,-0.7176180923240948,0.0,-0.8326677084884105,0.19009117769282388,0.0,0.9101200021442967,0.0,-0.42615678447702876,-0.4052147780560663,0.0,DoS,1
9,5,-0.41492132108621965,0.3174706501917522,6,0.8697704966956818,-0.5381826133768208,-0.11355430166811346,-0.7176180923240948,0.0,-0.8326677084884105,-0.22483014339339577,0.0,0.3776133954227509,0.0,-0.735362712990743,-0.7525736932673898,0.0,DDoS,1
9,5,0.0,0.8337389500969058,6,-0.13020733929982126,0.5883101916861732,0.20416031250733171,0.3096662570452373,2.7017824062806244,0.11755974800156542,0.19009117769282388,0.0,0.9101200021442967,0.0,0.28911284406234616,0.39831212534877525,0.0,DDoS,1
0,6,0.30990882230717626,0.0,4,0.16260487998731435,0.5158758157848733,1.04131044271872,0.39489442286145704,0.0,0.2766007757500982,0.5000000000000001,0.0,0.05015726709112405,0.0,0.31204792904014383,0.4240771754448764,0.0,DDoS,1
9,5,-0.19009117769282388,0.6015594276070859,6,0.711831216173219,-0.5381826133768208,-0.11355430166811346,-0.7176180923240948,0.0,-0.8326677084884105,0.0,0.0,0.670637683175658,0.0,-0.5694366560769926,-0.5661739841418374,0.0,DoS,1
9,5,-1.044846823368551,-0.5642089368717931,6,-0.12827368159678734,-0.5381826133768208,-0.11355430166811346,-0.7176180923240948,0.0,-0.8326677084884105,-0.8547556456757273,0.0,-0.5317978645928584,0.0,-0.744605793640796,-0.7629572796470112,0.0,DDoS,1
0,6,-0.41492132108621965,-0.8810964009112113,4,-1.233476601283695,-0.010483005231247107,0.8673116627173123,-0.10430244322078945,0.0,-0.08727277751875859,-0.22483014339339577,0.0,-0.8586524636825708,0.0,1.4750802899776434,1.7306163520797,0.0,DDoS,1
0,6,0.16466446798290324,-0.1698703824925649,4,0.5065794138033219,0.007566028007272852,1.1369278323909628,0.22878359517592953,0.0,0.21622652223796135,0.3547556456757271,0.0,-0.12505608801943602,0.0,-0.19597147749340135,-0.14662685603350403,0.0,DoS,1
0,5,-1.044846823368551,-1.7595613217927404,7,-2.932433471959476,-0.5258851751038329,-0.11355430166811346,-0.7016557906438291,0.03579231986510031,-0.8239824185894756,-1.3547556456757268,0.6931471805599453,-2.6654651549144535,4.110873864173311,16.53933509216345,-1.091147479246094,0.0,Reconnaissance,1
0,6,0.5573662378150711,0.283971881174006,4,0.40640971689651373,0.5939447162763165,0.2902646458484855,0.5104096116519886,2.962177939381471,0.273750772228824,0.7474574155078949,0.0,0.34306098183805855,0.0,0.3005843288754889,0.41119907916531473,0.0,DDoS,1
0,5,0.4398343245895079,1.5450664581656912,7,-2.9681321104239022,-0.5377569316075498,-0.11355430166811346,-0.7170552311295906,0.0012389684508485879,-0.832367062980888,0.0,1.6094379124341003,0.808170921937716,6.634633357861686,45.47352193568087,46.990498712326996,7.7074534895064435,Reconnaissance,1
9,5,0.0,0.8337389500969058,6,0.20168963164818668,-0.09861490914897093,0.7112632850808249,0.06850613349634595,0.0,-0.15107759907929824,0.19009117769282388,0.0,0.9101200021442967,0.0,-0.07746989575270656,-0.013503338376086138,0.0,DDoS,1
0,6,1.2313375554928798,1.0324411301980174,4,0.3786638804488954,0.6278279122281427,0.8653021842667105,0.5946164629837339,0.0,0.21516256252490523,1.4214287331857036,0.0,1.1150720080940235,0.0,1.3167427212349818,1.5527414763293474,0.0,DoS,1
7,5,0.0,0.16859124612814108,7,0.22584134325586527,-0.49770213888522497,-0.10814349060366468,-0.62226172786253,0.10934883896073601,-0.8020217017471761,-0.22483014339339577,1.0986122886681096,-0.10030099300560465,4.795790545596741,-0.09998690050020198,-0.43792156147833083,0.03753275088465624,DoS,1
0,6,-1.044846823368551,-1.7595613217927404,4,-1.5065762947897592,0.576664687093922,-0.11355430166811346,-0.08657903462408371,3.2448197985137894,-0.04528648463610081,-0.8547556456757273,0.0,-1.7647479458736606,0.0,0.2975143173046597,0.407750258199768,0.0,DDoS,1
9,5,-0.6900911776928237,-0.048627766645839815,6,0.7213440719930122,-0.5381826133768208,-0.11355430166811346,-0.7176180923240948,0.0,-0.8326677084884105,-0.4999999999999999,0.0,0.0,0.0,-0.800330234247964,-0.8255575710874297,0.0,DoS,1
9,5,-0.19009117769282388,0.6015594276070859,6,-0.19159723036596346,0.3559576830037166,1.0972667339229993,0.22238171113245947,0.0,0.25024715779676987,0.0,0.0,0.670637683175658,0.0,0.11670021922947837,0.2046254692792892,0.0,DDoS,1
0,6,0.30990882230717626,0.0,4,0.42366385747779556,0.27655903975785684,1.1431498252117402,0.38155219145801356,0.0,0.2510213924099155,0.5000000000000001,0.0,0.05015726709112405,0.0,0.013273432090818955,0.08843682840501256,0.0,DoS,1
0,5,7.606960024435911,9.726541051627741,1,1.7021163755947677,1.0128423992926552,0.049460971775801804,1.294568335512692,3.265249460649205,0.28165224429977004,7.797051202128736,0.0,10.082629474839784,0.0,16.80046951902613,18.94700868770555,0.0,Normal,0
0,6,0.0,-0.36590378186628003,4,0.30637717137979537,0.0291858654719388,0.9449276212373602,0.16050424147094935,0.0,0.017425181835929966,0.19009117769282388,0.0,-0.32725537146132955,0.0,-0.17148558119733745,-0.11911963967364539,0.0,DoS,1
0,5,0.6646644679829034,1.1212698452217547,7,-2.9483314381502894,-0.5312262348715728,-0.11355430166811346,-0.7085137492307945,0.02024689362413426,-0.8277546393903115,0.19009117769282388,1.791759469228055,0.20474704436159807,6.428105272684596,31.723095308132702,31.555604152702465,5.206459922684814,Theft,1
0,6,-1.044846823368551,-1.7595613217927404,4,-1.2732728208950548,0.9665551079603437,-0.11355430166811346,0.014061861384964328,4.379615708540249,0.23008073078476268,-0.8547556456757273,0.0,-1.7647479458736606,0.0,-0.017579618031282954,0.053776813725188666,0.0,DDoS,1
0,6,-1.044846823368551,-1.7595613217927404,4,-1.3437056108083223,0.8387991419467258,-0.11355430166811346,-0.01632096561266307,4.007775468424674,0.13985075145776296,-0.8547556456757273,0.0,-1.7647479458736606,0.0,0.06783517114798354,0.14973095229856329,0.0,DDoS,1
0,6,0.5573662378150711,0.283971881174006,4,-0.24397287701544293,0.5109983042151015,0.2783151115594866,0.2825997491760296,2.6182057642800527,0.11890786117799552,0.7474574155078949,0.0,0.34306098183805855,0.0,1.388156632248725,1.632967165338514,0.0,DDoS,1
9,5,0.0,0.8337389500969058,6,-0.06322247301511016,0.7824576826881631,0.09233981653098092,0.3707808207703883,3.5873739103919977,0.2103963617659145,0.19009117769282388,0.0,0.9101200021442967,0.0,0.20583365842933077,0.3047571029072064,0.0,DDoS,1
9,5,-0.6900911776928237,-0.048627766645839815,6,0.7295007973086778,-0.5381826133768208,-0.11355430166811346,-0.7176180923240948,0.0,-0.8326677084884105,-0.4999999999999999,0.0,0.0,0.0,-0.8023179846680704,-0.8277905904637329,0.0,DoS,1
0,6,-1.044846823368551,0.8784319245292977,1,-2.9429098133705667,-0.5294146418119844,-0.11355430166811346,-0.7061750049054423,0.025519627409398712,-0.826475168776014,-1.3547556456757268,0.6931471805599453,-2.11086407449347,6.763884908562435,18.2923654685642,-1.091147479246094,0.0,Normal,0
0,6,-0.6900911776928237,-1.2461212038380718,4,-1.2461566080881636,1.018272760721406,-0.11355430166811346,0.025759072351009375,4.530142568623147,0.2666072655923362,-0.4999999999999999,0.0,-1.2351584765667507,0.0,0.7854213411427474,0.9558602357122677,0.0,DDoS,1
0,6,0.8547556456757275,0.6179897265142288,4,0.2508068183569709,0.5955638216566942,0.9401502709804566,0.5109748864393728,0.0,0.17070892611831665,1.0448468233685515,0.0,0.6875847680926881,0.0,0.9406415915239166,1.1302331465112325,0.0,DoS,1
0,6,0.5573662378150711,0.283971881174006,4,0.13304112184029668,0.2612035718139975,0.7579511062102621,0.28858508111281456,0.0,-0.025948448544376515,0.7474574155078949,0.0,0.34306098183805855,0.0,0.6886889943371962,0.8471920636182404,0.0,DDoS,1
0,6,0.8547556456757275,0.6179897265142288,4,0.2508394097537972,0.592301313270858,0.9371014475752529,0.5098351153388708,0.0,0.16711009464650417,1.0448468233685515,0.0,0.6875847680926881,0.0,0.9405823896657471,1.1301666397229213,0.0,DoS,1
0,5,6.564078970906675,9.073797239272285,1,4.242700435320265,0.45444447740226196,1.0116451211787063,2.190058352675056,0.005726440541913229,0.2816513528379242,5.90027354282698,6.576469569048224,9.299959695926637,10.764751714223067,2.2058835933605305,1.0006815354060339,0.34783034553805414,Normal,0
9,5,-0.41492132108621965,0.3174706501917522,6,-0.5604850966844368,0.6186879030013562,0.1615800154845975,0.1675935845686946,2.93630838833992,0.08893535386132241,-0.22483014339339577,0.0,0.3776133954227509,0.0,0.24935740163778866,0.3536512502461556,0.0,DDoS,1
0,5,-1.044846823368551,-1.7595613217927404,7,-2.953214253940843,-0.5328491268948203,-0.11355430166811346,-0.7106200657292372,0.01552338380744465,-0.82890083645865,-1.3547556456757268,0.6931471805599453,-2.6654651549144535,4.110873864173311,20.89654434435428,-1.091147479246094,0.0,Reconnaissance,1
0,6,0.6646644679829034,0.40529696857346387,4,0.14335945494146707,0.6293615025903794,0.4784418037209957,0.4347527304959804,1.8049924275056508,0.15518166655226234,0.8547556456757273,0.0,0.4682021354071417,0.0,0.8325244696261594,1.0087754294529074,0.0,DDoS,1
0,6,-0.19009117769282388,-0.597652783571728,4,0.18231832961006414,-0.17504703325997764,1.0555474743682989,0.0019146005543532211,0.0,0.1932165548030627,0.0,0.0,-0.5662936283753135,0.0,-0.24081382026404113,-0.19700230522109266,0.0,DoS,1
0,6,1.4121218834907983,1.2288106673932493,4,0.06941585360129938,0.5683444860484299,0.9170629706965724,0.5013697582913103,0.0,0.19034136748464228,1.6022130611836223,0.0,1.3176180019784514,0.0,2.4138456296924207,2.785216151018716,0.0,DoS,1
9,5,-0.19009117769282388,0.6015594276070859,6,-0.03347686670983977,0.2816161013103678,0.9640722145320602,0.1901053230007425,0.0,0.04367427588782914,0.0,0.0,0.670637683175658,0.0,-0.05017852639926888,0.01715551897121471,0.0,DDoS,1
9,5,-0.19009117769282388,0.6015594276070859,6,0.7989068350517734,-0.5381826133768208,-0.11355430166811346,-0.7176180923240948,0.0,-0.8326677084884105,0.0,0.0,0.670637683175658,0.0,-0.6088827511543122,-0.6104873414608346,0.0,DoS,1
9,5,-1.044846823368551,-0.5642089368717931,6,-1.5406025427960492,0.5272527842869468,-0.11355430166811346,-0.10125705047190879,3.1010039410034267,-0.08018454151671539,-0.8547556456757273,0.0,-0.5317978645928584,0.0,0.35200722347636193,0.46896705590316445,0.0,DDoS,1
9,5,-0.41492132108621965,0.10673338312259498,7,0.6431762293846446,-0.5356430382255286,-0.10687832860192853,-0.7076571474628786,0.0,-0.8272868447866866,-0.4999999999999999,0.6931471805599453,0.0,4.110873864173311,-0.6567435890086656,-0.803209800521509,0.0,DoS,1
7,5,0.4398343245895079,0.6847741808938281,7,0.8926787165809521,-0.4850986136469347,-0.10908195105928724,-0.5470268740757246,0.14495012440198418,-0.7934685710668927,0.19009117769282388,1.3862943611198906,0.43189406139687575,5.198497031265826,-0.2850393212073965,-0.5496354867030802,0.036996125206716926,DoS,1
0,6,1.094179471004198,0.8824182963566151,4,0.14630145963638683,0.9810308125441382,-0.09208525913239331,0.5385205647604411,4.3915406650753255,0.25395519334470235,1.2842706486970221,0.0,0.9603304711948721,0.0,1.561919926527514,1.828171150250301,0.0,DoS,1
9,5,-0.41492132108621965,0.3174706501917522,6,0.20395860487632453,-0.5381826133768208,-0.11355430166811346,-0.7176180923240948,0.0,-0.8326677084884105,-0.22483014339339577,0.0,0.3776133954227509,0.0,-0.4421958334113876,-0.42323288872309095,0.0,DDoS,1
0,6,-1.044846823368551,-1.7595613217927404,4,-1.26884847779376,0.9748948733273295,-0.11355430166811346,0.01597040499356355,4.403889020020959,0.23597084206594496,-0.8547556456757273,0.0,-1.7647479458736606,0.0,-0.022697781918558837,0.04802711848388585,0.0,DDoS,1
9,5,0.0,0.5440575067279088,7,0.8740188837979642,-0.5326828301621251,-0.10326349623442742,-0.6894801631393526,0.0,-0.8242643433982347,-0.22483014339339577,1.0986122886681096,0.3776133954227509,4.795790545596741,-0.5455736830408038,-0.753807405643166,0.019047440253428548,DDoS,1
0,6,-0.19009117769282388,-0.597652783571728,4,-0.5622987908082134,0.7146341755878922,0.2899713769561035,0.19700502508418707,3.0145232083864113,0.2054839612641998,0.0,0.0,-0.5662936283753135,0.0,0.6204066341111757,0.7704843281288566,0.0,DoS,1
0,6,-1.044846823368551,-1.2746134186016944,4,-1.2286428412384258,-0.5381826133768208,-0.11355430166811346,-0.7176180923240948,0.0,-0.8326677084884105,-0.8547556456757273,0.0,-1.2645468635828538,0.0,-0.06793290582230928,-0.002789577186163854,0.0,Normal,0
0,6,0.16466446798290324,-0.1698703824925649,4,0.42181857830229685,0.47166139587016104,0.9872592262393545,0.37827358915436116,0.0,0.19934958943724684,0.3547556456757271,0.0,-0.12505608801943602,0.0,-0.1230503369440757,-0.0647079601088977,0.0,DoS,1
0,6,0.30990882230717626,0.0,4,0.4648383290550992,0.2937642827435742,1.1991201933228537,0.38965634819053335,0.0,0.27236610911671294,0.5000000000000001,0.0,0.05015726709112405,0.0,-0.027772071792266206,0.04232671088021787,0.0,DDoS,1
0,6,0.30990882230717626,0.0,4,0.5222020695288946,0.30810997925550815,1.1778576120873707,0.3962951202384313,0.0,0.23562294908059087,0.5000000000000001,0.0,0.05015726709112405,0.0,-0.08244409503343433,-0.019091305186761033,0.0,DoS,1
9,5,-0.41492132108621965,0.10673338312259498,7,0.6383813757148843,-0.5331157696635631,-0.10023520165169039,-0.6979753165711026,0.0,-0.821932279209416,-0.4999999999999999,0.6931471805599453,0.0,4.110873864173311,-0.6548789404757235,-0.8014443592476568,0.0,DoS,1
0,6,-0.6900911776928237,-1.2461212038380718,4,-1.0347683332883746,-0.1254783003274815,0.6535632170424419,-0.18097406024414375,0.0,-0.2497076005145518,-0.4999999999999999,0.0,-1.2351584765667507,0.0,0.4229169260768044,0.5486263221133685,0.0,DoS,1
0,6,-0.6900911776928237,-1.2461212038380718,4,-0.61284671577504,-0.5381826133768208,-0.11355430166811346,-0.7176180923240948,0.0,-0.8326677084884105,-0.4999999999999999,0.0,-1.2351584765667507,0.0,-0.09621775301892752,-0.03456449782355903,0.0,DDoS,1
0,6,0.5573662378150711,0.283971881174006,4,-0.39460216445209206,0.547162952495934,0.7069522323628089,0.29547945848390583,1.3420700967754675,0.1581992649005618,0.7474574155078949,0.0,0.34306098183805855,0.0,1.7300539578780332,2.0170512762580812,0.0,DDoS,1
0,6,0.30990882230717626,0.0,4,0.1968880180673987,0.6309032973455003,0.27296060812237527,0.43526887517716617,2.8934781031383836,0.23709764983913562,0.5000000000000001,0.0,0.05015726709112405,0.0,0.2687434965519934,0.375429399623661,0.0,DoS,1
9,5,0.16466446798290324,0.7859920702989767,7,0.3784508529565738,-0.5183459691502206,-0.047215705135724845,-0.6035017659095386,0.0,-0.76844724284223,0.0,1.0986122886681096,0.670637683175658,4.795790545596741,-0.08345203416285547,-0.35644580240093393,0.03822213781976995,DoS,1
9,5,0.0,0.8337389500969058,6,-0.1383166233230213,0.2227467423826946,1.0436982380404947,0.16264922896705555,0.0,0.24441164855364778,0.19009117769282388,0.0,0.9101200021442967,0.0,0.2995417234630228,0.41002782644448726,0.0,DDoS,1
0,6,-1.044846823368551,-1.3185823809598924,1,-2.9620549308133293,-0.5357667352259395,-0.11355430166811346,-0.7144336979350527,0.007031536293326011,-0.8309614505153987,-1.3547556456757268,0.6931471805599453,-2.2137716285135745,4.454347296253507,25.087223242960473,-1.091147479246094,0.0,Normal,0
9,5,-0.19009117769282388,0.24520280649978932,7,0.622525044807594,-0.5289280582032253,-0.10116017173826337,-0.6824101073279154,0.0,-0.8217564383603164,-0.4999999999999999,1.0986122886681096,0.0,4.795790545596741,-0.5252797919469563,-0.7967180503910273,0.024784315702585748,DoS,1
9,5,0.0,0.5440575067279088,6,-0.08801007205983528,-0.5207643717296817,-0.05747659714238791,-0.6343199432928542,0.0,-0.7834594603268278,0.0,0.6931471805599453,0.49965536780466707,4.110873864173311,0.23605799770222774,0.07865193744981867,0.0,DDoS,1
9,5,0.0,0.8337389500969058,6,-0.15842632323560707,0.5547308738246419,0.2999231635501959,0.29812520175953217,2.6839904886899357,0.16112749419881212,0.19009117769282388,0.0,0.9101200021442967,0.0,0.32574536163988804,0.4394647372290171,0.0,DDoS,1
9,5,-0.19009117769282388,0.6015594276070859,6,0.10791751685143137,-0.2110040472901206,0.9397848579405487,-0.033510723157089306,0.0,0.09163536892702753,0.0,0.0,0.670637683175658,0.0,-0.17950739203991756,-0.12813126349891582,0.0,DDoS,1
0,6,-0.19009117769282388,-0.597652783571728,4,-0.6178110119204789,0.6420252985610126,0.22641472913685098,0.1749404430015086,2.9027111274796593,0.13005314004063287,0.0,0.0,-0.5662936283753135,0.0,0.7118780730945956,0.8732424478415912,0.0,DoS,1
0,6,-0.41492132108621965,-0.8810964009112113,4,-0.15407680060441925,-0.06198671267017019,1.1382129366773808,-0.0037807255310904776,0.0,0.17629839189197627,-0.22483014339339577,0.0,-0.8586524636825708,0.0,-0.18220377779142935,-0.13116035687412536,0.0,DoS,1
9,5,0.16466446798290324,1.0300800673922044,6,-0.31106886133445016,0.4735061220548596,0.4148370598033925,0.26881406664217716,2.1604937137734903,0.1595083766212348,0.3547556456757271,0.0,1.112636682231074,0.0,0.8074753764130848,0.9806355231860875,0.0,DDoS,1
0,6,0.6646644679829034,0.40529696857346387,4,0.08360789219230169,0.2931530554736869,1.061799967153884,0.3035039418795796,0.0,0.2675016246892142,0.8547556456757273,0.0,0.4682021354071417,0.0,0.9364588497934404,1.1255342953698872,0.0,DDoS,1
0,6,0.30990882230717626,0.0,4,1.602446657088581,-0.5381826133768208,-0.11355430166811346,-0.7176180923240948,0.0,-0.8326677084884105,0.5000000000000001,0.0,0.05015726709112405,0.0,-0.7109718979687595,-0.7251732902806778,0.0,DDoS,1
0,5,-1.044846823368551,-1.7595613217927404,7,-2.9359538284624644,-0.5270754431792148,-0.11355430166811346,-0.7031743785448902,0.03232798406332057,-0.8248230671101392,-1.3547556456757268,0.6931471805599453,-2.6654651549144535,4.110873864173311,17.06483958870966,-1.091147479246094,0.0,Reconnaissance,1
9,5,0.30990882230717626,0.9892582181426315,7,-0.17290775674737793,0.5563465081157223,0.08128533890153203,0.29868785416760113,2.7544022872698517,-0.004650533584487844,0.3547556456757271,0.6931471805599453,0.9927697461405316,4.110873864173311,0.811111906383539,0.7285573143598635,0.0,DDoS,1
0,6,-0.6900911776928237,-1.2461212038380718,4,-0.11301530299906559,0.23776141246827898,1.3287380053023015,0.0247392226641999,0.0,0.26338173376848556,-0.4999999999999999,0.0,-1.2351584765667507,0.0,-0.47650128366185823,-0.46177129593319394,0.0,DDoS,1
9,5,0.16466446798290324,1.0300800673922044,6,0.8592371419516212,-0.170195397083149,0.7297456772165264,0.08463239170072075,0.0,-0.1247605310616508,0.3547556456757271,0.0,1.112636682231074,0.0,-0.443848868037967,-0.4250898916513835,0.0,DoS,1
0,6,0.16466446798290324,-0.1698703824925649,4,0.49175788008091426,0.5074041490245923,1.041159115970251,0.3917606595960846,0.0,0.24432473102367452,0.3547556456757271,0.0,-0.12505608801943602,0.0,-0.18363236317671205,-0.13276521572047356,0.0,DoS,1
9,5,-0.41492132108621965,0.10673338312259498,7,0.6216860193600723,-0.5344537168108642,-0.10375208220913591,-0.7030723490496793,0.0,-0.8247666821483874,-0.4999999999999999,0.6931471805599453,0.0,4.110873864173311,-0.6483079931963206,-0.7967466835025867,0.0,DoS,1
9,5,-0.41492132108621965,0.3174706501917522,6,-0.16244278392555145,-0.09033541451432833,1.0636933111231026,-0.02465276355882275,0.0,0.11623302990943643,-0.22483014339339577,0.0,0.3776133954227509,0.0,-0.17495262785369523,-0.1230144859701842,0.0,DDoS,1
0,6,0.30990882230717626,0.0,4,-0.3496422831801551,0.3795487836356442,0.3661180583253173,0.23212373367171385,1.6089506975052559,-0.053237432839493184,0.5000000000000001,0.0,0.05015726709112405,0.0,1.1364694663892532,1.3502242654019077,0.0,DDoS,1
0,6,9.44716199786338,9.594571745013381,4,3.925125476038996,1.012788755185334,0.027924477394833783,2.2495446261385568,1.0667288753123827,0.28165737020538395,9.637253175556205,0.0,9.946509306955141,0.0,12.69156086777844,14.331100905275962,0.0,Normal,0
0,6,1.2945899702652346,1.1013133300339997,4,0.5166929105170596,0.7387923259895602,0.1995941158529432,0.6310031245378266,2.812981891222428,0.24153066673322912,1.4846811479580584,0.0,1.1861104612371756,0.0,1.1507156916417605,1.3662283354834668,0.0,DoS,1
0,5,9.224403752082946,12.798218562626376,1,3.67719442052452,1.0205854528540876,-0.09344837294418507,2.142699449409682,4.503922175514714,0.28165670160899947,9.41449492977577,0.0,13.250921172442112,0.0,13.06679930349664,14.752640093102007,0.0,Normal,0
9,5,-1.044846823368551,-0.5642089368717931,6,-1.384820465788835,0.7684082909807848,-0.11355430166811346,-0.034056817443092254,3.802899314755848,0.09013593010225955,-0.8547556456757273,0.0,-0.5317978645928584,0.0,0.12133763081086327,0.20983509208322856,0.0,DDoS,1
0,6,-0.41492132108621965,-0.8810964009112113,4,-0.7963673537574062,0.3373447555311809,0.002175468643690037,0.0670508447964142,2.3670506029983223,-0.17033696366312373,-0.22483014339339577,0.0,-0.8586524636825708,0.0,0.5910969125342255,0.7375580736386753,0.0,DDoS,1
0,6,0.6646644679829034,0.40529696857346387,4,0.5739866567546718,0.4805451755960965,0.7865694578044718,0.5408336839567517,0.0,0.22353740083601292,0.8547556456757273,0.0,0.4682021354071417,0.0,0.2168706507014352,0.3171559520536707,0.0,DoS,1
0,6,1.5194201136586307,1.344709355325987,4,-0.019836458579817275,0.8401983064870873,-0.03357107664875772,0.5000030128477211,3.8887408168007433,0.18825111232151812,1.7095112913514545,0.0,1.4371620782773058,0.0,2.926565023395584,3.3612001021046956,0.0,DoS,1
0,6,-0.6900911776928237,-1.2461212038380718,4,-0.6908205412386169,0.15341583586670254,1.1719599746615676,-0.014790662918290358,0.0,0.14424008672140842,-0.4999999999999999,0.0,-1.2351584765667507,0.0,-0.016853907917078952,0.0545920693680526,0.0,DoS,1
0,6,0.6646644679829034,0.40529696857346387,4,-0.2508716726580959,0.6543908964056556,0.2638815897520118,0.33148658926703306,2.6352684446950754,0.11269860655598858,0.8547556456757273,0.0,0.4682021354071417,0.0,1.616386116544537,1.889357935286888,0.0,DDoS,1
0,6,0.16466446798290324,-0.1698703824925649,4,-0.2220847623788683,0.42484271232179904,0.5125976585411632,0.2502138299090181,2.108683892216174,0.1839529290316138,0.3547556456757271,0.0,-0.12505608801943602,0.0,0.6599116230912911,0.8148638462821107,0.0,DDoS,1
9,5,-0.6900911776928237,-0.048627766645839815,6,0.6740295846211095,-0.5381826133768208,-0.11355430166811346,-0.7176180923240948,0.0,-0.8326677084884105,-0.4999999999999999,0.0,0.0,0.0,-0.7884856461491092,-0.8122514766896934,0.0,DoS,1
9,5,0.30990882230717626,0.7363873005327719,7,-0.3941887559199337,0.38264625750307507,1.009545315909251,0.23338612245366838,0.20202808757091464,0.1626851009090237,0.19009117769282388,1.0986122886681096,0.6113271410157639,4.795790545596741,1.22616355795307,0.8274094761316724,0.07246483723232883,DDoS,1
9,5,-1.044846823368551,-0.5642089368717931,6,-1.4232279097549534,0.70529978536046,-0.11355430166811346,-0.050624764373500906,3.6192187977873074,0.045564397866553454,-0.8547556456757273,0.0,-0.5317978645928584,0.0,0.17393066391747955,0.2689175909712704,0.0,DDoS,1
9,5,-0.19009117769282388,0.43579106312820687,7,0.9002471836968375,-0.5350485352949826,-0.10346409215681675,-0.7013516906490554,0.0,-0.823813709435143,-0.22483014339339577,0.6931471805599453,0.3776133954227509,4.110873864173311,-0.6506883448789978,-0.7629800578942239,0.0,DDoS,1
9,5,-0.19009117769282388,0.6015594276070859,6,0.005139151894077889,0.1619780665022843,0.8159808084836826,0.13227623488756207,0.0,-0.029926597031610366,0.0,0.0,0.670637683175658,0.0,-0.08725703445231937,-0.024498114246204968,0.0,DDoS,1
9,5,-0.19009117769282388,0.6015594276070859,6,-0.034558135714671506,0.3321062506744958,1.0597148253290478,0.21229566038102077,0.0,0.21080821713871062,0.0,0.0,0.670637683175658,0.0,-0.049123413573185816,0.018340822398142737,0.0,DDoS,1
0,6,0.0,-0.36590378186628003,4,-0.29874936842540645,0.37065238176680976,-0.04080191445932947,0.22847659723092303,2.532092405555061,-0.15295524059218027,0.19009117769282388,0.0,-0.32725537146132955,0.0,0.522450396506609,0.6604412490842198,0.0,DDoS,1
9,5,0.16466446798290324,1.0300800673922044,6,0.2100130188381967,0.32054215890394366,0.9365149097904888,0.3158821550719417,0.0,0.19509085333402262,0.3547556456757271,0.0,1.112636682231074,0.0,0.08627426609793125,0.17044525118047607,0.0,DDoS,1
0,6,0.30990882230717626,0.0,4,0.7565836585906547,-0.33442872496792403,0.8141390798395233,-0.004334191736312533,0.0,0.1746665709830952,0.5000000000000001,0.0,0.05015726709112405,0.0,-0.27804717257886963,-0.23882988896739268,0.0,DDoS,1
0,6,0.16466446798290324,-0.1698703824925649,4,-0.4030050597269216,0.3839116273287065,1.0983975787720246,0.23390069050834927,0.0,0.14599983240517297,0.3547556456757271,0.0,-0.12505608801943602,0.0,0.9721659085725471,1.1656472558894893,0.0,DDoS,1
9,5,-0.6900911776928237,-0.048627766645839815,6,-0.2942476519690946,0.09998125611779486,1.072638012340755,-0.04191976500048889,0.0,0.06876224088547118,-0.4999999999999999,0.0,0.0,0.0,-0.3608534674782757,-0.33185367058499154,0.0,DDoS,1
9,5,-0.19009117769282388,0.43579106312820687,7,0.880432625621563,-0.534774003686928,-0.10258076625296202,-0.6999569571368136,0.0,-0.82303836049469,-0.22483014339339577,0.6931471805599453,0.3776133954227509,4.110873864173311,-0.6428441607321327,-0.755979809345859,0.0,DDoS,1
0,6,0.30990882230717626,0.0,4,0.3650304676772604,0.12982852187764476,0.9144751659901931,0.30518759453812244,0.0,0.07070339905487207,0.5000000000000001,0.0,0.05015726709112405,0.0,0.07442940897043851,0.15713885455859983,0.0,DoS,1
0,6,-1.044846823368551,-1.7595613217927404,4,-1.4162940596354496,0.7165085638084036,-0.11355430166811346,-0.047633686370375045,3.651842517833707,0.05348080192341805,-0.8547556456757273,0.0,-1.7647479458736606,0.0,0.1642421554812621,0.25803361537417574,0.0,DoS,1
0,6,7.314423508564455,7.3891111392896045,4,1.0322667424090612,0.9450939939426338,0.459781104098726,1.0062836103434067,1.2074477709129885,0.2816511299724627,7.50451468625728,0.0,7.671679836255948,0.0,19.206563862446885,21.649991534910775,0.0,Normal,0
0,6,0.6646644679829034,0.40529696857346387,4,-0.3522059520926671,0.6340572553024045,0.2714115618328133,0.32489290213409444,2.560894518689688,0.10920273892737524,0.8547556456757273,0.0,0.4682021354071417,0.0,1.858305462478221,2.1611277618749,0.0,DDoS,1
0,6,-1.044846823368551,-1.7595613217927404,4,-2.1500431172834658,-0.11797885412400122,-0.11355430166811346,-0.3641534594142136,1.2230244239347765,-0.5358911453769235,-0.8547556456757273,0.0,-1.7647479458736606,0.0,1.962011201637825,2.277629774720591,0.0,DDoS,1
9,5,-1.044846823368551,-0.5642089368717931,6,-0.9321987039331205,-0.5381826133768208,-0.11355430166811346,-0.7176180923240948,0.0,-0.8326677084884105,-0.8547556456757273,0.0,-0.5317978645928584,0.0,-0.34102566981314736,-0.3095793166581615,0.0,DDoS,1
0,6,1.2313375554928798,1.0324411301980174,4,0.308713916409792,0.3251381966870661,0.6906623184665557,0.4753969589594673,0.0,0.11051786801550777,1.4214287331857036,0.0,1.1150720080940235,0.0,1.4624581376440426,1.7164367496273583,0.0,DoS,1
0,6,0.30990882230717626,0.0,4,0.7296944486470107,-0.33288409023065074,0.8211722544166296,-0.0017502614167177154,0.0,0.18230350175127674,0.5000000000000001,0.0,0.05015726709112405,0.0,-0.2577131284274723,-0.21598682269036537,0.0,DDoS,1
9,5,-0.41492132108621965,0.3174706501917522,6,-0.4281094685351047,0.8758886777484873,-0.06257888933205077,0.24219849653776837,4.0359181454231186,0.18541225207331738,-0.22483014339339577,0.0,0.3776133954227509,0.0,0.08944611374210586,0.17400847379458326,0.0,DDoS,1
9,5,0.30990882230717626,1.0990765337571664,7,0.8988060348569559,-0.274927943341725,0.9660928372005725,0.030873778705758474,0.0,0.27050963982267046,0.3547556456757271,0.6931471805599453,1.112636682231074,4.110873864173311,-0.3774408043442506,-0.4508725792889339,0.0,DoS,1
9,5,-0.19009117769282388,0.6015594276070859,6,-0.2345261816956809,0.09507250474434789,0.718885930131619,0.09606363605228425,0.0,-0.155019643361774,0.0,0.0,0.670637683175658,0.0,0.1664916914705103,0.26056072209787307,0.0,DDoS,1
0,5,-1.044846823368551,-1.7595613217927404,7,-2.941764406668661,-0.5290306131142802,-0.11355430166811346,-0.7056809070043258,0.02663736247587961,-0.8262039415094055,-1.3547556456757268,0.6931471805599453,-2.6654651549144535,4.110873864173311,18.06921659091889,-1.091147479246094,0.0,Reconnaissance,1
0,6,0.0,-0.36590378186628003,4,-0.12786464010056783,0.5876727734697703,-0.07543579757407973,0.3094501592377042,3.2205125049480676,-0.017465297618994572,0.19009117769282388,0.0,-0.32725537146132955,0.0,0.2861115089959323,0.39494045489644436,0.0,DoS,1
9,5,-0.41492132108621965,0.3174706501917522,6,0.8810858963445223,-0.5381826133768208,-0.11355430166811346,-0.7176180923240948,0.0,-0.8326677084884105,-0.22483014339339577,0.0,0.3776133954227509,0.0,-0.738835226682135,-0.7564746811776034,0.0,DDoS,1
0,6,0.16466446798290324,-0.1698703824925649,4,0.6026135035981239,0.08388234395718061,1.3025801797151773,0.2780884327776904,0.0,0.2664746606427618,0.3547556456757271,0.0,-0.12505608801943602,0.0,-0.2718808370098273,-0.2319026879127837,0.0,DDoS,1
0,6,-1.544846823368551,-2.165581406115303,4,-2.969436922654375,-0.5381826133768208,-0.11355430166811346,-0.7176180923240948,0.0,-0.8326677084884105,-1.3547556456757268,0.0,-2.183538674266484,0.0,-1.0367484476861053,-1.091147479246094,0.0,Normal,0
0,6,-1.044846823368551,-1.7595613217927404,4,-1.385823029962545,0.766728914868064,-0.11355430166811346,-0.03448929688741575,3.7980114051224785,0.08894984011631799,-0.8547556456757273,0.0,-1.7647479458736606,0.0,0.12267849590522936,0.2113414068129058,0.0,DDoS,1
0,6,0.4398343245895079,0.14987570198519154,4,0.1680755459874111,0.6407138579137996,0.48923409896065506,0.43853828102806525,2.0264454096172972,0.2538517837705804,0.6299255022823318,0.0,0.20474704436159807,0.0,0.4719680060778477,0.6037298255326133,0.0,DDoS,1
0,6,-0.41492132108621965,-0.8810964009112113,4,-0.1515675192667934,-0.03418265629210666,1.2113014100368347,0.015724356556447064,0.0,0.2352099793804874,-0.22483014339339577,0.0,-0.8586524636825708,0.0,-0.1843673431440275,-0.13359088502563835,0.0,DoS,1
0,6,-0.41492132108621965,-0.8810964009112113,4,0.009583621098878583,-0.5381826133768208,-0.11355430166811346,-0.7176180923240948,0.0,-0.8326677084884105,-0.22483014339339577,0.0,-0.8586524636825708,0.0,-0.31258053207542824,-0.27762432719497415,0.0,DoS,1
0,6,-1.044846823368551,-1.2746134186016944,4,-1.2278478012101457,-0.5381826133768208,-0.11355430166811346,-0.7176180923240948,0.0,-0.8326677084884105,-0.8547556456757273,0.0,-1.2645468635828538,0.0,-0.06880407726201779,-0.0037682426590893354,0.0,Normal,0
0,6,0.4398343245895079,0.14987570198519154,4,-0.30945444390590854,0.6563438574657137,0.776951997747695,0.332114438610136,1.504742337728656,0.25072810146262137,0.6299255022823318,0.0,0.20474704436159807,0.0,1.3004002632865508,1.5343825189440854,0.0,DDoS,1
9,5,0.16466446798290324,1.0300800673922044,6,-0.30351784093877676,0.48759211797664526,0.5936677380756868,0.2740469150270668,2.0706386519582405,0.26992417225538956,0.3547556456757271,0.0,1.112636682231074,0.0,0.7945131966316555,0.9660739372252553,0.0,DDoS,1
9,5,-0.6900911776928237,-0.048627766645839815,6,0.03234893344450899,-0.5381826133768208,-0.11355430166811346,-0.7176180923240948,0.0,-0.8326677084884105,-0.4999999999999999,0.0,0.0,0.0,-0.5547440581707149,-0.5496684633877799,0.0,DoS,1
0,6,0.16466446798290324,-0.1698703824925649,4,0.015830843906083837,0.2910145489130126,0.7781637848110176,0.3025217346787507,0.0,-0.016641141142479693,0.3547556456757271,0.0,-0.12505608801943602,0.0,0.3170846456436451,0.42973537360436437,0.0,DoS,1
0,6,0.16466446798290324,-0.1698703824925649,4,0.48973346280445385,-0.5381826133768208,-0.11355430166811346,-0.7176180923240948,0.0,-0.8326677084884105,0.3547556456757271,0.0,-0.12505608801943602,0.0,-0.18193453442629073,-0.13085789151166627,0.0,DDoS,1
0,6,-0.41492132108621965,-0.8810964009112113,4,-1.3985210277339541,0.7456085987086286,-0.11355430166811346,-0.039966874447243596,3.736539650204949,0.07403323191469065,-0.22483014339339577,0.0,-0.8586524636825708,0.0,1.9203943834041715,2.230877848243387,0.0,DDoS,1
9,5,-0.19009117769282388,0.43579106312820687,7,0.8974378264712377,-0.5353265379923347,-0.10435914881636675,-0.7027688276860821,0.0,-0.8245988644559008,-0.22483014339339577,0.6931471805599453,0.3776133954227509,4.110873864173311,-0.6495876741598141,-0.7620348331300887,0.0,DDoS,1
0,6,0.16466446798290324,-0.1698703824925649,4,-0.2318926941343521,0.4197487310013083,1.1455370339957303,0.24821797293104583,0.0,0.18703716415289273,0.3547556456757271,0.0,-0.12505608801943602,0.0,0.6756261310582978,0.8325173708013117,0.0,DDoS,1
0,6,1.354755645675727,1.1666550516031418,4,0.2838771359422864,0.8783752398996035,0.2168107594491237,0.599539790364445,3.1090870850626695,0.26522884271314634,1.544846823368551,0.0,1.2535073911600865,0.0,1.7496442143133861,2.0390587786911856,0.0,DoS,1
0,6,-0.41492132108621965,-0.8810964009112113,4,-0.12149068299989889,-0.5381826133768208,-0.11355430166811346,-0.7176180923240948,0.0,-0.8326677084884105,-0.22483014339339577,0.0,-0.8586524636825708,0.0,-0.20988018081472173,-0.162251757279457,0.0,DoS,1
0,6,-1.044846823368551,-1.7595613217927404,4,-1.242216021228028,1.0259097882824861,-0.11355430166811346,0.02745893641983386,4.552370525960017,0.2720010554908254,-0.8547556456757273,0.0,-1.7647479458736606,0.0,-0.05291299309680251,0.014083645833780212,0.0,DDoS,1
0,6,0.0,-0.36590378186628003,4,0.10935812272677674,0.16565679005021713,1.1965845904793186,0.24049697860819066,0.0,0.1991481190600782,0.19009117769282388,0.0,-0.32725537146132955,0.0,0.013467025528269564,0.08865430937877045,0.0,DoS,1
9,5,0.0,0.8337389500969058,6,0.5281483885507564,-0.5381826133768208,-0.11355430166811346,-0.7176180923240948,0.0,-0.8326677084884105,0.19009117769282388,0.0,0.9101200021442967,0.0,-0.34231859531539843,-0.31103177651903724,0.0,DoS,1
0,6,0.30990882230717626,0.0,4,1.6075408703372076,-0.5381826133768208,-0.11355430166811346,-0.7176180923240948,0.0,-0.8326677084884105,0.5000000000000001,0.0,0.05015726709112405,0.0,-0.7126445524018298,-0.7270523339076467,0.0,DDoS,1
0,6,0.16466446798290324,-0.1698703824925649,4,-0.5237260491044415,0.957195157893541,-0.11098116040635338,0.26325558795072795,4.348114315733981,0.22450352261148404,0.3547556456757271,0.0,-0.12505608801943602,0.0,1.2086936949250247,1.4313602571881958,0.0,DoS,1
9,5,-1.044846823368551,-0.5642089368717931,6,-1.2522650243797202,1.0064956702894323,-0.11355430166811346,0.02312406448543438,4.495864747627913,0.2582894808393648,-0.8547556456757273,0.0,-0.5317978645928584,0.0,-0.041632307402799044,0.02675625778641664,0.0,DDoS,1
0,6,-0.6900911776928237,-1.2461212038380718,4,-1.6183448690916478,0.4206682541115053,-0.11355430166811346,-0.1347930165062079,2.79078424223165,-0.1554618084373298,-0.4999999999999999,0.0,-1.2351584765667507,0.0,1.6706072191921373,1.9502693915702913,0.0,DDoS,1
9,5,-0.41492132108621965,0.3174706501917522,6,0.8723304537688471,-0.5381826133768208,-0.11355430166811346,-0.7176180923240948,0.0,-0.8326677084884105,-0.22483014339339577,0.0,0.3776133954227509,0.0,-0.7361521829800198,-0.7534605761301644,0.0,DDoS,1
0,6,0.5573662378150711,0.283971881174006,4,0.4232485684921623,0.5958168956218204,-0.09848204021303052,0.5110630961349963,3.2656682668861117,-0.02220520025353178,0.7474574155078949,0.0,0.34306098183805855,0.0,0.27950096826502663,0.3875142381085414,0.0,DDoS,1
0,6,0.5573662378150711,0.283971881174006,4,0.42256684788035154,0.5935357588463865,-0.0958866105154494,0.5102667067327468,3.254009656422752,-0.023995255640056272,0.7474574155078949,0.0,0.34306098183805855,0.0,0.2803465685795924,0.38846417722963716,0.0,DDoS,1
9,5,0.5573662378150711,1.1278532000421577,7,-0.02488184512083921,0.45233973507384273,0.9499149520212092,0.3707973298934604,0.0,0.11914744154907546,0.5000000000000001,1.0986122886681096,1.0705308538701577,4.795790545596741,0.9563955962223498,0.717437644858034,0.12195919225174101,DDoS,1
0,5,-1.044846823368551,-1.7595613217927404,7,-2.9662751357796493,-0.5371501220876772,-0.11355430166811346,-0.7162541817969604,0.003005118436750615,-0.8319384926984817,-1.3547556456757268,0.6931471805599453,-2.6654651549144535,4.110873864173311,29.614736525903187,-1.091147479246094,0.0,Reconnaissance,1
0,6,0.30990882230717626,0.0,4,0.1995885498514938,0.6481315757420083,0.21984081364521502,0.4409934036988983,2.859916661232595,0.20144831348790684,0.5000000000000001,0.0,0.05015726709112405,0.0,0.2653865307675598,0.37165821710174934,0.0,DoS,1
0,6,0.4398343245895079,0.14987570198519154,4,0.8217283594511213,0.05103384816950531,0.9851476902142037,0.32691223811546144,0.0,0.0661259653417464,0.6299255022823318,0.0,0.20474704436159807,0.0,-0.23088951581455075,-0.18585343868941812,0.0,DDoS,1
7,5,0.0,0.16859124612814108,7,0.21941476080072594,-0.5010851887357473,-0.11006850761326044,-0.6294481629573903,0.10251568456910258,-0.805142486804136,-0.22483014339339577,1.0986122886681096,-0.10030099300560465,4.795790545596741,-0.09404462403626469,-0.4336448895200909,0.037786993560658684,DoS,1
0,6,0.30990882230717626,0.0,4,0.35083184181336424,0.06441931516039275,0.810007507683645,0.26605644676418644,0.0,-0.03965467442476197,0.5000000000000001,0.0,0.05015726709112405,0.0,0.08973239875456625,0.17433008357692964,0.0,DoS,1
0,6,0.30990882230717626,0.0,4,-0.2566698576132728,0.6252861282018433,0.5004299321962321,0.32201621648245554,2.026705326645904,0.1552500862489336,0.5000000000000001,0.0,0.05015726709112405,0.0,0.9594199046626521,1.1513285197879464,0.0,DDoS,1
0,6,0.7633692715195171,0.5160734247523158,4,0.3120179938110395,0.5081794641521675,0.9315997231541656,0.4793205465848984,0.0,0.21609592307754028,0.9534604492123409,0.0,0.5824628692063613,0.0,0.7014879170618896,0.8615702481986369,0.0,DoS,1
9,5,-0.41492132108621965,0.3174706501917522,6,0.8769950149118947,-0.5381826133768208,-0.11355430166811346,-0.7176180923240948,0.0,-0.8326677084884105,-0.22483014339339577,0.0,0.3776133954227509,0.0,-0.7375846597556973,-0.7550698065264135,0.0,DDoS,1
0,6,0.16466446798290324,-0.1698703824925649,4,0.5370438738417033,0.41634453906143015,0.9334220960514277,0.35650182503555156,0.0,0.18099817874344887,0.3547556456757271,0.0,-0.12505608801943602,0.0,-0.22079970891079528,-0.17451864831968958,0.0,DoS,1
0,6,0.16466446798290324,-0.1698703824925649,4,0.45638754918131647,-0.07536586858960806,0.9413473945991602,0.16764809963834237,0.0,0.015933989033236323,0.3547556456757271,0.0,-0.12505608801943602,0.0,-0.153489414003619,-0.0989029215000338,0.0,DoS,1
9,5,-0.41492132108621965,0.3174706501917522,6,0.3399768149190327,-0.5381826133768208,-0.11355430166811346,-0.7176180923240948,0.0,-0.8326677084884105,-0.22483014339339577,0.0,0.3776133954227509,0.0,-0.5190165701949636,-0.5095325529085208,0.0,DoS,1
9,5,-0.41492132108621965,0.10673338312259498,7,0.6488088666175789,-0.5332325244853795,-0.10054254745090678,-0.6984177046716774,0.0,-0.8221796598716473,-0.4999999999999999,0.6931471805599453,0.0,4.110873864173311,-0.6589231592098375,-0.804884009270603,0.0,DoS,1
0,6,0.16466446798290324,-0.1698703824925649,4,-0.4730956102704421,0.3168552309631263,1.0102732093001432,0.20571631257985676,0.0,0.07601071715431122,0.3547556456757271,0.0,-0.12505608801943602,0.0,1.1065858979928371,1.3166533570085324,0.0,DDoS,1
0,6,-1.044846823368551,-1.177557720286427,1,-2.839052385634137,-0.49267852601139656,-0.11355430166811346,-0.6613736806469507,0.1324419618133208,-0.8005296174826366,-1.3547556456757268,0.6931471805599453,-2.183538674266484,4.6443908991413725,10.05138469129165,-1.091147479246094,0.0,Normal,0
0,6,-1.044846823368551,-1.7595613217927404,4,-0.8806980771526763,-0.5381826133768208,-0.11355430166811346,-0.7176180923240948,0.0,-0.8326677084884105,-0.8547556456757273,0.0,-1.7647479458736606,0.0,-0.37938644792959203,-0.3526734395206845,0.0,DoS,1
0,5,-1.044846823368551,-1.7595613217927404,7,-2.964950490307051,-0.5367165514790943,-0.11355430166811346,-0.7156827650707919,0.004267047755850659,-0.8316322755544224,-1.3547556456757268,0.6931471805599453,-2.6654651549144535,4.110873864173311,27.745136431686202,-1.091147479246094,0.0,Reconnaissance,1
0,6,0.0,-0.36590378186628003,4,-0.1559368037988927,0.5802459045879597,-0.10925322009243835,0.3069235665412906,3.246017437401785,-0.04114007272545738,0.19009117769282388,0.0,-0.32725537146132955,0.0,0.3224737978075852,0.43578949442466414,0.0,DoS,1
9,5,-0.41492132108621965,0.10673338312259498,7,0.5908381203578663,-0.5334512031111058,-0.1011173544799756,-0.6992475488694719,0.0,-0.8226429971660428,-0.4999999999999999,0.6931471805599453,0.0,4.110873864173311,-0.6358756696422878,-0.7872079500863427,0.0,DoS,1
10,6,0.30990882230717626,0.0,4,0.19741306426841948,0.6116930269602661,0.22133648499636344,0.42879189774277576,2.895584073974407,0.18960947730917588,0.5000000000000001,0.0,0.05015726709112405,0.0,0.2680890534240086,0.3746942046159294,0.0,DoS,1
0,6,1.2945899702652346,1.1013133300339997,4,0.34737735756117305,0.8126687817170786,0.1371993993853084,0.580574802298284,3.363020511402827,0.25181902789651556,1.4846811479580584,0.0,1.1861104612371756,0.0,1.494253187863545,1.7521549980012605,0.0,DoS,1
0,6,0.6646644679829034,0.40529696857346387,4,-0.2510260098449109,0.6546180949778386,0.26322935973535416,0.3315597466097599,2.6374322769190925,0.1136660655242285,0.8547556456757273,0.0,0.4682021354071417,0.0,1.6167383272621345,1.8897536053614512,0.0,DDoS,1
0,6,-1.044846823368551,-1.7595613217927404,4,-1.5279429684931107,0.5454340344723345,-0.11355430166811346,-0.0957960477715552,3.1539213948451934,-0.06734370222321673,-0.8547556456757273,0.0,-1.7647479458736606,0.0,0.3314450617045644,0.4458677245229948,0.0,DDoS,1
0,6,-0.41492132108621965,-0.8810964009112113,4,-0.8742696478109515,0.2776047842970445,-0.10093846045562255,0.0421860204734023,2.354636120752125,-0.251709155224011,-0.22483014339339577,0.0,-0.8586524636825708,0.0,0.7223752882867353,0.8850349166969215,0.0,DDoS,1
9,5,0.16466446798290324,0.7859920702989767,7,-0.1743572571836626,0.1983607623016983,0.7641338009994605,0.1507249969006176,0.21984755820350496,-0.021034710849893005,0.19009117769282388,0.6931471805599453,0.7691913170096358,4.110873864173311,0.5853034426298326,0.46316454273598406,0.0,DDoS,1
0,6,0.4398343245895079,0.14987570198519154,4,0.28774041225423713,0.352301048205857,0.7290201299767732,0.41610652221070715,0.0,0.062324326299996465,0.6299255022823318,0.0,0.20474704436159807,0.0,0.31120315999053433,0.42312817015870047,0.0,DoS,1
0,6,0.6646644679829034,0.40529696857346387,4,-0.3699387678018116,0.6142382820758628,0.27789866973230415,0.3183643167927755,2.4877907879159706,0.09234564115273153,0.8547556456757273,0.0,0.4682021354071417,0.0,1.9024961859729768,2.2107711883425822,0.0,DDoS,1
0,6,-0.41492132108621965,-0.8810964009112113,4,-1.3046307310039547,0.9085263837497485,-0.11355430166811346,0.0005348953366353326,4.210720153856187,0.18909688674779562,-0.22483014339339577,0.0,-0.8586524636825708,0.0,1.658208528411674,1.9363408236406783,0.0,DDoS,1
9,5,-0.19009117769282388,0.6015594276070859,6,0.5214909267617998,-0.5381826133768208,-0.11355430166811346,-0.7176180923240948,0.0,-0.8326677084884105,0.0,0.0,0.670637683175658,0.0,-0.47039597276184136,-0.45491264939477977,0.0,DoS,1
0,6,0.0,-0.36590378186628003,4,-0.3002087202576479,0.3706694216597235,-0.04023707857260164,0.22848361338346349,2.526599247434582,-0.15308940559998507,0.19009117769282388,0.0,-0.32725537146132955,0.0,0.5246263489507387,0.6628856927731797,0.0,DDoS,1
9,5,-0.41492132108621965,0.10673338312259498,7,0.5937454403857853,-0.5332748086640914,-0.10065340309222719,-0.6985780365914668,0.0,-0.8222692517871582,-0.4999999999999999,0.6931471805599453,0.0,4.110873864173311,-0.6370629524129492,-0.7881171108625601,0.0,DoS,1
0,6,0.16466446798290324,-0.1698703824925649,4,-0.47757850508472477,0.3093939667419156,1.0004504610186988,0.2024592835934648,0.0,0.06589373953089499,0.3547556456757271,0.0,-0.12505608801943602,0.0,1.115453183013257,1.3266147782541344,0.0,DDoS,1
0,6,0.16466446798290324,-0.1698703824925649,4,-0.47750889216146736,0.3093046650809049,1.0003366726884546,0.20242019355164295,0.0,0.06655921579884345,0.3547556456757271,0.0,-0.12505608801943602,0.0,1.1153170948165092,1.3264618981052232,0.0,DDoS,1
0,6,0.7633692715195171,0.5160734247523158,4,-0.26593178187877003,0.7813677606488287,-0.0892950988902705,0.37046150574169223,3.787663401018912,0.10766452151231146,0.9534604492123409,0.0,0.5824628692063613,0.0,1.858473789676312,2.1613168590025342,0.0,DDoS,1
9,5,-0.41492132108621965,0.3174706501917522,6,-0.5597529911496908,0.6334324592289006,-0.08072988761936042,0.17225030855878293,3.3586469252182893,0.007278785971599789,-0.22483014339339577,0.0,0.3776133954227509,0.0,0.24841425386979987,0.35259172727016574,0.0,DDoS,1
9,5,-0.19009117769282388,0.6015594276070859,6,-0.08613136378032303,0.4480876506847197,1.183746451446402,0.2592019525082315,0.0,0.23595435002179627,0.0,0.0,0.670637683175658,0.0,0.002628223318022085,0.07647810500895458,0.0,DDoS,1
9,5,-0.6900911776928237,-0.048627766645839815,6,0.4990324206801981,-0.05086565811537522,0.7922500762499121,-0.1296538809349084,0.0,-0.14431474665100072,-0.4999999999999999,0.0,0.0,0.0,-0.7392605872747413,-0.7569525271061457,0.0,DDoS,1
9,5,-0.6900911776928237,-0.048627766645839815,6,0.5340599029905331,-0.5381826133768208,-0.11355430166811346,-0.7176180923240948,0.0,-0.8326677084884105,-0.4999999999999999,0.0,0.0,0.0,-0.7498396383018886,-0.7688369295379448,0.0,DoS,1
9,5,-0.41492132108621965,0.3174706501917522,6,0.6111275332466568,-0.5381826133768208,-0.11355430166811346,-0.7176180923240948,0.0,-0.8326677084884105,-0.22483014339339577,0.0,0.3776133954227509,0.0,-0.6440976620963752,-0.6500474279148555,0.0,DoS,1
9,5,-0.19009117769282388,0.43579106312820687,7,0.6425362185331602,-0.12451680859214512,0.9305287051591864,-0.05129071311688856,0.0,0.020372131832943563,-0.22483014339339577,0.6931471805599453,0.3776133954227509,4.110873864173311,-0.5355170558167607,-0.6629094441926362,0.0,DoS,1
0,6,-1.044846823368551,-1.7595613217927404,4,-1.2613845198596418,0.9890509221422049,-0.11355430166811346,0.019190157368972,4.445090920446103,0.24596880953293637,-0.8547556456757273,0.0,-1.7647479458736606,0.0,-0.0312670430106241,0.03840049440390684,0.0,DDoS,1
0,6,-1.044846823368551,-1.7595613217927404,4,-1.3122166576295924,0.8947685635433384,-0.11355430166811346,-0.0027374710791671286,4.170677318060376,0.17938017549317886,-0.8547556456757273,0.0,-1.7647479458736606,0.0,0.028708115880006047,0.10577600118029792,0.0,DDoS,1
0,5,-1.044846823368551,-1.026645985834746,7,-2.935714501701127,-0.5269946614646609,-0.11355430166811346,-0.7030711393633304,0.03256310335421548,-0.8247660135520031,-1.3547556456757268,0.6931471805599453,-1.4390897658450055,4.110873864173311,17.027369594374875,-1.091147479246094,0.0,DoS,1
9,5,-0.41492132108621965,0.3174706501917522,6,-0.09099872112792022,-0.0431771953219814,1.187657485395209,0.009513690411889486,0.0,0.21615230803929208,-0.22483014339339577,0.0,0.3776133954227509,0.0,-0.2349759350587223,-0.19044408209194638,0.0,DDoS,1
0,6,1.0194201136586305,0.800221833529047,4,-0.37071352660714,0.695613237346144,0.688938483917134,0.3445427452476337,1.8139563504710194,0.25598170898584616,1.2095112913514543,0.0,0.8755486639197341,0.0,2.7407433531637952,3.152449855611257,0.0,DDoS,1
0,6,1.4121218834907983,1.2288106673932493,4,0.1060610117125636,0.5181474859531328,0.899664500387115,0.483055102764837,0.0,0.27773025790882666,1.6022130611836223,0.0,1.3176180019784514,0.0,2.3143192953812926,2.673409240693774,0.0,DoS,1
0,6,0.7633692715195171,0.5160734247523158,4,-0.270466895240823,0.26359010348263856,0.8005102878727449,0.28971815518164457,0.0,0.020161969702777675,0.9534604492123409,0.0,0.5824628692063613,0.0,1.869655686138533,2.173878492098616,0.0,DDoS,1
9,5,-0.6900911776928237,-0.048627766645839815,6,0.703944841789914,-0.5381826133768208,-0.11355430166811346,-0.7176180923240948,0.0,-0.8326677084884105,-0.4999999999999999,0.0,0.0,0.0,-0.796039619993294,-0.820737537007694,0.0,DoS,1
0,6,0.16466446798290324,-0.1698703824925649,4,0.33303732552355997,0.4305797918229971,0.9420864322079628,0.3622140196930799,0.0,0.19324686450582246,0.3547556456757271,0.0,-0.12505608801943602,0.0,-0.04025000087141246,0.028309127421031928,0.0,DoS,1
0,6,0.0,-0.36590378186628003,4,-0.019832919952294355,0.7468373643198527,0.08044307064261079,0.3602176108786781,3.5167554639978182,0.17911942290325952,0.19009117769282388,0.0,-0.32725537146132955,0.0,0.15455322244800002,0.24714916278891488,0.0,DoS,1
0,6,0.6646644679829034,0.40529696857346387,4,-0.314306046286511,0.684817202971,0.2975494451352556,0.3411626173866819,2.649425197624193,0.14547230985787413,0.8547556456757273,0.0,0.4682021354071417,0.0,1.765732479795543,2.0571321787465338,0.0,DDoS,1
0,6,-0.41492132108621965,-0.8810964009112113,4,-0.0840631781688395,-0.019961287887728576,1.248684395748774,0.025359406045034477,0.0,0.26534228123303427,-0.22483014339339577,0.0,-0.8586524636825708,0.0,-0.24058313528665523,-0.1967431559742283,0.0,DDoS,1
0,6,0.6646644679829034,0.40529696857346387,4,-0.3296907123225302,0.6656167147465126,0.2815111559486662,0.3350827481598137,2.6293711752933713,0.1298837622899158,0.8547556456757273,0.0,0.4682021354071417,0.0,1.803005012861192,2.099003777765011,0.0,DDoS,1
0,6,-1.044846823368551,-1.7595613217927404,4,-1.3965570096208517,0.748857222737276,-0.11355430166811346,-0.03911964941719617,3.745994935750899,0.07632763184052106,-0.8547556456757273,0.0,-1.7647479458736606,0.0,0.13713503962332346,0.2275817466012146,0.0,DDoS,1
9,5,0.16466446798290324,1.0300800673922044,6,0.8758336445416165,-0.5381826133768208,-0.11355430166811346,-0.7176180923240948,0.0,-0.8326677084884105,0.3547556456757271,0.0,1.112636682231074,0.0,-0.453580970107454,-0.436022839909628,0.0,DoS,1
9,5,-1.044846823368551,-0.5642089368717931,6,-1.089372785464061,-0.5381826133768208,-0.11355430166811346,-0.7176180923240948,0.0,-0.8326677084884105,-0.8547556456757273,0.0,-0.5317978645928584,0.0,-0.20840330106610602,-0.16059264501779164,0.0,DoS,1
0,5,-0.6900911776928237,-0.7128328322009408,7,-2.8076625053487554,-0.4807771074718668,-0.11355430166811346,-0.6478329235171901,0.167081646092198,-0.7921240237378461,-0.8547556456757273,0.6931471805599453,-1.0087800535260687,4.110873864173311,12.263180824876766,10.162923090738749,0.0,DoS,1
0,6,0.6646644679829034,0.40529696857346387,4,-0.14996834464235606,0.32375701870033585,0.7650018769209113,0.31731123206915707,1.1566059795611536,0.1955116233252774,0.8547556456757273,0.0,0.4682021354071417,0.0,1.3927696041033246,1.6381493327924703,0.0,DDoS,1
0,6,-1.044846823368551,-1.7595613217927404,4,-1.2740966752050986,0.9650063710266285,-0.11355430166811346,0.013706472609308296,4.375108030885124,0.2289869070998696,-0.8547556456757273,0.0,-1.7647479458736606,0.0,-0.016623825250339116,0.054850541985029394,0.0,DDoS,1
0,6,-0.19009117769282388,-0.597652783571728,4,-0.012248200692890144,-0.1833855364126734,1.0287016399596463,-0.006036978659773716,0.0,0.1696596755257174,0.0,0.0,-0.5662936283753135,0.0,-0.07073456214476821,-0.005936930490940862,0.0,DoS,1
0,6,-0.41492132108621965,-0.8810964009112113,4,-0.749801609711163,0.39697933187211,-0.05613049292635431,0.0904775547665901,2.6319152394956324,-0.15037245275920819,-0.22483014339339577,0.0,-0.8586524636825708,0.0,0.517258939007767,0.654609216516696,0.0,DDoS,1
0,6,0.16466446798290324,-0.1698703824925649,4,-0.3708419758851785,0.4192602540711144,1.1448666213077445,0.24802608600943896,0.0,0.18451833870736245,0.3547556456757271,0.0,-0.12505608801943602,0.0,0.9130864862000537,1.0992780107548161,0.0,DDoS,1
0,6,-1.044846823368551,-1.7595613217927404,4,-1.804634626447867,0.1975456874239911,-0.11355430166811346,-0.21515344914211298,2.1413746579978676,-0.3130461875296968,-0.8547556456757273,0.0,-1.7647479458736606,0.0,0.8739030993784482,1.0552597773202819,0.0,DDoS,1
0,5,-1.044846823368551,-1.7595613217927404,7,-2.969211429082022,-0.5381090893944338,-0.11355430166811346,-0.7175208204113066,0.00021399529210357372,-0.832615780835888,-1.3547556456757268,0.6931471805599453,-2.6654651549144535,4.110873864173311,43.742788080110316,-1.091147479246094,0.0,Reconnaissance,1
0,6,0.6646644679829034,0.40529696857346387,4,-0.32503656107735646,0.6709126503533885,0.28467963306196187,0.33676854353826596,2.6373909473562396,0.1314384717491283,0.8547556456757273,0.0,0.4682021354071417,0.0,1.7916860375595394,2.086288151641718,0.0,DDoS,1
9,5,-0.41492132108621965,0.10673338312259498,7,0.6124088218898454,-0.5318349377128804,-0.0968684747671445,-0.693152334948703,0.0,-0.8192182236196383,-0.4999999999999999,0.6931471805599453,0.0,4.110873864173311,-0.6446100904196381,-0.7934662159782953,0.0,DoS,1
0,6,-0.6900911776928237,-1.2461212038380718,4,-0.6622976467185131,0.1908322851695501,1.2415081059521853,0.003208501216821182,0.0,0.19709240804348194,-0.4999999999999999,0.0,-1.2351584765667507,0.0,-0.04664004476321664,0.0211306146251125,0.0,DDoS,1
0,6,0.4398343245895079,0.14987570198519154,4,0.6349890896167049,0.37419320840357034,0.7344508833259039,0.42558348109886535,0.0,-0.020561344609731445,0.6299255022823318,0.0,0.20474704436159807,0.0,-0.07018483930776875,-0.005319377233650866,0.0,DDoS,1
0,6,0.6646644679829034,0.40529696857346387,4,-0.31858276079954123,0.6785247491822428,0.28109471412148374,0.339179803815507,2.6676625560589597,0.13753896802593785,0.8547556456757273,0.0,0.4682021354071417,0.0,1.7760524025254052,2.0687254789841476,0.0,DDoS,1
9,5,-0.6900911776928237,-0.048627766645839815,6,0.588119708408931,-0.5381826133768208,-0.11355430166811346,-0.7176180923240948,0.0,-0.8326677084884105,-0.4999999999999999,0.0,0.0,0.0,-0.7654294550981745,-0.7863503772157793,0.0,DoS,1
7,5,0.0,0.16859124612814108,7,0.2217062384060021,-0.4880392573888447,-0.11156476550219364,-0.6023923335251234,0.14283037704500973,-0.7964970898228042,-0.22483014339339577,1.0986122886681096,-0.10030099300560465,4.795790545596741,-0.09616835392600646,-0.435170767731243,0.03769647516947461,DoS,1
0,6,0.30990882230717626,0.0,4,-0.25501140204327105,0.4763905972608688,0.42327088661051543,0.26989095076925146,1.764208414882684,0.029456128042447825,0.5000000000000001,0.0,0.05015726709112405,0.0,0.9563808393099746,1.1479144635011325,0.0,DDoS,1
9,5,-0.19009117769282388,0.6015594276070859,6,-0.02439353305379082,0.2060593228094114,0.8657139337916149,0.15452622184202375,0.0,-0.02281005711596052,0.0,0.0,0.670637683175658,0.0,-0.05902382716818715,0.007218794618683219,0.0,DDoS,1
0,6,-1.044846823368551,-1.7595613217927404,4,-1.5124162159240537,0.5680601722796284,-0.11355430166811346,-0.08909822084007131,3.2197759202945604,-0.05136358003945616,-0.8547556456757273,0.0,-1.7647479458736606,0.0,0.30669408388081904,0.41806271816816226,0.0,DoS,1
9,5,0.0,0.8337389500969058,6,-0.15148790580736982,0.5543417962697782,0.17426272200455156,0.29798959027091043,2.70060772826088,0.08539402167856923,0.19009117769282388,0.0,0.9101200021442967,0.0,0.3166481236885715,0.4292449891104151,0.0,DDoS,1
9,5,-0.19009117769282388,0.24520280649978932,7,-0.35735056005341304,0.20457117216161141,1.1492298758886048,0.009627530590266487,0.18448231048788172,0.17173299291376967,-0.22483014339339577,0.6931471805599453,0.16024776011764813,4.110873864173311,0.3205713859989569,0.08714660909382016,0.0,DDoS,1
9,5,-0.41492132108621965,0.10673338312259498,7,0.6530265388727448,-0.5260476851936584,-0.08165544424371818,-0.6720305410479789,0.0,-0.8069559430641149,-0.4999999999999999,0.6931471805599453,0.0,4.110873864173311,-0.6605496867127063,-0.8061285006038095,0.0,DoS,1
0,6,-0.41492132108621965,-0.8810964009112113,4,-0.6333943296925755,0.5683924501914464,0.0714309175797105,0.15130655122554845,2.9310843315953488,0.01915929799162557,-0.22483014339339577,0.0,-0.8586524636825708,0.0,0.34670561473853195,0.4630112805113423,0.0,DDoS,1
0,6,0.30990882230717626,0.0,4,0.3742082313589766,0.08750489896921272,0.8969558688970745,0.2802899360167343,0.0,0.14355410683100467,0.5000000000000001,0.0,0.05015726709112405,0.0,0.06464177365233499,0.14614352079212684,0.0,DoS,1
0,6,0.6646644679829034,0.40529696857346387,4,0.7379661108342437,0.0016490829697630108,0.7965394270698919,0.35251465129866555,0.0,0.04903842467994289,0.8547556456757273,0.0,0.4682021354071417,0.0,0.035797623708813966,0.11374028492037402,0.0,DDoS,1
0,6,-0.6900911776928237,-1.2461212038380718,4,-0.6624461730668646,0.16751224505638,1.1981617905825492,-0.00791820699351402,0.0,0.1641517785109556,-0.4999999999999999,0.0,-1.2351584765667507,0.0,-0.04648876561302974,0.02130056014250798,0.0,DoS,1
0,6,-0.6900911776928237,-1.2461212038380718,4,-0.9587833512848687,-0.08193853395072441,0.7344931140464069,-0.15026560102534292,0.0,-0.1882060934983014,-0.4999999999999999,0.0,-1.2351584765667507,0.0,0.3114903131939148,0.42345075525823317,0.0,DoS,1
0,6,0.30990882230717626,0.0,4,0.2855237957702854,0.17975951031134416,0.9868715247636254,0.3327705286586564,0.0,0.11921563838028502,0.5000000000000001,0.0,0.05015726709112405,0.0,0.16268488876857073,0.2562841971834725,0.0,DoS,1
0,6,-1.044846823368551,-1.7595613217927404,4,-1.4961058205669668,0.5922224248777387,-0.11355430166811346,-0.08206235131101373,3.290101386009851,-0.03429854878926116,-0.8547556456757273,0.0,-1.7647479458736606,0.0,0.2812380717837893,0.3894656832078886,0.0,DDoS,1
9,5,-0.6900911776928237,-0.048627766645839815,6,-0.27054191747942913,-0.5381826133768208,-0.11355430166811346,-0.7176180923240948,0.0,-0.8326677084884105,-0.4999999999999999,0.0,0.0,0.0,-0.37724675216147346,-0.35026972622686586,0.0,DDoS,1
0,6,0.16466446798290324,-0.1698703824925649,4,0.14820857279957472,0.3761903469637751,0.9298371771109496,0.3399550055040154,0.0,0.16949497794969126,0.3547556456757271,0.0,-0.12505608801943602,0.0,0.15540165093654845,0.2481022790529955,0.0,DDoS,1
9,5,-0.19009117769282388,0.24520280649978932,7,-0.8625511041840194,0.6952787505593188,-0.07553198977078103,0.19123625527688143,3.530514534688821,0.05293411294643291,-0.22483014339339577,0.6931471805599453,0.16024776011764813,4.110873864173311,1.175299863099969,0.8621309273764811,0.0,DDoS,1
0,6,0.16466446798290324,-0.1698703824925649,4,0.10654542583817518,0.38956161404390105,0.9193381507636722,0.34553831695025294,0.0,0.2115949322176985,0.3547556456757271,0.0,-0.12505608801943602,0.0,0.20422900509457684,0.30295445104884905,0.0,DoS,1
0,6,-1.044846823368551,-0.9517953475509959,1,-2.83962269855951,-0.49289120911924583,-0.11355430166811346,-0.6616196984316707,0.13182293680526153,-0.8006798288036671,-1.3547556456757268,0.6931471805599453,-2.3591425492285167,5.0238805208462765,10.073310934160494,-1.091147479246094,0.0,Normal,0
9,5,-0.41492132108621965,0.3174706501917522,6,0.7176997578474236,-0.5381826133768208,-0.11355430166811346,-0.7176180923240948,0.0,-0.8326677084884105,-0.22483014339339577,0.0,0.3776133954227509,0.0,-0.6846160925955423,-0.6955654363563781,0.0,DoS,1
0,6,0.5573662378150711,0.283971881174006,4,-0.36907654913845245,0.5803847481598493,0.7292993219623208,0.30697094044438333,1.3892041671220574,0.18559723040633716,0.7474574155078949,0.0,0.34306098183805855,0.0,1.6693673498525832,1.9488765344835548,0.0,DDoS,1
0,6,0.7633692715195171,0.5160734247523158,4,0.43795863923892636,0.2630637601237475,0.6574185299016962,0.4460953941426485,0.0,0.16955203150782755,0.9534604492123409,0.0,0.5824628692063613,0.0,0.5115453211988644,0.6481905941650082,0.0,DDoS,1
0,6,0.0,-0.36590378186628003,4,-0.4015438132449633,0.3853985157622165,1.10034840344415,0.23450466629477473,0.0,0.14681819437968963,0.19009117769282388,0.0,-0.32725537146132955,0.0,0.6830623579319011,0.8408711553244489,0.0,DDoS,1
9,5,-1.044846823368551,-0.5642089368717931,6,-0.5138782267875243,-0.5381826133768208,-0.11355430166811346,-0.7176180923240948,0.0,-0.8326677084884105,-0.8547556456757273,0.0,-0.5317978645928584,0.0,-0.5955899852752063,-0.5955543783119098,0.0,DDoS,1
9,5,-0.6900911776928237,-0.048627766645839815,6,0.04636118284553551,0.019673818583202305,0.9233659057316472,-0.086326550781193,0.0,-0.044675387540750934,-0.4999999999999999,0.0,0.0,0.0,-0.5616811509130762,-0.5574615255107789,0.0,DoS,1
9,5,-0.41492132108621965,0.3174706501917522,6,0.8683819595595081,-0.5381826133768208,-0.11355430166811346,-0.7176180923240948,0.0,-0.8326677084884105,-0.22483014339339577,0.0,0.3776133954227509,0.0,-0.7349326020559923,-0.7520905108509541,0.0,DDoS,1
9,5,-0.6900911776928237,-0.048627766645839815,6,0.1734505052246699,-0.5381826133768208,-0.11355430166811346,-0.7176180923240948,0.0,-0.8326677084884105,-0.4999999999999999,0.0,0.0,0.0,-0.6201974588741974,-0.6231981734245179,0.0,DoS,1
0,5,-1.044846823368551,-1.7595613217927404,7,-2.9570997114958835,-0.5341346921490903,-0.11355430166811346,-0.7122961484862429,0.011781680717187314,-0.8298087903486775,-1.3547556456757268,0.6931471805599453,-2.6654651549144535,4.110873864173311,22.351528175731847,-1.091147479246094,0.0,Reconnaissance,1
9,5,-0.41492132108621965,0.10673338312259498,7,0.6217610067547611,-0.5343732506498826,-0.10354092860662083,-0.7027647983420822,0.0,-0.8245966358012861,-0.4999999999999999,0.6931471805599453,0.0,4.110873864173311,-0.6483378655293335,-0.796769590089989,0.0,DoS,1
0,5,-1.044846823368551,-1.7595613217927404,7,-2.9687257801759004,-0.5379506815010505,-0.11355430166811346,-0.7173113244263478,0.0006750495265928184,-0.8325039023742303,-1.3547556456757268,0.6931471805599453,-2.6654651549144535,4.110873864173311,37.59532675869015,-1.091147479246094,0.0,Reconnaissance,1
9,5,0.16466446798290324,1.0300800673922044,6,-0.35679378562837977,0.4269351480608918,0.46863137273303146,0.2510307643234044,1.894293673178675,0.15086676835274784,0.3547556456757271,0.0,1.112636682231074,0.0,0.8877809086513715,1.0708499724944942,0.0,DDoS,1
9,5,-1.044846823368551,-0.5642089368717931,6,-0.16796396651775183,-0.5381826133768208,-0.11355430166811346,-0.7176180923240948,0.0,-0.8326677084884105,-0.8547556456757273,0.0,-0.5317978645928584,0.0,-0.7320188781193585,-0.7488172618847413,0.0,DDoS,1
9,5,-0.41492132108621965,0.10673338312259498,7,0.7188924181997952,-0.5243055139200148,-0.07707575722028012,-0.665875970678245,0.0,-0.8032646224257926,-0.4999999999999999,0.6931471805599453,0.0,4.110873864173311,-0.685047192688581,-0.8248843748276171,0.0,DoS,1
9,5,0.0,0.8337389500969058,6,0.5421549551528002,-0.23803057966560157,1.0022657954625438,0.013148449621445037,0.0,0.2272712887774759,0.19009117769282388,0.0,0.9101200021442967,0.0,-0.3519383564541897,-0.3218385220747402,0.0,DoS,1
9,5,0.30990882230717626,0.7363873005327719,7,-0.07276975934586086,-0.09140735000003158,0.9601910940102762,-0.025462832468057032,0.0,0.05898468735987323,0.19009117769282388,1.0986122886681096,0.6113271410157639,4.795790545596741,0.6469189822796066,0.3177459628756382,0.1704353616974819,DDoS,1
9,5,-1.044846823368551,-0.5642089368717931,6,-1.232605503619591,-0.5381826133768208,-0.11355430166811346,-0.7176180923240948,0.0,-0.8326677084884105,-0.8547556456757273,0.0,-0.5317978645928584,0.0,-0.06357471032721342,0.0021063769979365564,0.0,DDoS,1
9,5,0.0,0.5440575067279088,7,-0.3060716902124537,-0.1482038375101056,0.8268511132487155,-0.07080091623166794,0.0,-0.05261162662368634,0.0,0.6931471805599453,0.49965536780466707,4.110873864173311,0.5334091617607274,0.3589555178311473,0.0,DDoS,1
0,5,-1.044846823368551,-1.7595613217927404,7,-2.9691543381857963,-0.5380904717336576,-0.11355430166811346,-0.7174961929213931,0.00026818294117701084,-0.8326026317736615,-1.3547556456757268,0.6931471805599453,-2.6654651549144535,4.110873864173311,42.53476098746755,-1.091147479246094,0.0,Reconnaissance,1
0,6,-1.044846823368551,-1.7595613217927404,4,-1.5700642825966376,0.485850262256574,-0.11355430166811346,-0.11396605922355224,2.9804997938114033,-0.1094258272543065,-0.8547556456757273,0.0,-1.7647479458736606,0.0,0.4012387184833839,0.5242732357751728,0.0,DoS,1
0,6,-0.41492132108621965,-0.8810964009112113,4,-0.6353314904268111,0.5654464420388042,0.06884839171339417,0.1503325611672619,2.9265527746372415,0.01609757228195507,-0.22483014339339577,0.0,-0.8586524636825708,0.0,0.349388066783532,0.4660247208969664,0.0,DDoS,1
0,6,1.4121218834907983,1.2288106673932493,4,0.09988401557333629,0.6124879064093348,0.958786922553551,0.5168374492749286,0.0,0.23918835073318276,1.6022130611836223,0.0,1.3176180019784514,0.0,2.3309371125792104,2.6920775339661422,0.0,DoS,1
0,5,-1.044846823368551,-1.6199718206924152,7,-2.9693333632890253,-0.5381488491445658,-0.11355430166811346,-0.7175734195760001,9.827251611623343e-05,-0.8326438618840334,-1.3547556456757268,0.6931471805599453,-2.3937517989956962,4.110873864173311,47.90817346412439,-1.091147479246094,0.0,Theft,1
9,5,-0.41492132108621965,0.3174706501917522,6,-0.2323596645225063,-0.01635167057216807,1.2581728174929028,0.02776989656534528,0.0,0.27299013240882797,-0.22483014339339577,0.0,0.3776133954227509,0.0,-0.11194983044602366,-0.05223775970234702,0.0,DDoS,1
0,6,-1.044846823368551,-1.2746134186016944,4,-1.2281914269397127,-0.5381826133768208,-0.11355430166811346,-0.7176180923240948,0.0,-0.8326677084884105,-0.8547556456757273,0.0,-1.2645468635828538,0.0,-0.06842878602967223,-0.0033466441600486186,0.0,Normal,0
0,6,0.5573662378150711,0.283971881174006,4,0.4712522108073285,0.13746460277800743,0.7931721136475612,0.3796621772716651,0.0,0.015584313124190409,0.7474574155078949,0.0,0.34306098183805855,0.0,0.22105815613138044,0.3218601546883973,0.0,DoS,1
0,6,0.6646644679829034,0.40529696857346387,4,-0.3077451298123259,0.5790468010125484,0.2565868193229008,0.30651420446128363,2.4328307352345546,0.0630631253047684,0.8547556456757273,0.0,0.4682021354071417,0.0,1.7499654996173222,2.0394197074585767,0.0,DDoS,1
9,5,-0.41492132108621965,0.3174706501917522,6,0.8692622915501579,-0.5381826133768208,-0.11355430166811346,-0.7176180923240948,0.0,-0.8326677084884105,-0.22483014339339577,0.0,0.3776133954227509,0.0,-0.7352058449994324,-0.7523974693005502,0.0,DDoS,1
0,6,0.0,-0.36590378186628003,4,-0.46757157468449684,0.7180667673492933,0.28762287966590805,0.19801976446159725,3.0281913540391385,0.20701571558088105,0.19009117769282388,0.0,-0.32725537146132955,0.0,0.794216594497726,0.9657407372895801,0.0,DoS,1
0,6,-1.044846823368551,-1.303756940068679,1,-2.9621577143075886,-0.5358004994581945,-0.11355430166811346,-0.7144780359930528,0.006933263777209778,-0.830985297119776,-1.3547556456757268,0.6931471805599453,-2.1985682731716185,4.465908118654584,25.162001822191204,-1.091147479246094,0.0,Normal,0
0,5,0.4398343245895079,1.5450664581656912,7,-2.9690566141284145,-0.5380586008228375,-0.11355430166811346,-0.7174540373695174,0.00036094484891289476,-0.832580122362053,0.0,1.6094379124341003,0.808170921937716,6.634633357861686,52.07526878270339,54.40611810541402,8.940444239902575,Reconnaissance,1
0,6,-1.044846823368551,-1.177557720286427,1,-2.838227972275671,-0.4923708612782318,-0.11355430166811346,-0.661018050712716,0.1333374356751276,-0.8003123236577036,-1.3547556456757268,0.6931471805599453,-2.183538674266484,4.6443908991413725,10.01987055698326,-1.091147479246094,0.0,Normal,0
0,6,0.6646644679829034,0.40529696857346387,4,-0.312023839800527,0.6833972118948549,0.2684213922060859,0.34071596070887566,2.7098251392117443,0.13678902574809246,0.8547556456757273,0.0,0.4682021354071417,0.0,1.760239636499577,2.0509615723228993,0.0,DDoS,1
9,5,-0.19009117769282388,0.6015594276070859,6,0.41774081258264445,-0.5381826133768208,-0.11355430166811346,-0.7176180923240948,0.0,-0.8326677084884105,0.0,0.0,0.670637683175658,0.0,-0.40805645677318236,-0.3848810469843521,0.0,DoS,1
0,6,0.16466446798290324,-0.1698703824925649,4,1.458750122696545,-0.5381826133768208,-0.11355430166811346,-0.7176180923240948,0.0,-0.8326677084884105,0.3547556456757271,0.0,-0.12505608801943602,0.0,-0.7123119951388301,-0.7266787423317139,0.0,DDoS,1
9,5,-0.41492132108621965,0.3174706501917522,6,-0.14435476171380096,-0.13953147867772955,0.9343722872627456,-0.0635515415287553,0.0,0.01199617919452858,-0.22483014339339577,0.0,0.3776133954227509,0.0,-0.19055247502252512,-0.14053920167040998,0.0,DDoS,1
0,6,0.16466446798290324,-0.1698703824925649,4,-0.40675620306418225,0.3852356901188185,1.1001700959575818,0.23443853557006608,0.0,0.1500916422777562,0.3547556456757271,0.0,-0.12505608801943602,0.0,0.9791612762736052,1.1735057835309994,0.0,DDoS,1
0,5,-1.044846823368551,-1.026645985834746,7,-2.918181236038931,-0.5210218634448226,-0.11355430166811346,-0.69550775620083,0.04994723592475816,-0.8205476160973049,-1.3547556456757268,0.6931471805599453,-1.4390897658450055,4.110873864173311,14.83423269134572,-1.091147479246094,0.0,DoS,1
0,6,-1.044846823368551,-1.2746134186016944,4,-1.228518032481479,-0.5381826133768208,-0.11355430166811346,-0.7176180923240948,0.0,-0.8326677084884105,-0.8547556456757273,0.0,-1.2645468635828538,0.0,-0.06807139026654443,-0.002945149256060422,0.0,Normal,0
9,5,-0.19009117769282388,0.6015594276070859,6,-0.08780476729054781,0.05081359177591658,0.6625079182600944,0.07025767928789577,0.0,-0.18329257866927928,0.0,0.0,0.670637683175658,0.0,0.00435174299664095,0.07841429015517135,0.0,DDoS,1
0,6,-0.19009117769282388,-0.597652783571728,4,-0.24014925541405127,0.2936923365290495,0.9798471482532906,0.1955210451691121,0.0,0.05267558901112807,0.0,0.0,-0.5662936283753135,0.0,0.17316203600365357,0.2680541218921647,0.0,DoS,1
0,6,7.196236733424756,10.801071205083105,4,0.3528215262645744,1.033620024272381,-0.09640745606831991,0.7146257452281477,4.514975537490965,0.2815316740851149,7.38632791111758,0.0,11.19095707492993,0.0,22.483604341051194,25.331386750142237,0.0,Normal,0
9,5,-0.19009117769282388,0.43579106312820687,7,0.8794055312529172,-0.5328390291805011,-0.09635056190319781,-0.6902529187404904,0.0,-0.8175714707248387,-0.22483014339339577,0.6931471805599453,0.3776133954227509,4.110873864173311,-0.6424313654033192,-0.7559001786017886,0.0,DDoS,1
9,5,-0.19009117769282388,0.43579106312820687,7,0.29265634271647173,-0.5338614227553254,-0.09964279848907867,-0.6953525571436757,0.0,-0.8204602528364088,-0.22483014339339577,0.6931471805599453,0.3776133954227509,4.110873864173311,-0.3239741958016749,-0.4808346528412216,0.0,DoS,1
0,6,0.16466446798290324,-0.1698703824925649,4,0.0068999968571800295,0.23411077318829646,0.7207851394786853,0.27550262327243524,0.0,-0.04656506378855245,0.3547556456757271,0.0,-0.12505608801943602,0.0,0.32869552736825774,0.44277892454756546,0.0,DDoS,1
9,5,-0.19009117769282388,0.6015594276070859,6,-0.30186165115624486,0.29372704742202205,0.9997958848509022,0.19553660471279785,0.0,0.14627172826816598,0.0,0.0,0.670637683175658,0.0,0.24875953260086953,0.35297961001887757,0.0,DDoS,1
9,5,-0.6900911776928237,-0.048627766645839815,6,-0.4794022437306187,-0.5381826133768208,-0.11355430166811346,-0.7176180923240948,0.0,-0.8326677084884105,-0.4999999999999999,0.0,0.0,0.0,-0.2178541103285998,-0.17120959168847413,0.0,DDoS,1
0,6,0.30990882230717626,0.0,4,0.4409591564548525,0.29970173876329503,1.1591652394247236,0.39241683543746525,0.0,0.18589386433555338,0.5000000000000001,0.0,0.05015726709112405,0.0,-0.0041566371224168105,0.06885605916468628,0.0,DoS,1
9,5,-0.6900911776928237,-0.048627766645839815,6,0.4671799073775883,-0.5381826133768208,-0.11355430166811346,-0.7176180923240948,0.0,-0.8326677084884105,-0.4999999999999999,0.0,0.0,0.0,-0.7292988106677873,-0.745761564719357,0.0,DoS,1
9,5,0.0,0.8337389500969058,6,0.8265491045570998,-0.24453950320507764,0.9780693522276707,0.005599648961818577,0.0,0.20428672800518477,0.19009117769282388,0.0,0.9101200021442967,0.0,-0.5215637670010511,-0.5123940488819173,0.0,DoS,1
0,6,0.16466446798290324,-0.1698703824925649,4,0.5540444215781049,-0.010889438232597031,1.1002439997184619,0.2159320011827858,0.0,0.2064692494693574,0.3547556456757271,0.0,-0.12505608801943602,0.0,-0.23434457075451764,-0.18973481360907524,0.0,DoS,1
0,5,0.4398343245895079,1.5450664581656912,7,-2.964798281873854,-0.536666694014643,-0.11355430166811346,-0.7156171064123872,0.004412160443199864,-0.8315970628115102,0.0,1.6094379124341003,0.808170921937716,6.634633357861686,38.676570074115794,39.35746375989024,6.438518737849072,Reconnaissance,1
0,6,0.9398343245895074,0.7123588192549979,4,0.4822465137757067,0.4880998436747603,0.7817516364404195,0.5437676463993477,0.0,0.20314632543884437,1.1299255022823314,0.0,0.7849220738385763,0.0,0.6801846677862536,0.8376383863665209,0.0,DoS,1
9,5,-1.044846823368551,-0.5642089368717931,6,-0.11366578766238532,-0.5381826133768208,-0.11355430166811346,-0.7176180923240948,0.0,-0.8326677084884105,-0.8547556456757273,0.0,-0.5317978645928584,0.0,-0.7490988804641537,-0.7680047694296743,0.0,DoS,1
0,6,-0.6900911776928237,-1.2461212038380718,4,-0.7263590399673187,0.02591010383605853,0.93495765197194,-0.08270385189660917,0.0,-0.0358664073107003,-0.4999999999999999,0.0,-1.2351584765667507,0.0,0.02153452398939866,0.09771725822776876,0.0,DDoS,1
0,6,0.0,-0.36590378186628003,4,0.4009746273383274,-0.5381826133768208,-0.11355430166811346,-0.7176180923240948,0.0,-0.8326677084884105,0.19009117769282388,0.0,-0.32725537146132955,0.0,-0.2487877867900826,-0.20596018120921203,0.0,DoS,1
9,5,-0.6900911776928237,-0.048627766645839815,6,-0.5320293475145926,-0.5381826133768208,-0.11355430166811346,-0.7176180923240948,0.0,-0.8326677084884105,-0.4999999999999999,0.0,0.0,0.0,-0.1719046055159179,-0.11959036749393301,0.0,DDoS,1
0,6,0.30990882230717626,0.0,4,0.5501610094467754,-0.3180641166992844,0.888647561175891,0.02225952687099345,0.0,0.2555718594022035,0.5000000000000001,0.0,0.05015726709112405,0.0,-0.10806423361682183,-0.047872718236202406,0.0,DDoS,1
9,5,0.4398343245895079,0.9470859876446064,7,0.15732755500200243,-0.24026848560160605,0.7686941322760013,-0.0647400782488143,0.0,-0.04278615702387253,0.3547556456757271,1.0986122886681096,0.8608713286398265,4.795790545596741,0.4872324408419054,0.23636554475935975,0.07367973761725713,DDoS,1
0,6,0.4398343245895079,0.14987570198519154,4,0.3128561122264858,0.3670828397549537,0.7278845928254698,0.42252900468194365,0.0,-0.02415995321608233,0.6299255022823318,0.0,0.20474704436159807,0.0,0.27952190057811066,0.3875377532642847,0.0,DDoS,1
9,5,-1.044846823368551,-0.5642089368717931,6,-0.7785817481862357,-0.5381826133768208,-0.11355430166811346,-0.7176180923240948,0.0,-0.8326677084884105,-0.8547556456757273,0.0,-0.5317978645928584,0.0,-0.44896452973096784,-0.43083677595211606,0.0,DDoS,1
