sample_id,dataset,attack_class,origin,perturb,role,should_flag_novel,should_flag_adversarial,duration,n_pkts_total,n_bytes_total,src_pkts,dst_pkts,src_bytes,dst_bytes,rate,rate_src,rate_dst,pkt_size_min,pkt_size_max,pkt_size_mean,pkt_size_std,iat,protocol,conn_state,label_binary,label_family
UNS_adv_source_0,UNSW-NB15,Analysis,known,clean,adv_source,False,False,0.0786189075130069,-0.102435973747594,-0.0971408391989102,-0.1860411478064247,-0.1686897975941312,-0.229734662491429,0.1893195100523425,-0.1283046505529923,-0.2258233383791058,0.0576087054937416,0.0,0.0,-0.0022217797047708,0.0,0.1560111378507314,0.0,0.0,1,analysis
UNS_adv_source_1,UNSW-NB15,Analysis,known,clean,adv_source,False,False,0.7321204130635633,0.0752459204255246,-0.0373901941068135,0.0,0.0,-0.1315256846549196,0.2023126318249251,-0.2829111977702646,-0.3947315916005371,-0.1047580939418042,0.0,0.0,-0.0619931307357398,0.0,0.3429493047658096,0.0,0.0,1,analysis
UNS_adv_source_2,UNSW-NB15,Analysis,known,clean,adv_source,False,False,0.1446565627360626,-0.102435973747594,-0.1069847729524094,-0.1860411478064247,-0.1686897975941312,-0.2264801957241776,0.1535405863071249,-0.1539995848428876,-0.2505829053711613,0.0181194568293665,0.0,0.0,-0.0002268062357725,0.0,0.1863645731588612,0.0,0.0,1,analysis
UNS_adv_source_3,UNSW-NB15,Analysis,known,clean,adv_source,False,False,0.4411141542346427,0.0752459204255246,-0.0682864686842802,0.0,0.0,-0.147134671476689,0.1347134270638112,-0.2036891584441852,-0.3182205630865917,-0.069597631741607,0.0,0.0,-0.1186976849625695,0.0,0.2479340474968692,0.0,0.0,1,analysis
UNS_adv_source_4,UNSW-NB15,Analysis,known,clean,adv_source,False,False,0.0561186315872386,-0.102435973747594,-0.1001903028556803,-0.1860411478064247,-0.1686897975941312,-0.2152164931791361,0.1548519355837002,-0.1191198075534586,-0.2112988820171536,0.0481711080020134,0.0,0.0,0.0147927265535718,0.0,0.1455886889490726,0.0,0.0,1,analysis
UNS_adv_source_5,UNSW-NB15,Analysis,known,clean,adv_source,False,False,0.030460884564991,-0.102435973747594,-0.1129641102250484,-0.1860411478064247,-0.1686897975941312,-0.229734662491429,0.1408626020955271,-0.108350532481046,-0.2056451140211171,0.0504642526507036,0.0,0.0,-0.0204462767199946,0.0,0.1330608714372347,0.0,0.0,1,analysis
UNS_adv_source_6,UNSW-NB15,Analysis,known,clean,adv_source,False,False,0.0503645418646633,-0.102435973747594,-0.0938188846570533,-0.1860411478064247,-0.1686897975941312,-0.2168136642876756,0.1771281381337055,-0.1167327673189605,-0.2095325008771843,0.0613417063311354,0.0,0.0,0.0234172510797651,0.0,0.1428094159619378,0.0,0.0,1,analysis
UNS_adv_source_7,UNSW-NB15,Analysis,known,clean,adv_source,False,False,0.2691444467276703,-0.102435973747594,-0.0890917862201789,-0.1860411478064247,-0.1686897975941312,-0.1795271608383039,0.1270665223828726,-0.1981373457937031,-0.2785515890514132,-0.0325175473463473,0.0,0.0,0.0770454135722861,0.0,0.2381226084531268,0.0,0.0,1,analysis
UNS_adv_source_8,UNSW-NB15,Analysis,known,clean,adv_source,False,False,0.0748716378677704,-0.102435973747594,-0.1124177254197614,-0.1860411478064247,-0.1686897975941312,-0.2057152075602657,0.1009614748795914,-0.1267910990591132,-0.2155328140903845,0.0151794769256237,0.0,0.0,0.0096227211607595,0.0,0.154530099848257,0.0,0.0,1,analysis
UNS_adv_source_9,UNSW-NB15,Analysis,known,clean,adv_source,False,False,0.815691918943395,-0.102435973747594,-0.1124177254197614,-0.1860411478064247,-0.1686897975941312,-0.2057152075602657,0.1009614748795914,-0.3503308365134333,-0.4475792640436169,-0.1783085984217184,0.0,0.0,0.0096227211607595,0.0,0.4232335794547399,0.0,0.0,1,analysis
UNS_adv_source_10,UNSW-NB15,Analysis,known,clean,adv_source,False,False,0.1146353712110404,-0.102435973747594,-0.1002778624604914,-0.1860411478064247,-0.1686897975941312,-0.2072891188723734,0.1408626020955271,-0.1425400919265967,-0.2321370079791506,0.0216037484768033,0.0,0.0,0.0246168450360355,0.0,0.1729332798518389,0.0,0.0,1,analysis
UNS_adv_source_11,UNSW-NB15,Analysis,known,clean,adv_source,False,False,0.0898348111216397,-0.102435973747594,-0.1125752025771886,-0.1860411478064247,-0.1686897975941312,-0.2072891188723734,0.1032034431792634,-0.1327974698235539,-0.2222550689598341,0.0111624092921398,0.0,0.0,0.0107445709464599,0.0,0.1615412592784543,0.0,0.0,1,analysis
UNS_adv_source_12,UNSW-NB15,Analysis,known,clean,adv_source,False,False,-0.6567909185240673,-1.7230419309240497,-1.536385620451394,-1.6329982705869572,-2.015742594047945,-1.1213791097313237,-2.674884827002709,1.8367146390176203,1.90487648180384,-1.8279148941509256,0.0,0.0,-0.4891413889463566,0.0,-1.0250197994663934,0.0,-0.8009099181073703,1,analysis
UNS_adv_source_13,UNSW-NB15,Analysis,known,clean,adv_source,False,False,0.1418771971629876,-0.102435973747594,-0.1239096299956584,-0.1860411478064247,-0.1686897975941312,-0.2264801957241776,0.1017102006319872,-0.1529533722507473,-0.2495188939300911,-0.0067438263413131,0.0,0.0,-0.0202342849895009,0.0,0.1851368795883271,0.0,0.0,1,analysis
UNS_adv_source_14,UNSW-NB15,Analysis,known,clean,adv_source,False,False,1.456509346596893,-0.0271900533220693,-0.0637877611536606,-0.1860411478064247,0.0,-0.1825537760983066,0.2097957793347504,-0.4596706720047209,-0.5860935671003852,-0.2415088882353597,0.0,0.0,0.0607688621462805,0.0,0.5942882582758313,0.0,0.0,1,analysis
UNS_adv_source_15,UNSW-NB15,Analysis,known,clean,adv_source,False,False,0.0136966789715852,-0.102435973747594,-0.1205027301430299,-0.1860411478064247,-0.1686897975941312,-0.2200198569368446,0.1009614748795914,-0.101133256925633,-0.1947539948597262,0.0367999527946588,0.0,0.0,-0.0052147522001566,0.0,0.124680823491188,0.0,0.0,1,analysis
UNS_adv_source_16,UNSW-NB15,Analysis,known,clean,adv_source,False,False,0.836145727205964,0.0752459204255246,-0.0429115592486378,0.0,0.0,-0.1108286785525428,0.1495804345523418,-0.308326907597223,-0.4138019923035706,-0.1531658393097451,0.0,0.0,-0.0356323031976646,0.0,0.3741703117847365,0.0,0.0,1,analysis
UNS_adv_source_17,UNSW-NB15,Analysis,known,clean,adv_source,False,False,0.5801003487665328,-1.4098085233650608,-1.2832563100999794,-1.0641131363744205,-2.015742594047945,-0.6735221009294313,-2.674884827002709,-0.6410503049829414,-0.5985267705711135,-1.8279148941509256,0.0,0.0,-0.4891413889463566,0.0,0.652089450388642,0.0,-0.8009099181073703,1,analysis
UNS_adv_source_18,UNSW-NB15,Analysis,known,clean,adv_source,False,False,0.1062901725091131,-0.102435973747594,-0.1182020624579476,-0.1860411478064247,-0.1686897975941312,-0.2168136642876756,0.1024575216448109,-0.1392905650801145,-0.2323777671640157,0.0052505011248595,0.0,0.0,-0.0052147522001566,0.0,0.1691308970224348,0.0,0.0,1,analysis
UNS_adv_source_19,UNSW-NB15,Analysis,known,clean,adv_source,False,False,0.3181243355639475,0.0,-0.0746151328559397,0.0,-0.1686897975941312,-0.1414151094367592,0.1054328630831989,-0.188625216530186,-0.2768538291666238,-0.0571069425987847,0.0,0.0,-0.0811042417003165,0.0,0.2027526491276986,0.0,0.0,1,analysis
UNS_adv_source_20,UNSW-NB15,Analysis,known,clean,adv_source,False,False,1.2535082754494822,-0.0271900533220693,-0.0779100143219864,-0.1860411478064247,0.0,-0.1735159832170204,0.1509048646436901,-0.4207969033683151,-0.5389946186528648,-0.2341933742801442,0.0,0.0,0.0658285386801936,0.0,0.5433255651742275,0.0,0.0,1,analysis
UNS_adv_source_21,UNSW-NB15,Analysis,known,clean,adv_source,False,False,0.049159102911466,-0.102435973747594,-0.1192281222078408,-0.1860411478064247,-0.1686897975941312,-0.2216289176687707,0.1076498742777819,-0.1162306714533158,-0.2106510440949109,0.0272403566633853,0.0,0.0,-0.0179988648277485,0.0,1.4840300638517383,0.0,0.0,1,analysis
UNS_adv_source_22,UNSW-NB15,Analysis,known,clean,adv_source,False,False,0.055121112820501,-0.102435973747594,-0.0882308307655818,-0.1860411478064247,-0.1686897975941312,-0.2136232463278869,0.1887187226337805,-0.118707129675484,-0.2102359762192621,0.0653680037835148,0.0,0.0,0.0280038686903432,0.0,0.1450512505236713,0.0,0.0,1,analysis
UNS_adv_source_23,UNSW-NB15,Analysis,known,clean,adv_source,False,False,0.2567347685636527,-0.0271900533220693,-0.1179347250255184,-0.1860411478064247,0.0,-0.2313680415470952,0.1284678324754464,-0.1682499083188286,-0.2933539493645966,-0.0226943120715561,0.0,0.0,-0.0585123488047434,0.0,0.233479491168666,0.0,0.0,1,analysis
UNS_adv_source_24,UNSW-NB15,Analysis,known,clean,adv_source,False,False,0.1196726564765678,-0.0271900533220693,-0.0838984806304532,-0.1860411478064247,0.0,-0.2168136642876756,0.2075082096130666,-0.1185535404026066,-0.2376529646104107,0.058476060032856,0.0,0.0,0.0013945423559646,0.0,0.175213659525013,0.0,0.0,1,analysis
UNS_adv_source_25,UNSW-NB15,Analysis,known,clean,adv_source,False,False,0.2942511379476464,-0.0271900533220693,-0.0911173587780488,-0.1860411478064247,0.0,-0.2120339044973449,0.1771281381337055,-0.1808230177805257,-0.2990104160819016,-0.0093626923868923,0.0,0.0,0.0050500045222398,0.0,0.2483240762228767,0.0,0.0,1,analysis
UNS_adv_source_26,UNSW-NB15,Analysis,known,clean,adv_source,False,False,1.3292714969102144,-0.0271900533220693,-0.086031703367023,-0.1860411478064247,0.0,-0.1871203523107357,0.1495804345523418,-0.4356343459953717,-0.5604605325696139,-0.2487398589457278,0.0,0.0,0.0376876081857116,0.0,0.5625774662676337,0.0,0.0,1,analysis
UNS_adv_source_27,UNSW-NB15,Analysis,known,clean,adv_source,False,False,0.230666538118955,-0.102435973747594,-0.1025048005521782,-0.1860411478064247,-0.1686897975941312,-0.2088668596561678,0.1367737177761432,-0.1850254979273285,-0.2760669763271128,-0.0166127077704635,0.0,0.0,0.0225639140331129,0.0,0.2229091025872694,0.0,0.0,1,analysis
UNS_adv_source_28,UNSW-NB15,Analysis,known,clean,adv_source,False,False,0.965504067885064,-0.0271900533220693,-0.0734484219381183,-0.1860411478064247,0.0,-0.1825537760983066,0.1802111410092614,-0.360279166319489,-0.4761181770169586,-0.1644306454010055,0.0,0.0,0.0496691460729049,0.0,0.4662355712216439,0.0,0.0,1,analysis
UNS_adv_source_29,UNSW-NB15,Analysis,known,clean,adv_source,False,False,0.1053550321801161,-0.102435973747594,-0.1067872637114089,-0.1860411478064247,-0.1686897975941312,-0.2025787993067541,0.1127754116937975,-0.1389246464808375,-0.2265600514897664,0.0107694507287184,0.0,0.0,0.0287207012411435,0.0,0.1687028816912915,0.0,0.0,1,analysis
UNS_adv_source_30,UNSW-NB15,Analysis,known,clean,adv_source,False,False,0.1937203577913183,-0.102435973747594,-0.1080318786793051,-0.1860411478064247,-0.1686897975941312,-0.2072891188723734,0.1171168386822584,-0.1720056737680986,-0.2621247830896118,-0.0152486441557614,0.0,0.0,0.0151503759516982,0.0,0.2075405226146668,0.0,0.0,1,analysis
UNS_adv_source_31,UNSW-NB15,Analysis,known,clean,adv_source,False,False,0.1422525856333398,-0.102435973747594,-0.0866960919237303,-0.1860411478064247,-0.1686897975941312,-0.1917193158590564,0.1555059948160352,-0.1530948390481655,-0.2371825412723688,0.0198129320672363,0.0,0.0,0.0587762569727244,0.0,0.1853028793169785,0.0,0.0,1,analysis
UNS_adv_source_32,UNSW-NB15,Analysis,known,clean,adv_source,False,False,-0.0049048790435819,-0.102435973747594,-0.1045336524502676,-0.1860411478064247,-0.1686897975941312,-0.2088668596561678,0.1305605972701916,-0.0929474339800944,-0.182628135710182,0.0581751583578651,0.0,0.0,0.0204826658487052,0.0,0.1151912054597362,0.0,0.0,1,analysis
UNS_adv_source_33,UNSW-NB15,Analysis,known,clean,adv_source,False,False,0.1033056376071887,-0.102435973747594,-0.0986460326172685,-0.1860411478064247,-0.1686897975941312,-0.1948035125994831,0.1242490253447193,-0.1381214181188511,-0.2229118215340023,0.0171244132027748,0.0,0.0,0.0475183654138491,0.0,0.1677635027834073,0.0,0.0,1,analysis
UNS_adv_source_34,UNSW-NB15,Analysis,known,clean,adv_source,False,False,0.4678053987238194,0.0752459204255246,-0.0428407339972715,0.0,0.0,-0.1273330980093359,0.1783642042396414,-0.2115543511003257,-0.3189919272448089,-0.0548462106951689,0.0,0.0,-0.0554105097467034,0.0,0.2572877676872812,0.0,0.0,1,analysis
UNS_adv_source_35,UNSW-NB15,Analysis,known,clean,adv_source,False,False,0.1130934333911153,-0.102435973747594,-0.076165371762985,-0.1860411478064247,-0.1686897975941312,-0.1994574881429869,0.2011487975915538,-0.1419418342060059,-0.2286735130370508,0.0519310926684533,0.0,0.0,0.0619524160788984,0.0,0.1722330332488358,0.0,0.0,1,analysis
UNS_adv_source_36,UNSW-NB15,Backdoor,known,clean,adv_source,False,False,0.2911179682032129,-0.102435973747594,-0.2419781105763735,-0.1860411478064247,-0.1686897975941312,-0.1825537760983066,-0.3358912247307118,-0.2054342461832398,-0.2872684998731751,-0.2680836850021056,0.0,0.0,-0.1115600459025952,0.0,0.2399235940827826,0.0,0.0,1,backdoor_malware_ransomware
UNS_adv_source_37,UNSW-NB15,Backdoor,known,clean,adv_source,False,False,1.1342683218183258,0.1378865483078073,-0.2660870956615702,0.0,0.1404306675880212,-0.4198266335541516,0.0009644604784446,-0.3550377160240335,-0.597790498574387,-0.2823468083143158,0.0,0.0,-0.7087391958187689,0.0,0.4570252657335062,0.0,0.0,1,backdoor_malware_ransomware
UNS_adv_source_38,UNSW-NB15,Backdoor,known,clean,adv_source,False,False,0.0207735491387242,0.0752459204255246,-0.3630884401894561,0.0,0.0,-0.4686395200516771,-0.2116023776408683,-0.054560356032687,-0.2840781437401194,-0.1150161210999225,0.0,0.0,-0.8382974324473379,0.0,0.0737790409937352,0.0,0.0,1,backdoor_malware_ransomware
UNS_adv_source_39,UNSW-NB15,Backdoor,known,clean,adv_source,False,False,-0.1435154418064124,-0.2254853330836409,-0.525144867258072,-0.4095197091966907,-0.1686897975941312,-0.7345180569796051,-0.2476820326924659,-0.0543738946999905,-0.312458248342238,-0.0720618998247067,0.0,0.0,-0.8181491341769955,0.0,0.1048902791621766,0.0,0.0,1,backdoor_malware_ransomware
UNS_adv_source_40,UNSW-NB15,Backdoor,known,clean,adv_source,False,False,-0.4149821786639542,-0.2254853330836409,-0.5030553920290762,-0.4095197091966907,-0.1686897975941312,-0.7345180569796051,-0.1800356107726462,0.1474217323339634,-0.1119045081341478,0.1287793750871937,0.0,0.0,-0.7910887220026227,0.0,-0.1233726667703689,0.0,0.0,1,backdoor_malware_ransomware
UNS_adv_source_41,UNSW-NB15,Backdoor,known,clean,adv_source,False,False,0.0451368709942557,-0.2254853330836409,-0.4770894998755013,-0.4095197091966907,-0.1686897975941312,-0.7345180569796051,-0.1005181175802505,-0.1437451081641541,-0.4025906934019814,-0.0744257696056789,0.0,0.0,-0.7624567187227006,0.0,0.208743003403257,0.0,0.0,1,backdoor_malware_ransomware
UNS_adv_source_42,UNSW-NB15,Backdoor,known,clean,adv_source,False,False,-0.1913221737737995,-0.2254853330836409,-0.5413856090487815,-0.4095197091966907,-0.1686897975941312,-0.7345180569796051,-0.2974173958043551,-0.0272571766249713,-0.2853098262483059,-0.0737768806376447,0.0,0.0,-0.83524908430312,0.0,0.0737284071289419,0.0,0.0,1,backdoor_malware_ransomware
UNS_adv_source_43,UNSW-NB15,Backdoor,known,clean,adv_source,False,False,0.2387431722519835,-0.102435973747594,-0.4511823454574477,-0.1860411478064247,-0.1686897975941312,-0.5930261186035578,-0.2660835487486281,-0.1878143445881234,-0.4189420493280258,-0.2181715437536059,0.0,0.0,-0.8499618207557887,0.0,0.2261686470012622,0.0,0.0,1,backdoor_malware_ransomware
UNS_adv_source_44,UNSW-NB15,Backdoor,known,clean,adv_source,False,False,0.2167169053889639,-0.102435973747594,-0.2445591448453509,-0.1860411478064247,-0.1686897975941312,-0.1871203523107357,-0.3358912247307118,-0.1801610936281285,-0.2629124325520174,-0.2464949401672825,0.0,0.0,-0.1115600459025952,0.0,0.2171614607171303,0.0,0.0,1,backdoor_malware_ransomware
UNS_adv_source_45,UNSW-NB15,Backdoor,known,clean,adv_source,False,False,0.253804374526942,-0.1966718831246962,-0.4311941121523127,-0.1860411478064247,-0.379952234002974,-0.4534908260161989,-0.4463882960065087,-0.2217311236954701,-0.3733580868978243,-0.3214086656766048,0.0,0.0,-0.6117015199790793,0.0,0.2039078089930339,0.0,0.0,1,backdoor_malware_ransomware
UNS_adv_source_46,UNSW-NB15,Backdoor,known,clean,adv_source,False,False,-0.2264305919118015,-0.2254853330836409,-0.4770894998755013,-0.4095197091966907,-0.1686897975941312,-0.7345180569796051,-0.1005181175802505,-0.0057393576649409,-0.2638205818151271,0.0412900927485396,0.0,0.0,-0.7624567187227006,0.0,0.0491091887822567,0.0,0.0,1,backdoor_malware_ransomware
UNS_adv_source_47,UNSW-NB15,Backdoor,known,clean,adv_source,False,False,-0.0622645915368762,-0.2254853330836409,-0.5468201044435997,-0.4095197091966907,-0.1686897975941312,-0.7345180569796051,-0.3140598992856793,-0.095807450694711,-0.3541066157805571,-0.1393740310593147,0.0,0.0,-0.8414086375393927,0.0,0.152774170205369,0.0,0.0,1,backdoor_malware_ransomware
UNS_adv_source_48,UNSW-NB15,Backdoor,known,clean,adv_source,False,False,-0.0055560664682226,0.0,-0.3884763407021155,0.0,-0.1686897975941312,-0.4686395200516771,-0.2893498393589002,-0.0665294836109898,-0.2724418997888708,-0.1491582548809485,0.0,0.0,-0.8322611034736098,0.0,0.0604424912153289,0.0,0.0,1,backdoor_malware_ransomware
UNS_adv_source_49,UNSW-NB15,Backdoor,known,clean,adv_source,False,False,5.36106909375656,0.1240481793926151,0.0751028565357031,1.7216314718113184,-2.015742594047945,1.7297976584596566,-2.674884827002709,-0.7600224818207469,-0.5553459976334025,-1.8279148941509256,0.0,0.0,0.7280207080351309,0.0,0.8850026423703389,0.0,-0.8395324420802127,1,backdoor_malware_ransomware
UNS_adv_source_50,UNSW-NB15,Backdoor,known,clean,adv_source,False,False,1.208781963943351,-1.3110929282994186,-1.257967234073429,-1.6329982705869572,-1.092216195821038,-1.7435676475403927,-0.7453386207357057,-0.7402961629343086,-1.2412059468513388,-0.7855663048793589,0.0,0.0,-1.0263963314500797,0.0,-1.027763448574084,0.0,-0.7453209211170995,1,backdoor_malware_ransomware
UNS_adv_source_51,UNSW-NB15,Backdoor,known,clean,adv_source,False,False,0.1246313232597891,-0.102435973747594,-0.4642292147726716,-0.1860411478064247,-0.1686897975941312,-0.5859236254487354,-0.3183314896379635,-0.146395101053419,-0.3738390023427935,-0.2091151244079085,0.0,0.0,-0.8445853464749333,0.0,0.1774477400659385,0.0,0.0,1,backdoor_malware_ransomware
UNS_adv_source_52,UNSW-NB15,Backdoor,known,clean,adv_source,False,False,1.5992899385203072,0.1378865483078073,-0.2407156565032398,0.0,0.1404306675880212,-0.3836740936284546,0.0160864466441709,-0.4460167187120883,-0.6847874558428269,-0.3584382392469513,0.0,0.0,-0.6310816926125459,0.0,0.5735699593444911,0.0,0.0,1,backdoor_malware_ransomware
UNS_adv_source_53,UNSW-NB15,Backdoor,known,clean,adv_source,False,False,0.1768828045686847,-0.102435973747594,-0.3985072648004261,-0.1860411478064247,-0.1686897975941312,-0.5664407951760824,-0.1507878358917391,-0.1659223803563476,-0.3869397307306158,-0.1425954364058537,0.0,0.0,-0.7544577925068457,0.0,0.200072970793701,0.0,0.0,1,backdoor_malware_ransomware
UNS_adv_source_54,UNSW-NB15,Backdoor,known,clean,adv_source,False,False,1.5585361047922837,0.1378865483078073,-0.2086320776175119,0.0,0.1404306675880212,-0.3301018061121469,0.021612389369461,-0.4385834566850406,-0.6566947607837759,-0.3487234753349826,0.0,0.0,-0.5186769164895205,0.0,0.59006639954059,0.0,0.0,1,backdoor_malware_ransomware
UNS_adv_source_55,UNSW-NB15,Backdoor,known,clean,adv_source,False,False,0.3009082614444071,-0.102435973747594,-0.3985072648004261,-0.1860411478064247,-0.1686897975941312,-0.5664407951760824,-0.1507878358917391,-0.2086428744956225,-0.430662916788855,-0.1790531777482217,0.0,0.0,-0.7544577925068457,0.0,0.2506422789189222,0.0,0.0,1,backdoor_malware_ransomware
UNS_adv_source_56,UNSW-NB15,Backdoor,known,clean,adv_source,False,False,0.1241267729496206,-0.102435973747594,-0.4445875577741041,-0.1860411478064247,-0.1686897975941312,-0.5930261186035578,-0.2458877864919718,-0.1462014773063016,-0.3765199228487054,-0.1729366711089386,0.0,0.0,-0.8418037204065675,0.0,0.1772209005608605,0.0,0.0,1,backdoor_malware_ransomware
UNS_adv_source_57,UNSW-NB15,Backdoor,known,clean,adv_source,False,False,0.3921277700036948,0.0752459204255246,-0.3289887380971784,0.0,0.0,-0.411137040978237,-0.2067049145146053,-0.1888754394108515,-0.3993945636785854,-0.2261221757974637,0.0,0.0,-0.7352689206810228,0.0,0.2236904155517151,0.0,0.0,1,backdoor_malware_ransomware
UNS_adv_source_58,UNSW-NB15,Backdoor,known,clean,adv_source,False,False,0.1337130106428397,-1.3110929282994186,-1.2407269816890596,-1.6329982705869572,-1.092216195821038,-1.7435676475403927,-0.692542373893845,-0.5283655327770709,-0.9406352587938972,-0.508205744143647,0.0,0.0,-1.0065430246736955,0.0,-1.025840034327047,0.0,-0.7453209211170995,1,backdoor_malware_ransomware
UNS_adv_source_59,UNSW-NB15,Backdoor,known,clean,adv_source,False,False,-0.0617017443750875,0.2256346227831552,0.1585114421212849,0.1593654250158457,0.1404306675880212,0.1866908354762756,0.2514494259591289,0.0245033564025709,-0.0044149447227276,0.1492305789553101,0.0,0.0,0.3386197728877193,0.0,-0.0144800267522072,0.0,0.0,1,backdoor_malware_ransomware
UNS_adv_source_60,UNSW-NB15,Backdoor,known,clean,adv_source,False,False,0.1298070258973022,-0.2254853330836409,-0.5323895783876766,-0.4095197091966907,-0.1686897975941312,-0.7345180569796051,-0.2698681091238855,-0.1774032216473486,-0.4368613466234833,-0.1867831676975872,0.0,0.0,-0.8264569994031273,0.0,0.2483609977767752,0.0,0.0,1,backdoor_malware_ransomware
UNS_adv_source_61,UNSW-NB15,Backdoor,known,clean,adv_source,False,False,0.2847337606170472,0.279293452581961,-0.1918978956491156,0.1593654250158457,0.2607255232653797,-0.311332011124403,0.0403709264950386,-0.0958197428264548,-0.3248246987843071,-0.0682889976386949,0.0,0.0,-0.6933775951406346,0.0,0.1380329028557748,0.0,0.0,1,backdoor_malware_ransomware
UNS_adv_source_62,UNSW-NB15,Backdoor,known,clean,adv_source,False,False,-0.0278917336257319,-0.2254853330836409,-0.5468201044435997,-0.4095197091966907,-0.1686897975941312,-0.7345180569796051,-0.3140598992856793,-0.1118910786645277,-0.3703348980401956,-0.1529052996593295,0.0,0.0,-0.8414086375393927,0.0,0.1714310790061832,0.0,0.0,1,backdoor_malware_ransomware
UNS_adv_source_63,UNSW-NB15,Backdoor,known,clean,adv_source,False,False,-0.28781411238279,-0.2254853330836409,-0.4770894998755013,-0.4095197091966907,-0.1686897975941312,-0.7345180569796051,-0.1005181175802505,0.0359439641260408,-0.2223114893375531,0.0759022939288706,0.0,0.0,-0.7624567187227006,0.0,0.0010809593788458,0.0,0.0,1,backdoor_malware_ransomware
UNS_adv_source_64,UNSW-NB15,Backdoor,known,clean,adv_source,False,False,-0.2545971984282272,0.0752459204255246,0.0022177930170254,0.0,0.0,-0.013883516421947,0.1199850561735383,0.0927446791291592,0.0282559111698187,0.1714228662541959,0.0,0.0,0.1218118945871871,0.0,-0.093226236974461,0.0,0.0,1,backdoor_malware_ransomware
UNS_adv_source_65,UNSW-NB15,DoS,known,clean,adv_source,False,False,0.8274246420663031,-0.102435973747594,-0.294425335574606,-0.1860411478064247,-0.1686897975941312,-0.2753476816126819,-0.3358912247307118,-0.3530958871384879,-0.4760772245266029,-0.3971492368736728,0.0,0.0,-0.2790861641419259,0.0,0.4165859384123098,0.0,0.0,1,dos
UNS_adv_source_66,UNSW-NB15,DoS,known,clean,adv_source,False,False,0.805738195592803,0.0891094043590191,0.1430072176636549,-0.1860411478064247,0.2607255232653797,-0.2072891188723734,0.8858945689605606,-0.2805815659420476,-0.4456850170818917,0.2237508165176448,0.0,0.0,0.2215871834610293,0.0,0.4168693501152002,0.0,0.0,1,dos
UNS_adv_source_67,UNSW-NB15,DoS,known,clean,adv_source,False,False,0.0898959434339664,-0.102435973747594,-0.0165188263390698,-0.1860411478064247,-0.1686897975941312,-0.2281053874075629,0.4333948990391442,-0.1328218152736848,-0.2297398609419089,0.1744562938069729,0.0,0.0,0.1048531500260821,0.0,0.1615696834419462,0.0,0.0,1,dos
UNS_adv_source_68,UNSW-NB15,DoS,known,clean,adv_source,False,False,0.7359572068000738,1.0710545839819985,0.9258204400201908,1.102965617721098,0.8709699133828938,1.1297008142573348,0.9690227361681532,-0.0293466725595918,0.0775432102566918,0.2878260629221852,0.0,0.0,1.158297547963635,0.0,0.0448595882220371,0.0,0.0,1,dos
UNS_adv_source_69,UNSW-NB15,DoS,known,clean,adv_source,False,False,-0.4046243382846121,-0.0942359093771021,0.2619231962165185,0.0,-0.379952234002974,0.772828812922242,-0.4463882960065087,0.1664827070270652,0.4378621497192925,-0.0215331380928012,0.0,0.0,1.4691697865183004,0.0,-0.2540910104251697,0.0,0.0,1,dos
UNS_adv_source_70,UNSW-NB15,DoS,known,clean,adv_source,False,False,1.9920143700940471,0.955742746571662,0.4692743770325273,0.8935397119319154,0.8709699133828938,0.1288230828132647,1.3032854984296078,-0.3209418703250067,-0.5637724625014989,0.2238287681657512,0.0,0.0,-0.3558036627859727,0.0,0.4172475461907096,0.0,0.0,1,dos
UNS_adv_source_71,UNSW-NB15,DoS,known,clean,adv_source,False,False,1.2892137128822525,0.6300372579895924,0.4136879730263912,0.6353919484123379,0.4594410110118215,0.5580405878757706,0.3901423160189701,-0.2699259567806514,-0.2663593998453299,-0.1129331804903825,0.0,0.0,0.4781811970905039,0.0,0.309135121507875,0.0,0.0,1,dos
UNS_adv_source_72,UNSW-NB15,DoS,known,clean,adv_source,False,False,-0.3859783448621158,0.0891094043590191,0.1718026240543433,-0.1860411478064247,0.2607255232653797,-0.2072891188723734,0.9740771169778284,0.2203052114376611,0.0577588265048521,0.6871877701655585,0.0,0.0,0.2549249030364733,0.0,-0.1572567499199945,0.0,0.0,1,dos
UNS_adv_source_73,UNSW-NB15,DoS,known,clean,adv_source,False,False,-0.2882138438812511,0.0,0.1128039542404104,0.0,-0.1686897975941312,0.0399514541504025,0.3654612634643885,0.0925344504781041,0.0713241838809656,0.306839060654065,0.0,0.0,0.3493178454222492,0.0,-0.1315742699749427,0.0,0.0,1,dos
UNS_adv_source_74,UNSW-NB15,DoS,known,clean,adv_source,False,False,0.5403471434517707,-0.3319067895794484,-0.5426571346333098,0.8935397119319154,-2.015742594047945,0.6368063275926614,-2.674884827002709,-0.1744465873694195,-0.0499124120061778,-1.8279148941509256,0.0,0.0,-0.395833257379978,0.0,0.0376269499142457,0.0,-0.8009099181073703,1,dos
UNS_adv_source_75,UNSW-NB15,DoS,known,clean,adv_source,False,False,1.316681219153542,0.0,0.1145136533775428,0.0,-0.1686897975941312,0.0936327816239169,0.2777820358773898,-0.4331968480704093,-0.4512740535149306,-0.1885692840269209,0.0,0.0,0.4207165871227393,0.0,0.5042514580887929,0.0,0.0,1,dos
UNS_adv_source_76,UNSW-NB15,DoS,known,clean,adv_source,False,False,-0.5495196439954126,-1.3110929282994186,-0.7912958489987093,-1.6329982705869572,-1.092216195821038,-1.3512842314221898,0.0047991180895327,-0.0310746164802542,-0.2672153381452053,0.2791837059681714,0.0,0.0,-0.0098733840247214,0.0,-1.0242019949348142,0.0,-0.7453209211170995,1,dos
UNS_adv_source_77,UNSW-NB15,DoS,known,clean,adv_source,False,False,-0.4102352732282165,0.1998337361440591,0.7947661944910263,0.5340804835085613,-0.379952234002974,1.7155780782560623,-0.4463882960065087,0.2649222183647305,0.7956181698598044,-0.0167140239293416,0.0,0.0,2.620239680544098,0.0,-0.4041513027330272,0.0,0.0,1,dos
UNS_adv_source_78,UNSW-NB15,DoS,known,clean,adv_source,False,False,0.7522408695484417,1.0192520557047813,1.1688631279008077,1.102965617721098,0.7548366006327752,1.9026941650425584,0.3753674378704087,-0.0490830457673191,0.3549855422107507,-0.0104420709481975,0.0,0.0,2.412681677484187,0.0,0.0497325942642685,0.0,0.0,1,dos
UNS_adv_source_79,UNSW-NB15,DoS,known,clean,adv_source,False,False,0.4842319180945437,-1.4098085233650608,-1.3217699638328448,-1.0641131363744205,-2.015742594047945,-0.7416635964160151,-2.674884827002709,-0.6209130474432708,-0.5956388873517652,-1.8279148941509256,0.0,0.0,-0.6167648483049548,0.0,0.6197122195665568,0.0,-0.8009099181073703,1,dos
UNS_adv_source_80,UNSW-NB15,DoS,known,clean,adv_source,False,False,-0.2637338262658507,-0.102435973747594,0.0102439042374663,-0.1860411478064247,-0.1686897975941312,-0.2216289176687707,0.5041427396328033,0.048643983050697,-0.0456109281493824,0.3611231327139224,0.0,0.0,0.1317888036651649,0.0,-0.0465750703103087,0.0,0.0,1,dos
UNS_adv_source_81,UNSW-NB15,DoS,known,clean,adv_source,False,False,0.482867762163123,0.5128840063535942,0.1095614172153499,0.4226217212524879,0.4594410110118215,-0.0738774174241531,0.5525534653306693,-0.0973807292117201,-0.2970594476599432,0.1360879072396386,0.0,0.0,-0.4025261962641688,0.0,0.1437501116173393,0.0,0.0,1,dos
UNS_adv_source_82,UNSW-NB15,DoS,known,clean,adv_source,False,False,-0.3021345205514141,-0.0271900533220693,0.0866218629772056,-0.1860411478064247,0.0,-0.2041451071751601,0.7077791956900643,0.1028990614058332,-0.0116678160723885,0.4903484967370414,0.0,0.0,0.2196105664094297,0.0,-0.0777320370296785,0.0,0.0,1,dos
UNS_adv_source_83,UNSW-NB15,DoS,known,clean,adv_source,False,False,-0.3662170508228572,-0.1966718831246962,-0.1310301773100994,-0.1860411478064247,-0.379952234002974,0.0775836742935925,-0.4463882960065087,0.0994294151822828,0.1434475665009899,-0.0521109759786494,0.0,0.0,0.3880766462684335,0.0,-0.1579376160339508,0.0,0.0,1,dos
UNS_adv_source_84,UNSW-NB15,DoS,known,clean,adv_source,False,False,-0.6567820891937016,-1.7230419309240497,-0.7975483800442553,-1.6329982705869572,-2.015742594047945,0.1858319596656278,-2.674884827002709,1.8367146390176203,2.382250858849335,-1.8279148941509256,0.0,0.0,1.9732076410241992,0.0,-1.0250197994663934,0.0,-0.8009099181073703,1,dos
UNS_adv_source_85,UNSW-NB15,DoS,known,clean,adv_source,False,False,0.7670903598713533,0.8524995081769922,0.6456183291619098,0.4226217212524879,1.220806809163248,0.2282458029603057,1.6712311002062736,-0.0374587584540063,-0.2655445095450788,0.6307602899762526,0.0,0.0,0.4385082478568151,0.0,0.2343897105818545,0.0,0.0,1,dos
UNS_adv_source_86,UNSW-NB15,DoS,known,clean,adv_source,False,False,-0.3439298382959399,-0.102435973747594,-0.1284824494635349,-0.1860411478064247,-0.1686897975941312,-0.2362930106052332,0.104691108710572,0.1098004989609902,0.0097227717922242,0.21392955388037,0.0,0.0,-0.0343185508095702,0.0,-0.1150836991130537,0.0,0.0,1,dos
UNS_adv_source_87,UNSW-NB15,DoS,known,clean,adv_source,False,False,4.722488123881075,5.184082867805519,3.564517974916087,6.489183023407293,3.4431014008257645,5.541752005160364,1.4130712292702632,0.2604046329887993,0.942306347657076,-0.1114814618095883,0.0,0.0,3.230829621088018,0.0,-0.4045227757629744,0.0,0.0,1,dos
UNS_adv_source_88,UNSW-NB15,DoS,known,clean,adv_source,False,False,-0.111303061491596,-0.3197212424607432,-0.590031035022044,-0.4095197091966907,-0.379952234002974,-0.7345180569796051,-0.4463882960065087,-0.1050097246245989,-0.3295790988299212,-0.1940464324612122,0.0,0.0,-0.8478303769425897,0.0,0.1237909442967842,0.0,0.0,1,dos
UNS_adv_source_89,UNSW-NB15,DoS,known,clean,adv_source,False,False,-0.2403716546766224,-0.0064878349017544,0.4981006812785193,0.1593654250158457,-0.379952234002974,1.1906932706548434,-0.4463882960065087,0.0593985197046692,0.460964023196364,-0.1317558384597796,0.0,0.0,2.068287731133918,0.0,-0.1318503017485005,0.0,0.0,1,dos
UNS_adv_source_90,UNSW-NB15,DoS,known,clean,adv_source,False,False,1.9524040799183813,-0.0271900533220693,-0.1391248568140427,-0.1860411478064247,0.0,-0.2395972273966086,0.0778191308283473,-0.5442839610590428,-0.706716173319466,-0.3900688066268481,0.0,0.0,-0.0934967688809304,0.0,0.7106197855362087,0.0,0.0,1,dos
UNS_adv_source_91,UNSW-NB15,DoS,known,clean,adv_source,False,False,-0.6567909185240673,-1.7230419309240497,-1.1023043382776054,-1.6329982705869572,-2.015742594047945,-0.3533671227300857,-2.674884827002709,2.0276683361549592,2.3718723169801645,-1.8279148941509256,0.0,0.0,0.9564162035785576,0.0,-1.026662714004611,0.0,-0.8009099181073703,1,dos
UNS_adv_source_92,UNSW-NB15,DoS,known,clean,adv_source,False,False,0.3652589176063459,-0.102435973747594,0.0472907141498816,-0.1860411478064247,-0.1686897975941312,-0.1301251416866298,0.4592138147321606,-0.2291217539640053,-0.2925004936697416,0.1051598907848726,0.0,0.0,0.2970352356318144,0.0,0.2753413912233156,0.0,0.0,1,dos
UNS_adv_source_93,UNSW-NB15,DoS,known,clean,adv_source,False,False,1.2554191696818016,1.8872415701501084,1.8701504691689812,2.502651636714458,0.9729894850834436,3.1170046186600557,0.4211734483349212,0.059491189134072,0.6826019624377142,-0.0859364736875367,0.0,0.0,3.117569892513337,0.0,-0.1599031267953505,0.0,0.0,1,dos
UNS_adv_source_94,UNSW-NB15,DoS,known,clean,adv_source,False,False,0.578474605897432,-1.4098085233650608,-1.2832563100999794,-1.0641131363744205,-2.015742594047945,-0.6735221009294313,-2.674884827002709,-0.6407231116871713,-0.5980676270725804,-1.8279148941509256,0.0,0.0,-0.4891413889463566,0.0,0.6515540934655512,0.0,-0.8009099181073703,1,dos
UNS_adv_source_95,UNSW-NB15,DoS,known,clean,adv_source,False,False,0.1850790350308583,0.0,0.2141835034831542,0.0,-0.1686897975941312,0.561420460006863,-0.2266667689604774,-0.1430681251360452,0.0256502308739852,-0.1827996757850318,0.0,0.0,1.1065711996631789,0.0,0.1488592475346209,0.0,0.0,1,dos
UNS_adv_source_96,UNSW-NB15,DoS,known,clean,adv_source,False,False,0.0319185913183622,0.0752459204255246,0.2375616119146545,0.0,0.0,0.1034654361623735,0.6375829782127604,-0.0593642647749114,-0.0804101079572819,0.3011978983098857,0.0,0.0,0.5451681617918904,0.0,0.0793049011990932,0.0,0.0,1,dos
UNS_adv_source_97,UNSW-NB15,DoS,known,clean,adv_source,False,False,1.5613882512747554,1.111791301951024,0.5312265030519999,0.8935397119319154,1.220806809163248,0.0946227835600922,1.5522026087263097,-0.18244021319887,-0.4905675039097326,0.420682423640403,0.0,0.0,-0.3760619790682018,0.0,0.3179335153370087,0.0,0.0,1,dos
UNS_adv_source_98,UNSW-NB15,DoS,known,clean,adv_source,False,False,-0.3969907837352908,-0.1966718831246962,-0.4338073521111779,-0.1860411478064247,-0.379952234002974,-0.4581143831603091,-0.4463882960065087,0.1287501591573339,-0.0227428870928338,-0.0279339519404733,0.0,0.0,-0.6117015199790793,0.0,-0.1952954504097637,0.0,0.0,1,dos
UNS_adv_source_99,UNSW-NB15,DoS,known,clean,adv_source,False,False,-0.1410775969719059,-0.102435973747594,-0.4620640978739267,-0.1860411478064247,-0.1686897975941312,-0.5719478443453011,-0.3358912247307118,-0.0261605619720972,-0.2476747541332801,-0.1168720125871399,0.0,0.0,-0.8253757476338069,0.0,0.0383401379457822,0.0,0.0,1,dos
UNS_adv_source_100,UNSW-NB15,DoS,known,clean,adv_source,False,False,-0.5723641845812416,-0.8063141426338163,0.3648209112817762,-1.0641131363744205,-0.662800874961527,0.4605375844680266,0.4092569447535418,0.2300304719047454,0.5488156255528636,0.6080039373113998,0.0,0.0,2.6034062104428366,0.0,-0.2682274330157696,0.0,-0.7453209211170995,1,dos
UNS_adv_source_101,UNSW-NB15,DoS,known,clean,adv_source,False,False,-0.2338482087530418,-0.1966718831246962,-0.4768935185772917,-0.1860411478064247,-0.379952234002974,-0.534345940886537,-0.4463882960065087,-0.0009952424912276,-0.1793782771533452,-0.1352751724885806,0.0,0.0,-0.7478502133204925,0.0,-0.0240519945321397,0.0,0.0,1,dos
UNS_adv_source_102,UNSW-NB15,DoS,known,clean,adv_source,False,False,0.5215550925946133,1.7113856427872247,0.8623024550187878,1.102965617721098,2.306493807465636,0.2947530991540649,2.219685806154537,0.3101697605068763,-0.1675520662982476,0.9613354243954634,0.0,0.0,-0.199150592268249,0.0,-0.0226710612553858,0.0,0.0,1,dos
UNS_adv_source_103,UNSW-NB15,DoS,known,clean,adv_source,False,False,-0.3667570706998788,-0.102435973747594,0.02573873656624,-0.1860411478064247,-0.1686897975941312,0.045310585002624,0.0895583493092192,0.129823505148795,0.1321253599028371,0.2229438144358507,0.0,0.0,0.4765403505888717,0.0,-0.138861240837591,0.0,0.0,1,dos
UNS_adv_source_104,UNSW-NB15,DoS,known,clean,adv_source,False,False,-0.4137777977302533,-0.1966718831246962,0.0140180223447457,-0.1860411478064247,-0.379952234002974,0.334214772206887,-0.4463882960065087,0.1461320614736812,0.283151696239443,-0.0136192901468119,0.0,0.0,0.8684789879515207,0.0,-0.2065573042393551,0.0,0.0,1,dos
UNS_adv_source_105,UNSW-NB15,DoS,known,clean,adv_source,False,False,2.594738842140076,2.724034953699776,1.3484339358431283,2.1912896680356857,3.233291143494518,0.8921841575802032,2.674335502907555,0.1190174460772581,-0.3915553381021214,0.8149018163277894,0.0,0.0,-0.2652546345730928,0.0,0.2143803266484658,0.0,0.0,1,dos
UNS_adv_source_106,UNSW-NB15,DoS,known,clean,adv_source,False,False,-0.3834024224888016,-0.4458889576016589,-0.6450253630040542,-0.4095197091966907,-0.662800874961527,-0.738080984307192,-0.6086350262707629,0.0414917155925332,-0.1450015557589889,-0.1401322105386497,0.0,0.0,-0.8741556187509618,0.0,-0.0877531715235039,0.0,-0.7453209211170995,1,dos
UNS_adv_source_107,UNSW-NB15,DoS,known,clean,adv_source,False,False,2.80976346121064,3.236804688778201,2.592419850763084,4.192668628501368,1.9123772964124677,4.200690958727464,0.7573268312969826,0.1027308036642854,0.7777412709677939,-0.166863576102999,0.0,0.0,3.2533462467070717,0.0,-0.2291092290285691,0.0,0.0,1,dos
UNS_adv_source_108,UNSW-NB15,DoS,known,clean,adv_source,False,False,0.4489850123857706,-0.3319067895794484,-0.5426571346333098,0.8935397119319154,-2.015742594047945,0.6368063275926614,-2.674884827002709,-0.1478982872132126,-0.0228728058766473,-1.8279148941509256,0.0,0.0,-0.395833257379978,0.0,0.0067450297077023,0.0,-0.8009099181073703,1,dos
UNS_adv_source_109,UNSW-NB15,DoS,known,clean,adv_source,False,False,0.0861302413203642,-0.102435973747594,-0.10078500359295,-0.1860411478064247,-0.1686897975941312,-0.2200198569368446,0.1613446951996232,-0.1313196275575176,-0.2252703045097403,0.0411784847768117,0.0,0.0,0.0177226846555451,0.0,0.159815356410692,0.0,0.0,1,dos
UNS_adv_source_110,UNSW-NB15,DoS,known,clean,adv_source,False,False,0.1547913067021329,-0.102435973747594,-0.0726689684555817,-0.1860411478064247,-0.1686897975941312,-0.1765146065593602,0.172145155457084,-0.1577900058552261,-0.2364141976013112,0.0241529962200283,0.0,0.0,0.0939945509911027,0.0,0.1891300964104831,0.0,0.0,1,dos
UNS_adv_source_111,UNSW-NB15,DoS,known,clean,adv_source,False,False,1.68476997118834,0.843816191412551,0.865117781228754,0.8935397119319154,0.620047765997026,1.399438920402556,0.316248487115875,-0.2975682628781592,-0.0403020022395581,-0.2164296949906981,0.0,0.0,1.7042063431844638,0.0,0.3470997065735962,0.0,0.0,1,dos
UNS_adv_source_112,UNSW-NB15,DoS,known,clean,adv_source,False,False,5.386176485890111,3.698937240496567,2.369895650877101,4.250684775963037,2.876793454831081,3.585666801664615,1.1403946824375175,-0.2497721839569953,0.1203222099994503,-0.3373354617082334,0.0,0.0,2.0024586613266795,0.0,0.249885062316599,0.0,-0.7453209211170995,1,dos
UNS_adv_source_113,UNSW-NB15,DoS,known,clean,adv_source,False,False,0.2173312555236007,-0.1966718831246962,-0.4858513254098124,-0.1860411478064247,-0.379952234002974,-0.5501948228981396,-0.4463882960065087,-0.2092233258705521,-0.3956546859609469,-0.3106726702763788,0.0,0.0,-0.7968198058873817,0.0,0.2335600280782013,0.0,0.0,1,dos
UNS_adv_source_114,UNSW-NB15,DoS,known,clean,adv_source,False,False,0.0756241815031532,0.7679913024536053,0.4796448615489307,0.2987543829403037,1.1842519214922862,-0.0462528625671398,1.6380762235244666,0.1678799682979082,-0.1479484545943354,0.7970276036672601,0.0,0.0,0.0714557958047904,0.0,0.0164137064747931,0.0,0.0,1,dos
UNS_adv_source_115,UNSW-NB15,DoS,known,clean,adv_source,False,False,1.3698879417790837,0.701677649274518,0.4749511595210332,0.6353919484123379,0.620047765997026,0.6233776677342913,0.4646641435505769,-0.2645783493206878,-0.2600470599446827,-0.0885193250629707,0.0,0.0,0.5986911879329974,0.0,0.3400816384259755,0.0,0.0,1,dos
UNS_adv_source_116,UNSW-NB15,DoS,known,clean,adv_source,False,False,0.5738218913022521,-0.102435973747594,-0.1251936921680637,-0.1860411478064247,-0.1686897975941312,-0.2041451071751601,0.0591189507545337,-0.2893588051583435,-0.382208694536537,-0.1450848134642438,0.0,0.0,0.008884477748231,0.0,0.3480512711375591,0.0,0.0,1,dos
UNS_adv_source_117,UNSW-NB15,DoS,known,clean,adv_source,False,False,-0.0764567850561862,-0.1966718831246962,-0.4196597750615913,-0.1860411478064247,-0.379952234002974,-0.4330833366551616,-0.4463882960065087,-0.0889354254670059,-0.2308299805766168,-0.2087241162177604,0.0,0.0,-0.569487800041417,0.0,0.0277973355781336,0.0,0.0,1,dos
UNS_adv_source_118,UNSW-NB15,DoS,known,clean,adv_source,False,False,0.8152444276977608,0.9932029323221312,1.1365458096050194,1.1648514369940504,0.620047765997026,1.859406090146276,0.3513251408477557,-0.0733509452302381,0.323401113844377,-0.0372697823401222,0.0,0.0,2.278782616351545,0.0,0.0523690615530283,0.0,0.0,1,dos
UNS_adv_source_119,UNSW-NB15,DoS,known,clean,adv_source,False,False,0.1712693958136884,-0.1966718831246962,-0.2746468257708576,-0.1860411478064247,-0.379952234002974,-0.1765146065593602,-0.4463882960065087,-0.1928155087229492,-0.2426082765319288,-0.2966339222663472,0.0,0.0,-0.0940923586327831,0.0,0.1976613687809732,0.0,0.0,1,dos
UNS_adv_source_120,UNSW-NB15,DoS,known,clean,adv_source,False,False,-0.0016117735902417,-0.102435973747594,-0.4605044982801032,-0.1860411478064247,-0.1686897975941312,-0.5691884736187395,-0.3358912247307118,-0.0944106545897104,-0.3156026054776313,-0.173973704186322,0.0,0.0,-0.8253757476338069,0.0,0.1071972857054419,0.0,0.0,1,dos
UNS_adv_source_121,UNSW-NB15,DoS,known,clean,adv_source,False,False,-0.3841994247422863,-0.1966718831246962,-0.1590531735734659,-0.1860411478064247,-0.379952234002974,0.028003105110377,-0.4463882960065087,0.1161921716824185,0.1418714673390517,-0.0382840498406014,0.0,0.0,0.2893072409693644,0.0,-0.1629554538459645,0.0,0.0,1,dos
UNS_adv_source_122,UNSW-NB15,DoS,known,clean,adv_source,False,False,-0.4184473023179808,-0.1966718831246962,-0.1125611148457325,-0.1860411478064247,-0.379952234002974,0.1102606450449585,-0.4463882960065087,0.1511659582278366,0.2064174605424343,-0.0094759953576154,0.0,0.0,0.4437260729551426,0.0,-0.2031991203271637,0.0,0.0,1,dos
UNS_adv_source_123,UNSW-NB15,DoS,known,clean,adv_source,False,False,0.0415962463557231,-0.102435973747594,0.1557785261095404,-0.1860411478064247,-0.1686897975941312,0.5211896872325446,-0.3358912247307118,-0.1130643767634585,0.0632876915481408,-0.1896663655822253,0.0,0.0,1.2140989249750618,0.0,0.1189578469662416,0.0,0.0,1,dos
UNS_adv_source_124,UNSW-NB15,DoS,known,clean,adv_source,False,False,-0.6567909185240673,-1.7230419309240497,-1.536385620451394,-1.6329982705869572,-2.015742594047945,-1.1213791097313237,-2.674884827002709,2.0276683361549592,2.091187345123489,-1.8279148941509256,0.0,0.0,-0.4891413889463566,0.0,-1.026662714004611,-0.9995800377965982,-0.8009099181073703,1,dos
UNS_adv_source_125,UNSW-NB15,DoS,known,clean,adv_source,False,False,0.4842949424489864,-0.102435973747594,-0.0238035045856935,-0.1860411478064247,-0.1686897975941312,-0.1399930668882577,0.2585761435603717,-0.2645286139208987,-0.3329563927126749,-0.0247725795159623,0.0,0.0,0.1945497411791724,0.0,0.3176925209924112,0.0,0.0,1,dos
UNS_adv_source_126,UNSW-NB15,DoS,known,clean,adv_source,False,False,0.3986325542926033,-0.102435973747594,-0.3510048287923568,-0.1860411478064247,-0.1686897975941312,-0.3754527328880576,-0.3358912247307118,-0.2393531412658783,-0.3925866291931925,-0.2972480789900638,0.0,0.0,-0.4732308646376817,0.0,0.2804408153513644,0.0,0.0,1,dos
UNS_adv_source_127,UNSW-NB15,DoS,known,clean,adv_source,False,False,-0.3946996741267523,-0.4458889576016589,-0.6450253630040542,-0.4095197091966907,-0.662800874961527,-0.738080984307192,-0.6086350262707629,0.0524707218760882,-0.1340961253289258,-0.1310402135970054,0.0,0.0,-0.8741556187509618,0.0,-0.1000604421301456,0.0,-0.7453209211170995,1,dos
UNS_adv_source_128,UNSW-NB15,DoS,known,clean,adv_source,False,False,-0.6567820891937016,-1.7230419309240497,-1.5956280408202432,-1.6329982705869572,-2.015742594047945,-1.226195628781381,-2.674884827002709,1.8367146390176203,1.866473586921782,-1.8279148941509256,0.0,0.0,-0.6859401205123418,0.0,-1.0250197994663934,0.0,-0.8009099181073703,1,dos
UNS_adv_source_129,UNSW-NB15,DoS,known,clean,adv_source,False,False,-0.6567850322979374,-1.9716692737003692,-1.973417979328265,-2.0845478047393016,-2.015742594047945,-1.894612382182092,-2.674884827002709,-0.9285007789161114,-2.372642763138015,-1.8279148941509256,0.0,0.0,-1.106377899346931,0.0,-1.0280393194890851,0.0,-0.8009099181073703,1,dos
UNS_adv_source_130,UNSW-NB15,DoS,known,clean,adv_source,False,False,0.1416189016507517,-0.0271900533220693,-0.1131146371144972,-0.1860411478064247,0.0,-0.2462566044580959,0.1689988359149144,-0.1269570818086136,-0.2567621130555628,0.0321981264220841,0.0,0.0,-0.0745268920782029,0.0,0.1846473757828046,0.0,0.0,1,dos
UNS_adv_source_131,UNSW-NB15,DoS,known,clean,adv_source,False,False,0.9791298921511602,0.6117827387686905,0.4428526346640069,0.5340804835085613,0.5435741642239326,0.6645024009064682,0.2951849375118571,-0.2014920467869267,-0.1578554600188612,-0.0996476409584557,0.0,0.0,0.7419014357278167,0.0,0.2651424700001999,0.0,0.0,1,dos
UNS_adv_source_132,UNSW-NB15,DoS,known,clean,adv_source,False,False,0.2661459453706112,-0.102435973747594,-0.0938018907134202,-0.1860411478064247,-0.1686897975941312,0.0796116701365248,-0.3358912247307118,-0.197131112872115,-0.1832532940618488,-0.2609785081489073,0.0,0.0,0.3847602907693851,0.0,0.2312389112586806,0.0,0.0,1,dos
UNS_adv_source_133,UNSW-NB15,DoS,known,clean,adv_source,False,False,0.0689695010430923,-0.102435973747594,-0.4079285455188071,-0.1860411478064247,-0.1686897975941312,-0.5239912116055316,-0.2531137802676009,-0.1243942660310892,-0.3291721591685981,-0.1580795560925536,0.0,0.0,-0.7181689705548983,0.0,0.1513734598997584,0.0,0.0,1,dos
UNS_adv_source_134,UNSW-NB15,DoS,known,clean,adv_source,False,False,-0.3553861186916739,-0.1966718831246962,-0.2797788398654819,-0.1860411478064247,-0.379952234002974,-0.1855945842132984,-0.4463882960065087,0.0897884718995827,0.0377853036990712,-0.060069615394,0.0,0.0,-0.1082436904035468,0.0,-0.126065736000652,0.0,0.0,1,dos
UNS_adv_source_135,UNSW-NB15,DoS,known,clean,adv_source,False,False,0.5625668432643002,1.4287103275677089,0.744450653536507,0.8139588521935753,2.029523721613614,0.1622015705681576,2.088206943773024,0.2205405367899594,-0.2298191616078884,0.8859856063562639,0.0,0.0,-0.1098516247828276,0.0,0.0657365878399625,0.0,0.0,1,dos
UNS_adv_source_136,UNSW-NB15,DoS,known,clean,adv_source,False,False,4.673144666850076,2.1984433576363145,2.037045001230356,3.2969890292087225,0.690140844124891,3.495688154341273,0.2768193236673772,-0.4102633600643828,0.2039604873862455,-0.6742968871384162,0.0,0.0,2.952130739623404,0.0,0.3497896939237601,0.0,-0.7453209211170995,1,dos
UNS_adv_source_137,UNSW-NB15,DoS,known,clean,adv_source,False,False,1.6164059143662304,0.784072238247563,0.5502836617074747,0.728250559228382,0.690140844124891,0.716579963733898,0.5340407477958999,-0.293748113102843,-0.2767245782279785,-0.096417341640142,0.0,0.0,0.6817864442426405,0.0,0.3749171033501874,0.0,0.0,1,dos
UNS_adv_source_138,UNSW-NB15,DoS,known,clean,adv_source,False,False,-0.4461509753902406,-0.0942359093771021,0.370027322127378,0.0,-0.379952234002974,0.9640954442039644,-0.4463882960065087,0.2131014737220381,0.5534835421251779,0.0167676502859784,0.0,0.0,1.8301104671078008,0.0,-0.3087388236460868,0.0,0.0,1,dos
UNS_adv_source_139,UNSW-NB15,DoS,known,clean,adv_source,False,False,-0.4716522459082073,-0.3197212424607432,-0.590031035022044,-0.4095197091966907,-0.379952234002974,-0.7345180569796051,-0.4463882960065087,0.1818309873603523,-0.044149468443181,0.0439351518574483,0.0,0.0,-0.8478303769425897,0.0,-0.1990834318591688,0.0,0.0,1,dos
UNS_adv_source_140,UNSW-NB15,DoS,known,clean,adv_source,False,False,0.2166022958291064,0.7658863527550338,0.839276274646344,0.8139588521935753,0.5435741642239326,1.3397739407392335,0.3403837677466795,0.0486817888946102,0.3091655949116665,0.1045926417204772,0.0,0.0,1.7063605553558767,0.0,-0.0595329116212942,0.0,0.0,1,dos
UNS_adv_source_141,UNSW-NB15,DoS,known,clean,adv_source,False,False,0.3921818790859438,0.1378865483078073,0.0471020525614403,0.0,0.1404306675880212,0.0113467661920809,0.2137676838711279,-0.1678553585815076,-0.2452952261938508,-0.014238831358003,0.0,0.0,0.1825071109782179,0.0,0.2303880792060058,0.0,0.0,1,dos
UNS_adv_source_142,UNSW-NB15,DoS,known,clean,adv_source,False,False,-0.570385464669989,-1.5466380238855426,-1.622294733536316,-1.3126187775013796,-2.015742594047945,-1.2733765151745042,-2.674884827002709,-0.0739680768225032,-0.1163766577995484,-1.8279148941509256,0.0,0.0,-1.2555803685676985,0.0,-1.0272125325678625,0.0,-0.8009099181073703,1,dos
UNS_adv_source_143,UNSW-NB15,DoS,known,clean,adv_source,False,False,1.1965331438164617,0.5742542299789732,0.396645583097707,0.5340804835085613,0.4594410110118215,0.5247666529579286,0.3955445957032169,-0.2621718476583238,-0.2591357005255592,-0.0930824657608657,0.0,0.0,0.5293893717568914,0.0,0.3234003182646626,0.0,0.0,1,dos
UNS_adv_source_144,UNSW-NB15,DoS,known,clean,adv_source,False,False,1.0068295446181383,-0.0271900533220693,-0.1512278727777365,-0.1860411478064247,0.0,-0.2563756832805288,0.0697962617635832,-0.3694052848606692,-0.5129602980317526,-0.2273624711329563,0.0,0.0,-0.1279029298788655,0.0,0.4776786446147704,0.0,0.0,1,dos
UNS_adv_source_145,UNSW-NB15,DoS,known,clean,adv_source,False,False,0.4582059566785412,0.2152771194999349,0.2303971774963389,-0.1860411478064247,0.5435741642239326,-0.2216289176687707,1.1783362664373829,-0.1340153180892467,-0.3548375639705671,0.4529700858157817,0.0,0.0,0.248612005364929,0.0,0.3088447310462972,0.0,0.0,1,dos
UNS_adv_source_146,UNSW-NB15,DoS,known,clean,adv_source,False,False,-0.4489363181010775,0.1384635125186803,0.7099693071702675,0.4226217212524879,-0.379952234002974,1.5655485132939349,-0.4463882960065087,0.2891784628880063,0.7831012321114255,0.0195809109397881,0.0,0.0,2.467030410479648,0.0,-0.4134659806203436,0.0,0.0,1,dos
UNS_adv_source_147,UNSW-NB15,DoS,known,clean,adv_source,False,False,0.0039346145814139,0.4250985939573056,0.912118048310422,0.6353919484123379,0.0,1.809445957084618,-0.2494843976816907,0.0450844588537664,0.5630755892976915,-0.127802584135724,0.0,0.0,2.678177274410181,0.0,-0.0954451441553603,0.0,0.0,1,dos
UNS_adv_source_148,UNSW-NB15,DoS,known,clean,adv_source,False,False,0.9368194892010554,0.6675657667793099,0.1555298676952307,0.6353919484123379,0.5435741642239326,0.0377953386402835,0.5000362910668781,-0.1800009666617164,-0.3749461402128779,0.0102060009632963,0.0,0.0,-0.4590966478432311,0.0,0.2259987900024234,0.0,0.0,1,dos
UNS_adv_source_149,UNSW-NB15,DoS,known,clean,adv_source,False,False,-0.324857819035919,-0.102435973747594,-0.0076056886683816,-0.1860411478064247,-0.1686897975941312,-0.2104484485920254,0.4301286078133063,0.0940694565284041,0.0036394034257451,0.3620675299097445,0.0,0.0,0.1337239559263586,0.0,-0.097542540080735,0.0,0.0,1,dos
UNS_adv_source_150,UNSW-NB15,DoS,known,clean,adv_source,False,False,-0.0817247429279339,0.2256346227831552,0.0990131466163413,0.1593654250158457,0.1404306675880212,0.1969095810315508,0.0515556478963322,0.0343565818958078,0.0090623576030515,0.0584648419508161,0.0,0.0,0.2857209826170258,0.0,-0.0309491747972269,0.0,0.0,1,dos
UNS_adv_source_151,UNSW-NB15,DoS,known,clean,adv_source,False,False,1.8409205026853253,0.3023834700301683,0.6030090084424063,0.2987543829403037,0.1404306675880212,1.1598622151631452,-0.0717545645952133,-0.4553364774451323,-0.1653312259868666,-0.4423034158856784,0.0,0.0,1.882490797880732,0.0,0.5598646657998475,0.0,0.0,1,dos
UNS_adv_source_152,UNSW-NB15,DoS,known,clean,adv_source,False,False,-0.3399959356544058,-0.1966718831246962,-0.4540241689406754,-0.1860411478064247,-0.379952234002974,-0.4938836233963949,-0.4463882960065087,0.0766220265484823,-0.0873683852399484,-0.0709462816183283,0.0,0.0,-0.6778839384589035,0.0,-0.1123517764295456,0.0,0.0,1,dos
UNS_adv_source_153,UNSW-NB15,DoS,known,clean,adv_source,False,False,0.54482125652676,-0.0271900533220693,0.0191396323168693,-0.1860411478064247,0.0,0.0135924866781647,0.1242490253447193,-0.2562996906103679,-0.2945725018303499,-0.1003918688311207,0.0,0.0,0.4054992440559192,0.0,0.3382153093045121,0.0,0.0,1,dos
UNS_adv_source_154,UNSW-NB15,DoS,known,clean,adv_source,False,False,-0.3623810076913083,-0.1966718831246962,-0.1814079888910903,-0.1860411478064247,-0.379952234002974,-0.0115488563221841,-0.4463882960065087,0.0959776276979071,0.1074475516889324,-0.0549599102360713,0.0,0.0,0.2150980621550977,0.0,-0.1416846071952542,0.0,0.0,1,dos
UNS_adv_source_155,UNSW-NB15,DoS,known,clean,adv_source,False,False,-0.0922664347966112,-0.1966718831246962,-0.1362330220376894,-0.1860411478064247,-0.379952234002974,0.0683783773103064,-0.4463882960065087,-0.0811091855560736,-0.0398465248666838,-0.2021572061897072,0.0,0.0,0.3689500608060046,0.0,0.0675630067586424,0.0,0.0,1,dos
UNS_adv_source_156,UNSW-NB15,DoS,known,clean,adv_source,False,False,0.5386886139793782,-0.1966718831246962,-0.4298944464233742,-0.1860411478064247,-0.379952234002974,-0.4511913514709689,-0.4463882960065087,-0.3078872893063915,-0.4623011974889342,-0.3963223324128705,0.0,0.0,-0.6117015199790793,0.0,0.3313473458019589,0.0,0.0,1,dos
UNS_adv_source_157,UNSW-NB15,DoS,known,clean,adv_source,False,False,0.4299482273650707,0.9991345878991827,0.6222988922272449,0.5340804835085613,1.4119575218600224,0.1320992774370624,1.7662344512605974,0.1054415675153044,-0.2045041275199392,0.7576329573574467,0.0,0.0,0.1318894345269401,0.0,0.0951190010708128,0.0,0.0,1,dos
UNS_adv_source_158,UNSW-NB15,DoS,known,clean,adv_source,False,False,-0.3121436391774598,-0.102435973747594,-0.0824965564519556,-0.1860411478064247,-0.1686897975941312,-0.1917193158590564,0.1683665786663036,0.0840325326379032,0.0003367797358021,0.2242262276842481,0.0,0.0,0.0636283824841171,0.0,-0.0863209861182606,0.0,0.0,1,dos
UNS_adv_source_159,UNSW-NB15,DoS,known,clean,adv_source,False,False,1.4019423239664148,2.4257556578154444,2.1541070261564905,3.3404968347124484,1.146034888041065,3.681034763048474,0.3144985799280291,0.1859678369834663,0.857392951697181,-0.1641206438887329,0.0,0.0,3.183671379144052,0.0,-0.3280836122060261,0.0,0.0,1,dos
UNS_adv_source_160,UNSW-NB15,DoS,known,clean,adv_source,False,False,0.6262311271642588,0.5325477153854612,0.5277895314424076,0.5340804835085613,0.3659414104308224,0.9143555871059867,0.122832767913163,-0.1379931899189801,0.023500142937172,-0.1122649023891209,0.0,0.0,1.177273839722519,0.0,0.1566262577724157,0.0,0.0,1,dos
UNS_adv_source_161,UNSW-NB15,DoS,known,clean,adv_source,False,False,4.054102913864496,-0.529828359728101,-0.8575842131458938,0.5340804835085613,-2.015742594047945,0.0796116701365248,-2.674884827002709,-0.7852976737257845,-0.948838352350419,-1.8279148941509256,0.0,0.0,-1.0286326278527456,0.0,0.938204205292808,0.0,-0.8009099181073703,1,dos
UNS_adv_source_162,UNSW-NB15,DoS,known,clean,adv_source,False,False,1.3538489755791414,0.701677649274518,0.4749511595210332,0.6353919484123379,0.620047765997026,0.6233776677342913,0.4646641435505769,-0.2612680711259389,-0.2565967258687722,-0.0856424661536015,0.0,0.0,0.5986911879329974,0.0,0.3360795043621092,0.0,0.0,1,dos
UNS_adv_source_163,UNSW-NB15,DoS,known,clean,adv_source,False,False,-0.3890027915947416,0.0354505745602133,0.1219627068022885,-0.1860411478064247,0.1404306675880212,-0.218414779032585,0.8407052121708816,0.2014218882972316,0.0567995836706842,0.6210824039585052,0.0,0.0,0.212710158709607,0.0,-0.1605032664358425,0.0,0.0,1,dos
UNS_adv_source_164,UNSW-NB15,DoS,known,clean,adv_source,False,False,0.2966203181270068,0.7658863527550338,0.8678939940680196,0.8139588521935753,0.5435741642239326,1.4023420439185714,0.3197254059342831,0.020724407140182,0.3041631868178053,0.0710958992482544,0.0,0.0,1.8167374945587684,0.0,-0.0279808475113188,0.0,0.0,1,dos
UNS_adv_source_165,UNSW-NB15,DoS,known,clean,adv_source,False,False,0.0881593291025621,-0.1966718831246962,-0.2269298707837278,-0.1860411478064247,-0.379952234002974,-0.0920898803196277,-0.4463882960065087,-0.1612407440488246,-0.179567335151093,-0.2697485670939373,0.0,0.0,0.0640726937667891,0.0,0.1471222633637153,0.0,0.0,1,dos
UNS_adv_source_166,UNSW-NB15,DoS,known,clean,adv_source,False,False,-0.3031386232609864,-0.4458889576016589,-0.6450253630040542,-0.4095197091966907,-0.662800874961527,-0.738080984307192,-0.6086350262707629,-0.0262354528797052,-0.2124945915180135,-0.1964009037614796,0.0,0.0,-0.8741556187509618,0.0,-0.0111931734633214,0.0,-0.7453209211170995,1,dos
UNS_adv_source_167,UNSW-NB15,DoS,known,clean,adv_source,False,False,0.3182555808773382,-0.1966718831246962,-0.1356512673893563,-0.1860411478064247,-0.379952234002974,0.0694076650537817,-0.4463882960065087,-0.2428932617953835,-0.204581250743204,-0.3396455795522871,0.0,0.0,0.3689500608060046,0.0,0.2525959861239845,0.0,0.0,1,dos
UNS_adv_source_168,UNSW-NB15,DoS,known,clean,adv_source,False,False,1.2092027238697758,2.438085908506587,2.1600278697915862,3.3319301910895684,1.1842519214922862,3.680868122289517,0.3329188999289783,0.2286626833581468,0.8993687572335207,-0.1197411598192579,0.0,0.0,3.1932494919008314,0.0,-0.3677784988009332,0.0,0.0,1,dos
UNS_adv_source_169,UNSW-NB15,DoS,known,clean,adv_source,False,False,0.5572380636184708,-0.102435973747594,-0.1983815869465595,-0.1860411478064247,-0.1686897975941312,-0.105419252878126,-0.3358912247307118,-0.2848637891120401,-0.3416167565057809,-0.3367823762235908,0.0,0.0,0.0357743167903374,0.0,0.3310044038788577,0.0,0.0,1,dos
UNS_adv_source_170,UNSW-NB15,DoS,known,clean,adv_source,False,False,-0.3412565858318693,-0.102435973747594,-0.136359120848561,-0.1860411478064247,-0.1686897975941312,-0.2200198569368446,0.0524031417968807,0.1075437452697749,0.0134224157627147,0.186299115018958,0.0,0.0,-0.0231276303087466,0.0,-0.1125708070307559,0.0,0.0,1,dos
UNS_adv_source_171,UNSW-NB15,DoS,known,clean,adv_source,False,False,-0.3440095517477542,0.0354505745602133,0.1218125299656691,-0.1860411478064247,0.1404306675880212,-0.2136232463278869,0.8319518304457786,0.1604099751135737,0.017989183009595,0.5830316655971646,0.0,0.0,0.2094882263056925,0.0,-0.1151589082708136,0.0,0.0,1,dos
UNS_adv_source_172,UNSW-NB15,DoS,known,clean,adv_source,False,False,-0.3942822605770614,-0.0271900533220693,0.0247480467094754,-0.1860411478064247,0.0,-0.2429183672671143,0.5854090748669453,0.1826383650226743,0.0530109258606328,0.4954755184946396,0.0,0.0,0.0982795201677115,0.0,-0.1662471478722248,0.0,0.0,1,dos
UNS_adv_source_173,UNSW-NB15,DoS,known,clean,adv_source,False,False,-0.3318184890649424,0.3498526735317807,0.9306587634662208,0.6353919484123379,-0.1686897975941312,1.8921709647482936,-0.3358912247307118,0.2276214361600289,0.789354591740164,-0.0125227199173532,0.0,0.0,2.8339554364243624,0.0,-0.3427982752746233,0.0,0.0,1,dos
UNS_adv_source_174,UNSW-NB15,DoS,known,clean,adv_source,False,False,0.4291013771280404,0.9591280288228874,1.1219622410245569,1.102965617721098,0.620047765997026,1.8493737322187995,0.3240293049976531,0.0255655579593,0.4266699882301838,0.0387092533692643,0.0,0.0,2.318311082556686,0.0,-0.0540982461688991,0.0,0.0,1,dos
UNS_adv_source_175,UNSW-NB15,DoS,known,clean,adv_source,False,False,-0.0914354270440777,-0.0271900533220693,-0.0353456738587681,-0.1860411478064247,0.0,-0.1217848190938115,0.1917136388707276,-0.0258235652950122,-0.1095641592429776,0.1283102696517803,0.0,0.0,0.1749174715604086,0.0,0.0680426830363882,0.0,0.0,1,dos
UNS_adv_source_176,UNSW-NB15,DoS,known,clean,adv_source,False,False,0.6704342452034282,0.6675657667793099,0.4132129217830966,0.6353919484123379,0.5435741642239326,0.6174416436272386,0.2858724857065507,-0.1129874134792318,-0.0956281127920361,-0.0389871270644109,0.0,0.0,0.5290366650913839,0.0,0.1474454069011895,0.0,0.0,1,dos
UNS_adv_source_177,UNSW-NB15,DoS,known,clean,adv_source,False,False,-0.0126888146248246,-0.0271900533220693,-0.0165506216179064,-0.1860411478064247,0.0,-0.2346471946399022,0.4446204965558704,-0.0633256437252179,-0.1882581421711104,0.2221536516554325,0.0,0.0,0.0604564850988785,0.0,0.1111579158954398,0.0,0.0,1,dos
UNS_adv_source_178,UNSW-NB15,DoS,known,clean,adv_source,False,False,-0.1687944555665831,-0.3197212424607432,-0.590031035022044,-0.4095197091966907,-0.379952234002974,-0.7345180569796051,-0.4463882960065087,-0.0740314600995569,-0.2983820844522229,-0.1680361170884923,0.0,0.0,-0.8478303769425897,0.0,0.0887253177216204,0.0,0.0,1,dos
UNS_adv_source_179,UNSW-NB15,DoS,known,clean,adv_source,False,False,-0.071721706266848,-0.1966718831246962,-0.2066236890807232,-0.1860411478064247,-0.379952234002974,-0.0561625284650758,-0.4463882960065087,-0.0912439677440082,-0.0954341526267342,-0.2106624615900125,0.0,0.0,0.136097970904913,0.0,0.0792606566277885,0.0,0.0,1,dos
UNS_adv_source_180,UNSW-NB15,DoS,known,clean,adv_source,False,False,0.656915609049013,-0.0271900533220693,-0.0012283332464187,-0.1860411478064247,0.0,-0.1690438886486207,0.3779929218401126,-0.2862910556764823,-0.3925912637737864,-0.0010588971057342,0.0,0.0,0.1518627414365164,0.0,0.3748138942938988,0.0,0.0,1,dos
UNS_adv_source_181,UNSW-NB15,DoS,known,clean,adv_source,False,False,-0.085806169929153,-0.1966718831246962,-0.1109273587161983,-0.1860411478064247,-0.379952234002974,0.1131512195591037,-0.4463882960065087,-0.0843295798005011,-0.0267710919404346,-0.2048585971897713,0.0,0.0,0.4527598893437388,0.0,0.0707688811232833,0.0,0.0,1,dos
UNS_adv_source_182,UNSW-NB15,DoS,known,clean,adv_source,False,False,5.388606688589929,3.236264721097521,2.536252469271978,3.4918687803895603,2.776221027632992,3.242552159995831,2.24372705002663,-0.348989147137914,-0.0054956977844622,0.2079282143080292,0.0,0.0,2.624360076915048,0.0,0.4355954139097693,0.0,-0.7453209211170995,1,dos
UNS_adv_source_183,UNSW-NB15,DoS,known,clean,adv_source,False,False,0.2360422459315054,0.6117827387686905,0.4739296229186919,0.5340804835085613,0.5435741642239326,0.716579963733898,0.3002154771797675,0.0077388413896685,0.0722366759590318,0.0789212101905196,0.0,0.0,0.8398069175126956,0.0,0.0221222813444203,0.0,0.0,1,dos
UNS_adv_source_184,UNSW-NB15,DoS,known,clean,adv_source,False,False,-0.2826788136402283,-0.102435973747594,-0.0289822193379792,-0.1860411478064247,-0.1686897975941312,-0.1176545430776501,0.2040520318946337,0.0620003829953927,0.0055592588753846,0.2236311828988488,0.0,0.0,0.213462107762153,0.0,-0.0616087114770376,0.0,0.0,1,dos
UNS_adv_source_185,UNSW-NB15,DoS,known,clean,adv_source,False,False,5.3905507193082345,4.921017970034828,2.405503164024459,4.6113129948851,5.171358023415596,2.226144903181209,3.60258356338901,0.1887306784839746,-0.3756571624057075,0.8804258149648241,0.0,0.0,-0.4182377058652629,0.0,0.1627851675828213,0.0,-0.7453209211170995,1,dos
UNS_adv_source_186,UNSW-NB15,DoS,known,clean,adv_source,False,False,-0.4069160631045779,-0.3197212424607432,-0.590031035022044,-0.4095197091966907,-0.379952234002974,-0.7345180569796051,-0.4463882960065087,0.1046924785117387,-0.1203229829433948,-0.0195768275765366,0.0,0.0,-0.8478303769425897,0.0,-0.1139033288057428,0.0,0.0,1,dos
UNS_adv_source_187,UNSW-NB15,DoS,known,clean,adv_source,False,False,-0.0780984521802922,-0.102435973747594,-0.1329267834573842,-0.1860411478064247,-0.1686897975941312,-0.2313680415470952,0.0825564154039649,-0.0587065655654798,-0.1563465903957969,0.0632800180979008,0.0,0.0,-0.0423525144993011,0.0,0.0756653186312114,0.0,0.0,1,dos
UNS_adv_source_188,UNSW-NB15,DoS,known,clean,adv_source,False,False,-0.3705112719179393,-0.102435973747594,-0.1492708768383001,-0.1860411478064247,-0.1686897975941312,-0.2496121159158346,0.0640825287898352,0.1332541202688772,0.0278488745980539,0.2131565531631838,0.0,0.0,-0.0805874698428389,0.0,-0.141127734298396,0.0,0.0,1,dos
UNS_adv_source_189,UNSW-NB15,DoS,known,clean,adv_source,False,False,1.085287428753552,0.1378865483078073,0.2180187000170424,0.0,0.1404306675880212,0.1450409985021483,0.5057735381564069,-0.3445614600893004,-0.3806882648854481,-0.0233184381567709,0.0,0.0,0.5422998322429232,0.0,0.4438233570564242,0.0,0.0,1,dos
UNS_adv_source_190,UNSW-NB15,DoS,known,clean,adv_source,False,False,-0.2979104564906936,-0.102435973747594,-0.0912585390818908,-0.1860411478064247,-0.1686897975941312,-0.2200198569368446,0.1905183732086594,0.0731863268019217,-0.0206050981818935,0.2262255786908147,0.0,0.0,0.0280038686903432,0.0,-0.0741689407832393,0.0,0.0,1,dos
UNS_adv_source_191,UNSW-NB15,DoS,known,clean,adv_source,False,False,1.329925466764383,2.3968943084127354,2.1535415494303654,3.2880797162560693,1.146034888041065,3.680034275531806,0.3144985799280291,0.1919218006139547,0.872465319521444,-0.1512154387899427,0.0,0.0,3.240047108654809,0.0,-0.334442023964707,0.0,0.0,1,dos
UNS_adv_source_192,UNSW-NB15,DoS,known,clean,adv_source,False,False,-0.1276435877511877,-0.102435973747594,-0.0392704095381023,-0.1860411478064247,-0.1686897975941312,-0.1948035125994831,0.3060798931642107,-0.0333783626574713,-0.1174485458049128,0.1949444290293976,0.0,0.0,0.1156209122295,0.0,0.0465976956288565,0.0,0.0,1,dos
UNS_adv_source_193,UNSW-NB15,DoS,known,clean,adv_source,False,False,0.3426434617700151,-0.102435973747594,-0.1113864881095968,-0.1860411478064247,-0.1686897975941312,-0.2346471946399022,0.1541968005955644,-0.2220414318831011,-0.3232227165504391,-0.039598121314518,0.0,0.0,-0.0154329218415422,0.0,0.2668807809242203,0.0,0.0,1,dos
UNS_adv_source_194,UNSW-NB15,DoS,known,clean,adv_source,False,False,-0.6567865038522626,-1.7230419309240497,-1.7959392340318718,-1.6329982705869572,-2.015742594047945,-1.5806025194601188,-2.674884827002709,1.9138396804612408,1.811563331024833,-1.8279148941509256,0.0,0.0,-1.3497865754236522,0.0,-1.025840034327047,0.0,-0.8009099181073703,1,dos
UNS_adv_source_195,UNSW-NB15,DoS,known,clean,adv_source,False,False,0.4042410016266389,0.0354505745602133,0.0532416876969153,-0.1860411478064247,0.1404306675880212,-0.2072891188723734,0.6109981827387887,-0.1925859396372636,-0.3330920094735143,0.17912910304269,0.0,0.0,0.1409679758446785,0.0,0.2896312860758747,0.0,0.0,1,dos
UNS_adv_source_196,UNSW-NB15,DoS,known,clean,adv_source,False,False,1.0379920332903,0.1378865483078073,0.0375408566712311,0.0,0.1404306675880212,0.0113467661920809,0.1844876450950985,-0.3342551921533622,-0.4184122976241076,-0.173128471378307,0.0,0.0,0.1706407988324775,0.0,0.431114764990135,0.0,0.0,1,dos
UNS_adv_source_197,UNSW-NB15,DoS,known,clean,adv_source,False,False,-0.0065083205801288,0.7795704266303455,1.2448961898427071,1.2791730753241926,0.0,2.398224170300609,-0.2494843976816907,0.1590908542925216,0.787304507641584,-0.1239135616175542,0.0,0.0,3.057344812526556,0.0,-0.3075771735719356,0.0,0.0,1,dos
UNS_adv_source_198,UNSW-NB15,DoS,known,clean,adv_source,False,False,0.6935912117453393,-0.102435973747594,-0.4249366972164438,-0.1860411478064247,-0.1686897975941312,-0.5062590207951335,-0.3358912247307118,-0.3205552450410078,-0.5251621847347615,-0.368173818989884,0.0,0.0,-0.7040808959239147,0.0,0.3861920396423056,0.0,0.0,1,dos
UNS_adv_source_199,UNSW-NB15,DoS,known,clean,adv_source,False,False,2.513531998282983,2.4729615876910307,1.2382358830901767,1.981037606289093,2.929954437645945,0.7797438466449291,2.5314856002212665,0.0540732243344428,-0.4183823446679304,0.7563307385010465,0.0,0.0,-0.2405591909841798,0.0,0.2502070321230824,0.0,0.0,1,dos
UNS_adv_source_200,UNSW-NB15,DoS,known,clean,adv_source,False,False,1.6731468955076785,1.462255389505512,1.6084023978289488,1.858870509802604,0.8149071462730976,2.671826731099291,0.3901423160189701,-0.1437401868132449,0.43080540101086,-0.1759773427056166,0.0,0.0,3.0091285476206453,0.0,0.0963510382978575,0.0,0.0,1,dos
UNS_adv_source_201,UNSW-NB15,DoS,known,clean,adv_source,False,False,0.147129906726633,-0.6836651868993147,-0.7915578722537443,-0.689398077881705,-0.850382028347869,-0.932416250403142,-0.7210060501298343,-0.3265609860553561,-0.7423582340301496,-0.2890434775205214,0.0,0.0,-0.8741556187509618,0.0,0.3137410959183784,0.0,0.0,1,dos
UNS_adv_source_202,UNSW-NB15,DoS,known,clean,adv_source,False,False,-0.6567938616459617,-1.7230419309240497,-1.7959392340318718,-1.6329982705869572,-2.015742594047945,-1.5806025194601188,-2.674884827002709,2.151383822834952,2.043331270961698,-1.8279148941509256,0.0,0.0,-1.3497865754236522,0.0,-1.0272125325678625,0.0,-0.8009099181073703,1,dos
UNS_adv_source_203,UNSW-NB15,DoS,known,clean,adv_source,False,False,-0.2015465860551773,-0.102435973747594,-0.0608995239377906,-0.1860411478064247,-0.1686897975941312,-0.1457000444706345,0.1548519355837002,0.0084970146515058,-0.0578625909574188,0.1549211228999818,0.0,0.0,0.1422683773549907,0.0,-0.0011524043368669,0.0,0.0,1,dos
UNS_adv_source_204,UNSW-NB15,DoS,known,clean,adv_source,False,False,-0.6567894469653276,-1.7230419309240497,-0.8961676174849033,-1.6329982705869572,-2.015742594047945,0.0113467661920809,-2.674884827002709,1.9835124170285956,2.4618480792688966,-1.8279148941509256,0.0,0.0,1.644083463756602,0.0,-1.0263882148994588,0.0,-0.8009099181073703,1,dos
UNS_adv_source_205,UNSW-NB15,DoS,known,clean,adv_source,False,False,1.2735409347536304,-0.0271900533220693,-0.0957965097844269,-0.1860411478064247,0.0,-0.2104484485920254,0.1600545823860143,-0.4247600498251729,-0.5567999701938349,-0.2333814438332462,0.0,0.0,-0.0020798935443522,0.0,0.5484638110711935,0.0,0.0,1,dos
UNS_adv_source_206,UNSW-NB15,DoS,known,clean,adv_source,False,False,0.1279494262878882,0.0752459204255246,0.2058469574361734,0.0,0.0,0.1841107877400887,0.4008745857978688,-0.0983319995460049,-0.0902686897891315,0.1514123031712267,0.0,0.0,0.600137492421918,0.0,0.1243225181462712,0.0,0.0,1,dos
UNS_adv_source_207,UNSW-NB15,DoS,known,clean,adv_source,False,False,1.0052165772552364,0.6675657667793099,0.6138429552229621,0.6353919484123379,0.5435741642239326,0.9486429289183044,0.3270146014990976,-0.1960331426003488,-0.0594265833127001,-0.0890616496941465,0.0,0.0,1.1675158267551458,0.0,0.2449741223454367,0.0,0.0,1,dos
UNS_adv_source_208,UNSW-NB15,DoS,known,clean,adv_source,False,False,0.2029078323169627,-0.0271900533220693,-0.1226875907384667,-0.1860411478064247,0.0,-0.2025787993067541,0.0640825287898352,-0.1494867814552376,-0.2635639230895482,-0.0386152048553557,0.0,0.0,-0.0229262144883204,0.0,0.2109862394414186,0.0,0.0,1,dos
UNS_adv_source_209,UNSW-NB15,DoS,known,clean,adv_source,False,False,1.0990267541971674,0.8601222621321359,0.5550247378425812,0.8139588521935753,0.7548366006327752,0.7233681156096121,0.5368103808338482,-0.1670451607324075,-0.1616909250642416,-0.0012370101564021,0.0,0.0,0.5830300194450168,0.0,0.2227021683369507,0.0,0.0,1,dos
UNS_adv_source_210,UNSW-NB15,DoS,known,clean,adv_source,False,False,0.2261331011387416,-0.102435973747594,-0.3711736418726721,-0.1860411478064247,-0.1686897975941312,-0.411137040978237,-0.3358912247307118,-0.1834513032566779,-0.3482582065701003,-0.2492991902450674,0.0,0.0,-0.5319978247371847,0.0,0.2210483363304614,0.0,0.0,1,dos
UNS_adv_source_211,UNSW-NB15,DoS,known,clean,adv_source,False,False,0.909463349083512,-0.0271900533220693,0.0619211755450435,-0.1860411478064247,0.0,-0.1231674446543866,0.4919750686205911,-0.3476372440944181,-0.4408154438073506,0.0011259819341872,0.0,0.0,0.2887850835527856,0.0,0.4504189787292168,0.0,0.0,1,dos
UNS_adv_source_212,UNSW-NB15,DoS,known,clean,adv_source,False,False,-0.1557834134013512,-0.102435973747594,-0.0454422824427793,-0.1860411478064247,-0.1686897975941312,-0.1399930668882577,0.1923099293757881,-0.0180708482698074,-0.0823445058718585,0.1513626600421686,0.0,0.0,0.1697583657649086,0.0,0.029098563348352,0.0,0.0,1,dos
UNS_adv_source_213,UNSW-NB15,DoS,known,clean,adv_source,False,False,2.3061526714714744,1.6480484386914578,0.7911987991971653,1.2234785613902657,2.015742594047945,0.2748332383565333,2.036417750319356,-0.1470554568703536,-0.56749205680469,0.5420704866901256,0.0,0.0,-0.36306157203854,0.0,0.3996358646181397,0.0,0.0,1,dos
UNS_adv_source_214,UNSW-NB15,DoS,known,clean,adv_source,False,False,0.0683178384866647,-0.0271900533220693,-0.2147870848492743,-0.1860411478064247,0.0,-0.287716334516583,-0.0706000073144258,-0.0981133460266402,-0.2426648299473026,-0.0621343029427544,0.0,0.0,-0.2288496637639542,0.0,0.151425176252516,0.0,0.0,1,dos
UNS_adv_source_215,UNSW-NB15,DoS,known,clean,adv_source,False,False,-0.537397676118038,-1.3110929282994186,-0.9966407291500452,-1.6329982705869572,-1.092216195821038,-1.4504773777734887,-0.4523557781509965,-0.0573127757239238,-0.3299137035105484,0.0306448669610029,0.0,0.0,-0.3684824056738896,0.0,-1.0272125325678625,0.0,-0.7453209211170995,1,dos
UNS_adv_source_216,UNSW-NB15,DoS,known,clean,adv_source,False,False,5.38844603370397,4.21257886009413,2.651110028610865,5.015998928210506,3.083609573676658,4.026450773930263,1.238644352261486,-0.1232686147389856,0.2807718192602494,-0.288936980598533,0.0,0.0,1.9923213233481585,0.0,0.0625561984535301,0.0,-0.7453209211170995,1,dos
UNS_adv_source_217,UNSW-NB15,DoS,known,clean,adv_source,False,False,-0.0421975599192978,-0.1966718831246962,0.0093515781726131,-0.1860411478064247,-0.379952234002974,0.3259585188090843,-0.4463882960065087,-0.1052898904255591,0.0295689360946087,-0.222469131446072,0.0,0.0,0.8491000623936212,0.0,0.066145733339257,0.0,0.0,1,dos
UNS_adv_source_218,UNSW-NB15,DoS,known,clean,adv_source,False,False,0.2209682159497981,-0.102435973747594,-0.4249366972164438,-0.1860411478064247,-0.1686897975941312,-0.5062590207951335,-0.3358912247307118,-0.1816500531899091,-0.3807293660338334,-0.2477637621708641,0.0,0.0,-0.7040808959239147,0.0,0.2186464827652711,0.0,0.0,1,dos
UNS_adv_source_219,UNSW-NB15,DoS,known,clean,adv_source,False,False,0.1054602322645221,-0.1966718831246962,0.2059987223860264,-0.1860411478064247,-0.379952234002974,0.6738826753383615,-0.4463882960065087,-0.1680424104506286,0.0927383104105504,-0.2755264407416181,0.0,0.0,1.50397999669495,0.0,0.1419650590497512,0.0,0.0,1,dos
UNS_adv_source_220,UNSW-NB15,DoS,known,clean,adv_source,False,False,0.1958587682065709,1.105614786420115,1.432786771246316,1.7575590448988274,0.1404306675880212,2.6896566743848704,-0.17852107669324,0.1718140985599058,0.8139968854221987,-0.1528555231737519,0.0,0.0,3.071164321308192,0.0,-0.3213643336939188,0.0,0.0,1,dos
UNS_adv_source_221,UNSW-NB15,DoS,known,clean,adv_source,False,False,-0.2364492518733955,0.0752459204255246,0.1139361541187969,0.0,0.0,0.0683783773103064,0.3197254059342831,0.0806785260715876,0.0463969170530377,0.2602438837824421,0.0,0.0,0.3576938266464313,0.0,-0.0797247473302261,0.0,0.0,1,dos
UNS_adv_source_222,UNSW-NB15,DoS,known,clean,adv_source,False,False,-0.2907154894126875,0.0702610123452586,0.6734343239875433,0.2987543829403037,-0.379952234002974,1.500907843028897,-0.4463882960065087,0.1182717838666162,0.6109418900850011,-0.1028544199227227,0.0,0.0,2.4893964513262543,0.0,-0.2344603354120086,0.0,0.0,1,dos
UNS_adv_source_223,UNSW-NB15,DoS,known,clean,adv_source,False,False,1.7249783273015458,0.7244311094724163,1.1882990154300932,0.967811106645419,0.2607255232653797,2.014687812355623,0.2410419891630895,-0.3342988205376294,0.1764039562833819,-0.2657915696972716,0.0,0.0,2.818930344017117,0.0,0.335539178456758,0.0,0.0,1,dos
UNS_adv_source_224,UNSW-NB15,DoS,known,clean,adv_source,False,False,0.3719586307458661,-0.102435973747594,-0.1182299649673462,-0.1860411478064247,-0.1686897975941312,-0.2362930106052332,0.1360881376017431,-0.2311960617688629,-0.3333406397752065,-0.0565820179574849,0.0,0.0,-0.0224992077229173,0.0,0.2775379024161856,0.0,0.0,1,dos
UNS_adv_source_225,UNSW-NB15,DoS,known,clean,adv_source,False,False,0.8410324088228336,2.36152548905681,2.1321485277433463,3.134889860740938,1.2558381260419966,3.5239704335622584,0.5191099691120409,0.2847261254912086,0.92901876237886,0.0452936373942807,0.0,0.0,3.1709769836016397,0.0,-0.4149296598752129,0.0,0.0,1,dos
UNS_adv_source_226,UNSW-NB15,DoS,known,clean,adv_source,False,False,1.477917579947854,0.7528064577770737,0.5479432788676989,0.728250559228382,0.620047765997026,0.7158213194329854,0.5281867091317978,-0.2762382488149104,-0.2483681183559793,-0.0762194089465823,0.0,0.0,0.6842748834000574,0.0,0.3417158632542442,0.0,0.0,1,dos
UNS_adv_source_227,UNSW-NB15,DoS,known,clean,adv_source,False,False,0.0364392604936297,0.3079453423213071,0.8703786519355439,0.4226217212524879,0.0,1.4423585625477886,0.2580712994078824,-0.0019331448594214,0.4126176340520636,0.1118313141612913,0.0,0.0,2.42158376743065,0.0,-0.0487370692851003,0.0,0.0,1,dos
UNS_adv_source_228,UNSW-NB15,DoS,known,clean,adv_source,False,False,1.8019616776597724,1.6541956606513493,0.7895124204765712,1.2234785613902657,2.029523721613614,0.2718294060378346,2.0364526334705984,-0.0485799679139923,-0.472324313734726,0.622433779643893,0.0,0.0,-0.3919160957611963,0.0,0.2878976953389874,0.0,0.0,1,dos
UNS_adv_source_229,UNSW-NB15,DoS,known,clean,adv_source,False,False,-0.2941032663716558,-0.102435973747594,-0.0895245917355364,-0.1860411478064247,-0.1686897975941312,-0.2152164931791361,0.187514422448082,0.0703509136934851,-0.0217948844684501,0.2223520017597864,0.0,0.0,0.0270976311247374,0.0,-0.0709878106141588,0.0,0.0,1,dos
UNS_adv_source_230,UNSW-NB15,DoS,known,clean,adv_source,False,False,4.657129043082978,4.766482374423004,2.3365999334090737,4.4312041208571245,5.04723598441196,2.137782437489208,3.5445187684512365,0.2750928183816934,-0.2875918398143864,0.9520313842936466,0.0,0.0,-0.3903952631676328,0.0,0.0675604632336917,0.0,0.0,1,dos
UNS_adv_source_231,UNSW-NB15,DoS,known,clean,adv_source,False,False,-0.1879711380871718,-0.102435973747594,-0.0732275907161951,-0.1860411478064247,-0.1686897975941312,-0.2041451071751601,0.2182590293620541,0.0003812407432311,-0.0871987858371701,0.1796014982383746,0.0,0.0,0.0679715429661802,0.0,0.0080722740334108,0.0,0.0,1,dos
UNS_adv_source_232,UNSW-NB15,DoS,known,clean,adv_source,False,False,1.1033358345825046,0.9448347339904342,0.575054652287595,0.967811106645419,0.7548366006327752,0.7559255181664916,0.5417972626597671,-0.1504949257138086,-0.1496167841779026,0.0004370658129661,0.0,0.0,0.4706224116573884,0.0,0.1833567128953842,0.0,0.0,1,dos
UNS_adv_source_233,UNSW-NB15,DoS,known,clean,adv_source,False,False,-0.1785418688192684,0.0752459204255246,0.1114150612858768,0.0,0.0,0.0579946303357953,0.3299776904883578,0.0450196575380133,0.0070930595504164,0.2359091857518856,0.0,0.0,0.3384012987432978,0.0,-0.0396347785350011,0.0,0.0,1,dos
UNS_adv_source_234,UNSW-NB15,DoS,known,clean,adv_source,False,False,0.2080611659869529,-0.0271900533220693,-0.0790589406127433,-0.1860411478064247,0.0,-0.1963511294253547,0.186910904176575,-0.1513224556010396,-0.2632231708357026,0.0205847407808856,0.0,0.0,0.0376385249858205,0.0,0.213561870181393,0.0,0.0,1,dos
UNS_adv_source_235,UNSW-NB15,DoS,known,clean,adv_source,False,False,-0.2990709236191651,-0.102435973747594,-0.0312665102704886,-0.1860411478064247,-0.1686897975941312,-0.2200198569368446,0.3742369111427353,0.0740559824590413,-0.0197428785286895,0.3179092345455062,0.0,0.0,0.097674338987288,0.0,-0.0751442673607285,0.0,0.0,1,dos
UNS_adv_source_236,UNSW-NB15,DoS,known,clean,adv_source,False,False,-0.0455517749142623,0.0891094043590191,0.1290903092358747,-0.1860411478064247,0.2607255232653797,-0.2232419810434564,0.8708878784488208,-0.0030135356524155,-0.1690995058638643,0.4518279818661518,0.0,0.0,0.1860993709133163,0.0,0.0936989868709924,0.0,0.0,1,dos
UNS_adv_source_237,UNSW-NB15,DoS,known,clean,adv_source,False,False,-0.4092635982709074,-0.0942359093771021,0.3017250787107176,0.0,-0.379952234002974,0.8432495477387258,-0.4463882960065087,0.171319668727563,0.4682741427993114,-0.017555735712145,0.0,0.0,1.6028380807034277,0.0,-0.2671047350970361,0.0,0.0,1,dos
UNS_adv_source_238,UNSW-NB15,DoS,known,clean,adv_source,False,False,0.0220822439010969,0.0752459204255246,0.2008181420114638,0.0,0.0,0.045310585002624,0.6257184530437079,-0.0551277977909343,-0.0974616965654838,0.2988726607618173,0.0,0.0,0.4262029516420093,0.0,0.0744005120107169,0.0,0.0,1,dos
UNS_adv_source_239,UNSW-NB15,DoS,known,clean,adv_source,False,False,0.378459047012238,0.1629939949008725,0.1887986731921474,0.1593654250158457,0.0,0.1523219299251959,0.4036883510208085,-0.1635955269010517,-0.1864475022170898,0.0796974246229536,0.0,0.0,0.3540845335194516,0.0,0.1797955510629821,0.0,0.0,1,dos
UNS_adv_source_240,UNSW-NB15,DoS,known,clean,adv_source,False,False,-0.0501827953862283,0.0354505745602133,-0.0236245057606322,-0.1860411478064247,0.1404306675880212,-0.5112760759361488,0.901764030213178,-0.02234568991435,-0.2718802934419405,0.4663823850408861,0.0,0.0,-0.3217191337236181,0.0,0.0905876068261723,0.0,0.0,1,dos
UNS_adv_source_241,UNSW-NB15,DoS,known,clean,adv_source,False,False,0.2548668316519998,0.9591280288228874,1.1309447208766916,1.102965617721098,0.620047765997026,1.8558175301176176,0.3403837677466795,0.082858797941495,0.4859129493387244,0.0941799621313705,0.0,0.0,2.3361260741623555,0.0,-0.1183480979592103,0.0,0.0,1,dos
UNS_adv_source_242,UNSW-NB15,DoS,known,clean,adv_source,False,False,0.0517635790118345,0.0877480744753478,0.7296782380002501,0.1593654250158457,-0.1686897975941312,1.2948230745713114,0.0825564154039649,-0.0677628971873881,0.3483506093402363,0.0140700640041017,0.0,0.0,2.417907318278641,0.0,0.0437452746005219,0.0,0.0,1,dos
UNS_adv_source_243,UNSW-NB15,DoS,known,clean,adv_source,False,False,-0.1174969814262493,-0.102435973747594,-0.1289543111651853,-0.1860411478064247,-0.1686897975941312,-0.2088668596561678,0.0557751998868811,-0.0387260709889137,-0.1281811603891375,0.0666677546814318,0.0,0.0,-0.0070274876455162,0.0,0.0527231324799143,0.0,0.0,1,dos
UNS_adv_source_244,UNSW-NB15,DoS,known,clean,adv_source,False,False,-0.0948446411216828,-0.1966718831246962,0.2121261991578674,-0.1860411478064247,-0.379952234002974,0.6847239067024024,-0.4463882960065087,-0.0798151414195341,0.1860430275052817,-0.2010720275282979,0.0,0.0,1.5266487290689028,0.0,0.0453527342830455,0.0,0.0,1,dos
UNS_adv_source_245,UNSW-NB15,DoS,known,clean,adv_source,False,False,0.6126001761470213,0.6675657667793099,0.4932955748455421,0.6353919484123379,0.5435741642239326,0.7438618003815655,0.3123003294094653,-0.0972895151628853,-0.0337292921366218,-0.01272534479383,0.0,0.0,0.7773730156716625,0.0,0.1289677527687894,0.0,0.0,1,dos
UNS_adv_source_246,UNSW-NB15,DoS,known,clean,adv_source,False,False,-0.0397224629159482,0.0129927367806588,-0.0846959357995025,-0.4095197091966907,0.3659414104308224,-0.7345180569796051,1.1011410580647998,-0.0057633390498515,-0.3648318750822779,0.5653168012544566,0.0,0.0,-0.4133567376201818,0.0,0.1651699790563621,0.0,0.0,1,dos
UNS_adv_source_247,UNSW-NB15,DoS,known,clean,adv_source,False,False,0.4079978656314327,-0.102435973747594,-0.2099808256253691,-0.1860411478064247,-0.1686897975941312,-0.1259415714190291,-0.3358912247307118,-0.2421796506964908,-0.3045999251547104,-0.2996892169172137,0.0,0.0,-0.0026815127735324,0.0,0.2909615662432031,0.0,0.0,1,dos
UNS_adv_source_248,UNSW-NB15,DoS,known,clean,adv_source,False,False,0.0178261192898633,-0.102435973747594,-0.0429044054821762,-0.1860411478064247,-0.1686897975941312,-0.2346471946399022,0.3639151305847485,-0.1029248212165147,-0.2018267648101166,0.1652834196283236,0.0,0.0,0.0634093797519486,0.0,0.1263379968632461,0.0,0.0,1,dos
UNS_adv_source_249,UNSW-NB15,DoS,known,clean,adv_source,False,False,0.8416209748465697,-0.102435973747594,-0.1698368099289271,-0.1860411478064247,-0.1686897975941312,-0.0549155066533758,-0.3358912247307118,-0.3564203917441495,-0.3992588904704889,-0.400130884172209,0.0,0.0,0.1327816154058647,0.0,0.4308461883020292,0.0,0.0,1,dos
UNS_adv_source_250,UNSW-NB15,DoS,known,clean,adv_source,False,False,0.7722587784826214,0.784072238247563,0.0810354521737643,0.728250559228382,0.690140844124891,0.0147124371158688,0.311859219748667,-0.1076686833823736,-0.3413054173037803,-0.0468755810495286,0.0,0.0,-0.7210601059102477,0.0,0.1536687109800248,0.0,0.0,1,dos
UNS_adv_source_251,UNSW-NB15,DoS,known,clean,adv_source,False,False,0.4260849126944483,-0.1966718831246962,-0.1867149464318182,-0.1860411478064247,-0.379952234002974,-0.0209383581808564,-0.4463882960065087,-0.2759647668775787,-0.271823351483773,-0.3683483428433478,0.0,0.0,0.2041197234119376,0.0,0.2972469575099756,0.0,0.0,1,dos
UNS_adv_source_252,UNSW-NB15,DoS,known,clean,adv_source,False,False,0.2210816756025882,0.6117827387686905,0.364360129932549,0.5340804835085613,0.5435741642239326,0.5134576662647696,0.316248487115875,0.0130723265523511,0.0035091631101525,0.091237890766596,0.0,0.0,0.4638611776884082,0.0,0.0160551046358189,0.0,0.0,1,dos
UNS_adv_source_253,UNSW-NB15,DoS,known,clean,adv_source,False,False,0.6516225894655149,0.8750819718830407,0.5683091282968478,0.8935397119319154,0.690140844124891,0.7465821979202169,0.5373118879608378,-0.056683372179935,-0.0410235095857848,0.091372147772576,0.0,0.0,0.5482757098326803,0.0,0.0733382021691335,0.0,0.0,1,dos
UNS_adv_source_254,UNSW-NB15,DoS,known,clean,adv_source,False,False,1.5717061913774897,1.462255389505512,1.6059515733594958,1.858870509802604,0.8149071462730976,2.6706545957570094,0.3846657588543845,-0.1233347694898709,0.4510644958974471,-0.1614489692435522,0.0,0.0,3.0048202652942875,0.0,0.0725432186735009,0.0,0.0,1,dos
UNS_adv_source_255,UNSW-NB15,DoS,known,clean,adv_source,False,False,-0.2540777742180534,-0.102435973747594,-0.1263532263914017,-0.1860411478064247,-0.1686897975941312,-0.2057152075602657,0.0582856408627551,0.0420562150258176,-0.0463528436126385,0.1350152057056422,0.0,0.0,-0.0070274876455162,0.0,-0.0391456435670563,0.0,0.0,1,dos
UNS_adv_source_256,UNSW-NB15,DoS,known,clean,adv_source,False,False,0.9895086915770732,0.5742542299789732,0.4913433052374161,0.5340804835085613,0.4594410110118215,0.8265082815599808,0.16327206339394,-0.2159998782856122,-0.1013133302435718,-0.1682118591183724,0.0,0.0,1.0124311755118065,0.0,0.2680120399790447,0.0,0.0,1,dos
UNS_adv_source_257,UNSW-NB15,DoS,known,clean,adv_source,False,False,0.5630801621972148,0.9591280288228874,1.1237178920485722,1.102965617721098,0.620047765997026,1.856471474447184,0.3171205662447257,-0.0142019752643948,0.3896224233541183,0.0021920299047862,0.0,0.0,2.3294960179265307,0.0,-0.0090517370191719,0.0,0.0,1,dos
UNS_adv_source_258,UNSW-NB15,DoS,known,clean,adv_source,False,False,-0.405422996859796,-0.1966718831246962,-0.4981461588248573,-0.1860411478064247,-0.379952234002974,-0.5719478443453011,-0.4463882960065087,0.1373461774063186,-0.055738512574111,-0.0208532271208085,0.0,0.0,-0.8220593921347585,0.0,-0.199234986509425,0.0,0.0,1,dos
UNS_adv_source_259,UNSW-NB15,DoS,known,clean,adv_source,False,False,-0.1599235671663177,-0.102435973747594,-0.1281461352257236,-0.1860411478064247,-0.1686897975941312,-0.2313680415470952,0.0971965887886479,-0.0157562638017827,-0.1133584065699674,0.1063129448172393,0.0,0.0,-0.0365706538284461,0.0,0.0258386386676057,0.0,0.0,1,dos
UNS_adv_source_260,UNSW-NB15,DoS,known,clean,adv_source,False,False,-0.1086756044838082,-0.102435973747594,-0.0703536036147422,-0.1860411478064247,-0.1686897975941312,-0.1901827010588677,0.2028932762178231,-0.0433056065564117,-0.1258258094334236,0.1356382717466022,0.0,0.0,0.0773134144207403,0.0,0.0579736737774926,0.0,0.0,1,dos
UNS_adv_source_261,UNSW-NB15,DoS,known,clean,adv_source,False,False,-0.6567703168356197,-1.7230419309240497,-0.5750653143719762,-1.6329982705869572,-2.015742594047945,0.5794671343624369,-2.674884827002709,1.704350101881717,2.396617097104601,-1.8279148941509256,0.0,0.0,2.7159010030733857,0.0,-1.0228443491700074,0.0,-0.8009099181073703,1,dos
UNS_adv_source_262,UNSW-NB15,DoS,known,clean,adv_source,False,False,0.9028259910644052,0.5742542299789732,0.5075425001041087,0.5340804835085613,0.4594410110118215,0.725988880144462,0.3868654256483112,-0.1955849915288977,-0.1169726341659358,-0.0400731238103485,0.0,0.0,0.9085608286220518,0.0,0.2387196253943935,0.0,0.0,1,dos
UNS_adv_source_263,UNSW-NB15,DoS,known,clean,adv_source,False,False,-0.6567909185240673,-1.7230419309240497,-1.429583589169726,-1.6329982705869572,-2.015742594047945,-0.932416250403142,-2.674884827002709,2.0276683361549592,2.160344576341802,-1.8279148941509256,0.0,0.0,-0.1339703571536522,0.0,-1.026662714004611,0.0,-0.8009099181073703,1,dos
UNS_adv_source_264,UNSW-NB15,DoS,known,clean,adv_source,False,False,-0.3772962286061936,-0.1966718831246962,-0.3746040767960625,-0.1860411478064247,-0.379952234002974,-0.3533671227300857,-0.4463882960065087,0.1096397743982243,-0.0035419101800934,-0.0436872843145708,0.0,0.0,-0.4138401296391922,0.0,-0.1667786087997758,0.0,0.0,1,dos
UNS_adv_source_265,UNSW-NB15,Exploits,known,clean,adv_source,False,False,0.6554920426961783,-0.102435973747594,-0.1712478043627129,-0.1860411478064247,-0.1686897975941312,-0.0574119530177821,-0.3358912247307118,-0.3108613695710528,-0.3513989594124013,-0.3596102408173545,0.0,0.0,0.1327816154058647,0.0,0.374298032683785,0.0,0.0,1,exploits
UNS_adv_source_266,UNSW-NB15,Exploits,known,clean,adv_source,False,False,-0.0022549025926079,-0.0271900533220693,-0.0639686608651623,-0.1860411478064247,0.0,-0.2168136642876756,0.2685409404793544,-0.0680024465301296,-0.1867142105362011,0.1311406765975335,0.0,0.0,0.0243457961707073,0.0,0.1165557829071907,0.0,0.0,1,exploits
UNS_adv_source_267,UNSW-NB15,Exploits,known,clean,adv_source,False,False,0.2526729376162235,0.6737553930765031,0.3419836409747729,0.2987543829403037,0.9729894850834436,-0.1780191342464583,1.4445741716969205,0.0561071456958387,-0.2626820499788436,0.6443514964732147,0.0,0.0,-0.2045552852173422,0.0,0.0925594761989088,0.0,0.0,1,exploits
UNS_adv_source_268,UNSW-NB15,Exploits,known,clean,adv_source,False,False,1.0436945902946044,0.9184407389673536,0.4160182845640059,0.6353919484123379,1.105997323386708,-0.0499512631377062,1.4496287306707292,-0.1126857435045491,-0.4323856197422538,0.4637748619500441,0.0,0.0,-0.3685517854713036,0.0,0.2554691129005011,0.0,0.0,1,exploits
UNS_adv_source_269,UNSW-NB15,Exploits,known,clean,adv_source,False,False,0.9172377906461536,1.5383916055273306,1.6057581086688997,1.951729120618648,0.8709699133828938,2.673951631032055,0.3783665822643185,0.0411696032343436,0.5982613449094278,-0.0426351744402761,0.0,0.0,2.895858583891051,0.0,-0.1161813544519233,0.0,0.0,1,exploits
UNS_adv_source_270,UNSW-NB15,Exploits,known,clean,adv_source,False,False,0.5429431213948622,0.2801845844578115,0.2562137881180348,0.0,0.4594410110118215,-0.1329292591038604,1.10386971681514,-0.1586185846105172,-0.3430360229125682,0.3941355540550217,0.0,0.0,0.1899737047104862,0.0,0.2828690484088749,0.0,0.0,1,exploits
UNS_adv_source_271,UNSW-NB15,Exploits,known,clean,adv_source,False,False,-0.0018965262459899,0.0891094043590191,0.2243125668623044,-0.1860411478064247,0.2607255232653797,-0.1371583032819511,1.0134958684573303,-0.0231006719253732,-0.1576447364412597,0.5056441261035725,0.0,0.0,0.4089378852623277,0.0,0.1162666118775538,0.0,0.0,1,exploits
UNS_adv_source_272,UNSW-NB15,Exploits,known,clean,adv_source,False,False,0.1384720980253335,-0.1966718831246962,-0.2832405454257582,-0.1860411478064247,-0.379952234002974,-0.1917193158590564,-0.4463882960065087,-0.1806777821179927,-0.2357312893614925,-0.2862794022687446,0.0,0.0,-0.1225605385784262,0.0,0.1558606144093992,0.0,0.0,1,exploits
UNS_adv_source_273,UNSW-NB15,Exploits,known,clean,adv_source,False,False,0.6026729009348827,0.1777486107102174,0.222424827052342,-0.1860411478064247,0.4594410110118215,-0.1810387026468307,1.08366581147389,-0.1917371529060709,-0.3819004483285421,0.3700163214554827,0.0,0.0,0.3160432301967533,0.0,0.3573781643288382,0.0,0.0,1,exploits
UNS_adv_source_274,UNSW-NB15,Exploits,known,clean,adv_source,False,False,1.4362468007032163,2.0202020954507773,1.937728703621062,2.670435684170798,1.0639570658149278,3.226706703380185,0.438244658418095,0.0544067025026369,0.6837880450163328,-0.1094832914232105,0.0,0.0,3.127895777370755,0.0,-0.1588329023076727,0.0,0.0,1,exploits
UNS_adv_source_275,UNSW-NB15,Exploits,known,clean,adv_source,False,False,-0.270887192986226,-0.1966718831246962,-0.198254030947378,-0.1860411478064247,-0.379952234002974,-0.0413542470728871,-0.4463882960065087,0.0238640607423351,0.0250083870251716,-0.1146289885958092,0.0,0.0,0.1591944403548638,0.0,-0.0521783820676463,0.0,0.0,1,exploits
UNS_adv_source_276,UNSW-NB15,Exploits,known,clean,adv_source,False,False,-0.160068457988306,-0.1966718831246962,0.059049018074231,-0.1860411478064247,-0.379952234002974,0.4138872803916562,-0.4463882960065087,-0.0452440584738273,0.1220163539513408,-0.1721437667635019,0.0,0.0,1.013366321010499,0.0,0.0089144116700079,0.0,0.0,1,exploits
UNS_adv_source_277,UNSW-NB15,Exploits,known,clean,adv_source,False,False,-0.3066479483623531,-0.0942359093771021,0.4046197517179087,0.0,-0.379952234002974,1.0252991903134023,-0.4463882960065087,0.0797975031977747,0.4441673626170717,-0.0929791067968474,0.0,0.0,1.9443848319992951,0.0,-0.1635517623441099,0.0,0.0,1,exploits
UNS_adv_source_278,UNSW-NB15,Exploits,known,clean,adv_source,False,False,0.0295455072285348,0.3518249757427371,0.313384069231007,0.0,0.620047765997026,-0.1485724794764917,1.3060232427781169,0.0486829798713211,-0.171439843495911,0.6442756758857507,0.0,0.0,0.2044402470789883,0.0,0.0781340375840054,0.0,0.0,1,exploits
UNS_adv_source_279,UNSW-NB15,Exploits,known,clean,adv_source,False,False,0.7990740799091449,1.1360420961167057,0.6360275372735255,0.5340804835085613,1.7188831295172406,0.0663148874473291,1.922140526931292,0.0709130010430825,-0.3313577188704632,0.7499782338435336,0.0,0.0,0.0253084962474275,0.0,0.213674478209739,0.0,0.0,1,exploits
UNS_adv_source_280,UNSW-NB15,Exploits,known,clean,adv_source,False,False,0.8959746579843842,0.2256346227831552,-0.1433174863623991,0.1593654250158457,0.1404306675880212,-0.1108286785525428,-0.1579009174660392,-0.2833528088603221,-0.4257491292156484,-0.314144460992999,0.0,0.0,-0.3745902516113251,0.0,0.3356071939860599,0.0,0.0,1,exploits
UNS_adv_source_281,UNSW-NB15,Exploits,known,clean,adv_source,False,False,-0.4402873579887725,-0.0064878349017544,0.5710845550714624,0.1593654250158457,-0.379952234002974,1.3198222891881155,-0.4463882960065087,0.2327247995608757,0.6791971904101602,0.0109566431404799,0.0,0.0,2.309763104042415,0.0,-0.3160311594943646,0.0,0.0,1,exploits
UNS_adv_source_282,UNSW-NB15,Exploits,known,clean,adv_source,False,False,-0.1385516889430854,0.0,0.0787599117634362,0.0,-0.1686897975941312,0.1320992774370624,0.1017102006319872,-0.0012109288991392,0.0118392901260051,0.0986308863265658,0.0,0.0,0.4298890006514917,0.0,-0.029712654342417,0.0,0.0,1,exploits
UNS_adv_source_283,UNSW-NB15,Exploits,known,clean,adv_source,False,False,-0.062754925317484,-0.1966718831246962,-0.2858584519241961,-0.1860411478064247,-0.379952234002974,-0.1963511294253547,-0.4463882960065087,-0.0955723631909341,-0.1509460173603224,-0.2142983830490883,0.0,0.0,-0.1225605385784262,0.0,0.0749101471043093,0.0,0.0,1,exploits
UNS_adv_source_284,UNSW-NB15,Exploits,known,clean,adv_source,False,False,-0.2643051332767828,-0.1966718831246962,-0.2115957371562244,-0.1860411478064247,-0.379952234002974,-0.0649594811989248,-0.4463882960065087,0.0192949108576371,0.0119039231337739,-0.1184204854592262,0.0,0.0,0.1125573114601467,0.0,-0.0532923641373187,0.0,0.0,1,exploits
UNS_adv_source_285,UNSW-NB15,Exploits,known,clean,adv_source,False,False,1.027163722052401,1.6702958548587976,1.7347318812921029,2.1912896680356857,0.8709699133828938,2.900851491435295,0.3806012135557829,0.0529328036731642,0.6552028017290168,-0.0634788947963595,0.0,0.0,3.057856211413521,0.0,-0.1449489858914706,0.0,0.0,1,exploits
UNS_adv_source_286,UNSW-NB15,Exploits,known,clean,adv_source,False,False,-0.3325313631541308,0.1777486107102174,0.2404916822079416,-0.1860411478064247,0.4594410110118215,-0.2088668596561678,1.1871601370672844,0.2110537452260933,0.0101251774870774,0.7567422753119541,0.0,0.0,0.2976665309553177,0.0,-0.1044938566852132,0.0,0.0,1,exploits
UNS_adv_source_287,UNSW-NB15,Exploits,known,clean,adv_source,False,False,0.0683627899978563,-0.3197212424607432,-0.590031035022044,-0.4095197091966907,-0.379952234002974,-0.7345180569796051,-0.4463882960065087,-0.1864413261967699,-0.4122953276370169,-0.2630092712544616,0.0,0.0,-0.8478303769425897,0.0,0.2199555136524792,0.0,0.0,1,exploits
UNS_adv_source_288,UNSW-NB15,Exploits,known,clean,adv_source,False,False,0.1532773196887946,0.6117827387686905,0.328858742380072,0.5340804835085613,0.5435741642239326,0.4531816025758294,0.311859219748667,0.0381520826723876,0.0065888248724581,0.109872812864476,0.0,0.0,0.3503929878211499,0.0,-0.0123955421001387,0.0,0.0,1,exploits
UNS_adv_source_289,UNSW-NB15,Exploits,known,clean,adv_source,False,False,2.06815760216144,1.1166203284644698,1.299127474527006,1.3322144416553885,0.690140844124891,2.14984689519507,0.3464993737996933,-0.3054017519710786,0.1610256153945553,-0.2633293860963694,0.0,0.0,2.621992687233314,0.0,0.3196002984120135,0.0,0.0,1,exploits
UNS_adv_source_290,UNSW-NB15,Exploits,known,clean,adv_source,False,False,-0.1821027426028834,-0.2254853330836409,-0.4791346569828149,-0.4095197091966907,-0.1686897975941312,-0.7345180569796051,-0.1067811708732526,-0.0326703508930469,-0.2907230675462304,0.0160226778273612,0.0,0.0,-0.764331129176159,0.0,0.0799368084646686,0.0,0.0,1,exploits
UNS_adv_source_291,UNSW-NB15,Exploits,known,clean,adv_source,False,False,0.5636093549402972,0.701677649274518,0.0805162846661864,0.6353919484123379,0.620047765997026,0.0323734747604007,0.2797005078966603,-0.0724174744426554,-0.2793175996161011,-0.0163832700561384,0.0,0.0,-0.5776910662889747,0.0,0.1133603496262171,0.0,0.0,1,exploits
UNS_adv_source_292,UNSW-NB15,Exploits,known,clean,adv_source,False,False,0.1902222483345596,-0.102435973747594,-0.073496943195636,-0.1860411478064247,-0.1686897975941312,-0.1543558055905265,0.1312557492494084,-0.1707497888883215,-0.2415392042094515,-0.0071827572377385,0.0,0.0,0.1195949977685301,0.0,0.2055338361681579,0.0,0.0,1,exploits
UNS_adv_source_293,UNSW-NB15,Exploits,known,clean,adv_source,False,False,0.226881572451922,-0.2254853330836409,-0.4302311631624843,-0.4095197091966907,-0.1686897975941312,-0.7345180569796051,0.0429800317822513,-0.2125380986970216,-0.4728753273079541,-0.0617904445041377,0.0,0.0,-0.7082666097081277,0.0,0.2900567682406573,0.0,0.0,1,exploits
UNS_adv_source_294,UNSW-NB15,Exploits,known,clean,adv_source,False,False,0.4884391325709151,-0.0271900533220693,0.0172136053977788,-0.1860411478064247,0.0,-0.1810387026468307,0.4552305617082345,-0.2404294467544057,-0.3490331410352738,0.0770789256873742,0.0,0.0,0.1672519033835745,0.0,0.3193181678465828,0.0,0.0,1,exploits
UNS_adv_source_295,UNSW-NB15,Exploits,known,clean,adv_source,False,False,-0.4082888357585864,-0.1966718831246962,-0.2202793895921713,-0.1860411478064247,-0.379952234002974,-0.0803233069053961,-0.4463882960065087,0.1403288227897985,0.1261700693727748,-0.0183970888191229,0.0,0.0,0.0885550411624382,0.0,-0.2030771223378464,0.0,0.0,1,exploits
UNS_adv_source_296,UNSW-NB15,Exploits,known,clean,adv_source,False,False,-0.2933282951498471,-0.102435973747594,-0.0671731789332291,-0.1860411478064247,-0.1686897975941312,-0.2216289176687707,0.267062020526706,0.0697770267746599,-0.0246375649412294,0.2613206081855324,0.0,0.0,0.0424395290346516,0.0,-0.0703437416186028,0.0,0.0,1,exploits
UNS_adv_source_297,UNSW-NB15,Exploits,known,clean,adv_source,False,False,0.938688809687798,1.289448770700155,1.4681959491675642,1.6461002826427542,0.690140844124891,2.4487429877841858,0.3469037616344192,-0.0269658484078261,0.5099244969870687,-0.0642622574201392,0.0,0.0,2.833043106261657,0.0,-0.0345173863724211,0.0,0.0,1,exploits
UNS_adv_source_298,UNSW-NB15,Exploits,known,clean,adv_source,False,False,-0.122675670911852,0.61784369192311,0.4136649881018816,0.1593654250158457,1.0197031665308134,-0.1259415714190291,1.573950788561915,0.2163727668607357,-0.0876691644193537,0.8407206527627492,0.0,0.0,0.0955237121590905,0.0,-0.049425593255368,0.0,0.0,1,exploits
UNS_adv_source_299,UNSW-NB15,Exploits,known,clean,adv_source,False,False,2.706835874574785,2.801330739071192,1.3485232818552475,2.283189881047732,3.293136515369483,0.8808075299472491,2.69430048923941,0.1161748723009491,-0.4156516646432501,0.8080218349153675,0.0,0.0,-0.3973351777352335,0.0,0.2145941770445781,0.0,0.0,1,exploits
UNS_adv_source_300,UNSW-NB15,Exploits,known,clean,adv_source,False,False,-0.0515476384237944,0.0752459204255246,-0.1689458941580567,0.0,0.0,-0.2025787993067541,-0.0775780891278352,-0.0216959382102875,-0.1544475987418325,-0.0211104194680316,0.0,0.0,-0.2990425055423504,0.0,0.0302296649043175,0.0,0.0,1,exploits
UNS_adv_source_301,UNSW-NB15,Exploits,known,clean,adv_source,False,False,0.0766883602197945,0.0752459204255246,0.2381687219417769,0.0,0.0,0.5512275300865515,-0.1355722991395387,-0.0780441808602577,0.0640251241533889,-0.096961705240382,0.0,0.0,1.0926763892137343,0.0,0.0885283705247656,0.0,0.0,1,exploits
UNS_adv_source_302,UNSW-NB15,Exploits,known,clean,adv_source,False,False,0.4078679612492196,1.7681565687214518,1.7918696500206124,2.3264441791113635,0.9235263982269066,2.996431948352046,0.3901423160189701,0.2469147446150731,0.8560175685588793,0.0798161790999353,0.0,0.0,3.0838035909323285,0.0,-0.356146226613305,0.0,0.0,1,exploits
UNS_adv_source_303,UNSW-NB15,Exploits,known,clean,adv_source,False,False,0.36237730160271,0.6771604017343881,0.2287889400813102,0.5340804835085613,0.690140844124891,-0.1149155690276832,0.9887051275533676,-0.0117450829619834,-0.2733190151781833,0.3857734229615187,0.0,0.0,-0.4912550423819083,0.0,0.0707577991033333,0.0,0.0,1,exploits
UNS_adv_source_304,UNSW-NB15,Exploits,known,clean,adv_source,False,False,4.093003455154207,0.8601222621321359,0.12896258817646,0.8139588521935753,0.7548366006327752,0.1005312630915946,0.3100898798799675,-0.6540574089780672,-0.9447171961237224,-0.5771809611130486,0.0,0.0,-0.6607300399938022,0.0,0.8701179697991887,0.0,0.0,1,exploits
UNS_adv_source_305,UNSW-NB15,Exploits,known,clean,adv_source,False,False,0.0462160174974238,-0.0271900533220693,0.0683846308555232,-0.1860411478064247,0.0,-0.2264801957241776,0.6905887759466202,-0.0889523724800863,-0.2110463040473306,0.3222988485209188,0.0,0.0,0.1684706739483718,0.0,0.1407949531320925,0.0,0.0,1,exploits
UNS_adv_source_306,UNSW-NB15,Exploits,known,clean,adv_source,False,False,-0.0463222763353548,0.0,-0.131785646017561,0.0,-0.1686897975941312,-0.1162836099195697,-0.1131442771628025,-0.0478075169782094,-0.125220709043031,-0.0464217305153914,0.0,0.0,-0.1151684581876047,0.0,0.0310021175620039,0.0,0.0,1,exploits
UNS_adv_source_307,UNSW-NB15,Exploits,known,clean,adv_source,False,False,2.6946178910672454,-0.102435973747594,-0.1991435526087406,-0.1860411478064247,-0.1686897975941312,-0.1067673846365557,-0.3358912247307118,-0.6671194645108721,-0.7958205378238485,-0.7146636122575739,0.0,0.0,0.0357743167903374,0.0,0.8711233250082856,0.0,0.0,1,exploits
UNS_adv_source_308,UNSW-NB15,Exploits,known,clean,adv_source,False,False,2.1899805300292594,2.849996001410779,2.39646718238317,3.7321499867054606,1.6136672423517977,3.926350611809117,0.6320901477457506,0.1197835024746733,0.7904099755384173,-0.1355222557378215,0.0,0.0,3.248668523980363,0.0,-0.2453119830586066,0.0,0.0,1,exploits
UNS_adv_source_309,UNSW-NB15,Exploits,known,clean,adv_source,False,False,-0.2650570724092257,0.6081316517913278,1.0966774481877006,0.967811106645419,0.0,2.096738037322458,-0.1815559255304861,0.2482385948194436,0.8171465467327541,0.0280054534181473,0.0,0.0,2.8650439115025024,0.0,-0.3665679004071232,0.0,0.0,1,exploits
UNS_adv_source_310,UNSW-NB15,Exploits,known,clean,adv_source,False,False,2.470512959593504,2.4143053217005943,1.1644580155194908,1.9216284185324275,2.871789690327965,0.6698209574406979,2.4958109244310225,0.0460507744290512,-0.450811036374881,0.745173211283059,0.0,0.0,-0.3967541677716742,0.0,0.2561323427447973,0.0,0.0,1,exploits
UNS_adv_source_311,UNSW-NB15,Exploits,known,clean,adv_source,False,False,-0.2582169847547791,-0.102435973747594,-0.0690959697762259,-0.1860411478064247,-0.1686897975941312,-0.1932595805790629,0.2120702864886168,0.0448627335762215,-0.0391476336775372,0.2134926320078048,0.0,0.0,0.0807624354697153,0.0,-0.0423118791001116,0.0,0.0,1,exploits
UNS_adv_source_312,UNSW-NB15,Exploits,known,clean,adv_source,False,False,-0.352219322306866,-0.0271900533220693,0.052318472886858,-0.1860411478064247,0.0,-0.2025787993067541,0.6000180318200597,0.1435092337054884,0.0291099810501532,0.4704793557438073,0.0,0.0,0.1787524723045128,0.0,-0.1229947017709417,0.0,0.0,1,exploits
UNS_adv_source_313,UNSW-NB15,Exploits,known,clean,adv_source,False,False,-0.3694722521156446,-0.1966718831246962,-0.2712649761566871,-0.1860411478064247,-0.379952234002974,-0.1705311625626238,-0.4463882960065087,0.1023915930478932,0.0557583021294521,-0.0496666188108934,0.0,0.0,-0.0801027599090648,0.0,-0.1400714108660783,0.0,0.0,1,exploits
UNS_adv_source_314,UNSW-NB15,Exploits,known,clean,adv_source,False,False,0.8640708929235551,0.8439051964536001,0.4286692224799137,0.5340804835085613,1.0639570658149278,-0.0256845908408948,1.4463684756293964,-0.0855631275822758,-0.3813531064395392,0.4980704578461986,0.0,0.0,-0.2205815285676007,0.0,0.2326518240738443,0.0,0.0,1,exploits
UNS_adv_source_315,UNSW-NB15,Exploits,known,clean,adv_source,False,False,0.1199929911792195,-0.0064878349017544,0.5274248611125145,0.1593654250158457,-0.379952234002974,1.2425759998725283,-0.4463882960065087,-0.1186775702554432,0.3016773226416587,-0.2803029171767234,0.0,0.0,2.165340835855232,0.0,0.0561423823843758,0.0,0.0,1,exploits
UNS_adv_source_316,UNSW-NB15,Exploits,known,clean,adv_source,False,False,-0.3741706311551297,0.3177130932475289,0.3082088126059609,0.0,0.5435741642239326,-0.1245530245453279,1.2486002610926736,0.2807892295326939,0.0813817084047977,0.8182532843912672,0.0,0.0,0.244536075871552,0.0,-0.1977719512752455,0.0,0.0,1,exploits
UNS_adv_source_317,UNSW-NB15,Exploits,known,clean,adv_source,False,False,4.856107621410343,5.0418100878021885,3.4920341477680963,6.31164748786602,3.3432942301265105,5.434096705718036,1.3774345148067797,0.2010317794215549,0.8810675094321462,-0.147481554191258,0.0,0.0,3.230112570078884,0.0,-0.3420955067943042,0.0,0.0,1,exploits
UNS_adv_source_318,UNSW-NB15,Exploits,known,clean,adv_source,False,False,0.369263059777949,1.5295217208309395,1.6432328964375504,1.981037606289093,0.8149071462730976,2.736615751400087,0.3846657588543845,0.1943485437237761,0.7726827985802314,0.0863361127050915,0.0,0.0,2.9928194185348937,0.0,-0.2910345186144205,0.0,0.0,1,exploits
UNS_adv_source_319,UNSW-NB15,Exploits,known,clean,adv_source,False,False,-0.0939981221015696,-0.1966718831246962,-0.2382894169938971,-0.1860411478064247,-0.379952234002974,-0.1121881154073403,-0.4463882960065087,-0.0802405881427699,-0.1049399712729877,-0.2014287851342379,0.0,0.0,0.0264058275333469,0.0,0.0404642207167791,0.0,0.0,1,exploits
UNS_adv_source_320,UNSW-NB15,Exploits,known,clean,adv_source,False,False,0.3273753366035726,-0.102435973747594,0.0364812525368931,-0.1860411478064247,-0.1686897975941312,-0.1457000444706345,0.4530691192875065,-0.2171910632113607,-0.2859275522578322,0.1123833565821437,0.0,0.0,0.2550141395616672,0.0,0.2610943964934938,0.0,0.0,1,exploits
UNS_adv_source_321,UNSW-NB15,Exploits,known,clean,adv_source,False,False,-0.2180657815839464,0.8293477779110904,0.5243555985121777,0.2987543829403037,1.3218037165594578,-0.013883516421947,1.71897072354014,0.3471742049404234,0.0099305500341435,0.9596756104638818,0.0,0.0,0.1304999151952128,0.0,-0.149072546591285,0.0,0.0,1,exploits
UNS_adv_source_322,UNSW-NB15,Exploits,known,clean,adv_source,False,False,0.7956980400053586,0.0891094043590191,0.1090999938000815,-0.1860411478064247,0.2607255232653797,-0.2313680415470952,0.8237349776163306,-0.278133008218797,-0.4519013114285206,0.1951194573197487,0.0,0.0,0.1529418029230681,0.0,0.417283645997169,0.0,0.0,1,exploits
UNS_adv_source_323,UNSW-NB15,Exploits,known,clean,adv_source,False,False,-0.0415348019534027,-0.102435973747594,-0.1018423129829154,-0.1860411478064247,-0.1686897975941312,-0.2104484485920254,0.1415400205972259,-0.0762404121769333,-0.1661335012369559,0.0776310697384498,0.0,0.0,0.0246168450360355,0.0,0.0958718967061565,0.0,0.0,1,exploits
UNS_adv_source_324,UNSW-NB15,Exploits,known,clean,adv_source,False,False,1.0517383744290396,1.1895541885465568,0.5700786824992172,0.8139588521935753,1.493372386674439,0.0590405195016293,1.7327708380011646,-0.0257181966633402,-0.3928148358790094,0.604148090576326,0.0,0.0,-0.3322181590875968,0.0,0.2098959052916845,0.0,0.0,1,exploits
UNS_adv_source_325,UNSW-NB15,Exploits,known,clean,adv_source,False,False,-0.3688259596225557,-0.1966718831246962,-0.3121783097542409,-0.1860411478064247,-0.379952234002974,-0.2429183672671143,-0.4463882960065087,0.1018010304430979,0.0290343771115459,-0.0501539102543971,0.0,0.0,-0.2121671099056059,0.0,-0.1675377003141933,0.0,0.0,1,exploits
UNS_adv_source_326,UNSW-NB15,Exploits,known,clean,adv_source,False,False,0.033979596731256,0.0,0.2350921517441861,0.0,-0.1686897975941312,0.417504869368288,0.0864615641637142,-0.0837786532784656,0.0331556657189898,0.0221291555170032,0.0,0.0,0.95824399620091,0.0,0.0803192996868459,0.0,0.0,1,exploits
UNS_adv_source_327,UNSW-NB15,Exploits,known,clean,adv_source,False,False,0.4434675030552469,-0.0271900533220693,-0.0156243148247258,-0.1860411478064247,0.0,-0.2025787993067541,0.3919512291323488,-0.227348547905656,-0.3432916909312639,0.057058086832845,0.0,0.0,0.1004564800563865,0.0,0.3036596475891033,0.0,0.0,1,exploits
UNS_adv_source_328,UNSW-NB15,Exploits,known,clean,adv_source,False,False,0.0039308575701551,0.0,0.346343058858425,0.0,-0.1686897975941312,0.8583519917565123,-0.3358912247307118,-0.0707459234098601,0.206917793185498,-0.1760315816715243,0.0,0.0,1.6273428447068956,0.0,0.0434917128940294,0.0,0.0,1,exploits
UNS_adv_source_329,UNSW-NB15,Exploits,known,clean,adv_source,False,False,0.28720662893397,-0.2254853330836409,-0.4342557281365599,-0.4095197091966907,-0.1686897975941312,-0.7345180569796051,0.0306552745185441,-0.2328411519581899,-0.4938140435803553,-0.085475547018231,0.0,0.0,-0.7135614723195404,0.0,0.3143250403469826,0.0,0.0,1,exploits
UNS_adv_source_330,UNSW-NB15,Exploits,known,clean,adv_source,False,False,0.472986751007436,0.8889357120910807,1.072936382821332,1.0374374135838411,0.5435741642239326,1.7885206036473709,0.2792217554556206,-0.0057132656548157,0.3907249316111418,0.0044385019527525,0.0,0.0,2.273846591239822,0.0,-0.022189319703541,0.0,0.0,1,exploits
UNS_adv_source_331,UNSW-NB15,Exploits,known,clean,adv_source,False,False,1.1800177844128252,0.8439051964536001,0.4315103792036043,0.5340804835085613,1.0639570658149278,-0.0209383581808564,1.4468541095240537,-0.1593577617348584,-0.4542025352542163,0.4360351127185118,0.0,0.0,-0.1983418243361312,0.0,0.3191152391922535,0.0,0.0,1,exploits
UNS_adv_source_332,UNSW-NB15,Exploits,known,clean,adv_source,False,False,0.2101690560661891,-0.102435973747594,-0.1052285605666477,-0.1860411478064247,-0.1686897975941312,-0.229734662491429,0.1645518138377327,-0.1778565159448075,-0.2762184923258647,0.0033357233036387,0.0,0.0,-0.0115388192380334,0.0,0.2143949165187105,0.0,0.0,1,exploits
UNS_adv_source_333,UNSW-NB15,Exploits,known,clean,adv_source,False,False,-0.6567938616459617,-1.7230419309240497,-0.6200745414397628,-1.6329982705869572,-2.015742594047945,0.4998331410683393,-2.674884827002709,2.151383822834952,2.803752077348944,-1.8279148941509256,0.0,0.0,2.565634226168126,0.0,-1.0272125325678625,0.0,-0.8009099181073703,1,exploits
UNS_adv_source_334,UNSW-NB15,Exploits,known,clean,adv_source,False,False,0.7574475420145449,1.5199633479555628,1.021968076221417,1.0374374135838411,1.958241212860015,0.6714486988470038,2.0566348347752377,0.1601565933493191,-0.0954931540975053,0.8260449146563732,0.0,0.0,0.591345052179372,0.0,0.0682048878059873,0.0,0.0,1,exploits
UNS_adv_source_335,UNSW-NB15,Exploits,known,clean,adv_source,False,False,-0.6567938616459617,-1.7230419309240497,-0.5610421451143166,-1.6329982705869572,-2.015742594047945,0.6042780684614518,-2.674884827002709,2.151383822834952,2.8418265379621133,-1.8279148941509256,0.0,0.0,2.762719836382733,0.0,-1.0272125325678625,0.0,-0.8009099181073703,1,exploits
UNS_adv_source_336,UNSW-NB15,Exploits,known,clean,adv_source,False,False,-0.5741507882099707,-1.3110929282994186,-0.853092188402932,-1.6329982705869572,-1.092216195821038,-1.4504773777734887,-0.0127552420274813,0.0327376706324081,-0.2400083189718128,0.3235489349883247,0.0,0.0,-0.2023371910263009,0.0,-1.027763448574084,0.0,-0.7453209211170995,1,exploits
UNS_adv_source_337,UNSW-NB15,Exploits,known,clean,adv_source,False,False,1.2976347790313256,0.7658863527550338,0.9408262640667528,0.8139588521935753,0.5435741642239326,1.5351607203865067,0.3131810859496189,-0.2391851053346135,0.0895854323972095,-0.1513360112851533,0.0,0.0,2.06483547911326,0.0,0.2742076468809372,0.0,0.0,1,exploits
UNS_adv_source_338,UNSW-NB15,Exploits,known,clean,adv_source,False,False,0.4731820458116951,-0.0271900533220693,0.1362457221171619,-0.1860411478064247,0.0,-0.0304658190807164,0.5591315187647363,-0.2360353495382535,-0.2897502001584556,0.132275904668807,0.0,0.0,0.482348004224962,0.0,0.3140674756970978,0.0,0.0,1,exploits
UNS_adv_source_339,UNSW-NB15,Exploits,known,clean,adv_source,False,False,-0.1511141828218636,-0.102435973747594,-0.4389736692555482,-0.1860411478064247,-0.1686897975941312,-0.5317417159315061,-0.3347707683435358,-0.0206614320000371,-0.2275262009815794,-0.1116554879908697,0.0,0.0,-0.7511665688195409,0.0,0.0320564478623766,0.0,0.0,1,exploits
UNS_adv_source_340,UNSW-NB15,Exploits,known,clean,adv_source,False,False,-0.2153825257240456,0.3177130932475289,0.4258644599411172,0.0,0.5435741642239326,0.0714613520981332,1.2696329799984851,0.1602751441049932,0.0340897626770647,0.7297402307986475,0.0,0.0,0.6123023260430235,0.0,-0.0646433542454459,0.0,0.0,1,exploits
UNS_adv_source_341,UNSW-NB15,Exploits,known,clean,adv_source,False,False,1.5754007120577864,2.053581245687408,1.9558419535711984,2.731057897204349,1.0639570658149278,3.2613682137211417,0.4337200598596442,0.0355916156487094,0.6674839868290741,-0.1358967435527005,0.0,0.0,3.1245336654637685,0.0,-0.1410117804046202,0.0,0.0,1,exploits
UNS_adv_source_342,UNSW-NB15,Exploits,known,clean,adv_source,False,False,0.4247222024630057,-0.102435973747594,0.1039198632110793,-0.1860411478064247,-0.1686897975941312,0.3784745401224871,-0.2476820326924659,-0.2471803080520457,-0.1259151326144052,-0.2603188939159493,0.0,0.0,0.978761468781312,0.0,0.2864382037867302,0.0,0.0,1,exploits
UNS_adv_source_343,UNSW-NB15,Exploits,known,clean,adv_source,False,False,1.5624396901442708,0.7528064577770737,0.1024524657784364,0.728250559228382,0.620047765997026,0.0714613520981332,0.2792217554556206,-0.2929910152723773,-0.5007074968982549,-0.2139948390953633,0.0,0.0,-0.6001518169166483,0.0,0.3621292448867654,0.0,0.0,1,exploits
UNS_adv_source_344,UNSW-NB15,Exploits,known,clean,adv_source,False,False,0.0365017329738773,-0.1966718831246962,-0.2130287999849504,-0.1860411478064247,-0.379952234002974,-0.0674949727664852,-0.4463882960065087,-0.140127027837433,-0.1491866697411649,-0.2518569868770715,0.0,0.0,0.1125573114601467,0.0,0.1322580468863252,0.0,0.0,1,exploits
UNS_adv_source_345,UNSW-NB15,Exploits,known,clean,adv_source,False,False,0.0944983737018148,-0.1966718831246962,-0.299236044669494,-0.1860411478064247,-0.379952234002974,-0.2200198569368446,-0.4463882960065087,-0.1637477790049699,-0.2286451135606594,-0.2718774140551896,0.0,0.0,-0.1665440689975788,0.0,0.1632912363258351,0.0,0.0,1,exploits
UNS_adv_source_346,UNSW-NB15,Exploits,known,clean,adv_source,False,False,0.2681267875888607,0.9932029323221312,1.2396903617383908,1.1648514369940504,0.620047765997026,2.046563568833422,0.343249405883423,0.0867479958528096,0.5512311174024278,0.091841023186176,0.0,0.0,2.6276111438486214,0.0,-0.1288201853302539,0.0,0.0,1,exploits
UNS_adv_source_347,UNSW-NB15,Exploits,known,clean,adv_source,False,False,-0.077245628640221,-0.102435973747594,-0.2060734820979971,-0.1860411478064247,-0.1686897975941312,-0.1190283807573042,-0.3358912247307118,-0.0591260842601465,-0.1157967744909671,-0.1443958017434375,0.0,0.0,0.0102717992639381,0.0,0.0569897804095127,0.0,0.0,1,exploits
UNS_adv_source_348,UNSW-NB15,Exploits,known,clean,adv_source,False,False,-0.3150945987684019,-0.102435973747594,-0.083124826402925,-0.1860411478064247,-0.1686897975941312,-0.2248590670242377,0.2238029182000456,0.0863318412960799,-0.0095380725425776,0.2536381951550666,0.0,0.0,0.025962655228598,0.0,-0.088893695830338,0.0,0.0,1,exploits
UNS_adv_source_349,UNSW-NB15,Exploits,known,clean,adv_source,False,False,-0.3523664919723683,-0.1966718831246962,-0.1961911435979395,-0.1860411478064247,-0.379952234002974,-0.0377044186253946,-0.4463882960065087,0.0871573367524331,0.0893223112399176,-0.0622424432224927,0.0,0.0,0.170581281209202,0.0,-0.1601607763302255,0.0,0.0,1,exploits
UNS_adv_source_350,UNSW-NB15,Exploits,known,clean,adv_source,False,False,-0.2049352092837929,1.044244562794736,1.4086537060183986,1.6461002826427542,0.1404306675880212,2.646958488263353,-0.17852107669324,0.3389407529168913,0.982614659924026,0.0010357353893354,0.0,0.0,3.1147747145304963,0.0,-0.4902456937729839,0.0,0.0,1,exploits
UNS_adv_source_351,UNSW-NB15,Exploits,known,clean,adv_source,False,False,1.0249770146316706,0.8889357120910807,0.9652758378493456,1.0374374135838411,0.5435741642239326,1.596384170799522,0.2820856765984549,-0.1500924492057381,0.1754361935862433,-0.1151812905538006,0.0,0.0,1.913961451346639,0.0,0.1530833924543558,0.0,0.0,1,exploits
UNS_adv_source_352,UNSW-NB15,Exploits,known,clean,adv_source,False,False,0.3680446998654751,1.3065144290893536,0.6165235475933822,0.8935397119319154,1.6573461553245128,0.0826418211748784,1.834152178317327,0.1993571964919296,-0.1994904947041971,0.8083011971641356,0.0,0.0,-0.37472160869125,0.0,-0.022002859931133,0.0,0.0,1,exploits
UNS_adv_source_353,UNSW-NB15,Exploits,known,clean,adv_source,False,False,1.915648906374766,-0.102435973747594,-0.2924522198992236,-0.1860411478064247,-0.1686897975941312,-0.2718566845283457,-0.3358912247307118,-0.5597668339494702,-0.711281477883814,-0.5943146199976782,0.0,0.0,-0.2790861641419259,0.0,0.7023263208256874,0.0,0.0,1,exploits
UNS_adv_source_354,UNSW-NB15,Exploits,known,clean,adv_source,False,False,0.3206531089137126,0.1378865483078073,-0.3034156044743386,0.0,0.1404306675880212,-0.4398147238380155,-0.0787530810801387,-0.1451714903497454,-0.3864233532350533,-0.1397866931097353,0.0,0.0,-0.7644679075429871,0.0,0.1838914692105965,0.0,-0.7453209211170995,1,exploits
UNS_adv_source_355,UNSW-NB15,Exploits,known,clean,adv_source,False,False,0.5411499546074824,0.5742542299789732,0.4735232500789268,0.5340804835085613,0.4594410110118215,0.5482855916918171,0.590265374214484,-0.1012939687537538,-0.0858526037586388,0.1405176559773172,0.0,0.0,0.649459065132352,0.0,0.1331556152725174,0.0,0.0,1,exploits
UNS_adv_source_356,UNSW-NB15,Exploits,known,clean,adv_source,False,False,1.134647772788041,2.3617139234137894,1.1317933026583882,1.8261134959513172,2.871789690327965,0.6163363917110505,2.4883534928772213,0.3135661316586386,-0.2032421671127559,0.9644390791373508,0.0,0.0,-0.3995636472508736,0.0,-0.0270330195389704,0.0,0.0,1,exploits
UNS_adv_source_357,UNSW-NB15,Exploits,known,clean,adv_source,False,False,-0.4038112432716195,-0.0271900533220693,0.0503997108396372,-0.1860411478064247,0.0,-0.2362930106052332,0.652496702295392,0.192302635424828,0.0648826424955684,0.536593266068707,0.0,0.0,0.1387220948849253,0.0,-0.1768723111269419,0.0,0.0,1,exploits
UNS_adv_source_358,UNSW-NB15,Exploits,known,clean,adv_source,False,False,-0.2189343316378759,-0.1966718831246962,-0.2398309770015875,-0.1860411478064247,-0.379952234002974,-0.1149155690276832,-0.4463882960065087,-0.0104606765736303,-0.0358598490375159,-0.143148420368955,0.0,0.0,0.0264058275333469,0.0,-0.0239188506972116,0.0,0.0,1,exploits
UNS_adv_source_359,UNSW-NB15,Exploits,known,clean,adv_source,False,False,-0.5889170616309716,-1.3110929282994186,-0.9850518358156892,-1.6329982705869572,-1.092216195821038,-1.2338245537419428,-0.7918623366765161,0.0807939497493163,-0.1128074164886362,-0.0235390703869836,0.0,0.0,-0.0902086402340318,0.0,-1.0263882148994588,0.0,-0.7453209211170995,1,exploits
UNS_adv_source_360,UNSW-NB15,Exploits,known,clean,adv_source,False,False,-0.3579134217286335,-0.1966718831246962,-0.2269298707837278,-0.1860411478064247,-0.379952234002974,-0.0920898803196277,-0.4463882960065087,0.0920093006571762,0.0741477898070117,-0.0582358926494882,0.0,0.0,0.0640726937667891,0.0,-0.1510729374045357,0.0,0.0,1,exploits
UNS_adv_source_361,UNSW-NB15,Exploits,known,clean,adv_source,False,False,-0.0660992481277183,-0.102435973747594,-0.0864298657247189,-0.1860411478064247,-0.1686897975941312,-0.2072891188723734,0.1832704646735709,-0.0645615360109991,-0.1534404109377649,0.108114637453125,0.0,0.0,0.0401061354121805,0.0,0.0816901190035012,0.0,0.0,1,exploits
UNS_adv_source_362,UNSW-NB15,Exploits,known,clean,adv_source,False,False,2.254615712047288,2.3950258086792964,1.1560595160073392,1.8906914797412384,2.866755962984627,0.6549844404485146,2.495771473030453,0.0837897233813893,-0.4165188336368023,0.7783240022567354,0.0,0.0,-0.3958291803470843,0.0,0.2179407134269453,0.0,0.0,1,exploits
UNS_adv_source_363,UNSW-NB15,Exploits,known,clean,adv_source,False,False,-0.3376377889173556,-0.102435973747594,-0.106166103643791,-0.1860411478064247,-0.1686897975941312,-0.2379430144019617,0.1758882243449709,0.1045163895467781,0.0038263375021227,0.2448602241759016,0.0,0.0,-0.0231400844610378,0.0,-0.1091979754211512,0.0,0.0,1,exploits
UNS_adv_source_364,UNSW-NB15,Exploits,known,clean,adv_source,False,False,0.5491624990667138,0.701677649274518,0.4291833710568192,0.6353919484123379,0.620047765997026,0.6231587812706976,0.3248845323428225,-0.0683055102062545,-0.0597729830524583,0.0094231633381993,0.0,0.0,0.5471714644062095,0.0,0.1086124842160351,0.0,0.0,1,exploits
UNS_adv_source_365,UNSW-NB15,Exploits,known,clean,adv_source,False,False,-0.0811563949621198,-0.1502394126581163,-0.247151134724626,-0.4095197091966907,0.0,-0.7345180569796051,0.6036411031934523,-0.0571979806009237,-0.3448608988712057,0.3278301196924084,0.0,0.0,-0.5308223609025675,0.0,0.14216084898943,0.0,0.0,1,exploits
UNS_adv_source_366,UNSW-NB15,Exploits,known,clean,adv_source,False,False,0.0975801292126768,0.1360420961167057,0.2247223877694487,-0.1860411478064247,0.3659414104308224,-0.2010162656778325,1.125280229746021,-0.0454203397542933,-0.2231433579592638,0.5277739689012547,0.0,0.0,0.306541837063555,0.0,0.1651290326122794,0.0,0.0,1,exploits
UNS_adv_source_367,UNSW-NB15,Exploits,known,clean,adv_source,False,False,0.0214020535085097,-0.0271900533220693,0.0343653309698881,-0.1860411478064247,0.0,-0.2216289176687707,0.5780117742356505,-0.0783815833040237,-0.1987712719034195,0.2754716296915125,0.0,0.0,0.1259201933782988,0.0,0.1285523195291599,0.0,0.0,1,exploits
UNS_adv_source_368,UNSW-NB15,Exploits,known,clean,adv_source,False,False,1.4978475593899196,2.146560625458973,2.0011049178191085,2.8024707025078563,1.1842519214922862,3.308607101842414,0.4905685629819392,0.0713188134892042,0.7008712630617655,-0.0936686238742107,0.0,0.0,3.1340267669712984,0.0,-0.1760690890679573,0.0,0.0,1,exploits
UNS_adv_source_369,UNSW-NB15,Exploits,known,clean,adv_source,False,False,0.1419439018826274,-0.0271900533220693,0.0403510727451338,-0.1860411478064247,0.0,-0.2529850813478247,0.650615603247964,-0.1270801453729719,-0.259271554644403,0.2704403136450952,0.0,0.0,0.1070194218140874,0.0,0.1848613804856891,0.0,0.0,1,exploits
UNS_adv_source_370,UNSW-NB15,Exploits,known,clean,adv_source,False,False,-0.4256926230490658,-0.1966718831246962,-0.463854403658862,-0.1860411478064247,-0.379952234002974,-0.5112760759361488,-0.4463882960065087,0.1591620208742017,-0.0122928653015111,-0.0028966576229508,0.0,0.0,-0.7240809894898906,0.0,-0.2026497904788632,0.0,0.0,1,exploits
UNS_adv_source_371,UNSW-NB15,Exploits,known,clean,adv_source,False,False,0.3506093017072499,0.2397428421478857,0.8229792438259579,0.2987543829403037,0.0,1.3305002851261505,0.3065274460011755,-0.1354199936645216,0.2541508332945189,0.0390485765649486,0.0,0.0,2.3725787407325414,0.0,0.1305477364384748,0.0,0.0,1,exploits
UNS_adv_source_372,UNSW-NB15,Exploits,known,clean,adv_source,False,False,1.021892378425994,0.7999982352502419,0.9132938396417792,0.8139588521935753,0.620047765997026,1.475771377580259,0.3316610399900029,-0.1683334925518225,0.1304461096053016,-0.0891694510168667,0.0,0.0,1.943670658105448,0.0,0.201889442047535,0.0,0.0,1,exploits
UNS_adv_source_373,UNSW-NB15,Exploits,known,clean,adv_source,False,False,0.5418500187947042,-0.0271900533220693,-0.0886603639885636,-0.1860411478064247,0.0,-0.2232419810434564,0.2040520318946337,-0.2554772603837608,-0.3801654540060653,-0.0601997884303923,0.0,0.0,-0.0147066301985622,0.0,0.3374559403511373,0.0,0.0,1,exploits
UNS_adv_source_374,UNSW-NB15,Exploits,known,clean,adv_source,False,False,1.3447349328993583,1.056149481947558,1.281588789133388,1.2791730753241926,0.620047765997026,2.147931602127869,0.2961043193002732,-0.1792462471962676,0.3059283319525233,-0.1673345862061445,0.0,0.0,2.6727087099288465,0.0,0.1646360752221114,0.0,0.0,1,exploits
UNS_adv_source_375,UNSW-NB15,Exploits,known,clean,adv_source,False,False,0.0930138650089053,-0.0271900533220693,0.1023732617172117,-0.1860411478064247,0.0,-0.218414779032585,0.7807148387617038,-0.1080843028194787,-0.2273985355969446,0.3508222787566449,0.0,0.0,0.217674890422363,0.0,0.1626292678312647,0.0,0.0,1,exploits
UNS_adv_source_376,UNSW-NB15,Exploits,known,clean,adv_source,False,False,-0.3842409980536327,-0.1966718831246962,-0.1066059485752336,-0.1860411478064247,-0.379952234002974,0.1207970106247523,-0.4463882960065087,0.1162321020806379,0.1757838595989453,-0.0382511266011718,0.0,0.0,0.4617275233330978,0.0,-0.18727191502112,0.0,0.0,1,exploits
UNS_adv_source_377,UNSW-NB15,Exploits,known,clean,adv_source,False,False,0.239563688387837,0.4250985939573056,0.9627694653654746,0.6353919484123379,0.0,1.899062572807074,-0.2494843976816907,-0.0477945831440942,0.5030768383704098,-0.2050357854756755,0.0,0.0,2.84671964556366,0.0,-0.0169499092646009,0.0,0.0,1,exploits
UNS_adv_source_378,UNSW-NB15,Exploits,known,clean,adv_source,False,False,-0.0349563770922773,-0.102435973747594,0.009267097303286,-0.1860411478064247,-0.1686897975941312,0.2619697250346987,-0.3358912247307118,-0.079301213648585,0.0029142648487382,-0.1612918606987729,0.0,0.0,0.7297676808619581,0.0,0.0994064639588695,0.0,0.0,1,exploits
UNS_adv_source_379,UNSW-NB15,Exploits,known,clean,adv_source,False,False,0.1256113699282849,-0.0271900533220693,0.0833788531916297,-0.1860411478064247,0.0,-0.2104484485920254,0.7087580746991811,-0.1208461877211857,-0.2373930956025851,0.3044818839377281,0.0,0.0,0.2052590411614488,0.0,0.1778880419957795,0.0,0.0,1,exploits
UNS_adv_source_380,UNSW-NB15,Exploits,known,clean,adv_source,False,False,-0.0575327761498383,-0.1966718831246962,-0.2314315284194845,-0.1860411478064247,-0.379952234002974,-0.1000545799452905,-0.4463882960065087,-0.0980676240224898,-0.1185227772680823,-0.216395417339749,0.0,0.0,0.0516454137807245,0.0,0.0537156288728882,0.0,0.0,1,exploits
UNS_adv_source_381,UNSW-NB15,Exploits,known,clean,adv_source,False,False,0.2077700726350985,-0.102435973747594,0.0414990296604868,-0.1860411478064247,-0.1686897975941312,0.3189970870314609,-0.3358912247307118,-0.1770087280290746,-0.0753455160812278,-0.2438098485010199,0.0,0.0,0.8326918541331949,0.0,0.2134403677959731,0.0,0.0,1,exploits
UNS_adv_source_382,UNSW-NB15,Exploits,known,clean,adv_source,False,False,-0.3483288559872841,-0.102435973747594,-0.0099690637275516,-0.1860411478064247,-0.1686897975941312,-0.1660795354073884,0.3460945750016497,0.1135527408376373,0.0390295524070302,0.3365984915919437,0.0,0.0,0.1873334750967939,0.0,-0.1192591656330782,0.0,0.0,1,exploits
UNS_adv_source_383,UNSW-NB15,Exploits,known,clean,adv_source,False,False,0.7194855629565915,0.1629939949008725,-0.1970851821247129,0.1593654250158457,0.0,-0.241255671119633,-0.0968070163600697,-0.2591513966612354,-0.4281440844175773,-0.2498612329521683,0.0,0.0,-0.5572289017992214,0.0,0.2935013594850421,0.0,0.0,1,exploits
UNS_adv_source_384,UNSW-NB15,Exploits,known,clean,adv_source,False,False,0.8652337000125674,0.9623615177679428,0.5748063730988322,0.4226217212524879,1.4671005624508393,0.028003105110377,1.8009703220433215,-0.0088897190919309,-0.3634016698949744,0.6752797811525497,0.0,0.0,0.0813828757468687,0.0,0.2633845606473235,0.0,0.0,1,exploits
UNS_adv_source_385,UNSW-NB15,Exploits,known,clean,adv_source,False,False,-0.3913612188585789,-0.1966718831246962,-0.2849837370662794,-0.1860411478064247,-0.379952234002974,-0.1948035125994831,-0.4463882960065087,0.123154274994698,0.0676897262303189,-0.0325451333623793,0.0,0.0,-0.1225605385784262,0.0,-0.1832510920449528,0.0,0.0,1,exploits
UNS_adv_source_386,UNSW-NB15,Exploits,known,clean,adv_source,False,False,0.5763277048334368,0.8241652629689236,0.3993576818079817,0.5340804835085613,1.0197031665308134,-0.0316666548724844,1.3669594555090514,-0.0179686236116095,-0.3072209196143146,0.5220418053842057,0.0,0.0,-0.2424992533935497,0.0,0.1446220810101441,0.0,0.0,1,exploits
UNS_adv_source_387,UNSW-NB15,Exploits,known,clean,adv_source,False,False,-0.2073327145266008,-0.102435973747594,-0.3741290220074509,-0.1860411478064247,-0.1686897975941312,-0.4511913514709689,-0.2756132373203881,0.0120207962100868,-0.1657536116530744,-0.0551032037191527,0.0,0.0,-0.590328142439617,0.0,-0.005153214285163,0.0,0.0,1,exploits
UNS_adv_source_388,UNSW-NB15,Exploits,known,clean,adv_source,False,False,0.1234575225744359,0.3079453423213071,0.9460695577311504,0.4226217212524879,0.0,1.605158622082992,0.2080813348673298,-0.0374727416465751,0.4364404121701083,0.0574000377816525,0.0,0.0,2.709076062338349,0.0,0.0044812555335955,0.0,0.0,1,exploits
UNS_adv_source_389,UNSW-NB15,Exploits,known,clean,adv_source,False,False,-0.656774731458864,-1.7230419309240497,-0.5935233901728412,-1.6329982705869572,-2.015742594047945,0.5468096021116768,-2.674884827002709,1.7459694855424313,2.425320006605032,-1.8279148941509256,0.0,0.0,2.6542764390588145,0.0,-1.0236581350002631,0.0,-0.8009099181073703,1,exploits
UNS_adv_source_390,UNSW-NB15,Exploits,known,clean,adv_source,False,False,0.0401187736297033,-0.102435973747594,-0.0836440483507449,-0.1860411478064247,-0.1686897975941312,0.0975837528246705,-0.3358912247307118,-0.1124425045851647,-0.090406667780304,-0.1891425311117386,0.0,0.0,0.4221395788117287,0.0,0.119716836614909,0.0,0.0,1,exploits
UNS_adv_source_391,UNSW-NB15,Exploits,known,clean,adv_source,False,False,1.6180151281182051,0.5845243976385195,0.2212010851614843,0.4226217212524879,0.620047765997026,-0.0561625284650758,0.8637747968745204,-0.3356577267589183,-0.5620487983024031,0.0656505974287573,0.0,0.0,-0.2726280822717373,0.0,0.4583471277972575,0.0,0.0,1,exploits
UNS_adv_source_392,UNSW-NB15,Exploits,known,clean,adv_source,False,False,-0.4026642543968862,-0.102435973747594,0.0224045354187301,-0.1860411478064247,-0.1686897975941312,0.0421004242770477,0.0849040959702539,0.1644638960476104,0.1652422815538972,0.2492659771314508,0.0,0.0,0.4753751857171555,0.0,-0.1755752022806215,0.0,0.0,1,exploits
UNS_adv_source_393,UNSW-NB15,Exploits,known,clean,adv_source,False,False,0.2918039917496508,0.701677649274518,0.0676953018389127,0.6353919484123379,0.620047765997026,0.012470598608979,0.2748868906085602,0.0115683066727236,-0.2024929944295255,0.0512920783433293,0.0,0.0,-0.6250048404477324,0.0,0.017105875258655,0.0,0.0,1,exploits
UNS_adv_source_394,UNSW-NB15,Exploits,known,clean,adv_source,False,False,1.890337854994004,0.7528064577770737,0.0937650041481001,0.728250559228382,0.620047765997026,0.0611272506418908,0.2705043306924425,-0.3547658061362553,-0.5701136158198784,-0.2730249766933589,0.0,0.0,-0.6270033875606809,0.0,0.4384368781231553,0.0,0.0,1,exploits
UNS_adv_source_395,UNSW-NB15,Exploits,known,clean,adv_source,False,False,0.6898284418343201,0.4119490026246311,0.3429634148286785,0.0,0.7548366006327752,-0.1414151094367592,1.3842180912745807,-0.1420898003714271,-0.3868840144504438,0.5023600206682735,0.0,0.0,0.2249191960827523,0.0,0.3301052270901528,0.0,0.0,1,exploits
UNS_adv_source_396,UNSW-NB15,Exploits,known,clean,adv_source,False,False,0.4866641900100097,0.701677649274518,0.0653013205364373,0.6353919484123379,0.620047765997026,0.012470598608979,0.2675556042119127,-0.0501140881795032,-0.2641153417347966,-0.0037635844114536,0.0,0.0,-0.6290287616096233,0.0,0.0876522263095404,0.0,0.0,1,exploits
UNS_adv_source_397,UNSW-NB15,Exploits,known,clean,adv_source,False,False,-0.3291235484662733,-0.1966718831246962,-0.0046084198049138,-0.1860411478064247,-0.379952234002974,0.3012593524880602,-0.4463882960065087,0.0676685654680702,0.1934436729631528,-0.0783479776341476,0.0,0.0,0.8026525609137237,0.0,-0.1242775010215288,0.0,0.0,1,exploits
UNS_adv_source_398,UNSW-NB15,Exploits,known,clean,adv_source,False,False,1.3325041727791405,2.1519498023907517,2.012209962848569,2.84321883992474,1.146034888041065,3.344266103133,0.4628556410885787,0.1114742904055764,0.7490780671843198,-0.0782447986851642,0.0,0.0,3.154587429100396,0.0,-0.224822262150302,0.0,0.0,1,exploits
UNS_adv_source_399,UNSW-NB15,Exploits,known,clean,adv_source,False,False,1.141896896921587,0.7528064577770737,0.0965913077183797,0.728250559228382,0.620047765997026,0.0652806748800316,0.2719705482363198,-0.2055349470227128,-0.412222552444219,-0.1418834717863297,0.0,0.0,-0.6270033875606809,0.0,0.2568357614066773,0.0,0.0,1,exploits
UNS_adv_source_400,UNSW-NB15,Exploits,known,clean,adv_source,False,False,1.111208798281137,1.0853545479939806,1.297920603902704,1.3322144416553885,0.620047765997026,2.15847844567157,0.327863449946063,-0.1206361083638486,0.3620215415404845,-0.1083597444118405,0.0,0.0,2.643693278078872,0.0,0.0912730200274407,0.0,0.0,1,exploits
UNS_adv_source_401,UNSW-NB15,Exploits,known,clean,adv_source,False,False,0.5884958335218824,2.0958593060139785,1.0439858027882656,1.4776806762138135,2.7058834381728363,0.5040558740518847,2.413795446902246,0.4010533642853273,-0.1083620272794155,1.0418157335546874,0.0,0.0,-0.220939939692444,0.0,-0.0957420368805146,0.0,0.0,1,exploits
UNS_adv_source_402,UNSW-NB15,Exploits,known,clean,adv_source,False,False,0.4766827098683814,0.0,-0.0444028906567069,0.0,-0.1686897975941312,-0.144268584414188,0.2028932762178231,-0.2370474484838526,-0.3278257663828438,-0.0503916309884957,0.0,0.0,-0.0436814552842725,0.0,0.2603665429603785,0.0,0.0,1,exploits
UNS_adv_source_403,UNSW-NB15,Exploits,known,clean,adv_source,False,False,0.2125535386553506,-0.1966718831246962,-0.1510853521297211,-0.1860411478064247,-0.379952234002974,0.0421004242770477,-0.4463882960065087,-0.2075541664310034,-0.1778878003164973,-0.309242254157091,0.0,0.0,0.3197837504299691,0.0,0.2091415340929766,0.0,0.0,1,exploits
UNS_adv_source_404,UNSW-NB15,Exploits,known,clean,adv_source,False,False,0.5872787362530947,0.7528064577770737,0.1057562880609311,0.728250559228382,0.620047765997026,0.0775836742935925,0.2787424268983879,-0.0683954515169559,-0.2685834142794244,-0.0224670417138812,0.0,0.0,-0.6021242384817695,0.0,0.0963642615726384,0.0,0.0,1,exploits
UNS_adv_source_405,UNSW-NB15,Exploits,known,clean,adv_source,False,False,0.4824864945397316,0.1644969217223608,0.7268697305092149,0.2987543829403037,-0.1686897975941312,1.5316107965083976,-0.3358912247307118,-0.1949023277309399,0.2865173509392903,-0.3186063201737202,0.0,0.0,2.542714146230784,0.0,0.1698996530913566,0.0,0.0,1,exploits
UNS_adv_source_406,UNSW-NB15,Exploits,known,clean,adv_source,False,False,0.1703687902321377,0.7658863527550338,0.930920241556094,0.8139588521935753,0.5435741642239326,1.525650725669505,0.2993055464973823,0.0657265154098177,0.3938014472254664,0.0983214394741238,0.0,0.0,2.0396013191722764,0.0,-0.0786829411829608,0.0,0.0,1,exploits
UNS_adv_source_407,UNSW-NB15,Exploits,known,clean,adv_source,False,False,0.7144323869589895,1.056149481947558,1.2855926385970435,1.2791730753241926,0.620047765997026,2.146679443250938,0.3105329522092929,-0.0312942221389862,0.4548951719177349,-0.0356347604107157,0.0,0.0,2.675116772306741,0.0,-0.0066889114965426,0.0,0.0,1,exploits
UNS_adv_source_408,UNSW-NB15,Exploits,known,clean,adv_source,False,False,0.0809837463819967,0.0354505745602133,0.158415028586505,-0.1860411478064247,0.1404306675880212,-0.1979024486873522,0.916832146621556,-0.079787287392448,-0.215181103558975,0.425834242573635,0.0,0.0,0.2711277397938088,0.0,0.1573625778636657,0.0,0.0,1,exploits
UNS_adv_source_409,UNSW-NB15,Exploits,known,clean,adv_source,False,False,0.1490843175767157,-0.1966718831246962,0.1031083413472451,-0.1860411478064247,-0.379952234002974,0.4918406264640401,-0.4463882960065087,-0.18464889283829,0.0094883994623883,-0.2896643400227974,0.0,0.0,1.1632219545531617,0.0,0.1794292035494403,0.0,0.0,1,exploits
UNS_adv_source_410,UNSW-NB15,Exploits,known,clean,adv_source,False,False,-0.2349658508683199,0.61784369192311,0.4183730743102706,0.1593654250158457,1.0197031665308134,-0.1176545430776501,1.5740250452177804,0.282755043985439,-0.0194172112036541,0.895178538960293,0.0,0.0,0.0955237121590905,0.0,-0.1231461356275741,0.0,0.0,1,exploits
UNS_adv_source_411,UNSW-NB15,Exploits,known,clean,adv_source,False,False,0.6731356504609947,-0.0271900533220693,0.0184173298392638,-0.1860411478064247,0.0,-0.2200198569368446,0.5263878326028091,-0.290474482406924,-0.4154428877885034,0.0687165097340659,0.0,0.0,0.121340001682681,0.0,0.379915123443548,0.0,0.0,1,exploits
UNS_adv_source_412,UNSW-NB15,Exploits,known,clean,adv_source,False,False,-0.1007536930371171,-0.102435973747594,-0.0012468932041796,-0.1860411478064247,-0.1686897975941312,-0.1765146065593602,0.390866867347435,-0.0473647014699475,-0.1249692581044842,0.2251954224269701,0.0,0.0,0.1762628253068429,0.0,0.0625641861675848,0.0,0.0,1,exploits
UNS_adv_source_413,UNSW-NB15,Exploits,known,clean,adv_source,False,False,0.5592011033913876,0.9696527598129906,0.4961404588826764,0.6353919484123379,1.220806809163248,0.026905894794046,1.5619643244797616,0.0337120462580555,-0.2799397637463893,0.6237747355671793,0.0,0.0,-0.2057166067364657,0.0,0.1119153111987239,0.0,0.0,1,exploits
UNS_adv_source_414,UNSW-NB15,Exploits,known,clean,adv_source,False,False,0.2651962065215628,-0.102435973747594,-0.0396420207693134,-0.1860411478064247,-0.1686897975941312,0.1754357266892537,-0.3358912247307118,-0.196811884843294,-0.1479142052755989,-0.2607055906065471,0.0,0.0,0.5611912218886858,0.0,0.202319065570144,0.0,0.0,1,exploits
UNS_adv_source_415,UNSW-NB15,Exploits,known,clean,adv_source,False,False,-0.2957741769020358,0.3177130932475289,0.2836618795159852,0.0,0.5435741642239326,-0.1616582604914592,1.2376522133893464,0.2153258561819337,0.0033919171516661,0.759156092129042,0.0,0.0,0.17674177145678,0.0,-0.1258509228685498,0.0,0.0,1,exploits
UNS_adv_source_416,UNSW-NB15,Exploits,known,clean,adv_source,False,False,-0.2929616483434252,-0.0271900533220693,0.0310920451848985,-0.1860411478064247,0.0,-0.2683843809584006,0.6489149849877787,0.0960292890109941,-0.0418153967242569,0.4555600414693626,0.0,0.0,0.0748663058820853,0.0,-0.070039426669255,0.0,0.0,1,exploits
UNS_adv_source_417,UNSW-NB15,Exploits,known,clean,adv_source,False,False,-0.4270666668529185,-0.1966718831246962,-0.2500123359091219,-0.1860411478064247,-0.379952234002974,-0.1329292591038604,-0.4463882960065087,0.1607048195477239,0.1271513826886074,-0.0016274931010226,0.0,0.0,-0.012457010035862,0.0,-0.2043382823079619,0.0,0.0,1,exploits
UNS_adv_source_418,UNSW-NB15,Exploits,known,clean,adv_source,False,False,0.1929201302307264,1.3898669917367956,1.6037743473936823,2.0911180785431065,0.3659414104308224,2.9271817861263023,-0.0660149554449228,0.2460141158930436,0.9026382378695564,-0.0919526625992761,0.0,0.0,3.1469891148899336,0.0,-0.3904128132891448,0.0,0.0,1,exploits
UNS_adv_source_419,UNSW-NB15,Exploits,known,clean,adv_source,False,False,-0.3496026396467113,-0.102435973747594,-0.0911354900707204,-0.1860411478064247,-0.1686897975941312,-0.218414779032585,0.1881170276810087,0.1146483687626088,0.0211000604184617,0.2592695956032635,0.0,0.0,0.0270976311247374,0.0,-0.1204777439143732,0.0,0.0,1,exploits
UNS_adv_source_420,UNSW-NB15,Exploits,known,clean,adv_source,False,False,0.60839004288035,1.056149481947558,1.283316082578981,1.2791730753241926,0.620047765997026,2.146261519066428,0.3042846361173655,-0.0024738411193478,0.4835339999654278,-0.0147568568558,0.0,0.0,2.6714363922617688,0.0,-0.0394318256782483,0.0,0.0,1,exploits
UNS_adv_source_421,UNSW-NB15,Exploits,known,clean,adv_source,False,False,-0.2735046923751441,-0.102435973747594,-0.0442399070216305,-0.1860411478064247,-0.1686897975941312,-0.2264801957241776,0.3456893644041479,0.0554587699550731,-0.0404816414297523,0.2883754690606697,0.0,0.0,0.0720411124401378,0.0,-0.0542505463219543,0.0,0.0,1,exploits
UNS_adv_source_422,UNSW-NB15,Exploits,known,clean,adv_source,False,False,1.0271028027431772,2.106735794664562,1.0243961466905849,1.565071232609943,2.6223935832163323,0.5035295338101294,2.354715449717616,0.2695247203343004,-0.2204171996626394,0.9189133211131656,0.0,0.0,-0.3263444935629426,0.0,0.0098603581120254,0.0,0.0,1,exploits
UNS_adv_source_423,UNSW-NB15,Exploits,known,clean,adv_source,False,False,-0.4081931349671555,-0.0271900533220693,0.0700605336320526,-0.1860411478064247,0.0,-0.2072891188723734,0.662503921853826,0.1968604993094657,0.0798184732333316,0.5452779551760301,0.0,0.0,0.187640871518151,0.0,-0.1818751113498565,0.0,0.0,1,exploits
UNS_adv_source_424,UNSW-NB15,Exploits,known,clean,adv_source,False,False,-0.6567791460953519,-1.7230419309240497,-0.9553765792676874,-1.6329982705869572,-2.015742594047945,-0.0934105552002541,-2.674884827002709,1.7962565844076983,2.2409349756025745,-1.8279148941509256,0.0,0.0,1.4465197845578843,0.0,-1.024474327297787,0.0,-0.8009099181073703,1,exploits
UNS_adv_source_425,UNSW-NB15,Exploits,known,clean,adv_source,False,False,-0.4058162846319613,-0.1966718831246962,-0.2413790483697085,-0.1860411478064247,-0.379952234002974,-0.1176545430776501,-0.4463882960065087,0.1377536081522231,0.1101205178042916,-0.0205176932007116,0.0,0.0,0.0135881547629864,0.0,-0.1952354238249464,0.0,0.0,1,exploits
UNS_adv_source_426,UNSW-NB15,Exploits,known,clean,adv_source,False,False,0.2712379668008858,0.0877480744753478,0.0476428336332536,0.1593654250158457,-0.1686897975941312,0.2657796722008053,-0.2249645356732889,-0.149940009810416,-0.1096116996342071,-0.207370008874293,0.0,0.0,0.3698677138080916,0.0,0.1348371431224444,0.0,0.0,1,exploits
UNS_adv_source_427,UNSW-NB15,Exploits,known,clean,adv_source,False,False,-0.2601656450566274,-0.102435973747594,-0.1241109028783588,-0.1860411478064247,-0.1686897975941312,-0.2041451071751601,0.0624348657041789,0.0461929635540695,-0.0416067958510441,0.1405543473665403,0.0,0.0,0.0101263621340444,0.0,-0.0438120382332379,0.0,0.0,1,exploits
UNS_adv_source_428,UNSW-NB15,Exploits,known,clean,adv_source,False,False,-0.0693346943542696,-0.2254853330836409,-0.0397154741967105,-0.4095197091966907,-0.1686897975941312,-0.0524286344116768,0.0582856408627551,-0.0924017031152522,-0.1019678920033653,0.0475694675793127,0.0,0.0,0.5608966847540607,0.0,0.1292864843794218,0.0,-0.7453209211170995,1,exploits
UNS_adv_source_429,UNSW-NB15,Exploits,known,clean,adv_source,False,False,0.9360494595068164,0.6811660664921482,0.8643742120662737,0.728250559228382,0.4594410110118215,1.3199718052464762,0.4515180192628339,-0.1798180310699044,0.0934319972661732,-0.0148221908098006,0.0,0.0,1.822255552786897,0.0,0.2009533835309942,0.0,0.0,1,exploits
UNS_adv_source_430,UNSW-NB15,Exploits,known,clean,adv_source,False,False,0.0168795708232035,0.4119490026246311,0.3421671212845172,0.0,0.7548366006327752,-0.1690438886486207,1.4296011452919652,0.0814736093790038,-0.1732145686659635,0.7114262379563016,0.0,0.0,0.1934894476307667,0.0,0.0718319870996538,0.0,0.0,1,exploits
UNS_adv_source_431,UNSW-NB15,Exploits,known,clean,adv_source,False,False,0.7248316611875792,0.843816191412551,0.9660098087938612,0.8935397119319154,0.620047765997026,1.5621100796484373,0.3436571049804217,-0.0856218917598793,0.2365080210573354,-0.0215318136164744,0.0,0.0,2.021469425926606,0.0,0.095854980472036,0.0,0.0,1,exploits
UNS_adv_source_432,UNSW-NB15,Exploits,known,clean,adv_source,False,False,1.684337400093817,2.0474712812555214,1.9467432248904668,2.6859034075347177,1.105997323386708,3.2335551296447806,0.4539968883008736,0.0081704111345222,0.6350976650882444,-0.1440967798112455,0.0,0.0,3.1213528670569293,0.0,-0.1050847320878484,0.0,0.0,1,exploits
UNS_adv_source_433,UNSW-NB15,Exploits,known,clean,adv_source,False,False,-0.0109249172213316,-0.102435973747594,0.0066342669137896,-0.1860411478064247,-0.1686897975941312,-0.1963511294253547,0.4493362815071007,-0.0902565402038099,-0.175163153280449,0.2182460576772225,0.0,0.0,0.1701140329029149,0.0,0.1120751938445671,0.0,0.0,1,exploits
UNS_adv_source_434,UNSW-NB15,Exploits,known,clean,adv_source,False,False,0.9503331338261892,2.5939966963775523,2.252438811467022,3.430621282597314,1.4119575218600224,3.712786297315599,0.5606705861510457,0.3183883914430863,0.971148021026256,0.044111246384378,0.0,0.0,3.1888540879792395,0.0,-0.4524310641282753,0.0,0.0,1,exploits
UNS_adv_source_435,UNSW-NB15,Exploits,known,clean,adv_source,False,False,0.8293143042310795,0.701677649274518,0.0818255928131601,0.6353919484123379,0.620047765997026,0.0388742925368654,0.2724580905040333,-0.1428252939339537,-0.3479258754713856,-0.0792903001955228,0.0,0.0,-0.5596060046488213,0.0,0.1952623612235439,0.0,0.0,1,exploits
UNS_adv_source_436,UNSW-NB15,Exploits,known,clean,adv_source,False,False,0.2466833383904603,-0.1502394126581163,-0.1832124976054029,-0.4095197091966907,0.0,-0.7345180569796051,0.799445665262347,-0.190536787378091,-0.479859397705639,0.3121181242014695,0.0,0.0,-0.4565804170810814,0.0,0.2978456640872887,0.0,0.0,1,exploits
UNS_adv_source_437,UNSW-NB15,Exploits,known,clean,adv_source,False,False,-0.1210438686151794,-0.3197212424607432,-0.590031035022044,-0.4095197091966907,-0.379952234002974,-0.7345180569796051,-0.4463882960065087,-0.0999675904553206,-0.3244924735347356,-0.1898055179528653,0.0,0.0,-0.8478303769425897,0.0,0.1187230904065023,0.0,0.0,1,exploits
UNS_adv_source_438,UNSW-NB15,Exploits,known,clean,adv_source,False,False,-0.131863835370901,-0.102435973747594,-0.0215937651139937,-0.1860411478064247,-0.1686897975941312,-0.2152164931791361,0.3955445957032169,-0.0311280980094616,-0.1228304320735118,0.2410887015330018,0.0,0.0,0.1054423535441629,0.0,0.0440220471596212,0.0,0.0,1,exploits
UNS_adv_source_439,UNSW-NB15,Exploits,known,clean,adv_source,False,False,0.1371325588812242,-0.2254853330836409,-0.4007267088885912,-0.4095197091966907,-0.1686897975941312,-0.7345180569796051,0.1333339556140825,-0.1801734705814265,-0.4396915334823635,0.0104311681460322,0.0,0.0,-0.6745969029776335,0.0,0.2512606662929149,0.0,0.0,1,exploits
UNS_adv_source_440,UNSW-NB15,Exploits,known,clean,adv_source,False,False,0.2331000540062638,-0.1966718831246962,-0.2217468804476352,-0.1860411478064247,-0.379952234002974,-0.0829197113441385,-0.4463882960065087,-0.2146810762951277,-0.2308301675596089,-0.3153535498393516,0.0,0.0,0.0885550411624382,0.0,0.2101635546190308,0.0,0.0,1,exploits
UNS_adv_source_441,UNSW-NB15,Exploits,known,clean,adv_source,False,False,-0.3083215591763796,-0.102435973747594,-0.0467712471979685,-0.1860411478064247,-0.1686897975941312,-0.1886497189211688,0.2724580905040333,0.0810808162892368,-0.0013443941316676,0.2732996073665113,0.0,0.0,0.1172387473757905,0.0,-0.0830165131647682,0.0,0.0,1,exploits
UNS_adv_source_442,UNSW-NB15,Exploits,known,clean,adv_source,False,False,1.9561473567556984,2.2414048635142336,2.0635796153830928,2.945110033201585,1.220806809163248,3.4168743297078943,0.4944943306002727,0.0054456995508217,0.6486159362507763,-0.1681433004456141,0.0,0.0,3.1757027414283288,0.0,-0.1073999375486564,0.0,0.0,1,exploits
UNS_adv_source_443,UNSW-NB15,Exploits,known,clean,adv_source,False,False,0.2969482356514717,0.0891094043590191,0.211573006098326,-0.1860411478064247,0.2607255232653797,-0.1720218555001272,1.0348264652760326,-0.1373774020083315,-0.2852746268203078,0.4203182845511758,0.0,0.0,0.3495030991733892,0.0,0.2493357797455978,0.0,0.0,1,exploits
UNS_adv_source_444,UNSW-NB15,Exploits,known,clean,adv_source,False,False,0.2691946445374503,-0.102435973747594,-0.0588359858900458,-0.1860411478064247,-0.1686897975941312,-0.2088668596561678,0.2705043306924425,-0.1981541664534753,-0.2895161767738044,0.0383497988123993,0.0,0.0,0.0730380015472275,0.0,0.2384564351003321,0.0,0.0,1,exploits
UNS_adv_source_445,UNSW-NB15,Exploits,known,clean,adv_source,False,False,-0.3165337635028625,-0.102435973747594,-0.0853463323888682,-0.1860411478064247,-0.1686897975941312,-0.2088668596561678,0.1893195100523425,0.087459736910635,-0.0025862205365234,0.237511670411699,0.0,0.0,0.0428413420512593,0.0,-0.0901552573840308,0.0,0.0,1,exploits
UNS_adv_source_446,UNSW-NB15,Exploits,known,clean,adv_source,False,False,1.3008983321947525,2.3340677597220307,1.1380552872843095,1.792363695602802,2.851471360921174,0.6325048117048374,2.479544777971185,0.2697031868816166,-0.234494119470289,0.9291513983420632,0.0,0.0,-0.3202094969385069,0.0,0.0236400246222815,0.0,0.0,1,exploits
UNS_adv_source_447,UNSW-NB15,Exploits,known,clean,adv_source,False,False,1.4350269530425364,0.8439051964536001,0.4367756237966758,0.5340804835085613,1.0639570658149278,-0.0115488563221841,1.4467263685239873,-0.213693286663139,-0.5064261368768105,0.3895960235327916,0.0,0.0,-0.1768598607154502,0.0,0.383640789349665,0.0,0.0,1,exploits
UNS_adv_source_448,UNSW-NB15,Exploits,known,clean,adv_source,False,False,-0.205934688107149,0.0129927367806588,-0.0862750969932338,-0.4095197091966907,0.3659414104308224,-0.7345180569796051,1.0963050624930115,0.0830662659320079,-0.2765401607864854,0.6365566923807376,0.0,0.0,-0.4152104231095116,0.0,0.0636761574873612,0.0,0.0,1,exploits
UNS_adv_source_449,UNSW-NB15,Exploits,known,clean,adv_source,False,False,0.9143648786269836,0.8591111448859231,0.3721603670911745,0.6353919484123379,0.9729894850834436,-0.0586637895884966,1.330399195271599,-0.1062560702995173,-0.4047604220432872,0.4297242532386866,0.0,0.0,-0.4143240984800284,0.0,0.2196747301974926,0.0,0.0,1,exploits
UNS_adv_source_450,UNSW-NB15,Exploits,known,clean,adv_source,False,False,-0.3581236257430982,-0.0271900533220693,0.0572904517252547,-0.1860411478064247,0.0,-0.2248590670242377,0.6538082057760647,0.1486906137985953,0.0258434613446899,0.5013993079381309,0.0,0.0,0.1546366066327168,0.0,-0.1287428906681945,0.0,0.0,1,exploits
UNS_adv_source_451,UNSW-NB15,Exploits,known,clean,adv_source,False,False,-0.0892223649754619,-0.1966718831246962,-0.2108813015469586,-0.1860411478064247,-0.379952234002974,-0.0636954434843545,-0.4463882960065087,-0.0826305435929779,-0.0895584821711944,-0.2034332336080107,0.0,0.0,0.1243842301782144,0.0,0.0457779529198848,0.0,0.0,1,exploits
UNS_adv_source_452,UNSW-NB15,Exploits,known,clean,adv_source,False,False,-0.2400135316587608,-0.2254853330836409,-0.5293217637178333,-0.4095197091966907,-0.1686897975941312,-0.7345180569796051,-0.2604732872289939,0.0030045037202013,-0.2551008464717183,-0.0304413237259982,0.0,0.0,-0.820867912256953,0.0,0.039132166923825,0.0,0.0,1,exploits
UNS_adv_source_453,UNSW-NB15,Exploits,known,clean,adv_source,False,False,1.4133009159270755,1.3748581819613477,0.6564391256898119,0.967811106645419,1.7188831295172406,0.1413696446483705,1.8547391759237308,-0.0497127809363327,-0.4419315412897538,0.5981546992162523,0.0,0.0,-0.3522669793824672,0.0,0.2624656148559948,0.0,0.0,1,exploits
UNS_adv_source_454,UNSW-NB15,Exploits,known,clean,adv_source,False,False,0.4513216594795008,1.496810473511933,1.6025451803326372,1.9216284185324275,0.8149071462730976,2.6732842903848177,0.3696824415169625,0.1589343636200622,0.7238706541682242,0.0576282979695627,0.0,0.0,2.935912093866506,0.0,-0.2489429407640174,0.0,0.0,1,exploits
UNS_adv_source_455,UNSW-NB15,Exploits,known,clean,adv_source,False,False,0.2499601327163729,0.0,-0.196444500588027,0.0,-0.1686897975941312,-0.1660795354073884,-0.2249645356732889,-0.1659368149672898,-0.2629102143458653,-0.2012301792089072,0.0,0.0,-0.2521091671263514,0.0,0.1674011354523384,0.0,0.0,1,exploits
UNS_adv_source_456,UNSW-NB15,Exploits,known,clean,adv_source,False,False,0.0456263282200897,-0.102435973747594,-0.1506328854808877,-0.1860411478064247,-0.1686897975941312,-0.0209383581808564,-0.3358912247307118,-0.1147551211937181,-0.1359425148354936,-0.1910907886419107,0.0,0.0,0.2008033679128893,0.0,0.1295052920767023,0.0,0.0,1,exploits
UNS_adv_source_457,UNSW-NB15,Exploits,known,clean,adv_source,False,False,-0.0450108189253233,-0.0942359093771021,0.3069747079905492,0.0,-0.379952234002974,0.8525376197653128,-0.4463882960065087,-0.0746119374198733,0.2271853029332788,-0.2213641329932599,0.0,0.0,1.6203002393866306,0.0,0.0391967647961408,0.0,0.0,1,exploits
UNS_adv_source_458,UNSW-NB15,Exploits,known,clean,adv_source,False,False,0.1827252736181259,-0.0271900533220693,-0.2882559106473195,-0.1860411478064247,0.0,-0.4025623554768827,-0.0968070163600697,-0.1422127160330251,-0.329051078015044,-0.1121053843304528,0.0,0.0,-0.4543047285279846,0.0,0.2028740218670728,0.0,0.0,1,exploits
UNS_adv_source_459,UNSW-NB15,Exploits,known,clean,adv_source,False,False,0.4918315938387375,1.974178546628279,1.9211500089077704,2.622700169126057,1.0197031665308134,3.19060533060445,0.4499608555009926,0.2777861547901724,0.901799108032209,0.0888596317787829,0.0,0.0,3.1261227731140884,0.0,-0.3991958569487772,0.0,0.0,1,exploits
UNS_adv_source_460,UNSW-NB15,Exploits,known,clean,adv_source,False,False,1.1823562704480888,-0.102435973747594,-0.2318319857922561,-0.1860411478064247,-0.1686897975941312,-0.1646024251052619,-0.3358912247307118,-0.4301375165854661,-0.5198300328743761,-0.4674742300388085,0.0,0.0,-0.0695875946293154,0.0,0.5224053100856544,0.0,0.0,1,exploits
UNS_adv_source_461,UNSW-NB15,Exploits,known,clean,adv_source,False,False,1.3476843769018243,1.087415262418047,1.2894642312119835,1.2791730753241926,0.690140844124891,2.146971829999148,0.321883168431932,-0.1724058852777718,0.3049405388571211,-0.1544178051462527,0.0,0.0,2.6657418258375487,0.0,0.1653701258792218,0.0,0.0,1,exploits
UNS_adv_source_462,UNSW-NB15,Exploits,known,clean,adv_source,False,False,0.6800206188227839,1.6151404527743436,1.6974408886727292,2.0911180785431065,0.8709699133828938,2.816923951854566,0.4116689364497686,0.1245510327933268,0.7114797617700649,0.0244956283840047,0.0,0.0,3.02260377272414,0.0,-0.2177333124140278,0.0,0.0,1,exploits
UNS_adv_source_463,UNSW-NB15,Exploits,known,clean,adv_source,False,False,1.000186643198032,0.7186945752818655,0.6083465214621325,0.728250559228382,0.5435741642239326,0.9668072820678982,0.2787424268983879,-0.1838786660780048,-0.0506641154732714,-0.1120305102606896,0.0,0.0,1.081239395068717,0.0,0.2187460773732449,0.0,0.0,1,exploits
UNS_adv_source_464,UNSW-NB15,Exploits,known,clean,adv_source,False,False,-0.3902312557634124,-0.1966718831246962,-0.1873837520033552,-0.1860411478064247,-0.379952234002974,-0.0221216635133079,-0.4463882960065087,0.122044351846487,0.1294279862281235,-0.0334599048807295,0.0,0.0,0.1930420318368757,0.0,-0.1618309994633223,0.0,0.0,1,exploits
UNS_adv_source_465,UNSW-NB15,Fuzzers,known,clean,adv_source,False,False,0.0292011706124823,-0.1966718831246962,-0.4498906061234717,-0.1860411478064247,-0.379952234002974,-0.4865701871276455,-0.4463882960065087,-0.1370387922420981,-0.2987628425277648,-0.2492453831419069,0.0,0.0,-0.6778839384589035,0.0,0.1202068410201127,0.0,0.0,1,fuzzers
UNS_adv_source_466,UNSW-NB15,Fuzzers,known,clean,adv_source,False,False,0.237047858259968,0.1629939949008725,-0.2193936343134893,0.1593654250158457,0.0,-0.2462566044580959,-0.1564681030326073,-0.1170001645675204,-0.284485740176427,-0.1579688443676566,0.0,0.0,-0.6010152591686123,0.0,0.1253255545693838,0.0,0.0,1,fuzzers
UNS_adv_source_467,UNSW-NB15,Fuzzers,known,clean,adv_source,False,False,0.9275724885923472,0.0752459204255246,-0.0257037902995046,0.0,0.0,0.0180607292827624,-0.0208125985905238,-0.3296590426504747,-0.3895722519316965,-0.2563318744724805,0.0,0.0,0.1332466729858126,0.0,0.40046034239029,0.0,0.0,1,fuzzers
UNS_adv_source_468,UNSW-NB15,Fuzzers,known,clean,adv_source,False,False,0.2099224745179055,-0.1966718831246962,-0.3802254347158965,-0.1860411478064247,-0.379952234002974,-0.3633128873666921,-0.4463882960065087,-0.2066318434153593,-0.3247549688268483,-0.3084520597376698,0.0,0.0,-0.4322476429051911,0.0,0.2091072049601176,0.0,0.0,1,fuzzers
UNS_adv_source_469,UNSW-NB15,Fuzzers,known,clean,adv_source,False,False,-0.0348435459922086,-0.102435973747594,-0.1791068947067957,-0.1860411478064247,-0.1686897975941312,-0.0713168962601049,-0.3358912247307118,-0.0793534768603649,-0.1186652745827488,-0.1613356752658268,0.0,0.0,0.0972986508485641,0.0,0.0823830857246922,0.0,0.0,1,fuzzers
UNS_adv_source_470,UNSW-NB15,Fuzzers,known,clean,adv_source,False,False,0.9566858690616356,0.0752459204255246,-0.0189916903000628,0.0,0.0,0.0247058888085031,-0.0117594365513498,-0.3362717677516537,-0.3942029086288383,-0.2577863577001053,0.0,0.0,0.149446351986678,0.0,1.3553029542736028,0.0,0.0,1,fuzzers
UNS_adv_source_471,UNSW-NB15,Fuzzers,known,clean,adv_source,False,False,0.4902679564146023,0.1378865483078073,-0.0442960161478881,0.0,0.1404306675880212,-0.0511887656931343,0.0421122275544814,-0.1971580780425765,-0.2980237864973054,-0.1241922338785706,0.0,0.0,-0.0023706383668096,0.0,0.264836767700296,0.0,0.0,1,fuzzers
UNS_adv_source_472,UNSW-NB15,Fuzzers,known,clean,adv_source,False,False,1.3186479487513454,-0.102435973747594,-0.4138085451725412,-0.1860411478064247,-0.1686897975941312,-0.4865701871276455,-0.3358912247307118,-0.4568519567312161,-0.6674263966359611,-0.4925741281356385,0.0,0.0,-0.6812002939579518,0.0,0.5599350297343365,0.0,0.0,1,fuzzers
UNS_adv_source_473,UNSW-NB15,Fuzzers,known,clean,adv_source,False,False,0.0626330056282899,0.0,-0.0313937181821877,0.0,-0.1686897975941312,0.0301919718038992,-0.0592348430983809,-0.095779064478258,-0.1200499425947524,-0.0598552645785644,0.0,0.0,0.1776463807116556,0.0,0.0854617985214524,0.0,0.0,1,fuzzers
UNS_adv_source_474,UNSW-NB15,Fuzzers,known,clean,adv_source,False,False,0.4542246377349595,0.0,-0.089855933452155,0.0,-0.1686897975941312,-0.0725958930105262,-0.06035687759523,-0.2305133774531085,-0.2949843967468232,-0.1750065377292054,0.0,0.0,-0.0212892322200193,0.0,0.2345271188404357,0.0,0.0,1,fuzzers
UNS_adv_source_475,UNSW-NB15,Fuzzers,known,clean,adv_source,False,False,0.0728725315500817,0.0,-0.0723913303247437,0.0,-0.1686897975941312,-0.0561625284650758,-0.0353174723872913,-0.0999728456873266,-0.1558291200609538,-0.0516986569939156,0.0,0.0,0.0293266467985632,0.0,0.0714122299603683,0.0,0.0,1,fuzzers
UNS_adv_source_476,UNSW-NB15,Fuzzers,known,clean,adv_source,False,False,0.0483008551750938,0.0,-0.0699251653720544,0.0,-0.1686897975941312,-0.0511887656931343,-0.0363740299908406,-0.0898265040161303,-0.1438721007640756,-0.0437703672247824,0.0,0.0,0.0293266467985632,0.0,0.0873052119077456,0.0,0.0,1,fuzzers
UNS_adv_source_477,UNSW-NB15,Fuzzers,known,clean,adv_source,False,False,0.1796219017892758,1.139491562748491,1.4340348692285962,1.7216314718113184,0.2607255232653797,2.657077567085785,-0.11830897814821,0.1778694060955184,0.8079664618332167,-0.1155985895486615,0.0,0.0,3.049838406214517,0.0,-0.3042660445945481,0.0,0.0,1,fuzzers
UNS_adv_source_478,UNSW-NB15,Fuzzers,known,clean,adv_source,False,False,0.1374413956407533,-0.1966718831246962,-0.481345055303769,-0.1860411478064247,-0.379952234002974,-0.5422219625140763,-0.4463882960065087,-0.1802898095843378,-0.3633027773570002,-0.2859488426090226,0.0,0.0,-0.7720901453148572,0.0,0.1478345664745577,0.0,0.0,1,fuzzers
UNS_adv_source_479,UNSW-NB15,Fuzzers,known,clean,adv_source,False,False,0.2252751610015211,-0.102435973747594,-0.3785655970045559,-0.1860411478064247,-0.1686897975941312,-0.4242154905262854,-0.3358912247307118,-0.1831526754567239,-0.3523688774185492,-0.2490445969824373,0.0,0.0,-0.5522309558878664,0.0,0.2206954233365085,0.0,0.0,1,fuzzers
UNS_adv_source_480,UNSW-NB15,Fuzzers,known,clean,adv_source,False,False,0.0605268136327112,-0.1966718831246962,-0.4285993731624162,-0.1860411478064247,-0.379952234002974,-0.4489000022944285,-0.4463882960065087,-0.1501028845707601,-0.2981946615960879,-0.2603023576512319,0.0,0.0,-0.5904126953047635,0.0,0.1473262126938155,0.0,0.0,1,fuzzers
UNS_adv_source_481,UNSW-NB15,Fuzzers,known,clean,adv_source,False,False,0.927567474467798,-0.102435973747594,-0.4138085451725412,-0.1860411478064247,-0.1686897975941312,-0.4865701871276455,-0.3358912247307118,-0.376074157404385,-0.5777736071454855,-0.4178466347668065,0.0,0.0,-0.6812002939579518,0.0,0.451776472728062,0.0,0.0,1,fuzzers
UNS_adv_source_482,UNSW-NB15,Fuzzers,known,clean,adv_source,False,False,0.9459973574309916,0.3023834700301683,-0.1352248995456753,0.2987543829403037,0.1404306675880212,-0.144268584414188,-0.0752384525452089,-0.2776526026572685,-0.4477576558124103,-0.2831881832159806,0.0,0.0,-0.5554365899277568,0.0,0.3176417533067527,0.0,0.0,1,fuzzers
UNS_adv_source_483,UNSW-NB15,Fuzzers,known,clean,adv_source,False,False,1.097874936379291,0.2256346227831552,-0.2014814425676167,0.1593654250158457,0.1404306675880212,-0.2614950609931565,-0.0752384525452089,-0.3288427032239837,-0.5287904369801603,-0.3130725649762585,0.0,0.0,-0.6204470824542231,0.0,0.4014534756720971,0.0,0.0,1,fuzzers
UNS_adv_source_484,UNSW-NB15,Fuzzers,known,clean,adv_source,False,False,0.6192320489639629,0.1644969217223608,0.1345429174042829,0.2987543829403037,-0.1686897975941312,0.4234896939669934,-0.231817556031235,-0.2330226908181474,-0.1566150386444946,-0.299648358267145,0.0,0.0,0.4992829752990687,0.0,0.2188607991890111,0.0,0.0,1,fuzzers
UNS_adv_source_485,UNSW-NB15,Fuzzers,known,clean,adv_source,False,False,0.4426081825358954,-0.102435973747594,-0.286595818038728,-0.1860411478064247,-0.1686897975941312,-0.2614950609931565,-0.3358912247307118,-0.2524635111167116,-0.3645671323585582,-0.308585994104583,0.0,0.0,-0.2468717637824875,0.0,0.3030846780050491,0.0,0.0,1,fuzzers
UNS_adv_source_486,UNSW-NB15,Fuzzers,known,clean,adv_source,False,False,0.0031952378440554,-0.1966718831246962,-0.2746468257708576,-0.1860411478064247,-0.379952234002974,-0.1765146065593602,-0.4463882960065087,-0.1258104402469056,-0.1743812137685293,-0.2397608502500089,0.0,0.0,-0.0940923586327831,0.0,0.1050877962919768,0.0,0.0,1,fuzzers
UNS_adv_source_487,UNSW-NB15,Fuzzers,known,clean,adv_source,False,False,0.0710439103119825,0.0,-0.0881702126404457,0.0,-0.1686897975941312,-0.0636954434843545,-0.0706000073144258,-0.0992274263847412,-0.1578233726490332,-0.0685390805291685,0.0,0.0,0.0020636069689392,0.0,0.098181820696161,0.0,0.0,1,fuzzers
UNS_adv_source_488,UNSW-NB15,Fuzzers,known,clean,adv_source,False,False,1.1869935386334762,0.762767996950165,1.0427274962374953,1.0374374135838411,0.2607255232653797,1.9248612470843924,-0.0492762748265131,-0.2154505031940408,0.2578590516901333,-0.3148451628903225,0.0,0.0,2.4620785462107366,0.0,0.187126481184335,0.0,0.0,1,fuzzers
UNS_adv_source_489,UNSW-NB15,Fuzzers,known,clean,adv_source,False,False,0.3409024315099259,-0.1966718831246962,-0.4498906061234717,-0.1860411478064247,-0.379952234002974,-0.4865701871276455,-0.4463882960065087,-0.2500676377259316,-0.4146500304376154,-0.3458503010729616,0.0,0.0,-0.6778839384589035,0.0,0.2517219171874628,0.0,0.0,1,fuzzers
UNS_adv_source_490,UNSW-NB15,Fuzzers,known,clean,adv_source,False,False,0.4007887039204189,0.4242448000023956,0.5773841137356386,0.4226217212524879,0.2607255232653797,1.0904450914180113,-0.0300763180459882,-0.1009629243325497,0.1524343224977493,-0.1345846413937569,0.0,0.0,1.6004456134798073,0.0,1.349463698379053,0.0,0.0,1,fuzzers
UNS_adv_source_491,UNSW-NB15,Fuzzers,known,clean,adv_source,False,False,0.5244363284855511,-0.102435973747594,-0.3116400770541868,-0.1860411478064247,-0.1686897975941312,-0.3058054054362868,-0.3358912247307118,-0.2758360434688706,-0.4050860122376554,-0.3288992497133735,0.0,0.0,-0.3290554109618266,0.0,0.3286586010089297,0.0,0.0,1,fuzzers
UNS_adv_source_492,UNSW-NB15,Fuzzers,known,clean,adv_source,False,False,0.1652894317563192,0.2940696455211615,0.8599600253153172,0.5340804835085613,-0.1686897975941312,1.7670849944575564,-0.3358912247307118,-0.0534461910704833,0.4808361564298106,-0.2307731163085557,0.0,0.0,2.714076520748328,0.0,-0.0161133157002859,0.0,0.0,1,fuzzers
UNS_adv_source_493,UNSW-NB15,Fuzzers,known,clean,adv_source,False,False,0.2761399191090817,-0.102435973747594,-0.286595818038728,-0.1860411478064247,-0.1686897975941312,-0.2614950609931565,-0.3358912247307118,-0.2004749605683381,-0.3108884839881768,-0.2638383946775602,0.0,0.0,-0.2468717637824875,0.0,0.2409105737392526,0.0,0.0,1,fuzzers
UNS_adv_source_494,UNSW-NB15,Fuzzers,known,clean,adv_source,False,False,0.1676955947655514,1.139491562748491,1.4340241211134763,1.7216314718113184,0.2607255232653797,2.6570585506444213,-0.11830897814821,0.1823739971477085,0.8124000907921202,-0.1118965450639249,0.0,0.0,3.049838406214517,0.0,-0.3151080180984217,0.0,0.0,1,fuzzers
UNS_adv_source_495,UNSW-NB15,Fuzzers,known,clean,adv_source,False,False,0.4813074677863793,0.0752459204255246,-0.0673532857743192,0.0,0.0,-0.0687664460017744,0.001926591339939,-0.2154804926390443,-0.3016002574706317,-0.1453487694334481,0.0,0.0,-0.017382587413237,0.0,0.2404248348917537,0.0,0.0,1,fuzzers
UNS_adv_source_496,UNSW-NB15,Fuzzers,known,clean,adv_source,False,False,-0.2386317500495099,-0.1966718831246962,-0.4498906061234717,-0.1860411478064247,-0.379952234002974,-0.4865701871276455,-0.4463882960065087,0.0021035067904796,-0.1589673358942122,-0.1326991418643021,0.0,0.0,-0.6778839384589035,0.0,-0.0608772853837673,0.0,0.0,1,fuzzers
UNS_adv_source_497,UNSW-NB15,Fuzzers,known,clean,adv_source,False,False,0.0598144338658604,-0.102435973747594,-0.3773232047928376,-0.1860411478064247,-0.1686897975941312,-0.4220173489561666,-0.3358912247307118,-0.1206446245800231,-0.2883646019138202,-0.1960554020473909,0.0,0.0,-0.5522309558878664,0.0,0.1473648165192266,0.0,0.0,1,fuzzers
UNS_adv_source_498,UNSW-NB15,Fuzzers,known,clean,adv_source,False,False,0.5764944801504471,0.0,-0.0238145076978459,0.0,-0.1686897975941312,0.0410268294254527,-0.0547780471425952,-0.2649747860766119,-0.289298685733431,-0.2019918016943226,0.0,0.0,0.2035536015056783,0.0,0.2893468098477985,0.0,0.0,1,fuzzers
UNS_adv_source_499,UNSW-NB15,Fuzzers,known,clean,adv_source,False,False,0.024400693634406,0.0752459204255246,0.1826268427203712,0.0,0.0,0.3746318554417936,0.0,-0.0561308614193277,0.0215953841133088,-0.0115829475558014,0.0,0.0,0.8077370077599233,0.0,0.0639202326528278,0.0,0.0,1,fuzzers
UNS_adv_source_500,UNSW-NB15,Fuzzers,known,clean,adv_source,False,False,-0.2706290946624518,-0.1966718831246962,-0.4512632869471644,-0.1860411478064247,-0.379952234002974,-0.4889988459300785,-0.4463882960065087,0.023683592928903,-0.1384574223159123,-0.1147787088301314,0.0,0.0,-0.6778839384589035,0.0,-0.0735067959273995,0.0,0.0,1,fuzzers
UNS_adv_source_501,UNSW-NB15,Fuzzers,known,clean,adv_source,False,False,0.3739650215626256,-0.102435973747594,0.0355167637970601,-0.1860411478064247,-0.1686897975941312,0.308412774642933,-0.3358912247307118,-0.2318152442963628,-0.1355126854200865,-0.2907464118571868,0.0,0.0,0.8127877316029012,0.0,0.2717234348840188,0.0,0.0,1,fuzzers
UNS_adv_source_502,UNSW-NB15,Fuzzers,known,clean,adv_source,False,False,1.0796997822582322,0.4250985939573056,0.979323899605808,0.6353919484123379,0.0,1.7847717947526327,-0.0009668014042316,-0.2767069549479167,0.2278099837213165,-0.2766221493247284,0.0,0.0,2.7230047384316145,0.0,0.2650901123939773,0.0,0.0,1,fuzzers
UNS_adv_source_503,UNSW-NB15,Fuzzers,known,clean,adv_source,False,False,-0.6567835607450837,-1.7230419309240497,-0.7041472229242989,-1.6329982705869572,-2.015742594047945,0.3510849001026992,-2.674884827002709,1.8597974145255705,2.4650264752749598,-1.8279148941509256,0.0,0.0,2.28497205215831,0.0,-1.0252929403372557,0.0,-0.8009099181073703,1,fuzzers
UNS_adv_source_504,UNSW-NB15,Fuzzers,known,clean,adv_source,False,False,0.4236209558528907,0.0877480744753478,0.5089342363758486,0.1593654250158457,-0.1686897975941312,0.9829700842739234,-0.0536715964783843,-0.1984569124383584,0.102170865616103,-0.1640525011264189,0.0,0.0,1.777500419172552,0.0,0.1960554035634225,0.0,0.0,1,fuzzers
UNS_adv_source_505,UNSW-NB15,Fuzzers,known,clean,adv_source,False,False,0.0048979713410201,0.2256346227831552,-0.1917458656154573,0.1593654250158457,0.1404306675880212,-0.2429183672671143,-0.0775780891278352,-0.0063999895243844,-0.1918518123558566,-0.0392094587980265,0.0,0.0,-0.5767254146020726,0.0,0.0206301158383872,0.0,0.0,1,fuzzers
UNS_adv_source_506,UNSW-NB15,Fuzzers,known,clean,adv_source,False,False,0.1196118805062186,-0.1966718831246962,-0.1259001586204927,-0.1860411478064247,-0.379952234002974,0.0866601215143251,-0.4463882960065087,-0.1735126073994806,-0.1268625721647687,-0.2801785158246543,0.0,0.0,0.3975290219241549,0.0,0.1270779245917848,0.0,0.0,1,fuzzers
UNS_adv_source_507,UNSW-NB15,Fuzzers,known,clean,adv_source,False,False,0.2123318134065921,1.139491562748491,1.433948875480783,1.7216314718113184,0.2607255232653797,2.656925419937682,-0.11830897814821,0.1657586870412694,0.7959668356382502,-0.1255551796829045,0.0,0.0,3.048762294879469,0.0,-0.2871902478751122,0.0,0.0,1,fuzzers
UNS_adv_source_508,UNSW-NB15,Fuzzers,known,clean,adv_source,False,False,0.5931194484616874,0.2397428421478857,0.0038316043093841,0.2987543829403037,0.0,0.1486916831184716,-0.1564681030326073,-0.2068525215030176,-0.2495215825684842,-0.2507115451566359,0.0,0.0,-0.0202423653724433,0.0,0.2112971588942654,0.0,0.0,1,fuzzers
UNS_adv_source_509,UNSW-NB15,Fuzzers,known,clean,adv_source,False,False,0.432590444800309,0.0877480744753478,0.0182144782062151,0.1593654250158457,-0.1686897975941312,0.1160289660376422,-0.0558875798460627,-0.2011475273961452,-0.2165035934450501,-0.167294757891851,0.0,0.0,0.1545840089387904,0.0,0.188238306175656,0.0,0.0,1,fuzzers
UNS_adv_source_510,UNSW-NB15,Fuzzers,known,clean,adv_source,False,False,-0.0867998264702266,-0.1966718831246962,-0.3226778789896585,-0.1860411478064247,-0.379952234002974,-0.2614950609931565,-0.4463882960065087,-0.0838362825904428,-0.1628726851198507,-0.2044447186098286,0.0,0.0,-0.2435554082834392,0.0,0.0707081950423551,0.0,0.0,1,fuzzers
UNS_adv_source_511,UNSW-NB15,Fuzzers,known,clean,adv_source,False,False,0.2891879711968816,0.0,0.1711821221133473,0.0,-0.1686897975941312,0.3784745401224871,-0.0416992695071121,-0.1791488896213229,-0.0778008726671505,-0.1216989442087238,0.0,0.0,0.8337373734147909,0.0,0.1689114161134068,0.0,0.0,1,fuzzers
UNS_adv_source_512,UNSW-NB15,Fuzzers,known,clean,adv_source,False,False,-0.6567894469653276,-1.7230419309240497,-1.162821254251733,-1.6329982705869572,-2.015742594047945,-0.4604385832909421,-2.674884827002709,1.9835124170285956,2.2897081906924703,-1.8279148941509256,0.0,0.0,0.7546321161954276,0.0,-1.0263882148994588,0.0,-0.8009099181073703,1,fuzzers
UNS_adv_source_513,UNSW-NB15,Fuzzers,known,clean,adv_source,False,False,-0.6567879754080592,-1.7230419309240497,-0.6683096726915375,-1.6329982705869572,-2.015742594047945,0.4144916151439167,-2.674884827002709,1.9461791744139456,2.572424980696008,-1.8279148941509256,0.0,0.0,2.404605916164281,0.0,-1.0261139885207349,0.0,-0.8009099181073703,1,fuzzers
UNS_adv_source_514,UNSW-NB15,Fuzzers,known,clean,adv_source,False,False,-0.6567835607450837,-1.7230419309240497,-1.536385620451394,-1.6329982705869572,-2.015742594047945,-1.1213791097313237,-2.674884827002709,1.8367146390176203,1.90487648180384,-1.8279148941509256,0.0,0.0,-0.4891413889463566,0.0,-1.0250197994663934,0.0,-0.8009099181073703,1,fuzzers
UNS_adv_source_515,UNSW-NB15,Fuzzers,known,clean,adv_source,False,False,-0.3458060337923057,-0.1966718831246962,-0.4498906061234717,-0.1860411478064247,-0.379952234002974,-0.4865701871276455,-0.4463882960065087,0.0815223724348237,-0.0800427175781815,-0.066897080096201,0.0,0.0,-0.6778839384589035,0.0,-0.1288502342843289,0.0,0.0,1,fuzzers
UNS_adv_source_516,UNSW-NB15,Fuzzers,known,clean,adv_source,False,False,0.0349050966069706,-0.102435973747594,-0.4452629943528384,-0.1860411478064247,-0.1686897975941312,-0.5422219625140763,-0.3358912247307118,-0.1102393810468216,-0.3217252733161138,-0.1872871321968304,0.0,0.0,-0.7754065008139057,0.0,0.1352561066789877,0.0,0.0,1,fuzzers
UNS_adv_source_517,UNSW-NB15,Fuzzers,known,clean,adv_source,False,False,1.0286217524607804,0.0752459204255246,-0.032068660772904,0.0,0.0,-0.0150540061661836,0.0170127772546694,-0.3522641715107994,-0.4257972355965005,-0.2578283830990348,0.0,0.0,0.0836989555658603,0.0,0.4187855449525152,0.0,0.0,1,fuzzers
UNS_adv_source_518,UNSW-NB15,Fuzzers,known,clean,adv_source,False,False,0.6657876738973983,1.139491562748491,1.4340026239375947,1.7216314718113184,0.2607255232653797,2.6570205160885862,-0.11830897814821,0.0243021353286567,0.6559096376634405,-0.2423366202025343,0.0,0.0,3.049838406214517,0.0,-0.1323059010525018,0.0,0.0,1,fuzzers
UNS_adv_source_519,UNSW-NB15,Fuzzers,known,clean,adv_source,False,False,0.6232762932882924,1.119049987325446,1.433507840562311,1.6845060947045851,0.2607255232653797,2.6561451050105407,-0.11830897814821,0.0293933800897854,0.6670808033433844,-0.2326427632474692,0.0,0.0,3.0890037297226653,0.0,0.9709393048798732,0.0,0.0,1,fuzzers
UNS_adv_source_520,UNSW-NB15,Fuzzers,known,clean,adv_source,False,False,-0.2019505620581868,0.0,-0.0928086276815841,0.0,-0.1686897975941312,-0.0842218225090595,-0.0492762748265131,0.0351469050707213,-0.030757861370072,0.0540517143939486,0.0,0.0,-0.0324591589835721,0.0,-0.0824813914745059,0.0,0.0,1,fuzzers
UNS_adv_source_521,UNSW-NB15,Fuzzers,known,clean,adv_source,False,False,-0.1337603533323061,0.279293452581961,-0.1620779671682404,0.1593654250158457,0.2607255232653797,-0.233005545301724,-0.0038813655030549,0.0797233986254847,-0.1208462630280904,0.0559770200288376,0.0,0.0,-0.5741460680131085,0.0,-0.056114315111728,0.0,0.0,1,fuzzers
UNS_adv_source_522,UNSW-NB15,Fuzzers,known,clean,adv_source,False,False,-0.0895406006601036,-0.102435973747594,-0.286595818038728,-0.1860411478064247,-0.1686897975941312,-0.2614950609931565,-0.3358912247307118,-0.05302653003627,-0.1614996610873159,-0.1392955787914088,0.0,0.0,-0.2468717637824875,0.0,0.0691343257618128,0.0,0.0,1,fuzzers
UNS_adv_source_523,UNSW-NB15,Fuzzers,known,clean,adv_source,False,False,-0.6567850322979374,-1.7230419309240497,-1.134955964305146,-1.6329982705869572,-2.015742594047945,-0.411137040978237,-2.674884827002709,1.8853142411941757,2.211894385902068,-1.8279148941509256,0.0,0.0,0.8475376704494948,0.0,-1.025566351778613,0.0,-0.8009099181073703,1,fuzzers
UNS_adv_source_524,UNSW-NB15,Fuzzers,known,clean,adv_source,False,False,0.2781003468665688,0.0,-0.0463565260615222,0.0,-0.1686897975941312,0.0011436531046313,-0.0547780471425952,-0.1754583762825769,-0.2115198263458175,-0.125025194054973,0.0,0.0,0.1293444226914128,0.0,0.1872129585825122,0.0,0.0,1,fuzzers
UNS_adv_source_525,UNSW-NB15,Fuzzers,known,clean,adv_source,False,False,0.3421636148991627,-0.102435973747594,-0.3579971938493811,-0.1860411478064247,-0.1686897975941312,-0.3878241951045124,-0.3358912247307118,-0.2218898680195852,-0.379135747967241,-0.2822036845863487,0.0,0.0,-0.4925080593362009,0.0,0.2666998554738929,0.0,0.0,1,fuzzers
UNS_adv_source_526,UNSW-NB15,Fuzzers,known,clean,adv_source,False,False,0.6616617217676495,0.2256346227831552,-0.1833735519028093,0.1593654250158457,0.1404306675880212,-0.2281053874075629,-0.0775780891278352,-0.2252095701409356,-0.4078264099459238,-0.2238626367001644,0.0,0.0,-0.5554365899277568,0.0,0.2753785033103124,0.0,0.0,1,fuzzers
UNS_adv_source_527,UNSW-NB15,Fuzzers,known,clean,adv_source,False,False,-0.0195833251499549,-0.1966718831246962,-0.1327562653584255,-0.1860411478064247,-0.379952234002974,0.0745297386226154,-0.4463882960065087,-0.115666897771622,-0.0726179613267484,-0.2312067965989885,0.0,0.0,0.3785507105294721,0.0,0.0989607784596126,0.0,0.0,1,fuzzers
UNS_adv_source_528,UNSW-NB15,Fuzzers,known,clean,adv_source,False,False,1.259394415096306,1.1864242545061772,1.4511003756491263,1.7216314718113184,0.3659414104308224,2.6570585506444213,-0.0660149554449228,-0.1128591344519886,0.512092764685216,-0.3344937513308038,0.0,0.0,3.049838406214517,0.0,0.0270354921844119,0.0,0.0,1,fuzzers
UNS_adv_source_529,UNSW-NB15,Fuzzers,known,clean,adv_source,False,False,0.3468099780913666,1.2854413313598363,1.5006547111207833,1.7575590448988274,0.5435741642239326,2.656192712080744,0.0872380205167801,0.1441195216045119,0.7499003080129064,-0.0577515075039762,0.0,0.0,3.028968411157484,0.0,-0.2455610405736635,0.0,0.0,1,fuzzers
UNS_adv_source_530,UNSW-NB15,Fuzzers,known,clean,adv_source,False,False,0.0942598929241907,-0.102435973747594,-0.4138085451725412,-0.1860411478064247,-0.1686897975941312,-0.4865701871276455,-0.3358912247307118,-0.1345549295271694,-0.325815322247912,-0.2077990202796421,0.0,0.0,-0.6812002939579518,0.0,0.1377570969917208,0.0,0.0,1,fuzzers
UNS_adv_source_531,UNSW-NB15,Fuzzers,known,clean,adv_source,False,False,0.4802464188288746,-0.102435973747594,-0.4138085451725412,-0.1860411478064247,-0.1686897975941312,-0.4865701871276455,-0.3358912247307118,-0.2633716588334068,-0.4580586236780321,-0.3180497077290056,0.0,0.0,-0.6812002939579518,0.0,0.3165153828206853,0.0,0.0,1,fuzzers
UNS_adv_source_532,UNSW-NB15,Fuzzers,known,clean,adv_source,False,False,0.5835643826563577,0.0752459204255246,-0.0363021341621571,0.0,0.0,-0.0127151356693829,0.0,-0.2441560339663464,-0.310883742339026,-0.1711121154609694,0.0,0.0,0.0896888809903769,0.0,0.2835010034800734,0.0,0.0,1,fuzzers
UNS_adv_source_533,UNSW-NB15,Fuzzers,known,clean,adv_source,False,False,-0.6567850322979374,-1.7230419309240497,-1.198741274838947,-1.6329982705869572,-2.015742594047945,-0.5239912116055316,-2.674884827002709,1.8853142411941757,2.170695046500722,-1.8279148941509256,0.0,0.0,0.6348901397060216,0.0,-1.025566351778613,0.0,-0.8009099181073703,1,fuzzers
UNS_adv_source_534,UNSW-NB15,Fuzzers,known,clean,adv_source,False,False,0.1170622390325971,0.0752459204255246,-0.0548201461824325,0.0,0.0,-0.0437989291097752,-0.0029074726389407,-0.0941141102218706,-0.1691444154065825,-0.0447518609603956,0.0,0.0,0.0227827991345939,0.0,0.1073982981636033,0.0,0.0,1,fuzzers
UNS_adv_source_535,UNSW-NB15,Fuzzers,known,clean,adv_source,False,False,-0.3229647282931602,-0.1966718831246962,-0.0454210428982648,-0.1860411478064247,-0.379952234002974,0.2290503330166608,-0.4463882960065087,0.0627161839137636,0.162205953982966,-0.0824439696750009,0.0,0.0,0.6669016178811813,0.0,-0.1105030764556467,0.0,0.0,1,fuzzers
UNS_adv_source_536,UNSW-NB15,Fuzzers,known,clean,adv_source,False,False,0.0372612963903556,-0.1966718831246962,-0.4285993731624162,-0.1860411478064247,-0.379952234002974,-0.4489000022944285,-0.4463882960065087,-0.1404467584726042,-0.288388404916602,-0.2521274512587311,0.0,0.0,-0.5904126953047635,0.0,0.1292928275027958,0.0,0.0,1,fuzzers
UNS_adv_source_537,UNSW-NB15,Fuzzers,known,clean,adv_source,False,False,0.8980848220429449,0.279293452581961,-0.1608017499183563,0.1593654250158457,0.2607255232653797,-0.2168136642876756,-0.0279990148607084,-0.2664650268416945,-0.4646918138938904,-0.2475358667206812,0.0,0.0,-0.5398065572758228,0.0,0.3462593498464665,0.0,0.0,1,fuzzers
UNS_adv_source_538,UNSW-NB15,Fuzzers,known,clean,adv_source,False,False,-0.6567894469653276,-1.7230419309240497,-1.888047316905567,-1.6329982705869572,-2.015742594047945,-1.7435676475403927,-2.674884827002709,1.9835124170285956,1.819466996885514,-1.8279148941509256,0.0,0.0,-1.653922302594811,0.0,-1.0263882148994588,0.0,-0.8009099181073703,1,fuzzers
UNS_adv_source_539,UNSW-NB15,Fuzzers,known,clean,adv_source,False,False,1.1456501450305792,1.8736789187858929,1.8628331415197956,2.6547500983951675,0.7548366006327752,3.2751972945705763,0.1249552701804346,0.099205255002528,0.7650885794155944,-0.2138671975497629,0.0,0.0,3.1759545588521103,0.0,-0.2288543171675465,0.0,0.0,1,fuzzers
UNS_adv_source_540,UNSW-NB15,Fuzzers,known,clean,adv_source,False,False,1.044513129967294,-0.102435973747594,0.1557785261095404,-0.1860411478064247,-0.1686897975941312,0.5211896872325446,-0.3358912247307118,-0.4016142161136051,-0.2384097137311567,-0.4411146674895039,0.0,0.0,1.2140989249750618,0.0,0.4803628502285522,0.0,0.0,1,fuzzers
UNS_adv_source_541,UNSW-NB15,Fuzzers,known,clean,adv_source,False,False,1.60973473505231,1.1659826790831327,1.450616383947684,1.6845060947045851,0.3659414104308224,2.656202233075381,-0.0660149554449228,-0.1921370179225574,0.4373894734561339,-0.3963683440121602,0.0,0.0,3.0890037297226653,0.0,0.1225361659569934,0.0,0.0,1,fuzzers
UNS_adv_source_542,UNSW-NB15,Fuzzers,known,clean,adv_source,False,False,0.4517789832864658,0.2256346227831552,-0.176227464375217,0.1593654250158457,0.1404306675880212,-0.2168136642876756,-0.0752384525452089,-0.1665991231427658,-0.3436130216383101,-0.1724912723781737,0.0,0.0,-0.5345116946644103,0.0,0.2058213656911078,0.0,0.0,1,fuzzers
UNS_adv_source_543,UNSW-NB15,Fuzzers,known,clean,adv_source,False,False,0.1765328541842327,-0.102435973747594,-0.3925173122114857,-0.1860411478064247,-0.1686897975941312,-0.4489000022944285,-0.3358912247307118,-0.1657949067832688,-0.3437364170121861,-0.2342713279873338,0.0,0.0,-0.5937290508038119,0.0,0.1883408471007888,0.0,0.0,1,fuzzers
UNS_adv_source_544,UNSW-NB15,Fuzzers,known,clean,adv_source,False,False,0.183722258607053,-0.1966718831246962,0.1176635459524093,-0.1860411478064247,-0.379952234002974,0.5175928808668142,-0.4463882960065087,-0.1973223810089371,0.0058691826614126,-0.3004851891596747,0.0,0.0,1.2125865698148166,0.0,0.1956355417137652,0.0,0.0,1,fuzzers
UNS_adv_source_545,UNSW-NB15,Fuzzers,known,clean,adv_source,False,False,0.9330392406492578,0.2256346227831552,-0.2014814425676167,0.1593654250158457,0.1404306675880212,-0.2614950609931565,-0.0752384525452089,-0.2919892472556294,-0.4898057459254358,-0.2805685259680095,0.0,0.0,-0.6204470824542231,0.0,0.3522068818247292,0.0,0.0,1,fuzzers
UNS_adv_source_546,UNSW-NB15,Fuzzers,known,clean,adv_source,False,False,-0.6567673737608144,-1.5466380238855426,-0.5421728195955416,-1.3126187775013796,-2.015742594047945,0.6376632172346846,-2.674884827002709,1.847981124901692,2.4621994489497263,-1.8279148941509256,0.0,0.0,2.3293990618038998,0.0,-1.023929931011868,0.0,-0.8009099181073703,1,fuzzers
UNS_adv_source_547,UNSW-NB15,Fuzzers,known,clean,adv_source,False,False,-0.0251540910673337,-0.1966718831246962,-0.4146476579554864,-0.1860411478064247,-0.379952234002974,-0.4242154905262854,-0.4463882960065087,-0.1131398435717078,-0.2516510586023427,-0.2290777402592111,0.0,0.0,-0.548914600388818,0.0,0.096971492316015,0.0,0.0,1,fuzzers
UNS_adv_source_548,UNSW-NB15,Fuzzers,known,clean,adv_source,False,False,0.2977115539453847,-0.102435973747594,-0.3925173122114857,-0.1860411478064247,-0.1686897975941312,-0.4489000022944285,-0.3358912247307118,-0.2075980297189918,-0.3865172617228301,-0.269937377398234,0.0,0.0,-0.5937290508038119,0.0,0.222744781375105,0.0,0.0,1,fuzzers
UNS_adv_source_549,UNSW-NB15,Fuzzers,known,clean,adv_source,False,False,-0.0337301645138356,0.0,-0.0790976615905375,0.0,-0.1686897975941312,-0.0649594811989248,-0.0406285108435143,-0.0536991675178174,-0.1125488614265536,-0.0156089054313796,0.0,0.0,-0.0004109980784352,0.0,0.0370289984619343,0.0,0.0,1,fuzzers
UNS_adv_source_550,UNSW-NB15,Fuzzers,known,clean,adv_source,False,False,0.1953318791739718,-0.1966718831246962,0.1176635459524093,-0.1860411478064247,-0.379952234002974,0.5175928808668142,-0.4463882960065087,-0.201475871256013,0.0016068730036696,-0.3040377090393884,0.0,0.0,1.2125865698148166,0.0,0.2078928873267929,0.0,0.0,1,fuzzers
UNS_adv_source_551,UNSW-NB15,Fuzzers,known,clean,adv_source,False,False,0.249977614834552,0.0752459204255246,-0.0524322465888997,0.0,0.0,-0.0401353535894851,-0.0019359551256338,-0.1426955618059344,-0.2168182820661647,-0.0854488697143539,0.0,0.0,0.0364597745480232,0.0,0.1758424185781374,0.0,0.0,1,fuzzers
UNS_adv_source_552,UNSW-NB15,Fuzzers,known,clean,adv_source,False,False,0.2867432341056607,0.0,-0.0506676334835989,0.0,-0.1686897975941312,-0.0115488563221841,-0.0460113222596132,-0.1783380484511446,-0.2190491790290848,-0.1231411135370007,0.0,0.0,0.1068537431850868,0.0,0.1679754213514319,0.0,0.0,1,fuzzers
UNS_adv_source_553,UNSW-NB15,Fuzzers,known,clean,adv_source,False,False,0.0297153379785535,-0.1966718831246962,-0.3226778789896585,-0.1860411478064247,-0.379952234002974,-0.2614950609931565,-0.4463882960065087,-0.1372571923853656,-0.2168354260007292,-0.24943002380392,0.0,0.0,-0.2435554082834392,0.0,0.1179319825885918,0.0,0.0,1,fuzzers
UNS_adv_source_554,UNSW-NB15,Fuzzers,known,clean,adv_source,False,False,0.0964559877154793,-0.1966718831246962,-0.4582048836813167,-0.1860411478064247,-0.379952234002974,-0.5012804846915104,-0.4463882960065087,-0.1645184854926318,-0.3321620610169508,-0.2725320559338725,0.0,0.0,-0.7007645404248664,0.0,0.1399190062833153,0.0,0.0,1,fuzzers
UNS_adv_source_555,UNSW-NB15,Fuzzers,known,clean,adv_source,False,False,0.1103865614189933,-0.1966718831246962,0.1943737278331807,-0.1860411478064247,-0.379952234002974,0.6533147874057158,-0.4463882960065087,-0.1699559956713159,0.083289857558868,-0.2771532927093144,0.0,0.0,1.4652401633528225,0.0,0.1428257295717538,0.0,0.0,1,fuzzers
UNS_adv_source_556,UNSW-NB15,Fuzzers,known,clean,adv_source,False,False,0.8059881877475866,1.139491562748491,1.4340026239375947,1.7216314718113184,0.2607255232653797,2.6570205160885862,-0.11830897814821,-0.0126320578832751,0.6190958150213135,-0.2730215424991712,0.0,0.0,3.049838406214517,0.0,-0.0988839986892928,0.0,0.0,1,fuzzers
UNS_adv_source_557,UNSW-NB15,Fuzzers,known,clean,adv_source,False,False,0.1240765680874484,-0.1966718831246962,0.0415514064868352,-0.1860411478064247,-0.379952234002974,0.3829290797161625,-0.4463882960065087,-0.1752214916218652,-0.0206151277386257,-0.281632809343782,0.0,0.0,0.9550659424164673,0.0,0.1771983212689916,0.0,0.0,1,fuzzers
UNS_adv_source_558,UNSW-NB15,Fuzzers,known,clean,adv_source,False,False,1.1248452670461917,0.3560422998289742,0.105435549198643,0.2987543829403037,0.2607255232653797,0.1386024236256789,0.172145155457084,-0.3015987650735138,-0.386712992122084,-0.1933792221019904,0.0,0.0,0.0383164227271881,0.0,0.3611416085471197,0.0,0.0,1,fuzzers
UNS_adv_source_559,UNSW-NB15,Fuzzers,known,clean,adv_source,False,False,1.012963376564335,0.1378865483078073,-0.2670466225812888,0.0,0.1404306675880212,-0.3774983217839182,-0.0752384525452089,-0.328722184673224,-0.5540587874683354,-0.2965444545859095,0.0,0.0,-0.6429078330818967,0.0,0.4242614569766996,0.0,0.0,1,fuzzers
UNS_adv_source_560,UNSW-NB15,Fuzzers,known,clean,adv_source,False,False,-0.6567835607450837,-1.7230419309240497,-0.9150840134848984,-1.6329982705869572,-2.015742594047945,-0.0221216635133079,-2.674884827002709,1.8597974145255705,2.3289341460551904,-1.8279148941509256,0.0,0.0,1.580961532560514,0.0,-1.0252929403372557,0.0,-0.8009099181073703,1,fuzzers
UNS_adv_source_561,UNSW-NB15,Fuzzers,known,clean,adv_source,False,False,-0.0097612194914631,-0.102435973747594,-0.286595818038728,-0.1860411478064247,-0.1686897975941312,-0.2614950609931565,-0.3358912247307118,-0.0907783345560968,-0.199435057907038,-0.1709226740764117,0.0,0.0,-0.2468717637824875,0.0,0.1045904361053414,0.0,0.0,1,fuzzers
UNS_adv_source_562,UNSW-NB15,Fuzzers,known,clean,adv_source,False,False,0.3951591387305059,-0.102435973747594,-0.4138085451725412,-0.1860411478064247,-0.1686897975941312,-0.4865701871276455,-0.3358912247307118,-0.2382999519086924,-0.432016258612571,-0.2963389443246397,0.0,0.0,-0.6812002939579518,0.0,0.2863341525833455,0.0,0.0,1,fuzzers
UNS_adv_source_563,UNSW-NB15,Fuzzers,known,clean,adv_source,False,False,-0.1392306378305627,-0.1966718831246962,-0.375721472025909,-0.1860411478064247,-0.379952234002974,-0.355344109451196,-0.4463882960065087,-0.0566954788851398,-0.1698980219778394,-0.1817130901912141,0.0,0.0,-0.4322476429051911,0.0,0.0388167825504393,0.0,0.0,1,fuzzers
UNS_adv_source_564,UNSW-NB15,Fuzzers,known,clean,adv_source,False,False,0.4993828332828222,0.0,-0.0947386445310634,0.0,-0.1686897975941312,-0.0907718897393889,-0.0438494608714437,-0.2435544790508583,-0.315197163183168,-0.1781691872489152,0.0,0.0,-0.0454876951770917,0.0,0.2681249677404553,0.0,0.0,1,fuzzers
UNS_adv_source_565,UNSW-NB15,Fuzzers,known,clean,adv_source,False,False,-0.6567909185240673,-1.7230419309240497,-0.7015212777497224,-1.6329982705869572,-2.015742594047945,0.3557309363500658,-2.674884827002709,2.0276683361549592,2.6305096365795144,-1.8279148941509256,0.0,0.0,2.293737855300194,0.0,-1.026662714004611,0.0,-0.8009099181073703,1,fuzzers
UNS_adv_source_566,UNSW-NB15,Fuzzers,known,clean,adv_source,False,False,0.1876959968012574,0.0,0.2928612379678126,0.0,-0.1686897975941312,0.7637275948579635,-0.3358912247307118,-0.144016961840131,0.0984324388771543,-0.2377099892651449,0.0,0.0,1.4500586755537237,0.0,0.135823824611731,0.0,0.0,1,fuzzers
UNS_adv_source_567,UNSW-NB15,Fuzzers,known,clean,adv_source,False,False,-0.2658443708804044,-0.1966718831246962,-0.0655021543812547,-0.1860411478064247,-0.379952234002974,0.1935211937411508,-0.4463882960065087,0.0203572207646487,0.1072260336761384,-0.1175388466625205,0.0,0.0,0.6049098113846663,0.0,-0.064986103896968,0.0,0.0,1,fuzzers
UNS_adv_source_568,UNSW-NB15,Fuzzers,known,clean,adv_source,False,False,4.900224982036932,-0.2526753864057105,-0.1157130466804305,1.0374374135838411,-2.015742594047945,1.392190608815469,-2.674884827002709,-0.7962003033128627,-0.6064004463058233,-1.8279148941509256,0.0,0.0,0.859677372244462,0.0,1.0344726427251734,0.0,-0.8395324420802127,1,fuzzers
UNS_adv_source_569,UNSW-NB15,Fuzzers,known,clean,adv_source,False,False,0.4720297049783194,-0.102435973747594,-0.0294200934303242,-0.1860411478064247,-0.1686897975941312,0.1935211937411508,-0.3358912247307118,-0.26101391241588,-0.2076263906378236,-0.3160017407224246,0.0,0.0,0.601593455885618,0.0,0.300689139287436,0.0,0.0,1,fuzzers
UNS_adv_source_570,UNSW-NB15,Fuzzers,known,clean,adv_source,False,False,-0.6567953332091162,-1.7230419309240497,-0.7270612683355435,-1.6329982705869572,-2.015742594047945,0.310543503204869,-2.674884827002709,2.249582492268487,2.83055209748678,-1.8279148941509256,0.0,0.0,2.208482888075305,0.0,-1.027487853116857,0.0,-0.8009099181073703,1,fuzzers
UNS_adv_source_571,UNSW-NB15,Fuzzers,known,clean,adv_source,False,False,1.7671788899016936,0.8422110545126282,1.2681168356914427,1.2791730753241926,0.1404306675880212,2.3983092019217964,-0.17852107669324,-0.3042513015675516,0.3098092988711587,-0.4827697897737667,0.0,0.0,3.057344812526556,0.0,0.2629193913895913,0.0,0.0,1,fuzzers
UNS_adv_source_572,UNSW-NB15,Fuzzers,known,clean,adv_source,False,False,-0.6567791460953519,-1.5466380238855426,-0.5424148971152394,-1.3126187775013796,-2.015742594047945,0.6372349139547542,-2.674884827002709,1.9641271426712932,2.575404522317468,-1.8279148941509256,0.0,0.0,2.3293990618038998,0.0,-1.025566351778613,0.0,-0.8009099181073703,1,fuzzers
UNS_adv_source_573,UNSW-NB15,Fuzzers,known,clean,adv_source,False,False,-0.6567820891937016,-1.7230419309240497,-0.7903334747828656,-1.6329982705869572,-2.015742594047945,0.1985971581512129,-2.674884827002709,1.8367146390176203,2.386905583265708,-1.8279148941509256,0.0,0.0,1.997288612358022,0.0,-1.0250197994663934,0.0,-0.8009099181073703,1,fuzzers
UNS_adv_source_574,UNSW-NB15,Fuzzers,known,clean,adv_source,False,False,0.3281531793196139,-0.1966718831246962,-0.3226778789896585,-0.1860411478064247,-0.379952234002974,-0.2614950609931565,-0.4463882960065087,-0.2460446557467797,-0.328331903929716,-0.3423696147222224,0.0,0.0,-0.2435554082834392,0.0,0.2613906760349928,0.0,0.0,1,fuzzers
UNS_adv_source_575,UNSW-NB15,Fuzzers,known,clean,adv_source,False,False,0.0324253615768992,0.0,-0.0697688382471725,0.0,-0.1686897975941312,-0.0377044186253946,-0.0592348430983809,-0.0831161247840324,-0.1322396923201327,-0.0492221902898584,0.0,0.0,0.0486770426415691,0.0,0.0791536600594266,0.0,0.0,1,fuzzers
UNS_adv_source_576,UNSW-NB15,Fuzzers,known,clean,adv_source,False,False,-0.0258938550429939,-0.1966718831246962,-0.0635870338826006,-0.1860411478064247,-0.379952234002974,0.1969095810315508,-0.4463882960065087,-0.1128028564010232,-0.0250296715856169,-0.2287938898986904,0.0,0.0,0.6049098113846663,0.0,0.1042281064824141,0.0,0.0,1,fuzzers
UNS_adv_source_577,UNSW-NB15,Fuzzers,known,clean,adv_source,False,False,-0.0429440044211367,-0.102435973747594,-0.4056787031150383,-0.1860411478064247,-0.1686897975941312,-0.4721862078845846,-0.3358912247307118,-0.07558116388517,-0.2609505690503382,-0.1581732853932841,0.0,0.0,-0.6366835130120551,0.0,0.0951108831909667,0.0,0.0,1,fuzzers
UNS_adv_source_578,UNSW-NB15,Fuzzers,known,clean,adv_source,False,False,0.007208957192345,-0.1966718831246962,-0.4498906061234717,-0.1860411478064247,-0.379952234002974,-0.4865701871276455,-0.4463882960065087,-0.1275672605078083,-0.2891645841769262,-0.241243714827866,0.0,0.0,-0.6778839384589035,0.0,0.0949058806641545,0.0,0.0,1,fuzzers
UNS_adv_source_579,UNSW-NB15,Fuzzers,known,clean,adv_source,False,False,-0.6567835607450837,-1.7230419309240497,-1.466838834788953,-1.6329982705869572,-2.015742594047945,-0.9983312676804512,-2.674884827002709,1.8597974145255705,1.972441285409698,-1.8279148941509256,0.0,0.0,-0.2579126796788257,0.0,-1.0252929403372557,0.0,-0.8009099181073703,1,fuzzers
UNS_adv_source_580,UNSW-NB15,Fuzzers,known,clean,adv_source,False,False,-0.2048009864826591,-0.1966718831246962,-0.4417607640659688,-0.1860411478064247,-0.379952234002974,-0.4721862078845846,-0.4463882960065087,-0.0191710584490416,-0.1748558716193969,-0.1503998511560457,0.0,0.0,-0.6333671575130067,0.0,-0.0227724834908378,0.0,0.0,1,fuzzers
UNS_adv_source_581,UNSW-NB15,Fuzzers,known,clean,adv_source,False,False,0.189149328337816,0.0752459204255246,0.3336116746443204,0.0,0.0,0.6406534451920207,0.001926591339939,-0.1212116174757991,0.0530450110171532,-0.0651723979386802,0.0,0.0,1.313086120751968,0.0,0.1505913488912428,0.0,0.0,1,fuzzers
UNS_adv_source_582,UNSW-NB15,Fuzzers,known,clean,adv_source,False,False,1.3353292308776556,-0.102435973747594,-0.4138085451725412,-0.1860411478064247,-0.1686897975941312,-0.4865701871276455,-0.3358912247307118,-0.4600281556315136,-0.6710422053331707,-0.4955877605148509,0.0,0.0,-0.6812002939579518,0.0,0.5619450365635266,0.0,0.0,1,fuzzers
UNS_adv_source_583,UNSW-NB15,Fuzzers,known,clean,adv_source,False,False,0.3193452992964835,0.0752459204255246,0.0056920517839682,0.0,0.0,0.0683783773103064,-0.0117594365513498,-0.1658724218368042,-0.2008114850489555,-0.1099693958197308,0.0,0.0,0.2330743374631276,0.0,0.1967246340928035,0.0,0.0,1,fuzzers
UNS_adv_source_584,UNSW-NB15,Fuzzers,known,clean,adv_source,False,False,0.0311295251789843,-0.1966718831246962,-0.3582395125253162,-0.1860411478064247,-0.379952234002974,-0.3244136017234979,-0.4463882960065087,-0.1378571536839463,-0.2403796673718495,-0.2499373082170978,0.0,0.0,-0.3602223657670661,0.0,0.1329525934696288,0.0,0.0,1,fuzzers
UNS_adv_source_585,UNSW-NB15,Fuzzers,known,clean,adv_source,False,False,4.649056608850901,0.4856150236277747,0.0727936583828492,0.5340804835085613,0.2607255232653797,0.244934804968758,-0.1118634979789388,-0.7702999047473112,-0.9872078623847464,-0.8686566160726776,0.0,0.0,-0.1403631763400757,0.0,1.0532952221428933,0.0,0.0,1,fuzzers
UNS_adv_source_586,UNSW-NB15,Fuzzers,known,clean,adv_source,False,False,0.7028934656026166,0.279293452581961,-0.1669436140148458,0.1593654250158457,0.2607255232653797,-0.2264801957241776,-0.0300763180459882,-0.2183223529838747,-0.4185867589834529,-0.2070362561952618,0.0,0.0,-0.5607314525391693,0.0,0.2884031751234701,0.0,0.0,1,fuzzers
UNS_adv_source_587,UNSW-NB15,Fuzzers,known,clean,adv_source,False,False,-0.0344568998971991,-0.1966718831246962,-0.3571740892416091,-0.1860411478064247,-0.379952234002974,-0.3225285680058042,-0.4463882960065087,-0.1088776227282707,-0.2102884718317847,-0.2254885925232597,0.0,0.0,-0.3602223657670661,0.0,1.4704803868085237,0.0,0.0,1,fuzzers
UNS_adv_source_588,UNSW-NB15,Fuzzers,known,clean,adv_source,False,False,0.154884554689515,0.3560422998289742,-0.1242513073277579,0.2987543829403037,0.2607255232653797,-0.1660795354073884,-0.0038813655030549,-0.0326709383385973,-0.2228431975988457,-0.051375441417889,0.0,0.0,-0.595811705547036,0.0,0.0520772798446552,0.0,0.0,1,fuzzers
UNS_adv_source_589,UNSW-NB15,Fuzzers,known,clean,adv_source,False,False,-0.0265524811862529,-0.102435973747594,-0.3407602234209373,-0.1860411478064247,-0.1686897975941312,-0.3573271420126662,-0.3358912247307118,-0.0831720533478129,-0.2268727225603697,-0.1645383935246376,0.0,0.0,-0.4355639984042395,0.0,0.1038795213087517,0.0,0.0,1,fuzzers
UNS_adv_source_590,UNSW-NB15,Fuzzers,known,clean,adv_source,False,False,1.9205629239672697,1.1659826790831327,1.4506486699530343,1.6845060947045851,0.3659414104308224,2.656259356107725,-0.0660149554449228,-0.2521152603768781,0.3755335627442809,-0.447920768692077,0.0,0.0,3.0890037297226653,0.0,0.1940796006619709,0.0,0.0,1,fuzzers
UNS_adv_source_591,UNSW-NB15,Fuzzers,known,clean,adv_source,False,False,-0.3254897824964324,-0.1966718831246962,-0.4285993731624162,-0.1860411478064247,-0.379952234002974,-0.4489000022944285,-0.4463882960065087,0.0647364769995853,-0.0828526870653496,-0.0807728703084119,0.0,0.0,-0.5904126953047635,0.0,-0.1096301184101142,0.0,0.0,1,fuzzers
UNS_adv_source_592,UNSW-NB15,Fuzzers,known,clean,adv_source,False,False,0.1723101914662378,-0.102435973747594,-0.4138085451725412,-0.1860411478064247,-0.1686897975941312,-0.4865701871276455,-0.3358912247307118,-0.1642533741973182,-0.3559965787852785,-0.2329616613683984,0.0,0.0,-0.6812002939579518,0.0,0.1876959002165526,0.0,0.0,1,fuzzers
UNS_adv_source_593,UNSW-NB15,Fuzzers,known,clean,adv_source,False,False,0.4910337932066556,-0.102435973747594,-0.4056787031150383,-0.1860411478064247,-0.1686897975941312,-0.4721862078845846,-0.3358912247307118,-0.2664475726445892,-0.4559245051029911,-0.320723504351295,0.0,0.0,-0.6366835130120551,0.0,0.3127847211503899,0.0,0.0,1,fuzzers
UNS_adv_source_594,UNSW-NB15,Fuzzers,known,clean,adv_source,False,False,-0.6567835607450837,-1.7230419309240497,-1.009205867092419,-1.6329982705869572,-2.015742594047945,-0.1886497189211688,-2.674884827002709,1.8597974145255705,2.268187465547796,-1.8279148941509256,0.0,0.0,1.2669346884706547,0.0,-1.0252929403372557,0.0,-0.8009099181073703,1,fuzzers
UNS_adv_source_595,UNSW-NB15,Fuzzers,known,clean,adv_source,False,False,0.5752540341694153,-0.102435973747594,-0.3651255615328787,-0.1860411478064247,-0.1686897975941312,-0.4004362842534901,-0.3358912247307118,-0.2897448602965372,-0.4544168061833108,-0.3410537108200626,0.0,0.0,-0.5120937022068909,0.0,1.46903332442586,0.0,0.0,1,fuzzers
UNS_adv_source_596,UNSW-NB15,Fuzzers,known,clean,adv_source,False,False,0.7808716375632159,0.2256346227831552,-0.1833735519028093,0.1593654250158457,0.1404306675880212,-0.2281053874075629,-0.0775780891278352,-0.2556066938478735,-0.439315472756949,-0.250116996380875,0.0,0.0,-0.5554365899277568,0.0,0.3120552947789852,0.0,0.0,1,fuzzers
UNS_adv_source_597,UNSW-NB15,Fuzzers,known,clean,adv_source,False,False,0.7921240344300817,-0.102435973747594,-0.4179421079897448,-0.1860411478064247,-0.1686897975941312,-0.4938836233963949,-0.3358912247307118,-0.3447278044716365,-0.5464308888228899,-0.3896623731947476,0.0,0.0,-0.6812002939579518,0.0,0.4102065021459318,0.0,0.0,1,fuzzers
UNS_adv_source_598,UNSW-NB15,Fuzzers,known,clean,adv_source,False,False,0.1231708552564233,0.0,-0.0721204369083544,0.0,-0.1686897975941312,-0.0437989291097752,-0.0558875798460627,-0.1199057169232929,-0.1715355328678887,-0.0785889567500006,0.0,0.0,0.0366673560277988,0.0,0.1094695325669781,0.0,0.0,1,fuzzers
UNS_adv_source_599,UNSW-NB15,Fuzzers,known,clean,adv_source,False,False,0.9541071920828932,-0.102435973747594,-0.2954158911816236,-0.1860411478064247,-0.1686897975941312,-0.2771002533342064,-0.3358912247307118,-0.3819868169901189,-0.507696958945318,-0.4232074387088433,0.0,0.0,-0.2790861641419259,0.0,0.458288190865885,0.0,0.0,1,fuzzers
UNS_adv_source_600,UNSW-NB15,Fuzzers,known,clean,adv_source,False,False,0.8124660730431154,0.7451896013879576,1.1844041854480585,1.102965617721098,0.1404306675880212,2.250197957574657,-0.17852107669324,-0.1280209824107626,0.4661120282598859,-0.3066683165567891,0.0,0.0,2.976704393534182,0.0,1.177302194245806,0.0,0.0,1,fuzzers
UNS_adv_source_601,UNSW-NB15,Fuzzers,known,clean,adv_source,False,False,0.0818748155548654,-0.1966718831246962,-0.0454210428982648,-0.1860411478064247,-0.379952234002974,0.2290503330166608,-0.4463882960065087,-0.1587379067659415,-0.0599296936113644,-0.2676242643303897,0.0,0.0,0.6669016178811813,0.0,0.1482827672609841,0.0,0.0,1,fuzzers
UNS_adv_source_602,UNSW-NB15,Fuzzers,known,clean,adv_source,False,False,0.2163657329809553,-0.102435973747594,0.013561292315209,-0.1860411478064247,-0.1686897975941312,0.2695673648757029,-0.3358912247307118,-0.1800378435502332,-0.0963985777621421,-0.2463899289268517,0.0,0.0,0.7440012896661774,0.0,0.2086508118462031,0.0,0.0,1,fuzzers
UNS_adv_source_603,UNSW-NB15,Fuzzers,known,clean,adv_source,False,False,-0.0269744636113803,0.2256346227831552,-0.1917458656154573,0.1593654250158457,0.1404306675880212,-0.2429183672671143,-0.0775780891278352,0.0080515825334991,-0.1774424333649362,-0.027195070640422,0.0,0.0,-0.5767254146020726,0.0,0.0041858353169666,0.0,0.0,1,fuzzers
UNS_adv_source_604,UNSW-NB15,Fuzzers,known,clean,adv_source,False,False,0.0023323185737838,-0.102435973747594,0.0524112124557462,-0.1860411478064247,-0.1686897975941312,0.3383038103002899,-0.3358912247307118,-0.096155060639688,0.0137915782646001,-0.1754394760491149,0.0,0.0,0.8715546917024042,0.0,0.1189078444019759,0.0,0.0,1,fuzzers
UNS_adv_source_605,UNSW-NB15,Fuzzers,known,clean,adv_source,False,False,-0.6567835607450837,-1.7230419309240497,-0.762815462677983,-1.6329982705869572,-2.015742594047945,0.2472842681992655,-2.674884827002709,1.8597974145255705,2.427180066724084,-1.8279148941509256,0.0,0.0,2.0891374250047985,0.0,-1.0252929403372557,0.0,-0.8009099181073703,1,fuzzers
UNS_adv_source_606,UNSW-NB15,Fuzzers,known,clean,adv_source,False,False,-0.022997292366088,-0.102435973747594,-0.0093389819473344,-0.1860411478064247,-0.1686897975941312,0.2290503330166608,-0.3358912247307118,-0.0847965554227476,-0.0146779386009217,-0.1659013683368127,0.0,0.0,0.6635852623821329,0.0,0.0900164153929679,0.0,0.0,1,fuzzers
UNS_adv_source_607,UNSW-NB15,Fuzzers,known,clean,adv_source,False,False,0.5660396549194122,0.7988484311867635,1.1028421694388866,1.102965617721098,0.2607255232653797,2.031221026944346,-0.0492762748265131,-0.0521674813356056,0.4524551554659867,-0.1853244643218538,0.0,0.0,2.588383951641206,0.0,-0.0156628160433814,0.0,0.0,1,fuzzers
UNS_adv_source_608,UNSW-NB15,Fuzzers,known,clean,adv_source,False,False,-0.1391550685754425,-0.1966718831246962,-0.4498906061234717,-0.1860411478064247,-0.379952234002974,-0.4865701871276455,-0.4463882960065087,-0.0567362648644215,-0.2177984376008568,-0.1817471859585104,0.0,0.0,-0.6778839384589035,0.0,0.0389240939192622,0.0,0.0,1,fuzzers
UNS_adv_source_609,UNSW-NB15,Fuzzers,known,clean,adv_source,False,False,0.4402681212520763,-0.0271900533220693,-0.0982796569690483,-0.1860411478064247,0.0,-0.2041451071751601,0.1415400205972259,-0.226402804398296,-0.3429494807162077,-0.0660049465300845,0.0,0.0,0.0063696178478047,0.0,0.302287153276108,0.0,0.0,1,fuzzers
UNS_adv_source_610,UNSW-NB15,Fuzzers,known,clean,adv_source,False,False,-0.3138549877851929,-0.1966718831246962,-0.4681494373999436,-0.1860411478064247,-0.379952234002974,-0.5188751997251464,-0.4463882960065087,0.0555411862425303,-0.1173878660935356,-0.0883807438099517,0.0,0.0,-0.7240809894898906,0.0,-0.0988782164052361,0.0,0.0,1,fuzzers
UNS_adv_source_611,UNSW-NB15,Fuzzers,known,clean,adv_source,False,False,3.773221345923167,-1.4098085233650608,-1.281432896629953,-1.0641131363744205,-2.015742594047945,-0.6702959691892496,-2.674884827002709,-0.8935017818210468,-1.2294474050917177,-1.8279148941509256,0.0,0.0,-0.4770814237611824,0.0,1.3923322925777462,0.0,-0.8009099181073703,1,fuzzers
UNS_adv_source_612,UNSW-NB15,Fuzzers,known,clean,adv_source,False,False,0.4770505017980584,0.0752459204255246,0.3381908805502653,0.0,0.0,0.6449014206998114,0.0085972110665393,-0.2142463736226438,-0.040332990292577,-0.1411458596325452,0.0,0.0,1.319662712029791,0.0,0.2604937723965683,0.0,0.0,1,fuzzers
UNS_adv_source_613,UNSW-NB15,Fuzzers,known,clean,adv_source,False,False,-0.4132090236979168,-0.1966718831246962,-0.2398309770015875,-0.1860411478064247,-0.379952234002974,-0.1149155690276832,-0.4463882960065087,0.1455250725396273,0.1189045999180841,-0.0141189494429689,0.0,0.0,0.0264058275333469,0.0,-0.2002692096897778,0.0,0.0,1,fuzzers
UNS_adv_source_614,UNSW-NB15,Fuzzers,known,clean,adv_source,False,False,-0.6567835607450837,-1.7230419309240497,-0.7985211884494949,-1.6329982705869572,-2.015742594047945,0.1841107877400887,-2.674884827002709,1.8597974145255705,2.4041448366982965,-1.8279148941509256,0.0,0.0,1.969960751680736,0.0,-1.0252929403372557,0.0,-0.8009099181073703,1,fuzzers
UNS_adv_source_615,UNSW-NB15,Fuzzers,known,clean,adv_source,False,False,0.4380019599053608,0.2397428421478857,-0.069372510817134,0.2987543829403037,0.0,0.0191729956656555,-0.1564681030326073,-0.1624801574891759,-0.2511648523848057,-0.2128673803557473,0.0,0.0,-0.2598487149156482,0.0,0.1524924122418525,0.0,0.0,1,fuzzers
UNS_adv_source_616,UNSW-NB15,Fuzzers,known,clean,adv_source,False,False,1.5870056286387428,-0.1966718831246962,-0.4146476579554864,-0.1860411478064247,-0.379952234002974,-0.4242154905262854,-0.4463882960065087,-0.530451830176856,-0.7011009442785088,-0.6036362988325167,0.0,0.0,-0.548914600388818,0.0,0.6193281790880039,0.0,0.0,1,fuzzers
UNS_adv_source_617,UNSW-NB15,Fuzzers,known,clean,adv_source,False,False,-0.1385299594724281,-0.1966718831246962,-0.3498016065707952,-0.1860411478064247,-0.379952234002974,-0.3094845707231085,-0.4463882960065087,-0.0570735269986329,-0.1536283419566979,-0.1820292055117485,0.0,0.0,-0.3428592864934268,0.0,0.0238028338262429,0.0,0.0,1,fuzzers
UNS_adv_source_618,UNSW-NB15,Fuzzers,known,clean,adv_source,False,False,0.0016777417065723,0.0,-0.0647290567418211,0.0,-0.1686897975941312,-0.0389187469619909,-0.0416992695071121,-0.0697490977933536,-0.1190416488713665,-0.0293422262426858,0.0,0.0,0.0552384286082738,0.0,0.0335018206686452,0.0,0.0,1,fuzzers
UNS_adv_source_619,UNSW-NB15,Fuzzers,known,clean,adv_source,False,False,-0.6567909185240673,-1.7230419309240497,-1.011811366346299,-1.6329982705869572,-2.015742594047945,-0.1932595805790629,-2.674884827002709,2.0276683361549592,2.4302948841600105,-1.8279148941509256,0.0,0.0,1.2582429840364324,0.0,-1.026662714004611,0.0,-0.8009099181073703,1,fuzzers
UNS_adv_source_620,UNSW-NB15,Fuzzers,known,clean,adv_source,False,False,0.1401212629398644,-0.102435973747594,-0.4138085451725412,-0.1860411478064247,-0.1686897975941312,-0.4865701871276455,-0.3358912247307118,-0.1522908756498041,-0.3438210072746916,-0.2228107181097233,0.0,0.0,-0.6812002939579518,0.0,0.1843596305550738,0.0,0.0,1,fuzzers
UNS_adv_source_621,UNSW-NB15,Fuzzers,known,clean,adv_source,False,False,-0.0713677572320751,-0.1966718831246962,-0.4498906061234717,-0.1860411478064247,-0.379952234002974,-0.4865701871276455,-0.4463882960065087,-0.0914158947246518,-0.2526551326189951,-0.2108068439993871,0.0,0.0,-0.6778839384589035,0.0,0.0657507851032429,0.0,0.0,1,fuzzers
UNS_adv_source_622,UNSW-NB15,Fuzzers,known,clean,adv_source,False,False,0.200704875867146,0.1629939949008725,-0.2193936343134893,0.1593654250158457,0.0,-0.2462566044580959,-0.1564681030326073,-0.104117153166753,-0.2714735486230051,-0.1471199181651621,0.0,0.0,-0.6010152591686123,0.0,0.1103287177939427,0.0,0.0,1,fuzzers
UNS_adv_source_623,UNSW-NB15,Fuzzers,known,clean,adv_source,False,False,0.7489774608881965,-0.102435973747594,-0.3297034165408826,-0.1860411478064247,-0.1686897975941312,-0.3377645380245035,-0.3358912247307118,-0.3342956340459106,-0.4786310704824729,-0.3803640918579517,0.0,0.0,-0.3990216858234151,0.0,0.4009829876636792,0.0,0.0,1,fuzzers
UNS_adv_source_624,UNSW-NB15,Fuzzers,known,clean,adv_source,False,False,-0.6567909185240673,-1.7230419309240497,-1.8349659994455372,-1.6329982705869572,-2.015742594047945,-1.6496518539568326,-2.674884827002709,2.0276683361549592,1.8971913205482385,-1.8279148941509256,0.0,0.0,-1.4787559134937382,0.0,-1.026662714004611,0.0,-0.8009099181073703,1,fuzzers
UNS_adv_source_625,UNSW-NB15,Fuzzers,known,clean,adv_source,False,False,0.6018585508550691,0.1629939949008725,-0.2193936343134893,0.1593654250158457,0.0,-0.2462566044580959,-0.1564681030326073,-0.2283478695524806,-0.3981693043487502,-0.2527507680563264,0.0,0.0,-0.6010152591686123,0.0,0.2565192863412812,0.0,0.0,1,fuzzers
UNS_adv_source_626,UNSW-NB15,Fuzzers,known,clean,adv_source,False,False,0.2032400832442979,0.0,0.3137663872735596,0.0,-0.1686897975941312,0.6376632172346846,-0.0536715964783843,-0.1496053982321076,0.0467976706131266,-0.1027542166660569,0.0,0.0,1.315525164972882,0.0,0.156845446780462,0.0,0.0,1,fuzzers
UNS_adv_source_627,UNSW-NB15,Fuzzers,known,clean,adv_source,False,False,0.4653204491421885,0.0752459204255246,-0.0528972340058648,0.0,0.0,-0.0352825628046327,-0.0117594365513498,-0.2108279911599395,-0.2847311560418047,-0.148344398538799,0.0,0.0,0.0327793945030511,0.0,0.2481240259171954,0.0,0.0,1,fuzzers
UNS_adv_source_628,UNSW-NB15,Fuzzers,known,clean,adv_source,False,False,0.2353842966938024,-0.102435973747594,-0.1864007742650784,-0.1860411478064247,-0.1686897975941312,-0.0842218225090595,-0.3358912247307118,-0.1866569451526908,-0.2321650243502976,-0.2520331335597776,0.0,0.0,0.0730587188542003,0.0,0.2071262399431894,0.0,0.0,1,fuzzers
UNS_adv_source_629,UNSW-NB15,Fuzzers,known,clean,adv_source,False,False,-0.6567850322979374,-1.7230419309240497,-1.7743738758886292,-1.6329982705869572,-2.015742594047945,-1.5424473300102446,-2.674884827002709,1.8853142411941757,1.7977730621668175,-1.8279148941509256,0.0,0.0,-1.2784609705336611,0.0,1.892219134901845,0.0,-0.8395324420802127,1,fuzzers
UNS_adv_source_630,UNSW-NB15,Fuzzers,known,clean,adv_source,False,False,0.8671538254518756,0.1378865483078073,-0.2946978395771464,0.0,0.1404306675880212,-0.4264211087828029,-0.0752384525452089,-0.2953119061922824,-0.5364539596263321,-0.2670602781268261,0.0,0.0,-0.7371140399378505,0.0,0.4092428081695096,0.0,0.0,1,fuzzers
UNS_adv_source_631,UNSW-NB15,Fuzzers,known,clean,adv_source,False,False,0.6321972136288684,-0.102435973747594,-0.382318244309384,-0.1860411478064247,-0.1686897975941312,-0.4308549800215775,-0.3358912247307118,-0.304831624826374,-0.4813144764557391,-0.3542981696845436,0.0,0.0,-0.5728041555404654,0.0,0.3623432271447371,0.0,0.0,1,fuzzers
UNS_adv_source_632,UNSW-NB15,Fuzzers,known,clean,adv_source,False,False,-0.1095924995492078,-0.1966718831246962,-0.0454210428982648,-0.1860411478064247,-0.379952234002974,0.2290503330166608,-0.4463882960065087,-0.0723135441716512,0.0274510744471808,-0.1947846993626245,0.0,0.0,0.6669016178811813,0.0,0.0435473611192937,0.0,0.0,1,fuzzers
UNS_adv_source_633,UNSW-NB15,Fuzzers,known,clean,adv_source,False,False,0.0653498003805232,0.2256346227831552,-0.2007183495334814,0.1593654250158457,0.1404306675880212,-0.2462566044580959,-0.0992772381250102,-0.0323139323647757,-0.2190504496556292,-0.0715336710074354,0.0,0.0,-0.6064046928273702,0.0,0.0463747765046025,0.0,0.0,1,fuzzers
UNS_adv_source_634,UNSW-NB15,Fuzzers,known,clean,adv_source,False,False,0.98206139413096,0.0752459204255246,-0.0707116677767995,0.0,0.0,-0.0662259877387255,-0.0127552420274813,-0.3419683775520594,-0.4334097049423117,-0.2631383012868578,0.0,0.0,-0.0228700321836579,0.0,0.4157332576929459,0.0,0.0,1,fuzzers
UNS_adv_source_635,UNSW-NB15,Fuzzers,known,clean,adv_source,False,False,0.0361369664718572,-0.1966718831246962,-0.4498906061234717,-0.1860411478064247,-0.379952234002974,-0.4865701871276455,-0.4463882960065087,-0.1399733562752773,-0.3017396603044487,-0.2517270014089866,0.0,0.0,-0.6778839384589035,0.0,0.1358626833735208,0.0,0.0,1,fuzzers
UNS_adv_source_636,UNSW-NB15,Fuzzers,known,clean,adv_source,False,False,0.0148783678921193,-0.102435973747594,-0.286595818038728,-0.1860411478064247,-0.1686897975941312,-0.2614950609931565,-0.3358912247307118,-0.1016468713933349,-0.2103907052474574,-0.1800563821123976,0.0,0.0,-0.2468717637824875,0.0,0.1247938097635633,0.0,0.0,1,fuzzers
UNS_adv_source_637,UNSW-NB15,Fuzzers,known,clean,adv_source,False,False,0.454167229104638,0.0752459204255246,-0.0560045945828903,0.0,0.0,-0.0413542470728871,-0.0107661143832226,-0.2075530680994657,-0.283536713583023,-0.1449902348364458,0.0,0.0,0.0327793945030511,0.0,0.25252679076816,0.0,0.0,1,fuzzers
UNS_adv_source_638,UNSW-NB15,Fuzzers,known,clean,adv_source,False,False,0.3262409996318188,-0.102435973747594,-0.4452629943528384,-0.1860411478064247,-0.1686897975941312,-0.5422219625140763,-0.3358912247307118,-0.21682837469243,-0.4303554693610849,-0.2778549720815547,0.0,0.0,-0.7754065008139057,0.0,0.2473201269283222,0.0,0.0,1,fuzzers
UNS_adv_source_639,UNSW-NB15,Fuzzers,known,clean,adv_source,False,False,0.3227745002470458,0.1644969217223608,0.5393235019491388,0.2987543829403037,-0.1686897975941312,1.0367372499982144,-0.0536715964783843,-0.1458619722936669,0.1562054221324414,-0.1372194834207682,0.0,0.0,1.7162838353522198,0.0,0.1128225680849227,0.0,0.0,1,fuzzers
UNS_adv_source_640,UNSW-NB15,Fuzzers,known,clean,adv_source,False,False,0.2317812258684837,0.0752459204255246,0.3370184466163474,0.0,0.0,0.6406534451920207,0.0123594301382933,-0.1363898027210303,0.0376704817396325,-0.0730358937861131,0.0,0.0,1.3166365928241288,0.0,0.1409930246093737,0.0,0.0,1,fuzzers
UNS_adv_source_641,UNSW-NB15,Fuzzers,known,clean,adv_source,False,False,-0.2076059724998055,-0.1966718831246962,-0.4417607640659688,-0.1860411478064247,-0.379952234002974,-0.4721862078845846,-0.4463882960065087,-0.0174616649394054,-0.1731483913853649,-0.1489762875563547,0.0,0.0,-0.6333671575130067,0.0,-0.0228383664627296,0.0,0.0,1,fuzzers
UNS_adv_source_642,UNSW-NB15,Fuzzers,known,clean,adv_source,False,False,0.3098093040725337,0.0,0.1774559744610324,0.0,-0.1686897975941312,0.3816594735499602,-0.0279990148607084,-0.1859245999989193,-0.0835898601609684,-0.1209185956908836,0.0,0.0,0.8456570588795553,0.0,0.1822836382802278,0.0,0.0,1,fuzzers
UNS_adv_source_643,UNSW-NB15,Fuzzers,known,clean,adv_source,False,False,0.6183012265241468,0.9515111724337716,1.3345459876243957,1.4776806762138135,0.1404306675880212,2.515841072255722,-0.17852107669324,-0.013125507679844,0.6164669151600116,-0.2637699854079864,0.0,0.0,3.0562752829130506,0.0,-0.0862515448680393,0.0,0.0,1,fuzzers
UNS_adv_source_644,UNSW-NB15,Fuzzers,known,clean,adv_source,False,False,-0.3495835307157088,-0.1966718831246962,-0.0655021543812547,-0.1860411478064247,-0.379952234002974,0.1935211937411508,-0.4463882960065087,0.0847535086822656,0.1711711763604987,-0.0642278721746121,0.0,0.0,0.6049098113846663,0.0,-0.1318324076989951,0.0,0.0,1,fuzzers
UNS_adv_source_645,UNSW-NB15,Fuzzers,known,clean,adv_source,False,False,0.1612360728911436,-0.102435973747594,0.1537456069033398,-0.1860411478064247,-0.1686897975941312,0.5175928808668142,-0.3358912247307118,-0.1601806282908982,0.0142505648566298,-0.229503246015941,0.0,0.0,1.209270214315768,0.0,0.1935936329478812,0.0,0.0,1,fuzzers
UNS_adv_source_646,UNSW-NB15,Fuzzers,known,clean,adv_source,False,False,0.2528934259405915,0.1629939949008725,-0.2193936343134893,0.1593654250158457,0.0,-0.2462566044580959,-0.1564681030326073,-0.1224903561171449,-0.2900385170685655,-0.1625984616081911,0.0,0.0,-0.6010152591686123,0.0,0.1150656705104154,0.0,0.0,1,fuzzers
UNS_adv_source_647,UNSW-NB15,Fuzzers,known,clean,adv_source,False,False,-0.0827734282246411,-0.1966718831246962,-0.4351209927701902,-0.1860411478064247,-0.379952234002974,-0.4604385832909421,-0.4463882960065087,-0.0858306313924201,-0.2374056744179087,-0.2061181240629851,0.0,0.0,-0.6117015199790793,0.0,0.0641559289990587,0.0,0.0,1,fuzzers
UNS_adv_source_648,UNSW-NB15,Fuzzers,known,clean,adv_source,False,False,1.811073927670105,2.4207872261067944,2.389735183138685,2.5728265437524054,2.0824943098918585,3.1047358241623435,2.033576165512806,0.0652898273787967,0.5626895606504472,0.619610000961358,0.0,0.0,3.4226678303915348,0.0,-0.0469263746592765,0.0,0.0,1,fuzzers
UNS_adv_source_649,UNSW-NB15,Fuzzers,known,clean,adv_source,False,False,0.0211375016663309,-0.102435973747594,-0.0792182695715085,-0.1860411478064247,-0.1686897975941312,0.1054142013923846,-0.3358912247307118,-0.1043549007308552,-0.0794647355288697,-0.1823342770508689,0.0,0.0,0.4313087345298649,0.0,0.1284199628006302,0.0,0.0,1,fuzzers
UNS_adv_source_650,UNSW-NB15,Fuzzers,known,clean,adv_source,False,False,0.1177683080029578,-0.1966718831246962,-0.0703342000019973,-0.1860411478064247,-0.379952234002974,0.184971944762059,-0.4463882960065087,-0.1728046316426253,-0.0902680856258492,-0.2795761602389054,0.0,0.0,0.5889085826851514,0.0,0.1352742350138893,0.0,0.0,1,fuzzers
UNS_adv_source_651,UNSW-NB15,Fuzzers,known,clean,adv_source,False,False,-0.3233823368279182,-0.1966718831246962,-0.4498906061234717,-0.1860411478064247,-0.379952234002974,-0.4865701871276455,-0.4463882960065087,0.0630493644474242,-0.0983592771679665,-0.0821683639670833,0.0,0.0,-0.6778839384589035,0.0,-0.0972172578514036,0.0,0.0,1,fuzzers
UNS_adv_source_652,UNSW-NB15,Fuzzers,known,clean,adv_source,False,False,-0.0672117703947771,-0.102435973747594,-0.3925173122114857,-0.1860411478064247,-0.1686897975941312,-0.4489000022944285,-0.3358912247307118,-0.0640229459546908,-0.2408502905345831,-0.1484930017862149,0.0,0.0,-0.5937290508038119,0.0,0.0731558916842925,0.0,0.0,1,fuzzers
UNS_adv_source_653,UNSW-NB15,Fuzzers,known,clean,adv_source,False,False,-0.0860567677539973,0.0,-0.0674585759470957,0.0,-0.1686897975941312,-0.0316666548724844,-0.0626104733265503,-0.0285209045029516,-0.0750800612308198,-0.0054759456385082,0.0,0.0,0.0605169700519771,0.0,-0.0087235942600218,0.0,0.0,1,fuzzers
UNS_adv_source_654,UNSW-NB15,Fuzzers,known,clean,adv_source,False,False,0.1778219973364573,0.3023834700301683,-0.1305429566000673,0.2987543829403037,0.1404306675880212,-0.1399930668882577,-0.0683008841463178,-0.0581075150547349,-0.2221396938871901,-0.0928038407126107,0.0,0.0,-0.5528572433387927,0.0,0.0502327743178814,0.0,0.0,1,fuzzers
UNS_adv_source_655,UNSW-NB15,Fuzzers,known,clean,adv_source,False,False,-0.1088287186783505,-0.1966718831246962,-0.481345055303769,-0.1860411478064247,-0.379952234002974,-0.5422219625140763,-0.4463882960065087,-0.0727062867911544,-0.2543447876058116,-0.1951137268438361,0.0,0.0,-0.7720901453148572,0.0,0.0578309349093304,0.0,0.0,1,fuzzers
UNS_adv_source_656,UNSW-NB15,Fuzzers,known,clean,adv_source,False,False,-0.0142018679514095,-0.102435973747594,-0.3340861934500684,-0.1860411478064247,-0.1686897975941312,-0.3455189041785808,-0.3358912247307118,-0.0887829783610092,-0.2281341890839404,-0.1692472744459097,0.0,0.0,-0.4171564851382406,0.0,0.1103695290331727,0.0,0.0,1,fuzzers
UNS_adv_source_657,UNSW-NB15,Fuzzers,known,clean,adv_source,False,False,0.297700014781838,0.2256346227831552,-0.1816909993605417,0.1593654250158457,0.1404306675880212,-0.2264801957241776,-0.0752384525452089,-0.1181736062189002,-0.2982513454301978,-0.1315053475280295,0.0,0.0,-0.5554365899277568,0.0,0.1493676713490417,0.0,0.0,1,fuzzers
UNS_adv_source_658,UNSW-NB15,Fuzzers,known,clean,adv_source,False,False,0.2026099732779457,0.279293452581961,-0.1620779671682404,0.1593654250158457,0.2607255232653797,-0.233005545301724,-0.0038813655030549,-0.067168932542572,-0.2672872623055291,-0.0661262170738627,0.0,0.0,-0.5741460680131085,0.0,0.1111591220050718,0.0,0.0,1,fuzzers
UNS_adv_source_659,UNSW-NB15,Fuzzers,known,clean,adv_source,False,False,0.6417404202500693,0.2256346227831552,-0.2203571629599867,0.1593654250158457,0.1404306675880212,-0.2948915240980087,-0.0752384525452089,-0.2199449925121142,-0.4269324704757315,-0.2180729310841449,0.0,0.0,-0.6891048841128838,0.0,0.2692843786621129,0.0,0.0,1,fuzzers
UNS_adv_source_660,UNSW-NB15,Fuzzers,known,clean,adv_source,False,False,0.2592708898682409,-0.102435973747594,-0.3351901260663034,-0.1860411478064247,-0.1686897975941312,-0.347472071746333,-0.3358912247307118,-0.1948143110716269,-0.3365806953153863,-0.2589981992417707,0.0,0.0,-0.4171564851382406,0.0,0.2181801056676531,0.0,0.0,1,fuzzers
UNS_adv_source_661,UNSW-NB15,Fuzzers,known,clean,adv_source,False,False,0.3308174887971544,0.7713638012301027,1.1124066188156512,0.967811106645419,0.3659414104308224,2.012533402433827,0.0123594301382933,0.009305560787409,0.5163997477382947,-0.0931083644862962,0.0,0.0,2.708598431808506,0.0,-0.0548864168289408,0.0,0.0,1,fuzzers
UNS_adv_source_662,UNSW-NB15,Fuzzers,known,clean,adv_source,False,False,-0.6567879754080592,-1.7230419309240497,-1.0040497864890727,-1.6329982705869572,-2.015742594047945,-0.1795271608383039,-2.674884827002709,1.9461791744139456,2.3557972120108865,-1.8279148941509256,0.0,0.0,1.2841351105698096,0.0,-1.0261139885207349,0.0,-0.8009099181073703,1,fuzzers
UNS_adv_source_663,UNSW-NB15,Fuzzers,known,clean,adv_source,False,False,-0.2872805427056646,0.0,-0.0892145652237148,0.0,-0.1686897975941312,-0.0816202096221779,-0.0427729143161504,0.0918521972821096,0.0262802042118131,0.1043353775113425,0.0,0.0,-0.0292141285159157,0.0,-0.1308897550008894,0.0,0.0,1,fuzzers
UNS_adv_source_664,UNSW-NB15,Fuzzers,known,clean,adv_source,False,False,0.3340384768748054,-0.1966718831246962,-0.3226778789896585,-0.1860411478064247,-0.379952234002974,-0.2614950609931565,-0.4463882960065087,-0.2479067882772285,-0.3302643041145908,-0.3439802735148701,0.0,0.0,-0.2435554082834392,0.0,0.2374540568801514,0.0,0.0,1,fuzzers
UNS_adv_source_665,UNSW-NB15,Generic,known,clean,adv_source,False,False,-0.0234450490962193,-0.102435973747594,-0.3741290220074509,-0.1860411478064247,-0.1686897975941312,-0.4511913514709689,-0.2756132373203881,-0.0845923962542871,-0.2624531743158844,-0.1357279594873046,0.0,0.0,-0.590328142439617,0.0,0.1055216880848953,0.0,0.0,1,generic
UNS_adv_source_666,UNSW-NB15,Generic,known,clean,adv_source,False,False,0.0772005013221384,1.416313425243965,0.8686272388991251,0.8139588521935753,2.0017317704757933,0.3911214771651124,2.0722543312597423,0.3800896061465459,0.016734041634672,1.014105058799909,0.0,0.0,0.3192216140332044,0.0,-0.1197024855028879,0.0,0.0,1,generic
UNS_adv_source_667,UNSW-NB15,Generic,known,clean,adv_source,False,False,0.012525245831929,0.0891094043590191,0.4764290624297867,-0.1860411478064247,0.2607255232653797,0.323182907755927,0.9887858085305512,-0.0294936105926242,0.0037193070228936,0.4880886830029918,0.0,0.0,1.2546430955959835,0.0,0.1240892542645027,0.0,0.0,1,generic
UNS_adv_source_668,UNSW-NB15,Generic,known,clean,adv_source,False,False,-0.656780617643791,-1.7230419309240497,-0.8343062100567767,-1.6329982705869572,-2.015742594047945,0.1207970106247523,-2.674884827002709,1.8156417376756155,2.3379747345589155,-1.8279148941509256,0.0,0.0,1.8505271505143464,0.0,-1.0247469286310384,0.0,-0.8009099181073703,1,generic
UNS_adv_source_669,UNSW-NB15,Generic,known,clean,adv_source,False,False,-0.6567791460953519,-1.7230419309240497,-1.7410322323409115,-1.6329982705869572,-2.015742594047945,-1.4834565765210903,-2.674884827002709,1.7962565844076983,1.7325744036611517,-1.8279148941509256,0.0,0.0,-1.1681091254135585,0.0,-1.024474327297787,0.0,-0.8009099181073703,1,generic
UNS_adv_source_670,UNSW-NB15,Generic,known,clean,adv_source,False,False,-0.2703880173833412,0.4119490026246311,0.5582197202195271,0.0,0.7548366006327752,0.2322585084770387,1.3966376911833456,0.2393362410204725,0.128726308565781,0.8250190287904502,0.0,0.0,0.9258686575950784,0.0,-0.1053923584039033,0.0,0.0,1,generic
UNS_adv_source_671,UNSW-NB15,Generic,known,clean,adv_source,False,False,-0.1336046230796228,-0.1966718831246962,-0.0752308039183283,-0.1860411478064247,-0.379952234002974,0.1763084739841742,-0.4463882960065087,-0.059718567019304,0.0209409617579314,-0.18424138763447,0.0,0.0,0.5726954110252279,0.0,0.0429547564249471,0.0,0.0,1,generic
UNS_adv_source_672,UNSW-NB15,Generic,known,clean,adv_source,False,False,-0.6567894469653276,-1.7230419309240497,-1.1398673322925763,-1.6329982705869572,-2.015742594047945,-0.4198266335541516,-2.674884827002709,1.9835124170285956,2.3045331327282224,-1.8279148941509256,0.0,0.0,0.83116181999808,0.0,-1.0263882148994588,0.0,-0.8009099181073703,1,generic
UNS_adv_source_673,UNSW-NB15,Generic,known,clean,adv_source,False,False,-0.0550200415091658,0.4711774917600823,0.1510564082168154,0.4226217212524879,0.3659414104308224,0.1160289660376422,0.3509252191444889,0.0873503543925511,-0.0294905000600018,0.2002281775617658,0.0,0.0,-0.1087179757555348,0.0,-0.0827450039578387,0.0,0.0,1,generic
UNS_adv_source_674,UNSW-NB15,Generic,known,clean,adv_source,False,False,-0.3124405651443221,0.3830907562132266,0.4148716732863079,0.0,0.690140844124891,-0.0115488563221841,1.3796480942519842,0.257245950286459,0.070713410244688,0.841592062030891,0.0,0.0,0.4794804281821985,0.0,-0.1399486702211466,0.0,0.0,1,generic
UNS_adv_source_675,UNSW-NB15,Generic,known,clean,adv_source,False,False,3.730272810162898,2.48730653362096,1.2627184356878791,1.981037606289093,2.96211360337525,0.8119466410270012,2.550721940996568,-0.1500093911674624,-0.6187990505333255,0.5889302830355423,0.0,0.0,-0.1918899702592374,0.0,0.4964743295877105,0.0,0.0,1,generic
UNS_adv_source_676,UNSW-NB15,Generic,known,clean,adv_source,False,False,1.193242941265711,1.4340358357422074,0.8982654171925158,0.8935397119319154,1.94322956475772,0.4610999879223962,2.0418946104951843,0.0440525383367506,-0.2780597487291156,0.731341743292874,0.0,0.0,0.3482453109982464,0.0,0.2264427814517753,0.0,0.0,1,generic
UNS_adv_source_677,UNSW-NB15,Generic,known,clean,adv_source,False,False,3.178633320959806,3.3606803433682693,1.6604918077235324,2.8695788440330205,3.823284831187316,1.2733350918297222,2.97025631984866,0.1798850533971037,-0.3545960911000701,0.875494388961028,0.0,0.0,-0.309187552419266,0.0,0.1645739108633836,0.0,0.0,1,generic
UNS_adv_source_678,UNSW-NB15,Generic,known,clean,adv_source,False,False,0.1821270910980951,0.4387441233825849,0.4589167498245472,0.0,0.8149071462730976,0.0399514541504025,1.4253910245480446,0.0272915157661723,-0.1633431663255488,0.6546769984696851,0.0,0.0,0.5613783067721171,0.0,0.1479411468373118,0.0,0.0,1,generic
UNS_adv_source_679,UNSW-NB15,Generic,known,clean,adv_source,False,False,1.0287902718833744,0.7186945752818655,0.7996960078074805,0.728250559228382,0.5435741642239326,1.2974596889232586,0.2924139908033769,-0.1904888571801646,0.0630461229339527,-0.1107974340043852,0.0,0.0,1.7060088309168064,0.0,0.2265645388053226,0.0,0.0,1,generic
UNS_adv_source_680,UNSW-NB15,Generic,known,clean,adv_source,False,False,0.6658919025659995,0.279293452581961,0.3694566690493578,0.1593654250158457,0.2607255232653797,0.3649243217199643,0.5889467898942391,-0.2086710408277118,-0.1930014924654315,0.1074689871662176,0.0,0.0,0.774958783667593,0.0,0.2767234870277362,0.0,0.0,1,generic
UNS_adv_source_681,UNSW-NB15,Generic,known,clean,adv_source,False,False,0.0084314483322404,-0.102435973747594,0.0940404004592597,-0.1860411478064247,-0.1686897975941312,0.1523219299251959,0.1135022768279688,-0.0988355971299082,-0.0567948271771749,0.0447816654607804,0.0,0.0,0.6884936862874984,0.0,0.1220156046172583,0.0,0.0,1,generic
UNS_adv_source_682,UNSW-NB15,Generic,known,clean,adv_source,False,False,0.0244108826705829,1.1360420961167057,0.8148781244629429,0.5340804835085613,1.7188831295172406,0.3848288402807606,1.9185456722148289,0.3236785354347995,0.0337876054002915,0.9559130009728736,0.0,0.0,0.6182462020540243,0.0,-0.0716031981574258,0.0,0.0,1,generic
UNS_adv_source_683,UNSW-NB15,Generic,known,clean,adv_source,False,False,0.2911867394899095,0.7186945752818655,0.7797940901517063,0.728250559228382,0.5435741642239326,1.273495718816483,0.272945036754156,0.0117777515956252,0.2582434756350688,0.0495747235427444,0.0,0.0,1.652575331249325,0.0,-0.0076454800469945,0.0,0.0,1,generic
UNS_adv_source_684,UNSW-NB15,Generic,known,clean,adv_source,False,False,-0.4514978150432194,0.0702610123452586,0.6507573374352815,0.2987543829403037,-0.379952234002974,1.460785869987382,-0.4463882960065087,0.2704930885764286,0.7463179558458171,0.0221992154862538,0.0,0.0,2.4138013040372943,0.0,-0.3934603263174172,0.0,0.0,1,generic
UNS_adv_source_685,UNSW-NB15,Generic,known,clean,adv_source,False,False,-0.6567835607450837,-1.7230419309240497,-0.8004745860196387,-1.6329982705869572,-2.015742594047945,0.1806546775347911,-2.674884827002709,1.8597974145255705,2.402884577947225,-1.8279148941509256,0.0,0.0,1.9634410208760107,0.0,-1.0252929403372557,0.0,-0.8009099181073703,1,generic
UNS_adv_source_686,UNSW-NB15,Generic,known,clean,adv_source,False,False,1.2713446461572624,1.5483291147216784,0.8684785407822241,0.967811106645419,2.107778319719193,0.3623109130752869,2.121666076934482,0.0679401226046341,-0.3308701099816103,0.7566585079303007,0.0,0.0,0.0865885170482412,0.0,0.2268849214949403,0.0,0.0,1,generic
UNS_adv_source_687,UNSW-NB15,Generic,known,clean,adv_source,False,False,0.4931787126703174,-1.3110929282994186,0.000706334837108,-1.6329982705869572,-1.092216195821038,0.0975837528246705,-0.0775780891278352,-0.6228678184061811,-0.387879809853096,-0.3036416361998223,0.0,0.0,2.686258845462983,0.0,-1.0252929403372557,0.0,-0.7453209211170995,1,generic
UNS_adv_source_688,UNSW-NB15,Generic,known,clean,adv_source,False,False,0.0075715949883643,-0.102435973747594,0.0640796579068346,-0.1860411478064247,-0.1686897975941312,0.0611272506418908,0.1795964464690712,-0.0984589510979408,-0.0896218975927161,0.0779468336923475,0.0,0.0,0.5404097312674755,0.0,0.1215211865073594,0.0,0.0,1,generic
UNS_adv_source_689,UNSW-NB15,Generic,known,clean,adv_source,False,False,-0.0628581225740777,0.3693155659466862,0.8601889188903781,0.5340804835085613,0.0,1.6549142763228932,-0.1410382097178986,0.0603580806030678,0.5365471348442047,-0.0479776993445666,0.0,0.0,2.543882692774128,0.0,-0.1253091113516164,0.0,0.0,1,generic
UNS_adv_source_690,UNSW-NB15,Generic,known,clean,adv_source,False,False,1.163056067751554,1.907965279875932,1.0660469705602078,1.2791730753241926,2.529687966122451,0.5942842278274942,2.3251823341476587,0.204975000437504,-0.2200714459632664,0.8780479837073331,0.0,0.0,0.1755202788970108,0.0,0.1184248249867098,0.0,0.0,1,generic
UNS_adv_source_691,UNSW-NB15,Generic,known,clean,adv_source,False,False,-0.2657225263771587,-0.102435973747594,0.1445390340033509,-0.1860411478064247,-0.1686897975941312,0.0334614802878614,0.4738794661132908,0.0500186556336796,0.0487151987942841,0.3473108319458177,0.0,0.0,0.6013727248264115,0.0,-0.0481241810183652,0.0,0.0,1,generic
UNS_adv_source_692,UNSW-NB15,Generic,known,clean,adv_source,False,False,0.1150543526322487,0.1915453781066131,0.4789294052061987,0.0,0.2607255232653797,0.3557309363500658,0.9401066622453508,-0.0523399108789361,-0.0226689107382771,0.4285023664497998,0.0,0.0,1.0756048423433502,0.0,0.118525490178817,0.0,0.0,1,generic
UNS_adv_source_693,UNSW-NB15,Generic,known,clean,adv_source,False,False,-0.6567909185240673,-1.7230419309240497,-1.8188532794431165,-1.6329982705869572,-2.015742594047945,-1.6211439163579489,-2.674884827002709,2.0276683361549592,1.907695181042993,-1.8279148941509256,0.0,0.0,-1.4255268070513845,0.0,-1.026662714004611,0.0,-0.8009099181073703,1,generic
UNS_adv_source_694,UNSW-NB15,Generic,known,clean,adv_source,False,False,0.0402727271791056,-0.0271900533220693,-0.0359967104568888,-0.1860411478064247,0.0,-0.0687664460017744,0.0979524182051768,-0.0864487779126249,-0.1510523558442249,0.0312100721036304,0.0,0.0,0.2385183508570642,0.0,0.1378931357129803,0.0,0.0,1,generic
UNS_adv_source_695,UNSW-NB15,Generic,known,clean,adv_source,False,False,-0.6567835607450837,-1.7230419309240497,-0.830035159811261,-1.6329982705869572,-2.015742594047945,0.1283537008584662,-2.674884827002709,1.8597974145255705,2.3838126437615763,-1.8279148941509256,0.0,0.0,1.864781478285472,0.0,-1.0252929403372557,0.0,-0.8009099181073703,1,generic
UNS_adv_source_696,UNSW-NB15,Generic,known,clean,adv_source,False,False,0.7262610273238005,0.3693155659466862,0.8507094044673535,0.5340804835085613,0.0,1.692595314795249,-0.235288793537774,-0.2079316579938269,0.2801637631134065,-0.3198651046617123,0.0,0.0,2.5814053706029165,0.0,0.1671308424453127,0.0,0.0,1,generic
UNS_adv_source_697,UNSW-NB15,Generic,known,clean,adv_source,False,False,-0.6567703168356197,-1.7230419309240497,-1.7410322323409115,-1.6329982705869572,-2.015742594047945,-1.4834565765210903,-2.674884827002709,1.704350101881717,1.6429017982720715,-1.8279148941509256,0.0,0.0,-1.1681091254135585,0.0,-1.0228443491700074,0.0,-0.8009099181073703,1,generic
UNS_adv_source_698,UNSW-NB15,Generic,known,clean,adv_source,False,False,0.1710581300228527,-0.102435973747594,0.1502341515253981,-0.1860411478064247,-0.1686897975941312,0.5113801277884641,-0.3358912247307118,-0.163795096723163,0.0082624289264607,-0.2325723770294057,0.0,0.0,1.1946687302682453,0.0,0.197873465617976,0.0,0.0,1,generic
UNS_adv_source_699,UNSW-NB15,Generic,known,clean,adv_source,False,False,-0.0842955001677876,-0.102435973747594,0.0929230988070917,-0.1860411478064247,-0.1686897975941312,0.0334614802878614,0.3158117305118165,-0.0556422583515119,-0.056696883201526,0.1812266653635107,0.0,0.0,0.541738184191658,0.0,0.0721410295387549,0.0,0.0,1,generic
UNS_adv_source_700,UNSW-NB15,Generic,known,clean,adv_source,False,False,-0.1909093100810203,0.0891094043590191,0.3424079988418257,-0.1860411478064247,0.2607255232653797,0.0642448102152791,1.026548215256939,0.0739707450146741,0.0122385879727491,0.5926493283410714,0.0,0.0,0.7856095239218672,0.0,0.0052800608363378,0.0,0.0,1,generic
UNS_adv_source_701,UNSW-NB15,Generic,known,clean,adv_source,False,False,-0.1336376241411135,-0.102435973747594,0.0873028858968885,-0.1860411478064247,-0.1686897975941312,0.0474418971669693,0.2744023139271503,-0.030177650836566,-0.025967284108903,0.1819390447445293,0.0,0.0,0.5559929555697953,0.0,0.0423126535101265,0.0,0.0,1,generic
UNS_adv_source_702,UNSW-NB15,Generic,known,clean,adv_source,False,False,2.078980615622077,2.884476345351948,2.4114839429027355,3.813179036738273,1.5909461307123745,4.005946474348181,0.5403077427576308,0.1546569237154145,0.8404319324868601,-0.1635119596926423,0.0,0.0,3.279629147682771,0.0,-0.2881483073915755,0.0,0.0,1,generic
UNS_adv_source_703,UNSW-NB15,Generic,known,clean,adv_source,False,False,-0.1823031313971638,-0.102435973747594,-0.0780765393242293,-0.1860411478064247,-0.1686897975941312,-0.1963511294253547,0.1899193926702335,-0.0029465355773862,-0.0876764662127437,0.162767194603135,0.0,0.0,0.0719873991094958,0.0,0.0118588381984366,0.0,0.0,1,generic
UNS_adv_source_704,UNSW-NB15,Generic,known,clean,adv_source,False,False,0.4754792517510764,0.6117827387686905,0.3446110924770666,0.5340804835085613,0.5435741642239326,0.5443421290345384,0.2023126318249251,-0.0697819553629479,-0.0680831642689809,-0.0341841612353282,0.0,0.0,0.4795685262590027,0.0,0.1109807430143222,0.0,0.0,1,generic
UNS_adv_source_705,UNSW-NB15,Generic,known,clean,adv_source,False,False,1.7703247140578229,-0.0271900533220693,-0.0162348552088457,-0.1860411478064247,0.0,0.0045625598413578,0.0315483735092729,-0.5147533722944294,-0.5821089511021111,-0.3832203843311966,0.0,0.0,0.348725699021491,0.0,0.6689491496533273,0.0,0.0,1,generic
UNS_adv_source_706,UNSW-NB15,Generic,known,clean,adv_source,False,False,0.6134477114616259,0.4119490026246311,0.4591366415872092,0.0,0.7548366006327752,0.0410268294254527,1.4242030908209935,-0.1215390963324991,-0.2996558636180662,0.5394985513608878,0.0,0.0,0.5841910137269797,0.0,0.3059631275727175,0.0,0.0,1,generic
UNS_adv_source_707,UNSW-NB15,Generic,known,clean,adv_source,False,False,1.0479208987498048,1.025483568333883,1.2797245991734136,1.2234785613902657,0.620047765997026,2.145696893820231,0.2942634287538459,-0.12145524129216,0.3714279838606005,-0.1127404388665272,0.0,0.0,2.729111099961537,0.0,0.1022788872367458,0.0,0.0,1,generic
UNS_adv_source_708,UNSW-NB15,Generic,known,clean,adv_source,False,False,-0.2313906165296863,-0.102435973747594,-0.0134135309586981,-0.1860411478064247,-0.1686897975941312,-0.1259415714190291,0.2660730144742439,0.0271142686181137,-0.0321788016560009,0.2254286471619481,0.0,0.0,0.2238928456076466,0.0,-0.022259610189963,0.0,0.0,1,generic
UNS_adv_source_709,UNSW-NB15,Generic,known,clean,adv_source,False,False,-0.2638915614601363,-0.1966718831246962,-0.0965423081166328,-0.1860411478064247,-0.379952234002974,0.1386024236256789,-0.4463882960065087,0.0190100989175303,0.0857935111439737,-0.1186568592540149,0.0,0.0,0.4969551793974961,0.0,-0.076765132672849,0.0,0.0,1,generic
UNS_adv_source_710,UNSW-NB15,Generic,known,clean,adv_source,False,False,-0.152779691807428,-0.1966718831246962,-0.0579009932464672,-0.1860411478064247,-0.379952234002974,0.2069697876022137,-0.4463882960065087,-0.0492962917609675,0.042601277117315,-0.1755285983952033,0.0,0.0,0.628526168956588,0.0,0.0115901364249676,0.0,0.0,1,generic
UNS_adv_source_711,UNSW-NB15,Generic,known,clean,adv_source,False,False,-0.6567364718307227,-1.7230419309240497,-1.7410322323409115,-1.6329982705869572,-2.015742594047945,-1.4834565765210903,-2.674884827002709,1.5122444887767383,1.455463014866227,-1.8279148941509256,0.0,0.0,-1.1681091254135585,0.0,-1.0166837799499633,0.0,-0.8009099181073703,1,generic
UNS_adv_source_712,UNSW-NB15,Generic,known,clean,adv_source,False,False,0.251070629345734,-0.102435973747594,0.1708258880049223,-0.1860411478064247,-0.1686897975941312,0.1952176005745582,0.2744023139271503,-0.1920329732858729,-0.1358734107808391,0.0455112092680516,0.0,0.0,0.8311264992800611,0.0,0.2312011390824234,0.0,0.0,1,generic
UNS_adv_source_713,UNSW-NB15,Generic,known,clean,adv_source,False,False,1.0925855499654893,0.7186945752818655,0.8151882264139798,0.728250559228382,0.5435741642239326,1.3075955436921196,0.3223133218031024,-0.2049881547258762,0.0518803292999678,-0.1084440603406798,0.0,0.0,1.7384918925310555,0.0,0.2437600839513246,0.0,0.0,1,generic
UNS_adv_source_714,UNSW-NB15,Generic,known,clean,adv_source,False,False,0.4493292575420517,0.4762274024598613,1.0110580586266775,0.728250559228382,0.0,1.984498688076341,-0.2494843976816907,-0.1011621663685374,0.4667235685871402,-0.2620708112628131,0.0,0.0,2.901352819336221,0.0,0.0447005252772468,0.0,0.0,1,generic
UNS_adv_source_715,UNSW-NB15,Generic,known,clean,adv_source,False,False,-0.3025265943379744,1.1166203284644698,1.7302094104925108,1.3322144416553885,0.690140844124891,2.3957533903930623,1.2410068857770071,0.3986424008516163,0.9553214969348264,0.7667243314188645,0.0,0.0,3.4222393450128283,0.0,-0.466842398022776,0.0,0.0,1,generic
UNS_adv_source_716,UNSW-NB15,Generic,known,clean,adv_source,False,False,0.509657045187796,1.5129489946064822,0.867697328244108,0.8935397119319154,2.120140747730139,0.3577119495269662,2.1272338774843385,0.2609161486024269,-0.1426975164846655,0.918213619196304,0.0,0.0,0.1573311784537833,0.0,0.0274231840426336,0.0,0.0,1,generic
UNS_adv_source_717,UNSW-NB15,Generic,known,clean,adv_source,False,False,-0.2978124470082077,0.4119490026246311,0.4775860033667936,0.0,0.7548366006327752,0.0745297386226154,1.422713174158346,0.2593613187999519,0.0910695111168828,0.8543387107686702,0.0,0.0,0.6422372736773384,0.0,-0.1286678460663792,0.0,0.0,1,generic
UNS_adv_source_718,UNSW-NB15,Generic,known,clean,adv_source,False,False,-0.320801162313832,-0.102435973747594,0.1829466150379413,-0.1860411478064247,-0.1686897975941312,0.1523219299251959,0.3857671106610962,0.0908297126766786,0.1325254304003828,0.3374457784422296,0.0,0.0,0.791432281445564,0.0,-0.0939229332790735,0.0,0.0,1,generic
UNS_adv_source_719,UNSW-NB15,Generic,known,clean,adv_source,False,False,0.4896279915266359,0.4387441233825849,0.3033518428799799,0.0,0.8149071462730976,-0.2346471946399022,1.4242841989424289,-0.0739768563540303,-0.3645720013690965,0.5697205195681263,0.0,0.0,0.058553866545534,0.0,0.2645946033211102,0.0,0.0,1,generic
UNS_adv_source_720,UNSW-NB15,Generic,known,clean,adv_source,False,False,0.4589907261396286,1.056149481947558,1.296152680559546,1.2791730753241926,0.620047765997026,2.1497845291318103,0.3374973639351105,0.0410056622856734,0.5281071759029855,0.0377649956916535,0.0,0.0,2.6902285415530547,0.0,-0.0886809685585439,0.0,0.0,1,generic
UNS_adv_source_721,UNSW-NB15,Generic,known,clean,adv_source,False,False,0.0406850234245502,-0.0271900533220693,0.1961040892843272,-0.1860411478064247,0.0,0.0345476633596492,0.6299113547384873,-0.0866230330658267,-0.1136667332797128,0.2942347721199819,0.0,0.0,0.6266474581588807,0.0,0.138035386013698,0.0,0.0,1,generic
UNS_adv_source_722,UNSW-NB15,Generic,known,clean,adv_source,False,False,3.998822988462256,2.529274529543088,1.2857924370913842,2.0646011548658034,2.953050119840521,0.8528449425872932,2.550594034637474,-0.1932836194011191,-0.6488438320969295,0.5511571082503157,0.0,0.0,-0.213639318134606,0.0,0.5279327758007101,0.0,0.0,1,generic
UNS_adv_source_723,UNSW-NB15,Generic,known,clean,adv_source,False,False,-0.3027336606988595,-0.102435973747594,0.042575305532592,-0.1860411478064247,-0.1686897975941312,-0.0662259877387255,0.3341728001763915,0.0768175920682772,0.0389534240590382,0.3003441787264367,0.0,0.0,0.3618240813087484,0.0,-0.0782403410320494,0.0,0.0,1,generic
UNS_adv_source_724,UNSW-NB15,Generic,known,clean,adv_source,False,False,-0.6567850322979374,-1.7230419309240497,-0.8149569267979432,-1.6329982705869572,-2.015742594047945,0.1550313397537309,-2.674884827002709,1.8853142411941757,2.4184374457499414,-1.8279148941509256,0.0,0.0,1.915104965178684,0.0,-1.025566351778613,0.0,-0.8009099181073703,1,generic
UNS_adv_source_725,UNSW-NB15,Generic,known,clean,adv_source,False,False,0.2643882889054349,0.5264921978579328,0.5269356486867499,0.1593654250158457,0.8149071462730976,0.1376773861760253,1.46454078753344,0.0096694598409492,-0.1540896158458649,0.6495599208310682,0.0,0.0,0.5762004827802343,0.0,0.1362999798345408,0.0,0.0,1,generic
UNS_adv_source_726,UNSW-NB15,Generic,known,clean,adv_source,False,False,0.5722332407826353,0.1915453781066131,0.194624079189089,0.0,0.2607255232653797,-0.1013915930833688,0.8606711174667153,-0.2011173504256395,-0.3399584645746502,0.2635135649486914,0.0,0.0,0.1970484576107233,0.0,0.2925637567020347,0.0,0.0,1,generic
UNS_adv_source_727,UNSW-NB15,Generic,known,clean,adv_source,False,False,-0.313933088601262,-0.102435973747594,0.0975673822001714,-0.1860411478064247,-0.1686897975941312,0.0213918212428182,0.3509252191444889,0.0854246946109948,0.0793878904969349,0.3157725066936089,0.0,0.0,0.534403742711563,0.0,-0.0878788146955244,0.0,0.0,1,generic
UNS_adv_source_728,UNSW-NB15,Generic,known,clean,adv_source,False,False,-0.114993881083046,0.0752459204255246,0.3713160494607251,0.0,0.0,0.407202157860588,0.52146381565131,0.0099646899290576,0.0996119700994877,0.3015199891189313,0.0,0.0,1.0681184379464443,0.0,4.602075477718051e-05,0.0,0.0,1,generic
UNS_adv_source_729,UNSW-NB15,Generic,known,clean,adv_source,False,False,-0.189881407490156,0.0,0.0176914249403317,0.0,-0.1686897975941312,0.2290503330166608,-0.2531137802676009,0.0278997097571252,0.07611592941094,-0.0526970476628837,0.0,0.0,0.4734073157207367,0.0,-0.0479605211726314,0.0,0.0,1,generic
UNS_adv_source_730,UNSW-NB15,Generic,known,clean,adv_source,False,False,1.5113814181502665,0.701677649274518,0.5817015487928658,0.6353919484123379,0.620047765997026,0.802386181563442,0.4817355962588073,-0.2931436689557942,-0.2247434735869746,-0.1049962941747479,0.0,0.0,0.9354277412775462,0.0,0.3747158125852864,0.0,0.0,1,generic
UNS_adv_source_731,UNSW-NB15,Generic,known,clean,adv_source,False,False,-0.6567923900842788,-1.7230419309240497,-1.1435945374807313,-1.6329982705869572,-2.015742594047945,-0.4264211087828029,-2.674884827002709,2.0817108441545327,2.3979365845112564,-1.8279148941509256,0.0,0.0,0.8187345400120142,0.0,-1.0269374863792011,0.0,-0.8009099181073703,1,generic
UNS_adv_source_732,UNSW-NB15,Generic,known,clean,adv_source,False,False,0.2457878922908706,-0.0271900533220693,0.0546860504146136,-0.1860411478064247,0.0,-0.0034431114995258,0.2625920261766112,-0.1645055505309103,-0.2063288825300172,0.0467762075613748,0.0,0.0,0.4248506093129122,0.0,0.2290671063352451,0.0,0.0,1,generic
UNS_adv_source_733,UNSW-NB15,Generic,known,clean,adv_source,False,False,-0.0683675555093612,-0.0271900533220693,0.360166977674518,-0.1860411478064247,0.0,0.2441497550638643,0.7695423332602238,-0.0372425405820103,0.0122392564137135,0.4046584559718111,0.0,0.0,1.076543214678697,0.0,0.08113934206539,0.0,0.0,1,generic
UNS_adv_source_734,UNSW-NB15,Generic,known,clean,adv_source,False,False,0.0441291358857674,0.0752459204255246,-0.1614104798159254,0.0,0.0,-0.1428402773560127,-0.1579009174660392,-0.0645549237626735,-0.1753899951700697,-0.09678977151161,0.0,0.0,-0.213874165517845,0.0,0.0738591748811928,0.0,0.0,1,generic
UNS_adv_source_735,UNSW-NB15,Generic,known,clean,adv_source,False,False,0.6964159357641967,0.1378865483078073,-0.2365012185584472,0.0,0.1404306675880212,-0.2806196711579248,-0.1493803362541021,-0.2532609830683065,-0.4395987950510501,-0.2673174135486753,0.0,0.0,-0.5023556073046456,0.0,0.3319863822139011,0.0,0.0,1,generic
UNS_adv_source_736,UNSW-NB15,Generic,known,clean,adv_source,False,False,0.2385910263024428,0.1629939949008725,0.465545061465821,0.1593654250158457,0.0,0.9664205703127288,-0.1579009174660392,-0.1175381355527886,0.1570166507017008,-0.159210248373829,0.0,0.0,1.6740174183849674,0.0,0.1257632781685807,0.0,0.0,1,generic
UNS_adv_source_737,UNSW-NB15,Generic,known,clean,adv_source,False,False,-0.6567923900842788,-1.7230419309240497,-0.8348436080291561,-1.6329982705869572,-2.015742594047945,0.1198462023279497,-2.674884827002709,2.0817108441545327,2.59722784591273,-1.8279148941509256,0.0,0.0,1.8487336314172464,0.0,-1.0269374863792011,0.0,-0.8009099181073703,1,generic
UNS_adv_source_738,UNSW-NB15,Generic,known,clean,adv_source,False,False,5.167809713979399,2.420040202295533,1.2294400074840903,1.858870509802604,2.96211360337525,0.753064962583056,2.5507267366861397,-0.3820465457198365,-0.8789219638231153,0.3900064729950376,0.0,0.0,-0.1690093682932746,0.0,0.2596801813921633,0.0,0.0,1,generic
UNS_adv_source_739,UNSW-NB15,Generic,known,clean,adv_source,False,False,-0.4725504553363399,-0.0942359093771021,0.4549132292737391,0.0,-0.379952234002974,1.1142825102976792,-0.4463882960065087,0.247462471423171,0.6420176501145781,0.0449546425984074,0.0,0.0,2.11082749111074,0.0,-0.3174379201053257,0.0,0.0,1,generic
UNS_adv_source_740,UNSW-NB15,Generic,known,clean,adv_source,False,False,1.102218111920732,1.5802609204854925,0.8338541456181963,0.967811106645419,2.1793645242689035,0.2800566935236434,2.158003654777769,0.1233068333026923,-0.3228075462951308,0.8064679342738449,0.0,0.0,-0.0683468557238726,0.0,0.1830599010878073,0.0,0.0,1,generic
UNS_adv_source_741,UNSW-NB15,Generic,known,clean,adv_source,False,False,0.0482826279272038,-0.102435973747594,-0.2770384224622694,-0.1860411478064247,-0.1686897975941312,-0.2445853377024525,-0.3358912247307118,-0.1158651531977686,-0.218584307806949,-0.19202617573562,0.0,0.0,-0.2154834654046542,0.0,0.105339931599406,0.0,0.0,1,generic
UNS_adv_source_742,UNSW-NB15,Generic,known,clean,adv_source,False,False,0.0660910207043835,-0.1966718831246962,0.0444077704933726,-0.1860411478064247,-0.379952234002974,0.3879827917427994,-0.4463882960065087,-0.1523737667895672,0.0044575763649038,-0.2622268515510546,0.0,0.0,0.966950274261103,0.0,0.1301204703713088,0.0,0.0,1,generic
UNS_adv_source_743,UNSW-NB15,Generic,known,clean,adv_source,False,False,-0.656774731458864,-1.7230419309240497,-1.7410322323409115,-1.6329982705869572,-2.015742594047945,-1.4834565765210903,-2.674884827002709,1.7459694855424313,1.683509641493631,-1.8279148941509256,0.0,0.0,-1.1681091254135585,0.0,-1.0236581350002631,0.0,-0.8009099181073703,1,generic
UNS_adv_source_744,UNSW-NB15,Generic,known,clean,adv_source,False,False,0.1766698375165173,-0.102435973747594,0.0249442656828858,-0.1860411478064247,-0.1686897975941312,-0.1040739180755606,0.3456893644041479,-0.1658447973716851,-0.2181467014751218,0.1031272158023641,0.0,0.0,0.2926953865164467,0.0,0.1999769238754991,0.0,0.0,1,generic
UNS_adv_source_745,UNSW-NB15,Generic,known,clean,adv_source,False,False,0.1564078983954606,-0.0271900533220693,0.2283606167182981,-0.1860411478064247,0.0,0.0102209826762576,0.7707993111080156,-0.1325162516006759,-0.1689782531556095,0.3252937399598347,0.0,0.0,0.6383656202833218,0.0,0.1915209818500367,0.0,0.0,1,generic
UNS_adv_source_746,UNSW-NB15,Generic,known,clean,adv_source,False,False,0.6180995222647306,-0.102435973747594,0.0581196736813551,-0.1860411478064247,-0.1686897975941312,0.0611272506418908,0.1613446951996232,-0.3011433003044714,-0.2979742196450249,-0.1048511891917133,0.0,0.0,0.5337866197523133,0.0,0.362260613304002,0.0,0.0,1,generic
UNS_adv_source_747,UNSW-NB15,Generic,known,clean,adv_source,False,False,0.974448484435124,0.1378865483078073,0.3503689107861791,0.0,0.1404306675880212,0.3012593524880602,0.6406880617702383,-0.3200968295152218,-0.297620702961344,0.0651554949171288,0.0,0.0,0.8844157388282239,0.0,0.4136160649097669,0.0,0.0,1,generic
UNS_adv_source_748,UNSW-NB15,Generic,known,clean,adv_source,False,False,-0.4270125364599451,-0.0942359093771021,0.4549132292737391,0.0,-0.379952234002974,1.1142825102976792,-0.4463882960065087,0.1906392867596982,0.5860858834142557,-0.0016776188974576,0.0,0.0,2.11082749111074,0.0,-0.2565745700351463,0.0,0.0,1,generic
UNS_adv_source_749,UNSW-NB15,Generic,known,clean,adv_source,False,False,-0.1156885333577533,-0.102435973747594,0.1738139565863345,-0.1860411478064247,-0.1686897975941312,0.0431722445908891,0.5467224813055005,-0.0396701068701361,-0.0371951946808233,0.3087927051864716,0.0,0.0,0.6491160094713145,0.0,0.0536675187813754,0.0,0.0,1,generic
UNS_adv_source_750,UNSW-NB15,Generic,known,clean,adv_source,False,False,0.1127960170376246,0.4387441233825849,0.5037176806391978,0.0,0.8149071462730976,0.096598264576876,1.46454078753344,0.0539084301901713,-0.1162078221740628,0.6960993760326296,0.0,0.0,0.6917651650297338,0.0,0.1171179040663508,0.0,0.0,1,generic
UNS_adv_source_751,UNSW-NB15,Generic,known,clean,adv_source,False,False,-0.0689359192918006,1.1271137661841195,0.814768326846978,0.5340804835085613,1.6988671849894263,0.3848288402807606,1.918209429919421,0.3626485875519523,0.0766424693636291,0.9914235292512752,0.0,0.0,0.6218082355468558,0.0,-0.1199510152920979,0.0,0.0,1,generic
UNS_adv_source_752,UNSW-NB15,Generic,known,clean,adv_source,False,False,-0.3836431890142329,-0.0271900533220693,-0.0107036304463349,-0.1860411478064247,0.0,-0.3713808128062628,0.6991932702655385,0.1722241619291091,-0.0040740486431861,0.543182373154935,0.0,0.0,-0.0977117799014079,0.0,-0.1547714995958996,0.0,0.0,1,generic
UNS_adv_source_753,UNSW-NB15,Generic,known,clean,adv_source,False,False,0.1716214380781305,0.7186945752818655,0.815867984940426,0.728250559228382,0.5435741642239326,1.326072469067599,0.2924139908033769,0.0544307803306457,0.3198317337357205,0.0945821763775996,0.0,0.0,1.7607252723717763,0.0,-0.0558481453299586,0.0,0.0,1,generic
UNS_adv_source_754,UNSW-NB15,Generic,known,clean,adv_source,False,False,-0.3262454407400336,-0.102435973747594,-0.0219384344424132,-0.1860411478064247,-0.1686897975941312,0.1719329436021049,-0.2756132373203881,0.0951859006235177,0.1440602242983512,0.0137459294237668,0.0,0.0,0.5858809549271964,0.0,-0.1185421823249895,0.0,0.0,1,generic
UNS_adv_source_755,UNSW-NB15,Generic,known,clean,adv_source,False,False,-0.6567865038522626,-1.7230419309240497,-0.7975483800442553,-1.6329982705869572,-2.015742594047945,0.1858319596656278,-2.674884827002709,1.9138396804612408,2.457500819494404,-1.8279148941509256,0.0,0.0,1.9732076410241992,0.0,-1.025840034327047,0.0,-0.8009099181073703,1,generic
UNS_adv_source_756,UNSW-NB15,Reconnaissance,known,clean,adv_source,False,False,-0.200294317300862,-0.1966718831246962,-0.4458031434808666,-0.1860411478064247,-0.379952234002974,-0.4793383150454864,-0.4463882960065087,-0.0218980075517402,-0.1804795416291124,-0.1526713209502579,0.0,0.0,-0.6554231878312298,0.0,-0.0454346139872813,0.0,0.0,1,recon
UNS_adv_source_757,UNSW-NB15,Reconnaissance,known,clean,adv_source,False,False,0.961163327079438,-0.102435973747594,-0.3938123854724437,-0.1860411478064247,-0.1686897975941312,-0.4511913514709689,-0.3358912247307118,-0.3835469451500106,-0.573006078789801,-0.424624490767177,0.0,0.0,-0.6150178754781276,0.0,0.4585046238261607,0.0,0.0,1,recon
UNS_adv_source_758,UNSW-NB15,Reconnaissance,known,clean,adv_source,False,False,0.2673770202095222,-0.102435973747594,-0.3938123854724437,-0.1860411478064247,-0.1686897975941312,-0.4511913514709689,-0.3358912247307118,-0.1975445499188117,-0.3771234329815138,-0.2613319846768195,0.0,0.0,-0.6150178754781276,0.0,0.2218823018296242,0.0,0.0,1,recon
UNS_adv_source_759,UNSW-NB15,Reconnaissance,known,clean,adv_source,False,False,-0.3921059949087391,-0.1966718831246962,-0.2884951924442209,-0.1860411478064247,-0.379952234002974,-0.2010162656778325,-0.4463882960065087,0.1238882433185108,0.0658981567129787,-0.0319402319270075,0.0,0.0,-0.1370468208410274,0.0,-0.1837803752096682,0.0,0.0,1,recon
UNS_adv_source_760,UNSW-NB15,Reconnaissance,known,clean,adv_source,False,False,0.0568826362939703,-0.102435973747594,-0.3938123854724437,-0.1860411478064247,-0.1686897975941312,-0.4511913514709689,-0.3358912247307118,-0.1194355481089993,-0.2976035344071879,-0.1950358420043051,0.0,0.0,-0.6150178754781276,0.0,0.1441624021978912,0.0,0.0,1,recon
UNS_adv_source_761,UNSW-NB15,Reconnaissance,known,clean,adv_source,False,False,-0.3327828398813596,-0.1966718831246962,-0.2876141695404099,-0.1860411478064247,-0.379952234002974,-0.1994574881429869,-0.4463882960065087,0.0706513476282235,0.0138253478754639,-0.0758816620651297,0.0,0.0,-0.1370468208410274,0.0,-0.1047240361479744,0.0,0.0,1,recon
UNS_adv_source_762,UNSW-NB15,Reconnaissance,known,clean,adv_source,False,False,0.0743506272109466,-0.102435973747594,-0.3938123854724437,-0.1860411478064247,-0.1686897975941312,-0.4511913514709689,-0.3358912247307118,-0.1265801475905819,-0.304833123605267,-0.2010632921570171,0.0,0.0,-0.6150178754781276,0.0,0.1522415511346209,0.0,0.0,1,recon
UNS_adv_source_763,UNSW-NB15,Reconnaissance,known,clean,adv_source,False,False,0.2334319873127651,-0.102435973747594,-0.3938123854724437,-0.1860411478064247,-0.1686897975941312,-0.4511913514709689,-0.3358912247307118,-0.185982641974792,-0.3652796161480185,-0.251457923809712,0.0,0.0,-0.6150178754781276,0.0,0.2161968441283814,0.0,0.0,1,recon
UNS_adv_source_764,UNSW-NB15,Reconnaissance,known,clean,adv_source,False,False,0.1388286455669173,-0.102435973747594,-0.3938123854724437,-0.1860411478064247,-0.1686897975941312,-0.4511913514709689,-0.3358912247307118,-0.1518024269103198,-0.3304215287128085,-0.2223966966086897,0.0,0.0,-0.6150178754781276,0.0,0.1837866560766832,0.0,0.0,1,recon
UNS_adv_source_765,UNSW-NB15,Reconnaissance,known,clean,adv_source,False,False,1.0075140339782414,-0.102435973747594,-0.3938123854724437,-0.1860411478064247,-0.1686897975941312,-0.4511913514709689,-0.3358912247307118,-0.3936749301576592,-0.5840738846612497,-0.4338498860041936,0.0,0.0,-0.6150178754781276,0.0,0.4756990122564422,0.0,0.0,1,recon
UNS_adv_source_766,UNSW-NB15,Reconnaissance,known,clean,adv_source,False,False,0.0745332705008654,-0.102435973747594,-0.3938123854724437,-0.1860411478064247,-0.1686897975941312,-0.4511913514709689,-0.3358912247307118,-0.1266541143419046,-0.3049080142979493,-0.2011257334305219,0.0,0.0,-0.6150178754781276,0.0,0.1543703103771312,0.0,0.0,1,recon
UNS_adv_source_767,UNSW-NB15,Reconnaissance,known,clean,adv_source,False,False,0.0577956588863561,-0.102435973747594,-0.2568502964824042,-0.1860411478064247,-0.1686897975941312,-0.2088668596561678,-0.3358912247307118,-0.1198125120849862,-0.2097477188699292,-0.1953537002174041,0.0,0.0,-0.155022951135711,0.0,0.1199823049153337,0.0,0.0,1,recon
UNS_adv_source_768,UNSW-NB15,Reconnaissance,known,clean,adv_source,False,False,0.1667246882318799,-0.102435973747594,-0.3938123854724437,-0.1860411478064247,-0.1686897975941312,-0.4511913514709689,-0.3358912247307118,-0.1622046691409844,-0.3410067501931083,-0.2312216588268731,0.0,0.0,-0.6150178754781276,0.0,0.1811733108414056,0.0,0.0,1,recon
UNS_adv_source_769,UNSW-NB15,Reconnaissance,known,clean,adv_source,False,False,0.8516667752260905,-0.102435973747594,-0.2489016761153489,-0.1860411478064247,-0.1686897975941312,-0.1948035125994831,-0.3358912247307118,-0.3587591198144633,-0.4525451369661656,-0.4022309640049629,0.0,0.0,-0.1258768940774746,0.0,0.425512368706185,0.0,0.0,1,recon
UNS_adv_source_770,UNSW-NB15,Reconnaissance,known,clean,adv_source,False,False,0.5690392699744867,-0.102435973747594,-0.3938123854724437,-0.1860411478064247,-0.1686897975941312,-0.4511913514709689,-0.3358912247307118,-0.2880671519050922,-0.4709898287234502,-0.3395848356546919,0.0,0.0,-0.6150178754781276,0.0,0.3462886361743065,0.0,0.0,1,recon
UNS_adv_source_771,UNSW-NB15,Reconnaissance,known,clean,adv_source,False,False,0.4064439715535014,-0.102435973747594,-0.2524131314932905,-0.1860411478064247,-0.1686897975941312,-0.2010162656778325,-0.3358912247307118,-0.241712014598411,-0.3315556176992005,-0.2992852019311677,0.0,0.0,-0.1403631763400757,0.0,0.2867273507170036,0.0,0.0,1,recon
UNS_adv_source_772,UNSW-NB15,Reconnaissance,known,clean,adv_source,False,False,0.2409123429765851,-0.102435973747594,-0.3938123854724437,-0.1860411478064247,-0.1686897975941312,-0.4511913514709689,-0.3358912247307118,-0.1885599656319536,-0.3679173355011813,-0.253656965949565,0.0,0.0,-0.6150178754781276,0.0,0.2154112604167129,0.0,0.0,1,recon
UNS_adv_source_773,UNSW-NB15,Reconnaissance,known,clean,adv_source,False,False,0.0545612993267143,-0.102435973747594,-0.3938123854724437,-0.1860411478064247,-0.1686897975941312,-0.4511913514709689,-0.3358912247307118,-0.1184753171579442,-0.2966324713859249,-0.1942262561735712,0.0,0.0,-0.6150178754781276,0.0,0.1448381712866218,0.0,0.0,1,recon
UNS_adv_source_774,UNSW-NB15,Reconnaissance,known,clean,adv_source,False,False,0.2010598050619134,-0.102435973747594,-0.3938123854724437,-0.1860411478064247,-0.1686897975941312,-0.4511913514709689,-0.3358912247307118,-0.1746273400976724,-0.3536742105038785,-0.2417825509951252,0.0,0.0,-0.6150178754781276,0.0,0.1943113170093676,0.0,0.0,1,recon
UNS_adv_source_775,UNSW-NB15,Reconnaissance,known,clean,adv_source,False,False,0.1747759987624397,-0.102435973747594,-0.3938123854724437,-0.1860411478064247,-0.1686897975941312,-0.4511913514709689,-0.3358912247307118,-0.1651543065810645,-0.3440118612487429,-0.2337270349454209,0.0,0.0,-0.6150178754781276,0.0,0.1994724920666056,0.0,0.0,1,recon
UNS_adv_source_776,UNSW-NB15,Reconnaissance,known,clean,adv_source,False,False,0.3447937605281588,-0.102435973747594,-0.3938123854724437,-0.1860411478064247,-0.1686897975941312,-0.4511913514709689,-0.3358912247307118,-0.2227199419298173,-0.4030150271031252,-0.2829173391326324,0.0,0.0,-0.6150178754781276,0.0,0.2511519559795606,0.0,0.0,1,recon
UNS_adv_source_777,UNSW-NB15,Reconnaissance,known,clean,adv_source,False,False,-0.1145031368458373,-0.1966718831246962,-0.2492190339727791,-0.1860411478064247,-0.379952234002974,-0.1315256846549196,-0.4463882960065087,-0.0697771204163942,-0.1014168349249289,-0.1926601712166673,0.0,0.0,-0.012457010035862,0.0,0.0446897668221691,0.0,0.0,1,recon
UNS_adv_source_778,UNSW-NB15,Reconnaissance,known,clean,adv_source,False,False,-0.3514346659026929,-0.1966718831246962,-0.2314315284194845,-0.1860411478064247,-0.379952234002974,-0.1000545799452905,-0.4463882960065087,0.0863502210491079,0.065583930491746,-0.0629090344479432,0.0,0.0,0.0516454137807245,0.0,-0.148594335047742,0.0,0.0,1,recon
UNS_adv_source_779,UNSW-NB15,Reconnaissance,known,clean,adv_source,False,False,-0.1312243118222621,-0.102435973747594,-0.1893594611823599,-0.1860411478064247,-0.1686897975941312,-0.08945657256987,-0.3358912247307118,-0.0314700871325612,-0.0772018350876551,-0.1212985189946296,0.0,0.0,0.0730587188542003,0.0,0.031969493223716,0.0,0.0,1,recon
UNS_adv_source_780,UNSW-NB15,Reconnaissance,known,clean,adv_source,False,False,0.3949409677007163,-0.102435973747594,-0.3938123854724437,-0.1860411478064247,-0.1686897975941312,-0.4511913514709689,-0.3358912247307118,-0.2382337296011795,-0.4190458763427686,-0.296281778154832,0.0,0.0,-0.6150178754781276,0.0,0.2708198051489403,0.0,0.0,1,recon
UNS_adv_source_781,UNSW-NB15,Reconnaissance,known,clean,adv_source,False,False,-0.3325632381073528,-0.1966718831246962,-0.2815056056108763,-0.1860411478064247,-0.379952234002974,-0.1886497189211688,-0.4463882960065087,0.0704714820385749,0.0177129220997387,-0.0760303772074757,0.0,0.0,-0.1082436904035468,0.0,-0.1309726504213719,0.0,0.0,1,recon
UNS_adv_source_782,UNSW-NB15,Reconnaissance,known,clean,adv_source,False,False,-0.2838318949300226,-0.1966718831246962,-0.2437134852524289,-0.1860411478064247,-0.379952234002974,-0.1217848190938115,-0.4463882960065087,0.0330578854916887,0.0049911102081482,-0.1070041931522413,0.0,0.0,0.0135881547629864,0.0,-0.0625442834330938,0.0,0.0,1,recon
UNS_adv_source_783,UNSW-NB15,Reconnaissance,known,clean,adv_source,False,False,0.2826966703383627,-0.102435973747594,-0.3938123854724437,-0.1860411478064247,-0.1686897975941312,-0.4511913514709689,-0.3358912247307118,-0.2026535227607098,-0.3823661133803694,-0.2657027457405211,0.0,0.0,-0.6150178754781276,0.0,0.2307157568649727,0.0,0.0,1,recon
UNS_adv_source_784,UNSW-NB15,Reconnaissance,known,clean,adv_source,False,False,0.7070278989874474,-0.102435973747594,-0.3938123854724437,-0.1860411478064247,-0.1686897975941312,-0.4511913514709689,-0.3358912247307118,-0.3239260637347821,-0.5088654211606943,-0.3711585994991858,0.0,0.0,-0.6150178754781276,0.0,0.3858235623950551,0.0,0.0,1,recon
UNS_adv_source_785,UNSW-NB15,Reconnaissance,known,clean,adv_source,False,False,-0.4335085337931467,-0.4458889576016589,-0.3342170851776839,-0.4095197091966907,-0.662800874961527,-0.1932595805790629,-0.5998319722286254,0.0938890378050165,-0.2912458778871544,0.238516295780309,0.0,0.0,0.150945709710895,0.0,-0.2301945411361368,0.0,0.0,1,recon
UNS_adv_source_786,UNSW-NB15,Reconnaissance,known,clean,adv_source,False,False,0.4432877354051598,-0.102435973747594,-0.3938123854724437,-0.1860411478064247,-0.1686897975941312,-0.4511913514709689,-0.3358912247307118,-0.2526629489931599,-0.4340123760043703,-0.3087587726740343,0.0,0.0,-0.6150178754781276,0.0,0.2982563112588787,0.0,0.0,1,recon
UNS_adv_source_787,UNSW-NB15,Reconnaissance,known,clean,adv_source,False,False,-0.0668786152802877,-0.1966718831246962,-0.2484274454328808,-0.1860411478064247,-0.379952234002974,-0.1301251416866298,-0.4463882960065087,-0.0935887564289155,-0.1248066729646973,-0.2126318699282783,0.0,0.0,0.0006348427255158,0.0,0.0730548557775402,0.0,0.0,1,recon
UNS_adv_source_788,UNSW-NB15,Reconnaissance,known,clean,adv_source,False,False,0.0650254553673026,-0.102435973747594,-0.3938123854724437,-0.1860411478064247,-0.1686897975941312,-0.4511913514709689,-0.3358912247307118,-0.1227836863129803,-0.3009905129041589,-0.1978596335730851,0.0,0.0,-0.6150178754781276,0.0,0.1435118092352962,0.0,0.0,1,recon
UNS_adv_source_789,UNSW-NB15,Reconnaissance,known,clean,adv_source,False,False,0.856959486346205,-0.102435973747594,-0.273284173487396,-0.1860411478064247,-0.1686897975941312,-0.2379430144019617,-0.3358912247307118,-0.3599867677890437,-0.4697201095326122,-0.4033341738545541,0.0,0.0,-0.2154834654046542,0.0,0.4353142648182435,0.0,0.0,1,recon
UNS_adv_source_790,UNSW-NB15,Reconnaissance,known,clean,adv_source,False,False,0.3385930624277422,-0.102435973747594,-0.2515321085894795,-0.1860411478064247,-0.1686897975941312,-0.1994574881429869,-0.3358912247307118,-0.2207603357180996,-0.309267999656403,-0.2812327783319966,0.0,0.0,-0.1403631763400757,0.0,0.2562525855482794,0.0,0.0,1,recon
UNS_adv_source_791,UNSW-NB15,Reconnaissance,known,clean,adv_source,False,False,-0.1170349735946617,-0.1966718831246962,-0.2687489112306053,-0.1860411478064247,-0.379952234002974,-0.1660795354073884,-0.4463882960065087,-0.0684616386462735,-0.1126339676046882,-0.1915585632864452,0.0,0.0,-0.066271239130267,0.0,0.0529998318475426,0.0,0.0,1,recon
UNS_adv_source_792,UNSW-NB15,Reconnaissance,known,clean,adv_source,False,False,0.5770175991537215,-0.102435973747594,-0.3938123854724437,-0.1860411478064247,-0.1686897975941312,-0.4511913514709689,-0.3358912247307118,-0.2902198150890762,-0.4732508486831439,-0.3414696735818557,0.0,0.0,-0.6150178754781276,0.0,0.3489083254295569,0.0,0.0,1,recon
UNS_adv_source_793,UNSW-NB15,Reconnaissance,known,clean,adv_source,False,False,0.1101593802592017,-0.102435973747594,-0.3938123854724437,-0.1860411478064247,-0.1686897975941312,-0.4511913514709689,-0.3358912247307118,-0.1408007649369484,-0.3192470979848787,-0.2130804507850922,0.0,0.0,-0.6150178754781276,0.0,0.1641516758757079,0.0,0.0,1,recon
UNS_adv_source_794,UNSW-NB15,Reconnaissance,known,clean,adv_source,False,False,0.0862332720667555,-0.102435973747594,-0.3938123854724437,-0.1860411478064247,-0.1686897975941312,-0.4511913514709689,-0.3358912247307118,-0.1313608257374561,-0.3096751519674229,-0.2051001737336259,0.0,0.0,-0.6150178754781276,0.0,0.1584613200576277,0.0,0.0,1,recon
UNS_adv_source_795,UNSW-NB15,Reconnaissance,known,clean,adv_source,False,False,0.3025247175972729,-0.102435973747594,-0.3938123854724437,-0.1860411478064247,-0.1686897975941312,-0.4511913514709689,-0.3358912247307118,-0.2091701849358787,-0.3890617581304205,-0.2712847953176925,0.0,0.0,-0.6150178754781276,0.0,0.2147253931662945,0.0,0.0,1,recon
UNS_adv_source_796,UNSW-NB15,Reconnaissance,known,clean,adv_source,False,False,0.943569008327244,-0.102435973747594,-0.3938123854724437,-0.1860411478064247,-0.1686897975941312,-0.4511913514709689,-0.3358912247307118,-0.3796475633827049,-0.5687594290176518,-0.4210847206137068,0.0,0.0,-0.6150178754781276,0.0,0.4558902010209048,0.0,0.0,1,recon
UNS_adv_source_797,UNSW-NB15,Reconnaissance,known,clean,adv_source,False,False,0.6877330623520231,-0.102435973747594,-0.3938123854724437,-0.1860411478064247,-0.1686897975941312,-0.4511913514709689,-0.3358912247307118,-0.319077894996018,-0.5037169742907602,-0.3668668119854777,0.0,0.0,-0.6150178754781276,0.0,0.3738531879981341,0.0,0.0,1,recon
UNS_adv_source_798,UNSW-NB15,Reconnaissance,known,clean,adv_source,False,False,0.5162975846491344,-0.102435973747594,-0.3938123854724437,-0.1860411478064247,-0.1686897975941312,-0.4511913514709689,-0.3358912247307118,-0.2735670610312982,-0.4557991313681691,-0.3269212902480751,0.0,0.0,-0.6150178754781276,0.0,0.3212546336734614,0.0,0.0,1,recon
UNS_adv_source_799,UNSW-NB15,Reconnaissance,known,clean,adv_source,False,False,0.4674777874383407,-0.102435973747594,-0.3938123854724437,-0.1860411478064247,-0.1686897975941312,-0.4511913514709689,-0.3358912247307118,-0.2597021622769604,-0.4413345591522468,-0.314862949151385,0.0,0.0,-0.6150178754781276,0.0,0.3092061876226843,0.0,0.0,1,recon
UNS_adv_source_800,UNSW-NB15,Reconnaissance,known,clean,adv_source,False,False,-0.3363530104287457,-0.1966718831246962,-0.2284242881508469,-0.1860411478064247,-0.379952234002974,-0.0947339253376085,-0.4463882960065087,0.0735912384665546,0.0550945558809257,-0.0734512965184608,0.0,0.0,0.0640726937667891,0.0,-0.1438611125797329,0.0,0.0,1,recon
UNS_adv_source_801,UNSW-NB15,Reconnaissance,known,clean,adv_source,False,False,0.2199264095846848,-0.102435973747594,-0.3938123854724437,-0.1860411478064247,-0.1686897975941312,-0.4511913514709689,-0.3358912247307118,-0.1812856984549307,-0.3604760758153621,-0.2474532433355907,0.0,0.0,-0.6150178754781276,0.0,0.2041508225519061,0.0,0.0,1,recon
UNS_adv_source_802,UNSW-NB15,Reconnaissance,known,clean,adv_source,False,False,0.2059903714284254,-0.102435973747594,-0.4151812259962339,-0.1860411478064247,-0.1686897975941312,-0.4889988459300785,-0.3358912247307118,-0.1763785722974767,-0.3693493199816304,-0.2432733006201854,0.0,0.0,-0.6812002939579518,0.0,0.2073685323848016,0.0,0.0,1,recon
UNS_adv_source_803,UNSW-NB15,Reconnaissance,known,clean,adv_source,False,False,0.4676738146704328,-0.102435973747594,-0.3938123854724437,-0.1860411478064247,-0.1686897975941312,-0.4511913514709689,-0.3358912247307118,-0.2597587239045414,-0.4413934667412853,-0.3149120477361146,0.0,0.0,-0.6150178754781276,0.0,0.3070816220890176,0.0,0.0,1,recon
UNS_adv_source_804,UNSW-NB15,Reconnaissance,known,clean,adv_source,False,False,0.1614344068738206,-0.102435973747594,-0.3938123854724437,-0.1860411478064247,-0.1686897975941312,-0.4511913514709689,-0.3358912247307118,-0.1602539406294149,-0.3390202149506928,-0.2295654776411804,0.0,0.0,-0.6150178754781276,0.0,0.1937098928629739,0.0,0.0,1,recon
UNS_adv_source_805,UNSW-NB15,Reconnaissance,known,clean,adv_source,False,False,0.1919376255160329,-0.102435973747594,-0.3938123854724437,-0.1860411478064247,-0.1686897975941312,-0.4511913514709689,-0.3358912247307118,-0.1713661614893116,-0.3503459053157492,-0.2390077414624568,0.0,0.0,-0.6150178754781276,0.0,0.1996889441093008,0.0,0.0,1,recon
UNS_adv_source_806,UNSW-NB15,Reconnaissance,known,clean,adv_source,False,False,0.058242905666096,-0.102435973747594,-0.3938123854724437,-0.1860411478064247,-0.1686897975941312,-0.4511913514709689,-0.3358912247307118,-0.1199970319571389,-0.2981713951636993,-0.195509291402331,0.0,0.0,-0.6150178754781276,0.0,0.1449081959502557,0.0,0.0,1,recon
UNS_adv_source_807,UNSW-NB15,Reconnaissance,known,clean,adv_source,False,False,0.0219736943499824,-0.1966718831246962,-0.2337032630780671,-0.1860411478064247,-0.379952234002974,-0.1040739180755606,-0.4463882960065087,-0.1339543861058852,-0.1561591538899196,-0.2466383133786856,0.0,0.0,0.0390906722893857,0.0,0.1122722696032712,0.0,0.0,1,recon
UNS_adv_source_808,UNSW-NB15,Reconnaissance,known,clean,adv_source,False,False,0.1413186402850394,-0.102435973747594,-0.3938123854724437,-0.1860411478064247,-0.1686897975941312,-0.4511913514709689,-0.3358912247307118,-0.1527427538678538,-0.3313776055109143,-0.2231937750143937,0.0,0.0,-0.6150178754781276,0.0,0.1823289370725904,0.0,0.0,1,recon
UNS_adv_source_809,UNSW-NB15,Reconnaissance,known,clean,adv_source,False,False,0.4795959613817818,-0.102435973747594,-0.3938123854724437,-0.1860411478064247,-0.1686897975941312,-0.4511913514709689,-0.3358912247307118,-0.2631854740219517,-0.4449631672979758,-0.3178879385487821,0.0,0.0,-0.6150178754781276,0.0,0.3039723829818886,0.0,0.0,1,recon
UNS_adv_source_810,UNSW-NB15,Reconnaissance,known,clean,adv_source,False,False,0.061262336378842,-0.102435973747594,-0.3938123854724437,-0.1860411478064247,-0.1686897975941312,-0.4511913514709689,-0.3358912247307118,-0.1212402435114183,-0.299428948457945,-0.1965577391503789,0.0,0.0,-0.6150178754781276,0.0,0.1460091691202378,0.0,0.0,1,recon
UNS_adv_source_811,UNSW-NB15,Reconnaissance,known,clean,adv_source,False,False,0.4831356758577567,-0.102435973747594,-0.3938123854724437,-0.1860411478064247,-0.1686897975941312,-0.4511913514709689,-0.3358912247307118,-0.264197653581053,-0.4460182315991448,-0.3187675012281855,0.0,0.0,-0.6150178754781276,0.0,0.3090215341155018,0.0,0.0,1,recon
UNS_adv_source_812,UNSW-NB15,Reconnaissance,known,clean,adv_source,False,False,0.3807627250725777,-0.102435973747594,-0.2360254566147331,-0.1860411478064247,-0.1686897975941312,-0.1720218555001272,-0.3358912247307118,-0.2339061775709254,-0.3126562049362003,-0.2925486900569336,0.0,0.0,-0.0834191154081131,0.0,0.2808010417399277,0.0,0.0,1,recon
UNS_adv_source_813,UNSW-NB15,Reconnaissance,known,clean,adv_source,False,False,0.2678842345009924,-0.102435973747594,-0.3938123854724437,-0.1860411478064247,-0.1686897975941312,-0.4511913514709689,-0.3358912247307118,-0.1977147556699549,-0.3772980026373119,-0.2614775208145544,0.0,0.0,-0.6150178754781276,0.0,0.2222085674278195,0.0,0.0,1,recon
UNS_adv_source_814,UNSW-NB15,Reconnaissance,known,clean,adv_source,False,False,0.0972346022219095,-0.102435973747594,-0.3938123854724437,-0.1860411478064247,-0.1686897975941312,-0.4511913514709689,-0.3358912247307118,-0.1357316121710515,-0.3141052434844086,-0.2087936148232462,0.0,0.0,-0.6150178754781276,0.0,0.1592916534552722,0.0,0.0,1,recon
UNS_adv_source_815,UNSW-NB15,Reconnaissance,known,clean,adv_source,False,False,0.1554506974272637,-0.102435973747594,-0.3938123854724437,-0.1860411478064247,-0.1686897975941312,-0.4511913514709689,-0.3358912247307118,-0.1580353065541066,-0.3367616893614797,-0.2276825425150385,0.0,0.0,-0.6150178754781276,0.0,0.1762163710312194,0.0,0.0,1,recon
UNS_adv_source_816,UNSW-NB15,Reconnaissance,known,clean,adv_source,False,False,-0.410909975557202,-0.1966718831246962,-0.2173619186523854,-0.1860411478064247,-0.379952234002974,-0.0751614795115436,-0.4463882960065087,0.1430849886990921,0.130983031394235,-0.0161277584430269,0.0,0.0,0.1006150063476124,0.0,-0.2032516441534482,0.0,0.0,1,recon
UNS_adv_source_817,UNSW-NB15,Reconnaissance,known,clean,adv_source,False,False,-0.0509762000803365,-0.1966718831246962,-0.22992482392752,-0.1860411478064247,-0.379952234002974,-0.0973887955444924,-0.4463882960065087,-0.101174462875012,-0.1205759512076392,-0.2190074377497643,0.0,0.0,0.0516454137807245,0.0,0.0493129170042976,0.0,0.0,1,recon
UNS_adv_source_818,UNSW-NB15,Reconnaissance,known,clean,adv_source,False,False,0.1814104495293816,-0.102435973747594,-0.3938123854724437,-0.1860411478064247,-0.1686897975941312,-0.4511913514709689,-0.3358912247307118,-0.1675677588211313,-0.3464719258367718,-0.2357779988101416,0.0,0.0,-0.6150178754781276,0.0,0.1831229698327254,0.0,0.0,1,recon
UNS_adv_source_819,UNSW-NB15,Reconnaissance,known,clean,adv_source,False,False,0.5390680018440303,-0.102435973747594,-0.3938123854724437,-0.1860411478064247,-0.1686897975941312,-0.4511913514709689,-0.3358912247307118,-0.2798858792690808,-0.4624106918651829,-0.3324329595350807,0.0,0.0,-0.6150178754781276,0.0,0.3365253651399627,0.0,0.0,1,recon
UNS_adv_source_820,UNSW-NB15,Reconnaissance,known,clean,adv_source,False,False,0.9583273526955376,-0.102435973747594,-0.3938123854724437,-0.1860411478064247,-0.1686897975941312,-0.4511913514709689,-0.3358912247307118,-0.3829204959595902,-0.5723233028610138,-0.4240553705245192,0.0,0.0,-0.6150178754781276,0.0,0.46409198788922,0.0,0.0,1,recon
UNS_adv_source_821,UNSW-NB15,Reconnaissance,known,clean,adv_source,False,False,0.9721328309973896,-0.102435973747594,-0.3938123854724437,-0.1860411478064247,-0.1686897975941312,-0.4511913514709689,-0.3358912247307118,-0.3859626329750601,-0.5756409046798913,-0.4268207107331526,0.0,0.0,-0.6150178754781276,0.0,0.4621665737716922,0.0,0.0,1,recon
UNS_adv_source_822,UNSW-NB15,Reconnaissance,known,clean,adv_source,False,False,0.4578872401072641,-0.102435973747594,-0.3938123854724437,-0.1860411478064247,-0.1686897975941312,-0.4511913514709689,-0.3358912247307118,-0.2569252283713391,-0.4384443052799998,-0.3124534706141942,0.0,0.0,-0.6150178754781276,0.0,0.2877534135189763,0.0,0.0,1,recon
UNS_adv_source_823,UNSW-NB15,Reconnaissance,known,clean,adv_source,False,False,0.82943115510447,-0.102435973747594,-0.3938123854724437,-0.1860411478064247,-0.1686897975941312,-0.4511913514709689,-0.3358912247307118,-0.3535671616439745,-0.5405514095254992,-0.3975716652886027,0.0,0.0,-0.6150178754781276,0.0,0.4272767748813007,0.0,0.0,1,recon
UNS_adv_source_824,UNSW-NB15,Reconnaissance,known,clean,adv_source,False,False,-0.0320178766072996,-0.102435973747594,-0.2360254566147331,-0.1860411478064247,-0.1686897975941312,-0.1720218555001272,-0.3358912247307118,-0.0806596728080736,-0.1565743598961192,-0.1624310385322465,0.0,0.0,-0.0834191154081131,0.0,0.0957281227230117,0.0,0.0,1,recon
UNS_adv_source_825,UNSW-NB15,Reconnaissance,known,clean,adv_source,False,False,0.0798468500892319,-0.102435973747594,-0.3938123854724437,-0.1860411478064247,-0.1686897975941312,-0.4511913514709689,-0.3358912247307118,-0.1287992385295903,-0.3070802380569175,-0.2029367510357372,0.0,0.0,-0.6150178754781276,0.0,0.1474883991073453,0.0,0.0,1,recon
UNS_adv_source_826,UNSW-NB15,Reconnaissance,known,clean,adv_source,False,False,0.1916185215747556,-0.102435973747594,-0.3938123854724437,-0.1860411478064247,-0.1686897975941312,-0.4511913514709689,-0.3358912247307118,-0.1712515761974137,-0.3502290162783914,-0.2389102740463059,0.0,0.0,-0.6150178754781276,0.0,0.1914932619331254,0.0,0.0,1,recon
UNS_adv_source_827,UNSW-NB15,Reconnaissance,known,clean,adv_source,False,False,0.1290782428792463,-0.102435973747594,-0.3938123854724437,-0.1860411478064247,-0.1686897975941312,-0.4511913514709689,-0.3358912247307118,-0.1480972890321398,-0.3266558764911996,-0.2192572266040459,0.0,0.0,-0.6150178754781276,0.0,0.1794423295243097,0.0,0.0,1,recon
UNS_adv_source_828,UNSW-NB15,Reconnaissance,known,clean,adv_source,False,False,-0.3845944186281426,-0.1966718831246962,-0.3075034332160246,-0.1860411478064247,-0.379952234002974,-0.2346471946399022,-0.4463882960065087,0.1165717142604577,0.0466610138266776,-0.0379711408962381,0.0,0.0,-0.1967697173926928,0.0,-0.171845487943637,0.0,0.0,1,recon
UNS_adv_source_829,UNSW-NB15,Reconnaissance,known,clean,adv_source,False,False,0.1613170976625244,-0.102435973747594,-0.3938123854724437,-0.1860411478064247,-0.1686897975941312,-0.4511913514709689,-0.3358912247307118,-0.1602105778056013,-0.3389760543215674,-0.2295286640232808,0.0,0.0,-0.6150178754781276,0.0,0.1759795223455268,0.0,0.0,1,recon
UNS_adv_source_830,UNSW-NB15,Reconnaissance,known,clean,adv_source,False,False,0.242372391371568,-0.102435973747594,-0.3938123854724437,-0.1860411478064247,-0.1686897975941312,-0.4511913514709689,-0.3358912247307118,-0.1890610382396228,-0.3684303263260059,-0.2540846337088212,0.0,0.0,-0.6150178754781276,0.0,0.2155295292207385,0.0,0.0,1,recon
UNS_adv_source_831,UNSW-NB15,Reconnaissance,known,clean,adv_source,False,False,-0.1459479723019726,-0.1966718831246962,-0.3010571930202929,-0.1860411478064247,-0.379952234002974,-0.2232419810434564,-0.4463882960065087,-0.0530484184801626,-0.1181345771993223,-0.1786641074116257,0.0,0.0,-0.1815636017869231,0.0,0.0255913027713128,0.0,0.0,1,recon
UNS_adv_source_832,UNSW-NB15,Reconnaissance,known,clean,adv_source,False,False,0.4582390661304248,-0.102435973747594,-0.3938123854724437,-0.1860411478064247,-0.1686897975941312,-0.4511913514709689,-0.3358912247307118,-0.2570274166703021,-0.4385506331389719,-0.3125421138862542,0.0,0.0,-0.6150178754781276,0.0,0.2952813226976403,0.0,0.0,1,recon
UNS_adv_source_833,UNSW-NB15,Reconnaissance,known,clean,adv_source,False,False,0.3309303086754071,-0.102435973747594,-0.3938123854724437,-0.1860411478064247,-0.1686897975941312,-0.4511913514709689,-0.3358912247307118,-0.2183255913852685,-0.3984850633902581,-0.2791408070005843,0.0,0.0,-0.6150178754781276,0.0,0.2560382235049976,0.0,0.0,1,recon
UNS_adv_source_834,UNSW-NB15,Reconnaissance,known,clean,adv_source,False,False,-0.0764071863832894,-0.1966718831246962,-0.2662500014260292,-0.1860411478064247,-0.379952234002974,-0.1616582604914592,-0.4463882960065087,-0.08895967798403,-0.1317566582510345,-0.2087444727803366,0.0,0.0,-0.066271239130267,0.0,0.0492058604814377,0.0,0.0,1,recon
UNS_adv_source_835,UNSW-NB15,Reconnaissance,known,clean,adv_source,False,False,0.4994398462801397,-0.102435973747594,-0.3938123854724437,-0.1860411478064247,-0.1686897975941312,-0.4511913514709689,-0.3358912247307118,-0.2688294382998959,-0.4508501230382631,-0.3227955985404173,0.0,0.0,-0.6150178754781276,0.0,0.3166215775462076,0.0,0.0,1,recon
UNS_adv_source_836,UNSW-NB15,Reconnaissance,known,clean,adv_source,False,False,0.1191785619223724,-0.102435973747594,-0.3938123854724437,-0.1860411478064247,-0.1686897975941312,-0.4511913514709689,-0.3358912247307118,-0.1442971993696123,-0.3227961928280469,-0.2160393694120886,0.0,0.0,-0.6150178754781276,0.0,0.1749904710338199,0.0,0.0,1,recon
UNS_adv_source_837,UNSW-NB15,Reconnaissance,known,clean,adv_source,False,False,-0.06556053390104,-0.1966718831246962,-0.2893783382968401,-0.1860411478064247,-0.379952234002974,-0.2025787993067541,-0.4463882960065087,-0.0942240680284661,-0.1517938996791342,-0.2131655816155199,0.0,0.0,-0.1370468208410274,0.0,0.082705075809775,0.0,0.0,1,recon
UNS_adv_source_838,UNSW-NB15,Reconnaissance,known,clean,adv_source,False,False,1.039621069085066,-0.102435973747594,-0.4151812259962339,-0.1860411478064247,-0.1686897975941312,-0.4889988459300785,-0.3358912247307118,-0.4005716780006243,-0.605525266329875,-0.4401589999815253,0.0,0.0,-0.6812002939579518,0.0,0.4867077051679103,0.0,0.0,1,recon
UNS_adv_source_839,UNSW-NB15,Reconnaissance,known,clean,adv_source,False,False,0.7124686930420133,-0.102435973747594,-0.230999018725762,-0.1860411478064247,-0.1686897975941312,-0.1631286718748966,-0.3358912247307118,-0.3252840423873671,-0.4054060123924339,-0.3723621063751089,0.0,0.0,-0.0695875946293154,0.0,0.3919784829300027,0.0,0.0,1,recon
UNS_adv_source_840,UNSW-NB15,Reconnaissance,known,clean,adv_source,False,False,0.0625698276072973,-0.102435973747594,-0.3938123854724437,-0.1860411478064247,-0.1686897975941312,-0.4511913514709689,-0.3358912247307118,-0.1217772735284247,-0.2999722434527609,-0.1970106944736339,0.0,0.0,-0.6150178754781276,0.0,0.1468230066533817,0.0,0.0,1,recon
UNS_adv_source_841,UNSW-NB15,Reconnaissance,known,clean,adv_source,False,False,-0.4012521843594953,-0.1966718831246962,-0.2876141695404099,-0.1860411478064247,-0.379952234002974,-0.1994574881429869,-0.4463882960065087,0.1330613891105599,0.0755950494334697,-0.0243823150272755,0.0,0.0,-0.1370468208410274,0.0,-0.1893955796849042,0.0,0.0,1,recon
UNS_adv_source_842,UNSW-NB15,Reconnaissance,known,clean,adv_source,False,False,0.1966021935903146,-0.102435973747594,-0.3938123854724437,-0.1860411478064247,-0.1686897975941312,-0.4511913514709689,-0.3358912247307118,-0.1730372045877123,-0.3520510850587866,-0.2404293445067307,0.0,0.0,-0.6150178754781276,0.0,0.2239133148799333,0.0,0.0,1,recon
UNS_adv_source_843,UNSW-NB15,Reconnaissance,known,clean,adv_source,False,False,0.8632649714060685,-0.102435973747594,-0.1886175472620106,-0.1860411478064247,-0.1686897975941312,-0.0881439179875349,-0.3358912247307118,-0.3614452443124718,-0.4165811453878672,-0.4046456101955272,0.0,0.0,0.0730587188542003,0.0,0.4371436185128867,0.0,0.0,1,recon
UNS_adv_source_844,UNSW-NB15,Reconnaissance,known,clean,adv_source,False,False,0.7108364744652922,-0.102435973747594,-0.3938123854724437,-0.1860411478064247,-0.1686897975941312,-0.4511913514709689,-0.3358912247307118,-0.324877066643629,-0.5098764271877437,-0.3720013588899014,0.0,0.0,-0.6150178754781276,0.0,0.3916285750553094,0.0,0.0,1,recon
UNS_adv_source_845,UNSW-NB15,Reconnaissance,known,clean,adv_source,False,False,0.0682567022277773,-0.102435973747594,-0.3938123854724437,-0.1860411478064247,-0.1686897975941312,-0.4511913514709689,-0.3358912247307118,-0.1241037101980143,-0.3023263266949053,-0.1989733382384967,0.0,0.0,-0.6150178754781276,0.0,0.1477544521658871,0.0,0.0,1,recon
UNS_adv_source_846,UNSW-NB15,Reconnaissance,known,clean,adv_source,False,False,-0.0344077327371611,-0.1966718831246962,-0.2867352594033841,-0.1860411478064247,-0.379952234002974,-0.1979024486873522,-0.4463882960065087,-0.1089003026040239,-0.1650207089390856,-0.2255076915255334,0.0,0.0,-0.1370468208410274,0.0,0.0991891329257257,0.0,0.0,1,recon
UNS_adv_source_847,UNSW-NB15,Reconnaissance,known,clean,adv_source,False,False,-0.6567938616459617,-1.7230419309240497,-1.687736123693938,-1.6329982705869572,-2.015742594047945,-1.3891607568616555,-2.674884827002709,2.151383822834952,2.1137089456728555,-1.8279148941509256,0.0,0.0,-0.991536559747987,0.0,-1.0272125325678625,0.0,-0.8009099181073703,1,recon
UNS_adv_source_848,UNSW-NB15,Reconnaissance,known,clean,adv_source,False,False,0.8248235306809019,-0.102435973747594,-0.3938123854724437,-0.1860411478064247,-0.1686897975941312,-0.4511913514709689,-0.3358912247307118,-0.3524842702993939,-0.5393871196045245,-0.3966011390379635,0.0,0.0,-0.6150178754781276,0.0,0.4258304165613146,0.0,0.0,1,recon
UNS_adv_source_849,UNSW-NB15,Reconnaissance,known,clean,adv_source,False,False,-0.189118715601591,-0.1966718831246962,-0.2508073586753079,-0.1860411478064247,-0.379952234002974,-0.134335878185227,-0.4463882960065087,-0.028559432785262,-0.0612469183419012,-0.1582226768087093,0.0,0.0,-0.012457010035862,0.0,0.0073010442114792,0.0,0.0,1,recon
UNS_adv_source_850,UNSW-NB15,Reconnaissance,known,clean,adv_source,False,False,0.2647470685182586,-0.102435973747594,-0.3938123854724437,-0.1860411478064247,-0.1686897975941312,-0.4511913514709689,-0.3358912247307118,-0.1966608226505325,-0.3762171509768383,-0.2605764385516121,0.0,0.0,-0.6150178754781276,0.0,0.2291035547533481,0.0,0.0,1,recon
UNS_adv_source_851,UNSW-NB15,Reconnaissance,known,clean,adv_source,False,False,-0.6567938616459617,-1.7230419309240497,-1.734713018013167,-1.6329982705869572,-2.015742594047945,-1.4722761074443456,-2.674884827002709,2.151383822834952,2.083176461508301,-1.8279148941509256,0.0,0.0,-1.1471842301502118,0.0,-1.0272125325678625,0.0,-0.8009099181073703,1,recon
UNS_adv_source_852,UNSW-NB15,Reconnaissance,known,clean,adv_source,False,False,-0.3586630865754655,-0.1966718831246962,-0.2314315284194845,-0.1860411478064247,-0.379952234002974,-0.1000545799452905,-0.4463882960065087,0.0926713531442502,0.0718446994662127,-0.0576892934868088,0.0,0.0,0.0516454137807245,0.0,-0.1485322477454458,0.0,0.0,1,recon
UNS_adv_source_853,UNSW-NB15,Reconnaissance,known,clean,adv_source,False,False,-0.4125195552777144,-0.1966718831246962,-0.2662500014260292,-0.1860411478064247,-0.379952234002974,-0.1616582604914592,-0.4463882960065087,0.1447910623762892,0.1009665512641773,-0.014723199620949,0.0,0.0,-0.066271239130267,0.0,-0.2019262333186895,0.0,0.0,1,recon
UNS_adv_source_854,UNSW-NB15,Reconnaissance,known,clean,adv_source,False,False,0.0790786135703315,-0.102435973747594,-0.3938123854724437,-0.1860411478064247,-0.1686897975941312,-0.4511913514709689,-0.3358912247307118,-0.1284898902936108,-0.3067669296624173,-0.2026755407977631,0.0,0.0,-0.6150178754781276,0.0,0.1547430086788026,0.0,0.0,1,recon
UNS_adv_source_855,UNSW-NB15,Reconnaissance,known,clean,adv_source,False,False,0.1440777119146488,-0.102435973747594,-0.3938123854724437,-0.1860411478064247,-0.1686897975941312,-0.4511913514709689,-0.3358912247307118,-0.1537819369669386,-0.332434370677985,-0.2240748151801953,0.0,0.0,-0.6150178754781276,0.0,0.1699285891094893,0.0,0.0,1,recon
UNS_adv_source_856,UNSW-NB15,Reconnaissance,known,clean,adv_source,False,False,0.2203334909898162,-0.102435973747594,-0.3938123854724437,-0.1860411478064247,-0.1686897975941312,-0.4511913514709689,-0.3358912247307118,-0.1814281085092803,-0.3606216476228155,-0.2475746078998013,0.0,0.0,-0.6150178754781276,0.0,0.2183092662008457,0.0,0.0,1,recon
UNS_adv_source_857,UNSW-NB15,Reconnaissance,known,clean,adv_source,False,False,0.2138025643198059,-0.102435973747594,-0.1893594611823599,-0.1860411478064247,-0.1686897975941312,-0.08945657256987,-0.3358912247307118,-0.1791370697456117,-0.2263301239957147,-0.245622521983312,0.0,0.0,0.0730587188542003,0.0,0.2159523727307111,0.0,0.0,1,recon
UNS_adv_source_858,UNSW-NB15,Reconnaissance,known,clean,adv_source,False,False,-0.1570413164343649,-0.1966718831246962,-0.2902636173540737,-0.1860411478064247,-0.379952234002974,-0.2041451071751601,-0.4463882960065087,-0.0469332608149945,-0.1049134277941118,-0.1735545631578161,0.0,0.0,-0.1370468208410274,0.0,0.0282978642803019,0.0,0.0,1,recon
UNS_adv_source_859,UNSW-NB15,Reconnaissance,known,clean,adv_source,False,False,0.4294313127833697,-0.102435973747594,-0.3938123854724437,-0.1860411478064247,-0.1686897975941312,-0.4511913514709689,-0.3358912247307118,-0.2485777181828418,-0.4297692946352227,-0.3052214961289899,0.0,0.0,-0.6150178754781276,0.0,0.2940905494262604,0.0,0.0,1,recon
UNS_adv_source_860,UNSW-NB15,Reconnaissance,known,clean,adv_source,False,False,0.0793391986599969,-0.102435973747594,-0.3938123854724437,-0.1860411478064247,-0.1686897975941312,-0.4511913514709689,-0.3358912247307118,-0.1285948508487338,-0.3068732236260464,-0.2027641709170205,0.0,0.0,-0.6150178754781276,0.0,0.1566346373336829,0.0,0.0,1,recon
UNS_adv_source_861,UNSW-NB15,Reconnaissance,known,clean,adv_source,False,False,-0.0941657805523639,-0.1966718831246962,-0.31406508535747,-0.1860411478064247,-0.379952234002974,-0.2462566044580959,-0.4463882960065087,-0.0801563637106768,-0.153683143096116,-0.2013581617780019,0.0,0.0,-0.2277606528179107,0.0,0.0664645435538843,0.0,0.0,1,recon
UNS_adv_source_862,UNSW-NB15,Reconnaissance,known,clean,adv_source,False,False,0.1938582271567603,-0.102435973747594,-0.3938123854724437,-0.1860411478064247,-0.1686897975941312,-0.4511913514709689,-0.3358912247307118,-0.1720550911713756,-0.3510488561485212,-0.2395937731835114,0.0,0.0,-0.6150178754781276,0.0,0.1914799548517891,0.0,0.0,1,recon
UNS_adv_source_863,UNSW-NB15,Reconnaissance,known,clean,adv_source,False,False,0.874440326145972,-0.102435973747594,-0.3938123854724437,-0.1860411478064247,-0.1686897975941312,-0.4511913514709689,-0.3358912247307118,-0.3640194233121542,-0.5518169373510546,-0.406962257319076,0.0,0.0,-0.6150178754781276,0.0,0.4341605119337017,0.0,0.0,1,recon
UNS_adv_source_864,UNSW-NB15,Reconnaissance,known,clean,adv_source,False,False,0.0902325686416534,-0.102435973747594,-0.3938123854724437,-0.1860411478064247,-0.1686897975941312,-0.4511913514709689,-0.3358912247307118,-0.1329557952892194,-0.3112913814555721,-0.2064476690916477,0.0,0.0,-0.6150178754781276,0.0,0.1593801112719508,0.0,0.0,1,recon
UNS_adv_source_865,UNSW-NB15,Reconnaissance,known,clean,adv_source,False,False,0.5436182504669171,-0.102435973747594,-0.3938123854724437,-0.1860411478064247,-0.1686897975941312,-0.4511913514709689,-0.3358912247307118,-0.2811377449918592,-0.4637220309948731,-0.3335261512395995,0.0,0.0,-0.6150178754781276,0.0,0.3378353407606757,0.0,0.0,1,recon
UNS_adv_source_866,UNSW-NB15,Reconnaissance,known,clean,adv_source,False,False,0.1823592380823995,-0.102435973747594,-0.3938123854724437,-0.1860411478064247,-0.1686897975941312,-0.4511913514709689,-0.3358912247307118,-0.1679116580468422,-0.3468225522623458,-0.2360703104839709,0.0,0.0,-0.6150178754781276,0.0,0.2025105681156138,0.0,0.0,1,recon
UNS_adv_source_867,UNSW-NB15,Reconnaissance,known,clean,adv_source,False,False,0.2422629579471766,-0.1966718831246962,-0.2911510399462254,-0.1860411478064247,-0.379952234002974,-0.2057152075602657,-0.4463882960065087,-0.217817099652609,-0.2788816562971106,-0.3180457759404417,0.0,0.0,-0.1517065956366626,0.0,0.2275944413232953,0.0,0.0,1,recon
UNS_adv_source_868,UNSW-NB15,Reconnaissance,known,clean,adv_source,False,False,0.4354500137838898,-0.102435973747594,-0.3938123854724437,-0.1860411478064247,-0.1686897975941312,-0.4511913514709689,-0.3358912247307118,-0.2503570315387798,-0.4316167951251054,-0.3067616704425331,0.0,0.0,-0.6150178754781276,0.0,0.296105898442108,0.0,0.0,1,recon
UNS_adv_source_869,UNSW-NB15,Reconnaissance,known,clean,adv_source,False,False,0.1631861804865312,-0.102435973747594,-0.3938123854724437,-0.1860411478064247,-0.1686897975941312,-0.4511913514709689,-0.3358912247307118,-0.1609010006467026,-0.3396790646129416,-0.2301147634252128,0.0,0.0,-0.6150178754781276,0.0,0.1781511923010989,0.0,0.0,1,recon
UNS_adv_source_870,UNSW-NB15,Reconnaissance,known,clean,adv_source,False,False,0.3446194081524578,-0.102435973747594,-0.3938123854724437,-0.1860411478064247,-0.1686897975941312,-0.4511913514709689,-0.3358912247307118,-0.2226649642988751,-0.4029583498897408,-0.2828700798921163,0.0,0.0,-0.6150178754781276,0.0,0.2673523781381517,0.0,0.0,1,recon
UNS_adv_source_871,UNSW-NB15,Reconnaissance,known,clean,adv_source,False,False,-0.0591701222199714,-0.102435973747594,-0.2480290439138256,-0.1860411478064247,-0.1686897975941312,-0.1932595805790629,-0.3358912247307118,-0.0678968228949912,-0.1517352535164669,-0.1517359404302089,0.0,0.0,-0.1258768940774746,0.0,0.0696693331725876,0.0,0.0,1,recon
UNS_adv_source_872,UNSW-NB15,Reconnaissance,known,clean,adv_source,False,False,-0.3646838466334284,-0.1966718831246962,-0.2737984333746671,-0.1860411478064247,-0.379952234002974,-0.1750135615783556,-0.4463882960065087,0.0980447958408952,0.0499421491896542,-0.0532537131373856,0.0,0.0,-0.0940923586327831,0.0,-0.1410068756088291,0.0,0.0,1,recon
UNS_adv_source_873,UNSW-NB15,Reconnaissance,known,clean,adv_source,False,False,0.5460174314655286,-0.102435973747594,-0.3938123854724437,-0.1860411478064247,-0.1686897975941312,-0.4511913514709689,-0.3358912247307118,-0.2817963935909692,-0.4644121912485861,-0.334101473271416,0.0,0.0,-0.6150178754781276,0.0,0.3180636132556119,0.0,0.0,1,recon
UNS_adv_source_874,UNSW-NB15,Reconnaissance,known,clean,adv_source,False,False,0.6194589443061431,-0.102435973747594,-0.3938123854724437,-0.1860411478064247,-0.1686897975941312,-0.4511913514709689,-0.3358912247307118,-0.3015002696415783,-0.4851246096094974,-0.3513679601079365,0.0,0.0,-0.6150178754781276,0.0,0.3628846811360744,0.0,0.0,1,recon
UNS_adv_source_875,UNSW-NB15,Reconnaissance,known,clean,adv_source,False,False,-0.3406878537892203,-0.1966718831246962,-0.3265717307711852,-0.1860411478064247,-0.379952234002974,-0.2683843809584006,-0.4463882960065087,0.0772012658786958,-0.0046112849568043,-0.0704675892940866,0.0,0.0,-0.259556636982954,0.0,-0.1388220892265177,0.0,0.0,1,recon
UNS_adv_source_876,UNSW-NB15,Reconnaissance,known,clean,adv_source,False,False,0.0811628946176805,-0.102435973747594,-0.2631539837185634,-0.1860411478064247,-0.1686897975941312,-0.2200198569368446,-0.3358912247307118,-0.1293285818020308,-0.2232531709102727,-0.2033837436724467,0.0,0.0,-0.1698604244966272,0.0,0.149547295122162,0.0,0.0,1,recon
UNS_adv_source_877,UNSW-NB15,Reconnaissance,known,clean,adv_source,False,False,0.0836108500546292,-0.102435973747594,-0.3938123854724437,-0.1860411478064247,-0.1686897975941312,-0.4511913514709689,-0.3358912247307118,-0.1303111588456008,-0.3086117005086858,-0.2042135677375746,0.0,0.0,-0.6150178754781276,0.0,0.155063328395293,0.0,0.0,1,recon
UNS_adv_source_878,UNSW-NB15,Reconnaissance,known,clean,adv_source,False,False,0.3847597638711674,-0.102435973747594,-0.3938123854724437,-0.1860411478064247,-0.1686897975941312,-0.4511913514709689,-0.3358912247307118,-0.2351307303207163,-0.4158345743450587,-0.2936046242792695,0.0,0.0,-0.6150178754781276,0.0,0.2753520292060733,0.0,0.0,1,recon
UNS_adv_source_879,UNSW-NB15,Reconnaissance,known,clean,adv_source,False,False,0.0851599774390158,-0.102435973747594,-0.2260405843399554,-0.1860411478064247,-0.1686897975941312,-0.1543558055905265,-0.3358912247307118,-0.1309315934028342,-0.2010597330061508,-0.2047376020609683,0.0,0.0,-0.0559106192158861,0.0,0.1593622545408735,0.0,0.0,1,recon
UNS_adv_source_880,UNSW-NB15,Reconnaissance,known,clean,adv_source,False,False,-0.3960795819245728,-0.1966718831246962,-0.2637680143910009,-0.1860411478064247,-0.379952234002974,-0.1572669267188128,-0.4463882960065087,0.1278368159881902,0.0859976706469254,-0.0286864770724494,0.0,0.0,-0.0525942637168377,0.0,-0.1908126155952488,0.0,0.0,1,recon
UNS_adv_source_881,UNSW-NB15,Reconnaissance,known,clean,adv_source,False,False,-0.0495261720853775,-0.1966718831246962,-0.2815056056108763,-0.1860411478064247,-0.379952234002974,-0.1886497189211688,-0.4463882960065087,-0.1018576923192299,-0.1544767364953397,-0.2195819890324205,0.0,0.0,-0.1082436904035468,0.0,0.0727867664220572,0.0,0.0,1,recon
UNS_adv_source_882,UNSW-NB15,Reconnaissance,known,clean,adv_source,False,False,0.6129591188201857,-0.102435973747594,-0.3938123854724437,-0.1860411478064247,-0.1686897975941312,-0.4511913514709689,-0.3358912247307118,-0.2997909268603337,-0.4833225394425882,-0.3498657109641937,0.0,0.0,-0.6150178754781276,0.0,0.3528436389185743,0.0,0.0,1,recon
UNS_adv_source_883,UNSW-NB15,Reconnaissance,known,clean,adv_source,False,False,0.0703805970033325,-0.1966718831246962,-0.2789184982697148,-0.1860411478064247,-0.379952234002974,-0.1840723977344067,-0.4463882960065087,-0.1541146134632361,-0.2058583809463624,-0.2637026459435391,0.0,0.0,-0.1082436904035468,0.0,0.1519405444026328,0.0,0.0,1,recon
UNS_adv_source_884,UNSW-NB15,Reconnaissance,known,clean,adv_source,False,False,1.0829260653364894,-0.102435973747594,-0.3938123854724437,-0.1860411478064247,-0.1686897975941312,-0.4511913514709689,-0.3358912247307118,-0.4097259909912525,-0.6017324672928347,-0.4485686190153513,0.0,0.0,-0.6150178754781276,0.0,0.4905129322537432,0.0,0.0,1,recon
UNS_adv_source_885,UNSW-NB15,Reconnaissance,known,clean,adv_source,False,False,0.1366726151355801,-0.102435973747594,-0.3938123854724437,-0.1860411478064247,-0.1686897975941312,-0.4511913514709689,-0.3358912247307118,-0.1509863011497552,-0.3295918783337006,-0.2217049993185144,0.0,0.0,-0.6150178754781276,0.0,0.1698574414974768,0.0,0.0,1,recon
UNS_adv_source_886,UNSW-NB15,Reconnaissance,known,clean,adv_source,False,False,0.6896911216106625,-0.102435973747594,-0.3938123854724437,-0.1860411478064247,-0.1686897975941312,-0.4511913514709689,-0.3358912247307118,-0.3195722252940018,-0.5042414977344264,-0.3673040764248118,0.0,0.0,-0.6150178754781276,0.0,0.3805331778401035,0.0,0.0,1,recon
UNS_adv_source_887,UNSW-NB15,Reconnaissance,known,clean,adv_source,False,False,-0.3590741226519163,-0.102435973747594,-0.1001417579488428,-0.1860411478064247,-0.1686897975941312,-0.1765146065593602,0.0880129662534196,0.122928038134958,0.0443738723477653,0.2166057878264745,0.0,0.0,0.0626642415261193,0.0,-0.1296773645470271,0.0,0.0,1,recon
UNS_adv_source_888,UNSW-NB15,Reconnaissance,known,clean,adv_source,False,False,-0.0640655766169906,-0.1966718831246962,-0.262122645290886,-0.1860411478064247,-0.379952234002974,-0.1543558055905265,-0.4463882960065087,-0.0949431759867657,-0.1351215981954501,-0.2137697303689684,0.0,0.0,-0.0525942637168377,0.0,0.0634085332510026,0.0,0.0,1,recon
UNS_adv_source_889,UNSW-NB15,Reconnaissance,known,clean,adv_source,False,False,-0.407179337423348,-0.1966718831246962,-0.2413790483697085,-0.1860411478064247,-0.379952234002974,-0.1176545430776501,-0.4463882960065087,0.1391703281596534,0.1115198205656379,-0.0193510389958837,0.0,0.0,0.0135881547629864,0.0,-0.2009792461222487,0.0,0.0,1,recon
UNS_adv_source_890,UNSW-NB15,Reconnaissance,known,clean,adv_source,False,False,0.2020001178206366,-0.102435973747594,-0.2895123216370897,-0.1860411478064247,-0.1686897975941312,-0.266655176887712,-0.3358912247307118,-0.1749619365988078,-0.2868639515161985,-0.2420673347839138,0.0,0.0,-0.2628729924820024,0.0,0.194552692770813,0.0,0.0,1,recon
UNS_adv_source_891,UNSW-NB15,Reconnaissance,known,clean,adv_source,False,False,0.3491926686423856,-0.102435973747594,-0.3938123854724437,-0.1860411478064247,-0.1686897975941312,-0.4511913514709689,-0.3358912247307118,-0.224104426956816,-0.4044432435765572,-0.2841079983375826,0.0,0.0,-0.6150178754781276,0.0,0.2693442343559476,0.0,0.0,1,recon
UNS_adv_source_892,UNSW-NB15,Reconnaissance,known,clean,adv_source,False,False,0.4584915012081459,-0.102435973747594,-0.3938123854724437,-0.1860411478064247,-0.1686897975941312,-0.4511913514709689,-0.3358912247307118,-0.2571007094440373,-0.438626902773588,-0.31260569355995,0.0,0.0,-0.6150178754781276,0.0,0.2931064919336549,0.0,0.0,1,recon
UNS_adv_source_893,UNSW-NB15,Reconnaissance,known,clean,adv_source,False,False,1.9552033887177305,-0.102435973747594,-0.3938123854724437,-0.1860411478064247,-0.1686897975941312,-0.4511913514709689,-0.3358912247307118,-0.5658902831634532,-0.7842811090304949,-0.6006965761164571,0.0,0.0,-0.6150178754781276,0.0,0.7061534175834455,0.0,0.0,1,recon
UNS_adv_source_894,UNSW-NB15,Reconnaissance,known,clean,adv_source,False,False,0.2718518981648071,-0.102435973747594,-0.3938123854724437,-0.1860411478064247,-0.1686897975941312,-0.4511913514709689,-0.3358912247307118,-0.1990437033157676,-0.3786612188703126,-0.2626140403136027,0.0,0.0,-0.6150178754781276,0.0,0.2392261280580978,0.0,0.0,1,recon
UNS_adv_source_895,UNSW-NB15,Reconnaissance,known,clean,adv_source,False,False,0.1051077823747997,-0.102435973747594,-0.3938123854724437,-0.1860411478064247,-0.1686897975941312,-0.4511913514709689,-0.3358912247307118,-0.1388278335995562,-0.317245363516297,-0.2114115779220783,0.0,0.0,-0.6150178754781276,0.0,0.1685896511388143,0.0,0.0,1,recon
UNS_adv_source_896,UNSW-NB15,Reconnaissance,known,clean,adv_source,False,False,0.3938280082259239,-0.102435973747594,-0.3938123854724437,-0.1860411478064247,-0.1686897975941312,-0.4511913514709689,-0.3358912247307118,-0.2378956435523627,-0.4186958720466499,-0.2959899932866989,0.0,0.0,-0.6150178754781276,0.0,0.2800444536367448,0.0,0.0,1,recon
UNS_adv_source_897,UNSW-NB15,Reconnaissance,known,clean,adv_source,False,False,0.3601419679995017,-0.102435973747594,-0.3938123854724437,-0.1860411478064247,-0.1686897975941312,-0.4511913514709689,-0.3358912247307118,-0.2275304236593325,-0.4079793890892714,-0.287055993160357,0.0,0.0,-0.6150178754781276,0.0,0.2619121225661422,0.0,0.0,1,recon
UNS_adv_source_898,UNSW-NB15,Reconnaissance,known,clean,adv_source,False,False,1.003169419812839,-0.102435973747594,-0.3938123854724437,-0.1860411478064247,-0.1686897975941312,-0.4511913514709689,-0.3358912247307118,-0.3927343038235616,-0.5830436408549692,-0.4329911465662888,0.0,0.0,-0.6150178754781276,0.0,0.4767001387910992,0.0,0.0,1,recon
UNS_adv_source_899,UNSW-NB15,Reconnaissance,known,clean,adv_source,False,False,1.82013420060123,-0.1966718831246962,-0.2797788398654819,-0.1860411478064247,-0.379952234002974,-0.1855945842132984,-0.4463882960065087,-0.5684364995541099,-0.6612870685022333,-0.6426352240760547,0.0,0.0,-0.1082436904035468,0.0,0.6804621144847621,0.0,0.0,1,recon
UNS_adv_source_900,UNSW-NB15,Reconnaissance,known,clean,adv_source,False,False,0.4172394098981066,-0.102435973747594,-0.3938123854724437,-0.1860411478064247,-0.1686897975941312,-0.4511913514709689,-0.3358912247307118,-0.2449502757440246,-0.4260055149168065,-0.30208378286992,0.0,0.0,-0.6150178754781276,0.0,0.2942994713254093,0.0,0.0,1,recon
UNS_adv_source_901,UNSW-NB15,Reconnaissance,known,clean,adv_source,False,False,-0.4118640494981875,-0.1966718831246962,-0.2956206727980933,-0.1860411478064247,-0.379952234002974,-0.2136232463278869,-0.4463882960065087,0.1440949972174804,0.0813906877678667,-0.0152962339692358,0.0,0.0,-0.1665440689975788,0.0,-0.2369220942157524,0.0,0.0,1,recon
UNS_adv_source_902,UNSW-NB15,Reconnaissance,known,clean,adv_source,False,False,0.1036286768923543,-0.102435973747594,-0.3938123854724437,-0.1860411478064247,-0.1686897975941312,-0.4511913514709689,-0.3358912247307118,-0.1382481383973237,-0.316657326243435,-0.2109213267543135,0.0,0.0,-0.6150178754781276,0.0,0.1679117001727967,0.0,0.0,1,recon
UNS_adv_source_903,UNSW-NB15,Reconnaissance,known,clean,adv_source,False,False,0.5359765067003547,-0.102435973747594,-0.3938123854724437,-0.1860411478064247,-0.1686897975941312,-0.4511913514709689,-0.3358912247307118,-0.279033286611554,-0.4615178594419064,-0.3316886672428855,0.0,0.0,-0.6150178754781276,0.0,0.3282159144418547,0.0,0.0,1,recon
UNS_adv_source_904,UNSW-NB15,Reconnaissance,known,clean,adv_source,False,False,0.3690182958609913,-0.102435973747594,-0.3938123854724437,-0.1860411478064247,-0.1686897975941312,-0.4511913514709689,-0.3358912247307118,-0.2302869930406385,-0.4108267149138255,-0.289429723900593,0.0,0.0,-0.6150178754781276,0.0,0.2675382080024411,0.0,0.0,1,recon
UNS_adv_source_905,UNSW-NB15,Reconnaissance,known,clean,adv_source,False,False,0.2580006094598439,-0.102435973747594,-0.2068516253871143,-0.1860411478064247,-0.1686897975941312,-0.1204051352919706,-0.3358912247307118,-0.1943847464675998,-0.2533828733041217,-0.258631130815275,0.0,0.0,0.0102717992639381,0.0,0.1914341136985966,0.0,0.0,1,recon
UNS_adv_source_906,UNSW-NB15,Reconnaissance,known,clean,adv_source,False,False,0.237507933299322,-0.102435973747594,-0.3938123854724437,-0.1860411478064247,-0.1686897975941312,-0.4511913514709689,-0.3358912247307118,-0.1873891156381405,-0.3667188704611681,-0.2526578216757715,0.0,0.0,-0.6150178754781276,0.0,0.2225958833609355,0.0,0.0,1,recon
UNS_adv_source_907,UNSW-NB15,Reconnaissance,known,clean,adv_source,False,False,0.7284504117864627,-0.102435973747594,-0.3938123854724437,-0.1860411478064247,-0.1686897975941312,-0.4511913514709689,-0.3358912247307118,-0.3292502434236377,-0.5145300370506902,-0.3758806062035293,0.0,0.0,-0.6150178754781276,0.0,0.3901564707621542,0.0,0.0,1,recon
UNS_adv_source_908,UNSW-NB15,Reconnaissance,known,clean,adv_source,False,False,-0.656764430691895,-1.7230419309240497,-1.5999399182186915,-1.6329982705869572,-2.015742594047945,-1.2338245537419428,-2.674884827002709,1.6580797128343712,1.68938400674827,-1.8279148941509256,0.0,0.0,-0.7002569686872211,0.0,-1.0217630203531198,0.0,-0.8009099181073703,1,recon
UNS_adv_source_909,UNSW-NB15,Reconnaissance,known,clean,adv_source,False,False,0.0678349726699233,-0.102435973747594,-0.3938123854724437,-0.1860411478064247,-0.1686897975941312,-0.4511913514709689,-0.3358912247307118,-0.1239317107842147,-0.3021522580988046,-0.1988282019650548,0.0,0.0,-0.6150178754781276,0.0,0.1481560797149689,0.0,0.0,1,recon
UNS_adv_source_910,UNSW-NB15,Reconnaissance,known,clean,adv_source,False,False,0.189887872617382,-0.102435973747594,-0.3938123854724437,-0.1860411478064247,-0.1686897975941312,-0.4511913514709689,-0.3358912247307118,-0.1706295293097672,-0.3495944105039534,-0.2383812162964279,0.0,0.0,-0.6150178754781276,0.0,0.2059189430523695,0.0,0.0,1,recon
UNS_adv_source_911,UNSW-NB15,Reconnaissance,known,clean,adv_source,False,False,0.0831908285086428,-0.102435973747594,-0.3938123854724437,-0.1860411478064247,-0.1686897975941312,-0.4511913514709689,-0.3358912247307118,-0.1301427546312343,-0.3084411026804259,-0.2040713251173868,0.0,0.0,-0.6150178754781276,0.0,0.1562674267990562,0.0,0.0,1,recon
UNS_adv_source_912,UNSW-NB15,Reconnaissance,known,clean,adv_source,False,False,0.1231058926650403,-0.102435973747594,-0.3938123854724437,-0.1860411478064247,-0.1686897975941312,-0.4511913514709689,-0.3358912247307118,-0.1458094048375901,-0.324331822900152,-0.217319638058704,0.0,0.0,-0.6150178754781276,0.0,0.1767615944410596,0.0,0.0,1,recon
UNS_adv_source_913,UNSW-NB15,Reconnaissance,known,clean,adv_source,False,False,0.0750774847072311,-0.1966718831246962,-0.2729520003160082,-0.1860411478064247,-0.379952234002974,-0.1735159832170204,-0.4463882960065087,-0.1560110445886915,-0.2038165811376617,-0.2653108805001599,0.0,0.0,-0.0801027599090648,0.0,0.1246831796976979,0.0,0.0,1,recon
UNS_adv_source_914,UNSW-NB15,Reconnaissance,known,clean,adv_source,False,False,0.4349020913728565,-0.102435973747594,-0.3938123854724437,-0.1860411478064247,-0.1686897975941312,-0.4511913514709689,-0.3358912247307118,-0.2501953593062438,-0.4314488823316896,-0.3066216987737645,0.0,0.0,-0.6150178754781276,0.0,0.292014412172541,0.0,0.0,1,recon
UNS_adv_source_915,UNSW-NB15,Reconnaissance,known,clean,adv_source,False,False,-0.0027209223601313,-0.1966718831246962,-0.3188249620190016,-0.1860411478064247,-0.379952234002974,-0.2546781662319577,-0.4463882960065087,-0.1232045252232643,-0.2001824896145747,-0.2375620171551581,0.0,0.0,-0.2435554082834392,0.0,0.0820502845567469,0.0,0.0,1,recon
UNS_adv_source_916,UNSW-NB15,Reconnaissance,known,clean,adv_source,False,False,0.2036370452449437,-0.102435973747594,-0.3938123854724437,-0.1860411478064247,-0.1686897975941312,-0.4511913514709689,-0.3358912247307118,-0.1755437184319941,-0.3546098242593039,-0.2425625668023072,0.0,0.0,-0.6150178754781276,0.0,0.1915583110195832,0.0,0.0,1,recon
UNS_adv_source_917,UNSW-NB15,Reconnaissance,known,clean,adv_source,False,False,0.2903581793455549,-0.1966718831246962,-0.3028874357825835,-0.1860411478064247,-0.379952234002974,-0.2264801957241776,-0.4463882960065087,-0.2338732398354617,-0.3028953557116655,-0.331860797514851,0.0,0.0,-0.1815636017869231,0.0,0.2411018001850462,0.0,0.0,1,recon
UNS_adv_source_918,UNSW-NB15,Reconnaissance,known,clean,adv_source,False,False,0.6998739711392695,-0.102435973747594,-0.3938123854724437,-0.1860411478064247,-0.1686897975941312,-0.4511913514709689,-0.3358912247307118,-0.3221344188233572,-0.506961764343147,-0.3695716874896966,0.0,0.0,-0.6150178754781276,0.0,0.3880597264009672,0.0,0.0,1,recon
UNS_adv_source_919,UNSW-NB15,Reconnaissance,known,clean,adv_source,False,False,0.0684104371005943,-0.102435973747594,-0.3938123854724437,-0.1860411478064247,-0.1686897975941312,-0.4511913514709689,-0.3358912247307118,-0.1241663938705468,-0.3023897597298233,-0.19902622801449,0.0,0.0,-0.6150178754781276,0.0,0.1493768438377083,0.0,0.0,1,recon
UNS_adv_source_920,UNSW-NB15,Reconnaissance,known,clean,adv_source,False,False,0.4730639160377776,-0.102435973747594,-0.3938123854724437,-0.1860411478064247,-0.1686897975941312,-0.4511913514709689,-0.3358912247307118,-0.2613113787562784,-0.4430104621676332,-0.3162600658567251,0.0,0.0,-0.6150178754781276,0.0,0.3052503946575328,0.0,0.0,1,recon
UNS_adv_source_921,UNSW-NB15,Reconnaissance,known,clean,adv_source,False,False,-0.2138363391825781,-0.1966718831246962,-0.22992482392752,-0.1860411478064247,-0.379952234002974,-0.0973887955444924,-0.4463882960065087,-0.0136308308479509,-0.0327451846769228,-0.1457868754580434,0.0,0.0,0.0516454137807245,0.0,-0.0420670914473266,0.0,0.0,1,recon
UNS_adv_source_922,UNSW-NB15,Reconnaissance,known,clean,adv_source,False,False,0.305623773304875,-0.102435973747594,-0.3938123854724437,-0.1860411478064247,-0.1686897975941312,-0.4511913514709689,-0.3358912247307118,-0.2101792172153369,-0.3900993379779821,-0.2721498142672921,0.0,0.0,-0.6150178754781276,0.0,0.2464803518572344,0.0,0.0,1,recon
UNS_adv_source_923,UNSW-NB15,Reconnaissance,known,clean,adv_source,False,False,0.2117259744792972,-0.102435973747594,-0.3938123854724437,-0.1860411478064247,-0.1686897975941312,-0.4511913514709689,-0.3358912247307118,-0.1784057337884359,-0.3575329655778156,-0.2449995771938467,0.0,0.0,-0.6150178754781276,0.0,0.2106978028290534,0.0,0.0,1,recon
UNS_adv_source_924,UNSW-NB15,Reconnaissance,known,clean,adv_source,False,False,0.5520200075202724,-0.102435973747594,-0.3938123854724437,-0.1860411478064247,-0.1686897975941312,-0.4511913514709689,-0.3358912247307118,-0.2834399886484745,-0.4661349657524575,-0.3355376517689554,0.0,0.0,-0.6150178754781276,0.0,0.331074631360523,0.0,0.0,1,recon
UNS_adv_source_925,UNSW-NB15,Reconnaissance,known,clean,adv_source,False,False,-0.3274449486720402,-0.1966718831246962,-0.2929323574333348,-0.1860411478064247,-0.379952234002974,-0.2088668596561678,-0.4463882960065087,0.0663104438737723,0.0060240903834781,-0.0794711095103477,0.0,0.0,-0.1517065956366626,0.0,-0.1303171325607426,0.0,0.0,1,recon
UNS_adv_source_926,UNSW-NB15,Reconnaissance,known,clean,adv_source,False,False,0.1453341606455297,-0.1966718831246962,-0.235989166651462,-0.1860411478064247,-0.379952234002974,-0.1081183250048447,-0.4463882960065087,-0.1832504506710267,-0.2077098685931958,-0.2884720092385495,0.0,0.0,0.0390906722893857,0.0,0.1794280427898235,0.0,0.0,1,recon
UNS_adv_source_927,UNSW-NB15,Reconnaissance,known,clean,adv_source,False,False,-0.3508237370289883,-0.1966718831246962,-0.2956206727980933,-0.1860411478064247,-0.379952234002974,-0.2136232463278869,-0.4463882960065087,0.0858222749460544,0.0237599200778428,-0.063345086364895,0.0,0.0,-0.1665440689975788,0.0,-0.1500148723708739,0.0,0.0,1,recon
UNS_adv_source_928,UNSW-NB15,Reconnaissance,known,clean,adv_source,False,False,1.9877244973785575,-0.102435973747594,-0.3938123854724437,-0.1860411478064247,-0.1686897975941312,-0.4511913514709689,-0.3358912247307118,-0.5708667946640282,-0.7905471885096127,-0.6059171901032212,0.0,0.0,-0.6150178754781276,0.0,0.7185821794111602,0.0,0.0,1,recon
UNS_adv_source_929,UNSW-NB15,Reconnaissance,known,clean,adv_source,False,False,0.1080842928550037,-0.102435973747594,-0.3938123854724437,-0.1860411478064247,-0.1686897975941312,-0.4511913514709689,-0.3358912247307118,-0.1399916087170203,-0.3184260399194822,-0.2123959269038266,0.0,0.0,-0.6150178754781276,0.0,0.1699509725134166,0.0,0.0,1,recon
UNS_adv_source_930,UNSW-NB15,Reconnaissance,known,clean,adv_source,False,False,0.9466676686795208,-0.102435973747594,-0.3938123854724437,-0.1860411478064247,-0.1686897975941312,-0.4511913514709689,-0.3358912247307118,-0.3803365348367316,-0.5695091853715415,-0.4217096807780705,0.0,0.0,-0.6150178754781276,0.0,0.4609530774013046,0.0,0.0,1,recon
UNS_adv_source_931,UNSW-NB15,Reconnaissance,known,clean,adv_source,False,False,0.34425871630611,-0.102435973747594,-0.3938123854724437,-0.1860411478064247,-0.1686897975941312,-0.4511913514709689,-0.3358912247307118,-0.2225512127150894,-0.4028410258650406,-0.2827722702764019,0.0,0.0,-0.6150178754781276,0.0,0.2643588126827381,0.0,0.0,1,recon
UNS_adv_source_932,UNSW-NB15,Reconnaissance,known,clean,adv_source,False,False,0.0657560317533014,-0.102435973747594,-0.3938123854724437,-0.1860411478064247,-0.1686897975941312,-0.4511913514709689,-0.3358912247307118,-0.1230825789482763,-0.3012929570204826,-0.1981117909150232,0.0,0.0,-0.6150178754781276,0.0,0.1461520895362256,0.0,0.0,1,recon
UNS_adv_source_933,UNSW-NB15,Reconnaissance,known,clean,adv_source,False,False,-0.3969994175736845,-0.1966718831246962,-0.2195478417415132,-0.1860411478064247,-0.379952234002974,-0.0790289928185116,-0.4463882960065087,0.1287588330360687,0.1152644235480067,-0.0279268207374194,0.0,0.0,0.0885550411624382,0.0,-0.1895484149821555,0.0,0.0,1,recon
UNS_adv_source_934,UNSW-NB15,Reconnaissance,known,clean,adv_source,False,False,0.2738970094068653,-0.102435973747594,-0.3938123854724437,-0.1860411478064247,-0.1686897975941312,-0.4511913514709689,-0.3358912247307118,-0.1997269499857878,-0.3793622391758012,-0.2631984690022131,0.0,0.0,-0.6150178754781276,0.0,0.2400730450467854,0.0,0.0,1,recon
UNS_adv_source_935,UNSW-NB15,Reconnaissance,known,clean,adv_source,False,False,0.715619422963912,-0.102435973747594,-0.3938123854724437,-0.1860411478064247,-0.1686897975941312,-0.4511913514709689,-0.3358912247307118,-0.3260686448697962,-0.5111436629389869,-0.3730577295112925,0.0,0.0,-0.6150178754781276,0.0,0.3886889587457978,0.0,0.0,1,recon
UNS_adv_source_936,UNSW-NB15,Reconnaissance,known,clean,adv_source,False,False,0.209063198781222,-0.102435973747594,-0.2760962488033103,-0.1860411478064247,-0.1686897975941312,-0.2429183672671143,-0.3358912247307118,-0.1774659486420115,-0.2804915605184299,-0.2441991858993185,0.0,0.0,-0.2154834654046542,0.0,0.2139798989385994,0.0,0.0,1,recon
UNS_adv_source_937,UNSW-NB15,Reconnaissance,known,clean,adv_source,False,False,0.0607220250379384,-0.102435973747594,-0.3938123854724437,-0.1860411478064247,-0.1686897975941312,-0.4511913514709689,-0.3358912247307118,-0.121018115436107,-0.2992042309476345,-0.196370389996413,0.0,0.0,-0.6150178754781276,0.0,0.1477999256188113,0.0,0.0,1,recon
UNS_adv_source_938,UNSW-NB15,Reconnaissance,known,clean,adv_source,False,False,-0.0493567056299966,-0.1966718831246962,-0.2806412057962814,-0.1860411478064247,-0.379952234002974,-0.1871203523107357,-0.4463882960065087,-0.1019374777168209,-0.1539378735066451,-0.2196490901854867,0.0,0.0,-0.1082436904035468,0.0,0.0599351693996225,0.0,0.0,1,recon
UNS_adv_source_939,UNSW-NB15,Reconnaissance,known,clean,adv_source,False,False,0.0662494835304331,-0.102435973747594,-0.3938123854724437,-0.1860411478064247,-0.1686897975941312,-0.4511913514709689,-0.3358912247307118,-0.1232842911973191,-0.3014970651131703,-0.1982819659792372,0.0,0.0,-0.6150178754781276,0.0,0.1461168016155252,0.0,0.0,1,recon
UNS_adv_source_940,UNSW-NB15,Reconnaissance,known,clean,adv_source,False,False,1.5904041080191609,-0.102435973747594,-0.3938123854724437,-0.1860411478064247,-0.1686897975941312,-0.4511913514709689,-0.3358912247307118,-0.506299593079983,-0.7118069684678181,-0.5403074807589366,0.0,0.0,-0.6150178754781276,0.0,0.6246855199352132,0.0,0.0,1,recon
UNS_adv_source_941,UNSW-NB15,Reconnaissance,known,clean,adv_source,False,False,0.5009803729325065,-0.102435973747594,-0.1705416281297927,-0.1860411478064247,-0.1686897975941312,-0.0561625284650758,-0.3358912247307118,-0.2692645204188415,-0.3071789793844556,-0.3231742358306097,0.0,0.0,0.1327816154058647,0.0,0.3213056786301894,0.0,0.0,1,recon
UNS_adv_source_942,UNSW-NB15,Reconnaissance,known,clean,adv_source,False,False,0.0679033208472039,-0.102435973747594,-0.3938123854724437,-0.1860411478064247,-0.1686897975941312,-0.4511913514709689,-0.3358912247307118,-0.1239595940480651,-0.3021804718390544,-0.1988517320214512,0.0,0.0,-0.6150178754781276,0.0,0.1488967796679587,0.0,0.0,1,recon
UNS_adv_source_943,UNSW-NB15,Reconnaissance,known,clean,adv_source,False,False,0.3533629310742515,-0.102435973747594,-0.3938123854724437,-0.1860411478064247,-0.1686897975941312,-0.4511913514709689,-0.3358912247307118,-0.2254126689853283,-0.4057932011711969,-0.2852334206244358,0.0,0.0,-0.6150178754781276,0.0,0.2709071410733351,0.0,0.0,1,recon
UNS_adv_source_944,UNSW-NB15,Reconnaissance,known,clean,adv_source,False,False,0.1050516631594479,-0.102435973747594,-0.3938123854724437,-0.1860411478064247,-0.1686897975941312,-0.4511913514709689,-0.3358912247307118,-0.1388058500047412,-0.3172230505856021,-0.2113929822614319,0.0,0.0,-0.6150178754781276,0.0,0.1637931129363123,0.0,0.0,1,recon
UNS_adv_source_945,UNSW-NB15,Reconnaissance,known,clean,adv_source,False,False,0.2236249268582492,-0.102435973747594,-0.3938123854724437,-0.1860411478064247,-0.1686897975941312,-0.4511913514709689,-0.3358912247307118,-0.1825776267805345,-0.3617968778943249,-0.2485543867772055,0.0,0.0,-0.6150178754781276,0.0,0.201742692019114,0.0,0.0,1,recon
UNS_adv_source_946,UNSW-NB15,Reconnaissance,known,clean,adv_source,False,False,0.4503247554700229,-0.102435973747594,-0.3938123854724437,-0.1860411478064247,-0.1686897975941312,-0.4511913514709689,-0.3358912247307118,-0.2547227102437068,-0.4361534800258568,-0.3105437052657639,0.0,0.0,-0.6150178754781276,0.0,0.3060496648309517,0.0,0.0,1,recon
UNS_adv_source_947,UNSW-NB15,Reconnaissance,known,clean,adv_source,False,False,1.1347483914767162,-0.102435973747594,-0.3938123854724437,-0.1860411478064247,-0.1686897975941312,-0.4511913514709689,-0.3358912247307118,-0.4204667458062709,-0.6136350458683789,-0.4584893988781283,0.0,0.0,-0.6150178754781276,0.0,0.5075724532938091,0.0,0.0,1,recon
UNS_adv_source_948,UNSW-NB15,Reconnaissance,known,clean,adv_source,False,False,0.2827736075528929,-0.102435973747594,-0.3938123854724437,-0.1860411478064247,-0.1686897975941312,-0.4511913514709689,-0.3358912247307118,-0.2026790174670447,-0.3823922881762021,-0.2657245754649863,0.0,0.0,-0.6150178754781276,0.0,0.2393523366085238,0.0,0.0,1,recon
UNS_adv_source_949,UNSW-NB15,Reconnaissance,known,clean,adv_source,False,False,-0.402232197792439,-0.1966718831246962,-0.3246196337381977,-0.1860411478064247,-0.379952234002974,-0.2649305717694485,-0.4463882960065087,0.1340623215639888,0.0527026185556831,-0.0235578443468335,0.0,0.0,-0.259556636982954,0.0,-0.1969046808922045,0.0,0.0,1,recon
UNS_adv_source_950,UNSW-NB15,Reconnaissance,known,clean,adv_source,False,False,0.2056767573669454,-0.102435973747594,-0.3938123854724437,-0.1860411478064247,-0.1686897975941312,-0.4511913514709689,-0.3358912247307118,-0.1762674152220406,-0.3553488254562595,-0.243178660844379,0.0,0.0,-0.6150178754781276,0.0,0.2066592074234227,0.0,0.0,1,recon
UNS_adv_source_951,UNSW-NB15,Reconnaissance,known,clean,adv_source,False,False,0.3678136695228656,-0.102435973747594,-0.3938123854724437,-0.1860411478064247,-0.1686897975941312,-0.4511913514709689,-0.3358912247307118,-0.2299139674712597,-0.4104412931849712,-0.2891084138976167,0.0,0.0,-0.6150178754781276,0.0,0.2711102648582129,0.0,0.0,1,recon
UNS_adv_source_952,UNSW-NB15,Reconnaissance,known,clean,adv_source,False,False,0.447668364743528,-0.102435973747594,-0.3938123854724437,-0.1860411478064247,-0.1686897975941312,-0.4511913514709689,-0.3358912247307118,-0.2539463491261547,-0.4353463251335039,-0.3098708333713337,0.0,0.0,-0.6150178754781276,0.0,0.3006231849329026,0.0,0.0,1,recon
UNS_adv_source_953,UNSW-NB15,Reconnaissance,known,clean,adv_source,False,False,0.4391120673092936,-0.102435973747594,-0.3938123854724437,-0.1860411478064247,-0.1686897975941312,-0.4511913514709689,-0.3358912247307118,-0.2514360108089078,-0.4327375263112791,-0.3076959782370304,0.0,0.0,-0.6150178754781276,0.0,0.2952990873958274,0.0,0.0,1,recon
UNS_adv_source_954,UNSW-NB15,Reconnaissance,known,clean,adv_source,False,False,1.6339016934870716,-0.102435973747594,-0.1834657807905827,-0.1860411478064247,-0.1686897975941312,-0.0790289928185116,-0.3358912247307118,-0.513789079285195,-0.5851137390141603,-0.5477059159893808,0.0,0.0,0.0852386856633898,0.0,0.6344668974989324,0.0,0.0,1,recon
UNS_adv_source_955,UNSW-NB15,Reconnaissance,known,clean,adv_source,False,False,0.4020024802932234,-0.102435973747594,-0.3938123854724437,-0.1860411478064247,-0.1686897975941312,-0.4511913514709689,-0.3358912247307118,-0.2403724186255969,-0.4212606926342698,-0.2981281963687174,0.0,0.0,-0.6150178754781276,0.0,0.2822149099494446,0.0,0.0,1,recon
