flow_duration,Header_Length,Protocol Type,Duration,Rate,Drate,fin_flag_number,syn_flag_number,rst_flag_number,psh_flag_number,ack_flag_number,ece_flag_number,cwr_flag_number,ack_count,syn_count,fin_count,urg_count,rst_count,HTTP,HTTPS,DNS,SSH,TCP,UDP,DHCP,ARP,ICMP,IPv,Tot sum,Min,Max,Std,Tot size,IAT,Magnitue,Covariance,Variance,label_multiclass,label_binary
0.10648883661951267,0.1459245453661144,0.0,0.0,-0.3088722343984935,0.0,0.6931471805599453,0.0,0.6931471805599453,0.0,0.0,0.0,0.0,0.688134638736401,0.0,0.688134638736401,0.058268908123975775,3.4166500970741085,0.0,0.0,0.0,0.0,0.0,0.0,0.0,0.0,0.0,0.0,0.005380865863495001,0.0,0.037951792293886476,0.12450156706991224,0.055528745286416076,0.8156094290916496,0.0,0.0,0.0,DDoS-RSTFINFlood,1
11.074545041867086,3.4139587821427284,0.0,1.2018166353094708,0.7054681161582202,0.0,0.0,0.0,0.0,0.0,0.6931471805599453,0.0,0.0,0.0,5.52480535211579,0.0,2.990719731730447,319.7753025074713,0.0,0.6931471805599453,0.0,0.0,0.0,0.0,0.0,0.0,0.0,0.0,2.3745215568624745,2.613770776601509,17.015201567688006,11.782696194964242,7.9516069763911394,-301.59821118832144,11.458531508373117,7.810218694909009,7.448027902452049,BenignTraffic,0
10.005334785095945,3.5442110163040645,1.6288918283450677,0.0,1.0730795905382553,0.0,0.0,0.0,0.0,0.0,0.0,0.0,0.0,0.0,0.0,0.0,0.0,0.0,0.0,0.0,0.0,0.0,-1.0,1.0,0.0,0.0,0.0,0.0,29.634727059736914,30.61461869346902,20.148782997694873,0.0,29.48046907103512,2.1141006322237206,30.75859664112244,0.0,0.0,Mirai-udpplain,1
0.0,0.0,0.0,0.0,-0.7012517669724829,0.0,0.0,1.0,0.0,0.0,0.0,0.0,0.0,0.0,3.4857640793406848,0.0,0.0,0.0,0.0,0.0,0.0,0.0,0.0,0.0,0.0,0.0,0.0,0.0,0.0,0.0,0.0,0.0,0.0,-0.11291706095711657,0.0,0.0,0.0,DDoS-SYN_Flood,1
0.0,-1.4513389403258232,-2.1606122929018636,0.0,0.23598674146941667,0.0,0.0,0.0,0.0,0.0,0.0,0.0,0.0,0.0,0.0,0.0,0.0,0.0,0.0,0.0,0.0,0.0,-1.0,0.0,0.0,0.0,1.0,0.0,-3.1946884019211876,-3.2597145763975988,-2.1453568405302192,0.0,-3.13895514140087,0.015753492761926228,-3.1816908209099646,0.0,0.0,DDoS-ICMP_Flood,1
0.002066233334369437,0.01823435388894235,0.02689133735382879,-0.0023103591331841145,1.118037830440254,0.0,0.0,0.0,0.0,0.0,0.0,0.0,0.0,0.0,0.0,0.0,0.0,0.0,0.0,0.0,0.0,0.0,0.0,0.0,0.0,0.0,0.0,0.0,0.5101314021905402,0.0,3.0686799748200158,4.708257685990513,0.4801031182038222,-0.17541281414524962,0.3574293941865819,4.609811509513707,1.2109863674277355,DDoS-TCP_Flood,1
0.0,0.0,0.0,0.0,-0.08980965845013422,0.0,0.6931471805599453,0.0,0.6931471805599453,0.0,0.0,0.0,0.0,0.6931471805599453,0.0,0.6931471805599453,0.0,0.0,0.0,0.0,0.0,0.0,0.0,0.0,0.0,0.0,0.0,0.0,0.0,0.0,0.0,0.0,0.0,0.7965595071159907,0.0,0.0,0.0,DDoS-RSTFINFlood,1
2.2527174296996457,0.1300454070985786,0.0,0.0,-0.4037750264324662,0.0,0.0,1.0,0.0,0.0,0.0,0.0,0.0,0.0,4.485764079340685,0.0,0.0,0.0,0.0,0.0,0.0,0.0,0.0,0.0,0.0,0.0,0.0,0.0,0.0,0.0,0.0,0.0,0.0,0.8587495491891393,0.0,0.0,0.0,DDoS-SynonymousIP_Flood,1
0.0,0.0,0.0,0.0,-0.5824357967747791,0.0,0.6931471805599453,0.0,0.6931471805599453,0.0,0.0,0.0,0.0,0.6931471805599453,0.0,0.6931471805599453,0.0,0.0,0.0,0.0,0.0,0.0,0.0,0.0,0.0,0.0,0.0,0.0,0.0,0.0,0.0,0.0,0.0,0.7971605327774384,0.0,0.0,0.0,DDoS-RSTFINFlood,1
30.34414090395282,3.5250342104474046,0.33079369202396136,0.7118934431611965,0.6225269345257928,0.0,0.0,0.0,0.0,0.0,0.6931471805599453,0.0,0.0,0.009950330853168083,3.7550149504000063,0.009950330853168083,4.855539723555893,352.7666539352073,0.0,0.6931471805599453,0.0,0.0,0.0,0.0,0.0,0.0,0.0,0.0,25.47601441481633,12.345309178573716,25.758371281872844,14.030955058083629,24.920269934480352,0.9088106974086498,23.207158820032916,9.802131455439849,7.386793298476525,DDoS-SlowLoris,1
29.241426287931215,3.5254409393593944,0.8411308199687195,0.46228158315182544,0.2708473518420297,0.0,0.0,0.0,0.0,0.0,0.0,0.0,0.0,0.0,3.731124670073453,0.0,3.653252276470785,341.5358615531298,0.0,0.0,0.0,0.0,0.0,0.0,0.0,0.0,0.0,0.0,29.21068268093771,33.54215728523704,28.901661797070528,14.394892538175466,32.643049307919696,-301.5982111655987,40.81370209765062,9.852514151740516,5.453889460343229,BenignTraffic,0
0.0,0.0,0.0,0.0,-0.4490624579065042,0.0,0.0,0.0,0.0,0.6931471805599453,0.6931471805599453,0.0,0.0,0.0,0.0,0.0,0.6931471805599453,35.00278878114653,0.0,0.0,0.0,0.0,0.0,0.0,0.0,0.0,0.0,0.0,0.0,0.0,0.0,0.0,0.0,0.7490432123007333,0.0,0.0,0.0,DDoS-PSHACK_Flood,1
4.1620939347996595,0.18521676511790824,0.0,0.0,-0.5144195778936711,0.0,0.0,1.0,0.0,0.0,0.0,0.0,0.0,0.0,4.957568706233883,0.0,0.0,0.0,0.0,0.0,0.0,0.0,0.0,0.0,0.0,0.0,0.0,0.0,0.0,0.0,0.0,0.0,0.0,0.8581155579438114,0.0,0.0,0.0,DDoS-SynonymousIP_Flood,1
0.0,0.0,0.0,0.0,-0.07852292367119261,0.0,0.0,0.0,0.0,0.0,0.0,0.0,0.0,0.0,0.0,0.0,0.0,0.0,0.0,0.0,0.0,0.0,0.0,0.0,0.0,0.0,0.0,0.0,0.0,0.0,0.0,0.0,0.0,-0.6275240512868541,0.0,0.0,0.0,DoS-TCP_Flood,1
0.48366396608251105,1.6314512637988792,1.6288918283450677,0.0,2.3110812728982184,0.0,0.0,0.0,0.0,0.0,0.0,0.0,0.0,0.0,0.0,0.0,0.0,0.0,0.0,0.0,0.0,0.0,-1.0,1.0,0.0,0.0,0.0,0.0,-0.9784901618675309,-1.0,-0.6581425429281335,0.0,-0.9629539850295165,-0.06384864443427529,-0.9782642144148311,0.0,0.0,DDoS-UDP_Flood,1
2.894544019188049,2.3106103908419753,1.6183197951558497,0.0,1.2775048927764696,0.0,0.0,0.0,0.0,0.0,0.0,0.0,0.0,0.009950330853168083,0.09958532450472099,0.0,0.019802627296179712,3.4166500970741085,0.0,0.0,0.0,0.0,-1.0,1.0,0.0,0.0,0.0,0.0,-0.9166485905558689,-1.0,-0.2312478468714381,1.3362360069869594,-0.9230069463040714,-0.08234176439650648,-0.9172805747886664,1.1919978586085522,1.722255427937173,DDoS-UDP_Flood,1
0.3984100490979117,2.1134577280838354,1.6288918283450677,0.0,2.3665239365134827,0.0,0.0,0.0,0.0,0.0,0.0,0.0,0.0,0.0,0.0,0.0,0.0,0.0,0.0,0.0,0.0,0.0,-1.0,1.0,0.0,0.0,0.0,0.0,-0.9784901618675309,-1.0,-0.6581425429281335,0.0,-0.9629539850295165,-0.002329102170254781,-0.9782642144148311,0.0,0.0,DDoS-UDP_Flood,1
0.0,0.0,0.0,0.0,0.09814635812225724,0.0,0.0,1.0,0.0,0.0,0.0,0.0,0.0,0.0,3.4857640793406848,0.0,0.0,0.0,0.0,0.0,0.0,0.0,0.0,0.0,0.0,0.0,0.0,0.0,0.0,0.0,0.0,0.0,0.0,0.8609379980691247,0.0,0.0,0.0,DDoS-SynonymousIP_Flood,1
0.36020134192975184,0.022962174105606956,0.0,0.0,-0.540103538200178,0.0,0.0,0.0,0.0,0.0,0.0,0.0,0.0,0.0295588022415444,0.0,0.0,0.0,2.942483704433346,0.0,0.0,0.0,0.0,0.0,0.0,0.0,0.0,0.0,0.0,0.22670558743634503,0.0,1.2553282390882705,2.9263760477148226,0.16586611720224592,-0.19031274755886918,0.19372230859188855,2.9254218929807387,1.6217878693835461,DDoS-TCP_Flood,1
10.88675866169599,0.42006373472905095,0.0,0.0,-0.554084833983342,0.0,0.0,1.0,0.0,0.0,0.0,0.0,0.0,0.0,7.252681744293709,0.0,0.0,0.0,0.0,0.0,0.0,0.0,0.0,0.0,0.0,0.0,0.0,0.0,0.0,0.0,0.0,0.0,0.0,0.8623398070789856,0.0,0.0,0.0,DDoS-SynonymousIP_Flood,1
0.7884022138418779,2.4165536412841893,1.6288918283450677,0.028961162899088677,1.94773597757958,0.0,0.0,0.0,0.0,0.0,0.0,0.0,0.0,0.0,0.0,0.0,0.0,0.0,0.0,0.0,0.0,0.0,-1.0,1.0,0.0,0.0,0.0,0.0,-0.8916109655641064,-1.0,-0.06362252963147591,1.427506633577184,-0.5206062306931788,-0.39166677296137775,-0.9323012186970022,2.8029510385226875,0.22978831136061822,DoS-UDP_Flood,1
0.0,-1.4513389403258232,-2.1606122929018636,0.0,-0.47391845498730784,0.0,0.0,0.0,0.0,0.0,0.0,0.0,0.0,0.0,0.0,0.0,0.0,0.0,0.0,0.0,0.0,0.0,-1.0,0.0,0.0,0.0,1.0,0.0,-3.1946884019211876,-3.2597145763975988,-2.1453568405302192,0.0,-3.13895514140087,0.09020544243644796,-3.1816908209099646,0.0,0.0,DDoS-ICMP_Flood,1
0.0,-1.4513389403258232,-2.1606122929018636,0.0,-0.22595357409516828,0.0,0.0,0.0,0.0,0.0,0.0,0.0,0.0,0.0,0.0,0.0,0.0,0.0,0.0,0.0,0.0,0.0,-1.0,0.0,0.0,0.0,1.0,0.0,-3.1946884019211876,-3.2597145763975988,-2.1453568405302192,0.0,-3.13895514140087,1.3016275574512053,-3.1816908209099646,0.0,0.0,DDoS-ICMP_Flood,1
8.974429183949786,3.7167278341185948,1.5803061464509318,-0.019888784853788977,1.2557116594153215,0.0,0.0,0.0,0.0,0.0,0.0,0.0,0.0,0.0,0.0,0.0,0.0,0.0,0.0,0.0,0.0,0.0,-1.0,1.0,0.0,0.0,0.0,0.0,29.47398499123535,28.99626172923104,20.148782997694873,6.947894625945233,29.144266280265317,2.3178032785241767,30.64462919117602,6.100752809282957,1.4182049190823993,Mirai-udpplain,1
0.005047680095799946,0.015721014387051944,0.02689133735382879,0.0088835015208657,0.05602918713732446,0.0,0.0,0.0,0.0,0.0,0.0,0.0,0.0,0.0,0.0,0.0,0.0,0.0,0.0,0.0,0.0,0.0,0.0,0.0,0.0,0.0,0.0,0.0,0.12230003468194942,0.0,0.82786527009046,1.9700942419843874,0.31377576151857606,-0.18946902918364214,0.06855156557928337,2.9483933131166564,0.4551144305781266,DDoS-TCP_Flood,1
0.0,0.41919556626998483,0.0,0.0,-0.3230202269910197,0.0,0.0,0.0,0.0,0.0,0.0,0.0,0.0,0.0,0.0,0.0,0.0,0.0,0.0,0.0,0.0,0.0,0.0,0.0,0.0,0.0,0.0,0.0,14.88819781360944,15.328967106518013,10.088645391945477,0.0,14.761089961607897,-0.2194154472956761,15.224994008966831,0.0,0.0,DDoS-TCP_Flood,1
0.010027407090035818,0.010257538369512062,0.0,-0.0018478600884792584,-0.18254872530540753,0.0,0.0,0.0,0.0,0.0,0.0,0.0,0.0,0.0,0.0,0.0,0.009950330853168083,1.0,0.0,0.0,0.0,0.0,0.0,0.0,0.0,0.0,0.0,0.0,0.013447904948390505,0.0,0.09457142894571968,0.3150723693032242,0.027794595133672117,-0.21912120580682573,0.00795718858084572,0.25939032353115965,0.5661576753335154,DDoS-TCP_Flood,1
0.0,0.0,0.0,0.0,-0.47403272039754407,0.0,0.6931471805599453,0.0,0.6931471805599453,0.0,0.0,0.0,0.0,0.6931471805599453,0.0,0.6931471805599453,0.0,0.0,0.0,0.0,0.0,0.0,0.0,0.0,0.0,0.0,0.0,0.0,0.0,0.0,0.0,0.0,0.0,0.8117390316245995,0.0,0.0,0.0,DDoS-RSTFINFlood,1
0.0,-1.4513389403258232,3.320506119786125,0.0,-0.47472749212134796,0.0,0.0,0.0,0.0,0.0,0.0,0.0,0.0,0.0,0.0,0.0,0.0,0.0,0.0,0.0,0.0,0.0,-1.0,0.0,0.0,0.0,0.0,0.0,30.47961086516102,31.491700297248286,20.726027714761642,0.0,30.325058296590445,2.0653159149304856,31.65802788915891,0.0,0.0,Mirai-greeth_flood,1
0.0,-1.4513389403258232,-2.1606122929018636,0.0,-0.686875359544024,0.0,0.0,0.0,0.0,0.0,0.0,0.0,0.0,0.0,0.0,0.0,0.0,0.0,0.0,0.0,0.0,0.0,-1.0,0.0,0.0,0.0,1.0,0.0,-3.1946884019211876,-3.2597145763975988,-2.1453568405302192,0.0,-3.13895514140087,-0.0013991784049183055,-3.1816908209099646,0.0,0.0,DDoS-ICMP_Flood,1
0.0,0.0,0.0,0.0,-0.6868288280998671,0.0,0.6931471805599453,0.0,0.6931471805599453,0.0,0.0,0.0,0.0,0.6931471805599453,0.0,0.6931471805599453,0.0,0.0,0.0,0.0,0.0,0.0,0.0,0.0,0.0,0.0,0.0,0.0,0.0,0.0,0.0,0.0,0.0,0.7967171112106916,0.0,0.0,0.0,DDoS-RSTFINFlood,1
0.0,0.0,0.0,0.0,0.043429841965075544,0.0,0.0,0.0,0.0,0.0,0.0,0.0,0.0,0.0,0.0,0.0,0.0,0.0,0.0,0.0,0.0,0.0,0.0,0.0,0.0,0.0,0.0,0.0,0.0,0.0,0.0,0.0,0.0,-0.17637299033630793,0.0,0.0,0.0,DDoS-TCP_Flood,1
0.0,0.0,0.0,0.0,0.19311059489924437,0.0,0.0,0.0,0.0,0.0,0.0,0.0,0.0,0.0,0.0,0.0,0.0,0.0,0.0,0.0,0.0,0.0,0.0,0.0,0.0,0.0,0.0,0.0,0.0,0.0,0.0,0.0,0.0,-0.17609339401016352,0.0,0.0,0.0,DDoS-TCP_Flood,1
15.7184970397198,2.010760866497006,-0.017333589624658224,0.05579851523787749,-0.34782995039091896,0.0,0.0,0.0,0.0,0.0,0.6931471805599453,0.0,0.0,0.11332868530700317,6.3995981904327,0.09531017980432487,1.728109442151599,137.35443945320415,0.6931471805599453,0.0,0.0,0.0,0.0,0.0,0.0,0.0,0.0,0.0,14.223700695474792,2.4266477808349842,16.46160298100877,11.258202732873405,18.04184980750458,-0.4422437276923748,9.613015375247995,8.691573688537828,6.427244372803091,DoS-HTTP_Flood,1
0.38856977134022314,2.277670025168763,1.6288918283450677,0.0,1.8472227694392187,0.0,0.0,0.0,0.0,0.0,0.0,0.0,0.0,0.0,0.0,0.0,0.0,0.0,0.0,0.0,0.0,0.0,-1.0,1.0,0.0,0.0,0.0,0.0,-0.9784901618675309,-1.0,-0.6581425429281335,0.0,-0.9629539850295165,-0.0807003432789684,-0.9782642144148311,0.0,0.0,DDoS-UDP_Flood,1
0.0,0.0,0.0,0.0,-0.6687185903238798,0.0,0.0,0.0,0.0,0.0,0.0,0.0,0.0,0.0,0.0,0.0,0.0,0.0,0.6931471805599453,0.0,0.0,0.0,0.0,0.0,0.0,0.0,0.0,0.0,0.0,0.0,0.0,0.0,0.0,-0.7236392825635403,0.0,0.0,0.0,DoS-TCP_Flood,1
0.0,-1.4513389403258232,-2.1606122929018636,0.0,-0.6675768096929269,0.0,0.0,0.0,0.0,0.0,0.0,0.0,0.0,0.0,0.0,0.0,0.0,0.0,0.0,0.0,0.0,0.0,-1.0,0.0,0.0,0.0,1.0,0.0,-3.1946884019211876,-3.2597145763975988,-2.1453568405302192,0.0,-3.13895514140087,-0.001681407156334403,-3.1816908209099646,0.0,0.0,DDoS-ICMP_Flood,1
0.0,-0.001980884256778469,0.012275337587772104,-0.009894947771454277,-0.22730197129953666,0.0,0.6931471805599453,0.0,0.6931471805599453,0.0,0.0,0.0,0.0,0.6830968447064438,0.0,0.6830968447064438,0.0,0.0,0.0,0.6931471805599453,0.0,0.0,0.0,0.0,0.0,0.0,0.0,0.0,0.07646356874814407,0.0,0.5258086259679828,1.5932579961541957,0.06937323553959247,0.7850784945702995,0.06437982257729835,1.5581660456588284,1.520442853797087,DDoS-RSTFINFlood,1
0.0,0.0,0.0,0.0,0.07295819550240022,0.0,0.0,0.0,0.0,0.0,0.0,0.0,0.0,0.0,0.0,0.0,0.0,0.0,0.0,0.0,0.0,0.0,0.0,0.0,0.0,0.0,0.0,0.0,0.0,0.0,0.0,0.0,0.0,-0.3171606572187798,0.0,0.0,0.0,DDoS-TCP_Flood,1
0.0,0.0,0.0,0.0,0.8389394791415683,0.0,0.0,1.0,0.0,0.0,0.0,0.0,0.0,0.0,3.4857640793406848,0.0,0.0,0.0,0.0,0.0,0.0,0.0,0.0,0.0,0.0,0.0,0.0,0.0,0.0,0.0,0.0,0.0,0.0,-0.11023788731545799,0.0,0.0,0.0,DDoS-SYN_Flood,1
0.0,-0.007182468781252672,-0.029822258606148372,-0.019888784853788977,-0.22248002568150238,0.0,0.0,1.0,0.0,0.0,0.0,0.0,0.0,0.0,3.4352220001315557,0.0,0.0,0.0,0.6931471805599453,0.0,0.0,0.0,0.0,0.0,0.0,0.0,0.0,0.0,0.018823093994447596,0.0,0.09457142894571968,0.3820656510250297,0.027794595133672117,-0.10928032617174294,0.012570959404077216,0.20415911466047712,1.1059727047904317,DDoS-SYN_Flood,1
0.0,0.3928458169149796,1.6288918283450677,0.028961162899088677,3.2101677881594526,0.0,0.0,0.0,0.0,0.0,0.0,0.0,0.0,0.0,0.0,0.0,0.0,0.0,0.0,0.0,0.0,0.0,-1.0,1.0,0.0,0.0,0.0,0.0,13.9578400833487,13.857707786401287,9.661983516699719,2.5466896198630193,13.833238972734256,-0.423284759853105,14.264473026288892,3.0182180723124428,0.8930505744880486,DoS-UDP_Flood,1
0.0,0.0,0.0,0.0,-0.17125419593572083,0.0,0.0,1.0,0.0,0.0,0.0,0.0,0.0,0.0,3.4857640793406848,0.0,0.0,0.0,0.6931471805599453,0.0,0.0,0.0,0.0,0.0,0.0,0.0,0.0,0.0,0.0,0.0,0.0,0.0,0.0,-0.1093746637656613,0.0,0.0,0.0,DDoS-SYN_Flood,1
0.0,0.0,0.0,0.0,-0.445764860940107,0.0,0.6931471805599453,0.0,0.6931471805599453,0.0,0.0,0.0,0.0,0.6931471805599453,0.0,0.6931471805599453,0.0,0.0,0.0,0.0,0.0,0.0,0.0,0.0,0.0,0.0,0.0,0.0,0.0,0.0,0.0,0.0,0.0,0.7966582094758998,0.0,0.0,0.0,DDoS-RSTFINFlood,1
0.0,0.0,0.0,0.0,0.007522147867890174,0.0,0.0,0.0,0.0,0.6931471805599453,0.6931471805599453,0.0,0.0,0.0,0.0,0.0,0.6931471805599453,35.00278878114653,0.0,0.0,0.0,0.0,0.0,0.0,0.0,0.0,0.0,0.0,0.0,0.0,0.0,0.0,0.0,0.7486862086192054,0.0,0.0,0.0,DDoS-PSHACK_Flood,1
0.1026832261671525,0.11097441438425436,0.05336981159237093,0.0,-0.29695797011847125,0.0,0.0,0.0,0.0,0.6931471805599453,0.6931471805599453,0.0,0.0,0.0,0.0,0.0,0.6830968447064438,34.495263405690906,0.0,0.0,0.0,0.0,0.0,0.0,0.0,0.0,0.0,0.0,0.5447711266787908,0.0,1.8672924737881549,4.042602089166918,0.6597113405317219,0.7027758584411601,0.34234440542577743,4.245604282587519,1.0,DDoS-PSHACK_Flood,1
0.0,0.002035594848600486,0.0,0.0,-0.5510707201113655,0.0,0.0,0.0,0.0,0.6931471805599453,0.6931471805599453,0.0,0.0,0.009950330853168083,0.0,0.0,0.6931471805599453,35.00278878114653,0.6931471805599453,0.0,0.0,0.0,0.0,0.0,0.0,0.0,0.0,0.0,0.11763492839863737,0.0,0.7975478556654099,2.28160020471075,0.07167919010437501,0.7493088166623214,0.12651759699731277,2.2025680889163337,1.8218605933779084,DDoS-PSHACK_Flood,1
0.0,0.0,0.0,0.0,-0.20762484597490444,0.0,0.0,1.0,0.0,0.0,0.0,0.0,0.0,0.0,3.4857640793406848,0.0,0.0,0.0,0.0,0.0,0.0,0.0,0.0,0.0,0.0,0.0,0.0,0.0,0.0,0.0,0.0,0.0,0.0,-0.5039787152228512,0.0,0.0,0.0,DoS-SYN_Flood,1
3.591884292568285,1.9769153870241178,0.47134290685304675,0.0,0.2602647093003868,0.0,0.0,0.0,0.0,0.0,0.6931471805599453,0.0,0.0,0.0,4.8051662992914705,0.0,2.0014800002101243,146.51700255160014,0.0,0.6931471805599453,0.0,0.0,0.0,0.0,0.0,0.0,0.0,0.0,37.1313310752122,-0.19405047972240944,30.98204724488403,15.937890221839412,40.81468878121932,302.9091522432415,32.836850500156245,10.451147962744502,8.043231726932055,MITM-ArpSpoofing,1
0.0,0.0,0.0,0.0,0.15132084245843114,0.0,0.0,1.0,0.0,0.0,0.0,0.0,0.0,0.0,3.4857640793406848,0.0,0.0,0.0,0.0,0.0,0.0,0.0,0.0,0.0,0.0,0.0,0.0,0.0,0.0,0.0,0.0,0.0,0.0,-0.12533030093967132,0.0,0.0,0.0,DDoS-SYN_Flood,1
0.0,0.4353846644318653,1.6288918283450677,0.0,-0.17605418664221065,0.0,0.0,0.0,0.0,0.0,0.0,0.0,0.0,0.0,0.0,0.0,0.0,0.0,0.0,0.0,0.0,0.0,-1.0,1.0,0.0,0.0,0.0,0.0,15.460455609445706,15.920963237144614,10.478263230759683,0.0,15.331154994716835,-0.42486760174628163,15.820846096199878,0.0,0.0,DoS-UDP_Flood,1
2.1881118587182242,0.1349779477828374,0.0,0.0,-0.386524035930262,0.0,0.0,1.0,0.0,0.0,0.0,0.0,0.0,0.0,4.5268165077318665,0.0,0.0,0.0,0.0,0.0,0.0,0.0,0.0,0.0,0.0,0.0,0.0,0.0,0.0,0.0,0.0,0.0,0.0,0.861288958692023,0.0,0.0,0.0,DDoS-SynonymousIP_Flood,1
0.0,0.0,0.0,0.0,-0.5699833988801757,0.0,0.0,0.0,0.0,0.6931471805599453,0.6931471805599453,0.0,0.0,0.0,0.0,0.0,0.6931471805599453,35.00278878114653,0.0,0.0,0.0,0.0,0.0,0.0,0.0,0.0,0.0,0.0,0.0,0.0,0.0,0.0,0.0,0.7484945019766402,0.0,0.0,0.0,DDoS-PSHACK_Flood,1
0.34960640841782453,2.4214480607368567,1.6288918283450677,-0.0021561690164650926,1.990053374534463,0.0,0.0,0.0,0.0,0.0,0.0,0.0,0.0,0.0,0.0,0.0,0.0,0.0,0.0,0.0,0.0,0.0,-1.0,1.0,0.0,0.0,0.0,0.0,-0.9784901618675309,-1.0,-0.6581425429281335,0.0,-0.9629539850295165,-0.40935516030985886,-0.9782642144148311,0.0,0.0,DoS-UDP_Flood,1
0.009061745630493548,0.0037992579526393054,0.0,0.0,-0.022155435422470015,0.0,0.0,1.0,0.0,0.0,0.0,0.0,0.0,0.0,3.4857640793406848,0.009950330853168083,0.0,0.5024752879678589,0.0,0.0,0.0,0.0,0.0,0.0,0.0,0.0,0.0,0.0,0.0,0.0,0.0,0.0,0.0,-0.10950695186907772,0.0,0.0,0.0,DDoS-SYN_Flood,1
14.431627774528339,0.24773012864635294,0.0,0.0,-0.6787862931680053,0.0,0.0,1.0,0.0,0.0,0.0,0.0,0.0,0.0,5.52480535211579,0.0,0.0,0.0,0.0,0.0,0.0,0.0,0.0,0.0,0.0,0.0,0.0,0.0,0.0,0.0,0.0,0.0,0.0,0.8739546519287215,0.0,0.0,0.0,DDoS-SynonymousIP_Flood,1
0.978562875316936,2.6905754639879342,1.6288918283450677,0.0,1.9448471939277723,0.0,0.0,0.0,0.0,0.0,0.0,0.0,0.0,0.0,0.0,0.0,0.0,0.0,0.0,0.0,0.0,0.0,-1.0,1.0,0.0,0.0,0.0,0.0,-0.9784901618675309,-1.0,-0.6581425429281335,0.0,-0.9629539850295165,-0.0037799410214811153,-0.9782642144148311,0.0,0.0,DDoS-UDP_Flood,1
0.0,0.0,0.0,0.0,0.1994534823249676,0.0,0.6931471805599453,0.0,0.6931471805599453,0.0,0.0,0.0,0.0,0.6931471805599453,0.0,0.6931471805599453,0.0,0.0,0.0,0.0,0.0,0.0,0.0,0.0,0.0,0.0,0.0,0.0,0.0,0.0,0.0,0.0,0.0,0.8121050051556696,0.0,0.0,0.0,DDoS-RSTFINFlood,1
0.0911961417631252,0.010897077240885745,0.0,0.026267357019878368,-0.36276713167242997,0.0,0.0,1.0,0.0,0.0,0.0,0.0,0.0,0.0,3.535803243948567,0.0,0.0,1.0,0.0,0.0,0.0,0.0,0.0,0.0,0.0,0.0,0.0,0.0,0.0403011955418615,0.0,0.28069055440678464,0.8895874817138093,0.04629072844945693,-0.1282840903538577,0.02719657564366058,0.9220013618159194,1.0,DDoS-SYN_Flood,1
28.849600003367463,3.67416016354892,0.0,0.9690291354344378,0.26456811845340356,0.0,0.0,0.0,0.0,0.0,0.6931471805599453,0.0,0.0,0.09531017980432487,0.0,0.0,4.418840607796598,364.8712154131091,0.0,0.6931471805599453,0.0,0.0,0.0,0.0,0.0,0.0,0.0,0.0,-5.052939326739914,2.613770776601509,3.7943402068197383,4.581484971816457,4.124348594595,-301.59821116517537,2.9209971049038757,4.026541321032052,2.115646678277092,BenignTraffic,0
0.0,0.0,0.0,0.0,0.0655518138784225,0.0,0.0,0.0,0.0,0.0,0.0,0.0,0.0,0.0,0.0,0.0,0.0,0.0,0.0,0.0,0.0,0.0,0.0,0.0,0.0,0.0,0.0,0.0,0.0,0.0,0.0,0.0,0.0,-0.645136277669403,0.0,0.0,0.0,DoS-TCP_Flood,1
0.12191514865449211,1.798266985272303,1.6288918283450677,0.0088835015208657,2.5661040343006003,0.0,0.0,0.0,0.0,0.0,0.0,0.0,0.0,0.0,0.0,0.0,0.0,0.0,0.0,0.0,0.0,0.0,-1.0,1.0,0.0,0.0,0.0,0.0,-0.5092255350331772,-1.0,2.193687816109667,4.505976760593243,-0.6151547458283848,-0.33103749618754164,-0.5926218747128998,4.270530884950646,1.520442853797087,DoS-UDP_Flood,1
1.0151618695593518,2.3952863286126216,1.6183197951558497,0.0,1.6598786215140098,0.0,0.0,0.0,0.0,0.0,0.0,0.0,0.0,0.009950330853168083,0.0,0.0,0.0,0.5024752879678589,0.0,0.0,0.0,0.0,-1.0,1.0,0.0,0.0,0.0,0.0,-0.9746162548667336,-1.0,-0.6308402563620655,0.08370229632496042,-0.9230069463040714,-0.08150708075339867,-0.9782642144148311,0.0,0.0,DDoS-UDP_Flood,1
0.8450033379970578,2.2224550523103392,1.6183197951558497,0.026117488154854485,1.5909108136836534,0.0,0.0,0.0,0.0,0.0,0.0,0.0,0.0,0.0,0.1486480995258115,0.0,0.0,1.0,0.0,0.0,0.0,0.0,-1.0,1.0,0.0,0.0,0.0,0.0,-0.9726797431001136,-1.0,-0.617221116310716,0.12599144912383856,-0.9329819813732583,-0.0037269200511013917,-0.9750687649638848,0.10727908320988924,0.22978831136061822,DDoS-UDP_Flood,1
0.25655872999920926,0.011535488773632942,0.0,0.028961162899088677,0.12773509331162708,0.0,0.0,0.0,0.0,0.0,0.0,0.0,0.0,0.0,0.1972368306618384,0.0,0.0,1.0,0.0,0.0,0.0,0.0,0.0,0.0,0.0,0.0,0.0,0.0,0.005380865863495001,0.0,0.037951792293886476,0.13278886805275658,0.009271597417287197,-0.33010111176566936,0.0032861314142672545,0.04093916767706522,0.6761483616478751,DDoS-TCP_Flood,1
0.0,0.0,0.0,0.0,0.1989354667532515,0.0,0.0,0.0,0.0,0.0,0.0,0.0,0.0,0.0,0.0,0.0,0.0,0.0,0.0,0.0,0.0,0.0,0.0,0.0,0.0,0.0,0.0,0.0,0.0,0.0,0.0,0.0,0.0,-0.1888347360488735,0.0,0.0,0.0,DDoS-TCP_Flood,1
0.8984461558877112,2.254011838654528,1.5871910963140714,0.08207614180289902,1.6437123600090116,0.0,0.0,0.0,0.0,0.0,0.0,0.0,0.0,0.0,0.0,0.0,0.058268908123975775,2.942483704433346,0.0,0.0,0.0,0.0,-1.0,1.0,0.0,0.0,0.0,0.0,-0.7635837306601253,-1.0,0.27301442193396797,2.544591150799797,-0.7472361740542636,-0.08161971302999198,-0.7826805681247682,2.2651816939063023,2.307451549748425,DDoS-UDP_Flood,1
0.4084288805130568,2.1481625228740904,1.6288918283450677,0.0,1.7775236512001404,0.0,0.0,0.0,0.0,0.0,0.0,0.0,0.0,0.0,0.0,0.0,0.0,0.0,0.0,0.0,0.0,0.0,-1.0,1.0,0.0,0.0,0.0,0.0,-0.9784901618675309,-1.0,-0.6581425429281335,0.0,-0.9629539850295165,-0.09697686913333643,-0.9782642144148311,0.0,0.0,DDoS-UDP_Flood,1
0.0,0.0,0.0,0.0,-0.4010459533782621,0.0,0.6931471805599453,0.0,0.6931471805599453,0.0,0.0,0.0,0.0,0.6931471805599453,0.0,0.6931471805599453,0.0,0.0,0.0,0.0,0.0,0.0,0.0,0.0,0.0,0.0,0.0,0.0,0.0,0.0,0.0,0.0,0.0,0.8158699754449381,0.0,0.0,0.0,DDoS-RSTFINFlood,1
0.0,0.0,0.0,0.0,-0.567773669323164,0.0,0.0,1.0,0.0,0.0,0.0,0.0,0.0,0.0,3.4857640793406848,0.0,0.0,0.0,0.0,0.0,0.0,0.0,0.0,0.0,0.0,0.0,0.0,0.0,0.0,0.0,0.0,0.0,0.0,-0.12559453850694882,0.0,0.0,0.0,DDoS-SYN_Flood,1
0.0,-0.003573429594906621,-0.01484667116878494,-0.009894947771454277,-0.5551017978734751,0.0,0.0,0.0,0.0,0.0,0.0,0.0,0.0,0.0,0.0,0.0,0.0,0.0,0.0,0.0,0.0,0.0,0.0,0.0,0.0,0.0,0.0,0.0,0.006725727228571814,0.0,0.04741397653365572,0.16261420735293064,0.013904869652008049,-0.21873834719748386,0.003985102926257376,0.07315232340578799,0.5661576753335154,DDoS-TCP_Flood,1
0.0,0.0,0.0,0.0,-0.038921993319268974,0.0,0.0,0.0,0.0,0.6931471805599453,0.6931471805599453,0.0,0.0,0.0,0.0,0.0,0.6931471805599453,35.00278878114653,0.0,0.6931471805599453,0.0,0.0,0.0,0.0,0.0,0.0,0.0,0.0,0.0,0.0,0.0,0.0,0.0,0.7532884983111768,0.0,0.0,0.0,DDoS-PSHACK_Flood,1
0.0,0.0,0.0,0.0,0.0837503418006009,0.0,0.0,1.0,0.0,0.0,0.0,0.0,0.0,0.0,3.4857640793406848,0.0,0.0,0.0,0.6931471805599453,0.0,0.0,0.0,0.0,0.0,0.0,0.0,0.0,0.0,0.0,0.0,0.0,0.0,0.0,-0.12501078328197335,0.0,0.0,0.0,DDoS-SYN_Flood,1
0.3225401658838848,2.1980044636028064,1.61252579983993,-0.009894947771454277,1.8747356495479008,0.0,0.0,0.0,0.0,0.0,0.0,0.0,0.0,0.0,0.0,0.0,0.0,0.0,0.0,0.0,0.0,0.0,-1.0,1.0,0.0,0.0,0.0,0.0,-0.9615505103078057,-1.0,-0.5393213552158772,0.37390855130122647,-0.9379724262366933,-0.0025240908777624926,-0.9676334952809478,0.265977082695008,0.7851062563167518,DDoS-UDP_Flood,1
16.438239311625686,2.9314255349859275,0.0,0.08955941004575507,0.6211955356661548,0.0,0.0,0.0,0.0,0.0,0.6931471805599453,0.0,0.0,0.0,4.687754867707402,0.1906203596086497,3.242982900211434,267.56385786856333,0.0,0.0,0.0,0.0,0.0,0.0,0.0,0.0,0.0,0.0,25.01733606135392,1.806922033427508,27.178296648434184,14.3505078571446,25.285603231231857,0.9097167345833804,20.221184794944662,10.090119248546472,7.689785199427891,DDoS-SlowLoris,1
0.0,-1.4513389403258232,-2.1606122929018636,0.0,-0.6960346379143909,0.0,0.0,0.0,0.0,0.0,0.0,0.0,0.0,0.0,0.0,0.0,0.0,0.0,0.0,0.0,0.0,0.0,-1.0,0.0,0.0,0.0,1.0,0.0,-3.1946884019211876,-3.2597145763975988,-2.1453568405302192,0.0,-3.13895514140087,0.01616287878275073,-3.1816908209099646,0.0,0.0,DDoS-ICMP_Flood,1
13.635368027754803,1.7939224025236995,1.2077307882759467,0.17330668569773966,3.017190332048816,0.0,0.0,0.0,0.0,0.0,0.0,0.0,0.0,0.0,0.4793048438702919,0.09531017980432487,2.833213344056216,181.93428079897086,0.0,0.0,0.0,0.0,-1.0,1.0,0.0,0.0,0.0,0.0,4.927669122669643,-0.3909865740004918,14.56301577480312,11.248132562762462,12.336431472566682,-301.59821115862593,11.213782937877095,7.560287596713631,7.448027902452049,Recon-OSScan,1
0.0,0.0,0.0,0.0,0.16954563131635905,0.0,0.0,1.0,0.0,0.0,0.0,0.0,0.0,0.0,3.4857640793406848,0.0,0.0,0.0,0.0,0.0,0.0,0.0,0.0,0.0,0.0,0.0,0.0,0.0,0.0,0.0,0.0,0.0,0.0,0.8739229813773971,0.0,0.0,0.0,DDoS-SynonymousIP_Flood,1
16.424582218275862,0.7792747424735421,1.6183197951558497,-0.0006155740422144618,-0.6752857368759364,0.0,0.0,0.0,0.0,0.0,0.0,0.0,0.0,0.0,0.0,0.0,0.4574248470388754,44.20972653072119,0.0,0.0,0.0,0.0,-1.0,1.0,0.0,0.0,0.0,0.0,-3.1670534474098977,-3.2597145763975988,-1.9529019671425363,0.4802585857801426,-3.067973056379215,-0.4243897698115216,-3.1660220788523303,0.6287443648428768,0.4551144305781266,DoS-UDP_Flood,1
0.0,0.0,0.0,0.0,-0.01907344910969788,0.0,0.6931471805599453,0.0,0.6931471805599453,0.0,0.0,0.0,0.0,0.6931471805599453,0.0,0.6931471805599453,0.0,0.0,0.0,0.0,0.0,0.0,0.0,0.0,0.0,0.0,0.0,0.0,0.0,0.0,0.0,0.0,0.0,0.799114385620894,0.0,0.0,0.0,DDoS-RSTFINFlood,1
0.0,0.14464595711336745,0.0,0.0,-0.27518672917788817,0.0,0.0,0.0,0.0,0.0,0.0,0.0,0.0,0.0,0.0,0.0,0.0,0.0,0.0,0.0,0.0,0.0,0.0,0.0,0.0,0.0,0.0,0.0,0.0,0.0,0.0,0.0,0.0,-0.7209496617187017,0.0,0.0,0.0,DoS-TCP_Flood,1
0.0,0.0,0.0,0.0,0.029861839533944275,0.0,0.0,1.0,0.0,0.0,0.0,0.0,0.0,0.0,3.4857640793406848,0.0,0.0,0.0,0.0,0.6931471805599453,0.0,0.0,0.0,0.0,0.0,0.0,0.0,0.0,0.0,0.0,0.0,0.0,0.0,0.8745234836055789,0.0,0.0,0.0,DDoS-SynonymousIP_Flood,1
0.0,-1.4513389403258232,3.320506119786125,0.0,-0.5652295006229435,0.0,0.0,0.0,0.0,0.0,0.0,0.0,0.0,0.0,0.0,0.0,0.0,0.0,0.0,0.0,0.0,0.0,-1.0,0.0,0.0,0.0,0.0,0.0,30.47961086516102,31.491700297248286,20.726027714761642,0.0,30.325058296590445,2.0968730249174237,31.65802788915891,0.0,0.0,Mirai-greeth_flood,1
0.0,-1.4513389403258232,-2.1606122929018636,0.0,0.1575126061313599,0.0,0.0,0.0,0.0,0.0,0.0,0.0,0.0,0.0,0.0,0.0,0.0,0.0,0.0,0.0,0.0,0.0,-1.0,0.0,0.0,0.0,1.0,0.0,-3.1946884019211876,-3.2597145763975988,-2.1453568405302192,0.0,-3.13895514140087,0.0011449142779566411,-3.1816908209099646,0.0,0.0,DDoS-ICMP_Flood,1
1.2707505483653687,2.2475545612339443,1.6183197951558497,0.0,1.6490342663691109,0.0,0.0,0.0,0.0,0.0,0.0,0.0,0.0,0.0,0.09958532450472099,0.0,0.0,0.0,0.0,0.0,0.0,0.0,-1.0,1.0,0.0,0.0,0.0,0.0,-0.9494645371831248,-1.0,-0.45542996786924905,0.594098959587646,-0.903080252115949,-0.0968685879188221,-0.9611999907297593,0.7430680586678029,0.5661576753335154,DDoS-UDP_Flood,1
0.6525040820440429,2.1786513425789047,1.6288918283450677,0.0,2.653078809794869,0.0,0.0,0.0,0.0,0.0,0.0,0.0,0.0,0.0,0.0,0.0,0.0,0.0,0.0,0.0,0.0,0.0,-1.0,1.0,0.0,0.0,0.0,0.0,-0.9784901618675309,-1.0,-0.6581425429281335,0.0,-0.9629539850295165,-0.09692288641072005,-0.9782642144148311,0.0,0.0,DDoS-UDP_Flood,1
11.119390974288187,0.26864529952023636,0.0,0.0,-0.6196398328068211,0.0,0.0,1.0,0.0,0.0,0.0,0.0,0.0,0.0,5.7220421827776295,0.0,0.0,0.0,0.0,0.0,0.0,0.0,0.0,0.0,0.0,0.0,0.0,0.0,0.0,0.0,0.0,0.0,0.0,0.8618247499748741,0.0,0.0,0.0,DDoS-SynonymousIP_Flood,1
0.0,0.39346848571166787,1.6288918283450677,0.0,0.22846437459635424,0.0,0.0,0.0,0.0,0.0,0.0,0.0,0.0,0.0,0.0,0.0,0.0,0.0,0.0,0.0,0.0,0.0,-1.0,1.0,0.0,0.0,0.0,0.0,13.978512102147018,14.388190048367584,9.469479986565906,0.0,13.855164944437597,-0.42399396517736565,14.27917874687554,0.0,0.0,DoS-UDP_Flood,1
0.0,0.0,0.0,0.0,0.15319107180506836,0.0,0.0,0.0,0.0,0.0,0.0,0.0,0.0,0.0,0.0,0.0,0.0,0.0,0.0,0.6931471805599453,0.0,0.0,0.0,0.0,0.0,0.0,0.0,0.0,0.0,0.0,0.0,0.0,0.0,-0.6105257438118894,0.0,0.0,0.0,DoS-TCP_Flood,1
0.0,0.0,0.0,0.0,-0.1417331204541708,0.0,0.0,0.0,0.0,0.6931471805599453,0.6931471805599453,0.0,0.0,0.0,0.0,0.0,0.6931471805599453,35.00278878114653,0.0,0.0,0.0,0.0,0.0,0.0,0.0,0.0,0.0,0.0,0.0,0.0,0.0,0.0,0.0,0.6868192270674344,0.0,0.0,0.0,DDoS-PSHACK_Flood,1
0.0,-1.4513389403258232,3.0133745536241774,0.3786471616719256,0.008143535902289759,0.0,0.0,0.0,0.0,0.0,0.0,0.0,0.0,0.0,0.0,0.0,0.0,0.0,0.0,0.0,0.0,0.0,-1.0,0.0,0.0,0.0,0.0,0.0,28.365234252472984,26.26732048123064,20.367762987576803,10.422832544889161,27.96509538876877,1.8965979346655022,29.172547550834462,7.707576132256729,3.396117867251613,Mirai-greip_flood,1
0.0,0.0,0.0,0.0,0.357843191840087,0.0,0.0,0.0,0.0,0.6931471805599453,0.6931471805599453,0.0,0.0,0.0,0.0,0.0,0.6931471805599453,35.00278878114653,0.0,0.0,0.0,0.0,0.0,0.0,0.0,0.0,0.0,0.0,0.0,0.0,0.0,0.0,0.0,0.6867943132184242,0.0,0.0,0.0,DDoS-PSHACK_Flood,1
2.615444509331382,2.3732094730424502,1.6288918283450677,-0.0020020026706726313,1.4245718195837433,0.0,0.0,0.0,0.0,0.0,0.0,0.0,0.0,0.0,0.0,0.0,0.0,0.0,0.0,0.0,0.0,0.0,-1.0,1.0,0.0,0.0,0.0,0.0,-0.8531873885521281,-1.0,0.18812776034521222,2.1091710191557076,-0.8633200275928014,-0.39193853792379807,-0.8778275685089169,2.2049172679434332,1.4182049190823993,DoS-UDP_Flood,1
0.0,0.39497623934483467,1.6288918283450677,0.028961162899088677,-0.15077361268404976,0.0,0.0,0.0,0.0,0.0,0.0,0.0,0.0,0.0,0.0,0.0,0.0,0.0,0.0,0.0,0.0,0.0,-1.0,1.0,0.0,0.0,0.0,0.0,14.05967656327587,14.388190048367584,10.032682131576225,3.443011660392291,13.90825731661403,-0.4223983080763178,14.36228026408221,3.314434259164255,1.722255427937173,DoS-UDP_Flood,1
0.3896796383732891,2.207076319387584,1.6288918283450677,0.0,1.7922026048317259,0.0,0.0,0.0,0.0,0.0,0.0,0.0,0.0,0.0,0.0,0.0,0.0,0.0,0.0,0.0,0.0,0.0,-1.0,1.0,0.0,0.0,0.0,0.0,-0.9784901618675309,-1.0,-0.6581425429281335,0.0,-0.9629539850295165,-0.4093571985129632,-0.9782642144148311,0.0,0.0,DoS-UDP_Flood,1
15.435615341269251,0.5775847396509465,0.0,0.0,-0.5938594526713897,0.0,0.0,1.0,0.0,0.0,0.0,0.0,0.0,0.0,9.010569431456474,0.0,0.0,0.0,0.0,0.0,0.0,0.0,0.0,0.0,0.0,0.0,0.0,0.0,0.0,0.0,0.0,0.0,0.0,0.8586840792095963,0.0,0.0,0.0,DDoS-SynonymousIP_Flood,1
0.0,-1.4513389403258232,-2.1606122929018636,0.0,-0.3330193482924957,0.0,0.0,0.0,0.0,0.0,0.0,0.0,0.0,0.0,0.0,0.0,0.0,0.0,0.0,0.0,0.0,0.0,-1.0,0.0,0.0,0.0,1.0,0.0,-3.1946884019211876,-3.2597145763975988,-2.1453568405302192,0.0,-3.13895514140087,-0.0013666040996202485,-3.1816908209099646,0.0,0.0,DDoS-ICMP_Flood,1
0.7789547380068544,0.12373694527828084,0.0,0.0,-0.30086790348291814,0.0,0.0,1.0,0.0,0.0,0.0,0.0,0.0,0.0,3.9650689232109766,0.18232155679395462,0.0,9.206937749574662,0.0,0.0,0.0,0.0,0.0,0.0,0.0,0.0,0.0,0.0,0.0,0.0,0.0,0.0,0.0,-0.5047652432694906,0.0,0.0,0.0,DoS-SYN_Flood,1
0.2609513045731767,0.003538515847245673,0.0,0.0,-0.6433512628156446,0.0,0.0,0.0,0.0,0.6931471805599453,0.6931471805599453,0.0,0.0,0.0,0.0,0.009950330853168083,0.6931471805599453,35.25465139697232,0.0,0.0,0.0,0.0,0.0,0.0,0.0,0.0,0.0,0.0,0.0,0.0,0.0,0.0,0.0,0.6888923421421975,0.0,0.0,0.0,DDoS-PSHACK_Flood,1
1.1838965637296,2.245653058121469,1.6183197951558497,0.0,1.4996930946116598,0.0,0.0,0.0,0.0,0.0,0.0,0.0,0.0,0.0,0.05003916460788235,0.0,0.0,0.0,0.0,0.0,0.0,0.0,-1.0,1.0,0.0,0.0,0.0,0.0,-0.9726797431001136,-1.0,-0.617221116310716,0.12450156706991224,-0.903080252115949,-0.0024142982918549014,-0.9782642144148311,0.0,0.0,DDoS-UDP_Flood,1
0.0,0.0,0.0,0.0,-0.29256176377811116,0.0,0.0,0.0,0.0,0.6931471805599453,0.6931471805599453,0.0,0.0,0.0,0.0,0.0,0.6931471805599453,35.00278878114653,0.0,0.0,0.0,0.0,0.0,0.0,0.0,0.0,0.0,0.0,0.0,0.0,0.0,0.0,0.0,0.6867651619166557,0.0,0.0,0.0,DDoS-PSHACK_Flood,1
0.9260895648581617,0.31635511547476725,0.0,0.0,-0.2514013238558085,0.0,0.0,0.0,0.6931471805599453,0.0,0.0,0.0,0.0,0.0,2.9837781391636073,0.41871033485818504,0.0,14.401065978183542,0.0,0.0,0.0,0.0,0.0,0.0,0.0,0.0,0.0,0.0,3.928424031721502,1.5008920504313499,3.481147908314137,5.478330212279714,3.8392758252108528,-0.12724553203665492,3.3826997424982923,4.723831350333968,5.526188326783197,DDoS-SYN_Flood,1
0.0,0.012808945671980022,0.04138451214073099,0.04629621436948206,0.06385047324956857,0.0,0.0,0.0,0.0,0.0,0.0,0.0,0.0,0.0,0.0,0.0,0.0,0.0,0.0,0.0,0.0,0.0,0.0,0.0,0.0,0.0,0.0,0.0,0.7930781429992939,0.2409965676917737,4.435667954406052,5.8608942332185965,0.668515677564711,-0.20711222364850754,0.9735422913401682,4.594833227944694,3.821217803519451,DDoS-TCP_Flood,1
0.0,0.0,0.0,0.0,-0.32215317650505076,0.0,0.0,1.0,0.0,0.0,0.0,0.0,0.0,0.0,3.4857640793406848,0.0,0.0,0.0,0.0,0.0,0.0,0.0,0.0,0.0,0.0,0.0,0.0,0.0,0.0,0.0,0.0,0.0,0.0,-0.5519461695960592,0.0,0.0,0.0,DoS-SYN_Flood,1
0.0,0.0,0.0,0.0,0.6045840410567807,0.0,0.0,0.0,0.0,0.6931471805599453,0.6931471805599453,0.0,0.0,0.0,0.0,0.0,0.6931471805599453,35.00278878114653,0.0,0.0,0.0,0.0,0.0,0.0,0.0,0.0,0.0,0.0,0.0,0.0,0.0,0.0,0.0,0.6875818762878592,0.0,0.0,0.0,DDoS-PSHACK_Flood,1
0.0,0.0,0.0,0.0,-0.6156649571852626,0.0,0.0,0.0,0.0,0.0,0.0,0.0,0.0,0.0,0.0,0.0,0.0,0.0,0.0,0.0,0.0,0.0,0.0,0.0,0.0,0.0,0.0,0.0,0.0,0.0,0.0,0.0,0.0,-0.20685642706463295,0.0,0.0,0.0,DDoS-TCP_Flood,1
14.447654955852943,0.24773012864635294,0.0,0.0,-0.6789837742905149,0.0,0.0,0.0,0.0,0.6931471805599453,0.6931471805599453,0.0,0.0,0.0,0.0,0.0,1.0986122886681096,55.47810763878043,0.0,0.0,0.0,0.0,0.0,0.0,0.0,0.0,0.0,0.0,0.0,0.0,0.0,0.0,0.0,0.7499199893488415,0.0,0.0,0.0,DDoS-PSHACK_Flood,1
0.6421015168105333,2.257611313848728,1.6288918283450677,0.0,1.6893685799465552,0.0,0.0,0.0,0.0,0.0,0.0,0.0,0.0,0.0,0.0,0.0,0.0,0.0,0.0,0.0,0.0,0.0,-1.0,1.0,0.0,0.0,0.0,0.0,-0.9784901618675309,-1.0,-0.6581425429281335,0.0,-0.9629539850295165,-0.09372615570285964,-0.9782642144148311,0.0,0.0,DDoS-UDP_Flood,1
0.0,-1.4513389403258232,-2.1606122929018636,0.0,-0.4882323489490493,0.0,0.0,0.0,0.0,0.0,0.0,0.0,0.0,0.0,0.0,0.0,0.0,0.0,0.0,0.0,0.0,0.0,-1.0,0.0,0.0,0.0,1.0,0.0,-3.1946884019211876,-3.2597145763975988,-2.1453568405302192,0.0,-3.13895514140087,0.09108232867440587,-3.1816908209099646,0.0,0.0,DDoS-ICMP_Flood,1
0.0,0.0,0.0,0.0,0.0645139463673543,0.0,0.6931471805599453,0.0,0.6931471805599453,0.0,0.0,0.0,0.0,0.6931471805599453,0.0,0.6931471805599453,0.0,0.0,0.6931471805599453,0.0,0.0,0.0,0.0,0.0,0.0,0.0,0.0,0.0,0.0,0.0,0.0,0.0,0.0,0.7999627570761544,0.0,0.0,0.0,DDoS-RSTFINFlood,1
12.119996093549762,0.24773012864635294,0.0,0.0,-0.5610835491483189,0.0,0.0,1.0,0.0,0.0,0.0,0.0,0.0,0.0,5.52480535211579,0.0,0.0,0.0,0.0,0.0,0.0,0.0,0.0,0.0,0.0,0.0,0.0,0.0,0.0,0.0,0.0,0.0,0.0,0.8589409410765283,0.0,0.0,0.0,DDoS-SynonymousIP_Flood,1
0.0,0.0,0.0,0.0,-0.44413905411710375,0.0,0.0,1.0,0.0,0.0,0.0,0.0,0.0,0.0,3.4857640793406848,0.0,0.0,0.0,0.0,0.0,0.0,0.0,0.0,0.0,0.0,0.0,0.0,0.0,0.0,0.0,0.0,0.0,0.0,-0.12824651767876022,0.0,0.0,0.0,DDoS-SYN_Flood,1
0.0,0.0,0.0,0.0,0.6345749097300905,0.0,0.0,1.0,0.0,0.0,0.0,0.0,0.0,0.0,3.4857640793406848,0.0,0.0,0.0,0.0,0.0,0.0,0.0,0.0,0.0,0.0,0.0,0.0,0.0,0.0,0.0,0.0,0.0,0.0,0.8588780771272954,0.0,0.0,0.0,DDoS-SynonymousIP_Flood,1
36.92632465278852,2.3344188986704686,0.0,0.13102826240640475,0.2025922765989504,0.0,0.0,0.0,0.0,0.0,0.6931471805599453,0.0,0.0,0.26236426446749106,4.8051662992914705,0.0,4.485259889315534,263.3456500297333,0.0,0.6931471805599453,0.0,0.0,0.0,0.0,0.0,0.0,0.0,0.0,-5.92220625554577,1.8823372164708445,1.7202337455437595,2.1838630933537138,1.8126041237699673,-301.598211188656,2.4128581504290216,1.671256083778935,3.0444566971669524,DictionaryBruteForce,1
15.877279135137373,1.9872709782211744,0.07944790864794882,0.0834923720353622,-0.2982154016282649,0.0,0.0,0.0,0.0,0.0,0.6931471805599453,0.0,0.0,0.3784364357202451,7.358557119088107,1.1662709371419244,1.9021075263969205,134.2326647738077,0.6931471805599453,0.0,0.0,0.0,0.0,0.0,0.0,0.0,0.0,0.0,22.87882848709725,13.164143274684726,23.493460782682035,13.424846819642061,22.177173500160137,-0.44175145873412835,20.422581297657175,9.503835802187693,6.55986216513366,DoS-HTTP_Flood,1
0.03216475612373096,0.5532937182012684,0.0,0.00903597541000778,0.3574712793801244,0.0,0.6931471805599453,0.0,0.6931471805599453,0.0,0.0,0.0,0.0,0.688134638736401,0.09958532450472099,0.688134638736401,0.09531017980432487,10.041640221321902,0.0,0.0,0.0,0.0,0.0,0.0,0.0,0.0,0.0,0.0,0.029566671875040817,0.0,0.20671912436386927,0.7040839685217214,0.027794595133672117,0.8003151443965676,0.02173031178314233,0.5657704782112939,1.2109863674277355,DDoS-RSTFINFlood,1
1.2833195792428571,0.24773012864635294,0.0,0.0,-0.06274321173172802,0.0,0.0,1.0,0.0,0.0,0.0,0.0,0.0,0.0,5.52480535211579,0.0,0.0,0.0,0.0,0.0,0.0,0.0,0.0,0.0,0.0,0.0,0.0,0.0,0.0,0.0,0.0,0.0,0.0,0.8611540158561527,0.0,0.0,0.0,DDoS-SynonymousIP_Flood,1
0.0,-1.4513389403258232,-2.1606122929018636,0.0,-0.46223164877345946,0.0,0.0,0.0,0.0,0.0,0.0,0.0,0.0,0.0,0.0,0.0,0.0,0.0,0.0,0.0,0.0,0.0,-1.0,0.0,0.0,0.0,1.0,0.0,-3.1946884019211876,-3.2597145763975988,-2.1453568405302192,0.0,-3.13895514140087,0.0933895997859421,-3.1816908209099646,0.0,0.0,DDoS-ICMP_Flood,1
0.0,-1.4513389403258232,-2.1606122929018636,0.0,0.3445565967293915,0.0,0.0,0.0,0.0,0.0,0.0,0.0,0.0,0.0,0.0,0.0,0.0,0.0,0.0,0.0,0.0,0.0,-1.0,0.0,0.0,0.0,1.0,0.0,-3.1946884019211876,-3.2597145763975988,-2.1453568405302192,0.0,-3.13895514140087,-0.0019177926239255013,-3.1816908209099646,0.0,0.0,DDoS-ICMP_Flood,1
0.3263664917174854,2.1578140814721176,1.6288918283450677,0.0,1.8045903762636963,0.0,0.0,0.0,0.0,0.0,0.0,0.0,0.0,0.0,0.0,0.0,0.0,0.0,0.0,0.0,0.0,0.0,-1.0,1.0,0.0,0.0,0.0,0.0,-0.9784901618675309,-1.0,-0.6581425429281335,0.0,-0.9629539850295165,-0.40927484716192897,-0.9782642144148311,0.0,0.0,DoS-UDP_Flood,1
0.0,0.0,0.0,0.0,0.0032146347512439486,0.0,0.6931471805599453,0.0,0.6931471805599453,0.0,0.0,0.0,0.0,0.6931471805599453,0.0,0.6931471805599453,0.0,0.0,0.6931471805599453,0.0,0.0,0.0,0.0,0.0,0.0,0.0,0.0,0.0,0.0,0.0,0.0,0.0,0.0,0.8000620319786942,0.0,0.0,0.0,DDoS-RSTFINFlood,1
0.0,-1.4513389403258232,-2.1606122929018636,0.0,-0.7804506568568762,0.0,0.0,0.0,0.0,0.0,0.0,0.0,0.0,0.0,0.0,0.0,0.0,0.0,0.0,0.0,0.0,0.0,-1.0,0.0,0.0,0.0,1.0,0.0,-3.1946884019211876,-3.2597145763975988,-2.1453568405302192,0.0,-3.13895514140087,0.012975749962127827,-3.1816908209099646,0.0,0.0,DDoS-ICMP_Flood,1
0.03149098576550612,0.04033812151141393,0.0,0.0,0.3823381168575194,0.0,0.0,0.0,0.0,0.6931471805599453,0.6931471805599453,0.0,0.0,0.0,0.0,0.11332868530700317,0.6931471805599453,35.00278878114653,0.6931471805599453,0.0,0.0,0.0,0.0,0.0,0.0,0.0,0.0,0.0,0.0,0.0,0.0,0.0,0.0,0.6906123331193987,0.0,0.0,0.0,DDoS-PSHACK_Flood,1
0.0,0.0,0.0,0.0,0.04558042927442657,0.0,0.6931471805599453,0.0,0.6931471805599453,0.0,0.0,0.0,0.0,0.6931471805599453,0.0,0.6931471805599453,0.0,0.0,0.0,0.0,0.0,0.0,0.0,0.0,0.0,0.0,0.0,0.0,0.0,0.0,0.0,0.0,0.0,0.7972594966922437,0.0,0.0,0.0,DDoS-RSTFINFlood,1
0.0048817135381374974,0.06194789967703339,0.0,0.0,1.044724380236585,0.0,0.0,0.0,0.0,0.6931471805599453,0.6931471805599453,0.0,0.0,0.0,0.0,0.173953307123438,0.6931471805599453,35.00278878114653,0.6931471805599453,0.0,0.0,0.0,0.0,0.0,0.0,0.0,0.0,0.0,0.0,0.0,0.0,0.0,0.0,0.6906818076047178,0.0,0.0,0.0,DDoS-PSHACK_Flood,1
0.0,0.0,0.0,0.0,-0.5506120159667949,0.0,0.6931471805599453,0.0,0.6931471805599453,0.0,0.0,0.0,0.0,0.6931471805599453,0.0,0.6931471805599453,0.0,0.0,0.0,0.0,0.0,0.0,0.0,0.0,0.0,0.0,0.0,0.0,0.0,0.0,0.0,0.0,0.0,0.798082228364817,0.0,0.0,0.0,DDoS-RSTFINFlood,1
0.0,-1.4513389403258232,-2.1606122929018636,0.0,-0.5452680901315117,0.0,0.0,0.0,0.0,0.0,0.0,0.0,0.0,0.0,0.0,0.0,0.0,0.0,0.0,0.0,0.0,0.0,-1.0,0.0,0.0,0.0,1.0,0.0,-3.1946884019211876,-3.2597145763975988,-2.1453568405302192,0.0,-3.13895514140087,-0.00031534830743766324,-3.1816908209099646,0.0,0.0,DDoS-ICMP_Flood,1
0.6992106717959283,2.448889733370422,1.6288918283450677,0.0,1.8102997101146427,0.0,0.0,0.0,0.0,0.0,0.0,0.0,0.0,0.0,0.0,0.0,0.0,0.0,0.0,0.0,0.0,0.0,-1.0,1.0,0.0,0.0,0.0,0.0,-0.9784901618675309,-1.0,-0.6581425429281335,0.0,-0.9629539850295165,-0.4072374316732134,-0.9782642144148311,0.0,0.0,DoS-UDP_Flood,1
0.0,0.0,0.0,0.0,-0.5589749609640507,0.0,0.0,0.0,0.0,0.6931471805599453,0.6931471805599453,0.0,0.0,0.0,0.0,0.0,0.6931471805599453,35.00278878114653,0.0,0.0,0.0,0.0,0.0,0.0,0.0,0.0,0.0,0.0,0.0,0.0,0.0,0.0,0.0,0.7485451131895396,0.0,0.0,0.0,DDoS-PSHACK_Flood,1
0.0,0.0,0.0,0.0,-0.27369620885505624,0.0,0.0,1.0,0.0,0.0,0.0,0.0,0.0,0.0,3.4857640793406848,0.0,0.0,0.0,0.6931471805599453,0.0,0.0,0.0,0.0,0.0,0.0,0.0,0.0,0.0,0.0,0.0,0.0,0.0,0.0,-0.11047173169814006,0.0,0.0,0.0,DDoS-SYN_Flood,1
0.0,0.0,0.0,0.0,0.12124069415902515,0.0,0.0,0.0,0.0,0.0,0.0,0.0,0.0,0.0,0.0,0.0,0.0,0.0,0.6931471805599453,0.0,0.0,0.0,0.0,0.0,0.0,0.0,0.0,0.0,0.0,0.0,0.0,0.0,0.0,-0.18965577324507676,0.0,0.0,0.0,DDoS-TCP_Flood,1
0.0,-0.003573429594906621,-0.01484667116878494,-0.009894947771454277,0.18866603348407582,0.0,0.0,0.0,0.0,0.0,0.0,0.0,0.0,0.0,0.0,0.0,0.0,0.0,0.0,0.0,0.0,0.0,0.0,0.0,0.0,0.0,0.0,0.0,0.0255388920307151,0.0,0.178817186706265,0.7462209435759599,0.013904869652008049,-0.19211897850189058,0.03653512444149895,0.4342487955106182,2.018542090483177,DDoS-TCP_Flood,1
0.0,-1.4513389403258232,-2.1692573117561817,-0.009894947771454277,0.024691872291302264,0.0,0.0,0.0,0.0,0.0,0.0,0.0,0.0,0.0,0.0,0.0,0.0,0.0,0.0,0.0,0.0,0.0,-1.0,0.0,0.0,0.0,1.0,0.0,-3.189502278884354,-3.2597145763975988,-2.1089463764739884,0.09396619769479765,-3.0856815734839125,0.09020692507573892,-3.1816908209099646,0.0,0.0,DDoS-ICMP_Flood,1
0.0,-1.4513389403258232,-2.1606122929018636,0.0,-0.18602562696752747,0.0,0.0,0.0,0.0,0.0,0.0,0.0,0.0,0.0,0.0,0.0,0.0,0.0,0.0,0.0,0.0,0.0,-1.0,0.0,0.0,0.0,1.0,0.0,-3.1946884019211876,-3.2597145763975988,-2.1453568405302192,0.0,-3.13895514140087,1.3016412679930074,-3.1816908209099646,0.0,0.0,DDoS-ICMP_Flood,1
14.182201456493909,0.24773012864635294,0.0,0.0,-0.6756624233369175,0.0,0.0,0.0,0.0,0.0,0.0,0.0,0.0,0.0,0.0,0.0,0.0,0.0,0.0,0.0,0.0,0.0,0.0,0.0,0.0,0.0,0.0,0.0,0.0,0.0,0.0,0.0,0.0,-0.6307048283254273,0.0,0.0,0.0,DoS-TCP_Flood,1
0.3216139971368026,2.346033361017052,1.6288918283450677,0.0,1.953653620961172,0.0,0.0,0.0,0.0,0.0,0.0,0.0,0.0,0.0,0.0,0.0,0.0,0.0,0.0,0.0,0.0,0.0,-1.0,1.0,0.0,0.0,0.0,0.0,-0.9784901618675309,-1.0,-0.6581425429281335,0.0,-0.9629539850295165,-0.3916445853307885,-0.9782642144148311,0.0,0.0,DoS-UDP_Flood,1
0.0,0.0,0.0,0.0,-0.28300462933346293,0.0,0.0,0.0,0.0,0.0,0.0,0.0,0.0,0.0,0.0,0.0,0.0,0.0,0.0,0.0,0.0,0.0,0.0,0.0,0.0,0.0,0.0,0.0,0.0,0.0,0.0,0.0,0.0,-0.17417836802241032,0.0,0.0,0.0,DDoS-TCP_Flood,1
0.9831903974975226,0.07663030468420608,0.0,0.0,-0.32486587561589375,0.0,0.0,1.0,0.0,0.0,0.0,0.0,0.0,0.0,4.055682087350085,0.0,0.0,0.0,0.0,0.0,0.0,0.0,0.0,0.0,0.0,0.0,0.0,0.0,0.0,0.0,0.0,0.0,0.0,0.8739588320163771,0.0,0.0,0.0,DDoS-SynonymousIP_Flood,1
0.943371501357648,2.3285927155278014,1.6288918283450677,0.0,1.653952614739119,0.0,0.0,0.0,0.0,0.0,0.0,0.0,0.0,0.0,0.0,0.0,0.0,0.0,0.0,0.0,0.0,0.0,-1.0,1.0,0.0,0.0,0.0,0.0,-0.9784901618675309,-1.0,-0.6581425429281335,0.0,-0.9629539850295165,-0.06545866693081259,-0.9782642144148311,0.0,0.0,DDoS-UDP_Flood,1
0.0,0.0,0.0,0.0,-0.301550644040406,0.0,0.0,0.0,0.0,0.6931471805599453,0.6931471805599453,0.0,0.0,0.0,0.0,0.0,0.6931471805599453,35.00278878114653,0.6931471805599453,0.0,0.0,0.0,0.0,0.0,0.0,0.0,0.0,0.0,0.0,0.0,0.0,0.0,0.0,0.7493615873573685,0.0,0.0,0.0,DDoS-PSHACK_Flood,1
0.0,-1.4513389403258232,3.3035354291949597,-0.009894947771454277,-0.20248298851052018,0.0,0.0,0.0,0.0,0.0,0.0,0.0,0.0,0.0,0.0,0.0,0.0,0.0,0.0,0.0,0.0,0.0,-1.0,0.0,0.0,0.0,0.0,0.0,30.259731299631312,28.872730908365362,20.64747848476663,8.51530157799377,30.210129859191195,2.0828501220377045,31.131603950812508,6.910433374705855,2.018542090483177,Mirai-greeth_flood,1
0.43266945583620897,2.3025218955688826,1.6288918283450677,0.0,1.8357597709166065,0.0,0.0,0.0,0.0,0.0,0.0,0.0,0.0,0.0,0.0,0.0,0.0,0.0,0.0,0.0,0.0,0.0,-1.0,1.0,0.0,0.0,0.0,0.0,-0.9784901618675309,-1.0,-0.6581425429281335,0.0,-0.9629539850295165,-0.3482952270408094,-0.9782642144148311,0.0,0.0,DoS-UDP_Flood,1
3.3816718302875315,2.4426484357861113,1.6288918283450677,0.0,1.3959600261585041,0.0,0.0,0.0,0.0,0.0,0.0,0.0,0.0,0.0,0.0,0.0,0.0,0.0,0.0,0.0,0.0,0.0,-1.0,1.0,0.0,0.0,0.0,0.0,-0.9784901618675309,-1.0,-0.6581425429281335,0.0,-0.9629539850295165,-0.09347223078103181,-0.9782642144148311,0.0,0.0,DDoS-UDP_Flood,1
0.0,0.0,0.0,0.0,0.052926756727642826,0.0,0.0,1.0,0.0,0.0,0.0,0.0,0.0,0.0,3.4857640793406848,0.0,0.0,0.0,0.0,0.0,0.0,0.0,0.0,0.0,0.0,0.0,0.0,0.0,0.0,0.0,0.0,0.0,0.0,-0.1276465697356362,0.0,0.0,0.0,DDoS-SYN_Flood,1
0.0,0.0,0.0,0.0,-0.2605493395649473,0.0,0.6931471805599453,0.0,0.6931471805599453,0.0,0.0,0.0,0.0,0.6931471805599453,0.0,0.6931471805599453,0.0,0.0,0.0,0.0,0.0,0.0,0.0,0.0,0.0,0.0,0.0,0.0,0.0,0.0,0.0,0.0,0.0,0.7969117444793238,0.0,0.0,0.0,DDoS-RSTFINFlood,1
6.0327129974645555,1.7849069014571304,0.0,0.0575429552790272,0.0891238570830527,0.0,0.0,0.0,0.0,0.0,0.6931471805599453,0.0,0.0,0.04879016416943201,0.7895552968713648,0.09531017980432487,0.8241754429663495,109.76395602397744,0.6931471805599453,0.0,0.0,0.0,0.0,0.0,0.0,0.0,0.0,0.0,35.43283465254699,26.75395579642134,27.939992282189618,14.457150017743954,35.68483949408638,-0.45606168061905367,33.575779845619216,9.935904698715008,5.81096164965635,DoS-HTTP_Flood,1
0.0,0.011407896463435842,0.02689133735382879,0.0,-0.40017401199646774,0.0,0.0,1.0,0.0,0.0,0.0,0.0,0.0,0.0,3.460556535077735,0.0,0.0,0.0,0.6931471805599453,0.0,0.0,0.0,0.0,0.0,0.0,0.0,0.0,0.0,0.6163333873525914,0.0,3.6035869223145185,5.368886297566047,0.4017050740012617,-0.10934663536945832,0.5750545286350419,4.824209222383791,1.722255427937173,DDoS-SYN_Flood,1
0.6526036378125883,1.91961929187495,1.5822760811600316,0.08448254115226206,1.63515697129204,0.0,0.0,0.0,0.0,0.0,0.0,0.0,0.0,0.0,0.0,0.0,0.0,0.0,0.0,0.0,0.0,0.0,-1.0,1.0,0.0,0.0,0.0,0.0,-0.8771885377687029,-1.0,-0.38889340156571434,1.1115330977080655,-0.8137934345294322,-0.08046149892268983,-0.9150993635701373,1.321755535661893,0.8930505744880486,DDoS-UDP_Flood,1
0.0,0.0,0.0,0.0,-0.476434157501115,0.0,0.0,0.0,0.0,0.6931471805599453,0.6931471805599453,0.0,0.0,0.0,0.0,0.0,0.6931471805599453,35.00278878114653,0.0,0.0,0.0,0.0,0.0,0.0,0.0,0.0,0.0,0.0,0.0,0.0,0.0,0.0,0.0,0.6875779332071215,0.0,0.0,0.0,DDoS-PSHACK_Flood,1
25.429556607771005,3.540667145161661,1.6288918283450677,-0.24256163717131107,0.45750468745354866,0.0,0.0,0.0,0.0,0.0,0.0,0.0,0.0,0.0,0.0,0.0,0.0,0.0,0.0,0.0,0.0,0.0,-1.0,1.0,0.0,0.0,0.0,0.0,37.73608939086233,4.5759935352673065,28.785829556061145,14.62268403653914,28.289075219822447,303.8196482531106,34.23695446747418,9.585168416099405,8.043231726932055,DNS_Spoofing,1
0.35334249783895366,2.2777189275140644,1.6288918283450677,0.0,1.8743657885800702,0.0,0.0,0.0,0.0,0.0,0.0,0.0,0.0,0.0,0.0,0.0,0.0,0.0,0.0,0.0,0.0,0.0,-1.0,1.0,0.0,0.0,0.0,0.0,-0.9784901618675309,-1.0,-0.6581425429281335,0.0,-0.9629539850295165,-0.08073170268420057,-0.9782642144148311,0.0,0.0,DDoS-UDP_Flood,1
0.4649822385883268,2.428642880708887,1.6288918283450677,0.0,1.9084034348838226,0.0,0.0,0.0,0.0,0.0,0.0,0.0,0.0,0.0,0.0,0.0,0.0,0.0,0.0,0.0,0.0,0.0,-1.0,1.0,0.0,0.0,0.0,0.0,-0.9784901618675309,-1.0,-0.6581425429281335,0.0,-0.9629539850295165,-0.0037764966789731224,-0.9782642144148311,0.0,0.0,DDoS-UDP_Flood,1
0.062204844969819914,-0.2611876398526947,-2.03588246421974,-0.006172859107080875,0.4006735077959659,0.0,0.0,0.0,0.0,0.0,0.0,0.0,0.0,0.009950330853168083,0.2930281945558483,0.0,0.04879016416943201,7.0577474536483,0.0,0.0,0.0,0.0,-1.0,0.0,0.0,0.0,1.0,0.0,-1.9675917283154782,-3.2597145763975988,3.6014904104921315,5.841735963369488,-1.8777032043169712,0.0006982905188105315,-2.4136388424975377,5.5115771047328455,1.2109863674277355,DDoS-ICMP_Flood,1
0.0,0.0,0.0,0.0,-0.19582144906382845,0.0,0.0,1.0,0.0,0.0,0.0,0.0,0.0,0.0,3.4857640793406848,0.0,0.0,0.0,0.0,0.0,0.0,0.0,0.0,0.0,0.0,0.0,0.0,0.0,0.0,0.0,0.0,0.0,0.0,0.8743249776882783,0.0,0.0,0.0,DDoS-SynonymousIP_Flood,1
0.9781066065308349,0.13984421196395466,0.0,0.0,-0.17428761361950526,0.0,0.0,1.0,0.0,0.0,0.0,0.0,0.0,0.0,4.567536524148775,0.0,0.0,0.0,0.0,0.0,0.0,0.0,0.0,0.0,0.0,0.0,0.0,0.0,0.0,0.0,0.0,0.0,0.0,0.862930919342162,0.0,0.0,0.0,DDoS-SynonymousIP_Flood,1
0.0,-1.4513389403258232,-2.1606122929018636,0.0,0.36190010413134416,0.0,0.0,0.0,0.0,0.0,0.0,0.0,0.0,0.0,0.0,0.0,0.0,0.0,0.0,0.0,0.0,0.0,-1.0,0.0,0.0,0.0,1.0,0.0,-3.1946884019211876,-3.2597145763975988,-2.1453568405302192,0.0,-3.13895514140087,0.09132257920128382,-3.1816908209099646,0.0,0.0,DDoS-ICMP_Flood,1
1.0237055108730742,2.32617329644196,1.6288918283450677,0.0,1.6368467357344436,0.0,0.0,0.0,0.0,0.0,0.0,0.0,0.0,0.0,0.0,0.0,0.0,0.0,0.0,0.0,0.0,0.0,-1.0,1.0,0.0,0.0,0.0,0.0,-0.9784901618675309,-1.0,-0.6581425429281335,0.0,-0.9629539850295165,-0.08118656692903048,-0.9782642144148311,0.0,0.0,DDoS-UDP_Flood,1
0.0,0.0,0.0,0.0,0.24001444669728675,0.0,0.0,0.0,0.0,0.6931471805599453,0.6931471805599453,0.0,0.0,0.0,0.0,0.0,0.6931471805599453,35.00278878114653,0.0,0.0,0.0,0.0,0.0,0.0,0.0,0.0,0.0,0.0,0.0,0.0,0.0,0.0,0.0,0.6869625461001508,0.0,0.0,0.0,DDoS-PSHACK_Flood,1
2.245712500278504,0.14938487171124765,0.0,0.0,-0.3674228335506091,0.0,0.0,1.0,0.0,0.0,0.0,0.0,0.0,0.0,4.648000553559612,0.0,0.0,0.0,0.0,0.0,0.0,0.0,0.0,0.0,0.0,0.0,0.0,0.0,0.0,0.0,0.0,0.0,0.0,0.8623535243672891,0.0,0.0,0.0,DDoS-SynonymousIP_Flood,1
0.0,0.0,0.0,0.0,0.6391287312281857,0.0,0.0,0.0,0.0,0.6931471805599453,0.6931471805599453,0.0,0.0,0.0,0.0,0.0,0.6931471805599453,35.00278878114653,0.6931471805599453,0.0,0.0,0.0,0.0,0.0,0.0,0.0,0.0,0.0,0.0,0.0,0.0,0.0,0.0,0.7493893872790441,0.0,0.0,0.0,DDoS-PSHACK_Flood,1
0.15129597195709124,-0.9368044546874842,3.305711221304783,0.02536780673433192,0.059420647809306934,0.0,0.0,0.0,0.0,0.0,0.0,0.0,0.0,0.0295588022415444,0.0,0.0,0.009950330853168083,1.49267073502145,0.0,0.0,0.0,0.0,-1.0,0.0,0.0,0.0,0.0,0.0,30.384355030134138,30.41457921201178,20.726027714761642,6.256509522064962,30.241773625976403,2.004716756506148,31.57884292453324,5.677212242449287,1.3150581908108256,Mirai-greeth_flood,1
0.0,0.0,0.0,0.0,-0.5054982707765763,0.0,0.0,0.0,0.0,0.6931471805599453,0.6931471805599453,0.0,0.0,0.0,0.0,0.0,0.6931471805599453,35.00278878114653,0.0,0.0,0.0,0.0,0.0,0.0,0.0,0.0,0.0,0.0,0.0,0.0,0.0,0.0,0.0,0.6893287285741813,0.0,0.0,0.0,DDoS-PSHACK_Flood,1
0.0,0.0,0.0,0.0,-0.24504483952151018,0.0,0.0,1.0,0.0,0.0,0.0,0.0,0.0,0.0,3.4857640793406848,0.0,0.0,0.0,0.0,0.0,0.0,0.0,0.0,0.0,0.0,0.0,0.0,0.0,0.0,0.0,0.0,0.0,0.0,-0.12560418851804633,0.0,0.0,0.0,DDoS-SYN_Flood,1
0.42153012217412955,2.107101052797445,1.6288918283450677,0.0,1.6767594902026708,0.0,0.0,0.0,0.0,0.0,0.0,0.0,0.0,0.0,0.0,0.0,0.0,0.0,0.0,0.0,0.0,0.0,-1.0,1.0,0.0,0.0,0.0,0.0,-0.9784901618675309,-1.0,-0.6581425429281335,0.0,-0.9629539850295165,-0.06496001659585424,-0.9782642144148311,0.0,0.0,DDoS-UDP_Flood,1
0.0,0.0,0.0,0.0,-0.23790092821341213,0.0,0.0,1.0,0.0,0.0,0.0,0.0,0.0,0.0,3.4857640793406848,0.0,0.0,0.0,0.0,0.0,0.0,0.0,0.0,0.0,0.0,0.0,0.0,0.0,0.0,0.0,0.0,0.0,0.0,-0.5030211214221536,0.0,0.0,0.0,DoS-SYN_Flood,1
1.1178796948469987,2.2257245610831276,1.6288918283450677,0.0,1.6103621662329568,0.0,0.0,0.0,0.0,0.0,0.0,0.0,0.0,0.0,0.0,0.0,0.0,0.0,0.0,0.0,0.0,0.0,-1.0,1.0,0.0,0.0,0.0,0.0,-0.9784901618675309,-1.0,-0.6581425429281335,0.0,-0.9629539850295165,-0.0823712807610141,-0.9782642144148311,0.0,0.0,DDoS-UDP_Flood,1
1.3188621866610533,2.265978266928153,1.6288918283450677,0.0,1.4691578272093042,0.0,0.0,0.0,0.0,0.0,0.0,0.0,0.0,0.0,0.0,0.0,0.0,0.0,0.0,0.0,0.0,0.0,-1.0,1.0,0.0,0.0,0.0,0.0,-0.9784901618675309,-1.0,-0.6581425429281335,0.0,-0.9629539850295165,-0.09761016539880046,-0.9782642144148311,0.0,0.0,DDoS-UDP_Flood,1
0.0,-1.4513389403258232,-2.1606122929018636,0.0,-0.39892092460314293,0.0,0.0,0.0,0.0,0.0,0.0,0.0,0.0,0.0,0.0,0.0,0.0,0.0,0.0,0.0,0.0,0.0,-1.0,0.0,0.0,0.0,1.0,0.0,-3.1946884019211876,-3.2597145763975988,-2.1453568405302192,0.0,-3.13895514140087,0.014888808013351877,-3.1816908209099646,0.0,0.0,DDoS-ICMP_Flood,1
2.615379309852967,2.4712839774901934,-1.775761597139106,0.0,0.6007716843780113,0.0,0.0,0.0,0.0,0.0,0.0,0.0,0.0,0.0,0.0,0.0,0.8372475245337022,201.20278018747666,0.0,0.0,0.0,0.0,-1.0,0.0,0.0,0.0,1.0,0.0,19.13759655838776,-3.2597145763975988,24.658931610000863,13.65201700329856,17.057677068808577,0.00046533252493323126,12.684070263686147,9.804624584979896,3.821217803519451,DDoS-ICMP_Flood,1
0.0,0.0,0.0,0.0,0.018233251818841185,0.0,0.6931471805599453,0.0,0.6931471805599453,0.0,0.0,0.0,0.0,0.6931471805599453,0.0,0.6931471805599453,0.0,0.0,0.0,0.0,0.0,0.0,0.0,0.0,0.0,0.0,0.0,0.0,0.0,0.0,0.0,0.0,0.0,0.7963262624377111,0.0,0.0,0.0,DDoS-RSTFINFlood,1
0.0,-1.4513389403258232,-2.1606122929018636,0.0,-0.7804506568568762,0.0,0.0,0.0,0.0,0.0,0.0,0.0,0.0,0.0,0.0,0.0,0.0,0.0,0.0,0.0,0.0,0.0,-1.0,0.0,0.0,0.0,1.0,0.0,-3.1946884019211876,-3.2597145763975988,-2.1453568405302192,0.0,-3.13895514140087,0.027822064330767775,-3.1816908209099646,0.0,0.0,DDoS-ICMP_Flood,1
0.0,0.0,0.0,0.0,-0.4751658417426637,0.0,0.0,0.0,0.0,0.6931471805599453,0.6931471805599453,0.0,0.0,0.0,0.0,0.0,0.6931471805599453,35.00278878114653,0.0,0.0,0.0,0.0,0.0,0.0,0.0,0.0,0.0,0.0,0.0,0.0,0.0,0.0,0.0,0.6875718922879691,0.0,0.0,0.0,DDoS-PSHACK_Flood,1
0.08385023541880515,2.014574235470965,1.6288918283450677,0.0,2.0772742996013642,0.0,0.0,0.0,0.0,0.0,0.0,0.0,0.0,0.0,0.0,0.0,0.0,0.0,0.0,0.0,0.0,0.0,-1.0,1.0,0.0,0.0,0.0,0.0,-0.9784901618675309,-1.0,-0.6581425429281335,0.0,-0.9629539850295165,-0.40938539896284365,-0.9782642144148311,0.0,0.0,DoS-UDP_Flood,1
0.0,0.0,0.0,0.0,-0.4383879129055765,0.0,0.6931471805599453,0.0,0.6931471805599453,0.0,0.0,0.0,0.0,0.6931471805599453,0.0,0.6931471805599453,0.0,0.0,0.0,0.6931471805599453,0.0,0.0,0.0,0.0,0.0,0.0,0.0,0.0,0.0,0.0,0.0,0.0,0.0,0.7851869120569052,0.0,0.0,0.0,DDoS-RSTFINFlood,1
0.10921517820080216,1.974517530053289,1.6288918283450677,0.0,1.9719346186277549,0.0,0.0,0.0,0.0,0.0,0.0,0.0,0.0,0.0,0.0,0.0,0.0,0.0,0.0,0.0,0.0,0.0,-1.0,1.0,0.0,0.0,0.0,0.0,-0.9784901618675309,-1.0,-0.6581425429281335,0.0,-0.9629539850295165,-0.3924191462924145,-0.9782642144148311,0.0,0.0,DoS-UDP_Flood,1
0.0,0.0,0.0,0.0,-0.5172516497173851,0.0,0.0,0.0,0.0,0.6931471805599453,0.6931471805599453,0.0,0.0,0.0,0.0,0.0,0.6931471805599453,35.00278878114653,0.0,0.0,0.0,0.0,0.0,0.0,0.0,0.0,0.0,0.0,0.0,0.0,0.0,0.0,0.0,0.6869598761086471,0.0,0.0,0.0,DDoS-PSHACK_Flood,1
24.23496383710184,1.6599453758010714,-0.009883566591791702,0.9052142286653417,-0.012322619523697134,0.0,0.0,0.0,0.0,0.0,0.6931471805599453,0.0,0.0,0.04879016416943201,5.302024021544056,0.0,2.9274534328006965,183.63891413758418,0.0,0.6931471805599453,0.0,0.0,0.0,0.0,0.0,0.0,0.0,0.0,27.882311666905256,5.302266897696077,26.395150730270608,14.050467634084988,29.136006282770825,0.4244695131000342,23.908482059667683,9.842201684508746,6.8849234913185375,VulnerabilityScan,1
0.5999076612316595,2.2909696773916854,1.6288918283450677,0.0,1.7745329258885956,0.0,0.0,0.0,0.0,0.0,0.0,0.0,0.0,0.0,0.0,0.0,0.0,0.0,0.0,0.0,0.0,0.0,-1.0,1.0,0.0,0.0,0.0,0.0,-0.9784901618675309,-1.0,-0.6581425429281335,0.0,-0.9629539850295165,-0.06494808958154612,-0.9782642144148311,0.0,0.0,DDoS-UDP_Flood,1
0.0,-1.1860966972532028,-2.118025495839449,0.0082733733750322,0.018207479544748464,0.0,0.0,0.0,0.0,0.0,0.0,0.0,0.0,0.0,0.0,0.0,0.009950330853168083,0.5024752879678589,0.0,0.0,0.0,0.0,-1.0,0.0,0.0,0.0,1.0,0.0,-3.0041943729712086,-3.2597145763975988,-1.3960705431170244,1.8158305923439486,-2.7821614132631303,0.027878610777653457,-3.07174528116689,2.4606523912851737,0.6761483616478751,DDoS-ICMP_Flood,1
1.1105881460348177,2.264995268357623,1.6183197951558497,-0.0021561690164650926,1.5885808902300105,0.0,0.0,0.0,0.0,0.0,0.0,0.0,0.0,0.0,0.09958532450472099,0.0,0.009950330853168083,1.49267073502145,0.0,0.0,0.0,0.0,-1.0,1.0,0.0,0.0,0.0,0.0,-0.9436673409423689,-1.0,-0.4154471094127037,0.7061100557403679,-0.903080252115949,-0.08001852491804856,-0.9571741741792743,0.8488707339624488,0.6761483616478751,DDoS-UDP_Flood,1
0.0,-1.4513389403258232,-2.1606122929018636,0.0,-0.0967402862589566,0.0,0.0,0.0,0.0,0.0,0.0,0.0,0.0,0.0,0.0,0.0,0.0,0.0,0.0,0.0,0.0,0.0,-1.0,0.0,0.0,0.0,1.0,0.0,-3.1946884019211876,-3.2597145763975988,-2.1453568405302192,0.0,-3.13895514140087,0.029810018135699713,-3.1816908209099646,0.0,0.0,DDoS-ICMP_Flood,1
0.0,-1.4513389403258232,-2.1606122929018636,0.0,-0.33445532296515834,0.0,0.0,0.0,0.0,0.0,0.0,0.0,0.0,0.0,0.0,0.0,0.0,0.0,0.0,0.0,0.0,0.0,-1.0,0.0,0.0,0.0,1.0,0.0,-3.1946884019211876,-3.2597145763975988,-2.1453568405302192,0.0,-3.13895514140087,0.09170426039131452,-3.1816908209099646,0.0,0.0,DDoS-ICMP_Flood,1
0.0,0.0,0.0,0.0,-0.5472761715579854,0.0,0.0,0.0,0.0,0.6931471805599453,0.6931471805599453,0.0,0.0,0.0,0.0,0.0,0.6931471805599453,35.00278878114653,0.0,0.0,0.0,0.0,0.0,0.0,0.0,0.0,0.0,0.0,0.0,0.0,0.0,0.0,0.0,0.7027306104787068,0.0,0.0,0.0,DDoS-PSHACK_Flood,1
0.0,-0.003573429594906621,-0.012363333590255966,0.0,-0.4143492056976273,0.0,0.0,0.0,0.0,0.0,0.0,0.0,0.0,0.0,0.0,0.0,0.0,0.0,0.0,0.0,0.0,0.0,0.0,0.0,0.0,0.0,0.0,0.0,0.1569017234074373,0.0,1.0498385239372032,2.6852925022343386,0.10161871842208084,-0.6450491181338474,0.15350249484334028,2.635743543953767,1.722255427937173,DoS-TCP_Flood,1
0.0,0.0,0.0,0.0,-0.23645882093068743,0.0,0.0,0.0,0.0,0.0,0.0,0.0,0.0,0.0,0.0,0.0,0.0,0.0,0.0,0.0,0.0,0.0,0.0,0.0,0.0,0.0,0.0,0.0,0.0,0.0,0.0,0.0,0.0,-0.3300864728330316,0.0,0.0,0.0,DDoS-TCP_Flood,1
0.7298479931614558,1.9586442284855026,1.6288918283450677,0.0,1.4207043570727602,0.0,0.0,0.0,0.0,0.0,0.0,0.0,0.0,0.0,0.0,0.0,0.0,0.0,0.0,0.0,0.0,0.0,-1.0,1.0,0.0,0.0,0.0,0.0,-0.9784901618675309,-1.0,-0.6581425429281335,0.0,-0.9629539850295165,-0.3485621856224394,-0.9782642144148311,0.0,0.0,DoS-UDP_Flood,1
0.14771689945808805,1.92947312268596,1.6288918283450677,0.0,1.86063998284561,0.0,0.0,0.0,0.0,0.0,0.0,0.0,0.0,0.0,0.0,0.0,0.0,0.0,0.0,0.0,0.0,0.0,-1.0,1.0,0.0,0.0,0.0,0.0,-0.9784901618675309,-1.0,-0.6581425429281335,0.0,-0.9629539850295165,-0.406637541143959,-0.9782642144148311,0.0,0.0,DoS-UDP_Flood,1
0.17450958466480385,0.5372218715905904,0.0,-0.005553855682796538,0.06990580186850359,0.0,0.6931471805599453,0.0,0.6931471805599453,0.0,0.0,0.0,0.0,0.6981347220709844,0.1972368306618384,0.6830968447064438,0.1988508587451652,16.629295810971968,0.6931471805599453,0.0,0.0,0.0,0.0,0.0,0.0,0.0,0.0,0.0,0.03493506453126294,0.0,0.1321145502746128,0.5654951282676502,0.055528745286416076,0.7999284602327954,0.02161723687313679,0.5470905873011657,0.7851062563167518,DDoS-RSTFINFlood,1
0.0,-1.4513389403258232,-2.1606122929018636,0.0,-0.7804506568568762,0.0,0.0,0.0,0.0,0.0,0.0,0.0,0.0,0.0,0.0,0.0,0.0,0.0,0.0,0.0,0.0,0.0,-1.0,0.0,0.0,0.0,1.0,0.0,-3.1946884019211876,-3.2597145763975988,-2.1453568405302192,0.0,-3.13895514140087,0.012745049414533511,-3.1816908209099646,0.0,0.0,DDoS-ICMP_Flood,1
0.0,0.0,0.0,0.0,-0.5546647725606205,0.0,0.0,0.0,0.0,0.6931471805599453,0.6931471805599453,0.0,0.0,0.0,0.0,0.0,0.6931471805599453,35.00278878114653,0.0,0.0,0.0,0.0,0.0,0.0,0.0,0.0,0.0,0.0,0.0,0.0,0.0,0.0,0.0,0.6889803470354884,0.0,0.0,0.0,DDoS-PSHACK_Flood,1
0.0,0.0,0.0,0.0,0.35835081070231395,0.0,0.0,1.0,0.0,0.0,0.0,0.0,0.0,0.0,3.4857640793406848,0.0,0.0,0.0,0.0,0.0,0.0,0.0,0.0,0.0,0.0,0.0,0.0,0.0,0.0,0.0,0.0,0.0,0.0,-0.12901642469103466,0.0,0.0,0.0,DDoS-SYN_Flood,1
0.0,0.0,0.0,0.0,-0.32833258276283905,0.0,0.0,1.0,0.0,0.0,0.0,0.0,0.0,0.0,3.4857640793406848,0.0,0.0,0.0,0.0,0.6931471805599453,0.0,0.0,0.0,0.0,0.0,0.0,0.0,0.0,0.0,0.0,0.0,0.0,0.0,0.863091646079868,0.0,0.0,0.0,DDoS-SynonymousIP_Flood,1
0.08843156172980925,0.017983803364423203,0.0,0.05448818528406996,0.05156860976878918,0.0,0.0,0.0,0.0,0.6931471805599453,0.6931471805599453,0.0,0.0,0.039220713153281295,0.0,0.0,0.7030975114131134,35.50526406911439,0.0,0.0,0.0,0.0,0.0,0.0,0.0,0.0,0.0,0.0,0.06732106245262773,0.0,0.39957110557953396,1.2021117699849349,0.19786884838948263,0.7522494746487197,0.034941308864394484,1.5638965812239487,0.6761483616478751,DDoS-PSHACK_Flood,1
0.22676625459835228,2.318161131447292,1.6288918283450677,0.0,2.3210956387205584,0.0,0.0,0.0,0.0,0.0,0.0,0.0,0.0,0.0,0.0,0.0,0.0,0.0,0.0,0.0,0.0,0.0,-1.0,1.0,0.0,0.0,0.0,0.0,-0.9784901618675309,-1.0,-0.6581425429281335,0.0,-0.9629539850295165,-0.34792101910593026,-0.9782642144148311,0.0,0.0,DoS-UDP_Flood,1
0.0,0.0,0.0,0.0,-0.5292576217495014,0.0,0.6931471805599453,0.0,0.6931471805599453,0.0,0.0,0.0,0.0,0.6931471805599453,0.0,0.6931471805599453,0.0,0.0,0.0,0.0,0.0,0.0,0.0,0.0,0.0,0.0,0.0,0.0,0.0,0.0,0.0,0.0,0.0,0.8113015031698909,0.0,0.0,0.0,DDoS-RSTFINFlood,1
5.412230995002431,3.4275280043690417,1.5969793044844978,-0.0016937412625592785,1.2359492333213398,0.0,0.0,0.0,0.0,0.0,0.0,0.0,0.0,0.0295588022415444,0.0,0.009950330853168083,0.0295588022415444,1.49267073502145,0.0,0.0,0.0,0.0,-1.0,1.0,0.0,0.0,0.0,0.0,29.55112817628409,30.1372177720411,20.19733288220538,4.784062240758762,29.182663950736757,2.3025783239234783,30.707018778627486,5.453820354002558,0.5661576753335154,Mirai-udpplain,1
0.0,0.0,0.0,0.0,0.04671500327260967,0.0,0.0,0.0,0.0,0.6931471805599453,0.6931471805599453,0.0,0.0,0.0,0.0,0.0,0.6931471805599453,35.00278878114653,0.0,0.0,0.0,0.0,0.0,0.0,0.0,0.0,0.0,0.0,0.0,0.0,0.0,0.0,0.0,0.687018227659785,0.0,0.0,0.0,DDoS-PSHACK_Flood,1
0.0,0.0,0.0,0.0,-0.17026348467084967,0.0,0.0,0.0,0.0,0.6931471805599453,0.6931471805599453,0.0,0.0,0.0,0.0,0.0,0.6931471805599453,35.00278878114653,0.0,0.0,0.0,0.0,0.0,0.0,0.0,0.0,0.0,0.0,0.0,0.0,0.0,0.0,0.0,0.7495357409771111,0.0,0.0,0.0,DDoS-PSHACK_Flood,1
0.16046922669110264,0.06963525735782629,0.02689133735382879,0.0,-0.3932159801354455,0.0,0.0,1.0,0.0,0.0,0.0,0.0,0.0,0.0,3.460556535077735,0.0,0.0,0.0,0.0,0.0,0.0,0.0,0.0,0.0,0.0,0.0,0.0,0.0,0.0326985092199991,0.0,0.22835904859041528,0.6746271623692676,0.33412101712698655,-0.504973672738497,0.0,0.0,0.0,DoS-SYN_Flood,1
0.0,0.0,0.0,0.0,0.42693061186217635,0.0,0.0,0.0,0.0,0.6931471805599453,0.6931471805599453,0.0,0.0,0.0,0.0,0.0,0.6931471805599453,35.00278878114653,0.0,0.0,0.0,0.0,0.0,0.0,0.0,0.0,0.0,0.0,0.0,0.0,0.0,0.0,0.0,0.7520234505556468,0.0,0.0,0.0,DDoS-PSHACK_Flood,1
0.0,0.0,0.0,0.0,-0.37974011662040585,0.0,0.0,1.0,0.0,0.0,0.0,0.0,0.0,0.0,3.4857640793406848,0.0,0.0,0.0,0.0,0.0,0.0,0.0,0.0,0.0,0.0,0.0,0.0,0.0,0.0,0.0,0.0,0.0,0.0,-0.12781556237897157,0.0,0.0,0.0,DDoS-SYN_Flood,1
0.0,-1.4513389403258232,-2.1606122929018636,0.0,0.220858039122449,0.0,0.0,0.0,0.0,0.0,0.0,0.0,0.0,0.0,0.0,0.0,0.0,0.0,0.0,0.0,0.0,0.0,-1.0,0.0,0.0,0.0,1.0,0.0,-3.1946884019211876,-3.2597145763975988,-2.1453568405302192,0.0,-3.13895514140087,0.012530761604862288,-3.1816908209099646,0.0,0.0,DDoS-ICMP_Flood,1
0.0,-1.4513389403258232,-2.1606122929018636,0.0,-0.5127183724272898,0.0,0.0,0.0,0.0,0.0,0.0,0.0,0.0,0.0,0.0,0.0,0.0,0.0,0.0,0.0,0.0,0.0,-1.0,0.0,0.0,0.0,1.0,0.0,-3.1946884019211876,-3.2597145763975988,-2.1453568405302192,0.0,-3.13895514140087,0.09262109518407012,-3.1816908209099646,0.0,0.0,DDoS-ICMP_Flood,1
3.9899246725135473,0.007301025879796676,0.0,0.028961162899088677,-0.7654924179387159,0.0,0.0,1.0,0.0,0.0,0.0,0.0,0.0,0.0,3.535803243948567,0.0,0.0,0.5024752879678589,0.0,0.0,0.0,0.0,0.0,0.0,0.0,0.0,0.0,0.0,0.0026907170723772305,0.0,0.018996552073432857,0.06461125054411287,0.009271597417287197,-0.5207201301504256,0.0015152608397128867,0.019235242220602446,0.34299828761799184,DoS-SYN_Flood,1
8.163696937673176,3.0317354498378086,1.6288918283450677,0.009797996326253333,0.8313164656595735,0.0,0.0,0.0,0.0,0.0,0.0,0.0,0.0,0.0,0.0,0.0,0.0,0.0,0.0,0.0,0.0,0.0,-1.0,1.0,0.0,0.0,0.0,0.0,36.41270309450177,24.914227059137325,28.821147620656586,15.415923484709595,36.15386984975932,0.8924508446266413,38.11369096662366,10.13338070130737,7.74944564203287,DDoS-UDP_Fragmentation,1
0.0,0.0,0.0,0.0,-0.5654698531193926,0.0,0.0,0.0,0.0,0.6931471805599453,0.6931471805599453,0.0,0.0,0.0,0.0,0.0,0.6931471805599453,35.00278878114653,0.0,0.0,0.0,0.0,0.0,0.0,0.0,0.0,0.0,0.0,0.0,0.0,0.0,0.0,0.0,0.750272255187412,0.0,0.0,0.0,DDoS-PSHACK_Flood,1
0.0,-1.4513389403258232,-2.1606122929018636,0.0,-0.4743892692472415,0.0,0.0,0.0,0.0,0.0,0.0,0.0,0.0,0.0,0.0,0.0,0.0,0.0,0.0,0.0,0.0,0.0,-1.0,0.0,0.0,0.0,1.0,0.0,-3.1946884019211876,-3.2597145763975988,-2.1453568405302192,0.0,-3.13895514140087,0.09500514989568679,-3.1816908209099646,0.0,0.0,DDoS-ICMP_Flood,1
12.71130211360647,0.39346848571166787,0.0,0.0,-0.6083721882453897,0.0,0.0,1.0,0.0,0.0,0.0,0.0,0.0,0.0,6.9715281586813695,0.0,0.0,0.0,0.0,0.0,0.0,0.0,0.0,0.0,0.0,0.0,0.0,0.0,0.0,0.0,0.0,0.0,0.0,0.8619873830009429,0.0,0.0,0.0,DDoS-SynonymousIP_Flood,1
12.350791694811956,3.9943466560497973,1.6288918283450677,0.0,1.312615244300091,0.0,0.0,0.0,0.0,0.0,0.0,0.0,0.0,0.0,0.0,0.0,0.0,0.0,0.0,0.0,0.0,0.0,-1.0,1.0,0.0,0.0,0.0,0.0,29.634727059736914,30.61461869346902,20.148782997694873,0.0,29.48046907103512,2.332626622858393,30.75859664112244,0.0,0.0,Mirai-udpplain,1
0.0,0.0,0.0,0.0,-0.03875152799640343,0.0,0.0,0.0,0.0,0.0,0.0,0.0,0.0,0.0,0.0,0.0,0.0,0.0,0.6931471805599453,0.0,0.0,0.0,0.0,0.0,0.0,0.0,0.0,0.0,0.0,0.0,0.0,0.0,0.0,-0.20368012720933643,0.0,0.0,0.0,DDoS-TCP_Flood,1
0.0,0.0,0.0,0.0,0.5641723534491987,0.0,0.6931471805599453,0.0,0.6931471805599453,0.0,0.0,0.0,0.0,0.6931471805599453,0.0,0.6931471805599453,0.0,0.0,0.0,0.0,0.0,0.0,0.0,0.0,0.0,0.0,0.0,0.0,0.0,0.0,0.0,0.0,0.0,0.797136936600128,0.0,0.0,0.0,DDoS-RSTFINFlood,1
0.0,-1.4513389403258232,-2.1606122929018636,0.0,-0.5059560679680277,0.0,0.0,0.0,0.0,0.0,0.0,0.0,0.0,0.0,0.0,0.0,0.0,0.0,0.0,0.0,0.0,0.0,-1.0,0.0,0.0,0.0,1.0,0.0,-3.1946884019211876,-3.2597145763975988,-2.1453568405302192,0.0,-3.13895514140087,0.015128611520022093,-3.1816908209099646,0.0,0.0,DDoS-ICMP_Flood,1
0.0,0.0,0.0,0.0,-0.12494142218236799,0.0,0.6931471805599453,0.0,0.6931471805599453,0.0,0.0,0.0,0.0,0.6931471805599453,0.0,0.6931471805599453,0.0,0.0,0.0,0.0,0.0,0.0,0.0,0.0,0.0,0.0,0.0,0.0,0.0,0.0,0.0,0.0,0.0,0.7990860184707873,0.0,0.0,0.0,DDoS-RSTFINFlood,1
0.47694536562773154,0.14702316529714549,0.0,0.0,0.0325949529127551,0.0,0.0,0.0,0.6931471805599453,0.0,0.0,0.0,0.0,0.0,0.0,0.412109650826833,0.6931471805599453,35.00278878114653,0.0,0.0,0.0,0.0,0.0,0.0,0.0,0.0,0.0,0.0,0.0,0.0,0.0,0.0,0.0,0.6874862306681635,0.0,0.0,0.0,DDoS-PSHACK_Flood,1
0.0,-1.4513389403258232,-2.1606122929018636,0.0,-0.5089956038272829,0.0,0.0,0.0,0.0,0.0,0.0,0.0,0.0,0.0,0.0,0.0,0.0,0.0,0.0,0.0,0.0,0.0,-1.0,0.0,0.0,0.0,1.0,0.0,-3.1946884019211876,-3.2597145763975988,-2.1453568405302192,0.0,-3.13895514140087,0.012522128951220084,-3.1816908209099646,0.0,0.0,DDoS-ICMP_Flood,1
0.0,-1.4513389403258232,-2.1606122929018636,0.0,-0.3136821504177151,0.0,0.0,0.0,0.0,0.0,0.0,0.0,0.0,0.0,0.0,0.0,0.0,0.0,0.0,0.0,0.0,0.0,-1.0,0.0,0.0,0.0,1.0,0.0,-3.1946884019211876,-3.2597145763975988,-2.1453568405302192,0.0,-3.13895514140087,0.013039352831501098,-3.1816908209099646,0.0,0.0,DDoS-ICMP_Flood,1
16.21939870497193,3.1671572195321045,0.0,0.41465353416257056,0.2992689376047605,0.0,0.0,0.0,0.0,0.0,0.6931471805599453,0.0,0.0,0.0,4.8051662992914705,0.0,2.8903717578961645,293.8296046306591,0.0,0.6931471805599453,0.0,0.0,0.0,0.0,0.0,0.0,0.0,0.0,37.436349812929684,2.613770776601509,28.785829556061145,15.987411520109681,39.413991491313354,302.5799062549793,33.224333016594386,10.467587217991635,8.043231726932055,BenignTraffic,0
38.56572908806758,4.007727941109587,0.6661287098332118,-0.06515409517978554,0.271176179959761,0.0,0.0,0.0,0.0,0.0,0.6931471805599453,0.0,0.0,0.0,3.9650689232109766,0.0,4.803201036487226,410.1648452543785,0.0,0.6931471805599453,0.0,0.0,0.0,0.0,0.0,0.0,0.0,0.0,35.39383526767618,2.613770776601509,35.64867367510232,16.57902824854413,42.34342233273872,302.5887428479797,29.297689975168456,11.06599083671384,8.043231726932055,BenignTraffic,0
0.4312197609580825,2.263380323510787,1.6288918283450677,0.0,2.1062502286078555,0.0,0.0,0.0,0.0,0.0,0.0,0.0,0.0,0.0,0.0,0.0,0.0,0.0,0.0,0.0,0.0,0.0,-1.0,1.0,0.0,0.0,0.0,0.0,-0.9784901618675309,-1.0,-0.6581425429281335,0.0,-0.9629539850295165,-0.07860282620083257,-0.9782642144148311,0.0,0.0,DDoS-UDP_Flood,1
0.0,0.0,0.0,0.0,0.6586472252867888,0.0,0.6931471805599453,0.0,0.6931471805599453,0.0,0.0,0.0,0.0,0.6931471805599453,0.0,0.6931471805599453,0.0,0.0,0.0,0.0,0.0,0.0,0.0,0.0,0.0,0.0,0.0,0.0,0.0,0.0,0.0,0.0,0.0,0.8130270770963263,0.0,0.0,0.0,DDoS-RSTFINFlood,1
0.43526790091163814,-0.5240646864784199,-2.0764649872038143,0.022363448157853405,-0.3894529788045193,0.0,0.0,0.0,0.0,0.0,0.0,0.0,0.0,0.0,0.0,0.0,0.039220713153281295,6.616711027616111,0.0,0.0,0.0,0.0,-1.0,0.0,0.0,0.0,1.0,0.0,-3.111962760180278,-3.2597145763975988,-1.5802896690371482,1.465662531717575,-3.067973056379215,0.013982945421101286,-3.0946763694738477,1.1080522480620167,2.496137504247569,DDoS-ICMP_Flood,1
0.0,-0.003573429594906621,-0.01484667116878494,-0.009894947771454277,0.22190466036736364,0.0,0.0,0.0,0.0,0.0,0.0,0.0,0.0,0.0,0.0,0.0,0.0,0.0,0.0,0.0,0.0,0.0,0.0,0.0,0.0,0.0,0.0,0.0,0.012103753185308179,0.0,0.0851603272293417,0.30244231085356965,0.013904869652008049,-0.3281955367624691,0.008196392498963099,0.14253109745891168,1.0,DDoS-TCP_Flood,1
0.0,-1.4513389403258232,-2.1606122929018636,0.0,0.05063475963850711,0.0,0.0,0.0,0.0,0.0,0.0,0.0,0.0,0.0,0.0,0.0,0.0,0.0,0.0,0.0,0.0,0.0,-1.0,0.0,0.0,0.0,1.0,0.0,-3.1946884019211876,-3.2597145763975988,-2.1453568405302192,0.0,-3.13895514140087,0.09473605196252513,-3.1816908209099646,0.0,0.0,DDoS-ICMP_Flood,1
0.29415348225133053,2.160502147889836,1.61252579983993,-0.009894947771454277,1.838934372742018,0.0,0.0,0.0,0.0,0.0,0.0,0.0,0.0,0.0,0.0,0.0,0.0,0.0,0.0,0.0,0.0,0.0,-1.0,1.0,0.0,0.0,0.0,0.0,-0.9518808145536369,-1.0,-0.4721437752140808,0.5999497048486262,-0.9379724262366933,-0.40689852603750803,-0.9587654119990227,0.431140147651087,1.2109863674277355,DoS-UDP_Flood,1
0.0,0.0,0.0,0.0,-0.6869324858745718,0.0,0.0,0.0,0.0,0.6931471805599453,0.6931471805599453,0.0,0.0,0.0,0.0,0.0,0.6931471805599453,35.00278878114653,0.0,0.0,0.0,0.0,0.0,0.0,0.0,0.0,0.0,0.0,0.0,0.0,0.0,0.0,0.0,0.6893293678438313,0.0,0.0,0.0,DDoS-PSHACK_Flood,1
1.484318453755355,2.7133740456082314,1.5852267707596852,0.006746422398855145,1.121562813786789,0.0,0.0,0.0,0.0,0.0,0.0,0.0,0.0,0.0,0.0,0.0,0.0,0.5024752879678589,0.0,0.0,0.0,0.0,-1.0,1.0,0.0,0.0,0.0,0.0,29.10070491128577,23.160447465379715,20.070853199756566,10.353463109017419,29.14898387795378,2.3952070523994156,29.91750160678571,7.3762965822443345,4.627370391080418,Mirai-udpplain,1
0.0,-1.4513389403258232,-2.1606122929018636,0.0,-0.634056836944568,0.0,0.0,0.0,0.0,0.0,0.0,0.0,0.0,0.0,0.0,0.0,0.0,0.0,0.0,0.0,0.0,0.0,-1.0,0.0,0.0,0.0,1.0,0.0,-3.1946884019211876,-3.2597145763975988,-2.1453568405302192,0.0,-3.13895514140087,1.2984304636046864,-3.1816908209099646,0.0,0.0,DDoS-ICMP_Flood,1
0.0,0.0,0.0,0.0,0.1711681546788701,0.0,0.0,1.0,0.0,0.0,0.0,0.0,0.0,0.0,3.4857640793406848,0.0,0.0,0.0,0.6931471805599453,0.0,0.0,0.0,0.0,0.0,0.0,0.0,0.0,0.0,0.0,0.0,0.0,0.0,0.0,-0.1250675521949864,0.0,0.0,0.0,DDoS-SYN_Flood,1
8.017476542817962,0.25169554164111224,0.02689133735382879,0.009797996326253333,-0.3983063960645032,0.0,0.0,1.0,0.0,0.0,0.0,0.0,0.0,0.0,5.491167136052721,0.0,0.0,0.0,0.0,0.0,0.0,0.0,0.0,0.0,0.0,0.0,0.0,0.0,0.24255689687755175,0.0,1.578588321932923,3.3116048496372894,0.19330194352929522,0.8583752644597161,0.19279015957152978,3.3510744106187556,1.4182049190823993,DDoS-SynonymousIP_Flood,1
0.0,0.0,0.0,0.0,-0.6109392677644461,0.0,0.0,0.0,0.0,0.6931471805599453,0.6931471805599453,0.0,0.0,0.0,0.0,0.0,0.6931471805599453,35.00278878114653,0.0,0.0,0.0,0.0,0.0,0.0,0.0,0.0,0.0,0.0,0.0,0.0,0.0,0.0,0.0,0.6867734781317943,0.0,0.0,0.0,DDoS-PSHACK_Flood,1
11.277478071087607,0.3608468999682069,0.0,0.0,-0.5862340783045343,0.0,0.0,1.0,0.0,0.0,0.0,0.0,0.0,0.0,6.633542443570224,0.0,0.0,0.0,0.0,0.0,0.0,0.0,0.0,0.0,0.0,0.0,0.0,0.0,0.0,0.0,0.0,0.0,0.0,0.8632280008038116,0.0,0.0,0.0,DDoS-SynonymousIP_Flood,1
0.0,0.0,0.0,0.0,0.14281264367117347,0.0,0.0,1.0,0.0,0.0,0.0,0.0,0.0,0.0,3.4857640793406848,0.0,0.0,0.0,0.0,0.0,0.0,0.0,0.0,0.0,0.0,0.0,0.0,0.0,0.0,0.0,0.0,0.0,0.0,0.8592630061604701,0.0,0.0,0.0,DDoS-SynonymousIP_Flood,1
15.952529879470704,0.24773012864635294,0.0,0.0,-0.6958518660529092,0.0,0.0,0.0,0.0,0.0,0.0,0.0,0.0,0.0,0.0,0.0,0.0,0.0,0.0,0.0,0.0,0.0,0.0,0.0,0.0,0.0,0.0,0.0,0.0,0.0,0.0,0.0,0.0,-0.6301483827671971,0.0,0.0,0.0,DoS-TCP_Flood,1
0.0,-1.4513389403258232,3.320506119786125,0.0,-0.5300751473348833,0.0,0.0,0.0,0.0,0.0,0.0,0.0,0.0,0.0,0.0,0.0,0.0,0.0,0.0,0.0,0.0,0.0,-1.0,0.0,0.0,0.0,0.0,0.0,30.17481912721899,31.175282659129863,20.51777980578307,0.0,30.020362671030682,1.6309494934473798,31.333460718242428,0.0,0.0,Mirai-greip_flood,1
0.0,-1.4513389403258232,-2.1606122929018636,0.0,0.13488514613245034,0.0,0.0,0.0,0.0,0.0,0.0,0.0,0.0,0.0,0.0,0.0,0.0,0.0,0.0,0.0,0.0,0.0,-1.0,0.0,0.0,0.0,1.0,0.0,-3.1946884019211876,-3.2597145763975988,-2.1453568405302192,0.0,-3.13895514140087,0.012997905355066031,-3.1816908209099646,0.0,0.0,DDoS-ICMP_Flood,1
0.260392656308436,2.062140148507073,1.6183197951558497,0.0,1.794823547563749,0.0,0.0,0.0,0.0,0.0,0.0,0.0,0.0,0.009950330853168083,0.0,0.0,0.0,0.5024752879678589,0.0,0.0,0.0,0.0,-1.0,1.0,0.0,0.0,0.0,0.0,-0.9012349978470042,-0.9585161499443605,-0.12771287618093075,1.634700758266463,-0.9230069463040714,-0.39132446485533,-0.8370818512668442,1.4496659078550984,2.018542090483177,DoS-UDP_Flood,1
0.0,-1.4513389403258232,-2.1606122929018636,0.0,-0.48337004143032347,0.0,0.0,0.0,0.0,0.0,0.0,0.0,0.0,0.0,0.0,0.0,0.0,0.0,0.0,0.0,0.0,0.0,-1.0,0.0,0.0,0.0,1.0,0.0,-3.1946884019211876,-3.2597145763975988,-2.1453568405302192,0.0,-3.13895514140087,0.014035793499573025,-3.1816908209099646,0.0,0.0,DDoS-ICMP_Flood,1
0.0,0.0,0.0,0.0,0.44119941435148974,0.0,0.0,1.0,0.0,0.0,0.0,0.0,0.0,0.0,3.4857640793406848,0.0,0.0,0.0,0.0,0.0,0.0,0.0,0.0,0.0,0.0,0.0,0.0,0.0,0.0,0.0,0.0,0.0,0.0,-0.12790592066247164,0.0,0.0,0.0,DDoS-SYN_Flood,1
0.0,0.0,0.0,0.0,-0.43593775150252345,0.0,0.0,0.0,0.0,0.6931471805599453,0.6931471805599453,0.0,0.0,0.0,0.0,0.0,0.6931471805599453,35.00278878114653,0.0,0.0,0.0,0.0,0.0,0.0,0.0,0.0,0.0,0.0,0.0,0.0,0.0,0.0,0.0,0.6870412258372139,0.0,0.0,0.0,DDoS-PSHACK_Flood,1
0.0,-0.006913895710918866,-0.029822258606148372,0.009645638589994121,-0.09212753403457995,0.0,0.0,0.0,0.0,0.6931471805599453,0.6931471805599453,0.0,0.0,0.0,0.05003916460788235,0.0,0.6780335427498971,34.23957501238748,0.0,0.6931471805599453,0.0,0.0,0.0,0.0,0.0,0.0,0.0,0.0,0.010759459561732024,0.0,0.037951792293886476,0.1637953657266108,0.03704601497048354,0.7531483356461863,0.0060927217025269756,0.09358640939330772,0.4551144305781266,DDoS-PSHACK_Flood,1
0.15243747423507387,1.7517689209931084,1.6288918283450677,0.0,2.4241955415396528,0.0,0.0,0.0,0.0,0.0,0.0,0.0,0.0,0.0,0.0,0.0,0.0,0.0,0.0,0.0,0.0,0.0,-1.0,1.0,0.0,0.0,0.0,0.0,-0.9784901618675309,-1.0,-0.6581425429281335,0.0,-0.9629539850295165,-0.06367163973923433,-0.9782642144148311,0.0,0.0,DDoS-UDP_Flood,1
0.0,-1.4513389403258232,-2.1606122929018636,0.0,-0.062411983815559804,0.0,0.0,0.0,0.0,0.0,0.0,0.0,0.0,0.0,0.0,0.0,0.0,0.0,0.0,0.0,0.0,0.0,-1.0,0.0,0.0,0.0,1.0,0.0,-3.1946884019211876,-3.2597145763975988,-2.1453568405302192,0.0,-3.13895514140087,0.10592958831570536,-3.1816908209099646,0.0,0.0,DDoS-ICMP_Flood,1
0.0,0.0,0.0,0.0,-0.7030639667287791,0.0,0.0,0.0,0.0,0.6931471805599453,0.6931471805599453,0.0,0.0,0.0,0.0,0.0,0.6931471805599453,35.00278878114653,0.0,0.0,0.0,0.0,0.0,0.0,0.0,0.0,0.0,0.0,0.0,0.0,0.0,0.0,0.0,0.7521781120336172,0.0,0.0,0.0,DDoS-PSHACK_Flood,1
0.8019128196725522,1.961801924649253,1.5484772818589043,-0.019888784853788977,1.6774260685496307,0.0,0.0,0.0,0.0,0.0,0.0,0.0,0.0,0.0,0.0,0.0,0.0,0.0,0.0,0.0,0.0,0.0,-1.0,1.0,0.0,0.0,0.0,0.0,-0.7020634442540026,-1.0,-0.025393311069083747,2.0985521031842977,-0.7349487834845158,-0.09496149790589513,-0.7601433352335301,2.0974335553773944,1.6217878693835461,DDoS-UDP_Flood,1
0.0,-1.4513389403258232,-2.1606122929018636,0.028961162899088677,-0.4769048325159935,0.0,0.0,0.0,0.0,0.0,0.0,0.0,0.0,0.0,0.0,0.0,0.0,0.0,0.0,0.0,0.0,0.0,-1.0,0.0,0.0,0.0,1.0,0.0,-3.1946884019211876,-3.2597145763975988,-2.1453568405302192,0.0,-3.13895514140087,0.09246299116667399,-3.1816908209099646,0.0,0.0,DDoS-ICMP_Flood,1
14.322223302603451,0.253335068065972,0.0,0.0,-0.6734602232290269,0.0,0.0,1.0,0.0,0.0,0.0,0.0,0.0,0.0,5.541540457579625,0.019802627296179712,0.0,1.0,0.0,0.0,0.0,0.0,0.0,0.0,0.0,0.0,0.0,0.0,0.0,0.0,0.0,0.0,0.0,-0.5496143120924979,0.0,0.0,0.0,DoS-SYN_Flood,1
1.4377846238248602,2.1764025033391845,1.6288918283450677,0.0,1.3783107877941831,0.0,0.0,0.0,0.0,0.0,0.0,0.0,0.0,0.0,0.0,0.0,0.0,0.0,0.0,0.0,0.0,0.0,-1.0,1.0,0.0,0.0,0.0,0.0,-0.9784901618675309,-1.0,-0.6581425429281335,0.0,-0.9629539850295165,-0.0943437160178942,-0.9782642144148311,0.0,0.0,DDoS-UDP_Flood,1
0.0,-1.4513389403258232,3.320506119786125,0.0,0.34702696122553384,0.0,0.0,0.0,0.0,0.0,0.0,0.0,0.0,0.0,0.0,0.0,0.0,0.0,0.0,0.0,0.0,0.0,-1.0,0.0,0.0,0.0,0.0,0.0,30.47961086516102,31.491700297248286,20.726027714761642,0.0,30.325058296590445,2.0060719889362004,31.65802788915891,0.0,0.0,Mirai-greeth_flood,1
0.0,0.0,0.0,0.0,-0.3943321008173458,0.0,0.0,0.0,0.0,0.6931471805599453,0.6931471805599453,0.0,0.0,0.0,0.0,0.0,0.6931471805599453,35.00278878114653,0.0,0.0,0.0,0.0,0.0,0.0,0.0,0.0,0.0,0.0,0.0,0.0,0.0,0.0,0.0,0.7486933647684697,0.0,0.0,0.0,DDoS-PSHACK_Flood,1
0.0,0.0,0.0,0.0,-0.020594870351364508,0.0,0.0,0.0,0.0,0.0,0.0,0.0,0.0,0.0,0.0,0.0,0.0,0.0,0.0,0.0,0.0,0.0,0.0,0.0,0.0,0.0,0.0,0.0,0.0,0.0,0.0,0.0,0.0,-0.3287433781384559,0.0,0.0,0.0,DDoS-TCP_Flood,1
9.240866759887224,3.521050603130287,1.6028256749991752,0.026417203427590685,1.0917157193469393,0.0,0.0,0.0,0.0,0.0,0.0,0.0,0.0,0.0,0.0,0.0,0.009950330853168083,0.5024752879678589,0.0,0.0,0.0,0.0,-1.0,1.0,0.0,0.0,0.0,0.0,29.46182941057299,28.596615522070177,20.148782997694873,7.473101156657204,29.270565664053972,2.3163362875191247,30.61099094149486,6.205463385507927,1.9206180450055654,Mirai-udpplain,1
3.0681949864501017,0.14433665490689812,3.0975831931884223,0.16577516067954612,-0.17408063142842684,0.0,0.0,0.0,0.0,0.0,0.0,0.0,0.0,0.0,1.8337517669723167,0.0,0.1988508587451652,24.981343860950357,0.0,0.0,0.0,0.0,-1.0,0.0,0.0,0.0,0.0,0.0,27.73746565095397,25.497187897166498,19.84922609856393,10.311251784598253,28.384585540902403,1.6580372716738452,27.5333006463935,7.678133839041449,3.7374345476606385,Mirai-greip_flood,1
0.0,0.0,0.0,0.0,-0.04676975472289767,0.0,0.6931471805599453,0.0,0.6931471805599453,0.0,0.0,0.0,0.0,0.6931471805599453,0.0,0.6931471805599453,0.0,0.0,0.0,0.0,0.0,0.0,0.0,0.0,0.0,0.0,0.0,0.0,0.0,0.0,0.0,0.0,0.0,0.7963372634585532,0.0,0.0,0.0,DDoS-RSTFINFlood,1
30.45501283528361,3.901806494500155,0.11899046348435936,-0.10365257331266964,0.38425370073002835,0.0,0.0,0.0,0.0,0.0,0.6931471805599453,0.0,0.0,0.0,0.0,0.0,4.591071261608589,396.24774425214014,0.0,0.6931471805599453,0.0,0.0,0.0,0.0,0.0,0.0,0.0,0.0,41.126870037746556,2.0070826439626916,28.901661797070528,15.857658199126217,39.85649502260272,302.5796090720686,37.56584733625203,10.382651141702691,8.043231726932055,BenignTraffic,0
0.0,0.0,0.0,0.0,-0.5609985110857455,0.0,0.6931471805599453,0.0,0.6931471805599453,0.0,0.0,0.0,0.0,0.6931471805599453,0.0,0.6931471805599453,0.0,0.0,0.0,0.0,0.0,0.0,0.0,0.0,0.0,0.0,0.0,0.0,0.0,0.0,0.0,0.0,0.0,0.7849831534053415,0.0,0.0,0.0,DDoS-RSTFINFlood,1
14.601973690720511,0.24773012864635294,0.0,0.0,-0.6808638727586744,0.0,0.0,0.0,0.0,0.0,0.0,0.0,0.0,0.0,0.0,0.0,0.0,0.0,0.6931471805599453,0.0,0.0,0.0,0.0,0.0,0.0,0.0,0.0,0.0,0.0,0.0,0.0,0.0,0.0,-0.6584034022294292,0.0,0.0,0.0,DoS-TCP_Flood,1
8.931983579122187,3.092165502904368,0.0,0.5740170841783625,0.6123534710351298,0.0,0.0,0.0,0.0,0.0,0.6931471805599453,0.0,0.0,0.0,5.52480535211579,0.0,2.970414465569701,284.2763222864552,0.0,0.6931471805599453,0.0,0.0,0.0,0.0,0.0,0.0,0.0,0.0,32.69010701622345,2.613770776601509,28.901661797070528,15.645334298694149,37.97789340709641,302.2559752628554,27.182092937595495,10.266212421601654,8.043231726932055,Recon-OSScan,1
10.02729400076856,0.35018824434581025,0.0,0.0,-0.5627816511613983,0.0,0.0,1.0,0.0,0.0,0.0,0.0,0.0,0.0,6.5248053521157905,0.0,0.0,0.0,0.0,0.0,0.0,0.0,0.0,0.0,0.0,0.0,0.0,0.0,0.0,0.0,0.0,0.0,0.0,0.8611636287907968,0.0,0.0,0.0,DDoS-SynonymousIP_Flood,1
0.0,0.0,0.0,0.0,-0.15785101139735444,0.0,0.0,0.0,0.0,0.6931471805599453,0.6931471805599453,0.0,0.0,0.0,0.0,0.0,0.6931471805599453,35.00278878114653,0.0,0.0,0.0,0.0,0.0,0.0,0.0,0.0,0.0,0.0,0.0,0.0,0.0,0.0,0.0,0.7529310001300952,0.0,0.0,0.0,DDoS-PSHACK_Flood,1
0.0,0.0,0.0,0.0,-0.3818116668094154,0.0,0.6931471805599453,0.0,0.6931471805599453,0.0,0.0,0.0,0.0,0.6931471805599453,0.0,0.6931471805599453,0.0,0.0,0.0,0.0,0.0,0.0,0.0,0.0,0.0,0.0,0.0,0.0,0.0,0.0,0.0,0.0,0.0,0.8158867859321026,0.0,0.0,0.0,DDoS-RSTFINFlood,1
1.1354934753441381,2.367646663546681,1.6288918283450677,0.0,1.610373048698962,0.0,0.0,0.0,0.0,0.0,0.0,0.0,0.0,0.0,0.0,0.0,0.0,0.0,0.0,0.0,0.0,0.0,-1.0,1.0,0.0,0.0,0.0,0.0,-0.9784901618675309,-1.0,-0.6581425429281335,0.0,-0.9629539850295165,-0.3940872539533656,-0.9782642144148311,0.0,0.0,DoS-UDP_Flood,1
41.35090577463289,2.4139286858301836,0.25172345107654504,0.22129569122573045,0.20053061151978763,0.0,0.0,0.0,0.0,0.0,0.6931471805599453,0.0,0.0,0.0,3.9650689232109766,0.0,4.908971640319756,284.3306897955199,0.0,0.0,0.0,0.6931471805599453,0.0,0.0,0.0,0.0,0.0,0.0,31.3767997008676,2.613770776601509,28.668437238019724,15.596104129332032,7.275196996838111,302.8763498632344,27.674188813797613,10.215831830865953,8.043231726932055,DictionaryBruteForce,1
0.0,0.0,0.0,0.0,0.3467293161783277,0.0,0.0,0.0,0.0,0.0,0.0,0.0,0.0,0.0,0.0,0.0,0.0,0.0,0.6931471805599453,0.0,0.0,0.0,0.0,0.0,0.0,0.0,0.0,0.0,0.0,0.0,0.0,0.0,0.0,-0.20362305338078604,0.0,0.0,0.0,DDoS-TCP_Flood,1
31.156256119322986,2.4667929985923975,0.47134290685304675,0.5582962363914143,0.27926459857820485,0.0,0.0,0.0,0.0,0.0,0.6931471805599453,0.0,0.0,0.0,4.8051662992914705,0.0,3.3105430133940246,209.22146664805527,0.0,0.6931471805599453,0.0,0.0,0.0,0.0,0.0,0.0,0.0,0.0,37.53069001646928,-2.081720017417545,39.72685051641539,17.84600038292751,33.74852773782722,302.91146687207424,33.603800433534495,11.694382763866125,8.043231726932055,MITM-ArpSpoofing,1
0.0,0.0,0.0,0.0,-0.5745925934356536,0.0,0.0,1.0,0.0,0.0,0.0,0.0,0.0,0.0,3.4857640793406848,0.0,0.0,0.0,0.0,0.0,0.0,0.0,0.0,0.0,0.0,0.0,0.0,0.0,0.0,0.0,0.0,0.0,0.0,-0.12819608662346038,0.0,0.0,0.0,DDoS-SYN_Flood,1
0.0,0.0,0.0,0.0,-0.48628428674007734,0.0,0.0,1.0,0.0,0.0,0.0,0.0,0.0,0.0,3.4857640793406848,0.0,0.0,0.0,0.0,0.0,0.0,0.0,0.0,0.0,0.0,0.0,0.0,0.0,0.0,0.0,0.0,0.0,0.0,-0.12492025451058485,0.0,0.0,0.0,DDoS-SYN_Flood,1
0.24831555732472282,0.011535488773632942,0.0,0.028961162899088677,-0.5279811544796813,0.0,0.0,0.0,0.0,0.0,0.0,0.0,0.0,0.0,0.1972368306618384,0.0,0.0,1.0,0.6931471805599453,0.0,0.0,0.0,0.0,0.0,0.0,0.0,0.0,0.0,0.01613578301283404,0.0,0.11336320307948657,0.4821357049959531,0.009271597417287197,-0.18970595275747984,0.01974321927308847,0.19775891716110963,1.9206180450055654,DDoS-TCP_Flood,1
0.0,-1.4513389403258232,-2.1606122929018636,0.0,0.2732401057233517,0.0,0.0,0.0,0.0,0.0,0.0,0.0,0.0,0.0,0.0,0.0,0.0,0.0,0.0,0.0,0.0,0.0,-1.0,0.0,0.0,0.0,1.0,0.0,-3.1946884019211876,-3.2597145763975988,-2.1453568405302192,0.0,-3.13895514140087,0.013998426643476993,-3.1816908209099646,0.0,0.0,DDoS-ICMP_Flood,1
0.0,-1.4513389403258232,-2.1606122929018636,0.0,-0.2629424575652461,0.0,0.0,0.0,0.0,0.0,0.0,0.0,0.0,0.0,0.0,0.0,0.0,0.0,0.0,0.0,0.0,0.0,-1.0,0.0,0.0,0.0,1.0,0.0,-3.1946884019211876,-3.2597145763975988,-2.1453568405302192,0.0,-3.13895514140087,0.10589507376197688,-3.1816908209099646,0.0,0.0,DDoS-ICMP_Flood,1
1.1891481234585668,0.11997409824817301,0.0,0.0,-0.26825754141352537,0.0,0.0,1.0,0.0,0.0,0.0,0.0,0.0,0.0,4.402639962826843,0.0,0.0,0.0,0.0,0.0,0.0,0.0,0.0,0.0,0.0,0.0,0.0,0.0,0.0,0.0,0.0,0.0,0.0,0.8590650561408911,0.0,0.0,0.0,DDoS-SynonymousIP_Flood,1
0.0,0.0,0.0,0.0,-0.2118787971700903,0.0,0.0,1.0,0.0,0.0,0.0,0.0,0.0,0.0,3.4857640793406848,0.0,0.0,0.0,0.0,0.0,0.0,0.0,0.0,0.0,0.0,0.0,0.0,0.0,0.0,0.0,0.0,0.0,0.0,-0.12470833945449632,0.0,0.0,0.0,DDoS-SYN_Flood,1
0.0,0.0,0.0,0.0,-0.5583968500278146,0.0,0.0,1.0,0.0,0.0,0.0,0.0,0.0,0.0,3.4857640793406848,0.0,0.0,0.0,0.0,0.0,0.0,0.0,0.0,0.0,0.0,0.0,0.0,0.0,0.0,0.0,0.0,0.0,0.0,-0.1095525573383012,0.0,0.0,0.0,DDoS-SYN_Flood,1
43.34537672049706,2.1812837862091308,0.47134290685304675,0.536943111920845,0.35684455012429944,0.0,0.0,0.0,0.0,0.0,0.0,0.0,0.0,0.18232155679395462,2.9559171562612643,0.26236426446749106,2.4595888418037104,147.6148360012354,0.0,0.0,0.0,0.0,0.0,0.0,0.0,0.0,0.0,0.0,-1.0952586446050925,0.0,12.126757905821854,9.873419517824251,11.432615023874401,-301.5982111613522,5.254185413153877,6.929591443399493,7.448027902452049,Recon-PortScan,1
0.0,0.14429244730614146,0.02689133735382879,0.0,-0.03432531236164962,0.0,0.0,0.0,0.0,0.0,0.0,0.0,0.0,0.0,0.0,0.0,0.0,0.0,0.0,0.0,0.0,0.0,0.0,0.0,0.0,0.0,0.0,0.0,-0.03053458474873763,-0.3315976480139839,0.0,0.8196324506936868,-0.018563440957110114,-0.7210574141002187,-0.03351917354467055,0.54625857476428,1.8218605933779084,DoS-TCP_Flood,1
11.538669407651641,3.920694126624285,1.6288918283450677,0.0,1.2902581754385654,0.0,0.0,0.0,0.0,0.0,0.0,0.0,0.0,0.0,0.0,0.0,0.0,0.0,0.0,0.0,0.0,0.0,-1.0,1.0,0.0,0.0,0.0,0.0,29.634727059736914,30.61461869346902,20.148782997694873,0.0,29.48046907103512,2.3951308953377644,30.75859664112244,0.0,0.0,Mirai-udpplain,1
0.006968764885962596,0.006137527852991424,0.0,0.02596759682578753,-0.052359402076721684,0.0,0.0,1.0,0.0,0.0,0.0,0.0,0.0,0.0,3.510845899668304,0.0,0.0,0.5024752879678589,0.0,0.0,0.0,0.0,0.0,0.0,0.0,0.0,0.0,0.0,0.017927386661668997,0.0,0.12586858235449605,0.4064919186249978,0.04629072844945693,-0.12900396268054004,0.010303932339236767,0.4832495545955591,0.4551144305781266,DDoS-SYN_Flood,1
0.0,0.0,0.0,0.0,-0.356464995907213,0.0,0.0,1.0,0.0,0.0,0.0,0.0,0.0,0.0,3.4857640793406848,0.0,0.0,0.0,0.0,0.6931471805599453,0.0,0.0,0.0,0.0,0.0,0.0,0.0,0.0,0.0,0.0,0.0,0.0,0.0,-0.11086244966153051,0.0,0.0,0.0,DDoS-SYN_Flood,1
0.0,-0.0926970743370532,1.61252579983993,-0.009894947771454277,-0.47709534657783614,0.0,0.0,0.0,0.0,0.0,0.0,0.0,0.0,0.0,0.0,0.0,0.0,0.0,0.0,0.0,0.0,0.0,-1.0,1.0,0.0,0.0,0.0,0.0,-3.101659730356484,-3.2597145763975988,-1.512164067574492,1.6708644318855126,-3.0856815734839125,-0.4390553940459688,-3.0705415605274684,1.518681381524047,1.9206180450055654,DoS-UDP_Flood,1
7.49042497466552,3.1752634662141874,1.550483887844783,0.13708277131511082,0.9179584614454687,0.0,0.0,0.0,0.0,0.0,0.0,0.0,0.0,0.0,0.0,0.0,0.0,0.0,0.0,0.0,0.0,0.0,-1.0,1.0,0.0,0.0,0.0,0.0,29.082518862156512,24.933296476833416,20.148782997694873,10.000151354382261,28.911900836892777,2.3163298862742305,30.15778694523896,7.298404441728804,3.904400457399652,Mirai-udpplain,1
0.0,0.0,0.0,0.0,-0.38871362464174325,0.0,0.6931471805599453,0.0,0.6931471805599453,0.0,0.0,0.0,0.0,0.6931471805599453,0.0,0.6931471805599453,0.0,0.0,0.0,0.0,0.0,0.0,0.0,0.0,0.0,0.0,0.0,0.0,0.0,0.0,0.0,0.0,0.0,0.795349395233557,0.0,0.0,0.0,DDoS-RSTFINFlood,1
1.2486782069279503,2.4232356711219283,1.6288918283450677,0.0,1.6198702332885948,0.0,0.0,0.0,0.0,0.0,0.0,0.0,0.0,0.0,0.0,0.0,0.0,0.0,0.0,0.0,0.0,0.0,-1.0,1.0,0.0,0.0,0.0,0.0,-0.9784901618675309,-1.0,-0.6581425429281335,0.0,-0.9629539850295165,-0.0034061522675439947,-0.9782642144148311,0.0,0.0,DDoS-UDP_Flood,1
1.291889631963368,0.11997409824817301,0.0,0.0,-0.2895657210399124,0.0,0.0,1.0,0.0,0.0,0.0,0.0,0.0,0.0,4.402639962826843,0.0,0.0,0.0,0.0,0.0,0.0,0.0,0.0,0.0,0.0,0.0,0.0,0.0,0.0,0.0,0.0,0.0,0.0,0.8623428116496765,0.0,0.0,0.0,DDoS-SynonymousIP_Flood,1
0.0,-1.4513389403258232,-2.1606122929018636,0.0,0.6413882030622035,0.0,0.0,0.0,0.0,0.0,0.0,0.0,0.0,0.0,0.0,0.0,0.0,0.0,0.0,0.0,0.0,0.0,-1.0,0.0,0.0,0.0,1.0,0.0,-3.1946884019211876,-3.2597145763975988,-2.1453568405302192,0.0,-3.13895514140087,-0.0018758822326395126,-3.1816908209099646,0.0,0.0,DDoS-ICMP_Flood,1
0.0,-1.4513389403258232,-2.1692573117561817,-0.009894947771454277,-0.7804506568568762,0.0,0.0,0.0,0.0,0.0,0.0,0.0,0.0,0.0,0.0,0.0,0.0,0.0,0.0,0.0,0.0,0.0,-1.0,0.0,0.0,0.0,1.0,0.0,-3.117117401995451,-3.2597145763975988,-1.614553190222168,1.3630050191497383,-3.0856815734839125,-0.0016585946793475235,-3.111493182837939,1.2602296060140044,1.6217878693835461,DDoS-ICMP_Flood,1
0.0,0.0,0.0,0.0,0.2002165513242124,0.0,0.0,1.0,0.0,0.0,0.0,0.0,0.0,0.0,3.4857640793406848,0.0,0.0,0.0,0.0,0.6931471805599453,0.0,0.0,0.0,0.0,0.0,0.0,0.0,0.0,0.0,0.0,0.0,0.0,0.0,-0.5024327916663283,0.0,0.0,0.0,DoS-SYN_Flood,1
0.5684764653062162,2.2025913602893605,1.6288918283450677,0.0,2.0018202161327694,0.0,0.0,0.0,0.0,0.0,0.0,0.0,0.0,0.0,0.0,0.0,0.0,0.0,0.0,0.0,0.0,0.0,-1.0,1.0,0.0,0.0,0.0,0.0,-0.9784901618675309,-1.0,-0.6581425429281335,0.0,-0.9629539850295165,-0.09336038982934004,-0.9782642144148311,0.0,0.0,DDoS-UDP_Flood,1
0.0018263889962146335,0.01268180128986023,0.0,0.025817683025941562,0.4571045824740998,0.0,0.0,1.0,0.0,0.0,0.0,0.0,0.0,0.0,3.460556535077735,0.0,0.019802627296179712,1.0,0.0,0.0,0.0,0.0,0.0,0.0,0.0,0.0,0.0,0.0,0.17084888065409393,0.0,1.1267697193787738,2.617737940425567,0.16815469175945177,-0.113159762759674,0.12338383544967728,2.84283301949263,1.2109863674277355,DDoS-SYN_Flood,1
0.7323499186266427,0.20312773645778254,0.0,-0.009428928345545096,-0.29744637490904224,0.0,0.0,1.0,0.0,0.0,0.0,0.0,0.0,0.04879016416943201,3.802457703692053,0.019802627296179712,0.06765864847381481,16.264685203222964,0.0,0.6931471805599453,0.0,0.0,0.0,0.0,0.0,0.0,0.0,0.0,0.13761622216435668,0.0,0.3006169188707201,1.2463066967929095,0.17273060916978272,-0.502378775128107,0.09315569717894338,1.2548364481931054,1.3150581908108256,DoS-SYN_Flood,1
0.0,-1.4513389403258232,3.320506119786125,0.0,-0.01630908785790335,0.0,0.0,0.0,0.0,0.0,0.0,0.0,0.0,0.0,0.0,0.0,0.0,0.0,0.0,0.0,0.0,0.0,-1.0,0.0,0.0,0.0,0.0,0.0,30.47961086516102,31.491700297248286,20.726027714761642,0.0,30.325058296590445,2.066359930973536,31.65802788915891,0.0,0.0,Mirai-greeth_flood,1
0.3139731086087206,0.0550566708794514,0.05336981159237093,0.019500922662725628,-0.31663184916680903,0.0,0.0,1.0,0.0,0.0,0.0,0.0,0.0,0.0,3.585349403845406,0.058268908123975775,0.0,2.942483704433346,0.0,0.0,0.0,0.0,0.0,0.0,0.0,0.0,0.0,0.0,0.18257038693561242,0.0,0.987800910731509,2.3404631819728796,0.5779817766034505,-0.55194552428557,0.0927486064467308,2.4274269631025223,1.8218605933779084,DoS-SYN_Flood,1
0.3146849661047461,0.26097499217531545,0.0,-0.0009235032209371496,0.35205224022571946,0.0,0.0,0.0,0.6931471805599453,0.0,0.0,0.0,0.0,0.0,0.0,0.6830968447064438,0.7030975114131134,36.002788781146535,0.6931471805599453,0.0,0.0,0.0,0.0,0.0,0.0,0.0,0.0,0.0,0.0907216944141888,0.0,0.6207771962097333,1.6429067539084583,0.13378287591463617,0.6906266833904613,0.05650662404776155,2.125635339968255,0.7851062563167518,DDoS-PSHACK_Flood,1
9.662060407265091,3.5859195698062343,1.61252579983993,-0.009894947771454277,1.1209154653744808,0.0,0.0,0.0,0.0,0.0,0.0,0.0,0.0,0.0,0.0,0.0,0.0,0.0,0.0,0.0,0.0,0.0,-1.0,1.0,0.0,0.0,0.0,0.0,29.416565549296237,28.01836444625317,20.070853199756566,8.340073545149227,29.366446948800984,2.3332505181626453,30.238481521870405,6.791956742582063,2.018542090483177,Mirai-udpplain,1
0.0,0.3595315967865497,1.4850854309608723,0.23464637026477142,0.13564372468009828,0.0,0.0,0.0,0.0,0.0,0.0,0.0,0.0,0.0,0.0,0.0,0.0,0.0,0.0,0.0,0.0,0.0,-1.0,1.0,0.0,0.0,0.0,0.0,13.013366252099587,12.885867925230855,9.469479986565906,5.242022557350546,13.190306380344163,-0.4221268050967216,13.14012312202858,4.584476495413931,2.018542090483177,DoS-UDP_Flood,1
2.347304139152655,2.344836838644412,1.6288918283450677,0.0,1.4133712389852129,0.0,0.0,0.0,0.0,0.0,0.0,0.0,0.0,0.0,0.0,0.0,0.0,0.0,0.0,0.0,0.0,0.0,-1.0,1.0,0.0,0.0,0.0,0.0,-0.9784901618675309,-1.0,-0.6581425429281335,0.0,-0.9629539850295165,-0.06477864412013389,-0.9782642144148311,0.0,0.0,DDoS-UDP_Flood,1
1.2306946453093721,2.4176094522263605,1.6288918283450677,0.0,1.636829187309605,0.0,0.0,0.0,0.0,0.0,0.0,0.0,0.0,0.0,0.0,0.0,0.0,0.0,0.0,0.0,0.0,0.0,-1.0,1.0,0.0,0.0,0.0,0.0,-0.9784901618675309,-1.0,-0.6581425429281335,0.0,-0.9629539850295165,-0.0928825424324603,-0.9782642144148311,0.0,0.0,DDoS-UDP_Flood,1
0.0,-1.4513389403258232,-2.1606122929018636,0.0,0.4666153555013588,0.0,0.0,0.0,0.0,0.0,0.0,0.0,0.0,0.0,0.0,0.0,0.0,0.0,0.0,0.0,0.0,0.0,-1.0,0.0,0.0,0.0,1.0,0.0,-3.1946884019211876,-3.2597145763975988,-2.1453568405302192,0.0,-3.13895514140087,0.0011562923434654956,-3.1816908209099646,0.0,0.0,DDoS-ICMP_Flood,1
0.8745382708651563,2.332129010811972,1.5694311008721842,0.009645638589994121,2.2172336724044155,0.0,0.0,0.0,0.0,0.0,0.0,0.0,0.0,0.0,0.0,0.0,0.04879016416943201,2.942483704433346,0.0,0.0,0.0,0.0,-1.0,1.0,0.0,0.0,0.0,0.0,-0.6888007391260721,-1.0,0.7584127284413762,2.8969652655226126,-0.6541475732570678,-0.063741981056052,-0.7772040999313495,3.0866566542752967,1.3150581908108256,DDoS-UDP_Flood,1
0.0,-1.4513389403258232,-2.1606122929018636,0.0,-0.5285229897876077,0.0,0.0,0.0,0.0,0.0,0.0,0.0,0.0,0.0,0.0,0.0,0.0,0.0,0.0,0.0,0.0,0.0,-1.0,0.0,0.0,0.0,1.0,0.0,-3.1946884019211876,-3.2597145763975988,-2.1453568405302192,0.0,-3.13895514140087,0.01578053613029023,-3.1816908209099646,0.0,0.0,DDoS-ICMP_Flood,1
19.20507576236678,0.39346848571166787,0.0,0.0,-0.698412636412232,0.0,0.0,1.0,0.0,0.0,0.0,0.0,0.0,0.0,6.9715281586813695,0.0,0.0,0.0,0.0,0.0,0.0,0.0,0.0,0.0,0.0,0.0,0.0,0.0,0.0,0.0,0.0,0.0,0.0,-0.5050431266372662,0.0,0.0,0.0,DoS-SYN_Flood,1
0.28578132286698876,2.121346314645192,1.6288918283450677,0.0,1.8022011412391628,0.0,0.0,0.0,0.0,0.0,0.0,0.0,0.0,0.0,0.0,0.0,0.0,0.0,0.0,0.0,0.0,0.0,-1.0,1.0,0.0,0.0,0.0,0.0,-0.9784901618675309,-1.0,-0.6581425429281335,0.0,-0.9629539850295165,-0.0029800887825298674,-0.9782642144148311,0.0,0.0,DDoS-UDP_Flood,1
0.0,-1.4513389403258232,-2.1692573117561817,-0.009894947771454277,0.4146733614280818,0.0,0.0,0.0,0.0,0.0,0.0,0.0,0.0,0.0,0.0,0.0,0.0,0.0,0.0,0.0,0.0,0.0,-1.0,0.0,0.0,0.0,1.0,0.0,-3.091365027709594,-3.2043915093090662,-1.444566804399917,1.7792920406040178,-3.0856815734839125,0.0913452029329174,-2.9961391840907106,1.6101494968105863,2.018542090483177,DDoS-ICMP_Flood,1
0.0,-0.003573429594906621,-0.012363333590255966,0.0082733733750322,-0.3836258885507079,0.0,0.0,0.0,0.0,0.0,0.0,0.0,0.0,0.0,0.0,0.0,0.0,0.0,0.0,0.0,0.0,0.0,0.0,0.0,0.0,0.0,0.0,0.0,0.11785711506509046,0.0,0.7989939357781458,2.100592950895226,0.10161871842208084,-0.31707959828137156,0.09000389584558112,2.253290999015826,1.3150581908108256,DDoS-TCP_Flood,1
0.0,0.0,0.0,0.0,-0.05170452747361224,0.0,0.6931471805599453,0.0,0.6931471805599453,0.0,0.0,0.0,0.0,0.6931471805599453,0.0,0.6931471805599453,0.0,0.0,0.0,0.0,0.0,0.0,0.0,0.0,0.0,0.0,0.0,0.0,0.0,0.0,0.0,0.0,0.0,0.7957918272285354,0.0,0.0,0.0,DDoS-RSTFINFlood,1
0.8371485918620956,2.802261322740837,1.5704225798591394,0.0443848707015162,1.0806984794004466,0.0,0.0,0.0,0.0,0.0,0.0,0.0,0.0,0.0,0.0,0.0,0.009950330853168083,0.5024752879678589,0.0,0.0,0.0,0.0,-1.0,0.0,0.0,0.0,0.0,0.0,36.3333999171129,24.8859391237445,28.901661797070528,15.415546178835164,35.72010721441696,0.8773476021430158,38.453607939601916,10.132609316264476,7.74944564203287,DDoS-UDP_Fragmentation,1
0.1806659084514686,0.07663030468420608,0.0,0.0,0.09486593491875289,0.0,0.0,1.0,0.0,0.0,0.0,0.0,0.0,0.0,4.055682087350085,0.0,0.0,0.0,0.0,0.0,0.0,0.0,0.0,0.0,0.0,0.0,0.0,0.0,0.0,0.0,0.0,0.0,0.0,0.86375257194656,0.0,0.0,0.0,DDoS-SynonymousIP_Flood,1
0.4476966823222794,2.1531885937118598,1.6288918283450677,0.0,1.7096474017144858,0.0,0.0,0.0,0.0,0.0,0.0,0.0,0.0,0.0,0.0,0.0,0.0,0.0,0.0,0.0,0.0,0.0,-1.0,1.0,0.0,0.0,0.0,0.0,-0.9784901618675309,-1.0,-0.6581425429281335,0.0,-0.9629539850295165,-0.0969374342286102,-0.9782642144148311,0.0,0.0,DDoS-UDP_Flood,1
0.3700322270533976,1.7621688530926822,1.6288918283450677,0.0,1.5723836391719517,0.0,0.0,0.0,0.0,0.0,0.0,0.0,0.0,0.0,0.0,0.0,0.0,0.0,0.0,0.0,0.0,0.0,-1.0,1.0,0.0,0.0,0.0,0.0,-0.9784901618675309,-1.0,-0.6581425429281335,0.0,-0.9629539850295165,-0.08238233531155684,-0.9782642144148311,0.0,0.0,DDoS-UDP_Flood,1
1.193709478715249,2.2189585445836264,1.6288918283450677,0.0,2.5499031507130216,0.0,0.0,0.0,0.0,0.0,0.0,0.0,0.0,0.0,0.0,0.0,0.0,0.0,0.0,0.0,0.0,0.0,-1.0,1.0,0.0,0.0,0.0,0.0,-0.9784901618675309,-1.0,-0.6581425429281335,0.0,-0.9629539850295165,-0.08045586604402635,-0.9782642144148311,0.0,0.0,DDoS-UDP_Flood,1
0.5373395015664393,2.2100430992330966,1.6288918283450677,0.0,1.7045822219906726,0.0,0.0,0.0,0.0,0.0,0.0,0.0,0.0,0.0,0.0,0.0,0.0,0.0,0.0,0.0,0.0,0.0,-1.0,1.0,0.0,0.0,0.0,0.0,-0.9784901618675309,-1.0,-0.6581425429281335,0.0,-0.9629539850295165,-0.09678147755518493,-0.9782642144148311,0.0,0.0,DDoS-UDP_Flood,1
0.0,-1.4513389403258232,3.320506119786125,0.0,0.5849476439004693,0.0,0.0,0.0,0.0,0.0,0.0,0.0,0.0,0.0,0.0,0.0,0.0,0.0,0.0,0.0,0.0,0.0,-1.0,0.0,0.0,0.0,0.0,0.0,30.47961086516102,31.491700297248286,20.726027714761642,0.0,30.325058296590445,2.0653331752607227,31.65802788915891,0.0,0.0,Mirai-greeth_flood,1
0.0,-0.003573429594906621,-0.01484667116878494,-0.009894947771454277,-0.08844594301811656,0.0,0.0,0.0,0.0,0.6931471805599453,0.6931471805599453,0.0,0.0,0.0,0.0,0.0,0.688134638736401,34.74966369079495,0.0,0.6931471805599453,0.0,0.0,0.0,0.0,0.0,0.0,0.0,0.0,0.01479191488091344,0.0,0.10397238027179602,0.377330612498786,0.013904869652008049,0.7532868669851813,0.010889249064152168,0.1830630144473745,1.2109863674277355,DDoS-PSHACK_Flood,1
0.9069563241339378,0.0962343097144599,-0.01484667116878494,-0.009894947771454277,-0.25318163707221847,0.0,0.0,1.0,0.0,0.0,0.0,0.0,0.0,0.0,4.210429513943745,0.0,0.0,0.0,0.0,0.6931471805599453,0.0,0.0,0.0,0.0,0.0,0.0,0.0,0.0,0.026881626833906772,0.014439806956696728,0.18812776034521222,0.7462209435759599,0.013904869652008049,0.8631061844616096,0.05028881512610059,0.4342487955106182,2.018542090483177,DDoS-SynonymousIP_Flood,1
0.0,0.0,0.0,0.0,-0.37246995531439653,0.0,0.0,0.0,0.0,0.0,0.0,0.0,0.0,0.0,0.0,0.0,0.0,0.0,0.6931471805599453,0.0,0.0,0.0,0.0,0.0,0.0,0.0,0.0,0.0,0.0,0.0,0.0,0.0,0.0,-0.1751585784737374,0.0,0.0,0.0,DDoS-TCP_Flood,1
16.557253272940834,0.3911502995627234,0.0,0.028961162899088677,-0.6703924469857895,0.0,0.0,1.0,0.0,0.0,0.0,0.0,0.0,0.0,6.946320614418419,0.0,0.0,0.0,0.0,0.0,0.0,0.0,0.0,0.0,0.0,0.0,0.0,0.0,0.01613578301283404,0.0,0.11336320307948657,0.4821357049959531,0.009271597417287197,0.8738317754671978,0.01974321927308847,0.19775891716110963,1.9206180450055654,DDoS-SynonymousIP_Flood,1
0.0,-1.4513389403258232,-2.1606122929018636,0.0,-0.7804506568568762,0.0,0.0,0.0,0.0,0.0,0.0,0.0,0.0,0.0,0.0,0.0,0.0,0.0,0.0,0.0,0.0,0.0,-1.0,0.0,0.0,0.0,1.0,0.0,-3.1946884019211876,-3.2597145763975988,-2.1453568405302192,0.0,-3.13895514140087,0.09479219981658643,-3.1816908209099646,0.0,0.0,DDoS-ICMP_Flood,1
0.0,0.0,0.0,0.0,0.4972084925993736,0.0,0.0,1.0,0.0,0.0,0.0,0.0,0.0,0.0,3.4857640793406848,0.0,0.0,0.0,0.0,0.6931471805599453,0.0,0.0,0.0,0.0,0.0,0.0,0.0,0.0,0.0,0.0,0.0,0.0,0.0,-0.11066447270747086,0.0,0.0,0.0,DDoS-SYN_Flood,1
0.0,0.0,0.0,0.0,0.22256540374322964,0.0,0.0,0.0,0.0,0.0,0.0,0.0,0.0,0.0,0.0,0.0,0.0,0.0,0.0,0.0,0.0,0.0,0.0,0.0,0.0,0.0,0.0,0.0,0.0,0.0,0.0,0.0,0.0,-0.644222089253883,0.0,0.0,0.0,DoS-TCP_Flood,1
0.003822472203351087,-0.657990982020244,-1.6883323158544457,0.028961162899088677,0.8812463305262357,0.0,0.0,0.0,0.0,0.0,0.0,0.0,0.0,0.0,0.0,0.0,0.0,0.0,0.0,0.0,0.0,0.0,-1.0,0.0,0.0,0.0,1.0,0.0,-1.3744526157910641,-3.2597145763975988,5.547722879609622,7.060902592887631,-1.802700617374065,1.3013769279551324,-1.6158298435463685,5.342716335906252,4.470558132733166,DDoS-ICMP_Flood,1
0.0,-1.4513389403258232,-2.1606122929018636,0.0,0.4124622377175525,0.0,0.0,0.0,0.0,0.0,0.0,0.0,0.0,0.0,0.0,0.0,0.0,0.0,0.0,0.0,0.0,0.0,-1.0,0.0,0.0,0.0,1.0,0.0,-3.1946884019211876,-3.2597145763975988,-2.1453568405302192,0.0,-3.13895514140087,0.011561069029484084,-3.1816908209099646,0.0,0.0,DDoS-ICMP_Flood,1
0.0,0.0,0.0,0.0,-0.21312329149464926,0.0,0.6931471805599453,0.0,0.6931471805599453,0.0,0.0,0.0,0.0,0.6931471805599453,0.0,0.6931471805599453,0.0,0.0,0.0,0.0,0.0,0.0,0.0,0.0,0.0,0.0,0.0,0.0,0.0,0.0,0.0,0.0,0.0,0.8002747155248234,0.0,0.0,0.0,DDoS-RSTFINFlood,1
10.737082895590893,3.909412653914105,0.0,-0.10365257331266964,1.1558162254560118,0.0,0.0,0.0,0.0,0.0,0.6931471805599453,0.0,0.0,0.0,0.0,0.0,6.785813608176895,398.8848458960497,0.0,0.6931471805599453,0.0,0.0,0.0,0.0,0.0,0.0,0.0,0.0,35.143439762015674,2.613770776601509,32.829133479879665,16.35679338934046,43.41741724718715,302.915704629452,28.34174402831415,10.904626620120277,6.820635623143011,MITM-ArpSpoofing,1
14.327194338538781,0.2661907484652572,0.0,-0.0024645730281616096,-0.6559262681598688,0.0,0.0,0.0,0.0,0.0,0.0,0.0,0.0,0.039220713153281295,0.0,0.0,0.0295588022415444,4.351831449035935,0.0,0.0,0.0,0.0,0.0,0.0,0.0,0.0,0.0,0.0,0.07512605082180106,0.0,0.5168520423476681,1.5765717729965112,0.055528745286416076,-0.6123452661691334,0.06437982257729835,1.5581660456588284,1.520442853797087,DoS-TCP_Flood,1
0.45577608149153725,2.339598867179163,1.613492818452487,0.028961162899088677,1.8496188524817947,0.0,0.0,0.0,0.0,0.0,0.0,0.0,0.0,0.0,0.0,0.0,0.0,0.0,0.0,0.0,0.0,0.0,-1.0,1.0,0.0,0.0,0.0,0.0,-0.963969081685135,-1.0,-0.5561969613771348,0.3072075012640133,-0.9130397072771533,-0.40692070222341786,-0.9701460748230993,0.380139062749683,0.34299828761799184,DoS-UDP_Flood,1
0.011185002912408074,0.05590411866198239,0.0,0.0,0.7566859322605131,0.0,0.0,0.0,0.0,0.6931471805599453,0.6931471805599453,0.0,0.0,0.0,0.0,0.15700374880966475,0.6931471805599453,35.00278878114653,0.6931471805599453,0.0,0.0,0.0,0.0,0.0,0.0,0.0,0.0,0.0,0.0,0.0,0.0,0.0,0.0,0.6906727066495773,0.0,0.0,0.0,DDoS-PSHACK_Flood,1
1.6507601618331547,0.48335970611996903,-0.01484667116878494,-0.009894947771454277,-0.24678530390371103,0.0,0.0,1.0,0.0,0.0,0.0,0.0,0.0,0.0,4.402639962826843,0.1988508587451652,0.0,17.35071307716636,0.0,0.0,0.0,0.0,0.0,0.0,0.0,0.0,0.0,0.0,10.102899879192469,1.35388235214566,8.362541484574285,8.824746934450257,10.512810569699184,-0.1273054820903925,9.13005134492253,6.019804763582686,7.50894106345673,DDoS-SYN_Flood,1
0.0,0.0,0.0,0.0,-0.42919651630836364,0.0,0.0,1.0,0.0,0.0,0.0,0.0,0.0,0.0,3.4857640793406848,0.0,0.0,0.0,0.0,0.0,0.0,0.0,0.0,0.0,0.0,0.0,0.0,0.0,0.0,0.0,0.0,0.0,0.0,-0.5029708151762077,0.0,0.0,0.0,DoS-SYN_Flood,1
0.0,-1.4513389403258232,-2.1606122929018636,0.0,-0.7804506568568762,0.0,0.0,0.0,0.0,0.0,0.0,0.0,0.0,0.0,0.0,0.0,0.0,0.0,0.0,0.0,0.0,0.0,-1.0,0.0,0.0,0.0,1.0,0.0,-3.1946884019211876,-3.2597145763975988,-2.1453568405302192,0.0,-3.13895514140087,0.013253741581231436,-3.1816908209099646,0.0,0.0,DDoS-ICMP_Flood,1
1.8002040072482517,2.438220286857592,1.6288918283450677,0.0,1.5807682401796912,0.0,0.0,0.0,0.0,0.0,0.0,0.0,0.0,0.0,0.0,0.0,0.0,0.0,0.0,0.0,0.0,0.0,-1.0,1.0,0.0,0.0,0.0,0.0,-0.9784901618675309,-1.0,-0.6581425429281335,0.0,-0.9629539850295165,-0.06660833254991944,-0.9782642144148311,0.0,0.0,DDoS-UDP_Flood,1
0.39375711015656123,1.988367901239091,1.6288918283450677,0.0,1.620662360950584,0.0,0.0,0.0,0.0,0.0,0.0,0.0,0.0,0.0,0.0,0.0,0.0,0.0,0.0,0.0,0.0,0.0,-1.0,1.0,0.0,0.0,0.0,0.0,-0.9784901618675309,-1.0,-0.6581425429281335,0.0,-0.9629539850295165,-0.4067145566023601,-0.9782642144148311,0.0,0.0,DoS-UDP_Flood,1
0.0987830940427454,0.04664502758784906,0.0,0.0,0.1132492084678383,0.0,0.0,0.0,0.0,0.6931471805599453,0.6931471805599453,0.0,0.0,0.0,0.0,0.1310282624064041,0.6931471805599453,35.00278878114653,0.0,0.0,0.0,0.0,0.0,0.0,0.0,0.0,0.0,0.0,0.0,0.0,0.0,0.0,0.0,0.6874293351244402,0.0,0.0,0.0,DDoS-PSHACK_Flood,1
0.49192590931314717,2.2383713184815286,1.6288918283450677,0.0,2.7559424919378137,0.0,0.0,0.0,0.0,0.0,0.0,0.0,0.0,0.0,0.0,0.0,0.0,0.0,0.0,0.0,0.0,0.0,-1.0,1.0,0.0,0.0,0.0,0.0,-0.9784901618675309,-1.0,-0.6581425429281335,0.0,-0.9629539850295165,-0.09689979298210519,-0.9782642144148311,0.0,0.0,DDoS-UDP_Flood,1
13.806402197239287,0.24773012864635294,0.0,0.0,-0.6707646121974747,0.0,0.0,1.0,0.0,0.0,0.0,0.0,0.0,0.0,5.52480535211579,0.0,0.0,0.0,0.0,0.0,0.0,0.0,0.0,0.0,0.0,0.0,0.0,0.0,0.0,0.0,0.0,0.0,0.0,-0.5508302427518627,0.0,0.0,0.0,DoS-SYN_Flood,1
0.0,-1.4513389403258232,-2.1692573117561817,-0.009894947771454277,-0.5222443806985786,0.0,0.0,0.0,0.0,0.0,0.0,0.0,0.0,0.0,0.0,0.0,0.0,0.0,0.0,0.0,0.0,0.0,-1.0,0.0,0.0,0.0,1.0,0.0,-3.1068102035293874,-3.2597145763975988,-1.5461603103407988,1.5640311590215914,-3.0856815734839125,0.01539088520567808,-3.0878564690752572,1.4275398858746957,1.8218605933779084,DDoS-ICMP_Flood,1
0.3994019982264918,2.0570351272711958,1.613492818452487,0.028961162899088677,1.691824507728017,0.0,0.0,0.0,0.0,0.0,0.0,0.0,0.0,0.0,0.0,0.0,0.0,0.0,0.0,0.0,0.0,0.0,-1.0,1.0,0.0,0.0,0.0,0.0,-0.9156846943716427,-1.0,-0.22474075596859505,1.275558919176846,-0.9130397072771533,-0.08091703053016454,-0.9275940167606693,1.2358361635044848,1.4182049190823993,DDoS-UDP_Flood,1
0.0,-1.4513389403258232,-2.1606122929018636,0.0,-0.22682424698826478,0.0,0.0,0.0,0.0,0.0,0.0,0.0,0.0,0.0,0.0,0.0,0.0,0.0,0.0,0.0,0.0,0.0,-1.0,0.0,0.0,0.0,1.0,0.0,-3.1946884019211876,-3.2597145763975988,-2.1453568405302192,0.0,-3.13895514140087,0.0012413105517222194,-3.1816908209099646,0.0,0.0,DDoS-ICMP_Flood,1
1.7093411683016224,0.04033812151141393,0.0,0.0,-0.6281460584817463,0.0,0.0,1.0,0.0,0.0,0.0,0.0,0.0,0.0,3.4857640793406848,0.11332868530700317,0.0,5.722911592082852,0.0,0.0,0.0,0.0,0.0,0.0,0.0,0.0,0.0,0.0,0.0,0.0,0.0,0.0,0.0,-0.11262971306988472,0.0,0.0,0.0,DDoS-SYN_Flood,1
0.0007230653971692008,0.006655099600595373,0.02689133735382879,0.009797996326253333,0.5609923158954145,0.0,0.0,0.0,0.0,0.0,0.0,0.0,0.0,0.0,0.0,0.0,0.0,0.0,0.0,0.0,0.0,0.0,0.0,0.0,0.0,0.0,0.0,0.0,0.03582957670694942,0.0,0.24994538016717696,0.7638437895777473,0.07398472779225683,-0.17609539353955933,0.021105011943607983,1.0514793352811462,0.5661576753335154,DDoS-TCP_Flood,1
0.0,-1.4513389403258232,-2.1606122929018636,0.0,0.061223161071356905,0.0,0.0,0.0,0.0,0.0,0.0,0.0,0.0,0.0,0.0,0.0,0.0,0.0,0.0,0.0,0.0,0.0,-1.0,0.0,0.0,0.0,1.0,0.0,-3.1946884019211876,-3.2597145763975988,-2.1453568405302192,0.0,-3.13895514140087,0.09026311522610918,-3.1816908209099646,0.0,0.0,DDoS-ICMP_Flood,1
0.8844256690636122,2.1306193387736974,1.5969793044844978,0.0,1.7549848713075331,0.0,0.0,0.0,0.0,0.0,0.0,0.0,0.0,0.0,0.1972368306618384,0.0,0.08617769624105233,8.358206009841135,0.0,0.0,0.0,0.0,-1.0,1.0,0.0,0.0,0.0,0.0,0.3902113574306074,-1.0,5.89058013015385,6.7866465919261625,0.35894344353262,-0.07774746938269154,0.11994393643771079,5.542177140103395,2.496137504247569,DDoS-UDP_Flood,1
0.882615761097497,1.3129638244232458,-0.01484667116878494,-0.009894947771454277,0.21784347919641459,0.0,0.0,0.0,0.0,0.0,0.0,0.0,0.0,0.039220713153281295,2.3949314677422815,0.1988508587451652,0.5187937934151676,61.649896406820694,0.6931471805599453,0.0,0.0,0.0,0.0,0.0,0.0,0.0,0.0,0.0,32.94154069321243,12.215748058321253,29.571727477224808,15.495524695793309,34.661964459236835,-0.456172007071018,30.119981877610776,10.531840327771206,6.020047135676744,DoS-HTTP_Flood,1
8.593175090192165,1.526647137111515,0.17998738601588818,0.00918842605440684,-0.044576639111945725,0.0,0.0,0.0,0.6931471805599453,0.0,0.6931471805599453,0.0,0.0,0.0,3.2542139679055926,0.44468582126144574,1.2809338454620645,103.92371068861809,0.0,0.0,0.0,0.0,0.0,0.0,0.0,0.0,0.0,0.0,0.38520823484542427,-0.01927759918511694,2.3136100068642955,4.0482640041859845,0.6067572920514468,-0.5201397985420817,0.3493740427841167,3.902600001788687,5.160103375444045,DoS-SYN_Flood,1
0.0,0.0,0.0,0.0,0.09749973712151892,0.0,0.0,1.0,0.0,0.0,0.0,0.0,0.0,0.0,3.4857640793406848,0.0,0.0,0.0,0.0,0.0,0.0,0.0,0.0,0.0,0.0,0.0,0.0,0.0,0.0,0.0,0.0,0.0,0.0,-0.11341959334547967,0.0,0.0,0.0,DDoS-SYN_Flood,1
0.0,0.0,0.0,0.0,1.121320804783483,0.0,0.0,0.0,0.0,0.0,0.0,0.0,0.0,0.0,0.0,0.0,0.0,0.0,0.0,0.0,0.0,0.0,0.0,0.0,0.0,0.0,0.0,0.0,0.0,0.0,0.0,0.0,0.0,-0.31712024735298233,0.0,0.0,0.0,DDoS-TCP_Flood,1
0.0,-1.4513389403258232,3.320506119786125,0.0,-0.13026450063633963,0.0,0.0,0.0,0.0,0.0,0.0,0.0,0.0,0.0,0.0,0.0,0.0,0.0,0.0,0.0,0.0,0.0,-1.0,0.0,0.0,0.0,0.0,0.0,30.17481912721899,31.175282659129863,20.51777980578307,0.0,30.020362671030682,1.8967114305768673,31.333460718242428,0.0,0.0,Mirai-greip_flood,1
0.0,0.0,0.0,0.0,0.12193924200942236,0.0,0.0,0.0,0.0,0.6931471805599453,0.6931471805599453,0.0,0.0,0.0,0.0,0.0,0.6931471805599453,35.00278878114653,0.0,0.0,0.0,0.0,0.0,0.0,0.0,0.0,0.0,0.0,0.0,0.0,0.0,0.0,0.0,0.6867712874720567,0.0,0.0,0.0,DDoS-PSHACK_Flood,1
0.2876849259845179,0.9518738195402237,0.05336981159237093,0.0,2.935651443050121,0.0,0.0,0.0,0.0,0.0,0.0,0.0,0.0,0.0,0.0,0.019802627296179712,0.0,20.475318857633905,0.0,0.0,0.0,0.0,-1.0,0.0,0.0,0.0,0.0,0.0,35.18131432910514,22.944191268282363,28.21531635391852,15.282670928074165,35.78768918644539,0.7676165368734523,35.269566524192214,10.07579000152294,7.689785199427891,DDoS-ACK_Fragmentation,1
0.0,-1.4513389403258232,-2.1606122929018636,0.0,-0.5537008028640018,0.0,0.0,0.0,0.0,0.0,0.0,0.0,0.0,0.0,0.0,0.0,0.0,0.0,0.0,0.0,0.0,0.0,-1.0,0.0,0.0,0.0,1.0,0.0,-3.1946884019211876,-3.2597145763975988,-2.1453568405302192,0.0,-3.13895514140087,0.09258657180621385,-3.1816908209099646,0.0,0.0,DDoS-ICMP_Flood,1
0.02067238940679315,1.4383334472267102,1.613492818452487,0.028961162899088677,2.522082339456676,0.0,0.0,0.0,0.0,0.0,0.0,0.0,0.0,0.0,0.0,0.0,0.0,0.0,0.0,0.0,0.0,0.0,-1.0,1.0,0.0,0.0,0.0,0.0,-0.9542975503773048,-1.0,-0.5224783589419141,0.41390950406299204,-0.8137934345294322,-0.39206930722787925,-0.967690749523212,0.7625705835766741,0.22978831136061822,DoS-UDP_Flood,1
3.3490991142534923,0.2873476584875168,0.0,0.0,-0.25222672538607854,0.0,0.0,1.0,0.0,0.0,0.0,0.0,0.0,0.0,4.91989890799199,0.41871033485818504,0.0,27.386481738712813,0.0,0.0,0.0,0.0,0.0,0.0,0.0,0.0,0.0,0.0,0.26453993039743967,0.08640362268714123,0.24378331002043566,1.0038003529882336,0.18416322462459778,-0.5047634259908377,0.280255650945712,0.5083328644967647,3.0444566971669524,DoS-SYN_Flood,1
0.0,0.0,0.0,0.0,-0.3361506006914484,0.0,0.6931471805599453,0.0,0.6931471805599453,0.0,0.0,0.0,0.0,0.6931471805599453,0.0,0.6931471805599453,0.0,0.0,0.0,0.0,0.0,0.0,0.0,0.0,0.0,0.0,0.0,0.0,0.0,0.0,0.0,0.0,0.0,0.8150207453888846,0.0,0.0,0.0,DDoS-RSTFINFlood,1
0.0,0.0,0.0,0.0,0.19062964477529296,0.0,0.0,1.0,0.0,0.0,0.0,0.0,0.0,0.0,3.4857640793406848,0.0,0.0,0.0,0.0,0.0,0.0,0.0,0.0,0.0,0.0,0.0,0.0,0.0,0.0,0.0,0.0,0.0,0.0,-0.1257750691800608,0.0,0.0,0.0,DDoS-SYN_Flood,1
0.22498865655424335,2.278939345061761,1.6288918283450677,0.0,2.0033199767560284,0.0,0.0,0.0,0.0,0.0,0.0,0.0,0.0,0.0,0.0,0.0,0.0,0.0,0.0,0.0,0.0,0.0,-1.0,1.0,0.0,0.0,0.0,0.0,-0.9784901618675309,-1.0,-0.6581425429281335,0.0,-0.9629539850295165,-0.07798586545568567,-0.9782642144148311,0.0,0.0,DDoS-UDP_Flood,1
13.859866723300735,0.24773012864635294,0.0,0.0,-0.6714758705720442,0.0,0.0,0.0,0.0,0.0,0.0,0.0,0.0,0.0,0.0,0.0,0.0,0.0,0.0,0.6931471805599453,0.0,0.0,0.0,0.0,0.0,0.0,0.0,0.0,0.0,0.0,0.0,0.0,0.0,-0.6110873951404425,0.0,0.0,0.0,DoS-TCP_Flood,1
13.030367675772888,3.6971945474176353,1.6288918283450677,0.0,1.0555580029764962,0.0,0.0,0.0,0.0,0.0,0.0,0.0,0.0,0.0,0.0,0.0,0.0,0.0,0.0,0.0,0.0,0.0,-1.0,1.0,0.0,0.0,0.0,0.0,29.634727059736914,30.61461869346902,20.148782997694873,0.0,29.48046907103512,2.396036725485618,30.75859664112244,0.0,0.0,Mirai-udpplain,1
1.9581432763559827,0.08842673330027549,0.0,0.0,-0.46838890296065044,0.0,0.0,1.0,0.0,0.0,0.0,0.0,0.0,0.009950330853168083,4.100383666580565,0.0,0.009950330853168083,0.5024752879678589,0.0,0.0,0.0,0.0,0.0,0.0,0.0,0.0,0.0,0.0,0.18234932625094186,0.0,1.2099274294143243,2.8103063290881627,0.14525044406954868,0.8628687332335634,0.14579965313851842,2.9004188484291475,1.4182049190823993,DDoS-SynonymousIP_Flood,1
0.0,0.0,0.0,0.0,0.06905517075124844,0.0,0.0,1.0,0.0,0.0,0.0,0.0,0.0,0.0,3.4857640793406848,0.0,0.0,0.0,0.0,0.0,0.0,0.0,0.0,0.0,0.0,0.0,0.0,0.0,0.0,0.0,0.0,0.0,0.0,-0.5204959606734869,0.0,0.0,0.0,DoS-SYN_Flood,1
0.0,0.0,0.0,0.0,0.18054693556492557,0.0,0.0,1.0,0.0,0.0,0.0,0.0,0.0,0.0,3.4857640793406848,0.0,0.0,0.0,0.0,0.0,0.0,0.0,0.0,0.0,0.0,0.0,0.0,0.0,0.0,0.0,0.0,0.0,0.0,-0.12818790707692884,0.0,0.0,0.0,DDoS-SYN_Flood,1
0.0,0.0,0.0,0.0,-0.3526011085507679,0.0,0.0,0.0,0.0,0.6931471805599453,0.6931471805599453,0.0,0.0,0.0,0.0,0.0,0.6931471805599453,35.00278878114653,0.0,0.0,0.0,0.0,0.0,0.0,0.0,0.0,0.0,0.0,0.0,0.0,0.0,0.0,0.0,0.6886246735892778,0.0,0.0,0.0,DDoS-PSHACK_Flood,1
0.0,-1.4513389403258232,-2.1606122929018636,0.0,0.19462564572093274,0.0,0.0,0.0,0.0,0.0,0.0,0.0,0.0,0.0,0.0,0.0,0.0,0.0,0.0,0.0,0.0,0.0,-1.0,0.0,0.0,0.0,1.0,0.0,-3.1946884019211876,-3.2597145763975988,-2.1453568405302192,0.0,-3.13895514140087,-0.0003757698089575051,-3.1816908209099646,0.0,0.0,DDoS-ICMP_Flood,1
0.0,0.0,0.0,0.0,0.6635771441823068,0.0,0.0,0.0,0.0,0.6931471805599453,0.6931471805599453,0.0,0.0,0.0,0.0,0.0,0.6931471805599453,35.00278878114653,0.0,0.0,0.0,0.0,0.0,0.0,0.0,0.0,0.0,0.0,0.0,0.0,0.0,0.0,0.0,0.6870018592816863,0.0,0.0,0.0,DDoS-PSHACK_Flood,1
6.392953378822465,0.24773012864635294,0.0,0.0,-0.4915976289785961,0.0,0.0,1.0,0.0,0.0,0.0,0.0,0.0,0.0,5.52480535211579,0.0,0.0,0.0,0.0,0.0,0.0,0.0,0.0,0.0,0.0,0.0,0.0,0.0,0.0,0.0,0.0,0.0,0.0,0.8581247974739065,0.0,0.0,0.0,DDoS-SynonymousIP_Flood,1
0.02291417473773563,0.004059812473767942,0.0,-0.003544736700811235,-0.46922995512954613,0.0,0.6931471805599453,0.0,0.6931471805599453,0.0,0.0,0.0,0.0,0.688134638736401,0.09958532450472099,0.688134638736401,0.0,0.5024752879678589,0.0,0.6931471805599453,0.0,0.0,0.0,0.0,0.0,0.0,0.0,0.0,0.009863184986518387,0.0,0.06945254164907605,0.2579168236351498,0.009271597417287197,0.7851675543657597,0.007264883722573392,0.08656897753305079,1.2109863674277355,DDoS-RSTFINFlood,1
0.5706219973835168,2.0484349021581583,1.6288918283450677,0.0,1.6895325493968087,0.0,0.0,0.0,0.0,0.0,0.0,0.0,0.0,0.0,0.0,0.0,0.0,0.0,0.0,0.0,0.0,0.0,-1.0,1.0,0.0,0.0,0.0,0.0,-0.9784901618675309,-1.0,-0.6581425429281335,0.0,-0.9629539850295165,-0.06661956224889921,-0.9782642144148311,0.0,0.0,DDoS-UDP_Flood,1
0.29941656195158395,2.181739794228369,1.5664532394411952,0.11112846439740132,1.8477728785747483,0.0,0.0,0.0,0.0,0.0,0.0,0.0,0.0,0.0,0.0,0.0,0.0,0.0,0.0,0.0,0.0,0.0,-1.0,1.0,0.0,0.0,0.0,0.0,-0.7766862209280312,-1.0,0.09457142894571968,2.20122101382373,-0.7644584341810847,-0.348093501800044,-0.833393591958151,1.9019026337911986,2.402178039260594,DoS-UDP_Flood,1
0.0,0.0,0.0,0.0,0.1435798169829217,0.0,0.0,0.0,0.0,0.0,0.0,0.0,0.0,0.0,0.0,0.0,0.0,0.0,0.0,0.0,0.0,0.0,0.0,0.0,0.0,0.0,0.0,0.0,0.0,0.0,0.0,0.0,0.0,-0.18885307996142506,0.0,0.0,0.0,DDoS-TCP_Flood,1
3.7588328253349266,0.14938487171124765,0.0,0.0,-0.48980273835762717,0.0,0.0,1.0,0.0,0.0,0.0,0.0,0.0,0.0,4.648000553559612,0.0,0.0,0.0,0.0,0.0,0.0,0.0,0.0,0.0,0.0,0.0,0.0,0.0,0.0,0.0,0.0,0.0,0.0,0.8615799322291721,0.0,0.0,0.0,DDoS-SynonymousIP_Flood,1
0.0,0.0,0.0,0.0,0.0683016652680473,0.0,0.0,0.0,0.0,0.0,0.0,0.0,0.0,0.0,0.0,0.0,0.0,0.0,0.0,0.0,0.0,0.0,0.0,0.0,0.0,0.0,0.0,0.0,0.0,0.0,0.0,0.0,0.0,-0.6429483605863359,0.0,0.0,0.0,DoS-TCP_Flood,1
12.092453518946375,0.32354106314204056,0.0,0.0,-0.607506211735557,0.0,0.0,1.0,0.0,0.0,0.0,0.0,0.0,0.0,6.25672225812813,0.0,0.0,0.0,0.0,0.0,0.0,0.0,0.0,0.0,0.0,0.0,0.0,0.0,0.0,0.0,0.0,0.0,0.0,0.8639204284545178,0.0,0.0,0.0,DDoS-SynonymousIP_Flood,1
0.0,-1.4513389403258232,-2.1606122929018636,0.0,0.2559923776121806,0.0,0.0,0.0,0.0,0.0,0.0,0.0,0.0,0.0,0.0,0.0,0.0,0.0,0.0,0.0,0.0,0.0,-1.0,0.0,0.0,0.0,1.0,0.0,-3.1946884019211876,-3.2597145763975988,-2.1453568405302192,0.0,-3.13895514140087,0.09090604309674213,-3.1816908209099646,0.0,0.0,DDoS-ICMP_Flood,1
0.9687314152327364,0.06061352628393816,0.0,0.026267357019878368,0.5268350551688873,0.0,0.6931471805599453,0.0,0.6931471805599453,0.0,0.0,0.0,0.0,0.6830968447064438,0.7028480704439343,0.6830968447064438,0.0,4.351831449035935,0.0,0.0,0.0,0.0,0.0,0.0,0.0,0.0,0.0,0.0,0.12052305279842501,0.0,0.4929227263995422,1.823529161261261,0.09241403979385418,0.8130380259645684,0.10626271011663942,1.7371287193338718,1.722255427937173,DDoS-RSTFINFlood,1
24.288788750778075,3.6889342823633,0.0,1.120925587632101,0.45335449193262367,0.0,0.0,0.0,0.0,0.0,0.6931471805599453,0.0,0.0,0.0,5.52480535211579,0.0,4.191168746857641,365.73127882008123,0.0,0.6931471805599453,0.0,0.0,0.0,0.0,0.0,0.0,0.0,0.0,35.597797310153524,2.613770776601509,34.74840606504064,16.62757552332584,26.088937343033844,302.59845791092965,31.905683175216357,10.892951361288604,8.043231726932055,BenignTraffic,0
1.2893890755307265,2.1207433874119936,1.6288918283450677,0.0,1.348649777687464,0.0,0.0,0.0,0.0,0.0,0.0,0.0,0.0,0.0,0.0,0.0,0.0,0.0,0.0,0.0,0.0,0.0,-1.0,1.0,0.0,0.0,0.0,0.0,-0.9784901618675309,-1.0,-0.6581425429281335,0.0,-0.9629539850295165,-0.0942876268057989,-0.9782642144148311,0.0,0.0,DDoS-UDP_Flood,1
0.8182898512362745,2.1960951217101035,1.6288918283450677,0.0,1.605812074087534,0.0,0.0,0.0,0.0,0.0,0.0,0.0,0.0,0.0,0.0,0.0,0.0,0.0,0.0,0.0,0.0,0.0,-1.0,1.0,0.0,0.0,0.0,0.0,-0.9784901618675309,-1.0,-0.6581425429281335,0.0,-0.9629539850295165,-0.0656125237093904,-0.9782642144148311,0.0,0.0,DDoS-UDP_Flood,1
0.0,-1.4513389403258232,-2.1606122929018636,0.0,0.12072515797087248,0.0,0.0,0.0,0.0,0.0,0.0,0.0,0.0,0.0,0.0,0.0,0.0,0.0,0.0,0.0,0.0,0.0,-1.0,0.0,0.0,0.0,1.0,0.0,-3.1946884019211876,-3.2597145763975988,-2.1453568405302192,0.0,-3.13895514140087,-0.0018915951436785459,-3.1816908209099646,0.0,0.0,DDoS-ICMP_Flood,1
0.0,-1.4513389403258232,-2.1606122929018636,0.0,-0.329313181457431,0.0,0.0,0.0,0.0,0.0,0.0,0.0,0.0,0.0,0.0,0.0,0.0,0.0,0.0,0.0,0.0,0.0,-1.0,0.0,0.0,0.0,1.0,0.0,-3.1946884019211876,-3.2597145763975988,-2.1453568405302192,0.0,-3.13895514140087,0.0009295338009770734,-3.1816908209099646,0.0,0.0,DDoS-ICMP_Flood,1
0.0,0.0,0.0,0.0,0.19869999201624003,0.0,0.0,1.0,0.0,0.0,0.0,0.0,0.0,0.0,3.4857640793406848,0.0,0.0,0.0,0.0,0.0,0.0,0.0,0.0,0.0,0.0,0.0,0.0,0.0,0.0,0.0,0.0,0.0,0.0,-0.5050514862786274,0.0,0.0,0.0,DoS-SYN_Flood,1
0.0,0.43276281786737264,1.6288918283450677,-0.0027730721822356585,0.24325344452655082,0.0,0.0,0.0,0.0,0.0,0.0,0.0,0.0,0.0,0.0,0.0,0.0,0.0,0.0,0.0,0.0,0.0,-1.0,1.0,0.0,0.0,0.0,0.0,15.416411514428747,15.434495221050886,10.478263230759683,2.252047152357477,15.238832183795015,-0.42638481652889265,15.793407698442838,3.0845401011067373,0.5661576753335154,DoS-UDP_Flood,1
0.0,0.0,0.0,0.0,0.13707321703709502,0.0,0.0,1.0,0.0,0.0,0.0,0.0,0.0,0.0,3.4857640793406848,0.0,0.0,0.0,0.0,0.0,0.0,0.0,0.0,0.0,0.0,0.0,0.0,0.0,0.0,0.0,0.0,0.0,0.0,0.8586971439823804,0.0,0.0,0.0,DDoS-SynonymousIP_Flood,1
18.132817646314646,0.24773012864635294,0.0,0.0,-0.7153312821494616,0.0,0.0,0.0,0.0,0.0,0.0,0.0,0.0,0.0,0.0,0.0,0.0,0.0,0.0,0.0,0.0,0.0,0.0,0.0,0.0,0.0,0.0,0.0,0.0,0.0,0.0,0.0,0.0,-0.6291941707810883,0.0,0.0,0.0,DoS-TCP_Flood,1
0.0,0.0,0.0,0.0,0.5910060090066429,0.0,0.0,1.0,0.0,0.0,0.0,0.0,0.0,0.0,3.4857640793406848,0.0,0.0,0.0,0.0,0.0,0.0,0.0,0.0,0.0,0.0,0.0,0.0,0.0,0.0,0.0,0.0,0.0,0.0,-0.1257653584680233,0.0,0.0,0.0,DDoS-SYN_Flood,1
0.0,0.0,0.0,0.0,0.2256244495906862,0.0,0.0,0.0,0.0,0.6931471805599453,0.6931471805599453,0.0,0.0,0.0,0.0,0.0,0.6931471805599453,35.00278878114653,0.0,0.0,0.0,0.0,0.0,0.0,0.0,0.0,0.0,0.0,0.0,0.0,0.0,0.0,0.0,0.7489626433824763,0.0,0.0,0.0,DDoS-PSHACK_Flood,1
12.13432592499441,0.39346848571166787,0.0,0.0,-0.5924479392752576,0.0,0.0,1.0,0.0,0.0,0.0,0.0,0.0,0.0,6.9715281586813695,0.0,0.0,0.0,0.0,0.0,0.0,0.0,0.0,0.0,0.0,0.0,0.0,0.0,0.0,0.0,0.0,0.0,0.0,0.8581940726132623,0.0,0.0,0.0,DDoS-SynonymousIP_Flood,1
0.0,-1.4513389403258232,-2.1606122929018636,0.0,0.013662792149855897,0.0,0.0,0.0,0.0,0.0,0.0,0.0,0.0,0.0,0.0,0.0,0.0,0.0,0.0,0.0,0.0,0.0,-1.0,0.0,0.0,0.0,1.0,0.0,-3.1946884019211876,-3.2597145763975988,-2.1453568405302192,0.0,-3.13895514140087,0.09044967382709819,-3.1816908209099646,0.0,0.0,DDoS-ICMP_Flood,1
53.93033872762222,2.549122693751846,1.0449408470627037,0.3660310388627579,-0.20023827446347453,0.0,0.0,0.0,0.0,0.0,0.0,0.0,0.0,0.2151113796169455,2.005403056712037,0.0295588022415444,2.9444389791664403,177.31217349545818,0.0,0.0,0.0,0.0,-1.0,1.0,0.0,0.0,0.0,0.0,7.5630190495692275,0.09357854383876713,12.362057412760086,9.939970296149687,7.245015279939635,0.4262201840560942,7.022640172343063,6.774056789733323,7.74944564203287,VulnerabilityScan,1
0.0,-0.003573429594906621,-0.01484667116878494,-0.009894947771454277,-0.5144697263992903,0.0,0.0,1.0,0.0,0.0,0.0,0.0,0.0,0.0,3.460556535077735,0.0,0.0,0.0,0.0,0.0,0.0,0.0,0.0,0.0,0.0,0.0,0.0,0.0,0.013447904948390505,0.0,0.09457142894571968,0.33937546282989645,0.013904869652008049,0.8637631789138575,0.009478905827328327,0.16219018633031038,1.1059727047904317,DDoS-SynonymousIP_Flood,1
0.0,0.0,0.0,0.0,-0.6867185628053458,0.0,0.0,0.0,0.0,0.0,0.0,0.0,0.0,0.0,0.0,0.0,0.0,0.0,0.0,0.0,0.0,0.0,0.0,0.0,0.0,0.0,0.0,0.0,0.0,0.0,0.0,0.0,0.0,-0.2190907154098748,0.0,0.0,0.0,DDoS-TCP_Flood,1
2.606584760427059,0.10432171185692857,0.0,0.0,-0.48583929342646626,0.0,0.0,1.0,0.0,0.0,0.0,0.0,0.0,0.0,4.27531937621205,0.0,0.0,0.0,0.0,0.0,0.0,0.0,0.0,0.0,0.0,0.0,0.0,0.0,0.0,0.0,0.0,0.0,0.0,0.8590659300083033,0.0,0.0,0.0,DDoS-SynonymousIP_Flood,1
0.00011542606882969348,-0.42247288005312145,-2.118025495839449,0.0,1.206743093539859,0.0,0.0,0.0,0.0,0.0,0.0,0.0,0.0,0.0,0.0,0.0,0.009950330853168083,1.0,0.0,0.0,0.0,0.0,-1.0,0.0,0.0,0.0,1.0,0.0,-0.8743060108178143,-3.2597145763975988,7.585784570031494,7.499412503039224,0.6155982502466069,0.014623696270435105,-2.0829193081401085,7.09168696995666,0.6761483616478751,DDoS-ICMP_Flood,1
0.6502723735992818,2.4572988492685406,1.5201368705722431,0.6312717768418583,0.9103929237744373,0.0,0.0,0.0,0.0,0.0,0.0,0.0,0.0,0.0,0.4793048438702919,0.0,0.0,0.0,0.0,0.0,0.6931471805599453,0.0,-1.0,1.0,0.0,0.0,0.0,0.0,26.031557314142674,2.8682770683225316,27.520569367422777,14.7992393603908,19.567339408561274,302.909754647855,21.690125498189488,9.69261342526835,8.043231726932055,MITM-ArpSpoofing,1
0.0,-1.4513389403258232,-2.1606122929018636,0.0,0.3804217470170339,0.0,0.0,0.0,0.0,0.0,0.0,0.0,0.0,0.0,0.0,0.0,0.0,0.0,0.0,0.0,0.0,0.0,-1.0,0.0,0.0,0.0,1.0,0.0,-3.1946884019211876,-3.2597145763975988,-2.1453568405302192,0.0,-3.13895514140087,0.0011349950817080424,-3.1816908209099646,0.0,0.0,DDoS-ICMP_Flood,1
0.010514733786209565,-0.8267570804867111,-2.118025495839449,0.0,0.4833384206456211,0.0,0.0,0.0,0.0,0.0,0.0,0.0,0.0,0.0,0.0,0.0,0.0295588022415444,2.4638227766294687,0.0,0.0,0.0,0.0,-1.0,0.0,0.0,0.0,1.0,0.0,-3.161878561656109,-3.2597145763975988,-1.9172850137299509,0.5478470404436601,-2.971013322973764,0.09181495699595428,-3.164027929006051,1.1549332213098622,0.22978831136061822,DDoS-ICMP_Flood,1
0.0,-1.4513389403258232,3.320506119786125,0.0,-0.7804506568568762,0.0,0.0,0.0,0.0,0.0,0.0,0.0,0.0,0.0,0.0,0.0,0.0,0.0,0.0,0.0,0.0,0.0,-1.0,0.0,0.0,0.0,0.0,0.0,30.47961086516102,31.491700297248286,20.726027714761642,0.0,30.325058296590445,2.0826890179068798,31.65802788915891,0.0,0.0,Mirai-greeth_flood,1
0.0,-1.4513389403258232,3.320506119786125,0.0,-0.6875981271365527,0.0,0.0,0.0,0.0,0.0,0.0,0.0,0.0,0.0,0.0,0.0,0.0,0.0,0.0,0.0,0.0,0.0,-1.0,0.0,0.0,0.0,0.0,0.0,30.47961086516102,31.491700297248286,20.726027714761642,0.0,30.325058296590445,2.0043416176875843,31.65802788915891,0.0,0.0,Mirai-greeth_flood,1
10.583292280138057,0.39705020494307575,0.0,0.0,-0.5855194751604859,0.0,0.0,1.0,0.0,0.0,0.0,0.0,0.0,0.0,7.009104133388507,0.0,0.0,0.0,0.0,0.6931471805599453,0.0,0.0,0.0,0.0,0.0,0.0,0.0,0.0,0.0,0.0,0.0,0.0,0.0,0.8745189091856713,0.0,0.0,0.0,DDoS-SynonymousIP_Flood,1
0.0,-1.4513389403258232,-2.1606122929018636,0.0,-0.39300053129126855,0.0,0.0,0.0,0.0,0.0,0.0,0.0,0.0,0.0,0.0,0.0,0.0,0.0,0.0,0.0,0.0,0.0,-1.0,0.0,0.0,0.0,1.0,0.0,-3.1946884019211876,-3.2597145763975988,-2.1453568405302192,0.0,-3.13895514140087,1.3016018879209588,-3.1816908209099646,0.0,0.0,DDoS-ICMP_Flood,1
0.0,0.39346848571166787,1.6288918283450677,0.0,-0.188129423015536,0.0,0.0,0.0,0.0,0.0,0.0,0.0,0.0,0.0,0.0,0.0,0.0,0.0,0.0,0.0,0.0,0.0,-1.0,1.0,0.0,0.0,0.0,0.0,13.978512102147018,14.388190048367584,9.469479986565906,0.0,13.855164944437597,-0.42496754513435125,14.27917874687554,0.0,0.0,DoS-UDP_Flood,1
0.0,0.0,0.0,0.0,0.1989630871751186,0.0,0.0,1.0,0.0,0.0,0.0,0.0,0.0,0.0,3.4857640793406848,0.0,0.0,0.0,0.0,0.0,0.0,0.0,0.0,0.0,0.0,0.0,0.0,0.0,0.0,0.0,0.0,0.0,0.0,-0.11298091031680951,0.0,0.0,0.0,DDoS-SYN_Flood,1
15.606647487846342,0.27894117114292394,0.10513755647462347,-0.039380725954646145,2.37609216137051,0.0,0.0,1.0,0.0,0.0,0.0,0.0,0.0,0.0,5.4232080673718,0.019802627296179712,0.0,1.0,0.0,0.6931471805599453,0.0,0.0,0.0,0.0,0.0,0.0,0.0,0.0,0.4520440739955919,0.0,1.130946501437556,3.1387918117078617,0.9600025171836809,-0.5023796829926759,0.2500062374249791,3.81311428787019,0.6761483616478751,DoS-SYN_Flood,1
0.0,0.0,0.0,0.0,-0.6282909956148559,0.0,0.0,0.0,0.0,0.6931471805599453,0.6931471805599453,0.0,0.0,0.0,0.0,0.0,0.6931471805599453,35.00278878114653,0.6931471805599453,0.0,0.0,0.0,0.0,0.0,0.0,0.0,0.0,0.0,0.0,0.0,0.0,0.0,0.0,0.7493230732445809,0.0,0.0,0.0,DDoS-PSHACK_Flood,1
3.927185664205214,0.18521676511790824,0.0,0.0,-0.5019242308418727,0.0,0.0,1.0,0.0,0.0,0.0,0.0,0.0,0.0,4.957568706233883,0.0,0.0,0.0,0.0,0.6931471805599453,0.0,0.0,0.0,0.0,0.0,0.0,0.0,0.0,0.0,0.0,0.0,0.0,0.0,0.8744771615063667,0.0,0.0,0.0,DDoS-SynonymousIP_Flood,1
0.6629475498256144,2.424052733167583,1.6288918283450677,0.0,2.3839136432645303,0.0,0.0,0.0,0.0,0.0,0.0,0.0,0.0,0.0,0.0,0.0,0.0,0.0,0.0,0.0,0.0,0.0,-1.0,1.0,0.0,0.0,0.0,0.0,-0.9784901618675309,-1.0,-0.6581425429281335,0.0,-0.9629539850295165,-0.3924561522548652,-0.9782642144148311,0.0,0.0,DoS-UDP_Flood,1
3.5380894994253382,2.787312656788985,1.5969793044844978,-0.014879381767122446,0.6440992984433378,0.0,0.0,0.0,0.0,0.0,0.0,0.0,0.0,0.0,0.0,0.0,0.0,0.0,0.0,0.0,0.0,0.0,-1.0,1.0,0.0,0.0,0.0,0.0,35.48544172158191,22.217727179559635,28.56380771652794,15.362818488308262,35.538356071073665,0.8923758641946218,36.646988036544506,10.113813405064947,7.74944564203287,DDoS-UDP_Fragmentation,1
1.3280811121513378,2.3116747125767523,1.6288918283450677,0.0,1.5508784928411083,0.0,0.0,0.0,0.0,0.0,0.0,0.0,0.0,0.0,0.0,0.0,0.0,0.0,0.0,0.0,0.0,0.0,-1.0,1.0,0.0,0.0,0.0,0.0,-0.9784901618675309,-1.0,-0.6581425429281335,0.0,-0.9629539850295165,-0.06493599305079731,-0.9782642144148311,0.0,0.0,DDoS-UDP_Flood,1
0.0,0.0,0.0,0.0,0.2788389731807791,0.0,0.0,0.0,0.0,0.6931471805599453,0.6931471805599453,0.0,0.0,0.0,0.0,0.0,0.6931471805599453,35.00278878114653,0.0,0.0,0.0,0.0,0.0,0.0,0.0,0.0,0.0,0.0,0.0,0.0,0.0,0.0,0.0,0.6886484813534525,0.0,0.0,0.0,DDoS-PSHACK_Flood,1
0.0,0.0,0.0,0.0,-0.7804506568568762,0.0,0.0,1.0,0.0,0.0,0.0,0.0,0.0,0.0,3.4857640793406848,0.0,0.0,0.0,0.0,0.0,0.0,0.0,0.0,0.0,0.0,0.0,0.0,0.0,0.0,0.0,0.0,0.0,0.0,0.858660302253096,0.0,0.0,0.0,DDoS-SynonymousIP_Flood,1
1.741449385340747,0.11741189425477683,0.0,0.0,-0.36803481200754873,0.0,0.0,1.0,0.0,0.0,0.0,0.0,0.0,0.0,4.381642460292385,0.0,0.0,0.0,0.0,0.0,0.0,0.0,0.0,0.0,0.0,0.0,0.0,0.0,0.0,0.0,0.0,0.0,0.0,0.8591026397791072,0.0,0.0,0.0,DDoS-SynonymousIP_Flood,1
0.0,0.0,0.0,0.0,-0.22534697749903032,0.0,0.0,0.0,0.0,0.0,0.0,0.0,0.0,0.0,0.0,0.0,0.0,0.0,0.0,0.0,0.0,0.0,0.0,0.0,0.0,0.0,0.0,0.0,0.0,0.0,0.0,0.0,0.0,-0.3290982474812912,0.0,0.0,0.0,DDoS-TCP_Flood,1
6.047038865170633,0.2404811018020673,0.0,0.0,-0.5575159585856939,0.0,0.0,1.0,0.0,0.0,0.0,0.0,0.0,0.0,5.457302398309879,0.0,0.0,0.0,0.0,0.0,0.0,0.0,0.0,0.0,0.0,0.0,0.0,0.0,0.0,0.0,0.0,0.0,0.0,0.8610670169660892,0.0,0.0,0.0,DDoS-SynonymousIP_Flood,1
14.238603138037254,0.24773012864635294,0.0,0.0,-0.6763775654816088,0.0,0.0,1.0,0.0,0.0,0.0,0.0,0.0,0.0,5.52480535211579,0.0,0.0,0.0,0.0,0.0,0.0,0.0,0.0,0.0,0.0,0.0,0.0,0.0,0.0,0.0,0.0,0.0,0.0,-0.505046821671573,0.0,0.0,0.0,DoS-SYN_Flood,1
0.0,0.0,0.0,0.0,-0.4666200772005884,0.0,0.0,1.0,0.0,0.0,0.0,0.0,0.0,0.0,3.4857640793406848,0.0,0.0,0.0,0.0,0.0,0.0,0.0,0.0,0.0,0.0,0.0,0.0,0.0,0.0,0.0,0.0,0.0,0.0,0.8637551361056776,0.0,0.0,0.0,DDoS-SynonymousIP_Flood,1
0.0,0.0,0.0,0.0,-0.26599671415057585,0.0,0.0,0.0,0.0,0.6931471805599453,0.6931471805599453,0.0,0.0,0.0,0.0,0.0,0.6931471805599453,35.00278878114653,0.0,0.6931471805599453,0.0,0.0,0.0,0.0,0.0,0.0,0.0,0.0,0.0,0.0,0.0,0.0,0.0,0.7533657429796655,0.0,0.0,0.0,DDoS-PSHACK_Flood,1
3.4186825637924665,2.3363860642756773,1.6288918283450677,0.0,2.0986326400997686,0.0,0.0,0.0,0.0,0.0,0.0,0.0,0.0,0.0,0.0,0.0,0.0,0.0,0.0,0.0,0.0,0.0,-1.0,1.0,0.0,0.0,0.0,0.0,-0.9765530610926917,-1.0,-0.6444807096303289,0.04220976320658502,-0.942964824689875,-0.09674100223593356,-0.9782642144148311,0.0,0.0,DDoS-UDP_Flood,1
0.06305903142684212,0.07949668656879331,0.0,0.0,0.39528094969390165,0.0,0.0,0.0,0.0,0.6931471805599453,0.6931471805599453,0.0,0.0,0.0,0.0,0.22314355131420976,0.6931471805599453,35.00278878114653,0.6931471805599453,0.0,0.0,0.0,0.0,0.0,0.0,0.0,0.0,0.0,0.0,0.0,0.0,0.0,0.0,0.6906922904938423,0.0,0.0,0.0,DDoS-PSHACK_Flood,1
0.0,0.0,0.0,0.0,0.2643824899153713,0.0,0.0,1.0,0.0,0.0,0.0,0.0,0.0,0.0,3.4857640793406848,0.0,0.0,0.0,0.0,0.0,0.0,0.0,0.0,0.0,0.0,0.0,0.0,0.0,0.0,0.0,0.0,0.0,0.0,-0.5044819787042475,0.0,0.0,0.0,DoS-SYN_Flood,1
1.1623113588017764,2.968549749344961,1.6183197951558497,0.0,1.1111500945162727,0.0,0.0,0.0,0.0,0.0,0.0,0.0,0.0,0.009950330853168083,0.0,0.0,0.0,0.5024752879678589,0.0,0.0,0.0,0.0,-1.0,0.0,0.0,0.0,0.0,0.0,35.803509631063605,23.50776741310628,28.56380771652794,15.398803349929757,35.98845044510076,0.8927328194567681,36.73516442026191,10.121696523435176,7.74944564203287,DDoS-UDP_Fragmentation,1
0.0,-1.4513389403258232,-2.1692573117561817,-0.009894947771454277,-0.178169386980723,0.0,0.0,0.0,0.0,0.0,0.0,0.0,0.0,0.0,0.0,0.0,0.0,0.0,0.0,0.0,0.0,0.0,-1.0,0.0,0.0,0.0,1.0,0.0,-3.137756854696866,-3.2597145763975988,-1.7529702688508468,0.99223005058946,-3.0856815734839125,0.014684409692756849,-3.1404373790074445,0.9583515782224691,1.2109863674277355,DDoS-ICMP_Flood,1
0.0,-0.003573429594906621,-0.01484667116878494,-0.009894947771454277,-0.5953191640124601,0.0,0.0,0.0,0.0,0.6931471805599453,0.6931471805599453,0.0,0.0,0.0,0.0,0.0,0.688134638736401,34.74966369079495,0.0,0.0,0.0,0.0,0.0,0.0,0.0,0.0,0.0,0.0,0.026881626833906772,0.014439806956696728,0.18812776034521222,0.7462209435759599,0.013904869652008049,0.6900910771876513,0.05028881512610059,0.4342487955106182,2.018542090483177,DDoS-PSHACK_Flood,1
0.20299966344128356,0.07082857233773453,0.0,0.0,0.039803240128747794,0.0,0.0,0.0,0.0,0.6931471805599453,0.6931471805599453,0.0,0.0,0.0,0.0,0.1988508587451652,0.6931471805599453,35.00278878114653,0.0,0.0,0.0,0.0,0.0,0.0,0.0,0.0,0.0,0.0,0.0,0.0,0.0,0.0,0.0,0.6874532942978384,0.0,0.0,0.0,DDoS-PSHACK_Flood,1
19.371041579058762,2.096321459780387,0.0,0.0,-0.5545092570780629,0.0,0.0,0.0,0.0,0.0,0.0,0.0,0.0,0.0,0.09958532450472099,0.0,1.9643112344262046,112.12097349807466,0.6931471805599453,0.0,0.0,0.0,0.0,0.0,0.0,0.0,0.0,0.0,1.769279931333168,0.0,8.121228815172717,7.868404961645853,1.1711546083350621,-0.6584298363173209,1.5122067222829427,6.58221796764281,1.722255427937173,DoS-TCP_Flood,1
0.0,-1.2507379430704195,3.2885935959255552,-0.009894947771454277,0.4490685743649406,0.0,0.0,0.0,0.0,0.0,0.0,0.0,0.0,0.0,0.05003916460788235,0.0,0.0,0.0,0.0,0.0,0.0,0.0,-1.0,0.0,0.0,0.0,0.0,0.0,29.883011209772434,27.58518935803251,20.51777980578307,8.946167586736205,29.793246081585075,1.894839752278525,31.033476841507472,6.895567446290392,2.7735355074001133,Mirai-greip_flood,1
0.0,0.0,0.0,0.0,-0.6867108725467955,0.0,0.0,1.0,0.0,0.0,0.0,0.0,0.0,0.0,3.4857640793406848,0.0,0.0,0.0,0.0,0.0,0.0,0.0,0.0,0.0,0.0,0.0,0.0,0.0,0.0,0.0,0.0,0.0,0.0,-0.12592781770031852,0.0,0.0,0.0,DDoS-SYN_Flood,1
0.8282694669236728,1.9392527377204591,1.6288918283450677,0.0,1.640978307270446,0.0,0.0,0.0,0.0,0.0,0.0,0.0,0.0,0.0,0.0,0.0,0.0,0.0,0.0,0.0,0.0,0.0,-1.0,1.0,0.0,0.0,0.0,0.0,-0.9784901618675309,-1.0,-0.6581425429281335,0.0,-0.9629539850295165,-0.06370714093092451,-0.9782642144148311,0.0,0.0,DDoS-UDP_Flood,1
0.008531801643306405,0.16524890123262512,0.0,0.0,0.3106237528633069,0.0,0.0,0.0,0.0,0.0,0.0,0.0,0.0,0.0,0.0,0.0,0.009950330853168083,2.4638227766294687,0.6931471805599453,0.0,0.0,0.0,0.0,0.0,0.0,0.0,0.0,0.0,4.628401280289789,0.0,14.898679863660222,10.500882497679159,3.1518492588498344,-0.17508702815004032,3.731260373481784,8.28823265611877,2.211945409580863,DDoS-TCP_Flood,1
0.0,0.0,0.0,0.0,-0.42328805776290807,0.0,0.0,0.0,0.0,0.0,0.0,0.0,0.0,0.0,0.0,0.0,0.0,0.0,0.0,0.0,0.0,0.0,0.0,0.0,0.0,0.0,0.0,0.0,0.0,0.0,0.0,0.0,0.0,-0.6570760052605877,0.0,0.0,0.0,DoS-TCP_Flood,1
0.0,0.015847096466218537,0.02689133735382879,0.0,0.4360269197691189,0.0,0.0,0.0,0.0,0.0,0.0,0.0,0.0,0.0,0.0,0.0,0.0,0.0,0.0,0.0,0.0,0.0,0.0,0.0,0.0,0.0,0.0,0.0,0.592809351968738,0.0,3.487523318467598,5.031974710594456,0.5580221629001508,-0.612406339593129,0.4123280890217103,4.854554240889683,1.2109863674277355,DoS-TCP_Flood,1
45.9864175758925,1.6959383097346161,0.7637780508995198,0.5877866649021195,-0.731188645514268,0.0,0.0,0.0,0.0,0.0,0.0,0.0,0.0,0.0,0.0,0.0,3.0492730404820207,178.95876284796577,0.0,0.0,0.0,0.0,-1.0,0.0,0.0,0.0,0.0,0.0,15.729398621623956,-1.0,11.882902918784039,10.012133502394182,10.295399923516785,306.64195600633514,10.91434219506879,6.532485455323859,8.043231726932055,XSS,1
0.0,0.0,0.0,0.0,0.25554950177665053,0.0,0.0,0.0,0.0,0.0,0.0,0.0,0.0,0.0,0.0,0.0,0.0,0.0,0.6931471805599453,0.0,0.0,0.0,0.0,0.0,0.0,0.0,0.0,0.0,0.0,0.0,0.0,0.0,0.0,-0.31664777898165325,0.0,0.0,0.0,DDoS-TCP_Flood,1
0.035131676988823725,-0.6405907866493791,-2.03588246421974,-0.0023103591331841145,0.039936309554810326,0.0,0.0,0.0,0.0,0.0,0.0,0.0,0.0,0.0,0.2930281945558483,0.0,0.009950330853168083,2.942483704433346,0.0,0.0,0.0,0.0,-1.0,0.0,0.0,0.0,1.0,0.0,-2.7073161762442566,-3.2597145763975988,0.6178250377193454,3.8868870093785857,-2.3455829789463665,0.0011503504633775367,-2.8631721373542365,3.9630172376586326,2.211945409580863,DDoS-ICMP_Flood,1
0.0,0.0,0.0,0.0,-0.43886786022301494,0.0,0.0,0.0,0.0,0.0,0.0,0.0,0.0,0.0,0.0,0.0,0.0,0.0,0.0,0.0,0.0,0.0,0.0,0.0,0.0,0.0,0.0,0.0,0.0,0.0,0.0,0.0,0.0,-0.17634205062580163,0.0,0.0,0.0,DDoS-TCP_Flood,1
0.0,0.0,0.0,0.0,-0.3128598586193714,0.0,0.0,1.0,0.0,0.0,0.0,0.0,0.0,0.0,3.4857640793406848,0.0,0.0,0.0,0.0,0.6931471805599453,0.0,0.0,0.0,0.0,0.0,0.0,0.0,0.0,0.0,0.0,0.0,0.0,0.0,0.8631021047657355,0.0,0.0,0.0,DDoS-SynonymousIP_Flood,1
0.6866656849930207,2.1740745182885366,1.6288918283450677,0.0,1.7231961229185013,0.0,0.0,0.0,0.0,0.0,0.0,0.0,0.0,0.0,0.0,0.0,0.0,0.0,0.0,0.0,0.0,0.0,-1.0,1.0,0.0,0.0,0.0,0.0,-0.9784901618675309,-1.0,-0.6581425429281335,0.0,-0.9629539850295165,-0.0023029454817297896,-0.9782642144148311,0.0,0.0,DDoS-UDP_Flood,1
2.2401616712644836,2.397338166330993,1.5969793044844978,0.0772459008446491,2.351097385668711,0.0,0.0,0.0,0.0,0.0,0.0,0.0,0.0,0.0,0.0,0.0,0.08617769624105233,7.0577474536483,0.0,0.0,0.0,0.0,-1.0,1.0,0.0,0.0,0.0,0.0,-0.6644428354246034,-1.0,0.5778727239522706,2.8047454341695914,-0.6029938965367625,-0.3941262094715573,-0.7663321704664349,3.0132413369293847,1.520442853797087,DoS-UDP_Flood,1
0.0,-1.4513389403258232,3.320506119786125,0.0,-0.5888447575267225,0.0,0.0,0.0,0.0,0.0,0.0,0.0,0.0,0.0,0.0,0.0,0.0,0.0,0.0,0.0,0.0,0.0,-1.0,0.0,0.0,0.0,0.0,0.0,30.17481912721899,31.175282659129863,20.51777980578307,0.0,30.020362671030682,1.9104530539246607,31.333460718242428,0.0,0.0,Mirai-greip_flood,1
0.04208847905917554,-0.9593628514322406,3.298811775245818,-0.0013855748502598075,0.0490847529291674,0.0,0.0,0.0,0.0,0.0,0.0,0.0,0.0,0.0,0.0,0.0,0.0,0.0,0.0,0.0,0.0,0.0,-1.0,0.0,0.0,0.0,0.0,0.0,30.327940040033198,30.455940512391685,20.726027714761642,6.49523143233605,30.11144474126619,2.0659606197599327,31.55102517709904,6.074562748946984,1.0,Mirai-greeth_flood,1
0.0,0.0,0.0,0.0,0.025118431550937896,0.0,0.0,1.0,0.0,0.0,0.0,0.0,0.0,0.0,3.4857640793406848,0.0,0.0,0.0,0.0,0.0,0.0,0.0,0.0,0.0,0.0,0.0,0.0,0.0,0.0,0.0,0.0,0.0,0.0,-0.12454398062730138,0.0,0.0,0.0,DDoS-SYN_Flood,1
21.789066526463085,3.462379777120598,0.0,-0.006172859107080875,0.38557407909411534,0.0,0.0,0.0,0.0,0.0,0.6931471805599453,0.0,0.0,0.0,0.0,0.0,3.9396381724611196,337.3214225899652,0.0,0.6931471805599453,0.0,0.0,0.0,0.0,0.0,0.0,0.0,0.0,50.905044458025024,42.583539017364735,38.21659370160452,16.494370050061196,43.45126955918385,302.58455812595395,48.36638450451886,10.784474998900034,8.043231726932055,BenignTraffic,0
0.5468466192292863,2.21261854914382,1.6288918283450677,0.0,1.6996535105504875,0.0,0.0,0.0,0.0,0.0,0.0,0.0,0.0,0.0,0.0,0.0,0.0,0.0,0.0,0.0,0.0,0.0,-1.0,1.0,0.0,0.0,0.0,0.0,-0.8843977103715559,-1.0,-0.015862147889144505,1.654652062870885,-0.8658014132774049,-0.40927173615148066,-0.9127647758229397,1.8801042073215004,1.1059727047904317,DoS-UDP_Flood,1
0.0,0.0,0.0,0.0,-0.7804506568568762,0.0,0.6931471805599453,0.0,0.6931471805599453,0.0,0.0,0.0,0.0,0.6931471805599453,0.0,0.6931471805599453,0.0,0.0,0.0,0.0,0.0,0.0,0.0,0.0,0.0,0.0,0.0,0.0,0.0,0.0,0.0,0.0,0.0,0.8118668798160985,0.0,0.0,0.0,DDoS-RSTFINFlood,1
0.5274917894171454,1.8385525845557946,1.6288918283450677,0.0,1.6622932468238198,0.0,0.0,0.0,0.0,0.0,0.0,0.0,0.0,0.0,0.0,0.0,0.0,0.0,0.0,0.0,0.0,0.0,-1.0,1.0,0.0,0.0,0.0,0.0,-0.9784901618675309,-1.0,-0.6581425429281335,0.0,-0.9629539850295165,-0.08223052736772679,-0.9782642144148311,0.0,0.0,DDoS-UDP_Flood,1
6.433886703305921,2.359916204883018,1.6288918283450677,0.0,1.3041279088151596,0.0,0.0,0.0,0.0,0.0,0.0,0.0,0.0,0.0,0.0,0.0,0.0,0.0,0.0,0.0,0.0,0.0,-1.0,1.0,0.0,0.0,0.0,0.0,-0.9784901618675309,-1.0,-0.6581425429281335,0.0,-0.9629539850295165,-0.08053207541582393,-0.9782642144148311,0.0,0.0,DDoS-UDP_Flood,1
0.0,0.0,0.0,0.0,-0.7804506568568762,0.0,0.6931471805599453,0.0,0.6931471805599453,0.0,0.0,0.0,0.0,0.6931471805599453,0.0,0.6931471805599453,0.0,0.0,0.0,0.0,0.0,0.0,0.0,0.0,0.0,0.0,0.0,0.0,0.0,0.0,0.0,0.0,0.0,0.7997901863162051,0.0,0.0,0.0,DDoS-RSTFINFlood,1
0.0,0.0,0.0,0.0,-0.41161246080157987,0.0,0.0,0.0,0.0,0.0,0.0,0.0,0.0,0.0,0.0,0.0,0.0,0.0,0.0,0.0,0.0,0.0,0.0,0.0,0.0,0.0,0.0,0.0,0.0,0.0,0.0,0.0,0.0,-0.31506690240672486,0.0,0.0,0.0,DDoS-TCP_Flood,1
14.569770245324,0.24773012864635294,0.0,0.0,-0.6804745517040154,0.0,0.0,1.0,0.0,0.0,0.0,0.0,0.0,0.0,5.52480535211579,0.0,0.0,0.0,0.0,0.0,0.0,0.0,0.0,0.0,0.0,0.0,0.0,0.0,0.0,0.0,0.0,0.0,0.0,0.8594765150998075,0.0,0.0,0.0,DDoS-SynonymousIP_Flood,1
0.0,0.0,0.0,0.0,-0.585982327424238,0.0,0.0,0.0,0.0,0.0,0.0,0.0,0.0,0.0,0.0,0.0,0.0,0.0,0.0,0.0,0.0,0.0,0.0,0.0,0.0,0.0,0.0,0.0,0.0,0.0,0.0,0.0,0.0,-0.3290320918205446,0.0,0.0,0.0,DDoS-TCP_Flood,1
2.205895297623405,2.2441762977283357,1.6076825569763766,0.051277909653822284,1.5534242460182728,0.0,0.0,0.0,0.0,0.0,0.0,0.0,0.0,0.0,0.05003916460788235,0.0,0.0295588022415444,3.4166500970741085,0.0,0.0,0.0,0.0,-1.0,1.0,0.0,0.0,0.0,0.0,3.5761690594977744,-1.0,14.09488189085256,10.439101625971123,1.7177101785852,-0.09431498674674871,3.4211315511840885,8.196282113256148,2.496137504247569,DDoS-UDP_Flood,1
0.04956874854207242,1.7812719610804562,1.5960029797200652,-0.019888784853788977,2.04560244491681,0.0,0.0,0.0,0.0,0.0,0.0,0.0,0.0,0.0,0.0,0.0,0.0,0.0,0.0,0.0,0.0,0.0,-1.0,1.0,0.0,0.0,0.0,0.0,-0.9712275524602236,-1.0,-0.6240280263478272,0.12455470846438935,-0.9130397072771533,-0.3958627144988731,-0.9755999247044288,0.07599945034352126,0.22978831136061822,DoS-UDP_Flood,1
0.0,0.0,0.0,0.0,-0.4770503907726351,0.0,0.0,0.0,0.0,0.0,0.0,0.0,0.0,0.0,0.0,0.0,0.0,0.0,0.0,0.0,0.0,0.0,0.0,0.0,0.0,0.0,0.0,0.0,0.0,0.0,0.0,0.0,0.0,-0.18887056920757925,0.0,0.0,0.0,DDoS-TCP_Flood,1
0.0,0.0,0.0,0.0,-0.6216694837986795,0.0,0.0,0.0,0.0,0.0,0.0,0.0,0.0,0.0,0.0,0.0,0.0,0.0,0.0,0.0,0.0,0.0,0.0,0.0,0.0,0.0,0.0,0.0,0.0,0.0,0.0,0.0,0.0,-0.2067905743780421,0.0,0.0,0.0,DDoS-TCP_Flood,1
12.331672388140989,3.892580440282652,1.5644651381832226,0.025517787986956364,1.224985600369655,0.0,0.0,0.0,0.0,0.0,0.0,0.0,0.0,0.0,1.7987070638210774,0.0,0.0,7.0577474536483,0.0,0.0,0.0,0.0,-1.0,1.0,0.0,0.0,0.0,0.0,29.00951389367426,25.634139989523987,19.997974714687604,9.814844747770035,28.80186826813372,2.3164318329012334,29.711091377879246,7.296620307640565,3.396117867251613,Mirai-udpplain,1
0.0,0.0,0.0,0.0,0.498359540929077,0.0,0.0,0.0,0.0,0.6931471805599453,0.6931471805599453,0.0,0.0,0.0,0.0,0.0,0.6931471805599453,35.00278878114653,0.0,0.0,0.0,0.0,0.0,0.0,0.0,0.0,0.0,0.0,0.0,0.0,0.0,0.0,0.0,0.7521414783050908,0.0,0.0,0.0,DDoS-PSHACK_Flood,1
0.0,0.0,0.0,0.0,0.2555103448138669,0.0,0.0,0.0,0.0,0.0,0.0,0.0,0.0,0.0,0.0,0.0,0.0,0.0,0.0,0.0,0.0,0.0,0.0,0.0,0.0,0.0,0.0,0.0,0.0,0.0,0.0,0.0,0.0,-0.1745114574536181,0.0,0.0,0.0,DDoS-TCP_Flood,1
0.0,0.0,0.0,0.0,-0.1323391041111211,0.0,0.0,1.0,0.0,0.0,0.0,0.0,0.0,0.0,3.4857640793406848,0.0,0.0,0.0,0.0,0.0,0.0,0.0,0.0,0.0,0.0,0.0,0.0,0.0,0.0,0.0,0.0,0.0,0.0,-0.11262350716054181,0.0,0.0,0.0,DDoS-SYN_Flood,1
23.169977201025283,0.7178330223071685,0.05336981159237093,0.0,-0.6802052100234127,0.0,0.0,1.0,0.0,0.0,0.6931471805599453,0.0,0.0,0.07696104113612832,4.2967645880324445,0.12221763272424921,0.16551443847757338,60.59624134621228,0.6931471805599453,0.0,0.0,0.0,0.0,0.0,0.0,0.0,0.0,0.0,7.995596416132332,2.6611261606746908,13.863157403726698,10.258740333048745,7.65737908695427,0.9699589924674695,7.35048415979633,7.462620200263293,4.858685635863223,DDoS-HTTP_Flood,1
0.0,0.003603718974390758,0.02689133735382879,-0.0029273574560120252,0.07270533273562095,0.0,0.0,1.0,0.0,0.0,0.0,0.0,0.0,0.0,3.460556535077735,0.0,0.0,0.0,0.0,0.0,0.0,0.0,0.0,0.0,0.0,0.0,0.0,0.0,0.1227442414204077,0.0,0.8307471507117004,2.1037612784198103,0.12689738217096255,-0.505051787762145,0.08545415721089386,2.3910224806036617,1.1059727047904317,DoS-SYN_Flood,1
0.007168654374386785,0.011152576911974759,0.0,0.017991032597829637,0.24134701248144688,0.0,0.0,0.0,0.0,0.0,0.0,0.0,0.0,0.0,0.09958532450472099,0.0,0.0,1.9805812918999735,0.0,0.0,0.0,0.0,0.0,0.0,0.0,0.0,0.0,0.0,0.03761841262315248,0.0,0.26225646676122205,0.8866167650431562,0.055528745286416076,-0.20410078371696996,0.028361801574616124,0.675912129746717,1.4182049190823993,DDoS-TCP_Flood,1
0.6725995229250236,2.342603088360023,1.5664532394411952,0.11112846439740132,1.7392751581062362,0.0,0.0,0.0,0.0,0.0,0.0,0.0,0.0,0.0,0.0,0.0,0.0,0.0,0.0,0.0,0.0,0.0,-1.0,1.0,0.0,0.0,0.0,0.0,-0.6121011328877175,-0.8965330026297559,1.1211975613756529,3.6775275068069915,-0.7030568630624688,-0.40772831623025374,-0.4897310965192849,2.628285220744747,4.782091756944844,DoS-UDP_Flood,1
0.0,0.0,0.0,0.0,0.04130939179598497,0.0,0.0,0.0,0.0,0.0,0.0,0.0,0.0,0.0,0.0,0.0,0.0,0.0,0.0,0.0,0.0,0.0,0.0,0.0,0.0,0.0,0.0,0.0,0.0,0.0,0.0,0.0,0.0,-0.2187150041890341,0.0,0.0,0.0,DDoS-TCP_Flood,1
6.684993879199509,0.08234056064202375,0.0,0.0,-0.47243503258519354,0.0,0.0,1.0,0.0,0.0,0.0,0.0,0.0,0.0,4.100383666580565,0.0,0.0,0.0,0.0,0.0,0.0,0.0,0.0,0.0,0.0,0.0,0.0,0.0,0.0,0.0,0.0,0.0,0.0,-0.5049634123162028,0.0,0.0,0.0,DoS-SYN_Flood,1
14.622090691139132,3.1102286804560686,0.0,0.8295590360498224,0.34444609005703297,0.0,0.0,0.0,0.0,0.0,0.6931471805599453,0.0,0.0,0.0,3.4857640793406848,0.0,2.3978952727983707,285.4768008298951,0.0,0.6931471805599453,0.0,0.0,0.0,0.0,0.0,0.0,0.0,0.0,25.786641954213103,0.0,34.93179022633202,16.11758872351696,1.3204627363334023,303.79168884274674,21.786796646058654,10.560766334502325,8.043231726932055,DNS_Spoofing,1
0.3580887067239285,1.8933377215455267,1.6288918283450677,0.0,1.8885429092301325,0.0,0.0,0.0,0.0,0.0,0.0,0.0,0.0,0.0,0.0,0.0,0.0,0.0,0.0,0.0,0.0,0.0,-1.0,1.0,0.0,0.0,0.0,0.0,-0.9784901618675309,-1.0,-0.6581425429281335,0.0,-0.9629539850295165,-0.09688941170004504,-0.9782642144148311,0.0,0.0,DDoS-UDP_Flood,1
0.0,-1.4513389403258232,3.3035354291949597,-0.009894947771454277,-0.3785316162273326,0.0,0.0,0.0,0.0,0.0,0.0,0.0,0.0,0.0,0.0,0.0,0.0,0.0,0.0,0.0,0.0,0.0,-1.0,0.0,0.0,0.0,0.0,0.0,30.14216787520421,30.814972589147352,20.51777980578307,3.6577183245602183,29.905754305929115,1.9105170271250713,31.313670688589145,4.808704656405395,0.34299828761799184,Mirai-greip_flood,1
0.16060383668809003,0.9958160347936296,-1.9884112751917278,0.02251388065155613,0.30228645752875294,0.0,0.0,0.0,0.0,0.0,0.0,0.0,0.0,0.0,0.0,0.0,0.04879016416943201,32.67764586890834,0.0,0.0,0.0,0.0,-1.0,0.0,0.0,0.0,1.0,0.0,-3.1050931477240806,-3.2597145763975988,-1.7181593813396767,1.100282963170672,-3.0326296203101943,0.0003706718448957852,-3.1226051051879233,1.1847087448362617,1.1059727047904317,DDoS-ICMP_Flood,1
0.0,0.0,0.0,0.0,-0.2535647456453814,0.0,0.6931471805599453,0.0,0.6931471805599453,0.0,0.0,0.0,0.0,0.6931471805599453,0.0,0.6931471805599453,0.0,0.0,0.0,0.0,0.0,0.0,0.0,0.0,0.0,0.0,0.0,0.0,0.0,0.0,0.0,0.0,0.0,0.7955785084659878,0.0,0.0,0.0,DDoS-RSTFINFlood,1
0.0,0.0,0.0,0.0,0.1424036207049497,0.0,0.0,0.0,0.0,0.6931471805599453,0.6931471805599453,0.0,0.0,0.0,0.0,0.0,0.6931471805599453,35.00278878114653,0.0,0.0,0.0,0.0,0.0,0.0,0.0,0.0,0.0,0.0,0.0,0.0,0.0,0.0,0.0,0.7518355008772896,0.0,0.0,0.0,DDoS-PSHACK_Flood,1
0.0,-1.4513389403258232,-2.1692573117561817,-0.009894947771454277,-0.27039485448204587,0.0,0.0,0.0,0.0,0.0,0.0,0.0,0.0,0.0,0.0,0.0,0.0,0.0,0.0,0.0,0.0,0.0,-1.0,0.0,0.0,0.0,1.0,0.0,-3.1480891360280956,-3.2597145763975988,-1.8230119231934425,0.8138697679562801,-3.0856815734839125,0.09494251482430932,-3.1506175549257085,0.810631206706059,1.0,DDoS-ICMP_Flood,1
0.7845462037982682,2.2961685161034087,1.6288918283450677,0.028961162899088677,1.66697453326121,0.0,0.0,0.0,0.0,0.0,0.0,0.0,0.0,0.0,0.0,0.0,0.0,0.0,0.0,0.0,0.0,0.0,-1.0,1.0,0.0,0.0,0.0,0.0,-0.6344732871290083,-1.0,1.509558888842432,3.6499686077098428,-0.5206062306931788,-0.09757847428725623,-0.7636059636344845,4.016020431753885,0.8930505744880486,DDoS-UDP_Flood,1
0.0,0.0,0.0,0.0,-0.26276314891528196,0.0,0.0,1.0,0.0,0.0,0.0,0.0,0.0,0.0,3.4857640793406848,0.0,0.0,0.0,0.0,0.0,0.0,0.0,0.0,0.0,0.0,0.0,0.0,0.0,0.0,0.0,0.0,0.0,0.0,-0.5501767985503088,0.0,0.0,0.0,DoS-SYN_Flood,1
0.3347358519792702,2.3844185506703925,1.6288918283450677,0.0,1.97183325169435,0.0,0.0,0.0,0.0,0.0,0.0,0.0,0.0,0.0,0.0,0.0,0.0,0.0,0.0,0.0,0.0,0.0,-1.0,1.0,0.0,0.0,0.0,0.0,-0.9784901618675309,-1.0,-0.6581425429281335,0.0,-0.9629539850295165,-0.39566034128797756,-0.9782642144148311,0.0,0.0,DoS-UDP_Flood,1
0.008563631352733268,-0.921390606415802,3.3096930583454753,0.009797996326253333,-0.13247717875165876,0.0,0.0,0.0,0.0,0.0,0.0,0.0,0.0,0.0,0.0,0.0,0.0,0.0,0.0,0.0,0.0,0.0,-1.0,0.0,0.0,0.0,0.0,0.0,30.42758811334639,30.913324365269737,20.726027714761642,4.748236488053127,30.246967835063888,2.0051284548944923,31.622820475696887,4.997228155862136,0.7851062563167518,Mirai-greeth_flood,1
0.0,0.003147050377230773,0.02689133735382879,0.028961162899088677,-0.06656081857307394,0.0,0.6931471805599453,0.0,0.6931471805599453,0.0,0.0,0.0,0.0,0.688134638736401,0.0,0.688134638736401,0.0,0.0,0.0,0.0,0.0,0.0,0.0,0.0,0.0,0.0,0.0,0.0,0.14981160014034647,0.0,1.004764097129084,2.52675037063971,0.11081675826241126,0.7849803855369639,0.1273791521328031,2.5761944408842834,1.520442853797087,DDoS-RSTFINFlood,1
5.910133318267248,0.574901980948886,0.0,0.0,-0.39172090112133506,0.0,0.0,1.0,0.0,0.0,0.6931471805599453,0.0,0.0,0.0,6.357160009883129,0.0,0.16551443847757338,37.22556885767032,0.0,0.6931471805599453,0.0,0.0,0.0,0.0,0.0,0.0,0.0,0.0,9.08321967888359,4.202614460554889,10.475404975984256,9.409539291502732,9.49286671056007,-0.4413299167868088,8.711666945677118,6.799402537955994,4.704988944865918,DoS-HTTP_Flood,1
0.0,0.0,0.0,0.0,-0.23360212332481828,0.0,0.0,1.0,0.0,0.0,0.0,0.0,0.0,0.0,3.4857640793406848,0.0,0.0,0.0,0.0,0.0,0.0,0.0,0.0,0.0,0.0,0.0,0.0,0.0,0.0,0.0,0.0,0.0,0.0,-0.1253078219299077,0.0,0.0,0.0,DDoS-SYN_Flood,1
0.5242725129559674,2.4162151974056254,1.6288918283450677,0.0,1.8681955835813235,0.0,0.0,0.0,0.0,0.0,0.0,0.0,0.0,0.0,0.0,0.0,0.0,0.0,0.0,0.0,0.0,0.0,-1.0,1.0,0.0,0.0,0.0,0.0,-0.9784901618675309,-1.0,-0.6581425429281335,0.0,-0.9629539850295165,-0.34863235088630534,-0.9782642144148311,0.0,0.0,DoS-UDP_Flood,1
0.0,-1.4513389403258232,-2.1606122929018636,0.0,-0.13560425742343576,0.0,0.0,0.0,0.0,0.0,0.0,0.0,0.0,0.0,0.0,0.0,0.0,0.0,0.0,0.0,0.0,0.0,-1.0,0.0,0.0,0.0,1.0,0.0,-3.1946884019211876,-3.2597145763975988,-2.1453568405302192,0.0,-3.13895514140087,0.09132525530537171,-3.1816908209099646,0.0,0.0,DDoS-ICMP_Flood,1
0.6546629004010478,1.5963059708367688,1.6288918283450677,0.0,1.264129387520865,0.0,0.0,0.0,0.0,0.0,0.0,0.0,0.0,0.0,0.0,0.0,0.0,0.0,0.0,0.0,0.0,0.0,-1.0,1.0,0.0,0.0,0.0,0.0,-0.9784901618675309,-1.0,-0.6581425429281335,0.0,-0.9629539850295165,-0.003526251329170082,-0.9782642144148311,0.0,0.0,DDoS-UDP_Flood,1
0.0,0.43176471667691557,1.61252579983993,-0.009894947771454277,-0.7804506568568762,0.0,0.0,0.0,0.0,0.0,0.0,0.0,0.0,0.0,0.0,0.0,0.0,0.0,0.0,0.0,0.0,0.0,-1.0,1.0,0.0,0.0,0.0,0.0,15.296861030193583,14.025777406227407,10.419960352107816,5.15819578258832,15.24584978243452,-0.42651635733489174,15.464327125165786,4.558235187823391,2.018542090483177,DoS-UDP_Flood,1
0.0,-1.4513389403258232,-2.1606122929018636,0.0,-0.7804506568568762,0.0,0.0,0.0,0.0,0.0,0.0,0.0,0.0,0.0,0.0,0.0,0.0,0.0,0.0,0.0,0.0,0.0,-1.0,0.0,0.0,0.0,1.0,0.0,-3.1946884019211876,-3.2597145763975988,-2.1453568405302192,0.0,-3.13895514140087,1.3016600429748415,-3.1816908209099646,0.0,0.0,DDoS-ICMP_Flood,1
0.0,0.9501007587782022,0.0,0.0,-0.5186459165082044,0.0,0.0,0.0,0.0,0.0,0.0,0.0,0.0,0.0,0.0,0.0,0.0,20.475318857633905,0.0,0.0,0.0,0.0,-1.0,0.0,0.0,0.0,0.0,0.0,36.05080002188795,25.422527640938455,28.567395388058127,15.361239997356826,36.26787357129881,0.784116372347323,36.97962072676067,10.096759664191707,7.74944564203287,DDoS-ACK_Fragmentation,1
0.0,0.9302541823910235,0.09117247895655087,0.019350036204498267,0.4218508798876499,0.0,0.0,0.0,0.0,0.0,0.0,0.0,0.0,0.0,0.0,0.0,0.0,19.45511547677156,0.0,0.0,0.0,0.0,-1.0,0.0,0.0,0.0,0.0,0.0,36.07176481788339,23.827899423448446,28.835826179231276,15.40599362809669,35.61301569802284,0.7816143531632581,37.990855691080924,10.127301565192568,7.74944564203287,DDoS-ACK_Fragmentation,1
32.512337016637545,3.7725281388339034,0.0,0.1771801572935363,0.23534265824863065,0.0,0.0,0.0,0.0,0.0,0.6931471805599453,0.0,0.0,0.0,1.6920833972983476,0.0,3.2308043957334744,378.32418218564794,0.6931471805599453,0.0,0.0,0.0,0.0,0.0,0.0,0.0,0.0,0.0,41.209198487078794,0.0,36.286919959062274,17.327153856514904,39.637680488080235,303.82099647476,37.77278607639105,11.344029503507207,8.043231726932055,DNS_Spoofing,1
0.0,0.0,0.0,0.0,-0.5583565539479841,0.0,0.0,0.0,0.0,0.0,0.0,0.0,0.0,0.0,0.0,0.0,0.0,0.0,0.0,0.0,0.0,0.0,0.0,0.0,0.0,0.0,0.0,0.0,0.0,0.0,0.0,0.0,0.0,-0.31714345910272046,0.0,0.0,0.0,DDoS-TCP_Flood,1
19.751487809692865,0.8780178040628208,1.0,0.40443894075285236,0.4007541392098302,0.0,0.0,0.0,0.0,0.0,0.0,0.0,0.0,0.0,5.52480535211579,0.5306282510621704,0.18232155679395462,37.466611557776,0.0,0.0,0.0,0.0,-1.0,0.0,0.0,0.0,0.0,0.0,10.386823416009442,-2.081720017417545,11.772749946928377,9.292721276861927,7.023700987822909,302.9144479626263,5.401503075082487,6.081382189726534,8.043231726932055,MITM-ArpSpoofing,1
0.6358074898740967,2.3571426150879846,1.6288918283450677,0.0,1.822807572402681,0.0,0.0,0.0,0.0,0.0,0.0,0.0,0.0,0.0,0.0,0.0,0.0,0.0,0.0,0.0,0.0,0.0,-1.0,1.0,0.0,0.0,0.0,0.0,-0.8964220727489519,-1.0,-0.09560879620498236,1.6891007552298907,-0.9130397072771533,-0.348596863382091,-0.8898718911625948,1.5701216131908466,1.8218605933779084,DoS-UDP_Flood,1
0.0,-1.4513389403258232,-2.1606122929018636,0.0,0.03682657435532186,0.0,0.0,0.0,0.0,0.0,0.0,0.0,0.0,0.0,0.0,0.0,0.0,0.0,0.0,0.0,0.0,0.0,-1.0,0.0,0.0,0.0,1.0,0.0,-3.1946884019211876,-3.2597145763975988,-2.1453568405302192,0.0,-3.13895514140087,0.02816086881231488,-3.1816908209099646,0.0,0.0,DDoS-ICMP_Flood,1
0.0,-1.4513389403258232,-2.1692573117561817,-0.009894947771454277,0.2095111550296695,0.0,0.0,0.0,0.0,0.0,0.0,0.0,0.0,0.0,0.0,0.0,0.0,0.0,0.0,0.0,0.0,0.0,-1.0,0.0,0.0,0.0,1.0,0.0,-3.12743294787412,-3.2597145763975988,-1.683486968443093,1.174123947744645,-3.0856815734839125,0.01618896007216065,-3.127881617680459,1.106370643728436,1.4182049190823993,DDoS-ICMP_Flood,1
0.10182782137942875,0.007816938743032532,0.0,-0.003390356152453755,-0.16852722946388402,0.0,0.0,0.0,0.0,0.6931471805599453,0.6931471805599453,0.0,0.0,0.0,0.1486480995258115,0.0,0.688134638736401,35.25465139697232,0.0,0.0,0.0,0.0,0.0,0.0,0.0,0.0,0.0,0.0,0.008966847340006386,0.0,0.06316149275847756,0.2314073311352932,0.009271597417287197,0.7486752984772775,0.006323675635349047,0.07617027092544919,1.1059727047904317,DDoS-PSHACK_Flood,1
20.216400828728542,3.382399576504778,0.0,0.0,0.33760006926882796,0.0,0.0,0.0,0.0,0.0,0.6931471805599453,0.0,0.0,0.0,0.0,0.0,3.0955776085237074,318.22559254492654,0.0,0.6931471805599453,0.0,0.0,0.0,0.0,0.0,0.0,0.0,0.0,40.392497219088604,2.613770776601509,34.74840606504064,16.537632356895994,42.01918836406265,302.9171787699569,36.48997274987698,10.8319143526275,8.043231726932055,MITM-ArpSpoofing,1
0.0,-0.003573429594906621,-0.01484667116878494,-0.009894947771454277,-0.6700296069878623,0.0,0.0,0.0,0.0,0.6931471805599453,0.6931471805599453,0.0,0.0,0.0,0.0,0.0,0.688134638736401,34.74966369079495,0.0,0.0,0.0,0.0,0.0,0.0,0.0,0.0,0.0,0.0,0.017479509374030176,0.0,0.12274391917009615,0.45698835382141717,0.013904869652008049,0.6872022343348803,0.014217251848447724,0.22934453684515885,1.4182049190823993,DDoS-PSHACK_Flood,1
0.0,0.33074575866424893,1.364308662137839,0.3853670525619721,-0.45195157709540495,0.0,0.0,0.0,0.0,0.0,0.0,0.0,0.0,0.0,0.0,0.0,0.0,0.0,0.0,0.0,0.0,0.0,-1.0,1.0,0.0,0.0,0.0,0.0,12.73555740525982,12.198504891369499,9.015074362971557,5.142794837932996,12.648113532405102,-0.42213004621834266,12.717253489986225,4.552717499435493,1.9206180450055654,DoS-UDP_Flood,1
0.0,-1.4513389403258232,3.253092974072319,0.11112846439740132,0.3187381597817173,0.0,0.0,0.0,0.0,0.0,0.0,0.0,0.0,0.0,0.0,0.0,0.0,0.0,0.0,0.0,0.0,0.0,-1.0,0.0,0.0,0.0,0.0,0.0,29.966770674439392,24.617337058616673,20.726027714761642,10.427032285236983,29.867915929102697,2.065276086767139,31.021393925657563,7.4640534585419,4.391350108289039,Mirai-greeth_flood,1
0.0,-1.4513389403258232,-2.1606122929018636,0.0,-0.246041645614875,0.0,0.0,0.0,0.0,0.0,0.0,0.0,0.0,0.0,0.0,0.0,0.0,0.0,0.0,0.0,0.0,0.0,-1.0,0.0,0.0,0.0,1.0,0.0,-3.1946884019211876,-3.2597145763975988,-2.1453568405302192,0.0,-3.13895514140087,0.029808138828692307,-3.1816908209099646,0.0,0.0,DDoS-ICMP_Flood,1
0.0,0.0,0.0,0.0,-0.18796819904168657,0.0,0.0,0.0,0.0,0.6931471805599453,0.6931471805599453,0.0,0.0,0.0,0.0,0.0,0.6931471805599453,35.00278878114653,0.0,0.0,0.0,0.0,0.0,0.0,0.0,0.0,0.0,0.0,0.0,0.0,0.0,0.0,0.0,0.7516489684914947,0.0,0.0,0.0,DDoS-PSHACK_Flood,1
0.0,-1.4513389403258232,-2.1606122929018636,0.0,-0.5230504973192768,0.0,0.0,0.0,0.0,0.0,0.0,0.0,0.0,0.0,0.0,0.0,0.0,0.0,0.0,0.0,0.0,0.0,-1.0,0.0,0.0,0.0,1.0,0.0,-3.1946884019211876,-3.2597145763975988,-2.1453568405302192,0.0,-3.13895514140087,0.015573571825977309,-3.1816908209099646,0.0,0.0,DDoS-ICMP_Flood,1
0.0,0.0,0.0,0.0,-0.4654909179994099,0.0,0.0,1.0,0.0,0.0,0.0,0.0,0.0,0.0,3.4857640793406848,0.0,0.0,0.0,0.0,0.0,0.0,0.0,0.0,0.0,0.0,0.0,0.0,0.0,0.0,0.0,0.0,0.0,0.0,-0.1275808654542853,0.0,0.0,0.0,DDoS-SYN_Flood,1
1.5117493496145622,2.2193896318850563,1.6288918283450677,0.0,1.4680578195486398,0.0,0.0,0.0,0.0,0.0,0.0,0.0,0.0,0.0,0.0,0.0,0.0,0.0,0.0,0.0,0.0,0.0,-1.0,1.0,0.0,0.0,0.0,0.0,-0.9784901618675309,-1.0,-0.6581425429281335,0.0,-0.9629539850295165,-0.08012729706255436,-0.9782642144148311,0.0,0.0,DDoS-UDP_Flood,1
0.14217107574072746,-0.2614586243537382,-2.1264591441866934,-0.009894947771454277,-0.05932793109696743,0.0,0.0,0.0,0.0,0.0,0.0,0.0,0.0,0.0,0.0,0.0,0.10436001532424277,9.626013596964674,0.0,0.0,0.0,0.0,-1.0,0.0,0.0,0.0,1.0,0.0,-2.5474556897688267,-3.2597145763975988,1.5944408534797536,5.047571041201784,-2.7533538977707566,0.013259999247144987,-2.4751651972171254,4.355816657523443,3.221619383067524,DDoS-ICMP_Flood,1
0.0,0.0,0.0,0.0,-0.14068298134039425,0.0,0.6931471805599453,0.0,0.6931471805599453,0.0,0.0,0.0,0.0,0.6931471805599453,0.0,0.6931471805599453,0.0,0.0,0.0,0.0,0.0,0.0,0.0,0.0,0.0,0.0,0.0,0.0,0.0,0.0,0.0,0.0,0.0,0.815705520615264,0.0,0.0,0.0,DDoS-RSTFINFlood,1
14.308123166603476,0.24773012864635294,0.0,0.0,-0.677251938218602,0.0,0.0,1.0,0.0,0.0,0.0,0.0,0.0,0.0,5.52480535211579,0.0,0.0,0.0,0.0,0.0,0.0,0.0,0.0,0.0,0.0,0.0,0.0,0.0,0.0,0.0,0.0,0.0,0.0,-0.5050094271479771,0.0,0.0,0.0,DoS-SYN_Flood,1
0.18475053170862818,1.9140564938005376,1.6288918283450677,0.0,1.9108540958872353,0.0,0.0,0.0,0.0,0.0,0.0,0.0,0.0,0.0,0.0,0.0,0.0,0.0,0.0,0.0,0.0,0.0,-1.0,1.0,0.0,0.0,0.0,0.0,-0.9784901618675309,-1.0,-0.6581425429281335,0.0,-0.9629539850295165,-0.003052606621082054,-0.9782642144148311,0.0,0.0,DDoS-UDP_Flood,1
2.785645165964449,2.249086178673226,1.6288918283450677,0.0,1.2808883626763587,0.0,0.0,0.0,0.0,0.0,0.0,0.0,0.0,0.0,0.0,0.0,0.0,0.0,0.0,0.0,0.0,0.0,-1.0,1.0,0.0,0.0,0.0,0.0,-0.9784901618675309,-1.0,-0.6581425429281335,0.0,-0.9629539850295165,-0.06539666218871668,-0.9782642144148311,0.0,0.0,DDoS-UDP_Flood,1
20.37598315854843,3.334991118067299,0.0,-0.006172859107080875,0.7090820352397355,0.0,0.0,0.0,0.0,0.0,0.6931471805599453,0.0,0.0,0.0,5.177847476639033,0.0,4.282206299391671,319.1429356598002,0.0,0.6931471805599453,0.0,0.0,0.0,0.0,0.0,0.0,0.0,0.0,36.05595849981865,29.269535656758414,34.31168818193046,16.42980997031496,43.81857885425365,-301.5982111793202,46.519997412992254,10.855358764428049,7.448027902452049,BenignTraffic,0
0.35847635564314495,0.09471662023795908,0.012275337587772104,0.05317613611268612,-0.09149033208581023,0.0,0.6931471805599453,0.0,0.6931471805599453,0.0,0.0,0.0,0.0,0.688134638736401,0.3402482086362116,0.712949807856125,0.019802627296179712,5.722911592082852,0.0,0.0,0.0,0.0,0.0,0.0,0.0,0.0,0.0,0.0,0.19406025896795212,0.0,1.2827292294618595,2.960887042609789,0.3566888547022534,0.8118479179251356,0.19221924521428402,2.8490564727827214,3.821217803519451,DDoS-RSTFINFlood,1
0.0,0.0,0.0,0.0,1.300511435771119,0.0,0.0,0.0,0.0,0.0,0.0,0.0,0.0,0.0,0.0,0.0,0.0,0.0,0.0,0.0,0.0,0.0,0.0,0.0,0.0,0.0,0.0,0.0,0.0,0.0,0.0,0.0,0.0,-0.17541190926028105,0.0,0.0,0.0,DDoS-TCP_Flood,1
0.0,0.0007893299936934661,0.0,0.0,0.06957747390046942,0.0,0.0,0.0,0.0,0.0,0.0,0.0,0.0,0.0,0.0,0.0,0.0,0.5024752879678589,0.0,0.0,0.0,0.0,0.0,0.0,0.0,0.0,0.0,0.0,0.03761841262315248,0.0,0.26225646676122205,0.9133694392985923,0.027794595133672117,-0.6580332939435973,0.032368048756311774,0.7342613075715003,1.520442853797087,DoS-TCP_Flood,1
0.0,-1.4513389403258232,3.3035354291949597,-0.009894947771454277,-0.025453900547549303,0.0,0.0,0.0,0.0,0.0,0.0,0.0,0.0,0.0,0.0,0.0,0.0,0.0,0.0,0.0,0.0,0.0,-1.0,0.0,0.0,0.0,0.0,0.0,30.14216787520421,30.814972589147352,20.51777980578307,3.6577183245602183,29.905754305929115,1.8965901023486045,31.313670688589145,4.808704656405395,0.34299828761799184,Mirai-greip_flood,1
1.487922619719511,2.2215730935833045,1.6288918283450677,0.0,1.5844508886490172,0.0,0.0,0.0,0.0,0.0,0.0,0.0,0.0,0.0,0.0,0.0,0.0,0.0,0.0,0.0,0.0,0.0,-1.0,1.0,0.0,0.0,0.0,0.0,-0.9784901618675309,-1.0,-0.6581425429281335,0.0,-0.9629539850295165,-0.0809606240286165,-0.9782642144148311,0.0,0.0,DDoS-UDP_Flood,1
32.79616117192521,4.0480297576602124,0.0,1.2766511836700634,0.4420347852703428,0.0,0.0,0.0,0.0,0.0,0.6931471805599453,0.0,0.0,0.0,0.0,0.0,4.836281906951478,416.49084391542095,0.0,0.6931471805599453,0.0,0.0,0.0,0.0,0.0,0.0,0.0,0.0,-5.667732408583143,2.613770776601509,1.7202337455437595,0.0,2.516940985282117,-301.59821119220555,2.5660652818778407,0.0,0.0,BenignTraffic,0
0.0,0.0,0.0,0.0,-0.05373591550146553,0.0,0.0,0.0,0.0,0.0,0.0,0.0,0.0,0.0,0.0,0.0,0.0,0.0,0.0,0.0,0.0,0.0,0.0,0.0,0.0,0.0,0.0,0.0,0.0,0.0,0.0,0.0,0.0,-0.3301216792733781,0.0,0.0,0.0,DDoS-TCP_Flood,1
11.814820641538462,0.34747383587107666,0.0,0.0,-0.6084122089394917,0.0,0.0,1.0,0.0,0.0,0.0,0.0,0.0,0.0,6.497249696589818,0.0,0.0,0.0,0.0,0.0,0.0,0.0,0.0,0.0,0.0,0.0,0.0,0.0,0.0,0.0,0.0,0.0,0.0,0.8591533942724381,0.0,0.0,0.0,DDoS-SynonymousIP_Flood,1
0.0,0.0,0.0,0.0,-0.7804506568568762,0.0,0.0,1.0,0.0,0.0,0.0,0.0,0.0,0.0,3.4857640793406848,0.0,0.0,0.0,0.0,0.0,0.0,0.0,0.0,0.0,0.0,0.0,0.0,0.0,0.0,0.0,0.0,0.0,0.0,0.8581933491752458,0.0,0.0,0.0,DDoS-SynonymousIP_Flood,1
0.0,0.0,0.0,0.0,0.05029695075189335,0.0,0.0,0.0,0.0,0.6931471805599453,0.6931471805599453,0.0,0.0,0.0,0.0,0.0,0.6931471805599453,35.00278878114653,0.0,0.0,0.0,0.0,0.0,0.0,0.0,0.0,0.0,0.0,0.0,0.0,0.0,0.0,0.0,0.6874902314156349,0.0,0.0,0.0,DDoS-PSHACK_Flood,1
0.0,-0.003573429594906621,-0.01484667116878494,-0.009894947771454277,-0.35848019643806456,0.0,0.0,0.0,0.0,0.0,0.0,0.0,0.0,0.0,0.0,0.0,0.0,0.0,0.0,0.0,0.0,0.0,0.0,0.0,0.0,0.0,0.0,0.0,0.0026907170723772305,0.0,0.018996552073432857,0.06380819767080256,0.013904869652008049,-0.6421933479704214,0.0014870169354722202,0.02819918908728494,0.22978831136061822,DoS-TCP_Flood,1
0.0,-1.4513389403258232,3.320506119786125,0.0,-0.49896975795536763,0.0,0.0,0.0,0.0,0.0,0.0,0.0,0.0,0.0,0.0,0.0,0.0,0.0,0.0,0.0,0.0,0.0,-1.0,0.0,0.0,0.0,0.0,0.0,30.47961086516102,31.491700297248286,20.726027714761642,0.0,30.325058296590445,2.004782610962733,31.65802788915891,0.0,0.0,Mirai-greeth_flood,1
0.0,0.0,0.0,0.0,0.5556334835097697,0.0,0.0,0.0,0.0,0.0,0.0,0.0,0.0,0.0,0.0,0.0,0.0,0.0,0.0,0.0,0.0,0.0,0.0,0.0,0.0,0.0,0.0,0.0,0.0,0.0,0.0,0.0,0.0,-0.19215002591582567,0.0,0.0,0.0,DDoS-TCP_Flood,1
0.3293123439671829,0.006137527852991424,0.0,-0.0007695267790284177,-0.6671647514147667,0.0,0.6931471805599453,0.0,0.6931471805599453,0.0,0.0,0.0,0.0,0.688134638736401,0.09958532450472099,0.688134638736401,0.0,1.0,0.0,0.0,0.0,0.0,0.0,0.0,0.0,0.0,0.0,0.0,0.08938567293292446,0.048071589265023945,0.6119177193912081,1.9157983314058216,0.04629072844945693,0.7971524353430567,0.16314897575717027,1.758086536903936,2.018542090483177,DDoS-RSTFINFlood,1
0.04867695881357034,1.8047361875229146,1.6288918283450677,0.0,2.0698927373121556,0.0,0.0,0.0,0.0,0.0,0.0,0.0,0.0,0.0,0.0,0.0,0.0,0.0,0.0,0.0,0.0,0.0,-1.0,1.0,0.0,0.0,0.0,0.0,-0.9784901618675309,-1.0,-0.6581425429281335,0.0,-0.9629539850295165,-0.34809535851413337,-0.9782642144148311,0.0,0.0,DoS-UDP_Flood,1
0.0,0.0,0.0,0.0,0.21297813035233173,0.0,0.6931471805599453,0.0,0.6931471805599453,0.0,0.0,0.0,0.0,0.6931471805599453,0.0,0.6931471805599453,0.0,0.0,0.0,0.0,0.0,0.0,0.0,0.0,0.0,0.0,0.0,0.0,0.0,0.0,0.0,0.0,0.0,0.7971536415295045,0.0,0.0,0.0,DDoS-RSTFINFlood,1
0.0,0.0,0.0,0.0,-0.12166307744911241,0.0,0.0,1.0,0.0,0.0,0.0,0.0,0.0,0.0,3.4857640793406848,0.0,0.0,0.0,0.0,0.0,0.0,0.0,0.0,0.0,0.0,0.0,0.0,0.0,0.0,0.0,0.0,0.0,0.0,-0.12766041116142246,0.0,0.0,0.0,DDoS-SYN_Flood,1
0.7071077409848859,2.283972600380361,1.6288918283450677,0.0,1.6799269462227269,0.0,0.0,0.0,0.0,0.0,0.0,0.0,0.0,0.0,0.0,0.0,0.0,0.0,0.0,0.0,0.0,0.0,-1.0,1.0,0.0,0.0,0.0,0.0,-0.9784901618675309,-1.0,-0.6581425429281335,0.0,-0.9629539850295165,1.316682600741293,-0.9782642144148311,0.0,0.0,DDoS-UDP_Flood,1
0.0,0.0,0.0,0.0,-0.7804506568568762,0.0,0.0,1.0,0.0,0.0,0.0,0.0,0.0,0.0,3.4857640793406848,0.0,0.0,0.0,0.0,0.0,0.0,0.0,0.0,0.0,0.0,0.0,0.0,0.0,0.0,0.0,0.0,0.0,0.0,-0.1263732298372239,0.0,0.0,0.0,DDoS-SYN_Flood,1
14.583377784407459,0.31320746528622423,0.0,0.0,-0.6650218706639414,0.0,0.0,1.0,0.0,0.0,0.0,0.0,0.0,0.0,6.154237599699932,0.0,0.0,0.0,0.0,0.0,0.0,0.0,0.0,0.0,0.0,0.0,0.0,0.0,0.0,0.0,0.0,0.0,0.0,0.8624038737815654,0.0,0.0,0.0,DDoS-SynonymousIP_Flood,1
0.0,-1.4513389403258232,-2.1606122929018636,0.0,-0.18129470080025434,0.0,0.0,0.0,0.0,0.0,0.0,0.0,0.0,0.0,0.0,0.0,0.0,0.0,0.0,0.0,0.0,0.0,-1.0,0.0,0.0,0.0,1.0,0.0,-3.1946884019211876,-3.2597145763975988,-2.1453568405302192,0.0,-3.13895514140087,0.02787507130506613,-3.1816908209099646,0.0,0.0,DDoS-ICMP_Flood,1
0.12846332734824956,2.419096666960192,1.6288918283450677,0.028961162899088677,1.3150547882072425,0.0,0.0,0.0,0.0,0.0,0.0,0.0,0.0,0.0,0.0,0.0,0.0,0.0,0.0,0.0,0.0,0.0,-1.0,0.0,0.0,0.0,0.0,0.0,36.17387330218439,25.341760111608043,28.700524806643116,15.389529656171756,36.00884964631909,0.8920682413501831,37.5821905194681,10.115444939080296,7.74944564203287,DDoS-UDP_Fragmentation,1
0.40186949651538073,2.0654029026926355,1.61252579983993,-0.009894947771454277,1.6745389031919669,0.0,0.0,0.0,0.0,0.0,0.0,0.0,0.0,0.0,0.0,0.0,0.0,0.0,0.0,0.0,0.0,0.0,-1.0,1.0,0.0,0.0,0.0,0.0,-0.9688076025867943,-1.0,-0.5900465101697425,0.211694429190382,-0.9379724262366933,-0.41033613616073816,-0.9727058531260219,0.15078476007415176,0.4551144305781266,DoS-UDP_Flood,1
4.264811666089915,2.302681678471373,1.6288918283450677,0.0,1.5564686051381786,0.0,0.0,0.0,0.0,0.0,0.0,0.0,0.0,0.0,0.0,0.0,0.0,0.0,0.0,0.0,0.0,0.0,-1.0,1.0,0.0,0.0,0.0,0.0,-0.9784901618675309,-1.0,-0.6581425429281335,0.0,-0.9629539850295165,-0.06473647028966312,-0.9782642144148311,0.0,0.0,DDoS-UDP_Flood,1
0.448615642881692,-0.535725687108283,-2.043922934028792,-0.019888784853788977,-0.395754807383943,0.0,0.0,0.0,0.0,0.0,0.0,0.0,0.0,0.0,0.0,0.0,0.0,0.0,0.0,0.0,0.0,0.0,-1.0,0.0,0.0,0.0,1.0,0.0,-2.9269248316168373,-3.2597145763975988,-0.8534389072296445,2.645571527209199,-2.930100560204063,0.09105016100562542,-2.956860113466453,2.3677036702815397,2.496137504247569,DDoS-ICMP_Flood,1
0.0,0.0,0.0,0.0,0.1426347835441195,0.0,0.0,0.0,0.0,0.6931471805599453,0.6931471805599453,0.0,0.0,0.0,0.0,0.0,0.6931471805599453,35.00278878114653,0.0,0.0,0.0,0.0,0.0,0.0,0.0,0.0,0.0,0.0,0.0,0.0,0.0,0.0,0.0,0.6865061850499129,0.0,0.0,0.0,DDoS-PSHACK_Flood,1
0.0,0.0,0.0,0.0,0.36101112923279965,0.0,0.0,0.0,0.0,0.0,0.0,0.0,0.0,0.0,0.0,0.0,0.0,0.0,0.0,0.0,0.0,0.0,0.0,0.0,0.0,0.0,0.0,0.0,0.0,0.0,0.0,0.0,0.0,-0.1760979112804192,0.0,0.0,0.0,DDoS-TCP_Flood,1
0.0,-1.4513389403258232,-2.1606122929018636,0.0,0.30787996092689346,0.0,0.0,0.0,0.0,0.0,0.0,0.0,0.0,0.0,0.0,0.0,0.0,0.0,0.0,0.0,0.0,0.0,-1.0,0.0,0.0,0.0,1.0,0.0,-3.1946884019211876,-3.2597145763975988,-2.1453568405302192,0.0,-3.13895514140087,0.012576296582382114,-3.1816908209099646,0.0,0.0,DDoS-ICMP_Flood,1
0.33605281625078054,2.323586849662885,1.6288918283450677,0.0,1.9239014791641225,0.0,0.0,0.0,0.0,0.0,0.0,0.0,0.0,0.0,0.0,0.0,0.0,0.0,0.0,0.0,0.0,0.0,-1.0,1.0,0.0,0.0,0.0,0.0,-0.9784901618675309,-1.0,-0.6581425429281335,0.0,-0.9629539850295165,-0.08066766260933425,-0.9782642144148311,0.0,0.0,DDoS-UDP_Flood,1
40.471946453991244,1.6442107271358097,0.7156443877867184,0.39836302483634345,-0.012873155121561232,0.0,0.0,0.0,0.0,0.0,0.6931471805599453,0.0,0.0,0.23111172096338664,2.6979685876142216,0.0,2.2375130962503307,147.09633987844313,0.0,0.0,0.0,0.0,0.0,0.0,0.0,0.0,0.0,0.0,12.285620238765112,1.4102847987133262,15.98995341146352,11.094730907091744,11.598046469234259,0.4256250300513035,12.049462148229898,7.448080344755937,7.629816432753194,VulnerabilityScan,1
0.0,0.0,0.0,0.0,-0.5251836243032345,0.0,0.0,0.0,0.0,0.6931471805599453,0.6931471805599453,0.0,0.0,0.0,0.0,0.0,0.6931471805599453,35.00278878114653,0.0,0.6931471805599453,0.0,0.0,0.0,0.0,0.0,0.0,0.0,0.0,0.0,0.0,0.0,0.0,0.0,0.75314179693549,0.0,0.0,0.0,DDoS-PSHACK_Flood,1
0.0,0.41919556626998483,0.0,0.0,0.26790934591606097,0.0,0.0,0.0,0.0,0.0,0.0,0.0,0.0,0.0,0.0,0.0,0.0,0.0,0.0,0.0,0.0,0.0,0.0,0.0,0.0,0.0,0.0,0.0,14.88819781360944,15.328967106518013,10.088645391945477,0.0,14.761089961607897,-0.2195034267311214,15.224994008966831,0.0,0.0,DDoS-TCP_Flood,1
0.0,0.0,0.0,0.0,0.028055433000789415,0.0,0.6931471805599453,0.0,0.6931471805599453,0.0,0.0,0.0,0.0,0.6931471805599453,0.0,0.6931471805599453,0.0,0.0,0.0,0.0,0.0,0.0,0.0,0.0,0.0,0.0,0.0,0.0,0.0,0.0,0.0,0.0,0.0,0.8156716723136221,0.0,0.0,0.0,DDoS-RSTFINFlood,1
0.37215727873623444,2.3434936548876437,1.6288918283450677,0.0,1.9102033718513587,0.0,0.0,0.0,0.0,0.0,0.0,0.0,0.0,0.0,0.0,0.0,0.0,0.0,0.0,0.0,0.0,0.0,-1.0,1.0,0.0,0.0,0.0,0.0,-0.9784901618675309,-1.0,-0.6581425429281335,0.0,-0.9629539850295165,-0.40776464150384906,-0.9782642144148311,0.0,0.0,DoS-UDP_Flood,1
0.07522675102042842,1.9326567821524372,1.6288918283450677,0.0,2.0459973967773126,0.0,0.0,0.0,0.0,0.0,0.0,0.0,0.0,0.0,0.0,0.0,0.0,0.0,0.0,0.0,0.0,0.0,-1.0,1.0,0.0,0.0,0.0,0.0,-0.9784901618675309,-1.0,-0.6581425429281335,0.0,-0.9629539850295165,-0.39366631902993515,-0.9782642144148311,0.0,0.0,DoS-UDP_Flood,1
0.4816059293279137,2.6934149388228286,1.6183197951558497,0.006287882077484319,2.0361034771042035,0.0,0.0,0.0,0.0,0.0,0.0,0.0,0.0,0.0,0.05003916460788235,0.0,0.0,0.5024752879678589,0.0,0.0,0.0,0.0,-1.0,1.0,0.0,0.0,0.0,0.0,29.57063824225349,30.16662381063457,20.148782997694873,4.306319379168918,29.282707009673697,2.395627783644295,30.719049309871966,5.128619817711735,0.4551144305781266,Mirai-udpplain,1
0.5071583482536005,2.195428916420482,1.613492818452487,0.028961162899088677,1.9928976169389918,0.0,0.0,0.0,0.0,0.0,0.0,0.0,0.0,0.0,0.0,0.0,0.0,0.0,0.0,0.0,0.0,0.0,-1.0,1.0,0.0,0.0,0.0,0.0,-0.8553456409522451,-1.0,0.17415816769491466,1.991451948029465,-0.7669206567364227,-0.07777423320507482,-0.8979113439395073,2.185821890725598,1.1059727047904317,DDoS-UDP_Flood,1
0.0,0.0,0.0,0.0,0.07259759364206354,0.0,0.6931471805599453,0.0,0.6931471805599453,0.0,0.0,0.0,0.0,0.6931471805599453,0.0,0.6931471805599453,0.0,0.0,0.0,0.0,0.0,0.0,0.0,0.0,0.0,0.0,0.0,0.0,0.0,0.0,0.0,0.0,0.0,0.7957318030877427,0.0,0.0,0.0,DDoS-RSTFINFlood,1
0.32051754358502427,2.283178708842658,1.6288918283450677,0.0,1.9062318318735831,0.0,0.0,0.0,0.0,0.0,0.0,0.0,0.0,0.0,0.0,0.0,0.0,0.0,0.0,0.0,0.0,0.0,-1.0,1.0,0.0,0.0,0.0,0.0,-0.9784901618675309,-1.0,-0.6581425429281335,0.0,-0.9629539850295165,-0.40671468468510585,-0.9782642144148311,0.0,0.0,DoS-UDP_Flood,1
0.0,-1.4513389403258232,-2.1606122929018636,0.0,0.04344470092180923,0.0,0.0,0.0,0.0,0.0,0.0,0.0,0.0,0.0,0.0,0.0,0.0,0.0,0.0,0.0,0.0,0.0,-1.0,0.0,0.0,0.0,1.0,0.0,-3.1946884019211876,-3.2597145763975988,-2.1453568405302192,0.0,-3.13895514140087,0.09008432930600478,-3.1816908209099646,0.0,0.0,DDoS-ICMP_Flood,1
0.0,0.00026330118844040116,0.0,0.028961162899088677,2.9441319499841003,0.0,0.6931471805599453,0.0,0.6931471805599453,0.0,0.0,0.0,0.0,0.688134638736401,0.05003916460788235,0.688134638736401,0.0,0.0,0.0,0.0,0.0,0.0,0.0,0.0,0.0,0.0,0.0,0.0,0.0008969688479722053,0.0,0.006336785346012427,0.021196081730384876,0.009271597417287197,0.8124705039369653,0.0,0.0,0.0,DDoS-RSTFINFlood,1
0.0,0.0,0.0,0.0,0.10778856080570458,0.0,0.0,0.0,0.0,0.0,0.0,0.0,0.0,0.0,0.0,0.0,0.0,0.0,0.0,0.0,0.0,0.0,0.0,0.0,0.0,0.0,0.0,0.0,0.0,0.0,0.0,0.0,0.0,-0.32868039569698254,0.0,0.0,0.0,DDoS-TCP_Flood,1
0.19799162417515212,2.0760434930656366,1.6288918283450677,0.0,1.8933791570013383,0.0,0.0,0.0,0.0,0.0,0.0,0.0,0.0,0.0,0.0,0.0,0.0,0.0,0.0,0.0,0.0,0.0,-1.0,1.0,0.0,0.0,0.0,0.0,-0.9784901618675309,-1.0,-0.6581425429281335,0.0,-0.9629539850295165,-0.0026146826005646845,-0.9782642144148311,0.0,0.0,DDoS-UDP_Flood,1
0.0,0.0,0.0,0.0,-0.5966009728965956,0.0,0.0,1.0,0.0,0.0,0.0,0.0,0.0,0.0,3.4857640793406848,0.0,0.0,0.0,0.0,0.0,0.0,0.0,0.0,0.0,0.0,0.0,0.0,0.0,0.0,0.0,0.0,0.0,0.0,-0.12958096903555283,0.0,0.0,0.0,DDoS-SYN_Flood,1
0.0,0.0021010690906206955,0.02689133735382879,0.009797996326253333,0.1481150074744741,0.0,0.0,1.0,0.0,0.0,0.0,0.0,0.0,0.0,3.460556535077735,0.0,0.0,0.0,0.0,0.0,0.0,0.0,0.0,0.0,0.0,0.0,0.0,0.0,0.05013323471816194,0.0,0.34795060507221764,1.0376569257444728,0.07398472779225683,-0.12595119577625824,0.03141059767293548,1.293392378029899,0.7851062563167518,DDoS-SYN_Flood,1
0.0,0.002035594848600486,0.02689133735382879,0.0,0.6269811414470964,0.0,0.0,0.0,0.0,0.0,0.0,0.0,0.0,0.0,0.0,0.0,0.0,0.0,0.0,0.0,0.0,0.0,0.0,0.0,0.0,0.0,0.0,0.0,0.0969546091029253,0.0,0.6620027696953231,1.8938244664086477,0.07167919010437501,-0.17619179537638785,0.08289335116226954,1.9204321523039198,1.520442853797087,DDoS-TCP_Flood,1
0.06797768389914129,-0.7976190019893298,3.2907883079718525,0.025817683025941562,-0.11826312851756356,0.0,0.0,0.0,0.0,0.0,0.0,0.0,0.0,0.0,0.1972368306618384,0.0,0.019802627296179712,1.9805812918999735,0.0,0.0,0.0,0.0,-1.0,0.0,0.0,0.0,0.0,0.0,29.941533916346014,28.380318291886603,20.51777980578307,8.50407180887475,29.80355594941685,1.8968939319553615,31.057105349041695,6.740171885994741,2.402178039260594,Mirai-greip_flood,1
0.6918312180365229,2.441965533769983,1.6288918283450677,0.0,1.828844049527049,0.0,0.0,0.0,0.0,0.0,0.0,0.0,0.0,0.0,0.0,0.0,0.0,0.0,0.0,0.0,0.0,0.0,-1.0,1.0,0.0,0.0,0.0,0.0,-0.9784901618675309,-1.0,-0.6581425429281335,0.0,-0.9629539850295165,-0.3484026998012489,-0.9782642144148311,0.0,0.0,DoS-UDP_Flood,1
0.0,-1.4513389403258232,3.320506119786125,0.0,-0.3901392825544884,0.0,0.0,0.0,0.0,0.0,0.0,0.0,0.0,0.0,0.0,0.0,0.0,0.0,0.0,0.0,0.0,0.0,-1.0,0.0,0.0,0.0,0.0,0.0,30.47961086516102,31.491700297248286,20.726027714761642,0.0,30.325058296590445,2.065456645288816,31.65802788915891,0.0,0.0,Mirai-greeth_flood,1
5.08119227066671,0.24773012864635294,0.0,0.0,-0.4750873460472148,0.0,0.0,1.0,0.0,0.0,0.0,0.0,0.0,0.0,5.52480535211579,0.0,0.0,0.0,0.0,0.0,0.0,0.0,0.0,0.0,0.0,0.0,0.0,0.0,0.0,0.0,0.0,0.0,0.0,0.873819052999876,0.0,0.0,0.0,DDoS-SynonymousIP_Flood,1
1.6850310956620314,2.217344603023644,1.6288918283450677,0.0,2.48693203637473,0.0,0.0,0.0,0.0,0.0,0.0,0.0,0.0,0.0,0.0,0.0,0.0,0.0,0.0,0.0,0.0,0.0,-1.0,1.0,0.0,0.0,0.0,0.0,-0.9784901618675309,-1.0,-0.6581425429281335,0.0,-0.9629539850295165,-0.09487897561898626,-0.9782642144148311,0.0,0.0,DDoS-UDP_Flood,1
28.740789182813327,0.6867388253626716,0.05336981159237093,0.054051026807163005,-0.7063361301964209,0.0,0.0,1.0,0.0,0.0,0.0,0.0,0.0,0.0,5.319515846313001,0.0,0.09531017980432487,10.041640221321902,0.0,0.0,0.0,0.0,0.0,0.0,0.0,0.0,0.0,0.0,1.3446207126537781,-0.15501225454587056,3.199204907252044,5.5592966572638565,1.0436014694937132,-0.5207424559720506,1.0354662466611702,4.990432057350384,1.722255427937173,DoS-SYN_Flood,1
0.9596138111963549,0.1349779477828374,0.0,0.0,-0.30722922547166454,0.0,0.0,1.0,0.0,0.0,0.0,0.0,0.0,0.0,4.0105795917443,0.1988508587451652,0.0,10.041640221321902,0.0,0.0,0.0,0.0,0.0,0.0,0.0,0.0,0.0,0.0,0.2724445439994435,0.17224718915012516,0.6942580551020857,1.8860887185131163,0.24799715968556535,-0.5514146779821983,0.28501332350862024,1.6723454312195465,2.496137504247569,DoS-SYN_Flood,1
0.0,0.0,0.0,0.0,0.11782082471794535,0.0,0.0,0.0,0.0,0.0,0.0,0.0,0.0,0.0,0.0,0.0,0.0,0.0,0.6931471805599453,0.0,0.0,0.0,0.0,0.0,0.0,0.0,0.0,0.0,0.0,0.0,0.0,0.0,0.0,-0.1896654012925238,0.0,0.0,0.0,DDoS-TCP_Flood,1
0.6145932012896913,2.186473085362291,1.6288918283450677,0.0,2.31834382081087,0.0,0.0,0.0,0.0,0.0,0.0,0.0,0.0,0.0,0.0,0.0,0.0,0.0,0.0,0.0,0.0,0.0,-1.0,1.0,0.0,0.0,0.0,0.0,-0.9784901618675309,-1.0,-0.6581425429281335,0.0,-0.9629539850295165,-0.002519747707020362,-0.9782642144148311,0.0,0.0,DDoS-UDP_Flood,1
0.0,0.0,0.0,0.0,0.39800051110852275,0.0,0.6931471805599453,0.0,0.6931471805599453,0.0,0.0,0.0,0.0,0.6931471805599453,0.0,0.6931471805599453,0.0,0.0,0.0,0.0,0.0,0.0,0.0,0.0,0.0,0.0,0.0,0.0,0.0,0.0,0.0,0.0,0.0,0.8130778574927856,0.0,0.0,0.0,DDoS-RSTFINFlood,1
0.6782847201892347,1.6590322602020982,1.5664532394411952,0.11990045047023834,2.6112691392668688,0.0,0.0,0.0,0.0,0.0,0.0,0.0,0.0,0.0,0.0,0.0,0.0,0.0,0.0,0.0,0.0,0.0,-1.0,1.0,0.0,0.0,0.0,0.0,-0.8937757389183361,-1.0,-0.4038199071136145,0.8815478917659746,-0.5908446323181484,-0.080237771805248,-0.9399726811273312,1.009497270378628,0.5661576753335154,DDoS-UDP_Flood,1
0.0,0.0013145958852557836,0.0,0.0,1.258270274236734,0.0,0.0,0.0,0.0,0.0,0.0,0.0,0.0,0.0,0.05003916460788235,0.0,0.0,0.0,0.0,0.0,0.0,0.0,0.0,0.0,0.0,0.0,0.0,0.0,0.08938567293292446,0.048071589265023945,0.6119177193912081,1.9157983314058216,0.04629072844945693,-0.20318916318962285,0.16314897575717027,1.758086536903936,2.018542090483177,DDoS-TCP_Flood,1
0.0,0.0,0.0,0.0,-0.028595709780362924,0.0,0.0,0.0,0.0,0.6931471805599453,0.6931471805599453,0.0,0.0,0.0,0.0,0.0,0.6931471805599453,35.00278878114653,0.0,0.0,0.0,0.0,0.0,0.0,0.0,0.0,0.0,0.0,0.0,0.0,0.0,0.0,0.0,0.7502970403090543,0.0,0.0,0.0,DDoS-PSHACK_Flood,1
0.0,0.0,0.0,0.0,-0.11750868679109298,0.0,0.6931471805599453,0.0,0.6931471805599453,0.0,0.0,0.0,0.0,0.6931471805599453,0.0,0.6931471805599453,0.0,0.0,0.0,0.0,0.0,0.0,0.0,0.0,0.0,0.0,0.0,0.0,0.0,0.0,0.0,0.0,0.0,0.8116578878667415,0.0,0.0,0.0,DDoS-RSTFINFlood,1
0.0,0.0,0.0,0.0,-0.44712065395321,0.0,0.0,0.0,0.0,0.6931471805599453,0.6931471805599453,0.0,0.0,0.0,0.0,0.0,0.6931471805599453,35.00278878114653,0.0,0.0,0.0,0.0,0.0,0.0,0.0,0.0,0.0,0.0,0.0,0.0,0.0,0.0,0.0,0.7500358507076026,0.0,0.0,0.0,DDoS-PSHACK_Flood,1
0.13623821486696125,0.010577448971311115,0.02689133735382879,0.0,-0.40321294840064376,0.0,0.6931471805599453,0.0,0.6931471805599453,0.0,0.0,0.0,0.0,0.688134638736401,0.0,0.688134638736401,0.0,0.0,0.0,0.0,0.0,0.0,0.0,0.0,0.0,0.0,0.0,0.0,0.014119927641600994,0.0,0.09927317203889363,0.3215984592958503,0.048600860089820376,0.7980239395682406,0.007921004480474008,0.4105628592105132,0.34299828761799184,DDoS-RSTFINFlood,1
0.21741358259937363,0.003538515847245673,0.0,0.028961162899088677,-0.5532301957160624,0.0,0.0,0.0,0.0,0.6931471805599453,0.6931471805599453,0.0,0.0,0.0,0.0,0.009950330853168083,0.6931471805599453,35.25465139697232,0.0,0.0,0.0,0.0,0.0,0.0,0.0,0.0,0.0,0.0,0.0,0.0,0.0,0.0,0.0,0.6876049818698432,0.0,0.0,0.0,DDoS-PSHACK_Flood,1
0.0,0.0,0.0,0.0,0.04123045637539926,0.0,0.0,0.0,0.0,0.0,0.0,0.0,0.0,0.0,0.0,0.0,0.0,0.0,0.0,0.0,0.0,0.0,0.0,0.0,0.0,0.0,0.0,0.0,0.0,0.0,0.0,0.0,0.0,-0.204086179748395,0.0,0.0,0.0,DDoS-TCP_Flood,1
0.022358175007833023,1.5593400830681756,1.6288918283450677,0.0,2.101722438811326,0.0,0.0,0.0,0.0,0.0,0.0,0.0,0.0,0.0,0.0,0.0,0.0,0.0,0.0,0.0,0.0,0.0,-1.0,1.0,0.0,0.0,0.0,0.0,-0.9784901618675309,-1.0,-0.6581425429281335,0.0,-0.9629539850295165,-0.3937313016265576,-0.9782642144148311,0.0,0.0,DoS-UDP_Flood,1
0.3819240024494077,2.140467843796203,1.6288918283450677,0.0,1.705195930858034,0.0,0.0,0.0,0.0,0.0,0.0,0.0,0.0,0.0,0.0,0.0,0.0,0.0,0.0,0.0,0.0,0.0,-1.0,1.0,0.0,0.0,0.0,0.0,-0.9784901618675309,-1.0,-0.6581425429281335,0.0,-0.9629539850295165,-0.0029817173770315115,-0.9782642144148311,0.0,0.0,DDoS-UDP_Flood,1
0.0,0.0,0.0,0.0,-0.6866295551625178,0.0,0.0,0.0,0.0,0.6931471805599453,0.6931471805599453,0.0,0.0,0.0,0.0,0.0,0.6931471805599453,35.00278878114653,0.6931471805599453,0.0,0.0,0.0,0.0,0.0,0.0,0.0,0.0,0.0,0.0,0.0,0.0,0.0,0.0,0.7493179143860791,0.0,0.0,0.0,DDoS-PSHACK_Flood,1
0.0,0.0,0.0,0.0,0.2087250171434254,0.0,0.0,1.0,0.0,0.0,0.0,0.0,0.0,0.0,3.4857640793406848,0.0,0.0,0.0,0.0,0.6931471805599453,0.0,0.0,0.0,0.0,0.0,0.0,0.0,0.0,0.0,0.0,0.0,0.0,0.0,0.8744708374124157,0.0,0.0,0.0,DDoS-SynonymousIP_Flood,1
0.0,0.0,0.0,0.0,-0.07407669055949977,0.0,0.0,1.0,0.0,0.0,0.0,0.0,0.0,0.0,3.4857640793406848,0.0,0.0,0.0,0.0,0.0,0.0,0.0,0.0,0.0,0.0,0.0,0.0,0.0,0.0,0.0,0.0,0.0,0.0,-0.1254162862359906,0.0,0.0,0.0,DDoS-SYN_Flood,1
0.0,0.0,0.0,0.0,-0.30796329662785543,0.0,0.0,0.0,0.0,0.6931471805599453,0.6931471805599453,0.0,0.0,0.0,0.0,0.0,0.6931471805599453,35.00278878114653,0.0,0.0,0.0,0.0,0.0,0.0,0.0,0.0,0.0,0.0,0.0,0.0,0.0,0.0,0.0,0.689964815690158,0.0,0.0,0.0,DDoS-PSHACK_Flood,1
0.3881306521816634,2.283605942530102,1.5979550768727953,0.057107130473696976,1.852450009944306,0.0,0.0,0.0,0.0,0.0,0.0,0.0,0.0,0.0,0.0,0.0,0.0,0.0,0.0,0.0,0.0,0.0,-1.0,1.0,0.0,0.0,0.0,0.0,-0.8964220727489519,-1.0,-0.35581462235927797,1.1173498772682187,-0.8633200275928014,-0.40692776389009044,-0.9242755611150608,1.2506973959613263,1.0,DoS-UDP_Flood,1
0.0,-1.4513389403258232,-2.1606122929018636,0.0,-0.6407262770342957,0.0,0.0,0.0,0.0,0.0,0.0,0.0,0.0,0.0,0.0,0.0,0.0,0.0,0.0,0.0,0.0,0.0,-1.0,0.0,0.0,0.0,1.0,0.0,-3.1946884019211876,-3.2597145763975988,-2.1453568405302192,0.0,-3.13895514140087,0.09065044054246835,-3.1816908209099646,0.0,0.0,DDoS-ICMP_Flood,1
0.0,-1.4513389403258232,-2.1606122929018636,0.0,-0.4020755533628457,0.0,0.0,0.0,0.0,0.0,0.0,0.0,0.0,0.0,0.0,0.0,0.0,0.0,0.0,0.0,0.0,0.0,-1.0,0.0,0.0,0.0,1.0,0.0,-3.1946884019211876,-3.2597145763975988,-2.1453568405302192,0.0,-3.13895514140087,0.01623355291984468,-3.1816908209099646,0.0,0.0,DDoS-ICMP_Flood,1
0.0,-1.4513389403258232,-2.1606122929018636,0.0,-0.06176837147079041,0.0,0.0,0.0,0.0,0.0,0.0,0.0,0.0,0.0,0.0,0.0,0.0,0.0,0.0,0.0,0.0,0.0,-1.0,0.0,0.0,0.0,1.0,0.0,-3.1946884019211876,-3.2597145763975988,-2.1453568405302192,0.0,-3.13895514140087,0.016422781097547537,-3.1816908209099646,0.0,0.0,DDoS-ICMP_Flood,1
0.0,0.0,0.0,0.0,-0.2439855741383581,0.0,0.0,1.0,0.0,0.0,0.0,0.0,0.0,0.0,3.4857640793406848,0.0,0.0,0.0,0.0,0.0,0.0,0.0,0.0,0.0,0.0,0.0,0.0,0.0,0.0,0.0,0.0,0.0,0.0,-0.5206273109383492,0.0,0.0,0.0,DoS-SYN_Flood,1
0.0,-1.4513389403258232,-2.1606122929018636,0.0,-0.09766766276881561,0.0,0.0,0.0,0.0,0.0,0.0,0.0,0.0,0.0,0.0,0.0,0.0,0.0,0.0,0.0,0.0,0.0,-1.0,0.0,0.0,0.0,1.0,0.0,-3.1946884019211876,-3.2597145763975988,-2.1453568405302192,0.0,-3.13895514140087,-0.0013232455684136562,-3.1816908209099646,0.0,0.0,DDoS-ICMP_Flood,1
0.0,-1.4513389403258232,-2.1606122929018636,0.0,-0.6409245837285215,0.0,0.0,0.0,0.0,0.0,0.0,0.0,0.0,0.0,0.0,0.0,0.0,0.0,0.0,0.0,0.0,0.0,-1.0,0.0,0.0,0.0,1.0,0.0,-3.1946884019211876,-3.2597145763975988,-2.1453568405302192,0.0,-3.13895514140087,0.013919318907994154,-3.1816908209099646,0.0,0.0,DDoS-ICMP_Flood,1
0.0,0.0,0.0,0.0,-0.1182222338602468,0.0,0.6931471805599453,0.0,0.6931471805599453,0.0,0.0,0.0,0.0,0.6931471805599453,0.0,0.6931471805599453,0.0,0.0,0.0,0.6931471805599453,0.0,0.0,0.0,0.0,0.0,0.0,0.0,0.0,0.0,0.0,0.0,0.0,0.0,0.8115002794290184,0.0,0.0,0.0,DDoS-RSTFINFlood,1
9.739377592383628,0.2736906700081253,0.0,0.0,-0.5516667552924619,0.0,0.0,1.0,0.0,0.0,0.0,0.0,0.0,0.0,5.770165942848559,0.0,0.0,0.0,0.0,0.0,0.0,0.0,0.0,0.0,0.0,0.0,0.0,0.0,0.0,0.0,0.0,0.0,0.0,0.8612653105521526,0.0,0.0,0.0,DDoS-SynonymousIP_Flood,1
0.0,0.0,0.0,0.0,-0.5245257258302319,0.0,0.0,0.0,0.0,0.0,0.0,0.0,0.0,0.0,0.0,0.0,0.0,0.0,0.6931471805599453,0.0,0.0,0.0,0.0,0.0,0.0,0.0,0.0,0.0,0.0,0.0,0.0,0.0,0.0,-0.7236637142472148,0.0,0.0,0.0,DoS-TCP_Flood,1
13.487513468390746,1.6280201427927354,1.5201368705722431,0.14310084364067333,0.4801102626244588,0.0,0.0,0.0,0.0,0.0,0.0,0.0,0.0,0.0,0.0,0.0,2.6602595372658615,170.21671537633412,0.0,0.0,0.0,0.0,-1.0,1.0,0.0,0.0,0.0,0.0,11.184794031903012,0.42648899911251437,9.142582379927855,8.2111517113478,5.431049506256665,302.90844385872555,6.3350490697314585,5.320840529062283,8.043231726932055,MITM-ArpSpoofing,1
0.0,-1.4513389403258232,-2.1606122929018636,0.0,-0.35723679323152474,0.0,0.0,0.0,0.0,0.0,0.0,0.0,0.0,0.0,0.0,0.0,0.0,0.0,0.0,0.0,0.0,0.0,-1.0,0.0,0.0,0.0,1.0,0.0,-3.1946884019211876,-3.2597145763975988,-2.1453568405302192,0.0,-3.13895514140087,0.09028083316153858,-3.1816908209099646,0.0,0.0,DDoS-ICMP_Flood,1
0.0,0.0,0.0,0.0,-0.26285444671983516,0.0,0.6931471805599453,0.0,0.6931471805599453,0.0,0.0,0.0,0.0,0.6931471805599453,0.0,0.6931471805599453,0.0,0.0,0.0,0.0,0.0,0.0,0.0,0.0,0.0,0.0,0.0,0.0,0.0,0.0,0.0,0.0,0.0,0.7982477175027579,0.0,0.0,0.0,DDoS-RSTFINFlood,1
0.0,-1.4513389403258232,3.0133745536241774,0.3786471616719256,0.16925618237757972,0.0,0.0,0.0,0.0,0.0,0.0,0.0,0.0,0.0,0.0,0.0,0.0,0.0,0.0,0.0,0.0,0.0,-1.0,0.0,0.0,0.0,0.0,0.0,27.78927178242375,28.608837578503667,19.10989838732359,4.191961089259583,27.9578475545394,1.9105268972818619,27.641614509733223,5.145922285823152,0.4551144305781266,Mirai-greip_flood,1
0.0,-1.4513389403258232,-2.1606122929018636,0.0,-0.16406305635148874,0.0,0.0,0.0,0.0,0.0,0.0,0.0,0.0,0.0,0.0,0.0,0.0,0.0,0.0,0.0,0.0,0.0,-1.0,0.0,0.0,0.0,1.0,0.0,-3.1946884019211876,-3.2597145763975988,-2.1453568405302192,0.0,-3.13895514140087,1.3015763672479934,-3.1816908209099646,0.0,0.0,DDoS-ICMP_Flood,1
0.0,-0.003573429594906621,-0.01484667116878494,-0.009894947771454277,-0.4009524330619415,0.0,0.6931471805599453,0.0,0.6931471805599453,0.0,0.0,0.0,0.0,0.688134638736401,0.0,0.688134638736401,0.0,0.0,0.0,0.0,0.0,0.0,0.0,0.0,0.0,0.0,0.0,0.0,0.020166536903952852,0.0,0.1414751180540097,0.5432503284910252,0.013904869652008049,0.8158167281898434,0.0185749558052656,0.28390049439414833,1.6217878693835461,DDoS-RSTFINFlood,1
0.20602665118284458,-0.6091743496113409,3.2553333004106904,0.09977571890229964,0.3574237634629803,0.0,0.0,0.0,0.0,0.0,0.0,0.0,0.0,0.0,0.1486480995258115,0.0,0.0,1.0,0.0,0.0,0.0,0.0,-1.0,0.0,0.0,0.0,0.0,0.0,30.009741560767946,29.149605435577314,20.726027714761642,8.842894296628629,29.770355295846073,2.0062934527610476,31.196313132219526,7.1376374604663,1.9206180450055654,Mirai-greeth_flood,1
0.3786579353210246,2.259544545559509,1.6288918283450677,0.0,1.8450339493201242,0.0,0.0,0.0,0.0,0.0,0.0,0.0,0.0,0.0,0.0,0.0,0.0,0.0,0.0,0.0,0.0,0.0,-1.0,1.0,0.0,0.0,0.0,0.0,-0.9784901618675309,-1.0,-0.6581425429281335,0.0,-0.9629539850295165,-0.3959473682871747,-0.9782642144148311,0.0,0.0,DoS-UDP_Flood,1
0.0,0.0,0.0,0.0,-0.12785363186030452,0.0,0.6931471805599453,0.0,0.6931471805599453,0.0,0.0,0.0,0.0,0.6931471805599453,0.0,0.6931471805599453,0.0,0.0,0.0,0.0,0.0,0.0,0.0,0.0,0.0,0.0,0.0,0.0,0.0,0.0,0.0,0.0,0.0,0.8150508698858391,0.0,0.0,0.0,DDoS-RSTFINFlood,1
14.25204063866344,0.39346848571166787,0.0,0.0,-0.6357529293346212,0.0,0.0,1.0,0.0,0.0,0.0,0.0,0.0,0.0,6.9715281586813695,0.0,0.0,0.0,0.0,0.6931471805599453,0.0,0.0,0.0,0.0,0.0,0.0,0.0,0.0,0.0,0.0,0.0,0.0,0.0,0.8630537310415124,0.0,0.0,0.0,DDoS-SynonymousIP_Flood,1
0.0,-1.4513389403258232,-2.1606122929018636,0.0,-0.5007481866758312,0.0,0.0,0.0,0.0,0.0,0.0,0.0,0.0,0.0,0.0,0.0,0.0,0.0,0.0,0.0,0.0,0.0,-1.0,0.0,0.0,0.0,1.0,0.0,-3.1946884019211876,-3.2597145763975988,-2.1453568405302192,0.0,-3.13895514140087,0.0010454158751799047,-3.1816908209099646,0.0,0.0,DDoS-ICMP_Flood,1
0.0,-1.4513389403258232,-2.1606122929018636,0.0,-0.10169047001610708,0.0,0.0,0.0,0.0,0.0,0.0,0.0,0.0,0.0,0.0,0.0,0.0,0.0,0.0,0.0,0.0,0.0,-1.0,0.0,0.0,0.0,1.0,0.0,-3.1946884019211876,-3.2597145763975988,-2.1453568405302192,0.0,-3.13895514140087,0.016480944600181582,-3.1816908209099646,0.0,0.0,DDoS-ICMP_Flood,1
0.9460110805086218,0.8805277244666465,1.6076825569763766,0.05215446193784956,0.002694366847235487,0.0,0.0,0.0,0.0,0.0,0.0,0.0,0.0,0.0,0.0,0.0,0.173953307123438,27.092029885250014,0.0,0.0,0.0,0.0,-1.0,1.0,0.0,0.0,0.0,0.0,15.54133926342927,14.388190048367584,14.151628700739803,9.043215401558763,15.283678231540026,-0.423220702399283,15.362754101555641,7.585926709887725,1.3150581908108256,DoS-UDP_Flood,1
0.0,-1.4513389403258232,-2.1692573117561817,-0.009894947771454277,-0.06755074183321169,0.0,0.0,0.0,0.0,0.0,0.0,0.0,0.0,0.0,0.0,0.0,0.0,0.0,0.0,0.0,0.0,0.0,-1.0,0.0,0.0,0.0,1.0,0.0,-3.1068102035293874,-3.2597145763975988,-1.5461603103407988,1.5640311590215912,-3.0856815734839125,0.011798161437024139,-3.0878564690752572,1.4275398858746957,1.8218605933779084,DDoS-ICMP_Flood,1
0.0,-1.4513389403258232,-2.1606122929018636,0.0,0.9933585243693485,0.0,0.0,0.0,0.0,0.0,0.0,0.0,0.0,0.0,0.0,0.0,0.0,0.0,0.0,0.0,0.0,0.0,-1.0,0.0,0.0,0.0,1.0,0.0,-3.1946884019211876,-3.2597145763975988,-2.1453568405302192,0.0,-3.13895514140087,0.011824838492818351,-3.1816908209099646,0.0,0.0,DDoS-ICMP_Flood,1
0.7041023992289884,0.4446846298297549,0.0,0.0,-0.27917335112133185,0.0,0.0,1.0,0.0,0.0,0.0,0.0,0.0,0.0,4.0105795917443,0.0,0.0,10.041640221321902,0.0,0.0,0.0,0.0,0.0,0.0,0.0,0.0,0.0,0.0,13.019822927498483,4.942450270453206,9.913570000320947,8.85922167652413,12.750906257258052,-0.12726807538644885,13.144986134911283,5.9665997650373646,6.7559896034365625,DDoS-SYN_Flood,1
0.0,0.0,0.0,0.0,-0.14002826276353383,0.0,0.0,0.0,0.0,0.0,0.0,0.0,0.0,0.0,0.0,0.0,0.0,0.0,0.6931471805599453,0.0,0.0,0.0,0.0,0.0,0.0,0.0,0.0,0.0,0.0,0.0,0.0,0.0,0.0,-0.2036386659105863,0.0,0.0,0.0,DDoS-TCP_Flood,1
0.0,-1.4513389403258232,-2.1606122929018636,0.0,-0.549831851477598,0.0,0.0,0.0,0.0,0.0,0.0,0.0,0.0,0.0,0.0,0.0,0.0,0.0,0.0,0.0,0.0,0.0,-1.0,0.0,0.0,0.0,1.0,0.0,-3.1946884019211876,-3.2597145763975988,-2.1453568405302192,0.0,-3.13895514140087,-0.0018131652008198408,-3.1816908209099646,0.0,0.0,DDoS-ICMP_Flood,1
0.0,0.0,0.0,0.0,0.43172220354934643,0.0,0.0,1.0,0.0,0.0,0.0,0.0,0.0,0.0,3.4857640793406848,0.0,0.0,0.0,0.0,0.0,0.0,0.0,0.0,0.0,0.0,0.0,0.0,0.0,0.0,0.0,0.0,0.0,0.0,-0.11279216301406259,0.0,0.0,0.0,DDoS-SYN_Flood,1
18.40118057003112,2.995236066215651,0.0,1.260207714944948,0.3397330332008987,0.0,0.0,0.0,0.0,0.0,0.6931471805599453,0.0,0.0,0.09531017980432487,5.52480535211579,0.0,4.237000862623624,269.7307168447761,0.0,0.6931471805599453,0.0,0.0,0.0,0.0,0.0,0.0,0.0,0.0,45.88856412036951,0.0,34.62993672024614,17.47186338126098,43.27175470637067,302.2843004666895,42.64743813509759,11.446047010227478,8.043231726932055,Recon-OSScan,1
0.7055629117345368,2.2343699964920356,1.6288918283450677,0.0,1.6583303913639968,0.0,0.0,0.0,0.0,0.0,0.0,0.0,0.0,0.0,0.0,0.0,0.0,0.0,0.0,0.0,0.0,0.0,-1.0,1.0,0.0,0.0,0.0,0.0,-0.9784901618675309,-1.0,-0.6581425429281335,0.0,-0.9629539850295165,-0.09290998772959415,-0.9782642144148311,0.0,0.0,DDoS-UDP_Flood,1
0.0,0.0,0.0,0.0,0.7590814048626471,0.0,0.0,0.0,0.0,0.6931471805599453,0.6931471805599453,0.0,0.0,0.0,0.0,0.30010459245033805,0.5007752879124893,25.288325656116243,0.0,0.0,0.0,0.0,0.0,0.0,0.0,0.0,0.0,0.0,0.0,0.0,0.0,0.0,0.0,0.6874946983276142,0.0,0.0,0.0,DDoS-PSHACK_Flood,1
0.0,0.0,0.0,0.0,-0.5561476154699276,0.0,0.0,0.0,0.0,0.6931471805599453,0.6931471805599453,0.0,0.0,0.0,0.0,0.0,0.6931471805599453,35.00278878114653,0.0,0.0,0.0,0.0,0.0,0.0,0.0,0.0,0.0,0.0,0.0,0.0,0.0,0.0,0.0,0.6890603355054505,0.0,0.0,0.0,DDoS-PSHACK_Flood,1
0.0,0.9427936795834462,-0.01484667116878494,-0.009894947771454277,-0.0076880225141259155,0.0,0.0,0.0,0.0,0.0,0.0,0.0,0.0,0.0,0.0,0.0,0.0,20.137535994241478,0.0,0.0,0.0,0.0,-1.0,0.0,0.0,0.0,0.0,0.0,36.29605427936357,25.590273929966877,28.835826179231276,15.374527167524539,36.07012632747209,0.7819426882499266,38.146187341600836,10.10580588562839,7.74944564203287,DDoS-ACK_Fragmentation,1
0.2564769282198335,-0.11110393304585613,-1.8106047549254167,0.038036580392065034,0.04333876563954682,0.0,0.0,0.0,0.0,0.0,0.0,0.0,0.0,0.019802627296179712,0.4793048438702919,0.0,0.07696104113612832,10.453873937437734,0.0,0.0,0.0,0.0,-1.0,0.0,0.0,0.0,1.0,0.0,35.83086270659739,24.047944919316667,28.76808750217229,15.411030971070973,35.28288465913592,0.5764145081534419,37.586489378938715,10.129308989790745,7.74944564203287,DDoS-ICMP_Fragmentation,1
2.3017704395649257,0.1016459271430566,0.0,0.0,-0.46507396237513876,0.0,0.0,1.0,0.0,0.0,0.0,0.0,0.0,0.0,3.4857640793406848,0.2851789422336624,0.0,0.0,0.0,0.0,0.0,0.0,0.0,0.0,0.0,0.0,0.0,0.0,0.0,0.0,0.0,0.0,0.0,-0.5519130146032808,0.0,0.0,0.0,DoS-SYN_Flood,1
48.23474096541965,2.777985337489726,1.2819476617784642,0.37389505388540645,-0.13232997221772505,0.0,0.0,0.0,0.0,0.0,0.0,0.0,0.0,0.04879016416943201,1.8337517669723167,0.0,2.247072383063787,140.45109374847277,0.0,0.0,0.0,0.0,-1.0,1.0,0.0,0.0,0.0,0.0,6.710720897024478,-0.8451010610901494,11.20753344387915,9.528985109758214,7.022364116739781,0.43004952265564816,5.5685667856991135,6.7107098361226045,7.74944564203287,VulnerabilityScan,1
5.117592168287415,3.569919831349412,1.6288918283450677,0.0,1.3712174890080695,0.0,0.0,0.0,0.0,0.0,0.0,0.0,0.0,0.0,0.0,0.0,0.0,0.0,0.0,0.0,0.0,0.0,-1.0,1.0,0.0,0.0,0.0,0.0,29.634727059736914,30.61461869346902,20.148782997694873,0.0,29.48046907103512,2.3950169152853507,30.75859664112244,0.0,0.0,Mirai-udpplain,1
0.0,0.0,0.0,0.0,-0.5419150138516774,0.0,0.6931471805599453,0.0,0.6931471805599453,0.0,0.0,0.0,0.0,0.6931471805599453,0.0,0.6931471805599453,0.0,0.0,0.0,0.0,0.0,0.0,0.0,0.0,0.0,0.0,0.0,0.0,0.0,0.0,0.0,0.0,0.0,0.8158339960083051,0.0,0.0,0.0,DDoS-RSTFINFlood,1
0.020609142076416107,1.4910982230626941,1.6288918283450677,0.0,2.0878388454705696,0.0,0.0,0.0,0.0,0.0,0.0,0.0,0.0,0.0,0.0,0.0,0.0,0.0,0.0,0.0,0.0,0.0,-1.0,1.0,0.0,0.0,0.0,0.0,-0.9784901618675309,-1.0,-0.6581425429281335,0.0,-0.9629539850295165,-0.3927625542692869,-0.9782642144148311,0.0,0.0,DoS-UDP_Flood,1
14.556693483061117,3.885220826400978,1.6288918283450677,-0.06351340572232544,0.9374839976464856,0.0,0.0,0.0,0.0,0.0,0.0,0.0,0.0,0.0,0.0,0.0,0.0,0.0,0.0,0.0,0.0,0.0,-1.0,1.0,0.0,0.0,0.0,0.0,32.183783312135496,41.815514987044246,27.520569367422777,0.0,40.26641679283573,-301.5982111907586,42.29561125453831,0.0,0.0,MITM-ArpSpoofing,1
10.858036760920731,0.08516227762973827,0.0,0.0,-0.7283542651528382,0.0,0.0,1.0,0.0,0.0,0.0,0.0,0.0,0.0,4.122586327594842,0.0,0.0,0.0,0.0,0.0,0.0,0.0,0.0,0.0,0.0,0.0,0.0,0.0,0.0,0.0,0.0,0.0,0.0,-0.1132716459608,0.0,0.0,0.0,DDoS-SYN_Flood,1
0.0,-1.4513389403258232,-2.1606122929018636,0.0,-0.34731606082753164,0.0,0.0,0.0,0.0,0.0,0.0,0.0,0.0,0.0,0.0,0.0,0.0,0.0,0.0,0.0,0.0,0.0,-1.0,0.0,0.0,0.0,1.0,0.0,-3.1946884019211876,-3.2597145763975988,-2.1453568405302192,0.0,-3.13895514140087,0.0905770768894903,-3.1816908209099646,0.0,0.0,DDoS-ICMP_Flood,1
0.0,-1.4513389403258232,-2.1606122929018636,0.0,0.02574744806657901,0.0,0.0,0.0,0.0,0.0,0.0,0.0,0.0,0.0,0.0,0.0,0.0,0.0,0.0,0.0,0.0,0.0,-1.0,0.0,0.0,0.0,1.0,0.0,-3.1946884019211876,-3.2597145763975988,-2.1453568405302192,0.0,-3.13895514140087,0.011889945020015193,-3.1816908209099646,0.0,0.0,DDoS-ICMP_Flood,1
0.8199393981727153,2.427884576561444,1.61252579983993,-0.009894947771454277,1.7476881797462909,0.0,0.0,0.0,0.0,0.0,0.0,0.0,0.0,0.0,0.0,0.0,0.0,0.0,0.0,0.0,0.0,0.0,-1.0,1.0,0.0,0.0,0.0,0.0,-0.9398040087561084,-1.0,-0.38889340156571434,0.9161732530182956,-0.9379724262366933,-0.06369893122680144,-0.9400068571722833,0.6811376143025809,1.722255427937173,DDoS-UDP_Flood,1
0.0,0.39346848571166787,1.6288918283450677,0.0,-0.2048128781201342,0.0,0.0,0.0,0.0,0.0,0.0,0.0,0.0,0.0,0.0,0.0,0.0,0.0,0.0,0.0,0.0,0.0,-1.0,1.0,0.0,0.0,0.0,0.0,13.978512102147018,14.388190048367584,9.469479986565906,0.0,13.855164944437597,-0.422363138870512,14.27917874687554,0.0,0.0,DoS-UDP_Flood,1
37.919542457933225,3.6403781476926937,0.25172345107654504,0.28806661389085964,0.14159311381002074,0.0,0.0,0.0,0.0,0.0,0.6931471805599453,0.0,0.0,0.26236426446749106,4.402639962826843,0.0,7.143064527195218,397.43039288469276,0.0,0.6931471805599453,0.0,0.0,0.0,0.0,0.0,0.0,0.0,0.0,0.7975023531105103,2.613770776601509,11.261249999729044,9.935030497848969,8.234337475064908,-301.59821117176716,8.94663294854492,6.567614196496129,7.448027902452049,BenignTraffic,0
14.486382928974326,0.2651472557655021,0.0,0.026417203427590685,-0.6643321537448016,0.0,0.0,0.0,0.0,0.0,0.0,0.0,0.0,0.0,0.0,0.0,0.04879016416943201,3.4166500970741085,0.0,0.0,0.0,0.0,0.0,0.0,0.0,0.0,0.0,0.0,0.010759459561732024,0.0,0.07573905317982567,0.24580008928667166,0.055528745286416076,-0.629037717720631,0.005921847425805109,0.36287624707043636,0.22978831136061822,DoS-TCP_Flood,1
0.0,0.010577448971311115,0.02689133735382879,0.009797996326253333,0.6611404161526016,0.0,0.0,0.0,0.0,0.6931471805599453,0.6931471805599453,0.0,0.0,0.0,0.0,0.0,0.688134638736401,34.74966369079495,0.0,0.0,0.0,0.0,0.0,0.0,0.0,0.0,0.0,0.0,0.39586469584932304,0.0,2.4594365663677955,4.180372709510049,0.3724626126634198,0.6899615866839522,0.2802987200031592,4.198785715367274,1.2109863674277355,DDoS-PSHACK_Flood,1
3.8348138773412748,1.373622440056889,0.0,0.6485520510692098,-0.04013849560200709,0.0,0.0,1.0,0.0,0.0,0.6931471805599453,0.0,0.0,0.0,4.27531937621205,0.0,0.8153648132841945,84.8790356643755,0.0,0.0,0.0,0.0,0.0,0.0,0.0,0.0,0.0,0.0,20.38925264364469,6.927962000930334,19.978138147476315,12.453032537235329,23.14083116989918,-0.5047713693969039,15.457365992493486,9.00080923158817,3.904400457399652,DoS-SYN_Flood,1
0.0,-1.4513389403258232,-2.1606122929018636,0.0,3.2722959913874923,0.0,0.0,0.0,0.0,0.0,0.0,0.0,0.0,0.0,0.0,0.0,0.0,0.0,0.0,0.0,0.0,0.0,-1.0,0.0,0.0,0.0,1.0,0.0,-3.1946884019211876,-3.2597145763975988,-2.1453568405302192,0.0,-3.13895514140087,0.016221400255333546,-3.1816908209099646,0.0,0.0,DDoS-ICMP_Flood,1
0.0,0.0,0.0,0.0,-0.5521361487759663,0.0,0.0,0.0,0.0,0.6931471805599453,0.6931471805599453,0.0,0.0,0.0,0.0,0.0,0.6931471805599453,35.00278878114653,0.0,0.0,0.0,0.0,0.0,0.0,0.0,0.0,0.0,0.0,0.0,0.0,0.0,0.0,0.0,0.7522656428560329,0.0,0.0,0.0,DDoS-PSHACK_Flood,1
0.0,-0.003573429594906621,-0.01484667116878494,-0.009894947771454277,-0.09571891686600517,0.0,0.6931471805599453,0.0,0.6931471805599453,0.0,0.0,0.0,0.0,0.688134638736401,0.0,0.688134638736401,0.0,0.0,0.0,0.0,0.0,0.0,0.0,0.0,0.0,0.0,0.0,0.0,0.01613578301283404,0.0,0.11336320307948657,0.4164683975419646,0.013904869652008049,0.8123136790181761,0.012455734212001954,0.2053585229577781,1.3150581908108256,DDoS-RSTFINFlood,1
0.1037744403645698,1.578136729769076,1.6288918283450677,-0.0026188107087321555,1.7452950317995035,0.0,0.0,0.0,0.0,0.0,0.0,0.0,0.0,0.0,0.0,0.0,0.0,0.0,0.0,0.0,0.0,0.0,-1.0,1.0,0.0,0.0,0.0,0.0,-0.43754136167158714,-1.0,2.5651613460093383,4.807400875335185,-0.5617335334632136,-0.002336484239832988,-0.5365301930884324,4.501407036836976,1.520442853797087,DDoS-UDP_Flood,1
14.695404111861526,0.24773012864635294,0.0,0.0,-0.6819842468018612,0.0,0.0,0.0,0.0,0.0,0.0,0.0,0.0,0.0,0.0,0.0,0.0,0.0,0.6931471805599453,0.0,0.0,0.0,0.0,0.0,0.0,0.0,0.0,0.0,0.0,0.0,0.0,0.0,0.0,-0.720085615562824,0.0,0.0,0.0,DoS-TCP_Flood,1
5.184375904159932,3.655425038431961,1.6288918283450677,0.0,1.3861118416708176,0.0,0.0,0.0,0.0,0.0,0.0,0.0,0.0,0.0,0.0,0.0,0.0,0.0,0.0,0.0,0.0,0.0,-1.0,1.0,0.0,0.0,0.0,0.0,29.634727059736914,30.61461869346902,20.148782997694873,0.0,29.48046907103512,2.395583915813284,30.75859664112244,0.0,0.0,Mirai-udpplain,1
0.0,0.0,0.0,0.0,-0.6869250124724582,0.0,0.0,0.0,0.0,0.6931471805599453,0.6931471805599453,0.0,0.0,0.0,0.0,0.0,0.6931471805599453,35.00278878114653,0.0,0.0,0.0,0.0,0.0,0.0,0.0,0.0,0.0,0.0,0.0,0.0,0.0,0.0,0.0,0.7484666658896759,0.0,0.0,0.0,DDoS-PSHACK_Flood,1
0.0,0.0,0.0,0.0,-0.049510082570946704,0.0,0.0,0.0,0.0,0.6931471805599453,0.6931471805599453,0.0,0.0,0.0,0.0,0.0,0.6931471805599453,35.00278878114653,0.0,0.6931471805599453,0.0,0.0,0.0,0.0,0.0,0.0,0.0,0.0,0.0,0.0,0.0,0.0,0.0,0.753313392731016,0.0,0.0,0.0,DDoS-PSHACK_Flood,1
0.0,0.0,0.0,0.0,-0.11498513133169581,0.0,0.6931471805599453,0.0,0.6931471805599453,0.0,0.0,0.0,0.0,0.6931471805599453,0.0,0.6931471805599453,0.0,0.0,0.0,0.0,0.0,0.0,0.0,0.0,0.0,0.0,0.0,0.0,0.0,0.0,0.0,0.0,0.0,0.8117464403630889,0.0,0.0,0.0,DDoS-RSTFINFlood,1
0.0,0.010641397195852139,0.02689133735382879,0.0,0.3952386677703522,0.0,0.0,1.0,0.0,0.0,0.0,0.0,0.0,0.0,3.460556535077735,0.0,0.0,0.0,0.0,0.0,0.0,0.0,0.0,0.0,0.0,0.0,0.0,0.0,0.18257038693561242,0.0,1.2113066916783821,2.584891634967084,0.3747144148562111,-0.12599376320752959,0.10458008085320221,3.4256621017158944,0.5661576753335154,DDoS-SYN_Flood,1
0.0,-1.4513389403258232,-2.1606122929018636,0.0,1.6913210623358714,0.0,0.0,0.0,0.0,0.0,0.0,0.0,0.0,0.0,0.0,0.0,0.0,0.0,0.0,0.0,0.0,0.0,-1.0,0.0,0.0,0.0,1.0,0.0,-3.1946884019211876,-3.2597145763975988,-2.1453568405302192,0.0,-3.13895514140087,0.09149042622665099,-3.1816908209099646,0.0,0.0,DDoS-ICMP_Flood,1
0.0021008608748725173,0.00432017968034348,0.0,0.10616019582839087,0.2449419446686702,0.0,0.0,0.0,0.0,0.6931471805599453,0.6931471805599453,0.0,0.0,0.009950330853168083,0.0,0.0295588022415444,0.6729444732424258,35.25465139697232,0.0,0.0,0.0,0.0,0.0,0.0,0.0,0.0,0.0,0.0,0.0,0.0,0.0,0.0,0.0,0.6893297065369114,0.0,0.0,0.0,DDoS-PSHACK_Flood,1
0.286617102093672,2.2131246104972804,1.5979550768727953,0.05448818528406996,1.9005223886188793,0.0,0.0,0.0,0.0,0.0,0.0,0.0,0.0,0.0,0.0,0.0,0.0,0.0,0.0,0.0,0.0,0.0,-1.0,1.0,0.0,0.0,0.0,0.0,-0.8388083772936529,-1.0,-0.159935640641049,1.8015799443449918,-0.8633200275928014,-0.4092177137385093,-0.8554843788123828,1.7635713165607771,1.6217878693835461,DoS-UDP_Flood,1
0.0,0.0,0.0,0.0,-0.5546801054589509,0.0,0.0,1.0,0.0,0.0,0.0,0.0,0.0,0.0,3.4857640793406848,0.0,0.0,0.0,0.0,0.0,0.0,0.0,0.0,0.0,0.0,0.0,0.0,0.0,0.0,0.0,0.0,0.0,0.0,1.3452204077527867,0.0,0.0,0.0,DDoS-SYN_Flood,1
18.579989769317176,0.31254130182051404,0.0,0.0,-0.7083952785251267,0.0,0.0,1.0,0.0,0.0,0.0,0.0,0.0,0.0,5.833622867494696,0.173953307123438,0.0,9.626013596964674,0.0,0.0,0.0,0.0,0.0,0.0,0.0,0.0,0.0,0.0,0.013447904948390505,0.0,0.05056575666546428,0.2354398512148474,0.018536459202017373,-0.5048520302351592,0.008632562954997796,0.09735365403408178,0.8930505744880486,DoS-SYN_Flood,1
4.758312867481642,0.20391608464609548,0.0,0.0,-0.462465108349253,0.0,0.0,1.0,0.0,0.0,0.0,0.0,0.0,0.0,5.123675736824139,0.0,0.0,0.0,0.0,0.0,0.0,0.0,0.0,0.0,0.0,0.0,0.0,0.0,0.0,0.0,0.0,0.0,0.0,0.8749556806317291,0.0,0.0,0.0,DDoS-SynonymousIP_Flood,1
0.0,-1.4513389403258232,-2.1606122929018636,0.0,-0.6675609563595092,0.0,0.0,0.0,0.0,0.0,0.0,0.0,0.0,0.0,0.0,0.0,0.0,0.0,0.0,0.0,0.0,0.0,-1.0,0.0,0.0,0.0,1.0,0.0,-3.1946884019211876,-3.2597145763975988,-2.1453568405302192,0.0,-3.13895514140087,0.011867037831902036,-3.1816908209099646,0.0,0.0,DDoS-ICMP_Flood,1
0.0,-1.0510472240382722,3.2779462706014675,0.0082733733750322,0.32534229819133026,0.0,0.0,0.0,0.0,0.0,0.0,0.0,0.0,0.0,0.0,0.0,0.0,0.5024752879678589,0.0,0.0,0.0,0.0,-1.0,0.0,0.0,0.0,0.0,0.0,29.890995725816175,28.94493050939768,20.51024956958292,8.843152720398386,30.003611878671915,2.00470224450277,30.481998516675592,7.159246315767275,2.018542090483177,Mirai-greeth_flood,1
1.4091371169385467,2.5566060694356287,1.6288918283450677,0.0,1.0162213398907713,0.0,0.0,0.0,0.0,0.0,0.0,0.0,0.0,0.0,0.0,0.0,0.0,0.0,0.0,0.0,0.0,0.0,-1.0,1.0,0.0,0.0,0.0,0.0,29.634727059736914,30.61461869346902,20.148782997694873,0.0,29.48046907103512,2.3023400976276283,30.75859664112244,0.0,0.0,Mirai-udpplain,1
0.0,0.39346848571166787,1.6288918283450677,0.0,-0.4218871057119645,0.0,0.0,0.0,0.0,0.0,0.0,0.0,0.0,0.0,0.0,0.0,0.0,0.0,0.0,0.0,0.0,0.0,-1.0,1.0,0.0,0.0,0.0,0.0,13.978512102147018,14.388190048367584,9.469479986565906,0.0,13.855164944437597,-0.4111923659144196,14.27917874687554,0.0,0.0,DoS-UDP_Flood,1
4.118901812457881,0.11997409824817301,0.0,0.0,-0.5495077054159259,0.0,0.0,1.0,0.0,0.0,0.0,0.0,0.0,0.0,4.402639962826843,0.0,0.0,0.0,0.0,0.0,0.0,0.0,0.0,0.0,0.0,0.0,0.0,0.0,0.0,0.0,0.0,0.0,0.0,0.8610957157338407,0.0,0.0,0.0,DDoS-SynonymousIP_Flood,1
0.21729065146443904,2.018071309417212,1.6288918283450677,0.0,1.8127855510261286,0.0,0.0,0.0,0.0,0.0,0.0,0.0,0.0,0.0,0.0,0.0,0.0,0.0,0.0,0.0,0.0,0.0,-1.0,1.0,0.0,0.0,0.0,0.0,-0.9784901618675309,-1.0,-0.6581425429281335,0.0,-0.9629539850295165,-0.06197501455344095,-0.9782642144148311,0.0,0.0,DDoS-UDP_Flood,1
0.423521777790777,2.323047921006628,1.6288918283450677,0.0,1.8576291729358634,0.0,0.0,0.0,0.0,0.0,0.0,0.0,0.0,0.0,0.0,0.0,0.0,0.0,0.0,0.0,0.0,0.0,-1.0,1.0,0.0,0.0,0.0,0.0,-0.9784901618675309,-1.0,-0.6581425429281335,0.0,-0.9629539850295165,-0.39597450066514045,-0.9782642144148311,0.0,0.0,DoS-UDP_Flood,1
0.3908549181008356,2.017971144646125,1.613492818452487,0.028961162899088677,1.6415901351109368,0.0,0.0,0.0,0.0,0.0,0.0,0.0,0.0,0.0,0.0,0.0,0.0,0.0,0.0,0.0,0.0,0.0,-1.0,1.0,0.0,0.0,0.0,0.0,-0.9398040087561084,-1.0,-0.38889340156571434,0.7939685940933249,-0.9130397072771533,-0.08031122693326573,-0.9531988353038738,0.8409221144332371,0.8930505744880486,DDoS-UDP_Flood,1
0.0,0.0,0.0,0.0,-0.278940192810005,0.0,0.0,1.0,0.0,0.0,0.0,0.0,0.0,0.0,3.4857640793406848,0.0,0.0,0.0,0.0,0.0,0.0,0.0,0.0,0.0,0.0,0.0,0.0,0.0,0.0,0.0,0.0,0.0,0.0,0.862929183632842,0.0,0.0,0.0,DDoS-SynonymousIP_Flood,1
2.956036233468529,2.1557484793505743,1.6288918283450677,0.0,1.5420199498470213,0.0,0.0,0.0,0.0,0.0,0.0,0.0,0.0,0.0,0.0,0.0,0.0,0.0,0.0,0.0,0.0,0.0,-1.0,1.0,0.0,0.0,0.0,0.0,-0.9784901618675309,-1.0,-0.6581425429281335,0.0,-0.9629539850295165,-0.06661066566580687,-0.9782642144148311,0.0,0.0,DDoS-UDP_Flood,1
1.0775746155600323,2.203042363753995,1.6288918283450677,0.0,1.539085973528667,0.0,0.0,0.0,0.0,0.0,0.0,0.0,0.0,0.0,0.0,0.0,0.0,0.0,0.0,0.0,0.0,0.0,-1.0,1.0,0.0,0.0,0.0,0.0,-0.9784901618675309,-1.0,-0.6581425429281335,0.0,-0.9629539850295165,-0.08205335610318983,-0.9782642144148311,0.0,0.0,DDoS-UDP_Flood,1
0.0,0.0,0.0,0.0,-0.4956668366310963,0.0,0.6931471805599453,0.0,0.6931471805599453,0.0,0.0,0.0,0.0,0.6931471805599453,0.0,0.6931471805599453,0.0,0.0,0.0,0.0,0.0,0.0,0.0,0.0,0.0,0.0,0.0,0.0,0.0,0.0,0.0,0.0,0.0,0.8152521401055773,0.0,0.0,0.0,DDoS-RSTFINFlood,1
0.3797700109597805,2.158935827675431,1.61252579983993,-0.009894947771454277,2.0641466223127147,0.0,0.0,0.0,0.0,0.0,0.0,0.0,0.0,0.0,0.0,0.0,0.0,0.0,0.0,0.0,0.0,0.0,-1.0,1.0,0.0,0.0,0.0,0.0,-0.963969081685135,-1.0,-0.5561969613771348,0.3193424531023497,-0.9379724262366933,-0.06605703978367082,-0.9694391802859564,0.22702194134290687,0.6761483616478751,DDoS-UDP_Flood,1
0.0,0.0,0.0,0.0,0.3933263922757895,0.0,0.0,1.0,0.0,0.0,0.0,0.0,0.0,0.0,3.4857640793406848,0.0,0.0,0.0,0.0,0.0,0.0,0.0,0.0,0.0,0.0,0.0,0.0,0.0,0.0,0.0,0.0,0.0,0.0,-0.12601048160930972,0.0,0.0,0.0,DDoS-SYN_Flood,1
0.0,0.0,0.0,0.0,-0.6926564940171746,0.0,0.0,1.0,0.0,0.0,0.0,0.0,0.0,0.0,3.4857640793406848,0.0,0.0,0.0,0.6931471805599453,0.0,0.0,0.0,0.0,0.0,0.0,0.0,0.0,0.0,0.0,0.0,0.0,0.0,0.0,-0.5478106097740869,0.0,0.0,0.0,DoS-SYN_Flood,1
0.0,0.0,0.0,0.0,-0.430120324183576,0.0,0.0,0.0,0.0,0.0,0.0,0.0,0.0,0.0,0.0,0.0,0.0,0.0,0.0,0.0,0.0,0.0,0.0,0.0,0.0,0.0,0.0,0.0,0.0,0.0,0.0,0.0,0.0,-0.6307072618244999,0.0,0.0,0.0,DoS-TCP_Flood,1
0.0,0.0,0.0,0.0,-0.6676795008131432,0.0,0.6931471805599453,0.0,0.6931471805599453,0.0,0.0,0.0,0.0,0.6931471805599453,0.0,0.6931471805599453,0.0,0.0,0.0,0.0,0.0,0.0,0.0,0.0,0.0,0.0,0.0,0.0,0.0,0.0,0.0,0.0,0.0,0.8003203032193863,0.0,0.0,0.0,DDoS-RSTFINFlood,1
0.0,0.0,0.0,0.0,0.3511990818822582,0.0,0.0,0.0,0.0,0.6931471805599453,0.6931471805599453,0.0,0.0,0.0,0.0,0.0,0.6931471805599453,35.00278878114653,0.0,0.0,0.0,0.0,0.0,0.0,0.0,0.0,0.0,0.0,0.0,0.0,0.0,0.0,0.0,0.7495386159871775,0.0,0.0,0.0,DDoS-PSHACK_Flood,1
0.0,-1.285673031829225,-2.118025495839449,0.028961162899088677,-0.5132040897457455,0.0,0.0,0.0,0.0,0.0,0.0,0.0,0.0,0.0,0.05003916460788235,0.0,0.0,0.0,0.0,0.0,0.0,0.0,-1.0,0.0,0.0,0.0,1.0,0.0,-3.1854700869753523,-3.2597145763975988,-2.080731907899337,0.16658430732392066,-3.0915898810650475,0.09340623997596104,-3.17666970835863,0.18178093016183888,0.22978831136061822,DDoS-ICMP_Flood,1
35.54897238940972,1.3568279464013557,1.2796027563862231,-0.16887392138015223,-0.45127659788009444,0.0,0.0,0.0,0.0,0.0,0.0,0.0,0.0,0.18232155679395462,2.3635986900517376,0.0,0.9932517730102834,98.2652513704944,0.0,0.0,0.0,0.0,-1.0,1.0,0.0,0.0,0.0,0.0,8.882603780898428,-2.081720017417545,7.403351054548568,8.023018537806914,6.022946066082594,302.6039473000611,3.79710493038827,5.278201762111808,8.043231726932055,BenignTraffic,0
0.0,-1.4513389403258232,-2.1606122929018636,0.0,-0.6675404633089327,0.0,0.0,0.0,0.0,0.0,0.0,0.0,0.0,0.0,0.0,0.0,0.0,0.0,0.0,0.0,0.0,0.0,-1.0,0.0,0.0,0.0,1.0,0.0,-3.1946884019211876,-3.2597145763975988,-2.1453568405302192,0.0,-3.13895514140087,-0.00041058000232477694,-3.1816908209099646,0.0,0.0,DDoS-ICMP_Flood,1
0.00550564325591558,0.4348697389889994,1.6288918283450677,0.009797996326253333,0.22493542666570066,0.0,0.0,0.0,0.0,0.0,0.0,0.0,0.0,0.0,0.0,0.0,0.0,0.0,0.0,0.0,0.0,0.0,-1.0,1.0,0.0,0.0,0.0,0.0,15.364162286423168,14.83554721515363,10.478263230759683,3.9235327747537005,15.26407748735878,-0.42478659019922765,15.727287600511438,3.7590473879000523,1.6217878693835461,DoS-UDP_Flood,1
3.8126531920441917,1.436593066605326,0.1553966205543004,0.003225561509474062,-0.36152777719167306,0.0,0.0,0.0,0.0,0.0,0.0,0.0,0.0,0.04879016416943201,0.43337854704209383,0.0,0.06765864847381481,13.635924828275353,0.0,0.0,0.0,0.0,0.0,0.0,0.0,0.0,0.0,0.0,1.9543142971687713,0.11985338180496684,7.406739294769873,7.69474452194818,1.175384486213231,-0.6590699412660412,2.1371127193736337,6.350321425662337,2.018542090483177,DoS-TCP_Flood,1
5.71583462645544,3.393148195795379,1.6288918283450677,0.0,1.1571781294356305,0.0,0.0,0.0,0.0,0.0,0.0,0.0,0.0,0.0,0.0,0.0,0.0,0.0,0.0,0.0,0.0,0.0,-1.0,1.0,0.0,0.0,0.0,0.0,29.634727059736914,30.61461869346902,20.148782997694873,0.0,29.48046907103512,2.3959973898682243,30.75859664112244,0.0,0.0,Mirai-udpplain,1
0.0,-1.4513389403258232,-2.1606122929018636,0.0,-0.44652471481108497,0.0,0.0,0.0,0.0,0.0,0.0,0.0,0.0,0.0,0.0,0.0,0.0,0.0,0.0,0.0,0.0,0.0,-1.0,0.0,0.0,0.0,1.0,0.0,-3.1946884019211876,-3.2597145763975988,-2.1453568405302192,0.0,-3.13895514140087,0.0009266126669850443,-3.1816908209099646,0.0,0.0,DDoS-ICMP_Flood,1
0.1777420133792759,0.02333280770651718,0.02689133735382879,-0.001539646185592325,-0.3588408209499863,0.0,0.0,0.0,0.0,0.0,0.0,0.0,0.0,0.0,0.0,0.04879016416943201,0.0,0.0,0.0,0.0,0.0,0.0,0.0,0.0,0.0,0.0,0.0,0.0,0.06442084824143265,0.0,0.4448661037152932,1.2531752828766893,0.11081675826241126,-0.20739019657237842,0.038950485890434525,1.7171439736836955,0.6761483616478751,DDoS-TCP_Flood,1
0.0,-1.4513389403258232,-2.1606122929018636,0.0,0.23242210478079048,0.0,0.0,0.0,0.0,0.0,0.0,0.0,0.0,0.0,0.0,0.0,0.0,0.0,0.0,0.0,0.0,0.0,-1.0,0.0,0.0,0.0,1.0,0.0,-3.1946884019211876,-3.2597145763975988,-2.1453568405302192,0.0,-3.13895514140087,0.0008543274263146056,-3.1816908209099646,0.0,0.0,DDoS-ICMP_Flood,1
12.576978565265133,0.24773012864635294,0.0,0.0,-0.2655459017981555,0.0,0.0,1.0,0.0,0.0,0.0,0.0,0.0,0.0,5.52480535211579,0.0,0.0,0.0,0.0,0.0,0.0,0.0,0.0,0.0,0.0,0.0,0.0,0.0,0.0,0.0,0.0,0.0,0.0,0.8632128243090417,0.0,0.0,0.0,DDoS-SynonymousIP_Flood,1
22.347201812919725,2.9538122474544393,0.0,0.41160009667568076,0.545122499719745,0.0,0.0,0.0,0.0,0.0,0.6931471805599453,0.0,0.0,0.0,5.177847476639033,0.0,4.499809670330265,290.20603570240996,0.0,0.6931471805599453,0.0,0.0,0.0,0.0,0.0,0.0,0.0,0.0,36.408227394033524,2.613770776601509,34.31168818193046,16.58150313912276,46.416035920096604,302.58753627157375,30.782673368779825,10.929880884435994,8.043231726932055,BenignTraffic,0
8.674164314210282,0.19572422901938824,0.0,0.0,-0.5923675689801697,0.0,0.0,1.0,0.0,0.0,0.0,0.0,0.0,0.0,5.050526890024239,0.0,0.0,0.0,0.0,0.0,0.0,0.0,0.0,0.0,0.0,0.0,0.0,0.0,0.0,0.0,0.0,0.0,0.0,0.8595640949114006,0.0,0.0,0.0,DDoS-SynonymousIP_Flood,1
0.2592494588463069,2.270932114395094,1.6288918283450677,0.0,2.2799890134515817,0.0,0.0,0.0,0.0,0.0,0.0,0.0,0.0,0.0,0.0,0.0,0.0,0.0,0.0,0.0,0.0,0.0,-1.0,1.0,0.0,0.0,0.0,0.0,-0.9784901618675309,-1.0,-0.6581425429281335,0.0,-0.9629539850295165,-0.39133240584358997,-0.9782642144148311,0.0,0.0,DoS-UDP_Flood,1
0.0,0.0,0.0,0.0,-0.41037981064815027,0.0,0.6931471805599453,0.0,0.6931471805599453,0.0,0.0,0.0,0.0,0.6931471805599453,0.0,0.6931471805599453,0.0,0.0,0.0,0.0,0.0,0.0,0.0,0.0,0.0,0.0,0.0,0.0,0.0,0.0,0.0,0.0,0.0,0.8156736586153146,0.0,0.0,0.0,DDoS-RSTFINFlood,1
0.28613037744691244,1.841794954266578,1.6183197951558497,0.0,1.6036537428028041,0.0,0.0,0.0,0.0,0.0,0.0,0.0,0.0,0.0,0.05003916460788235,0.0,0.0,0.0,0.0,0.0,0.0,0.0,-1.0,1.0,0.0,0.0,0.0,0.0,-0.9089394626943079,-1.0,-0.17932663386565423,1.35790813535088,-0.903080252115949,-0.06370239566326902,-0.9250572597467824,1.3895110232851835,1.3150581908108256,DDoS-UDP_Flood,1
0.0,-0.9456599268733447,3.2467295333090123,-0.00015385798937916917,-0.0865303393088962,0.0,0.0,0.0,0.0,0.0,0.0,0.0,0.0,0.0,0.0,0.0,0.0,0.0,0.0,0.0,0.0,0.0,-1.0,0.0,0.0,0.0,0.0,0.0,30.278144761846317,29.803787214849677,20.726027714761642,7.242103015988544,29.78113254861628,2.0051108036621312,31.528565084337593,6.208279780058302,1.722255427937173,Mirai-greeth_flood,1
17.24041490187128,0.39346848571166787,0.0,0.0,-0.6777796716988707,0.0,0.0,0.0,0.0,0.0,0.0,0.0,0.0,0.0,0.0,0.0,0.0,0.0,0.0,0.0,0.0,0.0,0.0,0.0,0.0,0.0,0.0,0.0,0.0,0.0,0.0,0.0,0.0,-0.6428640368654068,0.0,0.0,0.0,DoS-TCP_Flood,1
15.820874101804863,0.24773012864635294,0.0,0.0,-0.6944994912711514,0.0,0.0,0.0,0.0,0.0,0.0,0.0,0.0,0.0,0.0,0.0,0.0,0.0,0.0,0.0,0.0,0.0,0.0,0.0,0.0,0.0,0.0,0.0,0.0,0.0,0.0,0.0,0.0,-0.645621327811626,0.0,0.0,0.0,DoS-TCP_Flood,1
7.567238129746408,0.19984331754653267,0.0,0.0,-0.5830010334224227,0.0,0.0,1.0,0.0,0.0,0.0,0.0,0.0,0.0,5.087234312499923,0.0,0.0,0.0,0.0,0.0,0.0,0.0,0.0,0.0,0.0,0.0,0.0,0.0,0.0,0.0,0.0,0.0,0.0,0.8610944212457239,0.0,0.0,0.0,DDoS-SynonymousIP_Flood,1
1.3022344051245693,2.3486508727966666,1.61252579983993,-0.009894947771454277,2.273673080736005,0.0,0.0,0.0,0.0,0.0,0.0,0.0,0.0,0.0,0.0,0.0,0.0,0.0,0.0,0.0,0.0,0.0,-1.0,1.0,0.0,0.0,0.0,0.0,-0.937390021044827,-1.0,-0.37233831993258454,0.9877733152465594,-0.9379724262366933,-0.08158986406168607,-0.9337489271922854,0.7426564622384672,1.8218605933779084,DDoS-UDP_Flood,1
0.9414587296796865,2.4378722824775463,1.61252579983993,-0.009894947771454277,1.720650975880179,0.0,0.0,0.0,0.0,0.0,0.0,0.0,0.0,0.0,0.0,0.0,0.0,0.0,0.0,0.0,0.0,0.0,-1.0,1.0,0.0,0.0,0.0,0.0,-0.9591323980802468,-1.0,-0.5224783589419141,0.429111868472081,-0.9379724262366933,-0.06558562840803296,-0.9656895702675448,0.30567859295551136,0.8930505744880486,DDoS-UDP_Flood,1
0.0,-1.4513389403258232,-2.1692573117561817,-0.009894947771454277,-0.5523063839906244,0.0,0.0,0.0,0.0,0.0,0.0,0.0,0.0,0.0,0.0,0.0,0.0,0.0,0.0,0.0,0.0,0.0,-1.0,0.0,0.0,0.0,1.0,0.0,-3.1429219476998633,-3.2597145763975988,-1.7879207414925535,0.902777507514793,-3.0856815734839125,0.015821051680010276,-3.145766989102317,0.8847542477613806,1.1059727047904317,DDoS-ICMP_Flood,1
0.08390598432417942,-0.9774990372546157,3.3096930583454753,-0.0021561690164650926,-0.3945520827883756,0.0,0.0,0.0,0.0,0.0,0.0,0.0,0.0,0.0,0.0,0.0,0.0,0.0,0.0,0.0,0.0,0.0,-1.0,0.0,0.0,0.0,0.0,0.0,30.282681549614065,29.169314527486936,20.726027714761642,8.378023052619591,30.216638415387337,2.0661606658059775,31.339887363077256,6.8176389825236585,2.018542090483177,Mirai-greeth_flood,1
0.20489840481064772,2.075098004671026,1.6288918283450677,0.009797996326253333,1.872955245857216,0.0,0.0,0.0,0.0,0.0,0.0,0.0,0.0,0.0,0.0,0.0,0.0,0.0,0.0,0.0,0.0,0.0,-1.0,1.0,0.0,0.0,0.0,0.0,-0.902438513331485,-1.0,-0.13575740638697886,1.358985897161911,-0.8509203361096219,-0.39587367501783804,-0.9309507374118344,1.7560338249313994,0.7851062563167518,DoS-UDP_Flood,1
0.9123641876415951,2.2260066914773495,1.5664532394411952,0.11112846439740132,1.7696566815287884,0.0,0.0,0.0,0.0,0.0,0.0,0.0,0.0,0.0,0.0,0.0,0.0,0.0,0.0,0.0,0.0,0.0,-1.0,1.0,0.0,0.0,0.0,0.0,-0.8340189784327678,-1.0,-0.35581462235927797,1.3158888453265267,-0.7644584341810847,-0.08117872553324866,-0.8866426522820844,1.5293673237480896,1.0,DDoS-UDP_Flood,1
0.6407645984677134,0.07476027369377115,0.05336981159237093,0.026716828897997758,-0.2512187038578174,0.0,0.0,1.0,0.0,0.0,0.0,0.0,0.0,0.0,3.4352220001315557,0.0,0.0,0.0,0.0,0.0,0.0,0.0,0.0,0.0,0.0,0.0,0.0,0.0,0.8073985918431845,0.0,4.500211955585172,5.750998970538132,0.8324814446038206,-0.12788168964752522,0.5997877536957806,4.874221212944295,2.211945409580863,DDoS-SYN_Flood,1
0.0,0.0,0.0,0.0,-0.10422382356350997,0.0,0.0,0.0,0.0,0.0,0.0,0.0,0.0,0.0,0.0,0.0,0.0,0.0,0.0,0.0,0.0,0.0,0.0,0.0,0.0,0.0,0.0,0.0,0.0,0.0,0.0,0.0,0.0,-0.6455674873781512,0.0,0.0,0.0,DoS-TCP_Flood,1
0.0,0.0,0.0,0.0,0.3472888672745516,0.0,0.0,0.0,0.0,0.0,0.0,0.0,0.0,0.0,0.0,0.0,0.0,0.0,0.0,0.0,0.0,0.0,0.0,0.0,0.0,0.0,0.0,0.0,0.0,0.0,0.0,0.0,0.0,-0.17558915170428807,0.0,0.0,0.0,DDoS-TCP_Flood,1
27.912821434888127,3.2524923682765325,-0.024815933899836107,0.8619157709491967,0.45817700527894034,0.0,0.0,0.0,0.0,0.0,0.6931471805599453,0.0,0.0,0.0,3.9650689232109766,0.0,4.591071261608589,316.12749256690097,0.0,0.6931471805599453,0.0,0.0,0.0,0.0,0.0,0.0,0.0,0.0,-1.1148245564715265,2.1306640224993325,11.866671540053362,9.932460510694249,6.560891635525404,-301.5982111589482,7.6091576714094,6.581177153323923,7.448027902452049,BenignTraffic,0
0.0,0.0,0.0,0.0,-0.5982808608537703,0.0,0.0,1.0,0.0,0.0,0.0,0.0,0.0,0.0,3.4857640793406848,0.0,0.0,0.0,0.0,0.0,0.0,0.0,0.0,0.0,0.0,0.0,0.0,0.0,0.0,0.0,0.0,0.0,0.0,-0.10956891049627705,0.0,0.0,0.0,DDoS-SYN_Flood,1
0.0,-1.4513389403258232,3.3035354291949597,-0.009894947771454277,-0.7804506568568762,0.0,0.0,0.0,0.0,0.0,0.0,0.0,0.0,0.0,0.0,0.0,0.0,0.0,0.0,0.0,0.0,0.0,-1.0,0.0,0.0,0.0,0.0,0.0,30.446869931227173,31.130374709329576,20.726027714761642,3.7084289273901088,30.210129859191195,2.0042189384833136,31.638176203557297,4.8512459195594975,0.34299828761799184,Mirai-greeth_flood,1
7.314835992819879,3.0658983656090575,1.5027001951073031,0.15674072934470828,0.6473044158248217,0.0,0.0,0.0,0.0,0.0,0.0,0.0,0.0,0.019802627296179712,0.7895552968713648,0.009950330853168083,0.1310282624064041,20.137535994241478,0.0,0.0,0.0,0.0,-1.0,0.0,0.0,0.0,0.0,0.0,35.25561485739559,17.758707646087753,29.299324253098508,15.539139796423974,35.40923928867498,0.8917285999773858,36.37820937197515,10.218918640132138,7.74944564203287,DDoS-UDP_Fragmentation,1
0.0,0.0,0.0,0.0,-0.40988752635171094,0.0,0.6931471805599453,0.0,0.6931471805599453,0.0,0.0,0.0,0.0,0.6931471805599453,0.0,0.6931471805599453,0.0,0.0,0.6931471805599453,0.0,0.0,0.0,0.0,0.0,0.0,0.0,0.0,0.0,0.0,0.0,0.0,0.0,0.0,0.8001023379586774,0.0,0.0,0.0,DDoS-RSTFINFlood,1
0.0,-1.4513389403258232,-2.1606122929018636,0.0,0.035707232500895955,0.0,0.0,0.0,0.0,0.0,0.0,0.0,0.0,0.0,0.0,0.0,0.0,0.0,0.0,0.0,0.0,0.0,-1.0,0.0,0.0,0.0,1.0,0.0,-3.1946884019211876,-3.2597145763975988,-2.1453568405302192,0.0,-3.13895514140087,0.015268597384552189,-3.1816908209099646,0.0,0.0,DDoS-ICMP_Flood,1
0.0,-1.2677844196609207,-2.118025495839449,-0.0021561690164650926,-0.3944365583200935,0.0,0.0,0.0,0.0,0.0,0.0,0.0,0.0,0.009950330853168083,0.0,0.0,0.0,0.5024752879678589,0.0,0.0,0.0,0.0,-1.0,0.0,0.0,0.0,1.0,0.0,-3.0708005501806763,-3.2597145763975988,-1.310924951712686,2.0441667712868474,-3.067973056379215,1.301453010697355,-3.0343885773654677,1.9245539374071081,1.9206180450055654,DDoS-ICMP_Flood,1
0.9153435036149868,2.1661603299052583,1.6288918283450677,0.0,1.7565767317675647,0.0,0.0,0.0,0.0,0.0,0.0,0.0,0.0,0.0,0.0,0.0,0.0,0.0,0.0,0.0,0.0,0.0,-1.0,1.0,0.0,0.0,0.0,0.0,-0.9784901618675309,-1.0,-0.6581425429281335,0.0,-0.9629539850295165,-0.0032304173633669027,-0.9782642144148311,0.0,0.0,DDoS-UDP_Flood,1
0.0010933282233893048,0.003147050377230773,0.012275337587772104,0.0,0.4193247755966804,0.0,0.0,1.0,0.0,0.0,0.0,0.0,0.0,0.0,3.4352220001315557,0.0,0.0,0.0,0.0,0.0,0.0,0.0,0.0,0.0,0.0,0.0,0.0,0.0,0.11741273785637647,0.0,0.6825426664303803,1.937254821398385,0.08780920793817043,-0.1257040206111744,0.0993650161454521,1.9672268001322784,1.520442853797087,DDoS-SYN_Flood,1
0.0,0.0,0.0,0.0,-0.6470850521135417,0.0,0.0,1.0,0.0,0.0,0.0,0.0,0.0,0.0,3.4857640793406848,0.0,0.0,0.0,0.0,0.0,0.0,0.0,0.0,0.0,0.0,0.0,0.0,0.0,0.0,0.0,0.0,0.0,0.0,0.8584611253876933,0.0,0.0,0.0,DDoS-SynonymousIP_Flood,1
0.0,0.39346848571166787,1.6288918283450677,0.0,0.03181153624284284,0.0,0.0,0.0,0.0,0.0,0.0,0.0,0.0,0.0,0.0,0.0,0.0,0.0,0.0,0.0,0.0,0.0,-1.0,1.0,0.0,0.0,0.0,0.0,13.978512102147018,14.388190048367584,9.469479986565906,0.0,13.855164944437597,-0.42312003500691553,14.27917874687554,0.0,0.0,DoS-UDP_Flood,1
6.833127979112632,3.9261205739782628,0.0,0.0,1.3185693038399475,0.0,0.0,0.0,0.0,0.0,0.6931471805599453,0.0,0.0,0.0,0.0,0.0,6.794586580876499,391.92305621889255,0.0,0.6931471805599453,0.0,0.0,0.0,0.0,0.0,0.0,0.0,0.0,-3.5452813452234406,4.79574102465428,3.1562811931907406,0.0,4.618077930860376,-301.5982111946158,4.718130251826944,0.0,0.0,MITM-ArpSpoofing,1
0.0,-1.4513389403258232,-2.1606122929018636,0.0,-0.555763307947406,0.0,0.0,0.0,0.0,0.0,0.0,0.0,0.0,0.0,0.0,0.0,0.0,0.0,0.0,0.0,0.0,0.0,-1.0,0.0,0.0,0.0,1.0,0.0,-3.1946884019211876,-3.2597145763975988,-2.1453568405302192,0.0,-3.13895514140087,0.09020365993727845,-3.1816908209099646,0.0,0.0,DDoS-ICMP_Flood,1
0.0,0.00026330118844040116,0.0,-0.003390356152453755,0.3809353890889342,0.0,0.0,1.0,0.0,0.0,0.0,0.0,0.0,0.0,3.4857640793406848,0.0,0.0,0.5024752879678589,0.6931471805599453,0.0,0.0,0.0,0.0,0.0,0.0,0.0,0.0,0.0,0.013447904948390505,0.0,0.09457142894571968,0.37524622852403455,0.009271597417287197,-0.518305434575103,0.012396149708390918,0.13872312826815456,1.6217878693835461,DoS-SYN_Flood,1
0.0,-1.4513389403258232,-2.1606122929018636,0.0,0.19954202226282874,0.0,0.0,0.0,0.0,0.0,0.0,0.0,0.0,0.0,0.0,0.0,0.0,0.0,0.0,0.0,0.0,0.0,-1.0,0.0,0.0,0.0,1.0,0.0,-3.1946884019211876,-3.2597145763975988,-2.1453568405302192,0.0,-3.13895514140087,0.10591905616458935,-3.1816908209099646,0.0,0.0,DDoS-ICMP_Flood,1
0.36212351715173885,2.1425156717762426,1.6288918283450677,0.0,1.816516016751106,0.0,0.0,0.0,0.0,0.0,0.0,0.0,0.0,0.0,0.0,0.0,0.0,0.0,0.0,0.0,0.0,0.0,-1.0,1.0,0.0,0.0,0.0,0.0,-0.9784901618675309,-1.0,-0.6581425429281335,0.0,-0.9629539850295165,1.3166406733789753,-0.9782642144148311,0.0,0.0,DDoS-UDP_Flood,1
0.0,-1.4513389403258232,-2.1606122929018636,0.0,0.46297928759386336,0.0,0.0,0.0,0.0,0.0,0.0,0.0,0.0,0.0,0.0,0.0,0.0,0.0,0.0,0.0,0.0,0.0,-1.0,0.0,0.0,0.0,1.0,0.0,-3.1946884019211876,-3.2597145763975988,-2.1453568405302192,0.0,-3.13895514140087,-0.0016533390386347484,-3.1816908209099646,0.0,0.0,DDoS-ICMP_Flood,1
0.0,-1.285673031829225,3.305711221304783,-0.003390356152453755,-0.14331778600996803,0.0,0.0,0.0,0.0,0.0,0.0,0.0,0.0,0.0,0.05003916460788235,0.0,0.0,0.5024752879678589,0.0,0.0,0.0,0.0,-1.0,0.0,0.0,0.0,0.0,0.0,30.06523123774911,29.929024160399134,20.51777980578307,6.430755233071971,29.905309800546238,1.9105197928126114,31.25011044802096,5.94243308183162,1.1059727047904317,Mirai-greip_flood,1
0.8982617100975681,2.259319532870767,1.6288918283450677,0.0,1.5918272203955972,0.0,0.0,0.0,0.0,0.0,0.0,0.0,0.0,0.0,0.0,0.0,0.0,0.0,0.0,0.0,0.0,0.0,-1.0,1.0,0.0,0.0,0.0,0.0,-0.9784901618675309,-1.0,-0.6581425429281335,0.0,-0.9629539850295165,-0.09486477792642056,-0.9782642144148311,0.0,0.0,DDoS-UDP_Flood,1
0.0,0.0,0.0,0.0,0.07579751595623155,0.0,0.6931471805599453,0.0,0.6931471805599453,0.0,0.0,0.0,0.0,0.6931471805599453,0.0,0.6931471805599453,0.0,0.0,0.0,0.0,0.0,0.0,0.0,0.0,0.0,0.0,0.0,0.0,0.0,0.0,0.0,0.0,0.0,0.795799059700839,0.0,0.0,0.0,DDoS-RSTFINFlood,1
3.1173581832215014,0.21082468947108998,0.0,0.0,-0.26675542362607146,0.0,0.0,1.0,0.0,0.0,0.0,0.0,0.0,0.0,5.177847476639033,0.0,0.0,0.0,0.0,0.0,0.0,0.0,0.0,0.0,0.0,0.0,0.0,0.0,0.01613578301283404,0.0,0.11336320307948657,0.3642693679589897,0.055528745286416076,0.874664142773572,0.009045763441670159,0.5032680577054419,0.34299828761799184,DDoS-SynonymousIP_Flood,1
0.0,-1.4513389403258232,-2.1606122929018636,0.0,-0.27129695098810214,0.0,0.0,0.0,0.0,0.0,0.0,0.0,0.0,0.0,0.0,0.0,0.0,0.0,0.0,0.0,0.0,0.0,-1.0,0.0,0.0,0.0,1.0,0.0,-3.1946884019211876,-3.2597145763975988,-2.1453568405302192,0.0,-3.13895514140087,0.016215165193367412,-3.1816908209099646,0.0,0.0,DDoS-ICMP_Flood,1
13.612800721082028,0.3555567811606858,0.0,0.0,-0.6438240242091745,0.0,0.0,1.0,0.0,0.0,0.0,0.0,0.0,0.0,6.579467787598827,0.0,0.0,0.0,0.0,0.0,0.0,0.0,0.0,0.0,0.0,0.0,0.0,0.0,0.0,0.0,0.0,0.0,0.0,0.8735691796850364,0.0,0.0,0.0,DDoS-SynonymousIP_Flood,1
3.2058748409978195,0.12251830300159983,0.0,0.0,-0.49654436936060414,0.0,0.0,1.0,0.0,0.0,0.0,0.0,0.0,0.0,4.423550157406352,0.0,0.0,0.0,0.0,0.0,0.0,0.0,0.0,0.0,0.0,0.0,0.0,0.0,0.0,0.0,0.0,0.0,0.0,0.8739233457132806,0.0,0.0,0.0,DDoS-SynonymousIP_Flood,1
0.13763911570762946,1.4945680852543228,1.533352855933707,0.12846086690115843,1.7853109387924992,0.0,0.0,0.0,0.0,0.0,0.0,0.0,0.0,0.0,0.0,0.0,0.0,0.0,0.0,0.0,0.0,0.0,-1.0,1.0,0.0,0.0,0.0,0.0,-0.6817013950758081,-1.0,-0.20849425012875944,1.9182965912446504,-0.6908119445165932,-0.40665883075880943,-0.7587379893746697,1.9546124146679889,1.520442853797087,DoS-UDP_Flood,1
0.0,0.0,0.0,0.0,0.35370889397535066,0.0,0.0,0.0,0.0,0.6931471805599453,0.6931471805599453,0.0,0.0,0.0,0.0,0.0,0.6931471805599453,35.00278878114653,0.0,0.0,0.0,0.0,0.0,0.0,0.0,0.0,0.0,0.0,0.0,0.0,0.0,0.0,0.0,0.6871353075828968,0.0,0.0,0.0,DDoS-PSHACK_Flood,1
15.613590456761,0.39346848571166787,0.0,0.0,-0.6569057320409472,0.0,0.0,1.0,0.0,0.0,0.0,0.0,0.0,0.0,6.9715281586813695,0.0,0.0,0.0,0.0,0.0,0.0,0.0,0.0,0.0,0.0,0.0,0.0,0.0,-12.256238697074485,0.0,0.0,0.0,0.0,-301.59821119427176,0.0,0.0,0.0,DDoS-SynonymousIP_Flood,1
0.0,-1.4513389403258232,-2.1606122929018636,0.0,-0.11583145040323463,0.0,0.0,0.0,0.0,0.0,0.0,0.0,0.0,0.0,0.0,0.0,0.0,0.0,0.0,0.0,0.0,0.0,-1.0,0.0,0.0,0.0,1.0,0.0,-3.1946884019211876,-3.2597145763975988,-2.1453568405302192,0.0,-3.13895514140087,0.0012918622868581156,-3.1816908209099646,0.0,0.0,DDoS-ICMP_Flood,1
0.0,0.0,0.0,0.0,0.23932459285959126,0.0,0.0,1.0,0.0,0.0,0.0,0.0,0.0,0.0,3.4857640793406848,0.0,0.0,0.0,0.6931471805599453,0.0,0.0,0.0,0.0,0.0,0.0,0.0,0.0,0.0,0.0,0.0,0.0,0.0,0.0,-0.12799847021529714,0.0,0.0,0.0,DDoS-SYN_Flood,1
5.969982550505103,0.23308401353822386,0.0,0.0,-0.537042169411504,0.0,0.0,1.0,0.0,0.0,0.0,0.0,0.0,0.0,5.3888810088241295,0.0,0.0,0.0,0.0,0.6931471805599453,0.0,0.0,0.0,0.0,0.0,0.0,0.0,0.0,0.0,0.0,0.0,0.0,0.0,0.8630258893397446,0.0,0.0,0.0,DDoS-SynonymousIP_Flood,1
0.0,0.0,0.0,0.0,-0.5763926184348241,0.0,0.0,0.0,0.0,0.0,0.0,0.0,0.0,0.0,0.0,0.0,0.0,0.0,0.0,0.0,0.0,0.0,0.0,0.0,0.0,0.0,0.0,0.0,0.0,0.0,0.0,0.0,0.0,-0.6462973974034328,0.0,0.0,0.0,DoS-TCP_Flood,1
0.0,-0.003573429594906621,-0.012363333590255966,0.0,0.1407109421378294,0.0,0.0,1.0,0.0,0.0,0.0,0.0,0.0,0.0,3.460556535077735,0.0,0.0,0.0,0.0,0.0,0.0,0.0,0.0,0.0,0.0,0.0,0.0,0.0,0.10807723343257651,0.0,0.7351383545067218,1.9533860765129472,0.10161871842208084,-0.1253525916133029,0.07875994399883832,2.1563768290761,1.2109863674277355,DDoS-SYN_Flood,1
0.0,-1.4513389403258232,3.320506119786125,0.0,-0.0341100182329399,0.0,0.0,0.0,0.0,0.0,0.0,0.0,0.0,0.0,0.0,0.0,0.0,0.0,0.0,0.0,0.0,0.0,-1.0,0.0,0.0,0.0,0.0,0.0,30.47961086516102,31.491700297248286,20.726027714761642,0.0,30.325058296590445,2.0053621227382825,31.65802788915891,0.0,0.0,Mirai-greeth_flood,1
0.0,-1.4513389403258232,-2.1606122929018636,0.0,0.46810649702508583,0.0,0.0,0.0,0.0,0.0,0.0,0.0,0.0,0.0,0.0,0.0,0.0,0.0,0.0,0.0,0.0,0.0,-1.0,0.0,0.0,0.0,1.0,0.0,-3.1946884019211876,-3.2597145763975988,-2.1453568405302192,0.0,-3.13895514140087,0.09006778682595962,-3.1816908209099646,0.0,0.0,DDoS-ICMP_Flood,1
0.42395037880711517,2.2069277121191795,1.6288918283450677,0.0,2.307109309888612,0.0,0.0,0.0,0.0,0.0,0.0,0.0,0.0,0.0,0.0,0.0,0.0,0.0,0.0,0.0,0.0,0.0,-1.0,1.0,0.0,0.0,0.0,0.0,-0.9784901618675309,-1.0,-0.6581425429281335,0.0,-0.9629539850295165,-0.06568220625888614,-0.9782642144148311,0.0,0.0,DDoS-UDP_Flood,1
0.7789130778174393,2.365254572945589,1.6288918283450677,0.0,1.7148677598010487,0.0,0.0,0.0,0.0,0.0,0.0,0.0,0.0,0.0,0.0,0.0,0.0,0.0,0.0,0.0,0.0,0.0,-1.0,1.0,0.0,0.0,0.0,0.0,-0.9784901618675309,-1.0,-0.6581425429281335,0.0,-0.9629539850295165,-0.3913602304677089,-0.9782642144148311,0.0,0.0,DoS-UDP_Flood,1
0.0,0.0,0.0,0.0,-0.6093362758653502,0.0,0.0,1.0,0.0,0.0,0.0,0.0,0.0,0.0,3.4857640793406848,0.0,0.0,0.0,0.0,0.0,0.0,0.0,0.0,0.0,0.0,0.0,0.0,0.0,0.0,0.0,0.0,0.0,0.0,-0.5207446915901711,0.0,0.0,0.0,DoS-SYN_Flood,1
0.0,0.0,0.0,0.0,-0.3441862536033306,0.0,0.0,0.0,0.0,0.0,0.0,0.0,0.0,0.0,0.0,0.0,0.0,0.0,0.6931471805599453,0.0,0.0,0.0,0.0,0.0,0.0,0.0,0.0,0.0,0.0,0.0,0.0,0.0,0.0,-0.7236513587606574,0.0,0.0,0.0,DoS-TCP_Flood,1
0.0,0.0,0.0,0.0,-0.3924169133868079,0.0,0.0,0.0,0.0,0.0,0.0,0.0,0.0,0.0,0.0,0.0,0.0,0.0,0.0,0.0,0.0,0.0,0.0,0.0,0.0,0.0,0.0,0.0,0.0,0.0,0.0,0.0,0.0,-0.20784091494037576,0.0,0.0,0.0,DDoS-TCP_Flood,1
7.796749964532906,3.2691620324919164,0.0,0.0,0.6743873413130516,0.0,0.0,0.0,0.0,0.0,0.6931471805599453,0.0,0.0,0.09531017980432487,1.6920833972983476,0.0,2.028148247292285,293.3773775804216,0.0,0.6931471805599453,0.0,0.0,0.0,0.0,0.0,0.0,0.0,0.0,50.54750410293729,2.613770776601509,40.69094052279328,17.67630133403206,45.50227779648823,302.5746969002418,47.87225316646908,11.571881874866353,8.043231726932055,BenignTraffic,0
15.947115813251369,0.2908452018909021,0.02689133735382879,0.028961162899088677,-0.6894436637032733,0.0,0.0,0.0,0.0,0.0,0.0,0.0,0.0,0.0,0.0,0.173953307123438,0.0,8.784354950567431,0.6931471805599453,0.0,0.0,0.0,0.0,0.0,0.0,0.0,0.0,0.0,0.6913196715314786,0.0,3.9649339141769127,5.7660538269344235,0.4017050740012617,-0.7236093445112927,0.7718352280860413,5.036471731951449,1.9206180450055654,DoS-TCP_Flood,1
0.0,0.0,0.0,0.0,0.06815927058691813,0.0,0.0,0.0,0.0,0.0,0.0,0.0,0.0,0.0,0.0,0.0,0.0,0.0,0.0,0.0,0.0,0.0,0.0,0.0,0.0,0.0,0.0,0.0,0.0,0.0,0.0,0.0,0.0,-0.20714347656856738,0.0,0.0,0.0,DDoS-TCP_Flood,1
0.0,0.0,0.0,0.0,0.0017408264523056988,0.0,0.0,0.0,0.0,0.6931471805599453,0.6931471805599453,0.0,0.0,0.0,0.0,0.0,0.6931471805599453,35.00278878114653,0.0,0.0,0.0,0.0,0.0,0.0,0.0,0.0,0.0,0.0,0.0,0.0,0.0,0.0,0.0,0.7486536414967707,0.0,0.0,0.0,DDoS-PSHACK_Flood,1
16.140100767879463,0.24773012864635294,0.0,0.0,-0.6977409875392071,0.0,0.0,0.0,0.0,0.0,0.0,0.0,0.0,0.0,0.0,0.0,0.0,0.0,0.0,0.0,0.0,0.0,0.0,0.0,0.0,0.0,0.0,0.0,0.0,0.0,0.0,0.0,0.0,-0.6287525761044771,0.0,0.0,0.0,DoS-TCP_Flood,1
0.0,0.017544922434538892,0.0,0.0,-0.5928709032931376,0.0,0.6931471805599453,0.0,0.6931471805599453,0.0,0.0,0.0,0.0,0.688134638736401,0.0,0.688134638736401,0.009950330853168083,0.5024752879678589,0.0,0.6931471805599453,0.0,0.0,0.0,0.0,0.0,0.0,0.0,0.0,0.77198936830088,0.0,4.339873519921746,5.71003584164133,0.6178075324844027,0.8114097490684846,0.585719479881431,5.224728872402249,1.4182049190823993,DDoS-RSTFINFlood,1
0.0,0.0,0.0,0.0,-0.36672368077245654,0.0,0.0,1.0,0.0,0.0,0.0,0.0,0.0,0.0,3.4857640793406848,0.0,0.0,0.0,0.0,0.0,0.0,0.0,0.0,0.0,0.0,0.0,0.0,0.0,0.0,0.0,0.0,0.0,0.0,-0.12868730076858312,0.0,0.0,0.0,DDoS-SYN_Flood,1
0.0,0.010385536522018795,0.02689133735382879,0.028961162899088677,0.618086395337364,0.0,0.0,1.0,0.0,0.0,0.0,0.0,0.0,0.0,3.460556535077735,0.0,0.0,0.0,0.0,0.0,0.0,0.0,0.0,0.0,0.0,0.0,0.0,0.0,0.5958057340450609,0.0,3.502381165731888,5.359223859431909,0.3657048195074398,-0.12463762695246151,0.6063166115363869,4.7763234876528236,1.8218605933779084,DDoS-SYN_Flood,1
0.15249650270131837,2.122060989499962,1.6288918283450677,0.0,1.9918827315033663,0.0,0.0,0.0,0.0,0.0,0.0,0.0,0.0,0.0,0.0,0.0,0.0,0.0,0.0,0.0,0.0,0.0,-1.0,1.0,0.0,0.0,0.0,0.0,-0.9784901618675309,-1.0,-0.6581425429281335,0.0,-0.9629539850295165,-0.40695410680906097,-0.9782642144148311,0.0,0.0,DoS-UDP_Flood,1
0.06517821100490252,0.14912321912762258,0.05336981159237093,0.0,0.4640285539086408,0.0,0.0,1.0,0.0,0.0,0.0,0.0,0.0,0.0,4.567536524148775,0.0,0.0,0.0,0.0,0.0,0.0,0.0,0.0,0.0,0.0,0.0,0.0,0.0,0.2603660724497132,0.0,0.9196160947569092,2.7546587432080685,0.23434533142122838,0.8581956643582231,0.1918893626210556,2.904081137300827,1.3150581908108256,DDoS-SynonymousIP_Flood,1
0.0,0.0,0.0,0.0,-0.49369815744824896,0.0,0.0,0.0,0.0,0.6931471805599453,0.6931471805599453,0.0,0.0,0.0,0.0,0.0,0.6931471805599453,35.00278878114653,0.0,0.0,0.0,0.0,0.0,0.0,0.0,0.0,0.0,0.0,0.0,0.0,0.0,0.0,0.0,0.6900949397951789,0.0,0.0,0.0,DDoS-PSHACK_Flood,1
0.0,0.0,0.0,0.0,-0.7804506568568762,0.0,0.6931471805599453,0.0,0.6931471805599453,0.0,0.0,0.0,0.0,0.6931471805599453,0.0,0.6931471805599453,0.0,0.0,0.0,0.0,0.0,0.0,0.0,0.0,0.0,0.0,0.0,0.0,0.0,0.0,0.0,0.0,0.0,0.8156861363271685,0.0,0.0,0.0,DDoS-RSTFINFlood,1
0.0,0.0,0.0,0.0,-0.5835641829733648,0.0,0.6931471805599453,0.0,0.6931471805599453,0.0,0.0,0.0,0.0,0.6931471805599453,0.0,0.6931471805599453,0.0,0.0,0.0,0.0,0.0,0.0,0.0,0.0,0.0,0.0,0.0,0.0,0.0,0.0,0.0,0.0,0.0,0.7956124123659278,0.0,0.0,0.0,DDoS-RSTFINFlood,1
0.0,0.0,0.0,0.0,-0.7080574041520087,0.0,0.0,0.0,0.0,0.0,0.0,0.0,0.0,0.0,0.0,0.0,0.0,0.0,0.6931471805599453,0.0,0.0,0.0,0.0,0.0,0.0,0.0,0.0,0.0,0.0,0.0,0.0,0.0,0.0,-0.21969729273413294,0.0,0.0,0.0,DDoS-TCP_Flood,1
20.9632465248318,0.24412375152812485,-0.01484667116878494,-0.009894947771454277,-0.7344323378622073,0.0,0.0,1.0,0.0,0.0,0.0,0.0,0.0,0.0,5.491167136052721,0.0,0.0,0.0,0.0,0.0,0.0,0.0,0.0,0.0,0.0,0.0,0.0,0.0,0.026881626833906772,0.014439806956696728,0.18812776034521222,0.7462209435759599,0.013904869652008049,-0.11013287122632029,0.05028881512610059,0.4342487955106182,2.018542090483177,DDoS-SYN_Flood,1
8.403129260639837,0.24773012864635294,0.0,0.0,-0.5647274619352176,0.0,0.0,1.0,0.0,0.0,0.0,0.0,0.0,0.0,5.52480535211579,0.0,0.0,0.0,0.0,0.0,0.0,0.0,0.0,0.0,0.0,0.0,0.0,0.0,0.0,0.0,0.0,0.0,0.0,0.8613400751830154,0.0,0.0,0.0,DDoS-SynonymousIP_Flood,1
0.0,0.0,0.0,0.0,0.16762523516704522,0.0,0.0,1.0,0.0,0.0,0.0,0.0,0.0,0.0,3.4857640793406848,0.0,0.0,0.0,0.0,0.0,0.0,0.0,0.0,0.0,0.0,0.0,0.0,0.0,0.0,0.0,0.0,0.0,0.0,-0.12633680982163095,0.0,0.0,0.0,DDoS-SYN_Flood,1
1.8472503978588277,2.2798884240514616,1.6288918283450677,0.0,1.4971261261434756,0.0,0.0,0.0,0.0,0.0,0.0,0.0,0.0,0.0,0.0,0.0,0.0,0.0,0.0,0.0,0.0,0.0,-1.0,1.0,0.0,0.0,0.0,0.0,-0.9784901618675309,-1.0,-0.6581425429281335,0.0,-0.9629539850295165,-0.002515060312520391,-0.9782642144148311,0.0,0.0,DDoS-UDP_Flood,1
0.5521028676557387,2.2771500295498686,1.6288918283450677,0.0,1.7675548481875758,0.0,0.0,0.0,0.0,0.0,0.0,0.0,0.0,0.0,0.0,0.0,0.0,0.0,0.0,0.0,0.0,0.0,-1.0,1.0,0.0,0.0,0.0,0.0,-0.9784901618675309,-1.0,-0.6581425429281335,0.0,-0.9629539850295165,-0.0029650385500685334,-0.9782642144148311,0.0,0.0,DDoS-UDP_Flood,1
0.5350787763021456,2.337842809128604,1.6288918283450677,0.0,1.8020748888274807,0.0,0.0,0.0,0.0,0.0,0.0,0.0,0.0,0.0,0.0,0.0,0.0,0.0,0.0,0.0,0.0,0.0,-1.0,1.0,0.0,0.0,0.0,0.0,-0.9784901618675309,-1.0,-0.6581425429281335,0.0,-0.9629539850295165,-0.39134255617752106,-0.9782642144148311,0.0,0.0,DoS-UDP_Flood,1
0.4543308496712911,2.0529197630237843,1.6288918283450677,0.0,1.6296043013040404,0.0,0.0,0.0,0.0,0.0,0.0,0.0,0.0,0.0,0.0,0.0,0.0,0.0,0.0,0.0,0.0,0.0,-1.0,1.0,0.0,0.0,0.0,0.0,-0.9784901618675309,-1.0,-0.6581425429281335,0.0,-0.9629539850295165,-0.39594879722743204,-0.9782642144148311,0.0,0.0,DoS-UDP_Flood,1
37.03350240002219,4.005374563099937,0.47134290685304675,0.09391059944990232,0.321040837158856,0.0,0.0,0.0,0.0,0.0,0.6931471805599453,0.0,0.0,0.0,4.402639962826843,0.0,5.2278949022514904,411.8917550609729,0.0,0.6931471805599453,0.0,0.0,0.0,0.0,0.0,0.0,0.0,0.0,33.631072735054126,38.533629218356104,32.30634935513075,14.394106638483521,40.23975838452867,-301.59821118497837,44.16174215111826,9.990337224224996,4.704988944865918,BenignTraffic,0
21.296931408359253,0.6223802070483728,0.0,0.0,-0.6862722830620963,0.0,0.0,1.0,0.0,0.0,0.0,0.0,0.0,0.0,6.726796140482508,1.0331844833456545,0.0,52.174111439494425,0.0,0.0,0.0,0.0,0.0,0.0,0.0,0.0,0.0,0.0,4.007252995775096,4.1076013988187565,2.7033872299537345,0.0,3.9554311359053376,-0.44153022118102053,4.0384620835953,0.0,0.0,DoS-HTTP_Flood,1
1.1130477251270636,0.05590411866198239,0.0,0.0,-0.4390079531043004,0.0,0.0,1.0,0.0,0.0,0.0,0.0,0.0,0.0,3.4857640793406848,0.15700374880966475,0.0,0.0,0.0,0.0,0.0,0.0,0.0,0.0,0.0,0.0,0.0,0.0,0.0,0.0,0.0,0.0,0.0,-0.5047852204824533,0.0,0.0,0.0,DoS-SYN_Flood,1
0.0,0.0,0.0,0.0,-0.5855114931092918,0.0,0.0,0.0,0.0,0.0,0.0,0.0,0.0,0.0,0.0,0.0,0.0,0.0,0.0,0.0,0.0,0.0,0.0,0.0,0.0,0.0,0.0,0.0,0.0,0.0,0.0,0.0,0.0,-0.6450782573465305,0.0,0.0,0.0,DoS-TCP_Flood,1
0.6658533354863144,2.224763670458026,1.5822760811600316,0.08448254115226206,1.655057704567743,0.0,0.0,0.0,0.0,0.0,0.0,0.0,0.0,0.0,0.0,0.0,0.0,0.0,0.0,0.0,0.0,0.0,-1.0,1.0,0.0,0.0,0.0,0.0,-0.8340189784327678,-1.0,-0.29003130739437466,1.4933289396184593,-0.8137934345294322,-0.08163242473639999,-0.8776475769217149,1.615018289176458,1.2109863674277355,DDoS-UDP_Flood,1
0.0,0.013253599833111572,0.02689133735382879,0.009797996326253333,0.18376574973932994,0.0,0.0,1.0,0.0,0.0,0.0,0.0,0.0,0.0,3.460556535077735,0.0,0.0,0.0,0.0,0.0,0.0,0.0,0.0,0.0,0.0,0.0,0.0,0.0,0.5400433013026803,0.0,3.2222304197365714,4.872086092412285,0.46669763516942847,-0.1276040330281837,0.3962538188105981,4.666992799305743,1.3150581908108256,DDoS-SYN_Flood,1
0.9444093630712523,2.2882250500815235,1.6288918283450677,0.0,1.671595359223656,0.0,0.0,0.0,0.0,0.0,0.0,0.0,0.0,0.0,0.0,0.0,0.0,0.0,0.0,0.0,0.0,0.0,-1.0,1.0,0.0,0.0,0.0,0.0,-0.9784901618675309,-1.0,-0.6581425429281335,0.0,-0.9629539850295165,-0.0803462920293181,-0.9782642144148311,0.0,0.0,DDoS-UDP_Flood,1
0.0,0.0,0.0,0.0,-0.5853782122372004,0.0,0.6931471805599453,0.0,0.6931471805599453,0.0,0.0,0.0,0.0,0.6931471805599453,0.0,0.6931471805599453,0.0,0.0,0.0,0.0,0.0,0.0,0.0,0.0,0.0,0.0,0.0,0.0,0.0,0.0,0.0,0.0,0.0,0.7973214181053931,0.0,0.0,0.0,DDoS-RSTFINFlood,1
0.0,0.0,0.0,0.0,-0.3314854012696577,0.0,0.0,0.0,0.0,0.6931471805599453,0.6931471805599453,0.0,0.0,0.0,0.0,0.0,0.6931471805599453,35.00278878114653,0.0,0.6931471805599453,0.0,0.0,0.0,0.0,0.0,0.0,0.0,0.0,0.0,0.0,0.0,0.0,0.0,0.7531589545397241,0.0,0.0,0.0,DDoS-PSHACK_Flood,1
0.060118529499815394,0.0155948883997951,0.05336981159237093,0.028961162899088677,0.012572679801668738,0.0,0.6931471805599453,0.0,0.6931471805599453,0.0,0.0,0.0,0.0,0.6830968447064438,0.0,0.6830968447064438,0.0,0.0,0.0,0.0,0.0,0.0,0.0,0.0,0.0,0.0,0.0,0.0,0.3287326407765011,0.0,1.2594438830741723,3.4233469888562755,0.18416322462459778,0.8004288898727373,0.4204558158416222,3.161379080993102,2.018542090483177,DDoS-RSTFINFlood,1
15.45334951175295,4.11887187174226,1.6288918283450677,0.0,1.2813402676227104,0.0,0.0,0.0,0.0,0.0,0.0,0.0,0.0,0.0,0.0,0.0,0.0,0.0,0.0,0.0,0.0,0.0,-1.0,1.0,0.0,0.0,0.0,0.0,29.634727059736914,30.61461869346902,20.148782997694873,0.0,29.48046907103512,2.4108274552719027,30.75859664112244,0.0,0.0,Mirai-udpplain,1
10.903469220586347,3.851930860646952,1.6288918283450677,0.0,1.2677784699806878,0.0,0.0,0.0,0.0,0.0,0.0,0.0,0.0,0.0,0.0,0.0,0.0,0.0,0.0,0.0,0.0,0.0,-1.0,1.0,0.0,0.0,0.0,0.0,29.634727059736914,30.61461869346902,20.148782997694873,0.0,29.48046907103512,2.3325685858780143,30.75859664112244,0.0,0.0,Mirai-udpplain,1
0.009850896804937927,0.017795776656687773,0.02689133735382879,0.009797996326253333,0.10904836692634669,0.0,0.0,0.0,0.0,0.0,0.0,0.0,0.0,0.0,0.0,0.0,0.0,0.0,0.0,0.6931471805599453,0.0,0.0,0.0,0.0,0.0,0.0,0.0,0.0,0.49094222613698824,0.0,2.96892371852686,4.668263694168704,0.4241537361711713,-0.1747084639423637,0.3617816052645705,4.51196867278433,1.3150581908108256,DDoS-TCP_Flood,1
0.8256710844658104,2.290967909550882,1.6183197951558497,0.027166098841908237,1.808455685310047,0.0,0.0,0.0,0.0,0.0,0.0,0.0,0.0,0.0,0.3402482086362116,0.0,0.009950330853168083,3.4166500970741085,0.0,0.0,0.0,0.0,-1.0,1.0,0.0,0.0,0.0,0.0,-0.9398040087561084,-1.0,-0.38889340156571434,0.8174486989246401,-0.9230069463040714,1.3167302379817805,-0.9511646337276443,0.763727876053916,1.1059727047904317,DDoS-UDP_Flood,1
3.2222360062801356,2.696958500249905,1.6288918283450677,0.0,1.532026155244972,0.0,0.0,0.0,0.0,0.0,0.0,0.0,0.0,0.0,0.0,0.0,0.0,0.0,0.0,0.0,0.0,0.0,-1.0,1.0,0.0,0.0,0.0,0.0,-0.9784901618675309,-1.0,-0.6581425429281335,0.0,-0.9629539850295165,-0.3948291574171,-0.9782642144148311,0.0,0.0,DoS-UDP_Flood,1
15.083692807252762,0.24773012864635294,0.0,0.0,-0.6865028693858493,0.0,0.0,0.0,0.0,0.0,0.0,0.0,0.0,0.0,0.0,0.0,0.0,0.0,0.0,0.0,0.0,0.0,0.0,0.0,0.0,0.0,0.0,0.0,0.0,0.0,0.0,0.0,0.0,-0.6123992157390413,0.0,0.0,0.0,DoS-TCP_Flood,1
0.0,0.0,0.0,0.0,-0.33894185736713367,0.0,0.0,1.0,0.0,0.0,0.0,0.0,0.0,0.0,3.4857640793406848,0.0,0.0,0.0,0.0,0.0,0.0,0.0,0.0,0.0,0.0,0.0,0.0,0.0,0.0,0.0,0.0,0.0,0.0,0.86155232835709,0.0,0.0,0.0,DDoS-SynonymousIP_Flood,1
0.0,0.0,0.0,0.0,0.6984184400578677,0.0,0.6931471805599453,0.0,0.6931471805599453,0.0,0.0,0.0,0.0,0.6931471805599453,0.0,0.6931471805599453,0.0,0.0,0.0,0.0,0.0,0.0,0.0,0.0,0.0,0.0,0.0,0.0,0.0,0.0,0.0,0.0,0.0,0.7982848668440392,0.0,0.0,0.0,DDoS-RSTFINFlood,1
0.6396670987740979,2.054055024340622,1.6288918283450677,0.0,1.5322678350559031,0.0,0.0,0.0,0.0,0.0,0.0,0.0,0.0,0.0,0.0,0.0,0.0,0.0,0.0,0.0,0.0,0.0,-1.0,1.0,0.0,0.0,0.0,0.0,-0.9784901618675309,-1.0,-0.6581425429281335,0.0,-0.9629539850295165,-0.34796138315857034,-0.9782642144148311,0.0,0.0,DoS-UDP_Flood,1
14.677028752535586,0.24773012864635294,0.0,0.0,-0.6817649724443055,0.0,0.0,0.0,0.0,0.0,0.0,0.0,0.0,0.0,0.0,0.0,0.0,0.0,0.0,0.0,0.0,0.0,0.0,0.0,0.0,0.0,0.0,0.0,0.0,0.0,0.0,0.0,0.0,-0.6287511069500787,0.0,0.0,0.0,DoS-TCP_Flood,1
0.0,0.0,0.0,0.0,0.10656088600639187,0.0,0.0,0.0,0.0,0.0,0.0,0.0,0.0,0.0,0.0,0.0,0.0,0.0,0.0,0.0,0.0,0.0,0.0,0.0,0.0,0.0,0.0,0.0,0.0,0.0,0.0,0.0,0.0,-0.19030813232853305,0.0,0.0,0.0,DDoS-TCP_Flood,1
0.0,0.0,0.0,0.0,-0.6674786895879112,0.0,0.0,1.0,0.0,0.0,0.0,0.0,0.0,0.0,3.4857640793406848,0.0,0.0,0.0,0.0,0.0,0.0,0.0,0.0,0.0,0.0,0.0,0.0,0.0,0.0,0.0,0.0,0.0,0.0,-0.11255407763587642,0.0,0.0,0.0,DDoS-SYN_Flood,1
0.0,-1.4513389403258232,-2.1606122929018636,0.0,-0.003135196575786167,0.0,0.0,0.0,0.0,0.0,0.0,0.0,0.0,0.0,0.0,0.0,0.0,0.0,0.0,0.0,0.0,0.0,-1.0,0.0,0.0,0.0,1.0,0.0,-3.1946884019211876,-3.2597145763975988,-2.1453568405302192,0.0,-3.13895514140087,0.09174701599954925,-3.1816908209099646,0.0,0.0,DDoS-ICMP_Flood,1
0.0,0.0,0.0,0.0,0.21809407476786213,0.0,0.0,0.0,0.0,0.6931471805599453,0.6931471805599453,0.0,0.0,0.0,0.0,0.0,0.6931471805599453,35.00278878114653,0.0,0.0,0.0,0.0,0.0,0.0,0.0,0.0,0.0,0.0,0.0,0.0,0.0,0.0,0.0,0.75225971085543,0.0,0.0,0.0,DDoS-PSHACK_Flood,1
0.19249019693771632,2.0760434930656366,1.6288918283450677,0.0,1.8908566331636434,0.0,0.0,0.0,0.0,0.0,0.0,0.0,0.0,0.0,0.0,0.0,0.0,0.0,0.0,0.0,0.0,0.0,-1.0,1.0,0.0,0.0,0.0,0.0,-0.9784901618675309,-1.0,-0.6581425429281335,0.0,-0.9629539850295165,-0.3913291942993302,-0.9782642144148311,0.0,0.0,DoS-UDP_Flood,1
0.5958758784153063,2.15248100960655,1.6288918283450677,0.0,1.8964025658714656,0.0,0.0,0.0,0.0,0.0,0.0,0.0,0.0,0.0,0.0,0.0,0.0,0.0,0.0,0.0,0.0,0.0,-1.0,1.0,0.0,0.0,0.0,0.0,-0.9784901618675309,-1.0,-0.6581425429281335,0.0,-0.9629539850295165,-0.0658672561777507,-0.9782642144148311,0.0,0.0,DDoS-UDP_Flood,1
0.0,0.0,0.0,0.0,-0.5291657264068135,0.0,0.0,0.0,0.0,0.0,0.0,0.0,0.0,0.0,0.0,0.0,0.0,0.0,0.0,0.0,0.0,0.0,0.0,0.0,0.0,0.0,0.0,0.0,0.0,0.0,0.0,0.0,0.0,-0.18888558791075488,0.0,0.0,0.0,DDoS-TCP_Flood,1
18.3397018497108,0.4331214619984281,0.02689133735382879,0.006440752214601275,-0.5974775678981362,0.0,0.0,0.0,0.6931471805599453,0.0,0.0,0.0,0.0,0.0,6.497249696589818,0.48858001481867097,0.0,25.593452565065757,0.0,0.0,0.0,0.0,0.0,0.0,0.0,0.0,0.0,0.0,0.06352834176868846,0.0,0.39654305348740054,1.1699917006382565,0.08320271278756938,-0.5492517957001429,0.041027489826929664,1.4007929720449055,0.8930505744880486,DoS-SYN_Flood,1
0.0,0.0,0.0,0.0,-0.26077568951898106,0.0,0.0,1.0,0.0,0.0,0.0,0.0,0.0,0.0,3.4857640793406848,0.0,0.0,0.0,0.0,0.0,0.0,0.0,0.0,0.0,0.0,0.0,0.0,0.0,0.0,0.0,0.0,0.0,0.0,-0.12617644865287878,0.0,0.0,0.0,DDoS-SYN_Flood,1
3.8611585460915783,3.78931336375199,0.0,0.43477493736199246,1.5064062600950157,0.0,0.0,0.0,0.0,0.0,0.6931471805599453,0.0,0.0,0.0,0.0,0.0,5.709433146165015,387.3463378454745,0.6931471805599453,0.0,0.0,0.0,0.0,0.0,0.0,0.0,0.0,0.0,29.429031379419943,29.374770285162555,30.791460491221734,15.338593226788513,37.67696403419887,-301.59821119437635,40.25940880404612,10.347682392573528,6.15737336001558,DNS_Spoofing,1
0.0,0.0,0.0,0.0,-0.026483852880048692,0.0,0.6931471805599453,0.0,0.6931471805599453,0.0,0.0,0.0,0.0,0.6931471805599453,0.0,0.6931471805599453,0.0,0.0,0.0,0.0,0.0,0.0,0.0,0.0,0.0,0.0,0.0,0.0,0.0,0.0,0.0,0.0,0.0,0.8003270678921891,0.0,0.0,0.0,DDoS-RSTFINFlood,1
0.0,0.0,0.0,0.0,-0.6705240515784889,0.0,0.6931471805599453,0.0,0.6931471805599453,0.0,0.0,0.0,0.0,0.6931471805599453,0.0,0.6931471805599453,0.0,0.0,0.0,0.0,0.0,0.0,0.0,0.0,0.0,0.0,0.0,0.0,0.0,0.0,0.0,0.0,0.0,0.799722970977581,0.0,0.0,0.0,DDoS-RSTFINFlood,1
32.80728493277199,3.08414174533515,0.1666177248757482,0.4968515160621596,0.4009823480326919,0.0,0.0,0.0,0.0,0.0,0.6931471805599453,0.0,0.0,0.1310282624064041,4.33938259352888,0.039220713153281295,5.02677107600566,314.8314140729239,0.0,0.6931471805599453,0.0,0.0,0.0,0.0,0.0,0.0,0.0,0.0,27.647452777143755,5.893919160598517,28.50969432307187,14.61824388917185,28.639682948888947,0.910636469725861,23.71840920101695,10.296281657200817,7.2633460648060115,DDoS-SlowLoris,1
0.0,0.003016467801902767,0.09117247895655087,-0.009894947771454277,0.5107687751172418,0.0,0.0,0.0,0.0,0.0,0.0,0.0,0.0,0.0,0.0,0.0,0.0,0.0,0.0,0.0,0.0,0.0,0.0,0.0,0.0,0.0,0.0,0.0,0.180359607424647,0.0,0.3586033754976157,1.5709368711034066,0.24344817383894402,-0.20676562545359434,0.11513381623715682,1.832664014952448,1.1059727047904317,DDoS-TCP_Flood,1
0.008966643318843084,0.004059812473767942,0.0,0.026117488154854485,-0.2398360164942812,0.0,0.0,0.0,0.0,0.6931471805599453,0.6931471805599453,0.0,0.0,0.0,0.09958532450472099,0.0,0.688134638736401,35.00278878114653,0.0,0.0,0.0,0.0,0.0,0.0,0.0,0.0,0.0,0.0,0.010759459561732024,0.0,0.07573905317982567,0.2853820281219595,0.009271597417287197,0.6899644145164661,0.008310419374258193,0.09782692588643581,1.3150581908108256,DDoS-PSHACK_Flood,1
0.0,0.0,0.0,0.0,0.09088137845389797,0.0,0.0,0.0,0.0,0.6931471805599453,0.6931471805599453,0.0,0.0,0.0,0.0,0.0,0.6931471805599453,35.00278878114653,0.0,0.0,0.0,0.0,0.0,0.0,0.0,0.0,0.0,0.0,0.0,0.0,0.0,0.0,0.0,0.6900893286993169,0.0,0.0,0.0,DDoS-PSHACK_Flood,1
0.0,-1.4513389403258232,-2.1606122929018636,0.028961162899088677,-0.6115055930691804,0.0,0.0,0.0,0.0,0.0,0.0,0.0,0.0,0.0,0.0,0.0,0.0,0.0,0.0,0.0,0.0,0.0,-1.0,0.0,0.0,0.0,1.0,0.0,-3.1946884019211876,-3.2597145763975988,-2.1453568405302192,0.0,-3.13895514140087,0.09268508436925098,-3.1816908209099646,0.0,0.0,DDoS-ICMP_Flood,1
0.0,0.0,0.0,0.0,-0.4493317694693951,0.0,0.0,0.0,0.0,0.0,0.0,0.0,0.0,0.0,0.0,0.0,0.0,0.0,0.0,0.0,0.0,0.0,0.0,0.0,0.0,0.0,0.0,0.0,0.0,0.0,0.0,0.0,0.0,-0.317168318868454,0.0,0.0,0.0,DDoS-TCP_Flood,1
0.10979853691526577,0.027568053503385433,0.0,0.028961162899088677,0.39101926321381875,0.0,0.0,1.0,0.0,0.0,0.0,0.0,0.0,0.0,3.460556535077735,0.0,0.019802627296179712,2.4638227766294687,0.0,0.0,0.0,0.0,0.0,0.0,0.0,0.0,0.0,0.0,0.0,0.0,0.0,0.0,0.0,-0.11297719145521681,0.0,0.0,0.0,DDoS-SYN_Flood,1
0.0,0.0,0.0,0.0,0.14656543053517884,0.0,0.0,1.0,0.0,0.0,0.0,0.0,0.0,0.0,3.4857640793406848,0.0,0.0,0.0,0.0,0.0,0.0,0.0,0.0,0.0,0.0,0.0,0.0,0.0,0.0,0.0,0.0,0.0,0.0,-0.12592423877056044,0.0,0.0,0.0,DDoS-SYN_Flood,1
0.33082995890766503,0.015216246683394847,0.0,0.028961162899088677,0.14159326575812117,0.0,0.6931471805599453,0.0,0.6931471805599453,0.0,0.0,0.0,0.0,0.688134638736401,0.24536059073276834,0.688134638736401,0.0,1.0,0.0,0.0,0.0,0.0,0.0,0.0,0.0,0.0,0.0,0.0,0.0008969688479722053,0.0,0.006336785346012427,0.021196081730384876,0.009271597417287197,0.7990755707037588,0.0,0.0,0.0,DDoS-RSTFINFlood,1
0.9067981502215866,2.3272304494961844,1.6288918283450677,0.0,1.706973606451045,0.0,0.0,0.0,0.0,0.0,0.0,0.0,0.0,0.0,0.0,0.0,0.0,0.0,0.0,0.0,0.0,0.0,-1.0,1.0,0.0,0.0,0.0,0.0,-0.9784901618675309,-1.0,-0.6581425429281335,0.0,-0.9629539850295165,-0.09494607383544203,-0.9782642144148311,0.0,0.0,DDoS-UDP_Flood,1
0.0,0.0,0.0,0.0,-0.11001057030499871,0.0,0.0,0.0,0.0,0.6931471805599453,0.6931471805599453,0.0,0.0,0.0,0.0,0.0,0.6931471805599453,35.00278878114653,0.0,0.0,0.0,0.0,0.0,0.0,0.0,0.0,0.0,0.0,0.0,0.0,0.0,0.0,0.0,0.7487324594165434,0.0,0.0,0.0,DDoS-PSHACK_Flood,1
0.0,-1.4513389403258232,-2.1606122929018636,0.0,0.14549101809902365,0.0,0.0,0.0,0.0,0.0,0.0,0.0,0.0,0.0,0.0,0.0,0.0,0.0,0.0,0.0,0.0,0.0,-1.0,0.0,0.0,0.0,1.0,0.0,-3.1946884019211876,-3.2597145763975988,-2.1453568405302192,0.0,-3.13895514140087,-0.00038382237086634666,-3.1816908209099646,0.0,0.0,DDoS-ICMP_Flood,1
0.026912010677325928,0.07109923281572884,0.0,-0.0021561690164650926,0.19346083106074197,0.0,0.0,0.0,0.0,0.0,0.0,0.0,0.0,0.019802627296179712,0.09958532450472099,0.0,0.019802627296179712,4.351831449035935,0.0,0.0,0.0,0.0,0.0,0.0,0.0,0.0,0.0,0.0,0.005380865863495001,0.0,0.037951792293886476,0.12599144912383856,0.027794595133672117,-0.17589717929576543,0.0029696385335570255,0.10727908320988924,0.22978831136061822,DDoS-TCP_Flood,1
0.10088322434259842,-0.9058021422742175,3.2907883079718525,-0.0036991410862023955,-0.28063400564105334,0.0,0.0,0.0,0.0,0.0,0.0,0.0,0.0,0.0,0.1486480995258115,0.0,0.009950330853168083,1.9805812918999735,0.0,0.0,0.0,0.0,-1.0,0.0,0.0,0.0,0.0,0.0,29.790892595690956,28.69738756690502,20.51777980578307,8.932363250956593,29.79840205734103,1.8965800420720633,30.77122017289359,7.161122382781358,2.018542090483177,Mirai-greip_flood,1
13.849470271045961,0.24773012864635294,0.0,0.0,-0.6713378409771615,0.0,0.0,1.0,0.0,0.0,0.0,0.0,0.0,0.0,5.52480535211579,0.0,0.0,0.0,0.0,0.0,0.0,0.0,0.0,0.0,0.0,0.0,0.0,0.0,0.0,0.0,0.0,0.0,0.0,-0.5495833653888439,0.0,0.0,0.0,DoS-SYN_Flood,1
2.268480088595923,2.6836317978510777,1.6288918283450677,0.0,1.6421367716791357,0.0,0.0,0.0,0.0,0.0,0.0,0.0,0.0,0.0,0.0,0.0,0.0,0.0,0.0,0.0,0.0,0.0,-1.0,1.0,0.0,0.0,0.0,0.0,-0.9784901618675309,-1.0,-0.6581425429281335,0.0,-0.9629539850295165,-0.003759945292188187,-0.9782642144148311,0.0,0.0,DDoS-UDP_Flood,1
0.8349085351198661,2.3109946564721313,1.6288918283450677,0.009797996326253333,1.6520733772735166,0.0,0.0,0.0,0.0,0.0,0.0,0.0,0.0,0.0,0.0,0.0,0.0,0.0,0.0,0.0,0.0,0.0,-1.0,1.0,0.0,0.0,0.0,0.0,-0.7783547778688916,-1.0,0.6605337804174654,3.0190302775657405,-0.8410092560026514,-0.06392112198272462,-0.7659839931628105,2.90354608224096,1.8218605933779084,DDoS-UDP_Flood,1
0.0,0.0,0.0,0.0,-0.6098580969133132,0.0,0.0,0.0,0.0,0.6931471805599453,0.6931471805599453,0.0,0.0,0.0,0.0,0.0,0.6931471805599453,35.00278878114653,0.0,0.0,0.0,0.0,0.0,0.0,0.0,0.0,0.0,0.0,0.0,0.0,0.0,0.0,0.0,0.6886162494058438,0.0,0.0,0.0,DDoS-PSHACK_Flood,1
0.0,0.0,0.0,0.0,0.9881291805094367,0.0,0.6931471805599453,0.0,0.6931471805599453,0.0,0.0,0.0,0.0,0.6931471805599453,0.0,0.6931471805599453,0.0,0.0,0.0,0.0,0.0,0.0,0.0,0.0,0.0,0.0,0.0,0.0,0.0,0.0,0.0,0.0,0.0,0.7973117911457968,0.0,0.0,0.0,DDoS-RSTFINFlood,1
0.25095350178409215,-0.8487135463750385,3.3096930583454753,0.028961162899088677,-0.5892521990697641,0.0,0.0,0.0,0.0,0.0,0.0,0.0,0.0,0.0,0.0,0.0,0.0,0.0,0.0,0.0,0.0,0.0,-1.0,0.0,0.0,0.0,0.0,0.0,30.40971919703725,30.709252678493584,20.726027714761642,5.447277499604816,30.24350526407754,2.019764602378879,31.607163735591023,5.319567932788793,1.0,Mirai-greeth_flood,1
0.21466700109786113,1.8458304806354267,1.5694311008721842,-0.022245608947319084,1.8050682832581233,0.0,0.0,0.0,0.0,0.0,0.0,0.0,0.0,0.019802627296179712,0.09958532450472099,0.0,0.019802627296179712,4.351831449035935,0.0,0.0,0.0,0.0,-1.0,1.0,0.0,0.0,0.0,0.0,-0.5761525900507974,-1.0,0.3692431422764111,2.7674240374107457,-0.7153135499124553,-0.0023439262331064648,-0.550136598373867,2.578695259701078,2.018542090483177,DDoS-UDP_Flood,1
0.0,-1.4513389403258232,-2.1606122929018636,0.0,0.08455095496981575,0.0,0.0,0.0,0.0,0.0,0.0,0.0,0.0,0.0,0.0,0.0,0.0,0.0,0.0,0.0,0.0,0.0,-1.0,0.0,0.0,0.0,1.0,0.0,-3.1946884019211876,-3.2597145763975988,-2.1453568405302192,0.0,-3.13895514140087,0.09360978760331941,-3.1816908209099646,0.0,0.0,DDoS-ICMP_Flood,1
13.885694263337081,0.24773012864635294,0.0,0.0,-0.6718177089346739,0.0,0.0,1.0,0.0,0.0,0.0,0.0,0.0,0.0,5.52480535211579,0.0,0.0,0.0,0.0,0.0,0.0,0.0,0.0,0.0,0.0,0.0,0.0,0.0,0.0,0.0,0.0,0.0,0.0,-0.5050622792086925,0.0,0.0,0.0,DoS-SYN_Flood,1
0.19717535011669476,1.966192265381091,1.6183197951558497,0.0,1.8471160799600943,0.0,0.0,0.0,0.0,0.0,0.0,0.0,0.0,0.019802627296179712,0.09958532450472099,0.0,0.019802627296179712,4.351831449035935,0.0,0.0,0.0,0.0,-1.0,1.0,0.0,0.0,0.0,0.0,-0.8167920383834493,-0.9481654590682926,0.4207380665515316,2.673849249490974,-0.8732484684880145,-0.3924753866271866,-0.7326992587300128,2.0467982809909113,3.568031093426754,DoS-UDP_Flood,1
0.0,-0.003573429594906621,-0.012363333590255966,0.028961162899088677,0.5620024170834422,0.0,0.0,0.0,0.0,0.6931471805599453,0.6931471805599453,0.0,0.0,0.0,0.0,0.0,0.688134638736401,34.74966369079495,0.0,0.0,0.0,0.0,0.0,0.0,0.0,0.0,0.0,0.0,0.07869245323077735,0.0,0.5407158433173257,1.4960201523295609,0.10161871842208084,0.751649376759653,0.05088583671235887,1.8422049035506751,0.8930505744880486,DDoS-PSHACK_Flood,1
0.3982885016116134,2.109598792136998,1.6288918283450677,0.0,1.7421611542323252,0.0,0.0,0.0,0.0,0.0,0.0,0.0,0.0,0.0,0.0,0.0,0.0,0.0,0.0,0.0,0.0,0.0,-1.0,1.0,0.0,0.0,0.0,0.0,-0.9784901618675309,-1.0,-0.6581425429281335,0.0,-0.9629539850295165,-0.08088918345986115,-0.9782642144148311,0.0,0.0,DDoS-UDP_Flood,1
0.3523898044049563,2.074975204966585,1.6288918283450677,0.0,1.7190293122400542,0.0,0.0,0.0,0.0,0.0,0.0,0.0,0.0,0.0,0.0,0.0,0.0,0.0,0.0,0.0,0.0,0.0,-1.0,1.0,0.0,0.0,0.0,0.0,-0.9784901618675309,-1.0,-0.6581425429281335,0.0,-0.9629539850295165,-0.07773638651126823,-0.9782642144148311,0.0,0.0,DDoS-UDP_Flood,1
2.478617202169162,2.4167648000316118,1.6183197951558497,0.023416000694694183,1.5507156352620566,0.0,0.0,0.0,0.0,0.0,0.0,0.0,0.0,0.0,0.0,0.0,0.04879016416943201,3.886405575636699,0.0,0.0,0.0,0.0,-1.0,1.0,0.0,0.0,0.0,0.0,1.7983267312201798,-1.0,10.291959066819054,9.06733064895127,0.7190229977820484,-0.39436546741857414,1.9469403039514894,7.262885555373922,2.589342266588826,DoS-UDP_Flood,1
2.3618238747966966,0.08234056064202375,0.0,0.0,-0.5134983988808011,0.0,0.0,1.0,0.0,0.0,0.0,0.0,0.0,0.0,4.100383666580565,0.0,0.0,0.0,0.0,0.0,0.0,0.0,0.0,0.0,0.0,0.0,0.0,0.0,0.0,0.0,0.0,0.0,0.0,0.8624364184074806,0.0,0.0,0.0,DDoS-SynonymousIP_Flood,1
0.0,0.0,0.0,0.0,-0.5376779012045894,0.0,0.0,0.0,0.0,0.6931471805599453,0.6931471805599453,0.0,0.0,0.0,0.0,0.0,0.6931471805599453,35.00278878114653,0.0,0.0,0.0,0.0,0.0,0.0,0.0,0.0,0.0,0.0,0.0,0.0,0.0,0.0,0.0,0.6900551344397144,0.0,0.0,0.0,DDoS-PSHACK_Flood,1
0.0,-1.4513389403258232,-2.1606122929018636,0.0,0.01982686756027212,0.0,0.0,0.0,0.0,0.0,0.0,0.0,0.0,0.0,0.0,0.0,0.0,0.0,0.0,0.0,0.0,0.0,-1.0,0.0,0.0,0.0,1.0,0.0,-3.1946884019211876,-3.2597145763975988,-2.1453568405302192,0.0,-3.13895514140087,0.014031305628478973,-3.1816908209099646,0.0,0.0,DDoS-ICMP_Flood,1
0.0,0.0,0.0,0.0,0.3276721156971236,0.0,0.0,1.0,0.0,0.0,0.0,0.0,0.0,0.0,3.4857640793406848,0.0,0.0,0.0,0.0,0.0,0.0,0.0,0.0,0.0,0.0,0.0,0.0,0.0,0.0,0.0,0.0,0.0,0.0,-0.11373463874120719,0.0,0.0,0.0,DDoS-SYN_Flood,1
0.0,-1.4513389403258232,-2.1606122929018636,0.0,-0.4813206048826038,0.0,0.0,0.0,0.0,0.0,0.0,0.0,0.0,0.0,0.0,0.0,0.0,0.0,0.0,0.0,0.0,0.0,-1.0,0.0,0.0,0.0,1.0,0.0,-3.1946884019211876,-3.2597145763975988,-2.1453568405302192,0.0,-3.13895514140087,0.0011052015850250966,-3.1816908209099646,0.0,0.0,DDoS-ICMP_Flood,1
19.908004684532543,0.4277849989470151,0.0,0.0,-0.6970610261359634,0.0,0.0,1.0,0.0,0.0,0.0,0.0,0.0,0.0,7.3352211396219635,0.0,0.0,0.0,0.0,0.0,0.0,0.0,0.0,0.0,0.0,0.0,0.0,0.0,0.0,0.0,0.0,0.0,0.0,0.8739864464472225,0.0,0.0,0.0,DDoS-SynonymousIP_Flood,1
25.595500655591767,3.495847437038544,0.6661287098332118,0.37948962170490397,0.2467907868437817,0.0,0.0,0.0,0.0,0.0,0.6931471805599453,0.0,0.0,0.0,0.0,0.0,3.4307561839036995,338.3199302337445,0.0,0.6931471805599453,0.0,0.0,0.0,0.0,0.0,0.0,0.0,0.0,34.049648549083955,0.47303986708118995,33.95821864939925,16.093777849353323,42.663704089661,302.5772932727095,27.36687322320744,10.86109670643888,8.043231726932055,BenignTraffic,0
0.0,0.0,0.0,0.0,-0.05239011177948095,0.0,0.0,0.0,0.0,0.0,0.0,0.0,0.0,0.0,0.0,0.0,0.0,0.0,0.6931471805599453,0.0,0.0,0.0,0.0,0.0,0.0,0.0,0.0,0.0,0.0,0.0,0.0,0.0,0.0,-0.31659561804117825,0.0,0.0,0.0,DDoS-TCP_Flood,1
0.24591777988181218,2.150940260244329,1.6288918283450677,0.0,1.879620830443787,0.0,0.0,0.0,0.0,0.0,0.0,0.0,0.0,0.0,0.0,0.0,0.0,0.0,0.0,0.0,0.0,0.0,-1.0,1.0,0.0,0.0,0.0,0.0,-0.9784901618675309,-1.0,-0.6581425429281335,0.0,-0.9629539850295165,-0.39168478143748064,-0.9782642144148311,0.0,0.0,DoS-UDP_Flood,1
0.5322454022401995,1.9860361695885245,1.6288918283450677,-0.008652711586862871,1.9382476494416792,0.0,0.0,0.0,0.0,0.0,0.0,0.0,0.0,0.0,0.0,0.0,0.0,0.0,0.0,0.0,0.0,0.0,-1.0,1.0,0.0,0.0,0.0,0.0,-0.9262915663517685,-1.0,-0.4754903860670754,0.6807131148693115,-0.6957085011848438,-0.06564476692985857,-0.9543656288320524,1.1322158799183697,0.34299828761799184,DDoS-UDP_Flood,1
0.0,-1.4513389403258232,3.3035354291949597,-0.009894947771454277,0.06584503804811521,0.0,0.0,0.0,0.0,0.0,0.0,0.0,0.0,0.0,0.0,0.0,0.0,0.0,0.0,0.0,0.0,0.0,-1.0,0.0,0.0,0.0,0.0,0.0,30.07661319720689,30.063540128624208,20.51777980578307,6.144720259702797,29.905754305929115,1.8939098843567816,31.26174980655721,5.82290258833806,1.0,Mirai-greip_flood,1
2.8667021197551517,2.2408986021142527,1.6288918283450677,0.0,1.605838696429642,0.0,0.0,0.0,0.0,0.0,0.0,0.0,0.0,0.0,0.0,0.0,0.0,0.0,0.0,0.0,0.0,0.0,-1.0,1.0,0.0,0.0,0.0,0.0,-0.7324301560372264,-1.0,0.20671912436386927,2.5941245953284877,-0.7743101779585883,-0.06199131606016562,-0.7770550414566573,2.6343389010396216,1.520442853797087,DDoS-UDP_Flood,1
0.0,0.0,0.0,0.0,0.011358048451159224,0.0,0.0,1.0,0.0,0.0,0.0,0.0,0.0,0.0,3.4857640793406848,0.0,0.0,0.0,0.0,0.0,0.0,0.0,0.0,0.0,0.0,0.0,0.0,0.0,0.0,0.0,0.0,0.0,0.0,0.8637998154617882,0.0,0.0,0.0,DDoS-SynonymousIP_Flood,1
0.49285980037461347,1.9784493232920473,1.6288918283450677,0.0,1.7249758823217871,0.0,0.0,0.0,0.0,0.0,0.0,0.0,0.0,0.0,0.0,0.0,0.0,0.0,0.0,0.0,0.0,0.0,-1.0,1.0,0.0,0.0,0.0,0.0,-0.9784901618675309,-1.0,-0.6581425429281335,0.0,-0.9629539850295165,-0.061918861035160276,-0.9782642144148311,0.0,0.0,DDoS-UDP_Flood,1
0.024985383554389774,0.03642912677947536,0.0,0.0,0.09265984139456677,0.0,0.0,0.0,0.0,0.0,0.0,0.0,0.0,0.0,0.1972368306618384,0.0,0.009950330853168083,2.4638227766294687,0.6931471805599453,0.0,0.0,0.0,0.0,0.0,0.0,0.0,0.0,0.0,0.39129873278196914,0.0,2.3184699165857046,3.9400715386754848,0.5001849586182385,-0.17513345803740188,0.24442897024608246,4.2427596647309915,1.0,DDoS-TCP_Flood,1
0.0,0.0,0.0,0.0,0.44405591952787143,0.0,0.6931471805599453,0.0,0.6931471805599453,0.0,0.0,0.0,0.0,0.6931471805599453,0.0,0.6931471805599453,0.0,0.0,0.0,0.0,0.0,0.0,0.0,0.0,0.0,0.0,0.0,0.0,0.0,0.0,0.0,0.0,0.0,0.7997004951487573,0.0,0.0,0.0,DDoS-RSTFINFlood,1
0.0,0.0,0.0,0.0,-0.5261606954947148,0.0,0.0,0.0,0.0,0.0,0.0,0.0,0.0,0.0,0.0,0.0,0.0,0.0,0.0,0.0,0.0,0.0,0.0,0.0,0.0,0.0,0.0,0.0,0.0,0.0,0.0,0.0,0.0,-0.3306196132175332,0.0,0.0,0.0,DDoS-TCP_Flood,1
11.682342919686961,0.2931973502381405,-0.01484667116878494,-0.009894947771454277,-0.6213171846420259,0.0,0.0,1.0,0.0,0.0,0.0,0.0,0.0,0.0,5.958183899157884,0.0,0.0,0.0,0.0,0.0,0.0,0.0,0.0,0.0,0.0,0.0,0.0,0.0,0.01479191488091344,0.0,0.10397238027179602,0.377330612498786,0.013904869652008049,0.8638764868740364,0.010889249064152168,0.1830630144473745,1.2109863674277355,DDoS-SynonymousIP_Flood,1
0.011847169097507935,0.9436555913451915,-0.01484667116878494,-0.013474996734864852,0.15297431850907775,0.0,0.0,0.0,0.0,0.0,0.0,0.0,0.0,0.019802627296179712,0.0,0.0,0.009950330853168083,20.81085730004808,0.0,0.0,0.0,0.0,-1.0,0.0,0.0,0.0,0.0,0.0,36.486556121388354,25.077623638244724,28.821263753678938,15.398455227920405,36.03567725057806,0.7696452491604318,38.24814006443753,10.122292930569833,7.74944564203287,DDoS-ACK_Fragmentation,1
0.0,0.0,0.0,0.0,-0.7804506568568762,0.0,0.6931471805599453,0.0,0.6931471805599453,0.0,0.0,0.0,0.0,0.6931471805599453,0.0,0.6931471805599453,0.0,0.0,0.0,0.0,0.0,0.0,0.0,0.0,0.0,0.0,0.0,0.0,0.0,0.0,0.0,0.0,0.0,0.8152855373888184,0.0,0.0,0.0,DDoS-RSTFINFlood,1
0.005806029954467324,0.005619215394225795,0.0,0.0,0.14261023774350207,0.0,0.0,0.0,0.0,0.6931471805599453,0.6931471805599453,0.0,0.0,0.0,0.05003916460788235,0.0,0.688134638736401,35.25465139697232,0.0,0.6931471805599453,0.0,0.0,0.0,0.0,0.0,0.0,0.0,0.0,0.029566671875040817,0.0,0.20671912436386927,0.7040839685217214,0.027794595133672117,0.7533274558090286,0.02173031178314233,0.5657704782112941,1.2109863674277355,DDoS-PSHACK_Flood,1
0.7032698258792784,2.3496394855173515,1.6288918283450677,0.0,1.7780056266482918,0.0,0.0,0.0,0.0,0.0,0.0,0.0,0.0,0.0,0.0,0.0,0.0,0.0,0.0,0.0,0.0,0.0,-1.0,1.0,0.0,0.0,0.0,0.0,-0.9784901618675309,-1.0,-0.6581425429281335,0.0,-0.9629539850295165,-0.0032194457654752392,-0.9782642144148311,0.0,0.0,DDoS-UDP_Flood,1
0.0,0.0,0.0,0.0,-0.35334456939302766,0.0,0.6931471805599453,0.0,0.6931471805599453,0.0,0.0,0.0,0.0,0.6931471805599453,0.0,0.6931471805599453,0.0,0.0,0.0,0.0,0.0,0.0,0.0,0.0,0.0,0.0,0.0,0.0,0.0,0.0,0.0,0.0,0.0,0.7963082390479282,0.0,0.0,0.0,DDoS-RSTFINFlood,1
14.021620285554098,0.24773012864635294,0.0,0.0,-0.6735982843023869,0.0,0.0,0.0,0.0,0.6931471805599453,0.6931471805599453,0.0,0.0,0.0,0.0,0.0,1.0986122886681096,55.47810763878043,0.0,0.0,0.0,0.0,0.0,0.0,0.0,0.0,0.0,0.0,0.0,0.0,0.0,0.0,0.0,0.7494874052730536,0.0,0.0,0.0,DDoS-PSHACK_Flood,1
0.11577130040707438,1.8761722459277792,1.6288918283450677,0.0,1.880620793488977,0.0,0.0,0.0,0.0,0.0,0.0,0.0,0.0,0.0,0.0,0.0,0.0,0.0,0.0,0.0,0.0,0.0,-1.0,1.0,0.0,0.0,0.0,0.0,-0.9784901618675309,-1.0,-0.6581425429281335,0.0,-0.9629539850295165,-0.06476401719294225,-0.9782642144148311,0.0,0.0,DDoS-UDP_Flood,1
0.0,-1.4513389403258232,-2.1606122929018636,0.0,-0.4091349785601697,0.0,0.0,0.0,0.0,0.0,0.0,0.0,0.0,0.0,0.0,0.0,0.0,0.0,0.0,0.0,0.0,0.0,-1.0,0.0,0.0,0.0,1.0,0.0,-3.1946884019211876,-3.2597145763975988,-2.1453568405302192,0.0,-3.13895514140087,0.0006765888329471362,-3.1816908209099646,0.0,0.0,DDoS-ICMP_Flood,1
0.0,0.0,0.0,0.0,-0.5432436049594711,0.0,0.0,1.0,0.0,0.0,0.0,0.0,0.0,0.0,3.4857640793406848,0.0,0.0,0.0,0.0,0.0,0.0,0.0,0.0,0.0,0.0,0.0,0.0,0.0,0.0,0.0,0.0,0.0,0.0,-0.11325932930122667,0.0,0.0,0.0,DDoS-SYN_Flood,1
14.701832024033857,0.24773012864635294,0.0,0.0,-0.6820610821279639,0.0,0.0,0.0,0.0,0.0,0.0,0.0,0.0,0.0,0.0,0.0,0.0,0.0,0.0,0.0,0.0,0.0,0.0,0.0,0.0,0.0,0.0,0.0,0.0,0.0,0.0,0.0,0.0,-0.6117870688180354,0.0,0.0,0.0,DoS-TCP_Flood,1
1.2127827398912085,2.2819725171970453,1.6288918283450677,0.0,1.5199902349123728,0.0,0.0,0.0,0.0,0.0,0.0,0.0,0.0,0.0,0.0,0.0,0.0,0.0,0.0,0.0,0.0,0.0,-1.0,1.0,0.0,0.0,0.0,0.0,-0.9784901618675309,-1.0,-0.6581425429281335,0.0,-0.9629539850295165,-0.08212517965110444,-0.9782642144148311,0.0,0.0,DDoS-UDP_Flood,1
0.0,0.0,0.0,0.0,-0.5874690003550115,0.0,0.0,1.0,0.0,0.0,0.0,0.0,0.0,0.0,3.4857640793406848,0.0,0.0,0.0,0.0,0.0,0.0,0.0,0.0,0.0,0.0,0.0,0.0,0.0,0.0,0.0,0.0,0.0,0.0,-0.12637363548531722,0.0,0.0,0.0,DDoS-SYN_Flood,1
0.20744475905384738,2.1207622440890987,1.61252579983993,-0.009894947771454277,1.9046870915411789,0.0,0.0,0.0,0.0,0.0,0.0,0.0,0.0,0.0,0.0,0.0,0.0,0.0,0.0,0.0,0.0,0.0,-1.0,1.0,0.0,0.0,0.0,0.0,-0.9301508016851734,-0.97405737015351,-0.32286090499843756,1.1411472144607222,-0.9379724262366933,-0.34840828244198574,-0.8889241966759266,0.8793930108797597,2.018542090483177,DoS-UDP_Flood,1
0.0,0.0013145958852557836,0.0,-0.0018478600884792584,0.032798001599775764,0.0,0.0,1.0,0.0,0.0,0.0,0.0,0.0,0.0,3.4857640793406848,0.0,0.0,0.5024752879678589,0.0,0.0,0.0,0.0,0.0,0.0,0.0,0.0,0.0,0.0,0.04477124511238268,0.0,0.3113276610272006,0.9852250645533202,0.04629072844945693,-0.11295324235172205,0.031443790110574764,1.001348240977701,1.1059727047904317,DDoS-SYN_Flood,1
0.0,-1.4513389403258232,-2.1606122929018636,0.0,-0.5870191899645222,0.0,0.0,0.0,0.0,0.0,0.0,0.0,0.0,0.0,0.0,0.0,0.0,0.0,0.0,0.0,0.0,0.0,-1.0,0.0,0.0,0.0,1.0,0.0,-3.1946884019211876,-3.2597145763975988,-2.1453568405302192,0.0,-3.13895514140087,0.001071368121479762,-3.1816908209099646,0.0,0.0,DDoS-ICMP_Flood,1
0.0,-1.4513389403258232,-2.1606122929018636,0.0,0.09305842634881989,0.0,0.0,0.0,0.0,0.0,0.0,0.0,0.0,0.0,0.0,0.0,0.0,0.0,0.0,0.0,0.0,0.0,-1.0,0.0,0.0,0.0,1.0,0.0,-3.1946884019211876,-3.2597145763975988,-2.1453568405302192,0.0,-3.13895514140087,-0.001411143104672884,-3.1816908209099646,0.0,0.0,DDoS-ICMP_Flood,1
0.0,-1.4513389403258232,-2.1606122929018636,0.11112846439740132,-0.5444203017920196,0.0,0.0,0.0,0.0,0.0,0.0,0.0,0.0,0.0,0.0,0.0,0.0,0.0,0.0,0.0,0.0,0.0,-1.0,0.0,0.0,0.0,1.0,0.0,-3.1946884019211876,-3.2597145763975988,-2.1453568405302192,0.0,-3.13895514140087,0.014604466656088258,-3.1816908209099646,0.0,0.0,DDoS-ICMP_Flood,1
0.2772896170279225,1.9111922771632153,1.6288918283450677,0.0,1.7592058928042527,0.0,0.0,0.0,0.0,0.0,0.0,0.0,0.0,0.0,0.0,0.0,0.0,0.0,0.0,0.0,0.0,0.0,-1.0,1.0,0.0,0.0,0.0,0.0,-0.9784901618675309,-1.0,-0.6581425429281335,0.0,-0.9629539850295165,1.3166389778208099,-0.9782642144148311,0.0,0.0,DDoS-UDP_Flood,1
22.242808919105425,0.2465319886384446,0.012275337587772104,0.0,-0.7405687498828396,0.0,0.0,0.0,0.0,0.0,0.0,0.0,0.0,0.0,0.0,0.0,0.0,0.0,0.0,0.0,0.0,0.0,0.0,0.0,0.0,0.0,0.0,0.0,0.09650950204504526,0.0,0.6590645435223657,1.8332054812195566,0.09701720955535188,-0.6589767484409393,0.07821558646345401,1.7256171519888248,2.7735355074001133,DoS-TCP_Flood,1
0.3079796735192375,2.279548015113177,1.6288918283450677,0.0,1.9147636308411986,0.0,0.0,0.0,0.0,0.0,0.0,0.0,0.0,0.0,0.0,0.0,0.0,0.0,0.0,0.0,0.0,0.0,-1.0,1.0,0.0,0.0,0.0,0.0,-0.9784901618675309,-1.0,-0.6581425429281335,0.0,-0.9629539850295165,-0.3927101081421303,-0.9782642144148311,0.0,0.0,DoS-UDP_Flood,1
0.0,0.0,0.0,0.0,-0.4298465375421848,0.0,0.0,0.0,0.0,0.0,0.0,0.0,0.0,0.0,0.0,0.0,0.0,0.0,0.0,0.6931471805599453,0.0,0.0,0.0,0.0,0.0,0.0,0.0,0.0,0.0,0.0,0.0,0.0,0.0,-0.6106163045755258,0.0,0.0,0.0,DoS-TCP_Flood,1
8.664838789247801,0.32788105623581104,0.0,0.0,-0.5458799791874221,0.0,0.0,1.0,0.0,0.0,0.0,0.0,0.0,0.0,6.30001286592798,0.0,0.0,0.0,0.0,0.0,0.0,0.0,0.0,0.0,0.0,0.0,0.0,0.0,0.0,0.0,0.0,0.0,0.0,0.8595099151035672,0.0,0.0,0.0,DDoS-SynonymousIP_Flood,1
14.396338255786775,0.2490567629822654,0.0,-0.003235999433770509,-0.6616467790545482,0.0,0.0,0.0,0.0,0.0,0.0,0.0,0.0,0.0,0.09958532450472099,0.0,0.0,0.5024752879678589,0.0,0.0,0.0,0.0,0.0,0.0,0.0,0.0,0.0,0.0,0.008966847340006386,0.0,0.06316149275847756,0.20651340116563885,0.04629072844945693,-0.629315319287627,0.004939695849571899,0.2683776722630765,0.22978831136061822,DoS-TCP_Flood,1
0.23177454487624682,2.233569923624771,1.6288918283450677,0.0,1.9597878079854667,0.0,0.0,0.0,0.0,0.0,0.0,0.0,0.0,0.0,0.0,0.0,0.0,0.0,0.0,0.0,0.0,0.0,-1.0,1.0,0.0,0.0,0.0,0.0,-0.9784901618675309,-1.0,-0.6581425429281335,0.0,-0.9629539850295165,-0.34807789489191365,-0.9782642144148311,0.0,0.0,DoS-UDP_Flood,1
0.0,0.0,0.0,0.0,0.009008392017649823,0.0,0.0,0.0,0.0,0.6931471805599453,0.6931471805599453,0.0,0.0,0.0,0.0,0.0,0.6931471805599453,35.00278878114653,0.0,0.0,0.0,0.0,0.0,0.0,0.0,0.0,0.0,0.0,0.0,0.0,0.0,0.0,0.0,0.6877277394534776,0.0,0.0,0.0,DDoS-PSHACK_Flood,1
0.6553484655572028,2.2283996096476506,1.6076825569763766,0.00903597541000778,1.7693298155143509,0.0,0.0,0.0,0.0,0.0,0.0,0.0,0.0,0.0,0.09958532450472099,0.0,0.2151113796169455,20.137535994241478,0.0,0.0,0.0,0.0,-1.0,1.0,0.0,0.0,0.0,0.0,-0.8239670988209136,-1.0,0.3753171828424513,2.219154348120743,-0.6614720197218886,-0.07797848279771333,-0.8876823967142351,2.768739841146616,1.3150581908108256,DDoS-UDP_Flood,1
5.9455649094788106,0.33074575866424893,0.0,0.0,-0.3136650809947867,0.0,0.0,1.0,0.0,0.0,0.0,0.0,0.0,0.0,6.328667613262715,0.0,0.0,0.0,0.0,0.0,0.0,0.0,0.0,0.0,0.0,0.0,0.0,0.0,0.0,0.0,0.0,0.0,0.0,0.8583894861784745,0.0,0.0,0.0,DDoS-SynonymousIP_Flood,1
0.025408033903549156,1.4621407397403168,1.6076825569763766,0.0,1.9879169815295596,0.0,0.0,0.0,0.0,0.0,0.0,0.0,0.0,0.0,0.0,0.0,0.0295588022415444,1.49267073502145,0.0,0.0,0.0,0.0,-1.0,1.0,0.0,0.0,0.0,0.0,-0.49896020607805047,-1.0,1.2854645967711562,3.821303055232143,-0.5690050807584415,-0.4090981750956104,-0.6128057933464107,3.776144876254324,1.4182049190823993,DoS-UDP_Flood,1
0.0,-1.4513389403258232,-2.1606122929018636,0.0,0.20775489723919088,0.0,0.0,0.0,0.0,0.0,0.0,0.0,0.0,0.0,0.0,0.0,0.0,0.0,0.0,0.0,0.0,0.0,-1.0,0.0,0.0,0.0,1.0,0.0,-3.1946884019211876,-3.2597145763975988,-2.1453568405302192,0.0,-3.13895514140087,0.013919845884492483,-3.1816908209099646,0.0,0.0,DDoS-ICMP_Flood,1
0.0,0.0,0.0,0.0,0.1818443214628257,0.0,0.6931471805599453,0.0,0.6931471805599453,0.0,0.0,0.0,0.0,0.6931471805599453,0.0,0.6931471805599453,0.0,0.0,0.0,0.0,0.0,0.0,0.0,0.0,0.0,0.0,0.0,0.0,0.0,0.0,0.0,0.0,0.0,0.8131120991343082,0.0,0.0,0.0,DDoS-RSTFINFlood,1
0.0,0.0,0.0,0.0,-0.3746917273188078,0.0,0.6931471805599453,0.0,0.6931471805599453,0.0,0.0,0.0,0.0,0.6931471805599453,0.0,0.6931471805599453,0.0,0.0,0.0,0.0,0.0,0.0,0.0,0.0,0.0,0.0,0.0,0.0,0.0,0.0,0.0,0.0,0.0,0.8156572844499976,0.0,0.0,0.0,DDoS-RSTFINFlood,1
0.08388110535090317,0.008267760421451331,-0.012363333590255966,0.05565300778036342,-0.2245110110479538,0.0,0.0,0.0,0.6931471805599453,0.0,0.0,0.0,0.0,0.0,0.0,0.6523251860396903,0.039220713153281295,1.9805812918999735,0.0,0.0,0.0,0.0,0.0,0.0,0.0,0.0,0.0,0.0,0.3372527182528519,0.0,1.407676025165162,3.3304710020970854,0.4308806365570009,0.6872057787434795,0.2766811052867547,3.1557730148241054,2.211945409580863,DDoS-PSHACK_Flood,1
0.0,0.0,0.0,0.0,0.2808068468425954,0.0,0.6931471805599453,0.0,0.6931471805599453,0.0,0.0,0.0,0.0,0.6931471805599453,0.0,0.6931471805599453,0.0,0.0,0.0,0.0,0.0,0.0,0.0,0.0,0.0,0.0,0.0,0.0,0.0,0.0,0.0,0.0,0.0,0.7966860531202388,0.0,0.0,0.0,DDoS-RSTFINFlood,1
0.0,0.0,0.0,0.0,-0.4175114401161143,0.0,0.0,1.0,0.0,0.0,0.0,0.0,0.0,0.0,3.4857640793406848,0.0,0.0,0.0,0.0,0.0,0.0,0.0,0.0,0.0,0.0,0.0,0.0,0.0,0.0,0.0,0.0,0.0,0.0,-0.12473221815581978,0.0,0.0,0.0,DDoS-SYN_Flood,1
19.66518568018251,0.39346848571166787,0.0,0.0,-0.7026236710431749,0.0,0.0,1.0,0.0,0.0,0.0,0.0,0.0,0.0,6.9715281586813695,0.0,0.0,0.0,0.0,0.0,0.0,0.0,0.0,0.0,0.0,0.0,0.0,0.0,0.0,0.0,0.0,0.0,0.0,0.8613091103379208,0.0,0.0,0.0,DDoS-SynonymousIP_Flood,1
0.322520527913182,2.17918128992404,1.6288918283450677,0.0,1.807371889337889,0.0,0.0,0.0,0.0,0.0,0.0,0.0,0.0,0.0,0.0,0.0,0.0,0.0,0.0,0.0,0.0,0.0,-1.0,1.0,0.0,0.0,0.0,0.0,-0.9784901618675309,-1.0,-0.6581425429281335,0.0,-0.9629539850295165,-0.003294167084031364,-0.9782642144148311,0.0,0.0,DDoS-UDP_Flood,1
0.0,0.0,0.0,0.0,0.15502465913322697,0.0,0.0,1.0,0.0,0.0,0.0,0.0,0.0,0.0,3.4857640793406848,0.0,0.0,0.0,0.0,0.0,0.0,0.0,0.0,0.0,0.0,0.0,0.0,0.0,0.0,0.0,0.0,0.0,0.0,-0.11274085080354614,0.0,0.0,0.0,DDoS-SYN_Flood,1
0.0,-1.4513389403258232,3.216464617180407,-0.05048390543199144,-0.4537591562527101,0.0,0.0,0.0,0.0,0.0,0.0,0.0,0.0,0.0,0.0,0.0,0.0,0.0,0.0,0.0,0.0,0.0,-1.0,0.0,0.0,0.0,0.0,0.0,29.815112660679624,27.668912167437057,20.46856518861725,9.132957996050186,29.43950156472463,1.674969479201413,30.728626033229098,7.067258804491646,3.904400457399652,Mirai-greip_flood,1
0.7291972020347305,2.3434936548876437,1.6288918283450677,0.0,1.7169927858901957,0.0,0.0,0.0,0.0,0.0,0.0,0.0,0.0,0.0,0.0,0.0,0.0,0.0,0.0,0.0,0.0,0.0,-1.0,1.0,0.0,0.0,0.0,0.0,-0.9784901618675309,-1.0,-0.6581425429281335,0.0,-0.9629539850295165,-0.08159261393946579,-0.9782642144148311,0.0,0.0,DDoS-UDP_Flood,1
0.8359772734724601,2.346175059332653,1.6288918283450677,0.0,1.6644713036824779,0.0,0.0,0.0,0.0,0.0,0.0,0.0,0.0,0.0,0.0,0.0,0.0,0.0,0.0,0.0,0.0,0.0,-1.0,1.0,0.0,0.0,0.0,0.0,-0.9784901618675309,-1.0,-0.6581425429281335,0.0,-0.9629539850295165,-0.07794824923931447,-0.9782642144148311,0.0,0.0,DDoS-UDP_Flood,1
0.0,0.0,0.0,0.0,-0.3460693083341861,0.0,0.0,1.0,0.0,0.0,0.0,0.0,0.0,0.0,3.4857640793406848,0.0,0.0,0.0,0.6931471805599453,0.0,0.0,0.0,0.0,0.0,0.0,0.0,0.0,0.0,0.0,0.0,0.0,0.0,0.0,-0.10926369220406086,0.0,0.0,0.0,DDoS-SYN_Flood,1
0.0,0.0,0.0,0.0,0.6851423390325464,0.0,0.0,0.0,0.0,0.6931471805599453,0.6931471805599453,0.0,0.0,0.0,0.0,0.0,0.6931471805599453,35.00278878114653,0.0,0.0,0.0,0.0,0.0,0.0,0.0,0.0,0.0,0.0,0.0,0.0,0.0,0.0,0.0,0.6899234556796484,0.0,0.0,0.0,DDoS-PSHACK_Flood,1
0.0,-1.2677844196609207,3.305711221304783,0.026267357019878368,0.031633386492136324,0.0,0.0,0.0,0.0,0.0,0.0,0.0,0.0,0.0,0.0,0.0,0.0,0.5024752879678589,0.0,0.0,0.0,0.0,-1.0,0.0,0.0,0.0,0.0,0.0,30.012632309968307,29.29064958438996,20.51777980578307,7.5769576213643095,29.907087729126534,1.6307523381229794,31.171073568872504,6.428712227585643,1.6217878693835461,Mirai-greip_flood,1
0.0,0.0,0.0,0.0,-0.42324440487759546,0.0,0.0,1.0,0.0,0.0,0.0,0.0,0.0,0.0,3.4857640793406848,0.0,0.0,0.0,0.0,0.0,0.0,0.0,0.0,0.0,0.0,0.0,0.0,0.0,0.0,0.0,0.0,0.0,0.0,-0.12576494783650258,0.0,0.0,0.0,DDoS-SYN_Flood,1
0.0,-1.4513389403258232,-2.1606122929018636,0.0,0.5173585071016473,0.0,0.0,0.0,0.0,0.0,0.0,0.0,0.0,0.0,0.0,0.0,0.0,0.0,0.0,0.0,0.0,0.0,-1.0,0.0,0.0,0.0,1.0,0.0,-3.1946884019211876,-3.2597145763975988,-2.1453568405302192,0.0,-3.13895514140087,0.02980517801867263,-3.1816908209099646,0.0,0.0,DDoS-ICMP_Flood,1
0.0,0.0,0.0,0.0,-0.059867206922746684,0.0,0.6931471805599453,0.0,0.6931471805599453,0.0,0.0,0.0,0.0,0.6931471805599453,0.0,0.6931471805599453,0.0,0.0,0.6931471805599453,0.0,0.0,0.0,0.0,0.0,0.0,0.0,0.0,0.0,0.0,0.0,0.0,0.0,0.0,0.799866511019037,0.0,0.0,0.0,DDoS-RSTFINFlood,1
0.0,-1.4513389403258232,-2.1606122929018636,0.0,-0.345955858486154,0.0,0.0,0.0,0.0,0.0,0.0,0.0,0.0,0.0,0.0,0.0,0.0,0.0,0.0,0.0,0.0,0.0,-1.0,0.0,0.0,0.0,1.0,0.0,-3.1946884019211876,-3.2597145763975988,-2.1453568405302192,0.0,-3.13895514140087,0.01461931073336928,-3.1816908209099646,0.0,0.0,DDoS-ICMP_Flood,1
0.0,-1.2265842766993613,-2.027879305309678,0.009797996326253333,0.1575126061313599,0.0,0.0,0.0,0.0,0.0,0.0,0.0,0.0,0.0,0.0,0.0,0.0,0.0,0.0,0.0,0.0,0.0,-1.0,0.0,0.0,0.0,1.0,0.0,-3.055969048700557,-3.2597145763975988,-1.2156644640797343,1.9533860765129472,-3.00912162897962,0.001144912885825754,-3.0820468038985203,2.1563768290761,1.2109863674277355,DDoS-ICMP_Flood,1
3.254380116022331,2.311184630270917,1.6288918283450677,0.0,1.5656776743966694,0.0,0.0,0.0,0.0,0.0,0.0,0.0,0.0,0.0,0.0,0.0,0.0,0.0,0.0,0.0,0.0,0.0,-1.0,1.0,0.0,0.0,0.0,0.0,-0.9784901618675309,-1.0,-0.6581425429281335,0.0,-0.9629539850295165,-0.09351857727765008,-0.9782642144148311,0.0,0.0,DDoS-UDP_Flood,1
7.997435293122135,2.7715061558401897,0.0,-0.08338160893905044,0.538250233811861,0.0,0.0,0.0,0.0,0.6931471805599453,0.6931471805599453,0.0,0.0,0.0,8.663611555979717,0.0,2.9496883350525844,240.004908402361,0.0,0.6931471805599453,0.0,0.0,0.0,0.0,0.0,0.0,0.0,0.0,49.12833660698649,1.371262549261819,38.21659370160452,17.72037149630413,42.56772019717175,303.77208930070424,46.254392156631816,11.604199659222921,8.043231726932055,Recon-HostDiscovery,1
0.0,-0.003573429594906621,-0.01484667116878494,-0.009894947771454277,0.16862977885336325,0.0,0.0,0.0,0.0,0.0,0.0,0.0,0.0,0.0,0.0,0.0,0.0,0.0,0.0,0.0,0.0,0.0,0.0,0.0,0.0,0.0,0.0,0.0,0.02285299770985149,0.0,0.1601661499330894,0.6390523890236279,0.013904869652008049,-0.18886578043654992,0.02489670503931109,0.3511172005825348,1.8218605933779084,DDoS-TCP_Flood,1
0.29407190851208553,2.2916989412931765,1.6183197951558497,0.026117488154854485,1.9904387855134487,0.0,0.0,0.0,0.0,0.0,0.0,0.0,0.0,0.0,0.09958532450472099,0.0,0.0,1.0,0.0,0.0,0.0,0.0,-1.0,1.0,0.0,0.0,0.0,0.0,-0.9697755273655944,-1.0,-0.5968322231318078,0.2057312844792896,-0.9529554884877515,-0.34789159467466685,-0.9723798084548233,0.06650080631700774,1.0,DoS-UDP_Flood,1
0.009127529456610656,0.06460198741740066,0.0,0.05419676753466707,0.4148391606172846,0.0,0.0,1.0,0.0,0.0,0.0,0.0,0.0,0.0,3.4352220001315557,0.0,0.039220713153281295,3.4166500970741085,0.0,0.0,0.0,0.0,0.0,0.0,0.0,0.0,0.0,0.0,0.08849491408641935,0.0,0.31744218099702465,1.4044188832747517,0.055528745286416076,-0.12904920824340715,0.09162232058496249,1.2276316642645597,1.8218605933779084,DDoS-SYN_Flood,1
0.0,-1.4513389403258232,-2.1606122929018636,0.0,-0.41726078497294705,0.0,0.0,0.0,0.0,0.0,0.0,0.0,0.0,0.0,0.0,0.0,0.0,0.0,0.0,0.0,0.0,0.0,-1.0,0.0,0.0,0.0,1.0,0.0,-3.1946884019211876,-3.2597145763975988,-2.1453568405302192,0.0,-3.13895514140087,0.014498528515395378,-3.1816908209099646,0.0,0.0,DDoS-ICMP_Flood,1
5.55265106655085,2.2416475538697322,1.5979550768727953,0.057107130473696976,1.3777267354494709,0.0,0.0,0.0,0.0,0.0,0.0,0.0,0.0,0.0,0.0,0.0,0.0,0.0,0.0,0.0,0.0,0.0,-1.0,1.0,0.0,0.0,0.0,0.0,-0.8868016749196808,-1.0,-0.32286090499843756,1.2331690087846685,-0.8633200275928014,-0.0809648292293424,-0.9155927442567724,1.3423540119998256,1.1059727047904317,DDoS-UDP_Flood,1
0.0,-1.4513389403258232,-2.1606122929018636,0.0,0.15445243618531398,0.0,0.0,0.0,0.0,0.0,0.0,0.0,0.0,0.0,0.0,0.0,0.0,0.0,0.0,0.0,0.0,0.0,-1.0,0.0,0.0,0.0,1.0,0.0,-3.1946884019211876,-3.2597145763975988,-2.1453568405302192,0.0,-3.13895514140087,0.09495934594560117,-3.1816908209099646,0.0,0.0,DDoS-ICMP_Flood,1
0.6042931811649446,2.357924812020797,1.6183197951558497,-0.003544736700811235,1.780575716119296,0.0,0.0,0.0,0.0,0.0,0.0,0.0,0.0,0.0,0.09958532450472099,0.0,0.0,0.5024752879678589,0.0,0.0,0.0,0.0,-1.0,1.0,0.0,0.0,0.0,0.0,-0.9765530610926917,-1.0,-0.6444807096303289,0.04220976320658502,-0.942964824689875,-0.06587147873850932,-0.9782642144148311,0.0,0.0,DDoS-UDP_Flood,1
0.0018184704393439846,-0.9492636458477354,-1.875153240055733,0.0,0.48157617826152216,0.0,0.0,0.0,0.0,0.0,0.0,0.0,0.0,0.0,0.05003916460788235,0.0,0.0,0.0,0.0,0.0,0.0,0.0,-1.0,0.0,0.0,0.0,1.0,0.0,36.20755413599197,24.375702459683563,28.835130521155197,15.410559643967716,35.70756308310378,0.5766139652478881,38.11152353916489,10.12873985473021,7.74944564203287,DDoS-ICMP_Fragmentation,1
0.0,0.0,0.0,0.0,-0.24425907481751186,0.0,0.6931471805599453,0.0,0.6931471805599453,0.0,0.0,0.0,0.0,0.6931471805599453,0.0,0.6931471805599453,0.0,0.0,0.0,0.0,0.0,0.0,0.0,0.0,0.0,0.0,0.0,0.0,0.0,0.0,0.0,0.0,0.0,0.7970819783229101,0.0,0.0,0.0,DDoS-RSTFINFlood,1
0.4843891425034367,2.3002315523339165,1.6288918283450677,0.0,1.8205380347335876,0.0,0.0,0.0,0.0,0.0,0.0,0.0,0.0,0.0,0.0,0.0,0.0,0.0,0.0,0.0,0.0,0.0,-1.0,1.0,0.0,0.0,0.0,0.0,-0.9784901618675309,-1.0,-0.6581425429281335,0.0,-0.9629539850295165,-0.07860322048777758,-0.9782642144148311,0.0,0.0,DDoS-UDP_Flood,1
0.9430619423878487,2.3485905654458716,1.613492818452487,0.02866220923467999,2.4676984851541213,0.0,0.0,0.0,0.0,0.0,0.0,0.0,0.0,0.0,0.0,0.0,0.0,0.0,0.0,0.0,0.0,0.0,-1.0,1.0,0.0,0.0,0.0,0.0,-0.9125525354354472,-1.0,-0.2036261975813672,1.3247388943281315,-0.9105491142244613,-0.07788253872335384,-0.9250846223158614,1.2978493156129989,1.4182049190823993,DDoS-UDP_Flood,1
0.25965429037800825,2.0917519012875094,1.5822760811600316,0.08448254115226206,2.3298702619524914,0.0,0.0,0.0,0.0,0.0,0.0,0.0,0.0,0.0,0.0,0.0,0.0,0.0,0.0,0.0,0.0,0.0,-1.0,1.0,0.0,0.0,0.0,0.0,-0.7814541064863911,-0.8965330026297559,0.06316149275847756,2.229222287343646,-0.8137934345294322,-0.4101753529107037,-0.6748796332009703,2.0294296359030923,2.115646678277092,DoS-UDP_Flood,1
0.0,0.0,0.0,0.0,-0.34159566811088515,0.0,0.6931471805599453,0.0,0.6931471805599453,0.0,0.0,0.0,0.0,0.6931471805599453,0.0,0.6931471805599453,0.0,0.0,0.0,0.0,0.0,0.0,0.0,0.0,0.0,0.0,0.0,0.0,0.0,0.0,0.0,0.0,0.0,0.8152577915260358,0.0,0.0,0.0,DDoS-RSTFINFlood,1
11.390813431767432,3.0508112238363183,1.342953631823037,0.0,0.5832937965223767,0.0,0.0,0.0,0.0,0.0,0.0,0.0,0.0,0.039220713153281295,4.5268165077318665,0.6626879730752367,0.12221763272424921,49.97019732854581,0.0,0.0,0.0,0.0,-1.0,1.0,0.0,0.0,0.0,0.0,25.717481225531266,21.23377107882218,19.363602236992424,11.233689681955,25.913254819945866,2.4109639464123465,25.32060064710716,7.955669541911758,4.934777256226536,Mirai-udpplain,1
0.0,-0.001055123160694393,0.05336981159237093,0.0,-0.5252029441477803,0.0,0.0,1.0,0.0,0.0,0.0,0.0,0.0,0.0,3.4352220001315557,0.0,0.0,0.0,0.0,0.0,0.0,0.0,0.0,0.0,0.0,0.0,0.0,0.0,-0.019749312198806723,-0.11608876348089242,0.0,0.3325285066142154,-0.03715394233333804,-0.12821140860377442,-0.011952731301731379,0.24584805052793876,0.6761483616478751,DDoS-SYN_Flood,1
4.156269914260839,2.654044602213616,0.0,1.0099772165763685,0.561851072932617,0.0,0.0,0.0,0.0,0.0,0.6931471805599453,0.0,0.0,0.0,5.52480535211579,0.0,3.4170707308184456,219.1578745316515,0.0,0.6931471805599453,0.0,0.0,0.0,0.0,0.0,0.0,0.0,0.0,41.117452493191145,37.362652066622054,31.545827116606283,14.944369091296778,40.565099289428154,0.4265435895875572,39.43547266507577,10.105525675008067,6.020047135676744,VulnerabilityScan,1
0.0,0.0,0.0,0.0,0.08110667114129791,0.0,0.0,1.0,0.0,0.0,0.0,0.0,0.0,0.0,3.4857640793406848,0.0,0.0,0.0,0.0,0.0,0.0,0.0,0.0,0.0,0.0,0.0,0.0,0.0,0.0,0.0,0.0,0.0,0.0,-0.1136418070354738,0.0,0.0,0.0,DDoS-SYN_Flood,1
0.0,0.14464595711336745,0.0,0.0,-0.17355018501744732,0.0,0.0,0.0,0.0,0.0,0.0,0.0,0.0,0.0,0.0,0.0,0.0,0.0,0.0,0.0,0.0,0.0,0.0,0.0,0.0,0.0,0.0,0.0,0.0,0.0,0.0,0.0,0.0,-0.720916096204804,0.0,0.0,0.0,DoS-TCP_Flood,1
0.0,-1.4513389403258232,-2.1606122929018636,0.0,-0.31425396261692345,0.0,0.0,0.0,0.0,0.0,0.0,0.0,0.0,0.0,0.0,0.0,0.0,0.0,0.0,0.0,0.0,0.0,-1.0,0.0,0.0,0.0,1.0,0.0,-3.1946884019211876,-3.2597145763975988,-2.1453568405302192,0.0,-3.13895514140087,-0.001909951284425808,-3.1816908209099646,0.0,0.0,DDoS-ICMP_Flood,1
3.6692335929585846,0.14938487171124765,0.0,0.0,-0.4832442106691409,0.0,0.0,1.0,0.0,0.0,0.0,0.0,0.0,0.0,4.648000553559612,0.0,0.0,0.0,0.0,0.0,0.0,0.0,0.0,0.0,0.0,0.0,0.0,0.0,0.0,0.0,0.0,0.0,0.0,0.874263013967196,0.0,0.0,0.0,DDoS-SynonymousIP_Flood,1
0.23572758224803733,2.0063927040175873,1.6288918283450677,0.0,1.8232928122627654,0.0,0.0,0.0,0.0,0.0,0.0,0.0,0.0,0.0,0.0,0.0,0.0,0.0,0.0,0.0,0.0,0.0,-1.0,1.0,0.0,0.0,0.0,0.0,-0.9784901618675309,-1.0,-0.6581425429281335,0.0,-0.9629539850295165,-0.002512020249439236,-0.9782642144148311,0.0,0.0,DDoS-UDP_Flood,1
0.0,0.0,0.0,0.0,-0.4556011798538837,0.0,0.0,1.0,0.0,0.0,0.0,0.0,0.0,0.0,3.4857640793406848,0.0,0.0,0.0,0.0,0.0,0.0,0.0,0.0,0.0,0.0,0.0,0.0,0.0,0.0,0.0,0.0,0.0,0.0,-0.11251912918751401,0.0,0.0,0.0,DDoS-SYN_Flood,1
0.0,0.4353846644318653,1.6288918283450677,0.0,0.27900695726072816,0.0,0.0,0.0,0.0,0.0,0.0,0.0,0.0,0.0,0.0,0.0,0.0,0.0,0.0,0.0,0.0,0.0,-1.0,1.0,0.0,0.0,0.0,0.0,15.460455609445706,15.920963237144614,10.478263230759683,0.0,15.331154994716835,-0.42654117664994806,15.820846096199878,0.0,0.0,DoS-UDP_Flood,1
0.0,-1.2207894207736871,3.2579433416724553,-0.02998350780079928,0.012136265630780312,0.0,0.0,0.0,0.0,0.0,0.0,0.0,0.0,0.0,0.0,0.0,0.0,0.0,0.0,0.0,0.0,0.0,-1.0,0.0,0.0,0.0,0.0,0.0,29.976130997946598,28.439225037120874,20.726027714761642,9.080653144092148,29.86546369204964,2.0053512143258,31.237124023601414,7.126848117823134,2.402178039260594,Mirai-greeth_flood,1
0.0,0.0,0.0,0.0,-0.3231557143187427,0.0,0.0,0.0,0.0,0.6931471805599453,0.6931471805599453,0.0,0.0,0.0,0.0,0.0,0.6931471805599453,35.00278878114653,0.0,0.6931471805599453,0.0,0.0,0.0,0.0,0.0,0.0,0.0,0.0,0.0,0.0,0.0,0.0,0.0,0.7531823054343204,0.0,0.0,0.0,DDoS-PSHACK_Flood,1
0.0,-0.003573429594906621,-0.01484667116878494,-0.009894947771454277,0.1843417686933183,0.0,0.0,1.0,0.0,0.0,0.0,0.0,0.0,0.0,3.460556535077735,0.0,0.0,0.0,0.0,0.6931471805599453,0.0,0.0,0.0,0.0,0.0,0.0,0.0,0.0,0.026881626833906772,0.014439806956696728,0.18812776034521222,0.7462209435759599,0.013904869652008049,0.8631065731902494,0.05028881512610059,0.4342487955106182,2.018542090483177,DDoS-SynonymousIP_Flood,1
2.266489723250718,0.16774377288089695,0.0,0.0,-0.3385830082503465,0.0,0.0,1.0,0.0,0.0,0.0,0.0,0.0,0.0,4.8051662992914705,0.0,0.0,0.0,0.0,0.0,0.0,0.0,0.0,0.0,0.0,0.0,0.0,0.0,0.0,0.0,0.0,0.0,0.0,0.8749744000826845,0.0,0.0,0.0,DDoS-SynonymousIP_Flood,1
0.0,0.0,0.0,0.0,0.5962484480095397,0.0,0.0,0.0,0.0,0.0,0.0,0.0,0.0,0.0,0.0,0.0,0.0,0.0,0.0,0.0,0.0,0.0,0.0,0.0,0.0,0.0,0.0,0.0,0.0,0.0,0.0,0.0,0.0,-0.19208700355070504,0.0,0.0,0.0,DDoS-TCP_Flood,1
0.08289110147242013,0.07374105586845106,0.0,0.0,0.29564402333272055,0.0,0.0,0.0,0.0,0.6931471805599453,0.6931471805599453,0.0,0.0,0.0,0.0,0.20701416938432615,0.6931471805599453,35.00278878114653,0.6931471805599453,0.0,0.0,0.0,0.0,0.0,0.0,0.0,0.0,0.0,0.0,0.0,0.0,0.0,0.0,0.690614961713053,0.0,0.0,0.0,DDoS-PSHACK_Flood,1
0.0,-0.003573429594906621,-0.01484667116878494,0.019350036204498267,0.7044382882220188,0.0,0.0,0.0,0.0,0.6931471805599453,0.6931471805599453,0.0,0.0,0.0,0.0,0.009950330853168083,0.6830968447064438,34.74966369079495,0.0,0.0,0.0,0.0,0.0,0.0,0.0,0.0,0.0,0.0,0.01613578301283404,0.0,0.11336320307948657,0.4164683975419646,0.013904869652008049,0.7518350512581023,0.012455734212001954,0.20535852295777804,1.3150581908108256,DDoS-PSHACK_Flood,1
0.0,0.0021010690906206955,0.02689133735382879,0.009797996326253333,0.14357592313399017,0.0,0.0,0.0,0.0,0.0,0.0,0.0,0.0,0.0,0.0,0.0,0.0,0.0,0.0,0.0,0.0,0.0,0.0,0.0,0.0,0.0,0.0,0.0,0.10718778082088859,0.0,0.729310037432628,2.0643251863049703,0.07398472779225683,-0.32838767782777945,0.09776807318732406,2.0584198633608155,1.6217878693835461,DDoS-TCP_Flood,1
0.0,0.0,0.0,0.0,-0.5279438475637656,0.0,0.0,1.0,0.0,0.0,0.0,0.0,0.0,0.0,3.4857640793406848,0.0,0.0,0.0,0.0,0.0,0.0,0.0,0.0,0.0,0.0,0.0,0.0,0.0,0.0,0.0,0.0,0.0,0.0,0.8610871678819415,0.0,0.0,0.0,DDoS-SynonymousIP_Flood,1
0.0,0.0,0.0,0.0,-0.4623126377046333,0.0,0.6931471805599453,0.0,0.6931471805599453,0.0,0.0,0.0,0.0,0.6931471805599453,0.0,0.6931471805599453,0.0,0.0,0.0,0.0,0.0,0.0,0.0,0.0,0.0,0.0,0.0,0.0,0.0,0.0,0.0,0.0,0.0,0.815914116993784,0.0,0.0,0.0,DDoS-RSTFINFlood,1
15.927480387186309,0.25483690519168317,0.0,0.0,-0.6942654582038561,0.0,0.0,0.0,0.0,0.0,0.0,0.0,0.0,0.0,0.0,0.039220713153281295,0.0,1.9805812918999735,0.6931471805599453,0.0,0.0,0.0,0.0,0.0,0.0,0.0,0.0,0.0,0.0,0.0,0.0,0.0,0.0,-0.7236284083674493,0.0,0.0,0.0,DoS-TCP_Flood,1
0.0,0.0,0.0,0.0,-0.3705782693633957,0.0,0.0,1.0,0.0,0.0,0.0,0.0,0.0,0.0,3.4857640793406848,0.0,0.0,0.0,0.0,0.0,0.0,0.0,0.0,0.0,0.0,0.0,0.0,0.0,0.0,0.0,0.0,0.0,0.0,-0.549346221603786,0.0,0.0,0.0,DoS-SYN_Flood,1
1.4923136086231996,0.04350530307395399,0.0,0.0,-0.14027600348425842,0.0,0.0,1.0,0.0,0.0,0.0,0.0,0.0,0.0,3.802457703692053,0.0,0.0,0.0,0.0,0.0,0.0,0.0,0.0,0.0,0.0,0.0,0.0,0.0,0.0,0.0,0.0,0.0,0.0,0.8592765765706118,0.0,0.0,0.0,DDoS-SynonymousIP_Flood,1
0.0,-1.4513389403258232,-2.1606122929018636,0.0,-0.3313731865307738,0.0,0.0,0.0,0.0,0.0,0.0,0.0,0.0,0.0,0.0,0.0,0.0,0.0,0.0,0.0,0.0,0.0,-1.0,0.0,0.0,0.0,1.0,0.0,-3.1946884019211876,-3.2597145763975988,-2.1453568405302192,0.0,-3.13895514140087,0.02817048670010976,-3.1816908209099646,0.0,0.0,DDoS-ICMP_Flood,1
0.0,0.0,0.0,0.0,-0.3524668336757821,0.0,0.0,1.0,0.0,0.0,0.0,0.0,0.0,0.0,3.4857640793406848,0.0,0.0,0.0,0.0,0.0,0.0,0.0,0.0,0.0,0.0,0.0,0.0,0.0,0.0,0.0,0.0,0.0,0.0,-0.10950247773655136,0.0,0.0,0.0,DDoS-SYN_Flood,1
0.12952403082900035,2.104743673447687,1.6288918283450677,0.0,2.0245287042652795,0.0,0.0,0.0,0.0,0.0,0.0,0.0,0.0,0.0,0.0,0.0,0.0,0.0,0.0,0.0,0.0,0.0,-1.0,1.0,0.0,0.0,0.0,0.0,-0.9784901618675309,-1.0,-0.6581425429281335,0.0,-0.9629539850295165,-0.40671068469747007,-0.9782642144148311,0.0,0.0,DoS-UDP_Flood,1
14.854441340575296,0.24412375152812485,-0.01484667116878494,-0.009894947771454277,-0.6846782422753067,0.0,0.0,0.0,0.0,0.0,0.0,0.0,0.0,0.0,0.0,0.0,0.0,0.0,0.0,0.0,0.0,0.0,0.0,0.0,0.0,0.0,0.0,0.0,0.026881626833906772,0.014439806956696728,0.18812776034521222,0.7462209435759599,0.013904869652008049,-0.6301292029682014,0.05028881512610059,0.4342487955106182,2.018542090483177,DoS-TCP_Flood,1
0.30807770292100795,2.2124445323292163,1.6288918283450677,0.0,1.8633988987935333,0.0,0.0,0.0,0.0,0.0,0.0,0.0,0.0,0.0,0.0,0.0,0.0,0.0,0.0,0.0,0.0,0.0,-1.0,1.0,0.0,0.0,0.0,0.0,-0.9784901618675309,-1.0,-0.6581425429281335,0.0,-0.9629539850295165,-0.0820107041806192,-0.9782642144148311,0.0,0.0,DDoS-UDP_Flood,1
0.0,-1.4513389403258232,-2.1606122929018636,0.0,-0.5738403100232328,0.0,0.0,0.0,0.0,0.0,0.0,0.0,0.0,0.0,0.0,0.0,0.0,0.0,0.0,0.0,0.0,0.0,-1.0,0.0,0.0,0.0,1.0,0.0,-3.1946884019211876,-3.2597145763975988,-2.1453568405302192,0.0,-3.13895514140087,0.09171606091294135,-3.1816908209099646,0.0,0.0,DDoS-ICMP_Flood,1
0.0,-1.4513389403258232,-2.1692573117561817,-0.009894947771454277,0.1604616089149226,0.0,0.0,0.0,0.0,0.0,0.0,0.0,0.0,0.0,0.0,0.0,0.0,0.0,0.0,0.0,0.0,0.0,-1.0,0.0,0.0,0.0,1.0,0.0,-3.101659730356484,-3.2597145763975988,-1.512164067574492,1.6708644318855126,-3.0856815734839125,0.0008719514481910201,-3.0705415605274684,1.518681381524047,1.9206180450055654,DDoS-ICMP_Flood,1
0.021197299876658943,0.04941322528419286,0.05336981159237093,0.0,0.27826839248403795,0.0,0.0,0.0,0.0,0.0,0.0,0.0,0.0,0.009950330853168083,0.0,0.0,0.019802627296179712,3.4166500970741085,0.0,0.0,0.0,0.0,0.0,0.0,0.0,0.0,0.0,0.0,0.20200871858341718,0.0,0.845142278442011,2.407416887933548,0.18873340266518726,-0.21872506609694572,0.15474447083902962,2.138756663439481,2.589342266588826,DDoS-TCP_Flood,1
13.40813319999983,1.9009022502484874,1.0596646106457974,0.21635130538026637,0.21766303363939177,0.0,0.0,0.0,0.0,0.0,0.0,0.0,0.0,0.0295588022415444,2.3635986900517376,0.0,1.965712776351493,135.456291440637,0.0,0.0,0.0,0.0,-1.0,1.0,0.0,0.0,0.0,0.0,9.24203245583184,-0.8348385977313875,17.06277014958966,11.378587145984563,9.185172541863537,-0.19025881066968472,8.067937661865042,7.815522557652578,7.74944564203287,DDoS-TCP_Flood,1
0.0,0.009873272265826101,0.0,-0.003235999433770509,0.4409087313369144,0.0,0.0,0.0,0.0,0.0,0.0,0.0,0.0,0.0,0.0,0.0,0.009950330853168083,0.5024752879678589,0.6931471805599453,0.0,0.0,0.0,0.0,0.0,0.0,0.0,0.0,0.0,0.43558467657562916,0.0,2.675450514180425,4.460769793927678,0.3476665114283261,-0.31660434819220895,0.34001296625884847,4.29094378812225,1.4182049190823993,DDoS-TCP_Flood,1
0.25202027172807057,0.17658563222828114,0.0,0.0,0.26974449344746865,0.0,0.0,0.0,0.6931471805599453,0.0,0.0,0.0,0.0,0.0,0.0,0.49469624183610705,0.6931471805599453,35.00278878114653,0.6931471805599453,0.0,0.0,0.0,0.0,0.0,0.0,0.0,0.0,0.0,0.0,0.0,0.0,0.0,0.0,0.6906657312973444,0.0,0.0,0.0,DDoS-PSHACK_Flood,1
0.0,0.0,0.0,0.0,-0.4217724188347943,0.0,0.0,1.0,0.0,0.0,0.0,0.0,0.0,0.0,3.4857640793406848,0.0,0.0,0.0,0.0,0.0,0.0,0.0,0.0,0.0,0.0,0.0,0.0,0.0,0.0,0.0,0.0,0.0,0.0,-0.12862087655498075,0.0,0.0,0.0,DDoS-SYN_Flood,1
3.143841842255005,0.16324055540921728,0.0,0.0,-0.48150909495410943,0.0,0.0,1.0,0.0,0.0,0.0,0.0,0.0,0.0,4.766332943767437,0.0,0.0,0.0,0.0,0.0,0.0,0.0,0.0,0.0,0.0,0.0,0.0,0.0,0.0,0.0,0.0,0.0,0.0,0.8749156434447064,0.0,0.0,0.0,DDoS-SynonymousIP_Flood,1
0.0,-1.4513389403258232,3.3035354291949597,-0.009894947771454277,-0.4129519786321646,0.0,0.0,0.0,0.0,0.0,0.0,0.0,0.0,0.0,0.0,0.0,0.0,0.0,0.0,0.0,0.0,0.0,-1.0,0.0,0.0,0.0,0.0,0.0,29.999703868013352,29.129333088599136,20.51777980578307,7.819158501275412,29.905754305929115,1.6307644805761519,31.143452960051942,6.548626855430885,1.722255427937173,Mirai-greip_flood,1
9.144929256941019,3.4138745209669126,1.6288918283450677,0.0,1.0143106209556678,0.0,0.0,0.0,0.0,0.0,0.0,0.0,0.0,0.0,0.0,0.0,0.0,0.0,0.0,0.0,0.0,0.0,-1.0,1.0,0.0,0.0,0.0,0.0,29.634727059736914,30.61461869346902,20.148782997694873,0.0,29.48046907103512,2.3950108121046054,30.75859664112244,0.0,0.0,Mirai-udpplain,1
0.0,0.0,0.0,0.0,0.5955784740320791,0.0,0.0,0.0,0.0,0.6931471805599453,0.6931471805599453,0.0,0.0,0.0,0.0,0.0,0.6931471805599453,35.00278878114653,0.0,0.0,0.0,0.0,0.0,0.0,0.0,0.0,0.0,0.0,0.0,0.0,0.0,0.0,0.0,0.7494679192304572,0.0,0.0,0.0,DDoS-PSHACK_Flood,1
0.0,-1.285673031829225,-2.118025495839449,0.028961162899088677,0.11002319461884184,0.0,0.0,0.0,0.0,0.0,0.0,0.0,0.0,0.0,0.05003916460788235,0.0,0.0,0.0,0.0,0.0,0.0,0.0,-1.0,0.0,0.0,0.0,1.0,0.0,-3.18086343010038,-3.2597145763975988,-2.048598238842591,0.24878027678385872,-3.0915898810650475,0.0006106890999663418,-3.1740207673103646,0.2630561697438992,0.34299828761799184,DDoS-ICMP_Flood,1
0.0,-0.007182468781252672,-0.029822258606148372,-0.019888784853788977,0.6830178208634987,0.0,0.0,1.0,0.0,0.0,0.0,0.0,0.0,0.0,3.4352220001315557,0.0,0.0,0.0,0.0,0.0,0.0,0.0,0.0,0.0,0.0,0.0,0.0,0.0,0.0255388920307151,0.0,0.09457142894571968,0.4392965036312981,0.027794595133672117,-0.12560528914173222,0.0176426899335445,0.26466446981336483,1.1059727047904317,DDoS-SYN_Flood,1
2.5304131989334926,2.3733615829084402,1.6288918283450677,0.0,1.3910176061058857,0.0,0.0,0.0,0.0,0.0,0.0,0.0,0.0,0.0,0.0,0.0,0.0,0.0,0.0,0.0,0.0,0.0,-1.0,1.0,0.0,0.0,0.0,0.0,-0.9784901618675309,-1.0,-0.6581425429281335,0.0,-0.9629539850295165,-0.06610641162075756,-0.9782642144148311,0.0,0.0,DDoS-UDP_Flood,1
2.7814206975881346,3.6902744534815057,0.0,-0.07671491758086102,1.4035463977308569,0.0,0.0,0.0,0.0,0.0,0.6931471805599453,0.0,0.0,0.0,0.0,0.0,5.43851399704132,348.7038384091674,0.0,0.6931471805599453,0.0,0.0,0.0,0.0,0.0,0.0,0.0,0.0,47.477697962561116,2.613770776601509,34.74840606504064,17.235381680475804,41.00598859343127,302.9174697148944,44.61917075473147,11.283904769955232,8.043231726932055,MITM-ArpSpoofing,1
0.0,-1.4513389403258232,-2.1606122929018636,0.0,-0.5099906808482144,0.0,0.0,0.0,0.0,0.0,0.0,0.0,0.0,0.0,0.0,0.0,0.0,0.0,0.0,0.0,0.0,0.0,-1.0,0.0,0.0,0.0,1.0,0.0,-3.1946884019211876,-3.2597145763975988,-2.1453568405302192,0.0,-3.13895514140087,0.09472197453781687,-3.1816908209099646,0.0,0.0,DDoS-ICMP_Flood,1
0.0,-0.003573429594906621,-0.012363333590255966,0.0082733733750322,-0.5253243144651618,0.0,0.0,1.0,0.0,0.0,0.0,0.0,0.0,0.0,3.460556535077735,0.0,0.0,0.0,0.0,0.0,0.0,0.0,0.0,0.0,0.0,0.0,0.0,0.0,0.14715178609376003,0.0,0.987800910731509,2.5378164269514394,0.10161871842208084,-0.12554622651826192,0.13363780499487213,2.538409737032226,1.6217878693835461,DDoS-SYN_Flood,1
0.0,0.0,0.0,0.057107130473696976,-0.31147063445882334,0.0,0.0,0.0,0.0,0.6931471805599453,0.6931471805599453,0.0,0.0,0.0,0.0,0.019802627296179712,0.6830968447064438,35.00278878114653,0.0,0.0,0.0,0.0,0.0,0.0,0.0,0.0,0.0,0.0,0.0,0.0,0.0,0.0,0.0,0.6899171177088304,0.0,0.0,0.0,DDoS-PSHACK_Flood,1
6.005108827587933,0.30410919422186816,0.0,0.0,-0.4451895269370573,0.0,0.0,1.0,0.0,0.0,0.0,0.0,0.0,0.0,6.064700019898359,0.0,0.0,0.0,0.0,0.0,0.0,0.0,0.0,0.0,0.0,0.0,0.0,0.0,0.0,0.0,0.0,0.0,0.0,0.8593130891882385,0.0,0.0,0.0,DDoS-SynonymousIP_Flood,1
27.240219639504257,3.560576590912176,1.404059714622352,0.42777840707215553,0.5106050657183151,0.0,0.0,0.0,0.0,0.0,0.0,0.0,0.0,0.0,0.9168758834861583,0.0,1.410986973710262,181.1018715698748,0.0,0.0,0.0,0.0,-1.0,1.0,0.0,0.0,0.0,0.0,9.123711486514406,1.7141608829079535,16.942904644252273,11.516154405205743,23.669896354974625,-301.59821117595123,14.947476140270743,8.145162783981505,7.448027902452049,MITM-ArpSpoofing,1
1.619474258297502,2.331338871772534,1.6288918283450677,0.0,1.530899181800387,0.0,0.0,0.0,0.0,0.0,0.0,0.0,0.0,0.0,0.0,0.0,0.0,0.0,0.0,0.0,0.0,0.0,-1.0,1.0,0.0,0.0,0.0,0.0,-0.9784901618675309,-1.0,-0.6581425429281335,0.0,-0.9629539850295165,-0.09349843110609382,-0.9782642144148311,0.0,0.0,DDoS-UDP_Flood,1
0.0,0.0,0.0,0.0,-0.43905170902376034,0.0,0.0,0.0,0.0,0.0,0.0,0.0,0.0,0.0,0.0,0.0,0.0,0.0,0.0,0.0,0.0,0.0,0.0,0.0,0.0,0.0,0.0,0.0,0.0,0.0,0.0,0.0,0.0,-0.18882171655778363,0.0,0.0,0.0,DDoS-TCP_Flood,1
0.0,0.011407896463435842,0.02689133735382879,0.028961162899088677,-0.4624282675812924,0.0,0.0,0.0,0.0,0.0,0.0,0.0,0.0,0.0,0.0,0.0,0.0,0.0,0.0,0.0,0.0,0.0,0.0,0.0,0.0,0.0,0.0,0.0,0.42691328532203704,0.0,2.6286894156560994,4.334972268427264,0.4017050740012617,-0.31499236159654487,0.3014066865042099,4.32088750165381,1.2109863674277355,DDoS-TCP_Flood,1
0.14613340255769922,1.9428915862052527,1.613492818452487,0.0,1.9468591969026787,0.0,0.0,0.0,0.0,0.0,0.0,0.0,0.0,0.0,0.0,0.0,0.0,0.0,0.0,0.0,0.0,0.0,-1.0,1.0,0.0,0.0,0.0,0.0,-0.7552527943348194,-1.0,0.8018853764613342,2.923634139857012,-0.7324927253766332,-0.0809117620668066,-0.8250274691198203,3.2043637928619777,1.1059727047904317,DDoS-UDP_Flood,1
0.9324711195669868,2.238466700087499,1.6288918283450677,0.0,1.5521538323822934,0.0,0.0,0.0,0.0,0.0,0.0,0.0,0.0,0.0,0.0,0.0,0.0,0.0,0.0,0.0,0.0,0.0,-1.0,1.0,0.0,0.0,0.0,0.0,-0.9784901618675309,-1.0,-0.6581425429281335,0.0,-0.9629539850295165,-0.09670612068932992,-0.9782642144148311,0.0,0.0,DDoS-UDP_Flood,1
11.778390331856984,0.2736906700081253,0.0,0.0,-0.6374143014060815,0.0,0.0,1.0,0.0,0.0,0.0,0.0,0.0,0.0,5.770165942848559,0.0,0.0,0.0,0.0,0.0,0.0,0.0,0.0,0.0,0.0,0.0,0.0,0.0,0.0,0.0,0.0,0.0,0.0,0.8634362146844629,0.0,0.0,0.0,DDoS-SynonymousIP_Flood,1
0.0,0.0,0.0,0.0,-0.2582641422344446,0.0,0.0,1.0,0.0,0.0,0.0,0.0,0.0,0.0,3.4857640793406848,0.0,0.0,0.0,0.6931471805599453,0.0,0.0,0.0,0.0,0.0,0.0,0.0,0.0,0.0,0.0,0.0,0.0,0.0,0.0,-0.10934014272683794,0.0,0.0,0.0,DDoS-SYN_Flood,1
0.0,0.0,0.0,0.0,-0.6637622113657681,0.0,0.0,1.0,0.0,0.0,0.0,0.0,0.0,0.0,3.4857640793406848,0.0,0.0,0.0,0.0,0.0,0.0,0.0,0.0,0.0,0.0,0.0,0.0,0.0,0.0,0.0,0.0,0.0,0.0,-0.1257009848178569,0.0,0.0,0.0,DDoS-SYN_Flood,1
30.133294117905333,3.8715475453821604,0.0,0.8448773508986731,0.3537743199716822,0.0,0.0,0.0,0.0,0.0,0.6931471805599453,0.0,0.0,0.0,0.0,0.0,4.441474093317302,388.6253752915636,0.0,0.6931471805599453,0.0,0.0,0.0,0.0,0.0,0.0,0.0,0.0,19.021771530793092,1.1081338613788194,23.23720982937801,14.204087940800692,33.97990467323614,-301.59821118110307,20.222270819963924,9.856503948867088,5.453889460343229,BenignTraffic,0
0.0,0.0,0.0,0.0,-0.2900255297313493,0.0,0.0,1.0,0.0,0.0,0.0,0.0,0.0,0.0,3.4857640793406848,0.0,0.0,0.0,0.0,0.0,0.0,0.0,0.0,0.0,0.0,0.0,0.0,0.0,0.0,0.0,0.0,0.0,0.0,-0.12623751635594027,0.0,0.0,0.0,DDoS-SYN_Flood,1
0.0,0.0,0.0,0.0,-0.4589857003033274,0.0,0.0,0.0,0.0,0.0,0.0,0.0,0.0,0.0,0.0,0.0,0.0,0.0,0.0,0.0,0.0,0.0,0.0,0.0,0.0,0.0,0.0,0.0,0.0,0.0,0.0,0.0,0.0,-0.3286617113580131,0.0,0.0,0.0,DDoS-TCP_Flood,1
0.6990920705285446,2.3833131259302434,1.6288918283450677,0.028961162899088677,1.781339540063898,0.0,0.0,0.0,0.0,0.0,0.0,0.0,0.0,0.0,0.0,0.0,0.0,0.0,0.0,0.0,0.0,0.0,-1.0,1.0,0.0,0.0,0.0,0.0,-0.43429255614309764,-1.0,2.5816760985522142,4.820256212854558,-0.559310605425949,-0.09738072882154747,-0.5340034554186434,4.511152051235398,1.520442853797087,DDoS-UDP_Flood,1
0.0,0.0,0.0,0.0,0.17584312114766074,0.0,0.0,1.0,0.0,0.0,0.0,0.0,0.0,0.0,3.4857640793406848,0.0,0.0,0.0,0.0,0.0,0.0,0.0,0.0,0.0,0.0,0.0,0.0,0.0,0.0,0.0,0.0,0.0,0.0,0.8637108984356248,0.0,0.0,0.0,DDoS-SynonymousIP_Flood,1
0.0,0.00432017968034348,0.0,-0.0024645730281616096,-0.37731375004730255,0.0,0.0,0.0,0.0,0.0,0.0,0.0,0.0,0.0,0.0,0.0,0.009950330853168083,0.5024752879678589,0.0,0.0,0.0,0.0,0.0,0.0,0.0,0.0,0.0,0.0,0.01479191488091344,0.0,0.10397238027179602,0.3281826436008546,0.15212603863941832,-0.17600875029846963,0.0,0.0,0.0,DDoS-TCP_Flood,1
0.0,0.0,0.0,0.0,-0.5414540488704314,0.0,0.0,0.0,0.0,0.0,0.0,0.0,0.0,0.0,0.0,0.0,0.0,0.0,0.0,0.0,0.0,0.0,0.0,0.0,0.0,0.0,0.0,0.0,0.0,0.0,0.0,0.0,0.0,-0.2190491170447581,0.0,0.0,0.0,DDoS-TCP_Flood,1
15.750262667544037,0.2507082513375307,0.02689133735382879,-0.0030816665374082675,-0.6503582054608051,0.0,0.0,0.0,0.0,0.0,0.0,0.0,0.0,0.0,0.0,0.0,0.0,0.0,0.0,0.0,0.0,0.0,0.0,0.0,0.0,0.0,0.0,0.0,0.034040489532091316,0.0,0.23761688043211943,0.9516591459253405,0.018536459202017373,-0.6123220217924732,0.048603213055714585,0.659814320533482,2.018542090483177,DoS-TCP_Flood,1
0.0070388633268831016,-0.7824534369718683,3.2448534560541713,0.005982071677547829,0.17165813412755282,0.0,0.0,0.0,0.0,0.0,0.0,0.0,0.0,0.0,0.1486480995258115,0.0,0.0,0.5024752879678589,0.0,0.0,0.0,0.0,-1.0,0.0,0.0,0.0,0.0,0.0,29.832757159174395,28.648204725173926,20.51777980578307,8.580007946208287,29.50480307763849,1.6284719114788566,31.029662984366336,6.8677873990211,2.211945409580863,Mirai-greip_flood,1
0.0,0.0,0.0,0.0,-0.5587321653661699,0.0,0.0,0.0,0.0,0.0,0.0,0.0,0.0,0.0,0.0,0.0,0.0,0.0,0.0,0.0,0.0,0.0,0.0,0.0,0.0,0.0,0.0,0.0,0.0,0.0,0.0,0.0,0.0,-0.206868994315227,0.0,0.0,0.0,DDoS-TCP_Flood,1
0.0,0.0,0.0,0.0,0.33246299575395855,0.0,0.0,1.0,0.0,0.0,0.0,0.0,0.0,0.0,3.4857640793406848,0.0,0.0,0.0,0.0,0.0,0.0,0.0,0.0,0.0,0.0,0.0,0.0,0.0,0.0,0.0,0.0,0.0,0.0,-0.12612797363376518,0.0,0.0,0.0,DDoS-SYN_Flood,1
0.0,0.0,0.0,0.0,2.9441319499841003,0.0,0.6931471805599453,0.0,0.6931471805599453,0.0,0.0,0.0,0.0,0.6931471805599453,0.0,0.6931471805599453,0.0,0.0,0.0,0.0,0.0,0.0,0.0,0.0,0.0,0.0,0.0,0.0,0.0,0.0,0.0,0.0,0.0,0.8122870009764446,0.0,0.0,0.0,DDoS-RSTFINFlood,1
0.0,0.0,0.0,0.0,-0.38166892971411676,0.0,0.0,0.0,0.0,0.6931471805599453,0.6931471805599453,0.0,0.0,0.0,0.0,0.0,0.6931471805599453,35.00278878114653,0.0,0.0,0.0,0.0,0.0,0.0,0.0,0.0,0.0,0.0,0.0,0.0,0.0,0.0,0.0,0.6890470717431568,0.0,0.0,0.0,DDoS-PSHACK_Flood,1
0.0,0.0,0.0,0.0,-0.4621155890476797,0.0,0.0,1.0,0.0,0.0,0.0,0.0,0.0,0.0,3.4857640793406848,0.0,0.0,0.0,0.0,0.0,0.0,0.0,0.0,0.0,0.0,0.0,0.0,0.0,0.0,0.0,0.0,0.0,0.0,-0.11023395264919425,0.0,0.0,0.0,DDoS-SYN_Flood,1
0.0,-1.4513389403258232,-2.1606122929018636,0.0,-0.6444864961559209,0.0,0.0,0.0,0.0,0.0,0.0,0.0,0.0,0.0,0.0,0.0,0.0,0.0,0.0,0.0,0.0,0.0,-1.0,0.0,0.0,0.0,1.0,0.0,-3.1946884019211876,-3.2597145763975988,-2.1453568405302192,0.0,-3.13895514140087,0.014397937157519986,-3.1816908209099646,0.0,0.0,DDoS-ICMP_Flood,1
0.0,0.003147050377230773,0.0,0.051277909653822284,-0.3336454637804888,0.0,0.0,0.0,0.0,0.0,0.0,0.0,0.0,0.0,0.0,0.0,0.0,1.0,0.0,0.0,0.0,0.0,0.0,0.0,0.0,0.0,0.0,0.0,0.0590648710987602,0.0,0.22527091822701384,0.8864371208678449,0.11081675826241126,-0.32873519096561626,0.035263730380120206,1.1549707280576214,0.6761483616478751,DDoS-TCP_Flood,1
0.0,-1.4513389403258232,-2.1606122929018636,0.0,0.1861671726444348,0.0,0.0,0.0,0.0,0.0,0.0,0.0,0.0,0.0,0.0,0.0,0.0,0.0,0.0,0.0,0.0,0.0,-1.0,0.0,0.0,0.0,1.0,0.0,-3.1946884019211876,-3.2597145763975988,-2.1453568405302192,0.0,-3.13895514140087,0.012552493778494838,-3.1816908209099646,0.0,0.0,DDoS-ICMP_Flood,1
10.984848957637295,0.4270971918845997,-0.01484667116878494,-0.009894947771454277,-0.5595166785958618,0.0,0.0,1.0,0.0,0.0,0.0,0.0,0.0,0.0,7.323512415936868,0.0,0.0,0.5024752879678589,0.0,0.0,0.0,0.0,0.0,0.0,0.0,0.0,0.0,0.0,0.056386037736055085,0.0,0.39048379161006225,1.2174164502723166,0.06014524549457332,0.8610031408569276,0.04277583179853209,1.1642896861897485,1.520442853797087,DDoS-SynonymousIP_Flood,1
3.535606491512108,0.28170457196049775,0.0,0.026417203427590685,-0.16439892879001913,0.1627155853364791,0.0,1.0,0.0,0.0,0.0,0.0,0.0,0.0,5.491167136052721,0.0,0.009950330853168083,0.5024752879678589,0.0,0.6931471805599453,0.0,0.0,0.0,0.0,0.0,0.0,0.0,0.0,3.8868427016577134,0.0,13.461245237926793,10.09570545693409,2.3753024222741304,0.8630432179272686,3.4999173503855725,8.00270258474094,1.9206180450055654,DDoS-SynonymousIP_Flood,1
0.33322023463363865,0.02536454025433279,0.02689133735382879,0.028961162899088677,-0.48590188539632656,0.0,0.0,1.0,0.0,0.0,0.0,0.0,0.0,0.0,3.460556535077735,0.0,0.0,0.0,0.0,0.0,0.0,0.0,0.0,0.0,0.0,0.0,0.0,0.0,0.19428111650180488,0.0,1.284097020419481,2.7875602004616873,0.2229576338293455,1.3451526402538225,0.12875233477400028,3.1591173971624498,1.0,DDoS-SYN_Flood,1
0.0,-1.4513389403258232,-2.1606122929018636,0.0,0.30534695669735284,0.0,0.0,0.0,0.0,0.0,0.0,0.0,0.0,0.0,0.0,0.0,0.0,0.0,0.0,0.0,0.0,0.0,-1.0,0.0,0.0,0.0,1.0,0.0,-3.1946884019211876,-3.2597145763975988,-2.1453568405302192,0.0,-3.13895514140087,0.09148662900142727,-3.1816908209099646,0.0,0.0,DDoS-ICMP_Flood,1
0.0,0.0,0.0,0.0,-0.5551866861204799,0.0,0.0,0.0,0.0,0.0,0.0,0.0,0.0,0.0,0.0,0.0,0.0,0.0,0.0,0.0,0.0,0.0,0.0,0.0,0.0,0.0,0.0,0.0,0.0,0.0,0.0,0.0,0.0,-0.3291234309223489,0.0,0.0,0.0,DDoS-TCP_Flood,1
0.0,0.0,0.0,0.0,0.15172344882342223,0.0,0.0,1.0,0.0,0.0,0.0,0.0,0.0,0.0,3.4857640793406848,0.0,0.0,0.0,0.0,0.0,0.0,0.0,0.0,0.0,0.0,0.0,0.0,0.0,0.0,0.0,0.0,0.0,0.0,0.8738097328508104,0.0,0.0,0.0,DDoS-SynonymousIP_Flood,1
0.5236307658117051,2.1132005857147353,1.6183197951558497,0.0,1.670365579245471,0.0,0.0,0.0,0.0,0.0,0.0,0.0,0.0,0.0,0.0,0.0,0.009950330853168083,0.5024752879678589,0.0,0.0,0.0,0.0,-1.0,1.0,0.0,0.0,0.0,0.0,-0.9012349978470042,-1.0,-0.12771287618093075,1.344825550953617,-0.803911154541893,-0.08096228892589517,-0.9332767121348877,1.9800996669336188,0.5661576753335154,DDoS-UDP_Flood,1
0.8925544017805974,0.08858145203616279,0.0,-0.003390356152453755,-0.49095098350566807,0.0,0.0,0.0,0.0,0.0,0.0,0.0,0.0,0.0295588022415444,0.4793048438702919,0.0,0.058268908123975775,8.784354950567431,0.0,0.0,0.0,0.0,0.0,0.0,0.0,0.0,0.0,0.0,0.05102668024306464,0.0,0.35403949659439166,1.2683046579283144,0.055528745286416076,-0.1741555132605223,0.05883684744525308,1.0074307529711624,1.9206180450055654,DDoS-TCP_Flood,1
0.0,-1.4513389403258232,-2.1606122929018636,0.0,0.48026187640921125,0.0,0.0,0.0,0.0,0.0,0.0,0.0,0.0,0.0,0.0,0.0,0.0,0.0,0.0,0.0,0.0,0.0,-1.0,0.0,0.0,0.0,1.0,0.0,-3.1946884019211876,-3.2597145763975988,-2.1453568405302192,0.0,-3.13895514140087,-5.0051157600064894e-05,-3.1816908209099646,0.0,0.0,DDoS-ICMP_Flood,1
0.0,-1.4513389403258232,-2.1692573117561817,-0.009894947771454277,-0.6866691330605195,0.0,0.0,0.0,0.0,0.0,0.0,0.0,0.0,0.0,0.0,0.0,0.0,0.0,0.0,0.0,0.0,0.0,-1.0,0.0,0.0,0.0,1.0,0.0,-3.189502278884354,-3.2597145763975988,-2.1089463764739884,0.09396619769479765,-3.0856815734839125,0.0903947662171405,-3.1816908209099646,0.0,0.0,DDoS-ICMP_Flood,1
0.0012668060698340581,0.009360282422625849,0.02689133735382879,0.0,0.3635707217783878,0.0,0.0,0.0,0.0,0.6931471805599453,0.6931471805599453,0.0,0.0,0.0,0.0,0.0,0.688134638736401,34.74966369079495,0.0,0.0,0.0,0.0,0.0,0.0,0.0,0.0,0.0,0.0,0.02598648602603053,0.0,0.18192181643081753,0.5694396353555677,0.06706686394712401,0.7521294682805519,0.014905883563514917,0.8074810366931463,0.4551144305781266,DDoS-PSHACK_Flood,1
1.1401051541334273,2.1747736741794688,1.6288918283450677,0.0,1.5405520229228233,0.0,0.0,0.0,0.0,0.0,0.0,0.0,0.0,0.0,0.0,0.0,0.0,0.0,0.0,0.0,0.0,0.0,-1.0,1.0,0.0,0.0,0.0,0.0,-0.9784901618675309,-1.0,-0.6581425429281335,0.0,-0.9629539850295165,-0.08085979489631022,-0.9782642144148311,0.0,0.0,DDoS-UDP_Flood,1
0.0,0.0,0.0,0.0,-0.30885337309679545,0.0,0.0,0.0,0.0,0.6931471805599453,0.6931471805599453,0.0,0.0,0.0,0.0,0.0,0.6931471805599453,35.00278878114653,0.0,0.0,0.0,0.0,0.0,0.0,0.0,0.0,0.0,0.0,0.0,0.0,0.0,0.0,0.0,0.7484981746416975,0.0,0.0,0.0,DDoS-PSHACK_Flood,1
0.0,0.00691360836870704,0.012275337587772104,0.019350036204498267,0.056665540625480584,0.0,0.0,0.0,0.0,0.6931471805599453,0.6931471805599453,0.0,0.0,0.0,0.0,0.0,0.6830968447064438,34.495263405690906,0.0,0.0,0.0,0.0,0.0,0.0,0.0,0.0,0.0,0.0,0.12851751974966466,0.0,0.8681251470237116,2.0818955978973452,0.3792168267955732,0.6895301435736936,0.07971717903656628,2.958118990024797,2.018542090483177,DDoS-PSHACK_Flood,1
0.0,-1.4513389403258232,-2.1606122929018636,0.0,0.7909491714406579,0.0,0.0,0.0,0.0,0.0,0.0,0.0,0.0,0.0,0.0,0.0,0.0,0.0,0.0,0.0,0.0,0.0,-1.0,0.0,0.0,0.0,1.0,0.0,-3.1946884019211876,-3.2597145763975988,-2.1453568405302192,0.0,-3.13895514140087,0.015836529811843518,-3.1816908209099646,0.0,0.0,DDoS-ICMP_Flood,1
0.0,0.0,0.0,0.0,-0.5725361486712188,0.0,0.0,1.0,0.0,0.0,0.0,0.0,0.0,0.0,3.4857640793406848,0.0,0.0,0.0,0.0,0.0,0.0,0.0,0.0,0.0,0.0,0.0,0.0,0.0,0.0,0.0,0.0,0.0,0.0,-0.5030018833419165,0.0,0.0,0.0,DoS-SYN_Flood,1
13.811609326978521,0.24773012864635294,0.0,0.0,-0.6708341217927242,0.0,0.0,0.0,0.0,0.0,0.0,0.0,0.0,0.0,0.0,0.0,0.0,0.0,0.0,0.0,0.0,0.0,0.0,0.0,0.0,0.0,0.0,0.0,0.0,0.0,0.0,0.0,0.0,-0.6429062688825585,0.0,0.0,0.0,DoS-TCP_Flood,1
33.84916134274164,3.689023004539755,0.09350785866384825,0.5634764578179201,0.18547776345532901,0.0,0.0,0.0,0.0,0.0,0.6931471805599453,0.0,0.0,0.0,3.1208137175831956,0.0,5.346678867425915,378.4077465864573,0.0,0.6931471805599453,0.0,0.0,0.0,0.0,0.0,0.0,0.0,0.0,21.428124050999603,1.4578230423870584,23.089743575729653,13.218658466414027,22.894049918201105,0.9106263176300455,15.055889219945685,9.718140126858797,6.8849234913185375,DDoS-SlowLoris,1
0.29280259943282944,2.3445116754835786,1.6288918283450677,0.0,1.9790944111887843,0.0,0.0,0.0,0.0,0.0,0.0,0.0,0.0,0.0,0.0,0.0,0.0,0.0,0.0,0.0,0.0,0.0,-1.0,1.0,0.0,0.0,0.0,0.0,-0.9784901618675309,-1.0,-0.6581425429281335,0.0,-0.9629539850295165,-0.39247123793057126,-0.9782642144148311,0.0,0.0,DoS-UDP_Flood,1
15.313731462360778,0.24773012864635294,0.0,0.0,-0.6890777101457894,0.0,0.6931471805599453,0.0,0.6931471805599453,0.0,0.0,0.0,0.0,1.0986122886681096,0.0,1.0986122886681096,0.0,0.0,0.0,0.0,0.0,0.0,0.0,0.0,0.0,0.0,0.0,0.0,0.0,0.0,0.0,0.0,0.0,0.800518917645204,0.0,0.0,0.0,DDoS-RSTFINFlood,1
0.15052697939161216,1.843127004105255,1.6288918283450677,0.0,1.804797265956235,0.0,0.0,0.0,0.0,0.0,0.0,0.0,0.0,0.0,0.0,0.0,0.0,0.0,0.0,0.0,0.0,0.0,-1.0,1.0,0.0,0.0,0.0,0.0,-0.9784901618675309,-1.0,-0.6581425429281335,0.0,-0.9629539850295165,-0.39192211122271947,-0.9782642144148311,0.0,0.0,DoS-UDP_Flood,1
0.03298761055305756,0.4102277883672186,1.6183197951558497,-0.0021561690164650926,0.08425543088066587,0.0,0.0,0.0,0.0,0.0,0.0,0.0,0.0,0.019802627296179712,0.09958532450472099,0.0,0.019802627296179712,4.351831449035935,0.0,0.0,0.0,0.0,-1.0,1.0,0.0,0.0,0.0,0.0,13.964135119625919,14.231264490196025,9.469479986565906,0.8624525905773249,13.779832714452244,-0.42311448910515564,14.270863604774519,1.8560095755176602,0.22978831136061822,DoS-UDP_Flood,1
0.0,-0.003573429594906621,-0.01484667116878494,-0.009894947771454277,-0.5872137634430971,0.0,0.0,1.0,0.0,0.0,0.0,0.0,0.0,0.0,3.460556535077735,0.0,0.0,0.0,0.0,0.0,0.0,0.0,0.0,0.0,0.0,0.0,0.0,0.0,0.0255388920307151,0.0,0.178817186706265,0.7462209435759598,0.013904869652008049,-0.12829359725364048,0.03653512444149895,0.4342487955106182,2.018542090483177,DDoS-SYN_Flood,1
1.0126359854237326,2.4310684452308116,1.61252579983993,-0.009894947771454277,1.688361772638421,0.0,0.0,0.0,0.0,0.0,0.0,0.0,0.0,0.0,0.0,0.0,0.0,0.0,0.0,0.0,0.0,0.0,-1.0,1.0,0.0,0.0,0.0,0.0,-0.9591323980802468,-1.0,-0.5224783589419141,0.429111868472081,-0.9379724262366933,-0.07863746048787354,-0.9656895702675448,0.30567859295551136,0.8930505744880486,DDoS-UDP_Flood,1
0.0,0.0,0.0,0.0,-0.23841118061712782,0.0,0.0,1.0,0.0,0.0,0.0,0.0,0.0,0.0,3.4857640793406848,0.0,0.0,0.0,0.0,0.0,0.0,0.0,0.0,0.0,0.0,0.0,0.0,0.0,0.0,0.0,0.0,0.0,0.0,0.8636033307766141,0.0,0.0,0.0,DDoS-SynonymousIP_Flood,1
1.7905742399380729,-0.12730070196076304,3.1170988486654685,0.1021399505855749,-0.544882672170811,0.0,0.0,0.0,0.0,0.0,0.0,0.0,0.0,0.0,1.1622364742189268,0.0,0.0295588022415444,10.453873937437734,0.0,0.0,0.0,0.0,-1.0,0.0,0.0,0.0,0.0,0.0,28.767628639600623,20.68570464649287,20.56671810154405,11.522742863591906,29.094862697314554,2.0982673994195866,29.265309486716234,7.977577505694975,5.453889460343229,Mirai-greeth_flood,1
0.0,0.0,0.0,0.0,-0.13471181538230037,0.0,0.6931471805599453,0.0,0.6931471805599453,0.0,0.0,0.0,0.0,0.6931471805599453,0.0,0.6931471805599453,0.0,0.0,0.0,0.6931471805599453,0.0,0.0,0.0,0.0,0.0,0.0,0.0,0.0,0.0,0.0,0.0,0.0,0.0,0.7851810899505706,0.0,0.0,0.0,DDoS-RSTFINFlood,1
1.122241516226734,0.020730371823175126,0.0,0.0,-0.6104485280541195,0.0,0.0,0.0,0.0,0.6931471805599453,0.6931471805599453,0.0,0.0,0.0,0.0,0.058268908123975775,0.6931471805599453,35.00278878114653,0.0,0.0,0.0,0.0,0.0,0.0,0.0,0.0,0.0,0.0,0.0,0.0,0.0,0.0,0.0,0.6871392230753947,0.0,0.0,0.0,DDoS-PSHACK_Flood,1
2.222301473651644,2.35957992971311,1.6288918283450677,0.0,1.6183057768951705,0.0,0.0,0.0,0.0,0.0,0.0,0.0,0.0,0.0,0.0,0.0,0.0,0.0,0.0,0.0,0.0,0.0,-1.0,1.0,0.0,0.0,0.0,0.0,-0.9784901618675309,-1.0,-0.6581425429281335,0.0,-0.9629539850295165,-0.06565841918549939,-0.9782642144148311,0.0,0.0,DDoS-UDP_Flood,1
15.75796418641209,0.42723890604170783,0.0,0.026417203427590685,-0.6916281629410856,0.0,0.0,0.0,0.0,0.0,0.0,0.0,0.0,0.0,0.1972368306618384,0.0,0.009950330853168083,3.886405575636699,0.0,0.0,0.0,0.0,0.0,0.0,0.0,0.0,0.0,0.0,1.7450561523850483,0.0,8.04348303036683,7.60732920013492,1.517545594664661,-0.6570994560343713,1.1748143208996242,6.61709141199451,1.3150581908108256,DoS-TCP_Flood,1
0.0,0.14464595711336745,0.0,0.0,0.23371254744376269,0.0,0.0,0.0,0.0,0.0,0.0,0.0,0.0,0.0,0.0,0.0,0.0,0.0,0.0,0.0,0.0,0.0,0.0,0.0,0.0,0.0,0.0,0.0,0.0,0.0,0.0,0.0,0.0,-0.7210355436222293,0.0,0.0,0.0,DoS-TCP_Flood,1
0.0,0.0,0.0,0.0,-0.411588812347609,0.0,0.0,0.0,0.0,0.0,0.0,0.0,0.0,0.0,0.0,0.0,0.0,0.0,0.0,0.6931471805599453,0.0,0.0,0.0,0.0,0.0,0.0,0.0,0.0,0.0,0.0,0.0,0.0,0.0,-0.174738199398072,0.0,0.0,0.0,DDoS-TCP_Flood,1
0.0,0.0,0.0,0.0,-0.24560551903295175,0.0,0.0,1.0,0.0,0.0,0.0,0.0,0.0,0.0,3.4857640793406848,0.0,0.0,0.0,0.0,0.0,0.0,0.0,0.0,0.0,0.0,0.0,0.0,0.0,0.0,0.0,0.0,0.0,0.0,-0.12862055550556067,0.0,0.0,0.0,DDoS-SYN_Flood,1
0.6029160430601349,2.363772467708086,1.6288918283450677,-0.009428928345545096,1.7877431199351481,0.0,0.0,0.0,0.0,0.0,0.0,0.0,0.0,0.0,0.0,0.0,0.0,0.0,0.0,0.0,0.0,0.0,-1.0,1.0,0.0,0.0,0.0,0.0,-1.00394195477206,-1.2755105540934988,-0.6581425429281335,0.6231077579905797,-0.9804702385043549,-0.3486391829100966,-1.001754366449257,0.36584714289142706,1.6217878693835461,DoS-UDP_Flood,1
1.834396452603107,2.343717865067651,1.6288918283450677,0.0,1.5787870292495843,0.0,0.0,0.0,0.0,0.0,0.0,0.0,0.0,0.0,0.0,0.0,0.0,0.0,0.0,0.0,0.0,0.0,-1.0,1.0,0.0,0.0,0.0,0.0,-0.9784901618675309,-1.0,-0.6581425429281335,0.0,-0.9629539850295165,1.34492585892497,-0.9782642144148311,0.0,0.0,DDoS-UDP_Flood,1
0.7564205073980781,2.1842487038347493,1.6288918283450677,0.0,1.5833247577943936,0.0,0.0,0.0,0.0,0.0,0.0,0.0,0.0,0.0,0.0,0.0,0.0,0.0,0.0,0.0,0.0,0.0,-1.0,1.0,0.0,0.0,0.0,0.0,-0.9784901618675309,-1.0,-0.6581425429281335,0.0,-0.9629539850295165,-0.09395393733071182,-0.9782642144148311,0.0,0.0,DDoS-UDP_Flood,1
6.709758045643496,0.17439532187760676,0.0,0.0,-0.5824795672575238,0.0,0.0,1.0,0.0,0.0,0.0,0.0,0.0,0.0,4.862859794982827,0.0,0.0,0.0,0.0,0.0,0.0,0.0,0.0,0.0,0.0,0.0,0.0,0.0,0.0,0.0,0.0,0.0,0.0,0.8623498528181424,0.0,0.0,0.0,DDoS-SynonymousIP_Flood,1
16.437929000975572,0.256851316741967,0.0,0.017991032597829637,-0.5405670656905821,0.0,0.0,1.0,0.0,0.0,0.0,0.0,0.0,0.0,5.52480535211579,0.0,0.0,2.4638227766294687,0.0,0.0,0.0,0.0,0.0,0.0,0.0,0.0,0.0,0.0,0.0724505935487914,0.0,0.26225646676122205,1.1443825137295005,0.055528745286416076,-0.12474472653607543,0.060439276144564597,1.0219899317017664,1.520442853797087,DDoS-SYN_Flood,1
0.0,0.0,0.0,0.0,0.02306633378861246,0.0,0.0,0.0,0.0,0.0,0.0,0.0,0.0,0.0,0.0,0.0,0.0,0.0,0.0,0.0,0.0,0.0,0.0,0.0,0.0,0.0,0.0,0.0,0.0,0.0,0.0,0.0,0.0,-0.17596573322546574,0.0,0.0,0.0,DDoS-TCP_Flood,1
0.0,0.0,0.0,0.0,0.19275235597744156,0.0,0.0,0.0,0.0,0.0,0.0,0.0,0.0,0.0,0.0,0.0,0.0,0.0,0.0,0.0,0.0,0.0,0.0,0.0,0.0,0.0,0.0,0.0,0.0,0.0,0.0,0.0,0.0,-0.20731210124320054,0.0,0.0,0.0,DDoS-TCP_Flood,1
0.0,-1.4513389403258232,-2.1606122929018636,0.0,0.17884420771445705,0.0,0.0,0.0,0.0,0.0,0.0,0.0,0.0,0.0,0.0,0.0,0.0,0.0,0.0,0.0,0.0,0.0,-1.0,0.0,0.0,0.0,1.0,0.0,-3.1946884019211876,-3.2597145763975988,-2.1453568405302192,0.0,-3.13895514140087,0.01650096861867275,-3.1816908209099646,0.0,0.0,DDoS-ICMP_Flood,1
20.972615307757916,0.5382363561999912,0.0,0.0,-0.5793529961955415,0.0,0.0,1.0,0.0,0.0,0.0,0.0,0.0,0.019802627296179712,5.52480535211579,0.07696104113612832,0.09531017980432487,14.779332539338418,0.6931471805599453,0.0,0.0,0.0,0.0,0.0,0.0,0.0,0.0,0.0,0.015239886679038752,0.0,0.05056575666546428,0.2398160610870374,0.027794595133672117,-0.5478598813252522,0.009395947510205036,0.1029686077758557,0.8930505744880486,DoS-SYN_Flood,1
0.0,-1.4513389403258232,-2.1606122929018636,0.0,-0.4696757605033409,0.0,0.0,0.0,0.0,0.0,0.0,0.0,0.0,0.0,0.0,0.0,0.0,0.0,0.0,0.0,0.0,0.0,-1.0,0.0,0.0,0.0,1.0,0.0,-3.1946884019211876,-3.2597145763975988,-2.1453568405302192,0.0,-3.13895514140087,0.09502322816983386,-3.1816908209099646,0.0,0.0,DDoS-ICMP_Flood,1
