dur,proto,service,state,spkts,dpkts,sbytes,dbytes,rate,sttl,dttl,sload,dload,sloss,dloss,sinpkt,dinpkt,sjit,djit,swin,stcpb,dtcpb,dwin,tcprtt,synack,ackdat,smean,dmean,trans_depth,response_body_len,ct_srv_src,ct_state_ttl,ct_dst_ltm,ct_src_dport_ltm,ct_dst_sport_ltm,ct_dst_src_ltm,is_ftp_login,ct_flw_http_mthd,ct_src_ltm,ct_srv_dst,is_sm_ips_ports,label_multiclass,label_binary
3.109327516726047,113,7,4,2.1383175005656683,2.2474174710421755,0.9093597833386128,1.2162029481955232,-0.3315662007812561,-1.0,0.8849206349206349,-0.4915011242415201,0.6852541122331453,1.5,5.270248868157708,0.8071230070091269,0.4862930192447332,0.872944861135012,1.4114794719454256,1.0,0.835450483787424,0.9750782349027992,1.0,0.6669875315459604,0.2213532732887798,1.033117708940791,-0.8967419767144005,0.7486599369005413,0.0,0.0,-0.4,0.0,-0.32365668390976504,0.0,0.0,-0.2857142857142857,0.0,0.0,-0.6309297535714572,-0.3333333333333333,0.0,Exploits,1
0.5125788303230108,113,6,2,0.22946445519383787,0.0,0.26276242762349455,-0.10355692410079358,-0.5842512385454378,-1.0,0.8849206349206349,-0.40101543761432284,-0.04714117095731491,0.792481250360578,0.6309297535714575,0.9390868278406492,0.0,0.955546970803729,0.0,1.0,1.320858901505503,0.5812315099785683,1.0,3.0723605167797476,1.6211671668418806,4.452750455782772,1.499489945792001,-0.004994179198341338,0.0,0.0,-0.1,2.0,0.0,0.4425070493497599,0.0,0.14285714285714285,0.0,0.0,-0.2618595071429149,0.0,0.0,Normal,0
-0.008305829395579967,119,1,5,-0.34836848541674165,-0.45815690999132613,-0.6172090301216083,-0.7445687201666262,0.4383153396651112,0.0,-0.11507936507936507,0.479395323795663,-0.7475927608105515,0.0,0.0,-0.07850501908545554,-0.001722195177383939,-0.08835805347908927,0.0,0.0,0.0,0.0,0.0,0.0,0.0,0.0,-0.43921392141013216,-0.8459607780457364,0.0,0.0,3.2,1.0,1.838005393597775,2.9554486440818204,7.0,4.857142857142857,0.0,0.0,1.8638903501140993,3.6666666666666665,0.0,Generic,1
1.4307172571725542,113,6,4,0.5377054001731342,0.5418430900086738,0.056958217202784864,0.1844361345610965,-0.6160764042102664,0.0,0.8849206349206349,-0.5947679226203965,0.08571739510844179,0.792481250360578,1.261859507142915,1.1061820402562004,1.1686689770037213,1.0331064232796832,1.0866569441110316,1.0,1.1733571343407032,0.5331258767105223,1.0,1.962518528208064,2.4533214568410617,1.6463442940381252,-0.31897941804229135,0.08511298928516586,0.0,0.0,-0.2,0.0,-0.32365668390976504,0.0,0.0,-0.14285714285714285,0.0,0.0,1.4182843521034598,-0.2222222222222222,0.0,Normal,0
0.07870822003364845,113,3,4,0.22946445519383787,0.45815690999132636,-0.20204045500411894,0.34663799638726434,-0.2840700688597921,-1.1614583333333333,0.0,-0.3154036209510304,0.5137666817405206,0.5,1.0,0.4904430063702525,0.49745765548842896,0.7269816255152168,0.5873406772738793,1.0,0.5251013884391498,0.5359862031425295,1.0,0.007765632916909392,0.013194239671625961,0.0030603180406919,-0.5680436705367541,0.38196958877936554,0.0,0.0,0.1,-1.0,0.0,0.0,0.0,-0.14285714285714285,0.0,0.0,0.36907024642854247,-0.1111111111111111,0.0,Normal,0
1.2157088658303294,113,6,4,0.5377054001731342,0.45815690999132636,0.004561481689690244,0.09828264867786968,-0.6031414362163801,0.0,0.8849206349206349,-0.5841233221728103,0.04517969242551706,0.792481250360578,0.6309297535714575,1.0513153233643904,1.1698076820622927,0.9981290148697811,1.0861139220768383,1.0,1.386971203623687,0.21828668473759286,1.0,1.7896839823921262,2.434406977687629,1.3215140879803964,-0.5680436705367541,0.0,0.0,0.0,0.0,0.0,0.0,0.4425070493497599,0.5,0.0,0.0,0.0,0.2031140135750122,-0.1111111111111111,0.0,Normal,0
-0.008307749981448684,90,6,5,-0.34836848541674165,-0.45815690999132613,-0.3913767846054552,-0.7445687201666262,0.45254724258694085,0.0,-0.11507936507936507,0.5565636493511029,-0.7475927608105515,0.0,0.0,-0.07874879450489872,-0.001722195177383939,-0.08835805347908927,0.0,0.0,0.0,0.0,0.0,0.0,0.0,0.0,0.5607860785898678,-0.8459607780457364,0.0,0.0,0.0,1.0,-0.32365668390976504,0.0,0.0,0.2857142857142857,0.0,0.0,-0.2618595071429149,0.1111111111111111,0.0,Analysis,1
-0.008313511750578272,119,1,5,-0.34836848541674165,-0.45815690999132613,-0.6172090301216083,-0.7445687201666262,0.5093385986249094,0.0,-0.11507936507936507,0.5461086388303764,-0.7475927608105515,0.0,0.0,-0.07948157445237129,-0.001722195177383939,-0.08835805347908927,0.0,0.0,0.0,0.0,0.0,0.0,0.0,0.0,-0.43921392141013216,-0.8459607780457364,0.0,0.0,2.3,1.0,1.3846203144649547,2.26941239209809,7.0,3.5714285714285716,0.0,0.0,1.2618595071429144,2.6666666666666665,0.0,Generic,1
2.3459659903820205,113,6,4,1.097590688175416,0.8494457411744992,0.3538895998883702,0.31714844534487524,-0.6054205551560783,-1.0,0.8849206349206349,-0.5915960180671996,0.10713402340115658,1.5,2.095903274289385,1.064943699160027,1.1671155902670254,1.0095945425040769,1.8528428083838409,1.0,0.8618609895924707,2.055297633518547,1.0,0.8495040204810309,1.0316183699241255,0.7044993615359819,-0.5680436705367541,0.11352160673242392,0.0,0.0,-0.1,0.0,0.0,0.0,0.0,-0.14285714285714285,0.0,0.0,-0.2618595071429149,-0.2222222222222222,0.0,Exploits,1
-0.008319273536993108,119,6,5,-0.34836848541674165,-0.45815690999132613,-0.7690725526017784,-0.7445687201666262,0.6200559375313737,0.0,-0.11507936507936507,0.6070351292324648,-0.7475927608105515,0.0,0.0,-0.08021654507559085,-0.001722195177383939,-0.08835805347908927,0.0,0.0,0.0,0.0,0.0,0.0,0.0,0.0,-1.1090870498780045,-0.8459607780457364,0.0,0.0,-0.1,1.0,0.0,0.0,0.0,0.0,0.0,0.0,-0.2618595071429149,0.3333333333333333,0.0,Normal,0
-0.008282782514958563,119,6,5,-0.34836848541674165,-0.45815690999132613,-0.4615104146933044,-0.7445687201666262,0.33593567215207987,0.0,-0.11507936507936507,0.4272387841492776,-0.7475927608105515,0.0,0.0,-0.07559841391451405,-0.001722195177383939,-0.08835805347908927,0.0,0.0,0.0,0.0,0.0,0.0,0.0,0.0,0.2498499789758582,-0.8459607780457364,0.0,0.0,-0.4,1.0,-0.32365668390976504,0.0,0.0,-0.2857142857142857,0.0,0.0,-0.6309297535714572,-0.3333333333333333,0.0,Reconnaissance,1
1.7051194566189973,113,6,4,0.9786866579525125,0.7233848262955236,1.1572372918330287,0.5628033688687814,-0.5751671784757606,0.0,0.8849206349206349,-0.30888860380418126,0.3277568875919303,1.5,1.7712437491614224,0.9823435336843022,1.110227779921593,0.9869974537548357,1.8556968939276242,1.0,0.22858558687311128,0.24417541841773452,1.0,1.8993719335921948,2.6004912158459357,1.3951588868103466,3.305816334847687,0.5622822800837306,0.0,0.0,-0.3,0.0,-0.32365668390976504,0.0,0.0,-0.14285714285714285,0.0,0.0,-0.6309297535714572,-0.2222222222222222,0.0,Fuzzers,1
-0.008305829395579967,119,1,5,-0.34836848541674165,-0.45815690999132613,-0.6172090301216083,-0.7445687201666262,0.4383153396651112,0.0,-0.11507936507936507,0.479395323795663,-0.7475927608105515,0.0,0.0,-0.07850501908545554,-0.001722195177383939,-0.08835805347908927,0.0,0.0,0.0,0.0,0.0,0.0,0.0,0.0,-0.43921392141013216,-0.8459607780457364,0.0,0.0,1.3,1.0,1.4734045760589989,2.456962315881736,3.0,2.142857142857143,0.0,0.0,1.4182843521034598,1.5555555555555556,0.0,Generic,1
0.7695611246217235,113,6,4,0.4008537173419332,0.45815690999132636,-0.15008670648968378,0.18309884713101907,-0.5504592009264192,0.0,0.8849206349206349,-0.5649641081675381,0.1621897289201107,0.5,1.0,0.9712047179678607,1.0327007553793064,0.9724542078079685,0.99294801586282,1.0,0.6364477874590629,0.5737093653625015,1.0,1.1425512026138858,1.1827275510876498,1.130879536009647,-0.8183448694831869,0.13062478370534697,0.0,0.0,-0.2,0.0,-0.32365668390976504,0.0,0.0,-0.2857142857142857,0.0,0.0,-0.6309297535714572,-0.3333333333333333,0.0,Backdoor,1
4.390239277461094,113,9,4,3.204352279617206,1.458156909991326,2.9119979947445587,0.4813182714801701,-0.44603713188437805,-1.0,0.8849206349206349,-0.017240732624835678,0.09467490659860837,4.04373142062517,2.0000000000000004,0.6195347776903911,1.1116885138212322,0.8841036768125259,1.0332466470553767,1.0,1.7442424688643716,1.943573158806207,1.0,2.3517469184074917,2.874082398490522,2.0616010518655092,5.1587243927928,0.03636363219109059,0.0,0.0,-0.4,0.0,0.0,0.0,0.0,-0.2857142857142857,0.0,0.0,1.3170424160196508,-0.3333333333333333,0.0,Exploits,1
-0.00830967056923797,120,6,5,-0.34836848541674165,-0.45815690999132613,-0.3913767846054552,-0.7445687201666262,0.4686820524374373,0.0,-0.11507936507936507,0.5717193517729767,-0.7475927608105515,0.0,0.0,-0.07899281188509567,-0.001722195177383939,-0.08835805347908927,0.0,0.0,0.0,0.0,0.0,0.0,0.0,0.0,0.5607860785898678,-0.8459607780457364,0.0,0.0,-0.1,1.0,0.22963807175534715,0.4425070493497599,0.5,0.0,0.0,0.0,0.9207988315012231,0.0,0.0,Exploits,1
1.3008842027559164,113,2,4,0.9786866579525125,0.8494457411744992,0.2860352184513627,0.31941850267267474,-0.5111951124838051,-1.0,0.8849206349206349,-0.5093577090376739,0.19881899720031693,1.5,2.095903274289385,0.8927194722822069,0.9460414442706919,0.9152117517376396,1.6313453775406048,1.0,1.9697327040067825,0.8579450930528405,1.0,0.6267918518027185,0.18492913499140728,0.9890229899341786,-0.5349629372098051,0.11646511495175019,0.0,0.0,-0.4,0.0,0.0,0.0,0.0,-0.14285714285714285,0.6931471805599453,0.0,-0.2618595071429149,-0.3333333333333333,0.0,Exploits,1
-0.008317352939600908,90,6,5,-0.34836848541674165,-0.45815690999132613,-0.3913767846054552,-0.7445687201666262,0.5710626891769315,0.0,-0.11507936507936507,0.6678869693421029,-0.7475927608105515,0.0,0.0,-0.07997131065090231,-0.001722195177383939,-0.08835805347908927,0.0,0.0,0.0,0.0,0.0,0.0,0.0,0.0,0.5607860785898678,-0.8459607780457364,0.0,0.0,-0.1,1.0,0.0,0.4425070493497599,0.5,0.14285714285714285,0.0,0.0,0.0,0.0,0.0,Generic,1
-0.006334400840888819,119,1,2,-0.34836848541674165,0.0,-0.5179170842831736,0.0,-0.0023546692607809582,-1.1614583333333333,0.0,-0.031179403068845164,0.59584193081595,0.0,0.0,-0.07801819221278322,-0.001228912338042096,-0.08835805347908927,0.0,0.0,0.0,0.0,0.0,0.0,0.0,0.0,0.0,0.1540392219542636,0.0,0.0,0.0,-1.0,0.22963807175534715,0.4425070493497599,0.0,-0.2857142857142857,0.0,0.0,0.2031140135750122,-0.1111111111111111,0.0,Normal,0
-0.008305829395579967,119,1,5,-0.34836848541674165,-0.45815690999132613,-0.6172090301216083,-0.7445687201666262,0.4383153396651112,0.0,-0.11507936507936507,0.479395323795663,-0.7475927608105515,0.0,0.0,-0.07850501908545554,-0.001722195177383939,-0.08835805347908927,0.0,0.0,0.0,0.0,0.0,0.0,0.0,0.0,-0.43921392141013216,-0.8459607780457364,0.0,0.0,1.1,1.0,1.3846203144649547,2.335575477358633,7.5,1.8571428571428572,0.0,0.0,1.4182843521034598,1.3333333333333333,0.0,Generic,1
-0.00831159115894783,43,6,5,-0.34836848541674165,-0.45815690999132613,-0.43376602531467034,-0.7445687201666262,0.4873083417532429,0.0,-0.11507936507936507,0.5772569905171432,-0.7475927608105515,0.0,0.0,-0.0792370717068429,-0.001722195177383939,-0.08835805347908927,0.0,0.0,0.0,0.0,0.0,0.0,0.0,0.0,0.372819180453224,-0.8459607780457364,0.0,0.0,0.5,1.0,0.9610539540228977,1.6414848960655501,3.5,1.0,0.0,0.0,0.7381404928570852,0.6666666666666666,0.0,Generic,1
0.0032825197044566586,113,11,4,1.2869276029318086,0.884218572951153,0.7898475310053127,0.49096854926811623,0.13563341225278397,-1.1614583333333333,0.0,0.21114685233715222,0.8267443166326176,1.5,1.8927892607143724,-0.03680482259331109,0.050162689130627026,0.23824934142803175,0.06087910836022436,1.0,0.819854347754476,0.8275545728406767,1.0,0.008495381346251158,0.015133228578965846,0.0027634394747460584,0.8412447340409415,0.36158407421363264,0.0,0.0,-0.3,-1.0,-0.32365668390976504,0.0,0.0,-0.2857142857142857,0.0,0.0,-0.6309297535714572,-0.3333333333333333,0.0,Normal,0
-0.006411146954595308,119,1,2,-0.34836848541674165,0.0,-0.5179170842831736,0.0,0.0024015147246756728,-1.1614583333333333,0.0,-0.026710362523069235,0.5997776485683345,0.0,0.0,-0.07801819221278322,0.0009787445086119361,-0.08835805347908927,0.0,0.0,0.0,0.0,0.0,0.0,0.0,0.0,0.0,0.1540392219542636,0.0,0.0,-0.3,-1.0,0.7829328274204592,0.4425070493497599,0.0,-0.2857142857142857,0.0,0.0,-0.2618595071429149,-0.2222222222222222,0.0,Normal,0
-0.008305829395579967,119,1,5,-0.34836848541674165,-0.45815690999132613,-0.6172090301216083,-0.7445687201666262,0.4383153396651112,0.0,-0.11507936507936507,0.479395323795663,-0.7475927608105515,0.0,0.0,-0.07850501908545554,-0.001722195177383939,-0.08835805347908927,0.0,0.0,0.0,0.0,0.0,0.0,0.0,0.0,-0.43921392141013216,-0.8459607780457364,0.0,0.0,2.8,1.0,1.4302461952399894,2.335575477358633,7.5,4.285714285714286,0.0,0.0,1.3170424160196508,3.2222222222222223,0.0,Generic,1
-0.00830390881163182,119,6,5,-0.34836848541674165,-0.45815690999132613,0.28300847213190833,-0.7445687201666262,0.4255844927666367,0.0,-0.11507936507936507,0.7209479014467532,-0.7475927608105515,0.0,0.0,-0.07826148514739853,-0.001722195177383939,-0.08835805347908927,0.0,0.0,0.0,0.0,0.0,0.0,0.0,0.0,3.559647378078725,-0.8459607780457364,0.0,0.0,-0.2,1.0,-0.32365668390976504,0.0,0.0,-0.14285714285714285,0.0,0.0,-0.6309297535714572,-0.1111111111111111,0.0,Normal,0
-0.008323114737539298,6,6,5,-0.6248841084186211,-0.45815690999132613,-0.9791020275153512,-0.7445687201666262,-0.9655523389802884,-1.3229166666666667,-0.11507936507936507,-1.5341686859906003,-0.7475927608105515,0.0,0.0,2.624137851269881,-0.001722195177383939,0.2244819646028015,0.0,0.0,0.0,0.0,0.0,0.0,0.0,0.0,-0.8183448694831869,-0.8459607780457364,0.0,0.0,-0.4,1.0,-0.32365668390976504,0.0,0.0,-0.2857142857142857,0.0,0.0,-0.6309297535714572,-0.3333333333333333,0.6931471805599453,Normal,0
0.7681374391772757,113,6,4,1.2442905051512971,0.6711877414712396,1.586752679876698,0.20848239974255728,-0.4255002093227289,0.0,0.8849206349206349,-0.06588777599787923,0.18613201598058185,1.850219859070546,1.4649735207179273,0.6323305641376108,0.8707712904893592,0.8107601043140761,0.814793966956347,1.0,0.7831360300782295,0.02717889306652458,1.0,0.9975141242642864,1.2249013380410734,0.8211097971133958,4.490035127453834,0.048599655760280025,0.0,0.0,0.0,0.0,0.0,0.4425070493497599,0.0,0.2857142857142857,0.0,0.0,-0.2618595071429149,0.1111111111111111,0.0,Normal,0
0.33946104269787236,113,4,4,0.5377054001731342,0.7233848262955236,0.1688025779804507,0.6205186767647853,-0.38027706498198555,-1.0,0.8849206349206349,-0.3675778525663062,0.5660402471063202,0.792481250360578,1.7712437491614224,0.6907529719632979,0.6329016174463975,0.7983500028880313,1.4962876158337377,1.0,1.1985276116884243,0.6322762018818832,1.0,0.6403203446666913,0.19789876524506006,1.003278959635233,0.1629488494531197,0.6517329292666749,0.6931471805599453,8.726481196440007,-0.4,0.0,-0.32365668390976504,0.0,0.0,-0.2857142857142857,0.0,0.6931471805599453,-0.6309297535714572,-0.3333333333333333,0.0,Exploits,1
-0.00830390881163182,119,1,5,-0.34836848541674165,-0.45815690999132613,-0.6172090301216083,-0.7445687201666262,0.4255844927666367,0.0,-0.11507936507936507,0.4674369968872862,-0.7475927608105515,0.0,0.0,-0.07826148514739853,-0.001722195177383939,-0.08835805347908927,0.0,0.0,0.0,0.0,0.0,0.0,0.0,0.0,-0.43921392141013216,-0.8459607780457364,0.0,0.0,0.8,1.0,0.4077591983577853,1.0,1.5,0.14285714285714285,0.0,0.0,0.2031140135750122,1.0,0.0,Generic,1
0.3122561175807992,113,6,4,0.5377054001731342,0.3533506529659227,0.4509029522995194,0.05846526410373137,-0.4307798437013156,0.0,0.8849206349206349,-0.27828750594999907,0.17167192266384543,0.792481250360578,0.6309297535714575,0.6699238735474021,0.8685494113357999,0.7978066232062765,0.8307124444749932,1.0,0.0852394858358529,1.8002508629331258,1.0,0.3510546200808931,0.4383196303483536,0.27481488307473106,1.4125888162692608,0.004884408081456099,0.0,0.0,-0.2,0.0,-0.32365668390976504,0.0,0.0,0.0,0.0,0.0,-0.6309297535714572,-0.1111111111111111,0.0,Normal,0
1.5972287130679574,113,4,4,0.5377054001731342,0.45815690999132636,0.2099520446906656,0.09828264867786968,-0.6466119385350039,0.0,0.8849206349206349,-0.5698231631293369,0.006941507689304524,0.792481250360578,0.6309297535714575,1.1303705011625143,1.277588965410595,1.0510164651826224,1.1598671761774324,1.0,1.1580834606344756,0.9566698898885948,1.0,1.5604826618609389,1.7993660400761333,1.4144025226113641,0.3528979901017422,0.0,0.6931471805599453,0.0,-0.3,0.0,-0.32365668390976504,0.0,0.0,-0.2857142857142857,0.0,0.6931471805599453,-0.6309297535714572,-0.2222222222222222,0.0,Exploits,1
0.5216015131558365,113,6,4,0.8345798913950238,0.769769518893221,0.4324341822099622,0.318375243233886,-0.4033644732504225,-1.1614583333333333,0.0,-0.3422941007805227,0.3093199360493846,1.160964047443681,1.4649735207179273,0.6810113726048129,0.7336785562018975,0.8195468462045296,0.7588881585768805,1.0,1.435100241700587,0.39019200413168675,1.0,0.007602062810834523,0.013221550329912462,0.0027406025021428845,0.4879337673292106,0.1589236300357197,0.0,0.0,0.7,-1.0,0.8769514395748775,1.367211219012335,0.0,0.5714285714285714,0.0,0.0,0.7381404928570852,0.6666666666666666,0.0,Normal,0
0.0008985693968037675,119,6,2,0.0,0.21303083147991342,0.029480958153664708,0.07649325167804336,-0.08552532206684907,-1.1614583333333333,0.0,-0.005298629997250721,0.5363447317873502,0.0,0.0,0.11627848004882135,0.1818447522397521,0.03811232928063612,0.1952280764474086,0.0,0.0,0.0,0.0,0.0,0.0,0.0,1.1876802819286516,0.1193701448363572,0.0,0.0,0.3,-1.0,0.7829328274204592,0.0,0.0,0.0,0.0,0.0,0.0,0.3333333333333333,0.0,Normal,0
1.0978740600209198,113,6,4,0.5377054001731342,0.45815690999132636,0.22072596715773418,0.09828264867786968,-0.5875938555072395,0.0,0.8849206349206349,-0.5081328682121751,0.058667147138845535,0.792481250360578,0.6309297535714575,1.0184232336526553,1.148776599733802,0.9958063217083136,1.065406175181775,1.0,0.8163814891933681,1.859066155499003,1.0,1.6647995694567177,1.238796842286634,2.0726377842702255,0.39252264851919116,0.0,0.0,0.0,0.2,0.0,-0.32365668390976504,0.0,0.0,-0.2857142857142857,0.0,0.0,0.0,-0.2222222222222222,0.0,Shellcode,1
3.9533761322737386,113,2,4,1.097590688175416,0.8494457411744992,0.36021415549453384,0.316442681271557,-0.7212417595264758,-1.0,0.8849206349206349,-0.7087838441659299,0.001922054873224969,1.5,2.095903274289385,1.3321061623771102,1.425775750570555,1.192706671776919,2.1466167151556763,1.0,0.3191417009327681,1.531189265059122,1.0,1.9296833769283088,1.9897510679011932,1.9704329838288432,-0.5349629372098051,0.11352160673242392,0.0,0.0,-0.4,0.0,0.4077591983577853,0.0,0.0,0.42857142857142855,0.6931471805599453,0.0,0.0,-0.3333333333333333,0.0,Exploits,1
-0.008315432344129296,120,6,5,-0.34836848541674165,-0.45815690999132613,-0.3913767846054552,-0.7445687201666262,0.5363014692156571,0.0,-0.11507936507936507,0.6352352919712061,-0.7475927608105515,0.0,0.0,-0.07972632060535206,-0.001722195177383939,-0.08835805347908927,0.0,0.0,0.0,0.0,0.0,0.0,0.0,0.0,0.5607860785898678,-0.8459607780457364,0.0,0.0,0.2,1.0,0.5532947556651122,1.0,1.5,1.0,0.0,0.0,0.36907024642854247,0.3333333333333333,0.0,DoS,1
1.0771218923522268,113,4,4,0.4008537173419332,0.5418430900086738,0.27842545324165163,0.21932033696916614,-0.5847209705119607,-1.1614583333333333,0.0,-0.4922687331286167,0.1483705343201066,0.792481250360578,1.0,1.0734830809379052,1.0961359237646904,1.017113360533059,1.1041272342589334,1.0,1.4312522999455561,0.36990594026861573,1.0,0.00875959017557519,0.015105919831367859,0.003265847095044596,1.0569818108072753,0.13604533588669487,0.6931471805599453,4.430816798843313,0.3,-1.0,0.6763433160902349,1.6414848960655501,0.0,-0.2857142857142857,0.0,0.6931471805599453,1.203114013575012,0.1111111111111111,0.0,Normal,0
2.16599483286632,113,6,4,0.9104325977592882,0.769769518893221,0.2643563098413691,0.40235457124042623,-0.618677875076368,-1.0,0.8849206349206349,-0.6030578950065326,0.17894961415189908,1.403677461028802,1.8927892607143724,1.1056457659443713,1.1811523146764598,1.0296132293454345,1.0843107973083124,1.0,1.810904583917555,0.41979527497385605,1.0,1.8545335424877718,1.8680453189943282,1.9251949733317368,-0.47056861402790745,0.28874176450109706,0.0,0.0,-0.3,0.0,-0.32365668390976504,0.0,0.0,-0.2857142857142857,0.0,0.0,0.5093842420185072,-0.3333333333333333,0.0,Exploits,1
1.4877802687693502,113,6,4,0.6516315145832584,0.5418430900086738,0.25551118995840477,0.21897195213982504,-0.6109951438426148,0.0,0.8849206349206349,-0.5432784297617724,0.10416126317270194,1.0,1.0,1.0670272818811626,1.1677941578629527,1.00795862356203,1.072155793302014,1.0,0.07161862048946549,0.5922093519712819,1.0,2.9345117474593483,4.087965120705126,2.1997487848571406,0.22851423430855478,0.13604533588669487,0.0,0.0,0.0,0.0,0.0,0.0,0.0,0.14285714285714285,0.0,0.0,-0.6309297535714572,0.1111111111111111,0.0,Normal,0
0.0006615408471228701,119,6,2,0.0,0.21303083147991342,0.029480958153664708,0.08020956229320896,-0.08237358132507835,-1.1614583333333333,0.0,-0.0023361565496172187,0.5415500267492729,0.0,0.0,0.11383920315228871,0.1769049310105125,0.036764406304817254,0.19041032689469897,0.0,0.0,0.0,0.0,0.0,0.0,0.0,1.1876802819286516,0.12506870377373006,0.0,0.0,0.1,-1.0,0.7829328274204592,0.0,0.0,0.0,0.0,0.0,0.0,0.6666666666666666,0.0,Normal,0
1.854448071128548,113,6,4,0.9786866579525125,0.45815690999132636,1.4097262195950788,0.09828264867786968,-0.6197951009291153,0.0,0.8849206349206349,-0.25260280487188197,-0.015585218035163658,1.5,0.6309297535714575,1.0077283609004997,1.3332117179069605,1.030628389338493,1.1899019907729897,1.0,1.316698490889822,0.20208466299140976,1.0,1.8009719554718537,2.2001294621101173,1.543896039482888,4.430516196727815,0.0,0.0,0.0,-0.2,0.0,-0.32365668390976504,0.0,0.0,-0.14285714285714285,0.0,0.0,-0.2618595071429149,-0.2222222222222222,0.0,Normal,0
-0.00830967056923797,119,1,5,-0.34836848541674165,-0.45815690999132613,-0.6172090301216083,-0.7445687201666262,0.4686820524374373,0.0,-0.11507936507936507,0.5079193111961406,-0.7475927608105515,0.0,0.0,-0.07899281188509567,-0.001722195177383939,-0.08835805347908927,0.0,0.0,0.0,0.0,0.0,0.0,0.0,0.0,-0.43921392141013216,-0.8459607780457364,0.0,0.0,0.2,1.0,0.4077591983577853,1.0,1.5,0.14285714285714285,0.0,0.0,0.36907024642854247,0.3333333333333333,0.0,Generic,1
-0.008313511750578272,119,6,5,-0.34836848541674165,-0.45815690999132613,-0.2705223673100587,-0.7445687201666262,0.5093385986249094,0.0,-0.11507936507936507,0.6439703077200672,-0.7475927608105515,0.0,0.0,-0.07948157445237129,-0.001722195177383939,-0.08835805347908927,0.0,0.0,0.0,0.0,0.0,0.0,0.0,0.0,1.0971957319797736,-0.8459607780457364,0.0,0.0,-0.1,1.0,0.22963807175534715,0.7564707973660301,0.0,0.14285714285714285,0.0,0.0,1.5517285850726805,0.0,0.0,Normal,0
1.486559256086423,113,4,4,0.8345798913950238,1.1975834213696623,0.4529039314674598,0.8347315131479616,-0.4751627048889825,-1.0,0.8849206349206349,-0.4852487885297837,0.5417458792181564,0.792481250360578,2.892789260714373,0.9951343168315797,0.7646324377528132,0.9854768037828735,1.6388719969686738,1.0,1.9532294034693465,1.2367586466268408,1.0,1.8095785095653696,2.3920830949494567,1.3971570273954759,0.578548285153503,0.7213768575291225,0.0,0.0,-0.3,0.0,-0.32365668390976504,0.0,0.0,-0.2857142857142857,0.0,0.0,-0.6309297535714572,-0.3333333333333333,0.0,Exploits,1
0.9867296346841065,113,6,4,0.5377054001731342,0.3533506529659227,0.004561481689690244,0.05846526410373137,-0.5861741668464621,0.0,0.8849206349206349,-0.5532091458529738,0.03993426639333285,0.792481250360578,0.6309297535714575,0.985363149422138,1.1640595324327454,0.9559950360622899,1.0980904712980715,1.0,0.9185578170116205,1.0395151486991523,1.0,1.559036673595275,2.258604422826628,1.0195793303201408,-0.5680436705367541,0.004884408081456099,0.0,0.0,0.1,0.0,-0.32365668390976504,0.0,0.0,0.0,0.0,0.0,-0.2618595071429149,-0.1111111111111111,0.0,Fuzzers,1
1.6463656735984813,113,6,4,0.6516315145832584,0.5418430900086738,0.25551118995840477,0.21218672092599358,-0.6278143214137577,0.0,0.8849206349206349,-0.5600298089939684,0.08470930550663275,1.0,1.0,1.10665394617982,1.2207954483302657,1.0194916214348755,1.1278706354352563,1.0,2.124628214951531,0.6316341900545986,1.0,2.253433266738936,2.680245869689514,2.0297962989497673,0.22851423430855478,0.12506870377373006,0.0,0.0,-0.1,0.0,-0.32365668390976504,0.0,0.0,-0.2857142857142857,0.0,0.0,-0.2618595071429149,-0.3333333333333333,0.0,Fuzzers,1
-0.008307749981448684,120,6,5,-0.34836848541674165,-0.45815690999132613,-0.3913767846054552,-0.7445687201666262,0.45254724258694085,0.0,-0.11507936507936507,0.5565636493511029,-0.7475927608105515,0.0,0.0,-0.07874879450489872,-0.001722195177383939,-0.08835805347908927,0.0,0.0,0.0,0.0,0.0,0.0,0.0,0.0,0.5607860785898678,-0.8459607780457364,0.0,0.0,-0.1,1.0,-0.32365668390976504,0.0,0.0,0.14285714285714285,0.0,0.0,1.5517285850726805,0.0,0.0,Fuzzers,1
1.321888906441588,113,6,4,0.5377054001731342,0.45815690999132636,0.026627704067271322,0.09828264867786968,-0.6161769054565576,0.0,0.8849206349206349,-0.5908473712408917,0.03380205986092366,0.792481250360578,0.6309297535714575,1.0521415678808972,1.2117518370141511,1.034374846131721,1.0662103130224734,1.0,1.4589100773108583,1.4080761975907796,1.0,1.3022269888631959,1.374532567054986,1.2743230197478728,-0.47056861402790745,0.0,0.0,0.0,-0.4,0.0,-0.32365668390976504,0.0,0.0,-0.2857142857142857,0.0,0.0,-0.6309297535714572,-0.3333333333333333,0.0,Reconnaissance,1
-0.008305829395579967,119,1,5,-0.34836848541674165,-0.45815690999132613,-0.6172090301216083,-0.7445687201666262,0.4383153396651112,0.0,-0.11507936507936507,0.479395323795663,-0.7475927608105515,0.0,0.0,-0.07850501908545554,-0.001722195177383939,-0.08835805347908927,0.0,0.0,0.0,0.0,0.0,0.0,0.0,0.0,-0.43921392141013216,-0.8459607780457364,0.0,0.0,2.2,1.0,1.1065895113302244,1.9554486440818202,5.0,3.4285714285714284,0.0,0.0,0.9999999999999998,2.5555555555555554,0.0,Generic,1
-0.006420740434441573,119,1,2,-0.34836848541674165,0.0,-0.5645236512267633,-0.013439937805221309,0.0030094345955898774,-1.1614583333333333,0.0,-0.039313226421479865,0.590866277820954,0.0,0.0,-0.07850501908545554,0.00024505012330295245,-0.08835805347908927,0.0,0.0,0.0,0.0,0.0,0.0,0.0,0.0,-0.2062646310321604,0.13335158627940197,0.0,0.0,0.1,-1.0,0.6763433160902349,0.0,0.0,0.14285714285714285,0.0,0.0,0.2031140135750122,0.2222222222222222,0.0,Normal,0
-0.008305829395579967,119,1,5,-0.34836848541674165,-0.45815690999132613,-0.6172090301216083,-0.7445687201666262,0.4383153396651112,0.0,-0.11507936507936507,0.479395323795663,-0.7475927608105515,0.0,0.0,-0.07850501908545554,-0.001722195177383939,-0.08835805347908927,0.0,0.0,0.0,0.0,0.0,0.0,0.0,0.0,-0.43921392141013216,-0.8459607780457364,0.0,0.0,3.1,1.0,1.838005393597775,2.9554486440818204,7.0,4.714285714285714,0.0,0.0,1.8340437671464696,3.5555555555555554,0.0,Generic,1
-0.00830967056923797,119,1,5,-0.34836848541674165,-0.45815690999132613,-0.6172090301216083,-0.7445687201666262,0.4686820524374373,0.0,-0.11507936507936507,0.5079193111961406,-0.7475927608105515,0.0,0.0,-0.07899281188509567,-0.001722195177383939,-0.08835805347908927,0.0,0.0,0.0,0.0,0.0,0.0,0.0,0.0,-0.43921392141013216,-0.8459607780457364,0.0,0.0,1.0,1.0,1.3362275830855714,2.26941239209809,7.0,1.7142857142857142,0.0,0.0,1.2618595071429144,1.2222222222222223,0.0,Generic,1
0.8274271525957275,113,6,4,0.9786866579525125,0.45815690999132636,1.4116889916894675,0.09828264867786968,-0.49159410361907646,0.0,0.8849206349206349,-0.12721658240505423,0.09430821359370514,1.5,0.6309297535714575,0.7420437320690771,1.0320277035381062,0.8705758243706495,0.9487018009206866,1.0,1.0511879108757918,0.3401207357575309,1.0,1.8181900812167946,2.388653290446883,1.4170644276085524,4.440919280313955,0.0,0.0,0.0,0.1,0.0,0.22963807175534715,0.7564707973660301,1.0,0.14285714285714285,0.0,0.0,0.0,0.0,0.0,Fuzzers,1
-0.00831159115894783,119,1,5,-0.34836848541674165,-0.45815690999132613,-0.6172090301216083,-0.7445687201666262,0.4873083417532429,0.0,-0.11507936507936507,0.5254152901574599,-0.7475927608105515,0.0,0.0,-0.0792370717068429,-0.001722195177383939,-0.08835805347908927,0.0,0.0,0.0,0.0,0.0,0.0,0.0,0.0,-0.43921392141013216,-0.8459607780457364,0.0,0.0,3.8,1.0,2.1616620775075397,3.3734297923498424,12.0,5.714285714285714,0.0,0.0,2.2031140135750116,4.333333333333333,0.0,Generic,1
0.017075262658517464,113,6,4,1.4984444055173491,1.1474793516861461,0.6691700643382674,0.7031225377788742,0.09872529920907891,-1.1614583333333333,0.0,0.08898537809008536,0.8979138644735233,1.5,2.5789019231625665,-0.015823873882953796,0.05981968290509162,0.27966079457767007,0.6035527841443646,1.0,0.4423267384253855,1.5245202016451835,1.0,0.008847658553234319,0.015570164828639288,0.003037481364929742,-0.26174129687409003,0.5451161613496801,0.0,0.0,0.2,-1.0,0.22963807175534715,0.0,0.0,-0.2857142857142857,0.0,0.0,0.5093842420185072,0.0,0.0,Normal,0
-0.008307749981448684,119,1,5,-0.34836848541674165,-0.45815690999132613,-0.6172090301216083,-0.7445687201666262,0.45254724258694085,0.0,-0.11507936507936507,0.4927636086025248,-0.7475927608105515,0.0,0.0,-0.07874879450489872,-0.001722195177383939,-0.08835805347908927,0.0,0.0,0.0,0.0,0.0,0.0,0.0,0.0,-0.43921392141013216,-0.8459607780457364,0.0,0.0,0.5,1.0,1.03713393259921,1.8604881976177823,2.5,1.0,0.0,0.0,0.9207988315012231,0.6666666666666666,0.0,Generic,1
0.48065693387997677,113,4,4,0.6516315145832584,0.5418430900086738,0.7306169702996087,0.4338281802290531,-0.44641854370108136,0.0,0.8849206349206349,-0.25074636615944196,0.39407992473422626,1.0,1.261859507142915,0.7328070779302959,0.8407468444268278,0.8251563707539356,0.8323547544859796,1.0,1.7369037810086465,0.9670508475496976,1.0,0.4651016674724294,0.5519848575449192,0.39008683942339967,2.326840861132059,0.46760514520068,0.6931471805599453,6.77078942390898,-0.4,0.0,-0.32365668390976504,0.0,0.0,-0.2857142857142857,0.0,0.6931471805599453,-0.6309297535714572,-0.3333333333333333,0.0,Exploits,1
0.369208832731717,113,4,4,0.5377054001731342,0.3533506529659227,0.27145205481420587,0.05846526410373137,-0.45210212068821953,0.0,0.8849206349206349,-0.3489449280356323,0.15380191729498477,0.792481250360578,0.6309297535714575,0.7119742373894651,0.9239120707289225,0.8003422246462976,0.8630837100691671,1.0,0.8403372206690708,1.226998382582708,1.0,0.7709043784367524,0.23566012434184747,1.2116610731544237,0.613556169260453,0.004884408081456099,0.6931471805599453,0.0,-0.4,0.0,-0.32365668390976504,0.0,0.0,-0.2857142857142857,0.0,0.6931471805599453,-0.6309297535714572,-0.3333333333333333,0.0,Exploits,1
-0.005285205336324481,119,6,2,0.0,0.21303083147991342,0.0,0.07649325167804336,0.04878455565582835,-1.1614583333333333,0.0,0.11262394503905498,0.6474938062116838,0.0,0.0,0.00195462239760778,0.041363128233798105,-0.03232397055443937,0.049097301331913805,0.0,0.0,0.0,0.0,0.0,0.0,0.0,1.0569818108072753,0.1193701448363572,0.0,0.0,0.1,-1.0,-0.32365668390976504,0.0,0.0,0.0,0.0,0.0,-0.6309297535714572,0.3333333333333333,0.0,Normal,0
0.0002447584307214548,113,3,4,0.7492222027586747,0.3533506529659227,1.142996292817342,0.08383207580414302,0.04398118462914321,-1.1614583333333333,0.0,0.3399878984330513,0.559495293476442,1.160964047443681,0.6309297535714575,-0.008036964385577203,0.13787504247475596,0.27895200905636697,0.1654616164535575,1.0,0.0462443183423165,1.130731277579708,1.0,0.008721846396562996,0.01483283085422728,0.0034257017475472517,3.886653662186586,0.04051761522183967,0.0,0.0,-0.2,-1.0,0.6763433160902349,0.0,0.0,0.14285714285714285,0.0,0.0,0.5093842420185072,-0.1111111111111111,0.0,Normal,0
-0.008313511750578272,120,6,5,-0.34836848541674165,-0.45815690999132613,-0.3913767846054552,-0.7445687201666262,0.5093385986249094,0.0,-0.11507936507936507,0.6099086799000378,-0.7475927608105515,0.0,0.0,-0.07948157445237129,-0.001722195177383939,-0.08835805347908927,0.0,0.0,0.0,0.0,0.0,0.0,0.0,0.0,0.5607860785898678,-0.8459607780457364,0.0,0.0,0.0,1.0,0.4077591983577853,1.0,1.5,0.2857142857142857,0.0,0.0,0.5093842420185072,0.1111111111111111,0.0,DoS,1
-0.00830390881163182,119,1,5,-0.34836848541674165,-0.45815690999132613,-0.6172090301216083,-0.7445687201666262,0.4255844927666367,0.0,-0.11507936507936507,0.4674369968872862,-0.7475927608105515,0.0,0.0,-0.07826148514739853,-0.001722195177383939,-0.08835805347908927,0.0,0.0,0.0,0.0,0.0,0.0,0.0,0.0,-0.43921392141013216,-0.8459607780457364,0.0,0.0,0.2,1.0,0.5532947556651122,1.1989778467157899,1.0,0.2857142857142857,0.0,0.0,0.36907024642854247,0.3333333333333333,0.0,Generic,1
0.7568258610100007,113,6,4,0.5377054001731342,0.3533506529659227,0.4719115695206806,0.05846526410373137,-0.5481145132126851,0.0,0.8849206349206349,-0.3848333513809548,0.07262202776391308,0.792481250360578,0.6309297535714575,0.8896057887097492,1.0778213793311013,0.9047889525249776,0.9834009456166873,1.0,0.8898083724006945,1.6095991930660758,1.0,1.9589199023029535,2.5588469934085825,1.5490827359367036,1.510063872778109,0.004884408081456099,0.0,0.0,0.2,0.0,-0.32365668390976504,0.0,0.0,-0.2857142857142857,0.0,0.0,-0.2618595071429149,-0.3333333333333333,0.0,Exploits,1
1.1306178615402114,113,4,4,0.6516315145832584,0.769769518893221,0.21447610852108587,0.6467749032898782,-0.5298002951131446,-1.0,0.8849206349206349,-0.5120904880257934,0.4445774344712018,0.792481250360578,1.8927892607143724,0.9790884010401945,0.9426377510686192,0.9618196244931111,1.710372870811388,1.0,1.8301827789079623,1.036036610203911,1.0,1.237086376234937,1.260748826507528,1.245079100887031,0.04807883279836151,0.6662397412182699,0.0,0.0,-0.4,0.0,-0.32365668390976504,0.0,0.0,-0.2857142857142857,0.0,0.0,-0.6309297535714572,-0.3333333333333333,0.0,Exploits,1
1.4330264614814847,113,6,4,0.5377054001731342,0.3533506529659227,0.05828427442132147,0.05846526410373137,-0.6431224452140147,0.0,0.8849206349206349,-0.5948196496421767,-0.00991095852794079,0.792481250360578,0.6309297535714575,1.1005381190315633,1.3170766265451412,1.0297920943228893,1.2327827431429652,1.0,0.6952377311026797,1.0762326647755125,1.0,1.985615734555714,2.0688234076376206,2.0138250185259854,-0.31897941804229135,0.004884408081456099,0.0,0.0,-0.2,0.0,0.0,0.0,0.0,-0.14285714285714285,0.0,0.0,-0.6309297535714572,0.0,0.0,Normal,0
0.4013352469683508,113,9,4,1.6352960883485503,1.110385368881512,1.728099866769736,0.42178195165877125,-0.24141479122505605,-1.1614583333333333,0.0,0.05947351912338253,0.4136437301825548,2.1609640474436813,2.0000000000000004,0.34128616459320127,0.4710421355180098,0.6962181682259289,0.6066267031071051,1.0,0.43773324566893024,1.5194773446935042,1.0,0.008055020975705146,0.01398623767937614,0.002923297643613282,4.061302716242537,0.13062478370534697,0.0,0.0,-0.3,-1.0,-0.32365668390976504,0.0,0.0,-0.2857142857142857,0.0,0.0,-0.2618595071429149,-0.3333333333333333,0.0,Normal,0
2.389774454169259,113,9,4,1.1500759201006077,0.8494457411744992,1.1432679769448955,0.3362377801062609,-0.6041184157264846,-1.0,0.8849206349206349,-0.37335961080217844,0.11725105845119149,1.6609640474436813,2.0000000000000004,1.0524942399714283,1.1706675714124477,1.0011130911157622,1.0617207823545698,1.0,1.889417494356381,1.9409737959125557,1.0,1.801059250444197,2.146985594466623,1.58897876490415,2.775449349137435,0.14393604484068115,0.0,0.0,-0.4,0.0,-0.32365668390976504,0.0,0.0,-0.2857142857142857,0.0,0.0,-0.2618595071429149,-0.3333333333333333,0.0,Exploits,1
0.40411075809057967,113,4,4,0.5377054001731342,0.45815690999132636,0.1846071613008231,0.3462073926266444,-0.4488444942568019,-1.0,0.8849206349206349,-0.38443171154941536,0.3493215394057413,0.792481250360578,1.0,0.735109434860362,0.8601946330663414,0.8266798971670045,0.8427314752497366,1.0,0.8205792251019287,0.48785419334360947,1.0,0.6882115494630276,0.2415649353990183,1.055656585972934,0.22851423430855478,0.38196958877936554,0.6931471805599453,6.38856140554563,-0.4,0.0,-0.32365668390976504,0.0,0.0,-0.2857142857142857,0.0,0.6931471805599453,-0.6309297535714572,-0.3333333333333333,0.0,DoS,1
-0.008307749981448684,62,6,5,-0.34836848541674165,-0.45815690999132613,-0.3913767846054552,-0.7445687201666262,0.45254724258694085,0.0,-0.11507936507936507,0.5565636493511029,-0.7475927608105515,0.0,0.0,-0.07874879450489872,-0.001722195177383939,-0.08835805347908927,0.0,0.0,0.0,0.0,0.0,0.0,0.0,0.0,0.5607860785898678,-0.8459607780457364,0.0,0.0,-0.3,1.0,0.0,0.4425070493497599,0.5,-0.14285714285714285,0.0,0.0,1.509384242018507,-0.2222222222222222,0.0,Exploits,1
0.23901902649315543,113,3,4,0.22946445519383787,0.45815690999132636,-0.20204045500411894,0.33822709577607435,-0.4145554940858268,-1.1614583333333333,0.0,-0.4387547291749998,0.3992580022743821,0.5,1.0,0.742215133293457,0.7446750571739948,0.8655706077419703,0.8099719455952724,1.0,1.991543822568853,2.1136172377301694,1.0,0.0084073105043322,0.014723594499136128,0.002946134433544149,-0.5680436705367541,0.36921509421150095,0.0,0.0,-0.2,-1.0,0.0,0.0,0.0,0.14285714285714285,0.0,0.0,0.36907024642854247,0.2222222222222222,0.0,Normal,0
1.4245390914510063,113,4,4,0.7492222027586747,0.769769518893221,0.4685650615090426,0.5798381518925964,-0.5588323654977475,-1.1614583333333333,0.0,-0.4750637068754347,0.36652435284736556,1.0,1.6309297535714575,1.0345555946702223,1.0333444831012475,1.0619772836918142,1.866854279467241,1.0,1.3945886007373272,1.4079502016108316,1.0,0.007941782962261855,0.0136585171500827,0.002991807944904429,0.8865069284623087,0.5626752627177299,0.6931471805599453,8.275121630216509,-0.4,-1.0,0.0,0.0,0.0,-0.2857142857142857,0.0,0.6931471805599453,0.0,-0.2222222222222222,0.0,Normal,0
1.926978397293125,113,2,4,0.6516315145832584,0.6115100544329425,0.4463642216206605,0.19220832064903914,-0.6447442225707597,0.0,0.8849206349206349,-0.533815751213267,0.0486178325597509,1.0,1.4649735207179273,1.1654548720697997,1.238651451390134,1.0971602881987834,1.2204347840821284,1.0,1.3072262660547864,1.5060405690889254,1.0,1.722741994625759,2.0498435835545226,1.5182226976056408,1.0704863637126092,0.05639805666657745,0.0,0.0,-0.3,0.0,-0.32365668390976504,0.0,0.0,-0.14285714285714285,0.0,0.0,-0.6309297535714572,-0.2222222222222222,0.0,Fuzzers,1
0.005459490460517444,113,3,4,0.4008537173419332,0.6115100544329425,-0.08853316975286465,0.5594913824634756,-0.013607949724456335,-1.1614583333333333,0.0,-0.06673283576552859,0.8527879754313646,0.5,1.4649735207179273,0.08667935140073349,0.11641123826208363,0.43804540739225145,0.737501180359486,1.0,2.066397862208424,1.013817084238153,1.0,0.007035842187031416,0.012211037792761498,0.0025579058992808764,-0.5680436705367541,0.6210412958985105,0.0,0.0,-0.2,-1.0,0.9610539540228977,0.0,0.0,0.14285714285714285,0.0,0.0,0.7381404928570852,-0.1111111111111111,0.0,Normal,0
7.846867850960421,78,6,5,1.3270551433692541,-0.45815690999132613,0.7837277068658821,-0.7445687201666262,-0.9116789483045863,0.0,-0.11507936507936507,-0.8319426907605896,-0.7475927608105515,0.0,0.0,1.7594337757224559,-0.001722195177383939,0.8700392812313572,0.0,0.0,0.0,0.0,0.0,0.0,0.0,0.0,0.6982125372488294,-0.8459607780457364,0.0,0.0,-0.3,1.0,-0.32365668390976504,0.4425070493497599,0.0,-0.2857142857142857,0.0,0.0,-0.2618595071429149,-0.3333333333333333,0.0,Exploits,1
0.7152336140104945,113,6,4,0.5377054001731342,0.3533506529659227,0.004561481689690244,0.05846526410373137,-0.5402174927860255,0.0,0.8849206349206349,-0.5084346394222162,0.07935889934359307,0.792481250360578,0.6309297535714575,0.8660261267375972,1.079164169008491,0.8941747977841679,0.9965379668233966,1.0,0.2052510451965236,1.250584021920438,1.0,1.3795178962662242,1.6976914671841394,1.1512591706690554,-0.5680436705367541,0.004884408081456099,0.0,0.0,-0.2,0.0,0.5532947556651122,0.0,0.0,2.0,0.0,0.0,0.5093842420185072,-0.1111111111111111,0.0,Normal,0
0.01737091777925879,113,6,4,0.8345798913950238,0.769769518893221,0.4324341822099622,0.318375243233886,-0.022532652943400046,-1.1614583333333333,0.0,0.016463349829257692,0.6252643002952665,1.160964047443681,1.4649735207179273,0.07413117878004478,0.138440349214895,0.43190892453563023,0.18208748584375253,1.0,0.6565967447383627,1.7407218996668687,1.0,0.007589480406959696,0.012921131587390174,0.0029689712006411816,0.4879337673292106,0.1589236300357197,0.0,0.0,0.2,-1.0,0.4077591983577853,1.367211219012335,0.0,0.14285714285714285,0.0,0.0,0.9207988315012231,1.1111111111111112,0.0,Normal,0
-0.008317352939600908,119,1,5,-0.34836848541674165,-0.45815690999132613,-0.6172090301216083,-0.7445687201666262,0.5710626891769315,0.0,-0.11507936507936507,0.6040869325983536,-0.7475927608105515,0.0,0.0,-0.07997131065090231,-0.001722195177383939,-0.08835805347908927,0.0,0.0,0.0,0.0,0.0,0.0,0.0,0.0,-0.43921392141013216,-0.8459607780457364,0.0,0.0,-0.1,1.0,0.4077591983577853,1.0,1.5,0.14285714285714285,0.0,0.0,0.2031140135750122,0.0,0.0,Generic,1
-0.008307749981448684,119,1,5,-0.34836848541674165,-0.45815690999132613,-0.6172090301216083,-0.7445687201666262,0.45254724258694085,0.0,-0.11507936507936507,0.4927636086025248,-0.7475927608105515,0.0,0.0,-0.07874879450489872,-0.001722195177383939,-0.08835805347908927,0.0,0.0,0.0,0.0,0.0,0.0,0.0,0.0,-0.43921392141013216,-0.8459607780457364,0.0,0.0,0.6,1.0,0.8769514395748775,1.51294159473206,1.5,0.5714285714285714,0.0,0.0,0.7381404928570852,0.7777777777777778,0.0,Generic,1
-0.008313511750578272,119,1,5,-0.34836848541674165,-0.45815690999132613,-0.6172090301216083,-0.7445687201666262,0.5093385986249094,0.0,-0.11507936507936507,0.5461086388303764,-0.7475927608105515,0.0,0.0,-0.07948157445237129,-0.001722195177383939,-0.08835805347908927,0.0,0.0,0.0,0.0,0.0,0.0,0.0,0.0,-0.43921392141013216,-0.8459607780457364,0.0,0.0,3.4,1.0,1.937915070130067,3.0920462747246633,7.5,5.142857142857143,0.0,0.0,1.9479721695911079,3.888888888888889,0.0,Generic,1
-0.008315432344129296,131,6,5,-0.34836848541674165,-0.45815690999132613,-0.3913767846054552,-0.7445687201666262,0.5093385986249094,0.0,-0.11507936507936507,0.6099086799000378,-0.7475927608105515,0.0,0.0,-0.07948157445237129,-0.001722195177383939,-0.08835805347908927,0.0,0.0,0.0,0.0,0.0,0.0,0.0,0.0,0.5607860785898678,-0.8459607780457364,0.0,0.0,1.7,1.0,0.4077591983577853,1.0,1.5,0.14285714285714285,0.0,0.0,0.5093842420185072,1.4444444444444444,0.0,Analysis,1
0.27722103959121613,119,0,2,0.0,0.0,0.3695193302563684,0.18880586256598256,-0.5460541212985427,0.0,0.12301587301587301,-0.3075947968799856,0.22380304784116806,0.0,0.0,0.9019314229338123,-0.0004908311337499053,0.45859464438888997,0.0,0.0,0.0,0.0,0.0,0.0,0.0,0.0,2.7007644354999294,0.4454585082615863,0.0,0.0,-0.3,-1.0,0.0,0.4425070493497599,0.5,-0.14285714285714285,0.0,0.0,-0.2618595071429149,-0.2222222222222222,0.0,DoS,1
-0.008313511750578272,119,1,5,-0.34836848541674165,-0.45815690999132613,-0.6172090301216083,-0.7445687201666262,0.5093385986249094,0.0,-0.11507936507936507,0.5461086388303764,-0.7475927608105515,0.0,0.0,-0.07948157445237129,-0.001722195177383939,-0.08835805347908927,0.0,0.0,0.0,0.0,0.0,0.0,0.0,0.0,-0.43921392141013216,-0.8459607780457364,0.0,0.0,2.3,1.0,1.5532947556651122,2.5661890657281248,5.0,3.5714285714285716,0.0,0.0,1.5517285850726805,2.6666666666666665,0.0,Generic,1
-0.008305829395579967,119,1,5,-0.34836848541674165,-0.45815690999132613,-0.6172090301216083,-0.7445687201666262,0.4383153396651112,0.0,-0.11507936507936507,0.479395323795663,-0.7475927608105515,0.0,0.0,-0.07850501908545554,-0.001722195177383939,-0.08835805347908927,0.0,0.0,0.0,0.0,0.0,0.0,0.0,0.0,-0.43921392141013216,-0.8459607780457364,0.0,0.0,1.9,1.0,1.2847106379326627,2.1236820163783654,6.0,3.0,0.0,0.0,1.203114013575012,2.2222222222222223,0.0,Generic,1
1.4630327556901135,113,6,4,0.5377054001731342,0.3533506529659227,0.004561481689690244,0.05846526410373137,-0.6464244498866202,0.0,0.8849206349206349,-0.6131589121552959,-0.012847166085319068,0.792481250360578,0.6309297535714575,1.1020325739898504,1.3281124237022077,1.0322069552142146,1.240912274501527,1.0,1.2307791499445193,1.5299693433652215,1.0,1.7988112120091433,1.7018766340194404,1.9540427217293748,-0.5680436705367541,0.004884408081456099,0.0,0.0,-0.2,0.0,0.0,0.0,0.0,-0.2857142857142857,0.0,0.0,-0.2618595071429149,-0.2222222222222222,0.0,Normal,0
-0.008305829395579967,56,6,5,-0.34836848541674165,-0.45815690999132613,-0.3913767846054552,-0.7445687201666262,0.4383153396651112,0.0,-0.11507936507936507,0.5431953692758632,-0.7475927608105515,0.0,0.0,-0.07850501908545554,-0.001722195177383939,-0.08835805347908927,0.0,0.0,0.0,0.0,0.0,0.0,0.0,0.0,0.5607860785898678,-0.8459607780457364,0.0,0.0,0.1,1.0,-0.32365668390976504,0.0,0.0,0.5714285714285714,0.0,0.0,-0.2618595071429149,0.2222222222222222,0.0,Exploits,1
-0.008305829395579967,120,6,5,-0.34836848541674165,-0.45815690999132613,-0.3913767846054552,-0.7445687201666262,0.4383153396651112,0.0,-0.11507936507936507,0.5431953692758632,-0.7475927608105515,0.0,0.0,-0.07850501908545554,-0.001722195177383939,-0.08835805347908927,0.0,0.0,0.0,0.0,0.0,0.0,0.0,0.0,0.5607860785898678,-0.8459607780457364,0.0,0.0,-0.2,1.0,-0.32365668390976504,0.0,0.0,0.0,0.0,0.0,-0.6309297535714572,-0.1111111111111111,0.0,Exploits,1
-0.00831159115894783,119,1,5,-0.34836848541674165,-0.45815690999132613,-0.6172090301216083,-0.7445687201666262,0.4873083417532429,0.0,-0.11507936507936507,0.5254152901574599,-0.7475927608105515,0.0,0.0,-0.0792370717068429,-0.001722195177383939,-0.08835805347908927,0.0,0.0,0.0,0.0,0.0,0.0,0.0,0.0,-0.43921392141013216,-0.8459607780457364,0.0,0.0,2.9,1.0,1.9610539540228973,3.123682016378365,8.5,4.428571428571429,0.0,0.0,1.9743577627364342,3.3333333333333335,0.0,Generic,1
-0.008305829395579967,119,1,5,-0.34836848541674165,-0.45815690999132613,-0.6172090301216083,-0.7445687201666262,0.4383153396651112,0.0,-0.11507936507936507,0.479395323795663,-0.7475927608105515,0.0,0.0,-0.07850501908545554,-0.001722195177383939,-0.08835805347908927,0.0,0.0,0.0,0.0,0.0,0.0,0.0,0.0,-0.43921392141013216,-0.8459607780457364,0.0,0.0,2.3,1.0,1.1065895113302244,1.9554486440818202,5.0,3.5714285714285716,0.0,0.0,0.9999999999999998,2.6666666666666665,0.0,Generic,1
-0.00831159115894783,78,6,5,-0.34836848541674165,-0.45815690999132613,-0.3913767846054552,-0.7445687201666262,0.4873083417532429,0.0,-0.11507936507936507,0.5892153265801261,-0.7475927608105515,0.0,0.0,-0.0792370717068429,-0.001722195177383939,-0.08835805347908927,0.0,0.0,0.0,0.0,0.0,0.0,0.0,0.0,0.5607860785898678,-0.8459607780457364,0.0,0.0,0.2,1.0,0.22963807175534715,0.7564707973660301,1.0,0.5714285714285714,0.0,0.0,0.0,0.3333333333333333,0.0,DoS,1
0.3378819421345177,113,6,4,0.5377054001731342,0.3533506529659227,0.004561481689690244,0.05846526410373137,-0.44077523899636645,0.0,0.8849206349206349,-0.41310993734623896,0.16330001648126868,0.792481250360578,0.6309297535714575,0.68029392212332,0.8509316979565479,0.8053740162295703,0.8255558158186734,1.0,0.4695191299173224,0.14966798407086046,1.0,1.1187398415254806,1.1883527410405252,1.081179596367607,-0.5680436705367541,0.004884408081456099,0.0,0.0,-0.3,0.0,0.0,0.4425070493497599,0.0,-0.14285714285714285,0.0,0.0,-0.2618595071429149,-0.2222222222222222,0.0,Fuzzers,1
1.3175998010839762,113,6,4,0.6516315145832584,0.45815690999132636,0.30011080506729204,0.2042940939090118,-0.602931549407027,0.0,0.8849206349206349,-0.5114587786466243,0.10823438804475008,1.0,1.0,1.004227765321494,1.209877130321568,0.9678552663498776,1.0765090241796946,1.0,0.5201601577222978,1.2489858842764048,1.0,1.6857842809133068,1.4462303607400344,1.9456753814823833,0.4312950973329559,0.16370298889677679,0.0,0.0,-0.1,0.0,-0.32365668390976504,0.0,0.0,0.14285714285714285,0.0,0.0,-0.2618595071429149,0.0,0.0,Fuzzers,1
0.9995784724526305,113,6,4,0.8345798913950238,0.6115100544329425,0.22072596715773418,0.1947082586633107,-0.519438465989363,0.0,0.8849206349206349,-0.4897977932390648,0.14272902497798984,1.292481250360578,1.4649735207179273,0.8658741503929582,1.0100061140154817,0.8926401586584666,0.9228907210788668,1.0,1.804278421354132,0.17667701448349166,1.0,0.8538693842823334,1.0199862217603979,0.7224969500053638,-0.43921392141013216,0.06019698031261823,0.0,0.0,0.2,0.0,0.0,0.0,0.0,0.7142857142857143,0.0,0.0,-0.2618595071429149,0.3333333333333333,0.0,Fuzzers,1
-0.008317352939600908,119,1,5,-0.34836848541674165,-0.45815690999132613,-0.6172090301216083,-0.7445687201666262,0.5710626891769315,0.0,-0.11507936507936507,0.6040869325983536,-0.7475927608105515,0.0,0.0,-0.07997131065090231,-0.001722195177383939,-0.08835805347908927,0.0,0.0,0.0,0.0,0.0,0.0,0.0,0.0,-0.43921392141013216,-0.8459607780457364,0.0,0.0,0.7,1.0,0.7829328274204592,1.51294159473206,1.5,0.5714285714285714,0.0,0.0,0.6309297535714571,0.8888888888888888,0.0,Generic,1
-0.008317352939600908,119,1,5,-0.34836848541674165,-0.45815690999132613,-0.6172090301216083,-0.7445687201666262,0.5710626891769315,0.0,-0.11507936507936507,0.6040869325983536,-0.7475927608105515,0.0,0.0,-0.07997131065090231,-0.001722195177383939,-0.08835805347908927,0.0,0.0,0.0,0.0,0.0,0.0,0.0,0.0,-0.43921392141013216,-0.8459607780457364,0.0,0.0,1.7,1.0,0.5532947556651122,1.1989778467157899,2.0,2.7142857142857144,0.0,0.0,0.36907024642854247,2.0,0.0,Generic,1
-0.008317352939600908,119,1,5,-0.34836848541674165,-0.45815690999132613,-0.6172090301216083,-0.7445687201666262,0.5710626891769315,0.0,-0.11507936507936507,0.6040869325983536,-0.7475927608105515,0.0,0.0,-0.07997131065090231,-0.001722195177383939,-0.08835805347908927,0.0,0.0,0.0,0.0,0.0,0.0,0.0,0.0,-0.43921392141013216,-0.8459607780457364,0.0,0.0,1.6,1.0,1.4734045760589989,2.456962315881736,8.5,2.5714285714285716,0.0,0.0,1.4182843521034598,1.8888888888888888,0.0,Generic,1
-0.008317352939600908,119,1,5,-0.34836848541674165,-0.45815690999132613,-0.6172090301216083,-0.7445687201666262,0.5710626891769315,0.0,-0.11507936507936507,0.6040869325983536,-0.7475927608105515,0.0,0.0,-0.07997131065090231,-0.001722195177383939,-0.08835805347908927,0.0,0.0,0.0,0.0,0.0,0.0,0.0,0.0,-0.43921392141013216,-0.8459607780457364,0.0,0.0,1.1,1.0,0.8769514395748775,1.6414848960655501,3.5,1.8571428571428572,0.0,0.0,0.7381404928570852,1.3333333333333333,0.0,Generic,1
4.270917640135271,113,11,4,2.608052522512402,1.818667093157386,1.54693418648605,0.7319724416411285,-0.47773647035748523,-1.1614583333333333,0.0,-0.39273206993122867,0.27675145990956485,2.89067985676233,3.8407614303054816,0.8102250403970022,0.8866920951172348,0.8878082553363037,1.6121612454573473,1.0,0.3248263589277818,1.4051772963280118,1.0,0.010080551159825365,0.01715400016512358,0.0039509305856555745,0.6648254834075045,0.2288139927272944,0.0,0.0,-0.4,-1.0,0.0,0.0,0.0,-0.2857142857142857,0.0,0.0,-0.6309297535714572,-0.3333333333333333,0.0,Normal,0
1.331857495425783,113,6,4,0.5377054001731342,0.45815690999132636,0.026627704067271322,0.09828264867786968,-0.6173588527847993,0.0,0.8849206349206349,-0.5920228759990592,0.03276699844768451,0.792481250360578,0.6309297535714575,1.0818253972751608,1.2179708446688517,1.0262870650270328,1.1171551385054004,1.0,1.0301760019615438,0.3138389599461517,1.0,1.1609801095511882,0.9895138956862385,1.324854979475006,-0.47056861402790745,0.0,0.0,0.0,-0.4,0.0,-0.32365668390976504,0.0,0.0,-0.2857142857142857,0.0,0.0,-0.6309297535714572,-0.3333333333333333,0.0,Reconnaissance,1
0.4874447579467975,113,4,4,0.5377054001731342,0.3533506529659227,0.4287429836746192,0.05846526410373137,-0.48827124143228484,0.0,0.8849206349206349,-0.3393178300974707,0.12338019352019876,0.792481250360578,0.6309297535714575,0.7652014466699403,0.9530918749542138,0.847935025395361,0.9012418814222198,1.0,1.5154138609171306,1.1359021645635594,1.0,1.4199489281929711,1.602724049967747,1.3088358092681396,1.3212857938030238,0.004884408081456099,0.0,0.0,0.5,0.0,0.0,0.4425070493497599,0.0,0.8571428571428571,0.0,0.0,-0.2618595071429149,0.5555555555555556,0.0,Fuzzers,1
-0.00830967056923797,83,6,5,-0.34836848541674165,-0.45815690999132613,-0.3913767846054552,-0.7445687201666262,0.4686820524374373,0.0,-0.11507936507936507,0.5717193517729767,-0.7475927608105515,0.0,0.0,-0.07899281188509567,-0.001722195177383939,-0.08835805347908927,0.0,0.0,0.0,0.0,0.0,0.0,0.0,0.0,0.5607860785898678,-0.8459607780457364,0.0,0.0,0.1,1.0,0.5532947556651122,1.0,1.5,0.7142857142857143,0.0,0.0,0.36907024642854247,0.2222222222222222,0.0,DoS,1
0.5932782068841969,113,6,4,0.5377054001731342,0.3533506529659227,0.4509029522995194,0.05846526410373137,-0.5145602802948303,0.0,0.8849206349206349,-0.3583649927968924,0.10115947291514996,0.792481250360578,0.6309297535714575,0.8039143321167529,1.0332076898724851,0.8577058841575936,0.9464329104633711,1.0,2.0231056348960603,0.9293267732885706,1.0,0.9434771165702016,1.126621628162337,0.8016902952292446,1.4125888162692608,0.004884408081456099,0.0,0.0,0.5,0.0,0.22963807175534715,0.0,0.0,1.0,0.0,0.0,0.2031140135750122,0.4444444444444444,0.0,Fuzzers,1
0.003393240343032877,113,11,4,1.2869276029318086,0.884218572951153,0.7898475310053127,0.49096854926811623,0.13448274563549,-1.1614583333333333,0.0,0.2100658964293637,0.8257923680209698,1.5,1.8927892607143724,-0.03507306143314765,0.05061448426273626,0.24158060698894926,0.061294003039848305,1.0,1.4889599243010287,1.5007264821224386,1.0,0.008747008928476982,0.0154336230011772,0.0029689712006411816,0.8412447340409415,0.36158407421363264,0.0,0.0,-0.2,-1.0,0.5532947556651122,0.0,0.0,-0.2857142857142857,0.0,0.0,0.5093842420185072,-0.2222222222222222,0.0,Normal,0
-0.0052200091755897635,119,6,2,0.0,0.21303083147991342,-0.006163122524208084,0.07649325167804336,0.04621735302069489,-1.1614583333333333,0.0,0.10847915167421532,0.645369694601559,0.0,0.0,0.004401465379281042,0.04170833632440491,-0.03073331485827686,0.049368767627057934,0.0,0.0,0.0,0.0,0.0,0.0,0.0,1.0296653884742077,0.1193701448363572,0.0,0.0,0.5,-1.0,0.7829328274204592,0.0,0.0,0.42857142857142855,0.0,0.0,0.5093842420185072,0.8888888888888888,0.0,Normal,0
-0.008317352939600908,119,6,5,-0.34836848541674165,-0.45815690999132613,-0.4615104146933044,-0.7445687201666262,0.5710626891769315,0.0,-0.11507936507936507,0.6480980058381866,-0.7475927608105515,0.0,0.0,-0.07997131065090231,-0.001722195177383939,-0.08835805347908927,0.0,0.0,0.0,0.0,0.0,0.0,0.0,0.0,0.2498499789758582,-0.8459607780457364,0.0,0.0,-0.4,1.0,0.0,0.0,0.0,-0.2857142857142857,0.0,0.0,-0.6309297535714572,-0.3333333333333333,0.0,Reconnaissance,1
-0.008305829395579967,120,6,5,-0.34836848541674165,-0.45815690999132613,-0.3913767846054552,-0.7445687201666262,0.4383153396651112,0.0,-0.11507936507936507,0.5431953692758632,-0.7475927608105515,0.0,0.0,-0.07850501908545554,-0.001722195177383939,-0.08835805347908927,0.0,0.0,0.0,0.0,0.0,0.0,0.0,0.0,0.5607860785898678,-0.8459607780457364,0.0,0.0,-0.3,1.0,0.22963807175534715,0.4425070493497599,0.5,0.0,0.0,0.0,0.0,-0.2222222222222222,0.0,Fuzzers,1
1.432144845501042,113,4,4,0.7492222027586747,0.769769518893221,0.4685650615090426,0.5798381518925964,-0.5597093739448065,-1.1614583333333333,0.0,-0.47591698631594315,0.36577283529591714,1.0,1.6309297535714575,1.0169313687596324,1.0351738569999593,1.0571004449516577,1.8671531096611163,1.0,0.7423434811554867,0.7496675731512192,1.0,0.009476700478621767,0.013685827344320264,0.005754885478390164,0.8865069284623087,0.5626752627177299,0.6931471805599453,8.275121630216509,-0.4,-1.0,0.4077591983577853,0.0,0.0,-0.2857142857142857,0.0,0.6931471805599453,-0.2618595071429149,0.1111111111111111,0.0,Normal,0
0.7316610384485909,113,6,4,0.5377054001731342,0.3533506529659227,0.21983902143091247,0.05846526410373137,-0.5433818278981672,0.0,0.8849206349206349,-0.4510979915752481,0.07666108730773605,0.792481250360578,0.6309297535714575,0.8835731063680297,1.0808747517759825,0.9166358941474887,0.9716876400253921,1.0,2.0439998154570387,1.260548324103456,1.0,1.701950821771142,1.9468085786344425,1.5644438138162178,0.39252264851919116,0.004884408081456099,0.0,0.0,0.3,0.0,-0.32365668390976504,0.0,0.0,0.2857142857142857,0.0,0.0,-0.2618595071429149,0.1111111111111111,0.0,Fuzzers,1
0.3398135579060022,113,4,4,0.5377054001731342,0.3533506529659227,0.2346587839065729,0.05846526410373137,-0.44150054723101756,0.0,0.8849206349206349,-0.3491798125595278,0.1626921796335762,0.792481250360578,0.6309297535714575,0.6735335975586266,0.9042956255095439,0.793334893465607,0.8712269438079383,1.0,1.0618029391538957,0.9091458908222544,1.0,0.6543124211344172,0.20451687340971458,1.0235106541195647,0.4503730466105889,0.004884408081456099,0.6931471805599453,0.0,-0.4,0.0,-0.32365668390976504,0.0,0.0,-0.2857142857142857,0.0,0.6931471805599453,-0.6309297535714572,-0.3333333333333333,0.0,Exploits,1
0.03858059572894224,113,6,4,1.7059078740998568,1.269664472948575,0.7772901584488766,0.8072635806796565,0.06104745512210859,-1.1614583333333333,0.0,0.049750315608734094,0.9091328958748114,1.5,2.9299470414358546,0.0043473741534141245,0.08188603335777901,-0.08835805347908927,0.6503025843562543,1.0,0.3737185540046379,1.457575056408054,1.0,0.00844505522630756,0.014641666946226423,0.003083154693620454,-0.34829468806360164,0.639848942119083,0.0,0.0,1.0,-1.0,0.0,0.0,0.0,-0.14285714285714285,0.0,0.0,0.2031140135750122,0.4444444444444444,0.0,Normal,0
-0.008305829395579967,116,6,5,-0.34836848541674165,-0.45815690999132613,-0.3913767846054552,-0.7445687201666262,0.4383153396651112,0.0,-0.11507936507936507,0.5431953692758632,-0.7475927608105515,0.0,0.0,-0.07850501908545554,-0.001722195177383939,-0.08835805347908927,0.0,0.0,0.0,0.0,0.0,0.0,0.0,0.0,0.5607860785898678,-0.8459607780457364,0.0,0.0,0.1,1.0,-0.32365668390976504,0.0,0.0,0.42857142857142855,0.0,0.0,0.0,0.2222222222222222,0.0,Exploits,1
-0.008313511750578272,119,1,5,-0.34836848541674165,-0.45815690999132613,-0.6172090301216083,-0.7445687201666262,0.5093385986249094,0.0,-0.11507936507936507,0.5461086388303764,-0.7475927608105515,0.0,0.0,-0.07948157445237129,-0.001722195177383939,-0.08835805347908927,0.0,0.0,0.0,0.0,0.0,0.0,0.0,0.0,-0.43921392141013216,-0.8459607780457364,0.0,0.0,2.7,1.0,1.4734045760589989,2.335575477358633,7.5,4.142857142857143,0.0,0.0,1.369070246428542,3.111111111111111,0.0,Generic,1
0.068672994358179,113,6,4,1.9786866579525122,1.432083896006703,0.9223845339759227,0.8825874268564452,0.0488667952043639,-1.1614583333333333,0.0,0.033969435252845355,0.9117883817489373,1.5,3.3577627814323,0.011676356503416334,0.08871237613908593,0.3139808126695835,0.6636939200477675,1.0,1.2622484454978193,1.2740554361214556,1.0,0.009577344270116648,0.01742706594438536,0.0028091133514498573,-0.43921392141013216,0.668689949298048,0.0,0.0,0.0,-1.0,0.0,0.0,0.0,-0.2857142857142857,0.0,0.0,-0.2618595071429149,-0.1111111111111111,0.0,Normal,0
-0.008305829395579967,119,1,5,-0.34836848541674165,-0.45815690999132613,-0.6172090301216083,-0.7445687201666262,0.4383153396651112,0.0,-0.11507936507936507,0.479395323795663,-0.7475927608105515,0.0,0.0,-0.07850501908545554,-0.001722195177383939,-0.08835805347908927,0.0,0.0,0.0,0.0,0.0,0.0,0.0,0.0,-0.43921392141013216,-0.8459607780457364,0.0,0.0,1.3,1.0,1.4734045760589989,2.456962315881736,8.5,2.142857142857143,0.0,0.0,1.509384242018507,1.5555555555555556,0.0,Generic,1
1.0509002272226147,113,6,4,0.8345798913950238,0.769769518893221,0.4324341822099622,0.318375243233886,-0.5033353702499412,-1.1614583333333333,0.0,-0.43760919045373053,0.22537927768157603,1.160964047443681,1.4649735207179273,0.8812358122783476,0.9339780498222897,0.9413058065780705,0.8982008203654399,1.0,1.5861454582597652,1.6421180269602222,1.0,0.0079921110939768,0.014013547546059246,0.0027862764245150337,0.4879337673292106,0.1589236300357197,0.0,0.0,-0.3,-1.0,-0.32365668390976504,0.0,0.0,-0.14285714285714285,0.0,0.0,-0.6309297535714572,0.4444444444444444,0.0,Normal,0
1.3283195012217883,113,4,4,0.6516315145832584,0.769769518893221,0.4427985440856021,0.5798381518925964,-0.5552308694430573,-1.1614583333333333,0.0,-0.472660709278915,0.3762744411518363,1.0,1.6309297535714575,1.0319878458971492,1.0096189255943846,1.0669081434100933,1.8659131209708453,1.0,0.5633112907600525,0.5690650944493659,1.0,0.008608614380605149,0.015160537299270218,0.002946134433544149,1.0569818108072753,0.5626752627177299,0.6931471805599453,8.275121630216509,-0.3,-1.0,0.4077591983577853,0.0,0.0,-0.14285714285714285,0.0,0.6931471805599453,-0.6309297535714572,-0.3333333333333333,0.0,Normal,0
0.28895903703036957,113,4,4,0.5377054001731342,0.3533506529659227,0.2135753351212549,0.05846526410373137,-0.421024255243924,0.0,0.8849206349206349,-0.3356044807123288,0.17983494277607254,0.792481250360578,0.6309297535714575,0.6290544139163613,0.8517596742993941,0.7803405423425671,0.8143954006340431,1.0,0.18930550430138038,0.9171379982185481,1.0,0.4072138922227745,0.37441036644860465,0.4315870706004953,0.372819180453224,0.004884408081456099,0.6931471805599453,0.0,-0.4,0.0,-0.32365668390976504,0.0,0.0,-0.2857142857142857,0.0,0.6931471805599453,-0.6309297535714572,-0.3333333333333333,0.0,Exploits,1
-0.008305829395579967,119,1,5,-0.34836848541674165,-0.45815690999132613,-0.6172090301216083,-0.7445687201666262,0.4383153396651112,0.0,-0.11507936507936507,0.479395323795663,-0.7475927608105515,0.0,0.0,-0.07850501908545554,-0.001722195177383939,-0.08835805347908927,0.0,0.0,0.0,0.0,0.0,0.0,0.0,0.0,-0.43921392141013216,-0.8459607780457364,0.0,0.0,1.4,1.0,0.0,0.4425070493497599,0.5,2.2857142857142856,0.0,0.0,-0.2618595071429149,1.6666666666666667,0.0,Generic,1
0.6816561459459427,113,6,4,0.5377054001731342,0.3533506529659227,0.6308705489734856,0.05846526410373137,-0.5335525856770019,0.0,0.8849206349206349,-0.32613660861554994,0.0850342695622485,0.792481250360578,0.6309297535714575,0.8757556971648223,1.036990043686367,0.897567614766135,0.9750880111186838,1.0,1.6579105461380372,1.1435319591009576,1.0,1.8471536474295231,2.639144858218111,1.2578792739716425,2.2162867280035323,0.004884408081456099,0.0,0.0,-0.2,0.0,-0.32365668390976504,0.0,0.0,0.0,0.0,0.0,-0.6309297535714572,-0.1111111111111111,0.0,Normal,0
0.02385817616243107,113,6,4,1.5565195985630922,1.1815417362868497,0.6963034782574842,0.7489973238343594,0.08031392806888062,-1.1614583333333333,0.0,0.0697442497096242,0.9062018385538295,1.5,2.6801438592463755,-0.0036315892927947504,0.07090262911854947,0.2978352602914219,0.6310170529992102,1.0,1.3303808319916377,0.27487867202959226,1.0,0.0075391506657118655,0.01303037514865783,0.0027862764245150337,-0.2901332125177142,0.5974926192754632,0.0,0.0,-0.2,-1.0,0.0,0.0,0.0,-0.2857142857142857,0.0,0.0,-0.2618595071429149,0.0,0.0,Normal,0
-0.008315432344129296,119,1,5,-0.34836848541674165,-0.45815690999132613,-0.6172090301216083,-0.7445687201666262,0.5363014692156571,0.0,-0.11507936507936507,0.571435250794517,-0.7475927608105515,0.0,0.0,-0.07972632060535206,-0.001722195177383939,-0.08835805347908927,0.0,0.0,0.0,0.0,0.0,0.0,0.0,0.0,-0.43921392141013216,-0.8459607780457364,0.0,0.0,2.8,1.0,1.3362275830855714,2.26941239209809,7.0,4.285714285714286,0.0,0.0,1.3170424160196508,3.2222222222222223,0.0,Generic,1
3.789850680870772,113,2,4,1.097590688175416,0.8494457411744992,0.3551624477976099,0.31732434546397575,-0.7108851094869225,-1.0,0.8849206349206349,-0.6991282894521699,0.012308023701683496,1.5,2.095903274289385,1.2971637016276214,1.3994401846927802,1.1563684931318008,1.360351109085234,1.0,0.18056633242836811,1.13939478256885,1.0,2.341078221034677,2.5953233237265665,2.2746104149130435,-0.5680436705367541,0.11352160673242392,0.0,0.0,-0.4,0.0,-0.32365668390976504,0.0,0.0,-0.2857142857142857,0.0,0.0,-0.6309297535714572,-0.3333333333333333,0.0,Exploits,1
1.1435714115242703,113,9,4,1.610034999020141,1.110385368881512,1.72336028197549,0.42178195165877125,-0.3930714919968306,-1.1614583333333333,0.0,-0.08269259117998813,0.2896906102224196,2.1239637567217926,2.0000000000000004,0.6173199052422973,0.7502619157306133,0.8096219592454621,0.7699892587529507,1.0,1.1147856670518823,0.07425520470504392,1.0,0.00844505522630756,0.014286644711627534,0.0033800291038544057,4.10681886291924,0.13062478370534697,0.0,0.0,-0.3,-1.0,0.22963807175534715,0.4425070493497599,0.0,-0.2857142857142857,0.0,0.0,0.0,-0.2222222222222222,0.0,Normal,0
1.3874480253527868,113,6,4,0.9104325977592882,0.6115100544329425,1.1523097780379599,0.19136523758359178,-0.5622876604951849,0.0,0.8849206349206349,-0.2770227691202471,0.09667359759372783,1.403677461028802,1.4649735207179273,0.9411366577884491,1.1100821215287207,0.9433912101822489,0.97724408313226,1.0,0.40003619843349875,1.4778366795726587,1.0,1.7062393388354666,2.2229349749958125,1.3390321645124696,3.476583963585708,0.05639805666657745,0.0,0.0,-0.3,0.0,-0.32365668390976504,0.0,0.0,-0.2857142857142857,0.0,0.0,-0.2618595071429149,-0.3333333333333333,0.0,Fuzzers,1
5.494537120336072,113,2,4,1.3270551433692541,0.9739269860153767,0.47095824653517826,0.34374259857814393,-0.7758575797357317,-1.0,0.8849206349206349,-0.7760303851333638,-0.06569875459015662,1.5,2.095903274289385,1.448390040576911,1.5647798851719987,1.280479288689705,1.5585712435065286,1.0,0.8985935561260336,1.3174447883170897,1.0,1.8170785385170227,1.6375906354990881,2.0414332469144427,-0.671091681662639,0.08511298928516586,0.0,0.0,-0.4,0.0,-0.32365668390976504,0.0,0.0,-0.14285714285714285,0.6931471805599453,0.0,-0.6309297535714572,-0.3333333333333333,0.0,Exploits,1
-0.008305829395579967,119,6,5,-0.34836848541674165,-0.45815690999132613,-0.6540023010292416,-0.7445687201666262,0.4383153396651112,0.0,-0.11507936507936507,0.468975242099144,-0.7475927608105515,0.0,0.0,-0.07850501908545554,-0.001722195177383939,-0.08835805347908927,0.0,0.0,0.0,0.0,0.0,0.0,0.0,0.0,-0.6017427710050841,-0.8459607780457364,0.0,0.0,-0.2,1.0,-0.32365668390976504,0.0,0.0,-0.14285714285714285,0.0,0.0,-0.6309297535714572,-0.2222222222222222,0.0,Fuzzers,1
-0.008319273536993108,118,6,5,-0.34836848541674165,-0.45815690999132613,-0.3913767846054552,-0.7445687201666262,0.6200559375313737,0.0,-0.11507936507936507,0.7139069348750571,-0.7475927608105515,0.0,0.0,-0.08021654507559085,-0.001722195177383939,-0.08835805347908927,0.0,0.0,0.0,0.0,0.0,0.0,0.0,0.0,0.5607860785898678,-0.8459607780457364,0.0,0.0,0.2,1.0,0.4077591983577853,1.0,1.5,0.5714285714285714,0.0,0.0,0.5093842420185072,0.3333333333333333,0.0,Exploits,1
0.0890491457957349,113,6,4,1.4349593957967595,1.110385368881512,0.6350269588038265,0.7001257078797782,-0.07725372684752617,-1.1614583333333333,0.0,-0.07553942446054661,0.7594074319057339,1.5,2.4649735207179275,0.13044142798256103,0.1990748263813346,0.4670960987126056,0.9124920506905537,1.0,0.4438324641770781,1.5484064923429122,1.0,0.008470218311425495,0.014532429826888894,0.0032201741316886363,-0.23378958374346237,0.5607033631640681,0.0,0.0,0.4,-1.0,0.22963807175534715,0.0,0.0,-0.14285714285714285,0.0,0.0,0.2031140135750122,-0.2222222222222222,0.0,Normal,0
-0.008317352939600908,119,1,5,-0.34836848541674165,-0.45815690999132613,-0.6172090301216083,-0.7445687201666262,0.5710626891769315,0.0,-0.11507936507936507,0.6040869325983536,-0.7475927608105515,0.0,0.0,-0.07997131065090231,-0.001722195177383939,-0.08835805347908927,0.0,0.0,0.0,0.0,0.0,0.0,0.0,0.0,-0.43921392141013216,-0.8459607780457364,0.0,0.0,1.9,1.0,1.6924698362904478,2.75647079736603,11.5,3.0,0.0,0.0,1.6680875342929389,2.2222222222222223,0.0,Generic,1
1.090559276366004,113,6,4,0.5377054001731342,0.45815690999132636,0.6308705489734856,0.09828264867786968,-0.5865861602675749,0.0,0.8849206349206349,-0.391972009556429,0.059538485258018546,0.792481250360578,0.6309297535714575,1.0092375666882494,1.132441813211634,0.9918181349227132,1.0257454790764875,1.0,0.6813267553270349,0.43243831870053917,1.0,1.5556546372481084,2.2783950947395315,0.9957366485963459,2.2162867280035323,0.0,0.0,0.0,0.0,0.0,0.0,0.4425070493497599,0.5,0.14285714285714285,0.0,0.0,0.0,0.0,0.0,Fuzzers,1
-0.008305829395579967,119,6,5,-0.34836848541674165,-0.45815690999132613,0.28376728490485664,-0.7445687201666262,0.4383153396651112,0.0,-0.11507936507936507,0.7331193743721268,-0.7475927608105515,0.0,0.0,-0.07850501908545554,-0.001722195177383939,-0.08835805347908927,0.0,0.0,0.0,0.0,0.0,0.0,0.0,0.0,3.5630266656342484,-0.8459607780457364,0.0,0.0,3.0,1.0,1.03713393259921,1.8604881976177823,0.0,4.571428571428571,0.0,0.0,0.9207988315012231,3.4444444444444446,0.0,Normal,0
-0.006111854451920478,119,1,2,-0.34836848541674165,0.0,-0.5583955477878929,-0.011689495632726133,-0.015174252197660052,-1.1614583333333333,0.0,-0.05466655681220935,0.5770455690536367,0.0,0.0,-0.07801819221278322,0.00024505012330295245,-0.08835805347908927,0.0,0.0,0.0,0.0,0.0,0.0,0.0,0.0,-0.1791536031035335,0.13604533588669487,0.0,0.0,-0.2,-1.0,0.6763433160902349,0.0,0.0,-0.14285714285714285,0.0,0.0,0.9207988315012231,-0.1111111111111111,0.0,Normal,0
-0.008315432344129296,119,6,5,-0.34836848541674165,-0.45815690999132613,0.28300847213190833,-0.7445687201666262,0.5363014692156571,0.0,-0.11507936507936507,0.8249461566873861,-0.7475927608105515,0.0,0.0,-0.07972632060535206,-0.001722195177383939,-0.08835805347908927,0.0,0.0,0.0,0.0,0.0,0.0,0.0,0.0,3.559647378078725,-0.8459607780457364,0.0,0.0,1.7,1.0,0.6763433160902349,1.367211219012335,0.0,2.7142857142857144,0.0,0.0,0.6309297535714571,2.0,0.0,Normal,0
0.7597005660543061,113,6,4,0.5377054001731342,0.3533506529659227,0.004561481689690244,0.05846526410373137,-0.5486466624373769,0.0,0.8849206349206349,-0.5166016280403436,0.0721675502534289,0.792481250360578,0.6309297535714575,0.9067773563932437,1.106385495046759,0.9233336165907972,1.041990380777001,1.0,1.7482947985009394,1.3708375953196072,1.0,1.115974852485806,1.3799625436534224,0.9152396862958151,-0.5680436705367541,0.004884408081456099,0.0,0.0,-0.1,0.0,0.0,0.0,0.0,-0.2857142857142857,0.0,0.0,0.0,-0.2222222222222222,0.0,Normal,0
4.193780980228743,113,6,6,0.5377054001731342,-0.45815690999132613,-0.0645178414919942,-0.7445687201666262,-0.8737998046498576,0.0,-0.11507936507936507,-0.8512653042800453,-0.7475927608105515,1.6609640474436813,0.0,1.5862914188163986,-0.001722195177383939,0.8237142613343638,0.0,1.0,0.0,0.0,0.0,0.0,0.0,0.0,-0.8571173182969516,-0.8459607780457364,0.0,0.0,2.4,5.0,1.6924698362904478,0.4425070493497599,0.5,3.4285714285714284,0.0,0.0,1.6680875342929389,2.5555555555555554,0.0,Normal,0
-0.008313511750578272,119,1,5,-0.34836848541674165,-0.45815690999132613,-0.6172090301216083,-0.7445687201666262,0.5093385986249094,0.0,-0.11507936507936507,0.5461086388303764,-0.7475927608105515,0.0,0.0,-0.07948157445237129,-0.001722195177383939,-0.08835805347908927,0.0,0.0,0.0,0.0,0.0,0.0,0.0,0.0,-0.43921392141013216,-0.8459607780457364,0.0,0.0,1.9,1.0,1.4302461952399894,2.3979556934315798,8.0,3.0,0.0,0.0,1.4182843521034598,2.2222222222222223,0.0,Generic,1
-0.006320970586282564,119,1,2,-0.34836848541674165,0.0,-0.5179170842831736,0.0,-0.0031680835765283133,-1.1614583333333333,0.0,-0.031943705756961295,0.595168831491625,0.0,0.0,-0.07850501908545554,-0.001228912338042096,-0.08835805347908927,0.0,0.0,0.0,0.0,0.0,0.0,0.0,0.0,0.0,0.1540392219542636,0.0,0.0,-0.3,-1.0,0.8769514395748775,0.0,0.0,-0.2857142857142857,0.0,0.0,-0.2618595071429149,-0.2222222222222222,0.0,Normal,0
-0.00830967056923797,119,1,5,-0.34836848541674165,-0.45815690999132613,-0.6172090301216083,-0.7445687201666262,0.4686820524374373,0.0,-0.11507936507936507,0.5079193111961406,-0.7475927608105515,0.0,0.0,-0.07899281188509567,-0.001722195177383939,-0.08835805347908927,0.0,0.0,0.0,0.0,0.0,0.0,0.0,0.0,-0.43921392141013216,-0.8459607780457364,0.0,0.0,1.3,1.0,1.4734045760589989,2.456962315881736,8.5,2.142857142857143,0.0,0.0,1.4182843521034598,1.5555555555555556,0.0,Generic,1
6.458694741785801,78,6,5,0.9786866579525125,-0.45815690999132613,0.21537488020060128,-0.7445687201666262,-0.9029622500966613,0.0,-0.11507936507936507,-0.9096347711043677,-0.7475927608105515,0.0,0.0,1.7130156235714205,-0.001722195177383939,0.8494301526967516,0.0,0.0,0.0,0.0,0.0,0.0,0.0,0.0,-0.8571173182969516,-0.8459607780457364,0.0,0.0,-0.4,1.0,-0.32365668390976504,0.0,0.0,-0.2857142857142857,0.0,0.0,-0.6309297535714572,-0.3333333333333333,0.0,Exploits,1
1.9226557740354415,113,2,4,0.6516315145832584,0.6115100544329425,0.6469371486767272,0.19220832064903914,-0.6443456966602249,0.0,0.8849206349206349,-0.47716240926092934,0.04897225887469435,1.0,1.4649735207179273,1.1647669357847443,1.235172190848401,1.0903590233167562,1.2083251886203856,1.0,1.426901389317389,1.1573395641245574,1.0,2.0422534669293038,2.4711994651355385,1.7884762104575114,1.9561035453916404,0.05639805666657745,0.0,0.0,-0.3,0.0,0.0,0.0,0.0,-0.14285714285714285,0.0,0.0,-0.2618595071429149,-0.2222222222222222,0.0,Fuzzers,1
-0.008305829395579967,119,1,5,-0.34836848541674165,-0.45815690999132613,-0.6172090301216083,-0.7445687201666262,0.4383153396651112,0.0,-0.11507936507936507,0.479395323795663,-0.7475927608105515,0.0,0.0,-0.07850501908545554,-0.001722195177383939,-0.08835805347908927,0.0,0.0,0.0,0.0,0.0,0.0,0.0,0.0,-0.43921392141013216,-0.8459607780457364,0.0,0.0,1.5,1.0,1.4302461952399894,2.335575477358633,7.5,2.4285714285714284,0.0,0.0,1.3170424160196508,1.7777777777777777,0.0,Generic,1
-0.008305829395579967,119,1,5,-0.34836848541674165,-0.45815690999132613,-0.6172090301216083,-0.7445687201666262,0.4383153396651112,0.0,-0.11507936507936507,0.479395323795663,-0.7475927608105515,0.0,0.0,-0.07850501908545554,-0.001722195177383939,-0.08835805347908927,0.0,0.0,0.0,0.0,0.0,0.0,0.0,0.0,-0.43921392141013216,-0.8459607780457364,0.0,0.0,2.5,1.0,1.7237772057925873,2.7992745841871196,12.0,3.857142857142857,0.0,0.0,1.703787765901335,2.888888888888889,0.0,Generic,1
-0.008315432344129296,97,6,5,-0.34836848541674165,-0.45815690999132613,0.07767043362085868,-0.7445687201666262,0.5363014692156571,0.0,-0.11507936507936507,0.7672519657432083,-0.7475927608105515,0.0,0.0,-0.07972632060535206,-0.001722195177383939,-0.08835805347908927,0.0,0.0,0.0,0.0,0.0,0.0,0.0,0.0,2.645457970213521,-0.8459607780457364,0.0,0.0,-0.3,1.0,0.0,0.4425070493497599,0.5,-0.14285714285714285,0.0,0.0,-0.2618595071429149,-0.2222222222222222,0.0,Exploits,1
-0.006276843268082682,119,1,2,-0.34836848541674165,0.0,-0.5179170842831736,0.0,-0.0058027676275516915,-1.1614583333333333,0.0,-0.03441935804666833,0.5929886151197628,0.0,0.0,-0.07850501908545554,-0.0007366131141869122,-0.08835805347908927,0.0,0.0,0.0,0.0,0.0,0.0,0.0,0.0,0.0,0.1540392219542636,0.0,0.0,-0.4,-1.0,0.5532947556651122,0.0,0.0,-0.2857142857142857,0.0,0.0,0.0,-0.3333333333333333,0.0,Normal,0
1.404449164682537,78,6,5,1.4674403648746575,-0.45815690999132613,0.5152140801470975,-0.7445687201666262,-0.5237188469637374,0.0,-0.11507936507936507,-0.45404276939558313,-0.7475927608105515,0.0,0.0,0.7341221342665452,-0.001722195177383939,0.3354585467399553,0.0,0.0,0.0,0.0,0.0,0.0,0.0,0.0,-0.8571173182969516,-0.8459607780457364,0.0,0.0,-0.4,1.0,-0.32365668390976504,0.0,0.0,-0.2857142857142857,0.0,0.0,-0.6309297535714572,-0.3333333333333333,0.0,Exploits,1
-0.008321194136305905,119,6,5,-0.34836848541674165,-0.45815690999132613,-0.6540023010292416,-0.7445687201666262,0.7038105267032175,0.0,-0.11507936507936507,0.7183584540180779,-0.7475927608105515,0.0,0.0,-0.08046202436744408,-0.001722195177383939,-0.08835805347908927,0.0,0.0,0.0,0.0,0.0,0.0,0.0,0.0,-0.6017427710050841,-0.8459607780457364,0.0,0.0,0.6,1.0,0.4077591983577853,0.4425070493497599,0.0,1.0,0.0,0.0,0.0,1.3333333333333333,0.0,Normal,0
1.328946635699629,113,4,4,0.7492222027586747,0.769769518893221,0.4685650615090426,0.5798381518925964,-0.5475101391175707,-1.1614583333333333,0.0,-0.4640670629033102,0.37620935578750947,1.0,1.6309297535714575,0.9915655118127517,1.0097761310008468,1.0563689266016856,1.8658976042446938,1.0,2.069929273364136,1.0123657967458608,1.0,0.0089734694526742,0.015215154657998338,0.0035627191306382747,0.8865069284623087,0.5626752627177299,0.6931471805599453,8.275121630216509,-0.1,-1.0,-0.32365668390976504,0.0,0.0,-0.2857142857142857,0.0,0.6931471805599453,-0.6309297535714572,-0.2222222222222222,0.0,Normal,0
0.7185119422254072,113,4,4,0.5377054001731342,0.45815690999132636,0.19794702599147473,0.29159372526945193,-0.5261538183142966,-1.0,0.8849206349206349,-0.45477077209082795,0.2460612896112338,0.792481250360578,1.0,0.8912240275946525,0.9692305447816266,0.9089664060989063,0.9189041411521202,1.0,0.03999592478509772,1.9746990006737504,1.0,1.6970667311832865,2.251408834435664,1.296668395079592,0.29177859857974164,0.29797526679494474,0.6931471805599453,5.579729825986222,-0.4,0.0,-0.32365668390976504,0.0,0.0,-0.2857142857142857,0.0,0.6931471805599453,-0.6309297535714572,-0.3333333333333333,0.0,Exploits,1
-0.008319273536993108,120,6,5,-0.34836848541674165,-0.45815690999132613,-0.3913767846054552,-0.7445687201666262,0.6200559375313737,0.0,-0.11507936507936507,0.7139069348750571,-0.7475927608105515,0.0,0.0,-0.08021654507559085,-0.001722195177383939,-0.08835805347908927,0.0,0.0,0.0,0.0,0.0,0.0,0.0,0.0,0.5607860785898678,-0.8459607780457364,0.0,0.0,1.0,1.0,0.4077591983577853,0.4425070493497599,0.5,0.0,0.0,0.0,0.7381404928570852,1.2222222222222223,0.0,Fuzzers,1
-0.00830390881163182,119,1,5,-0.34836848541674165,-0.45815690999132613,-0.6172090301216083,-0.7445687201666262,0.4255844927666367,0.0,-0.11507936507936507,0.4674369968872862,-0.7475927608105515,0.0,0.0,-0.07826148514739853,-0.001722195177383939,-0.08835805347908927,0.0,0.0,0.0,0.0,0.0,0.0,0.0,0.0,-0.43921392141013216,-0.8459607780457364,0.0,0.0,2.5,1.0,1.4302461952399894,2.3979556934315798,8.0,3.857142857142857,0.0,0.0,1.369070246428542,2.888888888888889,0.0,Generic,1
-0.008313511750578272,120,6,5,-0.34836848541674165,-0.45815690999132613,-0.3913767846054552,-0.7445687201666262,0.5093385986249094,0.0,-0.11507936507936507,0.6099086799000378,-0.7475927608105515,0.0,0.0,-0.07948157445237129,-0.001722195177383939,-0.08835805347908927,0.0,0.0,0.0,0.0,0.0,0.0,0.0,0.0,0.5607860785898678,-0.8459607780457364,0.0,0.0,-0.1,1.0,0.0,0.4425070493497599,0.5,0.14285714285714285,0.0,0.0,-0.2618595071429149,0.0,0.0,Exploits,1
0.7890505012354324,113,6,4,0.5377054001731342,0.45815690999132636,0.11270416034087932,0.09828264867786968,-0.5393336679314678,0.0,0.8849206349206349,-0.4913392779988412,0.10007465795813243,0.792481250360578,0.6309297535714575,0.9083615703013963,1.034468780861457,0.9455750834679475,1.0013822037116542,1.0,2.0718471474130142,0.2491598641446547,1.0,1.398099174142102,1.4943385008707868,1.3574622717488627,-0.07461131142544547,0.0,0.0,0.0,-0.4,0.0,0.5532947556651122,0.0,0.0,-0.2857142857142857,0.0,0.0,-0.6309297535714572,0.1111111111111111,0.0,Exploits,1
-0.006223124423008403,119,1,2,-0.34836848541674165,0.0,-0.5179170842831736,0.0,-0.00893450822072599,-1.1614583333333333,0.0,-0.03736208924112918,0.5903970663757757,0.0,0.0,-0.07850501908545554,-0.0014754305601802024,-0.08835805347908927,0.0,0.0,0.0,0.0,0.0,0.0,0.0,0.0,0.0,0.1540392219542636,0.0,0.0,-0.3,-1.0,0.0,0.0,0.0,-0.14285714285714285,0.0,0.0,-0.6309297535714572,-0.1111111111111111,0.0,Normal,0
-0.008313511750578272,119,1,5,-0.34836848541674165,-0.45815690999132613,-0.6172090301216083,-0.7445687201666262,0.5093385986249094,0.0,-0.11507936507936507,0.5461086388303764,-0.7475927608105515,0.0,0.0,-0.07948157445237129,-0.001722195177383939,-0.08835805347908927,0.0,0.0,0.0,0.0,0.0,0.0,0.0,0.0,-0.43921392141013216,-0.8459607780457364,0.0,0.0,2.8,1.0,1.937915070130067,3.0920462747246633,8.0,4.285714285714286,0.0,0.0,1.9743577627364342,3.2222222222222223,0.0,Generic,1
-0.00831159115894783,119,1,5,-0.34836848541674165,-0.45815690999132613,-0.6172090301216083,-0.7445687201666262,0.4873083417532429,0.0,-0.11507936507936507,0.5254152901574599,-0.7475927608105515,0.0,0.0,-0.0792370717068429,-0.001722195177383939,-0.08835805347908927,0.0,0.0,0.0,0.0,0.0,0.0,0.0,0.0,-0.43921392141013216,-0.8459607780457364,0.0,0.0,2.8,1.0,1.3846203144649547,2.335575477358633,7.5,4.285714285714286,0.0,0.0,1.3170424160196508,3.2222222222222223,0.0,Generic,1
-0.00830967056923797,119,6,5,-0.34836848541674165,-0.45815690999132613,-0.6540023010292416,-0.7445687201666262,0.4686820524374373,0.0,-0.11507936507936507,0.4974992320173583,-0.7475927608105515,0.0,0.0,-0.07899281188509567,-0.001722195177383939,-0.08835805347908927,0.0,0.0,0.0,0.0,0.0,0.0,0.0,0.0,-0.6017427710050841,-0.8459607780457364,0.0,0.0,0.6,1.0,0.5532947556651122,1.0,0.5,0.8571428571428571,0.0,0.0,0.36907024642854247,0.6666666666666666,0.0,Normal,0
1.686475216893857,113,4,4,0.5377054001731342,0.6115100544329425,0.16678286297500067,0.47779856270488114,-0.6318816284506161,-1.0,0.8849206349206349,-0.5910844370251015,0.2679565830174293,0.792481250360578,1.261859507142915,1.1645463549702912,1.188148195032086,1.0639625006978297,1.933149673421583,1.0,1.1184707534446305,0.07532041715850386,1.0,1.8826331621721355,1.717071359462207,2.102716565956135,0.1629488494531197,0.494781756372614,0.6931471805599453,7.595889917718538,-0.4,0.0,-0.32365668390976504,0.0,0.0,-0.2857142857142857,0.0,0.6931471805599453,-0.6309297535714572,-0.3333333333333333,0.0,Exploits,1
-0.008305829395579967,119,1,5,-0.34836848541674165,-0.45815690999132613,-0.6172090301216083,-0.7445687201666262,0.4383153396651112,0.0,-0.11507936507936507,0.479395323795663,-0.7475927608105515,0.0,0.0,-0.07850501908545554,-0.001722195177383939,-0.08835805347908927,0.0,0.0,0.0,0.0,0.0,0.0,0.0,0.0,-0.43921392141013216,-0.8459607780457364,0.0,0.0,2.8,1.0,1.3846203144649547,2.335575477358633,7.5,4.285714285714286,0.0,0.0,1.3170424160196508,3.2222222222222223,0.0,Generic,1
-0.008305829395579967,119,1,5,-0.34836848541674165,-0.45815690999132613,-0.6172090301216083,-0.7445687201666262,0.4383153396651112,0.0,-0.11507936507936507,0.479395323795663,-0.7475927608105515,0.0,0.0,-0.07850501908545554,-0.001722195177383939,-0.08835805347908927,0.0,0.0,0.0,0.0,0.0,0.0,0.0,0.0,-0.43921392141013216,-0.8459607780457364,0.0,0.0,1.4,1.0,1.5143487096880097,2.51294159473206,5.5,2.2857142857142856,0.0,0.0,1.4649735207179266,1.6666666666666667,0.0,Generic,1
-0.008305829395579967,119,6,5,-0.34836848541674165,-0.45815690999132613,-0.6540023010292416,-0.7445687201666262,0.4383153396651112,0.0,-0.11507936507936507,0.468975242099144,-0.7475927608105515,0.0,0.0,-0.07850501908545554,-0.001722195177383939,-0.08835805347908927,0.0,0.0,0.0,0.0,0.0,0.0,0.0,0.0,-0.6017427710050841,-0.8459607780457364,0.0,0.0,0.0,1.0,0.22963807175534715,0.7564707973660301,0.0,0.2857142857142857,0.0,0.0,1.8031852449677475,0.1111111111111111,0.0,Fuzzers,1
-0.008313511750578272,119,1,5,-0.34836848541674165,-0.45815690999132613,-0.6172090301216083,-0.7445687201666262,0.5093385986249094,0.0,-0.11507936507936507,0.5461086388303764,-0.7475927608105515,0.0,0.0,-0.07948157445237129,-0.001722195177383939,-0.08835805347908927,0.0,0.0,0.0,0.0,0.0,0.0,0.0,0.0,-0.43921392141013216,-0.8459607780457364,0.0,0.0,1.2,1.0,1.5532947556651122,2.3979556934315798,8.0,2.0,0.0,0.0,1.369070246428542,1.4444444444444444,0.0,Generic,1
-0.008315432344129296,119,6,5,-0.34836848541674165,-0.45815690999132613,0.5372727314801894,-0.7445687201666262,0.5363014692156571,0.0,-0.11507936507936507,0.8963496075559436,-0.7475927608105515,0.0,0.0,-0.07972632060535206,-0.001722195177383939,-0.08835805347908927,0.0,0.0,0.0,0.0,0.0,0.0,0.0,0.0,4.692257493601907,-0.8459607780457364,0.0,0.0,3.9,1.0,1.2847106379326627,2.19897784671579,0.0,5.857142857142857,0.0,0.0,1.203114013575012,4.444444444444445,0.0,Fuzzers,1
0.00204888921641383,113,6,4,1.0407268123902522,0.884218572951153,0.5488519681356184,0.37724086735355233,0.12500514527440565,-1.1614583333333333,0.0,0.15461232267033664,0.7587986349594347,1.403677461028802,1.7712437491614224,-0.027757143104612744,0.0457739025382031,0.25971531330795883,0.5447067289645672,1.0,0.5697195276371619,0.5751089952446751,1.0,0.00815567613262913,0.014423192270834346,0.0027406025021428845,0.4312950973329559,0.18616974288816254,0.0,0.0,0.1,-1.0,0.0,0.0,0.0,-0.2857142857142857,0.0,0.0,-0.6309297535714572,0.5555555555555556,0.0,Normal,0
2.563342396286212,113,2,4,1.0407268123902522,0.8494457411744992,0.31441634900335735,0.31785075612451097,-0.6284794813894276,-1.0,0.8849206349206349,-0.6209565214589872,0.091988770083951,1.5,2.095903274289385,1.1253329609832257,1.204471753754012,1.0319730204041773,1.8833387936409107,1.0,0.8677953874129505,1.0406834709130295,1.0,1.4477886736925156,1.4990981023143395,1.4484257762989163,-0.6017427710050841,0.11352160673242392,0.0,0.0,-0.4,0.0,0.0,0.0,0.0,-0.14285714285714285,0.6931471805599453,0.0,-0.2618595071429149,-0.3333333333333333,0.0,Exploits,1
1.2556364084043368,113,6,4,0.5377054001731342,0.45815690999132636,0.026627704067271322,0.09828264867786968,-0.6081426421853913,0.0,0.8849206349206349,-0.5828743940565555,0.04082249203127497,0.792481250360578,0.6309297535714575,1.0366528927123884,1.196944806498085,1.028849612857484,1.0676141746351715,1.0,0.8857739248417172,0.7623968458590088,1.0,1.099141406775497,1.0549466880621678,1.1548421944495495,-0.47056861402790745,0.0,0.0,0.0,-0.4,0.0,-0.32365668390976504,0.0,0.0,-0.2857142857142857,0.0,0.0,-0.6309297535714572,-0.2222222222222222,0.0,Reconnaissance,1
0.7393617640151355,113,6,4,0.8345798913950238,0.45815690999132636,1.2505452178815344,0.09828264867786968,-0.4944948688432254,0.0,0.8849206349206349,-0.15852952025029463,0.10788378198510287,1.292481250360578,0.6309297535714575,0.7768765987653866,1.0291213851323646,0.9091823785401126,0.9928684847851806,1.0,1.8557124485177448,1.698061498869932,1.0,0.5230626759908689,0.7209889369678936,0.3554156351473411,4.124213823065151,0.0,0.0,0.0,-0.4,0.0,-0.32365668390976504,0.0,0.0,-0.2857142857142857,0.0,0.0,-0.6309297535714572,-0.3333333333333333,0.0,Exploits,1
2.8589431354187784,113,2,4,1.097590688175416,0.8494457411744992,0.3500468432905212,0.31714844534487524,-0.646293105380282,-1.0,0.8849206349206349,-0.6335712524268605,0.07115661190953694,1.5,2.095903274289385,1.1527764941039935,1.2526751435919659,1.06371308466267,1.9454050853959037,1.0,1.1098006351013534,0.4339204592421875,1.0,1.5500010481625073,1.9441112976990804,1.2719468632277044,-0.6017427710050841,0.11352160673242392,0.0,0.0,-0.4,0.0,-0.32365668390976504,0.0,0.0,-0.2857142857142857,0.6931471805599453,0.0,-0.2618595071429149,-0.3333333333333333,0.0,Exploits,1
1.5040271855192524,113,6,4,1.6352960883485503,1.4230176173901914,0.7777374320242838,0.9006356380148498,-0.3866754207303395,-1.1614583333333333,0.0,-0.390775468911544,0.5867890028977591,1.5,3.311073612817833,0.7008934895816553,0.657686022020965,0.9839783671497832,1.7179013544100465,1.0,0.4105860065098047,0.41697226004527327,1.0,0.007186836843319185,0.012566086996819567,0.0025350687211678634,-0.1524442348363692,0.7014802241331785,0.0,0.0,0.1,-1.0,0.22963807175534715,0.4425070493497599,0.0,-0.14285714285714285,0.0,0.0,0.7381404928570852,0.1111111111111111,0.0,Normal,0
0.20930191009767063,113,6,4,1.7059078740998568,1.269664472948575,0.7772901584488766,0.808548697421471,-0.12972830661109763,-1.1614583333333333,0.0,-0.12953620098998486,0.752134999612458,1.5,2.9299470414358546,0.1944566994038007,0.26597368723344544,0.4999248538324827,0.9627592836668134,1.0,0.4406819760818525,1.5199842646842454,1.0,0.00906153633424286,0.015706705973782865,0.0033115199670677815,-0.34829468806360164,0.6417826042270843,0.0,0.0,-0.1,-1.0,0.6763433160902349,0.0,0.0,0.14285714285714285,0.0,0.0,0.2031140135750122,0.6666666666666666,0.0,Normal,0
2.7272431181679044,113,9,4,1.7059078740998568,0.9461145226208255,1.853361278407379,0.3605591285903098,-0.5604585913404108,-1.0,0.8849206349206349,-0.19861503077618303,0.11137155586581643,2.3774437510817346,2.0000000000000004,0.9020630202567913,1.1701638957975906,0.9886264554747065,1.07460799756372,1.0,0.27165387335218827,1.491794381514287,1.0,1.6654393263931695,1.8939850555095972,1.537960843080626,4.42842835702369,0.1278641069415126,0.0,0.0,-0.4,0.0,-0.32365668390976504,0.0,0.0,0.0,0.0,0.0,-0.6309297535714572,-0.3333333333333333,0.0,Exploits,1
1.5088310827997895,113,6,4,0.6516315145832584,0.45815690999132636,0.25632333298098203,0.2003774940433746,-0.6247065813617093,0.0,0.8849206349206349,-0.5454420454554502,0.08638097447509019,1.0,1.0,1.070961631784555,1.264090719551653,1.0585490789566667,1.2270027025620727,1.0,1.010685782722975,1.9263446743287327,1.0,1.0291339032997995,0.8233607403685066,1.2138485922536832,0.22851423430855478,0.1564948449685974,0.0,0.0,-0.3,0.0,0.0,0.4425070493497599,0.0,-0.14285714285714285,0.0,0.0,-0.2618595071429149,-0.2222222222222222,0.0,Normal,0
1.9689713827545428,113,6,4,0.6516315145832584,0.5418430900086738,0.2667354172271011,0.2200145800600811,-0.6587442028075238,0.0,0.8849206349206349,-0.588182905381812,0.06272204718638902,1.0,1.0,1.1739951727088196,1.2935138862857702,1.0678581617099354,1.1780685058959566,1.0,1.6673498088217193,1.6706071332938652,1.0,2.294798402292299,2.586973125007711,2.190039190702433,0.27093617704673073,0.1387068242437871,0.0,0.0,-0.2,0.0,0.0,0.0,0.0,-0.2857142857142857,0.0,0.0,-0.2618595071429149,-0.3333333333333333,0.0,Fuzzers,1
-0.008305829395579967,119,1,5,-0.34836848541674165,-0.45815690999132613,-0.6172090301216083,-0.7445687201666262,0.4383153396651112,0.0,-0.11507936507936507,0.479395323795663,-0.7475927608105515,0.0,0.0,-0.07850501908545554,-0.001722195177383939,-0.08835805347908927,0.0,0.0,0.0,0.0,0.0,0.0,0.0,0.0,-0.43921392141013216,-0.8459607780457364,0.0,0.0,1.8,1.0,1.3846203144649547,2.335575477358633,7.5,2.857142857142857,0.0,0.0,1.3170424160196508,2.111111111111111,0.0,Generic,1
-0.008305829395579967,2,6,5,-0.34836848541674165,-0.45815690999132613,-0.3913767846054552,-0.7445687201666262,0.4383153396651112,0.0,-0.11507936507936507,0.5431953692758632,-0.7475927608105515,0.0,0.0,-0.07850501908545554,-0.001722195177383939,-0.08835805347908927,0.0,0.0,0.0,0.0,0.0,0.0,0.0,0.0,0.5607860785898678,-0.8459607780457364,0.0,0.0,0.0,1.0,-0.32365668390976504,0.0,0.0,0.2857142857142857,0.0,0.0,-0.6309297535714572,0.1111111111111111,0.0,Analysis,1
-0.008315432344129296,119,1,5,-0.34836848541674165,-0.45815690999132613,-0.6172090301216083,-0.7445687201666262,0.5363014692156571,0.0,-0.11507936507936507,0.571435250794517,-0.7475927608105515,0.0,0.0,-0.07972632060535206,-0.001722195177383939,-0.08835805347908927,0.0,0.0,0.0,0.0,0.0,0.0,0.0,0.0,-0.43921392141013216,-0.8459607780457364,0.0,0.0,0.5,1.0,0.7829328274204592,1.51294159473206,1.5,0.5714285714285714,0.0,0.0,0.7381404928570852,0.6666666666666666,0.0,Generic,1
-0.008307749981448684,119,6,5,-0.34836848541674165,-0.45815690999132613,-0.6540023010292416,-0.7445687201666262,0.45254724258694085,0.0,-0.11507936507936507,0.482343526365123,-0.7475927608105515,0.0,0.0,-0.07874879450489872,-0.001722195177383939,-0.08835805347908927,0.0,0.0,0.0,0.0,0.0,0.0,0.0,0.0,-0.6017427710050841,-0.8459607780457364,0.0,0.0,-0.1,1.0,0.22963807175534715,0.4425070493497599,0.0,0.2857142857142857,0.0,0.0,0.0,0.0,0.0,Fuzzers,1
0.025670462308818597,113,6,4,0.8345798913950238,0.769769518893221,0.4324341822099622,0.318375243233886,-0.056600913068028245,-1.1614583333333333,0.0,-0.015552354934770248,0.5970692702399764,1.160964047443681,1.4649735207179273,0.10965125502268626,0.17222332123888606,0.45093115065118294,0.24045348128607605,1.0,1.4712119392031497,0.41189210161259976,1.0,0.007098756847227663,0.012675331977597704,0.0022838582548274514,0.4879337673292106,0.1589236300357197,0.0,0.0,0.2,-1.0,0.4077591983577853,0.7564707973660301,0.0,0.0,0.0,0.0,0.2031140135750122,0.2222222222222222,0.0,Normal,0
-0.008321194136305905,117,6,5,-0.34836848541674165,-0.45815690999132613,-0.3913767846054552,-0.7445687201666262,0.7038105267032175,0.0,-0.11507936507936507,0.7925785779207821,-0.7475927608105515,0.0,0.0,-0.08046202436744408,-0.001722195177383939,-0.08835805347908927,0.0,0.0,0.0,0.0,0.0,0.0,0.0,0.0,0.5607860785898678,-0.8459607780457364,0.0,0.0,0.8,1.0,0.4077591983577853,1.0,1.5,1.4285714285714286,0.0,0.0,0.5093842420185072,1.0,0.0,Exploits,1
-0.00630754042558981,119,1,2,-0.34836848541674165,0.0,-0.5179170842831736,0.0,-0.003976041655208718,-1.1614583333333333,0.0,-0.03270289717449833,0.5945002437319014,0.0,0.0,-0.07850501908545554,-0.0002452935909269949,-0.08835805347908927,0.0,0.0,0.0,0.0,0.0,0.0,0.0,0.0,0.0,0.1540392219542636,0.0,0.0,-0.4,-1.0,0.0,0.0,0.0,-0.2857142857142857,0.0,0.0,0.2031140135750122,-0.3333333333333333,0.0,Normal,0
2.306496851157325,113,9,4,1.0407268123902522,0.8494457411744992,0.6799867303062107,0.33468855320206836,-0.6072834095514139,-1.0,0.8849206349206349,-0.49725616101188724,0.12230850621906937,1.5849625007211563,2.0000000000000004,1.0800141475250522,1.154779394489659,1.0009281722743268,1.0430473958666149,1.0,0.12746095045002148,1.7390778592921798,1.0,1.9014938383982476,2.22986105793614,1.7154975376601729,1.0158503830726804,0.1413368149576243,0.0,0.0,-0.4,0.0,0.0,0.0,0.0,-0.2857142857142857,0.0,0.0,0.2031140135750122,-0.3333333333333333,0.0,Exploits,1
0.9586560874533958,113,6,4,0.5377054001731342,0.3533506529659227,0.004561481689690244,0.05846526410373137,-0.5819460121853772,0.0,0.8849206349206349,-0.5490618254114302,0.04358592410266342,0.792481250360578,0.6309297535714575,0.9646412730064171,1.1597246394921192,0.9659006352348254,1.071960463771474,1.0,1.4868967045586556,0.9027362028925952,1.0,2.1412995333222553,2.785763968861998,1.7168534698569615,-0.5680436705367541,0.004884408081456099,0.0,0.0,-0.1,0.0,0.22963807175534715,0.4425070493497599,0.0,0.14285714285714285,0.0,0.0,0.0,0.0,0.0,Normal,0
0.007188242308042511,119,6,2,0.0,0.21303083147991342,0.029480958153664708,0.08020956229320896,-0.1485012262871016,-1.1614583333333333,0.0,-0.06450581508330053,0.486799638864812,0.0,0.0,0.22046748107866485,0.28688177866514775,0.09838147492683755,0.2956382359342254,0.0,0.0,0.0,0.0,0.0,0.0,0.0,1.1876802819286516,0.12506870377373006,0.0,0.0,0.3,-1.0,0.5532947556651122,0.0,0.0,0.14285714285714285,0.0,0.0,0.0,1.0,0.0,Normal,0
1.7154777994508588,113,6,4,0.6516315145832584,0.5418430900086738,0.543303366412407,0.21932033696916614,-0.6347797634387257,0.0,0.8849206349206349,-0.48625404931693295,0.08353201851393781,1.0,1.0,1.1166749513161043,1.2394577762438046,1.0440112959366885,1.184707482940801,1.0,1.7456712117581132,1.5488202638666857,1.0,1.8903065073481373,2.350796713782572,1.5913008656063745,1.499489945792001,0.13604533588669487,0.0,0.0,-0.4,0.0,-0.32365668390976504,0.0,0.0,-0.2857142857142857,0.0,0.0,1.630929753571457,-0.3333333333333333,0.0,Fuzzers,1
0.9085770595940634,113,4,4,0.5377054001731342,0.45815690999132636,0.19037820460483681,0.27907591150386285,-0.5595805390727504,-1.0,0.8849206349206349,-0.48921520156927467,0.2088038429941095,0.792481250360578,1.0,0.9601899900525944,1.0797499695377972,0.945834982493846,0.9932154942428613,1.0,1.3499668298086762,0.532629742859242,1.0,1.8966324153681766,1.569386681874701,2.2487316970028615,0.27093617704673073,0.27769692656495726,0.6931471805599453,5.303304908059076,-0.4,0.0,-0.32365668390976504,0.0,0.0,-0.2857142857142857,0.0,0.6931471805599453,-0.2618595071429149,-0.3333333333333333,0.0,DoS,1
0.9990272452765524,113,6,4,0.5377054001731342,0.3533506529659227,0.0502619203761021,0.05846526410373137,-0.5879955680061577,0.0,0.8849206349206349,-0.5420782212556351,0.03835945085487842,0.792481250360578,0.6309297535714575,0.9774956459850621,1.19487026819495,0.957038548446955,1.1132844782424032,1.0,0.22862791038866126,0.8623358039968635,1.0,1.912162897333254,1.540554332071445,2.30149238680803,-0.34829468806360164,0.004884408081456099,0.0,0.0,0.0,0.0,0.0,0.4425070493497599,0.0,0.14285714285714285,0.0,0.0,0.0,0.4444444444444444,0.0,Normal,0
-0.008319273536993108,119,1,5,-0.34836848541674165,-0.45815690999132613,-0.6172090301216083,-0.7445687201666262,0.6200559375313737,0.0,-0.11507936507936507,0.6501068934843124,-0.7475927608105515,0.0,0.0,-0.08021654507559085,-0.001722195177383939,-0.08835805347908927,0.0,0.0,0.0,0.0,0.0,0.0,0.0,0.0,-0.43921392141013216,-0.8459607780457364,0.0,0.0,2.8,1.0,1.937915070130067,3.0920462747246633,8.0,4.285714285714286,0.0,0.0,1.9479721695911079,3.2222222222222223,0.0,Generic,1
-0.00830390881163182,119,1,5,-0.34836848541674165,-0.45815690999132613,-0.6172090301216083,-0.7445687201666262,0.4255844927666367,0.0,-0.11507936507936507,0.4674369968872862,-0.7475927608105515,0.0,0.0,-0.07826148514739853,-0.001722195177383939,-0.08835805347908927,0.0,0.0,0.0,0.0,0.0,0.0,0.0,0.0,-0.43921392141013216,-0.8459607780457364,0.0,0.0,0.5,1.0,0.22963807175534715,0.7564707973660301,1.0,0.0,0.0,0.0,0.5093842420185072,0.6666666666666666,0.0,Generic,1
1.3933826952526924,113,6,4,0.9104325977592882,0.8115075629572489,0.2643563098413691,0.45185309610435703,-0.5344835434168378,-1.0,0.8849206349206349,-0.5269252824274012,0.2810800445077579,1.403677461028802,2.0000000000000004,0.9425823692876428,0.9769617620383525,0.922317096034507,1.6516874959264767,1.0,1.8498507955430472,1.5135660075767017,1.0,1.0345507794702664,1.3692574416932703,0.7692509160688406,-0.47056861402790745,0.34127482598209097,0.0,0.0,0.3,0.0,-0.32365668390976504,0.0,0.0,-0.2857142857142857,0.0,0.0,0.0,-0.3333333333333333,0.0,Exploits,1
0.16223328061732686,113,6,4,1.7059078740998568,1.269664472948575,0.7772901584488766,0.7955258024189805,-0.0988020070565319,-1.1614583333333333,0.0,-0.10046151020730845,0.7686710113505898,1.5,2.9299470414358546,0.15119183118362564,0.22589379275894095,-0.08835805347908927,0.9268188468772872,1.0,1.8508732985293854,0.816749058017461,1.0,0.007715303879844865,0.013631206928548576,0.0026035801870031208,-0.34829468806360164,0.6216443671549435,0.0,0.0,-0.4,-1.0,0.22963807175534715,0.0,0.0,-0.2857142857142857,0.0,0.0,-0.6309297535714572,0.4444444444444444,0.0,Normal,0
-0.008307749981448684,119,6,5,-0.34836848541674165,-0.45815690999132613,0.5515979822007735,-0.7445687201666262,0.45254724258694085,0.0,-0.11507936507936507,0.8217000100881287,-0.7475927608105515,0.0,0.0,-0.07874879450489872,-0.001722195177383939,-0.08835805347908927,0.0,0.0,0.0,0.0,0.0,0.0,0.0,0.0,4.7560818359434505,-0.8459607780457364,0.0,0.0,0.1,1.0,-0.32365668390976504,0.0,0.0,0.14285714285714285,0.0,0.0,-0.6309297535714572,0.0,0.0,Fuzzers,1
0.40234823060513664,113,4,4,0.5377054001731342,0.3533506529659227,0.0502619203761021,0.05846526410373137,-0.46317872671538624,0.0,0.8849206349206349,-0.42153649701259394,0.14450130375375153,0.792481250360578,0.6309297535714575,0.7231428827602321,0.9366211642362974,0.8225682730000743,0.8944781801370972,1.0,1.1773413399799062,0.8106010592501097,1.0,1.2586816915937014,0.5340916860469557,1.8717672179787037,-0.34829468806360164,0.004884408081456099,0.6931471805599453,0.0,0.7,0.0,0.4077591983577853,1.0,0.0,1.2857142857142858,0.0,0.6931471805599453,0.2031140135750122,0.8888888888888888,0.0,Normal,0
-0.008305829395579967,119,1,5,-0.34836848541674165,-0.45815690999132613,-0.6172090301216083,-0.7445687201666262,0.4383153396651112,0.0,-0.11507936507936507,0.479395323795663,-0.7475927608105515,0.0,0.0,-0.07850501908545554,-0.001722195177383939,-0.08835805347908927,0.0,0.0,0.0,0.0,0.0,0.0,0.0,0.0,-0.43921392141013216,-0.8459607780457364,0.0,0.0,2.5,1.0,1.2847106379326627,2.19897784671579,6.5,3.857142857142857,0.0,0.0,1.203114013575012,2.888888888888889,0.0,Generic,1
0.7495910943387312,113,6,4,0.5377054001731342,0.3533506529659227,0.007574136880770368,0.05846526410373137,-0.5467676693463488,0.0,0.8849206349206349,-0.5138396702575962,0.07377198936649929,0.792481250360578,0.0,2.1975566616276625,2.412283646107647,1.6601939091613862,2.206338797666471,1.0,0.9699932563494111,0.3991298731495828,1.0,1.5690773025535172,1.3423202397435747,1.8079400747064729,-0.5349629372098051,0.004884408081456099,0.0,0.0,0.7,0.0,0.0,0.4425070493497599,0.5,-0.14285714285714285,0.0,0.0,0.0,0.2222222222222222,0.0,Fuzzers,1
-0.008301988229604236,119,1,5,-0.34836848541674165,-0.45815690999132613,-0.6172090301216083,-0.7445687201666262,0.414068041885026,0.0,-0.11507936507936507,0.4566193649962678,-0.7475927608105515,0.0,0.0,-0.07801819221278322,-0.001722195177383939,-0.08835805347908927,0.0,0.0,0.0,0.0,0.0,0.0,0.0,0.0,-0.43921392141013216,-0.8459607780457364,0.0,0.0,0.9,1.0,0.6763433160902349,1.367211219012335,1.0,0.42857142857142855,0.0,0.0,0.6309297535714571,1.1111111111111112,0.0,Generic,1
1.046069042204137,113,4,4,0.5377054001731342,0.45815690999132636,0.14280088243301392,0.38719389459553505,-0.5803388579951748,-1.0,0.8849206349206349,-0.5229022076458254,0.2662631933974329,0.792481250360578,1.0,1.00350585528967,1.1188465299065375,0.9733469537894668,1.044746287797099,1.0,0.9922208580471252,1.1951869458487114,1.0,1.7454828254222463,2.1731666936982417,1.4582414786193985,0.04807883279836151,0.44479214607830847,0.6931471805599453,6.816735880594968,-0.4,0.0,-0.32365668390976504,0.0,0.0,-0.2857142857142857,0.0,0.6931471805599453,-0.2618595071429149,-0.3333333333333333,0.0,Exploits,1
-0.008317352939600908,119,1,5,-0.34836848541674165,-0.45815690999132613,-0.6172090301216083,-0.7445687201666262,0.5710626891769315,0.0,-0.11507936507936507,0.6040869325983536,-0.7475927608105515,0.0,0.0,-0.07997131065090231,-0.001722195177383939,-0.08835805347908927,0.0,0.0,0.0,0.0,0.0,0.0,0.0,0.0,-0.43921392141013216,-0.8459607780457364,0.0,0.0,1.2,1.0,1.4734045760589989,2.3979556934315798,8.0,2.0,0.0,0.0,1.4182843521034598,1.4444444444444444,0.0,Generic,1
0.7852375348923896,113,6,4,0.5377054001731342,0.3533506529659227,0.02375417802346028,0.05846526410373137,-0.5533009841431393,0.0,0.8849206349206349,-0.5158183361467839,0.06818979557318962,0.792481250360578,0.6309297535714575,0.9168921175321262,1.04748614962405,0.91793277269444,1.0028922495124861,1.0,0.20645958276553705,1.7043739186126594,1.0,2.3988692847421746,3.641607921550581,1.4883480732446235,-0.47056861402790745,0.004884408081456099,0.0,0.0,0.0,0.0,-0.32365668390976504,0.0,0.0,0.2857142857142857,0.0,0.0,-0.6309297535714572,0.1111111111111111,0.0,Fuzzers,1
-0.008301988229604236,119,1,5,-0.34836848541674165,-0.45815690999132613,-0.6172090301216083,-0.7445687201666262,0.414068041885026,0.0,-0.11507936507936507,0.4566193649962678,-0.7475927608105515,0.0,0.0,-0.07801819221278322,-0.001722195177383939,-0.08835805347908927,0.0,0.0,0.0,0.0,0.0,0.0,0.0,0.0,-0.43921392141013216,-0.8459607780457364,0.0,0.0,1.3,1.0,0.7829328274204592,1.51294159473206,1.0,0.5714285714285714,0.0,0.0,0.6309297535714571,1.5555555555555556,0.0,Generic,1
-0.008305829395579967,119,6,5,-0.34836848541674165,-0.45815690999132613,-0.4615104146933044,-0.7445687201666262,0.4383153396651112,0.0,-0.11507936507936507,0.5234063984755704,-0.7475927608105515,0.0,0.0,-0.07850501908545554,-0.001722195177383939,-0.08835805347908927,0.0,0.0,0.0,0.0,0.0,0.0,0.0,0.0,0.2498499789758582,-0.8459607780457364,0.0,0.0,-0.4,1.0,-0.32365668390976504,0.0,0.0,-0.14285714285714285,0.0,0.0,-0.6309297535714572,-0.3333333333333333,0.0,Reconnaissance,1
-0.008307749981448684,119,1,5,-0.34836848541674165,-0.45815690999132613,-0.6172090301216083,-0.7445687201666262,0.45254724258694085,0.0,-0.11507936507936507,0.4927636086025248,-0.7475927608105515,0.0,0.0,-0.07874879450489872,-0.001722195177383939,-0.08835805347908927,0.0,0.0,0.0,0.0,0.0,0.0,0.0,0.0,-0.43921392141013216,-0.8459607780457364,0.0,0.0,0.6,1.0,1.1065895113302244,1.9554486440818202,5.0,1.1428571428571428,0.0,0.0,0.9999999999999998,0.7777777777777778,0.0,Generic,1
-0.008323114737539298,6,6,5,-0.6248841084186211,-0.45815690999132613,-0.9791020275153512,-0.7445687201666262,-0.9655523389802884,-1.3229166666666667,-0.11507936507936507,-1.5341686859906003,-0.7475927608105515,0.0,0.0,-0.0807077490159517,-0.001722195177383939,-0.08835805347908927,0.0,0.0,0.0,0.0,0.0,0.0,0.0,0.0,-0.8183448694831869,-0.8459607780457364,0.0,0.0,-0.4,1.0,-0.32365668390976504,0.0,0.0,-0.2857142857142857,0.0,0.0,-0.6309297535714572,-0.3333333333333333,0.6931471805599453,Normal,0
1.7993954473847718,113,11,4,2.0891451135096184,1.5206334826457388,1.163830033796358,0.6071346896352886,-0.367491773953061,-1.1614583333333333,0.0,-0.31157374822615297,0.356027197259791,2.3774437510817346,3.1546487678572874,0.5991079958413793,0.6640187543672643,0.7718687138073707,1.4155344413961166,1.0,0.17600369945144162,0.1777626837193841,1.0,0.00819342160900894,0.014286644711627534,0.002923297643613282,0.3528979901017422,0.19660506938594405,0.0,0.0,-0.4,-1.0,-0.32365668390976504,0.0,0.0,-0.2857142857142857,0.0,0.0,-0.2618595071429149,-0.3333333333333333,0.0,Normal,0
0.04148351398903009,113,9,4,1.6352960883485503,1.110385368881512,1.728099866769736,0.42178195165877125,0.02447729933633754,-1.1614583333333333,0.0,0.3094808733283457,0.6338150589554598,2.1609640474436813,2.0000000000000004,0.018681605237669912,0.11878780312474783,0.33017545438552737,0.16428778618959608,1.0,1.3299887808595974,0.26553497877400856,1.0,0.00737557761711853,0.012839198629810278,0.002649254383387293,4.061302716242537,0.13062478370534697,0.0,0.0,-0.4,-1.0,0.22963807175534715,0.0,0.0,0.2857142857142857,0.0,0.0,0.2031140135750122,-0.3333333333333333,0.0,Normal,0
1.7478442535406373,113,6,4,0.5377054001731342,0.45815690999132636,0.026627704067271322,0.09828264867786968,-0.6616309781719245,0.0,0.8849206349206349,-0.6366163969000211,-0.006497210874850602,0.792481250360578,0.6309297535714575,1.177740439153685,1.293288445912844,1.0710876850682913,1.1825630054551275,1.0,0.09735490200615149,0.9342244227648309,1.0,2.301364799979487,3.10357831308663,1.7636684737442851,-0.47056861402790745,0.0,0.0,0.0,0.4,0.0,-0.32365668390976504,0.0,0.0,-0.14285714285714285,0.0,0.0,0.0,-0.2222222222222222,0.0,Reconnaissance,1
-0.008305829395579967,119,1,5,-0.34836848541674165,-0.45815690999132613,-0.6172090301216083,-0.7445687201666262,0.4383153396651112,0.0,-0.11507936507936507,0.479395323795663,-0.7475927608105515,0.0,0.0,-0.07850501908545554,-0.001722195177383939,-0.08835805347908927,0.0,0.0,0.0,0.0,0.0,0.0,0.0,0.0,-0.43921392141013216,-0.8459607780457364,0.0,0.0,2.6,1.0,1.4302461952399894,2.19897784671579,6.5,4.714285714285714,0.0,0.0,1.3170424160196508,3.0,0.0,Generic,1
1.4060509090055813,113,6,4,0.5377054001731342,0.45815690999132636,0.004561481689690244,0.09828264867786968,-0.6259502887184012,0.0,0.8849206349206349,-0.6067853051113532,0.025224950505340855,0.792481250360578,0.6309297535714575,1.1002255902132578,1.2239523284920044,1.0156378619785502,1.1483439809284566,1.0,1.7781893827994861,1.6759980817770026,1.0,2.1129097611619416,2.4055477988415874,1.9829169013198327,-0.5680436705367541,0.0,0.0,0.0,-0.2,0.0,-0.32365668390976504,0.0,0.0,-0.14285714285714285,0.0,0.0,-0.2618595071429149,-0.2222222222222222,0.0,Fuzzers,1
0.05359832877219156,113,6,4,2.1841815985554334,1.5620260151809524,1.0888928354432235,0.6311701535522879,0.11322635368703754,-1.1614583333333333,0.0,0.10620534433286133,0.7591731491480771,2.477098155193438,3.1826583386441385,-0.021456965086710956,0.05571849934477638,0.2770870219202596,0.5763738129522643,1.0,0.5624802729316184,0.5681856537544949,1.0,0.008382147293482703,0.014805521806395947,0.0028319502555505735,-0.23378958374346237,0.21043727862084105,0.0,0.0,0.5,-1.0,0.0,0.0,0.0,0.0,0.0,0.0,-0.6309297535714572,0.8888888888888888,0.0,Normal,0
-0.008321194136305905,119,1,5,-0.34836848541674165,-0.45815690999132613,-0.6172090301216083,-0.7445687201666262,0.7038105267032175,0.0,-0.11507936507936507,0.7287785364230093,-0.7475927608105515,0.0,0.0,-0.08046202436744408,-0.001722195177383939,-0.08835805347908927,0.0,0.0,0.0,0.0,0.0,0.0,0.0,0.0,-0.43921392141013216,-0.8459607780457364,0.0,0.0,3.0,1.0,1.937915070130067,3.0920462747246633,8.0,4.571428571428571,0.0,0.0,1.9479721695911079,3.4444444444444446,0.0,Generic,1
-0.008305829395579967,119,1,5,-0.34836848541674165,-0.45815690999132613,-0.6172090301216083,-0.7445687201666262,0.4383153396651112,0.0,-0.11507936507936507,0.479395323795663,-0.7475927608105515,0.0,0.0,-0.07850501908545554,-0.001722195177383939,-0.08835805347908927,0.0,0.0,0.0,0.0,0.0,0.0,0.0,0.0,-0.43921392141013216,-0.8459607780457364,0.0,0.0,0.2,1.0,0.7829328274204592,1.51294159473206,3.0,0.5714285714285714,0.0,0.0,0.7381404928570852,0.3333333333333333,0.0,Generic,1
0.14497209342565512,113,6,4,1.5565195985630922,1.1815417362868497,0.6963034782574842,0.7460305961532605,-0.1120613495409609,-1.1614583333333333,0.0,-0.11103287645395968,0.7449303604264835,1.5,2.6801438592463755,0.1689656560174397,0.2420117301282534,-0.08835805347908927,1.0030928891860305,1.0,0.06823012642531286,0.06898935419210209,1.0,0.009262829750329254,0.015815938398632982,0.0035855552812390783,-0.2901332125177142,0.5927424495681376,0.0,0.0,-0.3,-1.0,0.0,0.0,0.0,-0.2857142857142857,0.0,0.0,-0.2618595071429149,0.6666666666666666,0.0,Normal,0
0.8747307227202671,113,4,4,0.5377054001731342,0.45815690999132636,0.33895647016821934,0.3031068777640533,-0.5540815204903383,0.0,0.8849206349206349,-0.4422044845527909,0.23029339494424472,0.792481250360578,1.0,0.9487800834568034,1.0645370591614398,0.9303424973248752,0.9961409352642543,1.0,0.150801143306046,0.602819204901714,1.0,1.691993631416842,1.7026211670882627,1.7481658115649519,0.9160624983017707,0.3153653794069757,0.6931471805599453,6.042632833682381,-0.3,0.0,0.0,0.0,0.0,-0.2857142857142857,0.0,0.6931471805599453,-0.2618595071429149,-0.3333333333333333,0.0,Exploits,1
1.286095294646093,113,4,4,1.7059078740998568,0.6711877414712396,1.9652939120732729,0.1766879483718003,-0.4408624142180769,0.0,0.8849206349206349,-0.032396117877348564,0.0982491857301642,2.403677461028802,0.6309297535714575,0.6156872269952784,1.0516741931812095,0.8553723340097353,0.9958979003128979,1.0,0.2587172207947811,1.5298780400276673,1.0,1.2506248369312045,1.2882617748695182,1.247933815038559,4.927119795677079,0.0,0.6931471805599453,0.0,-0.3,0.0,1.3846203144649547,0.0,0.0,-0.14285714285714285,0.0,0.6931471805599453,-0.6309297535714572,-0.3333333333333333,0.0,Normal,0
-0.008305829395579967,120,6,5,-0.34836848541674165,-0.45815690999132613,-0.3913767846054552,-0.7445687201666262,0.4383153396651112,0.0,-0.11507936507936507,0.5431953692758632,-0.7475927608105515,0.0,0.0,-0.07850501908545554,-0.001722195177383939,-0.08835805347908927,0.0,0.0,0.0,0.0,0.0,0.0,0.0,0.0,0.5607860785898678,-0.8459607780457364,0.0,0.0,0.3,1.0,0.4077591983577853,1.0,1.5,0.7142857142857143,0.0,0.0,1.1403139955899648,0.4444444444444444,0.0,Analysis,1
-0.008305829395579967,119,6,5,-0.34836848541674165,-0.45815690999132613,0.41308152684222726,-0.7445687201666262,0.4383153396651112,0.0,-0.11507936507936507,0.7694377073674904,-0.7475927608105515,0.0,0.0,-0.07850501908545554,-0.001722195177383939,-0.08835805347908927,0.0,0.0,0.0,0.0,0.0,0.0,0.0,0.0,4.138991359761982,-0.8459607780457364,0.0,0.0,-0.1,1.0,0.0,0.4425070493497599,0.0,0.0,0.0,0.0,-0.2618595071429149,-0.1111111111111111,0.0,Fuzzers,1
0.9826698110877397,113,6,4,0.5377054001731342,0.45815690999132636,0.004561481689690244,0.09828264867786968,-0.5710589892539213,0.0,0.8849206349206349,-0.5526149673682932,0.07292481651384251,0.792481250360578,0.6309297535714575,0.9837292938363045,1.0987642310010324,0.9786763705141336,1.0162893680538532,1.0,0.5174995381516379,0.9362208021769279,1.0,1.675175061529044,2.062793864425381,1.4146601398799596,-0.5680436705367541,0.0,0.0,0.0,0.0,0.0,0.0,0.4425070493497599,0.5,0.2857142857142857,0.0,0.0,-0.2618595071429149,0.0,0.0,Normal,0
0.968212854244008,113,4,4,0.5377054001731342,0.45815690999132636,0.19037820460483681,0.25917006369738954,-0.5688757445394885,-1.0,0.8849206349206349,-0.4982724686706427,0.1869315596237937,0.5,1.0,2.2102312988475035,2.3539997734133356,1.6664961599860284,2.1919832327151263,1.0,0.14216163944903323,1.3812274093012218,1.0,1.3956765939015954,1.275199838345421,1.533732676226805,0.27093617704673073,0.24741456141990403,0.6931471805599453,4.948759890378168,-0.2,0.0,0.0,0.4425070493497599,0.5,0.0,0.0,1.6094379124341003,-0.2618595071429149,-0.1111111111111111,0.0,Normal,0
0.3802614324176678,113,4,4,0.5377054001731342,0.3533506529659227,0.1998173048819613,0.05846526410373137,-0.455892276447349,0.0,0.8849206349206349,-0.3726421040172771,0.15062090222019525,0.792481250360578,0.6309297535714575,0.7194925988633809,0.9164029967295986,0.8144472857276408,0.90552626924978,1.0,0.4231579864372175,0.3218190424306025,1.0,0.757954173516525,0.4165846434272539,1.0422188486420707,0.31238281579411015,0.004884408081456099,0.6931471805599453,0.0,-0.4,0.0,-0.32365668390976504,0.0,0.0,-0.2857142857142857,0.0,0.6931471805599453,-0.6309297535714572,-0.3333333333333333,0.0,Reconnaissance,1
0.9305536845732969,113,6,4,0.5377054001731342,0.45815690999132636,0.026627704067271322,0.09828264867786968,-0.5630621089107575,0.0,0.8849206349206349,-0.5386187119937854,0.07979208418914947,0.792481250360578,0.6309297535714575,0.965769485218812,1.1071812521774558,0.9964741631219758,1.0279031552071733,1.0,1.0883254163686757,0.12202328402482218,1.0,0.7321681570840985,0.34277735942115733,1.0545661553114727,-0.47056861402790745,0.0,0.0,0.0,-0.4,0.0,-0.32365668390976504,0.0,0.0,-0.2857142857142857,0.0,0.0,-0.6309297535714572,-0.3333333333333333,0.0,Reconnaissance,1
-0.008317352939600908,120,6,5,-0.34836848541674165,-0.45815690999132613,-0.3913767846054552,-0.7445687201666262,0.5710626891769315,0.0,-0.11507936507936507,0.6678869693421029,-0.7475927608105515,0.0,0.0,-0.07997131065090231,-0.001722195177383939,-0.08835805347908927,0.0,0.0,0.0,0.0,0.0,0.0,0.0,0.0,0.5607860785898678,-0.8459607780457364,0.0,0.0,0.1,1.0,0.22963807175534715,0.7564707973660301,1.0,0.42857142857142855,0.0,0.0,0.36907024642854247,0.2222222222222222,0.0,DoS,1
3.6188247675907697,113,3,4,1.769889585545543,2.002291392530762,0.6823988056958058,1.1372100417148654,-0.43993809888426455,-1.0,0.8849206349206349,-0.5923637125820945,0.598041506051961,0.5,4.731875917361316,1.0180820678282996,0.6855738718847463,1.0009557200407635,1.615933910851989,1.0,0.08358157100651709,1.1278726504507537,1.0,2.045892565724399,1.6896788074239233,2.438201024279521,-0.9372571510220334,0.7571666510282103,0.0,0.0,-0.4,0.0,-0.32365668390976504,0.0,0.0,-0.2857142857142857,0.0,0.0,-0.2618595071429149,-0.3333333333333333,0.0,Exploits,1
0.12163479858984315,113,6,4,1.8283801083473694,1.3423754829424792,0.8416925078112841,0.8427881089322753,-0.0428298364496953,-1.1614583333333333,0.0,-0.049977213916171076,0.8300932976563742,1.5,3.125749857257015,0.09093401434622773,0.1632557109115817,0.4375833275388657,0.864054234875139,1.0,1.8638862844637927,0.8040107450775642,1.0,0.009212506698027322,0.016143633053141364,0.0032201741316886363,-0.3780945298881316,0.6553847047485201,0.0,0.0,-0.2,-1.0,-0.32365668390976504,0.0,0.0,-0.2857142857142857,0.0,0.0,-0.2618595071429149,0.5555555555555556,0.0,Normal,0
1.1341820517215253,113,6,4,2.1841815985554334,1.5620260151809524,1.0893068568120385,0.643098009961633,-0.27439601501245225,-1.1614583333333333,0.0,-0.25813148428848876,0.44651825534248607,2.477098155193438,3.1826583386441385,0.42157618117001294,0.49566940111866487,0.6808882906468506,1.2718629685591771,1.0,0.8728878488754613,1.9586292479466239,1.0,0.008495381346251158,0.014505120478817612,0.003288683542472763,-0.23378958374346237,0.2288139927272944,0.0,0.0,0.1,-1.0,0.5532947556651122,0.0,0.0,0.42857142857142855,0.0,0.0,0.2031140135750122,0.0,0.0,Normal,0
1.4659783461206688,113,4,4,2.8954011326071427,2.3009565759833115,1.4393457991274394,1.2505248752254423,-0.137372755803537,-1.1614583333333333,0.0,-0.19913044251505263,0.8350922652415171,0.792481250360578,5.385159190035893,0.2794055172107312,0.22930472416010034,0.5796985179151534,1.0011520274308394,1.0,0.10207256578815439,0.10352331846314541,1.0,0.008671521181864032,0.014477811103451463,0.0036312275139430672,-0.5680436705367541,0.7731091565250883,0.6931471805599453,13.169798337985775,-0.3,-1.0,0.22963807175534715,0.4425070493497599,0.5,-0.14285714285714285,0.0,1.0986122886681096,0.2031140135750122,-0.2222222222222222,0.0,Normal,0
-0.008307749981448684,119,1,5,-0.34836848541674165,-0.45815690999132613,-0.6172090301216083,-0.7445687201666262,0.45254724258694085,0.0,-0.11507936507936507,0.4927636086025248,-0.7475927608105515,0.0,0.0,-0.07874879450489872,-0.001722195177383939,-0.08835805347908927,0.0,0.0,0.0,0.0,0.0,0.0,0.0,0.0,-0.43921392141013216,-0.8459607780457364,0.0,0.0,1.4,1.0,1.2847106379326627,2.19897784671579,6.5,2.2857142857142856,0.0,0.0,1.203114013575012,1.6666666666666667,0.0,Generic,1
2.326604168422704,113,6,4,0.5377054001731342,0.45815690999132636,0.6308705489734856,0.09828264867786968,-0.7118258309390214,0.0,0.8849206349206349,-0.5193888453097838,-0.05261708129869773,0.792481250360578,0.6309297535714575,1.2866395343852322,1.4278468643719529,1.1424724178002617,1.3578800897820371,1.0,0.040552067180098954,1.4770484064114118,1.0,2.2314237248474313,2.3504457125944476,2.261519572517465,2.2162867280035323,0.0,0.0,0.0,0.5,0.0,-0.32365668390976504,0.0,0.0,-0.2857142857142857,0.0,0.0,-0.2618595071429149,-0.1111111111111111,0.0,Fuzzers,1
-0.008315432344129296,119,1,5,-0.34836848541674165,-0.45815690999132613,-0.6172090301216083,-0.7445687201666262,0.5363014692156571,0.0,-0.11507936507936507,0.571435250794517,-0.7475927608105515,0.0,0.0,-0.07972632060535206,-0.001722195177383939,-0.08835805347908927,0.0,0.0,0.0,0.0,0.0,0.0,0.0,0.0,-0.43921392141013216,-0.8459607780457364,0.0,0.0,0.6,1.0,0.7829328274204592,1.51294159473206,1.0,0.5714285714285714,0.0,0.0,0.6309297535714571,0.7777777777777778,0.0,Generic,1
0.7242493572558597,113,6,2,0.22946445519383787,0.0,0.24895465992101823,-0.10355692410079358,-0.6299757492616852,-1.0,0.8849206349206349,-0.4502782410280969,-0.08698837051431907,0.792481250360578,0.6309297535714575,1.0359227287763355,0.00024505012330295245,1.0157996378671992,0.0,1.0,0.5645685106007768,1.7934493440829278,1.0,4.669915326748713,9.757279194128312,0.4499576760482949,1.4347099451280412,-0.004994179198341338,0.0,0.0,0.2,2.0,0.22963807175534715,0.4425070493497599,0.0,0.7142857142857143,0.0,0.0,0.0,0.3333333333333333,0.0,Normal,0
0.008588019769244861,113,11,4,1.2869276029318086,0.884218572951153,0.7898475310053127,0.49096854926811623,0.08998120885803258,-1.1614583333333333,0.0,0.1682595400773417,0.7889750816478326,1.5,1.8927892607143724,-0.017191515037064824,0.07333811604049033,0.2738609827433999,0.08750193390540392,1.0,1.988974237088523,0.9323388583575456,1.0,0.012281844853215288,0.014969375683971827,0.009773310728847625,0.8412447340409415,0.36158407421363264,0.0,0.0,-0.4,-1.0,0.0,0.0,0.0,-0.2857142857142857,0.0,0.0,-0.2618595071429149,-0.3333333333333333,0.0,Normal,0
-0.008305829395579967,119,1,5,-0.34836848541674165,-0.45815690999132613,-0.6172090301216083,-0.7445687201666262,0.4383153396651112,0.0,-0.11507936507936507,0.479395323795663,-0.7475927608105515,0.0,0.0,-0.07850501908545554,-0.001722195177383939,-0.08835805347908927,0.0,0.0,0.0,0.0,0.0,0.0,0.0,0.0,-0.43921392141013216,-0.8459607780457364,0.0,0.0,0.8,1.0,0.5532947556651122,1.1989778467157899,2.0,1.4285714285714286,0.0,0.0,0.5093842420185072,1.0,0.0,Generic,1
0.9161924855180859,113,6,4,0.5377054001731342,0.3533506529659227,0.030900072203800432,0.05846526410373137,-0.5753543909307174,0.0,0.8849206349206349,-0.5352995321312165,0.0492678621729406,0.792481250360578,0.6309297535714575,0.9444631712478142,1.1554942916764814,0.938621440826537,1.075661158620751,1.0,1.2819588924056442,1.8903287569354872,1.0,1.4170130680776964,2.116329162119234,0.8649578129643416,-0.43921392141013216,0.004884408081456099,0.0,0.0,0.0,0.0,0.0,0.4425070493497599,0.0,0.2857142857142857,0.0,0.0,-0.2618595071429149,0.1111111111111111,0.0,Fuzzers,1
-0.008307749981448684,119,1,5,-0.34836848541674165,-0.45815690999132613,-0.6172090301216083,-0.7445687201666262,0.45254724258694085,0.0,-0.11507936507936507,0.4927636086025248,-0.7475927608105515,0.0,0.0,-0.07874879450489872,-0.001722195177383939,-0.08835805347908927,0.0,0.0,0.0,0.0,0.0,0.0,0.0,0.0,-0.43921392141013216,-0.8459607780457364,0.0,0.0,5.3,1.0,2.143723443929434,3.3734297923498424,8.5,7.857142857142857,0.0,0.0,2.1826583386441376,6.0,0.0,Generic,1
-0.00831159115894783,119,1,5,-0.34836848541674165,-0.45815690999132613,-0.6172090301216083,-0.7445687201666262,0.4873083417532429,0.0,-0.11507936507936507,0.5254152901574599,-0.7475927608105515,0.0,0.0,-0.0792370717068429,-0.001722195177383939,-0.08835805347908927,0.0,0.0,0.0,0.0,0.0,0.0,0.0,0.0,-0.43921392141013216,-0.8459607780457364,0.0,0.0,2.7,1.0,1.3846203144649547,2.335575477358633,7.5,4.142857142857143,0.0,0.0,1.3170424160196508,3.111111111111111,0.0,Generic,1
-0.008313511750578272,120,6,5,-0.34836848541674165,-0.45815690999132613,-0.3913767846054552,-0.7445687201666262,0.5093385986249094,0.0,-0.11507936507936507,0.6099086799000378,-0.7475927608105515,0.0,0.0,-0.07948157445237129,-0.001722195177383939,-0.08835805347908927,0.0,0.0,0.0,0.0,0.0,0.0,0.0,0.0,0.5607860785898678,-0.8459607780457364,0.0,0.0,-0.2,1.0,0.0,0.4425070493497599,0.5,0.0,0.0,0.0,-0.2618595071429149,-0.1111111111111111,0.0,DoS,1
0.8652384495742762,113,6,4,0.6516315145832584,0.45815690999132636,0.30875470499489216,0.20697348199112683,-0.5394858335132312,0.0,0.8849206349206349,-0.44704184032266603,0.16465238362314907,1.0,1.0,0.8918212540520215,1.0598489340039587,0.9032791724242603,0.949880338571151,1.0,2.115418878455404,1.187883174453551,1.0,1.3311322070791192,1.7748982520412429,0.9923691316473443,0.46925122311578377,0.1683817221633523,0.0,0.0,-0.2,0.0,-0.32365668390976504,0.0,0.0,-0.14285714285714285,0.0,0.0,-0.2618595071429149,-0.2222222222222222,0.0,Fuzzers,1
0.05003003191024332,113,2,4,1.610034999020141,1.2130308314799134,0.6930096934618255,0.4363049757562251,0.017166947158596502,-1.1614583333333333,0.0,0.0006745726437179172,0.628411631628428,1.7924812503605783,2.52371901428583,0.032212251972515246,0.11013796201311453,0.3861878267012715,0.15510439879778987,1.0,2.0583687671639757,2.079943788297789,1.0,0.007451073134392462,0.012784576521599455,0.0028319502555505735,-0.47056861402790745,0.09818920902194765,0.0,0.0,-0.4,-1.0,0.5532947556651122,0.0,0.0,0.14285714285714285,0.6931471805599453,0.0,0.5093842420185072,-0.3333333333333333,0.0,Normal,0
-0.008315432344129296,119,1,5,-0.34836848541674165,-0.45815690999132613,-0.6172090301216083,-0.7445687201666262,0.5363014692156571,0.0,-0.11507936507936507,0.571435250794517,-0.7475927608105515,0.0,0.0,-0.07972632060535206,-0.001722195177383939,-0.08835805347908927,0.0,0.0,0.0,0.0,0.0,0.0,0.0,0.0,-0.43921392141013216,-0.8459607780457364,0.0,0.0,3.9,1.0,2.0054117875095887,3.1843285439724505,10.0,5.857142857142857,0.0,0.0,2.0249396210753576,4.444444444444445,0.0,Generic,1
-0.008305829395579967,113,6,6,-0.34836848541674165,-0.45815690999132613,-0.7118790207221927,-0.7445687201666262,0.4383153396651112,0.0,-0.11507936507936507,0.45256539565294984,-0.7475927608105515,0.5,0.0,-0.07850501908545554,-0.001722195177383939,-0.08835805347908927,0.0,1.0,0.0,0.0,0.0,0.0,0.0,0.0,-0.8571173182969516,-0.8459607780457364,0.0,0.0,0.7,5.0,0.22963807175534715,0.0,0.0,2.142857142857143,0.0,0.0,0.36907024642854247,0.2222222222222222,0.0,Normal,0
0.03902849321003898,113,6,4,1.7059078740998568,1.269664472948575,0.7754961013265274,0.8046936692642115,0.059885156945127783,-1.1614583333333333,0.0,0.0481782811773738,0.9063811824840852,1.5,2.9299470414358546,0.007641485060575769,0.08126497552007234,0.31246115514272055,0.6552632869232553,1.0,1.9778163758094627,0.9189920305568264,1.0,0.00906153633424286,0.015843246436614757,0.0031973376157607507,-0.34829468806360164,0.635930398904418,0.0,0.0,0.3,-1.0,-0.32365668390976504,0.0,0.0,-0.14285714285714285,0.0,0.0,0.0,0.2222222222222222,0.0,Normal,0
1.3190033032875483,113,6,4,1.3649521946935697,0.6711877414712396,1.6962621601622039,0.24181860800816063,-0.4923672311406173,0.0,0.8849206349206349,-0.11311756152279334,0.14016490705187093,2.0,1.0,0.7472192065864558,1.0583297654768022,0.933275661141813,0.9918451299272592,1.0,0.3717668493470791,0.9944258209454696,1.0,1.4097098184814674,1.51104518766736,1.3657466677424508,4.648417050507067,0.09818920902194765,0.0,0.0,0.1,0.0,0.0,0.4425070493497599,0.0,-0.14285714285714285,0.0,0.0,-0.2618595071429149,0.3333333333333333,0.0,Fuzzers,1
3.1090092606661948,113,6,4,1.7059078740998568,0.6711877414712396,1.9651871524180333,0.1766879483718003,-0.610141236294039,0.0,0.8849206349206349,-0.1961013794507955,-0.045825437914565205,2.403677461028802,0.6309297535714575,0.9608105239202644,1.4300531390499653,1.0990310924787376,1.403979778168748,1.0,1.885528141735638,0.32186829616082013,1.0,1.911265140389329,3.096431091910668,0.9822198441016051,4.925534873040479,0.0,0.6931471805599453,0.0,-0.3,0.0,-0.32365668390976504,0.0,0.0,-0.2857142857142857,0.0,0.6931471805599453,-0.2618595071429149,-0.3333333333333333,0.0,Fuzzers,1
1.6126667881140513,113,6,4,0.4008537173419332,0.6115100544329425,-0.15008670648968378,0.5530718337913358,-0.6356821782812185,-1.0,0.8849206349206349,-0.6757462976527632,0.3270245093707499,0.5,1.4649735207179273,1.2095184168954187,1.169484602443379,1.1026225383123434,1.9203762998427978,1.0,2.067153302401454,1.5549046186984317,1.0,1.544088774450949,1.9247645000734788,1.2768933107322877,-0.8183448694831869,0.6111627086187129,0.0,0.0,0.4,0.0,0.0,0.0,0.0,-0.14285714285714285,0.0,0.0,0.5093842420185072,-0.1111111111111111,0.0,Exploits,1
0.05067456555283776,113,6,4,1.5565195985630922,1.1815417362868497,0.6963034782574842,0.747240486025036,0.006246703143765985,-1.1614583333333333,0.0,0.000155502429842139,0.8436940382009187,1.5,2.6801438592463755,0.045416639643357466,0.11820279044601638,-0.08835805347908927,0.7876325792282208,1.0,1.266341092607856,0.2193191879876102,1.0,0.008507962844804448,0.014969375683971827,0.002923297643613282,-0.2901332125177142,0.5947906817779786,0.0,0.0,0.6,-1.0,-0.32365668390976504,0.0,0.0,-0.2857142857142857,0.0,0.0,-0.2618595071429149,0.1111111111111111,0.0,Normal,0
-0.00831159115894783,119,6,5,-0.34836848541674165,-0.45815690999132613,0.4298010538381508,-0.7445687201666262,0.4873083417532429,0.0,-0.11507936507936507,0.8201527651295022,-0.7475927608105515,0.0,0.0,-0.0792370717068429,-0.001722195177383939,-0.08835805347908927,0.0,0.0,0.0,0.0,0.0,0.0,0.0,0.0,4.213470079484564,-0.8459607780457364,0.0,0.0,3.1,1.0,1.03713393259921,1.8604881976177823,0.0,4.714285714285714,0.0,0.0,0.9207988315012231,3.5555555555555554,0.0,Fuzzers,1
2.677134908470283,113,9,4,1.1500759201006077,0.8494457411744992,0.873161804455513,0.33777046396181987,-0.6274051449835495,-1.0,0.8849206349206349,-0.4723249097643221,0.0979242758650561,1.6609640474436813,2.0000000000000004,1.1021285278609134,1.223812512074103,1.0189972104706506,1.102410707198251,1.0,0.8410074909690425,1.1920052597112734,1.0,2.0304191261146385,1.6639042308754668,2.429126218903034,1.5722372540308136,0.14650522515008474,0.0,0.0,-0.4,0.0,-0.32365668390976504,0.0,0.0,-0.2857142857142857,0.0,0.0,-0.6309297535714572,-0.3333333333333333,0.0,Exploits,1
0.023994156957629766,113,6,4,1.5565195985630922,1.1815417362868497,0.6963034782574842,0.7489973238343594,0.0798002269460613,-1.1614583333333333,0.0,0.06926164572414244,0.9057768195773738,1.5,2.6801438592463755,-0.0047795706638917804,0.07084522374968227,0.2953362396734836,0.6299197417201217,1.0,1.2791610357224759,0.2253078241001448,1.0,0.008747008928476982,0.0154336230011772,0.0029689712006411816,-0.2901332125177142,0.5974926192754632,0.0,0.0,0.4,-1.0,-0.32365668390976504,0.0,0.0,-0.2857142857142857,0.0,0.0,-0.2618595071429149,0.2222222222222222,0.0,Normal,0
-0.008315432344129296,119,6,5,-0.34836848541674165,-0.45815690999132613,-0.4615104146933044,-0.7445687201666262,0.5363014692156571,0.0,-0.11507936507936507,0.6154463239543455,-0.7475927608105515,0.0,0.0,-0.07972632060535206,-0.001722195177383939,-0.08835805347908927,0.0,0.0,0.0,0.0,0.0,0.0,0.0,0.0,0.2498499789758582,-0.8459607780457364,0.0,0.0,-0.3,1.0,-0.32365668390976504,0.0,0.0,-0.2857142857142857,0.0,0.0,-0.6309297535714572,-0.3333333333333333,0.0,Reconnaissance,1
0.33373644175717654,113,6,4,1.097590688175416,0.45815690999132636,1.5305913543404583,0.09828264867786968,-0.35229186320797207,0.0,0.8849206349206349,0.023865419988286726,0.19708987653941398,1.6609640474436813,0.6309297535714575,0.4641727621645323,0.809304960689935,0.7399013533108242,0.803836210720792,1.0,0.08534732400442713,1.0192740439549264,1.0,0.40982213192124556,0.4061144773089391,0.40999392799891776,4.64100553181401,0.0,0.0,0.0,-0.4,0.0,-0.32365668390976504,0.0,0.0,-0.2857142857142857,0.0,0.0,-0.6309297535714572,-0.3333333333333333,0.0,Exploits,1
-0.008305829395579967,119,1,5,-0.34836848541674165,-0.45815690999132613,-0.6172090301216083,-0.7445687201666262,0.4383153396651112,0.0,-0.11507936507936507,0.479395323795663,-0.7475927608105515,0.0,0.0,-0.07850501908545554,-0.001722195177383939,-0.08835805347908927,0.0,0.0,0.0,0.0,0.0,0.0,0.0,0.0,-0.43921392141013216,-0.8459607780457364,0.0,0.0,3.1,1.0,1.937915070130067,3.0920462747246633,8.0,4.714285714285714,0.0,0.0,1.9479721695911079,3.5555555555555554,0.0,Generic,1
0.9082791545442411,113,4,4,0.5377054001731342,0.3533506529659227,0.02805684721276337,0.05846526410373137,-0.5740984300002041,0.0,0.8849206349206349,-0.5347371992570468,0.05034904068051531,0.792481250360578,0.6309297535714575,0.9471333184203488,1.1454257896996454,0.9522515299700789,1.0647309747574871,1.0,1.576714118945758,1.5965699590426121,1.0,1.656336276555816,2.493879706265105,1.006207765529371,-0.43921392141013216,0.004884408081456099,0.6931471805599453,0.0,0.0,0.0,0.0,0.4425070493497599,0.0,0.2857142857142857,0.0,0.6931471805599453,0.0,0.1111111111111111,0.0,Fuzzers,1
0.02372596338074415,113,6,4,1.5565195985630922,1.1815417362868497,0.6963034782574842,0.7489973238343594,0.08081545963624004,-1.1614583333333333,0.0,0.07021542669039274,0.9066167807998708,1.5,2.6801438592463755,-0.005278505885697509,0.06936982444045219,-0.08835805347908927,0.629768121589544,1.0,1.4108765606020817,1.4354321564318355,1.0,0.007388160234768842,0.012921131587390174,0.0026035801870031208,-0.2901332125177142,0.5974926192754632,0.0,0.0,0.0,-1.0,0.5532947556651122,0.0,0.0,0.0,0.0,0.0,0.0,0.6666666666666666,0.0,Normal,0
-0.008313511750578272,119,1,5,-0.34836848541674165,-0.45815690999132613,-0.6172090301216083,-0.7445687201666262,0.5093385986249094,0.0,-0.11507936507936507,0.5461086388303764,-0.7475927608105515,0.0,0.0,-0.07948157445237129,-0.001722195177383939,-0.08835805347908927,0.0,0.0,0.0,0.0,0.0,0.0,0.0,0.0,-0.43921392141013216,-0.8459607780457364,0.0,0.0,1.8,1.0,0.5532947556651122,1.1989778467157899,2.0,2.857142857142857,0.0,0.0,0.36907024642854247,2.111111111111111,0.0,Generic,1
1.7458604632984065,113,6,4,0.5377054001731342,0.45815690999132636,0.14494365348138588,0.09828264867786968,-0.6614394596281534,0.0,0.8849206349206349,-0.6031669175574353,-0.006324968391866921,0.792481250360578,0.0,2.1738965307702354,2.31766540062875,1.6467241471087035,2.1588712060245485,1.0,0.2962938608162923,0.8020174445560473,1.0,1.1225407102162144,1.2370211190476332,1.04778250737852,0.07164582698688114,0.0,0.0,0.0,0.1,0.0,0.0,0.4425070493497599,0.5,-0.14285714285714285,0.0,0.0,0.2031140135750122,-0.2222222222222222,0.0,Fuzzers,1
-0.008315432344129296,120,6,5,-0.34836848541674165,-0.45815690999132613,-0.3913767846054552,-0.7445687201666262,0.5363014692156571,0.0,-0.11507936507936507,0.6352352919712061,-0.7475927608105515,0.0,0.0,-0.07972632060535206,-0.001722195177383939,-0.08835805347908927,0.0,0.0,0.0,0.0,0.0,0.0,0.0,0.0,0.5607860785898678,-0.8459607780457364,0.0,0.0,0.2,1.0,0.22963807175534715,0.7564707973660301,1.0,0.5714285714285714,0.0,0.0,0.6309297535714571,0.3333333333333333,0.0,Analysis,1
1.0785871110917526,113,6,4,0.5377054001731342,0.3533506529659227,-0.02361256590741292,0.05846526410373137,-0.5993606272997626,0.0,0.8849206349206349,-0.5739988881115354,0.028507862339172914,0.792481250360578,0.6309297535714575,0.9734648561177145,1.2128278284873275,0.9442712202416506,1.0878237277257627,1.0,1.018580312563934,1.6778212119560167,1.0,1.86906330843145,2.1392552283667983,1.728206242939299,-0.671091681662639,0.004884408081456099,0.0,0.0,-0.1,0.0,0.0,0.0,0.0,0.2857142857142857,0.0,0.0,-0.6309297535714572,0.2222222222222222,0.0,Normal,0
1.3290777814474328,113,4,4,0.5377054001731342,0.45815690999132636,0.19037820460483681,0.09828264867786968,-0.617029955366464,0.0,0.8849206349206349,-0.5456851086156111,0.033055085272896176,0.792481250360578,0.6309297535714575,1.0693424961737763,1.2076292592587379,1.0147361330898423,1.122013598541365,1.0,1.2962975911111274,0.16721649176268857,1.0,2.0037430636117555,1.9732583549481226,2.1275751240431826,0.27093617704673073,0.0,0.0,0.0,-0.4,0.0,-0.32365668390976504,0.0,0.0,-0.14285714285714285,0.0,0.0,-0.2618595071429149,-0.3333333333333333,0.0,Exploits,1
-0.008305829395579967,32,6,5,-0.34836848541674165,-0.45815690999132613,-0.3913767846054552,-0.7445687201666262,0.4383153396651112,0.0,-0.11507936507936507,0.5431953692758632,-0.7475927608105515,0.0,0.0,-0.07850501908545554,-0.001722195177383939,-0.08835805347908927,0.0,0.0,0.0,0.0,0.0,0.0,0.0,0.0,0.5607860785898678,-0.8459607780457364,0.0,0.0,-0.1,1.0,-0.32365668390976504,0.0,0.0,0.14285714285714285,0.0,0.0,-0.2618595071429149,0.0,0.0,DoS,1
-0.00830967056923797,119,1,5,-0.34836848541674165,-0.45815690999132613,-0.6172090301216083,-0.7445687201666262,0.4686820524374373,0.0,-0.11507936507936507,0.5079193111961406,-0.7475927608105515,0.0,0.0,-0.07899281188509567,-0.001722195177383939,-0.08835805347908927,0.0,0.0,0.0,0.0,0.0,0.0,0.0,0.0,-0.43921392141013216,-0.8459607780457364,0.0,0.0,3.8,1.0,2.143723443929434,3.3734297923498424,12.0,5.714285714285714,0.0,0.0,2.1826583386441376,4.333333333333333,0.0,Generic,1
-0.008317352939600908,119,1,5,-0.34836848541674165,-0.45815690999132613,-0.6172090301216083,-0.7445687201666262,0.5710626891769315,0.0,-0.11507936507936507,0.6040869325983536,-0.7475927608105515,0.0,0.0,-0.07997131065090231,-0.001722195177383939,-0.08835805347908927,0.0,0.0,0.0,0.0,0.0,0.0,0.0,0.0,-0.43921392141013216,-0.8459607780457364,0.0,0.0,2.7,1.0,1.4734045760589989,2.335575477358633,7.5,4.142857142857143,0.0,0.0,1.3170424160196508,3.111111111111111,0.0,Generic,1
-0.008321194136305905,119,6,5,-0.34836848541674165,-0.45815690999132613,-0.6540023010292416,-0.7445687201666262,0.7038105267032175,0.0,-0.11507936507936507,0.7183584540180779,-0.7475927608105515,0.0,0.0,-0.08046202436744408,-0.001722195177383939,-0.08835805347908927,0.0,0.0,0.0,0.0,0.0,0.0,0.0,0.0,-0.6017427710050841,-0.8459607780457364,0.0,0.0,-0.1,1.0,-0.32365668390976504,0.0,0.0,0.14285714285714285,0.0,0.0,0.7381404928570852,0.0,0.0,Fuzzers,1
0.6442064064208802,113,4,4,0.5377054001731342,0.3533506529659227,0.2135753351212549,0.05846526410373137,-0.5257797137132157,0.0,0.8849206349206349,-0.4357593712513023,0.09164186459709178,0.792481250360578,0.6309297535714575,0.8603164835644981,1.0600977179461497,0.9013278181082699,0.9843955283468049,1.0,1.3353369481365853,0.4295062867911357,1.0,0.6754862056141863,1.073474165644629,0.34115438769856177,0.372819180453224,0.004884408081456099,0.0,0.0,-0.3,0.0,-0.32365668390976504,0.4425070493497599,0.0,-0.2857142857142857,0.0,0.0,-0.2618595071429149,-0.3333333333333333,0.0,Exploits,1
-0.008317352939600908,119,1,5,-0.34836848541674165,-0.45815690999132613,-0.6172090301216083,-0.7445687201666262,0.5710626891769315,0.0,-0.11507936507936507,0.6040869325983536,-0.7475927608105515,0.0,0.0,-0.07997131065090231,-0.001722195177383939,-0.08835805347908927,0.0,0.0,0.0,0.0,0.0,0.0,0.0,0.0,-0.43921392141013216,-0.8459607780457364,0.0,0.0,2.8,1.0,1.4302461952399894,2.3979556934315798,8.0,4.285714285714286,0.0,0.0,1.369070246428542,3.2222222222222223,0.0,Generic,1
-0.0062921917855068175,119,1,2,-0.34836848541674165,0.0,-0.5179170842831736,0.0,-0.004892865717328437,-1.1614583333333333,0.0,-0.03356437897551318,0.59374157346786,0.0,0.0,-0.07874879450489872,0.0,-0.08835805347908927,0.0,0.0,0.0,0.0,0.0,0.0,0.0,0.0,0.0,0.1540392219542636,0.0,0.0,-0.1,-1.0,0.4077591983577853,0.0,0.0,-0.14285714285714285,0.0,0.0,-0.2618595071429149,-0.1111111111111111,0.0,Normal,0
1.614399430889814,113,6,4,1.7059078740998568,0.6711877414712396,1.964248828573577,0.1766879483718003,-0.47920185674849497,0.0,0.8849206349206349,-0.0692617199813553,0.06604918324388596,2.403677461028802,0.6309297535714575,0.6834877923908838,1.1185148833076035,0.8718548873602958,0.9874787621247478,1.0,1.5259997047587706,0.4412341317962159,1.0,2.365693492828292,3.239992269042635,1.7751459295798822,4.922360841616719,0.0,0.0,0.0,0.0,0.0,0.22963807175534715,0.7564707973660301,1.0,0.14285714285714285,0.0,0.0,0.2031140135750122,0.0,0.0,Normal,0
-0.008321194136305905,119,1,5,-0.34836848541674165,-0.45815690999132613,-0.6172090301216083,-0.7445687201666262,0.7038105267032175,0.0,-0.11507936507936507,0.7287785364230093,-0.7475927608105515,0.0,0.0,-0.08046202436744408,-0.001722195177383939,-0.08835805347908927,0.0,0.0,0.0,0.0,0.0,0.0,0.0,0.0,-0.43921392141013216,-0.8459607780457364,0.0,0.0,2.8,1.0,1.4302461952399894,2.3979556934315798,8.0,4.285714285714286,0.0,0.0,1.4182843521034598,3.2222222222222223,0.0,Generic,1
0.017380393152215862,113,6,4,0.8345798913950238,0.769769518893221,0.4324341822099622,0.318375243233886,-0.022577487869247383,-1.1614583333333333,0.0,0.016421213398637127,0.6252271958432752,1.160964047443681,1.4649735207179273,0.07411362947058234,0.13863786621114788,0.4317862871777879,0.1832988088842296,1.0,1.2663139062687518,0.20599858537906773,1.0,0.007350412344092115,0.012374907229454144,0.002991807944904429,0.4879337673292106,0.1589236300357197,0.0,0.0,0.2,-1.0,0.8769514395748775,1.367211219012335,0.0,0.5714285714285714,0.0,0.0,0.9999999999999998,1.2222222222222223,0.0,Normal,0
0.2893669995922755,113,6,2,0.22946445519383787,0.0,0.2522462108603405,-0.10355692410079358,-0.5117755735981727,-1.0,0.8849206349206349,-0.3336822580282571,0.0147569073707344,0.792481250360578,0.6309297535714575,0.7900504454547559,0.0,0.8747979787971472,0.0,1.0,1.89635459741473,0.00746850156251066,1.0,1.7054917025371896,2.2712047169112743,1.2962152278702297,1.4456695495962097,-0.004994179198341338,0.0,0.0,0.2,2.0,0.0,0.4425070493497599,0.0,0.5714285714285714,0.0,0.0,0.0,0.4444444444444444,0.0,Normal,0
-0.0006445522619324444,113,3,4,0.7492222027586747,0.45815690999132636,1.142996292817342,0.12411474690200526,0.06933882715655339,-1.1614583333333333,0.0,0.3524522460882054,0.603352461221981,1.160964047443681,0.6309297535714575,-0.014668937849519103,0.09463902613221821,0.28317067918435473,0.12588892608964514,1.0,1.408366224369088,0.35157291231455684,1.0,0.007602062810834523,0.01297575342261985,0.002946134433544149,3.886653662186586,0.04051761522183967,0.0,0.0,0.0,-1.0,0.4077591983577853,0.0,0.0,0.14285714285714285,0.0,0.0,0.36907024642854247,-0.1111111111111111,0.0,Normal,0
0.9795742319746419,113,4,4,0.5377054001731342,0.45815690999132636,0.17776852101811452,0.268359407854059,-0.5705936921256691,-1.0,0.8849206349206349,-0.5035812250456274,0.19185918698286092,0.792481250360578,1.0,0.9827114430482786,1.0757478758546934,0.9476739282691801,1.0008836540437511,1.0,0.04855937879234513,1.7179819670270713,1.0,2.335034537020245,3.3264940770421,1.6372681789608308,0.2069229656690273,0.26155420299179777,0.6931471805599453,5.181783550292085,-0.1,0.0,0.22963807175534715,0.4425070493497599,0.5,0.14285714285714285,0.0,1.6094379124341003,0.0,0.0,0.0,Normal,0
0.6304191121172992,113,6,4,1.1988088925548503,0.9739269860153767,0.8619749233158408,0.40844511480242535,-0.3638123635717317,-1.1614583333333333,0.0,-0.24310096686875846,0.35275263947497565,1.5,1.8927892607143724,0.5947269983781006,0.6599453529869799,0.7507988249020526,0.6282316984650063,1.0,1.8051986713108386,1.9240157471722896,1.0,0.008923145243764414,0.015515548179533057,0.0032201741316886363,1.39019288375428,0.18616974288816254,0.0,0.0,-0.2,-1.0,0.4077591983577853,0.0,0.0,0.2857142857142857,0.0,0.0,0.0,0.1111111111111111,0.0,Normal,0
-0.008321194136305905,119,1,5,-0.34836848541674165,-0.45815690999132613,-0.6172090301216083,-0.7445687201666262,0.7038105267032175,0.0,-0.11507936507936507,0.7287785364230093,-0.7475927608105515,0.0,0.0,-0.08046202436744408,-0.001722195177383939,-0.08835805347908927,0.0,0.0,0.0,0.0,0.0,0.0,0.0,0.0,-0.43921392141013216,-0.8459607780457364,0.0,0.0,2.4,1.0,1.2296380717553472,2.1236820163783654,6.0,3.7142857142857144,0.0,0.0,1.203114013575012,2.7777777777777777,0.0,Generic,1
-0.006579999200411294,119,1,2,-0.34836848541674165,0.0,-0.5645236512267633,-0.013439937805221309,0.013575329757473225,-1.1614583333333333,0.0,-0.029385447192484922,0.5996092901597375,0.0,0.0,-0.07874879450489872,-0.0004908311337499053,-0.08835805347908927,0.0,0.0,0.0,0.0,0.0,0.0,0.0,0.0,-0.2062646310321604,0.13335158627940197,0.0,0.0,-0.2,-1.0,0.4077591983577853,0.0,0.0,-0.2857142857142857,0.0,0.0,-0.6309297535714572,-0.2222222222222222,0.0,Normal,0
0.12515504475653608,113,6,4,1.3649521946935697,1.0696669644242687,0.6005144390009518,0.6474814925168192,-0.12903486017388197,-1.1614583333333333,0.0,-0.12241054620701483,0.6900152385567847,1.5,2.334717519472793,0.1932004771377656,0.26357822039599016,0.5090601508556164,0.985031225557491,1.0,1.9242229188273416,0.8649058803470107,1.0,0.009564763840178053,0.016252863731308465,0.0037682436640773813,-0.2062646310321604,0.5016040420108759,0.0,0.0,-0.2,-1.0,0.4077591983577853,0.0,0.0,-0.14285714285714285,0.0,0.0,-0.2618595071429149,0.3333333333333333,0.0,Normal,0
-0.008305829395579967,119,1,5,-0.34836848541674165,-0.45815690999132613,-0.6172090301216083,-0.7445687201666262,0.4383153396651112,0.0,-0.11507936507936507,0.479395323795663,-0.7475927608105515,0.0,0.0,-0.07850501908545554,-0.001722195177383939,-0.08835805347908927,0.0,0.0,0.0,0.0,0.0,0.0,0.0,0.0,-0.43921392141013216,-0.8459607780457364,0.0,0.0,2.1,1.0,1.4302461952399894,2.335575477358633,7.5,3.2857142857142856,0.0,0.0,1.369070246428542,2.4444444444444446,0.0,Generic,1
-0.008313511750578272,40,6,5,-0.34836848541674165,-0.45815690999132613,-0.3913767846054552,-0.7445687201666262,0.5093385986249094,0.0,-0.11507936507936507,0.6099086799000378,-0.7475927608105515,0.0,0.0,-0.07948157445237129,-0.001722195177383939,-0.08835805347908927,0.0,0.0,0.0,0.0,0.0,0.0,0.0,0.0,0.5607860785898678,-0.8459607780457364,0.0,0.0,-0.1,1.0,0.0,0.4425070493497599,0.5,0.14285714285714285,0.0,0.0,0.0,0.0,0.0,DoS,1
-0.008319273536993108,119,1,5,-0.34836848541674165,-0.45815690999132613,-0.6172090301216083,-0.7445687201666262,0.6200559375313737,0.0,-0.11507936507936507,0.6501068934843124,-0.7475927608105515,0.0,0.0,-0.08021654507559085,-0.001722195177383939,-0.08835805347908927,0.0,0.0,0.0,0.0,0.0,0.0,0.0,0.0,-0.43921392141013216,-0.8459607780457364,0.0,0.0,2.8,1.0,1.4302461952399894,2.3979556934315798,8.0,4.285714285714286,0.0,0.0,1.369070246428542,3.2222222222222223,0.0,Generic,1
3.2262422100077743,113,6,4,3.0672244949853065,2.359217559453371,1.561999744384438,1.2514321123229348,-0.27699048769797974,-1.1614583333333333,0.0,-0.31616202041536823,0.7022981855107547,2.6427011094311244,5.432951753362838,0.50514847101772,0.4457451911000475,0.969823814433638,1.6824578320657138,1.0,1.0621777025727939,1.081106041930135,1.0,0.008696683814358746,0.014914757833956214,0.0033115199670677815,-0.47056861402790745,0.743499528062632,0.0,0.0,0.5,-1.0,0.22963807175534715,0.4425070493497599,0.0,0.5714285714285714,0.0,0.0,0.0,0.8888888888888888,0.0,Normal,0
-0.006280680385939556,119,1,2,-0.34836848541674165,0.0,-0.5179170842831736,0.0,-0.00557593085126845,-1.1614583333333333,0.0,-0.03420622035539154,0.5931763252071973,0.0,0.0,-0.07826148514739853,-0.001228912338042096,-0.08835805347908927,0.0,0.0,0.0,0.0,0.0,0.0,0.0,0.0,0.0,0.1540392219542636,0.0,0.0,-0.2,-1.0,0.0,0.0,0.0,-0.2857142857142857,0.0,0.0,-0.6309297535714572,0.0,0.0,Normal,0
-0.008307749981448684,119,1,5,-0.34836848541674165,-0.45815690999132613,-0.6172090301216083,-0.7445687201666262,0.45254724258694085,0.0,-0.11507936507936507,0.4927636086025248,-0.7475927608105515,0.0,0.0,-0.07874879450489872,-0.001722195177383939,-0.08835805347908927,0.0,0.0,0.0,0.0,0.0,0.0,0.0,0.0,-0.43921392141013216,-0.8459607780457364,0.0,0.0,2.1,1.0,1.4302461952399894,2.3979556934315798,8.0,3.2857142857142856,0.0,0.0,1.369070246428542,2.4444444444444446,0.0,Generic,1
-0.008307749981448684,119,1,5,-0.34836848541674165,-0.45815690999132613,-0.6172090301216083,-0.7445687201666262,0.45254724258694085,0.0,-0.11507936507936507,0.4927636086025248,-0.7475927608105515,0.0,0.0,-0.07874879450489872,-0.001722195177383939,-0.08835805347908927,0.0,0.0,0.0,0.0,0.0,0.0,0.0,0.0,-0.43921392141013216,-0.8459607780457364,0.0,0.0,1.6,1.0,1.3846203144649547,2.335575477358633,7.5,2.5714285714285716,0.0,0.0,1.369070246428542,1.8888888888888888,0.0,Generic,1
1.1355694586780845,113,4,4,0.5377054001731342,0.5418430900086738,0.17776852101811452,0.49887386643802517,-0.5798473079183484,-1.0,0.8849206349206349,-0.5252524997097072,0.33618326234253554,0.792481250360578,1.261859507142915,1.0295040060091052,1.0841727331016924,0.9734289034382468,1.79287459948787,1.0,0.7623812178011983,1.0087109772323783,1.0,2.283136180492541,2.368867182152198,2.3478055265270896,0.2069229656690273,0.5677217871339828,0.6931471805599453,7.798112628829788,-0.4,0.0,0.0,0.0,0.0,-0.2857142857142857,0.0,0.6931471805599453,-0.6309297535714572,-0.3333333333333333,0.0,Exploits,1
-0.008307749981448684,58,6,5,-0.34836848541674165,-0.45815690999132613,-0.3913767846054552,-0.7445687201666262,0.45254724258694085,0.0,-0.11507936507936507,0.5565636493511029,-0.7475927608105515,0.0,0.0,-0.07874879450489872,-0.001722195177383939,-0.08835805347908927,0.0,0.0,0.0,0.0,0.0,0.0,0.0,0.0,0.5607860785898678,-0.8459607780457364,0.0,0.0,-0.1,1.0,0.0,0.4425070493497599,0.5,0.14285714285714285,0.0,0.0,0.2031140135750122,0.0,0.0,DoS,1
-0.00830967056923797,119,1,5,-0.34836848541674165,-0.45815690999132613,-0.6172090301216083,-0.7445687201666262,0.4686820524374373,0.0,-0.11507936507936507,0.5079193111961406,-0.7475927608105515,0.0,0.0,-0.07899281188509567,-0.001722195177383939,-0.08835805347908927,0.0,0.0,0.0,0.0,0.0,0.0,0.0,0.0,-0.43921392141013216,-0.8459607780457364,0.0,0.0,3.6,1.0,1.937915070130067,3.0920462747246633,8.5,5.428571428571429,0.0,0.0,1.9479721695911079,4.111111111111111,0.0,Generic,1
1.2965819540171641,113,6,4,0.5377054001731342,0.45815690999132636,0.1998173048819613,0.09828264867786968,-0.6131453421308716,0.0,0.8849206349206349,-0.5391750098860216,0.036454168109062594,0.792481250360578,0.6309297535714575,1.0525490264038289,1.2008366679488247,1.0083011593069353,1.0932617640058266,1.0,0.2828013032124271,0.8691907073219167,1.0,1.5547867314448145,1.7643211818119184,1.4327933866926739,0.31238281579411015,0.0,0.0,0.0,-0.3,0.0,-0.32365668390976504,0.0,0.0,-0.2857142857142857,0.0,0.0,-0.2618595071429149,0.0,0.0,Normal,0
1.177015239071823,113,6,4,0.6516315145832584,0.5418430900086738,0.11038308028705657,0.1844361345610965,-0.5737440254452081,0.0,0.8849206349206349,-0.5473405149452327,0.11244541953396284,0.792481250360578,1.261859507142915,0.9922834018074234,1.098295881447137,0.971974011594762,1.0370026061709965,1.0,1.0117752795700994,1.9821541323142753,1.0,1.2762134495715884,1.848414740002105,0.8230706676661175,-0.4083952327752013,0.08511298928516586,0.0,0.0,-0.3,0.0,-0.32365668390976504,0.0,0.0,-0.14285714285714285,0.0,0.0,-0.6309297535714572,-0.2222222222222222,0.0,Normal,0
1.1180999302954042,113,6,4,0.5377054001731342,0.45815690999132636,0.026627704067271322,0.09828264867786968,-0.5903528374657192,0.0,0.8849206349206349,-0.5653200818305436,0.05627982201598547,0.792481250360578,0.6309297535714575,1.0084653768995135,1.1536403842089533,1.0154815106656476,1.0409853658157937,1.0,1.1085555106019787,1.3793153972038077,1.0,1.1871523890887627,1.346170037710665,1.0791100476811397,-0.47056861402790745,0.0,0.0,0.0,0.0,0.0,-0.32365668390976504,0.0,0.0,-0.2857142857142857,0.0,0.0,0.0,-0.3333333333333333,0.0,Reconnaissance,1
-0.008305829395579967,120,6,5,-0.34836848541674165,-0.45815690999132613,-0.3913767846054552,-0.7445687201666262,0.4383153396651112,0.0,-0.11507936507936507,0.5431953692758632,-0.7475927608105515,0.0,0.0,-0.07850501908545554,-0.001722195177383939,-0.08835805347908927,0.0,0.0,0.0,0.0,0.0,0.0,0.0,0.0,0.5607860785898678,-0.8459607780457364,0.0,0.0,0.1,1.0,0.22963807175534715,0.7564707973660301,1.0,0.42857142857142855,0.0,0.0,1.203114013575012,0.2222222222222222,0.0,Exploits,1
0.045493554634672057,113,6,4,1.7899490151489268,1.319518673007226,0.8197350571421668,0.8333167062639296,0.059222820393345935,-1.1614583333333333,0.0,0.04607440246304374,0.9135391401358783,1.5,3.065044752110663,0.006474203683192113,0.08221627504316019,-0.08835805347908927,0.6498030209196274,1.0,0.8584268963049442,0.8711090079932063,1.0,0.007526568198962651,0.012948442518654001,0.0028319502555505735,-0.3780945298881316,0.6530440340820826,0.0,0.0,0.2,-1.0,0.7829328274204592,0.0,0.0,0.2857142857142857,0.0,0.0,-0.2618595071429149,1.4444444444444444,0.0,Normal,0
0.7028718986314,113,4,4,0.5377054001731342,0.3533506529659227,0.18169046291977314,0.05846526410373137,-0.5377953836713824,0.0,0.8849206349206349,-0.45628574715343684,0.08142246725260584,0.792481250360578,0.6309297535714575,0.8816551534994792,1.0832528831623705,0.9412186726253268,1.0494121927560942,1.0,1.4661777914970642,1.9585227275531845,1.0,1.1485286167963873,1.283491372169013,1.0582079902985655,0.22851423430855478,0.004884408081456099,0.6931471805599453,0.0,-0.4,0.0,-0.32365668390976504,0.0,0.0,-0.2857142857142857,0.0,0.6931471805599453,-0.6309297535714572,-0.3333333333333333,0.0,Reconnaissance,1
-0.008317352939600908,119,1,5,-0.34836848541674165,-0.45815690999132613,-0.6172090301216083,-0.7445687201666262,0.5710626891769315,0.0,-0.11507936507936507,0.6040869325983536,-0.7475927608105515,0.0,0.0,-0.07997131065090231,-0.001722195177383939,-0.08835805347908927,0.0,0.0,0.0,0.0,0.0,0.0,0.0,0.0,-0.43921392141013216,-0.8459607780457364,0.0,0.0,2.5,1.0,1.8641793974976293,2.9912340358601734,7.5,3.857142857142857,0.0,0.0,1.8638903501140993,2.888888888888889,0.0,Generic,1
1.4601461221442866,113,4,4,0.5377054001731342,0.45815690999132636,0.16373425238977704,0.09828264867786968,-0.6320002320869136,0.0,0.8849206349206349,-0.5681761775097974,0.019893625700978586,0.792481250360578,0.6309297535714575,1.1029989002697687,1.2429450170566765,1.0450617476584658,1.1252842194552748,1.0,0.5801072053069867,1.7741952101868623,1.0,1.7160864021722861,1.9066016866159854,1.6254659618575866,0.14055291693813737,0.0,0.6931471805599453,0.0,-0.4,0.0,0.0,0.0,0.0,-0.2857142857142857,0.0,0.6931471805599453,1.369070246428542,-0.3333333333333333,0.0,Reconnaissance,1
6.6749640884787285,113,6,4,0.9786866579525125,0.6711877414712396,0.28754013958991276,0.17901056343934613,-0.8788616528412775,0.0,0.8849206349206349,-0.9025135169640472,-0.24808975227007896,1.403677461028802,0.6309297535714575,1.7413815972833129,1.921595632886449,1.4640050632456287,1.8784042167463024,1.0,0.9585280942507848,1.4559708336454797,1.0,1.0372641409798127,1.2287415918515698,0.8931767404055818,-0.5349629372098051,0.0,0.0,0.0,0.4,0.0,0.22963807175534715,0.7564707973660301,0.5,0.5714285714285714,0.0,0.0,0.0,0.3333333333333333,0.0,Fuzzers,1
-0.008307749981448684,119,1,5,-0.34836848541674165,-0.45815690999132613,-0.6172090301216083,-0.7445687201666262,0.45254724258694085,0.0,-0.11507936507936507,0.4927636086025248,-0.7475927608105515,0.0,0.0,-0.07874879450489872,-0.001722195177383939,-0.08835805347908927,0.0,0.0,0.0,0.0,0.0,0.0,0.0,0.0,-0.43921392141013216,-0.8459607780457364,0.0,0.0,2.9,1.0,1.6924698362904478,2.75647079736603,5.5,4.428571428571429,0.0,0.0,1.6680875342929389,3.3333333333333335,0.0,Generic,1
-0.008315432344129296,119,1,5,-0.34836848541674165,-0.45815690999132613,-0.6172090301216083,-0.7445687201666262,0.5363014692156571,0.0,-0.11507936507936507,0.571435250794517,-0.7475927608105515,0.0,0.0,-0.07972632060535206,-0.001722195177383939,-0.08835805347908927,0.0,0.0,0.0,0.0,0.0,0.0,0.0,0.0,-0.43921392141013216,-0.8459607780457364,0.0,0.0,-0.1,1.0,0.4077591983577853,0.7564707973660301,1.0,0.14285714285714285,0.0,0.0,0.2031140135750122,0.0,0.0,Generic,1
0.2506396853436184,113,6,4,0.4008537173419332,0.3533506529659227,-0.15008670648968378,0.05846526410373137,-0.4204132370806608,0.0,0.8849206349206349,-0.42412114873501755,0.19464829446610954,0.5,0.6309297535714575,0.6749451047119763,0.814984955977859,0.7872139218687229,0.7773826249698753,1.0,1.8722364102955256,0.923574950165282,1.0,0.6908814040760909,0.3254486341013732,0.9928064995656963,-0.8183448694831869,0.004884408081456099,0.0,0.0,-0.1,0.0,0.22963807175534715,0.7564707973660301,0.0,0.0,0.0,0.0,0.0,0.0,0.0,DoS,1
-0.008307749981448684,86,6,5,-0.34836848541674165,-0.45815690999132613,-0.43376602531467034,-0.7445687201666262,0.45254724258694085,0.0,-0.11507936507936507,0.5446053163462931,-0.7475927608105515,0.0,0.0,-0.07874879450489872,-0.001722195177383939,-0.08835805347908927,0.0,0.0,0.0,0.0,0.0,0.0,0.0,0.0,0.372819180453224,-0.8459607780457364,0.0,0.0,0.5,1.0,0.8769514395748775,1.6414848960655501,3.5,1.0,0.0,0.0,0.7381404928570852,0.6666666666666666,0.0,DoS,1
-0.008321194136305905,119,6,5,-0.34836848541674165,-0.45815690999132613,-0.6540023010292416,-0.7445687201666262,0.7038105267032175,0.0,-0.11507936507936507,0.7183584540180779,-0.7475927608105515,0.0,0.0,-0.08046202436744408,-0.001722195177383939,-0.08835805347908927,0.0,0.0,0.0,0.0,0.0,0.0,0.0,0.0,-0.6017427710050841,-0.8459607780457364,0.0,0.0,-0.1,1.0,-0.32365668390976504,0.0,0.0,-0.14285714285714285,0.0,0.0,-0.2618595071429149,0.0,0.0,Normal,0
1.0876209855462602,113,4,4,0.5377054001731342,0.5418430900086738,0.15235519497815314,0.4480857537770155,-0.5732921705875557,-1.0,0.8849206349206349,-0.5259792553219255,0.30644952199067904,0.792481250360578,1.261859507142915,1.0157674527187945,1.0557787455256096,0.9703353393156858,1.754636600691236,1.0,0.4577079776969443,2.0262553276201287,1.0,1.7434111944596313,1.968860311300627,1.626401855739698,0.09490872243418404,0.48938752014163467,0.0,0.0,-0.3,0.0,-0.32365668390976504,0.0,0.0,-0.2857142857142857,0.0,0.0,-0.6309297535714572,-0.3333333333333333,0.0,Exploits,1
0.9117082239144829,113,6,4,1.0407268123902522,0.6711877414712396,0.4136317950758756,0.32552366542290273,-0.4750110389244068,-1.1614583333333333,0.0,-0.42034397556313313,0.2466837723277717,1.292481250360578,1.4649735207179273,0.7576097052629707,0.9551204018557552,0.8828420229565084,0.9055602918998561,1.0,1.1183444368478372,1.126711156017501,1.0,0.009350894607856416,0.01685362465598744,0.0028776239952498675,-0.1524442348363692,0.22525821092346834,0.0,0.0,-0.1,-1.0,0.8769514395748775,0.0,0.0,-0.14285714285714285,0.0,0.0,0.2031140135750122,1.0,0.0,Normal,0
-0.008305829395579967,119,6,5,-0.34836848541674165,-0.45815690999132613,-0.4615104146933044,-0.7445687201666262,0.4383153396651112,0.0,-0.11507936507936507,0.5234063984755704,-0.7475927608105515,0.0,0.0,-0.07850501908545554,-0.001722195177383939,-0.08835805347908927,0.0,0.0,0.0,0.0,0.0,0.0,0.0,0.0,0.2498499789758582,-0.8459607780457364,0.0,0.0,-0.3,1.0,-0.32365668390976504,0.0,0.0,-0.2857142857142857,0.0,0.0,-0.6309297535714572,-0.1111111111111111,0.0,Reconnaissance,1
2.3936041004299278,113,6,4,0.6516315145832584,0.5418430900086738,0.18557473853106474,0.16242107726243674,-0.6944763385682142,0.0,0.8849206349206349,-0.6478470358913044,-0.009989361591063135,1.0,1.0,1.2536395742768949,1.3800404206430754,1.1250221350676506,1.3011211440423482,1.0,0.898326112482657,0.7603765313800526,1.0,1.527550846465598,1.9733600354459213,1.203472260605223,-0.07461131142544547,0.048599655760280025,0.0,0.0,-0.2,0.0,-0.32365668390976504,0.0,0.0,-0.2857142857142857,0.0,0.0,-0.6309297535714572,-0.3333333333333333,0.0,Exploits,1
0.5295299605181693,113,6,4,0.5377054001731342,0.3533506529659227,0.1138597242393853,0.05846526410373137,-0.4992732014829248,0.0,0.8849206349206349,-0.43836278133903944,0.11409356115286082,0.792481250360578,0.6309297535714575,0.8064271431387253,0.9759055981140614,0.8547475528441564,0.8825929237371333,1.0,0.3444211306961995,0.7739690375107168,1.0,1.1555829116766339,1.724716859655238,0.6967026461333555,-0.07461131142544547,0.004884408081456099,0.0,0.0,-0.4,0.0,-0.32365668390976504,0.0,0.0,-0.2857142857142857,0.0,0.0,1.3170424160196508,-0.3333333333333333,0.0,Normal,0
0.7882616200705005,113,6,4,1.097590688175416,0.8115075629572489,0.5688192392732331,0.34048871524301005,-0.42922432976839653,-1.1614583333333333,0.0,-0.35606781242588065,0.2772643022169087,1.403677461028802,1.6309297535714575,0.693837554177584,0.8206762549125219,0.8487302996257664,1.5710673033923575,1.0,0.5783563461784385,1.658946945205472,1.0,0.00913702174242635,0.01617094076362039,0.0030603180406919,0.372819180453224,0.17068466113072112,0.0,0.0,-0.1,-1.0,-0.32365668390976504,0.0,0.0,-0.2857142857142857,0.0,0.0,-0.6309297535714572,0.1111111111111111,0.0,Normal,0
1.4000298567265252,113,9,4,1.4008537173419326,0.8494457411744992,1.6133188284812354,0.33312242223373273,-0.48017081539652734,-1.0,0.8849206349206349,-0.14562250372026814,0.19821922594906455,2.04373142062517,2.0000000000000004,0.763950440706056,0.9670287204062524,0.8754596452575436,0.8750342543653002,1.0,0.7866993740473655,0.1515149275442059,1.0,1.191780205514912,1.0632527564005576,1.3223547454009816,4.182610811267549,0.1387068242437871,0.0,0.0,-0.4,0.0,-0.32365668390976504,0.0,0.0,-0.2857142857142857,0.0,0.0,-0.6309297535714572,-0.3333333333333333,0.0,Exploits,1
-0.008307749981448684,119,1,5,-0.34836848541674165,-0.45815690999132613,-0.6172090301216083,-0.7445687201666262,0.45254724258694085,0.0,-0.11507936507936507,0.4927636086025248,-0.7475927608105515,0.0,0.0,-0.07874879450489872,-0.001722195177383939,-0.08835805347908927,0.0,0.0,0.0,0.0,0.0,0.0,0.0,0.0,-0.43921392141013216,-0.8459607780457364,0.0,0.0,1.9,1.0,1.3846203144649547,2.335575477358633,7.5,3.0,0.0,0.0,1.3170424160196508,2.2222222222222223,0.0,Generic,1
-0.008317352939600908,119,1,5,-0.34836848541674165,-0.45815690999132613,-0.6172090301216083,-0.7445687201666262,0.5710626891769315,0.0,-0.11507936507936507,0.6040869325983536,-0.7475927608105515,0.0,0.0,-0.07997131065090231,-0.001722195177383939,-0.08835805347908927,0.0,0.0,0.0,0.0,0.0,0.0,0.0,0.0,-0.43921392141013216,-0.8459607780457364,0.0,0.0,0.2,1.0,0.22963807175534715,0.7564707973660301,1.0,0.0,0.0,0.0,0.0,0.3333333333333333,0.0,Generic,1
1.0716668729123755,113,6,4,0.5377054001731342,0.3533506529659227,0.4147300906302057,0.05846526410373137,-0.5983993574468925,0.0,0.8849206349206349,-0.45007255863335477,0.029342863378183794,0.792481250360578,0.6309297535714575,1.0110581935788256,1.1586738286435803,0.9678276114720832,1.0847069333568675,1.0,1.2279629047077896,0.9109096937263823,1.0,3.1874073277116364,5.207152235933601,1.7188448493404362,1.2496399668161426,0.004884408081456099,0.0,0.0,-0.4,0.0,-0.32365668390976504,0.0,0.0,-0.2857142857142857,0.0,0.0,-0.2618595071429149,-0.3333333333333333,0.0,Exploits,1
2.2933578513279946,113,9,4,2.8954011326071427,1.3076026511658256,2.7144945683797554,0.4326523040795608,-0.3378890396171576,-1.0,0.8849206349206349,0.07976930165648584,0.19466938612056647,3.713132377351049,2.0000000000000004,0.42019588265194113,0.8789464262769986,0.7449650747873175,0.7867091142334427,1.0,0.8924931752058779,1.5243305131208433,1.0,0.6569416738583499,0.23170481251168307,1.0064044629141493,5.096355458823248,0.044595374063326386,0.0,0.0,-0.4,0.0,-0.32365668390976504,0.0,0.0,-0.2857142857142857,0.0,0.0,-0.6309297535714572,-0.3333333333333333,0.0,Exploits,1
0.8139999549170919,113,4,4,0.5377054001731342,0.5418430900086738,0.16980866578617618,0.4480150471355746,-0.530708413005218,-1.0,0.8849206349206349,-0.4796613692125063,0.34284227509625104,0.792481250360578,1.261859507142915,0.9274332340982397,0.9817192660437882,0.9209370371115646,1.7218320241371314,1.0,1.2140228552252312,0.6862099374866697,1.0,1.4270551494152937,1.0012907246133091,1.8147337437667346,0.1629488494531197,0.48938752014163467,0.6931471805599453,7.392031567514591,-0.4,0.0,-0.32365668390976504,0.0,0.0,-0.2857142857142857,0.0,0.6931471805599453,0.0,-0.3333333333333333,0.0,Exploits,1
1.0209594752255242,113,4,4,0.5377054001731342,0.7233848262955236,0.15549045943331152,0.6035662301847351,-0.5316764439311844,-1.0,0.8849206349206349,-0.5157292141047618,0.4269907192025913,0.792481250360578,1.6309297535714575,0.9959234344998195,0.9285962410564019,0.971941050508325,1.7252606079875392,1.0,1.8674510470621923,0.8154730317611292,1.0,1.0854967275875131,1.7931232055949522,0.5019201784559706,0.1178752671973285,0.6255249373218992,0.6931471805599453,8.60061479955531,-0.4,0.0,-0.32365668390976504,0.0,0.0,-0.14285714285714285,0.0,0.6931471805599453,-0.6309297535714572,-0.3333333333333333,0.0,Exploits,1
0.9297819583104739,113,6,4,0.5377054001731342,0.3533506529659227,0.004561481689690244,0.05846526410373137,-0.5774906129160683,0.0,0.8849206349206349,-0.5446984234741228,0.04742788046506116,0.792481250360578,0.6309297535714575,0.9607073661962005,1.1714185129180712,0.9470606943519687,1.0974314738054458,1.0,0.4758757395139134,0.49334400007224166,1.0,1.8572061928153005,1.4851014738794819,2.241009982258408,-0.5680436705367541,0.004884408081456099,0.0,0.0,0.1,0.0,0.0,0.4425070493497599,0.5,0.14285714285714285,0.0,0.0,0.2031140135750122,0.0,0.0,Fuzzers,1
-0.008307749981448684,119,1,5,-0.34836848541674165,-0.45815690999132613,-0.6172090301216083,-0.7445687201666262,0.45254724258694085,0.0,-0.11507936507936507,0.4927636086025248,-0.7475927608105515,0.0,0.0,-0.07874879450489872,-0.001722195177383939,-0.08835805347908927,0.0,0.0,0.0,0.0,0.0,0.0,0.0,0.0,-0.43921392141013216,-0.8459607780457364,0.0,0.0,2.8,1.0,0.8769514395748775,1.6414848960655501,3.5,4.571428571428571,0.0,0.0,0.7381404928570852,3.2222222222222223,0.0,Generic,1
1.182062721550338,113,6,4,0.5377054001731342,0.3533506529659227,0.07767043362085868,0.05846526410373137,-0.6131786737833317,0.0,0.8849206349206349,-0.5594101421175067,0.016466488611219125,0.792481250360578,0.6309297535714575,1.0424347174186888,1.2366628792344083,0.9970950968875686,1.1765923786580146,1.0,2.042823534448835,0.06183411070351029,1.0,1.8069175419667225,1.7211252803610997,1.9538959527008692,-0.23378958374346237,0.004884408081456099,0.0,0.0,0.0,0.0,0.0,0.4425070493497599,0.5,0.0,0.0,0.0,-0.2618595071429149,0.1111111111111111,0.0,Normal,0
-0.008319273536993108,119,1,5,-0.34836848541674165,-0.45815690999132613,-0.6172090301216083,-0.7445687201666262,0.6200559375313737,0.0,-0.11507936507936507,0.6501068934843124,-0.7475927608105515,0.0,0.0,-0.08021654507559085,-0.001722195177383939,-0.08835805347908927,0.0,0.0,0.0,0.0,0.0,0.0,0.0,0.0,-0.43921392141013216,-0.8459607780457364,0.0,0.0,1.4,1.0,0.5532947556651122,1.1989778467157899,2.0,2.2857142857142856,0.0,0.0,0.36907024642854247,1.6666666666666667,0.0,Generic,1
1.0241787308755934,113,6,2,0.22946445519383787,0.0,0.26276242762349455,-0.10355692410079358,-0.677656012005599,-1.0,0.8849206349206349,-0.4947948648399882,-0.12961895810708265,0.792481250360578,0.6309297535714575,1.1945571693817412,-0.0007366131141869122,0.5851914598844519,0.0,1.0,1.0991298656668296,2.0962235490243932,1.0,5.1712385329578865,7.292972349855789,4.202493660530152,1.499489945792001,-0.004994179198341338,0.0,0.0,0.1,2.0,-0.32365668390976504,0.0,0.0,0.14285714285714285,0.0,0.0,-0.2618595071429149,0.0,0.0,Normal,0
-0.008323114737539298,6,6,5,-0.6248841084186211,-0.45815690999132613,-0.9791020275153512,-0.7445687201666262,-0.9655523389802884,-1.3229166666666667,-0.11507936507936507,-1.5341686859906003,-0.7475927608105515,0.0,0.0,2.6241373104201315,-0.001722195177383939,0.2244818380342076,0.0,0.0,0.0,0.0,0.0,0.0,0.0,0.0,-0.8183448694831869,-0.8459607780457364,0.0,0.0,-0.3,1.0,0.0,0.4425070493497599,0.5,-0.14285714285714285,0.0,0.0,-0.2618595071429149,-0.2222222222222222,0.6931471805599453,Normal,0
-0.008317352939600908,12,6,5,-0.34836848541674165,-0.45815690999132613,-0.3913767846054552,-0.7445687201666262,0.5710626891769315,0.0,-0.11507936507936507,0.6678869693421029,-0.7475927608105515,0.0,0.0,-0.07997131065090231,-0.001722195177383939,-0.08835805347908927,0.0,0.0,0.0,0.0,0.0,0.0,0.0,0.0,0.5607860785898678,-0.8459607780457364,0.0,0.0,-0.1,1.0,0.22963807175534715,0.7564707973660301,1.0,0.14285714285714285,0.0,0.0,0.2031140135750122,0.0,0.0,DoS,1
0.02380340339997236,113,6,4,1.5565195985630922,1.1815417362868497,0.6963034782574842,0.7489973238343594,0.08052144921927985,-1.1614583333333333,0.0,0.06993921501860231,0.9063735294087192,1.5,2.6801438592463755,-0.0037394232896044567,0.06928669340250952,0.29636495923508493,0.6283953383465949,1.0,1.6036403185844388,1.6257691590712702,1.0,0.008495381346251158,0.014641666946226423,0.0031745010769995354,-0.2901332125177142,0.5974926192754632,0.0,0.0,0.2,-1.0,0.4077591983577853,0.0,0.0,-0.14285714285714285,0.0,0.0,0.7381404928570852,0.0,0.0,Normal,0
1.0137908331101233,113,4,4,0.5377054001731342,0.45815690999132636,0.17678206421362191,0.26611663598615704,-0.5756723811961182,-1.0,0.8849206349206349,-0.5086979159977901,0.18600043648205952,0.792481250360578,1.0,0.9937336561695866,1.0923585954173716,0.9610028313666908,0.9801147921654897,1.0,2.042010240300114,1.6391115143624795,1.0,1.8212190818180303,3.1099189919671026,0.7878154108225178,0.2069229656690273,0.2584888906468596,0.6931471805599453,5.1298987149230735,-0.3,0.0,-0.32365668390976504,0.0,0.0,0.0,0.0,0.6931471805599453,-0.6309297535714572,-0.2222222222222222,0.0,Normal,0
1.4920789275913788,113,9,4,1.3270551433692541,0.8494457411744992,1.508803157308089,0.3444719420133944,-0.49918336604449143,-1.0,0.8849206349206349,-0.1855592720237921,0.1970907742177143,1.9534452978042594,2.0000000000000004,0.8062454835056582,0.9943415725613504,0.8955151349917075,0.9250472868842433,1.0,1.0504816897196931,1.2801054736508215,1.0,0.8703993301349153,0.4780596079427337,1.199680149193983,3.9174245305171933,0.1564948449685974,0.0,0.0,-0.4,0.0,-0.32365668390976504,0.0,0.0,-0.2857142857142857,0.0,0.0,-0.6309297535714572,-0.3333333333333333,0.0,Exploits,1
-0.008315432344129296,119,1,5,-0.34836848541674165,-0.45815690999132613,-0.6172090301216083,-0.7445687201666262,0.5363014692156571,0.0,-0.11507936507936507,0.571435250794517,-0.7475927608105515,0.0,0.0,-0.07972632060535206,-0.001722195177383939,-0.08835805347908927,0.0,0.0,0.0,0.0,0.0,0.0,0.0,0.0,-0.43921392141013216,-0.8459607780457364,0.0,0.0,3.2,1.0,1.6259116676376846,2.665471722467057,3.5,4.857142857142857,0.0,0.0,1.5921903230573557,3.6666666666666665,0.0,Generic,1
1.2706933656513604,113,4,4,0.5377054001731342,0.5418430900086738,0.15444806945077616,0.26536118961479366,-0.5972295973829365,-1.0,0.8849206349206349,-0.54881859587477,0.15851600395129586,0.792481250360578,1.0,1.0661295539203952,1.1192729992655177,1.0068636191821712,1.081074694991114,1.0,1.3566818227954103,1.0932172614302103,1.0,1.5921858929336747,2.352952765023059,1.002688781640453,0.09490872243418404,0.20851318329738733,0.6931471805599453,4.736198448394496,-0.4,0.0,0.22963807175534715,0.0,0.0,-0.2857142857142857,0.0,0.6931471805599453,1.1403139955899648,-0.3333333333333333,0.0,DoS,1
-0.008305829395579967,119,1,5,-0.34836848541674165,-0.45815690999132613,-0.6172090301216083,-0.7445687201666262,0.4383153396651112,0.0,-0.11507936507936507,0.479395323795663,-0.7475927608105515,0.0,0.0,-0.07850501908545554,-0.001722195177383939,-0.08835805347908927,0.0,0.0,0.0,0.0,0.0,0.0,0.0,0.0,-0.43921392141013216,-0.8459607780457364,0.0,0.0,1.2,1.0,1.4302461952399894,2.3979556934315798,8.0,2.0,0.0,0.0,1.369070246428542,1.4444444444444444,0.0,Generic,1
1.1253458907661227,113,6,4,0.6516315145832584,0.5418430900086738,0.5429041096284117,0.21966787825087972,-0.5668430901527023,0.0,0.8849206349206349,-0.41923833900074464,0.14292033818950567,1.0,1.0,0.9689957171357967,1.0938167879130818,0.9849901203745683,1.0059839272022935,1.0,1.2460870793020067,1.5194717286247001,1.0,1.385474107354039,1.3974402596545261,1.4137584667269076,1.499489945792001,0.1387068242437871,0.0,0.0,-0.3,0.0,-0.32365668390976504,0.0,0.0,-0.14285714285714285,0.0,0.0,-0.6309297535714572,-0.2222222222222222,0.0,Fuzzers,1
0.017145390105756643,113,6,4,0.8345798913950238,0.769769518893221,0.4324341822099622,0.318375243233886,-0.021460699246442724,-1.1614583333333333,0.0,0.017470648063353213,0.6261513912898357,1.160964047443681,1.4649735207179273,0.07302864353694366,0.13757456020315523,0.4289976177022822,0.18206727225954406,1.0,0.47566631865155135,1.5582071828617985,1.0,0.007186836843319185,0.01248415297459936,0.0026035801870031208,0.4879337673292106,0.1589236300357197,0.0,0.0,-0.2,-1.0,0.6763433160902349,0.7564707973660301,0.0,0.14285714285714285,0.0,0.0,0.36907024642854247,0.2222222222222222,0.0,Normal,0
0.7934012775315628,78,6,5,0.9786866579525125,-0.45815690999132613,0.2737899057707242,-0.7445687201666262,-0.5270508703948181,0.0,-0.11507936507936507,-0.44084777678590764,-0.7475927608105515,0.0,0.0,0.7408341036566547,-0.001722195177383939,0.3492782639198065,0.0,0.0,0.0,0.0,0.0,0.0,0.0,0.0,-0.6017427710050841,-0.8459607780457364,0.0,0.0,-0.2,1.0,0.0,0.4425070493497599,0.5,-0.14285714285714285,0.0,0.0,-0.2618595071429149,-0.2222222222222222,0.0,Reconnaissance,1
-0.005030185898750052,119,6,2,0.0,0.21303083147991342,0.006070614371036649,0.07649325167804336,0.0390387767981584,-1.1614583333333333,0.0,0.1051742729133861,0.6394300552164849,0.0,0.0,0.009847652855127589,0.046425432679369834,-0.027262610927495903,0.054201808993439876,0.0,0.0,0.0,0.0,0.0,0.0,0.0,1.083890510091616,0.1193701448363572,0.0,0.0,0.1,-1.0,-0.32365668390976504,0.0,0.0,-0.14285714285714285,0.0,0.0,0.0,-0.1111111111111111,0.0,Normal,0
1.529533803115496,97,6,2,0.0,0.0,0.029480958153664708,0.12679145811752313,-0.7692920398100387,0.0,0.12301587301587301,-0.6341701936219407,-0.0228481789626085,0.0,0.0,1.3983763721179863,0.00024505012330295245,0.7138337425164333,0.0,0.0,0.0,0.0,0.0,0.0,0.0,0.0,1.1876802819286516,0.3496225349581668,0.0,0.0,-0.3,-1.0,0.0,0.4425070493497599,0.5,-0.14285714285714285,0.0,0.0,-0.2618595071429149,-0.2222222222222222,0.0,Exploits,1
-0.008317352939600908,119,1,5,-0.34836848541674165,-0.45815690999132613,-0.6172090301216083,-0.7445687201666262,0.5710626891769315,0.0,-0.11507936507936507,0.6040869325983536,-0.7475927608105515,0.0,0.0,-0.07997131065090231,-0.001722195177383939,-0.08835805347908927,0.0,0.0,0.0,0.0,0.0,0.0,0.0,0.0,-0.43921392141013216,-0.8459607780457364,0.0,0.0,2.9,1.0,1.9610539540228973,3.0920462747246633,7.5,4.571428571428571,0.0,0.0,1.9743577627364342,3.3333333333333335,0.0,Generic,1
-0.00830390881163182,119,6,5,-0.34836848541674165,-0.45815690999132613,0.3904333661062014,-0.7445687201666262,0.4255844927666367,0.0,-0.11507936507936507,0.7511192174038737,-0.7475927608105515,0.0,0.0,-0.07826148514739853,-0.001722195177383939,-0.08835805347908927,0.0,0.0,0.0,0.0,0.0,0.0,0.0,0.0,4.0381063355578455,-0.8459607780457364,0.0,0.0,-0.4,1.0,-0.32365668390976504,0.0,0.0,-0.2857142857142857,0.0,0.0,-0.6309297535714572,-0.3333333333333333,0.0,Fuzzers,1
-0.008317352939600908,50,6,5,-0.34836848541674165,-0.45815690999132613,-0.43376602531467034,-0.7445687201666262,0.5710626891769315,0.0,-0.11507936507936507,0.6559286332318288,-0.7475927608105515,0.0,0.0,-0.07997131065090231,-0.001722195177383939,-0.08835805347908927,0.0,0.0,0.0,0.0,0.0,0.0,0.0,0.0,0.372819180453224,-0.8459607780457364,0.0,0.0,-0.2,1.0,0.0,0.7564707973660301,0.5,-0.14285714285714285,0.0,0.0,0.0,-0.2222222222222222,0.0,DoS,1
2.309330532883542,113,6,4,0.5377054001731342,0.45815690999132636,0.026627704067271322,0.09828264867786968,-0.7104666187759021,0.0,0.8849206349206349,-0.6875486264533586,-0.05133800356886716,0.792481250360578,0.6309297535714575,1.2874830281971483,1.416414308749309,1.1272011163543671,1.302269844515109,1.0,1.5833223989350458,0.5581259716104089,1.0,2.725510499115457,4.132089661098949,1.724775589351136,-0.47056861402790745,0.0,0.0,0.0,-0.4,0.0,0.0,0.0,0.0,-0.2857142857142857,0.0,0.0,-0.6309297535714572,0.2222222222222222,0.0,Reconnaissance,1
0.38145178677663877,113,6,4,0.8345798913950238,0.769769518893221,0.4324341822099622,0.318375243233886,-0.3620012502491628,-1.1614583333333333,0.0,-0.3031257843697146,0.34381406134420867,1.160964047443681,1.4649735207179273,0.600387849707383,0.6534141838211638,0.7860678766575331,0.6754213711140152,1.0,1.95904056674828,2.0006915065969504,1.0,0.007941782962261855,0.01406816719753796,0.002649254383387293,0.4879337673292106,0.1589236300357197,0.0,0.0,0.4,-1.0,0.5532947556651122,0.7564707973660301,0.0,0.14285714285714285,0.0,0.0,0.8340437671464698,0.3333333333333333,0.0,Normal,0
-0.00830967056923797,120,6,5,-0.34836848541674165,-0.45815690999132613,-0.3913767846054552,-0.7445687201666262,0.4686820524374373,0.0,-0.11507936507936507,0.5717193517729767,-0.7475927608105515,0.0,0.0,-0.07899281188509567,-0.001722195177383939,-0.08835805347908927,0.0,0.0,0.0,0.0,0.0,0.0,0.0,0.0,0.5607860785898678,-0.8459607780457364,0.0,0.0,0.1,1.0,0.0,0.4425070493497599,0.5,0.42857142857142855,0.0,0.0,-0.2618595071429149,0.2222222222222222,0.0,DoS,1
-0.008323114737539298,6,6,5,-0.6248841084186211,-0.45815690999132613,-0.9791020275153512,-0.7445687201666262,-0.9655523389802884,-1.3229166666666667,-0.11507936507936507,-1.5341686859906003,-0.7475927608105515,0.0,0.0,2.6241373595883397,-0.001722195177383939,0.22448184858159528,0.0,0.0,0.0,0.0,0.0,0.0,0.0,0.0,-0.8183448694831869,-0.8459607780457364,0.0,0.0,-0.3,1.0,0.0,0.4425070493497599,0.5,-0.14285714285714285,0.0,0.0,-0.2618595071429149,-0.2222222222222222,0.6931471805599453,Normal,0
1.3205028964748078,113,4,4,0.5377054001731342,0.5418430900086738,0.1688025779804507,0.27007987597768973,-0.603279347592936,-1.0,0.8849206349206349,-0.5507917770796925,0.15652390220083426,0.792481250360578,1.0,1.0789491798536348,1.1412011617727196,1.0391889850395322,1.0433197062560953,1.0,0.0034760299944673187,1.9734903717531613,1.0,1.7322470193607438,1.86791772748072,1.688955910875965,0.1629488494531197,0.21423620226688184,0.6931471805599453,4.919980925828125,-0.1,0.0,0.22963807175534715,0.7564707973660301,0.0,0.14285714285714285,0.0,0.6931471805599453,0.0,0.0,0.0,Normal,0
0.02835554105093419,113,6,4,1.4008537173419326,1.0905229297126522,0.6181387176257555,0.6783158909942721,0.03647427588991903,-1.1614583333333333,0.0,0.03216657614891183,0.8432767503347329,1.5,2.40217350273288,0.020841411996122723,0.09526921527674527,0.356513122158793,0.7243555615438149,1.0,1.9124176109424325,1.930183251092319,1.0,0.00786629038746522,0.01374044765090593,0.0027862764245150337,-0.23378958374346237,0.5377725630203241,0.0,0.0,1.8,-1.0,0.0,0.0,0.0,-0.14285714285714285,0.0,0.0,0.9207988315012231,0.2222222222222222,0.0,Normal,0
0.005211581501232871,113,6,4,0.9104325977592882,0.769769518893221,0.8494414974937444,0.37596137811000396,0.06238936253812104,-1.1614583333333333,0.0,0.20746570256152447,0.7297718015212324,1.5,1.8927892607143724,0.0012888974758598795,0.0791293382567048,0.29900640356740027,0.09289137989986,1.0,1.8417668968192704,0.7880431068835286,1.0,0.009023793460430973,0.013166928986041977,0.0053667046846117995,2.1286816697752724,0.24741456141990403,0.0,0.0,-0.2,-1.0,1.03713393259921,0.0,0.0,0.0,0.0,0.0,0.2031140135750122,0.8888888888888888,0.0,Normal,0
-0.008307749981448684,46,6,5,-0.34836848541674165,-0.45815690999132613,-0.3913767846054552,-0.7445687201666262,0.45254724258694085,0.0,-0.11507936507936507,0.5565636493511029,-0.7475927608105515,0.0,0.0,-0.07874879450489872,-0.001722195177383939,-0.08835805347908927,0.0,0.0,0.0,0.0,0.0,0.0,0.0,0.0,0.5607860785898678,-0.8459607780457364,0.0,0.0,0.0,1.0,0.0,0.4425070493497599,0.5,0.2857142857142857,0.0,0.0,0.9207988315012231,0.1111111111111111,0.0,Exploits,1
-0.008305829395579967,119,6,5,-0.34836848541674165,-0.45815690999132613,-0.1799742326265382,-0.7445687201666262,0.4383153396651112,0.0,-0.11507936507936507,0.6027516339666695,-0.7475927608105515,0.0,0.0,-0.07850501908545554,-0.001722195177383939,-0.08835805347908927,0.0,0.0,0.0,0.0,0.0,0.0,0.0,0.0,1.499489945792001,-0.8459607780457364,0.0,0.0,-0.4,1.0,-0.32365668390976504,0.0,0.0,-0.2857142857142857,0.0,0.0,-0.6309297535714572,-0.3333333333333333,0.0,Shellcode,1
1.155804480769981,113,6,4,0.5377054001731342,0.45815690999132636,0.026627704067271322,0.09828264867786968,-0.5953927469421604,0.0,0.8849206349206349,-0.5702801835607866,0.05191220176427135,0.792481250360578,0.6309297535714575,1.0295162502593544,1.1608602248562248,1.0214316503151744,1.0437790953044923,1.0,0.35925276160932756,0.18862340810200787,1.0,1.172708164622956,1.6890109797025665,0.7604821693996824,-0.47056861402790745,0.0,0.0,0.0,0.0,0.0,-0.32365668390976504,0.0,0.0,-0.2857142857142857,0.0,0.0,0.5093842420185072,-0.3333333333333333,0.0,Reconnaissance,1
1.1047695311372925,113,6,4,0.5377054001731342,0.5418430900086738,0.056958217202784864,0.1844361345610965,-0.5756621420858867,0.0,0.8849206349206349,-0.5549363544770385,0.12079600418661175,0.792481250360578,1.261859507142915,1.0207292339040954,1.0782194041351802,0.9710518636767985,0.9668048786418738,1.0,1.0511573053273386,0.23930654233654827,1.0,1.5306171297326583,2.078726198196595,1.1192911031469304,-0.31897941804229135,0.08511298928516586,0.0,0.0,0.0,0.0,-0.32365668390976504,0.0,0.0,0.0,0.0,0.0,-0.2618595071429149,-0.1111111111111111,0.0,Normal,0
0.0006768338944016306,119,6,2,0.0,0.21303083147991342,0.029480958153664708,0.08383207580414302,-0.08257942405723345,-1.1614583333333333,0.0,-0.002529639026237379,0.5439102525071541,0.0,0.0,0.11520973006713357,0.17526283667659173,0.03764275987884906,0.18884560997892308,0.0,0.0,0.0,0.0,0.0,0.0,0.0,1.1876802819286516,0.13062478370534697,0.0,0.0,0.1,-1.0,0.4077591983577853,0.0,0.0,0.0,0.0,0.0,0.5093842420185072,0.1111111111111111,0.0,Normal,0
-0.00830390881163182,100,6,5,-0.34836848541674165,-0.45815690999132613,-0.6540023010292416,-0.7445687201666262,0.4255844927666367,0.0,-0.11507936507936507,0.4570169146977502,-0.7475927608105515,0.0,0.0,-0.07826148514739853,-0.001722195177383939,-0.08835805347908927,0.0,0.0,0.0,0.0,0.0,0.0,0.0,0.0,-0.6017427710050841,-0.8459607780457364,0.0,0.0,0.7,1.0,0.5532947556651122,0.4425070493497599,0.5,0.14285714285714285,0.0,0.0,0.2031140135750122,0.8888888888888888,0.0,Fuzzers,1
2.1032367911375696,113,2,4,0.7492222027586747,0.6115100544329425,0.14494365348138588,0.19220832064903914,-0.651199335725665,0.0,0.8849206349206349,-0.6330573033481247,0.034533340629408375,1.160964047443681,1.4649735207179273,1.14912467045628,1.2730273662047658,1.043823415080794,1.1146831893607698,1.0,0.7553264151891933,0.5364567617562361,1.0,2.291513918721187,2.3884279597516485,2.3481558693496356,-0.5349629372098051,0.05639805666657745,0.0,0.0,-0.3,0.0,0.0,0.0,0.0,-0.2857142857142857,0.0,0.0,-0.2618595071429149,-0.2222222222222222,0.0,Fuzzers,1
-0.008307749981448684,119,1,5,-0.34836848541674165,-0.45815690999132613,-0.6172090301216083,-0.7445687201666262,0.45254724258694085,0.0,-0.11507936507936507,0.4927636086025248,-0.7475927608105515,0.0,0.0,-0.07874879450489872,-0.001722195177383939,-0.08835805347908927,0.0,0.0,0.0,0.0,0.0,0.0,0.0,0.0,-0.43921392141013216,-0.8459607780457364,0.0,0.0,1.1,1.0,1.3846203144649547,2.335575477358633,7.5,1.8571428571428572,0.0,0.0,1.3170424160196508,1.3333333333333333,0.0,Generic,1
0.22525052960602346,113,6,2,0.22946445519383787,0.0,0.2571338484613416,-0.10355692410079358,-0.4810515993472186,-1.0,0.8849206349206349,-0.30284248590993473,0.040697157814012,0.792481250360578,0.6309297535714575,0.7283221706084028,0.0004898572618131637,0.8387077779552062,0.0,1.0,2.0258946530769903,1.9553355566407786,1.0,1.2936413043207318,1.7043925607656483,0.9802288297280408,1.46739088925654,-0.004994179198341338,0.0,0.0,0.3,2.0,0.4077591983577853,1.0,0.0,0.7142857142857143,0.0,0.0,0.2031140135750122,0.4444444444444444,0.0,Normal,0
-0.008305829395579967,119,1,5,-0.34836848541674165,-0.45815690999132613,-0.6172090301216083,-0.7445687201666262,0.4383153396651112,0.0,-0.11507936507936507,0.479395323795663,-0.7475927608105515,0.0,0.0,-0.07850501908545554,-0.001722195177383939,-0.08835805347908927,0.0,0.0,0.0,0.0,0.0,0.0,0.0,0.0,-0.43921392141013216,-0.8459607780457364,0.0,0.0,2.9,1.0,1.9610539540228973,3.123682016378365,7.5,4.428571428571429,0.0,0.0,1.9743577627364342,3.3333333333333335,0.0,Generic,1
0.6429343349281588,113,4,4,0.5377054001731342,0.3533506529659227,0.2090411274377135,0.05846526410373137,-0.5255089557285658,0.0,0.8849206349206349,-0.436771027618514,0.09187182142309908,0.792481250360578,0.6309297535714575,0.8403278537998905,1.0485806796293529,0.8925694038833493,0.9914806168608173,1.0,0.8468664377731108,2.092075420982725,1.0,0.8676967692459466,1.5061842334763844,0.3328274609938977,0.3528979901017422,0.004884408081456099,0.6931471805599453,0.0,-0.4,0.0,-0.32365668390976504,0.0,0.0,-0.2857142857142857,0.0,0.6931471805599453,1.369070246428542,-0.3333333333333333,0.0,Reconnaissance,1
1.0509500156442266,113,4,4,0.5377054001731342,0.45815690999132636,0.3845674606818894,0.25159249762552993,-0.5810344478554803,0.0,0.8849206349206349,-0.45563607509540394,0.17117999643155798,0.792481250360578,1.0,1.0046429798608312,1.1257186865534248,0.976584874804063,1.048893377667684,1.0,0.4118350497428684,0.4122224298897615,1.0,1.2869367661674471,1.83285853346621,0.8572376883702187,1.123515168509065,0.23575929614983016,0.6931471805599453,4.59511985013459,-0.4,0.0,-0.32365668390976504,0.0,0.0,-0.2857142857142857,0.0,0.6931471805599453,-0.6309297535714572,-0.3333333333333333,0.0,Exploits,1
0.0295384992017406,113,6,4,0.8345798913950238,0.769769518893221,0.4324341822099622,0.318375243233886,-0.06973711546212752,-1.1614583333333333,0.0,-0.027898364938647096,0.5861966098325103,1.160964047443681,1.4649735207179273,0.12466587036777763,0.1865590720193833,0.464448282829837,0.24582219163837365,1.0,2.0147843831601233,0.9606606467323419,1.0,0.007388160234768842,0.012538775683378313,0.002923297643613282,0.4879337673292106,0.1589236300357197,0.0,0.0,0.8,-1.0,0.9610539540228977,1.367211219012335,0.0,0.42857142857142855,0.0,0.0,0.7381404928570852,0.4444444444444444,0.0,Normal,0
-0.008317352939600908,120,6,5,-0.34836848541674165,-0.45815690999132613,-0.3913767846054552,-0.7445687201666262,0.5710626891769315,0.0,-0.11507936507936507,0.6678869693421029,-0.7475927608105515,0.0,0.0,-0.07997131065090231,-0.001722195177383939,-0.08835805347908927,0.0,0.0,0.0,0.0,0.0,0.0,0.0,0.0,0.5607860785898678,-0.8459607780457364,0.0,0.0,-0.2,1.0,-0.32365668390976504,0.0,0.0,0.14285714285714285,0.0,0.0,-0.6309297535714572,-0.1111111111111111,0.0,Exploits,1
-0.008313511750578272,110,6,5,-0.34836848541674165,-0.45815690999132613,-0.3913767846054552,-0.7445687201666262,0.5093385986249094,0.0,-0.11507936507936507,0.6099086799000378,-0.7475927608105515,0.0,0.0,-0.07948157445237129,-0.001722195177383939,-0.08835805347908927,0.0,0.0,0.0,0.0,0.0,0.0,0.0,0.0,0.5607860785898678,-0.8459607780457364,0.0,0.0,0.7,1.0,0.6763433160902349,1.1989778467157899,2.0,2.0,0.0,0.0,0.5093842420185072,0.8888888888888888,0.0,DoS,1
-0.008313511750578272,119,1,5,-0.34836848541674165,-0.45815690999132613,-0.6172090301216083,-0.7445687201666262,0.5093385986249094,0.0,-0.11507936507936507,0.5461086388303764,-0.7475927608105515,0.0,0.0,-0.07948157445237129,-0.001722195177383939,-0.08835805347908927,0.0,0.0,0.0,0.0,0.0,0.0,0.0,0.0,-0.43921392141013216,-0.8459607780457364,0.0,0.0,1.2,1.0,0.22963807175534715,0.7564707973660301,1.0,0.0,0.0,0.0,0.0,1.4444444444444444,0.0,Generic,1
-0.008315432344129296,119,1,5,-0.34836848541674165,-0.45815690999132613,-0.6172090301216083,-0.7445687201666262,0.5363014692156571,0.0,-0.11507936507936507,0.571435250794517,-0.7475927608105515,0.0,0.0,-0.07972632060535206,-0.001722195177383939,-0.08835805347908927,0.0,0.0,0.0,0.0,0.0,0.0,0.0,0.0,-0.43921392141013216,-0.8459607780457364,0.0,0.0,2.1,1.0,1.7829328274204592,2.84046274278134,6.0,3.2857142857142856,0.0,0.0,1.7381404928570847,2.4444444444444446,0.0,Generic,1
-0.008317352939600908,120,6,5,-0.34836848541674165,-0.45815690999132613,-0.3913767846054552,-0.7445687201666262,0.5710626891769315,0.0,-0.11507936507936507,0.6678869693421029,-0.7475927608105515,0.0,0.0,-0.07997131065090231,-0.001722195177383939,-0.08835805347908927,0.0,0.0,0.0,0.0,0.0,0.0,0.0,0.0,0.5607860785898678,-0.8459607780457364,0.0,0.0,0.0,1.0,0.4077591983577853,0.4425070493497599,0.5,0.7142857142857143,0.0,0.0,0.2031140135750122,0.1111111111111111,0.0,Reconnaissance,1
1.6977569408126014,113,6,4,1.3649521946935697,0.6115100544329425,1.6920886214750523,0.23543148633085256,-0.5400088695302276,0.0,0.8849206349206349,-0.15542951104636557,0.0982014388871635,2.0,1.0,0.8374665696702159,1.1834090736165281,0.9353006506132469,1.0492220007023416,1.0,0.4334813784030652,1.9600656335884632,1.0,2.0628860694827575,2.728358071987457,1.6099117475254745,4.62983080977824,0.12223768941740623,0.0,0.0,0.3,0.0,-0.32365668390976504,0.0,0.0,0.14285714285714285,0.0,0.0,-0.2618595071429149,0.3333333333333333,0.0,Normal,0
-0.008317352939600908,119,6,5,-0.34836848541674165,-0.45815690999132613,-0.6540023010292416,-0.7445687201666262,0.5710626891769315,0.0,-0.11507936507936507,0.5936668415105808,-0.7475927608105515,0.0,0.0,-0.07997131065090231,-0.001722195177383939,-0.08835805347908927,0.0,0.0,0.0,0.0,0.0,0.0,0.0,0.0,-0.6017427710050841,-0.8459607780457364,0.0,0.0,-0.1,1.0,0.0,0.4425070493497599,0.0,0.14285714285714285,0.0,0.0,-0.2618595071429149,0.0,0.0,Fuzzers,1
-0.006203939485317817,119,1,2,-0.34836848541674165,0.0,-0.5179170842831736,0.0,-0.01003359841239432,-1.1614583333333333,0.0,-0.038394852894365276,0.5894875493192612,0.0,0.0,-0.0792370717068429,0.0,-0.08835805347908927,0.0,0.0,0.0,0.0,0.0,0.0,0.0,0.0,0.0,0.1540392219542636,0.0,0.0,-0.1,-1.0,-0.32365668390976504,0.0,0.0,-0.14285714285714285,0.0,0.0,-0.2618595071429149,-0.3333333333333333,0.0,Normal,0
-0.008315432344129296,119,1,5,-0.34836848541674165,-0.45815690999132613,-0.6172090301216083,-0.7445687201666262,0.5363014692156571,0.0,-0.11507936507936507,0.571435250794517,-0.7475927608105515,0.0,0.0,-0.07972632060535206,-0.001722195177383939,-0.08835805347908927,0.0,0.0,0.0,0.0,0.0,0.0,0.0,0.0,-0.43921392141013216,-0.8459607780457364,0.0,0.0,2.2,1.0,1.7829328274204592,2.880152813744395,6.0,3.4285714285714284,0.0,0.0,1.7712437491614217,2.5555555555555554,0.0,Generic,1
-0.008305829395579967,119,1,5,-0.34836848541674165,-0.45815690999132613,-0.6172090301216083,-0.7445687201666262,0.4383153396651112,0.0,-0.11507936507936507,0.479395323795663,-0.7475927608105515,0.0,0.0,-0.07850501908545554,-0.001722195177383939,-0.08835805347908927,0.0,0.0,0.0,0.0,0.0,0.0,0.0,0.0,-0.43921392141013216,-0.8459607780457364,0.0,0.0,2.5,1.0,1.3362275830855714,2.26941239209809,7.0,3.857142857142857,0.0,0.0,1.2618595071429144,2.888888888888889,0.0,Generic,1
0.5344804340632872,113,4,4,0.5377054001731342,0.3533506529659227,0.21716645384704578,0.05846526410373137,-0.5005163613100732,0.0,0.8849206349206349,-0.4104742752630001,0.11304311543945268,0.792481250360578,0.6309297535714575,0.783458086137365,1.0119956994630959,0.8439624214368704,0.9340792120399827,1.0,0.35681215073154804,1.9223637524958137,1.0,0.9323168118551387,0.7568653706970063,1.087713782420828,0.372819180453224,0.004884408081456099,0.6931471805599453,0.0,-0.4,0.0,-0.32365668390976504,0.0,0.0,-0.2857142857142857,0.0,0.6931471805599453,-0.6309297535714572,-0.3333333333333333,0.0,Exploits,1
-0.00830967056923797,57,6,5,-0.34836848541674165,-0.45815690999132613,-0.3913767846054552,-0.7445687201666262,0.4686820524374373,0.0,-0.11507936507936507,0.5717193517729767,-0.7475927608105515,0.0,0.0,-0.07899281188509567,-0.001722195177383939,-0.08835805347908927,0.0,0.0,0.0,0.0,0.0,0.0,0.0,0.0,0.5607860785898678,-0.8459607780457364,0.0,0.0,-0.1,1.0,0.0,0.4425070493497599,0.5,0.14285714285714285,0.0,0.0,1.3170424160196508,0.0,0.0,DoS,1
-0.008307749981448684,119,6,5,-0.34836848541674165,-0.45815690999132613,-0.6540023010292416,-0.7445687201666262,0.45254724258694085,0.0,-0.11507936507936507,0.482343526365123,-0.7475927608105515,0.0,0.0,-0.07874879450489872,-0.001722195177383939,-0.08835805347908927,0.0,0.0,0.0,0.0,0.0,0.0,0.0,0.0,-0.6017427710050841,-0.8459607780457364,0.0,0.0,-0.1,1.0,0.0,0.4425070493497599,0.5,0.0,0.0,0.0,-0.2618595071429149,-0.1111111111111111,0.0,Normal,0
-0.008319273536993108,119,1,5,-0.34836848541674165,-0.45815690999132613,-0.6172090301216083,-0.7445687201666262,0.6200559375313737,0.0,-0.11507936507936507,0.6501068934843124,-0.7475927608105515,0.0,0.0,-0.08021654507559085,-0.001722195177383939,-0.08835805347908927,0.0,0.0,0.0,0.0,0.0,0.0,0.0,0.0,-0.43921392141013216,-0.8459607780457364,0.0,0.0,2.3,1.0,1.5143487096880097,2.456962315881736,8.5,3.5714285714285716,0.0,0.0,1.4182843521034598,2.6666666666666665,0.0,Generic,1
-0.008307749981448684,120,6,5,-0.34836848541674165,-0.45815690999132613,-0.3913767846054552,-0.7445687201666262,0.45254724258694085,0.0,-0.11507936507936507,0.5565636493511029,-0.7475927608105515,0.0,0.0,-0.07874879450489872,-0.001722195177383939,-0.08835805347908927,0.0,0.0,0.0,0.0,0.0,0.0,0.0,0.0,0.5607860785898678,-0.8459607780457364,0.0,0.0,0.0,1.0,-0.32365668390976504,0.0,0.0,0.2857142857142857,0.0,0.0,-0.6309297535714572,0.1111111111111111,0.0,DoS,1
-0.008301988229604236,119,1,5,-0.34836848541674165,-0.45815690999132613,-0.6172090301216083,-0.7445687201666262,0.414068041885026,0.0,-0.11507936507936507,0.4566193649962678,-0.7475927608105515,0.0,0.0,-0.07801819221278322,-0.001722195177383939,-0.08835805347908927,0.0,0.0,0.0,0.0,0.0,0.0,0.0,0.0,-0.43921392141013216,-0.8459607780457364,0.0,0.0,0.9,1.0,0.7829328274204592,1.51294159473206,1.5,0.5714285714285714,0.0,0.0,0.6309297535714571,1.1111111111111112,0.0,Generic,1
-0.006209694946502949,119,1,2,-0.34836848541674165,0.0,-0.5179170842831736,0.0,-0.009704920575815313,-1.1614583333333333,0.0,-0.03808601246507394,0.5897595366011131,0.0,0.0,-0.07850501908545554,0.0,-0.08835805347908927,0.0,0.0,0.0,0.0,0.0,0.0,0.0,0.0,0.0,0.1540392219542636,0.0,0.0,-0.2,-1.0,-0.32365668390976504,0.4425070493497599,0.0,-0.14285714285714285,0.0,0.0,0.5093842420185072,0.1111111111111111,0.0,Normal,0
1.4000040260491369,113,3,4,0.5377054001731342,0.45815690999132636,-0.0645178414919942,0.27081095300414404,-0.6252631496246714,-1.0,0.8849206349206349,-0.6256124914006507,0.1461090810240485,0.5,1.0,1.0985374384533515,1.2376882613261628,1.0637196155607467,1.1456862250766489,1.0,0.27834735650305364,1.1501137737515092,1.0,0.5293294171090228,0.7774550837322868,0.3192953575423511,-0.8571173182969516,0.2660743240029671,0.0,0.0,-0.4,0.0,0.0,0.0,0.0,-0.14285714285714285,0.0,0.0,1.5517285850726805,-0.3333333333333333,0.0,Exploits,1
-0.008305829395579967,119,6,5,-0.34836848541674165,-0.45815690999132613,-0.4615104146933044,-0.7445687201666262,0.4383153396651112,0.0,-0.11507936507936507,0.5234063984755704,-0.7475927608105515,0.0,0.0,-0.07850501908545554,-0.001722195177383939,-0.08835805347908927,0.0,0.0,0.0,0.0,0.0,0.0,0.0,0.0,0.2498499789758582,-0.8459607780457364,0.0,0.0,-0.4,1.0,0.0,0.0,0.0,-0.2857142857142857,0.0,0.0,0.0,-0.1111111111111111,0.0,Reconnaissance,1
1.6863798506524008,113,6,4,0.5377054001731342,0.5418430900086738,0.056958217202784864,0.1844361345610965,-0.6431642331638551,0.0,0.8849206349206349,-0.6218908987262232,0.06183081661363745,0.5,1.4649735207179273,2.223784636166924,2.3125218901191382,1.6726772172593085,2.1816660440958224,1.0,0.3751553995208246,1.6796120107772095,1.0,2.3266333898745186,3.018984734034829,1.8875437194811988,-0.31897941804229135,0.08511298928516586,0.0,0.0,-0.3,0.0,0.0,0.4425070493497599,0.5,-0.14285714285714285,0.0,0.0,0.0,-0.2222222222222222,0.0,Exploits,1
0.7482095165240935,113,4,4,0.5377054001731342,0.3533506529659227,0.6656467280293177,0.05846526410373137,-0.546509222044467,0.0,0.8849206349206349,-0.32893563841844414,0.07399260810806288,0.792481250360578,0.6309297535714575,0.8784836383966402,1.0442446161997125,0.9084680830982714,0.9588990537533607,1.0,1.8940491391532568,0.8465281328101902,1.0,2.27154723881275,3.6254608684855443,1.2409477842405978,2.3666112102347077,0.004884408081456099,0.6931471805599453,0.0,-0.4,0.0,-0.32365668390976504,0.0,0.0,-0.2857142857142857,0.0,0.6931471805599453,-0.2618595071429149,-0.3333333333333333,0.0,Exploits,1
0.5082203356173098,113,6,4,1.9321705795704398,1.4042714326121517,0.897234473935367,0.8756941745145083,-0.2034047901126888,-1.1614583333333333,0.0,-0.2025269486917099,0.7049265760010914,1.5,3.286799128218273,0.3004978983436631,0.3763576889659253,0.5966406211217677,1.1308894828811897,1.0,0.9909131763171607,1.0327573226337343,1.0,0.007715303879844865,0.013467345026113025,0.0027406025021428845,-0.4083952327752013,0.6730333765771702,0.0,0.0,0.4,-1.0,0.22963807175534715,0.0,0.0,-0.2857142857142857,0.0,0.0,0.5093842420185072,0.0,0.0,Normal,0
-0.0064514398919745895,119,1,2,-0.34836848541674165,0.0,-0.5645236512267633,-0.013439937805221309,0.004975589400496165,-1.1614583333333333,0.0,-0.03746578700558124,0.5924932336084403,0.0,0.0,-0.07850501908545554,-0.0007366131141869122,-0.08835805347908927,0.0,0.0,0.0,0.0,0.0,0.0,0.0,0.0,-0.2062646310321604,0.13335158627940197,0.0,0.0,-0.2,-1.0,0.22963807175534715,0.0,0.0,-0.2857142857142857,0.0,0.0,0.5093842420185072,-0.1111111111111111,0.0,Normal,0
-0.008305829395579967,119,6,5,-0.34836848541674165,-0.45815690999132613,-0.4615104146933044,-0.7445687201666262,0.4383153396651112,0.0,-0.11507936507936507,0.5234063984755704,-0.7475927608105515,0.0,0.0,-0.07850501908545554,-0.001722195177383939,-0.08835805347908927,0.0,0.0,0.0,0.0,0.0,0.0,0.0,0.0,0.2498499789758582,-0.8459607780457364,0.0,0.0,0.1,1.0,-0.32365668390976504,0.0,0.0,-0.2857142857142857,0.0,0.0,0.0,-0.3333333333333333,0.0,Reconnaissance,1
-0.008307749981448684,119,1,5,-0.34836848541674165,-0.45815690999132613,-0.6172090301216083,-0.7445687201666262,0.45254724258694085,0.0,-0.11507936507936507,0.4927636086025248,-0.7475927608105515,0.0,0.0,-0.07874879450489872,-0.001722195177383939,-0.08835805347908927,0.0,0.0,0.0,0.0,0.0,0.0,0.0,0.0,-0.43921392141013216,-0.8459607780457364,0.0,0.0,1.1,1.0,1.3846203144649547,2.335575477358633,7.5,1.8571428571428572,0.0,0.0,1.369070246428542,1.3333333333333333,0.0,Generic,1
-0.008313511750578272,119,1,5,-0.34836848541674165,-0.45815690999132613,-0.6172090301216083,-0.7445687201666262,0.5093385986249094,0.0,-0.11507936507936507,0.5461086388303764,-0.7475927608105515,0.0,0.0,-0.07948157445237129,-0.001722195177383939,-0.08835805347908927,0.0,0.0,0.0,0.0,0.0,0.0,0.0,0.0,-0.43921392141013216,-0.8459607780457364,0.0,0.0,1.9,1.0,1.4302461952399894,2.3979556934315798,8.0,3.0,0.0,0.0,1.369070246428542,2.2222222222222223,0.0,Generic,1
7.8711440016686405,78,6,5,1.6352960883485503,-0.45815690999132613,1.344327832593562,-0.7445687201666262,-0.888582478413844,0.0,-0.11507936507936507,-0.6749665842744025,-0.7475927608105515,0.0,0.0,1.646195849262657,-0.001722195177383939,0.815188091598898,0.0,0.0,0.0,0.0,0.0,0.0,0.0,0.0,2.3534516672592405,-0.8459607780457364,0.0,0.0,-0.3,1.0,0.5532947556651122,0.4425070493497599,0.5,0.42857142857142855,0.0,0.0,0.2031140135750122,-0.2222222222222222,0.0,DoS,1
1.330495880868386,113,4,4,0.7492222027586747,0.769769518893221,0.4685650615090426,0.5798381518925964,-0.5476982798457021,-1.1614583333333333,0.0,-0.46424951589746816,0.3760486694076417,1.0,1.6309297535714575,0.991959448534637,1.0101849773579048,1.0563654164032843,1.8658975045124333,1.0,1.4066386760453757,0.3450400041170139,1.0,0.007564315561485536,0.013221550329912462,0.0026720914473277162,0.8865069284623087,0.5626752627177299,0.6931471805599453,8.275121630216509,-0.4,-1.0,0.4077591983577853,0.0,0.0,-0.14285714285714285,0.0,0.6931471805599453,0.6309297535714571,-0.3333333333333333,0.0,Normal,0
1.1544232327784618,113,6,4,0.5377054001731342,0.45815690999132636,0.013532949482808284,0.09828264867786968,-0.5952104085351387,0.0,0.8849206349206349,-0.5737320872464706,0.052070368605505936,0.792481250360578,0.6309297535714575,1.0266620919360103,1.155678966324378,0.9838019368909294,1.1015623254176177,1.0,1.5087898146287941,0.1264179057211382,1.0,1.8040923748239481,2.066670152084461,1.6624258774198215,-0.5024782856813175,0.0,0.0,0.0,0.1,0.0,-0.32365668390976504,0.0,0.0,0.42857142857142855,0.0,0.0,-0.6309297535714572,0.1111111111111111,0.0,Fuzzers,1
-0.008317352939600908,119,1,5,-0.34836848541674165,-0.45815690999132613,-0.6172090301216083,-0.7445687201666262,0.5710626891769315,0.0,-0.11507936507936507,0.6040869325983536,-0.7475927608105515,0.0,0.0,-0.07997131065090231,-0.001722195177383939,-0.08835805347908927,0.0,0.0,0.0,0.0,0.0,0.0,0.0,0.0,-0.43921392141013216,-0.8459607780457364,0.0,0.0,2.7,1.0,1.9140853721740871,3.0594660443335724,8.0,4.142857142857143,0.0,0.0,1.920798831501223,3.111111111111111,0.0,Generic,1
1.0577301928183416,113,11,4,2.206006547107343,1.5685422788728383,1.283854598969797,0.6195586476856706,-0.26053597150719743,-1.1614583333333333,0.0,-0.1931637807602953,0.4392424183592418,2.584962500721156,3.209831676734024,0.39544518473861723,0.476265628408665,0.6627932075367248,1.2439929225610953,1.0,0.5537506267792207,1.634072703465902,1.0,0.00811793054308605,0.01395892778539713,0.0030603180406919,0.5607860785898678,0.19040285414535407,0.0,0.0,-0.3,-1.0,0.5532947556651122,0.0,0.0,-0.2857142857142857,0.0,0.0,0.6309297535714571,-0.3333333333333333,0.0,Normal,0
0.5015793091743944,113,6,4,0.5377054001731342,0.3533506529659227,0.025193493027681695,0.05846526410373137,-0.49205652919126397,0.0,0.8849206349206349,-0.4563182607023369,0.12018701538230735,0.792481250360578,0.6309297535714575,0.7776608828314641,0.9803708733442221,0.8390897251855066,0.9002722387851783,1.0,0.24180851553874871,0.9015199448980815,1.0,1.0528951613357536,1.1253368105117427,1.0092891632892398,-0.47056861402790745,0.004884408081456099,0.0,0.0,-0.4,0.0,-0.32365668390976504,0.0,0.0,-0.2857142857142857,0.0,0.0,-0.6309297535714572,-0.3333333333333333,0.0,Shellcode,1
-0.00830390881163182,119,1,5,-0.34836848541674165,-0.45815690999132613,-0.6172090301216083,-0.7445687201666262,0.4255844927666367,0.0,-0.11507936507936507,0.4674369968872862,-0.7475927608105515,0.0,0.0,-0.07826148514739853,-0.001722195177383939,-0.08835805347908927,0.0,0.0,0.0,0.0,0.0,0.0,0.0,0.0,-0.43921392141013216,-0.8459607780457364,0.0,0.0,0.7,1.0,0.22963807175534715,0.7564707973660301,1.0,0.0,0.0,0.0,0.0,0.8888888888888888,0.0,Generic,1
1.3289983292534013,113,4,4,0.6516315145832584,0.769769518893221,0.4427985440856021,0.5798381518925964,-0.5553131812984149,-1.1614583333333333,0.0,-0.47274070142198704,0.3762039965747962,1.0,1.6309297535714575,1.0321704303908914,1.0097568172157794,1.0669163453117998,1.8659219426535778,1.0,0.20370653877835246,0.20613691145386057,1.0,0.010483102191045212,0.01895618387966736,0.0031745010769995354,1.0569818108072753,0.5626752627177299,0.6931471805599453,8.275121630216509,-0.3,-1.0,0.0,0.0,0.0,1.5714285714285714,0.0,0.6931471805599453,-0.6309297535714572,-0.3333333333333333,0.0,Normal,0
-0.00831159115894783,119,1,5,-0.34836848541674165,-0.45815690999132613,-0.6172090301216083,-0.7445687201666262,0.4873083417532429,0.0,-0.11507936507936507,0.5254152901574599,-0.7475927608105515,0.0,0.0,-0.0792370717068429,-0.001722195177383939,-0.08835805347908927,0.0,0.0,0.0,0.0,0.0,0.0,0.0,0.0,-0.43921392141013216,-0.8459607780457364,0.0,0.0,2.8,1.0,1.4302461952399894,2.3979556934315798,8.0,4.285714285714286,0.0,0.0,1.369070246428542,3.2222222222222223,0.0,Generic,1
0.03457298400247102,113,6,4,0.8345798913950238,0.769769518893221,0.4324341822099622,0.318375243233886,-0.08497134529514212,-1.1614583333333333,0.0,-0.042217196692050804,0.5735865497594015,1.160964047443681,1.4649735207179273,0.14305408346081597,0.20388782804081432,0.48544977067565104,0.2678750574834747,1.0,1.3038020555037795,1.3216807769915129,1.0,0.007803379562675704,0.01330348214098758,0.003037481364929742,0.4879337673292106,0.1589236300357197,0.0,0.0,0.5,-1.0,0.7829328274204592,1.367211219012335,0.0,0.42857142857142855,0.0,0.0,1.0728580123298777,0.3333333333333333,0.0,Normal,0
-0.008315432344129296,119,1,5,-0.34836848541674165,-0.45815690999132613,-0.6172090301216083,-0.7445687201666262,0.5363014692156571,0.0,-0.11507936507936507,0.571435250794517,-0.7475927608105515,0.0,0.0,-0.07972632060535206,-0.001722195177383939,-0.08835805347908927,0.0,0.0,0.0,0.0,0.0,0.0,0.0,0.0,-0.43921392141013216,-0.8459607780457364,0.0,0.0,-0.2,1.0,0.22963807175534715,0.7564707973660301,1.0,0.0,0.0,0.0,0.0,-0.1111111111111111,0.0,Generic,1
0.7814309875243536,113,6,4,0.5377054001731342,0.3533506529659227,0.06744689808021592,0.05846526410373137,-0.5526153577178797,0.0,0.8849206349206349,-0.5027910115510087,0.06877608332480271,0.792481250360578,0.0,2.1147016556670923,2.3290048951773366,1.6174651553978345,2.135369042618783,1.0,2.109275329396535,0.19678563372416694,1.0,1.8448812034625528,2.0529359892481205,1.753285180168481,-0.2901332125177142,0.004884408081456099,0.0,0.0,0.4,0.0,0.4077591983577853,1.0,1.0,0.8571428571428571,0.0,0.0,0.2031140135750122,0.5555555555555556,0.0,Normal,0
2.1106873868469025,113,6,4,0.5377054001731342,0.45815690999132636,0.04207721430010943,0.09828264867786968,-0.6942830018567124,0.0,0.8849206349206349,-0.6660319839313853,-0.03625211521555748,0.792481250360578,0.6309297535714575,1.2462268277915034,1.3739708261776673,1.1066155167934024,1.2387974832374202,1.0,1.9222414899888283,1.2656929252594276,1.0,3.708551698277588,4.525874379810014,3.4369599136950946,-0.3780945298881316,0.0,0.0,0.0,-0.1,0.0,-0.32365668390976504,0.0,0.0,-0.14285714285714285,0.0,0.0,-0.2618595071429149,-0.2222222222222222,0.0,Normal,0
-0.008305829395579967,119,1,5,-0.34836848541674165,-0.45815690999132613,-0.6172090301216083,-0.7445687201666262,0.4383153396651112,0.0,-0.11507936507936507,0.479395323795663,-0.7475927608105515,0.0,0.0,-0.07850501908545554,-0.001722195177383939,-0.08835805347908927,0.0,0.0,0.0,0.0,0.0,0.0,0.0,0.0,-0.43921392141013216,-0.8459607780457364,0.0,0.0,2.9,1.0,1.8895223387506836,3.0258831894641203,7.0,4.428571428571429,0.0,0.0,1.892789260714372,3.3333333333333335,0.0,Generic,1
-0.008319273536993108,119,1,5,-0.34836848541674165,-0.45815690999132613,-0.6172090301216083,-0.7445687201666262,0.6200559375313737,0.0,-0.11507936507936507,0.6501068934843124,-0.7475927608105515,0.0,0.0,-0.08021654507559085,-0.001722195177383939,-0.08835805347908927,0.0,0.0,0.0,0.0,0.0,0.0,0.0,0.0,-0.43921392141013216,-0.8459607780457364,0.0,0.0,0.8,1.0,0.4077591983577853,1.0,1.5,0.14285714285714285,0.0,0.0,0.36907024642854247,1.0,0.0,Generic,1
-0.008305829395579967,119,1,5,-0.34836848541674165,-0.45815690999132613,-0.6172090301216083,-0.7445687201666262,0.4383153396651112,0.0,-0.11507936507936507,0.479395323795663,-0.7475927608105515,0.0,0.0,-0.07850501908545554,-0.001722195177383939,-0.08835805347908927,0.0,0.0,0.0,0.0,0.0,0.0,0.0,0.0,-0.43921392141013216,-0.8459607780457364,0.0,0.0,1.8,1.0,1.5143487096880097,2.51294159473206,2.5,2.857142857142857,0.0,0.0,1.4649735207179266,2.111111111111111,0.0,Generic,1
0.7746717949109049,113,6,4,0.5377054001731342,0.3533506529659227,0.19323313708992118,0.05846526410373137,-0.551390947841575,0.0,0.8849206349206349,-0.46630910324505487,0.06982280145014975,0.792481250360578,0.6309297535714575,0.9129444795915731,1.0568402794851546,0.9222361931156822,0.9807898560411654,1.0,1.0629602238373732,0.6674501278920985,1.0,2.708942100808611,3.6679012092845946,2.1020499675273228,0.27093617704673073,0.004884408081456099,0.0,0.0,0.1,0.0,-0.32365668390976504,0.0,0.0,0.42857142857142855,0.0,0.0,-0.6309297535714572,0.2222222222222222,0.0,Normal,0
-0.00830390881163182,119,1,5,-0.34836848541674165,-0.45815690999132613,-0.6172090301216083,-0.7445687201666262,0.4255844927666367,0.0,-0.11507936507936507,0.4674369968872862,-0.7475927608105515,0.0,0.0,-0.07826148514739853,-0.001722195177383939,-0.08835805347908927,0.0,0.0,0.0,0.0,0.0,0.0,0.0,0.0,-0.43921392141013216,-0.8459607780457364,0.0,0.0,2.2,1.0,1.7237772057925873,2.7992745841871196,12.0,3.4285714285714284,0.0,0.0,1.703787765901335,2.5555555555555554,0.0,Generic,1
1.4996527397857078,113,4,4,0.7492222027586747,0.769769518893221,0.4685650615090426,0.5798381518925964,-0.5673515602210477,-1.1614583333333333,0.0,-0.48336201134320167,0.3592157858010768,1.0,1.6309297535714575,1.032882014366743,1.0510991478411722,1.0752701126058732,1.89725766978727,1.0,1.7861299393891243,1.8013835819668187,1.0,0.011137220166341,0.019393059001177822,0.00399660208773097,0.8865069284623087,0.5626752627177299,0.6931471805599453,8.275121630216509,-0.4,-1.0,0.5532947556651122,0.0,0.0,0.0,0.0,0.6931471805599453,0.36907024642854247,-0.3333333333333333,0.0,Normal,0
-0.008313511750578272,57,6,5,-0.34836848541674165,-0.45815690999132613,-0.3913767846054552,-0.7445687201666262,0.5093385986249094,0.0,-0.11507936507936507,0.6099086799000378,-0.7475927608105515,0.0,0.0,-0.07948157445237129,-0.001722195177383939,-0.08835805347908927,0.0,0.0,0.0,0.0,0.0,0.0,0.0,0.0,0.5607860785898678,-0.8459607780457364,0.0,0.0,0.1,1.0,0.0,0.4425070493497599,0.5,0.42857142857142855,0.0,0.0,-0.2618595071429149,0.2222222222222222,0.0,Reconnaissance,1
7.788674779780477,119,1,5,1.769889585545543,-0.45815690999132613,1.0126499243138898,-0.7445687201666262,-0.8735513673511331,0.0,-0.11507936507936507,-0.7626402813044407,-0.7475927608105515,0.0,0.0,1.5853432197746486,-0.001722195177383939,0.8151759408066791,0.0,0.0,0.0,0.0,0.0,0.0,0.0,0.0,0.5247278889577134,-0.8459607780457364,0.0,0.0,0.3,1.0,0.8769514395748775,1.6414848960655501,3.5,0.7142857142857143,0.0,0.0,0.7381404928570852,0.4444444444444444,0.0,Fuzzers,1
-0.008305829395579967,119,1,5,-0.34836848541674165,-0.45815690999132613,-0.6172090301216083,-0.7445687201666262,0.4383153396651112,0.0,-0.11507936507936507,0.479395323795663,-0.7475927608105515,0.0,0.0,-0.07850501908545554,-0.001722195177383939,-0.08835805347908927,0.0,0.0,0.0,0.0,0.0,0.0,0.0,0.0,-0.43921392141013216,-0.8459607780457364,0.0,0.0,2.8,1.0,1.937915070130067,3.0920462747246633,7.0,4.285714285714286,0.0,0.0,1.9479721695911079,3.2222222222222223,0.0,Generic,1
-0.008307749981448684,119,1,5,-0.34836848541674165,-0.45815690999132613,-0.6172090301216083,-0.7445687201666262,0.45254724258694085,0.0,-0.11507936507936507,0.4927636086025248,-0.7475927608105515,0.0,0.0,-0.07874879450489872,-0.001722195177383939,-0.08835805347908927,0.0,0.0,0.0,0.0,0.0,0.0,0.0,0.0,-0.43921392141013216,-0.8459607780457364,0.0,0.0,2.8,1.0,1.937915070130067,3.0920462747246633,8.0,4.285714285714286,0.0,0.0,1.9479721695911079,3.2222222222222223,0.0,Generic,1
-0.00831159115894783,119,1,5,-0.34836848541674165,-0.45815690999132613,-0.6172090301216083,-0.7445687201666262,0.4873083417532429,0.0,-0.11507936507936507,0.5254152901574599,-0.7475927608105515,0.0,0.0,-0.0792370717068429,-0.001722195177383939,-0.08835805347908927,0.0,0.0,0.0,0.0,0.0,0.0,0.0,0.0,-0.43921392141013216,-0.8459607780457364,0.0,0.0,2.6,1.0,1.7539028791497548,2.7992745841871196,12.0,4.142857142857143,0.0,0.0,1.7381404928570847,3.0,0.0,Generic,1
1.971179715252538,113,9,4,2.5522237012813225,1.1474793516861461,2.4963944053040787,0.39538309107011366,-0.3663569993066815,-1.0,0.8849206349206349,0.046716319333175174,0.19296134939725793,3.3432502635916093,2.0000000000000004,0.4760185603370576,0.9144560693192987,0.7685022702568133,0.808602871793404,1.0,0.5837373127399968,0.28550670865527084,1.0,0.6630465928409963,0.19412789665188945,1.0478261385615497,5.034738660929484,0.07121898896920476,0.0,0.0,-0.4,0.0,-0.32365668390976504,0.0,0.0,-0.2857142857142857,0.0,0.0,-0.6309297535714572,-0.3333333333333333,0.0,Exploits,1
-0.00830390881163182,119,6,5,-0.34836848541674165,-0.45815690999132613,-0.6540023010292416,-0.7445687201666262,0.4255844927666367,0.0,-0.11507936507936507,0.4570169146977502,-0.7475927608105515,0.0,0.0,-0.07826148514739853,-0.001722195177383939,-0.08835805347908927,0.0,0.0,0.0,0.0,0.0,0.0,0.0,0.0,-0.6017427710050841,-0.8459607780457364,0.0,0.0,0.3,1.0,0.4077591983577853,0.4425070493497599,0.0,0.5714285714285714,0.0,0.0,0.2031140135750122,0.3333333333333333,0.0,Fuzzers,1
-0.008305829395579967,119,1,5,-0.34836848541674165,-0.45815690999132613,-0.6172090301216083,-0.7445687201666262,0.4383153396651112,0.0,-0.11507936507936507,0.479395323795663,-0.7475927608105515,0.0,0.0,-0.07850501908545554,-0.001722195177383939,-0.08835805347908927,0.0,0.0,0.0,0.0,0.0,0.0,0.0,0.0,-0.43921392141013216,-0.8459607780457364,0.0,0.0,3.5,1.0,1.6924698362904478,2.75647079736603,5.5,5.428571428571429,0.0,0.0,1.6680875342929389,4.0,0.0,Generic,1
-0.008321194136305905,119,1,5,-0.34836848541674165,-0.45815690999132613,-0.6172090301216083,-0.7445687201666262,0.7038105267032175,0.0,-0.11507936507936507,0.7287785364230093,-0.7475927608105515,0.0,0.0,-0.08046202436744408,-0.001722195177383939,-0.08835805347908927,0.0,0.0,0.0,0.0,0.0,0.0,0.0,0.0,-0.43921392141013216,-0.8459607780457364,0.0,0.0,3.6,1.0,1.7237772057925873,2.7992745841871196,12.0,5.428571428571429,0.0,0.0,1.703787765901335,4.111111111111111,0.0,Generic,1
0.21669582861423337,113,6,4,1.769889585545543,1.3076026511658256,0.8107718739312452,0.8284407589352949,-0.12258363852941984,-1.1614583333333333,0.0,-0.12397109349154752,0.7625967645155693,1.5,3.0331032563043374,0.18164269212258563,0.2590097535054532,0.4959287804519079,0.9623210252783669,1.0,0.4242948819870482,0.44822497285092766,1.0,0.00844505522630756,0.01483283085422728,0.002923297643613282,-0.3780945298881316,0.6519957697723183,0.0,0.0,-0.3,-1.0,0.22963807175534715,0.0,0.0,-0.2857142857142857,0.0,0.0,-0.2618595071429149,0.0,0.0,Normal,0
-0.008317352939600908,47,6,5,-0.34836848541674165,-0.45815690999132613,-0.3913767846054552,-0.7445687201666262,0.5710626891769315,0.0,-0.11507936507936507,0.6678869693421029,-0.7475927608105515,0.0,0.0,-0.07997131065090231,-0.001722195177383939,-0.08835805347908927,0.0,0.0,0.0,0.0,0.0,0.0,0.0,0.0,0.5607860785898678,-0.8459607780457364,0.0,0.0,-0.1,1.0,-0.32365668390976504,0.0,0.0,0.14285714285714285,0.0,0.0,0.0,0.0,0.0,Generic,1
1.4420767734464799,113,6,4,0.5377054001731342,0.45815690999132636,0.026627704067271322,0.09828264867786968,-0.6299984685344943,0.0,0.8849206349206349,-0.6046375959067531,0.021659547855971528,0.792481250360578,0.6309297535714575,1.1087435287269356,1.2413702257475765,1.0473783226498548,1.1354995356918172,1.0,1.1608195500902596,0.13760263623190677,1.0,1.4632660018472856,1.5673485088996164,1.4213571691464226,-0.47056861402790745,0.0,0.0,0.0,-0.2,0.0,-0.32365668390976504,0.0,0.0,-0.2857142857142857,0.0,0.0,-0.6309297535714572,-0.3333333333333333,0.0,Reconnaissance,1
-0.008301988229604236,119,1,5,-0.34836848541674165,-0.45815690999132613,-0.6172090301216083,-0.7445687201666262,0.414068041885026,0.0,-0.11507936507936507,0.4566193649962678,-0.7475927608105515,0.0,0.0,-0.07801819221278322,-0.001722195177383939,-0.08835805347908927,0.0,0.0,0.0,0.0,0.0,0.0,0.0,0.0,-0.43921392141013216,-0.8459607780457364,0.0,0.0,0.6,1.0,0.7829328274204592,1.51294159473206,1.5,0.5714285714285714,0.0,0.0,0.6309297535714571,0.7777777777777778,0.0,Generic,1
0.8003748595584451,113,6,4,0.5377054001731342,0.3533506529659227,0.14494365348138588,0.05846526410373137,-0.5560002227623744,0.0,0.8849206349206349,-0.48428305654060655,0.06588057201113431,0.792481250360578,0.6309297535714575,0.8731088974553819,1.11884706549478,0.8888935694115587,0.9915384329634798,1.0,0.39418501262886785,0.4843125020118463,1.0,1.6722540290012096,1.6101440070557005,1.7863008004724221,0.07164582698688114,0.004884408081456099,0.0,0.0,0.1,0.0,-0.32365668390976504,0.0,0.0,0.0,0.0,0.0,-0.2618595071429149,-0.1111111111111111,0.0,Fuzzers,1
1.7422580685605067,113,6,4,0.9104325977592882,0.884218572951153,0.2603597645812218,0.5772172252285367,-0.5605465284691098,-1.0,0.8849206349206349,-0.5649168275058497,0.3367346542058904,1.403677461028802,2.095903274289385,1.021507235937678,1.023204681454431,0.9834302191836876,1.7125116011229367,1.0,0.42705610854043424,2.0746436074533077,1.0,2.126134387468236,1.055866788337892,3.0840854893131997,-0.47056861402790745,0.494781756372614,0.0,0.0,-0.2,0.0,-0.32365668390976504,0.0,0.0,-0.14285714285714285,0.0,0.0,0.0,-0.3333333333333333,0.0,Exploits,1
-0.008319273536993108,119,6,5,-0.34836848541674165,-0.45815690999132613,0.4350502785844069,-0.7445687201666262,0.6200559375313737,0.0,-0.11507936507936507,0.9463184126647992,-0.7475927608105515,0.0,0.0,-0.08021654507559085,-0.001722195177383939,-0.08835805347908927,0.0,0.0,0.0,0.0,0.0,0.0,0.0,0.0,4.2368536677776385,-0.8459607780457364,0.0,0.0,-0.2,1.0,0.22963807175534715,0.7564707973660301,0.0,0.0,0.0,0.0,0.0,-0.1111111111111111,0.0,Fuzzers,1
1.7497168080158123,113,6,4,0.5377054001731342,0.45815690999132636,0.026627704067271322,0.09828264867786968,-0.6618116081971175,0.0,0.8849206349206349,-0.6368009379316062,-0.006659690989844278,0.792481250360578,0.6309297535714575,1.1738271850738289,1.315169661855223,1.1013388983693753,1.208259648333598,1.0,1.336196626546435,1.858485645813974,1.0,1.5273055115398362,1.433477086804394,1.6541846838016308,-0.47056861402790745,0.0,0.0,0.0,-0.4,0.0,-0.32365668390976504,0.0,0.0,-0.2857142857142857,0.0,0.0,-0.6309297535714572,-0.3333333333333333,0.0,Reconnaissance,1
-0.008315432344129296,119,1,5,-0.34836848541674165,-0.45815690999132613,-0.6172090301216083,-0.7445687201666262,0.5363014692156571,0.0,-0.11507936507936507,0.571435250794517,-0.7475927608105515,0.0,0.0,-0.07972632060535206,-0.001722195177383939,-0.08835805347908927,0.0,0.0,0.0,0.0,0.0,0.0,0.0,0.0,-0.43921392141013216,-0.8459607780457364,0.0,0.0,3.7,1.0,1.4734045760589989,2.335575477358633,7.5,5.714285714285714,0.0,0.0,1.369070246428542,4.222222222222222,0.0,Generic,1
0.3429113053423095,113,6,4,2.1841815985554334,1.5620260151809524,1.0893068568120385,0.6373525281153173,-0.10567090845536845,-1.1614583333333333,0.0,-0.09936670931878669,0.5823362529728079,2.477098155193438,3.1826583386441385,0.165896677241552,0.23425728878209334,0.5510940318417537,1.0514247314701823,1.0,0.5931065958373891,0.599090849313946,1.0,0.009199925903522938,0.015406314553805964,0.0038139155314641515,-0.23378958374346237,0.21981553183199953,0.0,0.0,-0.1,-1.0,-0.32365668390976504,0.0,0.0,-0.2857142857142857,0.0,0.0,-0.2618595071429149,0.0,0.0,Normal,0
1.8591824773807404,113,4,4,1.6831733876185033,0.6711877414712396,1.964771707882789,0.1766879483718003,-0.5077974671913671,0.0,0.8849206349206349,-0.09344165667675298,0.04469150308095942,2.3774437510817346,0.6309297535714575,0.7484388158625759,1.177817818201638,0.9147359689058072,1.0895295693699198,1.0,1.2530605592521524,1.798686547483417,1.0,2.4723587809129235,2.9119090986054292,2.270661203863642,4.984803425405839,0.0,0.6931471805599453,0.0,-0.4,0.0,-0.32365668390976504,0.0,0.0,-0.2857142857142857,0.0,0.6931471805599453,-0.6309297535714572,-0.2222222222222222,0.0,Fuzzers,1
0.7793037698862975,113,6,4,0.5377054001731342,0.3533506529659227,0.26356015389659404,0.05846526410373137,-0.5522309833345963,0.0,0.8849206349206349,-0.4473490294022392,0.06910471459613392,0.792481250360578,0.6309297535714575,0.9146311561164927,1.087049400063865,0.9109164552403367,0.9732722801517032,1.0,0.15952699188175154,2.1194387788829308,1.0,1.8605081966234474,2.619241461696968,1.301738938751857,0.578548285153503,0.004884408081456099,0.0,0.0,-0.1,0.0,-0.32365668390976504,0.0,0.0,0.0,0.0,0.0,-0.6309297535714572,-0.1111111111111111,0.0,Fuzzers,1
0.7230357894447531,113,4,4,0.5377054001731342,0.5418430900086738,0.16373425238977704,0.3623686822368396,-0.5139293624797839,-1.0,0.8849206349206349,-0.4652263971783804,0.2974225815779744,0.792481250360578,1.0,0.8930222094688957,0.945326659077026,0.9416844190751065,0.9696598726651372,1.0,0.19453211784188235,1.9062104412641274,1.0,1.2667220087320024,1.3723758654706788,1.2085635342879062,0.14055291693813737,0.35667809966880704,0.6931471805599453,6.498282149476434,-0.4,0.0,-0.32365668390976504,0.0,0.0,-0.2857142857142857,0.0,0.6931471805599453,-0.2618595071429149,-0.3333333333333333,0.0,DoS,1
-0.006430333962207871,119,1,2,-0.34836848541674165,0.0,-0.5645236512267633,-0.013439937805221309,0.0036204162184746377,-1.1614583333333333,0.0,-0.03873913942697135,0.5913718499496587,0.0,0.0,-0.07777513980508265,-0.0014754305601802024,-0.08835805347908927,0.0,0.0,0.0,0.0,0.0,0.0,0.0,0.0,-0.2062646310321604,0.13335158627940197,0.0,0.0,-0.2,-1.0,0.4077591983577853,0.0,0.0,-0.2857142857142857,0.0,0.0,0.36907024642854247,-0.2222222222222222,0.0,Normal,0
0.35642198985710527,113,4,4,0.5377054001731342,0.3533506529659227,0.29498187831686457,0.05846526410373137,-0.4475876380364905,0.0,0.8849206349206349,-0.33801489700876114,0.15758897583582235,0.792481250360578,0.6309297535714575,0.6709186344432718,0.9078856937006041,0.7922660199591791,0.8612729136290167,1.0,0.10519177204054206,1.959672841516861,1.0,0.757171758300098,0.4080796215110075,1.047673429056291,0.7309925199898738,0.004884408081456099,0.6931471805599453,0.0,-0.4,0.0,-0.32365668390976504,0.0,0.0,-0.2857142857142857,0.0,0.6931471805599453,-0.6309297535714572,-0.3333333333333333,0.0,Exploits,1
-0.006200102520776245,119,1,2,-0.34836848541674165,0.0,-0.5179170842831736,0.0,-0.010252220950700159,-1.1614583333333333,0.0,-0.038600278456784785,0.5893066340413912,0.0,0.0,-0.07874879450489872,0.0,-0.08835805347908927,0.0,0.0,0.0,0.0,0.0,0.0,0.0,0.0,0.0,0.1540392219542636,0.0,0.0,-0.3,-1.0,0.22963807175534715,0.0,0.0,-0.2857142857142857,0.0,0.0,-0.6309297535714572,-0.2222222222222222,0.0,Normal,0
-0.008307749981448684,63,6,5,-0.34836848541674165,-0.45815690999132613,-0.3913767846054552,-0.7445687201666262,0.45254724258694085,0.0,-0.11507936507936507,0.5565636493511029,-0.7475927608105515,0.0,0.0,-0.07874879450489872,-0.001722195177383939,-0.08835805347908927,0.0,0.0,0.0,0.0,0.0,0.0,0.0,0.0,0.5607860785898678,-0.8459607780457364,0.0,0.0,-0.2,1.0,0.0,0.4425070493497599,0.5,0.0,0.0,0.0,-0.2618595071429149,-0.1111111111111111,0.0,DoS,1
-0.008307749981448684,120,6,5,-0.34836848541674165,-0.45815690999132613,-0.3913767846054552,-0.7445687201666262,0.45254724258694085,0.0,-0.11507936507936507,0.5565636493511029,-0.7475927608105515,0.0,0.0,-0.07874879450489872,-0.001722195177383939,-0.08835805347908927,0.0,0.0,0.0,0.0,0.0,0.0,0.0,0.0,0.5607860785898678,-0.8459607780457364,0.0,0.0,0.0,1.0,0.4077591983577853,0.7564707973660301,1.0,0.42857142857142855,0.0,0.0,1.5517285850726805,0.1111111111111111,0.0,DoS,1
-0.0008320294299102974,113,4,4,0.4008537173419332,0.5418430900086738,0.27534099909788995,0.21932033696916614,0.04680326000536838,-1.1614583333333333,0.0,0.10498685576231341,0.6751111638519693,0.792481250360578,1.0,0.02016610258600239,0.07648094553982392,0.35232393824414043,0.10607414880174763,1.0,0.6491225154715419,0.65564024779186,1.0,0.008583451572092227,0.014969375683971827,0.0030603180406919,1.0433753357839823,0.13604533588669487,0.6931471805599453,4.430816798843313,-0.4,-1.0,0.6763433160902349,0.0,0.0,-0.2857142857142857,0.0,0.6931471805599453,-0.2618595071429149,-0.2222222222222222,0.0,Normal,0
1.3054162187596536,113,6,4,0.5377054001731342,0.3533506529659227,0.1352104998020463,0.05846526410373137,-0.6284559992174047,0.0,0.8849206349206349,-0.5583319283804442,0.00306167495446826,0.792481250360578,0.6309297535714575,1.0469628353728444,1.2687479106548427,0.9827274929304167,1.1382237184498238,1.0,0.6871395641563288,0.14315701196645852,1.0,2.8262762582148273,3.29512339278127,2.6598824130916285,0.02419968392409584,0.004884408081456099,0.0,0.0,-0.1,0.0,-0.32365668390976504,0.0,0.0,-0.14285714285714285,0.0,0.0,-0.2618595071429149,-0.2222222222222222,0.0,Normal,0
2.981919626864453,113,6,4,0.7492222027586747,0.6711877414712396,0.609761303592426,0.20848239974255728,-0.7111412306983272,0.0,0.8849206349206349,-0.5735345925185452,-0.015411465323564355,1.160964047443681,1.4649735207179273,1.3123658908509317,1.391514710959544,1.1489713327790287,1.319229369960518,1.0,1.7517660348493052,1.831293413393876,1.0,1.925081343226366,2.2668543739271914,1.7305565784876829,1.5205761438628735,0.048599655760280025,0.0,0.0,-0.4,0.0,0.0,0.0,0.0,-0.2857142857142857,0.0,0.0,-0.6309297535714572,-0.2222222222222222,0.0,Normal,0
1.7916295274217038,113,6,4,0.9786866579525125,0.45815690999132636,1.4097262195950788,0.09828264867786968,-0.6137231434405906,0.0,0.8849206349206349,-0.24656253828838529,-0.01026912864325086,1.5,0.6309297535714575,0.9936778714344435,1.3061982598282655,1.0156533122812235,1.1725811741116903,1.0,0.8479432399489868,1.1485770876364585,1.0,3.261899496403936,4.072762447331873,2.8924359619803237,4.430516196727815,0.0,0.0,0.0,-0.1,0.0,-0.32365668390976504,0.0,0.0,0.0,0.0,0.0,-0.2618595071429149,0.0,0.0,Normal,0
-0.008317352939600908,119,1,5,-0.34836848541674165,-0.45815690999132613,-0.6172090301216083,-0.7445687201666262,0.5710626891769315,0.0,-0.11507936507936507,0.6040869325983536,-0.7475927608105515,0.0,0.0,-0.07997131065090231,-0.001722195177383939,-0.08835805347908927,0.0,0.0,0.0,0.0,0.0,0.0,0.0,0.0,-0.43921392141013216,-0.8459607780457364,0.0,0.0,1.6,1.0,1.5532947556651122,2.456962315881736,8.5,2.5714285714285716,0.0,0.0,1.4182843521034598,1.8888888888888888,0.0,Generic,1
2.0212575583509764,113,6,4,0.9786866579525125,0.9739269860153767,0.2993820713758287,0.6717871669890939,-0.5668358326035677,-1.0,0.8849206349206349,-0.5797088699275732,0.3802485248243356,1.403677461028802,2.40217350273288,1.0509413274210024,1.0203508051192913,0.9954438138936333,1.7396871420974165,1.0,1.0970337418688763,1.641391184781976,1.0,2.0539483567285846,2.2219273984797616,2.0203277645829614,-0.5024782856813175,0.5913663979789453,0.0,0.0,-0.4,0.0,-0.32365668390976504,0.0,0.0,-0.2857142857142857,0.0,0.0,-0.6309297535714572,-0.3333333333333333,0.0,Exploits,1
-0.008317352939600908,119,1,5,-0.34836848541674165,-0.45815690999132613,-0.6172090301216083,-0.7445687201666262,0.5710626891769315,0.0,-0.11507936507936507,0.6040869325983536,-0.7475927608105515,0.0,0.0,-0.07997131065090231,-0.001722195177383939,-0.08835805347908927,0.0,0.0,0.0,0.0,0.0,0.0,0.0,0.0,-0.43921392141013216,-0.8459607780457364,0.0,0.0,1.1,1.0,0.8769514395748775,1.6414848960655501,1.5,1.8571428571428572,0.0,0.0,0.7381404928570852,1.3333333333333333,0.0,Generic,1
0.4730948021561278,113,6,4,0.5377054001731342,0.3533506529659227,-0.033457605902220154,0.05846526410373137,-0.4843277751406048,0.0,0.8849206349206349,-0.4652953419406843,0.12670475243781187,0.792481250360578,0.6309297535714575,0.7755864188203081,0.9315028605575958,0.8396903370016426,0.8637526297310094,1.0,0.6292103962871655,1.28340111933057,1.0,1.1213429845142955,1.8689639603046717,0.5050480233502904,-0.7067928360657771,0.004884408081456099,0.0,0.0,0.4,0.0,0.22963807175534715,0.7564707973660301,0.5,0.8571428571428571,0.0,0.0,0.0,0.5555555555555556,0.0,Fuzzers,1
-0.008317352939600908,119,1,5,-0.34836848541674165,-0.45815690999132613,-0.6172090301216083,-0.7445687201666262,0.5710626891769315,0.0,-0.11507936507936507,0.6040869325983536,-0.7475927608105515,0.0,0.0,-0.07997131065090231,-0.001722195177383939,-0.08835805347908927,0.0,0.0,0.0,0.0,0.0,0.0,0.0,0.0,-0.43921392141013216,-0.8459607780457364,0.0,0.0,2.3,1.0,1.6924698362904478,2.75647079736603,5.0,3.5714285714285716,0.0,0.0,1.6680875342929389,2.6666666666666665,0.0,Generic,1
0.34880641933280726,119,6,2,0.0,0.21303083147991342,0.029480958153664708,0.08383207580414302,-0.5350783184609044,-1.1614583333333333,0.0,-0.4307496765776193,0.1667975362225894,0.0,0.0,0.8938772411674989,1.0250264619614626,0.4544676208363948,0.9387520905440123,0.0,0.0,0.0,0.0,0.0,0.0,0.0,1.1876802819286516,0.13062478370534697,0.0,0.0,-0.1,-1.0,0.0,0.0,0.0,0.0,0.0,0.0,0.0,0.1111111111111111,0.0,Normal,0
-0.004993757314590725,119,6,2,0.0,0.21303083147991342,-0.006163122524208084,0.07649325167804336,0.03770856621144127,-1.1614583333333333,0.0,0.1004848552758209,0.6383294147823547,0.0,0.0,0.009734341829880809,0.04864996801053105,-0.027281019585589244,0.05668905581159886,0.0,0.0,0.0,0.0,0.0,0.0,0.0,1.0296653884742077,0.1193701448363572,0.0,0.0,0.5,-1.0,0.4077591983577853,0.0,0.0,0.0,0.0,0.0,0.36907024642854247,0.3333333333333333,0.0,Normal,0
-0.008307749981448684,119,1,5,-0.34836848541674165,-0.45815690999132613,-0.6172090301216083,-0.7445687201666262,0.45254724258694085,0.0,-0.11507936507936507,0.4927636086025248,-0.7475927608105515,0.0,0.0,-0.07874879450489872,-0.001722195177383939,-0.08835805347908927,0.0,0.0,0.0,0.0,0.0,0.0,0.0,0.0,-0.43921392141013216,-0.8459607780457364,0.0,0.0,0.9,1.0,0.7829328274204592,1.51294159473206,1.5,0.5714285714285714,0.0,0.0,0.6309297535714571,1.1111111111111112,0.0,Generic,1
1.0782871759128976,113,4,4,0.5377054001731342,0.45815690999132636,0.21716645384704578,0.09828264867786968,-0.5848834477749867,0.0,0.8849206349206349,-0.5064437271866279,0.061010036970467786,0.792481250360578,0.6309297535714575,1.0130430699598765,1.1327234625900924,0.9638975747553352,1.0992921740343757,1.0,1.7884540379525093,0.1253899887352143,1.0,1.7774129383064354,1.955483874900279,1.7035237052847683,0.372819180453224,0.0,0.6931471805599453,0.0,-0.4,0.0,-0.32365668390976504,0.0,0.0,-0.14285714285714285,0.0,0.6931471805599453,-0.6309297535714572,-0.3333333333333333,0.0,Exploits,1
1.2359090326179376,97,6,2,0.0,0.0,0.0,0.11287893144633927,-0.7396367640488224,0.0,0.12301587301587301,-0.6087053582161772,-0.0028406657889029387,0.0,0.0,1.3254544744325316,-0.0014754305601802024,0.6764009004606696,0.0,0.0,0.0,0.0,0.0,0.0,0.0,0.0,1.0569818108072753,0.3281341539184029,0.0,0.0,-0.4,-1.0,-0.32365668390976504,0.0,0.0,-0.14285714285714285,0.0,0.0,-0.6309297535714572,-0.3333333333333333,0.0,Exploits,1
2.8175604030172496,113,9,4,1.0407268123902522,0.8494457411744992,0.6975317646086799,0.33312242223373273,-0.648265111649983,-1.0,0.8849206349206349,-0.5333109688484428,0.08511130893667261,1.5849625007211563,2.0000000000000004,1.1681147505560927,1.2428414794250162,1.05521276321475,1.1279945880648419,1.0,0.7496661524534477,0.36350260956647934,1.0,2.3332041295775663,3.3149279084714998,1.6437089788137333,1.0971957319797736,0.1387068242437871,0.0,0.0,-0.4,0.0,0.0,0.0,0.0,-0.14285714285714285,0.0,0.0,-0.6309297535714572,-0.3333333333333333,0.0,Exploits,1
1.152219354375762,113,4,4,0.6516315145832584,0.45815690999132636,0.2233751933723477,0.319937302559979,-0.5820729302402191,-1.0,0.8849206349206349,-0.5124718595309772,0.2068451741455734,0.792481250360578,1.0,0.9854280632465929,1.1641507028665188,0.9782694140613996,1.060220234896432,1.0,0.9542412741843824,1.4680028749441465,1.0,1.0828399520124532,1.3124398574552278,0.9091827311179485,0.09490872243418404,0.34127482598209097,0.0,0.0,-0.4,0.0,-0.32365668390976504,0.0,0.0,-0.2857142857142857,0.0,0.0,-0.2618595071429149,-0.3333333333333333,0.0,Exploits,1
-0.006338238073740209,119,1,2,-0.34836848541674165,0.0,-0.5645236512267633,-0.013439937805221309,-0.0021212551865872342,-1.1614583333333333,0.0,-0.04413414891978209,0.5866206681933869,0.0,0.0,-0.07874879450489872,0.0,-0.08835805347908927,0.0,0.0,0.0,0.0,0.0,0.0,0.0,0.0,-0.2062646310321604,0.13335158627940197,0.0,0.0,-0.2,-1.0,0.0,0.4425070493497599,0.0,-0.14285714285714285,0.0,0.0,0.0,-0.2222222222222222,0.0,Normal,0
-0.008305829395579967,119,1,5,-0.34836848541674165,-0.45815690999132613,-0.6172090301216083,-0.7445687201666262,0.4383153396651112,0.0,-0.11507936507936507,0.479395323795663,-0.7475927608105515,0.0,0.0,-0.07850501908545554,-0.001722195177383939,-0.08835805347908927,0.0,0.0,0.0,0.0,0.0,0.0,0.0,0.0,-0.43921392141013216,-0.8459607780457364,0.0,0.0,2.6,1.0,1.4302461952399894,2.335575477358633,7.5,4.0,0.0,0.0,1.3170424160196508,3.0,0.0,Generic,1
0.8827711270759699,113,3,4,0.4008537173419332,0.6115100544329425,-0.08853316975286465,0.5594913824634756,-0.5423913984899228,-1.1614583333333333,0.0,-0.5668321174112714,0.41235063793481896,0.5,1.4649735207179273,1.0123537221760888,0.9859375490587483,0.9855360876412267,1.7286213106584638,1.0,1.2436055188488848,0.4048726570430072,1.0,0.0082060034093216,0.01431395427805929,0.002923297643613282,-0.5680436705367541,0.6210412958985105,0.0,0.0,-0.2,-1.0,0.22963807175534715,0.0,0.0,0.14285714285714285,0.0,0.0,-0.2618595071429149,-0.1111111111111111,0.0,Normal,0
-0.008305829395579967,39,6,5,-0.34836848541674165,-0.45815690999132613,-0.3913767846054552,-0.7445687201666262,0.4383153396651112,0.0,-0.11507936507936507,0.5431953692758632,-0.7475927608105515,0.0,0.0,-0.07850501908545554,-0.001722195177383939,-0.08835805347908927,0.0,0.0,0.0,0.0,0.0,0.0,0.0,0.0,0.5607860785898678,-0.8459607780457364,0.0,0.0,-0.1,1.0,-0.32365668390976504,0.0,0.0,0.14285714285714285,0.0,0.0,0.0,0.0,0.0,Exploits,1
0.08102507534275238,113,6,4,1.4349593957967595,1.110385368881512,0.6350269588038265,0.7001257078797782,-0.06661416503953466,-1.1614583333333333,0.0,-0.06553945951656313,0.7682140400367579,1.5,2.4649735207179275,0.11458097412166285,0.18720381253632992,-0.08835805347908927,0.9071353110543251,1.0,1.1303003115976475,0.13376676502337304,1.0,0.007727886157972797,0.013330792690084674,0.0028776239952498675,-0.23378958374346237,0.5607033631640681,0.0,0.0,0.1,-1.0,0.6763433160902349,0.0,0.0,0.0,0.0,0.0,0.0,-0.1111111111111111,0.0,Normal,0
-0.008323114737539298,6,6,5,-0.6248841084186211,-0.45815690999132613,-0.9791020275153512,-0.7445687201666262,-0.9655523389802884,-1.3229166666666667,-0.11507936507936507,-1.5341686859906003,-0.7475927608105515,0.0,0.0,2.624138293782428,-0.001722195177383939,-0.08835805347908927,0.0,0.0,0.0,0.0,0.0,0.0,0.0,0.0,-0.8183448694831869,-0.8459607780457364,0.0,0.0,-0.3,1.0,0.0,0.4425070493497599,0.5,-0.14285714285714285,0.0,0.0,-0.2618595071429149,-0.2222222222222222,0.6931471805599453,Normal,0
-0.008319273536993108,119,1,5,-0.34836848541674165,-0.45815690999132613,-0.6172090301216083,-0.7445687201666262,0.6200559375313737,0.0,-0.11507936507936507,0.6501068934843124,-0.7475927608105515,0.0,0.0,-0.08021654507559085,-0.001722195177383939,-0.08835805347908927,0.0,0.0,0.0,0.0,0.0,0.0,0.0,0.0,-0.43921392141013216,-0.8459607780457364,0.0,0.0,2.5,1.0,1.2847106379326627,2.19897784671579,6.5,3.857142857142857,0.0,0.0,1.2618595071429144,2.888888888888889,0.0,Generic,1
1.3271882265072485,113,2,4,0.6516315145832584,0.6115100544329425,0.11154528536650683,0.19220832064903914,-0.5820521631865679,0.0,0.8849206349206349,-0.5656171765208311,0.10347653063966863,1.0,1.4649735207179273,1.0317949603879586,1.0835763732147903,0.9746605839041027,0.9903312902719816,1.0,1.199981400315475,0.2132993375171083,1.0,2.0513278483069017,2.7042878113285638,1.6076128256999493,-0.4083952327752013,0.05639805666657745,0.0,0.0,-0.3,0.0,-0.32365668390976504,0.0,0.0,-0.14285714285714285,0.0,0.0,-0.2618595071429149,-0.2222222222222222,0.0,Fuzzers,1
0.027413174119885586,113,6,4,0.8345798913950238,0.769769518893221,0.4324341822099622,0.318375243233886,-0.06269355074200451,-1.1614583333333333,0.0,-0.021278402803260515,0.5920265629909824,1.160964047443681,1.4649735207179273,0.11660924140285371,0.18657979982564135,0.4579029477884267,0.2503501137389513,1.0,1.2756766702259257,1.289697539265608,1.0,0.0075391506657118655,0.012948442518654001,0.0028547871368172287,0.4879337673292106,0.1589236300357197,0.0,0.0,0.6,-1.0,0.6763433160902349,1.1989778467157899,0.0,0.42857142857142855,0.0,0.0,0.6309297535714571,0.3333333333333333,0.0,Normal,0
2.310398403597731,113,6,4,2.305741801321766,1.634211298800254,1.2674095383723178,0.7221984303919848,-0.3803774998444543,-1.1614583333333333,0.0,-0.3282208916156061,0.3958505104501685,2.6609640474436813,3.4849795837717292,0.6182186365500705,0.6938188211766935,0.7985354150660885,1.4655629395631946,1.0,0.14331147446683185,1.2198869746985277,1.0,0.008457636775153071,0.014505120478817612,0.0032201741316886363,0.22851423430855478,0.3129628519899833,0.0,0.0,0.2,-1.0,0.4077591983577853,0.0,0.0,-0.2857142857142857,0.0,0.0,0.0,0.2222222222222222,0.0,Normal,0
1.3636699749922454,113,6,4,0.5377054001731342,0.3533506529659227,0.2571338484613416,0.05846526410373137,-0.635282307984303,0.0,0.8849206349206349,-0.5309614948029927,-0.002962724113974478,0.792481250360578,0.6309297535714575,1.070474510830634,1.2867392044519133,1.0108970873972642,1.192640996562223,1.0,1.6102784642700259,1.0855423900104113,1.0,1.900714404719178,3.201110600960509,0.8665411057748544,0.5607860785898678,0.004884408081456099,0.0,0.0,-0.4,0.0,-0.32365668390976504,0.0,0.0,-0.2857142857142857,0.0,0.0,-0.6309297535714572,-0.3333333333333333,0.0,Normal,0
-0.00830967056923797,119,6,5,-0.34836848541674165,-0.45815690999132613,-0.4615104146933044,-0.7445687201666262,0.4686820524374373,0.0,-0.11507936507936507,0.5519303861071706,-0.7475927608105515,0.0,0.0,-0.07899281188509567,-0.001722195177383939,-0.08835805347908927,0.0,0.0,0.0,0.0,0.0,0.0,0.0,0.0,0.2498499789758582,-0.8459607780457364,0.0,0.0,-0.3,1.0,0.0,0.0,0.0,-0.2857142857142857,0.0,0.0,-0.6309297535714572,-0.2222222222222222,0.0,Reconnaissance,1
-0.008323114737539298,6,6,5,-0.6248841084186211,-0.45815690999132613,-0.9791020275153512,-0.7445687201666262,-0.9655523389802884,-1.3229166666666667,-0.11507936507936507,-1.5341686859906003,-0.7475927608105515,0.0,0.0,2.6241378021017714,-0.001722195177383939,-0.08835805347908927,0.0,0.0,0.0,0.0,0.0,0.0,0.0,0.0,-0.8183448694831869,-0.8459607780457364,0.0,0.0,-0.4,1.0,-0.32365668390976504,0.0,0.0,-0.2857142857142857,0.0,0.0,-0.6309297535714572,-0.3333333333333333,0.6931471805599453,Normal,0
-0.008307749981448684,119,1,5,-0.34836848541674165,-0.45815690999132613,-0.6172090301216083,-0.7445687201666262,0.45254724258694085,0.0,-0.11507936507936507,0.4927636086025248,-0.7475927608105515,0.0,0.0,-0.07874879450489872,-0.001722195177383939,-0.08835805347908927,0.0,0.0,0.0,0.0,0.0,0.0,0.0,0.0,-0.43921392141013216,-0.8459607780457364,0.0,0.0,1.7,1.0,1.5532947556651122,2.5661890657281248,4.0,2.7142857142857144,0.0,0.0,1.509384242018507,2.0,0.0,Generic,1
1.4189129191173588,113,6,4,0.5377054001731342,0.45815690999132636,0.6852182461086631,0.09828264867786968,-0.6274044900326566,0.0,0.8849206349206349,-0.4171404193073513,0.023945069725371176,0.792481250360578,0.6309297535714575,1.093730289382416,1.225988895454408,1.0206519051487655,1.1720198764392773,1.0,1.1143740207617614,1.8942902187166646,1.0,1.8734146306678239,2.5673799050303447,1.372307498284656,2.4561327608336354,0.0,0.0,0.0,-0.1,0.0,0.0,0.0,0.0,0.0,0.0,0.0,-0.6309297535714572,0.0,0.0,Normal,0
1.318880128790505,113,6,4,0.5377054001731342,0.45815690999132636,0.026627704067271322,0.09828264867786968,-0.6158188198268548,0.0,0.8849206349206349,-0.5904913713940407,0.0341155224121072,0.792481250360578,0.6309297535714575,1.0785367530929797,1.2066875211121633,1.0244514629454087,1.1124340302578113,1.0,1.350752217627942,1.1844395541053845,1.0,1.2595588595491642,0.9899355252654257,1.5095444790063701,-0.47056861402790745,0.0,0.0,0.0,0.0,0.0,-0.32365668390976504,0.0,0.0,-0.2857142857142857,0.0,0.0,0.0,-0.3333333333333333,0.0,Reconnaissance,1
-0.008305829395579967,119,1,5,-0.34836848541674165,-0.45815690999132613,-0.6172090301216083,-0.7445687201666262,0.4383153396651112,0.0,-0.11507936507936507,0.479395323795663,-0.7475927608105515,0.0,0.0,-0.07850501908545554,-0.001722195177383939,-0.08835805347908927,0.0,0.0,0.0,0.0,0.0,0.0,0.0,0.0,-0.43921392141013216,-0.8459607780457364,0.0,0.0,0.3,1.0,0.8769514395748775,1.6414848960655501,3.5,0.7142857142857143,0.0,0.0,0.8340437671464698,0.4444444444444444,0.0,Generic,1
2.3124096035210098,113,6,4,1.2869276029318086,1.5133169372361328,0.45040115683894355,0.9417137030141465,-0.4670451409169406,-1.0,0.8849206349206349,-0.56051071553024,0.5483390759259489,1.403677461028802,3.647631859362066,0.9863711794573525,0.754560908480619,0.9471890394203439,1.5769123243453402,1.0,1.0211327419155656,0.46725296263477384,1.0,1.49123390778868,1.6841045140710234,1.3775978118595282,-0.671091681662639,0.7165180802211931,0.0,0.0,-0.4,0.0,-0.32365668390976504,0.0,0.0,-0.2857142857142857,0.0,0.0,-0.6309297535714572,-0.3333333333333333,0.0,Exploits,1
-0.008305829395579967,119,6,5,-0.34836848541674165,-0.45815690999132613,-0.7690725526017784,-0.7445687201666262,0.4383153396651112,0.0,-0.11507936507936507,0.4363235575908942,-0.7475927608105515,0.0,0.0,-0.07850501908545554,-0.001722195177383939,-0.08835805347908927,0.0,0.0,0.0,0.0,0.0,0.0,0.0,0.0,-1.1090870498780045,-0.8459607780457364,0.0,0.0,0.5,1.0,0.0,0.7564707973660301,0.0,0.5714285714285714,0.0,0.0,0.0,0.3333333333333333,0.0,Fuzzers,1
1.3276787508823717,113,4,4,0.6516315145832584,0.769769518893221,0.4427985440856021,0.5798381518925964,-0.5551531502185947,-1.1614583333333333,0.0,-0.47258518349508266,0.3763409651682887,1.0,1.6309297535714575,1.0318348948439895,1.0094613816932534,1.066898492273617,1.8659239159980705,1.0,1.7422358954800803,0.6815755792581967,1.0,0.008382147293482703,0.014696285342127397,0.002923297643613282,1.0569818108072753,0.5626752627177299,0.6931471805599453,8.275121630216509,-0.4,-1.0,0.0,0.0,0.0,-0.2857142857142857,0.0,0.6931471805599453,-0.6309297535714572,-0.3333333333333333,0.0,Normal,0
0.7091096309833884,113,4,4,0.7492222027586747,0.5418430900086738,0.6857797832892433,0.35349426027208086,-0.4886109937293632,0.0,0.8849206349206349,-0.31245780041970334,0.29352673926211253,1.160964047443681,1.261859507142915,0.7991735984131191,0.9434362550531128,0.860007956210919,0.8717275505909473,1.0,0.4859876271142871,0.3956036434210035,1.0,1.0282521354514578,0.7217340712980542,1.2949204148683993,1.854507688498937,0.34339133361441415,0.6931471805599453,5.71042701737487,-0.4,0.0,-0.32365668390976504,0.0,0.0,-0.2857142857142857,0.0,0.6931471805599453,-0.6309297535714572,-0.2222222222222222,0.0,Exploits,1
-0.008301988229604236,13,6,5,-0.34836848541674165,-0.45815690999132613,-0.3913767846054552,-0.7445687201666262,0.414068041885026,0.0,-0.11507936507936507,0.5204194082711988,-0.7475927608105515,0.0,0.0,-0.07801819221278322,-0.001722195177383939,-0.08835805347908927,0.0,0.0,0.0,0.0,0.0,0.0,0.0,0.0,0.5607860785898678,-0.8459607780457364,0.0,0.0,0.9,1.0,1.2847106379326627,2.19897784671579,6.5,1.5714285714285714,0.0,0.0,1.2618595071429144,1.1111111111111112,0.0,Fuzzers,1
1.3840771047601381,113,4,4,0.6516315145832584,0.769769518893221,0.4427985440856021,0.5798381518925964,-0.5618913112441476,-1.1614583333333333,0.0,-0.47913961179034226,0.37056829489764403,1.0,1.6309297535714575,1.0458896702733176,1.0235067816041212,1.0671473753968659,1.8662767320427918,1.0,1.3833988245204651,1.3966619248628074,1.0,0.007929200897897871,0.013494655411427652,0.0031059913237154483,1.0569818108072753,0.5626752627177299,0.6931471805599453,8.275121630216509,-0.4,-1.0,0.6763433160902349,0.0,0.0,-0.14285714285714285,0.0,0.6931471805599453,-0.6309297535714572,-0.1111111111111111,0.0,Normal,0
0.44194040526148726,113,4,4,0.5377054001731342,0.45815690999132636,0.16475301133987305,0.316442681271557,-0.46051021204791925,-1.0,0.8849206349206349,-0.40112636909076016,0.318814360835648,0.792481250360578,1.0,0.7577457094489997,0.8929532592500052,0.825251200417022,0.8407856125803431,1.0,1.268567527211142,1.0453636947891658,1.0,0.6738991080644388,0.24018364898678002,1.0305853321613891,0.14055291693813737,0.33589365213372735,0.6931471805599453,5.963579343618446,-0.4,0.0,-0.32365668390976504,0.0,0.0,-0.2857142857142857,0.0,0.6931471805599453,-0.2618595071429149,-0.3333333333333333,0.0,Exploits,1
1.7037645143853966,113,6,4,0.5377054001731342,0.45815690999132636,0.026627704067271322,0.09828264867786968,-0.6573373353315053,0.0,0.8849206349206349,-0.6322369456317497,-0.0026412819248149214,0.792481250360578,0.6309297535714575,1.159779689171837,1.3032629449563349,1.072225026529489,1.169455378380026,1.0,0.0709468714782766,2.1436668875718876,1.0,1.5069930474131743,1.6724127862569576,1.4176654599968292,-0.47056861402790745,0.0,0.0,0.0,-0.2,0.0,-0.32365668390976504,0.0,0.0,-0.2857142857142857,0.0,0.0,-0.2618595071429149,-0.3333333333333333,0.0,Reconnaissance,1
-0.00830967056923797,119,1,5,-0.34836848541674165,-0.45815690999132613,-0.6172090301216083,-0.7445687201666262,0.4686820524374373,0.0,-0.11507936507936507,0.5079193111961406,-0.7475927608105515,0.0,0.0,-0.07899281188509567,-0.001722195177383939,-0.08835805347908927,0.0,0.0,0.0,0.0,0.0,0.0,0.0,0.0,-0.43921392141013216,-0.8459607780457364,0.0,0.0,0.7,1.0,0.22963807175534715,0.7564707973660301,1.0,0.0,0.0,0.0,0.0,0.8888888888888888,0.0,Generic,1
-0.008317352939600908,119,1,5,-0.34836848541674165,-0.45815690999132613,-0.6172090301216083,-0.7445687201666262,0.5710626891769315,0.0,-0.11507936507936507,0.6040869325983536,-0.7475927608105515,0.0,0.0,-0.07997131065090231,-0.001722195177383939,-0.08835805347908927,0.0,0.0,0.0,0.0,0.0,0.0,0.0,0.0,-0.43921392141013216,-0.8459607780457364,0.0,0.0,2.3,1.0,1.1065895113302244,1.9554486440818202,5.0,3.5714285714285716,0.0,0.0,1.0728580123298777,2.6666666666666665,0.0,Generic,1
-0.008305829395579967,131,6,5,-0.34836848541674165,-0.45815690999132613,-0.3913767846054552,-0.7445687201666262,0.4383153396651112,0.0,-0.11507936507936507,0.5431953692758632,-0.7475927608105515,0.0,0.0,-0.07850501908545554,-0.001722195177383939,-0.08835805347908927,0.0,0.0,0.0,0.0,0.0,0.0,0.0,0.0,0.5607860785898678,-0.8459607780457364,0.0,0.0,-0.1,1.0,-0.32365668390976504,0.0,0.0,0.14285714285714285,0.0,0.0,-0.2618595071429149,0.0,0.0,Exploits,1
1.183772213954081,113,6,4,0.5377054001731342,0.3533506529659227,0.004561481689690244,0.05846526410373137,-0.6133987651399468,0.0,0.8849206349206349,-0.580081623364902,0.01627408167905282,0.792481250360578,0.6309297535714575,1.0426383838032842,1.2469815517657092,0.9764451932357445,1.1306947372488092,1.0,1.2598835180195438,2.06966157262199,1.0,1.946187164601823,2.0776879665860206,1.9297920730874658,-0.5680436705367541,0.004884408081456099,0.0,0.0,0.0,0.0,-0.32365668390976504,0.0,0.0,0.0,0.0,0.0,-0.6309297535714572,-0.1111111111111111,0.0,Normal,0
-0.008313511750578272,119,6,5,-0.34836848541674165,-0.45815690999132613,-0.6540023010292416,-0.7445687201666262,0.5093385986249094,0.0,-0.11507936507936507,0.5356885565211763,-0.7475927608105515,0.0,0.0,-0.07948157445237129,-0.001722195177383939,-0.08835805347908927,0.0,0.0,0.0,0.0,0.0,0.0,0.0,0.0,-0.6017427710050841,-0.8459607780457364,0.0,0.0,-0.4,1.0,-0.32365668390976504,0.0,0.0,-0.14285714285714285,0.0,0.0,-0.6309297535714572,0.1111111111111111,0.0,Normal,0
-0.008307749981448684,119,1,5,-0.34836848541674165,-0.45815690999132613,-0.6172090301216083,-0.7445687201666262,0.45254724258694085,0.0,-0.11507936507936507,0.4927636086025248,-0.7475927608105515,0.0,0.0,-0.07874879450489872,-0.001722195177383939,-0.08835805347908927,0.0,0.0,0.0,0.0,0.0,0.0,0.0,0.0,-0.43921392141013216,-0.8459607780457364,0.0,0.0,0.8,1.0,1.2296380717553472,2.1236820163783654,6.0,1.4285714285714286,0.0,0.0,1.1403139955899648,1.0,0.0,Generic,1
1.3916897398666053,113,6,4,0.5377054001731342,0.3533506529659227,0.004561481689690244,0.05846526410373137,-0.638485768083868,0.0,0.8849206349206349,-0.6051517326449687,-0.005797879884338334,0.792481250360578,0.6309297535714575,1.0875250484675134,1.2959543699427711,1.0207179449987058,1.2062046800425608,1.0,1.4733092234269307,2.0117624284029842,1.0,2.7407001652834277,3.0769557963002545,2.6699023545279013,-0.5680436705367541,0.004884408081456099,0.0,0.0,0.1,0.0,0.0,0.0,0.0,0.0,0.0,0.0,-0.6309297535714572,-0.1111111111111111,0.0,Normal,0
-0.008305829395579967,5,6,5,-0.34836848541674165,-0.45815690999132613,-0.3913767846054552,-0.7445687201666262,0.4383153396651112,0.0,-0.11507936507936507,0.5431953692758632,-0.7475927608105515,0.0,0.0,-0.07850501908545554,-0.001722195177383939,-0.08835805347908927,0.0,0.0,0.0,0.0,0.0,0.0,0.0,0.0,0.5607860785898678,-0.8459607780457364,0.0,0.0,0.4,1.0,0.0,0.4425070493497599,0.5,1.4285714285714286,0.0,0.0,-0.2618595071429149,0.5555555555555556,0.0,DoS,1
-0.0004379659651782396,113,4,4,0.4008537173419332,0.5418430900086738,0.2737899057707242,0.21932033696916614,0.0405975461073575,-1.1614583333333333,0.0,0.09865859157132352,0.6699764949316682,0.792481250360578,1.0,0.02512538448505017,0.08095659751789139,0.36082170655582574,0.11549792529797635,1.0,0.35660027495036206,1.4376240849843758,1.0,0.00844505522630756,0.01445050170079039,0.0032430106247832357,1.0296653884742077,0.13604533588669487,0.6931471805599453,4.430816798843313,-0.4,-1.0,0.4077591983577853,0.0,0.0,-0.2857142857142857,0.0,0.6931471805599453,0.6309297535714571,-0.2222222222222222,0.0,Normal,0
-0.008321194136305905,119,1,5,-0.34836848541674165,-0.45815690999132613,-0.6172090301216083,-0.7445687201666262,0.7038105267032175,0.0,-0.11507936507936507,0.7287785364230093,-0.7475927608105515,0.0,0.0,-0.08046202436744408,-0.001722195177383939,-0.08835805347908927,0.0,0.0,0.0,0.0,0.0,0.0,0.0,0.0,-0.43921392141013216,-0.8459607780457364,0.0,0.0,1.7,1.0,1.6598842669953369,2.665471722467057,4.0,2.7142857142857144,0.0,0.0,1.5921903230573557,2.0,0.0,Generic,1
-0.008305829395579967,119,1,5,-0.34836848541674165,-0.45815690999132613,-0.6172090301216083,-0.7445687201666262,0.4383153396651112,0.0,-0.11507936507936507,0.479395323795663,-0.7475927608105515,0.0,0.0,-0.07850501908545554,-0.001722195177383939,-0.08835805347908927,0.0,0.0,0.0,0.0,0.0,0.0,0.0,0.0,-0.43921392141013216,-0.8459607780457364,0.0,0.0,3.0,1.0,1.4734045760589989,2.456962315881736,4.5,4.571428571428571,0.0,0.0,1.4182843521034598,3.4444444444444446,0.0,Generic,1
-0.008305829395579967,119,1,5,-0.34836848541674165,-0.45815690999132613,-0.6172090301216083,-0.7445687201666262,0.4383153396651112,0.0,-0.11507936507936507,0.479395323795663,-0.7475927608105515,0.0,0.0,-0.07850501908545554,-0.001722195177383939,-0.08835805347908927,0.0,0.0,0.0,0.0,0.0,0.0,0.0,0.0,-0.43921392141013216,-0.8459607780457364,0.0,0.0,2.1,1.0,1.3846203144649547,2.335575477358633,7.5,3.2857142857142856,0.0,0.0,1.3170424160196508,2.4444444444444446,0.0,Generic,1
-0.006280680385939556,119,1,2,-0.34836848541674165,0.0,-0.5179170842831736,0.0,-0.00557593085126845,-1.1614583333333333,0.0,-0.03420622035539154,0.5931763252071973,0.0,0.0,-0.07874879450489872,-0.0004908311337499053,-0.08835805347908927,0.0,0.0,0.0,0.0,0.0,0.0,0.0,0.0,0.0,0.1540392219542636,0.0,0.0,-0.3,-1.0,0.22963807175534715,0.0,0.0,-0.2857142857142857,0.0,0.0,-0.2618595071429149,-0.1111111111111111,0.0,Normal,0
-0.00830390881163182,119,1,5,-0.34836848541674165,-0.45815690999132613,-0.6172090301216083,-0.7445687201666262,0.4255844927666367,0.0,-0.11507936507936507,0.4674369968872862,-0.7475927608105515,0.0,0.0,-0.07826148514739853,-0.001722195177383939,-0.08835805347908927,0.0,0.0,0.0,0.0,0.0,0.0,0.0,0.0,-0.43921392141013216,-0.8459607780457364,0.0,0.0,1.2,1.0,1.3846203144649547,2.335575477358633,7.5,2.0,0.0,0.0,1.369070246428542,1.4444444444444444,0.0,Generic,1
0.07859074358948934,113,3,4,0.22946445519383787,0.45815690999132636,-0.20204045500411894,0.33792283603475176,-0.2839037344770603,-1.1614583333333333,0.0,-0.3152468262040111,0.5078486514187638,0.5,1.0,0.49012972350492334,0.4969715127961533,0.7265986759285298,0.587063912306567,1.0,2.0292741184621432,2.055521709502279,1.0,0.008684102504397708,0.014368573329037097,0.003745407696135735,-0.5680436705367541,0.36921509421150095,0.0,0.0,-0.3,-1.0,0.0,0.0,0.0,-0.14285714285714285,0.0,0.0,-0.2618595071429149,-0.2222222222222222,0.0,Normal,0
-0.004959246661681961,119,6,2,0.0,0.21303083147991342,0.01205145665654741,0.07649325167804336,0.03646174792821426,-1.1614583333333333,0.0,0.10443454370410167,0.637297774458457,0.0,0.0,0.010583752212118982,0.048515851046395525,-0.02689709199031024,0.056988602068426195,0.0,0.0,0.0,0.0,0.0,0.0,0.0,1.1104034788397634,0.1193701448363572,0.0,0.0,0.1,-1.0,0.6763433160902349,0.0,0.0,0.0,0.0,0.0,0.0,0.2222222222222222,0.0,Normal,0
2.025086289456324,113,6,4,0.6516315145832584,0.5418430900086738,0.705492781696008,0.22578388184497927,-0.6637534599413205,0.0,0.8849206349206349,-0.4701304875871628,0.06215614080974203,1.0,1.0,1.182077857815142,1.2918022467486066,1.0713443220534766,1.252267448616837,1.0,2.0525834714004416,0.4978286126688675,1.0,3.9262756081705064,4.864189104659436,3.6075805461509938,2.2162867280035323,0.14650522515008474,0.0,0.0,0.3,0.0,-0.32365668390976504,0.7564707973660301,0.0,-0.14285714285714285,0.0,0.0,0.0,-0.2222222222222222,0.0,Fuzzers,1
-0.008307749981448684,119,1,5,-0.34836848541674165,-0.45815690999132613,-0.6172090301216083,-0.7445687201666262,0.45254724258694085,0.0,-0.11507936507936507,0.4927636086025248,-0.7475927608105515,0.0,0.0,-0.07874879450489872,-0.001722195177383939,-0.08835805347908927,0.0,0.0,0.0,0.0,0.0,0.0,0.0,0.0,-0.43921392141013216,-0.8459607780457364,0.0,0.0,3.4,1.0,2.0676434653531217,3.26941239209809,10.5,5.142857142857143,0.0,0.0,2.0959032742893844,3.888888888888889,0.0,Generic,1
-0.008307749981448684,119,6,5,-0.34836848541674165,-0.45815690999132613,-0.6540023010292416,-0.7445687201666262,0.45254724258694085,0.0,-0.11507936507936507,0.482343526365123,-0.7475927608105515,0.0,0.0,-0.07874879450489872,-0.001722195177383939,-0.08835805347908927,0.0,0.0,0.0,0.0,0.0,0.0,0.0,0.0,-0.6017427710050841,-0.8459607780457364,0.0,0.0,0.1,1.0,0.22963807175534715,0.7564707973660301,0.0,0.42857142857142855,0.0,0.0,0.0,0.2222222222222222,0.0,Fuzzers,1
-0.008317352939600908,119,1,5,-0.34836848541674165,-0.45815690999132613,-0.6172090301216083,-0.7445687201666262,0.5710626891769315,0.0,-0.11507936507936507,0.6040869325983536,-0.7475927608105515,0.0,0.0,-0.07997131065090231,-0.001722195177383939,-0.08835805347908927,0.0,0.0,0.0,0.0,0.0,0.0,0.0,0.0,-0.43921392141013216,-0.8459607780457364,0.0,0.0,3.2,1.0,1.6259116676376846,2.6169589949838126,7.5,4.857142857142857,0.0,0.0,1.5517285850726805,3.6666666666666665,0.0,Generic,1
-0.008307749981448684,119,1,5,-0.34836848541674165,-0.45815690999132613,-0.6172090301216083,-0.7445687201666262,0.45254724258694085,0.0,-0.11507936507936507,0.4927636086025248,-0.7475927608105515,0.0,0.0,-0.07874879450489872,-0.001722195177383939,-0.08835805347908927,0.0,0.0,0.0,0.0,0.0,0.0,0.0,0.0,-0.43921392141013216,-0.8459607780457364,0.0,0.0,2.3,1.0,1.8109439681499915,2.9184499596071447,7.0,3.5714285714285716,0.0,0.0,1.8031852449677475,2.6666666666666665,0.0,Generic,1
1.6545707457354741,113,6,4,0.7492222027586747,0.6711877414712396,0.17380817515784822,0.20848239974255728,-0.5999488405991674,0.0,0.8849206349206349,-0.582456444523165,0.08453577523834424,1.160964047443681,1.4649735207179273,1.067910198775391,1.1365763229823544,1.0283481164036157,1.0248944857066182,1.0,0.008874153677814602,1.677985842901307,1.0,1.7358342335696686,2.1521884656582335,1.4571915285547752,-0.4083952327752013,0.048599655760280025,0.0,0.0,-0.1,0.0,-0.32365668390976504,0.0,0.0,0.14285714285714285,0.0,0.0,-0.6309297535714572,0.0,0.0,Normal,0
-0.008305829395579967,119,6,5,-0.34836848541674165,-0.45815690999132613,-0.6540023010292416,-0.7445687201666262,0.4383153396651112,0.0,-0.11507936507936507,0.468975242099144,-0.7475927608105515,0.0,0.0,-0.07850501908545554,-0.001722195177383939,-0.08835805347908927,0.0,0.0,0.0,0.0,0.0,0.0,0.0,0.0,-0.6017427710050841,-0.8459607780457364,0.0,0.0,0.0,1.0,-0.32365668390976504,0.0,0.0,0.2857142857142857,0.0,0.0,-0.6309297535714572,0.1111111111111111,0.0,Fuzzers,1
-0.0062787618260528606,119,1,2,-0.34836848541674165,0.0,-0.5583955477878929,-0.011689495632726133,-0.0056894025030375835,-1.1614583333333333,0.0,-0.04575407146098752,0.5848944568096959,0.0,0.0,-0.07997131065090231,-0.000982640019408269,-0.08835805347908927,0.0,0.0,0.0,0.0,0.0,0.0,0.0,0.0,-0.1791536031035335,0.13604533588669487,0.0,0.0,-0.4,-1.0,0.5532947556651122,0.0,0.0,-0.2857142857142857,0.0,0.0,0.9207988315012231,-0.2222222222222222,0.0,Normal,0
0.006435559283571541,113,3,4,0.4008537173419332,0.6115100544329425,-0.08853316975286465,0.5594913824634756,-0.021903243903829195,-1.1614583333333333,0.0,-0.07452772216995923,0.845923289286145,0.5,1.4649735207179273,0.09647276537995278,0.11685591756949701,0.4493979581619231,0.7809701001939311,1.0,0.4015292473895652,0.40871402004220964,1.0,0.013401212304114913,0.02542668215865522,0.0030603180406919,-0.5680436705367541,0.6210412958985105,0.0,0.0,-0.2,-1.0,0.7829328274204592,0.0,0.0,0.2857142857142857,0.0,0.0,0.7381404928570852,-0.1111111111111111,0.0,Normal,0
-0.008305829395579967,120,6,5,-0.34836848541674165,-0.45815690999132613,-0.3913767846054552,-0.7445687201666262,0.4383153396651112,0.0,-0.11507936507936507,0.5431953692758632,-0.7475927608105515,0.0,0.0,-0.07850501908545554,-0.001722195177383939,-0.08835805347908927,0.0,0.0,0.0,0.0,0.0,0.0,0.0,0.0,0.5607860785898678,-0.8459607780457364,0.0,0.0,0.0,1.0,0.5532947556651122,1.1989778467157899,2.0,0.2857142857142857,0.0,0.0,0.5093842420185072,0.1111111111111111,0.0,Exploits,1
-0.006242309552339669,119,1,2,-0.34836848541674165,0.0,-0.5645236512267633,-0.013439937805221309,-0.007825334463860396,-1.1614583333333333,0.0,-0.04949392572941355,0.5819005104433336,0.0,0.0,-0.08046202436744408,-0.0004908311337499053,-0.08835805347908927,0.0,0.0,0.0,0.0,0.0,0.0,0.0,0.0,-0.2062646310321604,0.13335158627940197,0.0,0.0,-0.4,-1.0,0.5532947556651122,0.0,0.0,-0.2857142857142857,0.0,0.0,-0.6309297535714572,-0.2222222222222222,0.0,Normal,0
1.1173294733554713,113,6,4,0.5377054001731342,0.5418430900086738,0.056958217202784864,0.1844361345610965,-0.5773797049347296,0.0,0.8849206349206349,-0.5566165482221495,0.11931630757716974,0.792481250360578,1.261859507142915,1.0243283711459343,1.0849746691357138,0.9819666612938281,1.0134427710586902,1.0,1.1796847894011975,1.0629805579610712,1.0,1.864221916033347,1.8736587558314488,1.9392982069823022,-0.31897941804229135,0.08511298928516586,0.0,0.0,-0.4,0.0,0.0,0.0,0.0,-0.2857142857142857,0.0,0.0,-0.6309297535714572,-0.1111111111111111,0.0,Exploits,1
-0.008277020838015205,119,6,5,-0.34836848541674165,-0.45815690999132613,-0.4615104146933044,-0.7445687201666262,0.31980109676511254,0.0,-0.11507936507936507,0.41208307982223913,-0.7475927608105515,0.0,0.0,-0.07487710046690897,-0.001722195177383939,-0.08835805347908927,0.0,0.0,0.0,0.0,0.0,0.0,0.0,0.0,0.2498499789758582,-0.8459607780457364,0.0,0.0,-0.4,1.0,-0.32365668390976504,0.0,0.0,-0.2857142857142857,0.0,0.0,-0.6309297535714572,-0.3333333333333333,0.0,Reconnaissance,1
-0.008307749981448684,120,6,5,-0.34836848541674165,-0.45815690999132613,-0.3913767846054552,-0.7445687201666262,0.45254724258694085,0.0,-0.11507936507936507,0.5565636493511029,-0.7475927608105515,0.0,0.0,-0.07874879450489872,-0.001722195177383939,-0.08835805347908927,0.0,0.0,0.0,0.0,0.0,0.0,0.0,0.0,0.5607860785898678,-0.8459607780457364,0.0,0.0,0.2,1.0,0.4077591983577853,1.0,1.5,1.2857142857142858,0.0,0.0,0.2031140135750122,0.3333333333333333,0.0,Exploits,1
-0.008313511750578272,32,6,5,-0.34836848541674165,-0.45815690999132613,-0.49129911959243733,-0.7445687201666262,0.5093385986249094,0.0,-0.11507936507936507,0.5817085172013123,-0.7475927608105515,0.0,0.0,-0.07948157445237129,-0.001722195177383939,-0.08835805347908927,0.0,0.0,0.0,0.0,0.0,0.0,0.0,0.0,0.1178752671973285,-0.8459607780457364,0.0,0.0,-0.4,1.0,-0.32365668390976504,0.0,0.0,-0.2857142857142857,0.0,0.0,0.0,-0.3333333333333333,0.0,DoS,1
0.8849183279603405,113,4,4,0.5377054001731342,0.45815690999132636,0.19512529066664847,0.278616233035003,-0.5557547786298395,-1.0,0.8849206349206349,-0.4841621976186801,0.21180595059741603,0.792481250360578,1.0,0.9522491426029035,1.0230068800229077,0.9408736893324834,0.9728957509562708,1.0,0.9847753618573002,1.932141107790293,1.0,2.9239565399662264,3.369256042484114,2.7953580837214878,0.29177859857974164,0.27769692656495726,0.6931471805599453,5.308267697401205,-0.1,0.0,-0.32365668390976504,0.0,0.0,0.14285714285714285,0.0,0.6931471805599453,-0.6309297535714572,0.0,0.0,Normal,0
0.4593927224623623,113,4,4,0.5377054001731342,0.45815690999132636,0.17380817515784822,0.28754121967769025,-0.46559533050080126,-1.0,0.8849206349206349,-0.4034667617851784,0.29441338166422787,0.792481250360578,1.0,0.7685351370530744,0.8826437687136484,0.8340638281744744,0.825015878832917,1.0,0.9031520732408784,0.3399898272833839,1.0,0.6078275064324958,0.8172621195222979,0.4321473684661742,0.18506997831189842,0.2914192863073229,0.6931471805599453,5.480638923341991,-0.4,0.0,-0.32365668390976504,0.0,0.0,-0.2857142857142857,0.0,0.6931471805599453,-0.2618595071429149,-0.3333333333333333,0.0,Exploits,1
0.7142305657012781,113,6,4,0.5377054001731342,0.45815690999132636,0.4509029522995194,0.09828264867786968,-0.5253193238919889,0.0,0.8849206349206349,-0.3829356090480505,0.11199601042826247,0.792481250360578,0.6309297535714575,0.8824196766268022,1.0030505992387677,0.9362023367821872,0.9863216967901947,1.0,2.006137267763739,1.9552391132998583,1.0,1.2746547950989469,1.4357585973594025,1.1707310161583027,1.4125888162692608,0.0,0.0,0.0,0.2,0.0,0.5532947556651122,0.7564707973660301,0.0,0.5714285714285714,0.0,0.0,0.0,0.3333333333333333,0.0,Normal,0
-0.00831159115894783,3,6,5,-0.34836848541674165,-0.45815690999132613,-0.3913767846054552,-0.7445687201666262,0.4873083417532429,0.0,-0.11507936507936507,0.5892153265801261,-0.7475927608105515,0.0,0.0,-0.0792370717068429,-0.001722195177383939,-0.08835805347908927,0.0,0.0,0.0,0.0,0.0,0.0,0.0,0.0,0.5607860785898678,-0.8459607780457364,0.0,0.0,-0.2,1.0,0.22963807175534715,0.7564707973660301,1.0,0.0,0.0,0.0,0.2031140135750122,-0.1111111111111111,0.0,DoS,1
1.6048857348999388,113,6,4,0.6516315145832584,0.5418430900086738,0.25388199504909376,0.2129162497098019,-0.6235325111248603,0.0,0.8849206349206349,-0.5562505520880113,0.08904121634277906,1.0,1.0,1.0662511091689182,1.212119525933717,1.0131252393647858,1.0781887919286115,1.0,0.48778672311361887,0.7747292072763535,1.0,3.007487183165762,2.5157436941598954,3.651847594376008,0.22851423430855478,0.1278641069415126,0.0,0.0,-0.1,0.0,0.0,0.4425070493497599,0.5,-0.14285714285714285,0.0,0.0,-0.2618595071429149,-0.1111111111111111,0.0,Fuzzers,1
-0.00830967056923797,120,6,5,-0.34836848541674165,-0.45815690999132613,-0.3913767846054552,-0.7445687201666262,0.4686820524374373,0.0,-0.11507936507936507,0.5717193517729767,-0.7475927608105515,0.0,0.0,-0.07899281188509567,-0.001722195177383939,-0.08835805347908927,0.0,0.0,0.0,0.0,0.0,0.0,0.0,0.0,0.5607860785898678,-0.8459607780457364,0.0,0.0,0.4,1.0,0.4077591983577853,0.7564707973660301,1.0,1.2857142857142858,0.0,0.0,0.2031140135750122,0.5555555555555556,0.0,Exploits,1
0.08176008815178919,113,2,4,1.610034999020141,1.2130308314799134,0.6930096934618255,0.4363816911397844,-0.03628579828727528,-1.1614583333333333,0.0,-0.0495525959081189,0.5842328743479499,1.7924812503605783,2.52371901428583,0.08398272857912874,0.15836766237260402,0.4637350864039213,0.2223814630215469,1.0,1.5913852232929797,1.6065815470516631,1.0,0.009438958849389415,0.0154336230011772,0.004224958228211294,-0.47056861402790745,0.09818920902194765,0.0,0.0,-0.3,-1.0,0.9610539540228977,0.0,0.0,0.42857142857142855,0.6931471805599453,0.0,0.9999999999999998,-0.3333333333333333,0.0,Normal,0
0.950175879814951,113,6,4,1.097590688175416,0.8115075629572489,0.5688192392732331,0.34048871524301005,-0.4566931804150417,-1.1614583333333333,0.0,-0.3822154887745576,0.2542371374306479,1.403677461028802,1.6309297535714575,0.7483009715561094,0.8762193652129237,0.9033116210990942,1.6599883682405239,1.0,1.0503022755724303,2.137336535696914,1.0,0.009187345096446944,0.015925170386807113,0.003357192747758557,0.372819180453224,0.17068466113072112,0.0,0.0,-0.1,-1.0,0.22963807175534715,0.0,0.0,-0.2857142857142857,0.0,0.0,-0.2618595071429149,0.6666666666666666,0.0,Normal,0
-0.008305829395579967,119,1,5,-0.34836848541674165,-0.45815690999132613,-0.6172090301216083,-0.7445687201666262,0.4383153396651112,0.0,-0.11507936507936507,0.479395323795663,-0.7475927608105515,0.0,0.0,-0.07850501908545554,-0.001722195177383939,-0.08835805347908927,0.0,0.0,0.0,0.0,0.0,0.0,0.0,0.0,-0.43921392141013216,-0.8459607780457364,0.0,0.0,-0.1,1.0,0.4077591983577853,1.0,1.5,0.14285714285714285,0.0,0.0,0.2031140135750122,0.0,0.0,Generic,1
-0.008313511750578272,119,1,5,-0.34836848541674165,-0.45815690999132613,-0.6172090301216083,-0.7445687201666262,0.5093385986249094,0.0,-0.11507936507936507,0.5461086388303764,-0.7475927608105515,0.0,0.0,-0.07948157445237129,-0.001722195177383939,-0.08835805347908927,0.0,0.0,0.0,0.0,0.0,0.0,0.0,0.0,-0.43921392141013216,-0.8459607780457364,0.0,0.0,2.2,1.0,1.3846203144649547,2.335575477358633,7.5,3.4285714285714284,0.0,0.0,1.369070246428542,2.5555555555555554,0.0,Generic,1
-0.008317352939600908,119,6,5,-0.34836848541674165,-0.45815690999132613,-0.6540023010292416,-0.7445687201666262,0.5710626891769315,0.0,-0.11507936507936507,0.5936668415105808,-0.7475927608105515,0.0,0.0,-0.07997131065090231,-0.001722195177383939,-0.08835805347908927,0.0,0.0,0.0,0.0,0.0,0.0,0.0,0.0,-0.6017427710050841,-0.8459607780457364,0.0,0.0,0.0,1.0,-0.32365668390976504,0.0,0.0,-0.14285714285714285,0.0,0.0,0.2031140135750122,-0.2222222222222222,0.0,Fuzzers,1
-0.008305829395579967,120,6,5,-0.34836848541674165,-0.45815690999132613,-0.3913767846054552,-0.7445687201666262,0.4383153396651112,0.0,-0.11507936507936507,0.5431953692758632,-0.7475927608105515,0.0,0.0,-0.07850501908545554,-0.001722195177383939,-0.08835805347908927,0.0,0.0,0.0,0.0,0.0,0.0,0.0,0.0,0.5607860785898678,-0.8459607780457364,0.0,0.0,0.1,1.0,0.0,0.4425070493497599,0.5,0.42857142857142855,0.0,0.0,0.0,0.2222222222222222,0.0,DoS,1
-0.00831159115894783,119,1,5,-0.34836848541674165,-0.45815690999132613,-0.6172090301216083,-0.7445687201666262,0.4873083417532429,0.0,-0.11507936507936507,0.5254152901574599,-0.7475927608105515,0.0,0.0,-0.0792370717068429,-0.001722195177383939,-0.08835805347908927,0.0,0.0,0.0,0.0,0.0,0.0,0.0,0.0,-0.43921392141013216,-0.8459607780457364,0.0,0.0,2.4,1.0,1.4302461952399894,2.335575477358633,7.5,3.7142857142857144,0.0,0.0,1.3170424160196508,2.7777777777777777,0.0,Generic,1
0.49651660838992234,113,6,4,1.1500759201006077,0.9461145226208255,0.8705938778013056,0.40351640810728756,-0.33990619106803577,-1.1614583333333333,0.0,-0.2101532681794487,0.3762322723947501,1.5,1.8927892607143724,0.550097887220862,0.6141540473171566,0.7466564318574176,0.633557267174862,1.0,0.781982820043593,1.8680638088146058,1.0,0.007652392300586054,0.013385413706387277,0.0026949284884337592,1.5620227826102513,0.1924895513698502,0.0,0.0,0.9,-1.0,0.4077591983577853,0.0,0.0,0.0,0.0,0.0,0.6309297535714571,0.4444444444444444,0.0,Normal,0
0.8126689671016628,113,6,4,0.5377054001731342,0.45815690999132636,-0.021994775392986065,0.12138716878264066,-0.5435265322247982,0.0,0.8849206349206349,-0.5334028791643685,0.11254778218288461,0.792481250360578,1.0,0.9269518628655997,1.0561880144067317,0.9529589720200543,1.0107043947249368,1.0,0.3672988429640608,0.10091487775327342,1.0,0.45882714581458056,0.21829041698945964,0.6550381638676007,-0.671091681662639,0.03636363219109059,0.0,0.0,-0.4,0.0,-0.32365668390976504,0.0,0.0,-0.2857142857142857,0.0,0.0,-0.6309297535714572,-0.3333333333333333,0.0,Exploits,1
-0.008317352939600908,119,1,5,-0.34836848541674165,-0.45815690999132613,-0.6172090301216083,-0.7445687201666262,0.5710626891769315,0.0,-0.11507936507936507,0.6040869325983536,-0.7475927608105515,0.0,0.0,-0.07997131065090231,-0.001722195177383939,-0.08835805347908927,0.0,0.0,0.0,0.0,0.0,0.0,0.0,0.0,-0.43921392141013216,-0.8459607780457364,0.0,0.0,2.6,1.0,1.4302461952399894,2.3979556934315798,8.0,4.0,0.0,0.0,1.369070246428542,3.0,0.0,Generic,1
0.4538837978056404,113,4,4,0.6516315145832584,0.6115100544329425,0.36146728458174704,0.5253118359396882,-0.42798117691983073,-1.0,0.8849206349206349,-0.347125042189321,0.4659770454713825,1.0,1.4649735207179273,0.717768488262032,0.7645968113469594,0.8048501930243182,1.512330372608875,1.0,1.5883359926545213,0.926092421284528,1.0,0.9053041857232053,0.5397448372003019,1.2143033966487768,0.6982125372488294,0.5684881038299203,0.6931471805599453,4.653960350157523,-0.3,0.0,-0.32365668390976504,0.0,0.0,-0.2857142857142857,0.0,0.6931471805599453,-0.6309297535714572,-0.3333333333333333,0.0,Exploits,1
-0.008323114737539298,6,6,5,-0.6248841084186211,-0.45815690999132613,-0.9791020275153512,-0.7445687201666262,-0.9655523389802884,-1.3229166666666667,-0.11507936507936507,-1.5341686859906003,-0.7475927608105515,0.0,0.0,2.6241377529336516,-0.001722195177383939,-0.08835805347908927,0.0,0.0,0.0,0.0,0.0,0.0,0.0,0.0,-0.8183448694831869,-0.8459607780457364,0.0,0.0,-0.4,1.0,-0.32365668390976504,0.0,0.0,-0.2857142857142857,0.0,0.0,-0.6309297535714572,-0.3333333333333333,0.6931471805599453,Normal,0
1.2355020390380809,113,9,4,1.097590688175416,0.8115075629572489,0.8615209474130385,0.32864410308305947,-0.49727976547478725,-1.0,0.8849206349206349,-0.33889495887611515,0.2117790021213108,1.6609640474436813,2.0000000000000004,0.829904879976917,0.9558204629306407,0.8704681674737712,0.8277596135117985,1.0,1.876849594539805,0.027907910112140295,1.0,0.6981252996308506,0.2879464311844872,1.0364137443393553,1.6616530687637252,0.1515561612435413,0.0,0.0,-0.4,0.0,-0.32365668390976504,0.0,0.0,-0.2857142857142857,0.0,0.0,-0.6309297535714572,-0.3333333333333333,0.0,Exploits,1
-0.00830390881163182,119,6,5,-0.34836848541674165,-0.45815690999132613,0.5207370779060064,-0.7445687201666262,0.4255844927666367,0.0,-0.11507936507936507,0.7877086113393807,-0.7475927608105515,0.0,0.0,-0.07826148514739853,-0.001722195177383939,-0.08835805347908927,0.0,0.0,0.0,0.0,0.0,0.0,0.0,0.0,4.618586390480963,-0.8459607780457364,0.0,0.0,3.2,1.0,1.3362275830855714,2.26941239209809,0.0,4.857142857142857,0.0,0.0,1.2618595071429144,3.6666666666666665,0.0,Normal,0
0.8175851485806374,113,6,4,0.4008537173419332,0.3533506529659227,0.6077246374874714,0.25784593549478957,-0.5756677914736061,0.0,0.8849206349206349,-0.36055070682833773,0.20217488706970388,0.792481250360578,1.0,0.9895595892337133,1.1352004423352848,0.9624885513865924,1.058253692238619,1.0,2.1120754915384614,0.6908589134296975,1.0,1.261210503452633,1.133359376410869,1.3956960385561208,2.5114203793956746,0.30930964717744436,0.0,0.0,-0.4,0.0,0.5532947556651122,0.0,0.0,-0.2857142857142857,0.0,0.0,-0.6309297535714572,-0.3333333333333333,0.0,Generic,1
-0.00630754042558981,119,1,2,-0.34836848541674165,0.0,-0.5583955477878929,-0.011689495632726133,-0.003976041655208718,-1.1614583333333333,0.0,-0.04414412900243025,0.5863122779332159,0.0,0.0,-0.07850501908545554,-0.001228912338042096,-0.08835805347908927,0.0,0.0,0.0,0.0,0.0,0.0,0.0,0.0,-0.1791536031035335,0.13604533588669487,0.0,0.0,-0.3,-1.0,0.22963807175534715,0.0,0.0,-0.14285714285714285,0.0,0.0,1.1403139955899648,-0.3333333333333333,0.0,Normal,0
-0.008305829395579967,119,1,5,-0.34836848541674165,-0.45815690999132613,-0.6172090301216083,-0.7445687201666262,0.4383153396651112,0.0,-0.11507936507936507,0.479395323795663,-0.7475927608105515,0.0,0.0,-0.07850501908545554,-0.001722195177383939,-0.08835805347908927,0.0,0.0,0.0,0.0,0.0,0.0,0.0,0.0,-0.43921392141013216,-0.8459607780457364,0.0,0.0,2.2,1.0,1.170482450127475,1.9554486440818202,5.0,3.4285714285714284,0.0,0.0,0.9999999999999998,2.5555555555555554,0.0,Generic,1
-0.00831159115894783,119,1,5,-0.34836848541674165,-0.45815690999132613,-0.6172090301216083,-0.7445687201666262,0.4873083417532429,0.0,-0.11507936507936507,0.5254152901574599,-0.7475927608105515,0.0,0.0,-0.0792370717068429,-0.001722195177383939,-0.08835805347908927,0.0,0.0,0.0,0.0,0.0,0.0,0.0,0.0,-0.43921392141013216,-0.8459607780457364,0.0,0.0,1.2,1.0,1.4302461952399894,2.3979556934315798,8.0,2.2857142857142856,0.0,0.0,1.369070246428542,1.4444444444444444,0.0,Generic,1
6.059204274184373,113,6,4,1.0407268123902522,0.7233848262955236,0.3627165429938006,0.2129162497098019,-0.84821838168477,0.0,0.8849206349206349,-0.8432790152208806,-0.19057099730053229,1.160964047443681,1.6309297535714575,1.6352874241204913,1.8036330300134342,1.4025395762374042,2.4989638298067205,1.0,0.784470597737531,0.06274882684509553,1.0,2.76740733389667,2.195036571369712,3.432970845472736,-0.3780945298881316,0.02341443824891673,0.0,0.0,-0.3,0.0,-0.32365668390976504,0.0,0.0,-0.2857142857142857,0.0,0.0,-0.2618595071429149,-0.3333333333333333,0.0,Exploits,1
1.5532850430985805,113,4,4,0.7492222027586747,0.769769518893221,0.4685650615090426,0.5798381518925964,-0.5732510167073004,-1.1614583333333333,0.0,-0.4891215737660674,0.3541431348966547,1.0,1.6309297535714575,1.0452365011388765,1.063468835231314,1.059030355769201,1.87032417855107,1.0,1.226254995238124,0.1675405409872836,1.0,0.010244089068588666,0.01868313338156051,0.0029689712006411816,0.8865069284623087,0.5626752627177299,0.6931471805599453,8.275121630216509,-0.1,-1.0,0.22963807175534715,0.7564707973660301,0.0,-0.2857142857142857,0.0,0.6931471805599453,0.6309297535714571,-0.1111111111111111,0.0,Normal,0
-0.008315432344129296,119,6,5,-0.34836848541674165,-0.45815690999132613,-0.37559148006382653,-0.7445687201666262,0.5363014692156571,0.0,-0.11507936507936507,0.6396868111033135,-0.7475927608105515,0.0,0.0,-0.07972632060535206,-0.001722195177383939,-0.08835805347908927,0.0,0.0,0.0,0.0,0.0,0.0,0.0,0.0,0.6308084481207822,-0.8459607780457364,0.0,0.0,0.2,1.0,0.0,0.4425070493497599,0.0,0.0,0.0,0.0,0.2031140135750122,-0.1111111111111111,0.0,Fuzzers,1
1.9296367695692191,113,6,4,0.8345798913950238,0.6115100544329425,0.25388199504909376,0.18354599540299568,-0.6268820225064703,0.0,0.8849206349206349,-0.5855197628673892,0.04231263852300527,1.292481250360578,1.261859507142915,1.0867417143313376,1.2369073331951204,1.0410517817387341,1.1002732914598,1.0,1.167962864840186,1.7002044653449755,1.0,2.1640289589801402,2.4415545418286753,2.0534191619945474,-0.2901332125177142,0.044595374063326386,0.0,0.0,-0.2,0.0,-0.32365668390976504,0.0,0.0,-0.2857142857142857,0.0,0.0,-0.2618595071429149,-0.3333333333333333,0.0,Normal,0
3.6114026356828064,113,6,6,0.22946445519383787,-0.45815690999132613,-0.2705223673100587,-0.7445687201666262,-0.8882901440885759,0.0,-0.11507936507936507,-0.8782924354125795,-0.7475927608105515,1.292481250360578,0.0,1.6449363900955676,-0.001722195177383939,0.8703038345173908,0.0,1.0,0.0,0.0,0.0,0.0,0.0,0.0,-0.8571173182969516,-0.8459607780457364,0.0,0.0,1.4,5.0,1.2296380717553472,0.4425070493497599,0.5,2.0,0.0,0.0,1.1403139955899648,1.4444444444444444,0.0,Normal,0
0.7004433617136442,113,4,4,0.5377054001731342,0.45815690999132636,0.18266503469095366,0.28225308898604845,-0.5226029838896482,-1.0,0.8849206349206349,-0.45566934671530296,0.2425926524116662,0.792481250360578,1.0,0.8839513460696827,1.0229285080454749,0.9056508167814424,1.004580012714424,1.0,0.9320883454169558,0.6381549806328186,1.0,0.48654734432156727,0.22428028412973197,0.7008228330472782,0.22851423430855478,0.2832879540704181,0.6931471805599453,5.41610040220442,-0.4,0.0,-0.32365668390976504,0.0,0.0,-0.2857142857142857,0.0,0.6931471805599453,-0.6309297535714572,-0.3333333333333333,0.0,Exploits,1
-0.005950716266548814,119,1,2,-0.34836848541674165,0.0,-0.5179170842831736,0.0,-0.023675152147212723,-1.1614583333333333,0.0,-0.0512134715559339,0.5781986811335449,0.0,0.0,-0.07850501908545554,-0.0014754305601802024,-0.08835805347908927,0.0,0.0,0.0,0.0,0.0,0.0,0.0,0.0,0.0,0.1540392219542636,0.0,0.0,-0.2,-1.0,0.22963807175534715,0.0,0.0,-0.14285714285714285,0.0,0.0,-0.2618595071429149,-0.1111111111111111,0.0,Normal,0
2.145501507848863,113,6,4,1.3270551433692541,0.6115100544329425,1.68626694295968,0.15499064675011906,-0.588018970444646,0.0,0.8849206349206349,-0.19911283438157806,0.005345132017845135,1.9534452978042594,0.6309297535714575,0.934998646641111,1.284982973681171,1.0229772032979811,1.2230128185422613,1.0,1.5856586097223127,1.16159543579728,1.0,1.487195947239677,1.663775682532505,1.386842165989591,4.706637225931938,0.0,0.0,0.0,-0.3,0.0,-0.32365668390976504,0.0,0.0,-0.2857142857142857,0.0,0.0,-0.6309297535714572,-0.3333333333333333,0.0,Fuzzers,1
0.05990525522049319,119,6,2,0.0,0.21303083147991342,-0.006163122524208084,0.07649325167804336,-0.32867057064370336,-1.1614583333333333,0.0,-0.24421422625267866,0.33476670951867965,0.0,0.0,0.42079100999317126,0.5314474878966733,0.20750520439813083,0.5153939888503838,0.0,0.0,0.0,0.0,0.0,0.0,0.0,1.0296653884742077,0.1193701448363572,0.0,0.0,0.4,-1.0,0.4077591983577853,0.0,0.0,0.0,0.0,0.0,0.5093842420185072,0.5555555555555556,0.0,Normal,0
1.3826552139354553,113,4,4,0.5377054001731342,0.6115100544329425,0.13848097926171826,0.4559262323875474,-0.599108426621128,-1.0,0.8849206349206349,-0.566512254112269,0.2814259390612754,0.792481250360578,1.261859507142915,1.0944948177203626,1.1218685545055889,1.0260551996070315,1.866326500146024,1.0,1.801584198592434,1.991068736264776,1.0,1.0663438505961345,0.8423637968230456,1.2678204040826766,0.02419968392409584,0.46087960348735557,0.6931471805599453,7.416979621381154,-0.4,0.0,-0.32365668390976504,0.0,0.0,-0.2857142857142857,0.0,0.6931471805599453,-0.6309297535714572,-0.3333333333333333,0.0,Exploits,1
-0.008317352939600908,119,1,5,-0.34836848541674165,-0.45815690999132613,-0.6172090301216083,-0.7445687201666262,0.5710626891769315,0.0,-0.11507936507936507,0.6040869325983536,-0.7475927608105515,0.0,0.0,-0.07997131065090231,-0.001722195177383939,-0.08835805347908927,0.0,0.0,0.0,0.0,0.0,0.0,0.0,0.0,-0.43921392141013216,-0.8459607780457364,0.0,0.0,2.1,1.0,1.4302461952399894,2.3979556934315798,8.0,3.2857142857142856,0.0,0.0,1.4182843521034598,2.4444444444444446,0.0,Generic,1
-0.008307749981448684,119,1,5,-0.34836848541674165,-0.45815690999132613,-0.6172090301216083,-0.7445687201666262,0.45254724258694085,0.0,-0.11507936507936507,0.4927636086025248,-0.7475927608105515,0.0,0.0,-0.07874879450489872,-0.001722195177383939,-0.08835805347908927,0.0,0.0,0.0,0.0,0.0,0.0,0.0,0.0,-0.43921392141013216,-0.8459607780457364,0.0,0.0,0.4,1.0,0.22963807175534715,0.7564707973660301,1.0,0.0,0.0,0.0,0.0,0.5555555555555556,0.0,Generic,1
-0.00831159115894783,119,1,5,-0.34836848541674165,-0.45815690999132613,-0.6172090301216083,-0.7445687201666262,0.4873083417532429,0.0,-0.11507936507936507,0.5254152901574599,-0.7475927608105515,0.0,0.0,-0.0792370717068429,-0.001722195177383939,-0.08835805347908927,0.0,0.0,0.0,0.0,0.0,0.0,0.0,0.0,-0.43921392141013216,-0.8459607780457364,0.0,0.0,1.2,1.0,0.7829328274204592,1.51294159473206,1.0,0.5714285714285714,0.0,0.0,0.6309297535714571,1.4444444444444444,0.0,Generic,1
1.7288582532423555,113,3,4,0.4008537173419332,0.45815690999132636,-0.15008670648968378,0.26332700883047094,-0.6736391940519257,-1.0,0.8849206349206349,-0.6875242374626659,0.1101613151794822,0.5,1.0,1.2349976802002645,1.3041117058849478,1.1215590931561157,1.2511299134472582,1.0,1.2761574122521127,1.9595777276513167,1.0,1.619747414895066,2.365434462070544,1.0461244606583766,-0.8183448694831869,0.25381015738028406,0.0,0.0,-0.4,0.0,0.0,0.0,0.0,-0.14285714285714285,0.0,0.0,-0.2618595071429149,-0.3333333333333333,0.0,Exploits,1
1.751990037694776,113,6,4,1.0407268123902522,1.0696669644242687,0.3172177253240767,0.7418462769739693,-0.5188624274929184,-1.0,0.8849206349206349,-0.5487423932779941,0.45212845630792514,1.403677461028802,2.6309297535714578,0.9722605648368338,0.9098125643492885,0.9555352190719265,1.6745493626003294,1.0,1.4139569866845358,0.3632751525158942,1.0,1.0410896828642908,1.0630687885596675,1.0388363544715808,-0.5680436705367541,0.6472164109112613,0.0,0.0,-0.3,0.0,-0.32365668390976504,0.0,0.0,-0.2857142857142857,0.0,0.0,-0.2618595071429149,-0.3333333333333333,0.0,Exploits,1
-0.00831159115894783,119,1,5,-0.34836848541674165,-0.45815690999132613,-0.6172090301216083,-0.7445687201666262,0.4873083417532429,0.0,-0.11507936507936507,0.5254152901574599,-0.7475927608105515,0.0,0.0,-0.0792370717068429,-0.001722195177383939,-0.08835805347908927,0.0,0.0,0.0,0.0,0.0,0.0,0.0,0.0,-0.43921392141013216,-0.8459607780457364,0.0,0.0,1.7,1.0,1.3846203144649547,2.335575477358633,7.5,2.7142857142857144,0.0,0.0,1.369070246428542,2.0,0.0,Generic,1
-0.006345912562442657,119,1,2,-0.34836848541674165,0.0,-0.5179170842831736,0.0,-0.0016530826704225078,-1.1614583333333333,0.0,-0.030520170188397595,0.5964224980156875,0.0,0.0,-0.07850501908545554,-0.0007366131141869122,-0.08835805347908927,0.0,0.0,0.0,0.0,0.0,0.0,0.0,0.0,0.0,0.1540392219542636,0.0,0.0,-0.4,-1.0,0.7829328274204592,0.0,0.0,-0.2857142857142857,0.0,0.0,-0.6309297535714572,0.1111111111111111,0.0,Normal,0
-0.008317352939600908,66,6,5,-0.34836848541674165,-0.45815690999132613,-0.3913767846054552,-0.7445687201666262,0.414068041885026,0.0,-0.11507936507936507,0.5204194082711988,-0.7475927608105515,0.0,0.0,-0.07801819221278322,-0.001722195177383939,-0.08835805347908927,0.0,0.0,0.0,0.0,0.0,0.0,0.0,0.0,0.5607860785898678,-0.8459607780457364,0.0,0.0,1.6,1.0,0.4077591983577853,1.0,1.5,0.14285714285714285,0.0,0.0,0.36907024642854247,1.3333333333333333,0.0,Analysis,1
1.124573011752539,113,6,4,0.7492222027586747,0.6115100544329425,0.7410293000308742,0.19136523758359178,-0.5463852374066148,0.0,0.8849206349206349,-0.3620933498978795,0.1251112830895702,1.160964047443681,1.4649735207179273,0.9371936842154437,1.0382526756659003,0.9312279016043833,0.9439562017758221,1.0,0.7469300168189721,0.0930202590373776,1.0,1.3225208801968775,1.5447894568577754,1.1707527146402534,2.098507754003345,0.05639805666657745,0.0,0.0,0.1,0.0,0.0,0.4425070493497599,0.5,0.2857142857142857,0.0,0.0,-0.2618595071429149,0.1111111111111111,0.0,Normal,0
2.233329236679679,113,7,4,1.097590688175416,1.1648582159231715,0.3073268232316731,0.7886745188921197,-0.5427490399522927,-1.0,0.8849206349206349,-0.5952010286161256,0.4464788597575097,1.5,2.8540498302002715,1.0445083327043858,0.9334396486288092,0.978623986886588,1.6836412648777446,1.0,2.010317161318315,2.086600675461187,1.0,2.1476810731413196,3.1534592007384825,1.4097004969733895,-0.7803887437003589,0.6679577192398354,0.0,0.0,-0.4,0.0,0.0,0.0,0.0,-0.2857142857142857,0.0,0.0,-0.2618595071429149,-0.3333333333333333,0.0,DoS,1
-0.006253820721927547,119,1,2,-0.34836848541674165,0.0,-0.5179170842831736,0.0,-0.007154898464139266,-1.1614583333333333,0.0,-0.035689883535791195,0.5918697230201214,0.0,0.0,-0.07704742099934558,0.0017102649814455374,-0.08835805347908927,0.0,0.0,0.0,0.0,0.0,0.0,0.0,0.0,0.0,0.1540392219542636,0.0,0.0,-0.3,-1.0,0.22963807175534715,0.4425070493497599,0.0,0.14285714285714285,0.0,0.0,0.0,-0.3333333333333333,0.0,Normal,0
-0.00492665383664966,119,6,2,0.0,0.21303083147991342,0.0,0.07649325167804336,0.0352958930604695,-1.1614583333333333,0.0,0.09995088097893005,0.6363331229518135,0.0,0.0,0.009280063284163996,0.05032211127100198,-0.027519253982999464,0.058553649427073376,0.0,0.0,0.0,0.0,0.0,0.0,0.0,1.0569818108072753,0.1193701448363572,0.0,0.0,-0.1,-1.0,0.4077591983577853,0.0,0.0,-0.14285714285714285,0.0,0.0,0.0,0.1111111111111111,0.0,Normal,0
0.08834066019222028,113,6,4,1.4349593957967595,1.110385368881512,0.6350269588038265,0.7001257078797782,-0.07634943284734291,-1.1614583333333333,0.0,-0.07468947348109908,0.7601559492542215,1.5,2.4649735207179275,0.12925446602807616,0.1981331497865628,0.47122788281609546,0.9170852966307511,1.0,1.5028067782325696,1.5394662680539017,1.0,0.007929200897897871,0.013576586403590432,0.003037481364929742,-0.23378958374346237,0.5607033631640681,0.0,0.0,0.1,-1.0,0.4077591983577853,0.0,0.0,0.0,0.0,0.0,0.36907024642854247,0.2222222222222222,0.0,Normal,0
1.0191459182843357,113,6,4,0.5377054001731342,0.3533506529659227,0.6331139220987492,0.05846526410373137,-0.5909365798834432,0.0,0.8849206349206349,-0.3814423129512125,0.03581431616433037,0.792481250360578,0.6309297535714575,0.9950704102951613,1.190695949641519,0.9584552844124796,1.1101798373776561,1.0,0.6946804377162072,0.4245371628544971,1.0,2.5113413532797435,2.2659741624884306,2.877983115103907,2.223398569111651,0.004884408081456099,0.0,0.0,-0.1,0.0,-0.32365668390976504,0.0,0.0,0.14285714285714285,0.0,0.0,-0.6309297535714572,0.1111111111111111,0.0,Fuzzers,1
-0.008305829395579967,119,1,5,-0.34836848541674165,-0.45815690999132613,-0.6172090301216083,-0.7445687201666262,0.4383153396651112,0.0,-0.11507936507936507,0.479395323795663,-0.7475927608105515,0.0,0.0,-0.07850501908545554,-0.001722195177383939,-0.08835805347908927,0.0,0.0,0.0,0.0,0.0,0.0,0.0,0.0,-0.43921392141013216,-0.8459607780457364,0.0,0.0,2.8,1.0,1.7237772057925873,2.7992745841871196,12.0,4.285714285714286,0.0,0.0,1.7381404928570847,3.2222222222222223,0.0,Generic,1
-0.008313511750578272,119,1,5,-0.34836848541674165,-0.45815690999132613,-0.6172090301216083,-0.7445687201666262,0.5093385986249094,0.0,-0.11507936507936507,0.5461086388303764,-0.7475927608105515,0.0,0.0,-0.07948157445237129,-0.001722195177383939,-0.08835805347908927,0.0,0.0,0.0,0.0,0.0,0.0,0.0,0.0,-0.43921392141013216,-0.8459607780457364,0.0,0.0,2.4,1.0,1.170482450127475,2.0428037868210893,5.5,3.7142857142857144,0.0,0.0,1.0728580123298777,2.7777777777777777,0.0,Generic,1
-0.008317352939600908,119,1,5,-0.34836848541674165,-0.45815690999132613,-0.6172090301216083,-0.7445687201666262,0.5710626891769315,0.0,-0.11507936507936507,0.6040869325983536,-0.7475927608105515,0.0,0.0,-0.07997131065090231,-0.001722195177383939,-0.08835805347908927,0.0,0.0,0.0,0.0,0.0,0.0,0.0,0.0,-0.43921392141013216,-0.8459607780457364,0.0,0.0,1.2,1.0,1.3846203144649547,2.335575477358633,7.5,2.0,0.0,0.0,1.3170424160196508,1.4444444444444444,0.0,Generic,1
2.612288189815959,113,9,4,1.8992981228592825,0.9461145226208255,2.0432661052622976,0.3580662367645968,-0.5268960131052326,-1.0,0.8849206349206349,-0.1358087009933469,0.1175733163466849,2.604726682814475,2.0000000000000004,0.8128178308543557,1.1517017073667186,0.9507584026030603,1.100972459464396,1.0,0.4047113331302929,0.5535906625547274,1.0,2.5708319095149954,0.9436228091520469,3.9999192442228075,4.7560818359434505,0.12223768941740623,0.0,0.0,-0.4,0.0,0.0,0.0,0.0,-0.2857142857142857,0.0,0.0,-0.6309297535714572,-0.3333333333333333,0.0,Exploits,1
-0.008313511750578272,120,6,5,-0.34836848541674165,-0.45815690999132613,-0.3913767846054552,-0.7445687201666262,0.5093385986249094,0.0,-0.11507936507936507,0.6099086799000378,-0.7475927608105515,0.0,0.0,-0.07948157445237129,-0.001722195177383939,-0.08835805347908927,0.0,0.0,0.0,0.0,0.0,0.0,0.0,0.0,0.5607860785898678,-0.8459607780457364,0.0,0.0,-0.1,1.0,-0.32365668390976504,0.0,0.0,0.14285714285714285,0.0,0.0,-0.6309297535714572,0.0,0.0,Reconnaissance,1
1.5703634464052014,113,6,4,0.5377054001731342,0.45815690999132636,0.026627704067271322,0.09828264867786968,-0.6438241318882083,0.0,0.8849206349206349,-0.618536686761758,0.00942144719112843,0.792481250360578,0.6309297535714575,1.1325686123430718,1.2761575378594057,1.043101367041903,1.183505448648156,1.0,0.842968593735133,0.42452343563287215,1.0,2.0129847210330993,1.1565224551134243,2.7943274188985785,-0.47056861402790745,0.0,0.0,0.0,-0.3,0.0,-0.32365668390976504,0.0,0.0,-0.2857142857142857,0.0,0.0,-0.6309297535714572,-0.3333333333333333,0.0,Reconnaissance,1
-0.008323114737539298,6,6,5,-0.6248841084186211,-0.45815690999132613,-0.9791020275153512,-0.7445687201666262,-0.9655523389802884,-1.3229166666666667,-0.11507936507936507,-1.5341686859906003,-0.7475927608105515,0.0,0.0,2.6241378348805124,-0.001722195177383939,0.2650532721398666,0.0,0.0,0.0,0.0,0.0,0.0,0.0,0.0,-0.8183448694831869,-0.8459607780457364,0.0,0.0,-0.4,1.0,-0.32365668390976504,0.0,0.0,-0.2857142857142857,0.0,0.0,-0.6309297535714572,-0.3333333333333333,0.6931471805599453,Normal,0
2.7347692041801936,113,9,4,2.785372008449158,1.2562106484283022,2.645394618880785,0.4269519196009438,-0.3943956953825463,-1.0,0.8849206349206349,0.024589142748054276,0.15903023288646786,3.594912279440009,2.0000000000000004,0.5250333208509846,0.9812220256300216,0.813910588569107,0.8974531947679694,1.0,1.5103872755924548,1.6619326377076846,1.0,1.171526673567416,0.9389502560413246,1.3858964039045603,5.080420165672013,0.06019698031261823,0.0,0.0,-0.4,0.0,0.0,0.0,0.0,-0.2857142857142857,0.0,0.0,-0.2618595071429149,-0.3333333333333333,0.0,Exploits,1
-0.008307749981448684,120,6,5,-0.34836848541674165,-0.45815690999132613,-0.3913767846054552,-0.7445687201666262,0.45254724258694085,0.0,-0.11507936507936507,0.5565636493511029,-0.7475927608105515,0.0,0.0,-0.07874879450489872,-0.001722195177383939,-0.08835805347908927,0.0,0.0,0.0,0.0,0.0,0.0,0.0,0.0,0.5607860785898678,-0.8459607780457364,0.0,0.0,-0.2,1.0,-0.32365668390976504,0.0,0.0,0.0,0.0,0.0,-0.6309297535714572,-0.1111111111111111,0.0,Exploits,1
-0.008317352939600908,127,6,5,-0.34836848541674165,-0.45815690999132613,-0.3913767846054552,-0.7445687201666262,0.5710626891769315,0.0,-0.11507936507936507,0.6678869693421029,-0.7475927608105515,0.0,0.0,-0.07997131065090231,-0.001722195177383939,-0.08835805347908927,0.0,0.0,0.0,0.0,0.0,0.0,0.0,0.0,0.5607860785898678,-0.8459607780457364,0.0,0.0,-0.1,1.0,0.22963807175534715,0.7564707973660301,1.0,0.14285714285714285,0.0,0.0,0.0,0.0,0.0,Exploits,1
1.522792957270251,113,6,4,0.7492222027586747,0.5418430900086738,0.15444806945077616,0.162937388895502,-0.6044023512436438,0.0,0.8849206349206349,-0.5740550180147935,0.06184333040914274,1.160964047443681,1.261859507142915,1.038129170274836,1.1971918186494825,1.005431715450259,1.1255295414016877,1.0,0.8627697480066321,0.9863713194106258,1.0,1.3406770965667407,1.8900076975120177,0.9121455729264857,-0.5024782856813175,0.05253306148099389,0.0,0.0,-0.4,0.0,-0.32365668390976504,0.0,0.0,-0.2857142857142857,0.0,0.0,-0.6309297535714572,-0.3333333333333333,0.0,Normal,0
-0.008305829395579967,119,6,5,-0.34836848541674165,-0.45815690999132613,-0.6540023010292416,-0.7445687201666262,0.4383153396651112,0.0,-0.11507936507936507,0.468975242099144,-0.7475927608105515,0.0,0.0,-0.07850501908545554,-0.001722195177383939,-0.08835805347908927,0.0,0.0,0.0,0.0,0.0,0.0,0.0,0.0,-0.6017427710050841,-0.8459607780457364,0.0,0.0,-0.2,1.0,-0.32365668390976504,0.0,0.0,0.0,0.0,0.0,-0.6309297535714572,-0.1111111111111111,0.0,Fuzzers,1
-0.008307749981448684,120,6,5,-0.34836848541674165,-0.45815690999132613,-0.3913767846054552,-0.7445687201666262,0.45254724258694085,0.0,-0.11507936507936507,0.5565636493511029,-0.7475927608105515,0.0,0.0,-0.07874879450489872,-0.001722195177383939,-0.08835805347908927,0.0,0.0,0.0,0.0,0.0,0.0,0.0,0.0,0.5607860785898678,-0.8459607780457364,0.0,0.0,0.4,1.0,0.4077591983577853,0.7564707973660301,1.0,1.0,0.0,0.0,0.2031140135750122,0.5555555555555556,0.0,Analysis,1
1.005119453434549,113,6,4,0.6516315145832584,0.45815690999132636,0.30875470499489216,0.2003774940433746,-0.561459421350941,0.0,0.8849206349206349,-0.46836844132419236,0.1412367880595357,1.0,1.0,0.9352182230036028,1.0812419673461158,0.9331221010885327,1.0160780380577343,1.0,0.27785317250528846,1.2655297335351245,1.0,2.157836021690742,3.5677319299086774,1.0594072699254105,0.46925122311578377,0.1564948449685974,0.0,0.0,-0.2,0.0,-0.32365668390976504,0.0,0.0,-0.14285714285714285,0.0,0.0,0.0,-0.2222222222222222,0.0,Fuzzers,1
2.3170896510272327,113,4,4,0.5377054001731342,0.45815690999132636,0.2268807155507431,0.09828264867786968,-0.7110780577024648,0.0,0.8849206349206349,-0.631960217719524,-0.05191316086531819,0.792481250360578,0.6309297535714575,1.2856462905660255,1.4275939066361791,1.1574528222941907,1.3801667377760103,1.0,0.8794461739480247,1.1962895865669085,1.0,1.6092485697067063,1.9889889122896944,1.3489380426538622,0.4312950973329559,0.0,0.6931471805599453,0.0,-0.4,0.0,-0.32365668390976504,0.0,0.0,-0.2857142857142857,0.0,0.6931471805599453,0.0,-0.3333333333333333,0.0,Exploits,1
0.7850926859112441,113,6,4,0.8345798913950238,0.6115100544329425,0.22072596715773418,0.1947082586633107,-0.4840352356563311,0.0,0.8849206349206349,-0.4558117634122158,0.17265834873818603,1.292481250360578,1.4649735207179273,0.7862680503862309,0.9358423181242306,0.845857100983715,0.8332984092575112,1.0,0.44834369381531247,1.486252465665052,1.0,0.6537865046930926,0.8606387864666278,0.48142219606761955,-0.43921392141013216,0.06019698031261823,0.0,0.0,-0.1,0.0,0.0,0.4425070493497599,0.0,0.14285714285714285,0.0,0.0,-0.2618595071429149,0.0,0.0,Fuzzers,1
0.013119342827296824,113,6,4,1.4008537173419326,1.0905229297126522,0.6181387176257555,0.6658028495220916,0.10180768856661415,-1.1614583333333333,0.0,0.09354673070779902,0.8886172612970296,1.5,2.40217350273288,-0.017133041124177274,0.0625929388576945,-0.08835805347908927,0.6075628032099409,1.0,0.1974703622160254,1.2850528268644188,1.0,0.0079921110939768,0.01395892778539713,0.0028319502555505735,-0.23378958374346237,0.5185157225293683,0.0,0.0,0.1,-1.0,0.22963807175534715,0.0,0.0,-0.2857142857142857,0.0,0.0,-0.2618595071429149,0.3333333333333333,0.0,Normal,0
-0.008305829395579967,119,1,5,-0.34836848541674165,-0.45815690999132613,-0.6172090301216083,-0.7445687201666262,0.4383153396651112,0.0,-0.11507936507936507,0.479395323795663,-0.7475927608105515,0.0,0.0,-0.07850501908545554,-0.001722195177383939,-0.08835805347908927,0.0,0.0,0.0,0.0,0.0,0.0,0.0,0.0,-0.43921392141013216,-0.8459607780457364,0.0,0.0,2.1,1.0,1.4734045760589989,2.456962315881736,8.5,3.2857142857142856,0.0,0.0,1.5517285850726805,2.4444444444444446,0.0,Generic,1
-0.008317352939600908,80,6,5,-0.34836848541674165,-0.45815690999132613,-0.3913767846054552,-0.7445687201666262,0.2777155369442609,0.0,-0.11507936507936507,0.3923395223606002,-0.7475927608105515,0.0,0.0,-0.07248789322423332,-0.001722195177383939,-0.08835805347908927,0.0,0.0,0.0,0.0,0.0,0.0,0.0,0.0,0.5607860785898678,-0.8459607780457364,0.0,0.0,0.9,1.0,0.6763433160902349,1.367211219012335,2.5,0.42857142857142855,0.0,0.0,0.7381404928570852,1.1111111111111112,0.0,DoS,1
-0.008321194136305905,58,6,5,-0.34836848541674165,-0.45815690999132613,-0.3913767846054552,-0.7445687201666262,0.5093385986249094,0.0,-0.11507936507936507,0.6099086799000378,-0.7475927608105515,0.0,0.0,-0.07948157445237129,-0.001722195177383939,-0.08835805347908927,0.0,0.0,0.0,0.0,0.0,0.0,0.0,0.0,0.5607860785898678,-0.8459607780457364,0.0,0.0,1.6,1.0,0.4077591983577853,1.0,1.5,0.14285714285714285,0.0,0.0,0.5093842420185072,1.3333333333333333,0.0,Fuzzers,1
-0.00830967056923797,119,1,5,-0.34836848541674165,-0.45815690999132613,-0.6172090301216083,-0.7445687201666262,0.4686820524374373,0.0,-0.11507936507936507,0.5079193111961406,-0.7475927608105515,0.0,0.0,-0.07899281188509567,-0.001722195177383939,-0.08835805347908927,0.0,0.0,0.0,0.0,0.0,0.0,0.0,0.0,-0.43921392141013216,-0.8459607780457364,0.0,0.0,0.5,1.0,0.22963807175534715,0.7564707973660301,1.0,0.0,0.0,0.0,0.2031140135750122,0.6666666666666666,0.0,Generic,1
-0.0063497498182937765,119,1,2,-0.34836848541674165,0.0,-0.5179170842831736,0.0,-0.0014183070777934522,-1.1614583333333333,0.0,-0.0302995633371417,0.5966167737633585,0.0,0.0,-0.07826148514739853,-0.0004908311337499053,-0.08835805347908927,0.0,0.0,0.0,0.0,0.0,0.0,0.0,0.0,0.0,0.1540392219542636,0.0,0.0,-0.1,-1.0,-0.32365668390976504,0.0,0.0,-0.2857142857142857,0.0,0.0,0.0,-0.2222222222222222,0.0,Normal,0
1.145231224542934,113,6,4,0.5377054001731342,0.3533506529659227,0.004561481689690244,0.05846526410373137,-0.6083745295074313,0.0,0.8849206349206349,-0.5750986258777484,0.02066132955753078,0.792481250360578,0.6309297535714575,1.00039130305807,1.2378759619656854,0.9700191501782325,1.1214634671301569,1.0,1.972065935523632,0.7308411715231776,1.0,2.020010709627276,1.861792634059345,2.2498493697052036,-0.5680436705367541,0.004884408081456099,0.0,0.0,-0.3,0.0,-0.32365668390976504,0.0,0.0,-0.14285714285714285,0.0,0.0,-0.6309297535714572,-0.2222222222222222,0.0,Fuzzers,1
-0.008315432344129296,119,1,5,-0.34836848541674165,-0.45815690999132613,-0.6172090301216083,-0.7445687201666262,0.5363014692156571,0.0,-0.11507936507936507,0.571435250794517,-0.7475927608105515,0.0,0.0,-0.07972632060535206,-0.001722195177383939,-0.08835805347908927,0.0,0.0,0.0,0.0,0.0,0.0,0.0,0.0,-0.43921392141013216,-0.8459607780457364,0.0,0.0,2.1,1.0,1.7237772057925873,2.75647079736603,11.5,3.4285714285714284,0.0,0.0,1.703787765901335,2.4444444444444446,0.0,Generic,1
-0.006165570184843373,119,1,2,-0.34836848541674165,0.0,-0.5583955477878929,-0.011689495632726133,-0.012202187515785744,-1.1614583333333333,0.0,-0.05187381407365768,0.5795050341554214,0.0,0.0,-0.07801819221278322,0.0004898572618131637,-0.08835805347908927,0.0,0.0,0.0,0.0,0.0,0.0,0.0,0.0,-0.1791536031035335,0.13604533588669487,0.0,0.0,-0.1,-1.0,0.4077591983577853,0.4425070493497599,0.0,-0.2857142857142857,0.0,0.0,0.9207988315012231,-0.1111111111111111,0.0,Normal,0
-0.0007516798313361474,113,4,4,0.4008537173419332,0.5418430900086738,0.2745661960077863,0.21932033696916614,0.045511882191758654,-1.1614583333333333,0.0,0.10352494900502485,0.6740426723115759,0.792481250360578,1.0,0.02162969197504744,0.0773786119721417,0.35524921058410003,0.10867499241705762,1.0,2.0688263817172143,1.0133274855125332,1.0,0.008696683814358746,0.014942066772611017,0.003288683542472763,1.0296653884742077,0.13604533588669487,0.6931471805599453,4.430816798843313,-0.1,-1.0,0.0,0.0,0.0,-0.2857142857142857,0.0,0.6931471805599453,0.2031140135750122,-0.2222222222222222,0.0,Normal,0
1.8070412793840211,113,2,4,1.097590688175416,0.6711877414712396,1.4137350635359212,0.2092309515263319,-0.5789658065621851,0.0,0.8849206349206349,-0.24593779349864797,0.0717736654142075,1.5849625007211563,1.4649735207179273,0.9615266833242163,1.170044550267384,0.9875094679418326,1.061307617955912,1.0,1.6555374519830024,0.03085657624906974,1.0,2.1865904314476907,2.3427225454724034,2.1799517797914083,4.121739080901652,0.048599655760280025,0.0,0.0,-0.3,0.0,-0.32365668390976504,0.0,0.0,-0.14285714285714285,0.0,0.0,-0.2618595071429149,-0.2222222222222222,0.0,Normal,0
0.9854765287605026,113,6,4,0.5377054001731342,0.45815690999132636,0.026627704067271322,0.09828264867786968,-0.5714798486484547,0.0,0.8849206349206349,-0.5468283361125318,0.07256291587896556,0.792481250360578,0.6309297535714575,0.9849714534957821,1.1105843999874232,0.9991717560575463,1.0319979515538182,1.0,1.1994444930833787,2.051518019714506,1.0,1.1949980552540007,1.1152134808692413,1.2857251311998135,-0.47056861402790745,0.0,0.0,0.0,-0.4,0.0,-0.32365668390976504,0.0,0.0,-0.2857142857142857,0.0,0.0,-0.6309297535714572,-0.3333333333333333,0.0,Reconnaissance,1
-0.008323114737539298,6,6,5,-0.6248841084186211,-0.45815690999132613,-0.9791020275153512,-0.7445687201666262,-0.9655523389802884,-1.3229166666666667,-0.11507936507936507,-1.5341686859906003,-0.7475927608105515,0.0,0.0,2.6241377529336516,-0.001722195177383939,-0.08835805347908927,0.0,0.0,0.0,0.0,0.0,0.0,0.0,0.0,-0.8183448694831869,-0.8459607780457364,0.0,0.0,-0.3,1.0,0.0,0.4425070493497599,0.5,-0.14285714285714285,0.0,0.0,-0.2618595071429149,-0.2222222222222222,0.6931471805599453,Normal,0
-0.008323114737539298,6,6,5,-0.6248841084186211,-0.45815690999132613,-0.9791020275153512,-0.7445687201666262,-0.9655523389802884,-1.3229166666666667,-0.11507936507936507,-1.5341686859906003,-0.7475927608105515,0.0,0.0,2.6241379659954327,-0.001722195177383939,-0.08835805347908927,0.0,0.0,0.0,0.0,0.0,0.0,0.0,0.0,-0.8183448694831869,-0.8459607780457364,0.0,0.0,-0.4,1.0,-0.32365668390976504,0.0,0.0,-0.2857142857142857,0.0,0.0,-0.6309297535714572,-0.3333333333333333,0.6931471805599453,Normal,0
1.0320027849106508,113,4,4,0.5377054001731342,0.5418430900086738,0.1596333595692791,0.45437849445509887,-0.5653971114742596,-1.0,0.8849206349206349,-0.5161649178563952,0.31762426422464535,0.792481250360578,1.261859507142915,0.9992748322925535,1.062232886069746,0.9801229478293577,1.789770199686649,1.0,1.1896879773273012,1.6958551350110682,1.0,1.415606762312059,1.5257779036280048,1.3647570018564472,0.1178752671973285,0.4990048121278191,0.6931471805599453,7.416979621381154,-0.4,0.0,-0.32365668390976504,0.0,0.0,-0.14285714285714285,0.0,0.6931471805599453,0.0,-0.3333333333333333,0.0,Exploits,1
-0.008301988229604236,119,1,5,-0.34836848541674165,-0.45815690999132613,-0.6172090301216083,-0.7445687201666262,0.414068041885026,0.0,-0.11507936507936507,0.4566193649962678,-0.7475927608105515,0.0,0.0,-0.07801819221278322,-0.001722195177383939,-0.08835805347908927,0.0,0.0,0.0,0.0,0.0,0.0,0.0,0.0,-0.43921392141013216,-0.8459607780457364,0.0,0.0,0.6,1.0,0.22963807175534715,0.7564707973660301,1.0,0.0,0.0,0.0,0.0,0.7777777777777778,0.0,Generic,1
-0.008317352939600908,100,6,5,-0.34836848541674165,-0.45815690999132613,-0.3913767846054552,-0.7445687201666262,0.5710626891769315,0.0,-0.11507936507936507,0.6678869693421029,-0.7475927608105515,0.0,0.0,-0.07997131065090231,-0.001722195177383939,-0.08835805347908927,0.0,0.0,0.0,0.0,0.0,0.0,0.0,0.0,0.5607860785898678,-0.8459607780457364,0.0,0.0,-0.2,1.0,-0.32365668390976504,0.0,0.0,0.0,0.0,0.0,-0.2618595071429149,-0.1111111111111111,0.0,Backdoor,1
-0.008323114737539298,6,6,5,-0.6248841084186211,-0.45815690999132613,-0.9791020275153512,-0.7445687201666262,-0.9655523389802884,-1.3229166666666667,-0.11507936507936507,-1.5341686859906003,-0.7475927608105515,0.0,0.0,2.624137572650462,-0.001722195177383939,-0.08835805347908927,0.0,0.0,0.0,0.0,0.0,0.0,0.0,0.0,-0.8183448694831869,-0.8459607780457364,0.0,0.0,-0.3,1.0,0.0,0.4425070493497599,0.5,-0.14285714285714285,0.0,0.0,-0.2618595071429149,-0.2222222222222222,0.6931471805599453,Normal,0
-0.008305829395579967,85,6,5,-0.34836848541674165,-0.45815690999132613,-0.3913767846054552,-0.7445687201666262,0.4383153396651112,0.0,-0.11507936507936507,0.5431953692758632,-0.7475927608105515,0.0,0.0,-0.07850501908545554,-0.001722195177383939,-0.08835805347908927,0.0,0.0,0.0,0.0,0.0,0.0,0.0,0.0,0.5607860785898678,-0.8459607780457364,0.0,0.0,0.1,1.0,0.22963807175534715,0.7564707973660301,1.0,0.42857142857142855,0.0,0.0,0.0,0.2222222222222222,0.0,Exploits,1
-0.008317352939600908,119,6,5,-0.34836848541674165,-0.45815690999132613,-0.6540023010292416,-0.7445687201666262,0.5710626891769315,0.0,-0.11507936507936507,0.5936668415105808,-0.7475927608105515,0.0,0.0,-0.07997131065090231,-0.001722195177383939,-0.08835805347908927,0.0,0.0,0.0,0.0,0.0,0.0,0.0,0.0,-0.6017427710050841,-0.8459607780457364,0.0,0.0,-0.1,1.0,0.0,0.0,0.0,0.14285714285714285,0.0,0.0,-0.6309297535714572,0.1111111111111111,0.0,Fuzzers,1
1.3769365596390795,113,4,4,0.7492222027586747,0.769769518893221,0.4685650615090426,0.5798381518925964,-0.5532653755392031,-1.1614583333333333,0.0,-0.4696524262101118,0.37129020280410713,1.0,1.6309297535714575,1.0035180639626229,1.0217364641093176,1.0600036474091414,1.8719213243075035,1.0,1.9486949072187874,0.8902914028367341,1.0,0.00844505522630756,0.015215154657998338,0.0026035801870031208,0.8865069284623087,0.5626752627177299,0.6931471805599453,8.275121630216509,-0.3,-1.0,0.22963807175534715,0.0,0.0,-0.2857142857142857,0.0,0.6931471805599453,-0.6309297535714572,-0.3333333333333333,0.0,Normal,0
0.9877624031547524,113,9,4,0.6516315145832584,0.6115100544329425,0.29718795881927496,0.20234915250746477,-0.5365145473788921,0.0,0.8849206349206349,-0.46906012379919043,0.1494385480906823,1.0,1.4649735207179273,0.937064184693241,0.9895904470672285,0.9219245693927298,0.8678728085956484,1.0,0.4011898484070669,1.7986868025542675,1.0,1.143390510860259,1.357638180082722,0.9862451012157993,0.4120131019475825,0.07121898896920476,0.0,0.0,-0.3,0.0,-0.32365668390976504,0.4425070493497599,0.0,-0.2857142857142857,0.0,0.0,-0.2618595071429149,-0.3333333333333333,0.0,Exploits,1
-0.008307749981448684,119,1,5,-0.34836848541674165,-0.45815690999132613,-0.6172090301216083,-0.7445687201666262,0.45254724258694085,0.0,-0.11507936507936507,0.4927636086025248,-0.7475927608105515,0.0,0.0,-0.07874879450489872,-0.001722195177383939,-0.08835805347908927,0.0,0.0,0.0,0.0,0.0,0.0,0.0,0.0,-0.43921392141013216,-0.8459607780457364,0.0,0.0,1.0,1.0,1.3846203144649547,2.26941239209809,7.0,1.7142857142857142,0.0,0.0,1.3170424160196508,1.2222222222222223,0.0,Generic,1
-0.008313511750578272,119,1,5,-0.34836848541674165,-0.45815690999132613,-0.6172090301216083,-0.7445687201666262,0.5093385986249094,0.0,-0.11507936507936507,0.5461086388303764,-0.7475927608105515,0.0,0.0,-0.07948157445237129,-0.001722195177383939,-0.08835805347908927,0.0,0.0,0.0,0.0,0.0,0.0,0.0,0.0,-0.43921392141013216,-0.8459607780457364,0.0,0.0,2.0,1.0,1.4302461952399894,2.3979556934315798,3.0,3.142857142857143,0.0,0.0,1.369070246428542,2.3333333333333335,0.0,Generic,1
1.3982014785754644,113,3,4,0.5377054001731342,0.45815690999132636,-0.0645178414919942,0.22036044644242672,-0.6250578772714757,-1.0,0.8849206349206349,-0.6254074830640353,0.11118155165792358,0.5,1.0,1.0981057888241508,1.2268662484252806,1.0551268560843263,1.1198290493735747,1.0,1.668078696763699,1.0902714777442277,1.0,1.8037541849205634,1.9091752736769505,1.7930375625212465,-0.8571173182969516,0.18829637750545475,0.0,0.0,-0.4,0.0,0.0,0.0,0.0,-0.14285714285714285,0.0,0.0,-0.2618595071429149,-0.3333333333333333,0.0,Exploits,1
-0.008301988229604236,119,1,5,-0.34836848541674165,-0.45815690999132613,-0.6172090301216083,-0.7445687201666262,0.414068041885026,0.0,-0.11507936507936507,0.4566193649962678,-0.7475927608105515,0.0,0.0,-0.07801819221278322,-0.001722195177383939,-0.08835805347908927,0.0,0.0,0.0,0.0,0.0,0.0,0.0,0.0,-0.43921392141013216,-0.8459607780457364,0.0,0.0,0.9,1.0,0.7829328274204592,1.51294159473206,1.0,0.5714285714285714,0.0,0.0,0.6309297535714571,1.1111111111111112,0.0,Generic,1
-0.008323114737539298,6,6,5,-0.6248841084186211,-0.45815690999132613,-0.9791020275153512,-0.7445687201666262,-0.9655523389802884,-1.3229166666666667,-0.11507936507936507,-1.5341686859906003,-0.7475927608105515,0.0,0.0,-0.0807077490159517,-0.001722195177383939,-0.08835805347908927,0.0,0.0,0.0,0.0,0.0,0.0,0.0,0.0,-0.8183448694831869,-0.8459607780457364,0.0,0.0,-0.3,1.0,0.0,0.4425070493497599,0.5,-0.14285714285714285,0.0,0.0,-0.2618595071429149,-0.2222222222222222,0.6931471805599453,Normal,0
-0.00831159115894783,119,1,5,-0.34836848541674165,-0.45815690999132613,-0.6172090301216083,-0.7445687201666262,0.4873083417532429,0.0,-0.11507936507936507,0.5254152901574599,-0.7475927608105515,0.0,0.0,-0.0792370717068429,-0.001722195177383939,-0.08835805347908927,0.0,0.0,0.0,0.0,0.0,0.0,0.0,0.0,-0.43921392141013216,-0.8459607780457364,0.0,0.0,2.4,1.0,1.838005393597775,2.9554486440818204,6.5,3.7142857142857144,0.0,0.0,1.8340437671464696,2.7777777777777777,0.0,Generic,1
-0.005026351278405792,119,6,2,0.0,0.21303083147991342,0.006070614371036649,0.07649325167804336,0.038898061812144315,-1.1614583333333333,0.0,0.10504206676002967,0.639313629614181,0.0,0.0,0.010357416411352214,0.04581524634080662,-0.026988353059987445,0.0537470817630847,0.0,0.0,0.0,0.0,0.0,0.0,0.0,1.083890510091616,0.1193701448363572,0.0,0.0,0.1,-1.0,0.5532947556651122,0.0,0.0,0.2857142857142857,0.0,0.0,0.5093842420185072,0.3333333333333333,0.0,Normal,0
-1.1473816797302476e-05,113,6,4,1.0407268123902522,0.6711877414712396,0.4136317950758756,0.32552366542290273,0.12146223073056578,-1.1614583333333333,0.0,0.14188461381158463,0.7418180054569636,1.292481250360578,1.4649735207179273,-0.034551481167007916,0.05883852639041259,0.2414242656643422,0.06481534998176382,1.0,0.6067618151509598,1.6896998263841965,1.0,0.009413797700378888,0.016280171332621662,0.0034713742999086025,-0.1524442348363692,0.22525821092346834,0.0,0.0,0.3,-1.0,0.4077591983577853,0.0,0.0,-0.14285714285714285,0.0,0.0,0.0,-0.1111111111111111,0.0,Normal,0
0.0647721230505273,113,6,4,1.9321705795704398,1.4042714326121517,0.897234473935367,0.8709336102342354,0.046984113641538254,-1.1614583333333333,0.0,0.03284608647910325,0.9088958381183525,1.5,3.286799128218273,0.012929640917546104,0.09011656209448965,0.32719691047116556,0.6843245615349451,1.0,1.651833727771068,0.6014513571481828,1.0,0.007740468423526179,0.013221550329912462,0.002991807944904429,-0.4083952327752013,0.665746441078722,0.0,0.0,0.5,-1.0,0.0,0.0,0.0,-0.2857142857142857,0.0,0.0,0.36907024642854247,-0.1111111111111111,0.0,Normal,0
-0.00631521479162899,119,1,2,-0.34836848541674165,0.0,-0.5179170842831736,0.0,-0.0035150192759086044,-1.1614583333333333,0.0,-0.032269704275818954,0.5948817439298001,0.0,0.0,-0.07874879450489872,0.00024505012330295245,-0.08835805347908927,0.0,0.0,0.0,0.0,0.0,0.0,0.0,0.0,0.0,0.1540392219542636,0.0,0.0,-0.1,-1.0,0.4077591983577853,0.0,0.0,-0.14285714285714285,0.0,0.0,0.0,0.1111111111111111,0.0,Normal,0
0.03884484913608385,113,6,4,1.610034999020141,1.2130308314799134,0.7258171046597194,0.7730628585728919,0.04322648700831852,-1.1614583333333333,0.0,0.034358996794955264,0.8845040908699754,1.5,2.771243749161423,0.015902782035754546,0.09147946509686003,0.3428313529016611,0.7091293306949762,1.0,0.8861777351540953,1.9695864086544668,1.0,0.008545707265026467,0.014914757833956214,0.003037481364929742,-0.31897941804229135,0.6176948290527035,0.0,0.0,0.1,-1.0,0.4077591983577853,0.0,0.0,-0.14285714285714285,0.0,0.0,0.2031140135750122,-0.2222222222222222,0.0,Normal,0
-0.006288354644651593,119,1,2,-0.34836848541674165,0.0,-0.5179170842831736,0.0,-0.005120988107849255,-1.1614583333333333,0.0,-0.03377873421871214,0.5935527930874442,0.0,0.0,-0.07850501908545554,0.0,-0.08835805347908927,0.0,0.0,0.0,0.0,0.0,0.0,0.0,0.0,0.0,0.1540392219542636,0.0,0.0,-0.3,-1.0,0.22963807175534715,0.4425070493497599,0.0,-0.2857142857142857,0.0,0.0,0.0,-0.1111111111111111,0.0,Normal,0
-0.008321194136305905,119,1,5,-0.34836848541674165,-0.45815690999132613,-0.6172090301216083,-0.7445687201666262,0.7038105267032175,0.0,-0.11507936507936507,0.7287785364230093,-0.7475927608105515,0.0,0.0,-0.08046202436744408,-0.001722195177383939,-0.08835805347908927,0.0,0.0,0.0,0.0,0.0,0.0,0.0,0.0,-0.43921392141013216,-0.8459607780457364,0.0,0.0,3.1,1.0,2.0054117875095887,3.1843285439724505,7.0,4.714285714285714,0.0,0.0,2.049214105674917,3.5555555555555554,0.0,Generic,1
1.1258375609800044,113,3,4,0.4008537173419332,0.6115100544329425,-0.15008670648968378,0.5643210953135457,-0.5785346133223364,-1.0,0.8849206349206349,-0.6191445494122888,0.3847294526360361,0.5,1.4649735207179273,1.087670241005908,1.0404874908017878,1.0308151856471355,1.8038887067634217,1.0,2.0692236123108754,1.8406048725092121,1.0,1.5356553625072404,1.7596587999889413,1.3998209429478834,-0.8183448694831869,0.6287563859803588,0.0,0.0,-0.4,0.0,0.0,0.0,0.0,-0.14285714285714285,0.0,0.0,0.0,-0.3333333333333333,0.0,Exploits,1
0.6206864906543478,113,6,4,0.5377054001731342,0.3533506529659227,0.08640882793495312,0.05846526410373137,-0.5206972217259175,0.0,0.8849206349206349,-0.46659768981699745,0.09595621379471372,0.792481250360578,0.6309297535714575,0.8219244707058426,1.0455886688662477,0.8745235705673866,0.9539848128161904,1.0,0.881330741739817,1.1721303690569271,1.0,0.9100718884070642,1.1960952944022383,0.6798819163046594,-0.2062646310321604,0.004884408081456099,0.0,0.0,-0.4,0.0,-0.32365668390976504,0.0,0.0,-0.2857142857142857,0.0,0.0,-0.6309297535714572,-0.3333333333333333,0.0,Fuzzers,1
-0.008307749981448684,119,1,5,-0.34836848541674165,-0.45815690999132613,-0.6172090301216083,-0.7445687201666262,0.45254724258694085,0.0,-0.11507936507936507,0.4927636086025248,-0.7475927608105515,0.0,0.0,-0.07874879450489872,-0.001722195177383939,-0.08835805347908927,0.0,0.0,0.0,0.0,0.0,0.0,0.0,0.0,-0.43921392141013216,-0.8459607780457364,0.0,0.0,2.8,1.0,1.4302461952399894,2.3979556934315798,8.0,4.285714285714286,0.0,0.0,1.369070246428542,3.2222222222222223,0.0,Generic,1
-0.008305829395579967,119,1,5,-0.34836848541674165,-0.45815690999132613,-0.6172090301216083,-0.7445687201666262,0.4383153396651112,0.0,-0.11507936507936507,0.479395323795663,-0.7475927608105515,0.0,0.0,-0.07850501908545554,-0.001722195177383939,-0.08835805347908927,0.0,0.0,0.0,0.0,0.0,0.0,0.0,0.0,-0.43921392141013216,-0.8459607780457364,0.0,0.0,3.7,1.0,1.03713393259921,1.8604881976177823,2.0,5.571428571428571,0.0,0.0,0.9207988315012231,4.222222222222222,0.0,Generic,1
-0.008317352939600908,119,1,5,-0.34836848541674165,-0.45815690999132613,-0.6172090301216083,-0.7445687201666262,0.5710626891769315,0.0,-0.11507936507936507,0.6040869325983536,-0.7475927608105515,0.0,0.0,-0.07997131065090231,-0.001722195177383939,-0.08835805347908927,0.0,0.0,0.0,0.0,0.0,0.0,0.0,0.0,-0.43921392141013216,-0.8459607780457364,0.0,0.0,2.4,1.0,1.7237772057925873,2.7992745841871196,12.0,3.7142857142857144,0.0,0.0,1.703787765901335,2.7777777777777777,0.0,Generic,1
1.3798912416845783,113,4,4,0.5377054001731342,0.45815690999132636,0.16271292081333935,0.09828264867786968,-0.622961287941953,0.0,0.8849206349206349,-0.5594551728369831,0.027852606399101462,0.792481250360578,0.6309297535714575,1.0872068592591353,1.2243197021974863,1.0287921090911043,1.1260372299831332,1.0,1.2734198718916352,0.44708440274647965,1.0,1.6170570895588543,1.6703822841381735,1.6308042965203418,0.14055291693813737,0.0,0.6931471805599453,0.0,-0.4,0.0,1.5143487096880097,0.0,0.0,4.428571428571429,0.0,0.6931471805599453,1.4182843521034598,0.2222222222222222,0.0,Reconnaissance,1
0.03496548384468061,113,6,4,1.5565195985630922,1.1815417362868497,0.6963034782574842,0.747240486025036,0.04414340983447765,-1.1614583333333333,0.0,0.035762050681808974,0.8750514125367144,1.5,2.6801438592463755,0.017104207615590526,0.09068555106485643,-0.08835805347908927,0.6924459230392019,1.0,1.6605610778990638,1.6898631118182226,1.0,0.00875959017557519,0.014996684568038699,0.003357192747758557,-0.2901332125177142,0.5947906817779786,0.0,0.0,0.7,-1.0,0.22963807175534715,0.0,0.0,0.0,0.0,0.0,0.6309297535714571,0.0,0.0,Normal,0
-0.008317352939600908,61,6,5,-0.34836848541674165,-0.45815690999132613,-0.3913767846054552,-0.7445687201666262,0.5710626891769315,0.0,-0.11507936507936507,0.6678869693421029,-0.7475927608105515,0.0,0.0,-0.07997131065090231,-0.001722195177383939,-0.08835805347908927,0.0,0.0,0.0,0.0,0.0,0.0,0.0,0.0,0.5607860785898678,-0.8459607780457364,0.0,0.0,-0.1,1.0,0.22963807175534715,0.4425070493497599,0.5,0.14285714285714285,0.0,0.0,0.0,0.0,0.0,Exploits,1
-0.008317352939600908,119,1,5,-0.34836848541674165,-0.45815690999132613,-0.6172090301216083,-0.7445687201666262,0.5710626891769315,0.0,-0.11507936507936507,0.6040869325983536,-0.7475927608105515,0.0,0.0,-0.07997131065090231,-0.001722195177383939,-0.08835805347908927,0.0,0.0,0.0,0.0,0.0,0.0,0.0,0.0,-0.43921392141013216,-0.8459607780457364,0.0,0.0,1.7,1.0,0.6763433160902349,1.367211219012335,2.5,2.7142857142857144,0.0,0.0,0.5093842420185072,2.0,0.0,Generic,1
-0.008307749981448684,119,1,5,-0.34836848541674165,-0.45815690999132613,-0.6172090301216083,-0.7445687201666262,0.45254724258694085,0.0,-0.11507936507936507,0.4927636086025248,-0.7475927608105515,0.0,0.0,-0.07874879450489872,-0.001722195177383939,-0.08835805347908927,0.0,0.0,0.0,0.0,0.0,0.0,0.0,0.0,-0.43921392141013216,-0.8459607780457364,0.0,0.0,2.0,1.0,1.2296380717553472,2.1236820163783654,3.5,3.142857142857143,0.0,0.0,1.1403139955899648,2.3333333333333335,0.0,Generic,1
0.06623033599268924,113,6,4,1.610034999020141,1.2130308314799134,0.7258171046597194,0.7730628585728919,-0.012939890248370415,-1.1614583333333333,0.0,-0.0184144878674101,0.8380284184511799,1.5,2.771243749161423,0.05965530536599399,0.1344465025887513,0.4079318998702457,0.8087662401566831,1.0,0.5193017171993065,0.5242436351873766,1.0,0.00891056416010662,0.015515548179533057,0.0031973376157607507,-0.31897941804229135,0.6176948290527035,0.0,0.0,0.1,-1.0,0.22963807175534715,0.0,0.0,-0.2857142857142857,0.0,0.0,0.0,-0.1111111111111111,0.0,Normal,0
1.3275934929453694,113,4,4,0.6516315145832584,0.769769518893221,0.4427985440856021,0.5798381518925964,-0.5551428146320349,-1.1614583333333333,0.0,-0.4725751434275309,0.37634980989847056,1.0,1.6309297535714575,1.0318111788840947,1.0094413241101285,1.0668379375897212,1.8659538978590886,1.0,0.9156953186016602,1.9997476788032693,1.0,0.008080184840379026,0.014532429826888894,0.0025122315202201952,1.0569818108072753,0.5626752627177299,0.6931471805599453,8.275121630216509,-0.2,-1.0,0.0,0.0,0.0,0.0,0.0,0.6931471805599453,0.2031140135750122,-0.1111111111111111,0.0,Normal,0
0.011245740165109295,119,6,2,0.0,0.21303083147991342,0.0,0.07649325167804336,-0.17666977130015513,-1.1614583333333333,0.0,-0.09928753432692534,0.4608715529282121,0.0,0.0,0.16414750517381255,0.3203088282713949,0.06601329595716916,0.32686169936542014,0.0,0.0,0.0,0.0,0.0,0.0,0.0,1.0569818108072753,0.1193701448363572,0.0,0.0,-0.1,-1.0,0.22963807175534715,0.0,0.0,0.0,0.0,0.0,0.2031140135750122,0.1111111111111111,0.0,Normal,0
2.413413833248245,113,4,4,0.5377054001731342,0.5418430900086738,0.17081225709354053,0.2793051998580885,-0.7067670378212455,-1.0,0.8849206349206349,-0.6557159815897571,0.06996839508919693,0.792481250360578,1.0,1.3062232241192389,1.3825387795609612,1.1420130279409553,1.281039011337349,1.0,1.9097641863098305,1.1213949367789733,1.0,1.9411055693323596,2.2831206063101455,1.7482715952534957,0.18506997831189842,0.2288139927272944,0.6931471805599453,5.19295685089021,-0.4,0.0,-0.32365668390976504,0.0,0.0,-0.2857142857142857,0.0,0.6931471805599453,-0.6309297535714572,-0.3333333333333333,0.0,Exploits,1
-0.008305829395579967,119,1,5,-0.34836848541674165,-0.45815690999132613,-0.6172090301216083,-0.7445687201666262,0.4383153396651112,0.0,-0.11507936507936507,0.479395323795663,-0.7475927608105515,0.0,0.0,-0.07850501908545554,-0.001722195177383939,-0.08835805347908927,0.0,0.0,0.0,0.0,0.0,0.0,0.0,0.0,-0.43921392141013216,-0.8459607780457364,0.0,0.0,2.7,1.0,1.3362275830855714,2.26941239209809,7.0,4.142857142857143,0.0,0.0,1.2618595071429144,3.111111111111111,0.0,Generic,1
-0.008319273536993108,119,6,5,-0.34836848541674165,-0.45815690999132613,-0.6540023010292416,-0.7445687201666262,0.6200559375313737,0.0,-0.11507936507936507,0.6396868111033135,-0.7475927608105515,0.0,0.0,-0.08021654507559085,-0.001722195177383939,-0.08835805347908927,0.0,0.0,0.0,0.0,0.0,0.0,0.0,0.0,-0.6017427710050841,-0.8459607780457364,0.0,0.0,0.1,1.0,0.0,0.4425070493497599,0.0,0.42857142857142855,0.0,0.0,0.9999999999999998,0.2222222222222222,0.0,Normal,0
0.4370376921967416,113,4,4,0.5377054001731342,0.45815690999132636,0.18557473853106474,0.36999730956219196,-0.45904965283917276,-1.0,0.8849206349206349,-0.39385629035111824,0.35732543488947716,0.792481250360578,1.0,0.7554462346883759,0.8910943293233273,0.8269700895684968,0.8361335512302577,1.0,1.6586988193807024,0.19231264915114513,1.0,0.6899041122765716,0.1854447817325652,1.1038452154735028,0.2498499789758582,0.4186170310655575,0.6931471805599453,6.6320017773956295,-0.4,0.0,-0.32365668390976504,0.0,0.0,-0.2857142857142857,0.0,0.6931471805599453,-0.6309297535714572,-0.3333333333333333,0.0,DoS,1
0.8105597860036347,113,6,4,0.5377054001731342,0.3533506529659227,0.013532949482808284,0.05846526410373137,-0.5577924138641992,0.0,0.8849206349206349,-0.5229180002844424,0.06434634773090629,0.792481250360578,0.6309297535714575,0.9261877960592779,1.1163763036992047,0.9153299977557678,1.0124203618111016,1.0,1.8577887611605124,0.49824537338247027,1.0,1.711669364241867,1.9198492498850865,1.6058459044407143,-0.5024782856813175,0.004884408081456099,0.0,0.0,0.0,0.0,-0.32365668390976504,0.0,0.0,0.14285714285714285,0.0,0.0,-0.2618595071429149,0.0,0.0,Fuzzers,1
0.888165343823084,113,4,4,0.5377054001731342,0.3533506529659227,0.21537488020060128,0.05846526410373137,-0.5708650862406311,0.0,0.8849206349206349,-0.4790771584578573,0.05313033004870134,0.792481250360578,0.6309297535714575,0.9533484309231964,1.1319533395674037,0.9329699142294874,1.077911033813632,1.0,1.8678958431977029,0.6622955423910878,1.0,1.8771245455290604,2.0986475380451983,1.7778928995991046,0.372819180453224,0.004884408081456099,0.6931471805599453,0.0,-0.4,0.0,-0.32365668390976504,0.0,0.0,-0.2857142857142857,0.0,0.6931471805599453,-0.6309297535714572,-0.3333333333333333,0.0,Reconnaissance,1
0.04334095130521857,113,6,4,0.8345798913950238,0.769769518893221,0.4324341822099622,0.318375243233886,-0.10770379500681346,-1.1614583333333333,0.0,-0.06358604977536358,0.5547677961043757,1.160964047443681,1.4649735207179273,0.17204666095102777,0.23192637468331967,0.509529143798368,0.28553759085055314,1.0,1.9199935346256818,1.9388525229878406,1.0,0.008419892090897147,0.012675331977597704,0.004681663659834762,0.4879337673292106,0.1589236300357197,0.0,0.0,1.4,-1.0,1.03713393259921,1.367211219012335,0.0,0.42857142857142855,0.0,0.0,0.9207988315012231,1.7777777777777777,0.0,Normal,0
-0.008307749981448684,119,6,5,-0.34836848541674165,-0.45815690999132613,0.5631599059458328,-0.7445687201666262,0.45254724258694085,0.0,-0.11507936507936507,0.8249461566873861,-0.7475927608105515,0.0,0.0,-0.07874879450489872,-0.001722195177383939,-0.08835805347908927,0.0,0.0,0.0,0.0,0.0,0.0,0.0,0.0,4.807595322825082,-0.8459607780457364,0.0,0.0,0.0,1.0,-0.32365668390976504,0.0,0.0,-0.2857142857142857,0.0,0.0,-0.2618595071429149,-0.3333333333333333,0.0,Fuzzers,1
2.2195812845173055,113,4,4,0.5377054001731342,0.6115100544329425,0.1688025779804507,0.5108638347059599,-0.6804065849290315,-1.0,0.8849206349206349,-0.6400254532855298,0.24745395113376853,0.792481250360578,1.261859507142915,1.2710865186479214,1.296705550683775,1.1353966280236845,1.9839528431317335,1.0,0.012234775177577012,0.7226981483763023,1.0,1.6244070708594018,2.228954470579378,1.1734865584445535,0.1629488494531197,0.5459643746756495,0.6931471805599453,7.886832998955057,-0.4,0.0,0.0,0.0,0.0,-0.2857142857142857,0.0,0.6931471805599453,-0.6309297535714572,-0.3333333333333333,0.0,Exploits,1
-0.008305829395579967,120,6,5,-0.34836848541674165,-0.45815690999132613,-0.3913767846054552,-0.7445687201666262,0.4383153396651112,0.0,-0.11507936507936507,0.5431953692758632,-0.7475927608105515,0.0,0.0,-0.07850501908545554,-0.001722195177383939,-0.08835805347908927,0.0,0.0,0.0,0.0,0.0,0.0,0.0,0.0,0.5607860785898678,-0.8459607780457364,0.0,0.0,-0.1,1.0,0.0,0.4425070493497599,0.5,0.14285714285714285,0.0,0.0,-0.2618595071429149,0.0,0.0,DoS,1
-0.008315432344129296,60,6,5,-0.34836848541674165,-0.45815690999132613,-0.3913767846054552,-0.7445687201666262,0.5363014692156571,0.0,-0.11507936507936507,0.6352352919712061,-0.7475927608105515,0.0,0.0,-0.07972632060535206,-0.001722195177383939,-0.08835805347908927,0.0,0.0,0.0,0.0,0.0,0.0,0.0,0.0,0.5607860785898678,-0.8459607780457364,0.0,0.0,0.0,1.0,0.0,0.4425070493497599,0.5,0.2857142857142857,0.0,0.0,-0.2618595071429149,0.1111111111111111,0.0,DoS,1
-0.008305829395579967,119,1,5,-0.34836848541674165,-0.45815690999132613,-0.6172090301216083,-0.7445687201666262,0.4383153396651112,0.0,-0.11507936507936507,0.479395323795663,-0.7475927608105515,0.0,0.0,-0.07850501908545554,-0.001722195177383939,-0.08835805347908927,0.0,0.0,0.0,0.0,0.0,0.0,0.0,0.0,-0.43921392141013216,-0.8459607780457364,0.0,0.0,1.6,1.0,1.3362275830855714,2.26941239209809,7.0,2.7142857142857144,0.0,0.0,1.2618595071429144,1.8888888888888888,0.0,Generic,1
0.9679217473188908,113,6,4,0.5377054001731342,0.3533506529659227,0.004561481689690244,0.05846526410373137,-0.5833525227424211,0.0,0.8849206349206349,-0.550440732742042,0.04237181364617506,0.792481250360578,0.6309297535714575,0.9709433328826955,1.190658475343418,0.9462508830453051,1.1012004896576715,1.0,0.046426107464647016,0.812196047846551,1.0,1.62504888357224,1.1144790001548328,2.0966539703950073,-0.5680436705367541,0.004884408081456099,0.0,0.0,-0.3,0.0,-0.32365668390976504,0.0,0.0,-0.14285714285714285,0.0,0.0,-0.6309297535714572,-0.2222222222222222,0.0,Fuzzers,1
-0.00830390881163182,119,6,5,-0.34836848541674165,-0.45815690999132613,0.28300847213190833,-0.7445687201666262,0.4255844927666367,0.0,-0.11507936507936507,0.7209479014467532,-0.7475927608105515,0.0,0.0,-0.07826148514739853,-0.001722195177383939,-0.08835805347908927,0.0,0.0,0.0,0.0,0.0,0.0,0.0,0.0,3.559647378078725,-0.8459607780457364,0.0,0.0,-0.3,1.0,-0.32365668390976504,0.0,0.0,-0.14285714285714285,0.0,0.0,-0.6309297535714572,-0.1111111111111111,0.0,Fuzzers,1
2.5771530094671236,113,9,4,1.097590688175416,0.884218572951153,0.9180630572305536,0.34806408342115613,-0.6194745368167807,-1.0,0.8849206349206349,-0.4521845870289737,0.11244302174504657,1.6609640474436813,2.0000000000000004,1.1055260682803962,1.1765330238881024,1.0153605268172932,1.057945625977082,1.0,0.39240026032696085,1.3492842181999631,1.0,2.4262484134232674,2.822209896502412,2.254050501956604,1.9144654502236471,0.1413368149576243,0.0,0.0,-0.3,0.0,-0.32365668390976504,0.0,0.0,-0.14285714285714285,0.0,0.0,-0.6309297535714572,-0.2222222222222222,0.0,Exploits,1
0.001781434454564127,113,6,4,1.097590688175416,0.884218572951153,0.5688192392732331,0.37724086735355233,0.13342369571727117,-1.1614583333333333,0.0,0.16367013505062367,0.7614168599160434,1.403677461028802,1.7712437491614224,-0.033658778837396285,0.04462000459591259,0.24752520352685942,0.547620763232282,1.0,1.3193205095433185,0.25651765894460044,1.0,0.008092766753855181,0.01412278673983371,0.0028776239952498675,0.372819180453224,0.18616974288816254,0.0,0.0,0.3,-1.0,0.22963807175534715,0.0,0.0,-0.2857142857142857,0.0,0.0,0.36907024642854247,-0.2222222222222222,0.0,Normal,0
-0.006211613437397415,119,1,2,-0.34836848541674165,0.0,-0.5179170842831736,0.0,-0.009595162163476363,-1.1614583333333333,0.0,-0.037982869097181286,0.589850369393671,0.0,0.0,-0.08046202436744408,-0.001228912338042096,-0.08835805347908927,0.0,0.0,0.0,0.0,0.0,0.0,0.0,0.0,0.0,0.1540392219542636,0.0,0.0,-0.4,-1.0,0.0,0.0,0.0,0.0,0.0,0.0,0.6309297535714571,-0.1111111111111111,0.0,Normal,0
0.7272949851953044,78,6,5,0.9104325977592882,-0.45815690999132613,0.6823988056958058,-0.7445687201666262,-0.5278526727862282,0.0,-0.11507936507936507,-0.3148989924500206,-0.7475927608105515,0.0,0.0,0.7424509854906423,-0.001722195177383939,0.3529194464509392,0.0,0.0,0.0,0.0,0.0,0.0,0.0,0.0,1.39019288375428,-0.8459607780457364,0.0,0.0,-0.4,1.0,-0.32365668390976504,0.0,0.0,-0.2857142857142857,0.0,0.0,-0.6309297535714572,-0.3333333333333333,0.0,Fuzzers,1
-0.008307749981448684,119,1,5,-0.34836848541674165,-0.45815690999132613,-0.6172090301216083,-0.7445687201666262,0.45254724258694085,0.0,-0.11507936507936507,0.4927636086025248,-0.7475927608105515,0.0,0.0,-0.07874879450489872,-0.001722195177383939,-0.08835805347908927,0.0,0.0,0.0,0.0,0.0,0.0,0.0,0.0,-0.43921392141013216,-0.8459607780457364,0.0,0.0,0.8,1.0,1.2296380717553472,2.1236820163783654,3.0,1.4285714285714286,0.0,0.0,1.1403139955899648,1.0,0.0,Generic,1
0.6151791204881932,113,6,4,0.5377054001731342,0.3533506529659227,0.004561481689690244,0.05846526410373137,-0.5194831573188989,0.0,0.8849206349206349,-0.4884162931103706,0.09698609250550451,0.792481250360578,0.6309297535714575,0.8163286924361531,1.012402911819,0.8748883762339144,0.908876540725335,1.0,0.2224420561864099,2.0352944657791223,1.0,1.7561205955160049,2.2167125962752396,1.4420368742270775,-0.5680436705367541,0.004884408081456099,0.0,0.0,0.0,0.0,-0.32365668390976504,0.0,0.0,0.14285714285714285,0.0,0.0,-0.2618595071429149,0.0,0.0,Normal,0
1.679152428384776,113,6,4,0.5377054001731342,0.45815690999132636,0.026627704067271322,0.09828264867786968,-0.654904394283689,0.0,0.8849206349206349,-0.6297612388341884,-0.0004615038634860891,0.792481250360578,0.6309297535714575,1.1629779534068048,1.2930894024326025,1.0954498268732982,1.1998969800405597,1.0,1.3736905908207724,1.3671470157749068,1.0,1.5077972403190048,1.7424369567059468,1.3605827216949578,-0.47056861402790745,0.0,0.0,0.0,0.0,0.0,0.0,0.0,0.0,-0.2857142857142857,0.0,0.0,0.0,-0.3333333333333333,0.0,Reconnaissance,1
-0.008317352939600908,119,1,5,-0.34836848541674165,-0.45815690999132613,-0.6172090301216083,-0.7445687201666262,0.5710626891769315,0.0,-0.11507936507936507,0.6040869325983536,-0.7475927608105515,0.0,0.0,-0.07997131065090231,-0.001722195177383939,-0.08835805347908927,0.0,0.0,0.0,0.0,0.0,0.0,0.0,0.0,-0.43921392141013216,-0.8459607780457364,0.0,0.0,2.4,1.0,1.4734045760589989,2.456962315881736,8.5,3.7142857142857144,0.0,0.0,1.4182843521034598,2.7777777777777777,0.0,Generic,1
-0.008323114737539298,6,6,5,-0.6248841084186211,-0.45815690999132613,-0.9791020275153512,-0.7445687201666262,-0.9655523389802884,-1.3229166666666667,-0.11507936507936507,-1.5341686859906003,-0.7475927608105515,0.0,0.0,2.6241382118357204,-0.001722195177383939,-0.08835805347908927,0.0,0.0,0.0,0.0,0.0,0.0,0.0,0.0,-0.8183448694831869,-0.8459607780457364,0.0,0.0,-0.4,1.0,-0.32365668390976504,0.0,0.0,-0.2857142857142857,0.0,0.0,-0.6309297535714572,-0.3333333333333333,0.6931471805599453,Normal,0
-0.00830967056923797,119,1,5,-0.34836848541674165,-0.45815690999132613,-0.6172090301216083,-0.7445687201666262,0.4686820524374373,0.0,-0.11507936507936507,0.5079193111961406,-0.7475927608105515,0.0,0.0,-0.07899281188509567,-0.001722195177383939,-0.08835805347908927,0.0,0.0,0.0,0.0,0.0,0.0,0.0,0.0,-0.43921392141013216,-0.8459607780457364,0.0,0.0,2.6,1.0,0.7829328274204592,1.51294159473206,2.0,4.0,0.0,0.0,0.6309297535714571,3.0,0.0,Generic,1
-0.008305829395579967,119,1,5,-0.34836848541674165,-0.45815690999132613,-0.6172090301216083,-0.7445687201666262,0.4383153396651112,0.0,-0.11507936507936507,0.479395323795663,-0.7475927608105515,0.0,0.0,-0.07850501908545554,-0.001722195177383939,-0.08835805347908927,0.0,0.0,0.0,0.0,0.0,0.0,0.0,0.0,-0.43921392141013216,-0.8459607780457364,0.0,0.0,1.1,1.0,1.3846203144649547,2.335575477358633,7.5,1.8571428571428572,0.0,0.0,1.3170424160196508,1.3333333333333333,0.0,Generic,1
-0.008313511750578272,119,1,5,-0.34836848541674165,-0.45815690999132613,-0.6172090301216083,-0.7445687201666262,0.5093385986249094,0.0,-0.11507936507936507,0.5461086388303764,-0.7475927608105515,0.0,0.0,-0.07948157445237129,-0.001722195177383939,-0.08835805347908927,0.0,0.0,0.0,0.0,0.0,0.0,0.0,0.0,-0.43921392141013216,-0.8459607780457364,0.0,0.0,1.8,1.0,1.3846203144649547,2.335575477358633,7.5,2.857142857142857,0.0,0.0,1.3170424160196508,2.111111111111111,0.0,Generic,1
-0.00830967056923797,119,1,5,-0.34836848541674165,-0.45815690999132613,-0.6172090301216083,-0.7445687201666262,0.4686820524374373,0.0,-0.11507936507936507,0.5079193111961406,-0.7475927608105515,0.0,0.0,-0.07899281188509567,-0.001722195177383939,-0.08835805347908927,0.0,0.0,0.0,0.0,0.0,0.0,0.0,0.0,-0.43921392141013216,-0.8459607780457364,0.0,0.0,2.8,1.0,2.026699331724111,3.0920462747246633,7.5,4.285714285714286,0.0,0.0,1.9479721695911079,3.2222222222222223,0.0,Generic,1
0.5180638185390237,113,6,4,0.6516315145832584,0.45815690999132636,0.3944894597364294,0.25407204165288266,-0.4683156089845203,0.0,0.8849206349206349,-0.354576519363704,0.25764558027673573,1.0,1.0,0.7527050973465735,0.9299702354182906,0.8242874781597822,0.8571868465821747,1.0,0.41756977983924265,0.47988150490709336,1.0,0.8087425667945326,0.44095462924138207,1.1160070070911174,0.8412447340409415,0.23915221123942945,0.6931471805599453,4.700480365792417,-0.4,0.0,-0.32365668390976504,0.0,0.0,-0.2857142857142857,0.0,0.6931471805599453,-0.6309297535714572,-0.3333333333333333,0.0,Exploits,1
-0.008317352939600908,119,1,5,-0.34836848541674165,-0.45815690999132613,-0.6172090301216083,-0.7445687201666262,0.5710626891769315,0.0,-0.11507936507936507,0.6040869325983536,-0.7475927608105515,0.0,0.0,-0.07997131065090231,-0.001722195177383939,-0.08835805347908927,0.0,0.0,0.0,0.0,0.0,0.0,0.0,0.0,-0.43921392141013216,-0.8459607780457364,0.0,0.0,3.1,1.0,2.0054117875095887,3.1843285439724505,11.0,4.714285714285714,0.0,0.0,2.049214105674917,3.5555555555555554,0.0,Generic,1
0.9023663178177824,113,4,4,2.126352782477115,0.8115075629572489,2.2445128873634177,0.22710831550247904,-0.31552483506170936,0.0,0.8849206349206349,0.09917529186234911,0.18169336948882284,2.8774437510817346,0.6309297535714575,0.3734555769984726,0.8582282738357406,0.7131759032689405,0.7708009977353525,1.0,1.8349741011786753,0.25684074551476765,1.0,0.6481793480155612,0.19027510495748323,1.0237727183145007,5.045155483703647,0.0,0.6931471805599453,0.0,-0.2,0.0,-0.32365668390976504,0.0,0.0,-0.2857142857142857,0.0,0.6931471805599453,-0.6309297535714572,-0.3333333333333333,0.0,Exploits,1
-0.008307749981448684,119,1,5,-0.34836848541674165,-0.45815690999132613,-0.6172090301216083,-0.7445687201666262,0.45254724258694085,0.0,-0.11507936507936507,0.4927636086025248,-0.7475927608105515,0.0,0.0,-0.07874879450489872,-0.001722195177383939,-0.08835805347908927,0.0,0.0,0.0,0.0,0.0,0.0,0.0,0.0,-0.43921392141013216,-0.8459607780457364,0.0,0.0,2.2,1.0,1.170482450127475,2.0428037868210893,5.5,3.4285714285714284,0.0,0.0,1.0728580123298777,2.5555555555555554,0.0,Generic,1
7.86211433878464,78,6,6,2.022231538147809,-0.45815690999132613,1.5770201400026818,-0.7445687201666262,-0.8498931798822336,0.0,-0.11507936507936507,-0.6082135921343365,-0.7475927608105515,0.0,0.0,1.5106203474302284,-0.001722195177383939,0.7599330496730541,0.0,0.0,0.0,0.0,0.0,0.0,0.0,0.0,2.3534516672592405,-0.8459607780457364,0.0,0.0,-0.4,5.0,-0.32365668390976504,0.0,0.0,-0.2857142857142857,0.0,0.0,-0.6309297535714572,-0.3333333333333333,0.0,Exploits,1
1.6948782323833258,113,7,4,0.9786866579525125,0.8115075629572489,0.2464682970331246,0.4267880206630981,-0.5615274100072907,-1.0,0.8849206349206349,-0.563464898644374,0.23524854635214512,1.5,2.0000000000000004,0.9843943361817491,1.0583002654101832,0.9471214023872163,0.9279558295170682,1.0,0.4903679530723756,0.7540046320214988,1.0,1.0752130470905967,1.4455047243816281,0.7819232047218978,-0.7067928360657771,0.30308426471018574,0.0,0.0,-0.4,0.0,-0.32365668390976504,0.0,0.0,-0.2857142857142857,0.0,0.0,-0.6309297535714572,-0.3333333333333333,0.0,Exploits,1
0.8676013130678095,113,4,4,0.5377054001731342,0.45815690999132636,0.16475301133987305,0.2765292652304018,-0.5529010228760769,-1.0,0.8849206349206349,-0.4899473216222505,0.2127710530315152,0.792481250360578,1.0,0.9463340559974237,1.064308213277223,0.9535958837262697,1.0661710950750727,1.0,2.0418868270023425,1.9877308695941331,1.0,1.2278851474865418,1.433217812186846,1.083662807283066,0.14055291693813737,0.27484776418513596,0.6931471805599453,5.37989735354046,-0.4,0.0,-0.32365668390976504,0.0,0.0,-0.2857142857142857,0.0,0.6931471805599453,-0.6309297535714572,-0.3333333333333333,0.0,Exploits,1
-0.008307749981448684,120,6,5,-0.34836848541674165,-0.45815690999132613,-0.3913767846054552,-0.7445687201666262,0.45254724258694085,0.0,-0.11507936507936507,0.5565636493511029,-0.7475927608105515,0.0,0.0,-0.07874879450489872,-0.001722195177383939,-0.08835805347908927,0.0,0.0,0.0,0.0,0.0,0.0,0.0,0.0,0.5607860785898678,-0.8459607780457364,0.0,0.0,0.1,1.0,0.4077591983577853,0.7564707973660301,1.0,0.42857142857142855,0.0,0.0,0.2031140135750122,0.2222222222222222,0.0,Exploits,1
-0.0063862041312573205,119,1,2,-0.34836848541674165,0.0,-0.5583955477878929,-0.011689495632726133,0.0008351130383079926,-1.1614583333333333,0.0,-0.03962342264444521,0.5902934988249237,0.0,0.0,-0.07826148514739853,-0.0002452935909269949,-0.08835805347908927,0.0,0.0,0.0,0.0,0.0,0.0,0.0,0.0,-0.1791536031035335,0.13604533588669487,0.0,0.0,-0.3,-1.0,0.8769514395748775,0.0,0.0,0.5714285714285714,0.0,0.0,0.9207988315012231,-0.2222222222222222,0.0,Normal,0
-0.008315432344129296,119,6,5,-0.34836848541674165,-0.45815690999132613,-0.4615104146933044,-0.7445687201666262,0.5363014692156571,0.0,-0.11507936507936507,0.6154463239543455,-0.7475927608105515,0.0,0.0,-0.07972632060535206,-0.001722195177383939,-0.08835805347908927,0.0,0.0,0.0,0.0,0.0,0.0,0.0,0.0,0.2498499789758582,-0.8459607780457364,0.0,0.0,-0.4,1.0,-0.32365668390976504,0.0,0.0,-0.2857142857142857,0.0,0.0,-0.2618595071429149,-0.1111111111111111,0.0,Reconnaissance,1
-0.008305829395579967,66,6,5,-0.34836848541674165,-0.45815690999132613,-0.3913767846054552,-0.7445687201666262,0.4383153396651112,0.0,-0.11507936507936507,0.5431953692758632,-0.7475927608105515,0.0,0.0,-0.07850501908545554,-0.001722195177383939,-0.08835805347908927,0.0,0.0,0.0,0.0,0.0,0.0,0.0,0.0,0.5607860785898678,-0.8459607780457364,0.0,0.0,0.0,1.0,0.22963807175534715,0.0,0.0,0.5714285714285714,0.0,0.0,0.0,0.1111111111111111,0.0,DoS,1
-0.008313511750578272,119,6,5,-0.34836848541674165,-0.45815690999132613,0.5769789254434589,-0.7445687201666262,0.5093385986249094,0.0,-0.11507936507936507,0.8821709833976928,-0.7475927608105515,0.0,0.0,-0.07948157445237129,-0.001722195177383939,-0.08835805347908927,0.0,0.0,0.0,0.0,0.0,0.0,0.0,0.0,4.86916607552689,-0.8459607780457364,0.0,0.0,0.3,1.0,-0.32365668390976504,0.0,0.0,-0.2857142857142857,0.0,0.0,-0.2618595071429149,-0.3333333333333333,0.0,Exploits,1
1.875769612410444,113,6,4,0.5377054001731342,0.45815690999132636,0.05161007858887327,0.09828264867786968,-0.6736598357651306,0.0,0.8849206349206349,-0.6420295573635246,-0.017365238279036355,0.792481250360578,0.6309297535714575,1.204336733508778,1.33389364575294,1.0824611686668173,1.2162488819985626,1.0,0.30015662295201473,1.2730204322750849,1.0,2.0129847210330993,2.818907600438232,1.431956784428726,-0.34829468806360164,0.0,0.0,0.0,-0.3,0.0,-0.32365668390976504,0.0,0.0,-0.14285714285714285,0.0,0.0,-0.6309297535714572,-0.2222222222222222,0.0,Fuzzers,1
-0.008315432344129296,119,6,5,-0.34836848541674165,-0.45815690999132613,-0.6540023010292416,-0.7445687201666262,0.5363014692156571,0.0,-0.11507936507936507,0.5610151684613839,-0.7475927608105515,0.0,0.0,-0.07972632060535206,-0.001722195177383939,-0.08835805347908927,0.0,0.0,0.0,0.0,0.0,0.0,0.0,0.0,-0.6017427710050841,-0.8459607780457364,0.0,0.0,-0.1,1.0,0.0,0.4425070493497599,0.5,-0.14285714285714285,0.0,0.0,0.0,-0.1111111111111111,0.0,Normal,0
0.4124086782410738,113,9,4,1.610034999020141,1.110385368881512,1.7199156691990527,0.42178195165877125,-0.24755375278061886,-1.1614583333333333,0.0,0.053729431500604885,0.4106792528526378,2.1239637567217926,2.0000000000000004,0.3512559974360573,0.4773401602861446,0.7002601661985192,0.6080571860081241,1.0,0.4457828445489363,0.45035912710415255,1.0,0.007602062810834523,0.013139618273160448,0.0028091133514498573,4.09177413541997,0.13062478370534697,0.0,0.0,-0.4,-1.0,0.9610539540228977,0.0,0.0,-0.2857142857142857,0.0,0.0,-0.2618595071429149,-0.3333333333333333,0.0,Normal,0
2.3876115735862973,113,2,4,1.610034999020141,1.2130308314799134,0.6930096934618255,0.4363816911397844,-0.5102050755431017,-1.1614583333333333,0.0,-0.4972971140161397,0.18991885217951346,1.7924812503605783,2.52371901428583,0.8793390205742437,0.9530644625466906,0.9288880973384449,0.9604065329203301,1.0,0.4080199425271079,1.4970104546250291,1.0,0.008394728905194061,0.014505120478817612,0.0031059913237154483,-0.47056861402790745,0.09818920902194765,0.0,0.0,-0.4,-1.0,0.22963807175534715,0.0,0.0,0.2857142857142857,0.6931471805599453,0.0,0.36907024642854247,-0.3333333333333333,0.0,Normal,0
-0.00830390881163182,119,1,5,-0.34836848541674165,-0.45815690999132613,-0.6172090301216083,-0.7445687201666262,0.4255844927666367,0.0,-0.11507936507936507,0.4674369968872862,-0.7475927608105515,0.0,0.0,-0.07826148514739853,-0.001722195177383939,-0.08835805347908927,0.0,0.0,0.0,0.0,0.0,0.0,0.0,0.0,-0.43921392141013216,-0.8459607780457364,0.0,0.0,3.2,1.0,1.8109439681499915,2.9184499596071447,6.5,4.857142857142857,0.0,0.0,1.8031852449677475,3.6666666666666665,0.0,Generic,1
-0.008317352939600908,40,6,5,-0.34836848541674165,-0.45815690999132613,-0.3913767846054552,-0.7445687201666262,0.5710626891769315,0.0,-0.11507936507936507,0.6678869693421029,-0.7475927608105515,0.0,0.0,-0.07997131065090231,-0.001722195177383939,-0.08835805347908927,0.0,0.0,0.0,0.0,0.0,0.0,0.0,0.0,0.5607860785898678,-0.8459607780457364,0.0,0.0,0.3,1.0,0.22963807175534715,0.7564707973660301,1.0,0.7142857142857143,0.0,0.0,0.0,0.4444444444444444,0.0,DoS,1
-0.008305829395579967,119,1,5,-0.34836848541674165,-0.45815690999132613,-0.6172090301216083,-0.7445687201666262,0.4383153396651112,0.0,-0.11507936507936507,0.479395323795663,-0.7475927608105515,0.0,0.0,-0.07850501908545554,-0.001722195177383939,-0.08835805347908927,0.0,0.0,0.0,0.0,0.0,0.0,0.0,0.0,-0.43921392141013216,-0.8459607780457364,0.0,0.0,4.2,1.0,1.8109439681499915,2.9184499596071447,6.0,6.285714285714286,0.0,0.0,1.8031852449677475,4.777777777777778,0.0,Generic,1
2.64066283390087,113,11,4,1.8094352390548445,1.269664472948575,1.278187546001043,0.6131009146056793,-0.5053708471803331,-1.1614583333333333,0.0,-0.3529675381741026,0.29521495348623683,2.084962500721156,2.6309297535714578,0.8500232241724887,0.9626637025575017,0.924228529907506,1.68802120470145,1.0,1.0645161408612431,2.1516693631723,1.0,0.009199925903522938,0.01600709409137119,0.0033115199670677815,1.5924942017876846,0.34020896484242613,0.0,0.0,-0.4,-1.0,0.0,0.0,0.0,-0.2857142857142857,0.0,0.0,-0.6309297535714572,-0.3333333333333333,0.0,Normal,0
0.02384684399490702,113,6,4,1.5565195985630922,1.1815417362868497,0.6963034782574842,0.747240486025036,0.08035683192785717,-1.1614583333333333,0.0,0.06978456207684404,0.9050137761699625,1.5,2.6801438592463755,-0.005030809146618065,0.06952841782692411,-0.08835805347908927,0.6287110647031344,1.0,0.1828050307017826,0.19182648811910924,1.0,0.0077907973599946985,0.013521965769445393,0.0028319502555505735,-0.2901332125177142,0.5947906817779786,0.0,0.0,0.3,-1.0,-0.32365668390976504,0.0,0.0,-0.14285714285714285,0.0,0.0,-0.2618595071429149,0.0,0.0,Normal,0
0.4779496847947021,119,6,2,0.0,0.21303083147991342,0.029480958153664708,0.08020956229320896,-0.5751899861662226,-1.1614583333333333,0.0,-0.46973625629027865,0.1299351810374988,0.0,0.0,1.0308806689165455,1.1145161481267019,0.5250346390005864,1.0146394018081486,0.0,0.0,0.0,0.0,0.0,0.0,0.0,1.1876802819286516,0.12506870377373006,0.0,0.0,0.4,-1.0,0.4077591983577853,0.0,0.0,-0.14285714285714285,0.0,0.0,-0.2618595071429149,0.3333333333333333,0.0,Normal,0
-0.008313511750578272,119,1,5,-0.34836848541674165,-0.45815690999132613,-0.6172090301216083,-0.7445687201666262,0.5093385986249094,0.0,-0.11507936507936507,0.5461086388303764,-0.7475927608105515,0.0,0.0,-0.07948157445237129,-0.001722195177383939,-0.08835805347908927,0.0,0.0,0.0,0.0,0.0,0.0,0.0,0.0,-0.43921392141013216,-0.8459607780457364,0.0,0.0,2.0,1.0,1.7539028791497548,2.7992745841871196,12.0,3.2857142857142856,0.0,0.0,1.7712437491614217,2.3333333333333335,0.0,Generic,1
0.41484932403174224,113,4,4,0.5377054001731342,0.3533506529659227,0.19037820460483681,0.05846526410373137,-0.4671454220385222,0.0,0.8849206349206349,-0.3860274268371883,0.14116741271493363,0.792481250360578,0.6309297535714575,0.7183304241225885,0.9544737654442083,0.81404480547675,0.8876786465322339,1.0,0.15639265540454897,0.4111996589206619,1.0,0.8905327645459861,0.3004889188627581,1.3789954543005625,0.27093617704673073,0.004884408081456099,0.6931471805599453,0.0,-0.3,0.0,-0.32365668390976504,0.4425070493497599,0.0,-0.2857142857142857,0.0,0.6931471805599453,-0.2618595071429149,-0.3333333333333333,0.0,Reconnaissance,1
-0.008313511750578272,119,1,5,-0.34836848541674165,-0.45815690999132613,-0.6172090301216083,-0.7445687201666262,0.5093385986249094,0.0,-0.11507936507936507,0.5461086388303764,-0.7475927608105515,0.0,0.0,-0.07948157445237129,-0.001722195177383939,-0.08835805347908927,0.0,0.0,0.0,0.0,0.0,0.0,0.0,0.0,-0.43921392141013216,-0.8459607780457364,0.0,0.0,2.8,1.0,1.3846203144649547,2.335575477358633,7.5,4.285714285714286,0.0,0.0,1.369070246428542,3.2222222222222223,0.0,Generic,1
-0.008305829395579967,119,1,5,-0.34836848541674165,-0.45815690999132613,-0.6172090301216083,-0.7445687201666262,0.4383153396651112,0.0,-0.11507936507936507,0.479395323795663,-0.7475927608105515,0.0,0.0,-0.07850501908545554,-0.001722195177383939,-0.08835805347908927,0.0,0.0,0.0,0.0,0.0,0.0,0.0,0.0,-0.43921392141013216,-0.8459607780457364,0.0,0.0,1.8,1.0,1.6598842669953369,2.7119194414478502,7.0,2.857142857142857,0.0,0.0,1.630929753571457,2.111111111111111,0.0,Generic,1
-0.008305829395579967,5,6,5,-0.34836848541674165,-0.45815690999132613,-0.3913767846054552,-0.7445687201666262,0.4383153396651112,0.0,-0.11507936507936507,0.5431953692758632,-0.7475927608105515,0.0,0.0,-0.07850501908545554,-0.001722195177383939,-0.08835805347908927,0.0,0.0,0.0,0.0,0.0,0.0,0.0,0.0,0.5607860785898678,-0.8459607780457364,0.0,0.0,-0.1,1.0,0.0,0.4425070493497599,0.5,0.14285714285714285,0.0,0.0,-0.2618595071429149,0.0,0.0,Exploits,1
0.7620013513767435,97,6,2,0.0,0.0,0.07259096856055225,0.14657801593406591,-0.6743579318210121,0.0,0.12301587301587301,-0.5186772621067811,0.08197578239857804,0.0,0.0,1.1752922590676576,0.0007344218969270734,0.5992808739870209,0.0,0.0,0.0,0.0,0.0,0.0,0.0,0.0,1.3788897158009317,0.3801917263244656,0.0,0.0,-0.4,-1.0,0.22963807175534715,0.0,0.0,-0.2857142857142857,0.0,0.0,-0.2618595071429149,-0.3333333333333333,0.0,Exploits,1
0.9656352553155043,113,4,4,0.5377054001731342,0.45815690999132636,0.2448021892625818,0.318375243233886,-0.5684837250234277,0.0,0.8849206349206349,-0.4825869533414196,0.2285605522002951,0.792481250360578,1.0,0.9787196855540702,1.1106658274659373,0.9794513259993283,1.0863787461706833,1.0,1.9288983708164353,0.051758951421473395,1.0,0.823091313591709,0.5996071343492904,1.0135062892036393,0.5064246923275963,0.3391379670027341,0.6931471805599453,6.0112671744041615,-0.2,0.0,0.22963807175534715,0.7564707973660301,0.0,0.0,0.0,0.6931471805599453,0.0,-0.1111111111111111,0.0,Generic,1
-0.00831159115894783,71,6,5,-0.34836848541674165,-0.45815690999132613,-0.3913767846054552,-0.7445687201666262,0.4873083417532429,0.0,-0.11507936507936507,0.5892153265801261,-0.7475927608105515,0.0,0.0,-0.0792370717068429,-0.001722195177383939,-0.08835805347908927,0.0,0.0,0.0,0.0,0.0,0.0,0.0,0.0,0.5607860785898678,-0.8459607780457364,0.0,0.0,0.4,1.0,-0.32365668390976504,0.0,0.0,1.4285714285714286,0.0,0.0,-0.6309297535714572,0.5555555555555556,0.0,DoS,1
-0.008317352939600908,46,6,5,-0.34836848541674165,-0.45815690999132613,-0.3913767846054552,-0.7445687201666262,0.5710626891769315,0.0,-0.11507936507936507,0.6678869693421029,-0.7475927608105515,0.0,0.0,-0.07997131065090231,-0.001722195177383939,-0.08835805347908927,0.0,0.0,0.0,0.0,0.0,0.0,0.0,0.0,0.5607860785898678,-0.8459607780457364,0.0,0.0,-0.2,1.0,-0.32365668390976504,0.0,0.0,0.0,0.0,0.0,0.0,-0.1111111111111111,0.0,DoS,1
-0.008305829395579967,119,1,5,-0.34836848541674165,-0.45815690999132613,-0.6172090301216083,-0.7445687201666262,0.4383153396651112,0.0,-0.11507936507936507,0.479395323795663,-0.7475927608105515,0.0,0.0,-0.07850501908545554,-0.001722195177383939,-0.08835805347908927,0.0,0.0,0.0,0.0,0.0,0.0,0.0,0.0,-0.43921392141013216,-0.8459607780457364,0.0,0.0,1.3,1.0,1.4302461952399894,2.3979556934315798,8.0,2.142857142857143,0.0,0.0,1.369070246428542,1.5555555555555556,0.0,Generic,1
-0.008317352939600908,120,6,5,-0.34836848541674165,-0.45815690999132613,-0.3913767846054552,-0.7445687201666262,0.5710626891769315,0.0,-0.11507936507936507,0.6678869693421029,-0.7475927608105515,0.0,0.0,-0.07997131065090231,-0.001722195177383939,-0.08835805347908927,0.0,0.0,0.0,0.0,0.0,0.0,0.0,0.0,0.5607860785898678,-0.8459607780457364,0.0,0.0,-0.4,1.0,0.0,0.0,0.0,-0.2857142857142857,0.0,0.0,-0.6309297535714572,-0.3333333333333333,0.0,DoS,1
0.3151146042089975,113,4,4,0.5377054001731342,0.5418430900086738,0.16475301133987305,0.45471638180327684,-0.4036751434984094,-1.0,0.8849206349206349,-0.35970629852777114,0.45438842582274147,0.792481250360578,1.0,0.6721829562308712,0.7340216048427279,0.790155159596724,1.537512073298136,1.0,0.5163964697346717,0.1279819280147615,1.0,0.6858034271227806,0.31507853406676367,0.9918880172634299,0.14055291693813737,0.4995270958502729,0.6931471805599453,7.416979621381154,-0.4,0.0,-0.32365668390976504,0.0,0.0,-0.2857142857142857,0.0,0.6931471805599453,-0.6309297535714572,-0.3333333333333333,0.0,Exploits,1
-0.008301988229604236,119,6,5,-0.34836848541674165,-0.45815690999132613,0.4808577953839767,-0.7445687201666262,0.414068041885026,0.0,-0.11507936507936507,0.76569359580573,-0.7475927608105515,0.0,0.0,-0.07801819221278322,-0.001722195177383939,-0.08835805347908927,0.0,0.0,0.0,0.0,0.0,0.0,0.0,0.0,4.440919280313955,-0.8459607780457364,0.0,0.0,-0.2,1.0,0.0,0.4425070493497599,0.0,0.0,0.0,0.0,-0.2618595071429149,-0.1111111111111111,0.0,Normal,0
-0.008313511750578272,119,1,5,-0.34836848541674165,-0.45815690999132613,-0.6172090301216083,-0.7445687201666262,0.5093385986249094,0.0,-0.11507936507936507,0.5461086388303764,-0.7475927608105515,0.0,0.0,-0.07948157445237129,-0.001722195177383939,-0.08835805347908927,0.0,0.0,0.0,0.0,0.0,0.0,0.0,0.0,-0.43921392141013216,-0.8459607780457364,0.0,0.0,1.8,1.0,1.5143487096880097,2.51294159473206,4.0,2.857142857142857,0.0,0.0,1.4649735207179266,2.111111111111111,0.0,Generic,1
-0.008307749981448684,119,1,5,-0.34836848541674165,-0.45815690999132613,-0.6172090301216083,-0.7445687201666262,0.45254724258694085,0.0,-0.11507936507936507,0.4927636086025248,-0.7475927608105515,0.0,0.0,-0.07874879450489872,-0.001722195177383939,-0.08835805347908927,0.0,0.0,0.0,0.0,0.0,0.0,0.0,0.0,-0.43921392141013216,-0.8459607780457364,0.0,0.0,1.5,1.0,1.5143487096880097,2.456962315881736,8.5,2.4285714285714284,0.0,0.0,1.4182843521034598,1.7777777777777777,0.0,Generic,1
0.6806434527061588,113,4,4,0.6516315145832584,0.9163138199826525,0.26356015389659404,0.7363458063945311,-0.4262773833700702,-1.0,0.8849206349206349,-0.4269651147326327,0.5716241459291396,0.792481250360578,2.261859507142915,0.8270668859815046,0.6957646773796881,0.8731438259774994,1.5336552347437922,1.0,1.9165724989838497,1.2241579957757311,1.0,0.7769542992074224,0.9380526119738815,0.6469137185895707,0.27093617704673073,0.7231003341505033,0.6931471805599453,9.570598887246268,-0.4,0.0,-0.32365668390976504,0.0,0.0,-0.2857142857142857,0.0,0.6931471805599453,-0.6309297535714572,-0.3333333333333333,0.0,Exploits,1
0.05349232475367921,113,6,4,1.8283801083473694,1.3423754829424792,0.8416925078112841,0.8436038271859859,0.04908597780467507,-1.1614583333333333,0.0,0.036389297643100706,0.9067210162902944,1.5,3.125749857257015,0.011636338896789741,0.08824516331849608,0.3157487119580031,0.6630981302652893,1.0,1.9533182105550393,0.8942829369199489,1.0,0.009464119948115407,0.01647132377766009,0.0034028654371172883,-0.3780945298881316,0.6566745030388939,0.0,0.0,0.5,-1.0,0.6763433160902349,0.0,0.0,-0.2857142857142857,0.0,0.0,0.2031140135750122,0.7777777777777778,0.0,Normal,0
2.26232249633071,113,4,4,0.5377054001731342,0.5418430900086738,0.2397622849268513,0.28225308898604845,-0.6947933426376552,0.0,0.8849206349206349,-0.6237082418119168,0.08322316745726559,0.792481250360578,1.0,1.2789840482286718,1.3509746628261707,1.131262021340282,1.2259712604996649,1.0,1.792997951676858,0.09990381298273396,1.0,2.3826465753574633,2.937465921634519,2.0695714012468103,0.4879337673292106,0.23404321332418845,0.6931471805599453,5.236441962829949,-0.3,0.0,0.0,0.0,0.0,-0.2857142857142857,0.0,0.6931471805599453,-0.6309297535714572,-0.3333333333333333,0.0,DoS,1
0.1524230679312574,119,6,2,0.0,0.21303083147991342,0.029480958153664708,0.08020956229320896,-0.4342842088683376,-1.1614583333333333,0.0,-0.3342173192436755,0.24927677824979663,0.0,0.0,0.7107660557321206,0.7927654959778416,0.35973874291308616,0.7409637702232009,0.0,0.0,0.0,0.0,0.0,0.0,0.0,1.1876802819286516,0.12506870377373006,0.0,0.0,0.9,-1.0,0.5532947556651122,0.0,0.0,0.0,0.0,0.0,0.0,0.5555555555555556,0.0,Normal,0
0.7540294962718176,113,6,2,0.22946445519383787,0.0,0.26276242762349455,-0.10355692410079358,-0.6354180984794299,-1.0,0.8849206349206349,-0.451769165124646,-0.09178967309873119,0.792481250360578,0.6309297535714575,1.0476253020795494,0.00024505012330295245,1.011645756286508,0.0,1.0,0.6230461512297968,1.9324151931954854,1.0,4.513161887271136,3.235283756377266,6.08772104916244,1.499489945792001,-0.004994179198341338,0.0,0.0,-0.1,2.0,-0.32365668390976504,0.0,0.0,0.14285714285714285,0.0,0.0,-0.6309297535714572,0.0,0.0,Normal,0
6.62460561553099,113,6,4,1.8822479488321129,1.374470729973979,0.8704161769683314,0.8623890993443265,-0.7464881202710094,-1.1614583333333333,0.0,-0.7318516712531536,0.2360693758291092,1.5,3.209831676734024,1.394601800991749,1.473431976885933,1.333822378933121,2.3503909327268704,1.0,0.41805791393188024,1.4971813826632607,1.0,0.009476700478621767,0.017044773089313785,0.002946134433544149,-0.4083952327752013,0.668446140582847,0.0,0.0,-0.2,-1.0,0.8769514395748775,0.0,0.0,-0.2857142857142857,0.0,0.0,0.0,0.5555555555555556,0.0,Normal,0
-0.008307749981448684,119,1,5,-0.34836848541674165,-0.45815690999132613,-0.6172090301216083,-0.7445687201666262,0.45254724258694085,0.0,-0.11507936507936507,0.4927636086025248,-0.7475927608105515,0.0,0.0,-0.07874879450489872,-0.001722195177383939,-0.08835805347908927,0.0,0.0,0.0,0.0,0.0,0.0,0.0,0.0,-0.43921392141013216,-0.8459607780457364,0.0,0.0,2.2,1.0,1.4302461952399894,2.3979556934315798,8.0,3.4285714285714284,0.0,0.0,1.369070246428542,2.5555555555555554,0.0,Generic,1
-0.008305829395579967,119,1,5,-0.34836848541674165,-0.45815690999132613,-0.6172090301216083,-0.7445687201666262,0.4383153396651112,0.0,-0.11507936507936507,0.479395323795663,-0.7475927608105515,0.0,0.0,-0.07850501908545554,-0.001722195177383939,-0.08835805347908927,0.0,0.0,0.0,0.0,0.0,0.0,0.0,0.0,-0.43921392141013216,-0.8459607780457364,0.0,0.0,3.2,1.0,1.838005393597775,2.9554486440818204,6.5,4.857142857142857,0.0,0.0,1.8638903501140993,3.6666666666666665,0.0,Generic,1
0.08938138664436782,119,1,2,-0.34836848541674165,0.0,-0.5966394913029477,0.21472401263875213,-0.4739137117680926,-1.0,0.8849206349206349,-0.49828456588128767,0.35403754279540717,0.0,0.0,-0.07850501908545554,0.0004898572618131637,-0.08835805347908927,0.0,0.0,0.0,0.0,0.0,0.0,0.0,0.0,-0.34829468806360164,0.48553210411170744,0.0,0.0,-0.2,2.0,0.22963807175534715,0.7564707973660301,1.0,0.0,0.0,0.0,0.0,-0.1111111111111111,0.0,Exploits,1
0.5210840308084461,113,6,4,1.1500759201006077,0.9461145226208255,0.8705938778013056,0.40351640810728756,-0.3464172718563948,-1.1614583333333333,0.0,-0.2163047836419561,0.3708148827841778,1.5,1.8927892607143724,0.5624643173222795,0.6265013812817518,0.7485032888958114,0.6328296000190283,1.0,0.6295627858817738,0.6374484403904571,1.0,0.007451073134392462,0.012566086996819567,0.0030146446663339333,1.5620227826102513,0.1924895513698502,0.0,0.0,0.0,-1.0,0.4077591983577853,0.0,0.0,0.0,0.0,0.0,0.6309297535714571,0.3333333333333333,0.0,Normal,0
1.301002708799582,113,6,4,0.5377054001731342,0.45815690999132636,0.004561481689690244,0.09828264867786968,-0.6136781654224982,0.0,0.8849206349206349,-0.5945616088317299,0.03598831202221267,0.792481250360578,0.6309297535714575,1.0737458249663439,1.1992423770193232,1.0040676270566307,1.1284665270321836,1.0,1.7209748187602862,1.9009958875538147,1.0,2.38984420783868,2.0298612492551773,2.830090553529721,-0.5680436705367541,0.0,0.0,0.0,-0.1,0.0,-0.32365668390976504,0.0,0.0,-0.14285714285714285,0.0,0.0,-0.2618595071429149,-0.2222222222222222,0.0,Normal,0
1.9192578186034412,113,2,4,1.097590688175416,0.8494457411744992,0.3589571316719627,0.31679599709111983,-0.5671337054562469,-1.0,0.8849206349206349,-0.5526127017392578,0.14004857501757836,1.5,2.095903274289385,0.9844386092997931,1.0872875152338541,0.9774711434793293,1.0889943538807354,1.0,0.2894644077359361,1.3549382965697603,1.0,0.5607007098173153,0.3379739228735752,0.7436641468339361,-0.5349629372098051,0.11352160673242392,0.0,0.0,-0.4,0.0,0.0,0.0,0.0,-0.14285714285714285,0.6931471805599453,0.0,-0.2618595071429149,-0.3333333333333333,0.0,Exploits,1
1.08086508900772,113,6,4,0.5377054001731342,0.3533506529659227,0.08143860146206154,0.05846526410373137,-0.5996759693785966,0.0,0.8849206349206349,-0.5448684976716491,0.028233878858984488,0.792481250360578,0.6309297535714575,1.0137660123680434,1.2155937266724814,0.9712741513156282,1.131398103967303,1.0,1.0797068433759807,1.369548010218479,1.0,1.9076518326518708,1.9966857071775252,1.9219617553868713,-0.2062646310321604,0.004884408081456099,0.0,0.0,0.1,0.0,0.0,0.4425070493497599,0.0,0.0,0.0,0.0,-0.2618595071429149,0.5555555555555556,0.0,Normal,0
-0.008305829395579967,119,1,5,-0.34836848541674165,-0.45815690999132613,-0.6172090301216083,-0.7445687201666262,0.4383153396651112,0.0,-0.11507936507936507,0.479395323795663,-0.7475927608105515,0.0,0.0,-0.07850501908545554,-0.001722195177383939,-0.08835805347908927,0.0,0.0,0.0,0.0,0.0,0.0,0.0,0.0,-0.43921392141013216,-0.8459607780457364,0.0,0.0,2.0,1.0,1.7829328274204592,2.7992745841871196,12.0,3.5714285714285716,0.0,0.0,1.7381404928570847,2.3333333333333335,0.0,Generic,1
-0.008305829395579967,119,1,5,-0.34836848541674165,-0.45815690999132613,-0.6172090301216083,-0.7445687201666262,0.4383153396651112,0.0,-0.11507936507936507,0.479395323795663,-0.7475927608105515,0.0,0.0,-0.07850501908545554,-0.001722195177383939,-0.08835805347908927,0.0,0.0,0.0,0.0,0.0,0.0,0.0,0.0,-0.43921392141013216,-0.8459607780457364,0.0,0.0,2.9,1.0,1.9835409509051016,3.123682016378365,7.5,4.428571428571429,0.0,0.0,1.9743577627364342,3.3333333333333335,0.0,Generic,1
-0.008315432344129296,119,1,5,-0.34836848541674165,-0.45815690999132613,-0.6172090301216083,-0.7445687201666262,0.5363014692156571,0.0,-0.11507936507936507,0.571435250794517,-0.7475927608105515,0.0,0.0,-0.07972632060535206,-0.001722195177383939,-0.08835805347908927,0.0,0.0,0.0,0.0,0.0,0.0,0.0,0.0,-0.43921392141013216,-0.8459607780457364,0.0,0.0,1.1,1.0,1.3846203144649547,2.335575477358633,7.5,1.8571428571428572,0.0,0.0,1.369070246428542,1.3333333333333333,0.0,Generic,1
1.018770175337124,113,6,4,2.6139827463010623,2.0792764308628358,1.3025372035647473,1.1521571018499506,-0.13779175614439154,-1.1614583333333333,0.0,-0.1820282712124373,0.8155162597571248,2.2297158093186487,4.813588092215596,0.266159888984307,0.235777050319488,0.7451129385776477,1.3104801359735636,1.0,1.0716096670370436,0.006810682358197764,1.0,0.007715303879844865,0.013494655411427652,0.0027177655067054667,-0.4083952327752013,0.7392831494763176,0.0,0.0,0.4,-1.0,0.4077591983577853,0.0,0.0,0.14285714285714285,0.0,0.0,-0.2618595071429149,0.4444444444444444,0.0,Normal,0
-0.00830967056923797,119,6,5,-0.34836848541674165,-0.45815690999132613,-0.4615104146933044,-0.7445687201666262,0.4686820524374373,0.0,-0.11507936507936507,0.5519303861071706,-0.7475927608105515,0.0,0.0,-0.07899281188509567,-0.001722195177383939,-0.08835805347908927,0.0,0.0,0.0,0.0,0.0,0.0,0.0,0.0,0.2498499789758582,-0.8459607780457364,0.0,0.0,0.2,1.0,0.0,0.0,0.0,-0.2857142857142857,0.0,0.0,0.0,-0.3333333333333333,0.0,Reconnaissance,1
-0.006372773514400969,119,1,2,-0.34836848541674165,0.0,-0.5179170842831736,0.0,0.0,-1.1614583333333333,0.0,-0.02896688167526499,0.597790415932908,0.0,0.0,-0.07874879450489872,0.00024505012330295245,-0.08835805347908927,0.0,0.0,0.0,0.0,0.0,0.0,0.0,0.0,0.0,0.1540392219542636,0.0,0.0,-0.2,-1.0,0.22963807175534715,0.0,0.0,-0.14285714285714285,0.0,0.0,-0.2618595071429149,-0.2222222222222222,0.0,Normal,0
0.8964496103430888,113,4,4,0.9104325977592882,0.5418430900086738,1.2076584731763202,0.31231578071647953,-0.5032695150439297,-1.0,0.8849206349206349,-0.19634586771747922,0.23647277548564993,1.403677461028802,1.0,0.7915795713530858,1.0150405358983703,0.9146181326422999,0.9700605455857454,1.0,1.9855099483987708,1.6646857657288443,1.0,1.3305658533829436,1.5308937255143096,1.197816366545075,3.721301242111542,0.2805100226288614,0.6931471805599453,5.891644211825771,-0.3,0.0,0.5532947556651122,0.4425070493497599,0.5,-0.14285714285714285,0.0,1.6094379124341003,-0.2618595071429149,-0.2222222222222222,0.0,DoS,1
0.08650066411474569,113,6,4,1.5565195985630922,1.1815417362868497,0.6963034782574842,0.747240486025036,-0.05220131505698146,-1.1614583333333333,0.0,-0.05476792307742355,0.7953249635262084,1.5,2.6801438592463755,0.10339388082757427,0.17455612194528633,0.45573912916906517,0.891194612892787,1.0,1.8515502155816583,1.8794160311733863,1.0,0.008948307373363534,0.015979786217141773,0.0028776239952498675,-0.2901332125177142,0.5947906817779786,0.0,0.0,0.2,-1.0,0.22963807175534715,0.0,0.0,-0.2857142857142857,0.0,0.0,0.6309297535714571,-0.1111111111111111,0.0,Normal,0
-0.008305829395579967,119,6,5,-0.34836848541674165,-0.45815690999132613,0.04069684746755388,-0.7445687201666262,0.4383153396651112,0.0,-0.11507936507936507,0.6648192399300547,-0.7475927608105515,0.0,0.0,-0.07850501908545554,-0.001722195177383939,-0.08835805347908927,0.0,0.0,0.0,0.0,0.0,0.0,0.0,0.0,2.4809145858556305,-0.8459607780457364,0.0,0.0,-0.2,1.0,0.0,0.4425070493497599,0.0,0.0,0.0,0.0,0.36907024642854247,-0.1111111111111111,0.0,Fuzzers,1
1.3819131422033957,113,6,4,0.5377054001731342,0.5418430900086738,0.056958217202784864,0.1844361345610965,-0.6105045896416267,0.0,0.8849206349206349,-0.5892357570910217,0.09058944524412195,0.792481250360578,1.261859507142915,1.0942369487995738,1.1636176034100203,1.0161211339088823,1.0366608365677172,1.0,1.4148868497537892,0.3907440260609045,1.0,1.8835763253039637,1.6367671229591763,2.1695275932967233,-0.31897941804229135,0.08511298928516586,0.0,0.0,-0.2,0.0,-0.32365668390976504,0.0,0.0,0.0,0.0,0.0,1.369070246428542,-0.1111111111111111,0.0,Exploits,1
2.800854379055444,113,7,4,1.2869276029318086,1.3945725677667633,0.4152781220004298,0.888140327085082,-0.5336742457363155,-1.0,0.8849206349206349,-0.6096067464021927,0.47618045139540016,1.5,3.380238966019956,1.0704121993746938,0.9069555141096549,1.003660050763182,1.704305050910488,1.0,1.9913693644379298,0.04359094786826128,1.0,2.1515445267035784,2.742448998329469,1.774385171773122,-0.8183448694831869,0.6974491820506646,0.0,0.0,-0.4,0.0,-0.32365668390976504,0.0,0.0,-0.2857142857142857,0.0,0.0,-0.6309297535714572,-0.3333333333333333,0.0,Exploits,1
-0.008305829395579967,119,1,5,-0.34836848541674165,-0.45815690999132613,-0.6172090301216083,-0.7445687201666262,0.4383153396651112,0.0,-0.11507936507936507,0.479395323795663,-0.7475927608105515,0.0,0.0,-0.07850501908545554,-0.001722195177383939,-0.08835805347908927,0.0,0.0,0.0,0.0,0.0,0.0,0.0,0.0,-0.43921392141013216,-0.8459607780457364,0.0,0.0,2.2,1.0,1.7829328274204592,2.880152813744395,6.5,3.4285714285714284,0.0,0.0,1.8031852449677475,2.5555555555555554,0.0,Generic,1
0.6382683375907054,113,6,4,0.5377054001731342,0.3533506529659227,0.004561481689690244,0.05846526410373137,-0.5245118094935595,0.0,0.8849206349206349,-0.49326264746373133,0.09271859354331045,0.792481250360578,0.6309297535714575,0.8315146115514984,1.0326060514749247,0.8894969212417136,0.938331539167518,1.0,1.6491230028305277,0.6187349439450611,1.0,1.4057582211230726,1.9841868430220495,0.957418240505814,-0.5680436705367541,0.004884408081456099,0.0,0.0,0.4,0.0,0.0,0.4425070493497599,0.5,0.8571428571428571,0.0,0.0,-0.2618595071429149,0.5555555555555556,0.0,Normal,0
-0.008305829395579967,119,1,5,-0.34836848541674165,-0.45815690999132613,-0.6172090301216083,-0.7445687201666262,0.4383153396651112,0.0,-0.11507936507936507,0.479395323795663,-0.7475927608105515,0.0,0.0,-0.07850501908545554,-0.001722195177383939,-0.08835805347908927,0.0,0.0,0.0,0.0,0.0,0.0,0.0,0.0,-0.43921392141013216,-0.8459607780457364,0.0,0.0,1.5,1.0,1.5532947556651122,2.5661890657281248,9.5,2.4285714285714284,0.0,0.0,1.509384242018507,1.7777777777777777,0.0,Generic,1
-0.008321194136305905,119,1,5,-0.34836848541674165,-0.45815690999132613,-0.6172090301216083,-0.7445687201666262,0.7038105267032175,0.0,-0.11507936507936507,0.7287785364230093,-0.7475927608105515,0.0,0.0,-0.08046202436744408,-0.001722195177383939,-0.08835805347908927,0.0,0.0,0.0,0.0,0.0,0.0,0.0,0.0,-0.43921392141013216,-0.8459607780457364,0.0,0.0,0.2,1.0,0.4077591983577853,1.0,1.5,0.14285714285714285,0.0,0.0,0.2031140135750122,0.3333333333333333,0.0,Generic,1
-0.008315432344129296,119,1,5,-0.34836848541674165,-0.45815690999132613,-0.6172090301216083,-0.7445687201666262,0.5363014692156571,0.0,-0.11507936507936507,0.571435250794517,-0.7475927608105515,0.0,0.0,-0.07972632060535206,-0.001722195177383939,-0.08835805347908927,0.0,0.0,0.0,0.0,0.0,0.0,0.0,0.0,-0.43921392141013216,-0.8459607780457364,0.0,0.0,2.8,1.0,1.6598842669953369,2.7119194414478502,5.5,4.285714285714286,0.0,0.0,1.630929753571457,3.2222222222222223,0.0,Generic,1
1.332790179628474,113,6,4,0.6516315145832584,0.45815690999132636,0.25388199504909376,0.1959420869990517,-0.6047450318473794,0.0,0.8849206349206349,-0.5262288643616011,0.10079851441127573,1.0,1.0,1.0234149433559174,1.2016815899173594,0.9753391591274544,1.0756550786993808,1.0,1.4723129409995364,0.38992146366008223,1.0,2.248116151302275,2.631924728034298,2.059952386396433,0.22851423430855478,0.1515561612435413,0.0,0.0,0.4,0.0,-0.32365668390976504,0.0,0.0,0.42857142857142855,0.0,0.0,-0.6309297535714572,0.2222222222222222,0.0,Fuzzers,1
-0.008305829395579967,119,1,5,-0.34836848541674165,-0.45815690999132613,-0.6172090301216083,-0.7445687201666262,0.4383153396651112,0.0,-0.11507936507936507,0.479395323795663,-0.7475927608105515,0.0,0.0,-0.07850501908545554,-0.001722195177383939,-0.08835805347908927,0.0,0.0,0.0,0.0,0.0,0.0,0.0,0.0,-0.43921392141013216,-0.8459607780457364,0.0,0.0,1.3,1.0,1.5143487096880097,2.456962315881736,8.5,2.2857142857142856,0.0,0.0,1.4649735207179266,1.5555555555555556,0.0,Generic,1
0.7950693095708465,113,3,4,0.4008537173419332,0.6115100544329425,-0.08853316975286465,0.5594913824634756,-0.5273499537679632,-1.1614583333333333,0.0,-0.5522942248768098,0.42515589639084195,0.5,1.4649735207179273,0.9812345506789978,0.9549143553317091,0.973427450655137,1.7086302184947109,1.0,0.742960013361849,1.1228040468779432,1.0,0.007891454629360929,0.013221550329912462,0.003265847095044596,-0.5680436705367541,0.6210412958985105,0.0,0.0,-0.2,-1.0,0.5532947556651122,0.0,0.0,0.14285714285714285,0.0,0.0,-0.6309297535714572,-0.1111111111111111,0.0,Normal,0
1.9370033614702338,113,6,4,0.8345798913950238,0.6115100544329425,0.22161097208272804,0.18354599540299568,-0.6275662824271427,0.0,0.8849206349206349,-0.5953577813128536,0.04171017478100125,1.292481250360578,1.261859507142915,1.0878085705076315,1.2356588031616258,1.0610868676561054,1.131275899618916,1.0,2.103726788804898,1.6884822118537453,1.0,2.238434288786465,2.9101160322316653,1.8041837007325379,-0.43921392141013216,0.044595374063326386,0.0,0.0,-0.4,0.0,-0.32365668390976504,0.0,0.0,-0.2857142857142857,0.0,0.0,-0.6309297535714572,-0.3333333333333333,0.0,Normal,0
-0.008315432344129296,119,1,5,-0.34836848541674165,-0.45815690999132613,-0.6172090301216083,-0.7445687201666262,0.5363014692156571,0.0,-0.11507936507936507,0.571435250794517,-0.7475927608105515,0.0,0.0,-0.07972632060535206,-0.001722195177383939,-0.08835805347908927,0.0,0.0,0.0,0.0,0.0,0.0,0.0,0.0,-0.43921392141013216,-0.8459607780457364,0.0,0.0,1.4,1.0,1.4734045760589989,2.51294159473206,8.5,2.142857142857143,0.0,0.0,1.4649735207179266,1.5555555555555556,0.0,Generic,1
-0.008307749981448684,132,6,5,-0.34836848541674165,-0.45815690999132613,-0.3913767846054552,-0.7445687201666262,0.4383153396651112,0.0,-0.11507936507936507,0.5431953692758632,-0.7475927608105515,0.0,0.0,-0.07850501908545554,-0.001722195177383939,-0.08835805347908927,0.0,0.0,0.0,0.0,0.0,0.0,0.0,0.0,0.5607860785898678,-0.8459607780457364,0.0,0.0,0.9,1.0,0.4077591983577853,1.0,1.5,0.14285714285714285,0.0,0.0,0.9999999999999998,1.0,0.0,DoS,1
-0.0001682895165217519,113,4,4,0.4008537173419332,0.5418430900086738,0.27534099909788995,0.21932033696916614,0.03652661968188546,-1.1614583333333333,0.0,0.09533159649532193,0.6666081415894802,0.792481250360578,1.0,0.02816648372859309,0.08339768824954168,0.3666162577768301,0.11676180972445063,1.0,0.14074936844488461,1.2176760541417395,1.0,0.00875959017557519,0.01488744886800736,0.003448538035144342,1.0433753357839823,0.13604533588669487,0.6931471805599453,4.430816798843313,-0.4,-1.0,1.1065895113302244,0.0,0.0,0.5714285714285714,0.0,0.6931471805599453,0.9207988315012231,-0.2222222222222222,0.0,Normal,0
-0.008317352939600908,119,1,5,-0.34836848541674165,-0.45815690999132613,-0.6172090301216083,-0.7445687201666262,0.5710626891769315,0.0,-0.11507936507936507,0.6040869325983536,-0.7475927608105515,0.0,0.0,-0.07997131065090231,-0.001722195177383939,-0.08835805347908927,0.0,0.0,0.0,0.0,0.0,0.0,0.0,0.0,-0.43921392141013216,-0.8459607780457364,0.0,0.0,4.0,1.0,2.179206423302797,3.4219425198330873,8.0,6.0,0.0,0.0,2.223120076628813,4.555555555555555,0.0,Generic,1
-0.008305829395579967,119,6,5,-0.34836848541674165,-0.45815690999132613,-0.7690725526017784,-0.7445687201666262,0.4383153396651112,0.0,-0.11507936507936507,0.4363235575908942,-0.7475927608105515,0.0,0.0,-0.07850501908545554,-0.001722195177383939,-0.08835805347908927,0.0,0.0,0.0,0.0,0.0,0.0,0.0,0.0,-1.1090870498780045,-0.8459607780457364,0.0,0.0,0.4,1.0,0.0,0.4425070493497599,0.0,0.7142857142857143,0.0,0.0,-0.2618595071429149,0.4444444444444444,0.0,Normal,0
3.1885013962346602,113,2,4,1.097590688175416,0.9163138199826525,0.35643130245194576,0.33327980654689415,-0.660937523130557,-1.0,0.8849206349206349,-0.6563328217955894,0.06151376070254114,1.5,2.095903274289385,1.205631783052797,1.2628023155663821,1.0804962833638312,1.9388833233881726,1.0,1.5965706101859904,0.43039263093597946,1.0,1.9535523755133095,2.178112280615183,1.8606329679788123,-0.5680436705367541,0.10134148345823842,0.0,0.0,-0.4,0.0,-0.32365668390976504,0.0,0.0,-0.2857142857142857,0.6931471805599453,0.0,-0.6309297535714572,-0.3333333333333333,0.0,Exploits,1
-0.00831159115894783,119,1,5,-0.34836848541674165,-0.45815690999132613,-0.6172090301216083,-0.7445687201666262,0.4873083417532429,0.0,-0.11507936507936507,0.5254152901574599,-0.7475927608105515,0.0,0.0,-0.0792370717068429,-0.001722195177383939,-0.08835805347908927,0.0,0.0,0.0,0.0,0.0,0.0,0.0,0.0,-0.43921392141013216,-0.8459607780457364,0.0,0.0,3.6,1.0,0.8769514395748775,1.6414848960655501,3.5,5.428571428571429,0.0,0.0,0.7381404928570852,4.111111111111111,0.0,Generic,1
-0.008313511750578272,119,6,5,-0.34836848541674165,-0.45815690999132613,-0.4615104146933044,-0.7445687201666262,0.5093385986249094,0.0,-0.11507936507936507,0.5901197119102009,-0.7475927608105515,0.0,0.0,-0.07948157445237129,-0.001722195177383939,-0.08835805347908927,0.0,0.0,0.0,0.0,0.0,0.0,0.0,0.0,0.2498499789758582,-0.8459607780457364,0.0,0.0,-0.4,1.0,-0.32365668390976504,0.0,0.0,-0.2857142857142857,0.0,0.0,-0.6309297535714572,-0.3333333333333333,0.0,Reconnaissance,1
-0.008305829395579967,120,6,5,-0.34836848541674165,-0.45815690999132613,-0.3913767846054552,-0.7445687201666262,0.4383153396651112,0.0,-0.11507936507936507,0.5431953692758632,-0.7475927608105515,0.0,0.0,-0.07850501908545554,-0.001722195177383939,-0.08835805347908927,0.0,0.0,0.0,0.0,0.0,0.0,0.0,0.0,0.5607860785898678,-0.8459607780457364,0.0,0.0,0.2,1.0,0.0,0.4425070493497599,0.5,0.5714285714285714,0.0,0.0,1.5921903230573557,0.3333333333333333,0.0,DoS,1
0.3397302419685766,113,6,4,1.7059078740998568,1.269664472948575,0.7754961013265274,0.8046936692642115,-0.19059416021372377,-1.1614583333333333,0.0,-0.18726156859354257,0.69903760663075,1.5,2.9299470414358546,0.28138657729434735,0.3554056427162901,0.5747148179760427,1.097257375767171,1.0,0.7826980048312877,0.7900593226896243,1.0,0.008042439024507372,0.01431395427805929,0.0026264172966124428,-0.34829468806360164,0.635930398904418,0.0,0.0,-0.4,-1.0,0.0,0.0,0.0,-0.2857142857142857,0.0,0.0,-0.6309297535714572,0.0,0.0,Normal,0
-0.008319273536993108,119,6,5,-0.34836848541674165,-0.45815690999132613,-0.4615104146933044,-0.7445687201666262,0.6200559375313737,0.0,-0.11507936507936507,0.6941179668041491,-0.7475927608105515,0.0,0.0,-0.08021654507559085,-0.001722195177383939,-0.08835805347908927,0.0,0.0,0.0,0.0,0.0,0.0,0.0,0.0,0.2498499789758582,-0.8459607780457364,0.0,0.0,-0.1,1.0,-0.32365668390976504,0.0,0.0,-0.2857142857142857,0.0,0.0,-0.6309297535714572,-0.1111111111111111,0.0,Reconnaissance,1
0.8812633936590839,113,2,4,0.5377054001731342,0.3533506529659227,0.47095824653517826,0.05846526410373137,-0.5697416650569025,0.0,0.8849206349206349,-0.4061725198287391,0.0540959977572861,0.792481250360578,0.6309297535714575,0.9460351836330847,1.153702390509159,0.9526170818477454,1.0948087592427966,1.0,1.3737399081736272,0.24573362068609764,1.0,0.9234516374634839,1.4703468033905946,0.47061814761103976,1.499489945792001,0.004884408081456099,0.0,0.0,-0.4,0.0,-0.32365668390976504,0.0,0.0,-0.14285714285714285,0.0,0.0,0.5093842420185072,-0.3333333333333333,0.0,DoS,1
0.6610222792786903,113,6,4,0.5377054001731342,0.3533506529659227,0.004561481689690244,0.05846526410373137,-0.5293165682320228,0.0,0.8849206349206349,-0.4978982370530734,0.08863669177595294,0.792481250360578,0.6309297535714575,0.8610281475161777,1.030704835998289,0.9036878624012487,0.9623281454682879,1.0,0.043898566938082764,1.860154804403416,1.0,2.5135997569858506,2.4682039667356177,2.7193279571845177,-0.5680436705367541,0.004884408081456099,0.0,0.0,3.8,0.0,-0.32365668390976504,0.0,0.0,5.285714285714286,0.0,0.0,-0.6309297535714572,3.888888888888889,0.0,Normal,0
-0.008317352939600908,119,6,5,-0.34836848541674165,-0.45815690999132613,-0.7690725526017784,-0.7445687201666262,0.5710626891769315,0.0,-0.11507936507936507,0.5610151684613839,-0.7475927608105515,0.0,0.0,-0.07997131065090231,-0.001722195177383939,-0.08835805347908927,0.0,0.0,0.0,0.0,0.0,0.0,0.0,0.0,-1.1090870498780045,-0.8459607780457364,0.0,0.0,0.3,1.0,-0.32365668390976504,0.7564707973660301,0.0,0.14285714285714285,0.0,0.0,0.0,0.0,0.0,Fuzzers,1
-0.00831159115894783,120,6,5,-0.34836848541674165,-0.45815690999132613,-0.3913767846054552,-0.7445687201666262,0.4873083417532429,0.0,-0.11507936507936507,0.5892153265801261,-0.7475927608105515,0.0,0.0,-0.0792370717068429,-0.001722195177383939,-0.08835805347908927,0.0,0.0,0.0,0.0,0.0,0.0,0.0,0.0,0.5607860785898678,-0.8459607780457364,0.0,0.0,0.2,1.0,0.22963807175534715,0.7564707973660301,1.0,0.5714285714285714,0.0,0.0,0.0,0.3333333333333333,0.0,DoS,1
1.6356373473984849,113,3,4,0.5377054001731342,0.5418430900086738,-0.0645178414919942,0.43684112438098127,-0.6380399415915831,-1.0,0.8849206349206349,-0.6510368540431914,0.24215963306340152,0.5,1.261859507142915,1.1532683898169784,1.2268189264056717,1.073797778153099,1.9002007401373466,1.0,1.323884176823625,0.23063750296140892,1.0,1.6066114082000207,1.5519670107126577,1.7083775726561046,-0.8571173182969516,0.471781432805304,0.0,0.0,-0.4,0.0,0.0,0.0,0.0,-0.14285714285714285,0.0,0.0,-0.2618595071429149,-0.3333333333333333,0.0,Exploits,1
-0.006326726398185556,119,1,2,-0.34836848541674165,0.0,-0.5179170842831736,0.0,-0.0028201481801048106,-1.1614583333333333,0.0,-0.03161678390120039,0.5954567484926636,0.0,0.0,-0.07850501908545554,-0.001228912338042096,-0.08835805347908927,0.0,0.0,0.0,0.0,0.0,0.0,0.0,0.0,0.0,0.1540392219542636,0.0,0.0,0.1,-1.0,0.4077591983577853,1.0,0.0,-0.14285714285714285,0.0,0.0,0.2031140135750122,0.1111111111111111,0.0,Normal,0
1.0746733673833164,113,6,4,0.5377054001731342,0.3533506529659227,0.6308705489734856,0.05846526410373137,-0.598817583360531,0.0,0.8849206349206349,-0.38980573032285215,0.028979612881581112,0.792481250360578,0.6309297535714575,1.0119836837243863,1.2133609645059962,0.972316466959873,1.138853346316725,1.0,1.6709043962185535,0.7410954035714084,1.0,1.7108231378193215,1.9942473533312233,1.5418466495951104,2.2162867280035323,0.004884408081456099,0.0,0.0,-0.3,0.0,-0.32365668390976504,0.0,0.0,-0.14285714285714285,0.0,0.0,-0.6309297535714572,-0.2222222222222222,0.0,Normal,0
-0.008305829395579967,119,1,5,-0.34836848541674165,-0.45815690999132613,-0.6172090301216083,-0.7445687201666262,0.4383153396651112,0.0,-0.11507936507936507,0.479395323795663,-0.7475927608105515,0.0,0.0,-0.07850501908545554,-0.001722195177383939,-0.08835805347908927,0.0,0.0,0.0,0.0,0.0,0.0,0.0,0.0,-0.43921392141013216,-0.8459607780457364,0.0,0.0,4.0,1.0,1.937915070130067,3.0920462747246633,8.5,6.0,0.0,0.0,1.9479721695911079,4.555555555555555,0.0,Generic,1
-0.008305829395579967,119,1,5,-0.34836848541674165,-0.45815690999132613,-0.6172090301216083,-0.7445687201666262,0.4383153396651112,0.0,-0.11507936507936507,0.479395323795663,-0.7475927608105515,0.0,0.0,-0.07850501908545554,-0.001722195177383939,-0.08835805347908927,0.0,0.0,0.0,0.0,0.0,0.0,0.0,0.0,-0.43921392141013216,-0.8459607780457364,0.0,0.0,3.9,1.0,1.8109439681499915,2.9184499596071447,6.5,5.857142857142857,0.0,0.0,1.8031852449677475,4.444444444444445,0.0,Generic,1
-0.008315432344129296,120,6,5,-0.34836848541674165,-0.45815690999132613,-0.3913767846054552,-0.7445687201666262,0.5363014692156571,0.0,-0.11507936507936507,0.6352352919712061,-0.7475927608105515,0.0,0.0,-0.07972632060535206,-0.001722195177383939,-0.08835805347908927,0.0,0.0,0.0,0.0,0.0,0.0,0.0,0.0,0.5607860785898678,-0.8459607780457364,0.0,0.0,0.5,1.0,0.0,0.4425070493497599,0.5,-0.14285714285714285,0.0,0.0,0.5093842420185072,0.5555555555555556,0.0,Fuzzers,1
-0.008307749981448684,69,6,5,-0.34836848541674165,-0.45815690999132613,-0.3913767846054552,-0.7445687201666262,0.45254724258694085,0.0,-0.11507936507936507,0.5565636493511029,-0.7475927608105515,0.0,0.0,-0.07874879450489872,-0.001722195177383939,-0.08835805347908927,0.0,0.0,0.0,0.0,0.0,0.0,0.0,0.0,0.5607860785898678,-0.8459607780457364,0.0,0.0,-0.3,1.0,-0.32365668390976504,0.0,0.0,-0.14285714285714285,0.0,0.0,-0.6309297535714572,-0.2222222222222222,0.0,Exploits,1
2.3139934327981426,113,6,4,0.5377054001731342,0.5418430900086738,0.056958217202784864,0.1844361345610965,-0.6989496399491678,0.0,0.8849206349206349,-0.679343632237699,0.011233109992977656,0.792481250360578,1.261859507142915,1.2884299315007888,1.3630429230982233,1.1491432132017756,1.2863375549880238,1.0,0.16769190888525984,1.3904850815411272,1.0,1.972027309501972,2.466156853940131,1.6541846838016308,-0.31897941804229135,0.08511298928516586,0.0,0.0,-0.2,0.0,0.0,0.0,0.0,-0.2857142857142857,0.0,0.0,-0.2618595071429149,-0.1111111111111111,0.0,Exploits,1
1.9437740276490278,113,6,4,0.5377054001731342,0.45815690999132636,0.6308705489734856,0.09828264867786968,-0.6798131527475106,0.0,0.8849206349206349,-0.4856944555092802,-0.022964888362345438,0.792481250360578,0.6309297535714575,1.215287783503651,1.3414566990990848,1.0888551179405408,1.2630096575449066,1.0,0.36373811479435136,0.42961675702434615,1.0,2.5879827222933725,3.970903140622505,1.5835454050940228,2.2162867280035323,0.0,0.0,0.0,0.3,0.0,-0.32365668390976504,0.0,0.0,-0.2857142857142857,0.0,0.0,0.0,-0.3333333333333333,0.0,Normal,0
-0.006309459014224733,119,1,2,-0.34836848541674165,0.0,-0.5179170842831736,0.0,-0.0038609476433941435,-1.1614583333333333,0.0,-0.03259475602431062,0.5945954861594535,0.0,0.0,-0.07874879450489872,0.0007344218969270734,-0.08835805347908927,0.0,0.0,0.0,0.0,0.0,0.0,0.0,0.0,0.0,0.1540392219542636,0.0,0.0,-0.4,-1.0,-0.32365668390976504,0.0,0.0,-0.2857142857142857,0.0,0.0,-0.2618595071429149,-0.3333333333333333,0.0,Normal,0
0.07492149655204186,113,2,4,1.610034999020141,1.2130308314799134,0.6930096934618255,0.4363816911397844,-0.026533579751542392,-1.1614583333333333,0.0,-0.040388229852272695,0.592303594706655,1.7924812503605783,2.52371901428583,0.07679444664573336,0.14901500369739612,0.4895725817769531,0.27619487904027235,1.0,0.6974271974289913,0.7044340777492584,1.0,0.008507962844804448,0.014696285342127397,0.003151664515404944,-0.47056861402790745,0.09818920902194765,0.0,0.0,-0.4,-1.0,0.5532947556651122,0.0,0.0,0.14285714285714285,0.6931471805599453,0.0,0.5093842420185072,-0.2222222222222222,0.0,Normal,0
-0.008305829395579967,86,6,5,-0.34836848541674165,-0.45815690999132613,-0.43376602531467034,-0.7445687201666262,0.4383153396651112,0.0,-0.11507936507936507,0.5312370374218088,-0.7475927608105515,0.0,0.0,-0.07850501908545554,-0.001722195177383939,-0.08835805347908927,0.0,0.0,0.0,0.0,0.0,0.0,0.0,0.0,0.372819180453224,-0.8459607780457364,0.0,0.0,0.5,1.0,0.9610539540228977,1.6414848960655501,3.5,1.0,0.0,0.0,0.7381404928570852,0.6666666666666666,0.0,Exploits,1
-0.00831159115894783,119,1,5,-0.34836848541674165,-0.45815690999132613,-0.6172090301216083,-0.7445687201666262,0.4873083417532429,0.0,-0.11507936507936507,0.5254152901574599,-0.7475927608105515,0.0,0.0,-0.0792370717068429,-0.001722195177383939,-0.08835805347908927,0.0,0.0,0.0,0.0,0.0,0.0,0.0,0.0,-0.43921392141013216,-0.8459607780457364,0.0,0.0,2.5,1.0,1.4302461952399894,2.3979556934315798,8.0,3.857142857142857,0.0,0.0,1.369070246428542,2.888888888888889,0.0,Generic,1
-0.008321194136305905,119,1,5,-0.34836848541674165,-0.45815690999132613,-0.6172090301216083,-0.7445687201666262,0.7038105267032175,0.0,-0.11507936507936507,0.7287785364230093,-0.7475927608105515,0.0,0.0,-0.08046202436744408,-0.001722195177383939,-0.08835805347908927,0.0,0.0,0.0,0.0,0.0,0.0,0.0,0.0,-0.43921392141013216,-0.8459607780457364,0.0,0.0,1.6,1.0,1.3846203144649547,2.335575477358633,7.5,2.5714285714285716,0.0,0.0,1.369070246428542,1.8888888888888888,0.0,Generic,1
1.3852962262689772,113,6,4,0.5377054001731342,0.45815690999132636,0.026627704067271322,0.09828264867786968,-0.6235823598494313,0.0,0.8849206349206349,-0.5982238229547616,0.02730694649011613,0.792481250360578,0.6309297535714575,1.0949129354133642,1.2366805286849916,1.039048610332272,1.1227678725371535,1.0,0.8312639405012765,1.837949357947707,1.0,0.7856274883802039,0.4684456306880918,1.0511200522005644,-0.47056861402790745,0.0,0.0,0.0,-0.4,0.0,-0.32365668390976504,0.0,0.0,-0.2857142857142857,0.0,0.0,-0.6309297535714572,-0.3333333333333333,0.0,Reconnaissance,1
0.42507611101905135,113,6,2,0.22946445519383787,0.0,0.24895465992101823,-0.10355692410079358,-0.560132660023053,-1.0,0.8849206349206349,-0.3814194601389315,-0.02640511280184102,0.792481250360578,0.6309297535714575,0.8889371933707141,-0.0014754305601802024,0.9029752399428289,0.0,1.0,1.2742306917562745,0.9375939142119607,1.0,1.8199879572475741,2.2747498599388796,1.5178380188439218,1.4347099451280412,-0.004994179198341338,0.0,0.0,0.0,2.0,0.22963807175534715,0.7564707973660301,0.0,0.14285714285714285,0.0,0.0,0.0,0.0,0.0,Normal,0
1.4762462750311702,80,6,5,0.4008537173419332,-0.45815690999132613,-0.038471477005707494,-0.7445687201666262,-0.7303809958089423,0.0,-0.11507936507936507,-0.6300001499013532,-0.7475927608105515,0.0,0.0,1.178418213214031,-0.001722195177383939,0.6611159881239914,0.0,0.0,0.0,0.0,0.0,0.0,0.0,0.0,-0.34829468806360164,-0.8459607780457364,0.0,0.0,-0.1,1.0,-0.32365668390976504,0.0,0.0,0.14285714285714285,0.0,0.0,-0.2618595071429149,0.0,0.0,Reconnaissance,1
-0.008319273536993108,1,6,5,-0.34836848541674165,-0.45815690999132613,-0.3913767846054552,-0.7445687201666262,0.6200559375313737,0.0,-0.11507936507936507,0.7139069348750571,-0.7475927608105515,0.0,0.0,-0.08021654507559085,-0.001722195177383939,-0.08835805347908927,0.0,0.0,0.0,0.0,0.0,0.0,0.0,0.0,0.5607860785898678,-0.8459607780457364,0.0,0.0,0.0,1.0,0.0,0.4425070493497599,0.5,0.2857142857142857,0.0,0.0,0.9207988315012231,0.1111111111111111,0.0,DoS,1
-0.00830390881163182,120,6,5,-0.34836848541674165,-0.45815690999132613,-0.3913767846054552,-0.7445687201666262,0.4255844927666367,0.0,-0.11507936507936507,0.5312370374218088,-0.7475927608105515,0.0,0.0,-0.07826148514739853,-0.001722195177383939,-0.08835805347908927,0.0,0.0,0.0,0.0,0.0,0.0,0.0,0.0,0.5607860785898678,-0.8459607780457364,0.0,0.0,0.3,1.0,0.6763433160902349,1.367211219012335,2.5,0.7142857142857143,0.0,0.0,0.6309297535714571,0.4444444444444444,0.0,DoS,1
-0.006347831189409889,119,1,2,-0.34836848541674165,0.0,-0.5179170842831736,0.0,-0.001535751955327289,-1.1614583333333333,0.0,-0.030409913155742697,0.5965195837760767,0.0,0.0,-0.07850501908545554,-0.0004908311337499053,-0.08835805347908927,0.0,0.0,0.0,0.0,0.0,0.0,0.0,0.0,0.0,0.1540392219542636,0.0,0.0,-0.3,-1.0,0.0,0.0,0.0,-0.14285714285714285,0.0,0.0,0.2031140135750122,-0.1111111111111111,0.0,Normal,0
-0.008307749981448684,23,6,5,-0.34836848541674165,-0.45815690999132613,-0.43376602531467034,-0.7445687201666262,0.45254724258694085,0.0,-0.11507936507936507,0.5446053163462931,-0.7475927608105515,0.0,0.0,-0.07874879450489872,-0.001722195177383939,-0.08835805347908927,0.0,0.0,0.0,0.0,0.0,0.0,0.0,0.0,0.372819180453224,-0.8459607780457364,0.0,0.0,0.5,1.0,0.9610539540228977,1.7564707973660303,4.0,1.0,0.0,0.0,0.8340437671464698,0.6666666666666666,0.0,DoS,1
-0.008315432344129296,120,6,5,-0.34836848541674165,-0.45815690999132613,-0.3913767846054552,-0.7445687201666262,0.5363014692156571,0.0,-0.11507936507936507,0.6352352919712061,-0.7475927608105515,0.0,0.0,-0.07972632060535206,-0.001722195177383939,-0.08835805347908927,0.0,0.0,0.0,0.0,0.0,0.0,0.0,0.0,0.5607860785898678,-0.8459607780457364,0.0,0.0,-0.2,1.0,-0.32365668390976504,0.0,0.0,0.0,0.0,0.0,-0.6309297535714572,-0.1111111111111111,0.0,Exploits,1
1.5385793689441205,113,6,4,0.5377054001731342,0.3533506529659227,0.6308705489734856,0.05846526410373137,-0.6545150979845591,0.0,0.8849206349206349,-0.4455268735990432,-0.020067774745742,0.792481250360578,0.6309297535714575,1.1236483978595009,1.3451696160280506,1.0577386517068592,1.252140370025947,1.0,1.1296269587458838,1.2831990586171782,1.0,1.562984941463813,1.9114683648566078,1.3247903216964927,2.2162867280035323,0.004884408081456099,0.0,0.0,0.2,0.0,-0.32365668390976504,0.0,0.0,0.0,0.0,0.0,0.2031140135750122,-0.1111111111111111,0.0,Fuzzers,1
-0.008313511750578272,120,6,5,-0.34836848541674165,-0.45815690999132613,-0.3913767846054552,-0.7445687201666262,0.5093385986249094,0.0,-0.11507936507936507,0.6099086799000378,-0.7475927608105515,0.0,0.0,-0.07948157445237129,-0.001722195177383939,-0.08835805347908927,0.0,0.0,0.0,0.0,0.0,0.0,0.0,0.0,0.5607860785898678,-0.8459607780457364,0.0,0.0,0.2,1.0,0.0,0.4425070493497599,0.5,0.5714285714285714,0.0,0.0,0.9207988315012231,0.3333333333333333,0.0,Exploits,1
-0.008307749981448684,119,1,5,-0.34836848541674165,-0.45815690999132613,-0.6172090301216083,-0.7445687201666262,0.45254724258694085,0.0,-0.11507936507936507,0.4927636086025248,-0.7475927608105515,0.0,0.0,-0.07874879450489872,-0.001722195177383939,-0.08835805347908927,0.0,0.0,0.0,0.0,0.0,0.0,0.0,0.0,-0.43921392141013216,-0.8459607780457364,0.0,0.0,2.1,1.0,1.7539028791497548,2.84046274278134,8.0,3.2857142857142856,0.0,0.0,1.7381404928570847,2.4444444444444446,0.0,Generic,1
-0.008305829395579967,119,1,5,-0.34836848541674165,-0.45815690999132613,-0.6172090301216083,-0.7445687201666262,0.4383153396651112,0.0,-0.11507936507936507,0.479395323795663,-0.7475927608105515,0.0,0.0,-0.07850501908545554,-0.001722195177383939,-0.08835805347908927,0.0,0.0,0.0,0.0,0.0,0.0,0.0,0.0,-0.43921392141013216,-0.8459607780457364,0.0,0.0,0.3,1.0,0.8769514395748775,1.6414848960655501,3.5,0.7142857142857143,0.0,0.0,0.7381404928570852,0.4444444444444444,0.0,Generic,1
2.7708351013853636,113,6,4,1.2869276029318086,0.7233848262955236,1.511780605687819,0.21756989479667097,-0.6346855590117593,0.0,0.8849206349206349,-0.2995497839992847,0.006038708382742604,1.850219859070546,1.261859507142915,1.0654462373106044,1.3201415519740094,1.0645825942384644,1.198781365493044,1.0,1.7443434522282606,1.9752176494135198,1.0,1.8271006702915895,2.4037962611422943,1.4216361694221773,4.0381063355578455,0.03213052093389904,0.0,0.0,-0.3,0.0,-0.32365668390976504,0.0,0.0,-0.2857142857142857,0.0,0.0,0.0,-0.3333333333333333,0.0,Normal,0
0.15310124543177858,97,6,2,0.0,0.0,0.006070614371036649,0.1294191649919951,-0.47486833820795543,0.0,0.12301587301587301,-0.3412967947945826,0.24267183899054445,0.0,0.0,0.7573240514155412,-0.0014754305601802024,0.38389060155352006,0.0,0.0,0.0,0.0,0.0,0.0,0.0,0.0,1.083890510091616,0.35368167285853763,0.0,0.0,-0.4,-1.0,-0.32365668390976504,0.0,0.0,-0.2857142857142857,0.0,0.0,-0.6309297535714572,-0.3333333333333333,0.0,Exploits,1
-0.008307749981448684,119,1,5,-0.34836848541674165,-0.45815690999132613,-0.6172090301216083,-0.7445687201666262,0.45254724258694085,0.0,-0.11507936507936507,0.4927636086025248,-0.7475927608105515,0.0,0.0,-0.07874879450489872,-0.001722195177383939,-0.08835805347908927,0.0,0.0,0.0,0.0,0.0,0.0,0.0,0.0,-0.43921392141013216,-0.8459607780457364,0.0,0.0,3.2,1.0,1.937915070130067,3.0920462747246633,8.0,4.857142857142857,0.0,0.0,1.9479721695911079,3.6666666666666665,0.0,Generic,1
-0.00831159115894783,118,6,5,-0.34836848541674165,-0.45815690999132613,-0.3913767846054552,-0.7445687201666262,0.4873083417532429,0.0,-0.11507936507936507,0.5892153265801261,-0.7475927608105515,0.0,0.0,-0.0792370717068429,-0.001722195177383939,-0.08835805347908927,0.0,0.0,0.0,0.0,0.0,0.0,0.0,0.0,0.5607860785898678,-0.8459607780457364,0.0,0.0,-0.1,1.0,0.0,0.4425070493497599,0.5,0.14285714285714285,0.0,0.0,-0.2618595071429149,0.0,0.0,DoS,1
-0.008317352939600908,119,1,5,-0.34836848541674165,-0.45815690999132613,-0.6172090301216083,-0.7445687201666262,0.5710626891769315,0.0,-0.11507936507936507,0.6040869325983536,-0.7475927608105515,0.0,0.0,-0.07997131065090231,-0.001722195177383939,-0.08835805347908927,0.0,0.0,0.0,0.0,0.0,0.0,0.0,0.0,-0.43921392141013216,-0.8459607780457364,0.0,0.0,1.0,1.0,1.3362275830855714,2.26941239209809,7.0,1.7142857142857142,0.0,0.0,1.2618595071429144,1.2222222222222223,0.0,Generic,1
0.7138626939837196,113,6,4,0.9104325977592882,0.3533506529659227,1.3226088528378568,0.05846526410373137,-0.4895491609916839,0.0,0.8849206349206349,-0.13272476092742114,0.07958631354807019,1.403677461028802,0.6309297535714575,0.7294229495607585,1.0950510860677325,0.8781743092254883,1.047330222856987,1.0,0.9365945748463396,1.135259138466331,1.0,0.6193389868684521,0.9816071361947102,0.31404697698528106,4.232201150658764,0.004884408081456099,0.0,0.0,0.2,0.0,-0.32365668390976504,0.0,0.0,-0.2857142857142857,0.0,0.0,0.2031140135750122,-0.3333333333333333,0.0,Exploits,1
-0.008307749981448684,119,1,5,-0.34836848541674165,-0.45815690999132613,-0.6172090301216083,-0.7445687201666262,0.45254724258694085,0.0,-0.11507936507936507,0.4927636086025248,-0.7475927608105515,0.0,0.0,-0.07874879450489872,-0.001722195177383939,-0.08835805347908927,0.0,0.0,0.0,0.0,0.0,0.0,0.0,0.0,-0.43921392141013216,-0.8459607780457364,0.0,0.0,3.5,1.0,1.170482450127475,2.0428037868210893,5.5,5.285714285714286,0.0,0.0,1.0728580123298777,4.0,0.0,Generic,1
0.37383427622158033,113,4,4,0.5377054001731342,0.45815690999132636,0.16373425238977704,0.2513143299430764,-0.43878255990201975,-1.0,0.8849206349206349,-0.38074622215200127,0.29168475005171207,0.792481250360578,1.0,0.7142340657820416,0.8451943679184846,0.8203806180131065,0.8247068335750656,1.0,0.22191467318529312,0.8677016638314172,1.0,0.32200334130209357,0.2970024688208304,0.3395342506543148,0.14055291693813737,0.23575929614983016,0.6931471805599453,4.564348191467836,-0.4,0.0,-0.32365668390976504,0.0,0.0,-0.2857142857142857,0.0,0.6931471805599453,-0.6309297535714572,-0.3333333333333333,0.0,DoS,1
0.10433825357047076,113,6,4,1.5565195985630922,1.1815417362868497,0.6963034782574842,0.7489973238343594,-0.0735827391480282,-1.1614583333333333,0.0,-0.07486312313781819,0.7788513957390053,1.5,2.6801438592463755,0.1217759805222745,0.19536562000066932,0.4655905582169305,0.908948136282375,1.0,1.5095243765912838,1.5613079153243052,1.0,0.008092766753855181,0.014914757833956214,0.002215345829926141,-0.2901332125177142,0.5974926192754632,0.0,0.0,0.2,-1.0,0.4077591983577853,0.0,0.0,-0.2857142857142857,0.0,0.0,0.0,0.3333333333333333,0.0,Normal,0
-0.006514759072937306,119,1,2,-0.34836848541674165,0.0,-0.5645236512267633,-0.013439937805221309,0.009134784243041386,-1.1614583333333333,0.0,-0.03355777363372821,0.5959348777407095,0.0,0.0,-0.07972632060535206,-0.0002452935909269949,-0.08835805347908927,0.0,0.0,0.0,0.0,0.0,0.0,0.0,0.0,-0.2062646310321604,0.13335158627940197,0.0,0.0,-0.3,-1.0,0.22963807175534715,0.4425070493497599,0.0,-0.2857142857142857,0.0,0.0,0.0,-0.2222222222222222,0.0,Normal,0
0.9379770311725957,113,4,4,0.5377054001731342,0.45815690999132636,0.17181336426146543,0.2596963135232654,-0.5642230015262575,-1.0,0.8849206349206349,-0.49891574400200955,0.19134618595181868,0.792481250360578,1.0,0.9698432395589078,1.084240825504654,0.9431903461514455,1.0434668966585605,1.0,1.3345152390385704,0.3706287338861527,1.0,2.2073049991427856,1.9417700455612819,2.547145249653726,0.18506997831189842,0.249030798519227,0.6931471805599453,4.9344739331306915,-0.2,0.0,0.22963807175534715,0.4425070493497599,0.5,0.0,0.0,1.6094379124341003,-0.2618595071429149,0.0,0.0,Normal,0
-0.008305829395579967,119,6,5,-0.34836848541674165,-0.45815690999132613,-0.7690725526017784,-0.7445687201666262,0.4383153396651112,0.0,-0.11507936507936507,0.4363235575908942,-0.7475927608105515,0.0,0.0,-0.07850501908545554,-0.001722195177383939,-0.08835805347908927,0.0,0.0,0.0,0.0,0.0,0.0,0.0,0.0,-1.1090870498780045,-0.8459607780457364,0.0,0.0,0.7,1.0,0.0,0.4425070493497599,0.0,0.42857142857142855,0.0,0.0,0.0,0.2222222222222222,0.0,Fuzzers,1
-0.008313511750578272,119,1,5,-0.34836848541674165,-0.45815690999132613,-0.6172090301216083,-0.7445687201666262,0.5093385986249094,0.0,-0.11507936507936507,0.5461086388303764,-0.7475927608105515,0.0,0.0,-0.07948157445237129,-0.001722195177383939,-0.08835805347908927,0.0,0.0,0.0,0.0,0.0,0.0,0.0,0.0,-0.43921392141013216,-0.8459607780457364,0.0,0.0,0.8,1.0,1.03713393259921,1.8604881976177823,1.5,1.4285714285714286,0.0,0.0,0.9207988315012231,1.0,0.0,Generic,1
1.4108288784402543,113,6,4,1.097590688175416,1.2130308314799134,0.3538895998883702,0.8104465603535022,-0.4497925418442073,-1.0,0.8849206349206349,-0.5020804336204867,0.5323210014563828,1.403677461028802,2.9656472730442505,0.8738187253524929,0.7500943506592256,0.9065439773520979,1.5521132360724836,1.0,1.6136136517382347,0.3420849251280736,1.0,0.4144644366717293,0.6668858205171679,0.19922737920398206,-0.5680436705367541,0.6754102080212352,0.0,0.0,-0.2,0.0,-0.32365668390976504,0.0,0.0,-0.2857142857142857,0.0,0.0,-0.6309297535714572,-0.3333333333333333,0.0,Exploits,1
0.0787229040839424,113,3,4,0.22946445519383787,0.45815690999132636,-0.20204045500411894,0.333437018478517,-0.28409085067898543,-1.1614583333333333,0.0,-0.3154232030320723,0.5045531402454688,0.5,1.0,0.49047190467257773,0.49724276084546404,0.7267632444364224,0.5873630462638346,1.0,1.4010613869838457,0.34611413753566084,1.0,0.00886023969975331,0.01477821273127035,0.0037225717053618536,-0.5680436705367541,0.36158407421363264,0.0,0.0,-0.2,-1.0,0.4077591983577853,0.0,0.0,0.2857142857142857,0.0,0.0,0.2031140135750122,-0.1111111111111111,0.0,Normal,0
2.329897876805348,113,6,4,0.5377054001731342,0.45815690999132636,0.026627704067271322,0.09828264867786968,-0.7120841636960377,0.0,0.8849206349206349,-0.6892779662374633,-0.05286041456414536,0.792481250360578,0.6309297535714575,1.2870974185193282,1.4267948230396021,1.1332579021796063,1.291170179583004,1.0,1.0086096950151238,1.4936865281526546,1.0,1.861746224814063,2.7369865367547486,1.2014354333144006,-0.47056861402790745,0.0,0.0,0.0,-0.2,0.0,-0.32365668390976504,0.0,0.0,-0.2857142857142857,0.0,0.0,-0.2618595071429149,-0.3333333333333333,0.0,Reconnaissance,1
1.245451137202397,113,6,2,0.22946445519383787,0.0,0.2571338484613416,-0.10355692410079358,-0.7055337871306505,-1.0,0.8849206349206349,-0.5256378490971173,-0.15529254978056714,0.792481250360578,0.6309297535714575,1.2029472299069395,0.0004898572618131637,1.0677292495634125,0.0,1.0,1.842532453621548,0.2040255502115651,1.0,5.878018038508694,9.527966766424498,3.737274654046889,1.46739088925654,-0.004994179198341338,0.0,0.0,-0.3,2.0,-0.32365668390976504,0.0,0.0,-0.14285714285714285,0.0,0.0,-0.6309297535714572,-0.2222222222222222,0.0,Normal,0
-0.00830390881163182,119,1,5,-0.34836848541674165,-0.45815690999132613,-0.6172090301216083,-0.7445687201666262,0.4255844927666367,0.0,-0.11507936507936507,0.4674369968872862,-0.7475927608105515,0.0,0.0,-0.07826148514739853,-0.001722195177383939,-0.08835805347908927,0.0,0.0,0.0,0.0,0.0,0.0,0.0,0.0,-0.43921392141013216,-0.8459607780457364,0.0,0.0,2.9,1.0,1.3846203144649547,2.335575477358633,7.5,4.428571428571429,0.0,0.0,1.3170424160196508,3.3333333333333335,0.0,Generic,1
2.086468152000381,113,6,4,0.9786866579525125,0.8494457411744992,0.303012680040572,0.5735187290945284,-0.593460464331799,-1.0,0.8849206349206349,-0.5844895716673211,0.30539741209196064,1.403677461028802,2.095903274289385,1.0634988603186732,1.1119479384827577,1.0133928732577444,0.0,1.0,0.8406376661874062,0.29352812514553667,1.0,2.151364117075058,2.2466526677480996,2.1903297085478552,-0.47056861402790745,0.508223113380475,0.0,0.0,-0.4,0.0,0.0,0.0,0.0,-0.2857142857142857,0.0,0.0,-0.6309297535714572,-0.3333333333333333,0.0,Exploits,1
-0.008305829395579967,86,6,5,-0.34836848541674165,-0.45815690999132613,-0.43376602531467034,-0.7445687201666262,0.4383153396651112,0.0,-0.11507936507936507,0.5312370374218088,-0.7475927608105515,0.0,0.0,-0.07850501908545554,-0.001722195177383939,-0.08835805347908927,0.0,0.0,0.0,0.0,0.0,0.0,0.0,0.0,0.372819180453224,-0.8459607780457364,0.0,0.0,0.2,1.0,0.7829328274204592,1.51294159473206,3.0,0.5714285714285714,0.0,0.0,0.6309297535714571,0.3333333333333333,0.0,Exploits,1
1.9781548119745724,113,6,4,0.5377054001731342,0.45815690999132636,0.14919543602123309,0.09828264867786968,-0.6828649532388373,0.0,0.8849206349206349,-0.6240751738222033,-0.02575289940068118,0.792481250360578,0.6309297535714575,1.205548679402683,1.35555520249306,1.0924093735812959,1.2000092082720892,1.0,1.9860827225708773,0.42721554910300913,1.0,2.401928223147662,2.8880738108319344,2.1500161835647282,0.07164582698688114,0.0,0.0,0.0,-0.3,0.0,-0.32365668390976504,0.0,0.0,-0.2857142857142857,0.0,0.0,-0.6309297535714572,-0.3333333333333333,0.0,Shellcode,1
0.0005716917350351994,119,6,2,0.0,0.21303083147991342,0.029480958153664708,0.07649325167804336,-0.08115711829491622,-1.1614583333333333,0.0,-0.0011927653446249468,0.5399606118697786,0.0,0.0,0.11843878121693333,0.17928842118051383,0.03939203378757085,0.1928818859502857,0.0,0.0,0.0,0.0,0.0,0.0,0.0,1.1876802819286516,0.1193701448363572,0.0,0.0,0.6,-1.0,0.8769514395748775,0.0,0.0,-0.14285714285714285,0.0,0.0,0.2031140135750122,0.6666666666666666,0.0,Normal,0
-0.008307749981448684,35,6,5,-0.34836848541674165,-0.45815690999132613,-0.3913767846054552,-0.7445687201666262,0.45254724258694085,0.0,-0.11507936507936507,0.5565636493511029,-0.7475927608105515,0.0,0.0,-0.07874879450489872,-0.001722195177383939,-0.08835805347908927,0.0,0.0,0.0,0.0,0.0,0.0,0.0,0.0,0.5607860785898678,-0.8459607780457364,0.0,0.0,0.0,1.0,0.0,0.4425070493497599,0.5,0.2857142857142857,0.0,0.0,0.7381404928570852,0.1111111111111111,0.0,Fuzzers,1
-0.008321194136305905,119,6,5,-0.34836848541674165,-0.45815690999132613,-0.7690725526017784,-0.7445687201666262,0.7038105267032175,0.0,-0.11507936507936507,0.6857067720562844,-0.7475927608105515,0.0,0.0,-0.08046202436744408,-0.001722195177383939,-0.08835805347908927,0.0,0.0,0.0,0.0,0.0,0.0,0.0,0.0,-1.1090870498780045,-0.8459607780457364,0.0,0.0,-0.1,1.0,0.0,0.4425070493497599,0.5,0.14285714285714285,0.0,0.0,-0.2618595071429149,0.3333333333333333,0.0,Fuzzers,1
0.6450895217510347,113,4,4,0.5377054001731342,0.45815690999132636,0.1728119995573256,0.2705676741675615,-0.5112181740505278,-1.0,0.8849206349206349,-0.44747685280136024,0.2440590688112241,0.792481250360578,1.0,0.8601386868907329,0.9705322309717332,0.8908076122070134,0.9302337843127853,1.0,0.23085125151616406,1.9466401758132714,1.0,1.1694731388923936,1.411429956549556,0.9906195762156204,0.18506997831189842,0.26457780911129386,0.6931471805599453,5.236441962829949,0.0,0.0,-0.32365668390976504,0.0,0.0,0.14285714285714285,0.0,0.6931471805599453,-0.6309297535714572,0.0,0.0,Normal,0
1.465783124242706,113,4,4,0.5377054001731342,0.5418430900086738,0.18169046291977314,0.2873247272094647,-0.6199927457134194,-1.0,0.8849206349206349,-0.5636643680107509,0.15393148619284036,0.792481250360578,1.0,1.114418734232089,1.1854867903338508,1.0593820192468502,1.0789920587325417,1.0,0.5981796607598474,1.1323936083885255,1.0,1.2528247445806455,1.5991163984442032,0.9912975448497242,0.22851423430855478,0.24082943898644862,0.6931471805599453,5.384495062789089,-0.2,0.0,-0.32365668390976504,0.0,0.0,0.0,0.0,0.6931471805599453,-0.6309297535714572,-0.1111111111111111,0.0,Normal,0
0.03148464996446562,113,6,4,0.8345798913950238,0.769769518893221,0.4324341822099622,0.318375243233886,-0.0758513971466494,-1.1614583333333333,0.0,-0.03364511342888646,0.5811356584044559,1.160964047443681,1.4649735207179273,0.132039431058388,0.1934527865485996,0.47747390295988296,0.24708025192686725,1.0,0.24797210217735516,0.2531396825080005,1.0,0.007300081647135423,0.012566086996819567,0.0027406025021428845,0.4879337673292106,0.1589236300357197,0.0,0.0,0.7,-1.0,0.6763433160902349,1.0,0.0,0.5714285714285714,0.0,0.0,0.7381404928570852,1.0,0.0,Normal,0
-0.005235349249600025,119,6,2,0.0,0.21303083147991342,0.01205145665654741,0.07649325167804336,0.046816505293034875,-1.1614583333333333,0.0,0.11416319849281893,0.6458654372348416,0.0,0.0,0.005269469455603391,0.03837289963123328,-0.03017005751134528,0.04537468018527347,0.0,0.0,0.0,0.0,0.0,0.0,0.0,1.1104034788397634,0.1193701448363572,0.0,0.0,-0.1,-1.0,0.4077591983577853,0.0,0.0,0.2857142857142857,0.0,0.0,0.2031140135750122,0.4444444444444444,0.0,Normal,0
7.823115506394559,78,6,6,2.114174397452244,-0.45815690999132613,1.6320764304257445,-0.7445687201666262,-0.8377704575336766,0.0,-0.11507936507936507,-0.5902715068390532,-0.7475927608105515,0.0,0.0,1.469927015426277,-0.001722195177383939,0.739755992045659,0.0,0.0,0.0,0.0,0.0,0.0,0.0,0.0,2.3534516672592405,-0.8459607780457364,0.0,0.0,0.0,5.0,0.0,0.4425070493497599,0.5,-0.14285714285714285,0.0,0.0,0.0,-0.1111111111111111,0.0,Exploits,1
1.3681886521874989,113,7,4,0.9786866579525125,0.9163138199826525,0.24895465992101823,0.578219965189533,-0.5084312181883004,-1.0,0.8849206349206349,-0.527636673936899,0.3728419425519521,1.5,2.261859507142915,0.9095337847633495,0.9144407028204538,0.9170509150840033,1.6392152002573546,1.0,0.9167607270543698,1.3170139881831588,1.0,1.153825452210897,1.3204337184643042,1.0373304378531796,-0.7067928360657771,0.4787631050392483,0.0,0.0,-0.4,0.0,2.0873539877834175,0.0,0.0,-0.2857142857142857,0.0,0.0,-0.6309297535714572,-0.3333333333333333,0.0,Exploits,1
1.0696661342257625,113,6,4,0.6516315145832584,0.45815690999132636,0.2587500227971251,0.1967587860970197,-0.5707790534703708,0.0,0.8849206349206349,-0.4914923846183502,0.13067232788438862,1.0,1.0,0.9445795329956534,1.1194319251797171,0.9406430289715259,0.995973989924222,1.0,1.6134012550812709,1.6304867190057852,1.0,2.1064253652795575,2.68653694823354,1.7324197357050115,0.2498499789758582,0.1515561612435413,0.0,0.0,-0.2,0.0,-0.32365668390976504,0.0,0.0,0.0,0.0,0.0,-0.6309297535714572,-0.2222222222222222,0.0,Fuzzers,1
0.7078044423482035,113,6,4,0.5377054001731342,0.3533506529659227,0.04345288599831532,0.05846526410373137,-0.5387661540040494,0.0,0.8849206349206349,-0.4960209259794212,0.08059554669063765,0.792481250360578,0.6309297535714575,0.8523914667426343,1.074098691630355,0.8853110586140703,0.9772764346444505,1.0,0.2246297225368443,1.4127675463645204,1.0,1.5608941820088906,1.7609141348972075,1.4474182493680094,-0.3780945298881316,0.004884408081456099,0.0,0.0,0.1,0.0,0.0,0.4425070493497599,0.0,0.14285714285714285,0.0,0.0,0.2031140135750122,0.0,0.0,Normal,0
0.026653289698339945,113,6,4,0.8345798913950238,0.769769518893221,0.4324341822099622,0.318375243233886,-0.06007399631767316,-1.1614583333333333,0.0,-0.018816446102637104,0.5941947143584762,1.160964047443681,1.4649735207179273,0.11376498083595747,0.17553922538022376,0.45467458460173066,0.23469020693193887,1.0,1.7814648324200102,0.7252569615193074,1.0,0.008130512418840817,0.014204715848560227,0.0028776239952498675,0.4879337673292106,0.1589236300357197,0.0,0.0,0.9,-1.0,0.8769514395748775,1.367211219012335,0.0,1.0,0.0,0.0,0.7381404928570852,0.8888888888888888,0.0,Normal,0
1.008582525165954,113,6,4,0.5377054001731342,0.3533506529659227,0.06615059219695178,0.05846526410373137,-0.5893983099446927,0.0,0.8849206349206349,-0.5391191708956464,0.03714588478423715,0.792481250360578,0.6309297535714575,0.9698413344358398,1.1859847004238266,0.9513483692041949,1.0915027149051186,1.0,0.41201926299822855,1.9406941991729556,1.0,2.3863240276249393,2.3281228061715598,2.583399209378135,-0.2901332125177142,0.004884408081456099,0.0,0.0,0.0,0.0,-0.32365668390976504,0.7564707973660301,0.0,-0.14285714285714285,0.0,0.0,0.0,-0.2222222222222222,0.0,Fuzzers,1
-0.008305829395579967,119,6,5,-0.34836848541674165,-0.45815690999132613,-0.4615104146933044,-0.7445687201666262,0.4383153396651112,0.0,-0.11507936507936507,0.5234063984755704,-0.7475927608105515,0.0,0.0,-0.07850501908545554,-0.001722195177383939,-0.08835805347908927,0.0,0.0,0.0,0.0,0.0,0.0,0.0,0.0,0.2498499789758582,-0.8459607780457364,0.0,0.0,-0.4,1.0,-0.32365668390976504,0.0,0.0,-0.2857142857142857,0.0,0.0,-0.6309297535714572,-0.3333333333333333,0.0,Reconnaissance,1
2.061494460407075,113,6,4,0.9104325977592882,0.769769518893221,0.25469741284413744,0.3868694005329381,-0.6093819054182703,-1.0,0.8849206349206349,-0.5965765074151739,0.17630465544800442,1.403677461028802,1.8927892607143724,1.0856591274322218,1.158590142994566,1.013872706821217,1.0612231254356197,1.0,0.11351056389220479,0.9329913636693272,1.0,1.8582707491622692,2.2603401377309433,1.6051220659029033,-0.5024782856813175,0.26457780911129386,0.0,0.0,-0.4,0.0,0.0,0.0,0.0,-0.2857142857142857,0.0,0.0,-0.2618595071429149,-0.3333333333333333,0.0,Exploits,1
0.9839018351172184,113,6,4,0.9104325977592882,0.769769518893221,0.26196312481523343,0.44297696988604585,-0.48638798135663475,-1.0,0.8849206349206349,-0.47508153201637365,0.32060656757057404,1.403677461028802,1.8927892607143724,0.8309755759084902,0.8918937685968789,0.8678568747239969,0.8040050151080793,1.0,1.1518635623091642,0.3220988210773122,1.0,1.468432089905358,1.5474231668254144,1.447804115997127,-0.47056861402790745,0.3516613714753051,0.0,0.0,-0.1,0.0,-0.32365668390976504,0.0,0.0,-0.2857142857142857,0.0,0.0,-0.6309297535714572,-0.2222222222222222,0.0,Exploits,1
1.1121998262658943,113,6,4,0.6516315145832584,0.45815690999132636,0.29865202227987636,0.19757086452473338,-0.576680065843897,0.0,0.8849206349206349,-0.4860959708154846,0.12624013828902372,1.0,1.0,0.9738609116059285,1.1443061389481577,0.9469258287751865,1.05020258988595,1.0,2.058756222274852,0.7602327656312284,1.0,1.7035344443396123,1.924535311169032,1.586166363546371,0.4120131019475825,0.1540392219542636,0.0,0.0,0.8,0.0,0.22963807175534715,0.7564707973660301,1.0,0.0,0.0,0.0,0.6309297535714571,0.3333333333333333,0.0,Fuzzers,1
-0.008305829395579967,29,6,5,-0.34836848541674165,-0.45815690999132613,-0.3913767846054552,-0.7445687201666262,0.4383153396651112,0.0,-0.11507936507936507,0.5431953692758632,-0.7475927608105515,0.0,0.0,-0.07850501908545554,-0.001722195177383939,-0.08835805347908927,0.0,0.0,0.0,0.0,0.0,0.0,0.0,0.0,0.5607860785898678,-0.8459607780457364,0.0,0.0,0.1,1.0,0.22963807175534715,0.7564707973660301,1.0,0.42857142857142855,0.0,0.0,0.0,0.2222222222222222,0.0,Exploits,1
-0.008317352939600908,119,1,5,-0.34836848541674165,-0.45815690999132613,-0.6172090301216083,-0.7445687201666262,0.5710626891769315,0.0,-0.11507936507936507,0.6040869325983536,-0.7475927608105515,0.0,0.0,-0.07997131065090231,-0.001722195177383939,-0.08835805347908927,0.0,0.0,0.0,0.0,0.0,0.0,0.0,0.0,-0.43921392141013216,-0.8459607780457364,0.0,0.0,2.0,1.0,1.7237772057925873,2.7992745841871196,12.0,3.142857142857143,0.0,0.0,1.7712437491614217,2.3333333333333335,0.0,Generic,1
3.273181842860104,113,6,4,3.4516814149535744,1.541843090008674,3.0643373756619674,0.4827689724433798,-0.32437224982728163,0.0,0.8849206349206349,0.1021500920686555,0.1632989729178118,4.307354922057604,0.6309297535714575,0.38759565566253895,0.8999363122359862,0.7399582642215503,0.8019497810455102,1.0,0.3286582180845544,1.533035727455814,1.0,1.366151291200109,1.385703115691044,1.3866917064592892,5.182255198629943,-0.004994179198341338,0.0,0.0,-0.3,0.0,-0.32365668390976504,0.0,0.0,-0.2857142857142857,0.0,0.0,-0.6309297535714572,0.0,0.0,DoS,1
0.04863404287178582,113,2,4,1.610034999020141,1.2130308314799134,0.6930096934618255,0.4363049757562251,0.020136052381754026,-1.1614583333333333,0.0,0.003464288907417442,0.6308684284842264,1.7924812503605783,2.52371901428583,0.0360613696807911,0.10930100431471765,0.41018946803784817,0.17831068052958798,1.0,0.789418145004213,1.8744137214667456,1.0,0.008948307373363534,0.015542856517732571,0.0032430106247832357,-0.47056861402790745,0.09818920902194765,0.0,0.0,-0.4,-1.0,0.6763433160902349,0.0,0.0,0.42857142857142855,0.6931471805599453,0.0,0.36907024642854247,-0.3333333333333333,0.0,Normal,0
-0.008315432344129296,119,10,5,-0.34836848541674165,-0.45815690999132613,-0.546411053494005,-0.7445687201666262,0.5363014692156571,0.0,-0.11507936507936507,0.5914629132511993,-0.7475927608105515,0.0,0.0,-0.07972632060535206,-0.001722195177383939,-0.08835805347908927,0.0,0.0,0.0,0.0,0.0,0.0,0.0,0.0,-0.12612479830707776,-0.8459607780457364,0.0,0.0,-0.4,1.0,-0.32365668390976504,0.0,0.0,-0.2857142857142857,0.0,0.0,-0.6309297535714572,-0.3333333333333333,0.0,Reconnaissance,1
-0.00830967056923797,119,1,5,-0.34836848541674165,-0.45815690999132613,-0.6172090301216083,-0.7445687201666262,0.4686820524374373,0.0,-0.11507936507936507,0.5079193111961406,-0.7475927608105515,0.0,0.0,-0.07899281188509567,-0.001722195177383939,-0.08835805347908927,0.0,0.0,0.0,0.0,0.0,0.0,0.0,0.0,-0.43921392141013216,-0.8459607780457364,0.0,0.0,2.7,1.0,1.5143487096880097,2.51294159473206,9.0,4.142857142857143,0.0,0.0,1.4649735207179266,3.111111111111111,0.0,Generic,1
-0.00830967056923797,119,6,5,-0.34836848541674165,-0.45815690999132613,-0.6540023010292416,-0.7445687201666262,0.4686820524374373,0.0,-0.11507936507936507,0.4974992320173583,-0.7475927608105515,0.0,0.0,-0.07899281188509567,-0.001722195177383939,-0.08835805347908927,0.0,0.0,0.0,0.0,0.0,0.0,0.0,0.0,-0.6017427710050841,-0.8459607780457364,0.0,0.0,0.1,1.0,0.0,0.4425070493497599,0.0,0.2857142857142857,0.0,0.0,-0.2618595071429149,0.1111111111111111,0.0,Fuzzers,1
-0.008307749981448684,120,6,5,-0.34836848541674165,-0.45815690999132613,-0.3913767846054552,-0.7445687201666262,0.45254724258694085,0.0,-0.11507936507936507,0.5565636493511029,-0.7475927608105515,0.0,0.0,-0.07874879450489872,-0.001722195177383939,-0.08835805347908927,0.0,0.0,0.0,0.0,0.0,0.0,0.0,0.0,0.5607860785898678,-0.8459607780457364,0.0,0.0,0.0,1.0,0.22963807175534715,0.7564707973660301,1.0,0.2857142857142857,0.0,0.0,0.0,0.1111111111111111,0.0,Exploits,1
-0.008305829395579967,120,6,5,-0.34836848541674165,-0.45815690999132613,-0.3913767846054552,-0.7445687201666262,0.4383153396651112,0.0,-0.11507936507936507,0.5431953692758632,-0.7475927608105515,0.0,0.0,-0.07850501908545554,-0.001722195177383939,-0.08835805347908927,0.0,0.0,0.0,0.0,0.0,0.0,0.0,0.0,0.5607860785898678,-0.8459607780457364,0.0,0.0,0.1,1.0,0.0,0.4425070493497599,0.5,0.42857142857142855,0.0,0.0,-0.2618595071429149,0.2222222222222222,0.0,Exploits,1
-0.008307749981448684,119,1,5,-0.34836848541674165,-0.45815690999132613,-0.6172090301216083,-0.7445687201666262,0.45254724258694085,0.0,-0.11507936507936507,0.4927636086025248,-0.7475927608105515,0.0,0.0,-0.07874879450489872,-0.001722195177383939,-0.08835805347908927,0.0,0.0,0.0,0.0,0.0,0.0,0.0,0.0,-0.43921392141013216,-0.8459607780457364,0.0,0.0,1.2,1.0,1.4302461952399894,2.3979556934315798,8.0,2.0,0.0,0.0,1.4182843521034598,1.4444444444444444,0.0,Generic,1
-0.008300067649497212,119,1,5,-0.34836848541674165,-0.45815690999132613,-0.6172090301216083,-0.7445687201666262,0.4035543567714379,0.0,-0.11507936507936507,0.44674364846327114,-0.7475927608105515,0.0,0.0,-0.07777513980508265,-0.001722195177383939,-0.08835805347908927,0.0,0.0,0.0,0.0,0.0,0.0,0.0,0.0,-0.43921392141013216,-0.8459607780457364,0.0,0.0,0.5,1.0,0.22963807175534715,0.7564707973660301,1.0,0.0,0.0,0.0,0.0,0.6666666666666666,0.0,Generic,1
0.29647104869312846,113,6,4,0.5377054001731342,0.3533506529659227,0.07131107164008246,0.05846526410373137,-0.42424566057604,0.0,0.8849206349206349,-0.37872442093153297,0.17714026108559683,0.792481250360578,0.6309297535714575,0.6448829773080736,0.8395806839683977,0.7828241716202727,0.8070941262073408,1.0,1.19325148416322,0.6079054158800301,1.0,0.5264922618011176,0.701608308570725,0.3781612100966607,-0.26174129687409003,0.004884408081456099,0.0,0.0,0.4,0.0,0.22963807175534715,0.7564707973660301,0.0,0.8571428571428571,0.0,0.0,0.0,0.5555555555555556,0.0,Fuzzers,1
0.19894029969141,113,6,4,1.3649521946935697,1.0696669644242687,0.6005144390009518,0.6474814925168192,-0.18449348661329465,-1.1614583333333333,0.0,-0.1745683271761261,0.644081646457173,1.5,2.334717519472793,0.27482187372388733,0.3445595925447273,0.605883941445587,1.1428079540840346,1.0,1.3718732428177733,0.30743812282466754,1.0,0.007476238206216007,0.014232025496878058,0.001667239031976762,-0.2062646310321604,0.5016040420108759,0.0,0.0,0.3,-1.0,0.4077591983577853,0.0,0.0,-0.2857142857142857,0.0,0.0,0.9207988315012231,0.2222222222222222,0.0,Normal,0
0.2791517695933614,113,6,4,1.769889585545543,1.3076026511658256,0.8107718739312452,0.8284407589352949,-0.1541562836537927,-1.1614583333333333,0.0,-0.15365914317654342,0.7364515094227038,1.5,3.0331032563043374,0.22853983485473225,0.3032117053153776,0.5388271619365833,1.033753858921849,1.0,0.12469566364760155,1.2788885376388999,1.0,0.007954365014051714,0.013685827344320264,0.002991807944904429,-0.3780945298881316,0.6519957697723183,0.0,0.0,0.0,-1.0,0.0,0.0,0.0,-0.2857142857142857,0.0,0.0,0.0,-0.2222222222222222,0.0,Normal,0
0.055124509907744264,113,2,4,1.610034999020141,1.2130308314799134,0.6930096934618255,0.4363816911397844,0.006895132091598804,-1.1614583333333333,0.0,-0.008976784783053889,0.6199664764023568,1.7924812503605783,2.52371901428583,0.044625571787988275,0.1180779013411049,0.41917407429196457,0.1867067237715084,1.0,1.9702210699859677,0.9137134330159404,1.0,0.007702721589142356,0.013112307532981326,0.0030146446663339333,-0.47056861402790745,0.09818920902194765,0.0,0.0,-0.4,-1.0,0.4077591983577853,0.0,0.0,0.14285714285714285,0.6931471805599453,0.0,1.0728580123298777,-0.3333333333333333,0.0,Normal,0
0.06494590994756379,113,6,4,1.727908860711187,1.2562106484283022,0.7887614747959313,0.795198765672415,0.0063316346099712975,-1.1614583333333333,0.0,0.001646622256175839,0.8554031687622015,1.5,2.9299470414358546,0.041363934474882284,0.12206024515549578,0.37707639505976065,0.1525931981465482,1.0,0.8034362985434895,0.8232892114298491,1.0,0.011917085645856286,0.01297575342261985,0.010777806582043985,-0.34829468806360164,0.6284645518982154,0.0,0.0,1.4,-1.0,0.22963807175534715,0.0,0.0,0.0,0.0,0.0,0.2031140135750122,0.6666666666666666,0.0,Normal,0
-0.008317352939600908,119,6,5,-0.34836848541674165,-0.45815690999132613,-0.6540023010292416,-0.7445687201666262,0.5710626891769315,0.0,-0.11507936507936507,0.5936668415105808,-0.7475927608105515,0.0,0.0,-0.07997131065090231,-0.001722195177383939,-0.08835805347908927,0.0,0.0,0.0,0.0,0.0,0.0,0.0,0.0,-0.6017427710050841,-0.8459607780457364,0.0,0.0,-0.3,1.0,0.22963807175534715,0.0,0.0,-0.14285714285714285,0.0,0.0,-0.6309297535714572,0.4444444444444444,0.0,Normal,0
-0.008315432344129296,119,1,5,-0.34836848541674165,-0.45815690999132613,-0.6172090301216083,-0.7445687201666262,0.5363014692156571,0.0,-0.11507936507936507,0.571435250794517,-0.7475927608105515,0.0,0.0,-0.07972632060535206,-0.001722195177383939,-0.08835805347908927,0.0,0.0,0.0,0.0,0.0,0.0,0.0,0.0,-0.43921392141013216,-0.8459607780457364,0.0,0.0,0.0,1.0,0.22963807175534715,0.7564707973660301,1.0,0.0,0.0,0.0,0.0,0.1111111111111111,0.0,Generic,1
-0.008317352939600908,46,6,5,-0.34836848541674165,-0.45815690999132613,-0.3913767846054552,-0.7445687201666262,0.5710626891769315,0.0,-0.11507936507936507,0.6678869693421029,-0.7475927608105515,0.0,0.0,-0.07997131065090231,-0.001722195177383939,-0.08835805347908927,0.0,0.0,0.0,0.0,0.0,0.0,0.0,0.0,0.5607860785898678,-0.8459607780457364,0.0,0.0,0.4,1.0,0.6763433160902349,1.0,1.5,1.4285714285714286,0.0,0.0,0.7381404928570852,0.5555555555555556,0.0,Exploits,1
-0.008307749981448684,3,6,5,-0.34836848541674165,-0.45815690999132613,-0.3913767846054552,-0.7445687201666262,0.45254724258694085,0.0,-0.11507936507936507,0.5565636493511029,-0.7475927608105515,0.0,0.0,-0.07874879450489872,-0.001722195177383939,-0.08835805347908927,0.0,0.0,0.0,0.0,0.0,0.0,0.0,0.0,0.5607860785898678,-0.8459607780457364,0.0,0.0,-0.2,1.0,0.0,0.4425070493497599,0.5,0.0,0.0,0.0,0.0,-0.1111111111111111,0.0,Fuzzers,1
-0.008307749981448684,120,6,5,-0.34836848541674165,-0.45815690999132613,-0.3913767846054552,-0.7445687201666262,0.45254724258694085,0.0,-0.11507936507936507,0.5565636493511029,-0.7475927608105515,0.0,0.0,-0.07874879450489872,-0.001722195177383939,-0.08835805347908927,0.0,0.0,0.0,0.0,0.0,0.0,0.0,0.0,0.5607860785898678,-0.8459607780457364,0.0,0.0,-0.2,1.0,0.0,0.4425070493497599,0.5,0.0,0.0,0.0,-0.2618595071429149,-0.1111111111111111,0.0,Exploits,1
-0.008321194136305905,119,1,5,-0.34836848541674165,-0.45815690999132613,-0.6172090301216083,-0.7445687201666262,0.7038105267032175,0.0,-0.11507936507936507,0.7287785364230093,-0.7475927608105515,0.0,0.0,-0.08046202436744408,-0.001722195177383939,-0.08835805347908927,0.0,0.0,0.0,0.0,0.0,0.0,0.0,0.0,-0.43921392141013216,-0.8459607780457364,0.0,0.0,3.4,1.0,1.8109439681499915,2.9184499596071447,7.5,5.142857142857143,0.0,0.0,1.8031852449677475,3.888888888888889,0.0,Generic,1
4.038545766015353,78,6,6,1.0407268123902522,-0.45815690999132613,0.6077246374874714,-0.7445687201666262,-0.8008888817347749,0.0,-0.11507936507936507,-0.6455773852616071,-0.7475927608105515,0.0,0.0,1.3744215686654384,-0.001722195177383939,0.6655449811354947,0.0,0.0,0.0,0.0,0.0,0.0,0.0,0.0,0.6982125372488294,-0.8459607780457364,0.0,0.0,-0.4,5.0,-0.32365668390976504,0.0,0.0,-0.2857142857142857,0.0,0.0,-0.2618595071429149,-0.3333333333333333,0.0,Exploits,1
1.6745135874963448,113,6,4,0.5377054001731342,0.45815690999132636,0.6308705489734856,0.09828264867786968,-0.6544429041969301,0.0,0.8849206349206349,-0.459658363746497,-4.844737002978724e-05,0.792481250360578,0.6309297535714575,1.1457965255695757,1.2903167217835223,1.090913999949478,1.1724393868233494,1.0,1.6886773530645263,1.8528243317506403,1.0,1.7479595663429908,2.526831048688043,1.1588805655984613,2.2162867280035323,0.0,0.0,0.0,2.3,0.0,-0.32365668390976504,0.0,0.0,-0.2857142857142857,0.0,0.0,0.9999999999999998,-0.3333333333333333,0.0,Normal,0
0.6005559392089588,113,4,4,0.5377054001731342,0.3533506529659227,0.6995706552785347,0.05846526410373137,-0.5162133782250199,0.0,0.8849206349206349,-0.2901494630153148,0.09975853245704105,0.792481250360578,0.6309297535714575,0.8091517830338599,1.0212228218760666,0.8788672817968756,0.9249708515289276,1.0,0.6044286317989821,1.8412020795630777,1.0,1.9928719478591357,1.6683773365283796,2.3535751943398657,2.5174600814698755,0.004884408081456099,0.6931471805599453,0.0,-0.3,0.0,-0.32365668390976504,0.0,0.0,-0.2857142857142857,0.0,0.6931471805599453,-0.6309297535714572,-0.3333333333333333,0.0,Exploits,1
1.1556253309165612,113,4,4,0.5377054001731342,0.5418430900086738,0.20353211482628394,0.30193754763722297,-0.5825251322130918,-1.0,0.8849206349206349,-0.5205812362170456,0.19672251760431764,0.792481250360578,1.0,1.0351270494176827,1.08410761336996,1.0015806622760328,1.0245144294127078,1.0,1.5101760140375198,0.7305876872234136,1.0,1.8516429649476025,2.0905238152641443,1.7350448356582548,0.31238281579411015,0.26457780911129386,0.6931471805599453,5.58724865840025,-0.2,0.0,0.22963807175534715,0.7564707973660301,0.0,0.0,0.0,0.6931471805599453,1.703787765901335,-0.1111111111111111,0.0,Normal,0
-0.00830390881163182,119,1,5,-0.34836848541674165,-0.45815690999132613,-0.6172090301216083,-0.7445687201666262,0.4255844927666367,0.0,-0.11507936507936507,0.4674369968872862,-0.7475927608105515,0.0,0.0,-0.07826148514739853,-0.001722195177383939,-0.08835805347908927,0.0,0.0,0.0,0.0,0.0,0.0,0.0,0.0,-0.43921392141013216,-0.8459607780457364,0.0,0.0,2.7,1.0,1.8895223387506836,3.0258831894641203,6.5,4.142857142857143,0.0,0.0,1.892789260714372,3.111111111111111,0.0,Generic,1
-0.008317352939600908,119,1,5,-0.34836848541674165,-0.45815690999132613,-0.6172090301216083,-0.7445687201666262,0.5710626891769315,0.0,-0.11507936507936507,0.6040869325983536,-0.7475927608105515,0.0,0.0,-0.07997131065090231,-0.001722195177383939,-0.08835805347908927,0.0,0.0,0.0,0.0,0.0,0.0,0.0,0.0,-0.43921392141013216,-0.8459607780457364,0.0,0.0,2.7,1.0,1.3846203144649547,2.335575477358633,7.5,4.142857142857143,0.0,0.0,1.3170424160196508,3.111111111111111,0.0,Generic,1
-0.008305829395579967,120,6,5,-0.34836848541674165,-0.45815690999132613,-0.3913767846054552,-0.7445687201666262,0.4383153396651112,0.0,-0.11507936507936507,0.5431953692758632,-0.7475927608105515,0.0,0.0,-0.07850501908545554,-0.001722195177383939,-0.08835805347908927,0.0,0.0,0.0,0.0,0.0,0.0,0.0,0.0,0.5607860785898678,-0.8459607780457364,0.0,0.0,0.6,1.0,0.6763433160902349,1.0,1.5,1.5714285714285714,0.0,0.0,0.5093842420185072,0.7777777777777778,0.0,Exploits,1
7.524120264107033,113,6,4,1.1988088925548503,0.884218572951153,0.4785226440394136,0.29075002274190415,-0.8799770551349786,0.0,0.8849206349206349,-0.8987076835638775,-0.21259715856849337,2.04373142062517,2.1826583386441385,1.7666835600016197,1.8928054992308483,1.4987577951733806,1.9173030766822228,1.0,1.9528338521911108,0.3762709261547663,1.0,1.1194194750188162,0.8541777231804308,1.3573546624222705,-0.2901332125177142,0.05639805666657745,0.0,0.0,0.6,0.0,0.4077591983577853,1.0,1.0,1.1428571428571428,0.0,0.0,0.2031140135750122,0.7777777777777778,0.0,Fuzzers,1
1.4162281163416297,113,4,4,0.5377054001731342,0.3533506529659227,0.3108871198960756,0.05846526410373137,-0.6412507324220168,0.0,0.8849206349206349,-0.5219714295358765,-0.008249230616445736,0.792481250360578,0.6309297535714575,1.0936193985639253,1.3118191036744897,1.020131978117539,1.2111967903704444,1.0,0.9349950631515417,0.5107735059370885,1.0,2.2191537533068204,2.158804278635712,2.394641943596469,0.7948168623314186,0.004884408081456099,0.6931471805599453,0.0,-0.4,0.0,-0.32365668390976504,0.0,0.0,-0.2857142857142857,0.0,0.6931471805599453,-0.2618595071429149,-0.3333333333333333,0.0,Exploits,1
-0.00830967056923797,97,6,5,-0.34836848541674165,-0.45815690999132613,0.2890394817679735,-0.7445687201666262,0.4686820524374373,0.0,-0.11507936507936507,0.7631242659314218,-0.7475927608105515,0.0,0.0,-0.07899281188509567,-0.001722195177383939,-0.08835805347908927,0.0,0.0,0.0,0.0,0.0,0.0,0.0,0.0,3.586505966198067,-0.8459607780457364,0.0,0.0,-0.4,1.0,-0.32365668390976504,0.0,0.0,0.0,0.0,0.0,-0.6309297535714572,-0.3333333333333333,0.0,Exploits,1
0.7284338886338986,113,6,4,0.5377054001731342,0.3533506529659227,0.0030466968128272627,0.05846526410373137,-0.5427649790420925,0.0,0.8849206349206349,-0.5113738588026399,0.07718715693890753,0.792481250360578,0.6309297535714575,0.8788978950434064,1.055054582067713,0.9143377043878972,0.9813581958041655,1.0,1.8578435449780382,1.057708574221923,1.0,2.5094126239369765,2.8814601344387003,2.3702372286059212,-0.5680436705367541,0.004884408081456099,0.0,0.0,-0.4,0.0,-0.32365668390976504,0.0,0.0,-0.2857142857142857,0.0,0.0,-0.6309297535714572,-0.3333333333333333,0.0,Fuzzers,1
1.1499667094785893,113,4,4,0.6516315145832584,0.6711877414712396,0.3538895998883702,0.5618785712022285,-0.5498291619907936,-1.0,0.8849206349206349,-0.4755242472506115,0.38152826109257243,1.0,1.6309297535714575,0.9844325936614515,1.0070686989694881,0.958963332058593,1.723773118053213,1.0,0.14942168548972987,1.1329239051967597,1.0,1.6646892632508694,1.7773050520673872,1.633823837708752,0.6648254834075045,0.5906751637618847,0.6931471805599453,5.332718793265369,-0.4,0.0,-0.32365668390976504,0.0,0.0,-0.2857142857142857,0.0,0.6931471805599453,-0.6309297535714572,-0.3333333333333333,0.0,Exploits,1
1.4632934201059729,113,4,4,0.7492222027586747,0.769769518893221,0.4685650615090426,0.5798381518925964,-0.5632667139780507,-1.1614583333333333,0.0,-0.47938037362305397,0.36272253222226103,1.0,1.6309297535714575,1.0243549227234108,1.0425917757799374,1.0573779083102866,1.8675919750723575,1.0,0.31390278399853233,1.3971404768657791,1.0,0.008294075659450945,0.014587048441147065,0.0028547871368172287,0.8865069284623087,0.5626752627177299,0.6931471805599453,8.275121630216509,-0.2,-1.0,0.22963807175534715,0.0,0.0,-0.14285714285714285,0.0,0.6931471805599453,-0.2618595071429149,-0.3333333333333333,0.0,Normal,0
0.773986897367339,113,6,4,0.8345798913950238,0.769769518893221,0.4324341822099622,0.318375243233886,-0.45815182027072027,-1.1614583333333333,0.0,-0.39438325289370435,0.26344686756698354,1.160964047443681,1.4649735207179273,0.7898129997721762,0.8424326781632302,0.9137417201380499,0.8799569935876045,1.0,0.8853725356830986,0.9430017149104826,1.0,0.0084073105043322,0.014423192270834346,0.0031973376157607507,0.4879337673292106,0.1589236300357197,0.0,0.0,0.5,-1.0,0.22963807175534715,0.7564707973660301,0.0,0.0,0.0,0.0,0.5093842420185072,0.6666666666666666,0.0,Normal,0
-0.008305829395579967,3,6,5,-0.34836848541674165,-0.45815690999132613,-0.3913767846054552,-0.7445687201666262,0.4383153396651112,0.0,-0.11507936507936507,0.5431953692758632,-0.7475927608105515,0.0,0.0,-0.07850501908545554,-0.001722195177383939,-0.08835805347908927,0.0,0.0,0.0,0.0,0.0,0.0,0.0,0.0,0.5607860785898678,-0.8459607780457364,0.0,0.0,-0.1,1.0,0.0,0.4425070493497599,0.5,0.14285714285714285,0.0,0.0,0.0,0.0,0.0,Backdoor,1
3.0590347004492826,113,2,4,1.097590688175416,0.8494457411744992,0.34875776781091383,0.3185496472398176,-0.6610856262158092,-1.0,0.8849206349206349,-0.6489766994450834,0.058943194373543346,1.5,2.095903274289385,1.1851384338392,1.2891238307485342,1.078182667820642,1.221940652064781,1.0,0.43631121308525894,1.4093582768938755,1.0,1.385541775381233,1.1315243566951556,1.6316761768694248,-0.6017427710050841,0.11646511495175019,0.0,0.0,-0.4,0.0,0.0,0.0,0.0,-0.14285714285714285,0.6931471805599453,0.0,-0.2618595071429149,-0.3333333333333333,0.0,Exploits,1
0.007571139952045343,113,6,4,1.0407268123902522,0.884218572951153,0.5215801153959069,0.45672717087626724,0.07326195399469825,-1.1614583333333333,0.0,0.0983408894103751,0.7713648365148599,1.403677461028802,1.7712437491614224,-0.0016601171207671923,0.06941036149670783,0.3212304023199353,0.6341947408592644,1.0,0.5687156947454397,0.5741150132054164,1.0,0.009690567573878452,0.01688093165690415,0.0034713742999086025,0.31238281579411015,0.30930964717744436,0.0,0.0,0.2,-1.0,0.22963807175534715,0.0,0.0,-0.2857142857142857,0.0,0.0,0.36907024642854247,0.1111111111111111,0.0,Normal,0
-0.008305829395579967,119,1,5,-0.34836848541674165,-0.45815690999132613,-0.6172090301216083,-0.7445687201666262,0.4383153396651112,0.0,-0.11507936507936507,0.479395323795663,-0.7475927608105515,0.0,0.0,-0.07850501908545554,-0.001722195177383939,-0.08835805347908927,0.0,0.0,0.0,0.0,0.0,0.0,0.0,0.0,-0.43921392141013216,-0.8459607780457364,0.0,0.0,2.4,1.0,1.838005393597775,2.9554486440818204,7.0,3.7142857142857144,0.0,0.0,1.8340437671464696,2.7777777777777777,0.0,Generic,1
1.5588577195333133,113,6,4,0.5377054001731342,0.3533506529659227,0.004561481689690244,0.05846526410373137,-0.6566353431307917,0.0,0.8849206349206349,-0.6235176554011851,-0.021966442009513688,0.792481250360578,0.6309297535714575,1.1315532798202879,1.3438646260770697,1.048424938005691,1.259854594803867,1.0,1.0610187917042138,1.2341104820145772,1.0,2.6697527928169267,2.6632725480032446,2.868799397362176,-0.5680436705367541,0.004884408081456099,0.0,0.0,-0.3,0.0,0.0,0.0,0.0,-0.14285714285714285,0.0,0.0,-0.6309297535714572,-0.2222222222222222,0.0,Normal,0
0.012868621636578694,113,6,4,1.727908860711187,1.2423082813625848,0.9773959005126213,0.5456011195038556,0.15583099101520484,-1.1614583333333333,0.0,0.19691972965650312,0.8068760177031066,1.9534452978042594,2.6309297535714578,-0.03834474785322357,0.04022254619409255,0.2357178848369153,0.5350190019054931,1.0,1.170861710349239,1.1818091156644253,1.0,0.009048955388877485,0.016143633053141364,0.002923297643613282,0.4879337673292106,0.25063536593484315,0.0,0.0,0.4,-1.0,-0.32365668390976504,0.0,0.0,-0.2857142857142857,0.0,0.0,0.5093842420185072,-0.2222222222222222,0.0,Normal,0
0.06688792528754968,113,6,4,1.9786866579525122,1.432083896006703,0.9223845339759227,0.8825874268564452,0.051757023623494255,-1.1614583333333333,0.0,0.03668485865478952,0.9141797555025039,1.5,3.3577627814323,0.009861770539994666,0.08775455571980509,0.3149194113745569,0.6652094848366841,1.0,0.4367847254152329,0.44096510320821825,1.0,0.00928799120105121,0.01682631762778055,0.0027862764245150337,-0.43921392141013216,0.668689949298048,0.0,0.0,0.3,-1.0,0.5532947556651122,0.0,0.0,-0.14285714285714285,0.0,0.0,0.0,0.4444444444444444,0.0,Normal,0
0.8016803793037124,113,6,4,0.5377054001731342,0.3533506529659227,-0.010847890223354651,0.05846526410373137,-0.5562310084697722,0.0,0.8849206349206349,-0.5282942326137974,0.06568304760202154,0.792481250360578,0.6309297535714575,0.9099249557760193,1.1174532356395965,0.9335686499980637,1.0218636912675927,1.0,1.105568528343077,1.6982828622829107,1.0,1.5347303514037043,1.7044439037973897,1.4442453210108732,-0.636083797555689,0.004884408081456099,0.0,0.0,0.0,0.0,-0.32365668390976504,0.0,0.0,0.14285714285714285,0.0,0.0,-0.2618595071429149,0.0,0.0,Normal,0
2.477599071293872,113,9,4,2.0891451135096184,1.0,2.1785351872439613,0.35951476215129746,-0.4864398803166137,-1.0,0.8849206349206349,-0.08667204927715146,0.12857590169954738,2.836212670985748,2.0000000000000004,0.7224037942825973,1.0927015483124025,0.9010858420372403,0.993644378371574,1.0,0.5887339956240382,1.3313458740512207,1.0,1.5831740353405521,1.8362055259554362,1.427301283931,4.851079883521734,0.09499157656496339,0.0,0.0,-0.4,0.0,-0.32365668390976504,0.0,0.0,-0.2857142857142857,0.0,0.0,0.0,-0.3333333333333333,0.0,Exploits,1
-0.008307749981448684,120,6,5,-0.34836848541674165,-0.45815690999132613,-0.3913767846054552,-0.7445687201666262,0.45254724258694085,0.0,-0.11507936507936507,0.5565636493511029,-0.7475927608105515,0.0,0.0,-0.07874879450489872,-0.001722195177383939,-0.08835805347908927,0.0,0.0,0.0,0.0,0.0,0.0,0.0,0.0,0.5607860785898678,-0.8459607780457364,0.0,0.0,-0.1,1.0,-0.32365668390976504,0.0,0.0,0.14285714285714285,0.0,0.0,-0.2618595071429149,0.0,0.0,DoS,1
-0.008319273536993108,119,1,5,-0.34836848541674165,-0.45815690999132613,-0.6172090301216083,-0.7445687201666262,0.6200559375313737,0.0,-0.11507936507936507,0.6501068934843124,-0.7475927608105515,0.0,0.0,-0.08021654507559085,-0.001722195177383939,-0.08835805347908927,0.0,0.0,0.0,0.0,0.0,0.0,0.0,0.0,-0.43921392141013216,-0.8459607780457364,0.0,0.0,0.9,1.0,1.2847106379326627,2.19897784671579,6.5,1.5714285714285714,0.0,0.0,1.203114013575012,1.1111111111111112,0.0,Generic,1
1.7034620609434865,113,4,4,0.5377054001731342,0.5418430900086738,0.24060664241377955,0.39092642793011145,-0.6448641399905369,-1.0,0.8849206349206349,-0.5720761753730741,0.20413078326117434,0.792481250360578,1.0,1.1682434564262327,1.2407022872144695,1.0833502155796257,1.1115480926791999,1.0,0.37285229140716564,0.3997487351674202,1.0,1.668725840902238,1.7711596103182623,1.6467055635544094,0.4879337673292106,0.40145378337416765,0.6931471805599453,6.79794041297493,-0.3,0.0,-0.32365668390976504,0.0,0.0,-0.2857142857142857,0.0,0.6931471805599453,-0.6309297535714572,-0.3333333333333333,0.0,DoS,1
-0.008307749981448684,119,1,5,-0.34836848541674165,-0.45815690999132613,-0.6172090301216083,-0.7445687201666262,0.45254724258694085,0.0,-0.11507936507936507,0.4927636086025248,-0.7475927608105515,0.0,0.0,-0.07874879450489872,-0.001722195177383939,-0.08835805347908927,0.0,0.0,0.0,0.0,0.0,0.0,0.0,0.0,-0.43921392141013216,-0.8459607780457364,0.0,0.0,1.5,1.0,1.5143487096880097,2.3979556934315798,8.0,2.5714285714285716,0.0,0.0,1.4182843521034598,1.7777777777777777,0.0,Generic,1
-0.00831159115894783,120,6,5,-0.34836848541674165,-0.45815690999132613,-0.3913767846054552,-0.7445687201666262,0.4873083417532429,0.0,-0.11507936507936507,0.5892153265801261,-0.7475927608105515,0.0,0.0,-0.0792370717068429,-0.001722195177383939,-0.08835805347908927,0.0,0.0,0.0,0.0,0.0,0.0,0.0,0.0,0.5607860785898678,-0.8459607780457364,0.0,0.0,0.1,1.0,-0.32365668390976504,0.0,0.0,0.42857142857142855,0.0,0.0,0.2031140135750122,0.2222222222222222,0.0,DoS,1
-0.008319273536993108,119,1,5,-0.34836848541674165,-0.45815690999132613,-0.6172090301216083,-0.7445687201666262,0.6200559375313737,0.0,-0.11507936507936507,0.6501068934843124,-0.7475927608105515,0.0,0.0,-0.08021654507559085,-0.001722195177383939,-0.08835805347908927,0.0,0.0,0.0,0.0,0.0,0.0,0.0,0.0,-0.43921392141013216,-0.8459607780457364,0.0,0.0,2.0,1.0,1.5143487096880097,2.456962315881736,8.5,3.142857142857143,0.0,0.0,1.4182843521034598,2.3333333333333335,0.0,Generic,1
0.6513267394211616,113,6,4,0.6516315145832584,0.45815690999132636,0.2814865621918125,0.19757086452473338,-0.4994018611743221,0.0,0.8849206349206349,-0.4161001347689245,0.19210793769230639,1.0,1.0,0.8152349458944772,0.9833489455248996,0.863382334898806,0.88399046193718,1.0,0.41220123683532495,1.0025941737803767,1.0,1.1882293101201895,1.0155109997182514,1.3547718864719995,0.3327542120120892,0.1540392219542636,0.0,0.0,0.4,0.0,0.0,0.4425070493497599,0.0,-0.14285714285714285,0.0,0.0,0.0,0.2222222222222222,0.0,Fuzzers,1
-0.008313511750578272,120,6,5,-0.34836848541674165,-0.45815690999132613,-0.3913767846054552,-0.7445687201666262,0.5093385986249094,0.0,-0.11507936507936507,0.6099086799000378,-0.7475927608105515,0.0,0.0,-0.07948157445237129,-0.001722195177383939,-0.08835805347908927,0.0,0.0,0.0,0.0,0.0,0.0,0.0,0.0,0.5607860785898678,-0.8459607780457364,0.0,0.0,0.0,1.0,0.4077591983577853,0.7564707973660301,1.0,0.7142857142857143,0.0,0.0,0.2031140135750122,0.1111111111111111,0.0,Exploits,1
0.9159669778881329,113,6,4,0.5377054001731342,0.45815690999132636,0.007574136880770368,0.1332726710444909,-0.5607588513637496,0.0,0.8849206349206349,-0.5416340211298779,0.10623447675363351,0.792481250360578,1.0,0.9622698816994728,1.071705858706144,0.9372779045511983,0.9390189935163766,1.0,0.1994638436930125,0.8574744612753928,1.0,1.5978538428672262,2.201667227671036,1.1449603724773263,-0.5349629372098051,0.05639805666657745,0.0,0.0,-0.2,0.0,-0.32365668390976504,0.0,0.0,-0.2857142857142857,0.0,0.0,-0.2618595071429149,-0.3333333333333333,0.0,Generic,1
-0.008321194136305905,119,1,5,-0.34836848541674165,-0.45815690999132613,-0.6172090301216083,-0.7445687201666262,0.7038105267032175,0.0,-0.11507936507936507,0.7287785364230093,-0.7475927608105515,0.0,0.0,-0.08046202436744408,-0.001722195177383939,-0.08835805347908927,0.0,0.0,0.0,0.0,0.0,0.0,0.0,0.0,-0.43921392141013216,-0.8459607780457364,0.0,0.0,2.8,1.0,1.937915070130067,3.0920462747246633,8.5,4.285714285714286,0.0,0.0,1.9743577627364342,3.2222222222222223,0.0,Generic,1
-0.006334400840888819,119,1,2,-0.34836848541674165,0.0,-0.5179170842831736,0.0,-0.0023546692607809582,-1.1614583333333333,0.0,-0.031179403068845164,0.59584193081595,0.0,0.0,-0.08046202436744408,-0.000982640019408269,-0.08835805347908927,0.0,0.0,0.0,0.0,0.0,0.0,0.0,0.0,0.0,0.1540392219542636,0.0,0.0,-0.2,-1.0,0.0,0.0,0.0,-0.2857142857142857,0.0,0.0,0.0,-0.1111111111111111,0.0,Normal,0
-0.008315432344129296,120,6,5,-0.34836848541674165,-0.45815690999132613,-0.3913767846054552,-0.7445687201666262,0.5363014692156571,0.0,-0.11507936507936507,0.6352352919712061,-0.7475927608105515,0.0,0.0,-0.07972632060535206,-0.001722195177383939,-0.08835805347908927,0.0,0.0,0.0,0.0,0.0,0.0,0.0,0.0,0.5607860785898678,-0.8459607780457364,0.0,0.0,0.0,1.0,0.5532947556651122,1.1989778467157899,2.0,0.2857142857142857,0.0,0.0,0.5093842420185072,0.1111111111111111,0.0,Analysis,1
1.1668375979542316,113,4,4,0.5377054001731342,0.769769518893221,0.17480190315000757,0.6182469376980085,-0.5430783436186194,-1.0,0.8849206349206349,-0.5301005429005305,0.42054237203206657,0.792481250360578,1.7712437491614224,1.03824053537054,0.9434845124887054,0.9959679064589545,1.7409190268844088,1.0,0.7057267287939505,0.5799040270618446,1.0,1.909685798115384,2.0585369150492907,1.8746709124782455,0.18506997831189842,0.6219452901821234,0.6931471805599453,8.704668113450987,-0.4,0.0,-0.32365668390976504,0.0,0.0,0.42857142857142855,0.0,0.6931471805599453,-0.6309297535714572,-0.3333333333333333,0.0,Exploits,1
0.5830162894046886,113,6,4,0.5377054001731342,0.3533506529659227,0.004561481689690244,0.05846526410373137,-0.5121992162816108,0.0,0.8849206349206349,-0.4814054472558023,0.10315960146500502,0.792481250360578,0.6309297535714575,0.8160021861127505,1.0156846018021928,0.8651411356254081,0.9399386721064003,1.0,0.15297625898330192,1.429379782172851,1.0,1.200160928147687,1.5267339633195969,0.9517668006691574,-0.5680436705367541,0.004884408081456099,0.0,0.0,0.0,0.0,0.0,0.4425070493497599,0.5,-0.14285714285714285,0.0,0.0,-0.2618595071429149,0.2222222222222222,0.0,Fuzzers,1
3.4874434514300394,113,4,4,1.769889585545543,1.985980784406921,0.726832347337384,1.1311792689283808,-0.4342197146997868,-1.0,0.8849206349206349,-0.570689736909041,0.6019378683613181,0.792481250360578,4.690728155558241,0.9983797809836661,0.6749243613219242,0.9574931515548278,1.569178743177512,1.0,2.0995316821024805,2.1464051478188573,1.0,1.2397222136211843,1.98886188428756,0.6302117946800984,-0.7432152744885473,0.7565111000466053,0.6931471805599453,5.135798437050262,-0.3,0.0,-0.32365668390976504,0.4425070493497599,0.0,-0.2857142857142857,0.0,1.6094379124341003,0.0,-0.3333333333333333,0.0,Exploits,1
0.5976568404117737,113,6,4,0.5377054001731342,0.3533506529659227,0.062236557559771984,0.05846526410373137,-0.5155569503252477,0.0,0.8849206349206349,-0.46839562524356554,0.1003148832353156,0.792481250360578,0.6309297535714575,0.8394642972444637,1.0124581160446016,0.8731356200905569,0.934023854696937,1.0,0.7361598847436666,0.48532010102599693,1.0,1.5128334470300335,1.8772558522160876,1.256603902842747,-0.2901332125177142,0.004884408081456099,0.0,0.0,0.5,0.0,0.0,0.4425070493497599,0.0,1.0,0.0,0.0,-0.2618595071429149,0.6666666666666666,0.0,Normal,0
-0.00831159115894783,97,6,5,-0.34836848541674165,-0.45815690999132613,-0.6540023010292416,-0.7445687201666262,0.4873083417532429,0.0,-0.11507936507936507,0.5149951991414855,-0.7475927608105515,0.0,0.0,-0.0792370717068429,-0.001722195177383939,-0.08835805347908927,0.0,0.0,0.0,0.0,0.0,0.0,0.0,0.0,-0.6017427710050841,-0.8459607780457364,0.0,0.0,-0.4,1.0,-0.32365668390976504,0.0,0.0,-0.2857142857142857,0.0,0.0,-0.6309297535714572,-0.3333333333333333,0.0,Exploits,1
2.0976795346594406,113,6,4,2.1841815985554334,1.5620260151809524,1.0892033911963952,0.6368979750533205,-0.3822452590504396,-1.1614583333333333,0.0,-0.3600020923046019,0.3525097865113141,2.477098155193438,3.1826583386441385,0.6226004591293239,0.6969833027709473,0.7791469094336154,1.4318215759559487,1.0,1.2262621683281991,0.16117004927906192,1.0,0.007589480406959696,0.013003064299287775,0.002900460830848537,-0.23378958374346237,0.21981553183199953,0.0,0.0,0.6,-1.0,-0.32365668390976504,0.7564707973660301,0.0,-0.2857142857142857,0.0,0.0,0.8340437671464698,-0.3333333333333333,0.0,Normal,0
0.9112180516001278,113,6,4,0.5377054001731342,0.45815690999132636,0.013532949482808284,0.09828264867786968,-0.5600025349485214,0.0,0.8849206349206349,-0.5392718130043078,0.0824149915927736,0.792481250360578,0.6309297535714575,0.9610666736845851,1.0722599729457307,0.9598934937181356,1.0069245666513031,1.0,1.8575366746630475,1.29301890250144,1.0,1.4329439764757461,2.0536456723251777,0.9504084942975483,-0.5024782856813175,0.0,0.0,0.0,0.9,0.0,0.4077591983577853,0.4425070493497599,0.0,1.5714285714285714,0.0,0.0,0.2031140135750122,1.1111111111111112,0.0,Fuzzers,1
-0.008317352939600908,119,1,5,-0.34836848541674165,-0.45815690999132613,-0.5523589120012116,-0.7445687201666262,0.5710626891769315,-1.0,-0.11507936507936507,0.6224330880998011,-0.7475927608105515,0.0,0.0,-0.07997131065090231,-0.001722195177383939,-0.08835805347908927,0.0,0.0,0.0,0.0,0.0,0.0,0.0,0.0,-0.1524442348363692,-0.8459607780457364,0.0,0.0,-0.1,1.0,0.0,0.0,0.0,0.14285714285714285,0.0,0.0,-0.6309297535714572,0.0,0.0,Exploits,1
1.1562171951970004,113,4,4,0.6516315145832584,0.7233848262955236,0.37135494803368224,0.5628986983913616,-0.5416577133904016,-1.0,0.8849206349206349,-0.47146748631511204,0.3824769247755688,1.0,1.6309297535714575,0.9865403334151059,0.9587829691230005,0.975840476121986,1.7032920133438918,1.0,0.13358383181345973,1.8810377305487511,1.0,1.3551900243068609,1.4997188587749364,1.270996331397601,0.7309925199898738,0.5626752627177299,0.0,0.0,-0.4,0.0,-0.32365668390976504,0.0,0.0,-0.2857142857142857,0.0,0.0,-0.6309297535714572,-0.3333333333333333,0.0,Exploits,1
0.017880626460064365,113,6,4,0.8345798913950238,0.769769518893221,0.4324341822099622,0.318375243233886,-0.024921298364462226,-1.1614583333333333,0.0,0.014218747410347933,0.6232875622828694,1.160964047443681,1.4649735207179273,0.07637343984447804,0.14066112316521492,0.43460237439752053,0.18720863255367037,1.0,1.8664058539523551,0.8118358837967061,1.0,0.007627227580859792,0.01286650964296837,0.003083154693620454,0.4879337673292106,0.1589236300357197,0.0,0.0,0.8,-1.0,0.9610539540228977,1.51294159473206,0.0,0.5714285714285714,0.0,0.0,1.203114013575012,1.5555555555555556,0.0,Normal,0
0.9360598680902439,113,6,4,0.7492222027586747,0.6711877414712396,0.16271292081333935,0.21792169516695772,-0.509646523432903,0.0,0.8849206349206349,-0.497692833724678,0.16840811623973884,1.160964047443681,1.6309297535714575,0.8803385361913313,0.9395277617546823,0.8948836190367232,1.6115539347514511,1.0,1.9734736432785913,0.7555730075577117,1.0,1.2938230725893238,1.5692060904080285,1.095225786117073,-0.47056861402790745,0.06019698031261823,0.0,0.0,0.1,0.0,-0.32365668390976504,0.0,0.0,0.42857142857142855,0.0,0.0,-0.6309297535714572,0.2222222222222222,0.0,Fuzzers,1
1.6211072270891742,113,6,4,0.5377054001731342,0.45815690999132636,0.14494365348138588,0.09828264867786968,-0.6490607855883036,0.0,0.8849206349206349,-0.5905765169231333,0.004759483827786071,0.792481250360578,0.6309297535714575,1.1438802926126472,1.279037545791866,1.0548198842197047,1.2228728997440992,1.0,1.8335206556642678,1.1466141179956801,1.0,1.734583761177269,2.3446535419164634,1.2902584801775712,0.07164582698688114,0.0,0.0,0.0,-0.3,0.0,-0.32365668390976504,0.0,0.0,-0.2857142857142857,0.0,0.0,-0.6309297535714572,-0.3333333333333333,0.0,Fuzzers,1
0.044602534969483756,113,6,4,1.610034999020141,1.2130308314799134,0.7258171046597194,0.7730628585728919,0.029131457569316923,-1.1614583333333333,0.0,0.021116084891481438,0.8728415418941967,1.5,2.771243749161423,0.025688844789062564,0.10270587313760456,0.35666575155296326,0.7359409198894685,1.0,0.7241998047536622,1.806112576993155,1.0,0.008608614380605149,0.015187845992281027,0.002923297643613282,-0.31897941804229135,0.6176948290527035,0.0,0.0,0.1,-1.0,0.5532947556651122,0.0,0.0,-0.14285714285714285,0.0,0.0,0.36907024642854247,0.3333333333333333,0.0,Normal,0
1.8999741575248454,113,6,4,0.7492222027586747,0.45815690999132636,1.1387159076279387,0.09828264867786968,-0.6524469149680234,0.0,0.8849206349206349,-0.33555456368562303,-0.01937163566874957,1.160964047443681,0.6309297535714575,1.1193480980897812,1.3303141661045783,1.05307907411453,1.226904046479623,1.0,1.6354048216021353,1.7000776059326594,1.0,3.1281938279411063,4.180551531174444,2.5216759277686958,3.8667951676457566,0.0,0.0,0.0,-0.3,0.0,-0.32365668390976504,0.0,0.0,-0.14285714285714285,0.0,0.0,-0.6309297535714572,-0.2222222222222222,0.0,Normal,0
0.81501854530963,113,4,4,0.5377054001731342,0.5418430900086738,0.2286221481198915,0.26686812712279917,-0.5308872722838713,0.0,0.8849206349206349,-0.46337441460082235,0.21654087352617815,0.792481250360578,1.0,0.9278012140687172,0.9827409243621374,0.956850787770298,0.9667107218732452,1.0,2.0514548443191094,1.0783842219766655,1.0,1.3601407265572147,1.5511925452887005,1.2373998793132144,0.4312950973329559,0.21043727862084105,0.6931471805599453,4.700480365792417,-0.4,0.0,-0.32365668390976504,0.0,0.0,-0.2857142857142857,0.0,0.6931471805599453,-0.6309297535714572,-0.3333333333333333,0.0,Exploits,1
0.01721361975896252,113,4,4,0.4008537173419332,0.5418430900086738,0.27534099909788995,0.21932033696916614,-0.10188738951707894,-1.1614583333333333,0.0,-0.034742855465010866,0.5520564980959782,0.792481250360578,1.0,0.17789185709486588,0.21118763072447544,0.4969153790770995,0.25264934263556216,1.0,1.2685973422598444,1.283437713227987,1.0,0.015249837259196505,0.029029839730433396,0.0034028654371172883,1.0433753357839823,0.13604533588669487,0.6931471805599453,4.430816798843313,-0.4,-1.0,0.0,0.0,0.0,-0.14285714285714285,0.0,0.6931471805599453,0.5093842420185072,-0.1111111111111111,0.0,Normal,0
0.8831551200013564,113,6,4,0.5377054001731342,0.45815690999132636,0.03372344904010814,0.09828264867786968,-0.5554663116009203,0.0,0.8849206349206349,-0.5292359347726429,0.08629943412540059,0.792481250360578,0.6309297535714575,0.9276340161329766,1.0692834123223538,0.955387989164952,1.017066389829029,1.0,1.7651667991454292,0.525995076927126,1.0,1.3524877925438095,1.6382597211627294,1.1495000260026194,-0.43921392141013216,0.0,0.0,0.0,0.6,0.0,0.22963807175534715,0.7564707973660301,0.0,1.1428571428571428,0.0,0.0,0.0,0.7777777777777778,0.0,Normal,0
1.292892478845828,113,4,4,0.5377054001731342,0.5418430900086738,0.21983902143091247,0.25461728249551013,-0.5999477441803424,-1.0,0.8849206349206349,-0.5331956610700408,0.14865021806765855,0.792481250360578,1.0,1.0718845659080758,1.120171817755324,1.0128969135715513,1.1071925275645316,1.0,1.2571896130466902,1.5683138671971413,1.0,1.8549681584051707,2.3080416962668227,1.5581939551347972,0.39252264851919116,0.19040285414535407,0.6931471805599453,4.465908118654584,-0.4,0.0,-0.32365668390976504,0.0,0.0,-0.2857142857142857,0.0,0.6931471805599453,-0.2618595071429149,-0.3333333333333333,0.0,Exploits,1
-0.008317352939600908,119,1,5,-0.34836848541674165,-0.45815690999132613,-0.6172090301216083,-0.7445687201666262,0.5710626891769315,0.0,-0.11507936507936507,0.6040869325983536,-0.7475927608105515,0.0,0.0,-0.07997131065090231,-0.001722195177383939,-0.08835805347908927,0.0,0.0,0.0,0.0,0.0,0.0,0.0,0.0,-0.43921392141013216,-0.8459607780457364,0.0,0.0,2.7,1.0,1.9140853721740871,3.0594660443335724,7.0,4.142857142857143,0.0,0.0,1.920798831501223,3.111111111111111,0.0,Generic,1
0.023996045512000068,113,6,4,1.5565195985630922,1.1815417362868497,0.6963034782574842,0.7489973238343594,0.07979311917745535,-1.1614583333333333,0.0,0.06925496622362429,0.9057709402578656,1.5,2.6801438592463755,-0.0049327034708424025,0.06970206895947212,-0.08835805347908927,0.6298689661897352,1.0,1.2520450779096433,1.275147685082823,1.0,0.0083695656691981,0.014423192270834346,0.00312882793097693,-0.2901332125177142,0.5974926192754632,0.0,0.0,0.1,-1.0,0.6763433160902349,0.0,0.0,-0.2857142857142857,0.0,0.0,0.2031140135750122,0.8888888888888888,0.0,Normal,0
-0.008305829395579967,119,1,5,-0.34836848541674165,-0.45815690999132613,-0.6172090301216083,-0.7445687201666262,0.4383153396651112,0.0,-0.11507936507936507,0.479395323795663,-0.7475927608105515,0.0,0.0,-0.07850501908545554,-0.001722195177383939,-0.08835805347908927,0.0,0.0,0.0,0.0,0.0,0.0,0.0,0.0,-0.43921392141013216,-0.8459607780457364,0.0,0.0,2.1,1.0,1.170482450127475,2.0428037868210893,5.5,3.2857142857142856,0.0,0.0,1.0728580123298777,2.4444444444444446,0.0,Generic,1
-0.006430333962207871,119,1,2,-0.34836848541674165,0.0,-0.5179170842831736,0.0,0.0036204162184746377,-1.1614583333333333,0.0,-0.025565059019575828,0.6007862733405942,0.0,0.0,-0.07948157445237129,-0.0007366131141869122,-0.08835805347908927,0.0,0.0,0.0,0.0,0.0,0.0,0.0,0.0,0.0,0.1540392219542636,0.0,0.0,-0.2,-1.0,0.7829328274204592,0.0,0.0,-0.14285714285714285,0.0,0.0,0.0,-0.2222222222222222,0.0,Normal,0
1.3275293075069206,113,4,4,0.6516315145832584,0.769769518893221,0.4427985440856021,0.5798381518925964,-0.5551350291279292,-1.1614583333333333,0.0,-0.4725675731598993,0.3763564684679107,1.0,1.6309297535714575,1.0317753423009408,1.0094292213791876,1.0668303467155098,1.8658662131857728,1.0,0.17204691402407055,1.249236580837188,1.0,0.008243748734818108,0.01398623767937614,0.003265847095044596,1.0569818108072753,0.5626752627177299,0.6931471805599453,0.0,-0.4,-1.0,0.4077591983577853,0.0,0.0,-0.2857142857142857,0.0,0.6931471805599453,0.0,-0.3333333333333333,0.0,Normal,0
-0.00831159115894783,120,6,5,-0.34836848541674165,-0.45815690999132613,-0.3913767846054552,-0.7445687201666262,0.4873083417532429,0.0,-0.11507936507936507,0.5892153265801261,-0.7475927608105515,0.0,0.0,-0.0792370717068429,-0.001722195177383939,-0.08835805347908927,0.0,0.0,0.0,0.0,0.0,0.0,0.0,0.0,0.5607860785898678,-0.8459607780457364,0.0,0.0,0.7,1.0,0.5532947556651122,1.0,1.5,1.5714285714285714,0.0,0.0,0.36907024642854247,0.8888888888888888,0.0,Exploits,1
-0.0005508205401274561,113,4,4,0.4008537173419332,0.5418430900086738,0.2737899057707242,0.21932033696916614,0.04234257129194452,-1.1614583333333333,0.0,0.10029810804693826,0.6714203527013964,0.792481250360578,1.0,0.023659525291962826,0.08064235144261067,0.36162302827470805,0.1129698830800548,1.0,0.2706805606031672,0.27368612159277056,1.0,0.0077907973599946985,0.01330348214098758,0.0030146446663339333,1.0296653884742077,0.13604533588669487,0.6931471805599453,4.430816798843313,-0.1,-1.0,-0.32365668390976504,0.4425070493497599,0.0,-0.2857142857142857,0.0,0.6931471805599453,0.9999999999999998,-0.1111111111111111,0.0,Normal,0
0.23923345714864788,113,4,4,0.6516315145832584,0.3533506529659227,0.8132361440946078,0.05846526410373137,-0.38254900450868196,0.0,0.8849206349206349,-0.14294477908627054,0.1994537126297005,1.0,0.6309297535714575,0.5592744835749701,0.8020922744506536,0.7520209768901064,0.8095663671017655,1.0,0.09320961168438396,0.5719891820794126,1.0,0.6605739197295264,0.21338371041153573,1.027812494185994,2.6953095164123524,0.004884408081456099,0.6931471805599453,0.0,-0.4,0.0,-0.32365668390976504,0.0,0.0,-0.2857142857142857,0.0,0.6931471805599453,-0.6309297535714572,-0.3333333333333333,0.0,Exploits,1
-0.008305829395579967,119,1,5,-0.34836848541674165,-0.45815690999132613,-0.6172090301216083,-0.7445687201666262,0.4383153396651112,0.0,-0.11507936507936507,0.479395323795663,-0.7475927608105515,0.0,0.0,-0.07850501908545554,-0.001722195177383939,-0.08835805347908927,0.0,0.0,0.0,0.0,0.0,0.0,0.0,0.0,-0.43921392141013216,-0.8459607780457364,0.0,0.0,2.8,1.0,1.5532947556651122,2.5661890657281248,9.5,4.285714285714286,0.0,0.0,1.509384242018507,3.2222222222222223,0.0,Generic,1
0.9741052053135525,113,4,4,0.5377054001731342,0.5418430900086738,0.17081225709354053,0.2753565913936785,-0.5568108071342278,-1.0,0.8849206349206349,-0.5046363637960888,0.20033334209841075,0.792481250360578,1.0,0.9814000337895679,1.0190558299541586,0.9767704442911683,0.9908185189216547,1.0,0.9021114235184278,0.9154001639323819,1.0,1.6417245403080911,2.1484000652731314,1.2765261440146665,0.18506997831189842,0.22345875476290908,0.6931471805599453,5.0238805208462765,-0.4,0.0,-0.32365668390976504,0.0,0.0,-0.2857142857142857,0.0,0.6931471805599453,-0.6309297535714572,-0.3333333333333333,0.0,Exploits,1
1.9543929095448338,113,6,4,2.3845182911072245,1.0905229297126522,2.39099383788382,0.3868694005329381,-0.39206514026298256,-1.0,0.8849206349206349,0.018531487147344174,0.18806353905283066,3.160964047443681,2.0000000000000004,0.5283767346506117,0.9434022184671217,0.791399282272529,0.827760058981894,1.0,1.861837920853356,0.6620070848208822,1.0,0.9617562942477453,0.3307131941477823,1.4856088582428333,5.01070031302796,0.08845488115754739,0.0,0.0,-0.4,0.0,0.8769514395748775,0.0,0.0,-0.2857142857142857,0.0,0.0,-0.6309297535714572,-0.3333333333333333,0.0,Exploits,1
-0.008307749981448684,94,6,5,-0.34836848541674165,-0.45815690999132613,-0.3913767846054552,-0.7445687201666262,0.45254724258694085,0.0,-0.11507936507936507,0.5565636493511029,-0.7475927608105515,0.0,0.0,-0.07874879450489872,-0.001722195177383939,-0.08835805347908927,0.0,0.0,0.0,0.0,0.0,0.0,0.0,0.0,0.5607860785898678,-0.8459607780457364,0.0,0.0,0.7,1.0,0.4077591983577853,0.7564707973660301,1.0,1.8571428571428572,0.0,0.0,0.36907024642854247,0.8888888888888888,0.0,Exploits,1
-0.008305829395579967,119,1,5,-0.34836848541674165,-0.45815690999132613,-0.6172090301216083,-0.7445687201666262,0.4383153396651112,0.0,-0.11507936507936507,0.479395323795663,-0.7475927608105515,0.0,0.0,-0.07850501908545554,-0.001722195177383939,-0.08835805347908927,0.0,0.0,0.0,0.0,0.0,0.0,0.0,0.0,-0.43921392141013216,-0.8459607780457364,0.0,0.0,2.9,1.0,1.7829328274204592,2.880152813744395,5.5,4.428571428571429,0.0,0.0,1.7712437491614217,3.3333333333333335,0.0,Generic,1
1.148619110940059,113,6,4,0.7492222027586747,0.45815690999132636,1.114571088177682,0.09828264867786968,-0.5699811455855044,0.0,0.8849206349206349,-0.26040679003448025,0.0527364846594735,1.160964047443681,0.6309297535714575,0.9333585740900763,1.1471741333248633,0.955427649966028,1.0977334969193198,1.0,1.8250555463804095,1.407963416185148,1.0,2.2892363136374736,2.574169502145897,2.189727917481583,3.7580328906170575,0.0,0.0,0.0,-0.4,0.0,-0.32365668390976504,0.0,0.0,-0.2857142857142857,0.0,0.0,-0.6309297535714572,-0.3333333333333333,0.0,Exploits,1
-0.008317352939600908,119,1,5,-0.34836848541674165,-0.45815690999132613,-0.6172090301216083,-0.7445687201666262,0.5710626891769315,0.0,-0.11507936507936507,0.6040869325983536,-0.7475927608105515,0.0,0.0,-0.07997131065090231,-0.001722195177383939,-0.08835805347908927,0.0,0.0,0.0,0.0,0.0,0.0,0.0,0.0,-0.43921392141013216,-0.8459607780457364,0.0,0.0,2.9,1.0,1.9610539540228973,3.123682016378365,7.5,4.428571428571429,0.0,0.0,1.9743577627364342,3.3333333333333335,0.0,Generic,1
0.03273336348583548,113,2,4,1.610034999020141,1.2130308314799134,0.6930096934618255,0.4363816911397844,0.06018319777460559,-1.1614583333333333,0.0,0.04109012135227419,0.6640585261987355,1.7924812503605783,2.52371901428583,0.006547310589877048,0.08096913785071108,0.3422944734264179,0.11046462538545929,1.0,1.5074638456404623,0.44466409207304014,1.0,0.008256330484836536,0.01415009647003811,0.003151664515404944,-0.47056861402790745,0.09818920902194765,0.0,0.0,-0.4,-1.0,0.4077591983577853,0.0,0.0,0.14285714285714285,0.6931471805599453,0.0,0.7381404928570852,-0.3333333333333333,0.0,Normal,0
0.2698575405211322,113,6,2,0.22946445519383787,0.0,0.24895465992101823,-0.10355692410079358,-0.5031553330731554,-1.0,0.8849206349206349,-0.32636902390138023,0.02204897475363827,0.792481250360578,0.6309297535714575,0.7726449747679006,-0.000982640019408269,0.8645198520593328,0.0,1.0,0.9899539103316127,1.9853036684998802,1.0,1.5771662471318382,1.5117690855848567,1.685095054281198,1.4347099451280412,-0.004994179198341338,0.0,0.0,0.3,2.0,0.22963807175534715,0.7564707973660301,0.0,0.5714285714285714,0.0,0.0,0.2031140135750122,0.3333333333333333,0.0,Normal,0
-0.008321194136305905,120,6,5,-0.34836848541674165,-0.45815690999132613,-0.3913767846054552,-0.7445687201666262,0.7038105267032175,0.0,-0.11507936507936507,0.7925785779207821,-0.7475927608105515,0.0,0.0,-0.08046202436744408,-0.001722195177383939,-0.08835805347908927,0.0,0.0,0.0,0.0,0.0,0.0,0.0,0.0,0.5607860785898678,-0.8459607780457364,0.0,0.0,-0.3,1.0,0.0,0.0,0.0,0.0,0.0,0.0,-0.2618595071429149,-0.2222222222222222,0.0,DoS,1
1.6064853976192452,113,6,4,0.5377054001731342,0.45815690999132636,0.05828427442132147,0.09828264867786968,-0.6475644389443508,0.0,0.8849206349206349,-0.6135100131075314,0.006093190914089967,0.792481250360578,0.6309297535714575,1.1359043577205945,1.2725797465849782,1.0374102439972868,1.1970150389124787,1.0,1.821919961092357,0.20059324919615035,1.0,2.4048824104686912,2.709410393011433,2.305973082047378,-0.31897941804229135,0.0,0.0,0.0,0.4,0.0,0.0,1.1989778467157899,0.5,0.14285714285714285,0.0,0.0,0.36907024642854247,0.0,0.0,Normal,0
-0.008313511750578272,119,1,5,-0.34836848541674165,-0.45815690999132613,-0.6172090301216083,-0.7445687201666262,0.5093385986249094,0.0,-0.11507936507936507,0.5461086388303764,-0.7475927608105515,0.0,0.0,-0.07948157445237129,-0.001722195177383939,-0.08835805347908927,0.0,0.0,0.0,0.0,0.0,0.0,0.0,0.0,-0.43921392141013216,-0.8459607780457364,0.0,0.0,0.9,1.0,1.2847106379326627,2.19897784671579,6.5,1.5714285714285714,0.0,0.0,1.3170424160196508,1.1111111111111112,0.0,Generic,1
-0.008307749981448684,120,6,5,-0.34836848541674165,-0.45815690999132613,-0.3913767846054552,-0.7445687201666262,0.45254724258694085,0.0,-0.11507936507936507,0.5565636493511029,-0.7475927608105515,0.0,0.0,-0.07874879450489872,-0.001722195177383939,-0.08835805347908927,0.0,0.0,0.0,0.0,0.0,0.0,0.0,0.0,0.5607860785898678,-0.8459607780457364,0.0,0.0,0.2,1.0,0.0,0.4425070493497599,0.5,0.5714285714285714,0.0,0.0,0.9999999999999998,0.3333333333333333,0.0,DoS,1
-0.003291970648151256,119,6,2,0.0,0.21303083147991342,-0.006163122524208084,0.07649325167804336,-0.012217541958523238,-1.1614583333333333,0.0,0.05357439763341519,0.5970171694050929,0.0,0.0,0.053002228151383515,0.09876596069570195,-0.00024330358716810661,0.11100028644588758,0.0,0.0,0.0,0.0,0.0,0.0,0.0,1.0296653884742077,0.1193701448363572,0.0,0.0,0.4,-1.0,0.6763433160902349,0.0,0.0,0.14285714285714285,0.0,0.0,0.7381404928570852,0.5555555555555556,0.0,Normal,0
-0.008317352939600908,119,1,5,-0.34836848541674165,-0.45815690999132613,-0.6172090301216083,-0.7445687201666262,0.5710626891769315,0.0,-0.11507936507936507,0.6040869325983536,-0.7475927608105515,0.0,0.0,-0.07997131065090231,-0.001722195177383939,-0.08835805347908927,0.0,0.0,0.0,0.0,0.0,0.0,0.0,0.0,-0.43921392141013216,-0.8459607780457364,0.0,0.0,3.4,1.0,0.6763433160902349,1.367211219012335,2.5,5.142857142857143,0.0,0.0,0.5093842420185072,3.888888888888889,0.0,Generic,1
-0.008307749981448684,119,1,5,-0.34836848541674165,-0.45815690999132613,-0.6172090301216083,-0.7445687201666262,0.45254724258694085,0.0,-0.11507936507936507,0.4927636086025248,-0.7475927608105515,0.0,0.0,-0.07874879450489872,-0.001722195177383939,-0.08835805347908927,0.0,0.0,0.0,0.0,0.0,0.0,0.0,0.0,-0.43921392141013216,-0.8459607780457364,0.0,0.0,1.1,1.0,1.4302461952399894,2.335575477358633,7.5,1.8571428571428572,0.0,0.0,1.3170424160196508,1.3333333333333333,0.0,Generic,1
-0.008317352939600908,62,6,5,-0.34836848541674165,-0.45815690999132613,-0.3913767846054552,-0.7445687201666262,0.5710626891769315,0.0,-0.11507936507936507,0.6678869693421029,-0.7475927608105515,0.0,0.0,-0.07997131065090231,-0.001722195177383939,-0.08835805347908927,0.0,0.0,0.0,0.0,0.0,0.0,0.0,0.0,0.5607860785898678,-0.8459607780457364,0.0,0.0,-0.2,1.0,0.0,0.0,0.0,0.0,0.0,0.0,-0.6309297535714572,-0.1111111111111111,0.0,Fuzzers,1
-0.008313511750578272,119,1,5,-0.34836848541674165,-0.45815690999132613,-0.6172090301216083,-0.7445687201666262,0.5093385986249094,0.0,-0.11507936507936507,0.5461086388303764,-0.7475927608105515,0.0,0.0,-0.07948157445237129,-0.001722195177383939,-0.08835805347908927,0.0,0.0,0.0,0.0,0.0,0.0,0.0,0.0,-0.43921392141013216,-0.8459607780457364,0.0,0.0,0.4,1.0,0.6763433160902349,1.367211219012335,1.5,0.42857142857142855,0.0,0.0,0.5093842420185072,0.5555555555555556,0.0,Generic,1
-0.008307749981448684,119,1,5,-0.34836848541674165,-0.45815690999132613,-0.6172090301216083,-0.7445687201666262,0.45254724258694085,0.0,-0.11507936507936507,0.4927636086025248,-0.7475927608105515,0.0,0.0,-0.07874879450489872,-0.001722195177383939,-0.08835805347908927,0.0,0.0,0.0,0.0,0.0,0.0,0.0,0.0,-0.43921392141013216,-0.8459607780457364,0.0,0.0,2.2,1.0,1.4734045760589989,2.456962315881736,8.5,3.4285714285714284,0.0,0.0,1.4649735207179266,2.5555555555555554,0.0,Generic,1
1.4144416542496367,113,2,4,1.610034999020141,1.2130308314799134,0.6930096934618255,0.4363816911397844,-0.4131981010820641,-1.1614583333333333,0.0,-0.4047133285201018,0.27145521096609215,1.7924812503605783,2.52371901428583,0.6849053863661388,0.7580169671478174,0.8481042663895328,0.8553849368483599,1.0,1.9880457618627392,0.9296685441743764,1.0,0.010357306376423037,0.014914757833956214,0.006325727602137424,-0.47056861402790745,0.09818920902194765,0.0,0.0,-0.4,-1.0,0.8769514395748775,0.0,0.0,0.14285714285714285,0.6931471805599453,0.0,0.6309297535714571,-0.3333333333333333,0.0,Normal,0
0.797854562659451,113,6,4,0.5377054001731342,0.3533506529659227,0.3015643451379659,0.05846526410373137,-0.555553794527742,0.0,0.8849206349206349,-0.43990707016840574,0.06626261746008741,0.792481250360578,0.6309297535714575,0.8993682143701026,1.101948098851871,0.9144576104652491,1.005959785668682,1.0,0.6759121155615835,1.3785054901256926,1.0,2.4212011609098427,2.3460076658101205,2.637184103729248,0.7471616811348237,0.004884408081456099,0.0,0.0,-0.2,0.0,-0.32365668390976504,0.0,0.0,0.0,0.0,0.0,-0.2618595071429149,-0.1111111111111111,0.0,Fuzzers,1
-0.008319273536993108,119,6,5,-0.34836848541674165,-0.45815690999132613,0.28300847213190833,-0.7445687201666262,0.6200559375313737,0.0,-0.11507936507936507,0.9036177998216489,-0.7475927608105515,0.0,0.0,-0.08021654507559085,-0.001722195177383939,-0.08835805347908927,0.0,0.0,0.0,0.0,0.0,0.0,0.0,0.0,3.559647378078725,-0.8459607780457364,0.0,0.0,-0.3,1.0,-0.32365668390976504,0.0,0.0,-0.14285714285714285,0.0,0.0,-0.6309297535714572,-0.2222222222222222,0.0,Fuzzers,1
0.3967554211120904,113,3,4,0.7492222027586747,0.3533506529659227,1.142996292817342,0.08383207580414302,-0.4331974935450978,-1.1614583333333333,0.0,-0.10959778645332531,0.16357254989903403,1.160964047443681,0.6309297535714575,0.6439741314627336,0.9532085179147259,0.8427108064404237,0.8825130386879133,1.0,0.9535708564105251,0.09921210643829971,1.0,0.007438490579618048,0.01297575342261985,0.002649254383387293,3.886653662186586,0.04051761522183967,0.0,0.0,-0.2,-1.0,0.22963807175534715,0.0,0.0,0.14285714285714285,0.0,0.0,0.0,-0.1111111111111111,0.0,Normal,0
-0.008317352939600908,119,1,5,-0.34836848541674165,-0.45815690999132613,-0.6172090301216083,-0.7445687201666262,0.5710626891769315,0.0,-0.11507936507936507,0.6040869325983536,-0.7475927608105515,0.0,0.0,-0.07997131065090231,-0.001722195177383939,-0.08835805347908927,0.0,0.0,0.0,0.0,0.0,0.0,0.0,0.0,-0.43921392141013216,-0.8459607780457364,0.0,0.0,2.4,1.0,1.4302461952399894,2.3979556934315798,8.0,3.7142857142857144,0.0,0.0,1.369070246428542,2.7777777777777777,0.0,Generic,1
2.8244276858325965,113,7,4,1.1500759201006077,1.282697795904182,0.33630217293460263,0.8421312719756633,-0.5655142414203501,-1.0,0.8849206349206349,-0.6343785420427298,0.4421710027810802,1.5,3.125749857257015,1.126744569726158,0.9756845582963715,1.0247006945063002,1.744936191900974,1.0,0.15897559099561964,1.7127290264065655,1.0,2.4472465136638966,3.4002522601240686,1.8008910896410808,-0.7803887437003589,0.6867027870593466,0.0,0.0,-0.4,0.0,-0.32365668390976504,0.0,0.0,-0.2857142857142857,0.0,0.0,-0.6309297535714572,-0.3333333333333333,0.0,Exploits,1
-0.00830967056923797,120,6,5,-0.34836848541674165,-0.45815690999132613,-0.3913767846054552,-0.7445687201666262,0.4686820524374373,0.0,-0.11507936507936507,0.5717193517729767,-0.7475927608105515,0.0,0.0,-0.07899281188509567,-0.001722195177383939,-0.08835805347908927,0.0,0.0,0.0,0.0,0.0,0.0,0.0,0.0,0.5607860785898678,-0.8459607780457364,0.0,0.0,0.5,1.0,0.5532947556651122,1.0,1.5,1.1428571428571428,0.0,0.0,0.36907024642854247,0.6666666666666666,0.0,DoS,1
-0.008315432344129296,119,6,5,-0.34836848541674165,-0.45815690999132613,-0.4615104146933044,-0.7445687201666262,0.5363014692156571,0.0,-0.11507936507936507,0.6154463239543455,-0.7475927608105515,0.0,0.0,-0.07972632060535206,-0.001722195177383939,-0.08835805347908927,0.0,0.0,0.0,0.0,0.0,0.0,0.0,0.0,0.2498499789758582,-0.8459607780457364,0.0,0.0,-0.4,1.0,0.0,0.0,0.0,-0.2857142857142857,0.0,0.0,-0.2618595071429149,-0.3333333333333333,0.0,Reconnaissance,1
-0.008315432344129296,119,1,5,-0.34836848541674165,-0.45815690999132613,-0.6172090301216083,-0.7445687201666262,0.5363014692156571,0.0,-0.11507936507936507,0.571435250794517,-0.7475927608105515,0.0,0.0,-0.07972632060535206,-0.001722195177383939,-0.08835805347908927,0.0,0.0,0.0,0.0,0.0,0.0,0.0,0.0,-0.43921392141013216,-0.8459607780457364,0.0,0.0,-0.1,1.0,0.4077591983577853,1.0,1.5,0.14285714285714285,0.0,0.0,0.2031140135750122,0.0,0.0,Generic,1
-0.008307749981448684,119,6,5,-0.34836848541674165,-0.45815690999132613,-0.7690725526017784,-0.7445687201666262,0.45254724258694085,0.0,-0.11507936507936507,0.4496918450399435,-0.7475927608105515,0.0,0.0,-0.07874879450489872,-0.001722195177383939,-0.08835805347908927,0.0,0.0,0.0,0.0,0.0,0.0,0.0,0.0,-1.1090870498780045,-0.8459607780457364,0.0,0.0,1.6,1.0,0.5532947556651122,1.1989778467157899,0.0,2.5714285714285716,0.0,0.0,0.36907024642854247,1.8888888888888888,0.0,Normal,0
-0.002891656644660354,113,6,4,0.22946445519383787,0.45815690999132636,-0.20204045500411894,0.3386822794954637,0.05330000788849641,-1.1614583333333333,0.0,0.0018684705047980702,0.7876659103454668,0.5,1.0,0.019302408559801677,0.06926780449821945,0.33602757751541296,0.08907429314873427,1.0,0.5309570262668745,1.612842344763899,1.0,0.007740468423526179,0.013494655411427652,0.0027634394747460584,-0.5680436705367541,0.3701508076849187,0.0,0.0,0.1,-1.0,0.5532947556651122,0.0,0.0,0.14285714285714285,0.0,0.0,0.36907024642854247,0.4444444444444444,0.0,Normal,0
-0.00830967056923797,119,1,5,-0.34836848541674165,-0.45815690999132613,-0.6172090301216083,-0.7445687201666262,0.4686820524374373,0.0,-0.11507936507936507,0.5079193111961406,-0.7475927608105515,0.0,0.0,-0.07899281188509567,-0.001722195177383939,-0.08835805347908927,0.0,0.0,0.0,0.0,0.0,0.0,0.0,0.0,-0.43921392141013216,-0.8459607780457364,0.0,0.0,0.8,1.0,0.8769514395748775,1.51294159473206,1.5,0.5714285714285714,0.0,0.0,0.6309297535714571,1.0,0.0,Generic,1
1.6143325975310814,113,6,4,0.5377054001731342,0.45815690999132636,0.026627704067271322,0.09828264867786968,-0.6483687488817174,0.0,0.8849206349206349,-0.6231307430811768,0.005376467551951799,0.792481250360578,0.6309297535714575,1.1487049665475169,1.2832272735488361,1.0558200472003438,1.162945392632233,1.0,1.4183311246979673,2.019047929909998,1.0,2.0110961532875575,1.5750875988559254,2.462922862463444,-0.47056861402790745,0.0,0.0,0.0,-0.4,0.0,-0.32365668390976504,0.0,0.0,-0.14285714285714285,0.0,0.0,-0.6309297535714572,-0.3333333333333333,0.0,Reconnaissance,1
-0.008305829395579967,107,6,5,-0.34836848541674165,-0.45815690999132613,-0.3913767846054552,-0.7445687201666262,0.4383153396651112,0.0,-0.11507936507936507,0.5431953692758632,-0.7475927608105515,0.0,0.0,-0.07850501908545554,-0.001722195177383939,-0.08835805347908927,0.0,0.0,0.0,0.0,0.0,0.0,0.0,0.0,0.5607860785898678,-0.8459607780457364,0.0,0.0,-0.3,1.0,0.0,0.4425070493497599,0.5,-0.14285714285714285,0.0,0.0,0.0,-0.2222222222222222,0.0,Exploits,1
0.0031851566274087692,113,6,4,1.097590688175416,0.884218572951153,0.5688192392732331,0.37724086735355233,0.11766345466436182,-1.1614583333333333,0.0,0.14886461192657985,0.7483781913612609,1.403677461028802,1.7712437491614224,-0.026524985800971616,0.05089234719817484,0.2638525370947182,0.06015425549268844,1.0,1.4129345676143146,0.351015202155037,1.0,0.008243748734818108,0.014696285342127397,0.0026720914473277162,0.372819180453224,0.18616974288816254,0.0,0.0,0.2,-1.0,0.22963807175534715,0.0,0.0,0.0,0.0,0.0,0.0,-0.2222222222222222,0.0,Normal,0
0.37891649537256517,113,3,4,0.7492222027586747,0.3533506529659227,1.142996292817342,0.08383207580414302,-0.42724682158903393,-1.1614583333333333,0.0,-0.10394089296252966,0.16855384126287182,1.160964047443681,0.6309297535714575,0.6323790794685346,0.9411146587298288,0.8407698472914653,0.8829307810069995,1.0,2.095608100643912,0.11486910892729761,1.0,0.019172550194614224,0.01374044765090593,0.023307462236213158,3.886653662186586,0.04051761522183967,0.0,0.0,0.0,-1.0,0.6763433160902349,0.0,0.0,0.14285714285714285,0.0,0.0,0.2031140135750122,-0.2222222222222222,0.0,Normal,0
0.0487757382240464,113,6,4,1.7059078740998568,1.269664472948575,0.7754961013265274,0.8046936692642115,0.036964533369743084,-1.1614583333333333,0.0,0.026643846030344143,0.8874165952039148,1.5,2.9299470414358546,0.022834823198572125,0.09584093361298197,0.35495113549908947,0.7244468433353,1.0,1.0221273653858824,1.0317051468564533,1.0,0.00942637828116973,0.01647132377766009,0.003334356368829698,-0.34829468806360164,0.635930398904418,0.0,0.0,-0.1,-1.0,0.0,0.0,0.0,-0.14285714285714285,0.0,0.0,-0.2618595071429149,0.2222222222222222,0.0,Normal,0
0.03606180479448598,113,6,4,0.8345798913950238,0.769769518893221,0.4324341822099622,0.318375243233886,-0.08913812794751139,-1.1614583333333333,0.0,-0.046133818350851036,0.5701373216562564,1.160964047443681,1.4649735207179273,0.14818479624934172,0.20898776042707115,0.4929429025432874,0.2658235599102203,1.0,1.2968029885861987,1.3111059890367591,1.0,0.007388160234768842,0.012675331977597704,0.0028091133514498573,0.4879337673292106,0.1589236300357197,0.0,0.0,0.6,-1.0,0.8769514395748775,1.367211219012335,0.0,0.42857142857142855,0.0,0.0,0.9207988315012231,0.7777777777777778,0.0,Normal,0
3.068877292132516,113,6,4,0.8345798913950238,0.769769518893221,0.4324341822099622,0.318375243233886,-0.695769925093242,-1.1614583333333333,0.0,-0.6287049886130595,0.057086445582658206,1.160964047443681,1.4649735207179273,1.29128164282775,1.3601337493828778,1.1424722076119174,1.3043296062591918,1.0,1.7105352064485448,1.6209827906428296,1.0,0.01914740849071812,0.038226655765973123,0.0027862764245150337,0.4879337673292106,0.1589236300357197,0.0,0.0,1.5,-1.0,0.7829328274204592,2.3979556934315798,0.0,0.14285714285714285,0.0,0.0,1.4182843521034598,0.2222222222222222,0.0,Normal,0
-0.008307749981448684,119,6,5,-0.34836848541674165,-0.45815690999132613,0.28300847213190833,-0.7445687201666262,0.45254724258694085,0.0,-0.11507936507936507,0.7462745136064591,-0.7475927608105515,0.0,0.0,-0.07874879450489872,-0.001722195177383939,-0.08835805347908927,0.0,0.0,0.0,0.0,0.0,0.0,0.0,0.0,3.559647378078725,-0.8459607780457364,0.0,0.0,-0.3,1.0,-0.32365668390976504,0.0,0.0,-0.14285714285714285,0.0,0.0,-0.6309297535714572,-0.2222222222222222,0.0,Fuzzers,1
1.2697221272446328,113,6,4,0.5377054001731342,0.3533506529659227,0.046190270995105746,0.05846526410373137,-0.6241556525040625,0.0,0.8849206349206349,-0.5791423572161915,0.006845452760813229,0.792481250360578,0.6309297535714575,1.0541108077992378,1.2475627488775363,0.9895545989248778,1.1282037785446304,1.0,0.5452510314471906,1.6989572014590444,1.0,3.222281729115158,4.109272276898595,2.7790034251575015,-0.3780945298881316,0.004884408081456099,0.0,0.0,0.0,0.0,-0.32365668390976504,0.0,0.0,0.0,0.0,0.0,-0.6309297535714572,-0.1111111111111111,0.0,Normal,0
-0.008305829395579967,119,1,5,-0.34836848541674165,-0.45815690999132613,-0.6172090301216083,-0.7445687201666262,0.4383153396651112,0.0,-0.11507936507936507,0.479395323795663,-0.7475927608105515,0.0,0.0,-0.07850501908545554,-0.001722195177383939,-0.08835805347908927,0.0,0.0,0.0,0.0,0.0,0.0,0.0,0.0,-0.43921392141013216,-0.8459607780457364,0.0,0.0,2.2,1.0,0.4077591983577853,1.0,1.5,3.4285714285714284,0.0,0.0,0.2031140135750122,2.5555555555555554,0.0,Generic,1
1.963999005354124,113,6,4,0.7492222027586747,0.5418430900086738,0.4041738668185257,0.21650929037076266,-0.648132381143424,0.0,0.8849206349206349,-0.5476396021473584,0.06068417599935059,0.792481250360578,1.0,1.981771887762182,2.152418551990549,1.5675711697437893,2.0427112033061583,1.0,0.4218814907168924,1.8807953626275256,1.0,1.3280396056478851,2.1037331257011047,0.7020188771411563,0.613556169260453,0.13335158627940197,0.0,0.0,-0.3,0.0,0.0,0.4425070493497599,0.5,-0.14285714285714285,0.0,0.0,-0.2618595071429149,-0.2222222222222222,0.0,Fuzzers,1
2.844236814249494,113,9,4,1.097590688175416,0.8115075629572489,1.1195935404550559,0.32799278271770443,-0.6502804891846785,0.0,0.8849206349206349,-0.4164806733734851,0.0792699070049766,1.6609640474436813,2.0000000000000004,1.1502868842947591,1.2732340305048846,1.06266828452047,1.1703136312672169,1.0,0.5009312319198739,1.5049443151644204,1.0,3.8678984691808163,2.9077824134758066,5.048102233909547,2.811662749426394,0.1515561612435413,0.0,0.0,-0.4,0.0,-0.32365668390976504,0.0,0.0,-0.2857142857142857,0.0,0.0,-0.6309297535714572,-0.3333333333333333,0.0,Generic,1
1.613967035668461,113,6,4,0.7492222027586747,0.45815690999132636,1.0346718817522476,0.09828264867786968,-0.6244766852136585,0.0,0.8849206349206349,-0.33658399820373314,0.005409809958249051,1.160964047443681,0.6309297535714575,1.049185312635175,1.2795407356545916,1.0615378506622828,1.1622584084314351,1.0,0.008040039890871738,1.0325732827510965,1.0,1.982991718369046,2.0611215705505757,2.0150797117503836,3.4043157958292483,0.0,0.0,0.0,0.4,0.0,-0.32365668390976504,0.4425070493497599,0.0,-0.14285714285714285,0.0,0.0,0.0,-0.2222222222222222,0.0,Fuzzers,1
1.189840745966156,113,6,4,0.5377054001731342,0.45815690999132636,0.004561481689690244,0.09828264867786968,-0.5998327692548279,0.0,0.8849206349206349,-0.5808555624898009,0.048057116693768075,0.792481250360578,0.6309297535714575,1.0321858450535262,1.1669324295550945,0.9976915874546424,1.0818550495773438,1.0,1.222006860501547,1.703428097357597,1.0,1.8560111753977162,2.032093503961932,1.792298516390295,-0.5680436705367541,0.0,0.0,0.0,0.0,0.0,0.0,0.4425070493497599,0.5,0.0,0.0,0.0,-0.2618595071429149,-0.1111111111111111,0.0,Normal,0
0.4988704406638838,113,6,4,0.5377054001731342,0.3533506529659227,-0.033457605902220154,0.05846526410373137,-0.491338436487304,0.0,0.8849206349206349,-0.4720087977071281,0.1207929344206719,0.792481250360578,0.6309297535714575,0.7743457660128635,0.976358963651041,0.8368407858501101,0.8950884031096434,1.0,0.25107002899078634,2.055973059627244,1.0,0.950658885838834,1.1898438762813834,0.7619843599243402,-0.7067928360657771,0.004884408081456099,0.0,0.0,0.7,0.0,0.0,0.4425070493497599,0.0,1.2857142857142858,0.0,0.0,-0.2618595071429149,0.8888888888888888,0.0,Normal,0
1.6137293418712064,113,9,4,1.4349593957967595,0.8494457411744992,1.648175095350868,0.33988909252564814,-0.5004054063504108,-1.0,0.8849206349206349,-0.1588588328329627,0.18252789538032346,2.084962500721156,2.0000000000000004,0.793534895636037,1.008469295135617,0.9003436000768419,0.935889465659918,1.0,1.2212786900671928,1.58788786194419,1.0,1.2382959632027084,1.8484913496439375,0.7495662300248631,4.243810008432777,0.14904504275592237,0.0,0.0,-0.4,0.0,-0.32365668390976504,0.0,0.0,-0.2857142857142857,0.0,0.0,0.9999999999999998,-0.3333333333333333,0.0,Exploits,1
0.2416732408473669,113,6,2,0.22946445519383787,0.0,0.2571338484613416,-0.10355692410079358,-0.4896252268421104,-1.0,0.8849206349206349,-0.311049903494669,0.0334718696744267,0.792481250360578,0.6309297535714575,0.7454611285463087,0.0004898572618131637,0.8453798495141966,0.0,1.0,1.4540155555956107,1.846402895528214,1.0,1.3523181770637227,2.035948787148077,0.8085474194023825,1.46739088925654,-0.004994179198341338,0.0,0.0,0.0,2.0,0.0,0.4425070493497599,0.0,0.2857142857142857,0.0,0.0,-0.2618595071429149,0.1111111111111111,0.0,Normal,0
-0.008177154517236614,119,6,5,-0.34836848541674165,-0.45815690999132613,-0.01958015873240473,-0.7445687201666262,0.18052623707103377,-0.9895833333333334,-0.11507936507936507,0.4059464951563227,-0.7475927608105515,0.0,0.0,-0.06269930682919278,-0.001722195177383939,-0.08835805347908927,0.0,0.0,0.0,0.0,0.0,0.0,0.0,0.0,2.2162867280035323,-0.8459607780457364,0.0,0.0,3.5,-1.0,2.0873539877834175,3.2963608394973845,19.5,5.285714285714286,0.0,0.0,2.11837945887704,4.0,0.0,Normal,0
1.252058673144289,113,6,4,0.7492222027586747,0.45815690999132636,1.1396304294180268,0.09828264867786968,-0.5833632558425071,0.0,0.8849206349206349,-0.2664682099601664,0.04120890474734835,1.160964047443681,0.6309297535714575,0.9605180291851038,1.1829781991029986,0.9843311440612134,1.085953679164308,1.0,0.10109219663714966,2.044394419042776,1.0,2.2287871645224215,2.23424247283333,2.3518444470291517,3.8696455229952624,0.0,0.0,0.0,0.1,0.0,-0.32365668390976504,0.4425070493497599,0.0,-0.14285714285714285,0.0,0.0,0.0,-0.2222222222222222,0.0,Fuzzers,1
-0.008305829395579967,119,1,5,-0.34836848541674165,-0.45815690999132613,-0.6172090301216083,-0.7445687201666262,0.4383153396651112,0.0,-0.11507936507936507,0.479395323795663,-0.7475927608105515,0.0,0.0,-0.07850501908545554,-0.001722195177383939,-0.08835805347908927,0.0,0.0,0.0,0.0,0.0,0.0,0.0,0.0,-0.43921392141013216,-0.8459607780457364,0.0,0.0,4.6,1.0,1.3846203144649547,2.335575477358633,4.5,6.857142857142857,0.0,0.0,1.3170424160196508,5.222222222222222,0.0,Generic,1
-0.008319273536993108,119,1,5,-0.34836848541674165,-0.45815690999132613,-0.6172090301216083,-0.7445687201666262,0.6200559375313737,0.0,-0.11507936507936507,0.6501068934843124,-0.7475927608105515,0.0,0.0,-0.08021654507559085,-0.001722195177383939,-0.08835805347908927,0.0,0.0,0.0,0.0,0.0,0.0,0.0,0.0,-0.43921392141013216,-0.8459607780457364,0.0,0.0,1.8,1.0,1.3846203144649547,2.335575477358633,7.5,2.857142857142857,0.0,0.0,1.3170424160196508,2.111111111111111,0.0,Generic,1
-0.00830390881163182,120,6,5,-0.34836848541674165,-0.45815690999132613,-0.3913767846054552,-0.7445687201666262,0.4255844927666367,0.0,-0.11507936507936507,0.5312370374218088,-0.7475927608105515,0.0,0.0,-0.07826148514739853,-0.001722195177383939,-0.08835805347908927,0.0,0.0,0.0,0.0,0.0,0.0,0.0,0.0,0.5607860785898678,-0.8459607780457364,0.0,0.0,0.0,1.0,0.22963807175534715,0.7564707973660301,1.0,0.2857142857142857,0.0,0.0,0.0,0.1111111111111111,0.0,Exploits,1
1.2483424854581333,113,6,4,0.7492222027586747,0.6115100544329425,0.23208267908679178,0.19136523758359178,-0.5626472694418215,0.0,0.8849206349206349,-0.5207952801211116,0.11119747915910481,1.160964047443681,1.4649735207179273,0.9709128078483437,1.0752547198098121,0.9495945829828512,0.9635837442759468,1.0,1.792659731492355,1.557570669840884,1.0,1.2225622608722986,1.8850351857166765,0.6873741007098464,-0.1524442348363692,0.05639805666657745,0.0,0.0,-0.1,0.0,-0.32365668390976504,0.0,0.0,0.0,0.0,0.0,-0.6309297535714572,-0.1111111111111111,0.0,Normal,0
1.7699632451047245,113,9,4,1.610034999020141,1.110385368881512,1.7204592225135051,0.42178195165877125,-0.4668252455486055,-1.1614583333333333,0.0,-0.15362809400575295,0.22793746937894796,2.1239637567217926,2.0000000000000004,0.7625624574475455,0.8974045341421084,0.890449863990587,0.9023816576194323,1.0,0.5253769585391349,1.62381616024525,1.0,0.007677556970013507,0.013467345026113025,0.0026720914473277162,4.094290324778895,0.13062478370534697,0.0,0.0,-0.4,-1.0,0.4077591983577853,0.0,0.0,-0.2857142857142857,0.0,0.0,-0.6309297535714572,-0.1111111111111111,0.0,Normal,0
3.6621552820754877,78,6,6,0.4008537173419332,-0.45815690999132613,0.572177214101719,-0.7445687201666262,-0.8694514893935696,0.0,-0.11507936507936507,-0.6397389518731398,-0.7475927608105515,0.0,0.0,1.6138118995751634,-0.001722195177383939,0.7847710061492751,0.0,0.0,0.0,0.0,0.0,0.0,0.0,0.0,2.3534516672592405,-0.8459607780457364,0.0,0.0,-0.4,5.0,-0.32365668390976504,0.0,0.0,2.857142857142857,0.0,0.0,-0.2618595071429149,-0.3333333333333333,0.0,DoS,1
-0.008305829395579967,12,6,5,-0.34836848541674165,-0.45815690999132613,-0.3913767846054552,-0.7445687201666262,0.4383153396651112,0.0,-0.11507936507936507,0.5431953692758632,-0.7475927608105515,0.0,0.0,-0.07850501908545554,-0.001722195177383939,-0.08835805347908927,0.0,0.0,0.0,0.0,0.0,0.0,0.0,0.0,0.5607860785898678,-0.8459607780457364,0.0,0.0,-0.2,1.0,-0.32365668390976504,0.0,0.0,0.14285714285714285,0.0,0.0,-0.2618595071429149,-0.1111111111111111,0.0,Exploits,1
-0.008321194136305905,119,1,5,-0.34836848541674165,-0.45815690999132613,-0.6172090301216083,-0.7445687201666262,0.7038105267032175,0.0,-0.11507936507936507,0.7287785364230093,-0.7475927608105515,0.0,0.0,-0.08046202436744408,-0.001722195177383939,-0.08835805347908927,0.0,0.0,0.0,0.0,0.0,0.0,0.0,0.0,-0.43921392141013216,-0.8459607780457364,0.0,0.0,1.3,1.0,1.4302461952399894,2.335575477358633,7.5,2.142857142857143,0.0,0.0,1.3170424160196508,1.5555555555555556,0.0,Generic,1
-0.0062787618260528606,119,1,2,-0.34836848541674165,0.0,-0.5179170842831736,0.0,-0.0056894025030375835,-1.1614583333333333,0.0,-0.034312842660234974,0.5930824301278735,0.0,0.0,-0.07850501908545554,0.0,-0.08835805347908927,0.0,0.0,0.0,0.0,0.0,0.0,0.0,0.0,0.0,0.1540392219542636,0.0,0.0,-0.2,-1.0,-0.32365668390976504,0.0,0.0,0.0,0.0,0.0,-0.6309297535714572,-0.1111111111111111,0.0,Normal,0
1.114515375494717,113,6,4,1.1988088925548503,0.7233848262955236,1.5355982336125418,0.22377403132732074,-0.48104201724067797,0.0,0.8849206349206349,-0.13346307621605608,0.15106627977279408,1.7924812503605783,1.4649735207179273,0.7588813013910898,0.9520138657465665,0.8966618864290615,0.9355438645938926,1.0,2.015779390459779,1.6258818728254976,1.0,1.216711343296921,1.4152959748930165,1.0774106990825194,4.386155625904306,0.04051761522183967,0.0,0.0,0.0,0.0,-0.32365668390976504,0.0,0.0,0.2857142857142857,0.0,0.0,-0.6309297535714572,0.1111111111111111,0.0,Normal,0
1.0258350997397285,113,4,4,0.5377054001731342,0.3533506529659227,0.20167897486331024,0.05846526410373137,-0.591904027653921,0.0,0.8849206349206349,-0.5035438350256214,0.0349764571394384,0.792481250360578,0.6309297535714575,0.9772297858489961,1.207602786992572,0.9673895200086139,1.1228806327364662,1.0,2.1199708029413604,0.9479227131414308,1.0,1.4232326807910702,1.2825006923095323,1.579986386542572,0.31238281579411015,0.004884408081456099,0.0,0.0,-0.4,0.0,-0.32365668390976504,0.0,0.0,-0.2857142857142857,0.0,0.0,-0.2618595071429149,-0.3333333333333333,0.0,Reconnaissance,1
-0.008313511750578272,119,6,5,-0.34836848541674165,-0.45815690999132613,0.28300847213190833,-0.7445687201666262,0.5093385986249094,0.0,-0.11507936507936507,0.7996195445010122,-0.7475927608105515,0.0,0.0,-0.07948157445237129,-0.001722195177383939,-0.08835805347908927,0.0,0.0,0.0,0.0,0.0,0.0,0.0,0.0,3.559647378078725,-0.8459607780457364,0.0,0.0,3.0,1.0,1.170482450127475,1.9554486440818202,0.0,4.571428571428571,0.0,0.0,0.9999999999999998,3.4444444444444446,0.0,Normal,0
0.07763965408698303,113,6,4,1.2442905051512971,1.110385368881512,0.5949333643002177,0.7547946474508612,-0.07775465341488276,-1.1614583333333333,0.0,-0.0732726277561197,0.8102328324337639,1.292481250360578,2.52371901428583,0.1510586461821578,0.18199741563794888,0.47883604757511206,0.8910570540513275,1.0,1.1397362484224536,0.07692005215362019,1.0,0.007639809947010286,0.013139618273160448,0.0028776239952498675,0.09490872243418404,0.6450588054038604,0.0,0.0,0.4,-1.0,0.6763433160902349,1.367211219012335,0.0,0.42857142857142855,0.0,0.0,0.7381404928570852,1.0,0.0,Normal,0
2.3956498326959696,113,7,4,1.4349593957967595,1.6504613698418928,0.4990689566815463,0.9941215518947668,-0.4373995343540018,-1.0,0.8849206349206349,-0.5530649220139459,0.5789667093232671,1.5,3.953902087805561,0.9455742684645493,0.6847498536835764,0.9275184094635841,1.5240154185571375,1.0,1.5188889052696348,1.6840229760505736,1.0,2.2371168115030584,3.5934735030794966,1.1990516813430645,-0.8571173182969516,0.724052077025372,0.0,0.0,-0.4,0.0,-0.32365668390976504,0.0,0.0,-0.2857142857142857,0.0,0.0,-0.6309297535714572,-0.3333333333333333,0.0,Exploits,1
-0.008305829395579967,119,1,5,-0.34836848541674165,-0.45815690999132613,-0.6172090301216083,-0.7445687201666262,0.4383153396651112,0.0,-0.11507936507936507,0.479395323795663,-0.7475927608105515,0.0,0.0,-0.07850501908545554,-0.001722195177383939,-0.08835805347908927,0.0,0.0,0.0,0.0,0.0,0.0,0.0,0.0,-0.43921392141013216,-0.8459607780457364,0.0,0.0,2.6,1.0,1.7237772057925873,2.7992745841871196,6.5,4.0,0.0,0.0,1.703787765901335,3.0,0.0,Generic,1
-0.006422659136161216,119,1,2,-0.34836848541674165,0.0,-0.5179170842831736,0.0,0.0031313867014753586,-1.1614583333333333,0.0,-0.0260245626890521,0.6003816065933335,0.0,0.0,-0.07874879450489872,-0.0007366131141869122,-0.08835805347908927,0.0,0.0,0.0,0.0,0.0,0.0,0.0,0.0,0.0,0.1540392219542636,0.0,0.0,0.0,-1.0,0.22963807175534715,0.7564707973660301,0.0,0.0,0.0,0.0,0.36907024642854247,-0.1111111111111111,0.0,Normal,0
0.08191218784256142,113,3,4,0.7492222027586747,0.45815690999132636,1.142996292817342,0.12411474690200526,-0.23074565767076025,-1.1614583333333333,0.0,0.07034190144473124,0.3549099256592517,1.160964047443681,0.6309297535714575,0.2997727202638494,0.5046645158752049,0.6680405017624912,0.5961746112558016,1.0,1.9460071589082513,2.1184779350071303,1.0,0.008419892090897147,0.01477821273127035,0.002923297643613282,3.886653662186586,0.04051761522183967,0.0,0.0,-0.2,-1.0,0.5532947556651122,0.0,0.0,0.7142857142857143,0.0,0.0,0.2031140135750122,-0.1111111111111111,0.0,Normal,0
-0.00830390881163182,52,6,5,-0.34836848541674165,-0.45815690999132613,-0.3913767846054552,-0.7445687201666262,0.4255844927666367,0.0,-0.11507936507936507,0.5312370374218088,-0.7475927608105515,0.0,0.0,-0.07826148514739853,-0.001722195177383939,-0.08835805347908927,0.0,0.0,0.0,0.0,0.0,0.0,0.0,0.0,0.5607860785898678,-0.8459607780457364,0.0,0.0,0.1,1.0,0.0,0.4425070493497599,0.5,0.42857142857142855,0.0,0.0,-0.2618595071429149,0.2222222222222222,0.0,DoS,1
1.8426508596507973,113,4,4,0.5377054001731342,0.5418430900086738,0.17081225709354053,0.26860645521147136,-0.6582773897190296,-1.0,0.8849206349206349,-0.6053005060977494,0.10691916136819891,0.792481250360578,1.0,1.1974724278302984,1.26453542928596,1.1022723150149993,1.1633567686665338,1.0,0.4309091453444241,0.6518611305992396,1.0,2.736658808109393,2.8773780333917163,2.8267609490676606,0.18506997831189842,0.21234485790091354,0.6931471805599453,4.9344739331306915,0.0,0.0,0.6763433160902349,1.1989778467157899,2.0,0.2857142857142857,0.0,3.258096538021482,0.5093842420185072,0.2222222222222222,0.0,Analysis,1
1.0717774167429879,113,6,4,2.1841815985554334,1.5620260151809524,1.0890998991054153,0.6384451247415253,-0.2654858810106572,-1.1614583333333333,0.0,-0.24979423388982233,0.45067189985067635,2.477098155193438,3.1826583386441385,0.4058123766307145,0.4799222892771696,0.6753873586765596,1.2617736025543824,1.0,0.2628737414763871,0.26582692465107105,1.0,0.007828543930314536,0.013330792690084674,0.0030603180406919,-0.23378958374346237,0.22164460900181487,0.0,0.0,0.4,-1.0,0.0,0.0,0.0,-0.2857142857142857,0.0,0.0,-0.2618595071429149,0.2222222222222222,0.0,Normal,0
2.1488876211094965,113,2,4,1.610034999020141,1.2130308314799134,0.6930096934618255,0.4363816911397844,-0.4890217918790679,-1.1614583333333333,0.0,-0.4769709134138337,0.2078197585484257,1.7924812503605783,2.52371901428583,0.8362674641103469,0.9098436133691387,0.9068315243367474,0.9199883832039041,1.0,0.9127953990656219,0.925035472324829,1.0,0.008658939846757687,0.015160537299270218,0.003037481364929742,-0.47056861402790745,0.09818920902194765,0.0,0.0,-0.4,-1.0,0.4077591983577853,0.0,0.0,-0.14285714285714285,0.6931471805599453,0.0,0.5093842420185072,-0.2222222222222222,0.0,Normal,0
1.248899473973012,113,4,4,0.9786866579525125,1.0696669644242687,0.6214416930213637,0.779842394776895,-0.4655737589480559,-1.0,0.8849206349206349,-0.408900230975805,0.5270184520749445,1.403677461028802,2.5789019231625665,0.8791625850626941,0.7894613352632307,0.9158833094099657,1.5929678732638202,1.0,1.420121327575103,0.712100961292129,1.0,1.150401722177462,1.3188455478840266,1.0321571852836187,0.9306605487738514,0.706058190957803,0.6931471805599453,4.700480365792417,-0.4,0.0,-0.32365668390976504,0.0,0.0,-0.2857142857142857,0.0,0.6931471805599453,-0.6309297535714572,-0.3333333333333333,0.0,Exploits,1
-0.008301988229604236,119,6,5,-0.34836848541674165,-0.45815690999132613,0.6685849689894379,-0.7445687201666262,0.414068041885026,0.0,-0.11507936507936507,0.8183993831563674,-0.7475927608105515,0.0,0.0,-0.07801819221278322,-0.001722195177383939,-0.08835805347908927,0.0,0.0,0.0,0.0,0.0,0.0,0.0,0.0,5.277340216438256,-0.8459607780457364,0.0,0.0,-0.3,1.0,-0.32365668390976504,0.0,0.0,-0.2857142857142857,0.0,0.0,-0.6309297535714572,-0.3333333333333333,0.0,Fuzzers,1
1.6868598126751944,113,6,4,0.7492222027586747,0.6711877414712396,0.17380817515784822,0.20848239974255728,-0.603262979139085,0.0,0.8849206349206349,-0.5857297580467341,0.08165313544776871,1.160964047443681,1.4649735207179273,1.0749367015769131,1.1444201242417569,1.0260307864220437,1.0225471963377715,1.0,1.3077077325402298,0.7794916266065326,1.0,1.3426010495341225,1.745077318701143,1.0399275363572993,-0.4083952327752013,0.048599655760280025,0.0,0.0,-0.1,0.0,-0.32365668390976504,0.0,0.0,0.0,0.0,0.0,-0.6309297535714572,-0.1111111111111111,0.0,Normal,0
0.021934527716532818,113,6,4,1.5281000098563435,1.1648582159231715,0.6818325513655169,0.7380716359707514,0.08273344406483096,-1.1614583333333333,0.0,0.07260682784388758,0.9047196539901927,1.5,2.6309297535714578,-0.007945697900731668,0.06800080593540489,-0.08835805347908927,0.6190432174593656,1.0,1.372746730642553,0.3152847822072156,1.0,0.008432473664888925,0.014696285342127397,0.0030146446663339333,-0.2901332125177142,0.58963426433378,0.0,0.0,0.3,-1.0,-0.32365668390976504,0.0,0.0,-0.2857142857142857,0.0,0.0,-0.6309297535714572,0.0,0.0,Normal,0
-0.008305829395579967,119,6,5,-0.34836848541674165,-0.45815690999132613,-0.7690725526017784,-0.7445687201666262,0.4383153396651112,0.0,-0.11507936507936507,0.4363235575908942,-0.7475927608105515,0.0,0.0,-0.07850501908545554,-0.001722195177383939,-0.08835805347908927,0.0,0.0,0.0,0.0,0.0,0.0,0.0,0.0,-1.1090870498780045,-0.8459607780457364,0.0,0.0,0.5,1.0,-0.32365668390976504,0.0,0.0,1.0,0.0,0.0,-0.6309297535714572,0.6666666666666666,0.0,Normal,0
0.8156301907115032,113,6,4,0.5377054001731342,0.3533506529659227,0.04345288599831532,0.05846526410373137,-0.558677620636415,0.0,0.8849206349206349,-0.5153359108998679,0.06358826367675244,0.792481250360578,0.6309297535714575,0.9177754657265039,1.109471834885339,0.9265077836053079,1.0446652838696828,1.0,0.039377022072573126,1.9163482677959394,1.0,1.8491647987295698,2.361550207630758,1.5012265397708866,-0.3780945298881316,0.004884408081456099,0.0,0.0,-0.2,0.0,0.0,0.4425070493497599,0.0,0.0,0.0,0.0,-0.2618595071429149,-0.1111111111111111,0.0,Normal,0
-0.008305829395579967,119,1,5,-0.34836848541674165,-0.45815690999132613,-0.6172090301216083,-0.7445687201666262,0.4383153396651112,0.0,-0.11507936507936507,0.479395323795663,-0.7475927608105515,0.0,0.0,-0.07850501908545554,-0.001722195177383939,-0.08835805347908927,0.0,0.0,0.0,0.0,0.0,0.0,0.0,0.0,-0.43921392141013216,-0.8459607780457364,0.0,0.0,3.2,1.0,2.026699331724111,3.2134331132477665,7.0,4.857142857142857,0.0,0.0,2.049214105674917,3.6666666666666665,0.0,Generic,1
-0.008301988229604236,119,1,5,-0.34836848541674165,-0.45815690999132613,-0.6172090301216083,-0.7445687201666262,0.414068041885026,0.0,-0.11507936507936507,0.4566193649962678,-0.7475927608105515,0.0,0.0,-0.07801819221278322,-0.001722195177383939,-0.08835805347908927,0.0,0.0,0.0,0.0,0.0,0.0,0.0,0.0,-0.43921392141013216,-0.8459607780457364,0.0,0.0,0.7,1.0,0.22963807175534715,0.7564707973660301,1.0,0.0,0.0,0.0,0.0,0.8888888888888888,0.0,Generic,1
0.002335406565754455,119,6,2,0.0,0.21303083147991342,0.029480958153664708,0.07649325167804336,-0.10305438081361373,-1.1614583333333333,0.0,-0.021776012375729032,0.5218337430788427,0.0,0.0,0.14868815916052103,0.2059087315140493,0.057137785105576426,0.21896729079008487,0.0,0.0,0.0,0.0,0.0,0.0,0.0,1.1876802819286516,0.1193701448363572,0.0,0.0,0.4,-1.0,0.6763433160902349,0.0,0.0,0.14285714285714285,0.0,0.0,0.7381404928570852,0.5555555555555556,0.0,Normal,0
-0.008315432344129296,119,6,5,-0.34836848541674165,-0.45815690999132613,0.28300847213190833,-0.7445687201666262,0.5363014692156571,0.0,-0.11507936507936507,0.8249461566873861,-0.7475927608105515,0.0,0.0,-0.07972632060535206,-0.001722195177383939,-0.08835805347908927,0.0,0.0,0.0,0.0,0.0,0.0,0.0,0.0,3.559647378078725,-0.8459607780457364,0.0,0.0,2.9,1.0,0.4077591983577853,1.0,0.0,4.428571428571429,0.0,0.0,0.2031140135750122,3.3333333333333335,0.0,Normal,0
0.06818397291199335,113,6,4,1.769889585545543,1.3076026511658256,0.8107718739312452,0.8284407589352949,0.012427501066345874,-1.1614583333333333,0.0,0.0029172743687870596,0.8743428258962843,1.5,3.0331032563043374,0.040893041605479796,0.11423317526414956,0.3684310768681193,0.7455053657560093,1.0,0.666287873950044,1.7557828221242853,1.0,0.007350412344092115,0.012893820628828314,0.0025579058992808764,-0.3780945298881316,0.6519957697723183,0.0,0.0,0.1,-1.0,0.0,0.0,0.0,-0.2857142857142857,0.0,0.0,0.2031140135750122,-0.2222222222222222,0.0,Normal,0
-0.008313511750578272,119,1,5,-0.34836848541674165,-0.45815690999132613,-0.6172090301216083,-0.7445687201666262,0.5093385986249094,0.0,-0.11507936507936507,0.5461086388303764,-0.7475927608105515,0.0,0.0,-0.07948157445237129,-0.001722195177383939,-0.08835805347908927,0.0,0.0,0.0,0.0,0.0,0.0,0.0,0.0,-0.43921392141013216,-0.8459607780457364,0.0,0.0,3.7,1.0,1.03713393259921,1.8604881976177823,4.5,5.571428571428571,0.0,0.0,0.9207988315012231,4.222222222222222,0.0,Generic,1
-0.008319273536993108,126,6,5,-0.34836848541674165,-0.45815690999132613,-0.3913767846054552,-0.7445687201666262,0.6200559375313737,0.0,-0.11507936507936507,0.7139069348750571,-0.7475927608105515,0.0,0.0,-0.08021654507559085,-0.001722195177383939,-0.08835805347908927,0.0,0.0,0.0,0.0,0.0,0.0,0.0,0.0,0.5607860785898678,-0.8459607780457364,0.0,0.0,0.0,1.0,0.0,0.4425070493497599,0.5,0.2857142857142857,0.0,0.0,-0.2618595071429149,0.1111111111111111,0.0,Exploits,1
0.0632924488706857,113,6,4,1.8283801083473694,1.3423754829424792,0.8416925078112841,0.8427881089322753,0.03099868475195177,-1.1614583333333333,0.0,0.01939560797197562,0.8911874122836816,1.5,3.125749857257015,0.02390880705750187,0.10021754109158267,0.34172773168581455,0.7111162752819377,1.0,2.063852238503516,2.0809323286585304,1.0,0.010206349739726646,0.018164329917675526,0.003334356368829698,-0.3780945298881316,0.6553847047485201,0.0,0.0,-0.3,-1.0,-0.32365668390976504,0.0,0.0,-0.2857142857142857,0.0,0.0,0.5093842420185072,0.1111111111111111,0.0,Normal,0
0.04272761578623303,113,6,4,1.7492222027586741,1.2953361082771666,0.7982201423562775,0.8215973040878183,0.058415613649523954,-1.1614583333333333,0.0,0.046013299950169284,0.9106360263053608,1.5,3.0000000000000004,0.0059616729143390544,0.0833329700648692,0.3096887908873703,0.6580446656702853,1.0,1.0853272449631763,1.0954912426171615,1.0,0.009250249006111062,0.016553245844739932,0.002946134433544149,-0.3780945298881316,0.6480201427877528,0.0,0.0,0.5,-1.0,0.0,0.0,0.0,-0.14285714285714285,0.0,0.0,0.0,0.5555555555555556,0.0,Normal,0
5.298210012571368,113,6,6,1.0407268123902522,-0.45815690999132613,0.25388199504909376,-0.7445687201666262,-0.8590409767854447,0.0,-0.11507936507936507,-0.8265216902263057,-0.7475927608105515,2.2297158093186487,0.0,1.5326454782275352,-0.001722195177383939,0.7783227726058218,0.0,1.0,0.0,0.0,0.0,0.0,0.0,0.0,-0.8571173182969516,-0.8459607780457364,0.0,0.0,1.2,5.0,0.4077591983577853,0.7564707973660301,1.0,1.5714285714285714,0.0,0.0,0.0,1.2222222222222223,0.0,Normal,0
-0.008317352939600908,83,6,5,-0.34836848541674165,-0.45815690999132613,-0.3913767846054552,-0.7445687201666262,0.5710626891769315,0.0,-0.11507936507936507,0.6678869693421029,-0.7475927608105515,0.0,0.0,-0.07997131065090231,-0.001722195177383939,-0.08835805347908927,0.0,0.0,0.0,0.0,0.0,0.0,0.0,0.0,0.5607860785898678,-0.8459607780457364,0.0,0.0,0.9,1.0,0.4077591983577853,1.0,1.5,0.14285714285714285,0.0,0.0,0.6309297535714571,1.1111111111111112,0.0,Fuzzers,1
1.4270258419967186,119,6,2,0.0,0.45815690999132636,0.7001126280086719,0.5006492683045632,-0.6769390002000711,0.0,0.12301587301587301,-0.43457383633368774,0.3034837974190161,0.0,0.0,1.2456418952835966,1.1995412934977525,0.6354151677506934,1.1832164731815362,0.0,0.0,0.0,0.0,0.0,0.0,0.0,4.170599778280257,0.6201336093203078,0.0,0.0,-0.2,-1.0,-0.32365668390976504,0.0,0.0,-0.2857142857142857,0.0,0.0,-0.2618595071429149,-0.3333333333333333,0.0,Exploits,1
0.9792101908706845,113,6,4,0.7492222027586747,0.5418430900086738,0.15444806945077616,0.162937388895502,-0.5352186369272774,0.0,0.8849206349206349,-0.5064877322671859,0.12134316026995899,1.160964047443681,1.261859507142915,0.8851228026344914,1.0450129905200036,0.8968798793238633,0.9346415362767676,1.0,0.3594892183576376,1.9500428014148876,1.0,1.3286060729946887,1.5084855376661381,1.2128523224075087,-0.5024782856813175,0.05253306148099389,0.0,0.0,0.1,0.0,-0.32365668390976504,0.0,0.0,-0.2857142857142857,0.0,0.0,-0.6309297535714572,0.2222222222222222,0.0,Fuzzers,1
6.89121017823907,119,6,5,0.0,-0.45815690999132613,0.5631599059458328,-0.7445687201666262,-0.9557018411028624,0.0,-0.11507936507936507,-0.8653181371237427,-0.7475927608105515,0.0,0.0,2.2237902486939993,-0.001722195177383939,1.137254833045715,0.0,0.0,0.0,0.0,0.0,0.0,0.0,0.0,3.559647378078725,-0.8459607780457364,0.0,0.0,-0.1,1.0,-0.32365668390976504,0.0,0.0,-0.2857142857142857,0.0,0.0,-0.6309297535714572,0.0,0.0,Fuzzers,1
0.11415508239247171,113,6,4,1.8468128909340906,1.3423754829424792,0.8514954806630197,0.8430184216685876,-0.03377825853871207,-1.1614583333333333,0.0,-0.04023650197990522,0.836376112569128,1.5,3.125749857257015,0.07840592868007562,0.15616112056028736,0.4233793777628596,0.19394225573279944,1.0,1.1335401743295803,1.1537693629876367,1.0,0.007262333492376234,0.012893820628828314,0.0023980451729604343,-0.3780945298881316,0.6559015227061347,0.0,0.0,0.1,-1.0,0.5532947556651122,0.0,0.0,-0.2857142857142857,0.0,0.0,-0.2618595071429149,0.5555555555555556,0.0,Normal,0
0.9865214125359907,113,6,4,0.5377054001731342,0.45815690999132636,0.026627704067271322,0.09828264867786968,-0.5716362730528378,0.0,0.8849206349206349,-0.5469811097018434,0.07242839923632663,0.792481250360578,0.6309297535714575,0.9852980897453624,1.1266899864466045,0.9972615708245176,1.0330903135687333,1.0,1.0933003878195502,1.6110000251387608,1.0,0.7118748495679541,0.23498288554404964,1.1042369304384114,-0.47056861402790745,0.0,0.0,0.0,-0.4,0.0,-0.32365668390976504,0.0,0.0,-0.2857142857142857,0.0,0.0,-0.6309297535714572,-0.3333333333333333,0.0,Reconnaissance,1
-0.00830390881163182,126,6,5,-0.34836848541674165,-0.45815690999132613,-0.3913767846054552,-0.7445687201666262,0.4255844927666367,0.0,-0.11507936507936507,0.5312370374218088,-0.7475927608105515,0.0,0.0,-0.07826148514739853,-0.001722195177383939,-0.08835805347908927,0.0,0.0,0.0,0.0,0.0,0.0,0.0,0.0,0.5607860785898678,-0.8459607780457364,0.0,0.0,0.7,1.0,0.4077591983577853,1.0,1.5,0.14285714285714285,0.0,0.0,0.36907024642854247,0.8888888888888888,0.0,DoS,1
-0.006409228264376415,119,1,2,-0.34836848541674165,0.0,-0.5179170842831736,0.0,0.0022802971705485004,-1.1614583333333333,0.0,-0.02682426313397772,0.5996773446347037,0.0,0.0,-0.07948157445237129,-0.0007366131141869122,-0.08835805347908927,0.0,0.0,0.0,0.0,0.0,0.0,0.0,0.0,0.0,0.1540392219542636,0.0,0.0,-0.4,-1.0,-0.32365668390976504,0.0,0.0,-0.14285714285714285,0.0,0.0,0.0,-0.3333333333333333,0.0,Normal,0
-0.008305829395579967,119,1,5,-0.34836848541674165,-0.45815690999132613,-0.6172090301216083,-0.7445687201666262,0.4383153396651112,0.0,-0.11507936507936507,0.479395323795663,-0.7475927608105515,0.0,0.0,-0.07850501908545554,-0.001722195177383939,-0.08835805347908927,0.0,0.0,0.0,0.0,0.0,0.0,0.0,0.0,-0.43921392141013216,-0.8459607780457364,0.0,0.0,2.3,1.0,1.170482450127475,1.9554486440818202,5.0,3.5714285714285716,0.0,0.0,0.9999999999999998,2.6666666666666665,0.0,Generic,1
0.9293965682045098,113,4,4,0.5377054001731342,0.3533506529659227,0.2099520446906656,0.05846526410373137,-0.5774303868384862,0.0,0.8849206349206349,-0.4869048031193846,0.04747976862889447,0.792481250360578,0.6309297535714575,0.956082577642577,1.1655707314408352,0.950576827347627,1.081299271868845,1.0,1.2496733825220694,0.13099702031394025,1.0,1.6838129424134982,1.8252432368430664,1.6308680937720315,0.3528979901017422,0.004884408081456099,0.6931471805599453,0.0,-0.4,0.0,-0.32365668390976504,0.0,0.0,-0.2857142857142857,0.0,0.6931471805599453,-0.6309297535714572,-0.3333333333333333,0.0,Exploits,1
-0.008313511750578272,119,1,5,-0.34836848541674165,-0.45815690999132613,-0.6172090301216083,-0.7445687201666262,0.5093385986249094,0.0,-0.11507936507936507,0.5461086388303764,-0.7475927608105515,0.0,0.0,-0.07948157445237129,-0.001722195177383939,-0.08835805347908927,0.0,0.0,0.0,0.0,0.0,0.0,0.0,0.0,-0.43921392141013216,-0.8459607780457364,0.0,0.0,2.8,1.0,1.937915070130067,3.0920462747246633,7.5,4.285714285714286,0.0,0.0,1.9479721695911079,3.2222222222222223,0.0,Generic,1
-0.00830967056923797,119,1,5,-0.34836848541674165,-0.45815690999132613,-0.6172090301216083,-0.7445687201666262,0.4686820524374373,0.0,-0.11507936507936507,0.5079193111961406,-0.7475927608105515,0.0,0.0,-0.07899281188509567,-0.001722195177383939,-0.08835805347908927,0.0,0.0,0.0,0.0,0.0,0.0,0.0,0.0,-0.43921392141013216,-0.8459607780457364,0.0,0.0,0.8,1.0,0.7829328274204592,1.51294159473206,1.0,0.5714285714285714,0.0,0.0,0.6309297535714571,1.0,0.0,Generic,1
1.7303610676808046,113,6,4,0.5377054001731342,0.45815690999132636,0.2587500227971251,0.09828264867786968,-0.6599375985670956,0.0,0.8849206349206349,-0.5697419003212223,-0.0049750665420131915,0.792481250360578,0.6309297535714575,1.1621454085721974,1.2978094705746872,1.052357970211841,1.2100090871340137,1.0,0.5294626619629187,0.4331800396776489,1.0,2.681632286431707,3.2746258608273227,2.384767965586253,0.5607860785898678,0.0,0.0,0.0,0.3,0.0,0.22963807175534715,0.4425070493497599,0.0,0.14285714285714285,0.0,0.0,0.2031140135750122,0.6666666666666666,0.0,Normal,0
-0.008319273536993108,119,1,5,-0.34836848541674165,-0.45815690999132613,-0.6172090301216083,-0.7445687201666262,0.6200559375313737,0.0,-0.11507936507936507,0.6501068934843124,-0.7475927608105515,0.0,0.0,-0.08021654507559085,-0.001722195177383939,-0.08835805347908927,0.0,0.0,0.0,0.0,0.0,0.0,0.0,0.0,-0.43921392141013216,-0.8459607780457364,0.0,0.0,4.0,1.0,2.143723443929434,3.3734297923498424,8.5,6.0,0.0,0.0,2.1826583386441376,4.555555555555555,0.0,Generic,1
-0.008313511750578272,119,1,5,-0.34836848541674165,-0.45815690999132613,-0.6172090301216083,-0.7445687201666262,0.5093385986249094,0.0,-0.11507936507936507,0.5461086388303764,-0.7475927608105515,0.0,0.0,-0.07948157445237129,-0.001722195177383939,-0.08835805347908927,0.0,0.0,0.0,0.0,0.0,0.0,0.0,0.0,-0.43921392141013216,-0.8459607780457364,0.0,0.0,1.1,1.0,1.3846203144649547,2.335575477358633,7.5,1.8571428571428572,0.0,0.0,1.369070246428542,1.3333333333333333,0.0,Generic,1
0.4790005565253575,113,4,4,0.5377054001731342,0.3533506529659227,0.16980866578617618,0.05846526410373137,-0.48596336092981013,0.0,0.8849206349206349,-0.40982303904852213,0.12532611418734654,0.792481250360578,0.6309297535714575,0.7795859486716462,0.9690321731647161,0.8440306414510977,0.9439272471026173,1.0,0.9183003320761592,0.3019706596009669,1.0,0.7145634820376299,0.5999546323708215,0.8121405241298845,0.1629488494531197,0.004884408081456099,0.6931471805599453,0.0,-0.3,0.0,-0.32365668390976504,0.0,0.0,-0.2857142857142857,0.0,0.6931471805599453,0.36907024642854247,-0.3333333333333333,0.0,Exploits,1
0.6885203182244013,113,4,4,0.5377054001731342,0.45815690999132636,-0.004613514922256566,0.09828264867786968,-0.5202171413734743,0.0,0.8849206349206349,-0.505953187457893,0.1163268123285332,0.792481250360578,0.6309297535714575,0.8704469838409621,0.9929350258163666,0.9335902996632858,0.9772102824262048,1.0,0.6704224105952398,1.6729010901865957,1.0,1.1744285843802051,1.3600040231908685,1.0433098689428748,-0.6017427710050841,0.0,0.6931471805599453,0.0,0.4,0.0,0.0,0.4425070493497599,0.0,0.7142857142857143,0.0,0.6931471805599453,-0.2618595071429149,0.4444444444444444,0.0,Fuzzers,1
2.3523700550202187,113,9,4,1.9786866579525122,1.0,2.096229473643529,0.36629617250585106,-0.490376561702471,-1.0,0.8849206349206349,-0.09963630428809532,0.1424043990680842,2.713132377351049,2.0000000000000004,0.7399224192356898,1.0733784378797662,0.9027946744724568,0.9680024352319117,1.0,0.34982207525208703,1.88651544270965,1.0,1.0508685110589202,0.9758337566689221,1.1294014139647834,4.778585288922636,0.10751498103753417,0.0,0.0,-0.4,0.0,1.6924698362904478,0.0,0.0,0.0,0.0,0.0,-0.2618595071429149,-0.3333333333333333,0.0,Exploits,1
-0.008305829395579967,120,6,5,-0.34836848541674165,-0.45815690999132613,-0.3913767846054552,-0.7445687201666262,0.4383153396651112,0.0,-0.11507936507936507,0.5431953692758632,-0.7475927608105515,0.0,0.0,-0.07850501908545554,-0.001722195177383939,-0.08835805347908927,0.0,0.0,0.0,0.0,0.0,0.0,0.0,0.0,0.5607860785898678,-0.8459607780457364,0.0,0.0,0.1,1.0,-0.32365668390976504,0.0,0.0,0.42857142857142855,0.0,0.0,0.5093842420185072,0.2222222222222222,0.0,Backdoor,1
-0.00830390881163182,90,6,5,-0.34836848541674165,-0.45815690999132613,-0.3913767846054552,-0.7445687201666262,0.4255844927666367,0.0,-0.11507936507936507,0.5312370374218088,-0.7475927608105515,0.0,0.0,-0.07826148514739853,-0.001722195177383939,-0.08835805347908927,0.0,0.0,0.0,0.0,0.0,0.0,0.0,0.0,0.5607860785898678,-0.8459607780457364,0.0,0.0,0.1,1.0,0.0,0.4425070493497599,0.5,0.42857142857142855,0.0,0.0,-0.2618595071429149,0.2222222222222222,0.0,DoS,1
0.7510066012972371,113,6,4,2.608052522512402,2.0792764308628358,1.2993494267519061,1.1521571018499506,-0.09262336028313574,-1.1614583333333333,0.0,-0.14012154753097816,0.8532134385814286,2.2297158093186487,4.813588092215596,0.20093033616391565,0.1824404377971459,0.5111968379631109,0.8894671806823228,1.0,1.8817241119438346,0.8241871580410997,1.0,0.008835077394143019,0.014723594499136128,0.0037225717053618536,-0.4083952327752013,0.7392831494763176,0.0,0.0,0.4,-1.0,0.22963807175534715,0.4425070493497599,0.0,0.5714285714285714,0.0,0.0,0.0,0.6666666666666666,0.0,Normal,0
0.35268402738487953,113,6,4,1.7899490151489268,1.319518673007226,0.8197350571421668,0.8333167062639296,-0.18043938730418535,-1.1614583333333333,0.0,-0.17918973633760324,0.7151569664498987,1.5,3.065044752110663,0.26508736983586717,0.33986272524180716,0.5724619891158396,1.089729356900775,1.0,1.8062090327771354,0.7761894643426198,1.0,0.008243748734818108,0.01483283085422728,0.0025579058992808764,-0.3780945298881316,0.6530440340820826,0.0,0.0,-0.2,-1.0,0.0,0.0,0.0,-0.2857142857142857,0.0,0.0,0.0,0.6666666666666666,0.0,Normal,0
1.4140881918221568,113,4,4,0.5377054001731342,0.7233848262955236,0.17678206421362191,0.5969055250035645,-0.582626936670534,-1.0,0.8849206349206349,-0.559273445402013,0.3787077593559844,0.792481250360578,1.6309297535714575,1.1021497393908521,1.0449906306102374,1.051659289318562,1.7673251093105324,1.0,0.30459886162519273,0.00025374337958659015,1.0,1.5447569671295858,1.8862082700575007,1.310841515812499,0.2069229656690273,0.6152289882576549,0.6931471805599453,8.54714026778419,-0.4,0.0,0.0,0.0,0.0,-0.2857142857142857,0.0,0.6931471805599453,-0.6309297535714572,-0.1111111111111111,0.0,Exploits,1
1.2296004968586787,113,4,4,0.5377054001731342,0.45815690999132636,0.36890560162670016,0.09828264867786968,-0.604895707799366,0.0,0.8849206349206349,-0.48353928485571324,0.043652408058959945,0.792481250360578,0.6309297535714575,1.0518114572302955,1.1714130988355973,1.0011610171432206,1.100471364704734,1.0,0.6037961699302427,1.3618724918508058,1.0,2.1031446286023128,2.6455942202092984,1.760856357279422,1.0569818108072753,0.0,0.6931471805599453,0.0,0.0,0.0,-0.32365668390976504,0.7564707973660301,0.0,-0.2857142857142857,0.0,0.6931471805599453,0.0,-0.3333333333333333,0.0,Exploits,1
-0.008313511750578272,119,1,5,-0.34836848541674165,-0.45815690999132613,-0.6172090301216083,-0.7445687201666262,0.5093385986249094,0.0,-0.11507936507936507,0.5461086388303764,-0.7475927608105515,0.0,0.0,-0.07948157445237129,-0.001722195177383939,-0.08835805347908927,0.0,0.0,0.0,0.0,0.0,0.0,0.0,0.0,-0.43921392141013216,-0.8459607780457364,0.0,0.0,1.2,1.0,0.7829328274204592,1.51294159473206,1.5,0.5714285714285714,0.0,0.0,0.6309297535714571,1.4444444444444444,0.0,Generic,1
1.068141458270617,113,4,4,0.5377054001731342,0.45815690999132636,0.17973424585654124,0.2797626806572319,-0.5834641117639777,-1.0,0.8849206349206349,-0.5155614146967976,0.18871496816677,0.792481250360578,1.0,1.0097614821065295,1.0913330687691294,0.9751967822973943,1.0043703539777336,1.0,1.6537301669623834,1.8642442375855481,1.0,2.950965400095685,4.349552642611512,2.0013998352750324,0.2069229656690273,0.27910792572799364,0.6931471805599453,5.424950017481403,-0.2,0.0,0.0,0.4425070493497599,0.5,0.0,0.0,1.6094379124341003,-0.2618595071429149,-0.1111111111111111,0.0,Normal,0
1.3282859844549322,113,4,4,0.7492222027586747,0.769769518893221,0.4685650615090426,0.5798381518925964,-0.5474298638003281,-1.1614583333333333,0.0,-0.46398922188872843,0.37627791608649225,1.0,1.4649735207179273,0.9914086264945602,1.0096160181538887,1.0563713835055237,1.86592502293766,1.0,1.2124400438307583,1.224167077600924,1.0,0.008382147293482703,0.014532429826888894,0.0030603180406919,0.8865069284623087,0.5626752627177299,0.6931471805599453,8.275121630216509,-0.3,-1.0,0.4077591983577853,0.0,0.0,-0.2857142857142857,0.0,0.6931471805599453,0.0,-0.2222222222222222,0.0,Normal,0
1.850304809526132,113,6,2,0.22946445519383787,0.0,0.26276242762349455,-0.10355692410079358,-0.764283338185837,-1.0,0.8849206349206349,-0.5889418701069916,-0.2122778624116869,0.792481250360578,0.6309297535714575,1.3430351695420166,-0.0002452935909269949,1.1352627546856024,0.0,1.0,0.8077851048136517,0.9543743755101997,1.0,6.964219504682205,12.463519932792996,3.404791725482953,1.499489945792001,-0.004994179198341338,0.0,0.0,-0.1,2.0,-0.32365668390976504,0.0,0.0,0.0,0.0,0.0,-0.6309297535714572,-0.1111111111111111,0.0,Normal,0
0.865333507412908,113,6,4,0.5377054001731342,0.3533506529659227,0.6308705489734856,0.05846526410373137,-0.5671207867796136,0.0,0.8849206349206349,-0.3587189113843726,0.05634749107863083,0.792481250360578,0.6309297535714575,0.9451317466943481,1.1258677458681312,0.9265657904062143,1.025157020082327,1.0,1.7237826167722923,1.1671735356265338,1.0,1.969788061900626,2.5945530253361246,1.5399678806419574,2.2162867280035323,0.004884408081456099,0.0,0.0,-0.1,0.0,-0.32365668390976504,0.0,0.0,0.14285714285714285,0.0,0.0,-0.2618595071429149,0.1111111111111111,0.0,Normal,0
1.5130090021848401,113,6,4,0.5377054001731342,0.45815690999132636,0.026627704067271322,0.09828264867786968,-0.63775158233394,0.0,0.8849206349206349,-0.6124180964817408,0.014808818616912349,0.792481250360578,0.6309297535714575,1.1189574414276695,1.2317170644742197,1.0540311014668182,1.1058880422004298,1.0,1.3946398893741083,0.32584393917971377,1.0,2.926890538530947,4.5308286622357565,1.786554256959928,-0.47056861402790745,0.0,0.0,0.0,-0.3,0.0,-0.32365668390976504,0.0,0.0,-0.2857142857142857,0.0,0.0,-0.6309297535714572,-0.3333333333333333,0.0,Reconnaissance,1
-0.0061636517399409705,119,1,2,-0.34836848541674165,0.0,-0.5179170842831736,0.0,-0.012309602533174164,-1.1614583333333333,0.0,-0.040533519414474715,0.5876041148656631,0.0,0.0,-0.07777513980508265,0.0004898572618131637,-0.08835805347908927,0.0,0.0,0.0,0.0,0.0,0.0,0.0,0.0,0.0,0.1540392219542636,0.0,0.0,0.1,-1.0,0.0,0.4425070493497599,0.0,-0.2857142857142857,0.0,0.0,0.2031140135750122,-0.2222222222222222,0.0,Normal,0
0.47039183394946044,113,4,4,0.5377054001731342,0.45815690999132636,0.19037820460483681,0.3038811721796903,-0.4687129620561467,-1.0,0.8849206349206349,-0.40172942093615543,0.3031717557807434,0.792481250360578,1.0,0.7747813422582404,0.9040821670574584,0.8333074098248797,0.8512075726790195,1.0,0.6274756391221332,2.0362233641606666,1.0,0.8051528234534857,0.4018875923755149,1.1409629927065745,0.27093617704673073,0.31655697272629746,0.6931471805599453,5.75890177387728,-0.4,0.0,2.0873539877834175,0.0,0.0,5.285714285714286,0.0,0.6931471805599453,2.11837945887704,-0.3333333333333333,0.0,Exploits,1
-0.008307749981448684,119,1,5,-0.34836848541674165,-0.45815690999132613,-0.6172090301216083,-0.7445687201666262,0.45254724258694085,0.0,-0.11507936507936507,0.4927636086025248,-0.7475927608105515,0.0,0.0,-0.07874879450489872,-0.001722195177383939,-0.08835805347908927,0.0,0.0,0.0,0.0,0.0,0.0,0.0,0.0,-0.43921392141013216,-0.8459607780457364,0.0,0.0,0.1,1.0,0.6763433160902349,1.367211219012335,2.5,0.42857142857142855,0.0,0.0,0.5093842420185072,0.2222222222222222,0.0,Generic,1
-0.008313511750578272,45,6,5,-0.34836848541674165,-0.45815690999132613,-0.43376602531467034,-0.7445687201666262,0.5093385986249094,0.0,-0.11507936507936507,0.5979503468479368,-0.7475927608105515,0.0,0.0,-0.07948157445237129,-0.001722195177383939,-0.08835805347908927,0.0,0.0,0.0,0.0,0.0,0.0,0.0,0.0,0.372819180453224,-0.8459607780457364,0.0,0.0,-0.1,1.0,0.22963807175534715,1.0,1.0,0.0,0.0,0.0,0.2031140135750122,-0.1111111111111111,0.0,Analysis,1
0.10991944239511268,113,6,4,0.0,0.21303083147991342,-0.452049232637971,-0.004893694869609846,-0.3962311406288606,0.0,0.8849206349206349,-0.433677048615873,0.22156877691407947,0.0,0.0,0.6801022344994343,0.7629293940750093,0.34383076164970267,0.7154966704345289,1.0,1.5050990090299345,0.8135176125181979,1.0,0.0,0.0,0.0,-0.9372571510220334,-0.004994179198341338,0.0,0.0,0.4,0.0,0.4077591983577853,1.0,1.5,0.2857142857142857,0.0,0.0,0.8340437671464698,0.1111111111111111,0.0,Normal,0
0.03719501304846914,113,6,4,1.7059078740998568,1.269664472948575,0.7754961013265274,0.7965897906109971,0.06471378074182221,-1.1614583333333333,0.0,0.05271477453168656,0.9047326017297054,1.5,2.9299470414358546,0.0021737323456719566,0.07834122658811753,0.3051639292382592,0.6454648548162777,1.0,1.7443794264220058,0.6834124577059393,1.0,0.009527022474936867,0.016553245844739932,0.003448538035144342,-0.34829468806360164,0.6234438233155026,0.0,0.0,0.7,-1.0,0.4077591983577853,0.0,0.0,-0.2857142857142857,0.0,0.0,-0.2618595071429149,0.8888888888888888,0.0,Normal,0
1.3230060212337016,113,6,4,0.6516315145832584,0.45815690999132636,0.4642213159329601,0.10461026186376869,-0.6035787701690226,0.0,0.8849206349206349,-0.46600893452402414,0.03809916892282677,1.0,1.0,1.0218462888508761,1.1985752491796586,0.9772000585785146,1.0842931712269106,1.0,1.6319332336998602,0.09165075607948656,1.0,2.1548338960288285,2.662727244632868,1.8488824484038913,1.149455894947051,0.009663766942513193,0.0,0.0,-0.1,0.0,-0.32365668390976504,0.0,0.0,-0.2857142857142857,0.0,0.0,-0.2618595071429149,-0.3333333333333333,0.0,Exploits,1
4.411496727418326,113,9,4,3.221525129684265,1.498287116337767,2.929837371643504,0.4934119695636732,-0.4431490517129575,-1.0,0.8849206349206349,-0.01362625313564148,0.10196758050628192,4.0620606559145935,2.0000000000000004,0.6161097944159006,1.0909825788256988,0.8579056250577489,0.9649844480160285,1.0,1.0664746764893238,0.07618064535566081,1.0,2.433348527878034,2.8574998162178704,2.2385459367428937,5.193223137449479,0.03636363219109059,0.0,0.0,-0.4,0.0,-0.32365668390976504,0.0,0.0,-0.2857142857142857,0.0,0.0,-0.2618595071429149,-0.3333333333333333,0.0,Exploits,1
-0.008305829395579967,119,1,5,-0.34836848541674165,-0.45815690999132613,-0.6172090301216083,-0.7445687201666262,0.4383153396651112,0.0,-0.11507936507936507,0.479395323795663,-0.7475927608105515,0.0,0.0,-0.07850501908545554,-0.001722195177383939,-0.08835805347908927,0.0,0.0,0.0,0.0,0.0,0.0,0.0,0.0,-0.43921392141013216,-0.8459607780457364,0.0,0.0,3.2,1.0,2.026699331724111,3.2134331132477665,7.5,4.857142857142857,0.0,0.0,2.049214105674917,3.6666666666666665,0.0,Generic,1
-0.008305829395579967,120,6,5,-0.34836848541674165,-0.45815690999132613,-0.3913767846054552,-0.7445687201666262,0.4383153396651112,0.0,-0.11507936507936507,0.5431953692758632,-0.7475927608105515,0.0,0.0,-0.07850501908545554,-0.001722195177383939,-0.08835805347908927,0.0,0.0,0.0,0.0,0.0,0.0,0.0,0.0,0.5607860785898678,-0.8459607780457364,0.0,0.0,0.3,1.0,0.0,0.4425070493497599,0.5,0.7142857142857143,0.0,0.0,-0.2618595071429149,0.4444444444444444,0.0,Reconnaissance,1
1.0504000585835969,113,4,4,0.5377054001731342,0.3533506529659227,0.36644133146333785,0.05846526410373137,-0.5954137641751233,0.0,0.8849206349206349,-0.4606461374278618,0.03193418736221162,0.792481250360578,0.6309297535714575,0.990601515200206,1.1829231880939584,0.9645747721611914,1.0718028071584664,1.0,0.06069045351141264,1.4647725008426797,1.0,2.5768353000315893,3.433189430406134,2.0360855834192693,1.0433753357839823,0.004884408081456099,0.6931471805599453,0.0,-0.4,0.0,-0.32365668390976504,0.0,0.0,-0.2857142857142857,0.0,0.6931471805599453,0.0,-0.2222222222222222,0.0,Exploits,1
-0.008305829395579967,120,6,5,-0.34836848541674165,-0.45815690999132613,-0.3913767846054552,-0.7445687201666262,0.4383153396651112,0.0,-0.11507936507936507,0.5431953692758632,-0.7475927608105515,0.0,0.0,-0.07850501908545554,-0.001722195177383939,-0.08835805347908927,0.0,0.0,0.0,0.0,0.0,0.0,0.0,0.0,0.5607860785898678,-0.8459607780457364,0.0,0.0,0.0,1.0,-0.32365668390976504,0.0,0.0,0.2857142857142857,0.0,0.0,0.0,0.1111111111111111,0.0,DoS,1
0.5622494292319038,113,6,4,0.5377054001731342,0.3533506529659227,0.07259096856055225,0.05846526410373137,-0.5073084914867529,0.0,0.8849206349206349,-0.4576360177353901,0.107299718577275,0.792481250360578,0.6309297535714575,0.8227021947897941,1.0077382915985824,0.8636090611156746,0.9448645856320941,1.0,1.8874843431053467,0.3517804122008586,1.0,0.9077761193716066,1.3831316963450206,0.515858130952586,-0.26174129687409003,0.004884408081456099,0.0,0.0,-0.4,0.0,-0.32365668390976504,0.0,0.0,-0.2857142857142857,0.0,0.0,0.0,-0.3333333333333333,0.0,Shellcode,1
-0.008305829395579967,119,1,5,-0.34836848541674165,-0.45815690999132613,-0.6172090301216083,-0.7445687201666262,0.4383153396651112,0.0,-0.11507936507936507,0.479395323795663,-0.7475927608105515,0.0,0.0,-0.07850501908545554,-0.001722195177383939,-0.08835805347908927,0.0,0.0,0.0,0.0,0.0,0.0,0.0,0.0,-0.43921392141013216,-0.8459607780457364,0.0,0.0,0.1,1.0,0.22963807175534715,0.7564707973660301,1.0,0.0,0.0,0.0,0.0,0.2222222222222222,0.0,Generic,1
1.234633497707983,113,4,4,0.5377054001731342,0.6115100544329425,0.15860160623081457,0.5473463493129715,-0.5811697570775338,-1.0,0.8849206349206349,-0.5432581643422625,0.36063350756629803,0.792481250360578,1.4649735207179273,1.0566321110023027,1.0582244323784058,0.9901389876513376,1.8195722957803315,1.0,1.163690777265998,1.2478251806129006,1.0,2.053456384491179,2.228274510321289,2.0140968745738186,0.1178752671973285,0.6024718780923416,0.6931471805599453,8.17526610411206,-0.4,0.0,-0.32365668390976504,0.0,0.0,-0.2857142857142857,0.0,0.6931471805599453,-0.6309297535714572,-0.3333333333333333,0.0,DoS,1
0.9289828065132821,113,6,4,0.5377054001731342,0.45815690999132636,0.026627704067271322,0.09828264867786968,-0.5628154861064544,0.0,0.8849206349206349,-0.5383785109147587,0.08000360241071677,0.792481250360578,0.6309297535714575,0.9649750790921496,1.1071460686419297,0.9945813293964946,1.0311412671535354,1.0,1.513126194362045,0.05932911600659112,1.0,0.2915809521765955,0.30913555710465546,0.2736188242743808,-0.47056861402790745,0.0,0.0,0.0,-0.4,0.0,-0.32365668390976504,0.0,0.0,-0.2857142857142857,0.0,0.0,-0.2618595071429149,-0.3333333333333333,0.0,Reconnaissance,1
-0.0026675938412763825,113,3,4,0.22946445519383787,0.45815690999132636,-0.20204045500411894,0.3383789841280494,0.04840943040044538,-1.1614583333333333,0.0,-0.0027263116136563652,0.7833780144827781,0.5,1.0,0.02284498772940159,0.07294414485645404,0.33885507270645066,0.09697843985483212,1.0,0.9521501719467177,0.962792236746781,1.0,0.0089734694526742,0.012893820628828314,0.005503710423996461,-0.5680436705367541,0.36921509421150095,0.0,0.0,-0.2,-1.0,0.4077591983577853,0.0,0.0,0.14285714285714285,0.0,0.0,0.36907024642854247,-0.1111111111111111,0.0,Normal,0
-0.008301988229604236,119,1,5,-0.34836848541674165,-0.45815690999132613,-0.6172090301216083,-0.7445687201666262,0.414068041885026,0.0,-0.11507936507936507,0.4566193649962678,-0.7475927608105515,0.0,0.0,-0.07801819221278322,-0.001722195177383939,-0.08835805347908927,0.0,0.0,0.0,0.0,0.0,0.0,0.0,0.0,-0.43921392141013216,-0.8459607780457364,0.0,0.0,0.3,1.0,0.22963807175534715,0.7564707973660301,1.0,0.0,0.0,0.0,0.0,0.4444444444444444,0.0,Generic,1
1.2193244885520245,113,6,4,1.7059078740998568,0.6711877414712396,1.9652583286526293,0.1766879483718003,-0.4322438761454312,0.0,0.8849206349206349,-0.02420788907970832,0.10546773541908609,2.403677461028802,0.6309297535714575,0.5889248333227526,1.0249759081312042,0.8288089050441496,0.9151419334026505,1.0,0.11857992260226374,0.9480171991017187,1.0,1.389465898800933,2.007224004875306,0.9058243790337274,4.927119795677079,0.0,0.6931471805599453,0.0,-0.3,0.0,1.5904286882643222,0.0,0.0,-0.14285714285714285,0.0,0.6931471805599453,-0.6309297535714572,-0.2222222222222222,0.0,Normal,0
